# Created by Open3D 
# object name: lines
# number of vertices: 1638
# number of triangles: 3120
v 0.18573 0.0574191 0.471764 0 0 1
v 0.177384 0.0491999 0.0160765 0 0 1
v 0.190729 0.0574183 0.471673 0 0 1
v 0.189264 0.0609535 0.471636 0 0 1
v 0.185729 0.0624183 0.471674 0 0 1
v 0.182194 0.0609547 0.471765 0 0 1
v 0.180731 0.05742 0.471856 0 0 1
v 0.182195 0.0538848 0.471893 0 0 1
v 0.185731 0.0524199 0.471854 0 0 1
v 0.189265 0.0538836 0.471763 0 0 1
v 0.188642 0.0553635 0.357751 0 0 1
v 0.187178 0.0588987 0.357714 0 0 1
v 0.183642 0.0603635 0.357752 0 0 1
v 0.180108 0.0588999 0.357843 0 0 1
v 0.178644 0.0553652 0.357934 0 0 1
v 0.180109 0.05183 0.357971 0 0 1
v 0.183644 0.0503651 0.357932 0 0 1
v 0.187179 0.0518288 0.357841 0 0 1
v 0.186556 0.0533087 0.243829 0 0 1
v 0.185091 0.0568439 0.243792 0 0 1
v 0.181556 0.0583087 0.24383 0 0 1
v 0.178021 0.0568451 0.243921 0 0 1
v 0.176558 0.0533103 0.244012 0 0 1
v 0.178022 0.0497751 0.244049 0 0 1
v 0.181558 0.0483103 0.24401 0 0 1
v 0.185092 0.049774 0.243919 0 0 1
v 0.184469 0.0512539 0.129907 0 0 1
v 0.183005 0.0547891 0.12987 0 0 1
v 0.179469 0.0562539 0.129908 0 0 1
v 0.175935 0.0547903 0.129999 0 0 1
v 0.174471 0.0512555 0.13009 0 0 1
v 0.175936 0.0477203 0.130127 0 0 1
v 0.179471 0.0462555 0.130089 0 0 1
v 0.183006 0.0477192 0.129997 0 0 1
v 0.182383 0.0491991 0.0159849 0 0 1
v 0.180918 0.0527343 0.015948 0 0 1
v 0.177383 0.0541991 0.0159863 0 0 1
v 0.173848 0.0527354 0.0160774 0 0 1
v 0.172385 0.0492007 0.016168 0 0 1
v 0.173849 0.0456655 0.0162049 0 0 1
v 0.177385 0.0442007 0.0161666 0 0 1
v 0.180919 0.0456644 0.0160755 0 0 1
v 0.177384 0.0491999 0.0160765 0 0 1
v 0.170203 0.945829 0.0154983 0 0 1
v 0.182384 0.0492399 0.0160364 0 0 1
v 0.180947 0.0492307 0.0195836 0 0 1
v 0.177424 0.0492034 0.0210763 0 0 1
v 0.173877 0.0491741 0.0196402 0 0 1
v 0.172384 0.0491599 0.0161165 0 0 1
v 0.17382 0.0491691 0.0125693 0 0 1
v 0.177344 0.0491964 0.0110766 0 0 1
v 0.180891 0.0492257 0.0125127 0 0 1
v 0.180588 0.273397 0.0158919 0 0 1
v 0.179152 0.273388 0.019439 0 0 1
v 0.175629 0.273361 0.0209318 0 0 1
v 0.172082 0.273331 0.0194957 0 0 1
v 0.170589 0.273317 0.015972 0 0 1
v 0.172025 0.273326 0.0124248 0 0 1
v 0.175549 0.273354 0.0109321 0 0 1
v 0.179096 0.273383 0.0123682 0 0 1
v 0.178793 0.497554 0.0157473 0 0 1
v 0.177357 0.497545 0.0192945 0 0 1
v 0.173833 0.497518 0.0207872 0 0 1
v 0.170286 0.497489 0.0193511 0 0 1
v 0.168794 0.497474 0.0158274 0 0 1
v 0.17023 0.497484 0.0122803 0 0 1
v 0.173753 0.497511 0.0107876 0 0 1
v 0.1773 0.49754 0.0122237 0 0 1
v 0.176998 0.721712 0.0156028 0 0 1
v 0.175562 0.721702 0.01915 0 0 1
v 0.172038 0.721675 0.0206427 0 0 1
v 0.168491 0.721646 0.0192066 0 0 1
v 0.166998 0.721632 0.0156829 0 0 1
v 0.168435 0.721641 0.0121358 0 0 1
v 0.171958 0.721668 0.010643 0 0 1
v 0.175505 0.721697 0.0120791 0 0 1
v 0.175203 0.945869 0.0154583 0 0 1
v 0.173767 0.94586 0.0190054 0 0 1
v 0.170243 0.945832 0.0204982 0 0 1
v 0.166696 0.945803 0.0190621 0 0 1
v 0.165203 0.945789 0.0155384 0 0 1
v 0.166639 0.945798 0.0119912 0 0 1
v 0.170163 0.945825 0.0104985 0 0 1
v 0.17371 0.945855 0.0119346 0 0 1
v 0.170203 0.945829 0.0154983 0 0 1
v 0.178639 0.946876 0.472982 0 0 1
v 0.165356 0.944606 0.0155905 0 0 1
v 0.165911 0.948392 0.0155716 0 0 1
v 0.16898 0.950677 0.0155098 0 0 1
v 0.172766 0.950122 0.0154412 0 0 1
v 0.17505 0.947052 0.0154061 0 0 1
v 0.174495 0.943265 0.015425 0 0 1
v 0.171426 0.940981 0.0154869 0 0 1
v 0.16764 0.941536 0.0155554 0 0 1
v 0.167465 0.944868 0.129961 0 0 1
v 0.16802 0.948654 0.129943 0 0 1
v 0.171089 0.950939 0.129881 0 0 1
v 0.174875 0.950383 0.129812 0 0 1
v 0.177159 0.947313 0.129777 0 0 1
v 0.176604 0.943527 0.129796 0 0 1
v 0.173535 0.941243 0.129858 0 0 1
v 0.169749 0.941798 0.129926 0 0 1
v 0.169574 0.94513 0.244332 0 0 1
v 0.170129 0.948916 0.244314 0 0 1
v 0.173198 0.951201 0.244252 0 0 1
v 0.176984 0.950645 0.244183 0 0 1
v 0.179268 0.947575 0.244148 0 0 1
v 0.178713 0.943789 0.244167 0 0 1
v 0.175644 0.941504 0.244229 0 0 1
v 0.171858 0.94206 0.244297 0 0 1
v 0.171683 0.945392 0.358703 0 0 1
v 0.172238 0.949178 0.358684 0 0 1
v 0.175308 0.951463 0.358623 0 0 1
v 0.179093 0.950907 0.358554 0 0 1
v 0.181378 0.947837 0.358519 0 0 1
v 0.180822 0.944051 0.358538 0 0 1
v 0.177753 0.941766 0.3586 0 0 1
v 0.173967 0.942322 0.358668 0 0 1
v 0.173792 0.945654 0.473074 0 0 1
v 0.174347 0.94944 0.473055 0 0 1
v 0.177417 0.951725 0.472994 0 0 1
v 0.181202 0.951169 0.472925 0 0 1
v 0.183487 0.948099 0.47289 0 0 1
v 0.182931 0.944313 0.472909 0 0 1
v 0.179862 0.942028 0.472971 0 0 1
v 0.176076 0.942584 0.473039 0 0 1
v 0.173816 0.946277 0.211439 0 0 1
v 0.180995 0.0527565 0.213259 0 0 1
v 0.178816 0.946318 0.211479 0 0 1
v 0.17738 0.946299 0.207932 0 0 1
v 0.173857 0.946268 0.206439 0 0 1
v 0.170309 0.946242 0.207875 0 0 1
v 0.168817 0.946237 0.211399 0 0 1
v 0.170252 0.946256 0.214946 0 0 1
v 0.173776 0.946287 0.216439 0 0 1
v 0.177323 0.946313 0.215003 0 0 1
v 0.180611 0.722937 0.211934 0 0 1
v 0.179175 0.722919 0.208387 0 0 1
v 0.175651 0.722887 0.206894 0 0 1
v 0.172104 0.722862 0.20833 0 0 1
v 0.170611 0.722857 0.211854 0 0 1
v 0.172047 0.722876 0.215401 0 0 1
v 0.175571 0.722907 0.216894 0 0 1
v 0.179118 0.722933 0.215458 0 0 1
v 0.182405 0.499557 0.212389 0 0 1
v 0.18097 0.499538 0.208842 0 0 1
v 0.177446 0.499507 0.207349 0 0 1
v 0.173899 0.499482 0.208785 0 0 1
v 0.172406 0.499477 0.212309 0 0 1
v 0.173842 0.499495 0.215856 0 0 1
v 0.177365 0.499527 0.217349 0 0 1
v 0.180913 0.499552 0.215913 0 0 1
v 0.1842 0.276177 0.212844 0 0 1
v 0.182764 0.276158 0.209297 0 0 1
v 0.179241 0.276127 0.207804 0 0 1
v 0.175694 0.276101 0.20924 0 0 1
v 0.174201 0.276096 0.212764 0 0 1
v 0.175637 0.276115 0.216311 0 0 1
v 0.17916 0.276147 0.217804 0 0 1
v 0.182707 0.276172 0.216368 0 0 1
v 0.185995 0.0527967 0.213299 0 0 1
v 0.184559 0.052778 0.209752 0 0 1
v 0.181035 0.0527466 0.208259 0 0 1
v 0.177488 0.052721 0.209695 0 0 1
v 0.175996 0.0527162 0.213219 0 0 1
v 0.177431 0.052735 0.216766 0 0 1
v 0.180955 0.0527663 0.218259 0 0 1
v 0.184502 0.0527919 0.216823 0 0 1
v 0.178639 0.946876 0.472982 0 0 1
v 0.18573 0.0574191 0.471764 0 0 1
v 0.183639 0.946916 0.473022 0 0 1
v 0.182203 0.94691 0.469475 0 0 1
v 0.178679 0.946884 0.467982 0 0 1
v 0.175132 0.946853 0.469419 0 0 1
v 0.17364 0.946837 0.472942 0 0 1
v 0.175076 0.946843 0.476489 0 0 1
v 0.1786 0.946869 0.477982 0 0 1
v 0.182146 0.946899 0.476546 0 0 1
v 0.185412 0.724552 0.472718 0 0 1
v 0.183975 0.724545 0.46917 0 0 1
v 0.180452 0.724519 0.467678 0 0 1
v 0.176905 0.724489 0.469114 0 0 1
v 0.175412 0.724472 0.472638 0 0 1
v 0.176848 0.724479 0.476185 0 0 1
v 0.180372 0.724505 0.477678 0 0 1
v 0.183919 0.724535 0.476241 0 0 1
v 0.187184 0.502188 0.472413 0 0 1
v 0.185748 0.502181 0.468866 0 0 1
v 0.182224 0.502155 0.467373 0 0 1
v 0.178677 0.502125 0.46881 0 0 1
v 0.177185 0.502108 0.472333 0 0 1
v 0.178621 0.502115 0.47588 0 0 1
v 0.182145 0.502141 0.477373 0 0 1
v 0.185692 0.502171 0.475937 0 0 1
v 0.188957 0.279823 0.472109 0 0 1
v 0.187521 0.279817 0.468561 0 0 1
v 0.183997 0.279791 0.467069 0 0 1
v 0.18045 0.27976 0.468505 0 0 1
v 0.178957 0.279744 0.472029 0 0 1
v 0.180394 0.27975 0.475576 0 0 1
v 0.183917 0.279776 0.477069 0 0 1
v 0.187464 0.279807 0.475632 0 0 1
v 0.190729 0.0574589 0.471804 0 0 1
v 0.189293 0.0574523 0.468257 0 0 1
v 0.18577 0.0574263 0.466764 0 0 1
v 0.182223 0.0573961 0.468201 0 0 1
v 0.18073 0.0573793 0.471724 0 0 1
v 0.182166 0.0573859 0.475271 0 0 1
v 0.18569 0.057412 0.476764 0 0 1
v 0.189237 0.0574422 0.475328 0 0 1
v 0.980664 0.0429698 0.0847591 0 0 1
v 0.0151486 0.0504582 0.00220489 0 0 1
v 0.98109 0.0430052 0.0797774 0 0 1
v 0.98099 0.0465302 0.0812639 0 0 1
v 0.980699 0.0479695 0.0847978 0 0 1
v 0.980387 0.04648 0.088309 0 0 1
v 0.980238 0.0429343 0.0897408 0 0 1
v 0.980337 0.0394093 0.0882544 0 0 1
v 0.980628 0.03797 0.0847205 0 0 1
v 0.98094 0.0394595 0.0812092 0 0 1
v 0.739711 0.0448773 0.0591389 0 0 1
v 0.739611 0.0484023 0.0606253 0 0 1
v 0.73932 0.0498416 0.0641592 0 0 1
v 0.739009 0.0483521 0.0676705 0 0 1
v 0.738859 0.0448064 0.0691022 0 0 1
v 0.738958 0.0412815 0.0676158 0 0 1
v 0.739249 0.0398421 0.0640819 0 0 1
v 0.739561 0.0413316 0.0605707 0 0 1
v 0.498332 0.0467495 0.0385003 0 0 1
v 0.498233 0.0502744 0.0399867 0 0 1
v 0.497942 0.0517137 0.0435206 0 0 1
v 0.49763 0.0502242 0.0470319 0 0 1
v 0.49748 0.0466785 0.0484637 0 0 1
v 0.49758 0.0431536 0.0469773 0 0 1
v 0.497871 0.0417143 0.0434434 0 0 1
v 0.498182 0.0432037 0.0399321 0 0 1
v 0.256954 0.0486216 0.0178618 0 0 1
v 0.256854 0.0521465 0.0193482 0 0 1
v 0.256563 0.0535858 0.0228821 0 0 1
v 0.256251 0.0520963 0.0263933 0 0 1
v 0.256101 0.0485506 0.0278251 0 0 1
v 0.256201 0.0450257 0.0263387 0 0 1
v 0.256492 0.0435864 0.0228048 0 0 1
v 0.256804 0.0450758 0.0192935 0 0 1
v 0.0155748 0.0504937 -0.00277679 0 0 1
v 0.0154751 0.0540186 -0.00129037 0 0 1
v 0.0151841 0.0554579 0.00224352 0 0 1
v 0.0148723 0.0539684 0.00575478 0 0 1
v 0.0147224 0.0504227 0.00718656 0 0 1
v 0.0148221 0.0468978 0.00570014 0 0 1
v 0.0151131 0.0454585 0.00216625 0 0 1
v 0.0154249 0.0469479 -0.00134501 0 0 1
v 0.0151486 0.0504582 0.00220489 0 0 1
v 0.0178671 0.0542783 0.213407 0 0 1
v 0.0167874 0.0457348 0.00226923 0 0 1
v 0.0129675 0.0459603 0.00231432 0 0 1
v 0.0104252 0.0488206 0.0022953 0 0 1
v 0.0106499 0.0526402 0.00222332 0 0 1
v 0.0135098 0.0551816 0.00214054 0 0 1
v 0.0173297 0.054956 0.00209546 0 0 1
v 0.019872 0.0520957 0.00211447 0 0 1
v 0.0196473 0.0482762 0.00218645 0 0 1
v 0.017467 0.0466898 0.0550697 0 0 1
v 0.0136471 0.0469154 0.0551148 0 0 1
v 0.0111048 0.0497757 0.0550957 0 0 1
v 0.0113295 0.0535952 0.0550238 0 0 1
v 0.0141894 0.0561366 0.054941 0 0 1
v 0.0180094 0.0559111 0.0548959 0 0 1
v 0.0205516 0.0530508 0.0549149 0 0 1
v 0.0203269 0.0492312 0.0549869 0 0 1
v 0.0181466 0.0476449 0.10787 0 0 1
v 0.0143267 0.0478704 0.107915 0 0 1
v 0.0117845 0.0507307 0.107896 0 0 1
v 0.0120091 0.0545503 0.107824 0 0 1
v 0.0148691 0.0570916 0.107741 0 0 1
v 0.018689 0.0568661 0.107696 0 0 1
v 0.0212312 0.0540058 0.107715 0 0 1
v 0.0210065 0.0501862 0.107787 0 0 1
v 0.0188262 0.0485999 0.160671 0 0 1
v 0.0150063 0.0488254 0.160716 0 0 1
v 0.0124641 0.0516857 0.160697 0 0 1
v 0.0126887 0.0555053 0.160625 0 0 1
v 0.0155487 0.0580467 0.160542 0 0 1
v 0.0193686 0.0578211 0.160497 0 0 1
v 0.0219108 0.0549608 0.160516 0 0 1
v 0.0216862 0.0511413 0.160588 0 0 1
v 0.0195058 0.049555 0.213471 0 0 1
v 0.0156859 0.0497805 0.213516 0 0 1
v 0.0131437 0.0526408 0.213497 0 0 1
v 0.0133683 0.0564603 0.213425 0 0 1
v 0.0162283 0.0590017 0.213342 0 0 1
v 0.0200482 0.0587762 0.213297 0 0 1
v 0.0225904 0.0559159 0.213316 0 0 1
v 0.0223658 0.0520963 0.213388 0 0 1
v 0.510773 0.0585887 0.702252 0 0 1
v 0.9818 0.0544078 0.713542 0 0 1
v 0.510654 0.0586342 0.70725 0 0 1
v 0.510721 0.0621561 0.705755 0 0 1
v 0.510819 0.0635883 0.702207 0 0 1
v 0.51089 0.0620918 0.698686 0 0 1
v 0.510893 0.0585433 0.697253 0 0 1
v 0.510826 0.0550213 0.698749 0 0 1
v 0.510728 0.0535891 0.702296 0 0 1
v 0.510657 0.0550856 0.705818 0 0 1
v 0.628411 0.0575889 0.710073 0 0 1
v 0.628478 0.0611109 0.708577 0 0 1
v 0.628575 0.0625431 0.70503 0 0 1
v 0.628647 0.0610466 0.701509 0 0 1
v 0.628649 0.057498 0.700076 0 0 1
v 0.628582 0.0539761 0.701571 0 0 1
v 0.628485 0.0525439 0.705119 0 0 1
v 0.628413 0.0540404 0.70864 0 0 1
v 0.746167 0.0565437 0.712895 0 0 1
v 0.746234 0.0600656 0.7114 0 0 1
v 0.746332 0.0614979 0.707853 0 0 1
v 0.746403 0.0600014 0.704331 0 0 1
v 0.746406 0.0564528 0.702899 0 0 1
v 0.746339 0.0529309 0.704394 0 0 1
v 0.746241 0.0514987 0.707941 0 0 1
v 0.74617 0.0529951 0.711463 0 0 1
v 0.863924 0.0554985 0.715718 0 0 1
v 0.863991 0.0590204 0.714223 0 0 1
v 0.864089 0.0604526 0.710675 0 0 1
v 0.86416 0.0589561 0.707154 0 0 1
v 0.864163 0.0554076 0.705721 0 0 1
v 0.864096 0.0518856 0.707217 0 0 1
v 0.863998 0.0504534 0.710764 0 0 1
v 0.863927 0.0519499 0.714285 0 0 1
v 0.981681 0.0544532 0.718541 0 0 1
v 0.981748 0.0579752 0.717045 0 0 1
v 0.981845 0.0594074 0.713498 0 0 1
v 0.981917 0.0579109 0.709977 0 0 1
v 0.981919 0.0543623 0.708544 0 0 1
v 0.981852 0.0508404 0.710039 0 0 1
v 0.981755 0.0494082 0.713587 0 0 1
v 0.981683 0.0509047 0.717108 0 0 1
v 0.598327 0.0459351 0.0520682 0 0 1
v 0.752794 0.061659 0.994665 0 0 1
v 0.593495 0.0449343 0.0528767 0 0 1
v 0.594202 0.048691 0.0526981 0 0 1
v 0.597326 0.0508333 0.0521505 0 0 1
v 0.601035 0.0501063 0.0515547 0 0 1
v 0.603158 0.0469359 0.0512597 0 0 1
v 0.602451 0.0431793 0.0514383 0 0 1
v 0.599327 0.041037 0.0519859 0 0 1
v 0.595618 0.041764 0.0525817 0 0 1
v 0.632112 0.0488653 0.288526 0 0 1
v 0.632819 0.0526219 0.288347 0 0 1
v 0.635943 0.0547642 0.2878 0 0 1
v 0.639652 0.0540373 0.287204 0 0 1
v 0.641775 0.0508669 0.286909 0 0 1
v 0.641067 0.0471103 0.287088 0 0 1
v 0.637944 0.044968 0.287635 0 0 1
v 0.634235 0.0456949 0.288231 0 0 1
v 0.670728 0.0527963 0.524175 0 0 1
v 0.671436 0.0565529 0.523997 0 0 1
v 0.674559 0.0586952 0.523449 0 0 1
v 0.678269 0.0579682 0.522853 0 0 1
v 0.680392 0.0547979 0.522558 0 0 1
v 0.679684 0.0510412 0.522737 0 0 1
v 0.676561 0.0488989 0.523284 0 0 1
v 0.672851 0.0496259 0.52388 0 0 1
v 0.709345 0.0567272 0.759824 0 0 1
v 0.710053 0.0604839 0.759646 0 0 1
v 0.713176 0.0626262 0.759098 0 0 1
v 0.716886 0.0618992 0.758503 0 0 1
v 0.719009 0.0587288 0.758208 0 0 1
v 0.718301 0.0549722 0.758386 0 0 1
v 0.715178 0.0528299 0.758934 0 0 1
v 0.711468 0.0535569 0.75953 0 0 1
v 0.747962 0.0606582 0.995474 0 0 1
v 0.74867 0.0644148 0.995295 0 0 1
v 0.751793 0.0665571 0.994748 0 0 1
v 0.755503 0.0658302 0.994152 0 0 1
v 0.757625 0.0626598 0.993857 0 0 1
v 0.756918 0.0589032 0.994035 0 0 1
v 0.753795 0.0567609 0.994583 0 0 1
v 0.750085 0.0574878 0.995179 0 0 1
v 0.0178671 0.0542783 0.213407 0 0 1
v 0.980895 0.0452941 0.212535 0 0 1
v 0.017872 0.0543249 0.218406 0 0 1
v 0.0179035 0.0578465 0.216909 0 0 1
v 0.0179137 0.0592779 0.21336 0 0 1
v 0.0178965 0.0577806 0.209838 0 0 1
v 0.0178621 0.0542317 0.208407 0 0 1
v 0.0178306 0.0507102 0.209904 0 0 1
v 0.0178205 0.0492788 0.213453 0 0 1
v 0.0178376 0.0507761 0.216975 0 0 1
v 0.258629 0.0520789 0.218189 0 0 1
v 0.25866 0.0556005 0.216691 0 0 1
v 0.258671 0.0570318 0.213142 0 0 1
v 0.258653 0.0555346 0.20962 0 0 1
v 0.258619 0.0519857 0.208189 0 0 1
v 0.258588 0.0484641 0.209686 0 0 1
v 0.258577 0.0470327 0.213235 0 0 1
v 0.258595 0.04853 0.216757 0 0 1
v 0.499386 0.0498328 0.217971 0 0 1
v 0.499417 0.0533544 0.216473 0 0 1
v 0.499427 0.0547858 0.212924 0 0 1
v 0.49941 0.0532885 0.209403 0 0 1
v 0.499376 0.0497396 0.207971 0 0 1
v 0.499344 0.046218 0.209469 0 0 1
v 0.499334 0.0447867 0.213018 0 0 1
v 0.499351 0.0462839 0.216539 0 0 1
v 0.740143 0.0475868 0.217753 0 0 1
v 0.740174 0.0511083 0.216256 0 0 1
v 0.740184 0.0525397 0.212707 0 0 1
v 0.740167 0.0510424 0.209185 0 0 1
v 0.740133 0.0474936 0.207753 0 0 1
v 0.740101 0.043972 0.209251 0 0 1
v 0.740091 0.0425406 0.2128 0 0 1
v 0.740108 0.0440379 0.216322 0 0 1
v 0.9809 0.0453407 0.217535 0 0 1
v 0.980931 0.0488623 0.216038 0 0 1
v 0.980941 0.0502937 0.212489 0 0 1
v 0.980924 0.0487964 0.208967 0 0 1
v 0.98089 0.0452475 0.207536 0 0 1
v 0.980858 0.0417259 0.209033 0 0 1
v 0.980848 0.0402945 0.212582 0 0 1
v 0.980865 0.0417918 0.216104 0 0 1
v 0.982257 0.0590118 0.966642 0 0 1
v 0.980664 0.0429698 0.0847591 0 0 1
v 0.987257 0.0590118 0.966633 0 0 1
v 0.985793 0.0625467 0.966571 0 0 1
v 0.982257 0.064011 0.966551 0 0 1
v 0.978722 0.0625469 0.966584 0 0 1
v 0.977257 0.0590119 0.966651 0 0 1
v 0.978722 0.055477 0.966713 0 0 1
v 0.982257 0.0540127 0.966733 0 0 1
v 0.985793 0.0554768 0.9667 0 0 1
v 0.986859 0.0550012 0.746162 0 0 1
v 0.985394 0.0585362 0.746101 0 0 1
v 0.981859 0.0600005 0.74608 0 0 1
v 0.978323 0.0585363 0.746113 0 0 1
v 0.976859 0.0550014 0.74618 0 0 1
v 0.978323 0.0514664 0.746242 0 0 1
v 0.981859 0.0500022 0.746262 0 0 1
v 0.985395 0.0514663 0.746229 0 0 1
v 0.986461 0.0509907 0.525691 0 0 1
v 0.984996 0.0545257 0.52563 0 0 1
v 0.98146 0.05599 0.52561 0 0 1
v 0.977925 0.0545258 0.525643 0 0 1
v 0.976461 0.0509909 0.52571 0 0 1
v 0.977925 0.0474559 0.525771 0 0 1
v 0.981461 0.0459916 0.525791 0 0 1
v 0.984996 0.0474558 0.525758 0 0 1
v 0.986062 0.0469802 0.305221 0 0 1
v 0.984598 0.0505152 0.305159 0 0 1
v 0.981062 0.0519795 0.305139 0 0 1
v 0.977527 0.0505153 0.305172 0 0 1
v 0.976062 0.0469804 0.305239 0 0 1
v 0.977527 0.0434454 0.305301 0 0 1
v 0.981062 0.0419811 0.305321 0 0 1
v 0.984598 0.0434453 0.305288 0 0 1
v 0.985664 0.0429697 0.0847501 0 0 1
v 0.984199 0.0465047 0.0846884 0 0 1
v 0.980664 0.0479689 0.0846682 0 0 1
v 0.977128 0.0465048 0.0847012 0 0 1
v 0.975664 0.0429699 0.0847681 0 0 1
v 0.977128 0.0394349 0.0848298 0 0 1
v 0.980664 0.0379706 0.0848501 0 0 1
v 0.984199 0.0394348 0.084817 0 0 1
v 0.752794 0.061659 0.994665 0 0 1
v 0.982257 0.0590118 0.966642 0 0 1
v 0.7534 0.0617097 0.999628 0 0 1
v 0.753259 0.06523 0.998134 0 0 1
v 0.752844 0.0666584 0.994608 0 0 1
v 0.752401 0.0651583 0.991116 0 0 1
v 0.752187 0.0616083 0.989702 0 0 1
v 0.752329 0.058088 0.991197 0 0 1
v 0.752743 0.0566596 0.994723 0 0 1
v 0.753187 0.0581597 0.998215 0 0 1
v 0.810766 0.0610479 0.992622 0 0 1
v 0.810624 0.0645682 0.991128 0 0 1
v 0.81021 0.0659966 0.987602 0 0 1
v 0.809766 0.0644965 0.98411 0 0 1
v 0.809553 0.0609465 0.982697 0 0 1
v 0.809695 0.0574263 0.984191 0 0 1
v 0.810109 0.0559978 0.987717 0 0 1
v 0.810553 0.0574979 0.991209 0 0 1
v 0.868132 0.0603861 0.985616 0 0 1
v 0.86799 0.0639064 0.984122 0 0 1
v 0.867576 0.0653348 0.980596 0 0 1
v 0.867132 0.0638347 0.977104 0 0 1
v 0.866919 0.0602847 0.975691 0 0 1
v 0.867061 0.0567645 0.977185 0 0 1
v 0.867475 0.055336 0.980711 0 0 1
v 0.867919 0.0568361 0.984203 0 0 1
v 0.925498 0.0597243 0.978611 0 0 1
v 0.925356 0.0632446 0.977117 0 0 1
v 0.924942 0.0646731 0.973591 0 0 1
v 0.924498 0.0631729 0.970098 0 0 1
v 0.924285 0.059623 0.968685 0 0 1
v 0.924427 0.0561027 0.970179 0 0 1
v 0.924841 0.0546742 0.973705 0 0 1
v 0.925285 0.0561744 0.977197 0 0 1
v 0.982864 0.0590625 0.971605 0 0 1
v 0.982722 0.0625828 0.970111 0 0 1
v 0.982308 0.0640113 0.966585 0 0 1
v 0.981864 0.0625111 0.963092 0 0 1
v 0.981651 0.0589612 0.961679 0 0 1
v 0.981793 0.0554409 0.963173 0 0 1
v 0.982207 0.0540124 0.966699 0 0 1
v 0.98265 0.0555126 0.970192 0 0 1
v 0.361948 0.0477685 0.0318572 0 0 1
v 0.510773 0.0585887 0.702252 0 0 1
v 0.357119 0.0470539 0.0329407 0 0 1
v 0.358028 0.050762 0.032679 0 0 1
v 0.361233 0.0527165 0.031936 0 0 1
v 0.364857 0.0517725 0.0311468 0 0 1
v 0.366777 0.048483 0.0307737 0 0 1
v 0.365868 0.0447749 0.0310354 0 0 1
v 0.362663 0.0428204 0.0317784 0 0 1
v 0.359039 0.0437644 0.0325676 0 0 1
v 0.394326 0.0497589 0.200539 0 0 1
v 0.395235 0.053467 0.200278 0 0 1
v 0.39844 0.0554216 0.199535 0 0 1
v 0.402063 0.0544776 0.198745 0 0 1
v 0.403983 0.0511881 0.198372 0 0 1
v 0.403074 0.04748 0.198634 0 0 1
v 0.399869 0.0455255 0.199377 0 0 1
v 0.396245 0.0464694 0.200166 0 0 1
v 0.431532 0.052464 0.368138 0 0 1
v 0.432441 0.0561721 0.367876 0 0 1
v 0.435646 0.0581266 0.367133 0 0 1
v 0.43927 0.0571827 0.366344 0 0 1
v 0.441189 0.0538932 0.365971 0 0 1
v 0.44028 0.0501851 0.366233 0 0 1
v 0.437075 0.0482305 0.366976 0 0 1
v 0.433452 0.0491745 0.367765 0 0 1
v 0.468738 0.0551691 0.535737 0 0 1
v 0.469647 0.0588772 0.535475 0 0 1
v 0.472852 0.0608317 0.534732 0 0 1
v 0.476476 0.0598877 0.533943 0 0 1
v 0.478396 0.0565982 0.53357 0 0 1
v 0.477487 0.0528901 0.533831 0 0 1
v 0.474282 0.0509356 0.534574 0 0 1
v 0.470658 0.0518796 0.535364 0 0 1
v 0.505945 0.0578741 0.703335 0 0 1
v 0.506854 0.0615822 0.703074 0 0 1
v 0.510059 0.0635368 0.702331 0 0 1
v 0.513682 0.0625928 0.701541 0 0 1
v 0.515602 0.0593033 0.701168 0 0 1
v 0.514693 0.0555952 0.70143 0 0 1
v 0.511488 0.0536407 0.702173 0 0 1
v 0.507864 0.0545846 0.702962 0 0 1
v 0.18573 0.0574191 0.471764 0 0 1
v 0.981377 0.0501488 0.479414 0 0 1
v 0.185682 0.0574653 0.476764 0 0 1
v 0.185729 0.060987 0.475267 0 0 1
v 0.185776 0.0624187 0.471719 0 0 1
v 0.185796 0.0609218 0.468197 0 0 1
v 0.185777 0.057373 0.466765 0 0 1
v 0.185731 0.0538513 0.468261 0 0 1
v 0.185684 0.0524196 0.47181 0 0 1
v 0.185663 0.0539165 0.475332 0 0 1
v 0.384594 0.0556477 0.478676 0 0 1
v 0.38464 0.0591694 0.477179 0 0 1
v 0.384688 0.0606011 0.473631 0 0 1
v 0.384708 0.0591042 0.470109 0 0 1
v 0.384689 0.0555554 0.468677 0 0 1
v 0.384643 0.0520337 0.470174 0 0 1
v 0.384595 0.050602 0.473722 0 0 1
v 0.384575 0.0520989 0.477244 0 0 1
v 0.583506 0.0538301 0.480588 0 0 1
v 0.583552 0.0573518 0.479092 0 0 1
v 0.583599 0.0587836 0.475543 0 0 1
v 0.58362 0.0572866 0.472021 0 0 1
v 0.583601 0.0537379 0.470589 0 0 1
v 0.583554 0.0502161 0.472086 0 0 1
v 0.583507 0.0487844 0.475635 0 0 1
v 0.583487 0.0502814 0.479156 0 0 1
v 0.782417 0.0520125 0.482501 0 0 1
v 0.782464 0.0555342 0.481004 0 0 1
v 0.782511 0.056966 0.477456 0 0 1
v 0.782531 0.055469 0.473934 0 0 1
v 0.782513 0.0519203 0.472502 0 0 1
v 0.782466 0.0483985 0.473998 0 0 1
v 0.782419 0.0469668 0.477547 0 0 1
v 0.782399 0.0484638 0.481069 0 0 1
v 0.981329 0.0501949 0.484413 0 0 1
v 0.981376 0.0537167 0.482917 0 0 1
v 0.981423 0.0551484 0.479368 0 0 1
v 0.981443 0.0536514 0.475846 0 0 1
v 0.981425 0.0501027 0.474414 0 0 1
v 0.981378 0.046581 0.475911 0 0 1
v 0.981331 0.0451492 0.479459 0 0 1
v 0.981311 0.0466462 0.482981 0 0 1
v 0.0217259 0.946452 0.0028031 0 0 1
v 0.0151486 0.0504582 0.00220489 0 0 1
v 0.0267256 0.946415 0.0027664 0 0 1
v 0.0252353 0.946428 -0.000758287 0 0 1
v 0.0216892 0.946455 -0.00219676 0 0 1
v 0.0181646 0.94648 -0.000706382 0 0 1
v 0.0167261 0.946488 0.00283981 0 0 1
v 0.0182164 0.946475 0.00636449 0 0 1
v 0.0217625 0.946448 0.00780297 0 0 1
v 0.0252871 0.946423 0.00631259 0 0 1
v 0.0250813 0.722417 0.00261685 0 0 1
v 0.0235909 0.72243 -0.000907842 0 0 1
v 0.0200449 0.722457 -0.00234632 0 0 1
v 0.0165203 0.722482 -0.000855936 0 0 1
v 0.0150818 0.72249 0.00269025 0 0 1
v 0.0165721 0.722477 0.00621494 0 0 1
v 0.0201182 0.72245 0.00765341 0 0 1
v 0.0236428 0.722425 0.00616303 0 0 1
v 0.023437 0.498418 0.00246729 0 0 1
v 0.0219466 0.498432 -0.0010574 0 0 1
v 0.0184005 0.498459 -0.00249587 0 0 1
v 0.0148759 0.498483 -0.00100549 0 0 1
v 0.0134375 0.498492 0.0025407 0 0 1
v 0.0149278 0.498478 0.00606539 0 0 1
v 0.0184739 0.498451 0.00750386 0 0 1
v 0.0219985 0.498426 0.00601348 0 0 1
v 0.0217926 0.27442 0.00231774 0 0 1
v 0.0203023 0.274433 -0.00120695 0 0 1
v 0.0167562 0.27446 -0.00264542 0 0 1
v 0.0132316 0.274485 -0.00115505 0 0 1
v 0.0117932 0.274493 0.00239114 0 0 1
v 0.0132835 0.27448 0.00591583 0 0 1
v 0.0168296 0.274453 0.0073543 0 0 1
v 0.0203542 0.274428 0.00586393 0 0 1
v 0.0201483 0.0504215 0.00216818 0 0 1
v 0.018658 0.0504348 -0.00135651 0 0 1
v 0.0151119 0.0504618 -0.00279498 0 0 1
v 0.0115873 0.0504867 -0.0013046 0 0 1
v 0.0101489 0.0504949 0.00224159 0 0 1
v 0.0116392 0.0504816 0.00576628 0 0 1
v 0.0151853 0.0504546 0.00720475 0 0 1
v 0.0187099 0.0504297 0.00571437 0 0 1
v 0.589798 0.944068 0.0513749 0 0 1
v 0.598327 0.0459351 0.0520682 0 0 1
v 0.594797 0.944116 0.0514224 0 0 1
v 0.593366 0.9441 0.0478731 0 0 1
v 0.589845 0.944065 0.0463751 0 0 1
v 0.586296 0.944032 0.0478059 0 0 1
v 0.584798 0.944021 0.0513274 0 0 1
v 0.586229 0.944037 0.0548767 0 0 1
v 0.58975 0.944072 0.0563747 0 0 1
v 0.593299 0.944104 0.0549438 0 0 1
v 0.596929 0.719583 0.0515957 0 0 1
v 0.595499 0.719566 0.0480464 0 0 1
v 0.591977 0.719532 0.0465485 0 0 1
v 0.588428 0.719499 0.0479793 0 0 1
v 0.58693 0.719488 0.0515007 0 0 1
v 0.588361 0.719504 0.05505 0 0 1
v 0.591882 0.719539 0.056548 0 0 1
v 0.595431 0.719571 0.0551172 0 0 1
v 0.599062 0.495049 0.051769 0 0 1
v 0.597631 0.495033 0.0482198 0 0 1
v 0.59411 0.494998 0.0467218 0 0 1
v 0.59056 0.494966 0.0481526 0 0 1
v 0.589062 0.494954 0.0516741 0 0 1
v 0.590493 0.494971 0.0552234 0 0 1
v 0.594015 0.495005 0.0567213 0 0 1
v 0.597564 0.495038 0.0552905 0 0 1
v 0.601194 0.270516 0.0519424 0 0 1
v 0.599763 0.2705 0.0483931 0 0 1
v 0.596242 0.270465 0.0468951 0 0 1
v 0.592693 0.270432 0.0483259 0 0 1
v 0.591195 0.270421 0.0518474 0 0 1
v 0.592625 0.270437 0.0553967 0 0 1
v 0.596147 0.270472 0.0568947 0 0 1
v 0.599696 0.270504 0.0554638 0 0 1
v 0.603326 0.0459826 0.0521157 0 0 1
v 0.601895 0.0459663 0.0485664 0 0 1
v 0.598374 0.0459317 0.0470684 0 0 1
v 0.594825 0.0458991 0.0484993 0 0 1
v 0.593327 0.0458876 0.0520207 0 0 1
v 0.594758 0.0459039 0.05557 0 0 1
v 0.598279 0.0459385 0.057068 0 0 1
v 0.601828 0.0459711 0.0556372 0 0 1
v 0.987877 0.942398 0.0854118 0 0 1
v 0.0217259 0.946452 0.0028031 0 0 1
v 0.988303 0.942417 0.08043 0 0 1
v 0.988191 0.945947 0.0819039 0 0 1
v 0.987896 0.947398 0.0854327 0 0 1
v 0.987589 0.94592 0.0889492 0 0 1
v 0.987451 0.942379 0.0903936 0 0 1
v 0.987562 0.938849 0.0889197 0 0 1
v 0.987857 0.937398 0.0853909 0 0 1
v 0.988164 0.938876 0.0818744 0 0 1
v 0.746765 0.943431 0.0597779 0 0 1
v 0.746654 0.946961 0.0612518 0 0 1
v 0.746358 0.948412 0.0647805 0 0 1
v 0.746051 0.946934 0.0682971 0 0 1
v 0.745913 0.943392 0.0697414 0 0 1
v 0.746024 0.939863 0.0682675 0 0 1
v 0.74632 0.938412 0.0647387 0 0 1
v 0.746627 0.93989 0.0612222 0 0 1
v 0.505227 0.944444 0.0391257 0 0 1
v 0.505116 0.947974 0.0405996 0 0 1
v 0.50482 0.949425 0.0441284 0 0 1
v 0.504514 0.947947 0.0476449 0 0 1
v 0.504375 0.944406 0.0490892 0 0 1
v 0.504486 0.940876 0.0476153 0 0 1
v 0.504782 0.939425 0.0440866 0 0 1
v 0.505089 0.940903 0.04057 0 0 1
v 0.26369 0.945458 0.0184735 0 0 1
v 0.263578 0.948987 0.0199474 0 0 1
v 0.263283 0.950438 0.0234762 0 0 1
v 0.262976 0.94896 0.0269927 0 0 1
v 0.262838 0.945419 0.0284371 0 0 1
v 0.262949 0.941889 0.0269632 0 0 1
v 0.263244 0.940438 0.0234344 0 0 1
v 0.263551 0.941916 0.0199179 0 0 1
v 0.0221519 0.946471 -0.00217868 0 0 1
v 0.0220407 0.950001 -0.000704767 0 0 1
v 0.021745 0.951452 0.002824 0 0 1
v 0.0214382 0.949974 0.00634053 0 0 1
v 0.0212998 0.946433 0.00778488 0 0 1
v 0.021411 0.942903 0.00631097 0 0 1
v 0.0217067 0.941452 0.0027822 0 0 1
v 0.0220135 0.94293 -0.000734326 0 0 1
v 0.980664 0.0429698 0.0847591 0 0 1
v 0.987877 0.942398 0.0854118 0 0 1
v 0.985663 0.0429296 0.0847992 0 0 1
v 0.984171 0.0429391 0.0883229 0 0 1
v 0.980624 0.0429665 0.089759 0 0 1
v 0.9771 0.0429958 0.0882662 0 0 1
v 0.975664 0.0430099 0.084719 0 0 1
v 0.977157 0.0430005 0.0811953 0 0 1
v 0.980704 0.0429731 0.0797593 0 0 1
v 0.984227 0.0429437 0.081252 0 0 1
v 0.987467 0.267787 0.0849624 0 0 1
v 0.985974 0.267796 0.0884861 0 0 1
v 0.982427 0.267824 0.0899221 0 0 1
v 0.978903 0.267853 0.0884294 0 0 1
v 0.977467 0.267867 0.0848822 0 0 1
v 0.97896 0.267858 0.0813585 0 0 1
v 0.982507 0.26783 0.0799225 0 0 1
v 0.986031 0.267801 0.0814152 0 0 1
v 0.98927 0.492644 0.0851256 0 0 1
v 0.987777 0.492653 0.0886492 0 0 1
v 0.98423 0.492681 0.0900853 0 0 1
v 0.980707 0.49271 0.0885925 0 0 1
v 0.979271 0.492724 0.0850454 0 0 1
v 0.980763 0.492715 0.0815217 0 0 1
v 0.98431 0.492687 0.0800856 0 0 1
v 0.987834 0.492658 0.0815784 0 0 1
v 0.991073 0.717501 0.0852887 0 0 1
v 0.98958 0.71751 0.0888124 0 0 1
v 0.986033 0.717538 0.0902485 0 0 1
v 0.98251 0.717567 0.0887557 0 0 1
v 0.981074 0.717581 0.0852085 0 0 1
v 0.982566 0.717572 0.0816849 0 0 1
v 0.986114 0.717544 0.0802488 0 0 1
v 0.989637 0.717515 0.0817416 0 0 1
v 0.992876 0.942358 0.0854519 0 0 1
v 0.991384 0.942368 0.0889756 0 0 1
v 0.987836 0.942395 0.0904117 0 0 1
v 0.984313 0.942424 0.0889189 0 0 1
v 0.982877 0.942438 0.0853717 0 0 1
v 0.98437 0.942429 0.081848 0 0 1
v 0.987917 0.942402 0.080412 0 0 1
v 0.99144 0.942372 0.0819047 0 0 1
v 0.355954 0.94505 0.0313806 0 0 1
v 0.361948 0.0477685 0.0318572 0 0 1
v 0.360954 0.945083 0.031414 0 0 1
v 0.359513 0.945071 0.0278687 0 0 1
v 0.355987 0.945047 0.0263807 0 0 1
v 0.352442 0.945024 0.0278215 0 0 1
v 0.350954 0.945016 0.0313472 0 0 1
v 0.352395 0.945028 0.0348924 0 0 1
v 0.35592 0.945052 0.0363805 0 0 1
v 0.359465 0.945075 0.0349396 0 0 1
v 0.362452 0.720763 0.0315331 0 0 1
v 0.361011 0.720751 0.0279879 0 0 1
v 0.357486 0.720727 0.0264998 0 0 1
v 0.353941 0.720704 0.0279406 0 0 1
v 0.352453 0.720696 0.0314663 0 0 1
v 0.353893 0.720707 0.0350116 0 0 1
v 0.357419 0.720732 0.0364996 0 0 1
v 0.360964 0.720755 0.0350588 0 0 1
v 0.363951 0.496442 0.0316523 0 0 1
v 0.36251 0.496431 0.028107 0 0 1
v 0.358984 0.496407 0.026619 0 0 1
v 0.355439 0.496384 0.0280598 0 0 1
v 0.353951 0.496376 0.0315855 0 0 1
v 0.355392 0.496387 0.0351307 0 0 1
v 0.358917 0.496411 0.0366188 0 0 1
v 0.362463 0.496434 0.035178 0 0 1
v 0.365449 0.272122 0.0317714 0 0 1
v 0.364008 0.272111 0.0282262 0 0 1
v 0.360483 0.272086 0.0267381 0 0 1
v 0.356938 0.272063 0.028179 0 0 1
v 0.35545 0.272055 0.0317046 0 0 1
v 0.35689 0.272067 0.0352499 0 0 1
v 0.360416 0.272091 0.0367379 0 0 1
v 0.363961 0.272114 0.0352971 0 0 1
v 0.366948 0.0478019 0.0318906 0 0 1
v 0.365507 0.0477904 0.0283454 0 0 1
v 0.361981 0.047766 0.0268573 0 0 1
v 0.358436 0.0477431 0.0282981 0 0 1
v 0.356948 0.047735 0.0318238 0 0 1
v 0.358389 0.0477465 0.035369 0 0 1
v 0.361915 0.0477709 0.0368571 0 0 1
v 0.36546 0.0477938 0.0354163 0 0 1
v 0.0217259 0.946452 0.0028031 0 0 1
v 0.0243889 0.946935 0.211576 0 0 1
v 0.0170451 0.944695 0.00286688 0 0 1
v 0.0171738 0.94852 0.00285638 0 0 1
v 0.0199691 0.951133 0.00281468 0 0 1
v 0.0237935 0.951004 0.00276619 0 0 1
v 0.0264066 0.948208 0.00273933 0 0 1
v 0.0262779 0.944384 0.00274983 0 0 1
v 0.0234826 0.941771 0.00279153 0 0 1
v 0.0196583 0.941899 0.00284001 0 0 1
v 0.0177108 0.944816 0.0550601 0 0 1
v 0.0178396 0.94864 0.0550496 0 0 1
v 0.0206349 0.951254 0.0550079 0 0 1
v 0.0244592 0.951125 0.0549594 0 0 1
v 0.0270724 0.948329 0.0549326 0 0 1
v 0.0269437 0.944505 0.054943 0 0 1
v 0.0241484 0.941891 0.0549848 0 0 1
v 0.020324 0.94202 0.0550332 0 0 1
v 0.0183766 0.944937 0.107253 0 0 1
v 0.0185054 0.948761 0.107243 0 0 1
v 0.0213006 0.951375 0.107201 0 0 1
v 0.025125 0.951246 0.107153 0 0 1
v 0.0277382 0.94845 0.107126 0 0 1
v 0.0276094 0.944625 0.107136 0 0 1
v 0.0248141 0.942012 0.107178 0 0 1
v 0.0209898 0.942141 0.107226 0 0 1
v 0.0190424 0.945057 0.159447 0 0 1
v 0.0191711 0.948882 0.159436 0 0 1
v 0.0219664 0.951495 0.159394 0 0 1
v 0.0257908 0.951367 0.159346 0 0 1
v 0.0284039 0.948571 0.159319 0 0 1
v 0.0282752 0.944746 0.159329 0 0 1
v 0.0254799 0.942133 0.159371 0 0 1
v 0.0216556 0.942262 0.15942 0 0 1
v 0.0197081 0.945178 0.21164 0 0 1
v 0.0198369 0.949003 0.211629 0 0 1
v 0.0226322 0.951616 0.211588 0 0 1
v 0.0264565 0.951487 0.211539 0 0 1
v 0.0290697 0.948692 0.211512 0 0 1
v 0.028941 0.944867 0.211523 0 0 1
v 0.0261457 0.942254 0.211564 0 0 1
v 0.0223213 0.942383 0.211613 0 0 1
v 0.0243889 0.946935 0.211576 0 0 1
v 0.0178671 0.0542783 0.213407 0 0 1
v 0.0293887 0.946898 0.211539 0 0 1
v 0.0278984 0.946902 0.208015 0 0 1
v 0.0243523 0.946925 0.206576 0 0 1
v 0.0208277 0.946954 0.208066 0 0 1
v 0.0193892 0.946972 0.211613 0 0 1
v 0.0208795 0.946968 0.215137 0 0 1
v 0.0244255 0.946945 0.216576 0 0 1
v 0.0279501 0.946916 0.215086 0 0 1
v 0.0277582 0.723734 0.211997 0 0 1
v 0.0262679 0.723738 0.208472 0 0 1
v 0.0227219 0.723761 0.207034 0 0 1
v 0.0191972 0.72379 0.208524 0 0 1
v 0.0177587 0.723807 0.21207 0 0 1
v 0.019249 0.723804 0.215595 0 0 1
v 0.0227951 0.723781 0.217034 0 0 1
v 0.0263197 0.723752 0.215543 0 0 1
v 0.0261277 0.50057 0.212455 0 0 1
v 0.0246375 0.500574 0.20893 0 0 1
v 0.0210914 0.500597 0.207491 0 0 1
v 0.0175668 0.500625 0.208982 0 0 1
v 0.0161283 0.500643 0.212528 0 0 1
v 0.0176185 0.50064 0.216053 0 0 1
v 0.0211646 0.500617 0.217491 0 0 1
v 0.0246892 0.500588 0.216001 0 0 1
v 0.0244973 0.277406 0.212912 0 0 1
v 0.023007 0.27741 0.209388 0 0 1
v 0.0194609 0.277433 0.207949 0 0 1
v 0.0159363 0.277461 0.209439 0 0 1
v 0.0144978 0.277479 0.212986 0 0 1
v 0.0159881 0.277475 0.21651 0 0 1
v 0.0195341 0.277452 0.217949 0 0 1
v 0.0230588 0.277424 0.216459 0 0 1
v 0.0228668 0.0542417 0.21337 0 0 1
v 0.0213765 0.0542454 0.209845 0 0 1
v 0.0178305 0.0542683 0.208407 0 0 1
v 0.0143058 0.0542971 0.209897 0 0 1
v 0.0128673 0.0543149 0.213443 0 0 1
v 0.0143576 0.0543113 0.216968 0 0 1
v 0.0179037 0.0542883 0.218407 0 0 1
v 0.0214283 0.0542595 0.216916 0 0 1
v 0.70564 0.056859 0.706923 0 0 1
v 0.698313 0.94516 0.712992 0 0 1
v 0.71064 0.0569006 0.706882 0 0 1
v 0.709205 0.0568645 0.710429 0 0 1
v 0.705682 0.0568252 0.711922 0 0 1
v 0.702134 0.0568058 0.710487 0 0 1
v 0.700641 0.0568175 0.706964 0 0 1
v 0.702076 0.0568536 0.703417 0 0 1
v 0.705599 0.0568929 0.701923 0 0 1
v 0.709146 0.0569123 0.703358 0 0 1
v 0.708808 0.278976 0.708399 0 0 1
v 0.707373 0.27894 0.711946 0 0 1
v 0.70385 0.2789 0.71344 0 0 1
v 0.700302 0.278881 0.712005 0 0 1
v 0.698809 0.278893 0.708481 0 0 1
v 0.700244 0.278929 0.704934 0 0 1
v 0.703767 0.278968 0.70344 0 0 1
v 0.707314 0.278987 0.704876 0 0 1
v 0.706976 0.501051 0.709916 0 0 1
v 0.705541 0.501015 0.713464 0 0 1
v 0.702018 0.500976 0.714957 0 0 1
v 0.69847 0.500956 0.713522 0 0 1
v 0.696977 0.500968 0.709999 0 0 1
v 0.698412 0.501004 0.706451 0 0 1
v 0.701935 0.501043 0.704958 0 0 1
v 0.705482 0.501063 0.706393 0 0 1
v 0.705144 0.723126 0.711433 0 0 1
v 0.703709 0.72309 0.714981 0 0 1
v 0.700186 0.723051 0.716474 0 0 1
v 0.696639 0.723031 0.715039 0 0 1
v 0.695145 0.723043 0.711516 0 0 1
v 0.69658 0.723079 0.707969 0 0 1
v 0.700103 0.723118 0.706475 0 0 1
v 0.70365 0.723138 0.70791 0 0 1
v 0.703312 0.945201 0.712951 0 0 1
v 0.701877 0.945165 0.716498 0 0 1
v 0.698354 0.945126 0.717992 0 0 1
v 0.694807 0.945106 0.716556 0 0 1
v 0.693313 0.945118 0.713033 0 0 1
v 0.694748 0.945154 0.709486 0 0 1
v 0.698271 0.945194 0.707992 0 0 1
v 0.701819 0.945213 0.709427 0 0 1
v 0.506312 0.945993 0.708384 0 0 1
v 0.988943 0.943898 0.719968 0 0 1
v 0.506192 0.946016 0.713382 0 0 1
v 0.506243 0.949544 0.711903 0 0 1
v 0.506334 0.950993 0.708362 0 0 1
v 0.506412 0.949513 0.704834 0 0 1
v 0.506432 0.945971 0.703385 0 0 1
v 0.506381 0.942442 0.704864 0 0 1
v 0.506289 0.940993 0.708405 0 0 1
v 0.506211 0.942474 0.711933 0 0 1
v 0.62685 0.945492 0.716278 0 0 1
v 0.6269 0.949021 0.714799 0 0 1
v 0.626992 0.950469 0.711258 0 0 1
v 0.62707 0.948989 0.70773 0 0 1
v 0.627089 0.945447 0.706281 0 0 1
v 0.627038 0.941918 0.70776 0 0 1
v 0.626947 0.94047 0.711301 0 0 1
v 0.626869 0.94195 0.714829 0 0 1
v 0.747507 0.944968 0.719174 0 0 1
v 0.747558 0.948497 0.717695 0 0 1
v 0.747649 0.949946 0.714154 0 0 1
v 0.747728 0.948465 0.710626 0 0 1
v 0.747747 0.944923 0.709177 0 0 1
v 0.747696 0.941394 0.710656 0 0 1
v 0.747605 0.939946 0.714197 0 0 1
v 0.747527 0.941426 0.717725 0 0 1
v 0.868165 0.944444 0.72207 0 0 1
v 0.868216 0.947973 0.720591 0 0 1
v 0.868307 0.949422 0.71705 0 0 1
v 0.868385 0.947942 0.713522 0 0 1
v 0.868405 0.9444 0.712073 0 0 1
v 0.868354 0.940871 0.713553 0 0 1
v 0.868263 0.939422 0.717093 0 0 1
v 0.868184 0.940902 0.720621 0 0 1
v 0.988823 0.94392 0.724966 0 0 1
v 0.988874 0.947449 0.723487 0 0 1
v 0.988965 0.948898 0.719946 0 0 1
v 0.989043 0.947418 0.716418 0 0 1
v 0.989063 0.943876 0.714969 0 0 1
v 0.989012 0.940347 0.716449 0 0 1
v 0.988921 0.938898 0.719989 0 0 1
v 0.988842 0.940378 0.723517 0 0 1
v 0.988943 0.943898 0.719968 0 0 1
v 0.9818 0.0544078 0.713542 0 0 1
v 0.993942 0.943858 0.719927 0 0 1
v 0.99245 0.943896 0.716404 0 0 1
v 0.988903 0.943935 0.714968 0 0 1
v 0.985379 0.943952 0.716461 0 0 1
v 0.983943 0.943938 0.720008 0 0 1
v 0.985436 0.9439 0.723531 0 0 1
v 0.988983 0.943862 0.724967 0 0 1
v 0.992506 0.943844 0.723475 0 0 1
v 0.992157 0.721486 0.718321 0 0 1
v 0.990664 0.721523 0.714798 0 0 1
v 0.987117 0.721562 0.713362 0 0 1
v 0.983594 0.721579 0.714854 0 0 1
v 0.982157 0.721565 0.718401 0 0 1
v 0.98365 0.721528 0.721925 0 0 1
v 0.987197 0.721489 0.723361 0 0 1
v 0.990721 0.721472 0.721868 0 0 1
v 0.990371 0.499113 0.716715 0 0 1
v 0.988878 0.499151 0.713191 0 0 1
v 0.985331 0.499189 0.711755 0 0 1
v 0.981808 0.499207 0.713248 0 0 1
v 0.980372 0.499193 0.716795 0 0 1
v 0.981864 0.499155 0.720319 0 0 1
v 0.985411 0.499116 0.721755 0 0 1
v 0.988935 0.499099 0.720262 0 0 1
v 0.988585 0.27674 0.715108 0 0 1
v 0.987093 0.276778 0.711585 0 0 1
v 0.983546 0.276817 0.710149 0 0 1
v 0.980022 0.276834 0.711642 0 0 1
v 0.978586 0.27682 0.715189 0 0 1
v 0.980079 0.276783 0.718712 0 0 1
v 0.983626 0.276744 0.720148 0 0 1
v 0.987149 0.276726 0.718656 0 0 1
v 0.9868 0.0543679 0.713502 0 0 1
v 0.985307 0.0544054 0.709979 0 0 1
v 0.98176 0.0544442 0.708543 0 0 1
v 0.978236 0.0544617 0.710035 0 0 1
v 0.9768 0.0544476 0.713582 0 0 1
v 0.978293 0.0544102 0.717106 0 0 1
v 0.98184 0.0543713 0.718542 0 0 1
v 0.985363 0.0543538 0.717049 0 0 1
v 0.510773 0.0585887 0.702252 0 0 1
v 0.506312 0.945993 0.708384 0 0 1
v 0.515773 0.058614 0.702227 0 0 1
v 0.514327 0.0585823 0.705769 0 0 1
v 0.510799 0.0585543 0.707252 0 0 1
v 0.507256 0.0585465 0.705805 0 0 1
v 0.505773 0.0585634 0.702277 0 0 1
v 0.50722 0.0585952 0.698734 0 0 1
v 0.510748 0.0586231 0.697252 0 0 1
v 0.514291 0.058631 0.698699 0 0 1
v 0.514658 0.280465 0.70376 0 0 1
v 0.513211 0.280433 0.707302 0 0 1
v 0.509683 0.280405 0.708785 0 0 1
v 0.50614 0.280398 0.707338 0 0 1
v 0.504658 0.280415 0.70381 0 0 1
v 0.506105 0.280446 0.700267 0 0 1
v 0.509633 0.280474 0.698785 0 0 1
v 0.513175 0.280482 0.700232 0 0 1
v 0.513542 0.502316 0.705293 0 0 1
v 0.512096 0.502285 0.708835 0 0 1
v 0.508568 0.502257 0.710318 0 0 1
v 0.505025 0.502249 0.708871 0 0 1
v 0.503543 0.502266 0.705343 0 0 1
v 0.504989 0.502297 0.7018 0 0 1
v 0.508517 0.502325 0.700318 0 0 1
v 0.51206 0.502333 0.701765 0 0 1
v 0.512427 0.724167 0.706826 0 0 1
v 0.51098 0.724136 0.710368 0 0 1
v 0.507452 0.724108 0.71185 0 0 1
v 0.50391 0.7241 0.710404 0 0 1
v 0.502427 0.724117 0.706876 0 0 1
v 0.503874 0.724149 0.703333 0 0 1
v 0.507402 0.724177 0.701851 0 0 1
v 0.510945 0.724184 0.703297 0 0 1
v 0.511312 0.946019 0.708358 0 0 1
v 0.509865 0.945987 0.711901 0 0 1
v 0.506337 0.945959 0.713383 0 0 1
v 0.502794 0.945951 0.711937 0 0 1
v 0.501312 0.945968 0.708409 0 0 1
v 0.502758 0.946 0.704866 0 0 1
v 0.506286 0.946028 0.703384 0 0 1
v 0.509829 0.946036 0.70483 0 0 1
v 0.589798 0.944068 0.0513749 0 0 1
v 0.744994 0.945629 0.997607 0 0 1
v 0.584864 0.943969 0.0521842 0 0 1
v 0.586239 0.947533 0.0519529 0 0 1
v 0.589698 0.949067 0.051383 0 0 1
v 0.593215 0.947674 0.0508084 0 0 1
v 0.594731 0.944168 0.0505656 0 0 1
v 0.593356 0.940604 0.0507969 0 0 1
v 0.589897 0.939069 0.0513668 0 0 1
v 0.58638 0.940463 0.0519414 0 0 1
v 0.623663 0.944359 0.288742 0 0 1
v 0.625038 0.947923 0.288511 0 0 1
v 0.628497 0.949458 0.287941 0 0 1
v 0.632014 0.948064 0.287366 0 0 1
v 0.63353 0.944559 0.287124 0 0 1
v 0.632155 0.940994 0.287355 0 0 1
v 0.628696 0.93946 0.287925 0 0 1
v 0.625179 0.940853 0.288499 0 0 1
v 0.662463 0.944749 0.5253 0 0 1
v 0.663837 0.948313 0.525069 0 0 1
v 0.667296 0.949848 0.524499 0 0 1
v 0.670813 0.948454 0.523924 0 0 1
v 0.672329 0.944949 0.523681 0 0 1
v 0.670954 0.941385 0.523913 0 0 1
v 0.667495 0.93985 0.524483 0 0 1
v 0.663978 0.941243 0.525057 0 0 1
v 0.701262 0.945139 0.761858 0 0 1
v 0.702636 0.948703 0.761627 0 0 1
v 0.706095 0.950238 0.761057 0 0 1
v 0.709612 0.948845 0.760482 0 0 1
v 0.711128 0.945339 0.760239 0 0 1
v 0.709753 0.941775 0.760471 0 0 1
v 0.706294 0.94024 0.76104 0 0 1
v 0.702777 0.941634 0.761615 0 0 1
v 0.740061 0.945529 0.998416 0 0 1
v 0.741435 0.949093 0.998185 0 0 1
v 0.744894 0.950628 0.997615 0 0 1
v 0.748411 0.949235 0.99704 0 0 1
v 0.749927 0.945729 0.996797 0 0 1
v 0.748552 0.942165 0.997029 0 0 1
v 0.745094 0.94063 0.997598 0 0 1
v 0.741576 0.942024 0.998173 0 0 1
v 0.615984 0.944332 0.211035 0 0 1
v 0.624676 0.0486173 0.212858 0 0 1
v 0.620984 0.94438 0.211083 0 0 1
v 0.619554 0.944359 0.207534 0 0 1
v 0.616033 0.944322 0.206035 0 0 1
v 0.612483 0.944291 0.207465 0 0 1
v 0.610985 0.944283 0.210986 0 0 1
v 0.612415 0.944304 0.214536 0 0 1
v 0.615936 0.944341 0.216035 0 0 1
v 0.619485 0.944373 0.214604 0 0 1
v 0.623157 0.720452 0.211539 0 0 1
v 0.621727 0.720431 0.207989 0 0 1
v 0.618206 0.720393 0.206491 0 0 1
v 0.614656 0.720362 0.207921 0 0 1
v 0.613158 0.720355 0.211442 0 0 1
v 0.614587 0.720376 0.214992 0 0 1
v 0.618108 0.720413 0.21649 0 0 1
v 0.621658 0.720444 0.21506 0 0 1
v 0.625329 0.496523 0.211995 0 0 1
v 0.6239 0.496502 0.208445 0 0 1
v 0.620379 0.496465 0.206946 0 0 1
v 0.616829 0.496433 0.208377 0 0 1
v 0.61533 0.496426 0.211898 0 0 1
v 0.61676 0.496447 0.215447 0 0 1
v 0.620281 0.496484 0.216946 0 0 1
v 0.623831 0.496516 0.215516 0 0 1
v 0.627502 0.272595 0.21245 0 0 1
v 0.626072 0.272573 0.208901 0 0 1
v 0.622551 0.272536 0.207402 0 0 1
v 0.619002 0.272505 0.208832 0 0 1
v 0.617503 0.272497 0.212353 0 0 1
v 0.618933 0.272518 0.215903 0 0 1
v 0.622454 0.272556 0.217402 0 0 1
v 0.626004 0.272587 0.215972 0 0 1
v 0.629675 0.0486659 0.212906 0 0 1
v 0.628245 0.0486448 0.209357 0 0 1
v 0.624724 0.0486076 0.207858 0 0 1
v 0.621175 0.0485761 0.209288 0 0 1
v 0.619676 0.0485687 0.212809 0 0 1
v 0.621106 0.0485898 0.216359 0 0 1
v 0.624627 0.048627 0.217857 0 0 1
v 0.628177 0.0486586 0.216427 0 0 1
v 0.744994 0.945629 0.997607 0 0 1
v 0.752794 0.061659 0.994665 0 0 1
v 0.749993 0.945673 0.997651 0 0 1
v 0.74856 0.945672 0.994102 0 0 1
v 0.745038 0.945646 0.992607 0 0 1
v 0.741489 0.94561 0.99404 0 0 1
v 0.739994 0.945585 0.997562 0 0 1
v 0.741427 0.945586 1.00111 0 0 1
v 0.74495 0.945612 1.00261 0 0 1
v 0.748498 0.945648 1.00117 0 0 1
v 0.751943 0.724681 0.996915 0 0 1
v 0.75051 0.72468 0.993367 0 0 1
v 0.746988 0.724654 0.991871 0 0 1
v 0.743439 0.724618 0.993305 0 0 1
v 0.741944 0.724593 0.996827 0 0 1
v 0.743377 0.724594 1.00038 0 0 1
v 0.7469 0.72462 1.00187 0 0 1
v 0.750448 0.724656 1.00044 0 0 1
v 0.753893 0.503688 0.99618 0 0 1
v 0.75246 0.503687 0.992632 0 0 1
v 0.748938 0.503661 0.991136 0 0 1
v 0.745389 0.503625 0.992569 0 0 1
v 0.743894 0.5036 0.996092 0 0 1
v 0.745327 0.503601 0.99964 0 0 1
v 0.74885 0.503627 1.00114 0 0 1
v 0.752398 0.503663 0.999702 0 0 1
v 0.755843 0.282696 0.995445 0 0 1
v 0.75441 0.282695 0.991896 0 0 1
v 0.750888 0.282669 0.990401 0 0 1
v 0.74734 0.282633 0.991834 0 0 1
v 0.745844 0.282608 0.995356 0 0 1
v 0.747277 0.282608 0.998905 0 0 1
v 0.7508 0.282635 1.0004 0 0 1
v 0.754348 0.282671 0.998967 0 0 1
v 0.757793 0.061703 0.994709 0 0 1
v 0.75636 0.0617021 0.991161 0 0 1
v 0.752838 0.061676 0.989666 0 0 1
v 0.74929 0.0616399 0.991099 0 0 1
v 0.747794 0.061615 0.994621 0 0 1
v 0.749227 0.0616159 0.998169 0 0 1
v 0.75275 0.061642 0.999665 0 0 1
v 0.756298 0.0616781 0.998232 0 0 1
v 0.659707 0.944772 0.477611 0 0 1
v 0.667863 0.0530136 0.476399 0 0 1
v 0.664706 0.944817 0.477656 0 0 1
v 0.663274 0.944809 0.474107 0 0 1
v 0.659752 0.944779 0.472611 0 0 1
v 0.656204 0.944744 0.474043 0 0 1
v 0.654707 0.944726 0.477565 0 0 1
v 0.656139 0.944734 0.481114 0 0 1
v 0.659661 0.944764 0.48261 0 0 1
v 0.663209 0.944799 0.481178 0 0 1
v 0.666745 0.721878 0.477353 0 0 1
v 0.665313 0.721869 0.473805 0 0 1
v 0.661791 0.721839 0.472308 0 0 1
v 0.658243 0.721805 0.47374 0 0 1
v 0.656746 0.721786 0.477262 0 0 1
v 0.658178 0.721795 0.480811 0 0 1
v 0.6617 0.721825 0.482308 0 0 1
v 0.665249 0.721859 0.480875 0 0 1
v 0.668785 0.498938 0.477051 0 0 1
v 0.667352 0.49893 0.473502 0 0 1
v 0.663831 0.4989 0.472005 0 0 1
v 0.660282 0.498865 0.473437 0 0 1
v 0.658785 0.498847 0.476959 0 0 1
v 0.660217 0.498855 0.480508 0 0 1
v 0.663739 0.498885 0.482005 0 0 1
v 0.667288 0.49892 0.480573 0 0 1
v 0.670824 0.275999 0.476748 0 0 1
v 0.669392 0.27599 0.473199 0 0 1
v 0.66587 0.27596 0.471702 0 0 1
v 0.662321 0.275926 0.473135 0 0 1
v 0.660825 0.275907 0.476657 0 0 1
v 0.662257 0.275916 0.480205 0 0 1
v 0.665779 0.275946 0.481702 0 0 1
v 0.669327 0.27598 0.48027 0 0 1
v 0.672863 0.0530593 0.476445 0 0 1
v 0.671431 0.053051 0.472896 0 0 1
v 0.667909 0.0530208 0.4714 0 0 1
v 0.66436 0.0529864 0.472832 0 0 1
v 0.662864 0.0529679 0.476354 0 0 1
v 0.664296 0.0529762 0.479903 0 0 1
v 0.667818 0.0530064 0.481399 0 0 1
v 0.671366 0.0530408 0.479967 0 0 1
v 0.988087 0.942694 0.210694 0 0 1
v 0.0243889 0.946935 0.211576 0 0 1
v 0.988083 0.942716 0.205694 0 0 1
v 0.988099 0.946245 0.207174 0 0 1
v 0.988109 0.947694 0.210716 0 0 1
v 0.988106 0.946214 0.214245 0 0 1
v 0.988092 0.942672 0.215694 0 0 1
v 0.988075 0.939143 0.214214 0 0 1
v 0.988065 0.937695 0.210672 0 0 1
v 0.988068 0.939175 0.207143 0 0 1
v 0.747158 0.943777 0.205915 0 0 1
v 0.747175 0.947306 0.207395 0 0 1
v 0.747185 0.948754 0.210937 0 0 1
v 0.747181 0.947274 0.214466 0 0 1
v 0.747167 0.943733 0.215915 0 0 1
v 0.74715 0.940204 0.214435 0 0 1
v 0.747141 0.938755 0.210893 0 0 1
v 0.747144 0.940235 0.207364 0 0 1
v 0.506234 0.944837 0.206135 0 0 1
v 0.50625 0.948366 0.207615 0 0 1
v 0.50626 0.949815 0.211157 0 0 1
v 0.506257 0.948335 0.214686 0 0 1
v 0.506242 0.944793 0.216135 0 0 1
v 0.506226 0.941264 0.214655 0 0 1
v 0.506216 0.939815 0.211113 0 0 1
v 0.506219 0.941295 0.207584 0 0 1
v 0.265309 0.945897 0.206356 0 0 1
v 0.265326 0.949426 0.207836 0 0 1
v 0.265335 0.950875 0.211378 0 0 1
v 0.265332 0.949395 0.214907 0 0 1
v 0.265318 0.945853 0.216356 0 0 1
v 0.265301 0.942324 0.214876 0 0 1
v 0.265291 0.940875 0.211334 0 0 1
v 0.265295 0.942355 0.207805 0 0 1
v 0.0243844 0.946957 0.206576 0 0 1
v 0.0244013 0.950486 0.208056 0 0 1
v 0.0244109 0.951935 0.211598 0 0 1
v 0.0244077 0.950455 0.215127 0 0 1
v 0.0243934 0.946913 0.216576 0 0 1
v 0.0243765 0.943384 0.215096 0 0 1
v 0.0243669 0.941935 0.211554 0 0 1
v 0.0243702 0.943415 0.208025 0 0 1
v 0.987877 0.942398 0.0854118 0 0 1
v 0.989359 0.944484 0.967767 0 0 1
v 0.98952 0.937676 0.0854202 0 0 1
v 0.985699 0.937897 0.0854261 0 0 1
v 0.983154 0.940755 0.0854236 0 0 1
v 0.983376 0.944576 0.0854142 0 0 1
v 0.986234 0.947121 0.0854034 0 0 1
v 0.990054 0.946899 0.0853975 0 0 1
v 0.992599 0.944041 0.0854 0 0 1
v 0.992378 0.940221 0.0854094 0 0 1
v 0.98989 0.938197 0.306009 0 0 1
v 0.98607 0.938419 0.306015 0 0 1
v 0.983525 0.941277 0.306012 0 0 1
v 0.983746 0.945097 0.306003 0 0 1
v 0.986604 0.947642 0.305992 0 0 1
v 0.990425 0.947421 0.305986 0 0 1
v 0.99297 0.944563 0.305989 0 0 1
v 0.992748 0.940742 0.305998 0 0 1
v 0.990261 0.938719 0.526598 0 0 1
v 0.98644 0.93894 0.526604 0 0 1
v 0.983896 0.941798 0.526601 0 0 1
v 0.984117 0.945618 0.526592 0 0 1
v 0.986975 0.948163 0.526581 0 0 1
v 0.990795 0.947942 0.526575 0 0 1
v 0.99334 0.945084 0.526578 0 0 1
v 0.993119 0.941264 0.526587 0 0 1
v 0.990632 0.93924 0.747187 0 0 1
v 0.986811 0.939461 0.747193 0 0 1
v 0.984266 0.942319 0.74719 0 0 1
v 0.984487 0.94614 0.747181 0 0 1
v 0.987345 0.948685 0.74717 0 0 1
v 0.991166 0.948463 0.747164 0 0 1
v 0.993711 0.945605 0.747166 0 0 1
v 0.993489 0.941785 0.747176 0 0 1
v 0.991002 0.939761 0.967775 0 0 1
v 0.987182 0.939983 0.967781 0 0 1
v 0.984637 0.942841 0.967779 0 0 1
v 0.984858 0.946661 0.967769 0 0 1
v 0.987716 0.949206 0.967759 0 0 1
v 0.991536 0.948985 0.967753 0 0 1
v 0.994081 0.946127 0.967755 0 0 1
v 0.99386 0.942306 0.967765 0 0 1
v 0.989359 0.944484 0.967767 0 0 1
v 0.744994 0.945629 0.997607 0 0 1
v 0.988753 0.94451 0.962804 0 0 1
v 0.988949 0.948038 0.964274 0 0 1
v 0.989385 0.949484 0.96779 0 0 1
v 0.989806 0.948001 0.971293 0 0 1
v 0.989965 0.944457 0.97273 0 0 1
v 0.989769 0.94093 0.97126 0 0 1
v 0.989333 0.939484 0.967744 0 0 1
v 0.988912 0.940967 0.964241 0 0 1
v 0.927662 0.944796 0.970264 0 0 1
v 0.927858 0.948324 0.971734 0 0 1
v 0.928294 0.94977 0.97525 0 0 1
v 0.928715 0.948287 0.978753 0 0 1
v 0.928874 0.944744 0.98019 0 0 1
v 0.928678 0.941216 0.97872 0 0 1
v 0.928241 0.93977 0.975204 0 0 1
v 0.927821 0.941253 0.971701 0 0 1
v 0.86657 0.945083 0.977724 0 0 1
v 0.866766 0.948611 0.979194 0 0 1
v 0.867203 0.950056 0.98271 0 0 1
v 0.867623 0.948573 0.986213 0 0 1
v 0.867782 0.94503 0.98765 0 0 1
v 0.867586 0.941502 0.98618 0 0 1
v 0.86715 0.940057 0.982664 0 0 1
v 0.866729 0.94154 0.979161 0 0 1
v 0.805479 0.945369 0.985184 0 0 1
v 0.805675 0.948897 0.986654 0 0 1
v 0.806111 0.950343 0.99017 0 0 1
v 0.806532 0.94886 0.993673 0 0 1
v 0.806691 0.945317 0.99511 0 0 1
v 0.806495 0.941789 0.99364 0 0 1
v 0.806059 0.940343 0.990123 0 0 1
v 0.805638 0.941826 0.986621 0 0 1
v 0.744388 0.945656 0.992643 0 0 1
v 0.744584 0.949183 0.994114 0 0 1
v 0.74502 0.950629 0.99763 0 0 1
v 0.745441 0.949146 1.00113 0 0 1
v 0.7456 0.945603 1.00257 0 0 1
v 0.745403 0.942075 1.0011 0 0 1
v 0.744967 0.940629 0.997583 0 0 1
v 0.744547 0.942112 0.994081 0 0 1
v 0.506312 0.945993 0.708384 0 0 1
v 0.355954 0.94505 0.0313806 0 0 1
v 0.511193 0.945993 0.7073 0 0 1
v 0.509763 0.949528 0.707612 0 0 1
v 0.506311 0.950993 0.708377 0 0 1
v 0.50286 0.949529 0.709145 0 0 1
v 0.501431 0.945994 0.709468 0 0 1
v 0.502861 0.942458 0.709155 0 0 1
v 0.506312 0.940993 0.70839 0 0 1
v 0.509764 0.942457 0.707622 0 0 1
v 0.473603 0.945757 0.538049 0 0 1
v 0.472173 0.949292 0.538362 0 0 1
v 0.468721 0.950757 0.539126 0 0 1
v 0.46527 0.949293 0.539895 0 0 1
v 0.463841 0.945758 0.540217 0 0 1
v 0.465271 0.942222 0.539904 0 0 1
v 0.468723 0.940757 0.53914 0 0 1
v 0.472174 0.942221 0.538371 0 0 1
v 0.436014 0.945521 0.368798 0 0 1
v 0.434584 0.949056 0.369111 0 0 1
v 0.431132 0.950521 0.369875 0 0 1
v 0.427681 0.949057 0.370644 0 0 1
v 0.426252 0.945522 0.370966 0 0 1
v 0.427682 0.941986 0.370653 0 0 1
v 0.431133 0.940521 0.369889 0 0 1
v 0.434585 0.941985 0.36912 0 0 1
v 0.398424 0.945285 0.199547 0 0 1
v 0.396994 0.94882 0.19986 0 0 1
v 0.393542 0.950285 0.200625 0 0 1
v 0.390091 0.948822 0.201393 0 0 1
v 0.388662 0.945286 0.201715 0 0 1
v 0.390092 0.94175 0.201403 0 0 1
v 0.393544 0.940285 0.200638 0 0 1
v 0.396995 0.941749 0.19987 0 0 1
v 0.360835 0.945049 0.0302965 0 0 1
v 0.359405 0.948585 0.0306092 0 0 1
v 0.355953 0.950049 0.0313738 0 0 1
v 0.352502 0.948586 0.0321423 0 0 1
v 0.351073 0.94505 0.0324646 0 0 1
v 0.352503 0.941514 0.0321519 0 0 1
v 0.355954 0.94005 0.0313874 0 0 1
v 0.359406 0.941513 0.0306188 0 0 1
v 0.988541 0.943333 0.480774 0 0 1
v 0.178639 0.946876 0.472982 0 0 1
v 0.988589 0.943354 0.475775 0 0 1
v 0.98859 0.946884 0.477254 0 0 1
v 0.988563 0.948333 0.480796 0 0 1
v 0.988522 0.946853 0.484325 0 0 1
v 0.988493 0.943311 0.485774 0 0 1
v 0.988491 0.939782 0.484294 0 0 1
v 0.988519 0.938333 0.480752 0 0 1
v 0.98856 0.939813 0.477223 0 0 1
v 0.786114 0.94424 0.473826 0 0 1
v 0.786115 0.947769 0.475306 0 0 1
v 0.786087 0.949219 0.478848 0 0 1
v 0.786047 0.947739 0.482377 0 0 1
v 0.786017 0.944197 0.483826 0 0 1
v 0.786016 0.940668 0.482346 0 0 1
v 0.786044 0.939219 0.478804 0 0 1
v 0.786084 0.940698 0.475275 0 0 1
v 0.583638 0.945126 0.471878 0 0 1
v 0.583639 0.948655 0.473358 0 0 1
v 0.583612 0.950104 0.4769 0 0 1
v 0.583571 0.948625 0.480429 0 0 1
v 0.583542 0.945083 0.481878 0 0 1
v 0.583541 0.941554 0.480398 0 0 1
v 0.583568 0.940105 0.476856 0 0 1
v 0.583609 0.941584 0.473327 0 0 1
v 0.381163 0.946012 0.46993 0 0 1
v 0.381164 0.949541 0.47141 0 0 1
v 0.381136 0.95099 0.474952 0 0 1
v 0.381096 0.949511 0.478481 0 0 1
v 0.381067 0.945969 0.47993 0 0 1
v 0.381065 0.94244 0.47845 0 0 1
v 0.381093 0.940991 0.474908 0 0 1
v 0.381133 0.94247 0.471379 0 0 1
v 0.178688 0.946898 0.467982 0 0 1
v 0.178689 0.950427 0.469462 0 0 1
v 0.178661 0.951876 0.473004 0 0 1
v 0.178621 0.950396 0.476533 0 0 1
v 0.178591 0.946855 0.477982 0 0 1
v 0.17859 0.943326 0.476502 0 0 1
v 0.178618 0.941876 0.47296 0 0 1
v 0.178658 0.943356 0.469431 0 0 1
v 0.988087 0.942694 0.210694 0 0 1
v 0.980895 0.0452941 0.212535 0 0 1
v 0.993087 0.942654 0.210654 0 0 1
v 0.991594 0.942659 0.207131 0 0 1
v 0.988047 0.942684 0.205695 0 0 1
v 0.984523 0.942716 0.207187 0 0 1
v 0.983087 0.942735 0.210734 0 0 1
v 0.98458 0.94273 0.214258 0 0 1
v 0.988127 0.942704 0.215694 0 0 1
v 0.991651 0.942673 0.214201 0 0 1
v 0.991289 0.718304 0.211115 0 0 1
v 0.989796 0.718309 0.207591 0 0 1
v 0.986249 0.718334 0.206155 0 0 1
v 0.982725 0.718366 0.207648 0 0 1
v 0.981289 0.718384 0.211195 0 0 1
v 0.982782 0.71838 0.214718 0 0 1
v 0.986329 0.718354 0.216154 0 0 1
v 0.989853 0.718323 0.214662 0 0 1
v 0.989491 0.493954 0.211575 0 0 1
v 0.987998 0.493959 0.208051 0 0 1
v 0.984451 0.493984 0.206615 0 0 1
v 0.980927 0.494016 0.208108 0 0 1
v 0.979491 0.494034 0.211655 0 0 1
v 0.980984 0.49403 0.215179 0 0 1
v 0.984531 0.494004 0.216615 0 0 1
v 0.988055 0.493973 0.215122 0 0 1
v 0.987692 0.269604 0.212035 0 0 1
v 0.9862 0.269609 0.208511 0 0 1
v 0.982653 0.269634 0.207075 0 0 1
v 0.979129 0.269666 0.208568 0 0 1
v 0.977693 0.269684 0.212115 0 0 1
v 0.979186 0.26968 0.215639 0 0 1
v 0.982733 0.269654 0.217075 0 0 1
v 0.986256 0.269623 0.215582 0 0 1
v 0.985894 0.045254 0.212495 0 0 1
v 0.984402 0.0452587 0.208972 0 0 1
v 0.980854 0.0452842 0.207536 0 0 1
v 0.977331 0.0453155 0.209028 0 0 1
v 0.975895 0.0453343 0.212575 0 0 1
v 0.977388 0.0453295 0.216099 0 0 1
v 0.980935 0.045304 0.217535 0 0 1
v 0.984458 0.0452727 0.216042 0 0 1
v 0.402174 0.0506931 0.213059 0 0 1
v 0.395898 0.9453 0.211236 0 0 1
v 0.407174 0.0507281 0.213024 0 0 1
v 0.405734 0.0507252 0.21657 0 0 1
v 0.402209 0.0507035 0.218059 0 0 1
v 0.398664 0.0506757 0.216619 0 0 1
v 0.397174 0.0506581 0.213094 0 0 1
v 0.398614 0.0506609 0.209548 0 0 1
v 0.402139 0.0506826 0.208059 0 0 1
v 0.405685 0.0507104 0.209499 0 0 1
v 0.405605 0.27438 0.212568 0 0 1
v 0.404165 0.274377 0.216114 0 0 1
v 0.40064 0.274355 0.217603 0 0 1
v 0.397095 0.274327 0.216164 0 0 1
v 0.395605 0.27431 0.212638 0 0 1
v 0.397045 0.274313 0.209093 0 0 1
v 0.40057 0.274334 0.207603 0 0 1
v 0.404116 0.274362 0.209043 0 0 1
v 0.404036 0.498032 0.212112 0 0 1
v 0.402596 0.498029 0.215658 0 0 1
v 0.399071 0.498007 0.217147 0 0 1
v 0.395526 0.497979 0.215708 0 0 1
v 0.394037 0.497962 0.212183 0 0 1
v 0.395476 0.497965 0.208637 0 0 1
v 0.399001 0.497986 0.207148 0 0 1
v 0.402547 0.498014 0.208587 0 0 1
v 0.402467 0.721683 0.211657 0 0 1
v 0.401028 0.721681 0.215202 0 0 1
v 0.397502 0.721659 0.216692 0 0 1
v 0.393957 0.721631 0.215252 0 0 1
v 0.392468 0.721613 0.211727 0 0 1
v 0.393907 0.721616 0.208181 0 0 1
v 0.397432 0.721638 0.206692 0 0 1
v 0.400978 0.721666 0.208132 0 0 1
v 0.400898 0.945335 0.211201 0 0 1
v 0.399459 0.945332 0.214747 0 0 1
v 0.395933 0.945311 0.216236 0 0 1
v 0.392388 0.945283 0.214796 0 0 1
v 0.390899 0.945265 0.211271 0 0 1
v 0.392338 0.945268 0.207725 0 0 1
v 0.395863 0.94529 0.206236 0 0 1
v 0.399409 0.945318 0.207676 0 0 1
v 0.982257 0.0590118 0.966642 0 0 1
v 0.989359 0.944484 0.967767 0 0 1
v 0.987257 0.0589717 0.966682 0 0 1
v 0.985764 0.0589792 0.970206 0 0 1
v 0.982217 0.0590058 0.971642 0 0 1
v 0.978694 0.059036 0.970149 0 0 1
v 0.977258 0.059052 0.966602 0 0 1
v 0.97875 0.0590445 0.963078 0 0 1
v 0.982297 0.0590179 0.961642 0 0 1
v 0.985821 0.0589877 0.963135 0 0 1
v 0.989032 0.28034 0.966963 0 0 1
v 0.98754 0.280347 0.970487 0 0 1
v 0.983993 0.280374 0.971923 0 0 1
v 0.980469 0.280404 0.97043 0 0 1
v 0.979033 0.28042 0.966883 0 0 1
v 0.980526 0.280412 0.963359 0 0 1
v 0.984073 0.280386 0.961923 0 0 1
v 0.987596 0.280356 0.963416 0 0 1
v 0.990808 0.501708 0.967245 0 0 1
v 0.989315 0.501715 0.970768 0 0 1
v 0.985768 0.501742 0.972204 0 0 1
v 0.982245 0.501772 0.970712 0 0 1
v 0.980809 0.501788 0.967164 0 0 1
v 0.982301 0.50178 0.963641 0 0 1
v 0.985848 0.501754 0.962205 0 0 1
v 0.989372 0.501724 0.963697 0 0 1
v 0.992583 0.723076 0.967526 0 0 1
v 0.991091 0.723083 0.97105 0 0 1
v 0.987543 0.72311 0.972486 0 0 1
v 0.98402 0.72314 0.970993 0 0 1
v 0.982584 0.723156 0.967446 0 0 1
v 0.984077 0.723148 0.963922 0 0 1
v 0.987624 0.723122 0.962486 0 0 1
v 0.991147 0.723092 0.963979 0 0 1
v 0.994359 0.944444 0.967807 0 0 1
v 0.992866 0.944451 0.971331 0 0 1
v 0.989319 0.944478 0.972767 0 0 1
v 0.985795 0.944508 0.971274 0 0 1
v 0.984359 0.944524 0.967727 0 0 1
v 0.985852 0.944516 0.964203 0 0 1
v 0.989399 0.94449 0.962767 0 0 1
v 0.992923 0.94446 0.96426 0 0 1
v 0.981377 0.0501488 0.479414 0 0 1
v 0.988541 0.943333 0.480774 0 0 1
v 0.986377 0.0501087 0.479454 0 0 1
v 0.984884 0.0501153 0.482977 0 0 1
v 0.981337 0.0501415 0.484413 0 0 1
v 0.977813 0.0501721 0.482921 0 0 1
v 0.976377 0.050189 0.479374 0 0 1
v 0.97787 0.0501824 0.47585 0 0 1
v 0.981417 0.0501561 0.474414 0 0 1
v 0.984941 0.0501256 0.475907 0 0 1
v 0.988168 0.273405 0.479794 0 0 1
v 0.986675 0.273411 0.483318 0 0 1
v 0.983128 0.273438 0.484754 0 0 1
v 0.979604 0.273468 0.483261 0 0 1
v 0.978168 0.273485 0.479714 0 0 1
v 0.979661 0.273478 0.47619 0 0 1
v 0.983208 0.273452 0.474754 0 0 1
v 0.986732 0.273422 0.476247 0 0 1
v 0.989959 0.496701 0.480134 0 0 1
v 0.988466 0.496707 0.483658 0 0 1
v 0.984919 0.496733 0.485094 0 0 1
v 0.981395 0.496764 0.483601 0 0 1
v 0.979959 0.496781 0.480054 0 0 1
v 0.981452 0.496774 0.47653 0 0 1
v 0.984999 0.496748 0.475094 0 0 1
v 0.988523 0.496718 0.476587 0 0 1
v 0.99175 0.719997 0.480474 0 0 1
v 0.990257 0.720003 0.483998 0 0 1
v 0.98671 0.720029 0.485434 0 0 1
v 0.983186 0.72006 0.483941 0 0 1
v 0.98175 0.720077 0.480394 0 0 1
v 0.983243 0.72007 0.47687 0 0 1
v 0.98679 0.720044 0.475434 0 0 1
v 0.990314 0.720014 0.476927 0 0 1
v 0.993541 0.943293 0.480814 0 0 1
v 0.992048 0.943299 0.484338 0 0 1
v 0.988501 0.943325 0.485774 0 0 1
v 0.984977 0.943356 0.484281 0 0 1
v 0.983541 0.943373 0.480734 0 0 1
v 0.985034 0.943366 0.47721 0 0 1
v 0.988581 0.94334 0.475774 0 0 1
v 0.992105 0.943309 0.477267 0 0 1
v 0.454811 0.915189 0.475595 0 0 1
v 0.460192 0.0549112 0.474403 0 0 1
v 0.459811 0.915221 0.475626 0 0 1
v 0.458368 0.915217 0.472082 0 0 1
v 0.454842 0.915197 0.470595 0 0 1
v 0.451298 0.915172 0.472038 0 0 1
v 0.449811 0.915158 0.475564 0 0 1
v 0.451253 0.915162 0.479108 0 0 1
v 0.45478 0.915182 0.480595 0 0 1
v 0.458324 0.915206 0.479153 0 0 1
v 0.461156 0.700151 0.475328 0 0 1
v 0.459714 0.700147 0.471784 0 0 1
v 0.456187 0.700127 0.470297 0 0 1
v 0.452643 0.700103 0.47174 0 0 1
v 0.451156 0.700089 0.475266 0 0 1
v 0.452599 0.700093 0.47881 0 0 1
v 0.456125 0.700113 0.480297 0 0 1
v 0.459669 0.700137 0.478855 0 0 1
v 0.462501 0.485082 0.47503 0 0 1
v 0.461059 0.485077 0.471486 0 0 1
v 0.457532 0.485057 0.469999 0 0 1
v 0.453988 0.485033 0.471441 0 0 1
v 0.452501 0.485019 0.474968 0 0 1
v 0.453944 0.485023 0.478512 0 0 1
v 0.45747 0.485043 0.479999 0 0 1
v 0.461015 0.485067 0.478557 0 0 1
v 0.463846 0.270012 0.474732 0 0 1
v 0.462404 0.270008 0.471188 0 0 1
v 0.458878 0.269988 0.469701 0 0 1
v 0.455333 0.269964 0.471143 0 0 1
v 0.453847 0.26995 0.47467 0 0 1
v 0.455289 0.269954 0.478214 0 0 1
v 0.458815 0.269974 0.479701 0 0 1
v 0.46236 0.269998 0.478259 0 0 1
v 0.465191 0.0549424 0.474434 0 0 1
v 0.463749 0.0549383 0.47089 0 0 1
v 0.460223 0.0549183 0.469403 0 0 1
v 0.456678 0.0548942 0.470845 0 0 1
v 0.455192 0.05488 0.474372 0 0 1
v 0.456634 0.0548841 0.477916 0 0 1
v 0.46016 0.0549041 0.479403 0 0 1
v 0.463705 0.0549283 0.47796 0 0 1
f 1 3 4
f 2 36 35
f 1 4 5
f 2 37 36
f 1 5 6
f 2 38 37
f 1 6 7
f 2 39 38
f 1 7 8
f 2 40 39
f 1 8 9
f 2 41 40
f 1 9 10
f 2 42 41
f 1 10 3
f 2 35 42
f 11 4 3
f 11 12 4
f 12 5 4
f 12 13 5
f 13 6 5
f 13 14 6
f 14 7 6
f 14 15 7
f 15 8 7
f 15 16 8
f 16 9 8
f 16 17 9
f 17 10 9
f 17 18 10
f 18 3 10
f 18 11 3
f 19 12 11
f 19 20 12
f 20 13 12
f 20 21 13
f 21 14 13
f 21 22 14
f 22 15 14
f 22 23 15
f 23 16 15
f 23 24 16
f 24 17 16
f 24 25 17
f 25 18 17
f 25 26 18
f 26 11 18
f 26 19 11
f 27 20 19
f 27 28 20
f 28 21 20
f 28 29 21
f 29 22 21
f 29 30 22
f 30 23 22
f 30 31 23
f 31 24 23
f 31 32 24
f 32 25 24
f 32 33 25
f 33 26 25
f 33 34 26
f 34 19 26
f 34 27 19
f 35 28 27
f 35 36 28
f 36 29 28
f 36 37 29
f 37 30 29
f 37 38 30
f 38 31 30
f 38 39 31
f 39 32 31
f 39 40 32
f 40 33 32
f 40 41 33
f 41 34 33
f 41 42 34
f 42 27 34
f 42 35 27
f 43 45 46
f 44 78 77
f 43 46 47
f 44 79 78
f 43 47 48
f 44 80 79
f 43 48 49
f 44 81 80
f 43 49 50
f 44 82 81
f 43 50 51
f 44 83 82
f 43 51 52
f 44 84 83
f 43 52 45
f 44 77 84
f 53 46 45
f 53 54 46
f 54 47 46
f 54 55 47
f 55 48 47
f 55 56 48
f 56 49 48
f 56 57 49
f 57 50 49
f 57 58 50
f 58 51 50
f 58 59 51
f 59 52 51
f 59 60 52
f 60 45 52
f 60 53 45
f 61 54 53
f 61 62 54
f 62 55 54
f 62 63 55
f 63 56 55
f 63 64 56
f 64 57 56
f 64 65 57
f 65 58 57
f 65 66 58
f 66 59 58
f 66 67 59
f 67 60 59
f 67 68 60
f 68 53 60
f 68 61 53
f 69 62 61
f 69 70 62
f 70 63 62
f 70 71 63
f 71 64 63
f 71 72 64
f 72 65 64
f 72 73 65
f 73 66 65
f 73 74 66
f 74 67 66
f 74 75 67
f 75 68 67
f 75 76 68
f 76 61 68
f 76 69 61
f 77 70 69
f 77 78 70
f 78 71 70
f 78 79 71
f 79 72 71
f 79 80 72
f 80 73 72
f 80 81 73
f 81 74 73
f 81 82 74
f 82 75 74
f 82 83 75
f 83 76 75
f 83 84 76
f 84 69 76
f 84 77 69
f 85 87 88
f 86 120 119
f 85 88 89
f 86 121 120
f 85 89 90
f 86 122 121
f 85 90 91
f 86 123 122
f 85 91 92
f 86 124 123
f 85 92 93
f 86 125 124
f 85 93 94
f 86 126 125
f 85 94 87
f 86 119 126
f 95 88 87
f 95 96 88
f 96 89 88
f 96 97 89
f 97 90 89
f 97 98 90
f 98 91 90
f 98 99 91
f 99 92 91
f 99 100 92
f 100 93 92
f 100 101 93
f 101 94 93
f 101 102 94
f 102 87 94
f 102 95 87
f 103 96 95
f 103 104 96
f 104 97 96
f 104 105 97
f 105 98 97
f 105 106 98
f 106 99 98
f 106 107 99
f 107 100 99
f 107 108 100
f 108 101 100
f 108 109 101
f 109 102 101
f 109 110 102
f 110 95 102
f 110 103 95
f 111 104 103
f 111 112 104
f 112 105 104
f 112 113 105
f 113 106 105
f 113 114 106
f 114 107 106
f 114 115 107
f 115 108 107
f 115 116 108
f 116 109 108
f 116 117 109
f 117 110 109
f 117 118 110
f 118 103 110
f 118 111 103
f 119 112 111
f 119 120 112
f 120 113 112
f 120 121 113
f 121 114 113
f 121 122 114
f 122 115 114
f 122 123 115
f 123 116 115
f 123 124 116
f 124 117 116
f 124 125 117
f 125 118 117
f 125 126 118
f 126 111 118
f 126 119 111
f 127 129 130
f 128 162 161
f 127 130 131
f 128 163 162
f 127 131 132
f 128 164 163
f 127 132 133
f 128 165 164
f 127 133 134
f 128 166 165
f 127 134 135
f 128 167 166
f 127 135 136
f 128 168 167
f 127 136 129
f 128 161 168
f 137 130 129
f 137 138 130
f 138 131 130
f 138 139 131
f 139 132 131
f 139 140 132
f 140 133 132
f 140 141 133
f 141 134 133
f 141 142 134
f 142 135 134
f 142 143 135
f 143 136 135
f 143 144 136
f 144 129 136
f 144 137 129
f 145 138 137
f 145 146 138
f 146 139 138
f 146 147 139
f 147 140 139
f 147 148 140
f 148 141 140
f 148 149 141
f 149 142 141
f 149 150 142
f 150 143 142
f 150 151 143
f 151 144 143
f 151 152 144
f 152 137 144
f 152 145 137
f 153 146 145
f 153 154 146
f 154 147 146
f 154 155 147
f 155 148 147
f 155 156 148
f 156 149 148
f 156 157 149
f 157 150 149
f 157 158 150
f 158 151 150
f 158 159 151
f 159 152 151
f 159 160 152
f 160 145 152
f 160 153 145
f 161 154 153
f 161 162 154
f 162 155 154
f 162 163 155
f 163 156 155
f 163 164 156
f 164 157 156
f 164 165 157
f 165 158 157
f 165 166 158
f 166 159 158
f 166 167 159
f 167 160 159
f 167 168 160
f 168 153 160
f 168 161 153
f 169 171 172
f 170 204 203
f 169 172 173
f 170 205 204
f 169 173 174
f 170 206 205
f 169 174 175
f 170 207 206
f 169 175 176
f 170 208 207
f 169 176 177
f 170 209 208
f 169 177 178
f 170 210 209
f 169 178 171
f 170 203 210
f 179 172 171
f 179 180 172
f 180 173 172
f 180 181 173
f 181 174 173
f 181 182 174
f 182 175 174
f 182 183 175
f 183 176 175
f 183 184 176
f 184 177 176
f 184 185 177
f 185 178 177
f 185 186 178
f 186 171 178
f 186 179 171
f 187 180 179
f 187 188 180
f 188 181 180
f 188 189 181
f 189 182 181
f 189 190 182
f 190 183 182
f 190 191 183
f 191 184 183
f 191 192 184
f 192 185 184
f 192 193 185
f 193 186 185
f 193 194 186
f 194 179 186
f 194 187 179
f 195 188 187
f 195 196 188
f 196 189 188
f 196 197 189
f 197 190 189
f 197 198 190
f 198 191 190
f 198 199 191
f 199 192 191
f 199 200 192
f 200 193 192
f 200 201 193
f 201 194 193
f 201 202 194
f 202 187 194
f 202 195 187
f 203 196 195
f 203 204 196
f 204 197 196
f 204 205 197
f 205 198 197
f 205 206 198
f 206 199 198
f 206 207 199
f 207 200 199
f 207 208 200
f 208 201 200
f 208 209 201
f 209 202 201
f 209 210 202
f 210 195 202
f 210 203 195
f 211 213 214
f 212 246 245
f 211 214 215
f 212 247 246
f 211 215 216
f 212 248 247
f 211 216 217
f 212 249 248
f 211 217 218
f 212 250 249
f 211 218 219
f 212 251 250
f 211 219 220
f 212 252 251
f 211 220 213
f 212 245 252
f 221 214 213
f 221 222 214
f 222 215 214
f 222 223 215
f 223 216 215
f 223 224 216
f 224 217 216
f 224 225 217
f 225 218 217
f 225 226 218
f 226 219 218
f 226 227 219
f 227 220 219
f 227 228 220
f 228 213 220
f 228 221 213
f 229 222 221
f 229 230 222
f 230 223 222
f 230 231 223
f 231 224 223
f 231 232 224
f 232 225 224
f 232 233 225
f 233 226 225
f 233 234 226
f 234 227 226
f 234 235 227
f 235 228 227
f 235 236 228
f 236 221 228
f 236 229 221
f 237 230 229
f 237 238 230
f 238 231 230
f 238 239 231
f 239 232 231
f 239 240 232
f 240 233 232
f 240 241 233
f 241 234 233
f 241 242 234
f 242 235 234
f 242 243 235
f 243 236 235
f 243 244 236
f 244 229 236
f 244 237 229
f 245 238 237
f 245 246 238
f 246 239 238
f 246 247 239
f 247 240 239
f 247 248 240
f 248 241 240
f 248 249 241
f 249 242 241
f 249 250 242
f 250 243 242
f 250 251 243
f 251 244 243
f 251 252 244
f 252 237 244
f 252 245 237
f 253 255 256
f 254 288 287
f 253 256 257
f 254 289 288
f 253 257 258
f 254 290 289
f 253 258 259
f 254 291 290
f 253 259 260
f 254 292 291
f 253 260 261
f 254 293 292
f 253 261 262
f 254 294 293
f 253 262 255
f 254 287 294
f 263 256 255
f 263 264 256
f 264 257 256
f 264 265 257
f 265 258 257
f 265 266 258
f 266 259 258
f 266 267 259
f 267 260 259
f 267 268 260
f 268 261 260
f 268 269 261
f 269 262 261
f 269 270 262
f 270 255 262
f 270 263 255
f 271 264 263
f 271 272 264
f 272 265 264
f 272 273 265
f 273 266 265
f 273 274 266
f 274 267 266
f 274 275 267
f 275 268 267
f 275 276 268
f 276 269 268
f 276 277 269
f 277 270 269
f 277 278 270
f 278 263 270
f 278 271 263
f 279 272 271
f 279 280 272
f 280 273 272
f 280 281 273
f 281 274 273
f 281 282 274
f 282 275 274
f 282 283 275
f 283 276 275
f 283 284 276
f 284 277 276
f 284 285 277
f 285 278 277
f 285 286 278
f 286 271 278
f 286 279 271
f 287 280 279
f 287 288 280
f 288 281 280
f 288 289 281
f 289 282 281
f 289 290 282
f 290 283 282
f 290 291 283
f 291 284 283
f 291 292 284
f 292 285 284
f 292 293 285
f 293 286 285
f 293 294 286
f 294 279 286
f 294 287 279
f 295 297 298
f 296 330 329
f 295 298 299
f 296 331 330
f 295 299 300
f 296 332 331
f 295 300 301
f 296 333 332
f 295 301 302
f 296 334 333
f 295 302 303
f 296 335 334
f 295 303 304
f 296 336 335
f 295 304 297
f 296 329 336
f 305 298 297
f 305 306 298
f 306 299 298
f 306 307 299
f 307 300 299
f 307 308 300
f 308 301 300
f 308 309 301
f 309 302 301
f 309 310 302
f 310 303 302
f 310 311 303
f 311 304 303
f 311 312 304
f 312 297 304
f 312 305 297
f 313 306 305
f 313 314 306
f 314 307 306
f 314 315 307
f 315 308 307
f 315 316 308
f 316 309 308
f 316 317 309
f 317 310 309
f 317 318 310
f 318 311 310
f 318 319 311
f 319 312 311
f 319 320 312
f 320 305 312
f 320 313 305
f 321 314 313
f 321 322 314
f 322 315 314
f 322 323 315
f 323 316 315
f 323 324 316
f 324 317 316
f 324 325 317
f 325 318 317
f 325 326 318
f 326 319 318
f 326 327 319
f 327 320 319
f 327 328 320
f 328 313 320
f 328 321 313
f 329 322 321
f 329 330 322
f 330 323 322
f 330 331 323
f 331 324 323
f 331 332 324
f 332 325 324
f 332 333 325
f 333 326 325
f 333 334 326
f 334 327 326
f 334 335 327
f 335 328 327
f 335 336 328
f 336 321 328
f 336 329 321
f 337 339 340
f 338 372 371
f 337 340 341
f 338 373 372
f 337 341 342
f 338 374 373
f 337 342 343
f 338 375 374
f 337 343 344
f 338 376 375
f 337 344 345
f 338 377 376
f 337 345 346
f 338 378 377
f 337 346 339
f 338 371 378
f 347 340 339
f 347 348 340
f 348 341 340
f 348 349 341
f 349 342 341
f 349 350 342
f 350 343 342
f 350 351 343
f 351 344 343
f 351 352 344
f 352 345 344
f 352 353 345
f 353 346 345
f 353 354 346
f 354 339 346
f 354 347 339
f 355 348 347
f 355 356 348
f 356 349 348
f 356 357 349
f 357 350 349
f 357 358 350
f 358 351 350
f 358 359 351
f 359 352 351
f 359 360 352
f 360 353 352
f 360 361 353
f 361 354 353
f 361 362 354
f 362 347 354
f 362 355 347
f 363 356 355
f 363 364 356
f 364 357 356
f 364 365 357
f 365 358 357
f 365 366 358
f 366 359 358
f 366 367 359
f 367 360 359
f 367 368 360
f 368 361 360
f 368 369 361
f 369 362 361
f 369 370 362
f 370 355 362
f 370 363 355
f 371 364 363
f 371 372 364
f 372 365 364
f 372 373 365
f 373 366 365
f 373 374 366
f 374 367 366
f 374 375 367
f 375 368 367
f 375 376 368
f 376 369 368
f 376 377 369
f 377 370 369
f 377 378 370
f 378 363 370
f 378 371 363
f 379 381 382
f 380 414 413
f 379 382 383
f 380 415 414
f 379 383 384
f 380 416 415
f 379 384 385
f 380 417 416
f 379 385 386
f 380 418 417
f 379 386 387
f 380 419 418
f 379 387 388
f 380 420 419
f 379 388 381
f 380 413 420
f 389 382 381
f 389 390 382
f 390 383 382
f 390 391 383
f 391 384 383
f 391 392 384
f 392 385 384
f 392 393 385
f 393 386 385
f 393 394 386
f 394 387 386
f 394 395 387
f 395 388 387
f 395 396 388
f 396 381 388
f 396 389 381
f 397 390 389
f 397 398 390
f 398 391 390
f 398 399 391
f 399 392 391
f 399 400 392
f 400 393 392
f 400 401 393
f 401 394 393
f 401 402 394
f 402 395 394
f 402 403 395
f 403 396 395
f 403 404 396
f 404 389 396
f 404 397 389
f 405 398 397
f 405 406 398
f 406 399 398
f 406 407 399
f 407 400 399
f 407 408 400
f 408 401 400
f 408 409 401
f 409 402 401
f 409 410 402
f 410 403 402
f 410 411 403
f 411 404 403
f 411 412 404
f 412 397 404
f 412 405 397
f 413 406 405
f 413 414 406
f 414 407 406
f 414 415 407
f 415 408 407
f 415 416 408
f 416 409 408
f 416 417 409
f 417 410 409
f 417 418 410
f 418 411 410
f 418 419 411
f 419 412 411
f 419 420 412
f 420 405 412
f 420 413 405
f 421 423 424
f 422 456 455
f 421 424 425
f 422 457 456
f 421 425 426
f 422 458 457
f 421 426 427
f 422 459 458
f 421 427 428
f 422 460 459
f 421 428 429
f 422 461 460
f 421 429 430
f 422 462 461
f 421 430 423
f 422 455 462
f 431 424 423
f 431 432 424
f 432 425 424
f 432 433 425
f 433 426 425
f 433 434 426
f 434 427 426
f 434 435 427
f 435 428 427
f 435 436 428
f 436 429 428
f 436 437 429
f 437 430 429
f 437 438 430
f 438 423 430
f 438 431 423
f 439 432 431
f 439 440 432
f 440 433 432
f 440 441 433
f 441 434 433
f 441 442 434
f 442 435 434
f 442 443 435
f 443 436 435
f 443 444 436
f 444 437 436
f 444 445 437
f 445 438 437
f 445 446 438
f 446 431 438
f 446 439 431
f 447 440 439
f 447 448 440
f 448 441 440
f 448 449 441
f 449 442 441
f 449 450 442
f 450 443 442
f 450 451 443
f 451 444 443
f 451 452 444
f 452 445 444
f 452 453 445
f 453 446 445
f 453 454 446
f 454 439 446
f 454 447 439
f 455 448 447
f 455 456 448
f 456 449 448
f 456 457 449
f 457 450 449
f 457 458 450
f 458 451 450
f 458 459 451
f 459 452 451
f 459 460 452
f 460 453 452
f 460 461 453
f 461 454 453
f 461 462 454
f 462 447 454
f 462 455 447
f 463 465 466
f 464 498 497
f 463 466 467
f 464 499 498
f 463 467 468
f 464 500 499
f 463 468 469
f 464 501 500
f 463 469 470
f 464 502 501
f 463 470 471
f 464 503 502
f 463 471 472
f 464 504 503
f 463 472 465
f 464 497 504
f 473 466 465
f 473 474 466
f 474 467 466
f 474 475 467
f 475 468 467
f 475 476 468
f 476 469 468
f 476 477 469
f 477 470 469
f 477 478 470
f 478 471 470
f 478 479 471
f 479 472 471
f 479 480 472
f 480 465 472
f 480 473 465
f 481 474 473
f 481 482 474
f 482 475 474
f 482 483 475
f 483 476 475
f 483 484 476
f 484 477 476
f 484 485 477
f 485 478 477
f 485 486 478
f 486 479 478
f 486 487 479
f 487 480 479
f 487 488 480
f 488 473 480
f 488 481 473
f 489 482 481
f 489 490 482
f 490 483 482
f 490 491 483
f 491 484 483
f 491 492 484
f 492 485 484
f 492 493 485
f 493 486 485
f 493 494 486
f 494 487 486
f 494 495 487
f 495 488 487
f 495 496 488
f 496 481 488
f 496 489 481
f 497 490 489
f 497 498 490
f 498 491 490
f 498 499 491
f 499 492 491
f 499 500 492
f 500 493 492
f 500 501 493
f 501 494 493
f 501 502 494
f 502 495 494
f 502 503 495
f 503 496 495
f 503 504 496
f 504 489 496
f 504 497 489
f 505 507 508
f 506 540 539
f 505 508 509
f 506 541 540
f 505 509 510
f 506 542 541
f 505 510 511
f 506 543 542
f 505 511 512
f 506 544 543
f 505 512 513
f 506 545 544
f 505 513 514
f 506 546 545
f 505 514 507
f 506 539 546
f 515 508 507
f 515 516 508
f 516 509 508
f 516 517 509
f 517 510 509
f 517 518 510
f 518 511 510
f 518 519 511
f 519 512 511
f 519 520 512
f 520 513 512
f 520 521 513
f 521 514 513
f 521 522 514
f 522 507 514
f 522 515 507
f 523 516 515
f 523 524 516
f 524 517 516
f 524 525 517
f 525 518 517
f 525 526 518
f 526 519 518
f 526 527 519
f 527 520 519
f 527 528 520
f 528 521 520
f 528 529 521
f 529 522 521
f 529 530 522
f 530 515 522
f 530 523 515
f 531 524 523
f 531 532 524
f 532 525 524
f 532 533 525
f 533 526 525
f 533 534 526
f 534 527 526
f 534 535 527
f 535 528 527
f 535 536 528
f 536 529 528
f 536 537 529
f 537 530 529
f 537 538 530
f 538 523 530
f 538 531 523
f 539 532 531
f 539 540 532
f 540 533 532
f 540 541 533
f 541 534 533
f 541 542 534
f 542 535 534
f 542 543 535
f 543 536 535
f 543 544 536
f 544 537 536
f 544 545 537
f 545 538 537
f 545 546 538
f 546 531 538
f 546 539 531
f 547 549 550
f 548 582 581
f 547 550 551
f 548 583 582
f 547 551 552
f 548 584 583
f 547 552 553
f 548 585 584
f 547 553 554
f 548 586 585
f 547 554 555
f 548 587 586
f 547 555 556
f 548 588 587
f 547 556 549
f 548 581 588
f 557 550 549
f 557 558 550
f 558 551 550
f 558 559 551
f 559 552 551
f 559 560 552
f 560 553 552
f 560 561 553
f 561 554 553
f 561 562 554
f 562 555 554
f 562 563 555
f 563 556 555
f 563 564 556
f 564 549 556
f 564 557 549
f 565 558 557
f 565 566 558
f 566 559 558
f 566 567 559
f 567 560 559
f 567 568 560
f 568 561 560
f 568 569 561
f 569 562 561
f 569 570 562
f 570 563 562
f 570 571 563
f 571 564 563
f 571 572 564
f 572 557 564
f 572 565 557
f 573 566 565
f 573 574 566
f 574 567 566
f 574 575 567
f 575 568 567
f 575 576 568
f 576 569 568
f 576 577 569
f 577 570 569
f 577 578 570
f 578 571 570
f 578 579 571
f 579 572 571
f 579 580 572
f 580 565 572
f 580 573 565
f 581 574 573
f 581 582 574
f 582 575 574
f 582 583 575
f 583 576 575
f 583 584 576
f 584 577 576
f 584 585 577
f 585 578 577
f 585 586 578
f 586 579 578
f 586 587 579
f 587 580 579
f 587 588 580
f 588 573 580
f 588 581 573
f 589 591 592
f 590 624 623
f 589 592 593
f 590 625 624
f 589 593 594
f 590 626 625
f 589 594 595
f 590 627 626
f 589 595 596
f 590 628 627
f 589 596 597
f 590 629 628
f 589 597 598
f 590 630 629
f 589 598 591
f 590 623 630
f 599 592 591
f 599 600 592
f 600 593 592
f 600 601 593
f 601 594 593
f 601 602 594
f 602 595 594
f 602 603 595
f 603 596 595
f 603 604 596
f 604 597 596
f 604 605 597
f 605 598 597
f 605 606 598
f 606 591 598
f 606 599 591
f 607 600 599
f 607 608 600
f 608 601 600
f 608 609 601
f 609 602 601
f 609 610 602
f 610 603 602
f 610 611 603
f 611 604 603
f 611 612 604
f 612 605 604
f 612 613 605
f 613 606 605
f 613 614 606
f 614 599 606
f 614 607 599
f 615 608 607
f 615 616 608
f 616 609 608
f 616 617 609
f 617 610 609
f 617 618 610
f 618 611 610
f 618 619 611
f 619 612 611
f 619 620 612
f 620 613 612
f 620 621 613
f 621 614 613
f 621 622 614
f 622 607 614
f 622 615 607
f 623 616 615
f 623 624 616
f 624 617 616
f 624 625 617
f 625 618 617
f 625 626 618
f 626 619 618
f 626 627 619
f 627 620 619
f 627 628 620
f 628 621 620
f 628 629 621
f 629 622 621
f 629 630 622
f 630 615 622
f 630 623 615
f 631 633 634
f 632 666 665
f 631 634 635
f 632 667 666
f 631 635 636
f 632 668 667
f 631 636 637
f 632 669 668
f 631 637 638
f 632 670 669
f 631 638 639
f 632 671 670
f 631 639 640
f 632 672 671
f 631 640 633
f 632 665 672
f 641 634 633
f 641 642 634
f 642 635 634
f 642 643 635
f 643 636 635
f 643 644 636
f 644 637 636
f 644 645 637
f 645 638 637
f 645 646 638
f 646 639 638
f 646 647 639
f 647 640 639
f 647 648 640
f 648 633 640
f 648 641 633
f 649 642 641
f 649 650 642
f 650 643 642
f 650 651 643
f 651 644 643
f 651 652 644
f 652 645 644
f 652 653 645
f 653 646 645
f 653 654 646
f 654 647 646
f 654 655 647
f 655 648 647
f 655 656 648
f 656 641 648
f 656 649 641
f 657 650 649
f 657 658 650
f 658 651 650
f 658 659 651
f 659 652 651
f 659 660 652
f 660 653 652
f 660 661 653
f 661 654 653
f 661 662 654
f 662 655 654
f 662 663 655
f 663 656 655
f 663 664 656
f 664 649 656
f 664 657 649
f 665 658 657
f 665 666 658
f 666 659 658
f 666 667 659
f 667 660 659
f 667 668 660
f 668 661 660
f 668 669 661
f 669 662 661
f 669 670 662
f 670 663 662
f 670 671 663
f 671 664 663
f 671 672 664
f 672 657 664
f 672 665 657
f 673 675 676
f 674 708 707
f 673 676 677
f 674 709 708
f 673 677 678
f 674 710 709
f 673 678 679
f 674 711 710
f 673 679 680
f 674 712 711
f 673 680 681
f 674 713 712
f 673 681 682
f 674 714 713
f 673 682 675
f 674 707 714
f 683 676 675
f 683 684 676
f 684 677 676
f 684 685 677
f 685 678 677
f 685 686 678
f 686 679 678
f 686 687 679
f 687 680 679
f 687 688 680
f 688 681 680
f 688 689 681
f 689 682 681
f 689 690 682
f 690 675 682
f 690 683 675
f 691 684 683
f 691 692 684
f 692 685 684
f 692 693 685
f 693 686 685
f 693 694 686
f 694 687 686
f 694 695 687
f 695 688 687
f 695 696 688
f 696 689 688
f 696 697 689
f 697 690 689
f 697 698 690
f 698 683 690
f 698 691 683
f 699 692 691
f 699 700 692
f 700 693 692
f 700 701 693
f 701 694 693
f 701 702 694
f 702 695 694
f 702 703 695
f 703 696 695
f 703 704 696
f 704 697 696
f 704 705 697
f 705 698 697
f 705 706 698
f 706 691 698
f 706 699 691
f 707 700 699
f 707 708 700
f 708 701 700
f 708 709 701
f 709 702 701
f 709 710 702
f 710 703 702
f 710 711 703
f 711 704 703
f 711 712 704
f 712 705 704
f 712 713 705
f 713 706 705
f 713 714 706
f 714 699 706
f 714 707 699
f 715 717 718
f 716 750 749
f 715 718 719
f 716 751 750
f 715 719 720
f 716 752 751
f 715 720 721
f 716 753 752
f 715 721 722
f 716 754 753
f 715 722 723
f 716 755 754
f 715 723 724
f 716 756 755
f 715 724 717
f 716 749 756
f 725 718 717
f 725 726 718
f 726 719 718
f 726 727 719
f 727 720 719
f 727 728 720
f 728 721 720
f 728 729 721
f 729 722 721
f 729 730 722
f 730 723 722
f 730 731 723
f 731 724 723
f 731 732 724
f 732 717 724
f 732 725 717
f 733 726 725
f 733 734 726
f 734 727 726
f 734 735 727
f 735 728 727
f 735 736 728
f 736 729 728
f 736 737 729
f 737 730 729
f 737 738 730
f 738 731 730
f 738 739 731
f 739 732 731
f 739 740 732
f 740 725 732
f 740 733 725
f 741 734 733
f 741 742 734
f 742 735 734
f 742 743 735
f 743 736 735
f 743 744 736
f 744 737 736
f 744 745 737
f 745 738 737
f 745 746 738
f 746 739 738
f 746 747 739
f 747 740 739
f 747 748 740
f 748 733 740
f 748 741 733
f 749 742 741
f 749 750 742
f 750 743 742
f 750 751 743
f 751 744 743
f 751 752 744
f 752 745 744
f 752 753 745
f 753 746 745
f 753 754 746
f 754 747 746
f 754 755 747
f 755 748 747
f 755 756 748
f 756 741 748
f 756 749 741
f 757 759 760
f 758 792 791
f 757 760 761
f 758 793 792
f 757 761 762
f 758 794 793
f 757 762 763
f 758 795 794
f 757 763 764
f 758 796 795
f 757 764 765
f 758 797 796
f 757 765 766
f 758 798 797
f 757 766 759
f 758 791 798
f 767 760 759
f 767 768 760
f 768 761 760
f 768 769 761
f 769 762 761
f 769 770 762
f 770 763 762
f 770 771 763
f 771 764 763
f 771 772 764
f 772 765 764
f 772 773 765
f 773 766 765
f 773 774 766
f 774 759 766
f 774 767 759
f 775 768 767
f 775 776 768
f 776 769 768
f 776 777 769
f 777 770 769
f 777 778 770
f 778 771 770
f 778 779 771
f 779 772 771
f 779 780 772
f 780 773 772
f 780 781 773
f 781 774 773
f 781 782 774
f 782 767 774
f 782 775 767
f 783 776 775
f 783 784 776
f 784 777 776
f 784 785 777
f 785 778 777
f 785 786 778
f 786 779 778
f 786 787 779
f 787 780 779
f 787 788 780
f 788 781 780
f 788 789 781
f 789 782 781
f 789 790 782
f 790 775 782
f 790 783 775
f 791 784 783
f 791 792 784
f 792 785 784
f 792 793 785
f 793 786 785
f 793 794 786
f 794 787 786
f 794 795 787
f 795 788 787
f 795 796 788
f 796 789 788
f 796 797 789
f 797 790 789
f 797 798 790
f 798 783 790
f 798 791 783
f 799 801 802
f 800 834 833
f 799 802 803
f 800 835 834
f 799 803 804
f 800 836 835
f 799 804 805
f 800 837 836
f 799 805 806
f 800 838 837
f 799 806 807
f 800 839 838
f 799 807 808
f 800 840 839
f 799 808 801
f 800 833 840
f 809 802 801
f 809 810 802
f 810 803 802
f 810 811 803
f 811 804 803
f 811 812 804
f 812 805 804
f 812 813 805
f 813 806 805
f 813 814 806
f 814 807 806
f 814 815 807
f 815 808 807
f 815 816 808
f 816 801 808
f 816 809 801
f 817 810 809
f 817 818 810
f 818 811 810
f 818 819 811
f 819 812 811
f 819 820 812
f 820 813 812
f 820 821 813
f 821 814 813
f 821 822 814
f 822 815 814
f 822 823 815
f 823 816 815
f 823 824 816
f 824 809 816
f 824 817 809
f 825 818 817
f 825 826 818
f 826 819 818
f 826 827 819
f 827 820 819
f 827 828 820
f 828 821 820
f 828 829 821
f 829 822 821
f 829 830 822
f 830 823 822
f 830 831 823
f 831 824 823
f 831 832 824
f 832 817 824
f 832 825 817
f 833 826 825
f 833 834 826
f 834 827 826
f 834 835 827
f 835 828 827
f 835 836 828
f 836 829 828
f 836 837 829
f 837 830 829
f 837 838 830
f 838 831 830
f 838 839 831
f 839 832 831
f 839 840 832
f 840 825 832
f 840 833 825
f 841 843 844
f 842 876 875
f 841 844 845
f 842 877 876
f 841 845 846
f 842 878 877
f 841 846 847
f 842 879 878
f 841 847 848
f 842 880 879
f 841 848 849
f 842 881 880
f 841 849 850
f 842 882 881
f 841 850 843
f 842 875 882
f 851 844 843
f 851 852 844
f 852 845 844
f 852 853 845
f 853 846 845
f 853 854 846
f 854 847 846
f 854 855 847
f 855 848 847
f 855 856 848
f 856 849 848
f 856 857 849
f 857 850 849
f 857 858 850
f 858 843 850
f 858 851 843
f 859 852 851
f 859 860 852
f 860 853 852
f 860 861 853
f 861 854 853
f 861 862 854
f 862 855 854
f 862 863 855
f 863 856 855
f 863 864 856
f 864 857 856
f 864 865 857
f 865 858 857
f 865 866 858
f 866 851 858
f 866 859 851
f 867 860 859
f 867 868 860
f 868 861 860
f 868 869 861
f 869 862 861
f 869 870 862
f 870 863 862
f 870 871 863
f 871 864 863
f 871 872 864
f 872 865 864
f 872 873 865
f 873 866 865
f 873 874 866
f 874 859 866
f 874 867 859
f 875 868 867
f 875 876 868
f 876 869 868
f 876 877 869
f 877 870 869
f 877 878 870
f 878 871 870
f 878 879 871
f 879 872 871
f 879 880 872
f 880 873 872
f 880 881 873
f 881 874 873
f 881 882 874
f 882 867 874
f 882 875 867
f 883 885 886
f 884 918 917
f 883 886 887
f 884 919 918
f 883 887 888
f 884 920 919
f 883 888 889
f 884 921 920
f 883 889 890
f 884 922 921
f 883 890 891
f 884 923 922
f 883 891 892
f 884 924 923
f 883 892 885
f 884 917 924
f 893 886 885
f 893 894 886
f 894 887 886
f 894 895 887
f 895 888 887
f 895 896 888
f 896 889 888
f 896 897 889
f 897 890 889
f 897 898 890
f 898 891 890
f 898 899 891
f 899 892 891
f 899 900 892
f 900 885 892
f 900 893 885
f 901 894 893
f 901 902 894
f 902 895 894
f 902 903 895
f 903 896 895
f 903 904 896
f 904 897 896
f 904 905 897
f 905 898 897
f 905 906 898
f 906 899 898
f 906 907 899
f 907 900 899
f 907 908 900
f 908 893 900
f 908 901 893
f 909 902 901
f 909 910 902
f 910 903 902
f 910 911 903
f 911 904 903
f 911 912 904
f 912 905 904
f 912 913 905
f 913 906 905
f 913 914 906
f 914 907 906
f 914 915 907
f 915 908 907
f 915 916 908
f 916 901 908
f 916 909 901
f 917 910 909
f 917 918 910
f 918 911 910
f 918 919 911
f 919 912 911
f 919 920 912
f 920 913 912
f 920 921 913
f 921 914 913
f 921 922 914
f 922 915 914
f 922 923 915
f 923 916 915
f 923 924 916
f 924 909 916
f 924 917 909
f 925 927 928
f 926 960 959
f 925 928 929
f 926 961 960
f 925 929 930
f 926 962 961
f 925 930 931
f 926 963 962
f 925 931 932
f 926 964 963
f 925 932 933
f 926 965 964
f 925 933 934
f 926 966 965
f 925 934 927
f 926 959 966
f 935 928 927
f 935 936 928
f 936 929 928
f 936 937 929
f 937 930 929
f 937 938 930
f 938 931 930
f 938 939 931
f 939 932 931
f 939 940 932
f 940 933 932
f 940 941 933
f 941 934 933
f 941 942 934
f 942 927 934
f 942 935 927
f 943 936 935
f 943 944 936
f 944 937 936
f 944 945 937
f 945 938 937
f 945 946 938
f 946 939 938
f 946 947 939
f 947 940 939
f 947 948 940
f 948 941 940
f 948 949 941
f 949 942 941
f 949 950 942
f 950 935 942
f 950 943 935
f 951 944 943
f 951 952 944
f 952 945 944
f 952 953 945
f 953 946 945
f 953 954 946
f 954 947 946
f 954 955 947
f 955 948 947
f 955 956 948
f 956 949 948
f 956 957 949
f 957 950 949
f 957 958 950
f 958 943 950
f 958 951 943
f 959 952 951
f 959 960 952
f 960 953 952
f 960 961 953
f 961 954 953
f 961 962 954
f 962 955 954
f 962 963 955
f 963 956 955
f 963 964 956
f 964 957 956
f 964 965 957
f 965 958 957
f 965 966 958
f 966 951 958
f 966 959 951
f 967 969 970
f 968 1002 1001
f 967 970 971
f 968 1003 1002
f 967 971 972
f 968 1004 1003
f 967 972 973
f 968 1005 1004
f 967 973 974
f 968 1006 1005
f 967 974 975
f 968 1007 1006
f 967 975 976
f 968 1008 1007
f 967 976 969
f 968 1001 1008
f 977 970 969
f 977 978 970
f 978 971 970
f 978 979 971
f 979 972 971
f 979 980 972
f 980 973 972
f 980 981 973
f 981 974 973
f 981 982 974
f 982 975 974
f 982 983 975
f 983 976 975
f 983 984 976
f 984 969 976
f 984 977 969
f 985 978 977
f 985 986 978
f 986 979 978
f 986 987 979
f 987 980 979
f 987 988 980
f 988 981 980
f 988 989 981
f 989 982 981
f 989 990 982
f 990 983 982
f 990 991 983
f 991 984 983
f 991 992 984
f 992 977 984
f 992 985 977
f 993 986 985
f 993 994 986
f 994 987 986
f 994 995 987
f 995 988 987
f 995 996 988
f 996 989 988
f 996 997 989
f 997 990 989
f 997 998 990
f 998 991 990
f 998 999 991
f 999 992 991
f 999 1000 992
f 1000 985 992
f 1000 993 985
f 1001 994 993
f 1001 1002 994
f 1002 995 994
f 1002 1003 995
f 1003 996 995
f 1003 1004 996
f 1004 997 996
f 1004 1005 997
f 1005 998 997
f 1005 1006 998
f 1006 999 998
f 1006 1007 999
f 1007 1000 999
f 1007 1008 1000
f 1008 993 1000
f 1008 1001 993
f 1009 1011 1012
f 1010 1044 1043
f 1009 1012 1013
f 1010 1045 1044
f 1009 1013 1014
f 1010 1046 1045
f 1009 1014 1015
f 1010 1047 1046
f 1009 1015 1016
f 1010 1048 1047
f 1009 1016 1017
f 1010 1049 1048
f 1009 1017 1018
f 1010 1050 1049
f 1009 1018 1011
f 1010 1043 1050
f 1019 1012 1011
f 1019 1020 1012
f 1020 1013 1012
f 1020 1021 1013
f 1021 1014 1013
f 1021 1022 1014
f 1022 1015 1014
f 1022 1023 1015
f 1023 1016 1015
f 1023 1024 1016
f 1024 1017 1016
f 1024 1025 1017
f 1025 1018 1017
f 1025 1026 1018
f 1026 1011 1018
f 1026 1019 1011
f 1027 1020 1019
f 1027 1028 1020
f 1028 1021 1020
f 1028 1029 1021
f 1029 1022 1021
f 1029 1030 1022
f 1030 1023 1022
f 1030 1031 1023
f 1031 1024 1023
f 1031 1032 1024
f 1032 1025 1024
f 1032 1033 1025
f 1033 1026 1025
f 1033 1034 1026
f 1034 1019 1026
f 1034 1027 1019
f 1035 1028 1027
f 1035 1036 1028
f 1036 1029 1028
f 1036 1037 1029
f 1037 1030 1029
f 1037 1038 1030
f 1038 1031 1030
f 1038 1039 1031
f 1039 1032 1031
f 1039 1040 1032
f 1040 1033 1032
f 1040 1041 1033
f 1041 1034 1033
f 1041 1042 1034
f 1042 1027 1034
f 1042 1035 1027
f 1043 1036 1035
f 1043 1044 1036
f 1044 1037 1036
f 1044 1045 1037
f 1045 1038 1037
f 1045 1046 1038
f 1046 1039 1038
f 1046 1047 1039
f 1047 1040 1039
f 1047 1048 1040
f 1048 1041 1040
f 1048 1049 1041
f 1049 1042 1041
f 1049 1050 1042
f 1050 1035 1042
f 1050 1043 1035
f 1051 1053 1054
f 1052 1086 1085
f 1051 1054 1055
f 1052 1087 1086
f 1051 1055 1056
f 1052 1088 1087
f 1051 1056 1057
f 1052 1089 1088
f 1051 1057 1058
f 1052 1090 1089
f 1051 1058 1059
f 1052 1091 1090
f 1051 1059 1060
f 1052 1092 1091
f 1051 1060 1053
f 1052 1085 1092
f 1061 1054 1053
f 1061 1062 1054
f 1062 1055 1054
f 1062 1063 1055
f 1063 1056 1055
f 1063 1064 1056
f 1064 1057 1056
f 1064 1065 1057
f 1065 1058 1057
f 1065 1066 1058
f 1066 1059 1058
f 1066 1067 1059
f 1067 1060 1059
f 1067 1068 1060
f 1068 1053 1060
f 1068 1061 1053
f 1069 1062 1061
f 1069 1070 1062
f 1070 1063 1062
f 1070 1071 1063
f 1071 1064 1063
f 1071 1072 1064
f 1072 1065 1064
f 1072 1073 1065
f 1073 1066 1065
f 1073 1074 1066
f 1074 1067 1066
f 1074 1075 1067
f 1075 1068 1067
f 1075 1076 1068
f 1076 1061 1068
f 1076 1069 1061
f 1077 1070 1069
f 1077 1078 1070
f 1078 1071 1070
f 1078 1079 1071
f 1079 1072 1071
f 1079 1080 1072
f 1080 1073 1072
f 1080 1081 1073
f 1081 1074 1073
f 1081 1082 1074
f 1082 1075 1074
f 1082 1083 1075
f 1083 1076 1075
f 1083 1084 1076
f 1084 1069 1076
f 1084 1077 1069
f 1085 1078 1077
f 1085 1086 1078
f 1086 1079 1078
f 1086 1087 1079
f 1087 1080 1079
f 1087 1088 1080
f 1088 1081 1080
f 1088 1089 1081
f 1089 1082 1081
f 1089 1090 1082
f 1090 1083 1082
f 1090 1091 1083
f 1091 1084 1083
f 1091 1092 1084
f 1092 1077 1084
f 1092 1085 1077
f 1093 1095 1096
f 1094 1128 1127
f 1093 1096 1097
f 1094 1129 1128
f 1093 1097 1098
f 1094 1130 1129
f 1093 1098 1099
f 1094 1131 1130
f 1093 1099 1100
f 1094 1132 1131
f 1093 1100 1101
f 1094 1133 1132
f 1093 1101 1102
f 1094 1134 1133
f 1093 1102 1095
f 1094 1127 1134
f 1103 1096 1095
f 1103 1104 1096
f 1104 1097 1096
f 1104 1105 1097
f 1105 1098 1097
f 1105 1106 1098
f 1106 1099 1098
f 1106 1107 1099
f 1107 1100 1099
f 1107 1108 1100
f 1108 1101 1100
f 1108 1109 1101
f 1109 1102 1101
f 1109 1110 1102
f 1110 1095 1102
f 1110 1103 1095
f 1111 1104 1103
f 1111 1112 1104
f 1112 1105 1104
f 1112 1113 1105
f 1113 1106 1105
f 1113 1114 1106
f 1114 1107 1106
f 1114 1115 1107
f 1115 1108 1107
f 1115 1116 1108
f 1116 1109 1108
f 1116 1117 1109
f 1117 1110 1109
f 1117 1118 1110
f 1118 1103 1110
f 1118 1111 1103
f 1119 1112 1111
f 1119 1120 1112
f 1120 1113 1112
f 1120 1121 1113
f 1121 1114 1113
f 1121 1122 1114
f 1122 1115 1114
f 1122 1123 1115
f 1123 1116 1115
f 1123 1124 1116
f 1124 1117 1116
f 1124 1125 1117
f 1125 1118 1117
f 1125 1126 1118
f 1126 1111 1118
f 1126 1119 1111
f 1127 1120 1119
f 1127 1128 1120
f 1128 1121 1120
f 1128 1129 1121
f 1129 1122 1121
f 1129 1130 1122
f 1130 1123 1122
f 1130 1131 1123
f 1131 1124 1123
f 1131 1132 1124
f 1132 1125 1124
f 1132 1133 1125
f 1133 1126 1125
f 1133 1134 1126
f 1134 1119 1126
f 1134 1127 1119
f 1135 1137 1138
f 1136 1170 1169
f 1135 1138 1139
f 1136 1171 1170
f 1135 1139 1140
f 1136 1172 1171
f 1135 1140 1141
f 1136 1173 1172
f 1135 1141 1142
f 1136 1174 1173
f 1135 1142 1143
f 1136 1175 1174
f 1135 1143 1144
f 1136 1176 1175
f 1135 1144 1137
f 1136 1169 1176
f 1145 1138 1137
f 1145 1146 1138
f 1146 1139 1138
f 1146 1147 1139
f 1147 1140 1139
f 1147 1148 1140
f 1148 1141 1140
f 1148 1149 1141
f 1149 1142 1141
f 1149 1150 1142
f 1150 1143 1142
f 1150 1151 1143
f 1151 1144 1143
f 1151 1152 1144
f 1152 1137 1144
f 1152 1145 1137
f 1153 1146 1145
f 1153 1154 1146
f 1154 1147 1146
f 1154 1155 1147
f 1155 1148 1147
f 1155 1156 1148
f 1156 1149 1148
f 1156 1157 1149
f 1157 1150 1149
f 1157 1158 1150
f 1158 1151 1150
f 1158 1159 1151
f 1159 1152 1151
f 1159 1160 1152
f 1160 1145 1152
f 1160 1153 1145
f 1161 1154 1153
f 1161 1162 1154
f 1162 1155 1154
f 1162 1163 1155
f 1163 1156 1155
f 1163 1164 1156
f 1164 1157 1156
f 1164 1165 1157
f 1165 1158 1157
f 1165 1166 1158
f 1166 1159 1158
f 1166 1167 1159
f 1167 1160 1159
f 1167 1168 1160
f 1168 1153 1160
f 1168 1161 1153
f 1169 1162 1161
f 1169 1170 1162
f 1170 1163 1162
f 1170 1171 1163
f 1171 1164 1163
f 1171 1172 1164
f 1172 1165 1164
f 1172 1173 1165
f 1173 1166 1165
f 1173 1174 1166
f 1174 1167 1166
f 1174 1175 1167
f 1175 1168 1167
f 1175 1176 1168
f 1176 1161 1168
f 1176 1169 1161
f 1177 1179 1180
f 1178 1212 1211
f 1177 1180 1181
f 1178 1213 1212
f 1177 1181 1182
f 1178 1214 1213
f 1177 1182 1183
f 1178 1215 1214
f 1177 1183 1184
f 1178 1216 1215
f 1177 1184 1185
f 1178 1217 1216
f 1177 1185 1186
f 1178 1218 1217
f 1177 1186 1179
f 1178 1211 1218
f 1187 1180 1179
f 1187 1188 1180
f 1188 1181 1180
f 1188 1189 1181
f 1189 1182 1181
f 1189 1190 1182
f 1190 1183 1182
f 1190 1191 1183
f 1191 1184 1183
f 1191 1192 1184
f 1192 1185 1184
f 1192 1193 1185
f 1193 1186 1185
f 1193 1194 1186
f 1194 1179 1186
f 1194 1187 1179
f 1195 1188 1187
f 1195 1196 1188
f 1196 1189 1188
f 1196 1197 1189
f 1197 1190 1189
f 1197 1198 1190
f 1198 1191 1190
f 1198 1199 1191
f 1199 1192 1191
f 1199 1200 1192
f 1200 1193 1192
f 1200 1201 1193
f 1201 1194 1193
f 1201 1202 1194
f 1202 1187 1194
f 1202 1195 1187
f 1203 1196 1195
f 1203 1204 1196
f 1204 1197 1196
f 1204 1205 1197
f 1205 1198 1197
f 1205 1206 1198
f 1206 1199 1198
f 1206 1207 1199
f 1207 1200 1199
f 1207 1208 1200
f 1208 1201 1200
f 1208 1209 1201
f 1209 1202 1201
f 1209 1210 1202
f 1210 1195 1202
f 1210 1203 1195
f 1211 1204 1203
f 1211 1212 1204
f 1212 1205 1204
f 1212 1213 1205
f 1213 1206 1205
f 1213 1214 1206
f 1214 1207 1206
f 1214 1215 1207
f 1215 1208 1207
f 1215 1216 1208
f 1216 1209 1208
f 1216 1217 1209
f 1217 1210 1209
f 1217 1218 1210
f 1218 1203 1210
f 1218 1211 1203
f 1219 1221 1222
f 1220 1254 1253
f 1219 1222 1223
f 1220 1255 1254
f 1219 1223 1224
f 1220 1256 1255
f 1219 1224 1225
f 1220 1257 1256
f 1219 1225 1226
f 1220 1258 1257
f 1219 1226 1227
f 1220 1259 1258
f 1219 1227 1228
f 1220 1260 1259
f 1219 1228 1221
f 1220 1253 1260
f 1229 1222 1221
f 1229 1230 1222
f 1230 1223 1222
f 1230 1231 1223
f 1231 1224 1223
f 1231 1232 1224
f 1232 1225 1224
f 1232 1233 1225
f 1233 1226 1225
f 1233 1234 1226
f 1234 1227 1226
f 1234 1235 1227
f 1235 1228 1227
f 1235 1236 1228
f 1236 1221 1228
f 1236 1229 1221
f 1237 1230 1229
f 1237 1238 1230
f 1238 1231 1230
f 1238 1239 1231
f 1239 1232 1231
f 1239 1240 1232
f 1240 1233 1232
f 1240 1241 1233
f 1241 1234 1233
f 1241 1242 1234
f 1242 1235 1234
f 1242 1243 1235
f 1243 1236 1235
f 1243 1244 1236
f 1244 1229 1236
f 1244 1237 1229
f 1245 1238 1237
f 1245 1246 1238
f 1246 1239 1238
f 1246 1247 1239
f 1247 1240 1239
f 1247 1248 1240
f 1248 1241 1240
f 1248 1249 1241
f 1249 1242 1241
f 1249 1250 1242
f 1250 1243 1242
f 1250 1251 1243
f 1251 1244 1243
f 1251 1252 1244
f 1252 1237 1244
f 1252 1245 1237
f 1253 1246 1245
f 1253 1254 1246
f 1254 1247 1246
f 1254 1255 1247
f 1255 1248 1247
f 1255 1256 1248
f 1256 1249 1248
f 1256 1257 1249
f 1257 1250 1249
f 1257 1258 1250
f 1258 1251 1250
f 1258 1259 1251
f 1259 1252 1251
f 1259 1260 1252
f 1260 1245 1252
f 1260 1253 1245
f 1261 1263 1264
f 1262 1296 1295
f 1261 1264 1265
f 1262 1297 1296
f 1261 1265 1266
f 1262 1298 1297
f 1261 1266 1267
f 1262 1299 1298
f 1261 1267 1268
f 1262 1300 1299
f 1261 1268 1269
f 1262 1301 1300
f 1261 1269 1270
f 1262 1302 1301
f 1261 1270 1263
f 1262 1295 1302
f 1271 1264 1263
f 1271 1272 1264
f 1272 1265 1264
f 1272 1273 1265
f 1273 1266 1265
f 1273 1274 1266
f 1274 1267 1266
f 1274 1275 1267
f 1275 1268 1267
f 1275 1276 1268
f 1276 1269 1268
f 1276 1277 1269
f 1277 1270 1269
f 1277 1278 1270
f 1278 1263 1270
f 1278 1271 1263
f 1279 1272 1271
f 1279 1280 1272
f 1280 1273 1272
f 1280 1281 1273
f 1281 1274 1273
f 1281 1282 1274
f 1282 1275 1274
f 1282 1283 1275
f 1283 1276 1275
f 1283 1284 1276
f 1284 1277 1276
f 1284 1285 1277
f 1285 1278 1277
f 1285 1286 1278
f 1286 1271 1278
f 1286 1279 1271
f 1287 1280 1279
f 1287 1288 1280
f 1288 1281 1280
f 1288 1289 1281
f 1289 1282 1281
f 1289 1290 1282
f 1290 1283 1282
f 1290 1291 1283
f 1291 1284 1283
f 1291 1292 1284
f 1292 1285 1284
f 1292 1293 1285
f 1293 1286 1285
f 1293 1294 1286
f 1294 1279 1286
f 1294 1287 1279
f 1295 1288 1287
f 1295 1296 1288
f 1296 1289 1288
f 1296 1297 1289
f 1297 1290 1289
f 1297 1298 1290
f 1298 1291 1290
f 1298 1299 1291
f 1299 1292 1291
f 1299 1300 1292
f 1300 1293 1292
f 1300 1301 1293
f 1301 1294 1293
f 1301 1302 1294
f 1302 1287 1294
f 1302 1295 1287
f 1303 1305 1306
f 1304 1338 1337
f 1303 1306 1307
f 1304 1339 1338
f 1303 1307 1308
f 1304 1340 1339
f 1303 1308 1309
f 1304 1341 1340
f 1303 1309 1310
f 1304 1342 1341
f 1303 1310 1311
f 1304 1343 1342
f 1303 1311 1312
f 1304 1344 1343
f 1303 1312 1305
f 1304 1337 1344
f 1313 1306 1305
f 1313 1314 1306
f 1314 1307 1306
f 1314 1315 1307
f 1315 1308 1307
f 1315 1316 1308
f 1316 1309 1308
f 1316 1317 1309
f 1317 1310 1309
f 1317 1318 1310
f 1318 1311 1310
f 1318 1319 1311
f 1319 1312 1311
f 1319 1320 1312
f 1320 1305 1312
f 1320 1313 1305
f 1321 1314 1313
f 1321 1322 1314
f 1322 1315 1314
f 1322 1323 1315
f 1323 1316 1315
f 1323 1324 1316
f 1324 1317 1316
f 1324 1325 1317
f 1325 1318 1317
f 1325 1326 1318
f 1326 1319 1318
f 1326 1327 1319
f 1327 1320 1319
f 1327 1328 1320
f 1328 1313 1320
f 1328 1321 1313
f 1329 1322 1321
f 1329 1330 1322
f 1330 1323 1322
f 1330 1331 1323
f 1331 1324 1323
f 1331 1332 1324
f 1332 1325 1324
f 1332 1333 1325
f 1333 1326 1325
f 1333 1334 1326
f 1334 1327 1326
f 1334 1335 1327
f 1335 1328 1327
f 1335 1336 1328
f 1336 1321 1328
f 1336 1329 1321
f 1337 1330 1329
f 1337 1338 1330
f 1338 1331 1330
f 1338 1339 1331
f 1339 1332 1331
f 1339 1340 1332
f 1340 1333 1332
f 1340 1341 1333
f 1341 1334 1333
f 1341 1342 1334
f 1342 1335 1334
f 1342 1343 1335
f 1343 1336 1335
f 1343 1344 1336
f 1344 1329 1336
f 1344 1337 1329
f 1345 1347 1348
f 1346 1380 1379
f 1345 1348 1349
f 1346 1381 1380
f 1345 1349 1350
f 1346 1382 1381
f 1345 1350 1351
f 1346 1383 1382
f 1345 1351 1352
f 1346 1384 1383
f 1345 1352 1353
f 1346 1385 1384
f 1345 1353 1354
f 1346 1386 1385
f 1345 1354 1347
f 1346 1379 1386
f 1355 1348 1347
f 1355 1356 1348
f 1356 1349 1348
f 1356 1357 1349
f 1357 1350 1349
f 1357 1358 1350
f 1358 1351 1350
f 1358 1359 1351
f 1359 1352 1351
f 1359 1360 1352
f 1360 1353 1352
f 1360 1361 1353
f 1361 1354 1353
f 1361 1362 1354
f 1362 1347 1354
f 1362 1355 1347
f 1363 1356 1355
f 1363 1364 1356
f 1364 1357 1356
f 1364 1365 1357
f 1365 1358 1357
f 1365 1366 1358
f 1366 1359 1358
f 1366 1367 1359
f 1367 1360 1359
f 1367 1368 1360
f 1368 1361 1360
f 1368 1369 1361
f 1369 1362 1361
f 1369 1370 1362
f 1370 1355 1362
f 1370 1363 1355
f 1371 1364 1363
f 1371 1372 1364
f 1372 1365 1364
f 1372 1373 1365
f 1373 1366 1365
f 1373 1374 1366
f 1374 1367 1366
f 1374 1375 1367
f 1375 1368 1367
f 1375 1376 1368
f 1376 1369 1368
f 1376 1377 1369
f 1377 1370 1369
f 1377 1378 1370
f 1378 1363 1370
f 1378 1371 1363
f 1379 1372 1371
f 1379 1380 1372
f 1380 1373 1372
f 1380 1381 1373
f 1381 1374 1373
f 1381 1382 1374
f 1382 1375 1374
f 1382 1383 1375
f 1383 1376 1375
f 1383 1384 1376
f 1384 1377 1376
f 1384 1385 1377
f 1385 1378 1377
f 1385 1386 1378
f 1386 1371 1378
f 1386 1379 1371
f 1387 1389 1390
f 1388 1422 1421
f 1387 1390 1391
f 1388 1423 1422
f 1387 1391 1392
f 1388 1424 1423
f 1387 1392 1393
f 1388 1425 1424
f 1387 1393 1394
f 1388 1426 1425
f 1387 1394 1395
f 1388 1427 1426
f 1387 1395 1396
f 1388 1428 1427
f 1387 1396 1389
f 1388 1421 1428
f 1397 1390 1389
f 1397 1398 1390
f 1398 1391 1390
f 1398 1399 1391
f 1399 1392 1391
f 1399 1400 1392
f 1400 1393 1392
f 1400 1401 1393
f 1401 1394 1393
f 1401 1402 1394
f 1402 1395 1394
f 1402 1403 1395
f 1403 1396 1395
f 1403 1404 1396
f 1404 1389 1396
f 1404 1397 1389
f 1405 1398 1397
f 1405 1406 1398
f 1406 1399 1398
f 1406 1407 1399
f 1407 1400 1399
f 1407 1408 1400
f 1408 1401 1400
f 1408 1409 1401
f 1409 1402 1401
f 1409 1410 1402
f 1410 1403 1402
f 1410 1411 1403
f 1411 1404 1403
f 1411 1412 1404
f 1412 1397 1404
f 1412 1405 1397
f 1413 1406 1405
f 1413 1414 1406
f 1414 1407 1406
f 1414 1415 1407
f 1415 1408 1407
f 1415 1416 1408
f 1416 1409 1408
f 1416 1417 1409
f 1417 1410 1409
f 1417 1418 1410
f 1418 1411 1410
f 1418 1419 1411
f 1419 1412 1411
f 1419 1420 1412
f 1420 1405 1412
f 1420 1413 1405
f 1421 1414 1413
f 1421 1422 1414
f 1422 1415 1414
f 1422 1423 1415
f 1423 1416 1415
f 1423 1424 1416
f 1424 1417 1416
f 1424 1425 1417
f 1425 1418 1417
f 1425 1426 1418
f 1426 1419 1418
f 1426 1427 1419
f 1427 1420 1419
f 1427 1428 1420
f 1428 1413 1420
f 1428 1421 1413
f 1429 1431 1432
f 1430 1464 1463
f 1429 1432 1433
f 1430 1465 1464
f 1429 1433 1434
f 1430 1466 1465
f 1429 1434 1435
f 1430 1467 1466
f 1429 1435 1436
f 1430 1468 1467
f 1429 1436 1437
f 1430 1469 1468
f 1429 1437 1438
f 1430 1470 1469
f 1429 1438 1431
f 1430 1463 1470
f 1439 1432 1431
f 1439 1440 1432
f 1440 1433 1432
f 1440 1441 1433
f 1441 1434 1433
f 1441 1442 1434
f 1442 1435 1434
f 1442 1443 1435
f 1443 1436 1435
f 1443 1444 1436
f 1444 1437 1436
f 1444 1445 1437
f 1445 1438 1437
f 1445 1446 1438
f 1446 1431 1438
f 1446 1439 1431
f 1447 1440 1439
f 1447 1448 1440
f 1448 1441 1440
f 1448 1449 1441
f 1449 1442 1441
f 1449 1450 1442
f 1450 1443 1442
f 1450 1451 1443
f 1451 1444 1443
f 1451 1452 1444
f 1452 1445 1444
f 1452 1453 1445
f 1453 1446 1445
f 1453 1454 1446
f 1454 1439 1446
f 1454 1447 1439
f 1455 1448 1447
f 1455 1456 1448
f 1456 1449 1448
f 1456 1457 1449
f 1457 1450 1449
f 1457 1458 1450
f 1458 1451 1450
f 1458 1459 1451
f 1459 1452 1451
f 1459 1460 1452
f 1460 1453 1452
f 1460 1461 1453
f 1461 1454 1453
f 1461 1462 1454
f 1462 1447 1454
f 1462 1455 1447
f 1463 1456 1455
f 1463 1464 1456
f 1464 1457 1456
f 1464 1465 1457
f 1465 1458 1457
f 1465 1466 1458
f 1466 1459 1458
f 1466 1467 1459
f 1467 1460 1459
f 1467 1468 1460
f 1468 1461 1460
f 1468 1469 1461
f 1469 1462 1461
f 1469 1470 1462
f 1470 1455 1462
f 1470 1463 1455
f 1471 1473 1474
f 1472 1506 1505
f 1471 1474 1475
f 1472 1507 1506
f 1471 1475 1476
f 1472 1508 1507
f 1471 1476 1477
f 1472 1509 1508
f 1471 1477 1478
f 1472 1510 1509
f 1471 1478 1479
f 1472 1511 1510
f 1471 1479 1480
f 1472 1512 1511
f 1471 1480 1473
f 1472 1505 1512
f 1481 1474 1473
f 1481 1482 1474
f 1482 1475 1474
f 1482 1483 1475
f 1483 1476 1475
f 1483 1484 1476
f 1484 1477 1476
f 1484 1485 1477
f 1485 1478 1477
f 1485 1486 1478
f 1486 1479 1478
f 1486 1487 1479
f 1487 1480 1479
f 1487 1488 1480
f 1488 1473 1480
f 1488 1481 1473
f 1489 1482 1481
f 1489 1490 1482
f 1490 1483 1482
f 1490 1491 1483
f 1491 1484 1483
f 1491 1492 1484
f 1492 1485 1484
f 1492 1493 1485
f 1493 1486 1485
f 1493 1494 1486
f 1494 1487 1486
f 1494 1495 1487
f 1495 1488 1487
f 1495 1496 1488
f 1496 1481 1488
f 1496 1489 1481
f 1497 1490 1489
f 1497 1498 1490
f 1498 1491 1490
f 1498 1499 1491
f 1499 1492 1491
f 1499 1500 1492
f 1500 1493 1492
f 1500 1501 1493
f 1501 1494 1493
f 1501 1502 1494
f 1502 1495 1494
f 1502 1503 1495
f 1503 1496 1495
f 1503 1504 1496
f 1504 1489 1496
f 1504 1497 1489
f 1505 1498 1497
f 1505 1506 1498
f 1506 1499 1498
f 1506 1507 1499
f 1507 1500 1499
f 1507 1508 1500
f 1508 1501 1500
f 1508 1509 1501
f 1509 1502 1501
f 1509 1510 1502
f 1510 1503 1502
f 1510 1511 1503
f 1511 1504 1503
f 1511 1512 1504
f 1512 1497 1504
f 1512 1505 1497
f 1513 1515 1516
f 1514 1548 1547
f 1513 1516 1517
f 1514 1549 1548
f 1513 1517 1518
f 1514 1550 1549
f 1513 1518 1519
f 1514 1551 1550
f 1513 1519 1520
f 1514 1552 1551
f 1513 1520 1521
f 1514 1553 1552
f 1513 1521 1522
f 1514 1554 1553
f 1513 1522 1515
f 1514 1547 1554
f 1523 1516 1515
f 1523 1524 1516
f 1524 1517 1516
f 1524 1525 1517
f 1525 1518 1517
f 1525 1526 1518
f 1526 1519 1518
f 1526 1527 1519
f 1527 1520 1519
f 1527 1528 1520
f 1528 1521 1520
f 1528 1529 1521
f 1529 1522 1521
f 1529 1530 1522
f 1530 1515 1522
f 1530 1523 1515
f 1531 1524 1523
f 1531 1532 1524
f 1532 1525 1524
f 1532 1533 1525
f 1533 1526 1525
f 1533 1534 1526
f 1534 1527 1526
f 1534 1535 1527
f 1535 1528 1527
f 1535 1536 1528
f 1536 1529 1528
f 1536 1537 1529
f 1537 1530 1529
f 1537 1538 1530
f 1538 1523 1530
f 1538 1531 1523
f 1539 1532 1531
f 1539 1540 1532
f 1540 1533 1532
f 1540 1541 1533
f 1541 1534 1533
f 1541 1542 1534
f 1542 1535 1534
f 1542 1543 1535
f 1543 1536 1535
f 1543 1544 1536
f 1544 1537 1536
f 1544 1545 1537
f 1545 1538 1537
f 1545 1546 1538
f 1546 1531 1538
f 1546 1539 1531
f 1547 1540 1539
f 1547 1548 1540
f 1548 1541 1540
f 1548 1549 1541
f 1549 1542 1541
f 1549 1550 1542
f 1550 1543 1542
f 1550 1551 1543
f 1551 1544 1543
f 1551 1552 1544
f 1552 1545 1544
f 1552 1553 1545
f 1553 1546 1545
f 1553 1554 1546
f 1554 1539 1546
f 1554 1547 1539
f 1555 1557 1558
f 1556 1590 1589
f 1555 1558 1559
f 1556 1591 1590
f 1555 1559 1560
f 1556 1592 1591
f 1555 1560 1561
f 1556 1593 1592
f 1555 1561 1562
f 1556 1594 1593
f 1555 1562 1563
f 1556 1595 1594
f 1555 1563 1564
f 1556 1596 1595
f 1555 1564 1557
f 1556 1589 1596
f 1565 1558 1557
f 1565 1566 1558
f 1566 1559 1558
f 1566 1567 1559
f 1567 1560 1559
f 1567 1568 1560
f 1568 1561 1560
f 1568 1569 1561
f 1569 1562 1561
f 1569 1570 1562
f 1570 1563 1562
f 1570 1571 1563
f 1571 1564 1563
f 1571 1572 1564
f 1572 1557 1564
f 1572 1565 1557
f 1573 1566 1565
f 1573 1574 1566
f 1574 1567 1566
f 1574 1575 1567
f 1575 1568 1567
f 1575 1576 1568
f 1576 1569 1568
f 1576 1577 1569
f 1577 1570 1569
f 1577 1578 1570
f 1578 1571 1570
f 1578 1579 1571
f 1579 1572 1571
f 1579 1580 1572
f 1580 1565 1572
f 1580 1573 1565
f 1581 1574 1573
f 1581 1582 1574
f 1582 1575 1574
f 1582 1583 1575
f 1583 1576 1575
f 1583 1584 1576
f 1584 1577 1576
f 1584 1585 1577
f 1585 1578 1577
f 1585 1586 1578
f 1586 1579 1578
f 1586 1587 1579
f 1587 1580 1579
f 1587 1588 1580
f 1588 1573 1580
f 1588 1581 1573
f 1589 1582 1581
f 1589 1590 1582
f 1590 1583 1582
f 1590 1591 1583
f 1591 1584 1583
f 1591 1592 1584
f 1592 1585 1584
f 1592 1593 1585
f 1593 1586 1585
f 1593 1594 1586
f 1594 1587 1586
f 1594 1595 1587
f 1595 1588 1587
f 1595 1596 1588
f 1596 1581 1588
f 1596 1589 1581
f 1597 1599 1600
f 1598 1632 1631
f 1597 1600 1601
f 1598 1633 1632
f 1597 1601 1602
f 1598 1634 1633
f 1597 1602 1603
f 1598 1635 1634
f 1597 1603 1604
f 1598 1636 1635
f 1597 1604 1605
f 1598 1637 1636
f 1597 1605 1606
f 1598 1638 1637
f 1597 1606 1599
f 1598 1631 1638
f 1607 1600 1599
f 1607 1608 1600
f 1608 1601 1600
f 1608 1609 1601
f 1609 1602 1601
f 1609 1610 1602
f 1610 1603 1602
f 1610 1611 1603
f 1611 1604 1603
f 1611 1612 1604
f 1612 1605 1604
f 1612 1613 1605
f 1613 1606 1605
f 1613 1614 1606
f 1614 1599 1606
f 1614 1607 1599
f 1615 1608 1607
f 1615 1616 1608
f 1616 1609 1608
f 1616 1617 1609
f 1617 1610 1609
f 1617 1618 1610
f 1618 1611 1610
f 1618 1619 1611
f 1619 1612 1611
f 1619 1620 1612
f 1620 1613 1612
f 1620 1621 1613
f 1621 1614 1613
f 1621 1622 1614
f 1622 1607 1614
f 1622 1615 1607
f 1623 1616 1615
f 1623 1624 1616
f 1624 1617 1616
f 1624 1625 1617
f 1625 1618 1617
f 1625 1626 1618
f 1626 1619 1618
f 1626 1627 1619
f 1627 1620 1619
f 1627 1628 1620
f 1628 1621 1620
f 1628 1629 1621
f 1629 1622 1621
f 1629 1630 1622
f 1630 1615 1622
f 1630 1623 1615
f 1631 1624 1623
f 1631 1632 1624
f 1632 1625 1624
f 1632 1633 1625
f 1633 1626 1625
f 1633 1634 1626
f 1634 1627 1626
f 1634 1635 1627
f 1635 1628 1627
f 1635 1636 1628
f 1636 1629 1628
f 1636 1637 1629
f 1637 1630 1629
f 1637 1638 1630
f 1638 1623 1630
f 1638 1631 1623
