# .PCD v0.7 - Point Cloud Data file
VERSION 0.7
FIELDS x y z label edge
SIZE 4 4 4 4 4
TYPE F F F I F
COUNT 1 1 1 1 1
WIDTH 11690
HEIGHT 1
VIEWPOINT 0 0 0 1 0 0 0
POINTS 11690
DATA ascii
0.2054 0.168029 0.429773 12 0.0
0.161957 0.195484 0.42266 12 0.0
0.202363 0.169357 0.453447 12 0.0
0.248844 0.140574 0.436886 12 0.0
0.208437 0.166702 0.406099 12 0.0
0.37189 0.694036 0.426873 8 0.0
0.392869 0.707053 0.439693 8 0.0
0.365133 0.685622 0.446473 8 0.0
0.35091 0.68102 0.414053 8 0.0
0.378646 0.70245 0.407273 8 0.0
0.691632 0.245337 0.357623 9 0.0
0.719601 0.653595 0.427592 8 0.0
0.712118 0.664382 0.421721 8 0.0
0.711836 0.661296 0.451639 8 0.0
0.727085 0.642807 0.433463 8 0.0
0.727366 0.645893 0.403545 8 0.0
0.566749 0.040793 0.419148 1 0.0
0.590057 0.052463 0.420127 1 0.0
0.566034 0.04055 0.439069 1 0.0
0.543442 0.029122 0.418169 1 0.0
0.567465 0.041035 0.399227 1 0.0
0.50432 0.250048 0.400631 8 0.0
0.521435 0.251204 0.392508 8 0.0
0.510032 0.249959 0.412655 8 0.0
0.487205 0.248892 0.408754 8 0.0
0.498607 0.250137 0.388607 8 0.0
0.070968 0.427181 0.499425 11 0.0
0.070366 0.439332 0.457822 11 0.0
0.070359 0.479136 0.514608 11 0.0
0.071571 0.41503 0.541028 11 0.0
0.071578 0.375226 0.484241 11 0.0
0.814551 0.613817 0.355863 9 0.0
0.845797 0.62244 0.356346 9 0.0
0.79534 0.683443 0.355595 9 0.0
0.783306 0.605194 0.35538 9 0.0
0.833762 0.544191 0.356131 9 0.0
0.076702 0.251418 0.485676 12 7.6e-05
0.680032 0.245552 0.483041 8 4e-06
0.725525 0.299853 0.465544 8 4e-06
0.68682 0.251257 0.518397 8 4e-06
0.634539 0.19125 0.500538 8 4e-06
0.673244 0.239847 0.447685 8 4e-06
0.561126 0.960417 0.587617 6 0.0
0.522665 0.214475 0.546534 8 1e-06
0.453215 0.1871 0.551139 8 1e-06
0.522213 0.220514 0.575623 8 1e-06
0.592115 0.24185 0.54193 8 1e-06
0.523117 0.208436 0.517445 8 1e-06
0.929911 0.281242 0.482164 2 0.0
0.361302 0.076562 0.392703 12 0.0
0.380867 0.108787 0.494979 12 0.0
0.33175 0.13252 0.501562 12 0.0
0.385106 0.107733 0.530406 12 0.0
0.429984 0.085054 0.488397 12 0.0
0.376629 0.109841 0.459553 12 0.0
0.552252 0.951383 0.446039 6 1e-06
0.539983 0.963851 0.419518 6 1e-06
0.538346 0.958023 0.455594 6 1e-06
0.564521 0.938914 0.47256 6 1e-06
0.566158 0.944743 0.436484 6 1e-06
0.555353 0.939211 0.570248 6 1e-06
0.550453 0.944268 0.5834 6 1e-06
0.561803 0.933549 0.574828 6 1e-06
0.560254 0.934154 0.557096 6 1e-06
0.548904 0.944874 0.565667 6 1e-06
0.634327 0.920096 0.535594 6 0.0
0.597297 0.938908 0.522121 6 0.0
0.625741 0.924033 0.564691 6 0.0
0.671358 0.901284 0.549066 6 0.0
0.642913 0.916159 0.506496 6 0.0
0.508804 0.012147 0.378364 1 0.001698
0.51423 0.014234 0.384421 1 0.001698
0.504151 0.01005 0.383255 1 0.001698
0.503377 0.010061 0.372308 1 0.001698
0.513456 0.014245 0.373474 1 0.001698
0.116403 0.283132 0.385285 11 0.0
0.124944 0.299957 0.391049 11 0.0
0.130632 0.274958 0.388062 11 0.0
0.107863 0.266307 0.379521 11 0.0
0.102175 0.291306 0.382508 11 0.0
0.772466 0.390576 0.496689 8 1e-06
0.788432 0.444221 0.518348 8 1e-06
0.764626 0.377549 0.534733 8 1e-06
0.7565 0.33693 0.47503 8 1e-06
0.780306 0.403602 0.458645 8 1e-06
0.200178 0.175012 0.491663 12 0.0
0.182867 0.18681 0.521639 12 0.0
0.237762 0.151389 0.522666 12 0.0
0.21749 0.163213 0.461687 12 0.0
0.162594 0.198635 0.460659 12 0.0
0.070463 0.514006 0.548189 11 0.0
0.070408 0.514722 0.577934 11 0.0
0.070185 0.440338 0.54996 11 0.0
0.070517 0.51329 0.518443 11 0.0
0.07074 0.587674 0.546417 11 0.0
0.100002 0.682888 0.415967 11 1e-06
0.104973 0.692731 0.42656 11 1e-06
0.106938 0.662905 0.431281 11 1e-06
0.095032 0.673045 0.405374 11 1e-06
0.093067 0.702871 0.400653 11 1e-06
0.708697 0.873826 0.494381 6 0.0
0.712052 0.873744 0.452662 6 0.0
0.77379 0.83564 0.499689 6 0.0
0.705343 0.873907 0.536099 6 0.0
0.643605 0.912011 0.489072 6 0.0
0.932078 0.325588 0.433536 2 0.0
0.932757 0.344331 0.452498 2 0.0
0.931872 0.310656 0.448302 2 0.0
0.931398 0.306845 0.414574 2 0.0
0.932283 0.340519 0.41877 2 0.0
0.321516 0.890666 0.486656 4 0.0
0.377557 0.923508 0.490627 4 0.0
0.319768 0.888887 0.526045 4 0.0
0.265475 0.857825 0.482685 4 0.0
0.323264 0.892446 0.447267 4 0.0
0.200436 0.784225 0.459618 4 0.0
0.208635 0.790729 0.434233 4 0.0
0.240589 0.80925 0.478997 4 0.0
0.192238 0.777722 0.485003 4 0.0
0.160283 0.759201 0.440239 4 0.0
0.782647 0.650972 0.477438 8 0.00566
0.773949 0.670357 0.440332 8 0.00566
0.769549 0.66201 0.486275 8 0.00566
0.791345 0.631587 0.514544 8 0.00566
0.795745 0.639934 0.468601 8 0.00566
0.589984 0.052744 0.450059 1 0.0
0.619664 0.068368 0.450158 1 0.0
0.589693 0.053112 0.479195 1 0.0
0.560303 0.037121 0.44996 1 0.0
0.590275 0.052376 0.420923 1 0.0
0.070153 0.625363 0.525899 11 0.0
0.070677 0.644859 0.549214 11 0.0
0.071134 0.592173 0.55363 11 0.0
0.06963 0.605868 0.502585 11 0.0
0.069173 0.658553 0.498168 11 0.0
0.088546 0.38522 0.35999 9 0.002026
0.439204 0.913704 0.571304 5 0.000359
0.46933 0.926532 0.56288 5 0.000359
0.444096 0.914642 0.590228 5 0.000359
0.409079 0.900875 0.579727 5 0.000359
0.434313 0.912765 0.552379 5 0.000359
0.519022 0.016574 0.576468 1 3e-06
0.527631 0.021139 0.580532 1 3e-06
0.518239 0.014246 0.580741 1 3e-06
0.510414 0.01201 0.572403 1 3e-06
0.519806 0.018903 0.572194 1 3e-06
0.733941 0.135191 0.499011 1 0.0
0.745993 0.142476 0.536689 1 0.0
0.683851 0.106139 0.52065 1 0.0
0.721889 0.127905 0.461333 1 0.0
0.784031 0.164243 0.477371 1 0.0
0.076985 0.248779 0.41103 12 9e-06
0.152095 0.249769 0.489822 12 0.0
0.137092 0.265253 0.496061 12 0.0
0.171058 0.252037 0.529795 12 0.0
0.167098 0.234285 0.483583 12 0.0
0.133132 0.247501 0.449849 12 0.0
0.243513 0.437871 0.424891 8 0.0
0.238628 0.443232 0.403666 8 0.0
0.241009 0.458529 0.430685 8 0.0
0.248397 0.43251 0.446117 8 0.0
0.246017 0.417212 0.419098 8 0.0
0.156625 0.324474 0.438788 11 0.996527
0.156976 0.334654 0.4279 11 0.996527
0.17871 0.348029 0.461523 11 0.996527
0.156274 0.314294 0.449675 11 0.996527
0.13454 0.300919 0.416052 11 0.996527
0.697108 0.337513 0.461407 8 0.0
0.699304 0.349178 0.484617 8 0.0
0.665711 0.294126 0.486185 8 0.0
0.694911 0.325847 0.438196 8 0.0
0.728504 0.3809 0.436629 8 0.0
0.596145 0.057919 0.555674 1 0.0
0.625855 0.075127 0.569189 1 0.0
0.589661 0.053997 0.57492 1 0.0
0.566434 0.04071 0.542159 1 0.0
0.602628 0.06184 0.536428 1 0.0
0.134468 0.530909 0.483809 11 2e-06
0.143182 0.598792 0.480877 11 2e-06
0.135258 0.532521 0.523473 11 2e-06
0.125755 0.463026 0.486742 11 2e-06
0.133679 0.529297 0.444145 11 2e-06
0.761012 0.575489 0.472929 8 1e-06
0.752072 0.614415 0.47206 8 1e-06
0.760733 0.576264 0.510475 8 1e-06
0.769952 0.536564 0.473799 8 1e-06
0.761291 0.574715 0.435384 8 1e-06
0.543685 0.971504 0.538857 6 0.0
0.529712 0.979456 0.532148 6 0.0
0.53739 0.975596 0.556815 6 0.0
0.557658 0.963551 0.545567 6 0.0
0.549979 0.967412 0.5209 6 0.0
0.579998 0.047119 0.383311 1 0.000106
0.073685 0.547375 0.495229 11 0.0
0.07462 0.601961 0.517556 11 0.0
0.073686 0.533489 0.529179 11 0.0
0.072751 0.492789 0.472903 11 0.0
0.073685 0.561261 0.461279 11 0.0
0.930158 0.542668 0.486372 2 0.0
0.930167 0.604913 0.494283 2 0.0
0.93079 0.537799 0.524677 2 0.0
0.930149 0.480423 0.478461 2 0.0
0.929526 0.547536 0.448067 2 0.0
0.69944 0.621482 0.385328 8 0.009459
0.688712 0.645534 0.379767 8 0.009459
0.697629 0.623073 0.395701 8 0.009459
0.710167 0.59743 0.390889 8 0.009459
0.70125 0.619891 0.374955 8 0.009459
0.844485 0.667745 0.531863 2 0.001154
0.845827 0.671741 0.519438 2 0.001154
0.845467 0.693567 0.540274 2 0.001154
0.843143 0.663748 0.544289 2 0.001154
0.843502 0.641922 0.523453 2 0.001154
0.119443 0.491432 0.462757 11 0.0
0.126472 0.564257 0.449892 11 0.0
0.119924 0.495772 0.487592 11 0.0
0.112413 0.418606 0.475622 11 0.0
0.118961 0.487091 0.437921 11 0.0
0.071415 0.504321 0.473735 11 0.0
0.071828 0.581158 0.469023 11 0.0
0.071594 0.506531 0.509788 11 0.0
0.071001 0.427484 0.478447 11 0.0
0.071235 0.502111 0.437681 11 0.0
0.075208 0.753314 0.374677 4 0.999719
0.0791 0.754824 0.374362 4 0.999719
0.075599 0.753941 0.382521 4 0.999719
0.071317 0.751804 0.374991 4 0.999719
0.074818 0.752688 0.366833 4 0.999719
0.096867 0.237376 0.505703 12 0.0
0.087281 0.243895 0.505574 12 0.0
0.096087 0.236755 0.532443 12 0.0
0.106454 0.230858 0.505831 12 0.0
0.097648 0.237998 0.478963 12 0.0
0.870036 0.781472 0.36042 9 0.999352
0.93059 0.62925 0.513332 2 0.0
0.930769 0.659671 0.480682 2 0.0
0.930417 0.650878 0.533482 2 0.0
0.930411 0.598829 0.545981 2 0.0
0.930763 0.607622 0.493181 2 0.0
0.127616 0.781469 0.356176 9 0.999932
0.46492 0.048067 0.475904 12 0.0
0.444532 0.05724 0.478794 12 0.0
0.470053 0.048002 0.512326 12 0.0
0.485308 0.038895 0.473015 12 0.0
0.459787 0.048133 0.439483 12 0.0
0.459061 0.197793 0.497878 8 0.0
0.448104 0.208354 0.53735 8 0.0
0.514193 0.194843 0.513971 8 0.0
0.470018 0.187232 0.458406 8 0.0
0.403929 0.200744 0.481785 8 0.0
0.930609 0.42874 0.386479 2 0.003004
0.071906 0.494322 0.499987 11 0.0
0.071151 0.569153 0.494884 11 0.0
0.071812 0.497272 0.543272 11 0.0
0.07266 0.41949 0.505089 11 0.0
0.071999 0.491371 0.456701 11 0.0
0.231742 0.837403 0.591712 4 0.0
0.449278 0.212118 0.490495 8 0.0
0.502636 0.211915 0.469119 8 0.0
0.463508 0.206905 0.526065 8 0.0
0.395921 0.21232 0.511871 8 0.0
0.435049 0.21733 0.454926 8 0.0
0.508048 0.010947 0.504196 1 0.0
0.17866 0.448892 0.486331 11 5.8e-05
0.182829 0.480344 0.483295 11 5.8e-05
0.165514 0.455059 0.532161 11 5.8e-05
0.174491 0.41744 0.489368 11 5.8e-05
0.191807 0.442725 0.440501 11 5.8e-05
0.440454 0.034229 0.4753 12 0.0
0.419715 0.044086 0.474657 12 0.0
0.43963 0.034969 0.513259 12 0.0
0.461194 0.024371 0.475942 12 0.0
0.441278 0.033488 0.437341 12 0.0
0.612132 0.0909 0.483198 1 0.0
0.65136 0.115565 0.497147 1 0.0
0.602441 0.085787 0.519493 1 0.0
0.572904 0.066234 0.46925 1 0.0
0.621823 0.096012 0.446904 1 0.0
0.901688 0.240358 0.530443 1 0.0
0.910425 0.244942 0.527572 1 0.0
0.907374 0.24108 0.548895 1 0.0
0.892951 0.235773 0.533314 1 0.0
0.896003 0.239636 0.51199 1 0.0
0.506131 0.009894 0.473849 1 0.0
0.280117 0.580775 0.607861 8 0.0
0.285338 0.59511 0.608496 8 0.0
0.278991 0.580691 0.619024 8 0.0
0.274896 0.56644 0.607226 8 0.0
0.281243 0.580859 0.596698 8 0.0
0.622202 0.930666 0.447875 6 0.0
0.628722 0.927334 0.421956 6 0.0
0.584243 0.951655 0.435627 6 0.0
0.615682 0.933999 0.473794 6 0.0
0.660161 0.909678 0.460123 6 0.0
0.197445 0.175785 0.524455 12 0.0
0.159028 0.199078 0.504773 12 0.0
0.186375 0.18372 0.555452 12 0.0
0.235862 0.152493 0.544137 12 0.0
0.208515 0.167851 0.493458 12 0.0
0.473867 0.02232 0.463741 1 0.0
0.4624 0.027856 0.46429 1 0.0
0.475461 0.022183 0.498406 1 0.0
0.485334 0.016784 0.463192 1 0.0
0.472273 0.022458 0.429076 1 0.0
0.438315 0.247512 0.496062 8 0.0
0.415087 0.255348 0.485779 8 0.0
0.41804 0.245324 0.540196 8 0.0
0.461544 0.239677 0.506345 8 0.0
0.458591 0.249701 0.451928 8 0.0
0.888205 0.228565 0.40462 1 0.0
0.903186 0.238215 0.40311 1 0.0
0.889378 0.229285 0.420855 1 0.0
0.873224 0.218915 0.40613 1 0.0
0.887032 0.227845 0.388385 1 0.0
0.765664 0.847855 0.446211 6 0.0
0.762619 0.849471 0.419269 6 0.0
0.713643 0.878226 0.453912 6 0.0
0.768709 0.846239 0.473153 6 0.0
0.817685 0.817484 0.43851 6 0.0
0.598449 0.943956 0.382488 6 5e-06
0.128512 0.231516 0.4711 12 0.0
0.117374 0.238143 0.476716 12 0.0
0.143782 0.227401 0.506239 12 0.0
0.13965 0.224889 0.465483 12 0.0
0.113242 0.235631 0.43596 12 0.0
0.685237 0.895096 0.462643 6 0.0
0.687651 0.893838 0.431376 6 0.0
0.629103 0.927281 0.457015 6 0.0
0.682824 0.896354 0.493909 6 0.0
0.741371 0.862911 0.468271 6 0.0
0.267617 0.857973 0.607781 4 0.0
0.281175 0.292188 0.489039 8 2e-06
0.278948 0.295941 0.450195 8 2e-06
0.236081 0.353699 0.497566 8 2e-06
0.283401 0.288436 0.527883 8 2e-06
0.326269 0.230678 0.480512 8 2e-06
0.671707 0.771423 0.495919 8 9.5e-05
0.671197 0.77984 0.449966 8 9.5e-05
0.629301 0.821496 0.505562 8 9.5e-05
0.672217 0.763005 0.541873 8 9.5e-05
0.714113 0.72135 0.486276 8 9.5e-05
0.888005 0.772832 0.367954 6 0.166215
0.925246 0.647912 0.369155 2 6e-05
0.637174 0.32918 0.571564 8 0.0
0.667105 0.356977 0.566341 8 0.0
0.6412 0.329181 0.59464 8 0.0
0.607243 0.301383 0.576787 8 0.0
0.633148 0.329179 0.548487 8 0.0
0.071861 0.582654 0.488915 11 0.0
0.072297 0.633401 0.507882 11 0.0
0.071354 0.569144 0.525072 11 0.0
0.071425 0.531906 0.469948 11 0.0
0.072368 0.596163 0.452758 11 0.0
0.834538 0.806152 0.481708 6 0.0
0.805577 0.82423 0.467667 6 0.0
0.822194 0.813517 0.51665 6 0.0
0.863499 0.788074 0.49575 6 0.0
0.846881 0.798787 0.446767 6 0.0
0.610674 0.852675 0.521887 6 0.923099
0.645191 0.850247 0.533518 6 0.923099
0.601535 0.871762 0.552996 6 0.923099
0.576157 0.855103 0.510257 6 0.923099
0.619813 0.833589 0.490779 6 0.923099
0.12121 0.257092 0.42571 12 2e-06
0.112098 0.26789 0.43009 12 2e-06
0.134795 0.259869 0.447129 12 2e-06
0.130321 0.246293 0.421331 12 2e-06
0.107624 0.254315 0.404292 12 2e-06
0.57373 0.807434 0.449201 8 3e-06
0.57696 0.810841 0.424975 8 3e-06
0.509174 0.812851 0.441357 8 3e-06
0.570501 0.804027 0.473428 8 3e-06
0.638287 0.802016 0.457045 8 3e-06
0.178698 0.444293 0.358547 9 0.0
0.162125 0.532669 0.35736 9 0.0
0.209135 0.449994 0.358033 9 0.0
0.19527 0.355917 0.359734 9 0.0
0.14826 0.438592 0.359061 9 0.0
0.070285 0.362204 0.604034 11 0.0
0.680011 0.185727 0.422709 9 3.3e-05
0.66834 0.198835 0.44 9 3.3e-05
0.687001 0.176366 0.434524 9 3.3e-05
0.691681 0.172618 0.405419 9 3.3e-05
0.673021 0.195087 0.410895 9 3.3e-05
0.700683 0.280445 0.438925 8 1e-06
0.656504 0.230207 0.447032 8 1e-06
0.700467 0.284636 0.463719 8 1e-06
0.744863 0.330682 0.430819 8 1e-06
0.7009 0.276254 0.414132 8 1e-06
0.180011 0.805434 0.367641 4 0.99967
0.43348 0.27884 0.384003 8 3e-06
0.433849 0.278711 0.393652 8 3e-06
0.457579 0.267816 0.382934 8 3e-06
0.433111 0.278968 0.374354 8 3e-06
0.409381 0.289864 0.385072 8 3e-06
0.088072 0.601519 0.489843 11 0.0
0.088873 0.622708 0.520508 11 0.0
0.08638 0.559917 0.518633 11 0.0
0.087271 0.58033 0.459178 11 0.0
0.089764 0.64312 0.461053 11 0.0
0.918541 0.754425 0.360519 6 0.999998
0.912649 0.75881 0.360091 6 0.999998
0.917331 0.752949 0.362069 6 0.999998
0.924434 0.750039 0.360947 6 0.999998
0.919752 0.7559 0.358969 6 0.999998
0.305768 0.652949 0.615631 8 4e-06
0.31679 0.666367 0.616912 8 4e-06
0.304714 0.652984 0.624322 8 4e-06
0.294745 0.639531 0.614349 8 4e-06
0.306821 0.652914 0.606939 8 4e-06
0.266149 0.132472 0.416854 12 0.0
0.112326 0.43002 0.620153 7 0.0
0.800676 0.178851 0.596423 1 0.0
0.278665 0.696972 0.497365 8 3e-06
0.328771 0.748364 0.490226 8 3e-06
0.286337 0.69516 0.538164 8 3e-06
0.228559 0.645581 0.504505 8 3e-06
0.270993 0.698784 0.456567 8 3e-06
0.930121 0.575609 0.488947 2 0.0
0.92947 0.626207 0.507199 2 0.0
0.931288 0.562869 0.524309 2 0.0
0.930772 0.525012 0.470696 2 0.0
0.928954 0.58835 0.453586 2 0.0
0.652495 0.903147 0.49863 6 0.0
0.636377 0.910331 0.53385 6 0.0
0.698665 0.875474 0.525404 6 0.0
0.668613 0.895963 0.46341 6 0.0
0.606324 0.93082 0.471856 6 0.0
0.072296 0.571716 0.500453 11 0.0
0.072248 0.586115 0.540271 11 0.0
0.071445 0.517757 0.519965 11 0.0
0.072345 0.557317 0.460635 11 0.0
0.073148 0.625675 0.480941 11 0.0
0.444668 0.923892 0.406347 4 0.0
0.471658 0.940834 0.400871 4 0.0
0.446374 0.925801 0.420666 4 0.0
0.417677 0.90695 0.411823 4 0.0
0.442961 0.921983 0.392028 4 0.0
0.078022 0.250892 0.471178 12 1e-06
0.484592 0.983329 0.373746 4 0.009306
0.484985 0.983681 0.367342 4 0.009306
0.493942 0.987812 0.374566 4 0.009306
0.484199 0.982977 0.380149 4 0.009306
0.475242 0.978846 0.372925 4 0.009306
0.071417 0.405255 0.52205 11 0.0
0.071739 0.454392 0.530972 11 0.0
0.0709 0.399025 0.556379 11 0.0
0.071096 0.356117 0.513129 11 0.0
0.071934 0.411484 0.487721 11 0.0
0.088729 0.512833 0.478975 11 0.0
0.084613 0.585766 0.466767 11 0.0
0.089001 0.518872 0.514963 11 0.0
0.092846 0.4399 0.491183 11 0.0
0.088458 0.506794 0.442988 11 0.0
0.929659 0.746163 0.444865 2 0.780201
0.887452 0.687511 0.438202 9 6e-06
0.894311 0.706264 0.416302 9 6e-06
0.889396 0.702396 0.451557 9 6e-06
0.880594 0.668758 0.460102 9 6e-06
0.885508 0.672626 0.424847 9 6e-06
0.89771 0.765174 0.556812 6 0.0
0.885947 0.771353 0.555593 6 0.0
0.897017 0.766229 0.568856 6 0.0
0.909474 0.758994 0.55803 6 0.0
0.898404 0.764118 0.544767 6 0.0
0.595778 0.924318 0.49145 6 0.0
0.561278 0.942427 0.469166 6 0.0
0.580679 0.931189 0.520412 6 0.0
0.630279 0.906209 0.513734 6 0.0
0.610878 0.917446 0.462489 6 0.0
0.816076 0.817504 0.490553 6 0.0
0.783077 0.837874 0.470864 6 0.0
0.800504 0.826524 0.525986 6 0.0
0.849076 0.797134 0.510242 6 0.0
0.831649 0.808483 0.455121 6 0.0
0.415453 0.050654 0.57157 12 0.0
0.410152 0.052812 0.55784 12 0.0
0.386882 0.06588 0.584994 12 0.0
0.420754 0.048496 0.585301 12 0.0
0.444024 0.035428 0.558147 12 0.0
0.251407 0.142372 0.500387 12 0.0
0.19593 0.175324 0.495361 12 0.0
0.249065 0.145038 0.54373 12 0.0
0.306884 0.10942 0.505412 12 0.0
0.253749 0.139706 0.457043 12 0.0
0.910925 0.759021 0.358846 9 0.999989
0.928645 0.448677 0.619968 2 0.0
0.437323 0.037105 0.553858 12 0.0
0.416185 0.048626 0.566606 12 0.0
0.444557 0.033743 0.568891 12 0.0
0.458461 0.025584 0.54111 12 0.0
0.430089 0.040467 0.538824 12 0.0
0.069793 0.476817 0.374739 11 0.014297
0.070975 0.674948 0.565056 11 0.0
0.071436 0.683205 0.575665 11 0.0
0.070281 0.650644 0.584 11 0.0
0.070513 0.666691 0.554446 11 0.0
0.071668 0.699252 0.546111 11 0.0
0.298809 0.877453 0.552777 4 0.0
0.300008 0.878354 0.581287 4 0.0
0.237348 0.840011 0.556543 4 0.0
0.297611 0.876552 0.524267 4 0.0
0.360271 0.914895 0.54901 4 0.0
0.260674 0.855359 0.539878 4 0.0
0.320926 0.891393 0.547161 4 0.0
0.257878 0.85361 0.571661 4 0.0
0.200422 0.819325 0.532595 4 0.0
0.263469 0.857108 0.508094 4 0.0
0.466076 0.973069 0.541562 4 0.0
0.477805 0.978892 0.547336 4 0.0
0.458092 0.968399 0.562492 4 0.0
0.454346 0.967245 0.535789 4 0.0
0.474059 0.977738 0.520632 4 0.0
0.470972 0.746997 0.431898 8 0.0
0.482775 0.747621 0.450208 8 0.0
0.498364 0.755823 0.413939 8 0.0
0.459168 0.746372 0.413588 8 0.0
0.443579 0.738171 0.449858 8 0.0
0.847117 0.203921 0.478707 1 0.0
0.869783 0.218252 0.491149 1 0.0
0.832943 0.19443 0.51546 1 0.0
0.824452 0.189589 0.466265 1 0.0
0.861292 0.213411 0.441954 1 0.0
0.760054 0.847315 0.563724 6 0.0
0.706908 0.878775 0.57168 6 0.0
0.762793 0.845868 0.587749 6 0.0
0.8132 0.815855 0.555769 6 0.0
0.757314 0.848762 0.539699 6 0.0
0.071815 0.497487 0.486877 11 0.0
0.072703 0.565116 0.490056 11 0.0
0.072163 0.495609 0.526713 11 0.0
0.070928 0.429858 0.483698 11 0.0
0.071467 0.499364 0.447041 11 0.0
0.527989 0.250924 0.453245 8 0.0
0.553904 0.258367 0.455413 8 0.0
0.524749 0.253163 0.484282 8 0.0
0.502074 0.243481 0.451077 8 0.0
0.531229 0.248684 0.422208 8 0.0
0.391034 0.920089 0.633669 5 0.00591
0.076935 0.31333 0.584376 11 1e-06
0.632709 0.922689 0.502633 6 0.0
0.612548 0.933204 0.533018 6 0.0
0.668995 0.901452 0.534059 6 0.0
0.652871 0.912175 0.472248 6 0.0
0.596424 0.943926 0.471207 6 0.0
0.068763 0.527867 0.408759 11 0.0
0.906122 0.288128 0.597016 3 6e-06
0.901741 0.302397 0.602347 3 6e-06
0.89905 0.28425 0.601584 3 6e-06
0.910503 0.273859 0.591684 3 6e-06
0.913193 0.292006 0.592447 3 6e-06
0.071967 0.594886 0.498393 11 0.0
0.07291 0.640409 0.474395 11 0.0
0.072552 0.614567 0.535749 11 0.0
0.071025 0.549363 0.52239 11 0.0
0.071383 0.575205 0.461036 11 0.0
0.930063 0.627565 0.441537 2 0.0
0.929169 0.665767 0.44453 2 0.0
0.930937 0.625621 0.466603 2 0.0
0.930957 0.589363 0.438543 2 0.0
0.929189 0.629509 0.416471 2 0.0
0.695533 0.350619 0.519288 8 0.0
0.72139 0.375663 0.484243 8 0.0
0.706196 0.361016 0.534585 8 0.0
0.669677 0.325575 0.554332 8 0.0
0.684871 0.340222 0.503991 8 0.0
0.607954 0.122323 0.496256 1 0.0
0.653564 0.146552 0.515791 1 0.0
0.590566 0.125108 0.5334 1 0.0
0.562344 0.098094 0.476722 1 0.0
0.625342 0.119538 0.459112 1 0.0
0.645564 0.266386 0.407564 8 0.0
0.641234 0.267725 0.422312 8 0.0
0.61493 0.245551 0.400463 8 0.0
0.649893 0.265047 0.392815 8 0.0
0.676197 0.287222 0.414664 8 0.0
0.884097 0.2258 0.355398 9 1.0
0.617007 0.088202 0.50936 1 0.0
0.654928 0.111699 0.5168 1 0.0
0.611934 0.085903 0.542474 1 0.0
0.579086 0.064706 0.501921 1 0.0
0.622079 0.090501 0.476247 1 0.0
0.074143 0.289334 0.522102 11 1e-06
0.072835 0.300748 0.517951 11 1e-06
0.073652 0.298975 0.548764 11 1e-06
0.075451 0.277921 0.526253 11 1e-06
0.074634 0.279693 0.49544 11 1e-06
0.146552 0.276237 0.447136 12 2e-06
0.150376 0.289973 0.42696 12 2e-06
0.127546 0.297492 0.458004 12 2e-06
0.142728 0.262501 0.467312 12 2e-06
0.165558 0.254982 0.436268 12 2e-06
0.892763 0.247287 0.457028 1 2.1e-05
0.902944 0.252877 0.45953 1 2.1e-05
0.884486 0.24816 0.488759 1 2.1e-05
0.882582 0.241698 0.454526 1 2.1e-05
0.901041 0.246415 0.425297 1 2.1e-05
0.116087 0.775263 0.392764 4 1e-05
0.132096 0.785162 0.3947 4 1e-05
0.115307 0.7742 0.404642 4 1e-05
0.100078 0.765364 0.390827 4 1e-05
0.116867 0.776326 0.380885 4 1e-05
0.3713 0.918795 0.604 4 0.0
0.768781 0.454177 0.438308 8 0.0
0.778676 0.488604 0.443326 8 0.0
0.764943 0.451238 0.466036 8 0.0
0.758886 0.419749 0.43329 8 0.0
0.772619 0.457115 0.41058 8 0.0
0.397391 0.269235 0.414274 8 1e-06
0.403718 0.272394 0.396656 8 1e-06
0.372831 0.285554 0.408381 8 1e-06
0.391065 0.266075 0.431892 8 1e-06
0.421952 0.252916 0.420167 8 1e-06
0.929633 0.584978 0.569198 2 0.0
0.929235 0.635627 0.559359 2 0.0
0.930191 0.588956 0.589655 2 0.0
0.930031 0.534329 0.579037 2 0.0
0.929076 0.580999 0.548741 2 0.0
0.536935 0.02596 0.408793 1 0.0
0.549708 0.032053 0.401445 1 0.0
0.543949 0.02923 0.423697 1 0.0
0.524161 0.019866 0.416142 1 0.0
0.529921 0.02269 0.39389 1 0.0
0.071032 0.453769 0.460281 11 0.0
0.07116 0.518713 0.450697 11 0.0
0.071301 0.458448 0.491993 11 0.0
0.070904 0.388825 0.469865 11 0.0
0.070763 0.44909 0.428569 11 0.0
0.709497 0.878611 0.518534 6 0.0
0.646527 0.915177 0.517117 6 0.0
0.708732 0.87879 0.557159 6 0.0
0.772468 0.842046 0.519952 6 0.0
0.710263 0.878432 0.479909 6 0.0
0.908192 0.668417 0.361101 9 0.038351
0.127847 0.482055 0.477718 11 4e-06
0.128616 0.488848 0.513643 11 4e-06
0.12276 0.418531 0.489839 11 4e-06
0.127078 0.475261 0.441792 11 4e-06
0.132934 0.545578 0.465596 11 4e-06
0.087043 0.401851 0.484622 11 0.0
0.083572 0.454333 0.467823 11 0.0
0.087103 0.413725 0.521708 11 0.0
0.090515 0.349368 0.50142 11 0.0
0.086983 0.389976 0.447535 11 0.0
0.579881 0.786977 0.487427 8 2e-06
0.645033 0.77421 0.492943 8 2e-06
0.574617 0.77656 0.525489 8 2e-06
0.51473 0.799744 0.48191 8 2e-06
0.585146 0.797395 0.449364 8 2e-06
0.929978 0.292668 0.547879 2 0.0
0.930863 0.30209 0.564063 2 0.0
0.929011 0.280427 0.555058 2 0.0
0.929092 0.283247 0.531695 2 0.0
0.930944 0.304909 0.5407 2 0.0
0.92961 0.66173 0.481157 2 0.0
0.929082 0.689423 0.476927 2 0.0
0.930091 0.667691 0.520121 2 0.0
0.930138 0.634038 0.485387 2 0.0
0.929129 0.65577 0.442193 2 0.0
0.761009 0.848953 0.479087 6 0.0
0.814735 0.817105 0.477924 6 0.0
0.76154 0.848494 0.51615 6 0.0
0.707282 0.8808 0.480251 6 0.0
0.760478 0.849411 0.442025 6 0.0
0.492641 0.989946 0.419408 4 0.002559
0.323104 0.892022 0.606703 4 0.0
0.930164 0.3076 0.38905 2 1.3e-05
0.930915 0.307758 0.399793 2 1.3e-05
0.929234 0.288344 0.389399 2 1.3e-05
0.929412 0.307441 0.378308 2 1.3e-05
0.931093 0.326855 0.388701 2 1.3e-05
0.170188 0.412548 0.487188 11 0.000575
0.176738 0.446934 0.482588 11 0.000575
0.148892 0.422022 0.527687 11 0.000575
0.163639 0.378163 0.491787 11 0.000575
0.191485 0.403075 0.446688 11 0.000575
0.071776 0.534899 0.473469 11 0.0
0.071728 0.601196 0.477639 11 0.0
0.071699 0.532609 0.509869 11 0.0
0.071825 0.468601 0.469299 11 0.0
0.071854 0.537188 0.43707 11 0.0
0.379125 0.708658 0.447269 8 0.0
0.415044 0.719405 0.441066 8 0.0
0.384248 0.708217 0.476178 8 0.0
0.343205 0.697911 0.453471 8 0.0
0.374001 0.709099 0.418359 8 0.0
0.075505 0.260697 0.4983 11 1.3e-05
0.628055 0.075742 0.470796 1 0.0
0.635228 0.080088 0.503469 1 0.0
0.587415 0.054046 0.482604 1 0.0
0.620882 0.071396 0.438123 1 0.0
0.668695 0.097439 0.458988 1 0.0
0.725189 0.213464 0.495848 1 4e-06
0.668414 0.178952 0.498201 1 4e-06
0.722505 0.220618 0.536026 1 4e-06
0.781965 0.247975 0.493495 1 4e-06
0.727873 0.206309 0.455669 1 4e-06
0.071691 0.396525 0.448001 11 0.0
0.070837 0.444819 0.439995 11 0.0
0.071995 0.401144 0.475835 11 0.0
0.072545 0.34823 0.456007 11 0.0
0.071387 0.391905 0.420168 11 0.0
0.431681 0.037899 0.429509 12 0.0
0.420588 0.04346 0.411356 12 0.0
0.410459 0.047874 0.445532 12 0.0
0.442773 0.032338 0.447663 12 0.0
0.452902 0.027924 0.413487 12 0.0
0.200444 0.523318 0.550837 8 2e-06
0.204082 0.578268 0.546323 8 2e-06
0.191352 0.526053 0.576809 8 2e-06
0.196807 0.468368 0.55535 8 2e-06
0.209537 0.520583 0.524865 8 2e-06
0.176802 0.810122 0.422554 4 0.0
0.211811 0.831176 0.421129 4 0.0
0.177551 0.810292 0.443442 4 0.0
0.141794 0.789067 0.42398 4 0.0
0.176054 0.809952 0.401666 4 0.0
0.862039 0.213265 0.430228 1 0.0
0.841522 0.200264 0.445189 1 0.0
0.871667 0.219662 0.448992 1 0.0
0.882556 0.226266 0.415268 1 0.0
0.852411 0.206867 0.411465 1 0.0
0.588027 0.919637 0.458848 6 0.0
0.571084 0.927508 0.447051 6 0.0
0.571588 0.928718 0.488517 6 0.0
0.604971 0.911766 0.470646 6 0.0
0.604467 0.910556 0.42918 6 0.0
0.882709 0.226403 0.459961 1 0.0
0.898847 0.236555 0.462395 1 0.0
0.879392 0.22369 0.493272 1 0.0
0.866571 0.216251 0.457527 1 0.0
0.886026 0.229117 0.42665 1 0.0
0.81084 0.181599 0.495875 1 0.0
0.841823 0.200839 0.4615 1 0.0
0.833312 0.195706 0.524026 1 0.0
0.779856 0.162359 0.530251 1 0.0
0.788367 0.167492 0.467725 1 0.0
0.220581 0.558678 0.488144 8 0.0
0.231026 0.616342 0.487955 8 0.0
0.210248 0.560685 0.529351 8 0.0
0.210137 0.501014 0.488333 8 0.0
0.230914 0.556671 0.446937 8 0.0
0.451147 0.801216 0.497262 8 2.5e-05
0.43432 0.81104 0.539862 8 2.5e-05
0.488725 0.813783 0.509207 8 2.5e-05
0.467974 0.791392 0.454662 8 2.5e-05
0.413569 0.788649 0.485317 8 2.5e-05
0.925049 0.749614 0.436986 6 0.025076
0.071743 0.49775 0.477295 11 0.0
0.072884 0.572453 0.475089 11 0.0
0.071734 0.498866 0.515071 11 0.0
0.070602 0.423047 0.479502 11 0.0
0.071753 0.496634 0.43952 11 0.0
0.340384 0.780565 0.546409 8 0.001065
0.347606 0.81712 0.528001 8 0.001065
0.356841 0.783484 0.558663 8 0.001065
0.333163 0.74401 0.564816 8 0.001065
0.323927 0.777645 0.534155 8 0.001065
0.448718 0.030123 0.507488 12 0.0
0.431169 0.039058 0.505446 12 0.0
0.446045 0.03189 0.53818 12 0.0
0.466267 0.021188 0.509531 12 0.0
0.45139 0.028356 0.476796 12 0.0
0.775003 0.842928 0.445345 6 0.0
0.82493 0.812667 0.437714 6 0.0
0.778155 0.841401 0.472029 6 0.0
0.725075 0.873189 0.452975 6 0.0
0.77185 0.844456 0.41866 6 0.0
0.678248 0.893413 0.504525 6 0.0
0.683594 0.891833 0.461936 6 0.0
0.621977 0.925958 0.496254 6 0.0
0.672902 0.894994 0.547114 6 0.0
0.734519 0.860868 0.512796 6 0.0
0.725518 0.868942 0.477955 6 0.0
0.660882 0.907273 0.478362 6 0.0
0.725467 0.868467 0.51453 6 0.0
0.790154 0.83061 0.477548 6 0.0
0.725569 0.869416 0.44138 6 0.0
0.183027 0.18166 0.491001 12 0.0
0.154648 0.198938 0.514443 12 0.0
0.204911 0.169172 0.526698 12 0.0
0.211405 0.164382 0.467559 12 0.0
0.161142 0.194148 0.455304 12 0.0
0.236574 0.149546 0.500996 12 0.0
0.18449 0.180337 0.490112 12 0.0
0.230424 0.154288 0.543835 12 0.0
0.288658 0.118756 0.511881 12 0.0
0.242724 0.144805 0.458157 12 0.0
0.931786 0.402576 0.485552 2 0.0
0.932044 0.447556 0.467983 2 0.0
0.932743 0.41661 0.521498 2 0.0
0.931527 0.357596 0.50312 2 0.0
0.930828 0.388542 0.449606 2 0.0
0.931017 0.57889 0.513626 2 0.0
0.930526 0.587305 0.549296 2 0.0
0.930986 0.527797 0.525679 2 0.0
0.931509 0.570476 0.477956 2 0.0
0.931049 0.629984 0.501573 2 0.0
0.071758 0.446069 0.468352 11 0.0
0.070904 0.445371 0.433013 11 0.0
0.072807 0.495414 0.467352 11 0.0
0.072613 0.446767 0.503691 11 0.0
0.070709 0.396724 0.469352 11 0.0
0.26666 0.139203 0.619821 12 0.0
0.295763 0.878133 0.439763 4 0.0
0.361513 0.914836 0.43756 4 0.0
0.296624 0.87818 0.466237 4 0.0
0.230013 0.84143 0.441966 4 0.0
0.294903 0.878086 0.413289 4 0.0
0.071993 0.467259 0.375115 11 4e-06
0.224663 0.835984 0.499697 4 0.0
0.272966 0.865259 0.506355 4 0.0
0.220442 0.833057 0.543183 4 0.0
0.17636 0.806708 0.493039 4 0.0
0.228884 0.83891 0.456211 4 0.0
0.196939 0.641689 0.538544 8 0.000111
0.223165 0.658872 0.561144 8 0.000111
0.202775 0.594112 0.567946 8 0.000111
0.170712 0.624505 0.515944 8 0.000111
0.191103 0.689265 0.509142 8 0.000111
0.619639 0.717493 0.491214 8 0.0
0.594301 0.727742 0.485233 8 0.0
0.613198 0.725763 0.532672 8 0.0
0.644977 0.707244 0.497196 8 0.0
0.62608 0.709222 0.449757 8 0.0
0.347591 0.088758 0.633032 12 0.999994
0.767986 0.684701 0.489648 8 6e-05
0.751236 0.724068 0.476869 8 6e-05
0.774626 0.699879 0.527703 8 6e-05
0.784735 0.645333 0.502427 8 6e-05
0.761345 0.669522 0.451593 8 6e-05
0.069003 0.25133 0.534785 12 0.999987
0.491073 0.987963 0.540747 4 1e-06
0.49099 0.989899 0.554882 4 1e-06
0.486837 0.98473 0.541165 4 1e-06
0.491155 0.986027 0.526612 4 1e-06
0.495308 0.991196 0.540329 4 1e-06
0.070622 0.67137 0.565678 11 0.0
0.071759 0.697407 0.547263 11 0.0
0.071472 0.679632 0.577413 11 0.0
0.069486 0.645332 0.584093 11 0.0
0.069772 0.663107 0.553943 11 0.0
0.92965 0.61991 0.563586 2 0.0
0.929351 0.626897 0.583188 2 0.0
0.929876 0.581143 0.577408 2 0.0
0.929948 0.612923 0.543985 2 0.0
0.929423 0.658678 0.549764 2 0.0
0.746111 0.617605 0.517849 8 0.0
0.73414 0.660685 0.518561 8 0.0
0.744846 0.616619 0.556282 8 0.0
0.758081 0.574526 0.517137 8 0.0
0.747375 0.618592 0.479416 8 0.0
0.072392 0.68954 0.435613 11 0.0
0.072686 0.710883 0.434685 11 0.0
0.072022 0.690655 0.461149 11 0.0
0.072099 0.668197 0.436541 11 0.0
0.072763 0.688424 0.410077 11 0.0
0.70218 0.372647 0.593521 8 4.6e-05
0.714542 0.391097 0.590017 8 4.6e-05
0.701611 0.375983 0.609082 8 4.6e-05
0.689817 0.354197 0.597025 8 4.6e-05
0.702749 0.36931 0.57796 8 4.6e-05
0.07234 0.305772 0.413552 11 0.0
0.07216 0.315926 0.399813 11 0.0
0.071727 0.32241 0.425856 11 0.0
0.07252 0.295618 0.427291 11 0.0
0.072953 0.289134 0.401247 11 0.0
0.290531 0.362475 0.594079 8 1e-06
0.277209 0.401162 0.598797 8 1e-06
0.295907 0.362539 0.608733 8 1e-06
0.303852 0.323788 0.589361 8 1e-06
0.285155 0.362411 0.579425 8 1e-06
0.555274 0.965724 0.428442 6 0.0
0.541429 0.973379 0.407938 6 0.0
0.542442 0.972196 0.439523 6 0.0
0.569119 0.958068 0.448947 6 0.0
0.568106 0.959251 0.417361 6 0.0
0.460017 0.130919 0.592347 7 4.3e-05
0.453593 0.150139 0.594316 7 4.3e-05
0.493376 0.14063 0.606402 7 4.3e-05
0.466442 0.111699 0.590379 7 4.3e-05
0.426658 0.121208 0.578293 7 4.3e-05
0.072018 0.63599 0.483169 11 0.0
0.07267 0.665314 0.448748 11 0.0
0.071954 0.659262 0.502994 11 0.0
0.071367 0.606666 0.51759 11 0.0
0.072083 0.612718 0.463345 11 0.0
0.932546 0.349377 0.468555 2 0.0
0.933033 0.378321 0.45838 2 0.0
0.933119 0.360808 0.501102 2 0.0
0.932058 0.320432 0.47873 2 0.0
0.931973 0.337945 0.436008 2 0.0
0.145154 0.207594 0.555624 12 0.0
0.121564 0.222531 0.539162 12 0.0
0.137111 0.212492 0.571595 12 0.0
0.168745 0.192658 0.572086 12 0.0
0.153197 0.202697 0.539654 12 0.0
0.374415 0.922335 0.437873 4 0.0
0.374011 0.922343 0.411546 4 0.0
0.417534 0.945468 0.437219 4 0.0
0.374818 0.922327 0.4642 4 0.0
0.331296 0.899201 0.438527 4 0.0
0.770877 0.200426 0.64484 7 0.0
0.68417 0.894148 0.494135 6 0.0
0.628352 0.926175 0.48182 6 0.0
0.677254 0.897415 0.533977 6 0.0
0.739988 0.862122 0.506451 6 0.0
0.691087 0.890882 0.454294 6 0.0
0.339019 0.650255 0.416362 8 0.0
0.360047 0.672549 0.415931 8 0.0
0.341964 0.647863 0.436278 8 0.0
0.317992 0.627962 0.416792 8 0.0
0.336075 0.652648 0.396446 8 0.0
0.071482 0.463113 0.500182 11 0.0
0.071796 0.468351 0.456145 11 0.0
0.071983 0.529463 0.508078 11 0.0
0.071169 0.457874 0.544218 11 0.0
0.070982 0.396762 0.492286 11 0.0
0.383179 0.929523 0.62312 4 0.999793
0.931847 0.38239 0.49117 2 0.0
0.932043 0.418229 0.473262 2 0.0
0.932488 0.401025 0.528471 2 0.0
0.931652 0.346551 0.509077 2 0.0
0.931207 0.363755 0.453868 2 0.0
0.517589 0.93818 0.630144 5 1.4e-05
0.76409 0.165272 0.507928 1 0.0
0.814001 0.192525 0.476697 1 0.0
0.777667 0.174126 0.537353 1 0.0
0.714178 0.138018 0.539159 1 0.0
0.750513 0.156418 0.478503 1 0.0
0.366105 0.91527 0.499212 4 0.0
0.40753 0.938959 0.479347 4 0.0
0.380664 0.923024 0.538819 4 0.0
0.32468 0.891581 0.519077 4 0.0
0.351546 0.907516 0.459605 4 0.0
0.151058 0.38549 0.358054 9 0.0
0.127656 0.380962 0.358014 9 0.0
0.139897 0.443174 0.357796 9 0.0
0.17446 0.390018 0.358093 9 0.0
0.162219 0.327805 0.358312 9 0.0
0.634994 0.079086 0.518958 1 0.0
0.676398 0.103178 0.527408 1 0.0
0.629008 0.076848 0.554671 1 0.0
0.59359 0.054994 0.510509 1 0.0
0.64098 0.081325 0.483246 1 0.0
0.723744 0.549524 0.442353 8 0.0
0.719787 0.578539 0.440203 8 0.0
0.720614 0.551244 0.471323 8 0.0
0.727702 0.520509 0.444503 8 0.0
0.726875 0.547805 0.413384 8 0.0
0.128407 0.783389 0.379692 4 0.005369
0.929791 0.614109 0.463683 2 0.0
0.92871 0.627483 0.437066 2 0.0
0.929243 0.654283 0.483891 2 0.0
0.930872 0.600735 0.490299 2 0.0
0.93034 0.573935 0.443475 2 0.0
0.555394 0.036199 0.484452 1 0.0
0.575318 0.045949 0.483123 1 0.0
0.557291 0.037596 0.523147 1 0.0
0.53547 0.026449 0.48578 1 0.0
0.553497 0.034802 0.445757 1 0.0
0.911566 0.758928 0.448438 6 0.0
0.826876 0.807605 0.359513 6 0.998717
0.111179 0.228441 0.451203 12 0.0
0.09777 0.237148 0.45359 12 0.0
0.114988 0.226154 0.48094 12 0.0
0.124587 0.219733 0.448816 12 0.0
0.10737 0.230727 0.421466 12 0.0
0.071769 0.509539 0.499927 11 0.0
0.072149 0.559694 0.520782 11 0.0
0.071473 0.493186 0.53926 11 0.0
0.071388 0.459385 0.479071 11 0.0
0.072064 0.525893 0.460593 11 0.0
0.632006 0.919576 0.359721 6 0.610571
0.932112 0.744584 0.41196 2 0.999529
0.837884 0.804017 0.489412 6 0.0
0.809543 0.821139 0.479189 6 0.0
0.827339 0.810388 0.529314 6 0.0
0.866225 0.786896 0.499635 6 0.0
0.848429 0.797647 0.44951 6 0.0
0.092362 0.759154 0.505594 4 0.0
0.101183 0.764007 0.505352 4 0.0
0.092573 0.760095 0.53216 4 0.0
0.08354 0.754301 0.505836 4 0.0
0.092151 0.758213 0.479028 4 0.0
0.370225 0.074929 0.564422 12 0.0
0.328975 0.098099 0.58132 12 0.0
0.376273 0.072219 0.582902 12 0.0
0.411474 0.05176 0.547524 12 0.0
0.364177 0.07764 0.545942 12 0.0
0.465551 0.972117 0.52619 4 0.0
0.478239 0.979299 0.52926 4 0.0
0.461172 0.96893 0.551736 4 0.0
0.452862 0.964935 0.523119 4 0.0
0.469929 0.975304 0.500644 4 0.0
0.857338 0.207606 0.35638 9 0.999876
0.885974 0.223884 0.599269 3 0.999998
0.071694 0.619558 0.486655 11 0.0
0.071964 0.65594 0.465877 11 0.0
0.071596 0.639511 0.52159 11 0.0
0.071423 0.583176 0.507433 11 0.0
0.071792 0.599606 0.451719 11 0.0
0.072842 0.314185 0.530878 11 0.0
0.072098 0.331406 0.521354 11 0.0
0.071236 0.326275 0.552864 11 0.0
0.073585 0.296964 0.540402 11 0.0
0.074447 0.302095 0.508892 11 0.0
0.124423 0.220054 0.454126 12 0.0
0.106106 0.232555 0.454082 12 0.0
0.124438 0.220188 0.485534 12 0.0
0.14274 0.207553 0.454171 12 0.0
0.124408 0.219921 0.422718 12 0.0
0.929535 0.525786 0.556292 2 0.0
0.929888 0.592768 0.552625 2 0.0
0.930027 0.527229 0.582684 2 0.0
0.929182 0.458805 0.559959 2 0.0
0.929043 0.524344 0.529901 2 0.0
0.548307 0.031498 0.391001 1 0.0
0.567124 0.039937 0.391948 1 0.0
0.547864 0.03121 0.402364 1 0.0
0.52949 0.023058 0.390054 1 0.0
0.54875 0.031785 0.379638 1 0.0
0.56062 0.96097 0.608584 5 0.999996
0.889749 0.277624 0.621193 3 2e-06
0.883693 0.281218 0.629368 3 2e-06
0.876847 0.255054 0.621559 3 2e-06
0.895805 0.274029 0.613018 3 2e-06
0.902651 0.300194 0.620827 3 2e-06
0.184529 0.180653 0.488827 12 0.0
0.154449 0.198784 0.512994 12 0.0
0.205059 0.169148 0.523011 12 0.0
0.214608 0.162523 0.464659 12 0.0
0.163998 0.192159 0.454642 12 0.0
0.931427 0.428481 0.491763 2 0.0
0.932156 0.483022 0.479271 2 0.0
0.932543 0.437214 0.529957 2 0.0
0.930698 0.37394 0.504254 2 0.0
0.930312 0.419748 0.453568 2 0.0
0.073308 0.261729 0.472213 11 2e-06
0.496997 0.991395 0.540871 4 0.137403
0.928568 0.671754 0.529144 2 0.0
0.928207 0.693662 0.5412 2 0.0
0.929113 0.65949 0.551446 2 0.0
0.928929 0.649846 0.517088 2 0.0
0.928022 0.684018 0.506842 2 0.0
0.072683 0.734933 0.476519 11 3e-06
0.827857 0.624858 0.640526 7 0.0
0.805692 0.681682 0.641205 7 0.0
0.804643 0.615808 0.640158 7 0.0
0.850022 0.568034 0.639846 7 0.0
0.85107 0.633909 0.640893 7 0.0
0.932136 0.297016 0.478727 2 0.0
0.932176 0.299394 0.51644 2 0.0
0.931857 0.281865 0.479683 2 0.0
0.932097 0.294638 0.441015 2 0.0
0.932416 0.312167 0.477772 2 0.0
0.766795 0.615924 0.406533 10 0.00016
0.760582 0.653393 0.410109 10 0.00016
0.762841 0.613843 0.421476 10 0.00016
0.773008 0.578455 0.402958 10 0.00016
0.770748 0.618006 0.391591 10 0.00016
0.793035 0.812531 0.361289 9 0.04735
0.35128 0.90514 0.616225 4 0.0
0.699523 0.346938 0.577609 8 0.0
0.721612 0.376629 0.575087 8 0.0
0.696077 0.35128 0.598544 8 0.0
0.677434 0.317247 0.580132 8 0.0
0.702969 0.342596 0.556674 8 0.0
0.39229 0.698535 0.604842 8 0.0
0.423624 0.720409 0.602445 8 0.0
0.392008 0.700396 0.618138 8 0.0
0.360956 0.676661 0.60724 8 0.0
0.392572 0.696674 0.591547 8 0.0
0.104944 0.643262 0.607887 11 5e-06
0.114723 0.660076 0.608296 11 5e-06
0.106266 0.642331 0.614581 11 5e-06
0.095164 0.626448 0.607479 11 5e-06
0.103622 0.644193 0.601194 11 5e-06
0.669468 0.358864 0.55093 8 0.0
0.697235 0.388211 0.548824 8 0.0
0.671862 0.358599 0.578781 8 0.0
0.641702 0.329518 0.553036 8 0.0
0.667075 0.35913 0.523079 8 0.0
0.668532 0.099692 0.499679 1 0.0
0.682725 0.107284 0.465144 1 0.0
0.714482 0.12734 0.524641 1 0.0
0.654338 0.092101 0.534214 1 0.0
0.622582 0.072044 0.474717 1 0.0
0.932901 0.342481 0.612929 3 0.999968
0.930476 0.480887 0.480634 2 0.0
0.932035 0.546588 0.489626 2 0.0
0.930272 0.477085 0.508444 2 0.0
0.928917 0.415186 0.471641 2 0.0
0.93068 0.484689 0.452823 2 0.0
0.929761 0.59788 0.566443 2 0.0
0.929187 0.644462 0.554716 2 0.0
0.930173 0.60303 0.586879 2 0.0
0.930335 0.551299 0.57817 2 0.0
0.929349 0.59273 0.546007 2 0.0
0.815772 0.188068 0.590992 1 0.0
0.334022 0.642977 0.541724 8 0.0
0.351875 0.663893 0.542085 8 0.0
0.331631 0.644468 0.573615 8 0.0
0.316169 0.622061 0.541363 8 0.0
0.336413 0.641486 0.509833 8 0.0
0.667334 0.354098 0.479738 8 0.0
0.687178 0.376339 0.473597 8 0.0
0.670844 0.36145 0.517713 8 0.0
0.647491 0.331856 0.485878 8 0.0
0.663825 0.346745 0.441762 8 0.0
0.159191 0.698458 0.639145 7 0.0
0.308157 0.603407 0.476249 8 0.0
0.323269 0.631322 0.473313 8 0.0
0.310764 0.605411 0.508724 8 0.0
0.293046 0.575491 0.479185 8 0.0
0.305551 0.601402 0.443774 8 0.0
0.414001 0.052194 0.359058 9 0.999879
0.797469 0.488211 0.498134 8 0.0
0.809494 0.54433 0.50161 8 0.0
0.788385 0.487491 0.541182 8 0.0
0.785445 0.432091 0.494659 8 0.0
0.806554 0.48893 0.455087 8 0.0
0.167211 0.281854 0.639568 7 0.017475
0.656799 0.0899 0.497529 1 0.0
0.679394 0.102494 0.465509 1 0.0
0.688948 0.108473 0.52752 1 0.0
0.634205 0.077305 0.529549 1 0.0
0.62465 0.071326 0.467539 1 0.0
0.91199 0.377051 0.636538 3 0.002177
0.741435 0.48652 0.478582 8 0.0
0.745248 0.515585 0.474377 8 0.0
0.736866 0.492919 0.518673 8 0.0
0.737622 0.457455 0.482787 8 0.0
0.746004 0.480121 0.438491 8 0.0
0.506421 0.175751 0.642368 7 0.0
0.584291 0.177315 0.642741 7 0.0
0.507026 0.145636 0.642288 7 0.0
0.42855 0.174187 0.641995 7 0.0
0.505815 0.205866 0.642447 7 0.0
0.803925 0.500516 0.497576 8 0.0
0.820571 0.554004 0.504005 8 0.0
0.794658 0.4984 0.539183 8 0.0
0.787278 0.447028 0.491148 8 0.0
0.813192 0.502632 0.45597 8 0.0
0.162054 0.656313 0.357523 9 0.0
0.169613 0.702504 0.358205 9 0.0
0.191147 0.651554 0.35742 9 0.0
0.154496 0.610123 0.356842 9 0.0
0.132962 0.661072 0.357627 9 0.0
0.761663 0.689411 0.356417 9 0.0
0.715512 0.755028 0.356844 9 0.0
0.737683 0.672547 0.356138 9 0.0
0.807813 0.623794 0.355989 9 0.0
0.785642 0.706275 0.356695 9 0.0
0.930193 0.50877 0.552761 2 0.0
0.930005 0.581242 0.552306 2 0.0
0.930427 0.508942 0.58011 2 0.0
0.930381 0.436298 0.553216 2 0.0
0.929958 0.508598 0.525413 2 0.0
0.209016 0.823103 0.623091 4 3e-06
0.373185 0.679588 0.419863 8 0.0
0.400552 0.7002 0.42153 8 0.0
0.374465 0.676202 0.440721 8 0.0
0.345817 0.658976 0.418195 8 0.0
0.371905 0.682975 0.399004 8 0.0
0.071096 0.469967 0.48894 11 0.0
0.070227 0.477948 0.451136 11 0.0
0.070985 0.539135 0.503545 11 0.0
0.071966 0.461985 0.526744 11 0.0
0.071208 0.400799 0.474335 11 0.0
0.540637 0.972823 0.584314 6 0.003609
0.69227 0.888881 0.500181 6 0.0
0.634193 0.922414 0.495339 6 0.0
0.689419 0.890215 0.54361 6 0.0
0.750346 0.855349 0.505023 6 0.0
0.695121 0.887548 0.456751 6 0.0
0.92986 0.286258 0.397391 2 0.0
0.931263 0.296486 0.404584 2 0.0
0.929783 0.278229 0.408823 2 0.0
0.928456 0.27603 0.390197 2 0.0
0.929937 0.294287 0.385959 2 0.0
0.648494 0.088697 0.363812 1 0.999911
0.102957 0.235369 0.370109 12 0.004405
0.293662 0.116917 0.416375 12 0.0
0.699076 0.619814 0.413212 8 0.0
0.68366 0.642992 0.41729 8 0.0
0.698971 0.616256 0.433033 8 0.0
0.714493 0.596635 0.409133 8 0.0
0.699181 0.623371 0.393391 8 0.0
0.110224 0.774737 0.357747 9 0.999998
0.116619 0.224839 0.482459 12 0.0
0.102341 0.233711 0.485833 12 0.0
0.122732 0.219912 0.521289 12 0.0
0.130897 0.215968 0.479086 12 0.0
0.110506 0.229766 0.44363 12 0.0
0.930603 0.614014 0.527036 2 0.0
0.930444 0.65367 0.50891 2 0.0
0.930766 0.626667 0.554716 2 0.0
0.930763 0.574358 0.545163 2 0.0
0.930441 0.601361 0.499356 2 0.0
0.092976 0.758601 0.357051 9 0.999999
0.93047 0.4929 0.457437 2 0.0
0.930295 0.564001 0.451394 2 0.0
0.930883 0.495411 0.486965 2 0.0
0.930644 0.421799 0.463479 2 0.0
0.930056 0.49039 0.427908 2 0.0
0.932407 0.485825 0.470001 2 0.0
0.933128 0.488963 0.504345 2 0.0
0.932701 0.417196 0.476264 2 0.0
0.931687 0.482687 0.435656 2 0.0
0.932114 0.554454 0.463737 2 0.0
0.13878 0.686123 0.490309 11 2e-06
0.146679 0.716259 0.488391 11 2e-06
0.159402 0.683413 0.532639 11 2e-06
0.13088 0.655987 0.492228 11 2e-06
0.118158 0.688834 0.44798 11 2e-06
0.512822 0.011711 0.447883 1 0.0
0.278065 0.604259 0.616733 8 1e-06
0.288466 0.619767 0.621396 8 1e-06
0.277077 0.602859 0.623591 8 1e-06
0.267665 0.588751 0.612069 8 1e-06
0.279054 0.605659 0.609874 8 1e-06
0.817613 0.403167 0.356761 9 0.0
0.835196 0.477689 0.356701 9 0.0
0.848428 0.395896 0.356893 9 0.0
0.80003 0.328645 0.356821 9 0.0
0.786798 0.410438 0.356628 9 0.0
0.595343 0.290463 0.619679 7 0.0
0.28826 0.870952 0.582105 4 0.0
0.90482 0.762411 0.472906 6 0.0
0.931005 0.507371 0.461133 2 0.0
0.931725 0.509192 0.491612 2 0.0
0.930414 0.433439 0.465564 2 0.0
0.930284 0.50555 0.430653 2 0.0
0.931595 0.581302 0.456701 2 0.0
0.803427 0.823899 0.485935 6 0.0
0.762351 0.848692 0.48431 6 0.0
0.802045 0.824188 0.525309 6 0.0
0.844504 0.799106 0.487559 6 0.0
0.80481 0.82361 0.446561 6 0.0
0.069632 0.36157 0.598832 11 0.0
0.208744 0.828257 0.427527 4 0.0
0.254034 0.854514 0.427936 4 0.0
0.208769 0.827861 0.45015 4 0.0
0.163454 0.802001 0.427118 4 0.0
0.208719 0.828653 0.404904 4 0.0
0.408533 0.293636 0.399141 8 0.0
0.407285 0.295166 0.412452 8 0.0
0.443142 0.276082 0.404404 8 0.0
0.40978 0.292105 0.38583 8 0.0
0.373923 0.311189 0.393879 8 0.0
0.141763 0.209039 0.476097 12 0.0
0.118243 0.224636 0.47468 12 0.0
0.139949 0.209841 0.515019 12 0.0
0.165283 0.193443 0.477515 12 0.0
0.143578 0.208238 0.437176 12 0.0
0.071802 0.535693 0.496739 11 0.0
0.073947 0.601406 0.504057 11 0.0
0.071571 0.531064 0.538371 11 0.0
0.069657 0.469979 0.489421 11 0.0
0.072034 0.540321 0.455108 11 0.0
0.077669 0.250751 0.469638 12 0.0
0.516704 0.975908 0.36136 9 0.189933
0.518413 0.98039 0.361188 9 0.189933
0.503976 0.980859 0.363973 9 0.189933
0.514996 0.971426 0.361532 9 0.189933
0.529432 0.970957 0.358748 9 0.189933
0.929414 0.740149 0.392912 2 0.414268
0.930465 0.743983 0.392434 2 0.414268
0.929067 0.741836 0.405678 2 0.414268
0.928363 0.736316 0.39339 2 0.414268
0.929761 0.738463 0.380147 2 0.414268
0.846195 0.798799 0.497134 6 0.0
0.823634 0.812672 0.484335 6 0.0
0.830439 0.808319 0.535226 6 0.0
0.868756 0.784925 0.509934 6 0.0
0.861951 0.789278 0.459043 6 0.0
0.421082 0.045575 0.536056 12 0.0
0.408406 0.051345 0.517702 12 0.0
0.397987 0.057022 0.555607 12 0.0
0.433759 0.039804 0.554409 12 0.0
0.444178 0.034127 0.516504 12 0.0
0.282331 0.657618 0.356239 9 0.0
0.13233 0.782018 0.579034 4 0.0
0.153999 0.795392 0.590766 4 0.0
0.128471 0.780291 0.58813 4 0.0
0.110661 0.768643 0.567302 4 0.0
0.136189 0.783745 0.569937 4 0.0
0.753809 0.851608 0.525884 6 0.0
0.698564 0.884516 0.533681 6 0.0
0.757607 0.849598 0.561274 6 0.0
0.809054 0.818701 0.518087 6 0.0
0.750012 0.853619 0.490494 6 0.0
0.072903 0.337049 0.490691 11 0.0
0.073224 0.363625 0.483461 11 0.0
0.072299 0.348032 0.531036 11 0.0
0.072582 0.310474 0.49792 11 0.0
0.073508 0.326066 0.450346 11 0.0
0.931191 0.46874 0.513059 2 0.0
0.931713 0.470225 0.477203 2 0.0
0.931402 0.533482 0.515743 2 0.0
0.930668 0.467255 0.548914 2 0.0
0.93098 0.403998 0.510374 2 0.0
0.341143 0.240666 0.366369 9 0.0
0.930294 0.535572 0.514557 2 0.0
0.929967 0.601386 0.512824 2 0.0
0.929695 0.536564 0.552382 2 0.0
0.93062 0.469757 0.516289 2 0.0
0.930892 0.534579 0.476732 2 0.0
0.50521 0.010641 0.473155 1 0.0
0.928015 0.703843 0.480145 2 0.0
0.927378 0.719092 0.481483 2 0.0
0.928755 0.700553 0.518002 2 0.0
0.928653 0.688594 0.478808 2 0.0
0.927275 0.707133 0.442289 2 0.0
0.083549 0.323793 0.417945 11 0.0
0.082656 0.342512 0.418412 11 0.0
0.08411 0.323334 0.437383 11 0.0
0.084443 0.305073 0.417478 11 0.0
0.082989 0.324251 0.398506 11 0.0
0.078825 0.251296 0.446076 12 0.0
0.496606 0.996424 0.417844 4 0.999793
0.320748 0.10195 0.499435 12 0.0
0.267173 0.132371 0.512375 12 0.0
0.328983 0.097999 0.542816 12 0.0
0.374323 0.071528 0.486495 12 0.0
0.312514 0.1059 0.456055 12 0.0
0.855934 0.209935 0.489637 1 0.0
0.877827 0.223725 0.498279 1 0.0
0.843972 0.203028 0.530965 1 0.0
0.834041 0.196145 0.480996 1 0.0
0.867897 0.216842 0.448309 1 0.0
0.069186 0.738237 0.368333 11 0.999951
0.070442 0.745398 0.367499 11 0.999951
0.067952 0.739074 0.373662 11 0.999951
0.067929 0.731076 0.369168 11 0.999951
0.070419 0.7374 0.363005 11 0.999951
0.408727 0.944161 0.358595 9 0.999989
0.930743 0.447519 0.483283 2 0.0
0.932043 0.509663 0.478263 2 0.0
0.931436 0.450593 0.521516 2 0.0
0.929444 0.385375 0.488303 2 0.0
0.930051 0.444445 0.44505 2 0.0
0.069462 0.630978 0.511342 11 0.0
0.069519 0.666183 0.520124 11 0.0
0.070175 0.622547 0.545134 11 0.0
0.069406 0.595773 0.502559 11 0.0
0.06875 0.639409 0.477549 11 0.0
0.699952 0.119525 0.621013 1 0.0
0.914167 0.310027 0.613288 3 0.003147
0.916789 0.333755 0.6214 3 0.003147
0.920605 0.311371 0.607277 3 0.003147
0.911545 0.286299 0.605176 3 0.003147
0.907729 0.308684 0.619299 3 0.003147
0.069849 0.361301 0.597128 11 0.0
0.460653 0.970842 0.492165 4 0.0
0.460057 0.970457 0.527289 4 0.0
0.445089 0.96257 0.49181 4 0.0
0.461249 0.971227 0.457041 4 0.0
0.476217 0.979113 0.49252 4 0.0
0.928177 0.684133 0.539543 2 0.0
0.927087 0.70077 0.55415 2 0.0
0.928751 0.669769 0.555946 2 0.0
0.929268 0.667495 0.524936 2 0.0
0.927603 0.698497 0.52314 2 0.0
0.071953 0.640562 0.453507 11 0.0
0.072119 0.675092 0.442439 11 0.0
0.072038 0.649723 0.482091 11 0.0
0.071787 0.606032 0.464575 11 0.0
0.071868 0.6314 0.424922 11 0.0
0.071344 0.407495 0.38449 11 0.0
0.528042 0.979914 0.356168 9 1.0
0.844773 0.557095 0.356156 9 0.0
0.838369 0.633156 0.355832 9 0.0
0.870856 0.559292 0.356488 9 0.0
0.851177 0.481033 0.356479 9 0.0
0.81869 0.554897 0.355823 9 0.0
0.150296 0.199975 0.356688 12 0.999999
0.623263 0.925029 0.615134 6 0.0
0.925618 0.255226 0.527954 3 0.000212
0.928185 0.653593 0.403352 2 0.0
0.927047 0.685033 0.399868 2 0.0
0.928828 0.655218 0.417802 2 0.0
0.929324 0.622154 0.406836 2 0.0
0.927543 0.651969 0.388903 2 0.0
0.11796 0.219458 0.367844 12 0.988935
0.727211 0.54496 0.377576 8 3e-06
0.93036 0.599537 0.487364 2 0.0
0.929704 0.616242 0.455596 2 0.0
0.930614 0.642245 0.509816 2 0.0
0.931017 0.582833 0.519133 2 0.0
0.930107 0.55683 0.464913 2 0.0
0.075283 0.397543 0.619417 11 0.000668
0.529227 0.021186 0.436617 1 0.0
0.540598 0.027036 0.435434 1 0.0
0.531627 0.021664 0.462042 1 0.0
0.517857 0.015336 0.4378 1 0.0
0.526828 0.020708 0.411192 1 0.0
0.586619 0.948654 0.488755 6 0.0
0.562361 0.96112 0.501215 6 0.0
0.602725 0.939339 0.529429 6 0.0
0.610877 0.936188 0.476294 6 0.0
0.570513 0.957969 0.44808 6 0.0
0.851684 0.79242 0.360714 6 0.999904
0.929947 0.582589 0.419234 2 0.0
0.930429 0.63325 0.424459 2 0.0
0.93107 0.580618 0.438237 2 0.0
0.929466 0.531927 0.41401 2 0.0
0.928825 0.584559 0.400232 2 0.0
0.845733 0.798541 0.489273 6 0.0
0.818619 0.815018 0.484402 6 0.0
0.840153 0.801306 0.529688 6 0.0
0.872846 0.782063 0.494143 6 0.0
0.851312 0.795775 0.448858 6 0.0
0.205581 0.823933 0.49702 4 0.0
0.249172 0.849953 0.501201 4 0.0
0.202798 0.821649 0.540244 4 0.0
0.16199 0.797913 0.492839 4 0.0
0.208364 0.826216 0.453795 4 0.0
0.359459 0.08014 0.49744 12 0.0
0.319543 0.102545 0.523715 12 0.0
0.377392 0.070934 0.532532 12 0.0
0.399375 0.057734 0.471164 12 0.0
0.341525 0.089345 0.462347 12 0.0
0.417575 0.944759 0.493246 4 0.0
0.443266 0.958327 0.504732 4 0.0
0.403326 0.937057 0.534212 4 0.0
0.391884 0.931191 0.481759 4 0.0
0.431825 0.95246 0.452279 4 0.0
0.852989 0.207189 0.367669 1 0.54604
0.436492 0.944987 0.621821 5 0.043237
0.925166 0.250618 0.574412 3 0.93785
0.923549 0.251736 0.571712 3 0.93785
0.922354 0.250409 0.57601 3 0.93785
0.926783 0.2495 0.577112 3 0.93785
0.927978 0.250826 0.572813 3 0.93785
0.929079 0.517479 0.499647 2 0.0
0.927987 0.587725 0.492099 2 0.0
0.929347 0.522072 0.542355 2 0.0
0.93017 0.447234 0.507195 2 0.0
0.92881 0.512886 0.45694 2 0.0
0.921608 0.298866 0.600682 3 0.01287
0.928596 0.731405 0.476899 2 0.0
0.564459 0.040295 0.553191 1 0.0
0.571712 0.044922 0.537956 1 0.0
0.585416 0.051086 0.566445 1 0.0
0.557206 0.035669 0.568426 1 0.0
0.543503 0.029505 0.539938 1 0.0
0.475764 0.978219 0.58106 4 0.0
0.233889 0.211401 0.363265 9 0.0
0.418234 0.924395 0.358888 9 0.000437
0.068936 0.720639 0.362092 11 0.985125
0.071675 0.529942 0.50122 11 0.0
0.071559 0.539479 0.541921 11 0.0
0.071255 0.462766 0.516959 11 0.0
0.071791 0.520406 0.460518 11 0.0
0.072096 0.597119 0.485481 11 0.0
0.069593 0.252493 0.529138 11 0.999998
0.492673 0.98953 0.488319 4 2e-06
0.929845 0.63075 0.593666 2 0.0
0.071698 0.674887 0.403387 11 0.0
0.072928 0.701639 0.399164 11 0.0
0.072378 0.677205 0.418261 11 0.0
0.070468 0.648136 0.407611 11 0.0
0.071018 0.67257 0.388514 11 0.0
0.428564 0.958751 0.362601 4 0.999606
0.270497 0.523518 0.35894 8 0.999999
0.241727 0.696884 0.640378 7 0.0
0.217053 0.715745 0.641595 7 0.0
0.289251 0.759034 0.640694 7 0.0
0.266402 0.678022 0.63916 7 0.0
0.194204 0.634734 0.640061 7 0.0
0.390793 0.690378 0.566413 8 0.0
0.421306 0.710588 0.570004 8 0.0
0.386909 0.691825 0.591274 8 0.0
0.36028 0.670168 0.562822 8 0.0
0.394677 0.688931 0.541552 8 0.0
0.426213 0.085203 0.359384 9 5.9e-05
0.151354 0.7063 0.359588 9 0.0
0.170371 0.73473 0.360392 9 0.0
0.170609 0.693438 0.35899 9 0.0
0.132337 0.67787 0.358784 9 0.0
0.132099 0.719163 0.360186 9 0.0
0.071742 0.503072 0.620174 11 0.0
0.922893 0.424106 0.642284 3 0.999994
0.789623 0.35061 0.644537 3 0.0
0.822428 0.41786 0.644938 3 0.0
0.815668 0.33791 0.643776 3 0.0
0.756818 0.283361 0.644135 3 0.0
0.763577 0.363311 0.645297 3 0.0
0.225367 0.834623 0.56245 4 0.0
0.274534 0.862785 0.57299 4 0.0
0.220949 0.833533 0.585971 4 0.0
0.176199 0.80646 0.551909 4 0.0
0.229785 0.835712 0.538929 4 0.0
0.870363 0.277772 0.631669 3 0.014373
0.654642 0.336683 0.440144 8 0.0
0.678313 0.356916 0.426479 8 0.0
0.660327 0.34639 0.464361 8 0.0
0.630972 0.316451 0.453809 8 0.0
0.648958 0.326977 0.415927 8 0.0
0.926431 0.522962 0.500212 2 0.0
0.927102 0.568533 0.51824 2 0.0
0.926709 0.5073 0.53979 2 0.0
0.925759 0.47739 0.482184 2 0.0
0.926153 0.538623 0.460633 2 0.0
0.635146 0.923007 0.40378 6 0.0
0.707907 0.12216 0.479451 1 0.0
0.711164 0.123621 0.442778 1 0.0
0.76782 0.157813 0.486191 1 0.0
0.704651 0.120698 0.516124 1 0.0
0.647995 0.086506 0.472711 1 0.0
0.924869 0.27886 0.585968 3 0.342037
0.729324 0.624277 0.355511 9 0.0
0.281257 0.219258 0.639399 7 0.0
0.295714 0.239244 0.64 7 0.0
0.225672 0.25952 0.637608 7 0.0
0.2668 0.199272 0.638798 7 0.0
0.336842 0.178996 0.64119 7 0.0
0.368535 0.918232 0.48331 4 0.0
0.410701 0.942123 0.470148 4 0.0
0.37765 0.922769 0.520744 4 0.0
0.326368 0.894342 0.496473 4 0.0
0.35942 0.913696 0.445876 4 0.0
0.070791 0.512885 0.584815 11 0.0
0.204475 0.170734 0.629797 12 0.999667
0.922079 0.515149 0.545884 2 0.0
0.923014 0.516833 0.518404 2 0.0
0.921651 0.587948 0.550329 2 0.0
0.921144 0.513466 0.573363 2 0.0
0.922508 0.44235 0.541438 2 0.0
0.719894 0.466362 0.557197 8 0.0
0.72266 0.498207 0.565959 8 0.0
0.721338 0.459247 0.5826 8 0.0
0.717129 0.434516 0.548436 8 0.0
0.718451 0.473476 0.531794 8 0.0
0.282196 0.872381 0.388517 4 0.0
0.731492 0.612351 0.356317 9 0.0
0.699889 0.613371 0.498999 8 0.0
0.684348 0.639072 0.499193 8 0.0
0.698744 0.612345 0.543177 8 0.0
0.71543 0.587669 0.498805 8 0.0
0.701033 0.614396 0.45482 8 0.0
0.333826 0.730588 0.641799 7 0.0
0.529776 0.722398 0.466962 8 0.0
0.512915 0.724075 0.438159 8 0.0
0.499682 0.723206 0.484626 8 0.0
0.546637 0.72072 0.495764 8 0.0
0.55987 0.721589 0.449298 8 0.0
0.58261 0.710621 0.479112 8 0.0
0.557867 0.718186 0.469418 8 0.0
0.569211 0.7143 0.516181 8 0.0
0.607353 0.703057 0.488807 8 0.0
0.596009 0.706943 0.442044 8 0.0
0.679275 0.334894 0.429096 8 0.0
0.698278 0.357194 0.430753 8 0.0
0.675939 0.335976 0.452785 8 0.0
0.660271 0.312594 0.42744 8 0.0
0.68261 0.333812 0.405408 8 0.0
0.180369 0.256242 0.360601 9 0.0
0.147963 0.288777 0.359031 9 0.0
0.194039 0.269818 0.359772 9 0.0
0.212776 0.223708 0.362171 9 0.0
0.1667 0.242667 0.361431 9 0.0
0.551077 0.176515 0.358751 9 0.0
0.627631 0.189629 0.356951 9 0.0
0.545851 0.206946 0.358187 9 0.0
0.474522 0.163401 0.36055 9 0.0
0.556303 0.146085 0.359315 9 0.0
0.853986 0.253166 0.640923 3 0.999987
0.616156 0.229302 0.451718 8 0.0
0.66692 0.260226 0.462525 8 0.0
0.608738 0.231823 0.479348 8 0.0
0.565392 0.198378 0.440911 8 0.0
0.623573 0.226781 0.424088 8 0.0
0.933201 0.316677 0.604017 3 0.919895
0.407107 0.697682 0.429823 8 0.0
0.437713 0.71421 0.429753 8 0.0
0.408914 0.694435 0.453166 8 0.0
0.376501 0.681155 0.429893 8 0.0
0.4053 0.70093 0.40648 8 0.0
0.581489 0.714619 0.356993 8 0.999985
0.717689 0.554966 0.54462 8 0.0
0.715678 0.560967 0.515528 8 0.0
0.710241 0.594717 0.553334 8 0.0
0.7197 0.548966 0.573713 8 0.0
0.725137 0.515215 0.535906 8 0.0
0.821648 0.469591 0.35669 9 0.0
0.695771 0.616043 0.563436 8 0.0
0.67808 0.654756 0.572995 8 0.0
0.69853 0.61186 0.585483 8 0.0
0.713461 0.577331 0.553876 8 0.0
0.693011 0.620227 0.541388 8 0.0
0.931201 0.496582 0.481303 2 0.0
0.9316 0.571872 0.479752 2 0.0
0.931816 0.497366 0.519526 2 0.0
0.930802 0.421292 0.482855 2 0.0
0.930585 0.495798 0.443081 2 0.0
0.478945 0.723076 0.558616 8 0.0
0.447646 0.719186 0.555162 8 0.0
0.476041 0.723784 0.58413 8 0.0
0.510243 0.726966 0.56207 8 0.0
0.481848 0.722368 0.533102 8 0.0
0.206551 0.175048 0.369548 12 0.780729
0.42368 0.283801 0.367813 10 0.116912
0.422717 0.28215 0.490259 8 0.0
0.44606 0.270208 0.49626 8 0.0
0.413926 0.286387 0.53289 8 0.0
0.399373 0.294092 0.484259 8 0.0
0.431507 0.277913 0.447629 8 0.0
0.45342 0.91957 0.601792 5 3e-06
0.742326 0.568946 0.603195 8 0.0
0.440003 0.710709 0.483002 8 0.0
0.470957 0.720631 0.465882 8 0.0
0.454435 0.714573 0.511335 8 0.0
0.409049 0.700788 0.500122 8 0.0
0.425571 0.706845 0.454669 8 0.0
0.711518 0.882001 0.643883 6 0.999999
0.336459 0.660271 0.356535 10 0.999998
0.627565 0.731137 0.500164 8 0.0
0.593386 0.744294 0.489837 8 0.0
0.615198 0.733443 0.544034 8 0.0
0.661745 0.71798 0.510492 8 0.0
0.639933 0.728831 0.456295 8 0.0
0.785472 0.167 0.491001 1 0.0
0.831399 0.194304 0.480631 1 0.0
0.792144 0.171608 0.532685 1 0.0
0.739546 0.139696 0.50137 1 0.0
0.778801 0.162392 0.449317 1 0.0
0.070798 0.426303 0.609265 11 0.0
0.349589 0.864668 0.357385 9 0.0
0.923548 0.443493 0.644088 3 0.999996
0.733314 0.381094 0.625933 8 0.999979
0.170073 0.498414 0.639561 7 0.0
0.138872 0.497481 0.639526 7 0.0
0.172305 0.423724 0.641027 7 0.0
0.201273 0.499347 0.639596 7 0.0
0.16784 0.573104 0.638095 7 0.0
0.070307 0.472682 0.602873 11 0.0
0.388041 0.199395 0.603273 7 0.0
0.44763 0.717327 0.405181 8 0.0
0.448994 0.714178 0.422072 8 0.0
0.476641 0.726108 0.404476 8 0.0
0.446267 0.720476 0.388289 8 0.0
0.41862 0.708546 0.405885 8 0.0
0.765693 0.478374 0.541554 8 0.0
0.776291 0.525883 0.54808 8 0.0
0.757676 0.475943 0.572268 8 0.0
0.755096 0.430865 0.535028 8 0.0
0.773711 0.480804 0.51084 8 0.0
0.715738 0.582503 0.443586 8 0.0
0.719675 0.578754 0.414661 8 0.0
0.708232 0.607579 0.439315 8 0.0
0.7118 0.586252 0.472512 8 0.0
0.723243 0.557427 0.447858 8 0.0
0.687087 0.639023 0.497551 8 0.0
0.668072 0.656152 0.538372 8 0.0
0.710382 0.61873 0.516918 8 0.0
0.706102 0.621895 0.45673 8 0.0
0.663792 0.659317 0.478185 8 0.0
0.528245 0.723254 0.422835 8 0.0
0.521823 0.725737 0.402203 8 0.0
0.498332 0.723327 0.432154 8 0.0
0.534667 0.720771 0.443466 8 0.0
0.558158 0.723181 0.413515 8 0.0
0.253757 0.594111 0.500667 8 0.0
0.271377 0.63169 0.499236 8 0.0
0.25207 0.596523 0.543224 8 0.0
0.236136 0.556533 0.502099 8 0.0
0.255443 0.591699 0.458111 8 0.0
0.64205 0.679473 0.486033 8 0.0
0.615702 0.697334 0.476087 8 0.0
0.631728 0.686329 0.525694 8 0.0
0.668399 0.661611 0.495979 8 0.0
0.652373 0.672616 0.446372 8 0.0
0.881999 0.308925 0.357966 9 0.0
0.881689 0.282676 0.357656 9 0.0
0.865208 0.309125 0.357873 9 0.0
0.882309 0.335175 0.358277 9 0.0
0.898789 0.308726 0.35806 9 0.0
0.858113 0.467864 0.642261 7 0.0
0.862888 0.528262 0.642717 7 0.0
0.880052 0.46613 0.642259 7 0.0
0.853338 0.407466 0.641805 7 0.0
0.836173 0.469599 0.642263 7 0.0
0.070891 0.499213 0.447543 11 0.0
0.071487 0.574315 0.446721 11 0.0
0.071488 0.499525 0.476477 11 0.0
0.070295 0.424111 0.448365 11 0.0
0.070294 0.498901 0.418609 11 0.0
0.734556 0.414476 0.356327 8 0.0
0.698429 0.382578 0.385353 8 0.0
0.717378 0.407144 0.383624 8 0.0
0.697675 0.383937 0.396401 8 0.0
0.679479 0.358012 0.387082 8 0.0
0.699182 0.38122 0.374305 8 0.0
0.608724 0.792877 0.355454 9 0.0
0.251507 0.441293 0.429137 8 0.0
0.255542 0.430065 0.442982 8 0.0
0.255217 0.418702 0.409737 8 0.0
0.247472 0.45252 0.415293 8 0.0
0.247797 0.463883 0.448538 8 0.0
0.93004 0.413508 0.593925 2 0.0
0.770434 0.161049 0.637593 3 0.999996
0.225283 0.327814 0.639601 7 0.0
0.184316 0.393146 0.640929 7 0.0
0.199866 0.311881 0.639362 7 0.0
0.266249 0.262481 0.638273 7 0.0
0.250699 0.343746 0.639839 7 0.0
0.920129 0.515568 0.359783 9 1e-06
0.68101 0.647409 0.49909 8 0.0
0.661658 0.687025 0.48689 8 0.0
0.675101 0.657466 0.541118 8 0.0
0.700361 0.607793 0.511291 8 0.0
0.686918 0.637352 0.457063 8 0.0
0.932218 0.407534 0.425505 2 0.0
0.932372 0.455772 0.435018 2 0.0
0.932353 0.403756 0.444662 2 0.0
0.932065 0.359296 0.415992 2 0.0
0.932084 0.411313 0.406348 2 0.0
0.783813 0.165717 0.497402 1 0.0
0.827255 0.191797 0.479224 1 0.0
0.795745 0.173472 0.537042 1 0.0
0.740372 0.139637 0.515581 1 0.0
0.771882 0.157962 0.457763 1 0.0
0.358415 0.794268 0.357377 9 0.0
0.347234 0.822982 0.357306 9 0.0
0.444372 0.827739 0.357421 9 0.0
0.369596 0.765553 0.357448 9 0.0
0.272458 0.760797 0.357333 9 0.0
0.467037 0.138912 0.358662 9 0.0
0.475164 0.168898 0.358872 9 0.0
0.415937 0.152765 0.358354 9 0.0
0.458909 0.108926 0.358452 9 0.0
0.518136 0.12506 0.358971 9 0.0
0.455002 0.273154 0.400887 8 0.0
0.453784 0.273611 0.385963 8 0.0
0.426219 0.281909 0.403504 8 0.0
0.45622 0.272696 0.415811 8 0.0
0.483785 0.264399 0.39827 8 0.0
0.678348 0.892712 0.635504 5 0.99999
0.465172 0.718828 0.526836 8 0.0
0.490341 0.723326 0.519385 8 0.0
0.474888 0.722668 0.561968 8 0.0
0.440004 0.714331 0.534288 8 0.0
0.455457 0.714989 0.491704 8 0.0
0.268961 0.469045 0.367436 10 0.997025
0.257385 0.854542 0.502116 4 0.0
0.315781 0.887886 0.511804 4 0.0
0.25206 0.85137 0.54513 4 0.0
0.198988 0.821199 0.492429 4 0.0
0.262709 0.857714 0.459103 4 0.0
0.072505 0.496981 0.532677 11 0.0
0.071972 0.496991 0.567462 11 0.0
0.072336 0.420267 0.532695 11 0.0
0.073039 0.496972 0.497893 11 0.0
0.072674 0.573695 0.532659 11 0.0
0.922409 0.24859 0.38112 1 0.250172
0.926465 0.25113 0.38115 1 0.250172
0.923003 0.247535 0.390317 1 0.250172
0.918353 0.246051 0.38109 1 0.250172
0.921815 0.249646 0.371922 1 0.250172
0.073915 0.510886 0.500443 11 0.0
0.074576 0.534928 0.466402 11 0.0
0.073914 0.553305 0.530401 11 0.0
0.073253 0.486844 0.534483 11 0.0
0.073916 0.468468 0.470484 11 0.0
0.668443 0.901797 0.522153 6 0.0
0.616274 0.93188 0.514478 6 0.0
0.663952 0.903316 0.558628 6 0.0
0.720612 0.871715 0.529828 6 0.0
0.672933 0.900279 0.485679 6 0.0
0.626716 0.072167 0.371532 1 0.029769
0.072159 0.501242 0.622465 11 3e-06
0.843554 0.207649 0.608958 1 0.000731
0.927561 0.270138 0.370255 2 0.092243
0.927665 0.27823 0.37124 2 0.092243
0.927642 0.269522 0.375304 2 0.092243
0.927456 0.262047 0.369269 2 0.092243
0.92748 0.270754 0.365205 2 0.092243
0.402329 0.054966 0.610629 12 1.0
0.465954 0.829335 0.355574 9 0.0
0.461364 0.860455 0.35574 9 0.0
0.393608 0.818668 0.355164 9 0.0
0.470543 0.798214 0.355408 9 0.0
0.538299 0.840001 0.355983 9 0.0
0.076763 0.251898 0.467496 12 0.0
0.650657 0.086962 0.531949 1 0.0
0.69599 0.112493 0.544514 1 0.0
0.643801 0.083472 0.563777 1 0.0
0.605324 0.061431 0.519384 1 0.0
0.657514 0.090452 0.50012 1 0.0
0.361393 0.080981 0.374661 12 0.186561
0.930622 0.52194 0.472439 2 0.0
0.930793 0.590731 0.471429 2 0.0
0.93073 0.522464 0.508195 2 0.0
0.93045 0.453149 0.473449 2 0.0
0.930514 0.521415 0.436684 2 0.0
0.929814 0.748743 0.395381 6 0.999994
0.927864 0.604728 0.492997 2 0.0
0.927208 0.621044 0.462932 2 0.0
0.928585 0.645308 0.515003 2 0.0
0.928521 0.588412 0.523062 2 0.0
0.927143 0.564148 0.470991 2 0.0
0.070426 0.393616 0.572429 11 0.0
0.07079 0.438759 0.585492 11 0.0
0.069836 0.388429 0.590372 11 0.0
0.070062 0.348473 0.559366 11 0.0
0.071016 0.398804 0.554485 11 0.0
0.07059 0.439686 0.618841 11 0.0
0.93135 0.452669 0.448139 2 0.0
0.932035 0.45385 0.476464 2 0.0
0.930721 0.391117 0.450721 2 0.0
0.930666 0.451488 0.419814 2 0.0
0.93198 0.514221 0.445556 2 0.0
0.588743 0.053625 0.491623 1 0.0
0.616192 0.067897 0.482507 1 0.0
0.598631 0.059678 0.530873 1 0.0
0.561294 0.039353 0.500739 1 0.0
0.578855 0.047572 0.452372 1 0.0
0.55183 0.03325 0.367316 1 0.630901
0.612018 0.934191 0.37133 6 0.07321
0.069204 0.745996 0.380874 11 0.999989
0.918946 0.75466 0.45519 6 0.0
0.898081 0.694346 0.377419 2 0.0
0.906077 0.690486 0.375779 2 0.0
0.890206 0.675289 0.383879 2 0.0
0.890084 0.698206 0.379059 2 0.0
0.905955 0.713403 0.370958 2 0.0
0.83482 0.806077 0.406866 6 0.0
0.803463 0.825113 0.406634 6 0.0
0.834795 0.806239 0.423428 6 0.0
0.866176 0.787041 0.407097 6 0.0
0.834844 0.805916 0.390303 6 0.0
0.072176 0.379926 0.514699 11 0.0
0.074122 0.411481 0.544617 11 0.0
0.073563 0.355839 0.540014 11 0.0
0.070229 0.34837 0.484781 11 0.0
0.070789 0.404012 0.489385 11 0.0
0.415238 0.731812 0.356658 8 0.0
0.46181 0.259894 0.415885 8 0.0
0.445448 0.263491 0.418756 8 0.0
0.464268 0.255851 0.434968 8 0.0
0.478171 0.256297 0.413015 8 0.0
0.459351 0.263937 0.396803 8 0.0
0.540074 0.023374 0.362377 1 0.999995
0.110233 0.317256 0.638347 7 0.160571
0.930753 0.615191 0.43664 2 0.0
0.930668 0.656489 0.448212 2 0.0
0.931814 0.60907 0.458494 2 0.0
0.930838 0.573894 0.425068 2 0.0
0.929691 0.621313 0.414786 2 0.0
0.795711 0.828826 0.496338 6 0.0
0.782348 0.836977 0.45765 6 0.0
0.75496 0.854096 0.515738 6 0.0
0.809074 0.820675 0.535026 6 0.0
0.836462 0.803556 0.476938 6 0.0
0.929389 0.471672 0.603665 2 0.0
0.449222 0.031568 0.578028 12 0.0
0.429148 0.040833 0.587638 12 0.0
0.452425 0.03013 0.586104 12 0.0
0.469296 0.022303 0.568418 12 0.0
0.446019 0.033006 0.569952 12 0.0
0.75495 0.852299 0.501198 6 0.0
0.702196 0.883927 0.508832 6 0.0
0.759477 0.849438 0.544333 6 0.0
0.807705 0.820672 0.493564 6 0.0
0.750423 0.85516 0.458063 6 0.0
0.498949 0.951493 0.6186 5 0.0
0.474285 0.951022 0.620569 5 0.0
0.49977 0.944173 0.627136 5 0.0
0.523614 0.951963 0.616631 5 0.0
0.498128 0.958813 0.610065 5 0.0
0.496871 0.996254 0.39377 4 0.997942
0.072251 0.386298 0.492833 11 0.0
0.071658 0.42849 0.480141 11 0.0
0.072605 0.398426 0.533136 11 0.0
0.072843 0.344106 0.505524 11 0.0
0.071896 0.37417 0.45253 11 0.0
0.930396 0.527049 0.503667 2 0.0
0.929921 0.525919 0.461594 2 0.0
0.930182 0.59514 0.50184 2 0.0
0.930871 0.528179 0.545739 2 0.0
0.93061 0.458958 0.505493 2 0.0
0.930755 0.34394 0.536094 2 0.0
0.931049 0.342467 0.560161 2 0.0
0.930438 0.313957 0.534263 2 0.0
0.930461 0.345412 0.512027 2 0.0
0.931072 0.373922 0.537925 2 0.0
0.432696 0.953572 0.586453 4 0.0
0.437302 0.954812 0.595279 4 0.0
0.407735 0.94008 0.601376 4 0.0
0.428089 0.952331 0.577626 4 0.0
0.457657 0.967063 0.57153 4 0.0
0.130553 0.243153 0.363787 9 0.039026
0.110606 0.771371 0.408267 4 0.0
0.120959 0.777697 0.397863 4 0.0
0.120723 0.777376 0.421987 4 0.0
0.100252 0.765045 0.418671 4 0.0
0.100489 0.765366 0.394547 4 0.0
0.93077 0.3848 0.49591 2 0.0
0.930829 0.412263 0.471372 2 0.0
0.931343 0.415903 0.530722 2 0.0
0.930711 0.357337 0.520448 2 0.0
0.930198 0.353696 0.461098 2 0.0
0.07131 0.696541 0.479945 11 0.0
0.07124 0.714793 0.480719 11 0.0
0.070654 0.694918 0.518167 11 0.0
0.071381 0.678289 0.479172 11 0.0
0.071966 0.698164 0.441724 11 0.0
0.074727 0.652929 0.60172 11 0.000779
0.072018 0.259987 0.503146 11 3.8e-05
0.069383 0.252831 0.539316 11 0.983267
0.068158 0.631389 0.526971 11 0.0
0.068751 0.667485 0.514587 11 0.0
0.068646 0.641325 0.555958 11 0.0
0.067565 0.595293 0.539354 11 0.0
0.06767 0.621452 0.497983 11 0.0
0.071561 0.285496 0.398129 11 0.00014
0.070882 0.292317 0.385513 11 0.00014
0.071547 0.297205 0.404461 11 0.00014
0.07224 0.278674 0.410745 11 0.00014
0.071575 0.273786 0.391797 11 0.00014
0.878958 0.644929 0.35588 9 0.000164
0.874273 0.688784 0.355951 9 0.000164
0.895806 0.646728 0.356278 9 0.000164
0.883644 0.601074 0.355808 9 0.000164
0.86211 0.643129 0.355481 9 0.000164
0.319928 0.621896 0.442921 8 0.0
0.338228 0.648144 0.444038 8 0.0
0.322225 0.61913 0.470298 8 0.0
0.301628 0.595649 0.441804 8 0.0
0.317631 0.624663 0.415544 8 0.0
0.616972 0.928814 0.601379 6 0.0
0.931019 0.252478 0.38212 2 0.999999
0.931157 0.535027 0.450402 2 0.0
0.931339 0.600063 0.446649 2 0.0
0.932012 0.536698 0.479404 2 0.0
0.930976 0.469991 0.454155 2 0.0
0.930302 0.533356 0.4214 2 0.0
0.070521 0.253689 0.423076 11 0.999989
0.71743 0.580595 0.403738 8 0.0
0.709069 0.608408 0.405834 8 0.0
0.716136 0.578883 0.421303 8 0.0
0.72579 0.552783 0.401642 8 0.0
0.718723 0.582308 0.386172 8 0.0
0.070651 0.420928 0.588486 11 0.0
0.072639 0.383454 0.606594 11 0.002377
0.740983 0.608199 0.643142 7 0.0
0.151365 0.206219 0.373204 12 0.021622
0.510276 0.99053 0.473019 6 0.074303
0.928509 0.521185 0.372056 2 0.000119
0.49731 0.960754 0.361088 9 0.0
0.512577 0.962067 0.360254 9 0.0
0.496364 0.97108 0.360041 9 0.0
0.482042 0.95944 0.361922 9 0.0
0.498255 0.950427 0.362136 9 0.0
0.929174 0.646554 0.416618 2 0.0
0.927908 0.679267 0.407673 2 0.0
0.929785 0.651205 0.433543 2 0.0
0.930441 0.613841 0.425562 2 0.0
0.928563 0.641903 0.399693 2 0.0
0.201071 0.823701 0.45968 4 0.0
0.243402 0.84868 0.465432 4 0.0
0.198158 0.821344 0.491355 4 0.0
0.158741 0.798723 0.453928 4 0.0
0.203984 0.826058 0.428005 4 0.0
0.406147 0.058718 0.578565 12 0.0
0.372637 0.075587 0.592771 12 0.0
0.41138 0.057411 0.592459 12 0.0
0.439658 0.041849 0.564359 12 0.0
0.400915 0.060024 0.56467 12 0.0
0.143949 0.783833 0.599038 4 3e-06
0.51024 0.988704 0.581811 5 0.999991
0.507042 0.993155 0.57705 5 0.999991
0.505991 0.988958 0.584903 5 0.999991
0.513438 0.984253 0.586573 5 0.999991
0.514488 0.988449 0.57872 5 0.999991
0.87207 0.244926 0.619253 3 0.001148
0.868981 0.250587 0.625487 3 0.001148
0.852594 0.22741 0.625512 3 0.001148
0.875158 0.239264 0.613018 3 0.001148
0.891546 0.262441 0.612993 3 0.001148
0.50227 0.008395 0.439498 1 0.0
0.925712 0.251867 0.474292 2 0.99395
0.208378 0.208114 0.359492 9 0.000195
0.441256 0.903438 0.358142 9 0.0
0.474093 0.924681 0.357696 9 0.0
0.450852 0.888616 0.358636 9 0.0
0.408419 0.882195 0.358588 9 0.0
0.431661 0.91826 0.357648 9 0.0
0.072621 0.281976 0.574507 11 0.029962
0.069933 0.296547 0.583404 11 0.029962
0.07274 0.278417 0.580371 11 0.029962
0.07531 0.267406 0.565609 11 0.029962
0.072503 0.285535 0.568643 11 0.029962
0.467491 0.974333 0.388484 4 0.0
0.466538 0.973613 0.399483 4 0.0
0.453023 0.966955 0.386747 4 0.0
0.468444 0.975053 0.377485 4 0.0
0.481959 0.981711 0.390221 4 0.0
0.07002 0.681649 0.362597 11 0.944081
0.931811 0.286363 0.476488 2 0.0
0.932112 0.285532 0.513165 2 0.0
0.930572 0.274153 0.476222 2 0.0
0.931509 0.287193 0.439812 2 0.0
0.933049 0.298572 0.476754 2 0.0
0.791864 0.727389 0.355293 9 0.0
0.810143 0.747882 0.355987 9 0.0
0.752654 0.762379 0.35486 9 0.0
0.773584 0.706896 0.354599 9 0.0
0.831074 0.692399 0.355726 9 0.0
0.392925 0.694356 0.531508 8 0.0
0.416807 0.707672 0.52479 8 0.0
0.39923 0.700633 0.566364 8 0.0
0.369043 0.681041 0.538225 8 0.0
0.38662 0.68808 0.496652 8 0.0
0.73341 0.141311 0.635905 1 0.016055
0.402685 0.116946 0.359654 9 0.0
0.184847 0.8109 0.608907 4 0.0
0.928245 0.612437 0.605898 2 0.0
0.264936 0.162158 0.638219 7 2e-06
0.634567 0.316585 0.41752 8 0.0
0.661553 0.33646 0.410709 8 0.0
0.636331 0.32088 0.437044 8 0.0
0.607582 0.29671 0.424331 8 0.0
0.632803 0.31229 0.397996 8 0.0
0.201749 0.362648 0.639246 7 0.0
0.177129 0.409882 0.638963 7 0.0
0.178157 0.350342 0.637745 7 0.0
0.226369 0.315413 0.639528 7 0.0
0.225342 0.374954 0.640747 7 0.0
0.891373 0.347014 0.611686 3 0.73168
0.824005 0.528651 0.357066 9 0.0
0.233051 0.840426 0.624316 4 0.0
0.069774 0.43947 0.635197 11 0.999683
0.837448 0.200382 0.553805 1 0.0
0.844868 0.205865 0.573945 1 0.0
0.808155 0.181604 0.569708 1 0.0
0.830029 0.194899 0.533665 1 0.0
0.866741 0.21916 0.537901 1 0.0
0.93062 0.307716 0.388822 2 0.001443
0.931508 0.326275 0.386161 2 0.001443
0.931136 0.309188 0.399265 2 0.001443
0.929733 0.289157 0.391482 2 0.001443
0.930105 0.306244 0.378379 2 0.001443
0.541904 0.882297 0.356452 9 0.0
0.550172 0.905308 0.356439 9 0.0
0.498444 0.897913 0.356682 9 0.0
0.533636 0.859287 0.356465 9 0.0
0.585363 0.866682 0.356222 9 0.0
0.077303 0.730489 0.358697 9 0.796858
0.076756 0.719936 0.357723 9 0.796858
0.08182 0.730156 0.359775 9 0.796858
0.07785 0.741042 0.35967 9 0.796858
0.072786 0.730823 0.357618 9 0.796858
0.90148 0.763604 0.384229 6 0.0
0.890294 0.771804 0.38324 6 0.0
0.900824 0.763906 0.394146 6 0.0
0.912666 0.755405 0.385218 6 0.0
0.902136 0.763302 0.374312 6 0.0
0.499054 0.002057 0.385282 12 0.999866
0.8614 0.788675 0.508464 6 0.0
0.839064 0.802589 0.504996 6 0.0
0.85739 0.790457 0.541434 6 0.0
0.883735 0.77476 0.511933 6 0.0
0.86541 0.786893 0.475495 6 0.0
0.737942 0.17449 0.36079 9 7e-06
0.100159 0.324862 0.602706 11 2e-06
0.090654 0.35284 0.614546 11 2e-06
0.108696 0.324501 0.610415 11 2e-06
0.109664 0.296885 0.590866 11 2e-06
0.091622 0.325224 0.594998 11 2e-06
0.437459 0.960447 0.603876 4 0.999902
0.822847 0.809763 0.605772 6 0.0
0.495163 0.99565 0.388122 4 0.999996
0.784476 0.515912 0.492205 8 0.0
0.785178 0.558854 0.503317 8 0.0
0.783654 0.505544 0.532325 8 0.0
0.783774 0.47297 0.481094 8 0.0
0.785298 0.52628 0.452086 8 0.0
0.169664 0.493434 0.356895 9 0.0
0.137873 0.492213 0.356784 9 0.0
0.16601 0.588531 0.357692 9 0.0
0.201454 0.494654 0.357007 9 0.0
0.173317 0.398336 0.356098 9 0.0
0.930187 0.634157 0.48805 2 0.0
0.929739 0.669462 0.484147 2 0.0
0.930858 0.63859 0.528078 2 0.0
0.930635 0.598851 0.491952 2 0.0
0.929516 0.629724 0.448022 2 0.0
0.499919 0.009048 0.442269 1 1.2e-05
0.903315 0.23974 0.528309 1 0.0
0.8936 0.233985 0.527138 1 0.0
0.901531 0.238224 0.550575 1 0.0
0.91303 0.245495 0.529479 1 0.0
0.905099 0.241256 0.506042 1 0.0
0.867123 0.783753 0.601707 6 0.000239
0.220978 0.191731 0.639877 7 1.6e-05
0.514323 0.988215 0.388537 6 0.002857
0.508443 0.991879 0.388655 6 0.002857
0.514948 0.988845 0.400094 6 0.002857
0.520203 0.98455 0.388419 6 0.002857
0.513698 0.987584 0.37698 6 0.002857
0.892704 0.767832 0.357491 9 0.999982
0.506027 0.991914 0.463541 6 0.04739
0.601223 0.91622 0.35872 9 0.0
0.873659 0.781407 0.540681 6 0.0
0.854661 0.792545 0.537102 6 0.0
0.87079 0.782917 0.560609 6 0.0
0.892657 0.770269 0.54426 6 0.0
0.876529 0.779898 0.520753 6 0.0
0.467669 0.974101 0.470694 4 0.0
0.480381 0.981555 0.470948 4 0.0
0.466231 0.975282 0.508097 4 0.0
0.454957 0.966647 0.47044 4 0.0
0.469108 0.97292 0.433291 4 0.0
0.928425 0.2529 0.488889 1 0.999547
0.889737 0.277595 0.621216 3 0.001402
0.883654 0.281258 0.629365 3 0.001402
0.87671 0.255026 0.621639 3 0.001402
0.895819 0.273932 0.613067 3 0.001402
0.902763 0.300164 0.620793 3 0.001402
0.928227 0.743108 0.472439 2 0.437225
0.917654 0.250093 0.475441 1 0.002578
0.074076 0.271825 0.499619 11 1.2e-05
0.781916 0.167458 0.599279 1 0.0
0.6857 0.108883 0.495328 1 0.0
0.729855 0.133529 0.47474 1 0.0
0.698919 0.11632 0.532582 1 0.0
0.641545 0.084237 0.515916 1 0.0
0.672481 0.101446 0.458074 1 0.0
0.076485 0.460434 0.638775 11 0.999998
0.614027 0.287074 0.383447 8 0.0
0.63321 0.299482 0.381432 8 0.0
0.614306 0.288181 0.392928 8 0.0
0.594843 0.274666 0.385462 8 0.0
0.613747 0.285966 0.373967 8 0.0
0.723861 0.668893 0.445682 8 0.0
0.697279 0.697056 0.455373 8 0.0
0.72735 0.662406 0.474104 8 0.0
0.750443 0.640731 0.43599 8 0.0
0.720372 0.675381 0.417259 8 0.0
0.270882 0.130102 0.482375 12 0.0
0.208657 0.166545 0.476126 12 0.0
0.268189 0.132178 0.5213 12 0.0
0.333107 0.09366 0.488624 12 0.0
0.273575 0.128026 0.44345 12 0.0
0.689949 0.634067 0.497259 8 0.0
0.6681 0.659859 0.492182 8 0.0
0.684475 0.638172 0.541667 8 0.0
0.711797 0.608275 0.502335 8 0.0
0.695422 0.629963 0.45285 8 0.0
0.727992 0.132698 0.499267 1 0.0
0.781245 0.164563 0.49604 1 0.0
0.729916 0.13396 0.543476 1 0.0
0.674739 0.100832 0.502494 1 0.0
0.726068 0.131436 0.455057 1 0.0
0.847997 0.495039 0.355716 9 0.0
0.22004 0.167783 0.365416 12 0.011144
0.595119 0.852176 0.640047 7 0.0
0.498386 0.725029 0.502796 8 0.0
0.529448 0.727199 0.493846 8 0.0
0.509465 0.726005 0.541484 8 0.0
0.467324 0.72286 0.511746 8 0.0
0.487307 0.724054 0.464109 8 0.0
0.715425 0.87433 0.532227 6 0.0
0.651407 0.911826 0.531363 6 0.0
0.715027 0.874452 0.567066 6 0.0
0.779444 0.836834 0.53309 6 0.0
0.715824 0.874207 0.497387 6 0.0
0.676943 0.89348 0.359485 9 0.999706
0.315359 0.889124 0.500077 4 0.0
0.372186 0.922816 0.49783 4 0.0
0.316745 0.889745 0.544436 4 0.0
0.258532 0.855431 0.502324 4 0.0
0.313973 0.888503 0.455718 4 0.0
0.481454 0.72302 0.415427 8 0.0
0.483964 0.720012 0.435463 8 0.0
0.51169 0.727407 0.412296 8 0.0
0.478943 0.726029 0.39539 8 0.0
0.451217 0.718634 0.418557 8 0.0
0.070429 0.665894 0.365075 11 0.814267
0.701659 0.394355 0.414681 8 0.0
0.71644 0.420128 0.416824 8 0.0
0.698555 0.39448 0.434585 8 0.0
0.686877 0.368582 0.412538 8 0.0
0.704762 0.39423 0.394777 8 0.0
0.930262 0.461108 0.562584 2 0.0
0.929945 0.52497 0.568326 2 0.0
0.930277 0.458939 0.5867 2 0.0
0.930579 0.397246 0.556842 2 0.0
0.930247 0.463276 0.538468 2 0.0
0.762024 0.190337 0.636898 3 0.994147
0.75705 0.19717 0.638766 3 0.994147
0.741872 0.176812 0.632726 3 0.994147
0.766997 0.183504 0.635029 3 0.994147
0.782175 0.203862 0.64107 3 0.994147
0.268782 0.545932 0.363387 10 0.68297
0.487156 0.141057 0.359342 9 0.0
0.489837 0.170605 0.358463 9 0.0
0.42929 0.146265 0.357933 9 0.0
0.484475 0.111509 0.36022 9 0.0
0.545022 0.135849 0.36075 9 0.0
0.497561 0.26757 0.39594 8 0.0
0.496679 0.26756 0.382424 8 0.0
0.470109 0.266515 0.397733 8 0.0
0.498443 0.26758 0.409456 8 0.0
0.525013 0.268626 0.394147 8 0.0
0.92941 0.354728 0.605708 2 0.0
0.71677 0.433423 0.427735 8 0.0
0.729624 0.463597 0.422958 8 0.0
0.714684 0.438011 0.451105 8 0.0
0.703917 0.403249 0.432511 8 0.0
0.718856 0.428835 0.404365 8 0.0
0.796272 0.782538 0.359685 9 0.0
0.735126 0.178117 0.361498 9 0.0
0.518952 0.723713 0.522418 8 0.0
0.548823 0.722689 0.514491 8 0.0
0.528825 0.724717 0.559492 8 0.0
0.489082 0.724737 0.530344 8 0.0
0.50908 0.722709 0.485344 8 0.0
0.110415 0.389144 0.638661 7 0.0
0.463657 0.865551 0.641285 7 0.0
0.461603 0.886217 0.641638 7 0.0
0.521698 0.871308 0.642029 7 0.0
0.465712 0.844885 0.640933 7 0.0
0.405616 0.859794 0.640542 7 0.0
0.419671 0.286207 0.425569 8 0.0
0.447331 0.274393 0.423626 8 0.0
0.421271 0.286246 0.448101 8 0.0
0.392011 0.298021 0.427512 8 0.0
0.418072 0.286168 0.403037 8 0.0
0.491837 0.749133 0.35787 8 0.958043
0.552166 0.281935 0.538385 8 0.0
0.56218 0.285502 0.567722 8 0.0
0.513789 0.266976 0.553304 8 0.0
0.542152 0.278367 0.509048 8 0.0
0.590543 0.296894 0.523467 8 0.0
0.840113 0.505366 0.356173 9 0.0
0.070905 0.512545 0.602362 11 0.0
0.281042 0.264924 0.359266 9 0.0
0.333602 0.638065 0.479165 8 0.0
0.35186 0.659631 0.482755 8 0.0
0.332027 0.634384 0.509284 8 0.0
0.315344 0.616499 0.475574 8 0.0
0.335177 0.641746 0.449046 8 0.0
0.071831 0.476871 0.570346 11 0.0
0.073405 0.543733 0.575811 11 0.0
0.07177 0.475 0.593263 11 0.0
0.070257 0.410009 0.564881 11 0.0
0.071891 0.478743 0.547429 11 0.0
0.634776 0.792743 0.639734 7 0.0
0.231624 0.414243 0.640389 7 0.0
0.213816 0.787762 0.35794 9 0.0
0.351489 0.910414 0.399762 4 0.0
0.599199 0.120569 0.359152 9 0.0
0.28644 0.870645 0.502021 4 0.0
0.353104 0.908798 0.508798 4 0.0
0.283508 0.868036 0.545542 4 0.0
0.219775 0.832491 0.495244 4 0.0
0.289371 0.873254 0.4585 4 0.0
0.522294 0.726726 0.394714 8 0.0
0.522716 0.724113 0.408775 8 0.0
0.551424 0.726197 0.393742 8 0.0
0.521872 0.729339 0.380654 8 0.0
0.493164 0.727254 0.395687 8 0.0
0.41051 0.714498 0.356088 8 0.999919
0.285494 0.744769 0.641519 7 0.0
0.22726 0.692146 0.642497 7 0.0
0.264601 0.767903 0.642187 7 0.0
0.343727 0.797392 0.64054 7 0.0
0.306387 0.721636 0.64085 7 0.0
0.070937 0.509378 0.406441 11 0.0
0.59027 0.292829 0.466553 8 0.0
0.621088 0.309089 0.467112 8 0.0
0.588201 0.295524 0.502192 8 0.0
0.559453 0.276568 0.465993 8 0.0
0.592339 0.290133 0.430914 8 0.0
0.279874 0.504262 0.46459 8 0.0
0.282643 0.513128 0.496715 8 0.0
0.278543 0.466892 0.475018 8 0.0
0.277105 0.495395 0.432464 8 0.0
0.281205 0.541631 0.454161 8 0.0
0.597717 0.294212 0.43329 8 0.0
0.626579 0.309233 0.431391 8 0.0
0.59744 0.297956 0.458692 8 0.0
0.568856 0.279192 0.435189 8 0.0
0.597995 0.290468 0.407888 8 0.0
0.754535 0.784654 0.356388 9 0.0
0.764437 0.800987 0.357078 9 0.0
0.700285 0.817505 0.357243 9 0.0
0.744633 0.76832 0.355697 9 0.0
0.808785 0.751802 0.355532 9 0.0
0.389537 0.686624 0.516895 8 0.0
0.418782 0.705642 0.509035 8 0.0
0.394182 0.691421 0.545783 8 0.0
0.360293 0.667605 0.524755 8 0.0
0.384893 0.681826 0.488008 8 0.0
0.703966 0.373664 0.362162 10 7.8e-05
0.519446 0.729452 0.364068 8 0.999992
0.346257 0.199018 0.368989 9 0.0
0.273814 0.459654 0.392536 8 0.0
0.270773 0.481807 0.393437 8 0.0
0.275246 0.459326 0.405416 8 0.0
0.276854 0.4375 0.391634 8 0.0
0.272382 0.459981 0.379655 8 0.0
0.31133 0.367211 0.596121 8 0.0
0.292834 0.395818 0.59741 8 0.0
0.311698 0.366742 0.6118 8 0.0
0.329827 0.338604 0.594833 8 0.0
0.310963 0.367679 0.580442 8 0.0
0.586932 0.709899 0.436424 8 0.0
0.560046 0.720041 0.437028 8 0.0
0.58675 0.70786 0.462539 8 0.0
0.613817 0.699757 0.435819 8 0.0
0.587113 0.711938 0.410308 8 0.0
0.209256 0.551012 0.59064 8 0.0
0.201463 0.586257 0.592853 8 0.0
0.197215 0.547401 0.605747 8 0.0
0.217049 0.515768 0.588427 8 0.0
0.221297 0.554623 0.575534 8 0.0
0.930765 0.584649 0.41701 2 0.0
0.930775 0.63425 0.42247 2 0.0
0.93178 0.582722 0.434514 2 0.0
0.930756 0.535048 0.41155 2 0.0
0.92975 0.586576 0.399506 2 0.0
0.412865 0.71412 0.490705 8 0.0
0.437334 0.725291 0.488254 8 0.0
0.416492 0.714958 0.530734 8 0.0
0.388397 0.70295 0.493155 8 0.0
0.409239 0.713282 0.450675 8 0.0
0.294219 0.874813 0.480463 4 0.0
0.36112 0.912806 0.478844 4 0.0
0.295167 0.874783 0.518909 4 0.0
0.227319 0.836819 0.482082 4 0.0
0.293272 0.874842 0.442017 4 0.0
0.898499 0.577612 0.401249 2 0.0
0.305225 0.263108 0.63994 7 0.0
0.096085 0.493318 0.638577 7 0.0
0.06724 0.251423 0.401388 11 1.0
0.690328 0.368286 0.372095 8 0.0
0.651354 0.247978 0.409343 8 0.0
0.687758 0.281766 0.409859 8 0.0
0.647727 0.251631 0.426063 8 0.0
0.614951 0.21419 0.408826 8 0.0
0.654982 0.244326 0.392622 8 0.0
0.352727 0.822699 0.364275 9 0.0
0.345365 0.338359 0.457694 8 0.0
0.320186 0.362636 0.45876 8 0.0
0.346528 0.338202 0.48872 8 0.0
0.370545 0.314083 0.456627 8 0.0
0.344203 0.338517 0.426667 8 0.0
0.169786 0.491435 0.356894 9 0.0
0.138419 0.489233 0.356835 9 0.0
0.163176 0.585611 0.35723 9 0.0
0.201153 0.493636 0.356952 9 0.0
0.176396 0.397258 0.356557 9 0.0
0.724114 0.520434 0.476449 8 0.0
0.723848 0.549244 0.481211 8 0.0
0.721548 0.51394 0.515594 8 0.0
0.72438 0.491624 0.471687 8 0.0
0.72668 0.526927 0.437304 8 0.0
0.61215 0.793833 0.355566 9 0.0
0.649006 0.319915 0.356532 8 0.991065
0.273255 0.546964 0.634965 8 0.159681
0.358271 0.285149 0.358205 9 1e-06
0.723395 0.496979 0.478255 8 0.0
0.726354 0.525883 0.478506 8 0.0
0.72082 0.496902 0.51759 8 0.0
0.720437 0.468076 0.478005 8 0.0
0.725971 0.497057 0.438921 8 0.0
0.720882 0.829813 0.357168 9 0.0
0.49889 0.270425 0.495367 8 0.0
0.526545 0.272323 0.500078 8 0.0
0.4912 0.271702 0.539999 8 0.0
0.471235 0.268527 0.490657 8 0.0
0.50658 0.269147 0.450735 8 0.0
0.707621 0.298421 0.357719 9 0.0
0.765797 0.39742 0.644195 7 0.0
0.339268 0.33265 0.588886 8 0.0
0.320593 0.352577 0.588562 8 0.0
0.338752 0.332453 0.606497 8 0.0
0.357943 0.312724 0.589209 8 0.0
0.339783 0.332848 0.571275 8 0.0
0.448916 0.72459 0.378294 8 0.0
0.42649 0.716168 0.379648 8 0.0
0.450073 0.722945 0.387229 8 0.0
0.471341 0.733013 0.37694 8 0.0
0.447758 0.726236 0.369359 8 0.0
0.391598 0.303682 0.416399 8 0.0
0.392337 0.302087 0.397655 8 0.0
0.358541 0.32464 0.413313 8 0.0
0.390858 0.305276 0.435144 8 0.0
0.424654 0.282723 0.419486 8 0.0
0.609156 0.196971 0.359961 9 0.0
0.554014 0.281131 0.483438 8 0.0
0.554607 0.284392 0.524171 8 0.0
0.525472 0.271529 0.484622 8 0.0
0.553421 0.277871 0.442704 8 0.0
0.582556 0.290733 0.482253 8 0.0
0.353584 0.79295 0.357527 9 0.0
0.341364 0.821516 0.357753 9 0.0
0.270473 0.757397 0.357638 9 0.0
0.365804 0.764384 0.357302 9 0.0
0.436695 0.828503 0.357416 9 0.0
0.070107 0.456137 0.630821 11 0.720938
0.802629 0.220551 0.642943 7 1e-06
0.40699 0.702518 0.404496 8 0.0
0.433175 0.716237 0.40112 8 0.0
0.410136 0.700421 0.420377 8 0.0
0.380804 0.688799 0.407872 8 0.0
0.403843 0.704616 0.388616 8 0.0
0.166819 0.477959 0.638179 7 0.0
0.160167 0.529425 0.638734 7 0.0
0.14113 0.474647 0.637408 7 0.0
0.173472 0.426493 0.637624 7 0.0
0.192508 0.481271 0.63895 7 0.0
0.325832 0.104397 0.631756 12 0.002601
0.259056 0.848111 0.360341 9 6e-06
0.307981 0.155565 0.634852 7 0.933023
0.360586 0.913937 0.363866 4 0.056955
0.195208 0.175323 0.393377 12 0.0
0.551943 0.719563 0.433415 8 0.0
0.551154 0.717114 0.459217 8 0.0
0.580176 0.7149 0.433835 8 0.0
0.552732 0.722012 0.407612 8 0.0
0.523711 0.724226 0.432994 8 0.0
0.759007 0.650194 0.642675 7 0.0
0.070403 0.495228 0.371463 11 0.0
0.719183 0.380378 0.557997 8 0.0
0.731978 0.403038 0.560564 8 0.0
0.714621 0.379837 0.585517 8 0.0
0.706388 0.357718 0.555431 8 0.0
0.723746 0.380919 0.530478 8 0.0
0.269631 0.528032 0.363983 10 0.993253
0.469891 0.270729 0.495807 8 0.0
0.493788 0.267926 0.49994 8 0.0
0.462374 0.273101 0.540873 8 0.0
0.445994 0.273532 0.491673 8 0.0
0.477408 0.268356 0.45074 8 0.0
0.26503 0.189098 0.362573 9 0.0
0.285529 0.407136 0.362425 10 0.999933
0.705315 0.730404 0.356559 9 0.0
0.604391 0.73039 0.559495 8 0.0
0.560507 0.773397 0.562853 8 0.0
0.606613 0.730661 0.585062 8 0.0
0.648275 0.687383 0.556136 8 0.0
0.602169 0.730119 0.533927 8 0.0
0.302736 0.387484 0.514954 8 0.0
0.286524 0.416007 0.515632 8 0.0
0.302649 0.386455 0.556187 8 0.0
0.318948 0.358961 0.514277 8 0.0
0.302823 0.388512 0.473721 8 0.0
0.573665 0.717311 0.401195 8 0.0
0.546048 0.72453 0.40215 8 0.0
0.573537 0.714697 0.417238 8 0.0
0.601282 0.710092 0.40024 8 0.0
0.573793 0.719925 0.385152 8 0.0
0.340143 0.343363 0.506383 8 0.0
0.335232 0.350776 0.464941 8 0.0
0.316576 0.368556 0.513683 8 0.0
0.345054 0.335949 0.547825 8 0.0
0.36371 0.318169 0.499083 8 0.0
0.293609 0.715924 0.553477 8 0.0
0.312914 0.73591 0.547608 8 0.0
0.281695 0.735405 0.580627 8 0.0
0.274304 0.695938 0.559346 8 0.0
0.305523 0.696443 0.526327 8 0.0
0.1402 0.622697 0.639604 7 0.0
0.156965 0.665463 0.640679 7 0.0
0.122667 0.629586 0.638968 7 0.0
0.123435 0.579932 0.638529 7 0.0
0.157732 0.615808 0.640241 7 0.0
0.680665 0.366834 0.441844 8 0.0
0.699103 0.391164 0.439658 8 0.0
0.67902 0.370617 0.470087 8 0.0
0.662226 0.342503 0.444029 8 0.0
0.68231 0.36305 0.4136 8 0.0
0.634519 0.31518 0.418764 8 0.0
0.655214 0.329582 0.409678 8 0.0
0.638419 0.321348 0.437424 8 0.0
0.613823 0.300779 0.427851 8 0.0
0.630618 0.309012 0.400105 8 0.0
0.448752 0.762475 0.643021 7 0.0
0.359909 0.327346 0.421237 8 0.0
0.330815 0.352679 0.418704 8 0.0
0.359751 0.329141 0.440999 8 0.0
0.389002 0.302013 0.42377 8 0.0
0.360066 0.325551 0.401474 8 0.0
0.252395 0.494862 0.356269 10 0.0
0.612845 0.794041 0.355871 9 0.0
0.231792 0.634703 0.356045 9 0.0
0.374727 0.678072 0.445689 8 0.0
0.400653 0.696474 0.446165 8 0.0
0.376287 0.67514 0.474028 8 0.0
0.348801 0.659669 0.445213 8 0.0
0.373166 0.681003 0.41735 8 0.0
0.417034 0.288233 0.378776 8 0.0
0.396057 0.27301 0.642131 8 0.0
0.557745 0.718682 0.484355 8 0.0
0.529753 0.723213 0.475306 8 0.0
0.545453 0.720379 0.523228 8 0.0
0.585736 0.71415 0.493404 8 0.0
0.570036 0.716984 0.445482 8 0.0
0.317281 0.366452 0.482295 8 0.0
0.29947 0.393667 0.48615 8 0.0
0.320437 0.362904 0.521926 8 0.0
0.335092 0.339238 0.478439 8 0.0
0.314125 0.370001 0.442664 8 0.0
0.280662 0.575031 0.633032 8 0.044274
0.726061 0.140243 0.390855 1 0.0
0.244953 0.222526 0.358435 9 0.0
0.253762 0.24162 0.359555 9 0.0
0.29994 0.197166 0.358271 9 0.0
0.236143 0.203432 0.357314 9 0.0
0.189966 0.247885 0.358599 9 0.0
0.45591 0.770182 0.642698 7 0.0
0.844138 0.31038 0.358116 9 0.0
0.865513 0.300006 0.357846 9 0.0
0.862045 0.34728 0.358031 9 0.0
0.822763 0.320754 0.358386 9 0.0
0.82623 0.27348 0.358201 9 0.0
0.302238 0.623808 0.366797 8 0.095997
0.318334 0.329784 0.560985 8 0.0
0.298715 0.37133 0.547315 8 0.0
0.314426 0.333939 0.579219 8 0.0
0.337952 0.288238 0.574655 8 0.0
0.322242 0.32563 0.54275 8 0.0
0.479531 0.72899 0.417036 8 0.0
0.458802 0.726277 0.419075 8 0.0
0.481856 0.726755 0.4377 8 0.0
0.500261 0.731704 0.414998 8 0.0
0.477207 0.731226 0.396373 8 0.0
0.316788 0.363433 0.497944 8 0.0
0.311868 0.370313 0.454531 8 0.0
0.301785 0.384975 0.503058 8 0.0
0.321708 0.356553 0.541356 8 0.0
0.331791 0.341891 0.492829 8 0.0
0.715091 0.876276 0.400449 6 0.0
0.095647 0.238318 0.560644 12 0.0
0.090054 0.242416 0.568215 12 0.0
0.104086 0.231246 0.570707 12 0.0
0.101241 0.23422 0.553073 12 0.0
0.087208 0.245389 0.550581 12 0.0
0.928785 0.280715 0.395258 2 0.0
0.929356 0.288848 0.406919 2 0.0
0.92878 0.27335 0.400395 2 0.0
0.928214 0.272583 0.383597 2 0.0
0.92879 0.288081 0.390121 2 0.0
0.457241 0.958879 0.358254 9 0.161977
0.076394 0.251199 0.434808 12 0.0
0.1207 0.783795 0.370658 11 0.999383
0.931797 0.56539 0.470256 2 0.0
0.931076 0.566887 0.437262 2 0.0
0.931033 0.622238 0.472853 2 0.0
0.932518 0.563892 0.503251 2 0.0
0.932561 0.508541 0.467659 2 0.0
0.069713 0.395811 0.621241 11 0.017874
0.554298 0.035277 0.453349 1 0.0
0.573352 0.044999 0.451209 1 0.0
0.55687 0.036936 0.483774 1 0.0
0.535245 0.025555 0.45549 1 0.0
0.551727 0.033618 0.422925 1 0.0
0.480521 0.013851 0.479924 12 0.0
0.575632 0.955637 0.413943 6 0.0
0.550367 0.968752 0.407721 6 0.0
0.572011 0.957218 0.43198 6 0.0
0.600898 0.942522 0.420165 6 0.0
0.579254 0.954056 0.395906 6 0.0
0.879723 0.388451 0.357668 9 0.0
0.90581 0.761565 0.477163 6 0.0
0.822142 0.815588 0.431972 6 0.0
0.786492 0.837952 0.435793 6 0.0
0.824103 0.814698 0.455479 6 0.0
0.857792 0.793224 0.428151 6 0.0
0.820181 0.816479 0.408465 6 0.0
0.069503 0.347843 0.585173 11 0.0
0.107417 0.374528 0.628137 11 2e-06
0.927665 0.709261 0.413134 2 0.0
0.927607 0.722406 0.417359 2 0.0
0.928399 0.703345 0.431546 2 0.0
0.927724 0.696116 0.408908 2 0.0
0.926931 0.715177 0.394721 2 0.0
0.815903 0.222379 0.359157 9 0.0
0.384756 0.066173 0.558128 12 0.0
0.377149 0.069191 0.537347 12 0.0
0.347883 0.086359 0.574557 12 0.0
0.392364 0.063156 0.578909 12 0.0
0.42163 0.045988 0.541699 12 0.0
0.070277 0.750228 0.476901 4 0.855399
0.929823 0.470619 0.597197 2 0.0
0.442056 0.960414 0.514758 4 0.0
0.460316 0.970954 0.521972 4 0.0
0.432562 0.955737 0.545622 4 0.0
0.423796 0.949873 0.507543 4 0.0
0.45155 0.965091 0.483893 4 0.0
0.82716 0.807427 0.564579 6 0.0
0.794109 0.826893 0.575598 6 0.0
0.831435 0.803534 0.584282 6 0.0
0.860211 0.787961 0.55356 6 0.0
0.822884 0.811321 0.544877 6 0.0
0.498604 0.996122 0.381238 4 0.999948
0.090497 0.355068 0.490098 11 0.0
0.091866 0.390538 0.484215 11 0.0
0.086323 0.36164 0.528754 11 0.0
0.089128 0.319598 0.495982 11 0.0
0.094671 0.348495 0.451443 11 0.0
0.929867 0.499534 0.521723 2 0.0
0.930308 0.567402 0.523716 2 0.0
0.930261 0.498469 0.557902 2 0.0
0.929425 0.431667 0.51973 2 0.0
0.929472 0.5006 0.485544 2 0.0
0.164864 0.799072 0.560878 4 0.0
0.194781 0.815582 0.580341 4 0.0
0.156329 0.793819 0.578455 4 0.0
0.134948 0.782562 0.541416 4 0.0
0.1734 0.804326 0.543302 4 0.0
0.931087 0.343862 0.524285 2 0.0
0.930798 0.365894 0.551394 2 0.0
0.930442 0.323424 0.540889 2 0.0
0.931375 0.321829 0.497176 2 0.0
0.931731 0.3643 0.507681 2 0.0
0.930074 0.620077 0.513852 2 0.0
0.930316 0.65884 0.519126 2 0.0
0.930579 0.61559 0.546798 2 0.0
0.929832 0.581313 0.508577 2 0.0
0.92957 0.624563 0.480905 2 0.0
0.915491 0.244541 0.409287 1 0.015503
0.909368 0.241331 0.408957 1 0.015503
0.914794 0.243998 0.427475 1 0.015503
0.921614 0.247752 0.409618 1 0.015503
0.916188 0.245085 0.3911 1 0.015503
0.595529 0.060336 0.540096 1 0.0
0.607281 0.065325 0.516972 1 0.0
0.624929 0.07645 0.558515 1 0.0
0.583777 0.055346 0.563219 1 0.0
0.56613 0.044222 0.521677 1 0.0
0.129037 0.221785 0.360625 9 0.967806
0.084433 0.757012 0.388113 4 0.061995
0.086756 0.758777 0.37727 4 0.061995
0.090445 0.760603 0.389985 4 0.061995
0.08211 0.755247 0.398955 4 0.061995
0.078421 0.753421 0.38624 4 0.061995
0.451863 0.970606 0.357724 4 0.999768
0.915067 0.755256 0.569234 6 0.01782
0.911851 0.755763 0.564229 6 0.01782
0.909619 0.757373 0.572948 6 0.01782
0.918282 0.754748 0.574238 6 0.01782
0.920514 0.753138 0.565519 6 0.01782
0.930416 0.383672 0.474749 2 0.0
0.931273 0.423754 0.456356 2 0.0
0.930648 0.397616 0.505146 2 0.0
0.929558 0.34359 0.493142 2 0.0
0.930183 0.369729 0.444353 2 0.0
0.072724 0.695558 0.479376 11 0.0
0.072287 0.714148 0.479555 11 0.0
0.071312 0.695158 0.517553 11 0.0
0.073161 0.676969 0.479197 11 0.0
0.074136 0.695959 0.4412 11 0.0
0.07809 0.355465 0.606892 7 1.2e-05
0.071487 0.549141 0.477046 11 0.0
0.071879 0.61241 0.472048 11 0.0
0.071527 0.552041 0.513761 11 0.0
0.071095 0.485873 0.482044 11 0.0
0.071446 0.546241 0.440331 11 0.0
0.074182 0.283232 0.377765 11 0.0
0.073988 0.282523 0.370882 11 0.0
0.072376 0.298148 0.37628 11 0.0
0.074376 0.283941 0.384648 11 0.0
0.075987 0.268315 0.37925 11 0.0
0.594086 0.190074 0.642782 7 0.0
0.520237 0.168298 0.642531 7 0.0
0.585786 0.218222 0.642932 7 0.0
0.667935 0.211849 0.643033 7 0.0
0.602387 0.161925 0.642632 7 0.0
0.373442 0.674983 0.48594 8 0.0
0.400306 0.694952 0.499297 8 0.0
0.365233 0.668168 0.512638 8 0.0
0.346577 0.655013 0.472583 8 0.0
0.38165 0.681797 0.459241 8 0.0
0.376452 0.919098 0.615957 4 0.0
0.929601 0.291878 0.465537 2 0.0
0.930582 0.306502 0.465171 2 0.0
0.929362 0.29277 0.500501 2 0.0
0.928619 0.277255 0.465903 2 0.0
0.929839 0.290987 0.430573 2 0.0
0.924987 0.594145 0.370664 2 2e-06
0.07798 0.251288 0.448108 12 0.0
0.620358 0.069047 0.494065 1 0.0
0.653573 0.088257 0.512794 1 0.0
0.604617 0.060794 0.530446 1 0.0
0.587143 0.049837 0.475336 1 0.0
0.636098 0.0773 0.457684 1 0.0
0.616115 0.127666 0.359474 9 0.0
0.07026 0.383555 0.602406 11 0.0
0.113742 0.499283 0.358167 9 0.0
0.070643 0.455276 0.590882 11 0.0
0.531444 0.979184 0.474799 6 0.0
0.520957 0.985554 0.47415 6 0.0
0.529706 0.980168 0.512533 6 0.0
0.541931 0.972815 0.475448 6 0.0
0.533182 0.9782 0.437065 6 0.0
0.553365 0.177718 0.642614 7 0.0
0.548555 0.20802 0.642707 7 0.0
0.478465 0.165826 0.643355 7 0.0
0.558175 0.147416 0.642522 7 0.0
0.628265 0.189609 0.641874 7 0.0
0.93147 0.600001 0.446603 2 0.0
0.930304 0.645954 0.45472 2 0.0
0.932652 0.595349 0.473109 2 0.0
0.932635 0.554048 0.438486 2 0.0
0.930288 0.604653 0.420098 2 0.0
0.144664 0.79011 0.467535 4 0.0
0.16951 0.804845 0.471178 4 0.0
0.141116 0.787458 0.502461 4 0.0
0.119818 0.775375 0.463892 4 0.0
0.148213 0.792762 0.432609 4 0.0
0.890244 0.230827 0.557212 1 0.0
0.88237 0.226831 0.547464 1 0.0
0.878001 0.222767 0.570406 1 0.0
0.898119 0.234822 0.56696 1 0.0
0.902488 0.238886 0.544018 1 0.0
0.505967 0.967811 0.542103 6 0.0
0.506564 0.961418 0.562014 6 0.0
0.499309 0.972715 0.543878 6 0.0
0.50537 0.974203 0.522193 6 0.0
0.512625 0.962906 0.540329 6 0.0
0.516121 0.867357 0.35605 9 0.0
0.562358 0.859732 0.355988 9 0.0
0.511054 0.836629 0.356037 9 0.0
0.469885 0.874981 0.356112 9 0.0
0.521188 0.898085 0.356063 9 0.0
0.087917 0.686801 0.45938 11 0.0
0.089568 0.711024 0.461 11 0.0
0.087215 0.684707 0.4914 11 0.0
0.086267 0.662577 0.457759 11 0.0
0.08862 0.688895 0.427359 11 0.0
0.465958 0.972773 0.373711 4 0.011656
0.46621 0.972717 0.38011 4 0.011656
0.448557 0.965577 0.374334 4 0.011656
0.465706 0.972829 0.367313 4 0.011656
0.48336 0.979968 0.373089 4 0.011656
0.07082 0.602981 0.421938 11 0.0
0.071603 0.651277 0.419535 11 0.0
0.071673 0.604001 0.442701 11 0.0
0.070037 0.554686 0.424342 11 0.0
0.069967 0.601962 0.401176 11 0.0
0.269706 0.484065 0.358347 8 1.0
0.356485 0.673261 0.602911 8 0.0
0.381659 0.697958 0.601615 8 0.0
0.355759 0.674721 0.616621 8 0.0
0.331312 0.648564 0.604206 8 0.0
0.357212 0.671802 0.5892 8 0.0
0.088611 0.56702 0.617082 11 0.000683
0.198565 0.819277 0.546201 4 0.0
0.238799 0.842423 0.559633 4 0.0
0.191914 0.814653 0.574091 4 0.0
0.158331 0.796131 0.532768 4 0.0
0.205216 0.823901 0.51831 4 0.0
0.822799 0.216634 0.642492 3 0.999982
0.236752 0.354327 0.638729 7 0.0
0.203101 0.400636 0.636998 7 0.0
0.220726 0.342723 0.639852 7 0.0
0.270404 0.308019 0.64046 7 0.0
0.252778 0.365932 0.637606 7 0.0
0.147282 0.594414 0.636139 7 0.0
0.160489 0.652209 0.634421 7 0.0
0.125957 0.599324 0.637381 7 0.0
0.134074 0.536619 0.637856 7 0.0
0.168607 0.589504 0.634896 7 0.0
0.702556 0.123789 0.358065 9 0.999998
0.542853 0.971875 0.539063 6 0.0
0.528682 0.980563 0.535184 6 0.0
0.539153 0.974274 0.557953 6 0.0
0.557024 0.963186 0.542942 6 0.0
0.546553 0.969476 0.520173 6 0.0
0.073127 0.252236 0.358998 9 1.0
0.073332 0.255055 0.359911 9 1.0
0.076251 0.25155 0.360418 9 1.0
0.072922 0.249417 0.358086 9 1.0
0.070004 0.252923 0.357579 9 1.0
0.072409 0.323631 0.359541 9 0.999747
0.654978 0.666988 0.44938 8 0.0
0.62653 0.690199 0.455145 8 0.0
0.658147 0.663659 0.478425 8 0.0
0.683425 0.643778 0.443616 8 0.0
0.651808 0.670318 0.420336 8 0.0
0.905708 0.761481 0.47728 6 0.0
0.82216 0.809578 0.598438 6 0.0
0.405119 0.940627 0.40286 4 0.0
0.40606 0.940895 0.418191 4 0.0
0.372451 0.92263 0.405178 4 0.0
0.404179 0.94036 0.387529 4 0.0
0.437787 0.958624 0.400542 4 0.0
0.518752 0.991637 0.356743 6 1.0
0.599996 0.057973 0.493825 1 0.0
0.630605 0.075482 0.487376 1 0.0
0.605683 0.062501 0.533107 1 0.0
0.569388 0.040464 0.500274 1 0.0
0.594309 0.053446 0.454543 1 0.0
0.201795 0.170464 0.466564 12 0.0
0.159845 0.195785 0.455806 12 0.0
0.195594 0.17431 0.499792 12 0.0
0.243745 0.145144 0.477322 12 0.0
0.207995 0.166619 0.433336 12 0.0
0.920175 0.752655 0.421577 6 1e-06
0.070854 0.576009 0.590889 11 0.0
0.87814 0.778187 0.538476 6 0.0
0.862056 0.788123 0.53091 6 0.0
0.870959 0.782211 0.559023 6 0.0
0.894223 0.768252 0.546043 6 0.0
0.88532 0.774163 0.51793 6 0.0
0.357779 0.080049 0.4997 12 0.0
0.315992 0.102924 0.523387 12 0.0
0.374561 0.072118 0.536963 12 0.0
0.399567 0.057173 0.476012 12 0.0
0.340998 0.087979 0.462437 12 0.0
0.921548 0.524888 0.497053 2 0.0
0.921857 0.577108 0.494405 2 0.0
0.921805 0.526691 0.532638 2 0.0
0.921239 0.472668 0.499701 2 0.0
0.92129 0.523085 0.461469 2 0.0
0.928667 0.672296 0.527118 2 0.0
0.927498 0.693052 0.538567 2 0.0
0.928999 0.657712 0.553591 2 0.0
0.929835 0.651539 0.515669 2 0.0
0.928334 0.686879 0.500645 2 0.0
0.293881 0.60505 0.352875 10 1.0
0.39095 0.687503 0.517075 8 0.0
0.424306 0.704819 0.512126 8 0.0
0.393571 0.690228 0.544268 8 0.0
0.357595 0.670188 0.522025 8 0.0
0.38833 0.684778 0.489883 8 0.0
0.87247 0.280401 0.640121 3 0.999921
0.905196 0.335865 0.630677 3 0.00754
0.852944 0.257927 0.633687 3 0.0
0.481358 0.062609 0.360167 9 0.0
0.454944 0.07038 0.358044 9 0.0
0.485365 0.076175 0.359971 9 0.0
0.507772 0.054838 0.36229 9 0.0
0.477351 0.049043 0.360363 9 0.0
0.848312 0.246413 0.644178 3 0.999999
0.10659 0.398571 0.564876 11 0.0
0.929133 0.379921 0.602922 2 0.0
0.713452 0.873682 0.570336 6 0.0
0.712431 0.873358 0.593991 6 0.0
0.766937 0.842436 0.572217 6 0.0
0.714473 0.874005 0.546681 6 0.0
0.659967 0.904927 0.568455 6 0.0
0.269302 0.461467 0.367766 10 0.0
0.921179 0.50434 0.600841 2 0.0
0.787188 0.82948 0.361506 9 0.998695
0.570932 0.811521 0.642044 7 0.0
0.577757 0.838774 0.641676 7 0.0
0.648916 0.792012 0.6435 7 0.0
0.564107 0.784268 0.642412 7 0.0
0.492948 0.83103 0.640588 7 0.0
0.929332 0.335036 0.611202 3 0.999995
0.433138 0.716452 0.385906 8 0.0
0.434823 0.714413 0.396913 8 0.0
0.461036 0.726716 0.383537 8 0.0
0.431453 0.71849 0.374899 8 0.0
0.40524 0.706188 0.388274 8 0.0
0.583425 0.719534 0.3555 8 0.999934
0.068926 0.484603 0.362182 11 0.983517
0.69765 0.400113 0.481706 8 0.0
0.713052 0.428355 0.481474 8 0.0
0.69539 0.401668 0.520947 8 0.0
0.682248 0.371871 0.481938 8 0.0
0.69991 0.398558 0.442466 8 0.0
0.784459 0.167869 0.633004 3 0.999997
0.273843 0.126238 0.467787 12 0.0
0.214408 0.161012 0.463403 12 0.0
0.272 0.127496 0.502748 12 0.0
0.333278 0.091465 0.472171 12 0.0
0.275686 0.12498 0.432825 12 0.0
0.91707 0.551107 0.625724 2 1.4e-05
0.461224 0.271062 0.422177 8 0.0
0.459219 0.270852 0.400537 8 0.0
0.432596 0.276109 0.424781 8 0.0
0.46323 0.271272 0.443818 8 0.0
0.489853 0.266014 0.419574 8 0.0
0.414984 0.722198 0.360804 8 0.001799
0.743101 0.141974 0.499248 1 0.0
0.801276 0.175373 0.485293 1 0.0
0.750348 0.146676 0.540715 1 0.0
0.684925 0.108574 0.513203 1 0.0
0.735853 0.137271 0.457781 1 0.0
0.070199 0.443099 0.366364 11 0.311366
0.416193 0.946838 0.609318 4 0.0
0.091511 0.734741 0.363797 9 0.000339
0.085974 0.722537 0.362931 9 0.000339
0.098102 0.731785 0.363313 9 0.000339
0.097048 0.746946 0.364664 9 0.000339
0.084919 0.737697 0.364282 9 0.000339
0.930092 0.262064 0.363339 2 0.998207
0.929545 0.268343 0.363774 2 0.998207
0.928551 0.261685 0.366861 2 0.998207
0.93064 0.255785 0.362903 2 0.998207
0.931634 0.262443 0.359816 2 0.998207
0.070554 0.546184 0.604742 11 0.0
0.542884 0.936658 0.593545 5 0.0
0.524083 0.946343 0.578448 5 0.0
0.534633 0.934571 0.602481 5 0.0
0.561684 0.926974 0.608643 5 0.0
0.551135 0.938746 0.58461 5 0.0
0.453133 0.965456 0.591404 4 0.0
0.075012 0.301667 0.586662 11 2.2e-05
0.492473 0.990303 0.480219 4 0.0
0.554411 0.966349 0.38047 6 3e-06
0.530078 0.021078 0.359968 1 0.999932
0.85477 0.785488 0.360097 9 0.911163
0.432365 0.038586 0.360362 12 1.0
0.365274 0.075783 0.531027 12 0.0
0.323458 0.097795 0.545656 12 0.0
0.374381 0.072246 0.562378 12 0.0
0.40709 0.053771 0.516397 12 0.0
0.356167 0.07932 0.499676 12 0.0
0.173517 0.806314 0.499232 4 0.0
0.206575 0.82632 0.493865 4 0.0
0.179075 0.807905 0.539387 4 0.0
0.14046 0.786308 0.5046 4 0.0
0.16796 0.804723 0.459078 4 0.0
0.213221 0.825778 0.606065 4 0.0
0.929887 0.588324 0.580882 2 0.0
0.929844 0.637172 0.571508 2 0.0
0.930371 0.591569 0.59779 2 0.0
0.929931 0.539476 0.590256 2 0.0
0.929403 0.585079 0.563974 2 0.0
0.673566 0.106662 0.627383 1 0.0
0.502523 0.997518 0.460424 6 0.986304
0.412144 0.935723 0.544306 4 0.0
0.42306 0.938395 0.570792 4 0.0
0.381776 0.919173 0.558491 4 0.0
0.401229 0.933052 0.51782 4 0.0
0.442513 0.952273 0.530121 4 0.0
0.928576 0.359121 0.370068 2 5e-06
0.537842 0.945406 0.500834 6 0.0
0.520071 0.957746 0.504178 6 0.0
0.54294 0.942685 0.537969 6 0.0
0.555613 0.933067 0.49749 6 0.0
0.532744 0.948128 0.463699 6 0.0
0.930495 0.746094 0.390686 2 0.998746
0.801058 0.825562 0.51902 6 0.0
0.761575 0.848839 0.530341 6 0.0
0.808105 0.820986 0.553008 6 0.0
0.840541 0.802284 0.5077 6 0.0
0.79401 0.830137 0.485033 6 0.0
0.928867 0.729449 0.472109 2 0.0
0.930874 0.277351 0.357427 9 1.0
0.927428 0.705012 0.478505 2 0.0
0.926695 0.720296 0.478867 2 0.0
0.928932 0.704181 0.516627 2 0.0
0.928161 0.689728 0.478143 2 0.0
0.925924 0.705843 0.440383 2 0.0
0.110477 0.258735 0.474701 12 0.0
0.097747 0.268248 0.475921 12 0.0
0.109072 0.252216 0.510847 12 0.0
0.123207 0.249222 0.47348 12 0.0
0.111883 0.265254 0.438554 12 0.0
0.422882 0.948584 0.362761 4 0.871213
0.795456 0.575359 0.641829 7 0.0
0.45558 0.090266 0.564615 12 0.0
0.422489 0.097355 0.555036 12 0.0
0.450662 0.095737 0.585653 12 0.0
0.488671 0.083177 0.574194 12 0.0
0.460498 0.084796 0.543576 12 0.0
0.666691 0.35373 0.480127 8 0.0
0.685451 0.375795 0.476636 8 0.0
0.667874 0.358663 0.517658 8 0.0
0.647931 0.331665 0.483619 8 0.0
0.665508 0.348798 0.442597 8 0.0
0.90234 0.343005 0.640601 3 0.999998
0.838551 0.201666 0.619794 3 0.999995
0.929951 0.370065 0.609186 2 2e-06
0.716135 0.872372 0.626724 6 0.0
0.269111 0.482725 0.373598 8 0.0
0.504635 0.804141 0.642736 7 0.0
0.286156 0.406371 0.631857 8 0.37333
0.822197 0.188054 0.423704 1 0.0
0.857065 0.209492 0.416748 1 0.0
0.825209 0.189894 0.444477 1 0.0
0.787328 0.166616 0.430659 1 0.0
0.819184 0.186213 0.402931 1 0.0
0.070055 0.499826 0.407429 11 0.0
0.716935 0.455605 0.481845 8 0.0
0.724731 0.484001 0.482704 8 0.0
0.713972 0.455218 0.521509 8 0.0
0.709139 0.427208 0.480986 8 0.0
0.719897 0.455991 0.442181 8 0.0
0.931293 0.408186 0.529255 2 0.0
0.931399 0.456327 0.536143 2 0.0
0.930919 0.40368 0.560758 2 0.0
0.931187 0.360045 0.522368 2 0.0
0.931667 0.412692 0.497753 2 0.0
0.275291 0.438075 0.365297 10 0.999991
0.570507 0.27805 0.368923 10 0.002034
0.299198 0.119635 0.629359 12 0.968861
0.256327 0.139713 0.41627 12 0.0
0.86589 0.206602 0.354071 9 1.0
0.730723 0.781365 0.355973 9 0.0
0.858825 0.378076 0.642492 7 0.0
0.550808 0.25107 0.359038 9 0.0
0.504832 0.031673 0.388593 12 0.0
0.490381 0.028507 0.387693 12 0.0
0.506994 0.024754 0.37822 12 0.0
0.519283 0.034839 0.389493 12 0.0
0.50267 0.038592 0.398967 12 0.0
0.218784 0.426758 0.389677 9 0.0
0.672013 0.350824 0.41427 8 0.0
0.694589 0.375679 0.409176 8 0.0
0.672136 0.354659 0.433526 8 0.0
0.649436 0.325969 0.419364 8 0.0
0.671889 0.34699 0.395014 8 0.0
0.550665 0.726407 0.357761 8 0.999533
0.263272 0.523354 0.456553 8 0.0
0.264845 0.54433 0.455481 8 0.0
0.261127 0.525192 0.489349 8 0.0
0.261698 0.502378 0.457626 8 0.0
0.265416 0.521517 0.423757 8 0.0
0.326312 0.350339 0.550814 8 0.0
0.302383 0.37949 0.552643 8 0.0
0.325394 0.347751 0.580063 8 0.0
0.350241 0.321189 0.548985 8 0.0
0.32723 0.352928 0.521566 8 0.0
0.29882 0.864187 0.476695 4 0.0
0.36769 0.903711 0.480806 4 0.0
0.297714 0.862593 0.510549 4 0.0
0.22995 0.824663 0.472585 4 0.0
0.299926 0.865781 0.442842 4 0.0
0.310051 0.36782 0.437258 8 0.0
0.30011 0.381838 0.447679 8 0.0
0.318779 0.356283 0.461103 8 0.0
0.319993 0.353803 0.426838 8 0.0
0.301324 0.379357 0.413414 8 0.0
0.329776 0.103148 0.368422 12 0.999757
0.566149 0.754171 0.643444 7 0.0
0.458835 0.769734 0.401732 8 0.0
0.417647 0.760269 0.402321 8 0.0
0.459942 0.765856 0.416824 8 0.0
0.500022 0.7792 0.401142 8 0.0
0.457727 0.773613 0.386639 8 0.0
0.694976 0.88884 0.408801 6 0.0
0.316961 0.888723 0.607042 4 0.0
0.25722 0.793118 0.357662 9 0.0
0.754891 0.147934 0.482183 1 0.0
0.807497 0.179731 0.475074 1 0.0
0.758917 0.14966 0.519694 1 0.0
0.702285 0.116138 0.489292 1 0.0
0.750865 0.146209 0.444671 1 0.0
0.761152 0.195564 0.36159 9 0.0
0.069256 0.587767 0.391723 11 2e-06
0.288568 0.556841 0.455362 8 0.0
0.291875 0.558835 0.4868 8 0.0
0.280561 0.525878 0.458167 8 0.0
0.285262 0.554848 0.423923 8 0.0
0.296575 0.587804 0.452556 8 0.0
0.650084 0.669149 0.410471 8 0.0
0.619856 0.69389 0.409417 8 0.0
0.648993 0.668575 0.428278 8 0.0
0.680311 0.644408 0.411525 8 0.0
0.651175 0.669724 0.392663 8 0.0
0.304822 0.380244 0.37047 8 0.157543
0.689841 0.367606 0.361339 8 0.831336
0.7141 0.124484 0.475357 1 0.0
0.779341 0.162415 0.458019 1 0.0
0.720412 0.128663 0.508248 1 0.0
0.64886 0.086553 0.492696 1 0.0
0.707789 0.120305 0.442466 1 0.0
0.248312 0.452309 0.38772 8 0.058131
0.247626 0.459965 0.386939 8 0.058131
0.241918 0.452972 0.399845 8 0.058131
0.248997 0.444653 0.3885 8 0.058131
0.254705 0.451646 0.375594 8 0.058131
0.071574 0.499114 0.501138 11 0.0
0.071876 0.575135 0.499781 11 0.0
0.071087 0.499899 0.544967 11 0.0
0.071272 0.423094 0.502495 11 0.0
0.072062 0.49833 0.45731 11 0.0
0.627566 0.071962 0.417708 1 0.0
0.667241 0.094171 0.414405 1 0.0
0.62893 0.07238 0.43691 1 0.0
0.587891 0.049753 0.42101 1 0.0
0.626202 0.071544 0.398505 1 0.0
0.370568 0.919415 0.601305 4 0.0
0.353098 0.657153 0.496838 8 0.0
0.376041 0.67833 0.494684 8 0.0
0.354476 0.658565 0.525381 8 0.0
0.330155 0.635976 0.498993 8 0.0
0.351721 0.655741 0.468296 8 0.0
0.317226 0.345547 0.421035 8 0.0
0.313684 0.350548 0.405126 8 0.0
0.301778 0.36253 0.429813 8 0.0
0.320768 0.340546 0.436943 8 0.0
0.332674 0.328564 0.412256 8 0.0
0.235625 0.151528 0.390095 12 0.0
0.522694 0.75883 0.35731 9 0.0
0.280189 0.43812 0.487551 8 0.0
0.260166 0.479886 0.492314 8 0.0
0.282585 0.435079 0.52428 8 0.0
0.300212 0.396354 0.482787 8 0.0
0.277793 0.44116 0.450822 8 0.0
0.721715 0.443497 0.400336 8 0.0
0.730987 0.471414 0.399408 8 0.0
0.719916 0.444616 0.415995 8 0.0
0.712443 0.415581 0.401265 8 0.0
0.723515 0.442379 0.384677 8 0.0
0.759225 0.463997 0.571138 8 0.0
0.365895 0.318405 0.512054 8 0.0
0.365469 0.320246 0.473635 8 0.0
0.336337 0.3447 0.513641 8 0.0
0.36632 0.316564 0.550472 8 0.0
0.395452 0.29211 0.510466 8 0.0
0.618043 0.311368 0.483727 8 0.0
0.642163 0.327714 0.489217 8 0.0
0.610667 0.309083 0.522937 8 0.0
0.593923 0.295023 0.478237 8 0.0
0.625419 0.313654 0.444517 8 0.0
0.339862 0.68144 0.449212 8 0.0
0.362782 0.698074 0.447902 8 0.0
0.340575 0.682802 0.478981 8 0.0
0.316941 0.664806 0.450522 8 0.0
0.339149 0.680078 0.419442 8 0.0
0.562509 0.278307 0.391658 8 0.0
0.591441 0.288304 0.390815 8 0.0
0.5626 0.279074 0.403859 8 0.0
0.533577 0.268311 0.392501 8 0.0
0.562419 0.277541 0.379458 8 0.0
0.599314 0.709437 0.576585 8 0.0
0.563059 0.7272 0.572634 8 0.0
0.598211 0.712031 0.598365 8 0.0
0.635569 0.691675 0.580536 8 0.0
0.600417 0.706844 0.554804 8 0.0
0.716944 0.449847 0.59275 8 0.0
0.732756 0.492277 0.586264 8 0.0
0.721267 0.450688 0.60879 8 0.0
0.701131 0.407418 0.599236 8 0.0
0.71262 0.449007 0.57671 8 0.0
0.293534 0.364731 0.358524 9 0.0
0.253836 0.853559 0.366951 4 2.9e-05
0.282752 0.587191 0.357077 8 0.998602
0.635642 0.327386 0.528697 8 0.0
0.669928 0.352057 0.522345 8 0.0
0.63925 0.329772 0.557436 8 0.0
0.601357 0.302716 0.535049 8 0.0
0.632034 0.325001 0.499958 8 0.0
0.281885 0.427735 0.612052 8 0.0
0.300748 0.592903 0.508843 8 0.0
0.312733 0.616461 0.505312 8 0.0
0.301838 0.597669 0.544347 8 0.0
0.288763 0.569345 0.512373 8 0.0
0.299658 0.588137 0.473338 8 0.0
0.389734 0.808877 0.357378 9 0.0
0.378866 0.838229 0.357469 9 0.0
0.308349 0.778744 0.35667 9 0.0
0.400603 0.779526 0.357288 9 0.0
0.471119 0.839011 0.358087 9 0.0
0.273126 0.474595 0.395857 8 0.0
0.271642 0.501603 0.398217 8 0.0
0.274978 0.473479 0.409794 8 0.0
0.27461 0.447588 0.393497 8 0.0
0.271274 0.475711 0.38192 8 0.0
0.272409 0.862331 0.481313 4 0.0
0.3368 0.899073 0.485027 4 0.0
0.271094 0.860929 0.517977 4 0.0
0.208018 0.825589 0.477599 4 0.0
0.273724 0.863732 0.444649 4 0.0
0.659806 0.346372 0.597408 8 0.0
0.687449 0.378572 0.596647 8 0.0
0.662079 0.344789 0.613035 8 0.0
0.632162 0.314172 0.598169 8 0.0
0.657532 0.347955 0.58178 8 0.0
0.700834 0.396553 0.490358 8 0.0
0.713868 0.420342 0.491618 8 0.0
0.698444 0.395709 0.531016 8 0.0
0.6878 0.372763 0.489099 8 0.0
0.703223 0.397397 0.4497 8 0.0
0.717708 0.594086 0.570352 8 0.0
0.713825 0.654207 0.560078 8 0.0
0.719451 0.597676 0.5907 8 0.0
0.721592 0.533964 0.580627 8 0.0
0.715965 0.590496 0.550005 8 0.0
0.382937 0.105961 0.359211 9 0.0
0.616034 0.700514 0.596826 8 0.0
0.577143 0.714344 0.594904 8 0.0
0.61558 0.701388 0.612306 8 0.0
0.654925 0.686683 0.598748 8 0.0
0.616488 0.69964 0.581345 8 0.0
0.304639 0.382739 0.423992 8 0.0
0.290629 0.405264 0.420089 8 0.0
0.303509 0.385754 0.445447 8 0.0
0.318648 0.360213 0.427894 8 0.0
0.305768 0.379724 0.402537 8 0.0
0.071873 0.478876 0.546242 11 0.0
0.072434 0.551043 0.55058 11 0.0
0.071348 0.477044 0.576785 11 0.0
0.071313 0.406709 0.541904 11 0.0
0.072398 0.480708 0.515699 11 0.0
0.731087 0.865442 0.523482 6 0.0
0.674075 0.897539 0.526916 6 0.0
0.732519 0.863969 0.561009 6 0.0
0.788099 0.833344 0.520048 6 0.0
0.729656 0.866914 0.485955 6 0.0
0.071623 0.635362 0.373141 11 0.0
0.358237 0.910947 0.595154 4 0.0
0.28879 0.601032 0.357947 10 0.99942
0.781904 0.196514 0.632737 7 0.0
0.21642 0.475747 0.638954 7 0.0
0.354438 0.317702 0.613642 8 0.0
0.213853 0.660144 0.639964 7 0.0
0.249621 0.725258 0.640046 7 0.0
0.186129 0.675372 0.641284 7 0.0
0.178084 0.595031 0.639882 7 0.0
0.241576 0.644916 0.638644 7 0.0
0.375512 0.698857 0.355597 10 0.997679
0.282085 0.287715 0.6398 7 0.0
0.392018 0.301639 0.449983 8 0.0
0.382684 0.307005 0.423369 8 0.0
0.363959 0.321316 0.463791 8 0.0
0.401352 0.296273 0.476597 8 0.0
0.420077 0.281963 0.436175 8 0.0
0.269194 0.132546 0.380019 12 0.000103
0.29283 0.411797 0.520371 8 0.0
0.280438 0.459477 0.51332 8 0.0
0.291164 0.415883 0.550928 8 0.0
0.305222 0.364118 0.527422 8 0.0
0.294495 0.407711 0.489815 8 0.0
0.51734 0.73013 0.376785 8 0.0
0.724334 0.479791 0.470467 8 0.0
0.729517 0.509899 0.472629 8 0.0
0.720649 0.477738 0.507871 8 0.0
0.719152 0.449682 0.468304 8 0.0
0.728019 0.481843 0.433062 8 0.0
0.256799 0.366844 0.429297 8 0.0
0.483944 0.24592 0.357397 9 0.0
0.395628 0.297035 0.49663 8 0.0
0.407464 0.290012 0.453443 8 0.0
0.371794 0.312392 0.4876 8 0.0
0.383791 0.304059 0.539817 8 0.0
0.419461 0.281679 0.505659 8 0.0
0.582493 0.29249 0.486604 8 0.0
0.607096 0.30441 0.475054 8 0.0
0.596239 0.301635 0.525321 8 0.0
0.55789 0.28057 0.498154 8 0.0
0.568747 0.283346 0.447887 8 0.0
0.641826 0.334487 0.567018 8 0.0
0.67679 0.365645 0.55323 8 0.0
0.647731 0.336855 0.587343 8 0.0
0.606862 0.303329 0.580807 8 0.0
0.635921 0.332119 0.546694 8 0.0
0.722949 0.278258 0.358382 9 0.0
0.461511 0.271155 0.377072 10 0.002322
0.609731 0.699307 0.482309 8 0.0
0.577935 0.713648 0.480011 8 0.0
0.607043 0.699641 0.52159 8 0.0
0.641527 0.684965 0.484608 8 0.0
0.61242 0.698972 0.443028 8 0.0
0.262039 0.192097 0.361119 9 0.0
0.28724 0.426272 0.534757 8 0.0
0.270862 0.472514 0.538662 8 0.0
0.286942 0.423318 0.568482 8 0.0
0.303618 0.38003 0.530852 8 0.0
0.287538 0.429226 0.501031 8 0.0
0.638422 0.327348 0.577347 8 0.0
0.67996 0.352087 0.569093 8 0.0
0.642768 0.326592 0.596949 8 0.0
0.596884 0.302609 0.585602 8 0.0
0.634076 0.328104 0.557746 8 0.0
0.285203 0.554045 0.526009 8 0.0
0.291378 0.57713 0.528264 8 0.0
0.282247 0.551234 0.562876 8 0.0
0.279028 0.530959 0.523754 8 0.0
0.288159 0.556855 0.489142 8 0.0
0.288915 0.82829 0.358463 9 0.0
0.295093 0.401812 0.493962 8 0.0
0.282853 0.427416 0.49547 8 0.0
0.296228 0.399888 0.535856 8 0.0
0.307333 0.376207 0.492455 8 0.0
0.293958 0.403735 0.452069 8 0.0
0.720648 0.505439 0.545005 8 0.0
0.721963 0.548183 0.542515 8 0.0
0.721726 0.507004 0.57245 8 0.0
0.719333 0.462695 0.547494 8 0.0
0.719569 0.503874 0.51756 8 0.0
0.595181 0.29956 0.557374 8 0.0
0.639696 0.320926 0.553205 8 0.0
0.59786 0.299343 0.584872 8 0.0
0.550666 0.278195 0.561543 8 0.0
0.592502 0.299777 0.529876 8 0.0
0.565697 0.7188 0.580132 8 0.0
0.524583 0.726198 0.580947 8 0.0
0.566429 0.720578 0.600907 8 0.0
0.606812 0.711403 0.579318 8 0.0
0.564966 0.717022 0.559357 8 0.0
0.3592 0.327173 0.396192 8 0.0
0.69 0.891625 0.396058 6 0.0
0.070979 0.42017 0.500396 11 0.0
0.070397 0.43722 0.462451 11 0.0
0.07032 0.471687 0.523555 11 0.0
0.07156 0.403119 0.538341 11 0.0
0.071637 0.368652 0.477237 11 0.0
0.148015 0.205841 0.507653 12 0.0
0.126063 0.220313 0.518532 12 0.0
0.159945 0.198129 0.541984 12 0.0
0.169967 0.19137 0.496773 12 0.0
0.136086 0.213554 0.473321 12 0.0
0.931136 0.333793 0.526965 2 0.0
0.931925 0.357265 0.515814 2 0.0
0.931188 0.345289 0.551168 2 0.0
0.930348 0.31032 0.538116 2 0.0
0.931085 0.322297 0.502762 2 0.0
0.930398 0.285646 0.424352 2 0.0
0.930309 0.29747 0.42315 2 0.0
0.930547 0.287866 0.446176 2 0.0
0.930488 0.273822 0.425554 2 0.0
0.930249 0.283427 0.402529 2 0.0
0.927964 0.285718 0.399328 2 0.0
0.92881 0.2938 0.411705 2 0.0
0.927941 0.275878 0.405755 2 0.0
0.927119 0.277636 0.38695 2 0.0
0.927988 0.295559 0.392901 2 0.0
0.19967 0.331786 0.359087 9 0.0
0.170139 0.315896 0.35907 9 0.0
0.170771 0.385494 0.35862 9 0.0
0.2292 0.347676 0.359105 9 0.0
0.228569 0.278078 0.359555 9 0.0
0.496658 0.980478 0.35924 9 0.308841
0.495443 0.986044 0.358639 9 0.308841
0.487576 0.978372 0.358096 9 0.308841
0.497872 0.974911 0.359841 9 0.308841
0.505739 0.982583 0.360384 9 0.308841
0.15157 0.706203 0.359231 9 0.0
0.132207 0.676451 0.358471 9 0.0
0.170492 0.693911 0.358362 9 0.0
0.170933 0.735955 0.359991 9 0.0
0.132649 0.718495 0.3601 9 0.0
0.932021 0.404793 0.405888 2 0.0
0.403543 0.054198 0.487265 12 0.0
0.374028 0.0697 0.477729 12 0.0
0.394002 0.059888 0.526049 12 0.0
0.433058 0.038697 0.4968 12 0.0
0.413085 0.048509 0.44848 12 0.0
0.517196 0.98747 0.430713 6 0.00663
0.510818 0.991566 0.430751 6 0.00663
0.517816 0.988201 0.455702 6 0.00663
0.523575 0.983374 0.430675 6 0.00663
0.516577 0.986739 0.405724 6 0.00663
0.930563 0.552847 0.441437 2 0.0
0.931357 0.553132 0.46772 2 0.0
0.932427 0.495857 0.441999 2 0.0
0.92977 0.552561 0.415154 2 0.0
0.928699 0.609836 0.440875 2 0.0
0.806917 0.7968 0.493916 6 0.0
0.771511 0.822288 0.488392 6 0.0
0.802541 0.798933 0.531805 6 0.0
0.842323 0.771312 0.49944 6 0.0
0.811293 0.794667 0.456027 6 0.0
0.92996 0.744375 0.418347 2 0.993078
0.841993 0.281883 0.35813 9 0.0
0.826395 0.297293 0.358379 9 0.0
0.866214 0.306398 0.358164 9 0.0
0.85759 0.266473 0.357882 9 0.0
0.817771 0.257368 0.358097 9 0.0
0.113481 0.770765 0.481069 4 0.0
0.128491 0.779681 0.481362 4 0.0
0.113024 0.770281 0.519127 4 0.0
0.09847 0.761849 0.480776 4 0.0
0.113937 0.771249 0.44301 4 0.0
0.481432 0.98219 0.56685 4 0.0
0.4907 0.987152 0.566011 4 0.0
0.481905 0.98267 0.574916 4 0.0
0.472163 0.977228 0.567689 4 0.0
0.480959 0.98171 0.558784 4 0.0
0.491426 0.945556 0.624336 5 0.0
0.463108 0.94263 0.627395 5 0.0
0.492884 0.938777 0.631354 5 0.0
0.519744 0.948483 0.621278 5 0.0
0.489967 0.952336 0.617319 5 0.0
0.842676 0.797849 0.607253 6 0.0
0.929817 0.749 0.552493 2 0.999953
0.501349 0.994405 0.359188 9 1.0
0.50335 0.996161 0.360133 9 1.0
0.498643 0.995912 0.362115 9 1.0
0.499347 0.992649 0.358242 9 1.0
0.504054 0.992898 0.35626 9 1.0
0.10342 0.322539 0.585711 11 1.1e-05
0.930372 0.382157 0.537757 2 0.0
0.929761 0.373891 0.564736 2 0.0
0.92962 0.341263 0.52521 2 0.0
0.930982 0.390423 0.510777 2 0.0
0.931123 0.423052 0.550303 2 0.0
0.889674 0.231958 0.48262 1 0.0
0.876683 0.224166 0.480033 1 0.0
0.883951 0.228241 0.522552 1 0.0
0.902665 0.239749 0.485207 1 0.0
0.895398 0.235674 0.442688 1 0.0
0.491537 0.992402 0.580348 5 0.998511
0.886914 0.77299 0.57641 6 0.0
0.883988 0.773931 0.568494 6 0.0
0.871476 0.781957 0.583182 6 0.0
0.88984 0.77205 0.584327 6 0.0
0.902352 0.764024 0.569639 6 0.0
0.073192 0.743581 0.467451 11 0.135574
0.082556 0.249235 0.415011 12 4e-06
0.077378 0.252644 0.41474 12 4e-06
0.081154 0.248663 0.434638 12 4e-06
0.087735 0.245827 0.415281 12 4e-06
0.083958 0.249808 0.395383 12 4e-06
0.078944 0.249593 0.469089 12 0.0
0.496935 0.996679 0.403613 4 0.998959
0.506389 0.994605 0.364253 6 0.993337
0.504184 0.997077 0.363923 6 0.993337
0.505095 0.993971 0.368166 6 0.993337
0.508595 0.992132 0.364583 6 0.993337
0.507684 0.995238 0.36034 6 0.993337
0.931934 0.340085 0.47788 2 0.0
0.932602 0.368056 0.474347 2 0.0
0.931996 0.344743 0.514767 2 0.0
0.931267 0.312114 0.481412 2 0.0
0.931873 0.335427 0.440992 2 0.0
0.070057 0.380194 0.596996 11 0.0
0.229255 0.669352 0.357427 9 0.0
0.185905 0.599029 0.35718 9 0.0
0.25332 0.654519 0.356793 9 0.0
0.272606 0.739675 0.357674 9 0.0
0.205191 0.684184 0.358061 9 0.0
0.071113 0.372992 0.612244 11 0.804855
0.507306 0.997791 0.412975 6 0.999979
0.871641 0.779455 0.361154 6 0.996488
0.931215 0.469324 0.427191 2 0.0
0.931941 0.467832 0.448402 2 0.0
0.929366 0.402439 0.422551 2 0.0
0.930488 0.470815 0.40598 2 0.0
0.933063 0.536208 0.431831 2 0.0
0.070038 0.607126 0.611076 11 0.0
0.928239 0.639157 0.423643 2 0.0
0.927152 0.675044 0.423078 2 0.0
0.929183 0.639514 0.444514 2 0.0
0.929325 0.603269 0.424208 2 0.0
0.927294 0.6388 0.402772 2 0.0
0.134859 0.784686 0.451454 4 0.0
0.15701 0.797806 0.449759 4 0.0
0.136604 0.785632 0.481585 4 0.0
0.112707 0.771567 0.453149 4 0.0
0.133113 0.783741 0.421324 4 0.0
0.597753 0.937156 0.624141 5 0.861744
0.591228 0.056361 0.541848 1 0.0
0.604177 0.062615 0.523086 1 0.0
0.617536 0.071613 0.565091 1 0.0
0.578279 0.050106 0.56061 1 0.0
0.564919 0.041108 0.518605 1 0.0
0.071079 0.304906 0.582536 11 0.0
0.449204 0.962372 0.369171 4 0.0009
0.073084 0.73751 0.457827 11 0.019061
0.092521 0.43467 0.625711 11 1e-06
0.151325 0.769091 0.359175 9 0.0
0.160215 0.660731 0.640075 7 0.0
0.227395 0.366983 0.639416 7 0.0
0.102797 0.436136 0.634044 7 0.0
0.931017 0.506922 0.540896 2 0.0
0.931352 0.577316 0.540304 2 0.0
0.930771 0.507185 0.572051 2 0.0
0.930683 0.436527 0.541487 2 0.0
0.931264 0.506659 0.509741 2 0.0
0.522801 0.019397 0.533821 1 0.0
0.532855 0.024473 0.533103 1 0.0
0.52376 0.020536 0.555286 1 0.0
0.512747 0.014322 0.53454 1 0.0
0.521842 0.018258 0.512356 1 0.0
0.892769 0.769761 0.493694 6 0.0
0.879836 0.777739 0.493892 6 0.0
0.893054 0.769384 0.527454 6 0.0
0.905702 0.761783 0.493496 6 0.0
0.892485 0.770138 0.459933 6 0.0
0.535225 0.958673 0.359424 9 0.0
0.513464 0.980962 0.565413 6 0.969925
0.509807 0.984182 0.572381 6 0.969925
0.516276 0.974736 0.569766 6 0.969925
0.517121 0.977742 0.558445 6 0.969925
0.510652 0.987189 0.56106 6 0.969925
0.839683 0.798886 0.591107 6 0.0
0.897761 0.240614 0.595088 3 0.000943
0.930493 0.648918 0.466341 2 0.0
0.929852 0.680201 0.468775 2 0.0
0.931466 0.646256 0.500812 2 0.0
0.931133 0.617635 0.463907 2 0.0
0.929519 0.65158 0.43187 2 0.0
0.070338 0.486381 0.437088 11 0.0
0.069216 0.546174 0.437373 11 0.0
0.070633 0.486264 0.462891 11 0.0
0.07146 0.426588 0.436803 11 0.0
0.070043 0.486499 0.411285 11 0.0
0.501731 0.930671 0.630268 5 0.000117
0.336028 0.097028 0.363364 12 0.996545
0.910648 0.242405 0.474267 1 8.3e-05
0.465059 0.972547 0.502858 4 0.0
0.46923 0.97652 0.53007 4 0.0
0.45347 0.96554 0.505657 4 0.0
0.460888 0.968574 0.475646 4 0.0
0.476647 0.979555 0.500059 4 0.0
0.072011 0.258522 0.552288 11 2e-06
0.071044 0.263746 0.552297 11 2e-06
0.070066 0.258145 0.562375 11 2e-06
0.072977 0.253298 0.552279 11 2e-06
0.073955 0.258899 0.542201 11 2e-06
0.92881 0.482938 0.597917 2 0.0
0.808462 0.618653 0.642994 7 0.0
0.784502 0.681627 0.643101 7 0.0
0.779919 0.607793 0.64306 7 0.0
0.832422 0.555679 0.642886 7 0.0
0.837006 0.629513 0.642927 7 0.0
0.420287 0.706213 0.523065 8 0.0
0.449362 0.7184 0.513247 8 0.0
0.429338 0.712071 0.557141 8 0.0
0.391212 0.694026 0.532882 8 0.0
0.411236 0.700356 0.488989 8 0.0
0.328948 0.718916 0.641001 7 0.0
0.48962 0.087633 0.358549 9 0.0
0.45369 0.092885 0.357135 9 0.0
0.492501 0.107216 0.358075 9 0.0
0.52555 0.08238 0.359964 9 0.0
0.486739 0.06805 0.359023 9 0.0
0.533123 0.92009 0.633723 5 6e-05
0.927298 0.390841 0.601567 3 0.0
0.931898 0.418777 0.607504 3 0.0
0.926197 0.388717 0.612417 3 0.0
0.922698 0.362906 0.59563 3 0.0
0.928399 0.392966 0.590716 3 0.0
0.561511 0.726332 0.365544 10 0.0
0.824372 0.18982 0.466815 1 0.0
0.85745 0.211214 0.455876 1 0.0
0.832317 0.194734 0.50045 1 0.0
0.791293 0.168426 0.477755 1 0.0
0.816426 0.184906 0.433181 1 0.0
0.780737 0.838088 0.373309 6 0.000535
0.749092 0.849963 0.624093 6 0.0
0.276126 0.569263 0.364554 10 0.999716
0.288942 0.40189 0.630413 8 0.0
0.248687 0.177095 0.606972 12 0.0
0.746525 0.147203 0.599321 1 0.0
0.108148 0.507716 0.639837 7 0.0
0.417052 0.832241 0.641446 7 0.0
0.410739 0.858051 0.641897 7 0.0
0.348794 0.815559 0.640576 7 0.0
0.423366 0.806431 0.640995 7 0.0
0.48531 0.848922 0.642316 7 0.0
0.688747 0.636368 0.371802 8 0.000217
0.639325 0.916889 0.611848 6 0.0
0.613238 0.862923 0.356373 9 0.0
0.722383 0.42593 0.367503 10 4e-06
0.109237 0.361102 0.635762 7 0.0
0.438733 0.82253 0.642227 7 0.0
0.432622 0.853317 0.642552 7 0.0
0.510624 0.836798 0.642482 7 0.0
0.444844 0.791744 0.641903 7 0.0
0.366841 0.808262 0.641973 7 0.0
0.824859 0.192213 0.516631 1 0.0
0.840707 0.203211 0.545362 1 0.0
0.7957 0.173648 0.539822 1 0.0
0.809011 0.181215 0.4879 1 0.0
0.854018 0.210778 0.49344 1 0.0
0.932175 0.40073 0.401511 2 3e-06
0.827842 0.286149 0.643275 7 0.0
0.072519 0.329202 0.509463 11 0.0
0.072045 0.356139 0.506782 11 0.0
0.07072 0.33235 0.541417 11 0.0
0.072994 0.302264 0.512144 11 0.0
0.074319 0.326053 0.477509 11 0.0
0.901911 0.720753 0.35987 9 0.010743
0.91086 0.723957 0.360438 9 0.010743
0.90858 0.70207 0.360184 9 0.010743
0.892962 0.717549 0.359301 9 0.010743
0.895242 0.739436 0.359555 9 0.010743
0.071321 0.526941 0.562554 11 0.0
0.071048 0.528519 0.587124 11 0.0
0.071249 0.459088 0.566911 11 0.0
0.071594 0.525363 0.537985 11 0.0
0.071393 0.594793 0.558198 11 0.0
0.334893 0.093059 0.504627 12 0.0
0.287043 0.119998 0.522913 12 0.0
0.346773 0.087331 0.544152 12 0.0
0.382743 0.066119 0.48634 12 0.0
0.323013 0.098786 0.465101 12 0.0
0.069898 0.71073 0.52493 11 0.0
0.069592 0.723838 0.524405 11 0.0
0.069529 0.71161 0.547142 11 0.0
0.070205 0.697621 0.525454 11 0.0
0.070267 0.709849 0.502717 11 0.0
0.071142 0.440245 0.364962 11 0.417697
0.264768 0.453243 0.361798 8 0.397994
0.929212 0.72935 0.424474 2 0.027151
0.929862 0.736737 0.424932 2 0.027151
0.929934 0.727885 0.447062 2 0.027151
0.928562 0.721963 0.424016 2 0.027151
0.92849 0.730815 0.401886 2 0.027151
0.825374 0.811354 0.61998 6 0.999056
0.889676 0.229397 0.482453 1 0.0
0.875791 0.220547 0.481461 1 0.0
0.887181 0.228985 0.521052 1 0.0
0.903561 0.238247 0.483445 1 0.0
0.89217 0.229809 0.443854 1 0.0
0.513403 0.989478 0.449697 6 0.001591
0.877095 0.778716 0.539956 6 0.0
0.863982 0.786378 0.528308 6 0.0
0.864954 0.786054 0.558452 6 0.0
0.890209 0.771053 0.551605 6 0.0
0.889237 0.771377 0.52146 6 0.0
0.931563 0.462426 0.514866 2 0.0
0.932346 0.52464 0.520729 2 0.0
0.930973 0.45882 0.553208 2 0.0
0.930779 0.400211 0.509003 2 0.0
0.932152 0.466032 0.476524 2 0.0
0.715953 0.172944 0.644905 7 0.0
0.279634 0.47551 0.46988 8 0.0
0.282166 0.470387 0.505165 8 0.0
0.282837 0.445009 0.465221 8 0.0
0.277101 0.480634 0.434595 8 0.0
0.27643 0.506011 0.474539 8 0.0
0.753625 0.151991 0.619778 1 0.0
0.718629 0.599188 0.357791 10 0.999991
0.449273 0.266069 0.640221 7 4e-06
0.550457 0.756881 0.387162 9 1e-06
0.527985 0.755118 0.387493 9 1e-06
0.55029 0.761323 0.399449 9 1e-06
0.572929 0.758643 0.38683 9 1e-06
0.550624 0.752438 0.374874 9 1e-06
0.314185 0.360997 0.617339 8 0.0
0.339597 0.662063 0.376663 8 0.0
0.29026 0.182878 0.36112 9 0.0
0.328937 0.891526 0.626387 5 0.0
0.327593 0.356409 0.38066 8 0.0
0.280473 0.702299 0.356269 9 0.0
0.660216 0.332948 0.375385 8 0.0
0.640487 0.678127 0.397684 8 1e-06
0.612106 0.698915 0.400168 8 1e-06
0.640599 0.676578 0.411925 8 1e-06
0.668869 0.657339 0.3952 8 1e-06
0.640376 0.679676 0.383444 8 1e-06
0.369578 0.310414 0.361336 10 0.999539
0.723708 0.428943 0.356405 8 0.995661
0.926408 0.498275 0.418016 2 0.0
0.096659 0.586426 0.572156 11 0.0
0.238186 0.562587 0.355687 9 0.0
0.519378 0.016203 0.410797 1 0.0
0.527658 0.020735 0.409639 1 0.0
0.521566 0.016697 0.428381 1 0.0
0.511098 0.011672 0.411955 1 0.0
0.517189 0.015709 0.393212 1 0.0
0.072694 0.336916 0.3723 11 1e-06
0.926544 0.67679 0.383916 2 0.0
0.925195 0.702359 0.382681 2 0.0
0.927145 0.677251 0.392803 2 0.0
0.927894 0.651221 0.385151 2 0.0
0.925943 0.676329 0.37503 2 0.0
0.929504 0.261545 0.364208 2 0.996461
0.928702 0.267203 0.36534 2 0.996461
0.927968 0.260637 0.367656 2 0.996461
0.930305 0.255886 0.363075 2 0.996461
0.93104 0.262453 0.360759 2 0.996461
0.928078 0.747536 0.359277 9 1.0
0.92653 0.749844 0.359692 9 1.0
0.926296 0.746052 0.360879 9 1.0
0.929627 0.745228 0.358863 9 1.0
0.929861 0.74902 0.357676 9 1.0
0.500112 0.997993 0.406725 4 0.999967
0.0726 0.293642 0.4862 11 0.0
0.070329 0.309728 0.484821 11 0.0
0.071426 0.296793 0.5249 11 0.0
0.074871 0.277557 0.487578 11 0.0
0.073774 0.290491 0.4475 11 0.0
0.925953 0.459458 0.609214 3 5e-06
0.072921 0.50086 0.526937 11 0.0
0.072106 0.500503 0.563363 11 0.0
0.072113 0.423155 0.526159 11 0.0
0.073736 0.501216 0.490511 11 0.0
0.07373 0.578564 0.527715 11 0.0
0.426983 0.819425 0.642141 7 0.0
0.419844 0.849766 0.642647 7 0.0
0.499496 0.836482 0.642458 7 0.0
0.434123 0.789084 0.641635 7 0.0
0.354471 0.802368 0.641824 7 0.0
0.34333 0.666619 0.368789 10 0.998475
0.446036 0.71351 0.439189 8 0.0
0.447298 0.710671 0.465936 8 0.0
0.476796 0.723086 0.438754 8 0.0
0.444775 0.716348 0.412442 8 0.0
0.415277 0.703933 0.439623 8 0.0
0.070857 0.497346 0.44878 11 0.0
0.070444 0.574919 0.447289 11 0.0
0.070923 0.497887 0.476907 11 0.0
0.071271 0.419773 0.450271 11 0.0
0.070792 0.496805 0.420653 11 0.0
0.825458 0.436953 0.641002 7 0.0
0.837828 0.508877 0.640554 7 0.0
0.854477 0.431958 0.640348 7 0.0
0.813087 0.365029 0.64145 7 0.0
0.796439 0.441948 0.641656 7 0.0
0.756297 0.171789 0.64108 7 0.0
0.414555 0.942161 0.608858 4 0.0
0.823598 0.190746 0.568536 1 0.0
0.829415 0.19415 0.584774 1 0.0
0.789395 0.169882 0.585163 1 0.0
0.817781 0.187341 0.552298 1 0.0
0.857801 0.211609 0.551909 1 0.0
0.071829 0.336089 0.530073 11 0.0
0.072798 0.363796 0.526826 11 0.0
0.07109 0.339075 0.555335 11 0.0
0.07086 0.308381 0.53332 11 0.0
0.072568 0.333103 0.504811 11 0.0
0.474096 0.978608 0.439232 4 0.0
0.472097 0.97838 0.466414 4 0.0
0.46348 0.972311 0.438398 4 0.0
0.476094 0.978837 0.41205 4 0.0
0.484711 0.984906 0.440065 4 0.0
0.36173 0.914006 0.482614 4 0.0
0.370978 0.918564 0.518016 4 0.0
0.318026 0.889416 0.497196 4 0.0
0.352482 0.909448 0.447212 4 0.0
0.405433 0.938596 0.468032 4 0.0
0.288729 0.715543 0.387955 8 3e-06
0.741157 0.849882 0.374743 6 0.508326
0.504392 0.733028 0.64412 8 0.991445
0.611287 0.298715 0.401331 8 0.0
0.610676 0.296464 0.386279 8 0.0
0.585098 0.284366 0.404539 8 0.0
0.611897 0.300966 0.416382 8 0.0
0.637476 0.313064 0.398123 8 0.0
0.924208 0.652078 0.36286 2 0.000637
0.329682 0.894205 0.582495 4 0.0
0.316565 0.107953 0.616934 12 0.0
0.290487 0.570787 0.414109 8 0.0
0.291888 0.566228 0.432489 8 0.0
0.277498 0.535854 0.406435 8 0.0
0.289086 0.575345 0.395728 8 0.0
0.303475 0.605719 0.421783 8 0.0
0.305189 0.37711 0.37031 10 1e-06
0.675801 0.739207 0.64396 7 0.0
0.927827 0.66082 0.359443 9 0.994918
0.563733 0.284545 0.597923 8 0.0
0.601079 0.293379 0.595801 8 0.0
0.564805 0.283584 0.612784 8 0.0
0.526387 0.275712 0.600045 8 0.0
0.562661 0.285507 0.583063 8 0.0
0.712342 0.410766 0.38902 8 0.0
0.725489 0.434954 0.387363 8 0.0
0.711147 0.412256 0.401293 8 0.0
0.699194 0.386578 0.390677 8 0.0
0.713536 0.409276 0.376747 8 0.0
0.68987 0.655808 0.60638 8 0.0
0.646219 0.739143 0.355327 9 0.0
0.553218 0.718565 0.555739 8 0.0
0.515106 0.724569 0.561527 8 0.0
0.557551 0.719569 0.583229 8 0.0
0.591329 0.712561 0.549951 8 0.0
0.548885 0.717561 0.528248 8 0.0
0.288414 0.588903 0.626156 8 0.0
0.286265 0.429684 0.55343 8 0.0
0.271328 0.468522 0.558536 8 0.0
0.286291 0.425964 0.5818 8 0.0
0.301203 0.390846 0.548324 8 0.0
0.28624 0.433404 0.52506 8 0.0
0.705652 0.593905 0.564281 8 0.0
0.692542 0.634812 0.564793 8 0.0
0.70664 0.593911 0.589097 8 0.0
0.718762 0.552997 0.56377 8 0.0
0.704664 0.593898 0.539466 8 0.0
0.072788 0.498777 0.359333 9 0.827129
0.358708 0.207784 0.359133 9 0.0
0.070985 0.454251 0.616467 11 0.0
0.930597 0.474496 0.425882 2 0.0
0.70117 0.608969 0.56805 8 0.0
0.698411 0.612006 0.546075 8 0.0
0.676389 0.646158 0.5763 8 0.0
0.703928 0.605932 0.590024 8 0.0
0.725951 0.571779 0.559799 8 0.0
0.723885 0.453022 0.609246 8 0.0
0.289929 0.876109 0.407067 4 0.0
0.509508 0.268247 0.416717 8 0.0
0.539043 0.271074 0.412599 8 0.0
0.512156 0.269332 0.436446 8 0.0
0.479974 0.26542 0.420836 8 0.0
0.506861 0.267162 0.396989 8 0.0
0.285631 0.349722 0.641774 7 0.0
0.433399 0.277411 0.356246 8 0.999871
0.932385 0.422981 0.422328 2 0.0
0.933677 0.476624 0.425558 2 0.0
0.932805 0.421759 0.442454 2 0.0
0.931092 0.369338 0.419098 2 0.0
0.931964 0.424203 0.402202 2 0.0
0.27114 0.861226 0.482078 4 0.0
0.332614 0.895596 0.479282 4 0.0
0.272795 0.861437 0.521062 4 0.0
0.209667 0.826856 0.484874 4 0.0
0.269486 0.861015 0.443094 4 0.0
0.602149 0.708245 0.575759 8 0.0
0.558091 0.719771 0.577351 8 0.0
0.603514 0.710384 0.598055 8 0.0
0.646206 0.696718 0.574168 8 0.0
0.600784 0.706105 0.553463 8 0.0
0.7442 0.78043 0.35573 9 0.0
0.687013 0.811146 0.356405 9 0.0
0.754591 0.799764 0.356306 9 0.0
0.801388 0.749715 0.355055 9 0.0
0.733809 0.761097 0.355154 9 0.0
0.076405 0.748937 0.358907 9 0.999631
0.08129 0.754463 0.358919 9 0.999631
0.07845 0.747125 0.361181 9 0.999631
0.07152 0.743412 0.358895 9 0.999631
0.07436 0.75075 0.356634 9 0.999631
0.358304 0.314172 0.624799 8 0.0
0.325529 0.135399 0.360461 9 0.0
0.331457 0.355079 0.39468 8 0.0
0.301 0.185483 0.36021 9 0.0
0.665849 0.167301 0.358575 9 0.0
0.651128 0.182567 0.359307 9 0.0
0.632638 0.693426 0.356424 10 0.177628
0.272228 0.785234 0.358895 9 0.0
0.261821 0.804785 0.359724 9 0.0
0.210602 0.752344 0.360887 9 0.0
0.282636 0.765684 0.358066 9 0.0
0.333854 0.818125 0.356903 9 0.0
0.393974 0.931995 0.367456 4 0.000331
0.713323 0.609655 0.354374 10 0.998193
0.444402 0.236777 0.357653 10 0.0
0.277178 0.45877 0.487668 8 0.0
0.266687 0.496178 0.490395 8 0.0
0.2787 0.456263 0.52791 8 0.0
0.287669 0.421362 0.484941 8 0.0
0.275657 0.461277 0.447426 8 0.0
0.368518 0.677753 0.572049 8 0.0
0.396038 0.699921 0.573415 8 0.0
0.36612 0.6793 0.595261 8 0.0
0.340998 0.655584 0.570683 8 0.0
0.370917 0.676205 0.548838 8 0.0
0.242902 0.365415 0.362947 9 0.0
0.225589 0.355635 0.363201 9 0.0
0.210514 0.422735 0.362443 9 0.0
0.260214 0.375195 0.362693 9 0.0
0.27529 0.308095 0.363451 9 0.0
0.450366 0.274265 0.479832 8 0.0
0.474444 0.268024 0.48793 8 0.0
0.438237 0.279062 0.519597 8 0.0
0.426289 0.280507 0.471735 8 0.0
0.462496 0.269469 0.440067 8 0.0
0.276687 0.479707 0.515274 8 0.0
0.274001 0.517468 0.519507 8 0.0
0.276142 0.475293 0.554301 8 0.0
0.279373 0.441945 0.511041 8 0.0
0.277232 0.48412 0.476246 8 0.0
0.70466 0.419942 0.561422 8 0.0
0.720964 0.456966 0.564658 8 0.0
0.706084 0.417114 0.586606 8 0.0
0.688356 0.382919 0.558186 8 0.0
0.703237 0.42277 0.536238 8 0.0
0.280905 0.123889 0.394752 12 1e-06
0.625732 0.911214 0.361168 6 0.021089
0.475171 0.037108 0.36052 9 6e-05
0.457391 0.044657 0.359539 9 6e-05
0.477896 0.043634 0.361347 9 6e-05
0.492951 0.029559 0.361502 9 6e-05
0.472446 0.030583 0.359694 9 6e-05
0.432693 0.802922 0.353201 10 1.0
0.36977 0.206529 0.359328 9 0.0
0.344338 0.327162 0.643839 7 2.7e-05
0.276566 0.436191 0.634286 8 0.096012
0.266484 0.863925 0.377232 4 4.4e-05
0.288611 0.416012 0.450568 8 0.0
0.279758 0.439992 0.451457 8 0.0
0.290998 0.415733 0.48186 8 0.0
0.297464 0.392032 0.449679 8 0.0
0.286224 0.416291 0.419276 8 0.0
0.310814 0.763493 0.357256 9 0.0
0.291458 0.785143 0.357804 9 0.0
0.239196 0.699472 0.356926 9 0.0
0.330169 0.741844 0.356707 9 0.0
0.382431 0.827515 0.357585 9 0.0
0.590838 0.284852 0.358438 8 0.997373
0.701669 0.723983 0.356714 9 0.0
0.242314 0.497699 0.556063 8 0.0
0.239424 0.534193 0.566201 8 0.0
0.239078 0.490491 0.581089 8 0.0
0.245204 0.461206 0.545925 8 0.0
0.245549 0.504908 0.531036 8 0.0
0.284567 0.810528 0.358619 9 0.0
0.655818 0.682897 0.358237 10 0.848478
0.315751 0.619257 0.523368 8 0.0
0.331434 0.64192 0.521057 8 0.0
0.315869 0.622789 0.558804 8 0.0
0.300068 0.596594 0.52568 8 0.0
0.315633 0.615725 0.487933 8 0.0
0.527852 0.27548 0.494183 8 0.0
0.553094 0.28085 0.501723 8 0.0
0.515216 0.274926 0.536882 8 0.0
0.50261 0.270111 0.486643 8 0.0
0.540488 0.276035 0.451484 8 0.0
0.310888 0.631365 0.634472 8 2e-06
0.09292 0.417068 0.496984 11 0.0
0.093064 0.431832 0.462297 11 0.0
0.092011 0.469697 0.519382 11 0.0
0.092775 0.402303 0.531671 11 0.0
0.093828 0.364438 0.474585 11 0.0
0.114003 0.22711 0.591887 12 0.073805
0.533125 0.030261 0.358143 9 0.982493
0.103368 0.247479 0.360677 9 0.211591
0.099826 0.243239 0.359561 9 0.211591
0.08977 0.258484 0.362022 9 0.211591
0.10691 0.251719 0.361794 9 0.211591
0.116966 0.236475 0.359333 9 0.211591
0.538601 0.02788 0.578089 1 0.0
0.929847 0.583951 0.489837 2 0.0
0.929816 0.632439 0.507554 2 0.0
0.930701 0.571021 0.525223 2 0.0
0.929878 0.535463 0.472119 2 0.0
0.928993 0.59688 0.45445 2 0.0
0.070428 0.372799 0.583785 11 0.0
0.070335 0.411911 0.596825 11 0.0
0.069843 0.368325 0.5972 11 0.0
0.070521 0.333688 0.570746 11 0.0
0.071013 0.377273 0.570371 11 0.0
0.093508 0.389608 0.589309 11 2e-06
0.933376 0.423544 0.443033 2 0.0
0.934077 0.420834 0.468281 2 0.0
0.932646 0.371291 0.437445 2 0.0
0.932675 0.426253 0.417785 2 0.0
0.934106 0.475796 0.44862 2 0.0
0.369075 0.307656 0.640636 8 0.999927
0.589675 0.054066 0.491731 1 0.0
0.617525 0.068373 0.482183 1 0.0
0.600032 0.060624 0.531764 1 0.0
0.561826 0.039759 0.50128 1 0.0
0.579319 0.047509 0.451699 1 0.0
0.506367 0.991671 0.466407 6 0.017421
0.91153 0.321831 0.359036 9 0.02005
0.875706 0.781741 0.420404 6 0.0
0.857614 0.793252 0.426963 6 0.0
0.880784 0.778462 0.440168 6 0.0
0.893798 0.770231 0.413846 6 0.0
0.870628 0.785021 0.400641 6 0.0
0.783938 0.834989 0.491099 6 0.0
0.737662 0.862658 0.483236 6 0.0
0.778806 0.838018 0.531958 6 0.0
0.830214 0.80732 0.498963 6 0.0
0.78907 0.83196 0.45024 6 0.0
0.898999 0.234231 0.370252 1 0.124666
0.084043 0.390454 0.484717 11 0.0
0.085396 0.432959 0.508737 11 0.0
0.084146 0.372652 0.516212 11 0.0
0.08269 0.347948 0.460697 11 0.0
0.08394 0.408255 0.453222 11 0.0
0.072814 0.30508 0.486802 11 0.0
0.07367 0.322731 0.485795 11 0.0
0.074905 0.307195 0.52565 11 0.0
0.071959 0.287429 0.487809 11 0.0
0.070724 0.302965 0.447955 11 0.0
0.627479 0.07695 0.508535 1 0.0
0.644232 0.085388 0.475841 1 0.0
0.666273 0.097867 0.533812 1 0.0
0.610725 0.068513 0.541229 1 0.0
0.588684 0.056033 0.483258 1 0.0
0.430792 0.953141 0.55048 4 0.0
0.442275 0.959149 0.564108 4 0.0
0.409909 0.940434 0.573677 4 0.0
0.419309 0.947133 0.536851 4 0.0
0.451675 0.965847 0.527282 4 0.0
0.083887 0.755341 0.378931 4 0.000113
0.089604 0.759445 0.376994 4 0.000113
0.085905 0.756248 0.386807 4 0.000113
0.078171 0.751237 0.380869 4 0.000113
0.081869 0.754434 0.371056 4 0.000113
0.069947 0.691427 0.504077 11 0.0
0.070229 0.710993 0.505139 11 0.0
0.069418 0.689713 0.535785 11 0.0
0.069665 0.671862 0.503014 11 0.0
0.070477 0.693142 0.472369 11 0.0
0.069211 0.635292 0.54298 11 0.0
0.069528 0.648333 0.564261 11 0.0
0.068982 0.601412 0.563745 11 0.0
0.068894 0.62225 0.521699 11 0.0
0.069441 0.669171 0.522215 11 0.0
0.072766 0.381957 0.521586 11 0.0
0.072999 0.424263 0.524315 11 0.0
0.072123 0.379849 0.554324 11 0.0
0.072533 0.339652 0.518857 11 0.0
0.073409 0.384066 0.488847 11 0.0
0.929086 0.625642 0.570721 2 0.0
0.929028 0.631492 0.588343 2 0.0
0.92858 0.587475 0.583391 2 0.0
0.929145 0.619792 0.5531 2 0.0
0.929593 0.663809 0.558052 2 0.0
0.070583 0.444729 0.402003 11 0.0
0.929424 0.268297 0.403065 2 0.0
0.929381 0.275024 0.40257 2 0.0
0.929972 0.269459 0.418832 2 0.0
0.929466 0.26157 0.403559 2 0.0
0.928875 0.267135 0.387297 2 0.0
0.708001 0.600588 0.465998 8 0.0
0.697488 0.623268 0.460246 8 0.0
0.701801 0.606921 0.502297 8 0.0
0.718514 0.577909 0.471751 8 0.0
0.714202 0.594256 0.4297 8 0.0
0.090695 0.503034 0.358408 9 1.6e-05
0.071228 0.432144 0.55817 11 0.0
0.071128 0.490059 0.567781 11 0.0
0.070751 0.427937 0.583514 11 0.0
0.071327 0.374228 0.54856 11 0.0
0.071704 0.43635 0.532826 11 0.0
0.818376 0.658796 0.642423 7 0.0
0.791564 0.713406 0.642645 7 0.0
0.797049 0.648324 0.642564 7 0.0
0.845189 0.604186 0.642201 7 0.0
0.839703 0.669267 0.642282 7 0.0
0.171414 0.190486 0.441447 12 0.0
0.138569 0.212048 0.437831 12 0.0
0.168834 0.191229 0.469326 12 0.0
0.20426 0.168923 0.445062 12 0.0
0.173995 0.189742 0.413568 12 0.0
0.412188 0.772446 0.355982 9 0.0
0.45513 0.174527 0.640959 7 0.0
0.46039 0.204789 0.641208 7 0.0
0.382033 0.18722 0.642706 7 0.0
0.449869 0.144265 0.640711 7 0.0
0.528227 0.161834 0.639212 7 0.0
0.924305 0.74139 0.436322 9 0.001615
0.141265 0.789479 0.402977 4 0.0
0.164914 0.803778 0.408427 4 0.0
0.139101 0.787643 0.417183 4 0.0
0.117617 0.775181 0.397527 4 0.0
0.143429 0.791315 0.388772 4 0.0
0.422778 0.045603 0.550342 12 0.0
0.397671 0.058623 0.567917 12 0.0
0.431825 0.041539 0.566275 12 0.0
0.447886 0.032583 0.532767 12 0.0
0.413732 0.049667 0.534409 12 0.0
0.466687 0.973174 0.469728 4 0.0
0.480313 0.980627 0.471329 4 0.0
0.462808 0.972423 0.50625 4 0.0
0.453061 0.965721 0.468127 4 0.0
0.470566 0.973926 0.433206 4 0.0
0.930852 0.249279 0.363913 2 1.0
0.923489 0.253063 0.493975 3 0.107212
0.182631 0.235917 0.359895 9 0.0
0.14615 0.261909 0.360881 9 0.0
0.172763 0.222009 0.361432 9 0.0
0.219112 0.209926 0.358909 9 0.0
0.192499 0.249826 0.358358 9 0.0
0.072048 0.682193 0.464164 11 0.0
0.072493 0.705067 0.469099 11 0.0
0.070774 0.674957 0.497817 11 0.0
0.071602 0.659319 0.459229 11 0.0
0.073322 0.689429 0.43051 11 0.0
0.070883 0.707138 0.391729 11 0.0
0.070668 0.722684 0.386816 11 0.0
0.071572 0.710631 0.402753 11 0.0
0.071098 0.691592 0.396643 11 0.0
0.070194 0.703645 0.380706 11 0.0
0.93002 0.598454 0.557367 2 0.0
0.929452 0.64498 0.543821 2 0.0
0.930149 0.604896 0.579486 2 0.0
0.930587 0.551929 0.570913 2 0.0
0.929891 0.592013 0.535249 2 0.0
0.244496 0.845724 0.548588 4 0.0
0.299422 0.877232 0.557011 4 0.0
0.240777 0.844453 0.577597 4 0.0
0.189571 0.814217 0.540164 4 0.0
0.248216 0.846996 0.519578 4 0.0
0.192793 0.380743 0.638318 7 0.0
0.168081 0.450856 0.639718 7 0.0
0.163337 0.370352 0.63876 7 0.0
0.217505 0.31063 0.636918 7 0.0
0.222249 0.391134 0.637876 7 0.0
0.302987 0.823736 0.640681 7 0.0
0.581802 0.053904 0.592885 1 0.0
0.931033 0.371917 0.387146 2 0.003451
0.909225 0.759505 0.530416 6 0.0
0.900903 0.763784 0.531014 6 0.0
0.910421 0.759069 0.550165 6 0.0
0.917547 0.755226 0.529818 6 0.0
0.90803 0.759941 0.510667 6 0.0
0.463585 0.941706 0.625209 5 1.8e-05
0.790749 0.829517 0.563482 6 0.0
0.746262 0.855711 0.576393 6 0.0
0.795489 0.826858 0.585208 6 0.0
0.835237 0.803323 0.55057 6 0.0
0.786009 0.832176 0.541756 6 0.0
0.930619 0.633504 0.476502 2 0.0
0.930185 0.669245 0.478841 2 0.0
0.93126 0.631109 0.513229 2 0.0
0.931053 0.597763 0.474164 2 0.0
0.929978 0.6359 0.439776 2 0.0
0.070191 0.621385 0.594897 11 0.0
0.597302 0.058828 0.525361 1 0.0
0.625239 0.074487 0.546957 1 0.0
0.581627 0.05197 0.55061 1 0.0
0.569365 0.043169 0.503764 1 0.0
0.612976 0.065685 0.500112 1 0.0
0.729216 0.461726 0.363876 10 0.854743
0.132672 0.218431 0.367799 12 0.279455
0.933158 0.750243 0.4338 2 0.999999
0.06908 0.357241 0.57421 11 0.0
0.069691 0.391693 0.589226 11 0.0
0.06873 0.350743 0.589131 11 0.0
0.068469 0.322789 0.559193 11 0.0
0.06943 0.363738 0.559288 11 0.0
0.686579 0.380244 0.486353 8 0.0
0.704948 0.407381 0.484773 8 0.0
0.685184 0.383279 0.522266 8 0.0
0.668211 0.353107 0.487933 8 0.0
0.687974 0.377209 0.450441 8 0.0
0.071174 0.37424 0.611334 11 0.36227
0.928168 0.347236 0.607948 2 0.0
0.575134 0.72025 0.375603 8 0.0
0.793382 0.170315 0.4068 1 0.0
0.201066 0.173782 0.378913 12 0.036354
0.267252 0.462354 0.362578 10 0.004246
0.929199 0.425136 0.631044 2 0.429234
0.470945 0.759296 0.642322 7 0.0
0.735734 0.858352 0.584229 6 0.0
0.735238 0.856712 0.603211 6 0.0
0.789243 0.826307 0.582859 6 0.0
0.73623 0.859991 0.565246 6 0.0
0.682224 0.890396 0.585598 6 0.0
0.32141 0.103712 0.592798 12 0.0
0.322086 0.64603 0.356008 10 1.0
0.079391 0.48802 0.637539 7 0.999994
0.069327 0.519589 0.378507 11 6e-06
0.87303 0.393144 0.640785 7 0.0
0.07123 0.512308 0.364181 11 0.613639
0.72763 0.502389 0.432132 8 0.0
0.728987 0.530024 0.429454 8 0.0
0.724425 0.505091 0.458393 8 0.0
0.726273 0.474753 0.43481 8 0.0
0.730835 0.499686 0.405871 8 0.0
0.911741 0.262546 0.529921 2 0.875362
0.594495 0.060955 0.35945 9 0.998351
0.457989 0.967691 0.544205 4 0.0
0.467992 0.972542 0.552882 4 0.0
0.442252 0.960655 0.566279 4 0.0
0.447986 0.96284 0.535527 4 0.0
0.473727 0.974727 0.52213 4 0.0
0.499266 0.007622 0.383168 1 0.992583
0.498999 0.01079 0.38339 1 0.992583
0.499636 0.00692 0.393632 1 0.992583
0.499534 0.004453 0.382946 1 0.992583
0.498896 0.008323 0.372705 1 0.992583
0.074454 0.249761 0.574436 12 0.987883
0.070913 0.251806 0.571295 12 0.987883
0.072502 0.24943 0.576422 12 0.987883
0.077995 0.247716 0.577576 12 0.987883
0.076407 0.250092 0.572449 12 0.987883
0.927955 0.256038 0.417873 2 0.0
0.548343 0.969325 0.480494 6 0.0
0.531956 0.978367 0.481084 6 0.0
0.54916 0.968217 0.520125 6 0.0
0.564731 0.960284 0.479903 6 0.0
0.547527 0.970433 0.440862 6 0.0
0.931263 0.500092 0.416634 2 0.0
0.070641 0.745941 0.51257 11 0.878408
0.500663 0.999451 0.407751 4 0.999973
0.923997 0.750493 0.441214 6 0.0
0.932525 0.745905 0.446344 2 0.999777
0.877743 0.77691 0.596516 6 0.0
0.930462 0.631303 0.519812 2 0.0
0.930395 0.668159 0.519164 2 0.0
0.930473 0.631852 0.551049 2 0.0
0.930528 0.594447 0.52046 2 0.0
0.93045 0.630754 0.488574 2 0.0
0.658734 0.909642 0.400481 6 0.0
0.735378 0.859243 0.597617 6 0.0
0.217208 0.637698 0.621848 7 0.0
0.245855 0.697761 0.622859 7 0.0
0.195254 0.64819 0.620585 7 0.0
0.188561 0.577634 0.620837 7 0.0
0.239163 0.627205 0.623111 7 0.0
0.520033 0.271141 0.361847 8 0.999984
0.293682 0.397166 0.603429 8 0.0
0.276925 0.433081 0.602376 8 0.0
0.293515 0.397478 0.616727 8 0.0
0.310439 0.361251 0.604483 8 0.0
0.293849 0.396854 0.590132 8 0.0
0.22114 0.682721 0.35651 9 0.0
0.194093 0.70113 0.3569 9 0.0
0.182299 0.625657 0.356419 9 0.0
0.248187 0.664312 0.35612 9 0.0
0.259982 0.739786 0.356601 9 0.0
0.241105 0.255998 0.639758 7 0.0
0.196269 0.301986 0.639137 7 0.0
0.224418 0.239738 0.640446 7 0.0
0.28594 0.210009 0.64038 7 0.0
0.257791 0.272257 0.63907 7 0.0
0.713878 0.808395 0.357873 9 0.0
0.850698 0.534582 0.642209 7 0.0
0.844376 0.597429 0.641746 7 0.0
0.875073 0.537036 0.642428 7 0.0
0.857021 0.471735 0.642672 7 0.0
0.826324 0.532128 0.64199 7 0.0
0.27167 0.132582 0.5466 12 0.0
0.211021 0.166214 0.544225 12 0.0
0.271258 0.13396 0.57662 12 0.0
0.332319 0.09895 0.548974 12 0.0
0.272081 0.131205 0.51658 12 0.0
0.300736 0.587733 0.44392 8 0.0
0.304632 0.588798 0.471776 8 0.0
0.288153 0.558387 0.446801 8 0.0
0.29684 0.586669 0.416064 8 0.0
0.313319 0.617079 0.441039 8 0.0
0.306172 0.358328 0.362596 8 7.9e-05
0.413738 0.712892 0.360267 10 0.999564
0.808361 0.819346 0.546726 6 0.0
0.770477 0.84242 0.561195 6 0.0
0.81501 0.814375 0.572063 6 0.0
0.846244 0.796272 0.532257 6 0.0
0.801711 0.824317 0.52139 6 0.0
0.070199 0.508829 0.635734 11 0.999934
0.520585 0.984079 0.365977 6 0.222516
0.510426 0.988752 0.366687 6 0.222516
0.520773 0.983905 0.369812 6 0.222516
0.530745 0.979407 0.365268 6 0.222516
0.520398 0.984254 0.362143 6 0.222516
0.482247 0.726542 0.391032 8 0.0
0.453732 0.721134 0.394658 8 0.0
0.484268 0.724278 0.403551 8 0.0
0.510762 0.731949 0.387406 8 0.0
0.480226 0.728805 0.378512 8 0.0
0.930486 0.407284 0.573876 2 0.0
0.930497 0.456315 0.584958 2 0.0
0.93072 0.403117 0.592314 2 0.0
0.930474 0.358253 0.562794 2 0.0
0.930251 0.411452 0.555438 2 0.0
0.593061 0.941935 0.58703 6 0.0
0.125249 0.220316 0.53347 12 0.0
0.111086 0.229045 0.543573 12 0.0
0.137218 0.212585 0.556929 12 0.0
0.139412 0.211587 0.523367 12 0.0
0.11328 0.228048 0.510011 12 0.0
0.905321 0.322074 0.627448 3 0.001064
0.279674 0.483467 0.467378 8 0.0
0.281619 0.486219 0.501902 8 0.0
0.282491 0.448018 0.470044 8 0.0
0.277729 0.480715 0.432853 8 0.0
0.276857 0.518915 0.464711 8 0.0
0.678439 0.353584 0.363632 8 0.897673
0.120456 0.512587 0.638697 7 0.0
0.676954 0.100871 0.469844 1 0.0
0.729891 0.1314 0.463944 1 0.0
0.679771 0.102552 0.503813 1 0.0
0.624017 0.070342 0.475744 1 0.0
0.674137 0.099191 0.435876 1 0.0
0.315602 0.635812 0.626467 8 0.0
0.67022 0.36208 0.597618 8 0.0
0.727928 0.504745 0.612985 8 0.189375
0.903914 0.472578 0.358683 9 2.9e-05
0.340622 0.338303 0.512701 8 0.0
0.33424 0.348464 0.473939 8 0.0
0.316145 0.369762 0.524977 8 0.0
0.347004 0.328143 0.551463 8 0.0
0.365099 0.306845 0.500425 8 0.0
0.349572 0.906591 0.566657 4 0.0
0.352271 0.909788 0.5887 4 0.0
0.301092 0.878154 0.576718 4 0.0
0.346873 0.903394 0.544614 4 0.0
0.398052 0.935028 0.556596 4 0.0
0.845849 0.20641 0.596327 1 0.0
0.870351 0.467513 0.419532 9 2e-06
0.868842 0.527336 0.415761 9 2e-06
0.856017 0.468351 0.438568 9 2e-06
0.871861 0.407689 0.423303 9 2e-06
0.884686 0.466674 0.400496 9 2e-06
0.072178 0.580628 0.495232 11 0.0
0.072681 0.632249 0.498307 11 0.0
0.071658 0.578077 0.538135 11 0.0
0.071675 0.529008 0.492156 11 0.0
0.072698 0.583179 0.452328 11 0.0
0.509857 0.989321 0.371237 6 0.026981
0.504316 0.992432 0.370105 6 0.026981
0.508962 0.989729 0.376736 6 0.026981
0.515397 0.98621 0.372369 6 0.026981
0.510751 0.988913 0.365738 6 0.026981
0.927756 0.704097 0.481333 2 0.0
0.927268 0.717874 0.4843 2 0.0
0.928999 0.695734 0.520367 2 0.0
0.928245 0.69032 0.478365 2 0.0
0.926514 0.71246 0.442299 2 0.0
0.930393 0.541614 0.558717 2 0.0
0.930991 0.603344 0.553284 2 0.0
0.930363 0.543865 0.584287 2 0.0
0.929795 0.479884 0.56415 2 0.0
0.930423 0.539363 0.533147 2 0.0
0.070628 0.457819 0.562524 11 0.0
0.070633 0.52198 0.569743 11 0.0
0.070249 0.455005 0.587533 11 0.0
0.070624 0.393657 0.555305 11 0.0
0.071008 0.460632 0.537515 11 0.0
0.351388 0.084758 0.560386 12 0.0
0.304357 0.111075 0.572357 12 0.0
0.356294 0.082906 0.583732 12 0.0
0.398419 0.058441 0.548415 12 0.0
0.346482 0.08661 0.53704 12 0.0
0.088478 0.647558 0.385052 11 2.7e-05
0.091545 0.668135 0.387543 11 2.7e-05
0.097151 0.645083 0.394811 11 2.7e-05
0.085411 0.626981 0.38256 11 2.7e-05
0.079804 0.650032 0.375292 11 2.7e-05
0.590412 0.931984 0.360139 9 0.006974
0.615426 0.067162 0.359284 1 0.999989
0.766303 0.845646 0.512564 6 0.0
0.719242 0.87249 0.524918 6 0.0
0.77294 0.839507 0.551188 6 0.0
0.813363 0.818803 0.500211 6 0.0
0.759666 0.851786 0.47394 6 0.0
0.684891 0.857522 0.393584 9 3e-06
0.668838 0.831478 0.356206 9 0.0
0.643341 0.682107 0.366316 8 4e-06
0.400416 0.276176 0.414326 8 0.0
0.380136 0.287649 0.411067 8 0.0
0.396072 0.273701 0.432646 8 0.0
0.420695 0.264702 0.417584 8 0.0
0.40476 0.278651 0.396005 8 0.0
0.645223 0.30915 0.375342 10 0.850093
0.832475 0.491443 0.640998 7 0.0
0.833382 0.5595 0.640306 7 0.0
0.862667 0.491036 0.640544 7 0.0
0.831569 0.423385 0.641691 7 0.0
0.802284 0.491849 0.641453 7 0.0
0.281918 0.413384 0.36643 10 0.999686
0.275644 0.423639 0.366525 10 0.999686
0.283833 0.41452 0.370268 10 0.999686
0.288193 0.403129 0.366336 10 0.999686
0.280004 0.412249 0.362592 10 0.999686
0.647945 0.911421 0.374996 6 0.122109
0.656838 0.089045 0.398043 1 0.0
0.701949 0.608816 0.598169 7 0.0
0.701273 0.608673 0.584054 7 0.0
0.676169 0.645914 0.599027 7 0.0
0.702625 0.608959 0.612284 7 0.0
0.727729 0.571718 0.597312 7 0.0
0.278688 0.447906 0.588588 8 0.0
0.270768 0.47992 0.590322 8 0.0
0.278049 0.446793 0.606207 8 0.0
0.286609 0.415891 0.586855 8 0.0
0.279328 0.449018 0.57097 8 0.0
0.594769 0.286628 0.358373 8 0.997253
0.331839 0.901315 0.371762 4 0.159531
0.278024 0.558637 0.623357 8 0.0
0.272344 0.456028 0.630507 8 0.0
0.764241 0.395042 0.605947 8 0.0
0.47007 0.937162 0.358036 9 0.0
0.49599 0.947363 0.358463 9 0.0
0.474884 0.924918 0.358312 9 0.0
0.44415 0.926961 0.357608 9 0.0
0.465256 0.949406 0.35776 9 0.0
0.32256 0.894132 0.37242 4 3e-06
0.440799 0.744101 0.361971 9 0.0
0.707677 0.699652 0.356377 9 0.0
0.324497 0.638793 0.581539 8 0.0
0.34363 0.664841 0.58801 8 0.0
0.320593 0.636849 0.60091 8 0.0
0.305364 0.612745 0.575068 8 0.0
0.328401 0.640737 0.562168 8 0.0
0.604233 0.203923 0.359085 9 0.0
0.264579 0.65019 0.442092 8 0.0
0.287191 0.691897 0.441997 8 0.0
0.255756 0.655038 0.470185 8 0.0
0.241967 0.608483 0.442188 8 0.0
0.273403 0.645342 0.413999 8 0.0
0.330659 0.341722 0.636851 8 0.661628
0.385277 0.701706 0.352704 10 1.0
0.359405 0.327176 0.396459 8 0.0
0.330157 0.350483 0.395389 8 0.0
0.360094 0.328627 0.409239 8 0.0
0.388653 0.30387 0.397529 8 0.0
0.358717 0.325726 0.383679 8 0.0
0.714429 0.57526 0.493803 8 0.0
0.706236 0.603283 0.489882 8 0.0
0.711258 0.580433 0.537397 8 0.0
0.722622 0.547237 0.497725 8 0.0
0.7176 0.570087 0.45021 8 0.0
0.477266 0.267593 0.353547 10 0.950567
0.330221 0.295024 0.35756 8 0.0
0.370337 0.293518 0.358062 10 0.999736
0.288053 0.418461 0.481439 8 0.0
0.270994 0.451055 0.484772 8 0.0
0.290297 0.415725 0.519682 8 0.0
0.305112 0.385868 0.478106 8 0.0
0.285809 0.421197 0.443197 8 0.0
0.275592 0.505783 0.549695 8 0.0
0.275753 0.541014 0.552762 8 0.0
0.273931 0.503222 0.579203 8 0.0
0.27543 0.470552 0.546628 8 0.0
0.277252 0.508344 0.520187 8 0.0
0.689594 0.78444 0.355732 9 0.0
0.616117 0.199826 0.643259 7 0.0
0.691669 0.229117 0.643379 7 0.0
0.626674 0.172596 0.642999 7 0.0
0.540564 0.170534 0.643139 7 0.0
0.605559 0.227056 0.643519 7 0.0
0.692056 0.6426 0.357974 8 0.997399
0.135415 0.36138 0.358355 9 0.0
0.133522 0.409861 0.358331 9 0.0
0.157523 0.362244 0.358876 9 0.0
0.137309 0.312899 0.358378 9 0.0
0.113308 0.360517 0.357834 9 0.0
0.62845 0.828834 0.578795 6 4.6e-05
0.595419 0.858639 0.572312 6 4.6e-05
0.643869 0.843125 0.565933 6 4.6e-05
0.661481 0.799029 0.585278 6 4.6e-05
0.613031 0.814544 0.591657 6 4.6e-05
0.356996 0.318544 0.369463 10 0.000284
0.729536 0.488247 0.393551 8 0.0
0.732686 0.519185 0.395019 8 0.0
0.727785 0.48777 0.40736 8 0.0
0.726386 0.457308 0.392084 8 0.0
0.731288 0.488723 0.379743 8 0.0
0.378252 0.723467 0.637974 7 0.0
0.477399 0.192275 0.359044 9 0.0
0.601074 0.291275 0.369951 8 0.0
0.747679 0.521917 0.475407 8 0.0
0.747885 0.552505 0.471564 8 0.0
0.745176 0.526874 0.514726 8 0.0
0.747473 0.491329 0.47925 8 0.0
0.750182 0.51696 0.436089 8 0.0
0.280668 0.581316 0.356856 10 0.996015
0.276033 0.478717 0.486339 8 0.0
0.272456 0.510417 0.488643 8 0.0
0.277178 0.475905 0.526816 8 0.0
0.27961 0.447018 0.484036 8 0.0
0.274888 0.48153 0.445862 8 0.0
0.692305 0.670677 0.356903 9 0.0
0.678858 0.674057 0.643795 7 0.0
0.726105 0.474028 0.601582 8 0.0
0.272038 0.517365 0.601964 8 0.0
0.273222 0.547651 0.600992 8 0.0
0.271577 0.51782 0.615597 8 0.0
0.270853 0.487079 0.602936 8 0.0
0.272499 0.516909 0.588331 8 0.0
0.733963 0.474379 0.356822 8 0.482446
0.27838 0.386596 0.356561 8 0.0
0.098692 0.571668 0.358822 9 0.0
0.079798 0.248914 0.496638 12 0.0
0.91325 0.281296 0.532768 2 0.0
0.912018 0.291466 0.529941 2 0.0
0.908614 0.286058 0.551925 2 0.0
0.914483 0.271126 0.535594 2 0.0
0.917887 0.276534 0.513611 2 0.0
0.628903 0.924322 0.503188 6 0.0
0.594165 0.944253 0.470988 6 0.0
0.607032 0.935316 0.533588 6 0.0
0.663641 0.904392 0.535388 6 0.0
0.650774 0.913328 0.472788 6 0.0
0.930384 0.555004 0.39843 2 0.0
0.516857 0.015073 0.57396 1 0.017716
0.524669 0.018952 0.578219 1 0.017716
0.515528 0.012623 0.578628 1 0.017716
0.509046 0.011194 0.5697 1 0.017716
0.518186 0.017523 0.569292 1 0.017716
0.070954 0.37959 0.603191 11 0.0
0.389052 0.061004 0.461048 12 0.0
0.354662 0.078904 0.477129 12 0.0
0.399857 0.055522 0.490258 12 0.0
0.423441 0.043105 0.444967 12 0.0
0.378246 0.066487 0.431838 12 0.0
0.500777 0.997623 0.416498 9 0.995862
0.780375 0.83557 0.486671 6 0.0
0.739467 0.860759 0.496134 6 0.0
0.785634 0.830794 0.52212 6 0.0
0.821282 0.81038 0.477207 6 0.0
0.775115 0.840345 0.451221 6 0.0
0.0708 0.28558 0.555714 11 0.000525
0.070165 0.295705 0.567429 11 0.000525
0.06958 0.277119 0.562961 11 0.000525
0.071434 0.275455 0.543999 11 0.000525
0.072019 0.294041 0.548467 11 0.000525
0.071717 0.511248 0.557711 11 0.0
0.072049 0.511104 0.584614 11 0.0
0.071643 0.440452 0.557334 11 0.0
0.071384 0.511391 0.530807 11 0.0
0.071791 0.582043 0.558087 11 0.0
0.904572 0.723316 0.391915 2 1e-06
0.904525 0.737193 0.390223 2 1e-06
0.895788 0.724596 0.402659 2 1e-06
0.904619 0.709439 0.393607 2 1e-06
0.913357 0.722036 0.381171 2 1e-06
0.881589 0.231998 0.359675 9 0.149983
0.10831 0.769249 0.435387 4 0.0
0.122079 0.777196 0.435214 4 0.0
0.108615 0.769268 0.460523 4 0.0
0.094541 0.761303 0.43556 4 0.0
0.108005 0.769231 0.410252 4 0.0
0.4219 0.947849 0.492907 4 0.0
0.445534 0.960613 0.503424 4 0.0
0.40789 0.939948 0.533981 4 0.0
0.398266 0.935086 0.482391 4 0.0
0.43591 0.955751 0.451834 4 0.0
0.791227 0.829311 0.520834 6 0.0
0.748048 0.855016 0.539394 6 0.0
0.801471 0.822537 0.554048 6 0.0
0.834407 0.803606 0.502275 6 0.0
0.780984 0.836085 0.48762 6 0.0
0.071847 0.391999 0.492476 11 0.0
0.071457 0.436243 0.486623 11 0.0
0.071213 0.397514 0.534206 11 0.0
0.072237 0.347756 0.498329 11 0.0
0.07248 0.386484 0.450746 11 0.0
0.895721 0.330169 0.547128 2 0.0
0.896807 0.335619 0.560865 2 0.0
0.889105 0.30203 0.558815 2 0.0
0.894635 0.324718 0.53339 2 0.0
0.902338 0.358308 0.53544 2 0.0
0.930477 0.609466 0.491318 2 0.0
0.930257 0.652033 0.498342 2 0.0
0.931152 0.602793 0.531774 2 0.0
0.930697 0.566898 0.484293 2 0.0
0.929802 0.616138 0.450862 2 0.0
0.098688 0.765612 0.381059 4 0.012506
0.109397 0.771881 0.382662 4 0.012506
0.09787 0.764825 0.389603 4 0.012506
0.087978 0.759344 0.379456 4 0.012506
0.099505 0.7664 0.372515 4 0.012506
0.072293 0.693535 0.483021 11 0.0
0.073112 0.71324 0.484686 11 0.0
0.071869 0.690237 0.522262 11 0.0
0.071474 0.67383 0.481356 11 0.0
0.072718 0.696834 0.44378 11 0.0
0.069941 0.617853 0.556022 11 0.0
0.069667 0.626299 0.577887 11 0.0
0.07019 0.57848 0.571235 11 0.0
0.070214 0.609406 0.534158 11 0.0
0.069691 0.657225 0.54081 11 0.0
0.07217 0.432329 0.369816 11 0.000504
0.346699 0.653858 0.444339 8 0.0
0.368623 0.674297 0.451255 8 0.0
0.344739 0.646816 0.471366 8 0.0
0.324775 0.63342 0.437424 8 0.0
0.348658 0.660901 0.417313 8 0.0
0.064744 0.291509 0.387209 11 1.0
0.398929 0.935338 0.593422 4 0.0
0.928865 0.297627 0.469194 2 0.0
0.929695 0.313886 0.469247 2 0.0
0.927912 0.297558 0.504796 2 0.0
0.928035 0.281368 0.46914 2 0.0
0.929819 0.297696 0.433591 2 0.0
0.928602 0.379217 0.373109 2 0.029053
0.930853 0.545276 0.412455 2 0.0
0.072654 0.425139 0.52945 11 0.0
0.073097 0.479995 0.537274 11 0.0
0.072925 0.420262 0.563627 11 0.0
0.072211 0.370283 0.521626 11 0.0
0.072383 0.430016 0.495274 11 0.0
0.104295 0.625642 0.573984 11 0.0
0.103254 0.629082 0.587701 11 0.0
0.102653 0.588335 0.583215 11 0.0
0.105337 0.622202 0.560267 11 0.0
0.105938 0.662948 0.564753 11 0.0
0.110437 0.770682 0.479213 4 0.0
0.124519 0.778787 0.479528 4 0.0
0.109675 0.770563 0.516269 4 0.0
0.096354 0.762576 0.478897 4 0.0
0.111198 0.770801 0.442156 4 0.0
0.423517 0.949935 0.449154 4 0.0
0.450892 0.964749 0.45128 4 0.0
0.421652 0.949103 0.478972 4 0.0
0.396141 0.93512 0.447029 4 0.0
0.425381 0.950767 0.419336 4 0.0
0.89322 0.231105 0.384472 1 0.0
0.906709 0.240489 0.38341 1 0.0
0.893801 0.23137 0.394198 1 0.0
0.87973 0.221721 0.385534 1 0.0
0.892639 0.230839 0.374746 1 0.0
0.071701 0.62412 0.476157 11 0.0
0.071679 0.662356 0.459224 11 0.0
0.072393 0.638829 0.509369 11 0.0
0.071723 0.585884 0.493091 11 0.0
0.071009 0.609411 0.442946 11 0.0
0.627025 0.074077 0.376481 1 0.008855
0.543667 0.947888 0.618817 5 2.1e-05
0.518711 0.958177 0.612055 5 2.1e-05
0.539225 0.941709 0.625805 5 2.1e-05
0.568622 0.937599 0.62558 5 2.1e-05
0.548108 0.954067 0.611829 5 2.1e-05
0.568586 0.043677 0.544081 1 0.0
0.57586 0.046948 0.52417 1 0.0
0.590902 0.05567 0.554205 1 0.0
0.561311 0.040405 0.563992 1 0.0
0.546269 0.031684 0.533957 1 0.0
0.196089 0.327679 0.358543 9 0.0
0.167905 0.311815 0.358463 9 0.0
0.223593 0.278813 0.358793 9 0.0
0.224274 0.343542 0.358623 9 0.0
0.168586 0.376544 0.358293 9 0.0
0.074193 0.292596 0.580174 11 1e-06
0.817262 0.355931 0.644097 3 0.0
0.842274 0.414658 0.644618 3 0.0
0.841087 0.345792 0.643228 3 0.0
0.792251 0.297205 0.643576 3 0.0
0.793438 0.36607 0.644965 3 0.0
0.929735 0.613647 0.582653 2 0.0
0.928845 0.655747 0.571789 2 0.0
0.929686 0.617571 0.597863 2 0.0
0.930624 0.571547 0.593517 2 0.0
0.929783 0.609723 0.567443 2 0.0
0.268104 0.85861 0.629728 4 0.0
0.657377 0.096268 0.586451 1 0.0
0.924508 0.332889 0.614539 3 0.620226
0.21395 0.829116 0.578333 4 0.0
0.259277 0.854366 0.590102 4 0.0
0.209871 0.828243 0.595919 4 0.0
0.168623 0.803867 0.566565 4 0.0
0.21803 0.829989 0.560747 4 0.0
0.081851 0.756528 0.361907 4 0.999801
0.07513 0.753081 0.361521 4 0.999801
0.081303 0.757267 0.364847 4 0.999801
0.088571 0.759976 0.362293 4 0.999801
0.082398 0.75579 0.358968 4 0.999801
0.329745 0.336852 0.6355 8 1.4e-05
0.540057 0.028177 0.376313 1 0.032909
0.840052 0.799539 0.581441 6 0.0
0.809617 0.817534 0.59278 6 0.0
0.843328 0.796773 0.594623 6 0.0
0.870488 0.781543 0.570103 6 0.0
0.836777 0.802305 0.56826 6 0.0
0.507168 0.010053 0.413214 1 0.0
0.447314 0.963356 0.403086 4 0.0
0.449565 0.964488 0.418475 4 0.0
0.426915 0.952621 0.40686 4 0.0
0.445063 0.962225 0.387698 4 0.0
0.467713 0.974092 0.399313 4 0.0
0.331025 0.094319 0.385178 12 0.0
0.859864 0.791119 0.375901 6 0.000169
0.847201 0.79669 0.357336 9 1.0
0.909742 0.276027 0.600752 3 0.0
0.911538 0.288949 0.605201 3 0.0
0.901709 0.274633 0.608042 3 0.0
0.907945 0.263105 0.596302 3 0.0
0.917775 0.27742 0.593462 3 0.0
0.928245 0.706896 0.462266 2 0.0
0.927874 0.721048 0.464343 2 0.0
0.92826 0.702012 0.495556 2 0.0
0.928617 0.692744 0.46019 2 0.0
0.928231 0.71178 0.428977 2 0.0
0.095089 0.305101 0.513234 11 0.999937
0.106345 0.32101 0.509773 11 0.999937
0.101967 0.306657 0.542754 11 0.999937
0.083832 0.289193 0.516696 11 0.999937
0.08821 0.303545 0.483715 11 0.999937
0.928257 0.557763 0.580137 2 0.0
0.811032 0.567049 0.642027 7 0.0
0.274226 0.558934 0.3639 10 0.999995
0.361885 0.142574 0.360349 9 0.0
0.680893 0.106564 0.517972 1 0.0
0.728987 0.133345 0.524566 1 0.0
0.676965 0.104163 0.556368 1 0.0
0.632799 0.079782 0.511377 1 0.0
0.684821 0.108964 0.479575 1 0.0
0.069058 0.647244 0.363873 11 0.991264
0.92016 0.446843 0.622596 2 0.010015
0.715535 0.873767 0.506708 6 0.0
0.717091 0.872639 0.549458 6 0.0
0.782256 0.835234 0.503264 6 0.0
0.71398 0.874894 0.463958 6 0.0
0.648815 0.912299 0.510152 6 0.0
0.856925 0.208755 0.380098 1 0.0
0.210548 0.171569 0.371928 12 0.017152
0.813559 0.430746 0.640216 7 0.0
0.82997 0.509656 0.638542 7 0.0
0.84143 0.424933 0.639392 7 0.0
0.797148 0.351837 0.64189 7 0.0
0.785689 0.43656 0.641039 7 0.0
0.477762 0.883363 0.639903 7 0.0
0.477554 0.899941 0.639956 7 0.0
0.428694 0.882749 0.638858 7 0.0
0.477971 0.866786 0.639851 7 0.0
0.526831 0.883978 0.640949 7 0.0
0.645063 0.912865 0.567024 6 0.0
0.641545 0.915296 0.589033 6 0.0
0.691782 0.885682 0.577494 6 0.0
0.64858 0.910434 0.545016 6 0.0
0.598344 0.940048 0.556555 6 0.0
0.588303 0.900526 0.358802 9 0.0
0.727876 0.534008 0.403083 8 0.0
0.725932 0.567419 0.403218 8 0.0
0.72561 0.533806 0.420372 8 0.0
0.72982 0.500596 0.402947 8 0.0
0.730142 0.53421 0.385793 8 0.0
0.674769 0.204456 0.35802 9 0.0
0.483042 0.777203 0.642782 7 0.0
0.578253 0.949976 0.600734 6 1e-06
0.358336 0.913046 0.47341 4 0.0
0.358818 0.912889 0.509825 4 0.0
0.311647 0.886511 0.473914 4 0.0
0.357853 0.913203 0.436995 4 0.0
0.405024 0.939581 0.472906 4 0.0
0.931677 0.320622 0.413444 2 0.0
0.932422 0.342161 0.422147 2 0.0
0.931753 0.314255 0.429196 2 0.0
0.930933 0.299083 0.404742 2 0.0
0.931601 0.326989 0.397692 2 0.0
0.480062 0.981651 0.571234 4 0.0
0.487696 0.987267 0.56788 4 0.0
0.481079 0.983893 0.577302 4 0.0
0.472428 0.976034 0.574588 4 0.0
0.479045 0.979409 0.565166 4 0.0
0.505457 0.993397 0.474466 6 0.210046
0.071877 0.717765 0.559238 11 0.0
0.07132 0.729218 0.560066 11 0.0
0.071189 0.716983 0.569594 11 0.0
0.072435 0.706311 0.558411 11 0.0
0.072566 0.718547 0.548883 11 0.0
0.930689 0.276295 0.476103 2 0.0
0.071556 0.514624 0.358231 9 0.997241
0.928649 0.673325 0.526522 2 0.0
0.927497 0.698039 0.529136 2 0.0
0.928489 0.670383 0.554268 2 0.0
0.929801 0.648612 0.523907 2 0.0
0.928809 0.676268 0.498775 2 0.0
0.767016 0.155927 0.528764 1 0.0
0.815103 0.184623 0.518547 1 0.0
0.772442 0.158973 0.562855 1 0.0
0.718929 0.127231 0.538982 1 0.0
0.76159 0.152881 0.494674 1 0.0
0.637218 0.918055 0.555384 6 0.0
0.631645 0.921111 0.579706 6 0.0
0.679307 0.893684 0.568091 6 0.0
0.642792 0.915 0.531062 6 0.0
0.595129 0.942426 0.542678 6 0.0
0.82419 0.19171 0.494206 1 0.0
0.857163 0.212556 0.484829 1 0.0
0.831767 0.197515 0.533754 1 0.0
0.791217 0.170864 0.503584 1 0.0
0.816613 0.185905 0.454659 1 0.0
0.187969 0.70939 0.639538 7 0.0
0.260696 0.425985 0.391838 8 0.0
0.256739 0.435304 0.39438 8 0.0
0.26242 0.423566 0.403389 8 0.0
0.264654 0.416666 0.389295 8 0.0
0.258972 0.428405 0.380286 8 0.0
0.444799 0.277849 0.355794 10 0.999997
0.303944 0.373993 0.626312 8 0.0
0.232453 0.239611 0.357833 9 0.0
0.182354 0.270867 0.358021 9 0.0
0.245191 0.260027 0.357911 9 0.0
0.282552 0.208354 0.357646 9 0.0
0.219715 0.219195 0.357756 9 0.0
0.06984 0.590438 0.60527 11 0.0
0.927477 0.284552 0.366703 2 0.002881
0.933297 0.75251 0.444514 2 0.999999
0.91642 0.319356 0.61663 3 0.0027
0.282976 0.416375 0.617529 8 0.0
0.829348 0.501044 0.356321 9 0.0
0.797572 0.501507 0.356096 9 0.0
0.82799 0.408018 0.356358 9 0.0
0.861123 0.50058 0.356546 9 0.0
0.830705 0.59407 0.356285 9 0.0
0.668384 0.343816 0.389689 8 0.0
0.692733 0.366742 0.385503 8 0.0
0.668618 0.345705 0.401393 8 0.0
0.644035 0.320889 0.393874 8 0.0
0.66815 0.341927 0.377984 8 0.0
0.576455 0.291318 0.593067 8 0.0
0.619833 0.316782 0.590947 8 0.0
0.578496 0.28924 0.609864 8 0.0
0.533078 0.265855 0.595187 8 0.0
0.574414 0.293396 0.576271 8 0.0
0.156272 0.591564 0.357524 9 0.0
0.160611 0.656985 0.357803 9 0.0
0.183906 0.58973 0.357716 9 0.0
0.151933 0.526143 0.357245 9 0.0
0.128638 0.593397 0.357332 9 0.0
0.297273 0.595101 0.5708 8 0.0
0.309336 0.620918 0.575967 8 0.0
0.294238 0.592002 0.593372 8 0.0
0.28521 0.569284 0.565634 8 0.0
0.300308 0.5982 0.548229 8 0.0
0.725123 0.711075 0.642293 7 0.0
0.718497 0.426159 0.631693 7 0.0
0.259647 0.57195 0.635445 8 0.001778
0.188508 0.185445 0.357609 9 0.999812
0.074481 0.742311 0.510189 11 5e-06
0.927067 0.614667 0.60202 2 0.0
0.891231 0.76959 0.587361 6 0.0
0.931253 0.326887 0.531223 2 0.0
0.931029 0.351359 0.529919 2 0.0
0.931366 0.328163 0.555154 2 0.0
0.931477 0.302414 0.532527 2 0.0
0.93114 0.325611 0.507292 2 0.0
0.385023 0.929867 0.356961 9 1.0
0.661388 0.66592 0.370119 8 2e-06
0.486712 0.721367 0.454866 8 0.0
0.489492 0.719856 0.485189 8 0.0
0.515966 0.72515 0.452372 8 0.0
0.483931 0.722879 0.424544 8 0.0
0.457457 0.717584 0.45736 8 0.0
0.930537 0.335097 0.384369 2 0.005704
0.931143 0.362813 0.383976 2 0.005704
0.931408 0.335208 0.393581 2 0.005704
0.929931 0.30738 0.384761 2 0.005704
0.929665 0.334986 0.375156 2 0.005704
0.691928 0.10917 0.429292 1 0.0
0.690638 0.634895 0.495976 8 0.0
0.68076 0.642715 0.459188 8 0.0
0.651829 0.668529 0.513546 8 0.0
0.700516 0.627075 0.532765 8 0.0
0.729447 0.601261 0.478406 8 0.0
0.276302 0.546051 0.60939 8 0.0
0.281402 0.573507 0.608761 8 0.0
0.276066 0.546357 0.620839 8 0.0
0.271203 0.518594 0.610018 8 0.0
0.276538 0.545745 0.59794 8 0.0
0.40403 0.758794 0.355387 9 0.0
0.113265 0.49423 0.358772 9 0.0
0.476674 0.783861 0.507181 8 0.0
0.474274 0.786714 0.549156 8 0.0
0.412857 0.772175 0.504326 8 0.0
0.479074 0.781008 0.465206 8 0.0
0.540492 0.795547 0.510036 8 0.0
0.929371 0.542711 0.383958 2 1.9e-05
0.070695 0.575467 0.577277 11 0.0
0.070155 0.578672 0.596365 11 0.0
0.070129 0.519911 0.586588 11 0.0
0.071234 0.572262 0.558188 11 0.0
0.071261 0.631022 0.567965 11 0.0
0.483354 0.05465 0.477001 12 0.0
0.474269 0.062322 0.473508 12 0.0
0.481009 0.068867 0.51432 12 0.0
0.492438 0.046979 0.480495 12 0.0
0.485699 0.040434 0.439683 12 0.0
0.919548 0.248421 0.470974 1 0.004701
0.272591 0.523821 0.369256 10 0.999898
0.928959 0.601134 0.584142 2 0.0
0.928774 0.645948 0.574375 2 0.0
0.929349 0.604465 0.599422 2 0.0
0.929143 0.556319 0.593909 2 0.0
0.928568 0.597802 0.568862 2 0.0
0.235821 0.172509 0.496726 12 0.0
0.186303 0.197928 0.461483 12 0.0
0.222172 0.182469 0.523087 12 0.0
0.285339 0.14709 0.531968 12 0.0
0.24947 0.162548 0.470364 12 0.0
0.231689 0.155948 0.567381 12 0.0
0.181901 0.185423 0.559047 12 0.0
0.228984 0.157863 0.590312 12 0.0
0.281477 0.126474 0.575714 12 0.0
0.234394 0.154033 0.544449 12 0.0
0.864004 0.38719 0.64221 7 0.0
0.183252 0.370574 0.639029 7 0.0
0.160449 0.421203 0.639647 7 0.0
0.156933 0.35872 0.639087 7 0.0
0.206055 0.319946 0.63841 7 0.0
0.20957 0.382429 0.63897 7 0.0
0.648346 0.792743 0.355993 9 0.0
0.659671 0.819164 0.355802 9 0.0
0.562136 0.829692 0.355737 9 0.0
0.637022 0.766322 0.356185 9 0.0
0.734556 0.755794 0.356249 9 0.0
0.48199 0.988516 0.58432 5 0.999997
0.623996 0.929492 0.405985 6 0.0
0.583906 0.951406 0.404461 6 0.0
0.623704 0.93012 0.422678 6 0.0
0.664086 0.907578 0.40751 6 0.0
0.624288 0.928865 0.389293 6 0.0
0.28724 0.124158 0.617248 12 0.0
0.514969 0.240578 0.623164 8 5.8e-05
0.515781 0.248658 0.625859 8 5.8e-05
0.497227 0.242941 0.621423 8 5.8e-05
0.514158 0.232497 0.620468 8 5.8e-05
0.532712 0.238214 0.624904 8 5.8e-05
0.919051 0.754821 0.36286 6 0.943509
0.914163 0.758917 0.363999 6 0.943509
0.918572 0.753475 0.365645 6 0.943509
0.923938 0.750724 0.361721 6 0.943509
0.919529 0.756166 0.360076 6 0.943509
0.754492 0.195501 0.360118 9 0.0
0.652371 0.91031 0.526161 6 0.0
0.64756 0.911656 0.56117 6 0.0
0.701198 0.882697 0.533934 6 0.0
0.657182 0.908963 0.491153 6 0.0
0.603544 0.937922 0.518389 6 0.0
0.719185 0.441379 0.623093 8 0.0
0.417074 0.944949 0.521068 4 0.0
0.436337 0.954759 0.538582 4 0.0
0.395202 0.932591 0.552046 4 0.0
0.397811 0.935139 0.503553 4 0.0
0.438947 0.957307 0.490089 4 0.0
0.521624 0.273563 0.617103 8 0.0
0.657662 0.332794 0.626529 8 0.0
0.297595 0.375103 0.358874 10 3.3e-05
0.20755 0.385092 0.359277 9 0.0
0.72641 0.442827 0.359962 8 0.732996
0.334203 0.332347 0.407559 8 0.0
0.318065 0.352789 0.413788 8 0.0
0.336711 0.329581 0.423135 8 0.0
0.35034 0.311904 0.40133 8 0.0
0.331695 0.335113 0.391983 8 0.0
0.727076 0.611551 0.640935 8 0.0
0.287826 0.399928 0.356511 8 0.999972
0.437923 0.713448 0.558832 8 0.0
0.4053 0.6998 0.55441 8 0.0
0.433915 0.714318 0.585715 8 0.0
0.470546 0.727096 0.563254 8 0.0
0.441931 0.712578 0.531949 8 0.0
0.240691 0.14993 0.375193 12 1.5e-05
0.069581 0.630536 0.360884 11 0.998546
0.402698 0.763969 0.642204 7 0.0
0.908314 0.508409 0.35959 9 0.002117
0.411265 0.272031 0.64273 8 0.0
0.272851 0.270936 0.359334 9 0.0
0.29412 0.291286 0.359202 9 0.0
0.333285 0.207771 0.359085 9 0.0
0.251582 0.250586 0.359465 9 0.0
0.212416 0.334102 0.359582 9 0.0
0.346833 0.324832 0.60493 8 0.0
0.34597 0.324932 0.592017 8 0.0
0.322165 0.351907 0.606788 8 0.0
0.347695 0.324732 0.617844 8 0.0
0.371501 0.297756 0.603073 8 0.0
0.747013 0.635208 0.357055 9 0.0
0.658221 0.274023 0.35882 9 0.0
0.267898 0.552871 0.35849 8 0.922776
0.727845 0.535065 0.625124 8 2.6e-05
0.203356 0.813084 0.358996 9 0.010064
0.633677 0.705542 0.638507 8 0.961783
0.278795 0.571135 0.634885 8 0.246055
0.656018 0.32581 0.357626 8 0.963049
0.384819 0.297751 0.615652 8 0.0
0.434988 0.277232 0.525039 8 0.0
0.433041 0.279279 0.487396 8 0.0
0.407925 0.286751 0.526957 8 0.0
0.436936 0.275185 0.562683 8 0.0
0.462051 0.267713 0.523121 8 0.0
0.680616 0.651073 0.62386 8 0.0
0.399403 0.713479 0.643302 7 2.6e-05
0.586178 0.254592 0.374004 9 1e-06
0.584701 0.253982 0.642027 7 0.0
0.716437 0.589257 0.63364 8 0.0
0.270073 0.72728 0.35689 9 0.0
0.248771 0.747634 0.357426 9 0.0
0.211938 0.666438 0.356918 9 0.0
0.291375 0.706926 0.356354 9 0.0
0.328208 0.788123 0.356861 9 0.0
0.273999 0.521187 0.576176 8 0.0
0.276021 0.55103 0.578377 8 0.0
0.271915 0.51977 0.597303 8 0.0
0.271977 0.491344 0.573974 8 0.0
0.276083 0.522604 0.555049 8 0.0
0.721272 0.873767 0.44403 6 0.0
0.721503 0.873302 0.417135 6 0.0
0.656513 0.911689 0.442818 6 0.0
0.721042 0.874233 0.470924 6 0.0
0.786032 0.835846 0.445242 6 0.0
0.548205 0.968427 0.563202 6 0.0
0.531992 0.977511 0.550838 6 0.0
0.542054 0.972162 0.574012 6 0.0
0.564418 0.959342 0.575566 6 0.0
0.554356 0.964692 0.552392 6 0.0
0.400192 0.932411 0.583562 4 0.0
0.401244 0.936333 0.595981 4 0.0
0.377202 0.919322 0.589641 4 0.0
0.399141 0.92849 0.571143 4 0.0
0.423182 0.945501 0.577482 4 0.0
0.930006 0.35733 0.475832 2 0.0
0.930339 0.377832 0.458406 2 0.0
0.930466 0.384801 0.508163 2 0.0
0.929673 0.336827 0.493257 2 0.0
0.929545 0.329858 0.4435 2 0.0
0.926931 0.6289 0.363334 2 0.988509
0.361013 0.074735 0.425643 12 0.0
0.319008 0.097151 0.429258 12 0.0
0.362215 0.073346 0.448228 12 0.0
0.403018 0.052318 0.422028 12 0.0
0.359811 0.076124 0.403058 12 0.0
0.534116 0.024335 0.480309 1 0.0
0.546778 0.031004 0.479566 1 0.0
0.535739 0.025522 0.518646 1 0.0
0.521453 0.017665 0.481051 1 0.0
0.532493 0.023148 0.441971 1 0.0
0.352459 0.082949 0.486505 12 0.0
0.308258 0.107535 0.48698 12 0.0
0.353332 0.083752 0.526197 12 0.0
0.396659 0.058363 0.48603 12 0.0
0.351585 0.082145 0.446813 12 0.0
0.499329 0.005203 0.359787 1 1.0
0.494315 0.005529 0.360546 1 1.0
0.49962 0.005877 0.361424 1 1.0
0.504342 0.004876 0.359029 1 1.0
0.499037 0.004529 0.358151 1 1.0
0.657039 0.126569 0.642997 7 0.0
0.928353 0.713461 0.425969 2 0.0
0.928657 0.722826 0.429414 2 0.0
0.928389 0.705303 0.448148 2 0.0
0.928049 0.704097 0.422525 2 0.0
0.928317 0.72162 0.403791 2 0.0
0.797328 0.826447 0.535613 6 0.0
0.756957 0.850016 0.55299 6 0.0
0.806214 0.820896 0.563789 6 0.0
0.837699 0.802878 0.518237 6 0.0
0.788442 0.831999 0.507438 6 0.0
0.907964 0.507523 0.493509 2 0.0
0.905327 0.579471 0.485638 2 0.0
0.907296 0.511172 0.527092 2 0.0
0.910601 0.435575 0.50138 2 0.0
0.908632 0.503873 0.459926 2 0.0
0.082075 0.739044 0.364971 9 0.999456
0.083993 0.746695 0.362903 9 0.999456
0.087131 0.738688 0.368345 9 0.999456
0.080157 0.731394 0.367038 9 0.999456
0.077018 0.7394 0.361597 9 0.999456
0.072858 0.729731 0.47697 11 0.0
0.930053 0.58717 0.52026 2 0.0
0.930538 0.596841 0.553675 2 0.0
0.930145 0.538767 0.534268 2 0.0
0.929569 0.577498 0.486845 2 0.0
0.929962 0.635573 0.506251 2 0.0
0.071363 0.57184 0.461929 11 0.0
0.072456 0.630175 0.46623 11 0.0
0.071811 0.569417 0.494669 11 0.0
0.070269 0.513504 0.457628 11 0.0
0.070914 0.574262 0.429188 11 0.0
0.128918 0.217111 0.570842 12 0.0
0.123908 0.219771 0.581301 12 0.0
0.148513 0.205287 0.583236 12 0.0
0.133928 0.214451 0.560384 12 0.0
0.109322 0.228935 0.558448 12 0.0
0.92713 0.256859 0.502398 3 1.2e-05
0.072202 0.370801 0.581419 11 0.0
0.07272 0.408932 0.59551 11 0.0
0.070962 0.365791 0.59502 11 0.0
0.071684 0.332669 0.567327 11 0.0
0.073443 0.37581 0.567818 11 0.0
0.930318 0.540821 0.420349 2 0.0
0.93113 0.541522 0.439935 2 0.0
0.93009 0.477245 0.422633 2 0.0
0.929506 0.54012 0.400762 2 0.0
0.930546 0.604397 0.418065 2 0.0
0.480282 0.981964 0.403409 4 0.0
0.489326 0.987404 0.403371 4 0.0
0.480109 0.982363 0.419284 4 0.0
0.471237 0.976524 0.403448 4 0.0
0.480455 0.981565 0.387534 4 0.0
0.07164 0.633499 0.481705 11 0.0
0.072135 0.671032 0.479706 11 0.0
0.071511 0.635574 0.520633 11 0.0
0.071145 0.595966 0.483703 11 0.0
0.071769 0.631424 0.442776 11 0.0
0.794402 0.722955 0.355839 9 0.0
0.813821 0.742853 0.356653 9 0.0
0.756237 0.760202 0.355819 9 0.0
0.774983 0.703057 0.355026 9 0.0
0.832567 0.685708 0.35586 9 0.0
0.728365 0.140271 0.609629 1 0.0
0.805652 0.401159 0.643937 7 0.0
0.830413 0.479089 0.644009 7 0.0
0.83212 0.39275 0.643707 7 0.0
0.780892 0.323229 0.643865 7 0.0
0.779185 0.409569 0.644167 7 0.0
0.929722 0.601357 0.577529 2 0.0
0.929398 0.647293 0.566239 2 0.0
0.930249 0.605479 0.594284 2 0.0
0.930047 0.555422 0.588819 2 0.0
0.929195 0.597236 0.560774 2 0.0
0.58526 0.901365 0.358036 9 0.0
0.630061 0.077267 0.54132 1 0.0
0.638717 0.081804 0.514322 1 0.0
0.667442 0.09828 0.556836 1 0.0
0.621405 0.07273 0.568317 1 0.0
0.59268 0.056254 0.525803 1 0.0
0.071938 0.548574 0.569687 11 0.0
0.071331 0.551322 0.591344 11 0.0
0.071261 0.486865 0.577499 11 0.0
0.072545 0.545826 0.548031 11 0.0
0.072615 0.610282 0.561876 11 0.0
0.523854 0.020625 0.565972 1 0.0
0.532827 0.025465 0.577556 1 0.0
0.518119 0.017955 0.57153 1 0.0
0.51488 0.015785 0.554388 1 0.0
0.529588 0.023295 0.560415 1 0.0
0.921498 0.753056 0.376763 6 0.133024
0.916854 0.755518 0.376554 6 0.133024
0.920883 0.752537 0.384343 6 0.133024
0.926143 0.750593 0.376972 6 0.133024
0.922114 0.753574 0.369183 6 0.133024
0.073425 0.260625 0.544739 11 0.083725
0.074924 0.264823 0.545157 11 0.083725
0.071894 0.259922 0.55732 11 0.083725
0.071926 0.256426 0.544322 11 0.083725
0.074957 0.261328 0.532159 11 0.083725
0.792419 0.829511 0.534137 6 0.0
0.7534 0.850805 0.5506 6 0.0
0.800813 0.823348 0.562005 6 0.0
0.831438 0.808218 0.517675 6 0.0
0.784026 0.835675 0.50627 6 0.0
0.181889 0.331125 0.638839 7 0.0
0.153389 0.386496 0.63928 7 0.0
0.161347 0.320551 0.639088 7 0.0
0.210388 0.275755 0.638399 7 0.0
0.20243 0.3417 0.63859 7 0.0
0.651249 0.091922 0.622851 1 3e-06
0.717918 0.872331 0.620162 6 0.0
0.156779 0.198433 0.396912 12 0.0
0.127706 0.218079 0.394184 12 0.0
0.153836 0.195952 0.410411 12 0.0
0.185852 0.178786 0.39964 12 0.0
0.159722 0.200914 0.383413 12 0.0
0.271201 0.497749 0.385335 8 0.0
0.272391 0.497244 0.395876 8 0.0
0.270407 0.470465 0.384118 8 0.0
0.270011 0.498254 0.374795 8 0.0
0.271995 0.525032 0.386552 8 0.0
0.875614 0.360729 0.641217 7 0.0
0.381893 0.207347 0.359069 9 0.0
0.283825 0.147439 0.383566 12 1.3e-05
0.616984 0.929415 0.574165 6 0.0
0.578635 0.950604 0.560784 6 0.0
0.612339 0.931952 0.591493 6 0.0
0.655332 0.908226 0.587547 6 0.0
0.621628 0.926878 0.556838 6 0.0
0.930929 0.349134 0.46999 2 0.0
0.931753 0.380076 0.464305 2 0.0
0.931272 0.355257 0.50337 2 0.0
0.930105 0.318191 0.475674 2 0.0
0.930586 0.34301 0.43661 2 0.0
0.911185 0.758574 0.473958 6 0.0
0.726248 0.214797 0.359195 9 0.0
0.714934 0.235539 0.358793 9 0.0
0.788915 0.248968 0.358517 9 0.0
0.737563 0.194054 0.359597 9 0.0
0.663582 0.180625 0.359873 9 0.0
0.440272 0.959029 0.582682 4 0.0
0.072287 0.301121 0.547808 11 0.0
0.07223 0.310645 0.540149 11 0.0
0.069983 0.317393 0.568058 11 0.0
0.072343 0.291598 0.555467 11 0.0
0.074591 0.28485 0.527559 11 0.0
0.143975 0.212313 0.361747 12 0.997765
0.882567 0.770819 0.359567 9 0.946868
0.070987 0.552639 0.598873 11 0.0
0.070373 0.676094 0.565701 11 0.0
0.071195 0.700251 0.548176 11 0.0
0.070628 0.684039 0.576665 11 0.0
0.069551 0.651938 0.583225 11 0.0
0.070118 0.668149 0.554737 11 0.0
0.896642 0.752055 0.359368 9 0.264889
0.883964 0.762155 0.358074 9 0.264889
0.893062 0.747632 0.35992 9 0.264889
0.90932 0.741955 0.360662 9 0.264889
0.900222 0.756478 0.358816 9 0.264889
0.500494 0.995348 0.576652 5 0.999754
0.500059 0.997451 0.577109 5 0.999754
0.498436 0.994427 0.578926 5 0.999754
0.500928 0.993244 0.576194 5 0.999754
0.502551 0.996268 0.574377 5 0.999754
0.501043 0.959639 0.60943 5 0.000121
0.486573 0.962137 0.607149 5 0.000121
0.497445 0.949543 0.621196 5 0.000121
0.515513 0.957142 0.611711 5 0.000121
0.504641 0.969736 0.597664 5 0.000121
0.070492 0.507476 0.444177 11 0.0
0.071325 0.583402 0.444438 11 0.0
0.071 0.507375 0.471969 11 0.0
0.069659 0.43155 0.443916 11 0.0
0.069984 0.507577 0.416385 11 0.0
0.929377 0.744053 0.50492 2 0.654747
0.274271 0.512779 0.399708 8 0.0
0.276126 0.511776 0.414875 8 0.0
0.27181 0.479981 0.39784 8 0.0
0.272416 0.513782 0.384542 8 0.0
0.276732 0.545576 0.401577 8 0.0
0.821745 0.815637 0.379016 6 1e-06
0.240787 0.152317 0.59115 12 0.0
0.353016 0.900418 0.360303 9 0.018224
0.67112 0.783402 0.356171 9 0.0
0.687482 0.809896 0.356532 9 0.0
0.592806 0.831765 0.356255 9 0.0
0.654758 0.756908 0.35581 9 0.0
0.749434 0.735039 0.356087 9 0.0
0.483795 0.732607 0.360986 10 0.57552
0.448357 0.272361 0.36189 10 0.418706
0.327151 0.218355 0.35836 9 0.0
0.249305 0.265446 0.357902 9 0.0
0.343768 0.245826 0.358629 9 0.0
0.404997 0.171264 0.358818 9 0.0
0.310535 0.190884 0.358091 9 0.0
0.371057 0.710566 0.387423 8 0.0
0.374245 0.710773 0.395741 8 0.0
0.351503 0.698924 0.395208 8 0.0
0.367869 0.710358 0.379105 8 0.0
0.390611 0.722208 0.379638 8 0.0
0.283206 0.541795 0.478833 8 0.0
0.284175 0.540067 0.514951 8 0.0
0.276878 0.509954 0.47748 8 0.0
0.282236 0.543523 0.442716 8 0.0
0.289533 0.573636 0.480187 8 0.0
0.685656 0.635158 0.364003 10 0.999321
0.07083 0.506021 0.573002 11 0.0
0.071384 0.505588 0.595487 11 0.0
0.069373 0.439226 0.571753 11 0.0
0.070275 0.506454 0.550516 11 0.0
0.072286 0.572816 0.574251 11 0.0
0.071204 0.323895 0.39469 11 0.0
0.069932 0.350024 0.394056 11 0.0
0.071464 0.324214 0.407347 11 0.0
0.072477 0.297765 0.395323 11 0.0
0.070945 0.323576 0.382032 11 0.0
0.386487 0.927102 0.613894 4 0.000284
0.930306 0.33489 0.384079 2 0.016194
0.930938 0.335928 0.392449 2 0.016194
0.929263 0.307263 0.387586 2 0.016194
0.929674 0.333851 0.37571 2 0.016194
0.931349 0.362517 0.380572 2 0.016194
0.226033 0.790698 0.637584 7 0.0
0.220316 0.163304 0.58982 12 0.0
0.927249 0.342688 0.600955 2 0.0
0.863868 0.215754 0.586961 1 0.0
0.866648 0.217479 0.595228 1 0.0
0.84192 0.203377 0.596927 1 0.0
0.861088 0.214028 0.578695 1 0.0
0.885816 0.228131 0.576996 1 0.0
0.283668 0.423559 0.59767 8 0.0
0.269276 0.461064 0.592909 8 0.0
0.282988 0.4251 0.611865 8 0.0
0.29806 0.386055 0.60243 8 0.0
0.284348 0.422018 0.583474 8 0.0
0.4896 0.737244 0.639758 8 0.0
0.072 0.542278 0.589926 11 0.0
0.763337 0.161772 0.640719 3 0.999778
0.074084 0.540317 0.359136 9 0.957092
0.317268 0.834427 0.357794 9 0.0
0.357442 0.175546 0.360174 9 0.0
0.282565 0.869862 0.475825 4 0.0
0.350176 0.909215 0.473002 4 0.0
0.284082 0.869829 0.511704 4 0.0
0.214953 0.830508 0.478648 4 0.0
0.281048 0.869895 0.439946 4 0.0
0.069964 0.374272 0.589679 11 0.0
0.26905 0.486336 0.633777 8 0.0
0.634075 0.691467 0.358407 10 0.992659
0.070797 0.598 0.569744 11 0.0
0.070293 0.60315 0.5897 11 0.0
0.071003 0.551151 0.581839 11 0.0
0.071301 0.592851 0.549789 11 0.0
0.07059 0.644849 0.55765 11 0.0
0.929612 0.251703 0.366109 2 0.999999
0.265516 0.426849 0.384448 8 0.0
0.26175 0.435823 0.384624 8 0.0
0.262557 0.42541 0.394461 8 0.0
0.269282 0.417875 0.384271 8 0.0
0.268475 0.428288 0.374434 8 0.0
0.234631 0.610965 0.356982 9 0.0
0.76021 0.475311 0.485649 8 0.0
0.76582 0.500789 0.456407 8 0.0
0.763914 0.50922 0.515904 8 0.0
0.7546 0.449834 0.514891 8 0.0
0.756506 0.441403 0.455394 8 0.0
0.648274 0.207912 0.358727 9 0.0
0.635554 0.236118 0.358469 9 0.0
0.733305 0.246247 0.357615 9 0.0
0.660993 0.179707 0.358986 9 0.0
0.563242 0.169578 0.359839 9 0.0
0.349187 0.309262 0.397377 8 0.0
0.348529 0.313943 0.387774 8 0.0
0.332524 0.324873 0.406129 8 0.0
0.349845 0.304581 0.406981 8 0.0
0.36585 0.29365 0.388625 8 0.0
0.26811 0.466752 0.397197 8 0.0
0.261322 0.486007 0.404869 8 0.0
0.269792 0.463141 0.407748 8 0.0
0.274898 0.447497 0.389526 8 0.0
0.266429 0.470363 0.386647 8 0.0
0.308412 0.615594 0.591113 8 0.0
0.321768 0.639567 0.596764 8 0.0
0.305417 0.61343 0.607373 8 0.0
0.295055 0.591621 0.585463 8 0.0
0.311407 0.617758 0.574853 8 0.0
0.071743 0.369732 0.612467 11 0.723573
0.500907 0.997382 0.41159 4 0.990969
0.244305 0.84566 0.500847 4 0.0
0.300411 0.878839 0.501744 4 0.0
0.244035 0.844909 0.545487 4 0.0
0.188199 0.812481 0.499951 4 0.0
0.244575 0.84641 0.456208 4 0.0
0.92568 0.250636 0.422568 1 0.561057
0.765234 0.153031 0.472222 1 0.0
0.817134 0.183507 0.461908 1 0.0
0.770297 0.156121 0.50683 1 0.0
0.713334 0.122554 0.482536 1 0.0
0.760171 0.14994 0.437614 1 0.0
0.305438 0.385389 0.543832 8 0.0
0.277406 0.432 0.542899 8 0.0
0.30439 0.38539 0.575348 8 0.0
0.333469 0.338779 0.544766 8 0.0
0.306485 0.385388 0.512317 8 0.0
0.28446 0.427905 0.511654 8 0.0
0.274178 0.462831 0.511666 8 0.0
0.283625 0.427646 0.55306 8 0.0
0.294742 0.39298 0.511643 8 0.0
0.285295 0.428164 0.470249 8 0.0
0.114746 0.483865 0.358577 9 0.0
0.278481 0.46073 0.554928 8 0.0
0.26988 0.502158 0.557376 8 0.0
0.277258 0.458801 0.583284 8 0.0
0.287081 0.419303 0.552479 8 0.0
0.279703 0.46266 0.526571 8 0.0
0.438482 0.95794 0.482004 4 0.0
0.439086 0.958697 0.521357 4 0.0
0.416243 0.945868 0.482578 4 0.0
0.437877 0.957183 0.442651 4 0.0
0.46072 0.970012 0.48143 4 0.0
0.217306 0.333652 0.639407 7 0.0
0.180584 0.398314 0.640239 7 0.0
0.190241 0.318278 0.639644 7 0.0
0.254027 0.268989 0.638575 7 0.0
0.24437 0.349025 0.639171 7 0.0
0.317366 0.368522 0.439865 8 0.0
0.300947 0.39122 0.446162 8 0.0
0.321354 0.36426 0.465627 8 0.0
0.333785 0.345825 0.433568 8 0.0
0.313378 0.372784 0.414104 8 0.0
0.51489 0.72943 0.617211 8 0.0
0.763961 0.485879 0.387233 10 0.0
0.766586 0.509856 0.390123 10 0.0
0.760415 0.484821 0.399234 10 0.0
0.761336 0.461902 0.384343 10 0.0
0.767507 0.486937 0.375231 10 0.0
0.73076 0.496087 0.378162 8 1e-06
0.346304 0.314169 0.607747 8 0.0
0.344832 0.31382 0.596907 8 0.0
0.333739 0.329357 0.608965 8 0.0
0.347776 0.314518 0.618587 8 0.0
0.358869 0.298981 0.606529 8 0.0
0.717719 0.558805 0.5882 8 0.0
0.221586 0.786256 0.361752 9 0.0
0.292742 0.380816 0.358999 8 0.99992
0.325657 0.657624 0.356647 10 0.998021
0.759755 0.443236 0.630052 7 0.0
0.927947 0.511166 0.619855 2 0.0
0.297084 0.11435 0.466846 12 0.0
0.238656 0.148131 0.462694 12 0.0
0.295339 0.115645 0.501928 12 0.0
0.355511 0.08057 0.470997 12 0.0
0.298828 0.113056 0.431763 12 0.0
0.379793 0.804514 0.640796 7 0.0
0.369375 0.833404 0.640878 7 0.0
0.305944 0.777889 0.639467 7 0.0
0.39021 0.775623 0.640715 7 0.0
0.453642 0.831139 0.642126 7 0.0
0.390275 0.717792 0.357785 10 0.0
0.2172 0.16456 0.570691 12 0.0
0.171052 0.191934 0.559997 12 0.0
0.21368 0.166736 0.591453 12 0.0
0.263348 0.137185 0.581385 12 0.0
0.22072 0.162383 0.549928 12 0.0
0.223806 0.774187 0.358082 9 0.0
0.213992 0.78987 0.358763 9 0.0
0.175892 0.744231 0.357526 9 0.0
0.233619 0.758503 0.357401 9 0.0
0.271719 0.804143 0.358638 9 0.0
0.576083 0.75351 0.36849 8 0.0
0.34734 0.661587 0.582547 8 0.0
0.37121 0.685738 0.581411 8 0.0
0.346134 0.663717 0.602493 8 0.0
0.323469 0.637436 0.583683 8 0.0
0.348546 0.659457 0.562601 8 0.0
0.737095 0.499021 0.368868 8 3.3e-05
0.338319 0.788457 0.357021 9 0.0
0.420056 0.833318 0.357438 9 0.0
0.353593 0.760629 0.356899 9 0.0
0.256583 0.743596 0.356605 9 0.0
0.323045 0.816285 0.357144 9 0.0
0.662281 0.671851 0.59236 8 0.0
0.115751 0.652778 0.358752 9 0.0
0.100229 0.654442 0.3592 9 0.0
0.111207 0.610685 0.357563 9 0.0
0.131273 0.651115 0.358304 9 0.0
0.120296 0.694871 0.359942 9 0.0
0.331631 0.885446 0.358013 9 0.0
0.619843 0.311344 0.602879 8 0.0
0.358335 0.707664 0.368517 10 0.999873
0.305462 0.248667 0.359566 9 0.0
0.734757 0.358486 0.629089 7 0.0
0.339647 0.319239 0.357868 10 0.000252
0.293727 0.582 0.533446 8 0.0
0.303879 0.605989 0.531635 8 0.0
0.292595 0.58515 0.56882 8 0.0
0.283575 0.558011 0.535257 8 0.0
0.294859 0.57885 0.498072 8 0.0
0.092618 0.313968 0.359776 9 0.0
0.929409 0.646739 0.417491 2 0.0
0.927854 0.679652 0.409153 2 0.0
0.930362 0.651333 0.435446 2 0.0
0.930963 0.613827 0.425829 2 0.0
0.928455 0.642146 0.399536 2 0.0
0.559697 0.039586 0.54642 1 0.0
0.577025 0.04956 0.564612 1 0.0
0.548743 0.034211 0.559801 1 0.0
0.542368 0.029611 0.528228 1 0.0
0.57065 0.04496 0.53304 1 0.0
0.628315 0.106512 0.503529 1 0.0
0.671258 0.134957 0.509275 1 0.0
0.624331 0.104658 0.542484 1 0.0
0.585371 0.078068 0.497783 1 0.0
0.632299 0.108367 0.464574 1 0.0
0.071844 0.370145 0.561525 11 0.0
0.0718 0.409067 0.575461 11 0.0
0.071161 0.363123 0.581135 11 0.0
0.071887 0.331223 0.54759 11 0.0
0.072527 0.377166 0.541916 11 0.0
0.180461 0.738223 0.359125 9 0.0
0.146881 0.704993 0.359328 9 0.0
0.193068 0.725481 0.358702 9 0.0
0.21404 0.771454 0.358923 9 0.0
0.167853 0.750966 0.359549 9 0.0
0.35919 0.285208 0.640505 7 8.1e-05
0.519164 0.98557 0.478439 6 0.003086
0.171461 0.789508 0.611958 4 0.991832
0.187686 0.80273 0.616976 4 0.991832
0.172245 0.786092 0.618422 4 0.991832
0.155235 0.776287 0.606939 4 0.991832
0.170676 0.792925 0.605493 4 0.991832
0.897638 0.25199 0.360537 9 0.034143
0.89354 0.257174 0.359974 9 0.034143
0.910301 0.262235 0.362707 9 0.034143
0.901736 0.246805 0.361099 9 0.034143
0.884975 0.241745 0.358366 9 0.034143
0.111192 0.770032 0.479646 4 0.0
0.125227 0.778306 0.481184 4 0.0
0.108651 0.767497 0.516469 4 0.0
0.097157 0.761759 0.478107 4 0.0
0.113734 0.772568 0.442823 4 0.0
0.465337 0.972708 0.543198 4 0.0
0.475948 0.978191 0.550197 4 0.0
0.454874 0.967975 0.562768 4 0.0
0.454726 0.967225 0.536199 4 0.0
0.475801 0.977441 0.523628 4 0.0
0.814497 0.815874 0.552085 6 0.0
0.778363 0.838319 0.567062 6 0.0
0.821111 0.811167 0.575096 6 0.0
0.850632 0.793429 0.537109 6 0.0
0.807884 0.820581 0.529074 6 0.0
0.497863 0.99434 0.362776 4 0.999972
0.49807 0.991992 0.366335 4 0.999972
0.496622 0.992854 0.361867 4 0.999972
0.497656 0.996689 0.359217 4 0.999972
0.499104 0.995827 0.363685 4 0.999972
0.071916 0.363336 0.484468 11 0.0
0.070236 0.401056 0.48098 11 0.0
0.072102 0.366991 0.523916 11 0.0
0.073595 0.325616 0.487956 11 0.0
0.071729 0.35968 0.445019 11 0.0
0.430337 0.953065 0.600163 4 0.0
0.070972 0.727545 0.386284 11 0.020487
0.071238 0.735854 0.381311 11 0.020487
0.070934 0.73306 0.395496 11 0.020487
0.070706 0.719236 0.391258 11 0.020487
0.07101 0.72203 0.377073 11 0.020487
0.074089 0.661314 0.602388 11 0.001177
0.523738 0.098317 0.626214 1 0.000205
0.072756 0.26636 0.568757 11 0.202411
0.07458 0.270602 0.565217 11 0.202411
0.072864 0.271043 0.574424 11 0.202411
0.070933 0.262118 0.572297 11 0.202411
0.072648 0.261677 0.56309 11 0.202411
0.898384 0.764461 0.361088 6 0.999976
0.072252 0.452119 0.52044 11 0.0
0.072612 0.514965 0.522628 11 0.0
0.072266 0.4508 0.558315 11 0.0
0.071891 0.389273 0.518253 11 0.0
0.072237 0.453437 0.482566 11 0.0
0.070177 0.596548 0.592026 11 0.0
0.127315 0.77889 0.486262 4 0.0
0.145358 0.789535 0.481818 4 0.0
0.134453 0.783487 0.526258 4 0.0
0.109271 0.768246 0.490705 4 0.0
0.120176 0.774293 0.446265 4 0.0
0.92932 0.250781 0.358991 9 0.983809
0.073373 0.662534 0.567913 11 0.0
0.074384 0.672226 0.579552 11 0.0
0.074885 0.636076 0.589817 11 0.0
0.072362 0.652841 0.556275 11 0.0
0.071861 0.688992 0.54601 11 0.0
0.698338 0.12036 0.617499 1 0.0
0.080677 0.245831 0.576134 12 0.349791
0.075075 0.249366 0.571359 12 0.349791
0.078679 0.245714 0.578392 12 0.349791
0.08628 0.242297 0.580908 12 0.349791
0.082676 0.245948 0.573875 12 0.349791
0.086295 0.251526 0.373191 12 2e-06
0.080542 0.251471 0.36961 12 2e-06
0.083611 0.255831 0.377438 12 2e-06
0.092048 0.251581 0.376773 12 2e-06
0.08898 0.24722 0.368945 12 2e-06
0.828016 0.775285 0.358805 9 1e-06
0.793943 0.373033 0.643271 7 0.0
0.827594 0.444036 0.643397 7 0.0
0.818927 0.361193 0.64272 7 0.0
0.760292 0.30203 0.643145 7 0.0
0.768959 0.384872 0.643821 7 0.0
0.409869 0.708936 0.585255 8 0.0
0.175922 0.309258 0.63977 7 0.0
0.093542 0.392717 0.638387 7 1.2e-05
0.376081 0.232334 0.415413 8 1e-06
0.375739 0.233054 0.396832 8 1e-06
0.327781 0.256993 0.41726 8 1e-06
0.376424 0.231614 0.433994 8 1e-06
0.424382 0.207675 0.413566 8 1e-06
0.761592 0.834087 0.636359 6 0.005269
0.113325 0.321616 0.359449 9 0.0
0.098566 0.319231 0.359175 9 0.0
0.107883 0.355267 0.35973 9 0.0
0.128085 0.324001 0.359724 9 0.0
0.118768 0.287965 0.359169 9 0.0
0.801869 0.824225 0.543972 6 0.0
0.76212 0.847605 0.561489 6 0.0
0.810064 0.819291 0.569153 6 0.0
0.841618 0.800846 0.526455 6 0.0
0.793674 0.82916 0.518791 6 0.0
0.902692 0.289468 0.615363 3 0.0
0.909277 0.310394 0.6193 3 0.0
0.894406 0.290397 0.624287 3 0.0
0.896106 0.268543 0.611427 3 0.0
0.910978 0.288539 0.606439 3 0.0
0.92833 0.251102 0.358998 9 0.960147
0.926252 0.250162 0.359072 9 0.960147
0.927728 0.252609 0.361249 9 0.960147
0.930408 0.252042 0.358924 9 0.960147
0.928932 0.249595 0.356748 9 0.960147
0.49448 0.990514 0.37306 4 0.213701
0.489563 0.98786 0.372694 4 0.213701
0.493496 0.991421 0.379716 4 0.213701
0.499398 0.993168 0.373425 4 0.213701
0.495464 0.989608 0.366403 4 0.213701
0.588771 0.903384 0.597947 6 2e-06
0.577348 0.908808 0.598109 6 2e-06
0.586506 0.898186 0.612244 6 2e-06
0.600194 0.89796 0.597785 6 2e-06
0.591037 0.908582 0.58365 6 2e-06
0.404863 0.938074 0.47815 4 0.0
0.432025 0.952181 0.501459 4 0.0
0.384773 0.927153 0.508171 4 0.0
0.377701 0.923966 0.454842 4 0.0
0.424953 0.948994 0.44813 4 0.0
0.070444 0.315007 0.574679 11 0.0
0.068385 0.337777 0.581368 11 0.0
0.069036 0.312031 0.584376 11 0.0
0.072503 0.292237 0.56799 11 0.0
0.071852 0.317983 0.564982 11 0.0
0.929376 0.487053 0.581234 2 0.0
0.070009 0.400451 0.601631 11 0.0
0.929427 0.476654 0.555216 2 0.0
0.624964 0.698837 0.379856 8 0.000258
0.843418 0.200402 0.398253 1 0.0
0.87247 0.218592 0.397665 1 0.0
0.843454 0.200804 0.412482 1 0.0
0.814366 0.182212 0.398842 1 0.0
0.843382 0.2 0.384025 1 0.0
0.187976 0.18065 0.40138 12 1e-06
0.928741 0.424229 0.615154 2 0.0
0.291842 0.602746 0.355066 10 0.999998
0.12387 0.373337 0.634028 7 0.0
0.479527 0.880743 0.639969 7 0.0
0.479382 0.898064 0.640011 7 0.0
0.529214 0.881157 0.640652 7 0.0
0.479672 0.863422 0.639928 7 0.0
0.429839 0.880328 0.639287 7 0.0
0.111226 0.283048 0.360268 9 0.0
0.097053 0.27826 0.36154 9 0.0
0.104271 0.303644 0.360301 9 0.0
0.125399 0.287836 0.358996 9 0.0
0.118181 0.262452 0.360234 9 0.0
0.588168 0.05681 0.581471 1 0.0
0.617442 0.073265 0.595055 1 0.0
0.583412 0.055005 0.593907 1 0.0
0.558894 0.040355 0.567887 1 0.0
0.592924 0.058615 0.569035 1 0.0
0.864749 0.78786 0.480078 6 0.0
0.844168 0.800718 0.47392 6 0.0
0.856568 0.793525 0.519249 6 0.0
0.88533 0.775003 0.486236 6 0.0
0.87293 0.782196 0.440907 6 0.0
0.496322 0.990614 0.359429 9 0.999943
0.500662 0.993195 0.360278 9 0.999943
0.497372 0.988225 0.361323 9 0.999943
0.491982 0.988033 0.358579 9 0.999943
0.495272 0.993003 0.357535 9 0.999943
0.087846 0.330526 0.426614 11 0.0
0.08675 0.350105 0.425651 11 0.0
0.087737 0.331613 0.448837 11 0.0
0.088941 0.310946 0.427578 11 0.0
0.087954 0.329438 0.404391 11 0.0
0.073165 0.309025 0.516534 11 0.0
0.071274 0.328185 0.511509 11 0.0
0.071199 0.316406 0.545418 11 0.0
0.075056 0.289864 0.521559 11 0.0
0.075131 0.301643 0.487649 11 0.0
0.916265 0.268058 0.528789 2 0.0
0.556711 0.112756 0.35869 9 0.0
0.593842 0.135504 0.357768 9 0.0
0.56819 0.094 0.358203 9 0.0
0.51958 0.090008 0.359612 9 0.0
0.545232 0.131512 0.359177 9 0.0
0.542908 0.97226 0.402912 6 0.0
0.527327 0.980089 0.401815 6 0.0
0.541854 0.972342 0.418458 6 0.0
0.558489 0.964431 0.40401 6 0.0
0.543961 0.972177 0.387367 6 0.0
0.068931 0.589567 0.537434 11 0.0
0.069882 0.599077 0.566471 11 0.0
0.067589 0.539536 0.553863 11 0.0
0.067979 0.580057 0.508396 11 0.0
0.070272 0.639599 0.521004 11 0.0
0.070884 0.675029 0.596798 11 1e-06
0.93204 0.29549 0.478396 2 0.0
0.932723 0.298443 0.515306 2 0.0
0.931602 0.280848 0.479576 2 0.0
0.931356 0.292538 0.441486 2 0.0
0.932477 0.310132 0.477217 2 0.0
0.071642 0.254781 0.358412 9 0.999998
0.069352 0.260167 0.358234 9 0.999998
0.073154 0.255471 0.359829 9 0.999998
0.073932 0.249396 0.35859 9 0.999998
0.07013 0.254092 0.356995 9 0.999998
0.927047 0.729068 0.377002 2 0.034063
0.927223 0.737211 0.372902 2 0.034063
0.927094 0.732056 0.382936 2 0.034063
0.92687 0.720926 0.381103 2 0.034063
0.926999 0.726081 0.371068 2 0.034063
0.868096 0.759322 0.531981 6 0.0
0.860687 0.763664 0.521247 6 0.0
0.85223 0.771909 0.548024 6 0.0
0.875505 0.75498 0.542715 6 0.0
0.883962 0.746735 0.515939 6 0.0
0.915362 0.702575 0.431381 2 0.0
0.915142 0.721247 0.432362 2 0.0
0.918194 0.701089 0.460265 2 0.0
0.915583 0.683902 0.430399 2 0.0
0.91253 0.70406 0.402496 2 0.0
0.499694 0.00292 0.428253 12 0.999245
0.426817 0.069774 0.560606 12 0.0
0.395144 0.083155 0.559384 12 0.0
0.42717 0.072714 0.583663 12 0.0
0.458491 0.056394 0.561827 12 0.0
0.426465 0.066835 0.537549 12 0.0
0.797517 0.828589 0.371559 6 0.0
0.414278 0.200496 0.359441 9 0.0
0.216936 0.164716 0.570729 12 0.0
0.170729 0.192119 0.560131 12 0.0
0.213451 0.166889 0.591542 12 0.0
0.263143 0.137312 0.581326 12 0.0
0.22042 0.162542 0.549915 12 0.0
0.069675 0.503587 0.406535 11 0.0
0.828734 0.497232 0.640451 7 0.0
0.830021 0.565951 0.640942 7 0.0
0.858915 0.496671 0.639777 7 0.0
0.827446 0.428513 0.639961 7 0.0
0.798552 0.497792 0.641126 7 0.0
0.479112 0.178305 0.604673 7 0.0
0.407415 0.185722 0.606886 7 0.0
0.476591 0.15392 0.604718 7 0.0
0.550809 0.170888 0.602461 7 0.0
0.481633 0.20269 0.604628 7 0.0
0.180531 0.707555 0.639543 7 0.0
0.713567 0.411406 0.374795 8 0.0
0.118634 0.743543 0.361007 9 0.0
0.112002 0.752027 0.360779 9 0.0
0.102623 0.731041 0.361462 9 0.0
0.125265 0.735058 0.361235 9 0.0
0.134644 0.756045 0.360551 9 0.0
0.274669 0.453957 0.358142 10 1.0
0.336425 0.896055 0.628227 5 0.0
0.815176 0.521309 0.641098 7 0.0
0.808606 0.600788 0.640992 7 0.0
0.8419 0.523517 0.640844 7 0.0
0.821746 0.441829 0.641203 7 0.0
0.788452 0.5191 0.641352 7 0.0
0.239819 0.804888 0.359353 9 0.0
0.668505 0.653257 0.388322 8 0.004602
0.645458 0.675116 0.38661 8 0.004602
0.667309 0.65288 0.399605 8 0.004602
0.691551 0.631398 0.390033 8 0.004602
0.6697 0.653635 0.377038 8 0.004602
0.346239 0.303366 0.365016 10 0.999996
0.068801 0.558306 0.539453 11 0.0
0.069307 0.562684 0.571459 11 0.0
0.069126 0.500421 0.547365 11 0.0
0.068295 0.553928 0.507446 11 0.0
0.068476 0.616191 0.53154 11 0.0
0.616436 0.067588 0.497156 1 0.0
0.637418 0.078532 0.466272 1 0.0
0.647491 0.084674 0.524308 1 0.0
0.595455 0.056643 0.528041 1 0.0
0.585382 0.050501 0.470004 1 0.0
0.125378 0.348548 0.479563 11 1e-06
0.127524 0.366702 0.482929 11 1e-06
0.126981 0.341911 0.514337 11 1e-06
0.123233 0.330393 0.476197 11 1e-06
0.123776 0.355185 0.444788 11 1e-06
0.384015 0.925084 0.612646 4 0.0
0.929337 0.302073 0.382952 2 0.025491
0.930231 0.320054 0.384211 2 0.025491
0.929729 0.301438 0.391728 2 0.025491
0.928443 0.284091 0.381693 2 0.025491
0.928945 0.302707 0.374176 2 0.025491
0.929972 0.632948 0.445689 2 0.0
0.92916 0.669489 0.44835 2 0.0
0.931078 0.630951 0.473446 2 0.0
0.930784 0.596406 0.443029 2 0.0
0.928866 0.634944 0.417932 2 0.0
0.482814 0.988375 0.363006 4 0.999997
0.176322 0.51856 0.621196 7 0.0
0.152045 0.510069 0.622637 7 0.0
0.194972 0.465183 0.620854 7 0.0
0.200598 0.527052 0.619756 7 0.0
0.157671 0.571937 0.621539 7 0.0
0.723234 0.441952 0.379368 8 0.0
0.731879 0.468051 0.379349 8 0.0
0.721969 0.442378 0.388775 8 0.0
0.71459 0.415854 0.379386 8 0.0
0.724499 0.441527 0.369961 8 0.0
0.632341 0.685744 0.432534 8 0.0
0.60124 0.703977 0.433926 8 0.0
0.632472 0.684101 0.45698 8 0.0
0.663443 0.667512 0.431142 8 0.0
0.63221 0.687388 0.408088 8 0.0
0.457107 0.746453 0.533552 8 0.0
0.432746 0.738851 0.535856 8 0.0
0.461239 0.743601 0.56782 8 0.0
0.481468 0.754056 0.531248 8 0.0
0.452975 0.749306 0.499284 8 0.0
0.677935 0.894272 0.594078 6 0.0
0.15364 0.243928 0.370224 9 0.0
0.081745 0.751445 0.502312 4 0.000274
0.929359 0.471264 0.568279 2 0.0
0.072468 0.264069 0.458061 11 0.002822
0.926308 0.393789 0.372859 2 0.999962
0.07246 0.731324 0.515812 11 0.0
0.072869 0.739109 0.516254 11 0.0
0.070614 0.730134 0.538488 11 0.0
0.072052 0.723539 0.515371 11 0.0
0.074306 0.732514 0.493137 11 0.0
0.804344 0.827056 0.400091 6 0.0
0.268048 0.172182 0.360682 9 0.0
0.714185 0.380662 0.375417 8 0.0
0.723718 0.395212 0.372462 8 0.0
0.714519 0.38191 0.382639 8 0.0
0.704652 0.366112 0.378372 8 0.0
0.713851 0.379414 0.368195 8 0.0
0.071031 0.437246 0.572753 11 0.0
0.071455 0.496627 0.582471 11 0.0
0.070366 0.433852 0.593522 11 0.0
0.070608 0.377864 0.563035 11 0.0
0.071697 0.44064 0.551984 11 0.0
0.2731 0.463102 0.621288 8 0.0
0.926953 0.681607 0.393374 2 1.1e-05
0.926117 0.70503 0.389931 2 1.1e-05
0.927639 0.68333 0.404927 2 1.1e-05
0.927789 0.658185 0.396817 2 1.1e-05
0.926268 0.679885 0.381821 2 1.1e-05
0.070708 0.605884 0.591145 11 0.0
0.877233 0.553127 0.355843 9 0.039473
0.28667 0.409892 0.392627 8 0.0
0.278283 0.433359 0.390594 8 0.0
0.287026 0.411106 0.405169 8 0.0
0.295057 0.386425 0.39466 8 0.0
0.286313 0.408678 0.380085 8 0.0
0.733384 0.724941 0.642807 7 0.0
0.754991 0.745211 0.642552 7 0.0
0.786621 0.668195 0.643048 7 0.0
0.711777 0.70467 0.643063 7 0.0
0.680147 0.781686 0.642567 7 0.0
0.070089 0.38992 0.381784 11 0.0
0.546671 0.97019 0.366338 6 0.790545
0.275997 0.128817 0.513678 12 0.0
0.21368 0.16542 0.511847 12 0.0
0.27559 0.130094 0.553049 12 0.0
0.338314 0.092213 0.515508 12 0.0
0.276403 0.127539 0.474306 12 0.0
0.298483 0.721666 0.356389 9 0.0
0.929102 0.373177 0.602825 2 0.0
0.377897 0.296943 0.360818 10 0.987148
0.677158 0.657123 0.356599 10 0.897193
0.718586 0.454686 0.601501 7 0.0
0.071733 0.606628 0.495471 11 0.0
0.072958 0.652197 0.502845 11 0.0
0.072816 0.599786 0.537575 11 0.0
0.070508 0.56106 0.488097 11 0.0
0.07065 0.613471 0.453367 11 0.0
0.387703 0.927377 0.613611 4 0.0
0.474291 0.725756 0.58444 8 0.0
0.430568 0.720345 0.593069 8 0.0
0.477429 0.729613 0.602758 8 0.0
0.518014 0.731167 0.57581 8 0.0
0.471153 0.721899 0.566122 8 0.0
0.689421 0.389388 0.582051 8 0.0
0.713883 0.429529 0.578887 8 0.0
0.692659 0.388921 0.601157 8 0.0
0.664959 0.349247 0.585216 8 0.0
0.686183 0.389855 0.562945 8 0.0
0.912996 0.570225 0.609234 2 1e-06
0.722279 0.436034 0.354881 10 0.996682
0.492618 0.730851 0.642445 8 0.999855
0.341047 0.200447 0.422585 8 0.0
0.389932 0.29292 0.357892 10 0.886458
0.732378 0.525442 0.630727 8 0.0
0.271568 0.813151 0.35942 9 0.0
0.262891 0.444545 0.57319 8 0.0
0.201835 0.635632 0.356987 9 0.0
0.232507 0.704847 0.357221 9 0.0
0.17378 0.648062 0.357447 9 0.0
0.171164 0.566417 0.356752 9 0.0
0.229891 0.623201 0.356526 9 0.0
0.15041 0.796346 0.3758 4 3.3e-05
0.353982 0.880063 0.638966 7 0.0
0.205037 0.822566 0.365921 4 0.308393
0.727206 0.610662 0.63938 8 0.929357
0.699529 0.237393 0.64362 7 0.0
0.754382 0.280191 0.643829 7 0.0
0.718303 0.213334 0.64316 7 0.0
0.644676 0.194594 0.643411 7 0.0
0.680755 0.261451 0.644081 7 0.0
0.284734 0.44205 0.470436 8 0.0
0.277837 0.475302 0.475309 8 0.0
0.28753 0.437506 0.505396 8 0.0
0.291632 0.408799 0.465562 8 0.0
0.281939 0.446594 0.435475 8 0.0
0.538916 0.726925 0.605619 8 0.0
0.499958 0.729771 0.604068 8 0.0
0.538449 0.727725 0.618825 8 0.0
0.577875 0.724078 0.60717 8 0.0
0.539384 0.726125 0.592413 8 0.0
0.230354 0.841902 0.39324 4 0.0
0.426473 0.951446 0.359903 4 0.989319
0.105125 0.426667 0.357712 9 0.0
0.265458 0.570349 0.357733 9 0.0
0.728617 0.447195 0.356132 8 0.406217
0.655895 0.313302 0.64387 7 0.0
0.281636 0.426064 0.4072 8 0.0
0.274681 0.444971 0.4013 8 0.0
0.281254 0.431106 0.423808 8 0.0
0.28859 0.407157 0.4131 8 0.0
0.282017 0.421021 0.390592 8 0.0
0.503332 0.733647 0.512058 8 0.0
0.473155 0.731924 0.510883 8 0.0
0.501814 0.732976 0.552021 8 0.0
0.533509 0.73537 0.513233 8 0.0
0.50485 0.734318 0.472095 8 0.0
0.213957 0.833825 0.372481 4 0.121618
0.407688 0.933469 0.359972 9 0.088309
0.615257 0.297385 0.639582 8 0.015973
0.922757 0.348432 0.360794 9 0.0
0.617952 0.254429 0.357747 10 0.0
0.339126 0.675078 0.355523 10 0.984511
0.412653 0.28424 0.357693 10 0.7787
0.931737 0.334713 0.485852 2 0.0
0.93208 0.360305 0.48099 2 0.0
0.931828 0.34221 0.525318 2 0.0
0.931393 0.30912 0.490714 2 0.0
0.931645 0.327216 0.446386 2 0.0
0.147328 0.384566 0.359333 9 0.0
0.121856 0.383919 0.358363 9 0.0
0.145876 0.440286 0.360283 9 0.0
0.172799 0.385214 0.360302 9 0.0
0.148779 0.328847 0.358382 9 0.0
0.559554 0.038935 0.534604 1 0.0
0.578704 0.048396 0.525055 1 0.0
0.568194 0.043984 0.556931 1 0.0
0.540404 0.029474 0.544153 1 0.0
0.550915 0.033887 0.512276 1 0.0
0.071618 0.751338 0.440642 4 0.999987
0.472188 0.979937 0.364151 4 0.999925
0.073596 0.363136 0.509916 11 0.0
0.072886 0.392587 0.49422 11 0.0
0.07221 0.381167 0.543809 11 0.0
0.074305 0.333685 0.525612 11 0.0
0.074982 0.345106 0.476023 11 0.0
0.091603 0.351505 0.567981 11 1.0
0.108002 0.351697 0.548795 11 1.0
0.106974 0.390599 0.581511 11 1.0
0.075204 0.351312 0.587167 11 1.0
0.076232 0.31241 0.554451 11 1.0
0.929721 0.660976 0.500768 2 0.0
0.929054 0.689128 0.501449 2 0.0
0.92995 0.660111 0.536791 2 0.0
0.930387 0.632824 0.500088 2 0.0
0.929492 0.661841 0.464746 2 0.0
0.915035 0.755654 0.562609 6 0.0
0.908859 0.758204 0.56062 6 0.0
0.91293 0.757316 0.571273 6 0.0
0.92121 0.753104 0.564598 6 0.0
0.917139 0.753993 0.553945 6 0.0
0.068876 0.700514 0.517342 11 0.0
0.069336 0.715082 0.521701 11 0.0
0.068394 0.691905 0.546165 11 0.0
0.068417 0.685946 0.512984 11 0.0
0.069358 0.709123 0.48852 11 0.0
0.097133 0.236754 0.505222 12 0.0
0.087298 0.243883 0.505237 12 0.0
0.096668 0.236056 0.532895 12 0.0
0.106967 0.229624 0.505207 12 0.0
0.097597 0.237451 0.47755 12 0.0
0.429225 0.095179 0.40935 12 8e-06
0.332229 0.09372 0.385634 12 0.0
0.520728 0.976395 0.466614 6 0.041983
0.928644 0.570158 0.380106 2 0.013111
0.173459 0.806565 0.49954 4 0.0
0.206277 0.826599 0.490908 4 0.0
0.181561 0.810184 0.538743 4 0.0
0.140641 0.78653 0.508173 4 0.0
0.165357 0.802945 0.460338 4 0.0
0.194888 0.174829 0.491217 12 0.0
0.157118 0.197864 0.505194 12 0.0
0.206096 0.168894 0.531287 12 0.0
0.232657 0.151794 0.47724 12 0.0
0.18368 0.180764 0.451147 12 0.0
0.069749 0.252603 0.370328 11 0.999566
0.931954 0.302316 0.464255 2 0.0
0.932584 0.309798 0.497342 2 0.0
0.931348 0.287078 0.467712 2 0.0
0.931324 0.294835 0.431167 2 0.0
0.93256 0.317555 0.460798 2 0.0
0.791575 0.35493 0.643538 7 0.0
0.825419 0.423662 0.643598 7 0.0
0.818078 0.34188 0.643146 7 0.0
0.757732 0.286197 0.643478 7 0.0
0.765072 0.367979 0.64393 7 0.0
0.781313 0.164471 0.485628 1 0.0
0.827782 0.191727 0.473754 1 0.0
0.788283 0.169255 0.523884 1 0.0
0.734845 0.137215 0.497502 1 0.0
0.774343 0.159688 0.447371 1 0.0
0.834348 0.263347 0.638114 3 0.999805
0.84336 0.277682 0.63705 3 0.999805
0.83074 0.265899 0.641929 3 0.999805
0.825336 0.249012 0.639178 3 0.999805
0.837957 0.260795 0.634299 3 0.999805
0.642841 0.148047 0.366963 9 0.0
0.731454 0.866304 0.480179 6 0.0
0.728883 0.868226 0.443209 6 0.0
0.66887 0.902843 0.486431 6 0.0
0.734025 0.864383 0.517148 6 0.0
0.794038 0.829765 0.473927 6 0.0
0.897228 0.766541 0.547731 6 0.0
0.885244 0.773765 0.549322 6 0.0
0.898802 0.765676 0.56351 6 0.0
0.909212 0.759316 0.54614 6 0.0
0.895655 0.767405 0.531952 6 0.0
0.500784 0.961971 0.608548 5 0.000134
0.488632 0.967188 0.603671 5 0.000134
0.492812 0.953466 0.619311 5 0.000134
0.512935 0.956754 0.613425 5 0.000134
0.508755 0.970476 0.597784 5 0.000134
0.074419 0.258439 0.521865 11 3e-06
0.076403 0.250974 0.377207 12 0.051509
0.073041 0.252662 0.37731 12 0.051509
0.076336 0.25039 0.384603 12 0.051509
0.079765 0.249287 0.377104 12 0.051509
0.07647 0.251559 0.369811 12 0.051509
0.406827 0.695883 0.474462 8 0.0
0.435455 0.710898 0.467415 8 0.0
0.413326 0.697823 0.504998 8 0.0
0.378199 0.680868 0.481508 8 0.0
0.400328 0.693943 0.443925 8 0.0
0.397649 0.11974 0.360862 9 0.0
0.08617 0.397414 0.630933 7 0.000536
0.931273 0.424166 0.544332 2 0.0
0.931557 0.476946 0.555171 2 0.0
0.931079 0.418406 0.572386 2 0.0
0.930988 0.371386 0.533493 2 0.0
0.931466 0.429926 0.516277 2 0.0
0.929465 0.411108 0.618275 2 0.0
0.110549 0.514844 0.638517 7 0.0
0.663976 0.161567 0.359924 9 0.0
0.07136 0.502613 0.370706 11 0.000146
0.925159 0.466135 0.367706 2 0.288094
0.068422 0.746298 0.401306 11 0.999989
0.439723 0.95894 0.512452 4 0.0
0.457389 0.968834 0.520855 4 0.0
0.427488 0.952495 0.545766 4 0.0
0.422058 0.949045 0.50405 4 0.0
0.451959 0.965384 0.479138 4 0.0
0.490736 0.990714 0.361115 4 0.999675
0.494255 0.994709 0.3607 4 0.999675
0.491458 0.990347 0.363695 4 0.999675
0.487217 0.98672 0.361531 4 0.999675
0.490014 0.991082 0.358535 4 0.999675
0.930702 0.314238 0.520728 2 0.0
0.931729 0.335347 0.517173 2 0.0
0.92994 0.319001 0.548785 2 0.0
0.929675 0.29313 0.524283 2 0.0
0.931463 0.309476 0.492672 2 0.0
0.534772 0.976287 0.373166 6 0.056545
0.518516 0.98192 0.373423 6 0.056545
0.534789 0.97606 0.37922 6 0.056545
0.551028 0.970654 0.372909 6 0.056545
0.534755 0.976513 0.367111 6 0.056545
0.865213 0.788116 0.477009 6 0.0
0.844212 0.801642 0.471473 6 0.0
0.858337 0.793033 0.5151 6 0.0
0.886213 0.774591 0.482546 6 0.0
0.872088 0.783199 0.438918 6 0.0
0.082278 0.56022 0.533957 11 0.0
0.081833 0.568339 0.562499 11 0.0
0.082219 0.499978 0.551091 11 0.0
0.082724 0.552102 0.505414 11 0.0
0.082338 0.620463 0.516822 11 0.0
0.069862 0.714682 0.536705 11 0.0
0.069988 0.726773 0.538112 11 0.0
0.069006 0.712531 0.555266 11 0.0
0.069737 0.702591 0.535298 11 0.0
0.070719 0.716833 0.518145 11 0.0
0.818219 0.794588 0.358554 9 0.0825
0.706297 0.126265 0.627035 1 0.0
0.261684 0.856452 0.545048 4 0.0
0.321895 0.892094 0.551016 4 0.0
0.259297 0.855409 0.575357 4 0.0
0.201473 0.820809 0.53908 4 0.0
0.264071 0.857495 0.514739 4 0.0
0.929941 0.745464 0.368869 2 0.993871
0.930842 0.747747 0.368494 2 0.993871
0.928959 0.746709 0.374096 2 0.993871
0.92904 0.74318 0.369243 2 0.993871
0.930923 0.744218 0.363641 2 0.993871
0.930397 0.655577 0.498065 2 0.0
0.930254 0.682843 0.506315 2 0.0
0.930501 0.644115 0.535947 2 0.0
0.930539 0.62831 0.489815 2 0.0
0.930293 0.667038 0.460183 2 0.0
0.930739 0.441395 0.566695 2 0.0
0.930909 0.49907 0.574845 2 0.0
0.93131 0.438273 0.58878 2 0.0
0.93057 0.383721 0.558546 2 0.0
0.930169 0.444518 0.544611 2 0.0
0.862564 0.450956 0.642473 7 0.0
0.870006 0.506326 0.643008 7 0.0
0.882146 0.448325 0.642342 7 0.0
0.855123 0.395585 0.641938 7 0.0
0.842982 0.453586 0.642604 7 0.0
0.089664 0.345582 0.567189 11 0.0
0.084159 0.37559 0.583908 11 0.0
0.08672 0.337355 0.580985 11 0.0
0.095168 0.315575 0.550469 11 0.0
0.092607 0.35381 0.553392 11 0.0
0.814196 0.504375 0.640805 7 0.0
0.251608 0.693724 0.356857 9 0.0
0.229828 0.709779 0.357333 9 0.0
0.200041 0.623771 0.356854 9 0.0
0.273387 0.677669 0.356382 9 0.0
0.303174 0.763677 0.35686 9 0.0
0.331549 0.648584 0.393961 8 0.0
0.333908 0.646817 0.407285 8 0.0
0.311088 0.626016 0.394591 8 0.0
0.329189 0.650351 0.380638 8 0.0
0.35201 0.671152 0.393331 8 0.0
0.926021 0.577268 0.366877 2 0.618995
0.92694 0.469926 0.363415 2 0.0
0.927818 0.54048 0.602671 2 0.0
0.747044 0.854842 0.573694 6 0.0
0.748866 0.854064 0.59509 6 0.0
0.799857 0.823985 0.568076 6 0.0
0.745223 0.85562 0.552299 6 0.0
0.694231 0.885698 0.579312 6 0.0
0.926454 0.398744 0.560233 2 0.0
0.926894 0.445618 0.572516 2 0.0
0.926251 0.392895 0.582557 2 0.0
0.926014 0.35187 0.547949 2 0.0
0.926656 0.404592 0.537908 2 0.0
0.605405 0.93646 0.530741 6 0.0
0.574135 0.953924 0.506694 6 0.0
0.590705 0.943439 0.554925 6 0.0
0.636676 0.918997 0.554788 6 0.0
0.620106 0.929481 0.506557 6 0.0
0.50334 0.994763 0.361964 6 0.999736
0.501654 0.996374 0.362954 6 0.999736
0.503594 0.993124 0.365065 6 0.999736
0.505026 0.993152 0.360975 6 0.999736
0.503086 0.996402 0.358864 6 0.999736
0.910786 0.276345 0.600836 3 3.4e-05
0.914502 0.290421 0.604694 3 3.4e-05
0.903779 0.276336 0.607618 3 3.4e-05
0.90707 0.262269 0.596979 3 3.4e-05
0.917794 0.276353 0.594055 3 3.4e-05
0.731982 0.173126 0.639469 7 0.0
0.083883 0.505644 0.357903 9 0.154746
0.658734 0.091491 0.379755 1 1e-06
0.849782 0.794098 0.554961 6 0.0
0.823598 0.810997 0.567115 6 0.0
0.855143 0.790569 0.571418 6 0.0
0.875965 0.777199 0.542807 6 0.0
0.84442 0.797627 0.538505 6 0.0
0.085938 0.271059 0.360753 9 0.195592
0.083164 0.284317 0.360826 9 0.195592
0.079004 0.269613 0.359837 9 0.195592
0.088713 0.257801 0.36068 9 0.195592
0.092873 0.272505 0.361669 9 0.195592
0.071869 0.69579 0.475067 11 0.0
0.071689 0.714307 0.476745 11 0.0
0.070474 0.692392 0.512421 11 0.0
0.07205 0.677272 0.47339 11 0.0
0.073264 0.699188 0.437714 11 0.0
0.929757 0.622264 0.577483 2 0.0
0.929456 0.66129 0.56562 2 0.0
0.929842 0.627022 0.593133 2 0.0
0.930059 0.583239 0.589346 2 0.0
0.929672 0.617506 0.561833 2 0.0
0.672356 0.898511 0.528031 6 0.0
0.666445 0.901742 0.561283 6 0.0
0.725537 0.868461 0.540405 6 0.0
0.678268 0.89528 0.494778 6 0.0
0.619175 0.928561 0.515656 6 0.0
0.647719 0.795945 0.643158 7 0.0
0.585411 0.828983 0.643055 7 0.0
0.662581 0.823974 0.6432 7 0.0
0.710026 0.762908 0.643261 7 0.0
0.632857 0.767916 0.643116 7 0.0
0.582144 0.27397 0.361256 10 4.7e-05
0.413521 0.24206 0.357981 9 0.0
0.707729 0.393057 0.643073 8 0.999998
0.070652 0.423799 0.564957 11 0.0
0.070941 0.478569 0.575257 11 0.0
0.070251 0.419522 0.587709 11 0.0
0.070364 0.369029 0.554656 11 0.0
0.071053 0.428076 0.542205 11 0.0
0.269609 0.491177 0.627198 8 0.0
0.313103 0.618228 0.554776 8 0.0
0.326903 0.639876 0.556556 8 0.0
0.310464 0.617559 0.583392 8 0.0
0.299302 0.596581 0.552997 8 0.0
0.315741 0.618898 0.52616 8 0.0
0.854782 0.209537 0.49093 1 0.0
0.834061 0.196156 0.480804 1 0.0
0.840919 0.199731 0.532253 1 0.0
0.875502 0.222918 0.501057 1 0.0
0.868644 0.219343 0.449608 1 0.0
0.923299 0.748135 0.442402 9 0.074655
0.732119 0.133773 0.404499 1 0.0
0.367467 0.085569 0.359495 9 0.657114
0.534164 0.977287 0.419515 6 0.0
0.522711 0.983704 0.421856 6 0.0
0.53744 0.975565 0.440259 6 0.0
0.545616 0.970871 0.417173 6 0.0
0.530887 0.979009 0.39877 6 0.0
0.50235 0.997437 0.364196 6 0.999989
0.930161 0.597987 0.549466 2 0.0
0.930015 0.643412 0.535068 2 0.0
0.930566 0.605754 0.573968 2 0.0
0.930307 0.552561 0.563865 2 0.0
0.929756 0.590219 0.524965 2 0.0
0.347673 0.67945 0.642033 8 0.999883
0.623577 0.075918 0.364996 1 0.989361
0.282039 0.563999 0.603253 8 0.0
0.289151 0.590013 0.60566 8 0.0
0.281078 0.563044 0.61641 8 0.0
0.274926 0.537986 0.600846 8 0.0
0.282999 0.564954 0.590096 8 0.0
0.313175 0.354434 0.359193 8 0.999995
0.715919 0.405048 0.3553 10 0.989708
0.284361 0.856701 0.357281 9 6e-06
0.783586 0.556821 0.355565 9 0.0
0.075806 0.744241 0.383958 4 0.00014
0.931827 0.36634 0.489202 2 0.0
0.932605 0.402149 0.486039 2 0.0
0.931881 0.369889 0.529401 2 0.0
0.931049 0.33053 0.492365 2 0.0
0.931773 0.36279 0.449003 2 0.0
0.621768 0.132072 0.643307 7 0.0
0.930578 0.521787 0.549607 2 0.0
0.929991 0.591121 0.546499 2 0.0
0.930981 0.523063 0.577989 2 0.0
0.931165 0.452453 0.552714 2 0.0
0.930175 0.520512 0.521225 2 0.0
0.36103 0.098058 0.598176 12 0.0
0.792841 0.826938 0.627313 6 0.10645
0.72066 0.571719 0.619003 8 0.0
0.272101 0.473076 0.611709 8 0.0
0.267258 0.503218 0.61005 8 0.0
0.272209 0.473679 0.622351 8 0.0
0.276944 0.442934 0.613368 8 0.0
0.271993 0.472473 0.601067 8 0.0
0.426625 0.273398 0.359458 10 0.565177
0.678029 0.304103 0.644227 7 0.0
0.406111 0.936873 0.568497 4 0.0
0.41219 0.940224 0.585855 4 0.0
0.376063 0.919816 0.582314 4 0.0
0.400032 0.933522 0.55114 4 0.0
0.436159 0.95393 0.554681 4 0.0
0.378883 0.890453 0.358475 9 4.4e-05
0.866184 0.459707 0.35587 9 0.0
0.782258 0.627618 0.357035 9 0.0
0.369067 0.681544 0.393021 8 0.0
0.393172 0.70031 0.394117 8 0.0
0.37007 0.679518 0.40565 8 0.0
0.344962 0.662779 0.391925 8 0.0
0.368064 0.683571 0.380392 8 0.0
0.17411 0.522858 0.357002 9 0.0
0.144671 0.527683 0.356938 9 0.0
0.189688 0.617904 0.357152 9 0.0
0.203548 0.518033 0.357067 9 0.0
0.158532 0.427812 0.356853 9 0.0
0.685022 0.76654 0.356299 9 0.0
0.704146 0.788826 0.356644 9 0.0
0.612871 0.828451 0.356566 9 0.0
0.665897 0.744253 0.355953 9 0.0
0.757172 0.704629 0.356031 9 0.0
0.189721 0.379638 0.358569 9 0.0
0.159603 0.369481 0.359089 9 0.0
0.165944 0.450083 0.357364 9 0.0
0.21984 0.389795 0.358049 9 0.0
0.213499 0.309193 0.359774 9 0.0
0.694868 0.111495 0.394046 1 0.0
0.081511 0.346038 0.360767 9 0.127673
0.690962 0.375348 0.624409 8 0.0
0.095005 0.551212 0.357458 9 0.0
0.423058 0.282251 0.490078 8 0.0
0.430127 0.278261 0.446928 8 0.0
0.397628 0.294054 0.484821 8 0.0
0.415989 0.286242 0.533229 8 0.0
0.448488 0.270449 0.495336 8 0.0
0.554545 0.260712 0.485569 8 0.0
0.582982 0.270054 0.497722 8 0.0
0.538456 0.25795 0.525339 8 0.0
0.526108 0.251369 0.473416 8 0.0
0.570634 0.263473 0.445799 8 0.0
0.724122 0.396687 0.644627 7 0.0
0.258238 0.615063 0.363655 8 0.0
0.773199 0.434284 0.356861 9 0.0
0.144445 0.464242 0.358532 9 0.0
0.409365 0.15386 0.359562 9 0.0
0.341149 0.176992 0.358396 9 0.0
0.41734 0.177335 0.358673 9 0.0
0.47758 0.130728 0.360728 9 0.0
0.401389 0.130385 0.360451 9 0.0
0.798007 0.811328 0.362814 9 0.0
0.229139 0.365768 0.358414 9 0.0
0.901964 0.598627 0.358437 9 0.064465
0.720376 0.527333 0.581076 8 0.0
0.720194 0.574145 0.581979 8 0.0
0.722843 0.526959 0.600937 8 0.0
0.720557 0.480521 0.580172 8 0.0
0.717909 0.527707 0.561214 8 0.0
0.229131 0.540245 0.355856 9 0.0
0.511295 0.274091 0.566025 8 0.0
0.543562 0.27775 0.567799 8 0.0
0.510004 0.273674 0.590379 8 0.0
0.479028 0.270432 0.564251 8 0.0
0.512587 0.274508 0.541672 8 0.0
0.747435 0.654718 0.357103 9 0.0
0.502395 0.26954 0.624748 8 0.0
0.40129 0.714982 0.353613 10 0.998476
0.692606 0.793151 0.356152 9 0.0
0.407174 0.938549 0.606595 4 0.0
0.931935 0.337063 0.479617 2 0.0
0.932314 0.362734 0.473436 2 0.0
0.932348 0.346076 0.517071 2 0.0
0.931557 0.311393 0.485798 2 0.0
0.931522 0.328051 0.442163 2 0.0
0.504489 0.011411 0.487277 1 0.0
0.122872 0.557734 0.494992 11 0.0
0.123301 0.564967 0.53513 11 0.0
0.11858 0.496937 0.505993 11 0.0
0.122444 0.550502 0.454854 11 0.0
0.127164 0.618532 0.483991 11 0.0
0.853061 0.236156 0.360866 9 1.6e-05
0.078592 0.75216 0.443437 4 0.114728
0.487282 0.985592 0.533162 4 0.0
0.49402 0.989467 0.533717 4 0.0
0.485981 0.985098 0.552409 4 0.0
0.480545 0.981716 0.532607 4 0.0
0.488584 0.986085 0.513914 4 0.0
0.073171 0.336566 0.512091 11 0.0
0.071938 0.361152 0.500908 11 0.0
0.07265 0.352122 0.546348 11 0.0
0.074403 0.311979 0.523275 11 0.0
0.073691 0.321009 0.477834 11 0.0
0.60641 0.064494 0.564213 1 0.0
0.612124 0.067489 0.546089 1 0.0
0.640953 0.083361 0.578221 1 0.0
0.600695 0.061499 0.582337 1 0.0
0.571867 0.045628 0.550204 1 0.0
0.913365 0.755771 0.546832 6 0.0
0.906664 0.759486 0.546837 6 0.0
0.91336 0.755745 0.561318 6 0.0
0.920066 0.752056 0.546828 6 0.0
0.913369 0.755797 0.532346 6 0.0
0.108818 0.709863 0.618023 4 0.182558
0.115973 0.726178 0.614779 4 0.182558
0.120809 0.706153 0.625813 4 0.182558
0.101662 0.693549 0.621267 4 0.182558
0.096826 0.713574 0.610233 4 0.182558
0.072439 0.640673 0.49345 11 0.0
0.073279 0.674447 0.502996 11 0.0
0.071727 0.62934 0.533609 11 0.0
0.0716 0.606898 0.483904 11 0.0
0.073151 0.652005 0.453291 11 0.0
0.907154 0.685715 0.558556 2 0.0
0.906558 0.698922 0.572225 2 0.0
0.908668 0.67473 0.569236 2 0.0
0.90775 0.672508 0.544887 2 0.0
0.90564 0.6967 0.547876 2 0.0
0.932578 0.318505 0.481467 2 0.0
0.932628 0.340089 0.481783 2 0.0
0.932181 0.317947 0.519679 2 0.0
0.932528 0.296922 0.481151 2 0.0
0.932976 0.319064 0.443255 2 0.0
0.929267 0.50604 0.37811 2 0.0
0.137525 0.785468 0.470851 4 0.0
0.160243 0.799102 0.472592 4 0.0
0.135674 0.784037 0.506214 4 0.0
0.114808 0.771833 0.46911 4 0.0
0.139377 0.786899 0.435488 4 0.0
0.44748 0.960261 0.592454 4 0.0
0.069661 0.748225 0.53077 11 0.999986
0.777694 0.836621 0.57403 6 0.0
0.730846 0.862591 0.583108 6 0.0
0.780307 0.834341 0.594033 6 0.0
0.824543 0.81065 0.564952 6 0.0
0.775082 0.8389 0.554027 6 0.0
0.777244 0.761843 0.356648 9 0.0
0.789625 0.778365 0.356788 9 0.0
0.73167 0.795991 0.357132 9 0.0
0.764862 0.745321 0.356508 9 0.0
0.822817 0.727696 0.356165 9 0.0
0.187552 0.801428 0.614002 4 0.482058
0.201838 0.821855 0.496073 4 0.0
0.244067 0.846962 0.503751 4 0.0
0.196393 0.817999 0.538628 4 0.0
0.159608 0.796748 0.488395 4 0.0
0.207282 0.825711 0.453517 4 0.0
0.92669 0.343486 0.609443 3 0.990266
0.697497 0.883248 0.368123 6 2e-06
0.118328 0.761538 0.396824 4 2.6e-05
0.134298 0.768488 0.39481 4 2.6e-05
0.121278 0.758438 0.409514 4 2.6e-05
0.102359 0.754588 0.398839 4 2.6e-05
0.115378 0.764639 0.384135 4 2.6e-05
0.815291 0.814758 0.563498 6 0.0
0.778579 0.837378 0.578453 6 0.0
0.820791 0.810652 0.583211 6 0.0
0.852003 0.792137 0.548543 6 0.0
0.80979 0.818863 0.543785 6 0.0
0.472016 0.97631 0.557011 4 0.0
0.478554 0.979751 0.567728 4 0.0
0.461467 0.970844 0.565202 4 0.0
0.465478 0.972868 0.546294 4 0.0
0.482566 0.981776 0.54882 4 0.0
0.180616 0.279426 0.638992 7 0.0
0.112198 0.360262 0.626854 7 0.0
0.068397 0.628816 0.361975 11 0.995289
0.889944 0.302626 0.632241 3 0.030572
0.918914 0.398072 0.524794 2 0.0
0.920203 0.44642 0.542131 2 0.0
0.917995 0.388776 0.550786 2 0.0
0.917625 0.349724 0.507457 2 0.0
0.919834 0.407368 0.498802 2 0.0
0.762209 0.849439 0.377788 6 5e-06
0.681542 0.646181 0.498554 8 0.0
0.661274 0.680872 0.497719 8 0.0
0.680809 0.646833 0.543405 8 0.0
0.701809 0.61149 0.499389 8 0.0
0.682274 0.64553 0.453703 8 0.0
0.271107 0.456557 0.377307 8 0.999777
0.274208 0.457625 0.38187 8 0.999777
0.273181 0.4479 0.377924 8 0.999777
0.268007 0.455488 0.372744 8 0.999777
0.269033 0.465213 0.37669 8 0.999777
0.546127 0.80628 0.641985 7 0.0
0.889148 0.415874 0.620485 3 0.000351
0.895018 0.438007 0.616534 3 0.000351
0.899997 0.412615 0.618348 3 0.000351
0.883278 0.39374 0.624436 3 0.000351
0.878299 0.419133 0.622622 3 0.000351
0.916283 0.365951 0.589099 2 0.0
0.397049 0.809242 0.641818 7 0.0
0.387613 0.838366 0.642211 7 0.0
0.472269 0.833605 0.642381 7 0.0
0.406485 0.780118 0.641425 7 0.0
0.321829 0.784879 0.641255 7 0.0
0.221779 0.157871 0.431407 12 0.0
0.17403 0.186565 0.429907 12 0.0
0.220679 0.157329 0.456074 12 0.0
0.269529 0.129177 0.432907 12 0.0
0.22288 0.158413 0.406739 12 0.0
0.927412 0.608249 0.385164 2 0.0
0.485008 0.978251 0.552429 4 5e-06
0.490731 0.982516 0.555312 4 5e-06
0.481715 0.9762 0.562 4 5e-06
0.479285 0.973985 0.549546 4 5e-06
0.488301 0.980301 0.542858 4 5e-06
0.890587 0.231756 0.585411 1 0.0
0.597408 0.940729 0.359617 6 0.93701
0.91827 0.248811 0.570834 3 3.5e-05
0.921614 0.250505 0.573918 3 3.5e-05
0.913473 0.245695 0.577747 3 3.5e-05
0.914926 0.247118 0.56775 3 3.5e-05
0.923067 0.251928 0.563921 3 3.5e-05
0.530789 0.979175 0.477067 6 0.0
0.520112 0.985518 0.477182 6 0.0
0.531027 0.978882 0.515336 6 0.0
0.541465 0.972832 0.476952 6 0.0
0.53055 0.979468 0.438798 6 0.0
0.0702 0.708729 0.534563 11 0.0
0.070556 0.722281 0.538634 11 0.0
0.068798 0.702591 0.555122 11 0.0
0.069844 0.695177 0.530493 11 0.0
0.071602 0.714867 0.514004 11 0.0
0.735982 0.139534 0.583746 1 0.0
0.783097 0.167427 0.579945 1 0.0
0.736999 0.140384 0.602578 1 0.0
0.688867 0.111641 0.587548 1 0.0
0.734966 0.138684 0.564915 1 0.0
0.075548 0.45239 0.6285 11 0.000729
0.843632 0.208955 0.620399 3 0.770118
0.133817 0.2201 0.361484 9 0.999999
0.874038 0.777553 0.599731 6 4.1e-05
0.909986 0.714869 0.457381 2 0.0
0.910997 0.728423 0.458998 2 0.0
0.908064 0.711404 0.487627 2 0.0
0.908975 0.701315 0.455764 2 0.0
0.911907 0.718334 0.427135 2 0.0
0.501713 0.007109 0.414611 1 0.0
0.927366 0.562768 0.616896 2 0.0
0.396574 0.059069 0.574539 12 0.0
0.363163 0.077805 0.589419 12 0.0
0.402147 0.057004 0.589652 12 0.0
0.429986 0.040333 0.559658 12 0.0
0.391002 0.061134 0.559426 12 0.0
0.837288 0.805639 0.469833 6 0.0
0.806797 0.824656 0.472914 6 0.0
0.839931 0.804209 0.504817 6 0.0
0.86778 0.786623 0.466752 6 0.0
0.834646 0.807069 0.434849 6 0.0
0.29003 0.12168 0.583137 12 0.0
0.240459 0.150073 0.583865 12 0.0
0.290558 0.12211 0.602381 12 0.0
0.339601 0.093288 0.582409 12 0.0
0.289501 0.121251 0.563893 12 0.0
0.244237 0.654778 0.639748 7 0.0
0.898229 0.396992 0.640816 3 4e-06
0.327692 0.891024 0.626072 5 0.0
0.867341 0.576025 0.642493 7 0.0
0.92492 0.569311 0.374141 2 1e-06
0.927719 0.749097 0.553009 6 0.997252
0.926156 0.750141 0.552723 6 0.997252
0.925419 0.747129 0.558383 6 0.997252
0.929281 0.748054 0.553295 6 0.997252
0.930018 0.751065 0.547635 6 0.997252
0.930083 0.569712 0.558901 2 0.0
0.929269 0.623272 0.550141 2 0.0
0.930413 0.573652 0.582962 2 0.0
0.930897 0.516151 0.56766 2 0.0
0.929754 0.565771 0.534839 2 0.0
0.241871 0.78272 0.6401 7 0.0
0.682709 0.208193 0.644204 7 0.0
0.66833 0.230957 0.644943 7 0.0
0.628666 0.174059 0.644163 7 0.0
0.697088 0.185429 0.643465 7 0.0
0.736752 0.242327 0.644245 7 0.0
0.902996 0.391271 0.587115 2 0.0
0.903207 0.424728 0.593584 2 0.0
0.902495 0.388731 0.60027 2 0.0
0.902785 0.357814 0.580646 2 0.0
0.903497 0.393811 0.57396 2 0.0
0.172285 0.46359 0.639864 7 0.0
0.164344 0.540314 0.640825 7 0.0
0.140453 0.460307 0.638933 7 0.0
0.180225 0.386865 0.638903 7 0.0
0.204116 0.466872 0.640795 7 0.0
0.503908 0.997148 0.366786 9 0.999675
0.317094 0.178221 0.360426 9 0.0
0.397272 0.291316 0.558125 8 0.0
0.398014 0.292687 0.531027 8 0.0
0.375652 0.303676 0.558159 8 0.0
0.39653 0.289944 0.585222 8 0.0
0.418892 0.278955 0.558091 8 0.0
0.752894 0.718081 0.643672 7 0.0
0.707456 0.767955 0.643762 7 0.0
0.731184 0.698301 0.644129 7 0.0
0.798331 0.668207 0.643582 7 0.0
0.774603 0.737861 0.643215 7 0.0
0.427121 0.279259 0.363926 10 0.978244
0.716707 0.459538 0.559629 8 0.0
0.724478 0.494148 0.571966 8 0.0
0.717143 0.451144 0.582904 8 0.0
0.708937 0.424928 0.547293 8 0.0
0.716272 0.467932 0.536355 8 0.0
0.469367 0.979198 0.355031 9 1.0
0.071962 0.306803 0.469055 11 0.0
0.070431 0.326604 0.470841 11 0.0
0.070055 0.303489 0.504179 11 0.0
0.073492 0.287001 0.46727 11 0.0
0.073868 0.310116 0.433932 11 0.0
0.626814 0.927042 0.498019 6 0.0
0.587163 0.949149 0.48833 6 0.0
0.618661 0.930485 0.539237 6 0.0
0.666465 0.904935 0.507709 6 0.0
0.634967 0.923599 0.456801 6 0.0
0.929497 0.630574 0.593176 2 0.0
0.692171 0.83173 0.641842 7 0.0
0.540434 0.269614 0.367141 10 0.023377
0.073333 0.400911 0.360102 11 0.995818
0.581837 0.04897 0.370716 1 0.121378
0.460179 0.756842 0.642616 7 0.0
0.07168 0.383484 0.606083 11 0.0
0.409337 0.285525 0.594269 8 0.0
0.407854 0.285314 0.578248 8 0.0
0.375977 0.30556 0.597092 8 0.0
0.410819 0.285735 0.610291 8 0.0
0.442696 0.265489 0.591446 8 0.0
0.072597 0.307233 0.486293 11 0.0
0.07111 0.325316 0.482072 11 0.0
0.070631 0.316035 0.524696 11 0.0
0.074084 0.28915 0.490514 11 0.0
0.074562 0.298431 0.44789 11 0.0
0.300362 0.612443 0.356046 8 0.999999
0.776083 0.804629 0.368428 9 0.98191
0.304933 0.379379 0.524397 8 0.0
0.286412 0.424932 0.521842 8 0.0
0.303649 0.380899 0.560794 8 0.0
0.323454 0.333826 0.526953 8 0.0
0.306217 0.377859 0.488001 8 0.0
0.86759 0.258366 0.629202 3 0.012312
0.757326 0.497225 0.643971 7 0.0
0.56692 0.073752 0.359793 9 0.003774
0.89278 0.376576 0.568409 2 0.0
0.530536 0.269153 0.357723 8 0.999997
0.720419 0.432745 0.364801 8 0.997945
0.492969 0.727286 0.594148 8 0.0
0.450993 0.72397 0.598608 8 0.0
0.494573 0.728202 0.609927 8 0.0
0.534945 0.730603 0.589689 8 0.0
0.491365 0.72637 0.578369 8 0.0
0.398252 0.706819 0.618658 8 0.0
0.419283 0.710988 0.620082 8 0.0
0.39739 0.708097 0.627648 8 0.0
0.377222 0.702649 0.617233 8 0.0
0.399115 0.705541 0.609667 8 0.0
0.712842 0.613066 0.639311 7 0.0
0.422236 0.278465 0.360466 10 0.723413
0.682595 0.643425 0.35595 10 0.979262
0.502711 0.767674 0.355666 9 0.0
0.258415 0.81906 0.358661 9 0.0
0.809247 0.53674 0.35525 9 0.0
0.301926 0.878035 0.499777 4 0.0
0.309129 0.882044 0.54174 4 0.0
0.242369 0.842115 0.513431 4 0.0
0.294724 0.874026 0.457814 4 0.0
0.361483 0.913955 0.486123 4 0.0
0.925599 0.616529 0.371619 2 1e-06
0.913466 0.277362 0.467435 2 2e-06
0.081382 0.748876 0.360607 9 0.642023
0.075979 0.745249 0.35954 9 0.642023
0.083056 0.745898 0.36226 9 0.642023
0.086785 0.752504 0.361675 9 0.642023
0.079709 0.751855 0.358955 9 0.642023
0.095002 0.372252 0.613243 11 1e-06
0.495429 0.025279 0.362777 9 0.0
0.483397 0.027309 0.362377 9 0.0
0.496534 0.031993 0.363607 9 0.0
0.507461 0.023248 0.363177 9 0.0
0.494323 0.018565 0.361947 9 0.0
0.27809 0.515671 0.52129 8 0.0
0.280359 0.557419 0.521904 8 0.0
0.276977 0.515199 0.557483 8 0.0
0.275821 0.473924 0.520675 8 0.0
0.279203 0.516144 0.485097 8 0.0
0.26012 0.487927 0.629776 8 0.001314
0.25829 0.504991 0.628388 8 0.001314
0.265052 0.488767 0.633602 8 0.001314
0.26195 0.470862 0.631164 8 0.001314
0.255188 0.487087 0.625949 8 0.001314
0.584055 0.291179 0.56166 8 0.0
0.636739 0.330507 0.549536 8 0.0
0.588181 0.29282 0.58491 8 0.0
0.531371 0.251851 0.573784 8 0.0
0.57993 0.289538 0.538411 8 0.0
0.108261 0.319419 0.394911 11 0.998928
0.113611 0.345966 0.40777 11 0.998928
0.120406 0.317484 0.393855 11 0.998928
0.102912 0.292873 0.382053 11 0.998928
0.096117 0.321355 0.395968 11 0.998928
0.723049 0.873022 0.390932 6 0.0
0.707962 0.303513 0.357551 9 0.0
0.542723 0.752293 0.358921 10 0.0
0.49918 0.248962 0.642475 7 0.0
0.686409 0.655334 0.642465 8 9.5e-05
0.668469 0.903742 0.412502 6 0.0
0.493857 0.171093 0.642037 8 0.0
0.566368 0.169519 0.641975 8 0.0
0.493172 0.139491 0.642083 8 0.0
0.421347 0.172667 0.6421 8 0.0
0.494543 0.202695 0.641992 8 0.0
0.642118 0.145634 0.359583 9 0.0
0.762755 0.548203 0.643465 7 0.0
0.589055 0.745517 0.359128 10 0.0
0.280543 0.357539 0.375111 9 0.0
0.643487 0.685099 0.606735 8 0.0
0.93207 0.327934 0.480155 2 0.0
0.932358 0.352235 0.481018 2 0.0
0.932601 0.326577 0.518179 2 0.0
0.931782 0.303634 0.479291 2 0.0
0.931539 0.329292 0.442131 2 0.0
0.100851 0.479582 0.588035 11 0.0
0.559993 0.039827 0.545937 1 0.0
0.577047 0.049677 0.565403 1 0.0
0.548485 0.034295 0.558818 1 0.0
0.542938 0.029976 0.526471 1 0.0
0.5715 0.045358 0.533056 1 0.0
0.074565 0.372403 0.606495 11 0.000203
0.072457 0.73403 0.358746 9 0.993556
0.072253 0.725054 0.358301 9 0.993556
0.074959 0.733892 0.36039 9 0.993556
0.07266 0.743005 0.359192 9 0.993556
0.069954 0.734168 0.357102 9 0.993556
0.49763 0.006581 0.469913 12 0.0
0.077322 0.594165 0.541706 11 0.0
0.077191 0.599457 0.570721 11 0.0
0.076286 0.544858 0.550694 11 0.0
0.077452 0.588873 0.512691 11 0.0
0.078358 0.643472 0.532718 11 0.0
0.839266 0.204741 0.361074 9 0.817878
0.188842 0.813875 0.506738 4 0.0
0.227531 0.838087 0.511467 4 0.0
0.185985 0.810717 0.546279 4 0.0
0.150153 0.789663 0.502009 4 0.0
0.191699 0.817032 0.467197 4 0.0
0.090974 0.241569 0.545638 12 0.0
0.083209 0.245097 0.547367 12 0.0
0.093829 0.240086 0.561486 12 0.0
0.09874 0.238041 0.543909 12 0.0
0.08812 0.243053 0.529791 12 0.0
0.840761 0.799306 0.591377 6 0.0
0.072832 0.319879 0.475856 11 0.0
0.073724 0.342681 0.477552 11 0.0
0.073939 0.317104 0.512594 11 0.0
0.071939 0.297077 0.474161 11 0.0
0.071724 0.322654 0.439118 11 0.0
0.075291 0.745533 0.408713 4 0.191533
0.07163 0.707897 0.449291 11 0.0
0.071218 0.722516 0.451245 11 0.0
0.070112 0.703857 0.479203 11 0.0
0.072042 0.693277 0.447338 11 0.0
0.073149 0.711936 0.419379 11 0.0
0.070239 0.610006 0.545784 11 0.0
0.069898 0.617215 0.571625 11 0.0
0.070555 0.568982 0.557234 11 0.0
0.070579 0.602797 0.519943 11 0.0
0.069923 0.65103 0.534335 11 0.0
0.855723 0.313736 0.638806 7 0.0
0.929854 0.6189 0.557588 2 0.0
0.929584 0.626577 0.578898 2 0.0
0.929672 0.579504 0.571777 2 0.0
0.930124 0.611224 0.536277 2 0.0
0.930036 0.658297 0.543398 2 0.0
0.929535 0.253165 0.364791 2 0.999968
0.928026 0.255211 0.365117 2 0.999968
0.929535 0.252476 0.369122 2 0.999968
0.931044 0.25112 0.364465 2 0.999968
0.929534 0.253855 0.360461 2 0.999968
0.522194 0.984313 0.472768 6 0.0
0.929144 0.468834 0.363872 2 0.992968
0.107277 0.769634 0.442433 4 0.0
0.119172 0.776377 0.439012 4 0.0
0.113073 0.77326 0.46973 4 0.0
0.095383 0.762892 0.445854 4 0.0
0.101482 0.766009 0.415137 4 0.0
0.48479 0.984885 0.474557 4 0.0
0.236303 0.396406 0.639829 7 0.0
0.11606 0.37811 0.629067 7 0.0
0.715637 0.878006 0.393509 6 0.0
0.726905 0.287349 0.358083 9 0.0
0.627499 0.079222 0.612006 1 0.0
0.418287 0.92427 0.359228 9 9e-06
0.508713 0.013172 0.551904 1 0.0
0.513099 0.014476 0.565861 1 0.0
0.504089 0.010883 0.553572 1 0.0
0.504327 0.011869 0.537948 1 0.0
0.513338 0.015461 0.550237 1 0.0
0.931061 0.608051 0.461426 2 0.0
0.931345 0.65114 0.46854 2 0.0
0.931887 0.602999 0.49199 2 0.0
0.930777 0.564963 0.454311 2 0.0
0.930234 0.613103 0.430862 2 0.0
0.925504 0.515767 0.598311 2 0.0
0.361148 0.905924 0.641274 5 0.999987
0.882437 0.505641 0.357015 9 0.001506
0.255451 0.138645 0.4089 12 0.0
0.075603 0.752243 0.364413 4 0.999998
0.386027 0.927399 0.507582 4 0.0
0.404353 0.935935 0.541371 4 0.0
0.351635 0.907825 0.531179 4 0.0
0.367701 0.918864 0.473792 4 0.0
0.420419 0.946974 0.483984 4 0.0
0.931881 0.251559 0.395617 1 0.999999
0.489268 0.010899 0.525201 12 0.0
0.495645 0.008491 0.526049 12 0.0
0.486689 0.011476 0.54622 12 0.0
0.48289 0.013307 0.524352 12 0.0
0.491847 0.010322 0.504182 12 0.0
0.879266 0.250719 0.615996 3 0.0
0.875888 0.257427 0.622683 3 0.0
0.861708 0.235 0.622895 3 0.0
0.882645 0.244011 0.60931 3 0.0
0.896825 0.266438 0.609098 3 0.0
0.735049 0.14201 0.620285 1 0.0
0.821238 0.810153 0.588045 6 0.0
0.07091 0.648513 0.381813 11 0.0
0.928648 0.700691 0.47794 2 0.0
0.928195 0.716838 0.47757 2 0.0
0.929433 0.70158 0.515822 2 0.0
0.9291 0.684543 0.478309 2 0.0
0.927863 0.699801 0.440057 2 0.0
0.88415 0.434595 0.643205 7 0.0
0.214413 0.675299 0.639167 7 0.0
0.252968 0.735741 0.640786 7 0.0
0.188381 0.691893 0.639592 7 0.0
0.175858 0.614857 0.637549 7 0.0
0.240444 0.658705 0.638743 7 0.0
0.795947 0.810388 0.361143 9 0.0
0.903014 0.390224 0.638788 3 0.000416
0.069796 0.371164 0.597603 11 0.0
0.278963 0.544604 0.393872 8 0.0
0.280422 0.542138 0.406077 8 0.0
0.271649 0.512455 0.38825 8 0.0
0.277504 0.547071 0.381667 8 0.0
0.286277 0.576754 0.399495 8 0.0
0.849096 0.207703 0.358903 9 0.991362
0.073424 0.581045 0.530576 11 0.0
0.073694 0.586151 0.560916 11 0.0
0.073619 0.528951 0.539341 11 0.0
0.073154 0.575939 0.500235 11 0.0
0.073228 0.633138 0.521811 11 0.0
0.073241 0.26641 0.480693 11 0.0084
0.905866 0.762073 0.474702 6 0.0
0.928341 0.53925 0.597094 2 0.0
0.761143 0.844164 0.622601 6 0.0
0.905194 0.416015 0.586937 2 0.0
0.502701 0.995309 0.37089 6 0.999318
0.501225 0.99752 0.370752 6 0.999318
0.502072 0.9953 0.377488 6 0.999318
0.504178 0.993098 0.371028 6 0.999318
0.503331 0.995318 0.364292 6 0.999318
0.260917 0.191787 0.637598 7 0.0
0.668053 0.33899 0.622173 8 0.0
0.651899 0.086744 0.364005 1 0.172526
0.272852 0.486735 0.579486 8 0.0
0.26947 0.519694 0.584252 8 0.0
0.271724 0.483756 0.599284 8 0.0
0.276233 0.453776 0.57472 8 0.0
0.273979 0.489714 0.559687 8 0.0
0.556984 0.253499 0.358057 9 0.0
0.095476 0.533753 0.358964 9 4e-06
0.66576 0.094191 0.381356 1 0.0
0.74268 0.706116 0.643184 7 0.0
0.695106 0.758868 0.642624 7 0.0
0.72324 0.68859 0.643694 7 0.0
0.790253 0.653364 0.643744 7 0.0
0.76212 0.723642 0.642674 7 0.0
0.84279 0.202555 0.479222 1 0.0
0.861572 0.215114 0.496074 1 0.0
0.820606 0.188247 0.514608 1 0.0
0.824009 0.189997 0.46237 1 0.0
0.864974 0.216863 0.443836 1 0.0
0.072875 0.737273 0.464922 11 0.000866
0.894593 0.437619 0.64727 3 0.999996
0.481083 0.981767 0.380475 4 0.004187
0.470935 0.976631 0.380195 4 0.004187
0.480971 0.981523 0.389011 4 0.004187
0.491231 0.986903 0.380755 4 0.004187
0.481195 0.982011 0.371938 4 0.004187
0.292053 0.214237 0.358934 9 0.0
0.561653 0.278717 0.414733 8 0.0
0.592189 0.288749 0.413128 8 0.0
0.562141 0.280316 0.434008 8 0.0
0.531117 0.268685 0.416339 8 0.0
0.561165 0.277118 0.395458 8 0.0
0.071046 0.385978 0.615545 11 0.050662
0.268463 0.479491 0.636756 8 1.1e-05
0.071988 0.372222 0.607174 11 1e-06
0.241337 0.329421 0.359799 9 0.0
0.067098 0.678417 0.37142 11 0.999657
0.916973 0.755899 0.394558 6 0.0
0.910798 0.759548 0.394472 6 0.0
0.917413 0.756963 0.408112 6 0.0
0.923149 0.752251 0.394644 6 0.0
0.916534 0.754835 0.381005 6 0.0
0.727136 0.474971 0.418401 8 0.0
0.733946 0.503714 0.409794 8 0.0
0.725259 0.481361 0.438254 8 0.0
0.720327 0.446228 0.427008 8 0.0
0.729014 0.468582 0.398548 8 0.0
0.622893 0.305009 0.385845 8 0.0
0.645346 0.321376 0.386293 8 0.0
0.622273 0.305575 0.396251 8 0.0
0.60044 0.288643 0.385398 8 0.0
0.623513 0.304443 0.375439 8 0.0
0.452479 0.242078 0.642042 7 0.0
0.323312 0.352998 0.523766 8 0.0
0.302146 0.389863 0.523141 8 0.0
0.322306 0.353043 0.560606 8 0.0
0.344478 0.316132 0.52439 8 0.0
0.324319 0.352952 0.486925 8 0.0
0.919711 0.552191 0.367732 2 0.00066
0.553743 0.718462 0.555171 8 0.0
0.516245 0.727268 0.563204 8 0.0
0.559616 0.718579 0.582455 8 0.0
0.59124 0.709656 0.547137 8 0.0
0.54787 0.718344 0.527886 8 0.0
0.079877 0.674879 0.595135 11 0.0
0.380197 0.066821 0.514221 12 0.0
0.344731 0.085407 0.532741 12 0.0
0.393676 0.060709 0.546169 12 0.0
0.415664 0.048235 0.495702 12 0.0
0.366719 0.072933 0.482274 12 0.0
0.070427 0.670516 0.381002 11 0.0
0.722245 0.543221 0.482271 8 0.0
0.719006 0.57192 0.481808 8 0.0
0.720125 0.543641 0.523104 8 0.0
0.725485 0.514522 0.482734 8 0.0
0.724366 0.542801 0.441438 8 0.0
0.365437 0.835754 0.641054 7 0.0
0.72254 0.166808 0.644903 7 1.1e-05
0.359762 0.315366 0.362249 10 1.0
0.73957 0.483137 0.643744 7 0.0
0.2928 0.66524 0.641396 7 0.0
0.633473 0.077905 0.362669 9 0.982748
0.726372 0.136062 0.618981 1 0.0
0.681859 0.356431 0.36037 10 0.976804
0.927878 0.468346 0.372132 2 0.555492
0.554688 0.203429 0.399925 8 0.0
0.419443 0.793996 0.356525 9 0.0
0.575107 0.239767 0.395984 8 0.0
0.659801 0.666115 0.498916 8 0.0
0.659608 0.666671 0.455415 8 0.0
0.638383 0.689667 0.499312 8 0.0
0.659995 0.66556 0.542416 8 0.0
0.68122 0.642563 0.49852 8 0.0
0.734261 0.135282 0.395031 1 0.0
0.541038 0.768125 0.389651 8 0.0
0.926486 0.475796 0.365661 2 0.326129
0.81532 0.460087 0.356722 9 0.0
0.069468 0.318201 0.359189 11 0.999191
0.772178 0.201948 0.360848 9 0.0
0.721784 0.872139 0.375911 6 2.5e-05
0.507995 0.01174 0.544512 1 0.0
0.513375 0.014385 0.544528 1 0.0
0.507792 0.012065 0.558988 1 0.0
0.502615 0.009095 0.544496 1 0.0
0.508197 0.011415 0.530035 1 0.0
0.077375 0.358575 0.609558 11 0.081548
0.515605 0.01364 0.476115 1 0.0
0.931299 0.691462 0.357459 2 0.999982
0.763651 0.849305 0.395393 6 0.0
0.498049 0.955009 0.614701 5 0.0
0.477316 0.953585 0.617937 5 0.0
0.500128 0.946502 0.624275 5 0.0
0.518783 0.956432 0.611464 5 0.0
0.495971 0.963515 0.605127 5 0.0
0.072 0.750169 0.394816 4 0.947358
0.534678 0.9562 0.532343 6 0.0
0.522624 0.967415 0.529044 6 0.0
0.531537 0.959389 0.554665 6 0.0
0.546732 0.944985 0.535641 6 0.0
0.53782 0.953011 0.51002 6 0.0
0.071162 0.373654 0.612186 11 0.91404
0.924905 0.508081 0.399407 2 0.0
0.071022 0.732033 0.410596 11 0.00923
0.07047 0.739359 0.410927 11 0.00923
0.069773 0.731109 0.428969 11 0.00923
0.071575 0.724707 0.410266 11 0.00923
0.072272 0.732957 0.392223 11 0.00923
0.815317 0.792628 0.359993 9 0.037753
0.655455 0.093699 0.55128 1 0.0
0.704761 0.121238 0.567091 1 0.0
0.649333 0.090899 0.575249 1 0.0
0.606148 0.066161 0.535469 1 0.0
0.661577 0.0965 0.527311 1 0.0
0.519655 0.984855 0.558679 6 0.005322
0.51409 0.98733 0.547297 6 0.005322
0.512613 0.988734 0.562965 6 0.005322
0.52522 0.982381 0.57006 6 0.005322
0.526697 0.980977 0.554393 6 0.005322
0.875797 0.780484 0.457985 6 0.0
0.858417 0.791463 0.452501 6 0.0
0.86843 0.784723 0.489816 6 0.0
0.893176 0.769505 0.46347 6 0.0
0.883163 0.776245 0.426155 6 0.0
0.803248 0.771326 0.569123 6 0.0
0.919424 0.24674 0.461083 1 0.011982
0.929608 0.649953 0.486332 2 0.0
0.929243 0.681029 0.486518 2 0.0
0.930465 0.649728 0.525547 2 0.0
0.929974 0.618878 0.486145 2 0.0
0.928752 0.650178 0.447117 2 0.0
0.705209 0.87655 0.608768 6 0.0
0.923041 0.474154 0.618122 3 0.000852
0.110732 0.537909 0.638339 7 0.0
0.525392 0.876602 0.640686 7 0.0
0.526965 0.894439 0.641438 7 0.0
0.470677 0.881465 0.639825 7 0.0
0.523819 0.858766 0.639934 7 0.0
0.580107 0.87174 0.641546 7 0.0
0.686253 0.64418 0.57677 8 0.0
0.683907 0.644656 0.556134 8 0.0
0.645066 0.677689 0.582226 8 0.0
0.688599 0.643703 0.597406 8 0.0
0.72744 0.610671 0.571313 8 0.0
0.391922 0.30164 0.38259 8 0.0
0.13975 0.37238 0.639169 7 0.0
0.58089 0.946501 0.595701 6 0.0
0.526809 0.021911 0.572887 1 0.0
0.539676 0.026792 0.582079 1 0.0
0.523876 0.019817 0.578103 1 0.0
0.513942 0.01703 0.563694 1 0.0
0.529741 0.024004 0.56767 1 0.0
0.931931 0.401744 0.400938 2 3e-05
0.503315 0.008629 0.467236 1 0.0
0.875931 0.739871 0.579814 6 0.000648
0.072529 0.294062 0.554529 11 0.0
0.069961 0.307973 0.551102 11 0.0
0.070748 0.297456 0.569639 11 0.0
0.075097 0.280152 0.557955 11 0.0
0.074309 0.290669 0.539418 11 0.0
0.919408 0.270384 0.563332 3 0.0
0.91939 0.273667 0.560702 3 0.0
0.920959 0.277667 0.572411 3 0.0
0.919426 0.267102 0.565963 3 0.0
0.917857 0.263102 0.554254 3 0.0
0.810632 0.813874 0.361593 6 0.999998
0.457036 0.950421 0.616985 5 0.000558
0.432393 0.940444 0.624444 5 0.000558
0.46125 0.945229 0.623966 5 0.000558
0.481678 0.960397 0.609527 5 0.000558
0.452821 0.955612 0.610005 5 0.000558
0.847216 0.24899 0.634046 3 1e-05
0.878858 0.754471 0.366582 9 0.0
0.863171 0.768092 0.363535 9 0.0
0.87385 0.749022 0.36801 9 0.0
0.894545 0.740849 0.369629 9 0.0
0.883867 0.75992 0.365154 9 0.0
0.12655 0.59812 0.638615 7 0.0
0.076814 0.736572 0.373187 11 0.0
0.076148 0.742773 0.373443 11 0.0
0.079918 0.736653 0.379292 11 0.0
0.077481 0.730371 0.37293 11 0.0
0.073711 0.736491 0.367082 11 0.0
0.927698 0.672539 0.520224 2 0.0
0.926859 0.697388 0.517735 2 0.0
0.927504 0.675406 0.548912 2 0.0
0.928537 0.647689 0.522713 2 0.0
0.927893 0.669671 0.491536 2 0.0
0.542136 0.958147 0.415232 6 5e-06
0.530551 0.970298 0.398063 6 5e-06
0.534938 0.96207 0.422865 6 5e-06
0.553722 0.945997 0.4324 6 5e-06
0.549334 0.954225 0.407598 6 5e-06
0.842689 0.802424 0.389905 6 0.0
0.928926 0.441147 0.600145 2 0.0
0.246116 0.69245 0.639932 7 0.0
0.295907 0.759331 0.640542 7 0.0
0.22326 0.70947 0.639528 7 0.0
0.196325 0.62557 0.639323 7 0.0
0.268972 0.675431 0.640336 7 0.0
0.314979 0.617706 0.420002 8 0.0
0.318253 0.616671 0.440712 8 0.0
0.297368 0.588783 0.421341 8 0.0
0.311705 0.618741 0.399293 8 0.0
0.33259 0.646629 0.418664 8 0.0
0.619825 0.865636 0.357523 9 0.0
0.929219 0.265632 0.42414 2 1e-06
0.932008 0.43479 0.409357 2 0.0
0.380281 0.310393 0.375436 8 0.0
0.799429 0.824104 0.577632 6 0.0
0.758569 0.846393 0.589415 6 0.0
0.802922 0.821608 0.594467 6 0.0
0.84029 0.801814 0.56585 6 0.0
0.795936 0.826599 0.560798 6 0.0
0.744791 0.856518 0.554071 6 0.0
0.746794 0.855532 0.581608 6 0.0
0.800114 0.823598 0.548868 6 0.0
0.742787 0.857504 0.526535 6 0.0
0.689468 0.889438 0.559275 6 0.0
0.100563 0.600008 0.387728 11 1e-06
0.927967 0.369536 0.590163 2 0.0
0.236994 0.158002 0.370782 12 0.878508
0.304952 0.385357 0.380834 8 0.0
0.727439 0.52264 0.53929 8 0.0
0.727661 0.549275 0.542248 8 0.0
0.727744 0.519075 0.57137 8 0.0
0.727217 0.496004 0.536333 8 0.0
0.727135 0.526204 0.507211 8 0.0
0.505697 0.992715 0.385568 6 0.002717
0.502355 0.994687 0.385394 6 0.002717
0.506019 0.994209 0.396284 6 0.002717
0.509038 0.990743 0.385742 6 0.002717
0.505374 0.991221 0.374852 6 0.002717
0.138248 0.786119 0.488587 4 0.0
0.158387 0.798051 0.481239 4 0.0
0.148888 0.793125 0.529124 4 0.0
0.118109 0.774187 0.495935 4 0.0
0.127608 0.779114 0.44805 4 0.0
0.087866 0.716518 0.428558 11 0.0
0.087159 0.724442 0.431534 11 0.0
0.094759 0.708848 0.450622 11 0.0
0.088574 0.708595 0.425583 11 0.0
0.080974 0.724189 0.406495 11 0.0
0.913043 0.649214 0.609763 2 0.035337
0.285645 0.406027 0.610729 8 0.0
0.284628 0.177352 0.360227 9 0.0
0.279776 0.471835 0.536713 8 0.0
0.27395 0.516944 0.535414 8 0.0
0.277588 0.472515 0.570158 8 0.0
0.285602 0.426725 0.538012 8 0.0
0.281963 0.471154 0.503268 8 0.0
0.745448 0.622292 0.640269 7 0.0
0.327511 0.646268 0.611917 8 0.0
0.346039 0.671384 0.61132 8 0.0
0.326995 0.646915 0.623128 8 0.0
0.308984 0.621152 0.612514 8 0.0
0.328028 0.645621 0.600706 8 0.0
0.899514 0.23665 0.476067 1 0.0
0.888598 0.230364 0.475291 1 0.0
0.898212 0.234259 0.513756 1 0.0
0.910429 0.242937 0.476843 1 0.0
0.900815 0.239042 0.438378 1 0.0
0.86498 0.229165 0.616688 3 4.1e-05
0.276227 0.422884 0.365745 10 0.965315
0.315193 0.358263 0.365491 10 0.968299
0.826688 0.200932 0.618536 3 0.085968
0.794552 0.443227 0.552429 8 1e-06
0.805287 0.43571 0.525148 8 1e-06
0.820601 0.501473 0.546629 8 1e-06
0.783817 0.450745 0.57971 8 1e-06
0.768503 0.384982 0.558229 8 1e-06
0.270404 0.505243 0.617106 8 0.0
0.270096 0.531329 0.616532 8 0.0
0.270637 0.505449 0.626352 8 0.0
0.270712 0.479157 0.61768 8 0.0
0.270171 0.505037 0.607861 8 0.0
0.530033 0.27686 0.596228 8 0.0
0.565602 0.280933 0.598334 8 0.0
0.52921 0.27601 0.61176 8 0.0
0.494463 0.272787 0.594121 8 0.0
0.530855 0.27771 0.580695 8 0.0
0.581036 0.717246 0.592833 8 0.0
0.543581 0.726563 0.585036 8 0.0
0.57843 0.719721 0.608311 8 0.0
0.618491 0.707929 0.60063 8 0.0
0.583642 0.714771 0.577355 8 0.0
0.116589 0.475706 0.358078 9 0.0
0.563075 0.288917 0.567187 8 0.0
0.600567 0.301663 0.561648 8 0.0
0.566631 0.288427 0.59013 8 0.0
0.525582 0.276171 0.572726 8 0.0
0.559518 0.289407 0.544244 8 0.0
0.290988 0.585854 0.595297 8 0.0
0.301206 0.612136 0.595722 8 0.0
0.290048 0.585968 0.610878 8 0.0
0.28077 0.559573 0.594872 8 0.0
0.291928 0.585741 0.579717 8 0.0
0.411176 0.079423 0.524945 12 0.0
0.374106 0.097673 0.52705 12 0.0
0.413065 0.079216 0.560016 12 0.0
0.448246 0.061173 0.522841 12 0.0
0.409288 0.079631 0.489875 12 0.0
0.52332 0.021173 0.358709 9 0.999827
0.662971 0.329857 0.643317 7 0.85358
0.443922 0.824245 0.642474 7 0.0
0.438122 0.855137 0.642788 7 0.0
0.372125 0.810766 0.642254 7 0.0
0.449723 0.793353 0.642161 7 0.0
0.51572 0.837724 0.642695 7 0.0
0.386701 0.925777 0.55011 4 0.0
0.393138 0.9273 0.577396 4 0.0
0.348732 0.904799 0.560237 4 0.0
0.380265 0.924255 0.522823 4 0.0
0.424671 0.946756 0.539982 4 0.0
0.362604 0.727033 0.395783 10 0.0
0.395304 0.744309 0.392066 10 0.0
0.363372 0.728567 0.409664 10 0.0
0.329905 0.709757 0.399501 10 0.0
0.361837 0.725498 0.381902 10 0.0
0.915081 0.552044 0.359543 9 0.833831
0.483871 0.08568 0.486695 12 0.0
0.468 0.102329 0.483241 12 0.0
0.481037 0.091414 0.52736 12 0.0
0.499743 0.06903 0.490149 12 0.0
0.486705 0.079945 0.446031 12 0.0
0.743278 0.859862 0.461824 6 0.0
0.742438 0.860447 0.429313 6 0.0
0.684155 0.894659 0.463977 6 0.0
0.744119 0.859277 0.494334 6 0.0
0.802402 0.825065 0.45967 6 0.0
0.91139 0.363451 0.614132 2 0.996268
0.571716 0.957123 0.451933 6 0.0
0.553553 0.966365 0.4651 6 0.0
0.587473 0.948166 0.479957 6 0.0
0.58988 0.947881 0.438767 6 0.0
0.55596 0.96608 0.423909 6 0.0
0.092303 0.600085 0.358757 9 0.0
0.912381 0.406381 0.360396 9 0.016373
0.760423 0.598131 0.356464 9 0.0
0.51169 0.241446 0.561952 8 0.0
0.513647 0.244829 0.585999 8 0.0
0.462279 0.220456 0.568926 8 0.0
0.509733 0.238063 0.537904 8 0.0
0.5611 0.262436 0.554977 8 0.0
0.625922 0.070611 0.469 1 0.0
0.664483 0.092467 0.471223 1 0.0
0.624286 0.070034 0.50305 1 0.0
0.587361 0.048756 0.466776 1 0.0
0.627558 0.071189 0.434949 1 0.0
0.405839 0.709728 0.620025 8 0.0
0.837996 0.197768 0.374983 1 0.033777
0.777651 0.458295 0.35669 9 0.0
0.930587 0.568663 0.433835 2 0.0
0.931189 0.624167 0.435149 2 0.0
0.93138 0.568082 0.458006 2 0.0
0.929985 0.513158 0.432521 2 0.0
0.929794 0.569243 0.409664 2 0.0
0.294228 0.405762 0.485386 8 0.0
0.282521 0.433647 0.489006 8 0.0
0.296673 0.401616 0.525222 8 0.0
0.305936 0.377876 0.481766 8 0.0
0.291784 0.409907 0.44555 8 0.0
0.277165 0.39226 0.356629 8 0.0
0.748295 0.558178 0.623899 8 0.964246
0.468431 0.251312 0.633814 8 0.88682
0.269834 0.372068 0.369839 9 0.0
0.931725 0.486432 0.402648 2 0.0
0.273724 0.449837 0.37774 8 0.0
0.257201 0.435389 0.641377 7 1e-06
0.249072 0.347012 0.372509 9 0.0
0.220924 0.392528 0.369631 9 0.0
0.26724 0.358113 0.370376 9 0.0
0.27722 0.301496 0.375386 9 0.0
0.230903 0.335911 0.374641 9 0.0
0.815588 0.215534 0.604364 3 1e-06
0.812584 0.218887 0.611735 3 1e-06
0.798447 0.196194 0.606177 3 1e-06
0.818592 0.21218 0.596992 3 1e-06
0.832728 0.234874 0.60255 3 1e-06
0.540651 0.973816 0.453135 6 0.0
0.527121 0.981652 0.454415 6 0.0
0.542807 0.972474 0.484132 6 0.0
0.554181 0.965979 0.451854 6 0.0
0.538495 0.975157 0.422137 6 0.0
0.071093 0.51351 0.614661 11 0.0
0.823667 0.809874 0.570365 6 0.0
0.789261 0.82969 0.584772 6 0.0
0.828597 0.806012 0.58745 6 0.0
0.858072 0.790057 0.555958 6 0.0
0.818736 0.813735 0.553279 6 0.0
0.50021 0.996249 0.372529 4 0.999999
0.071889 0.330044 0.485544 11 0.0
0.073068 0.355615 0.487475 11 0.0
0.072052 0.32709 0.524564 11 0.0
0.070709 0.304473 0.483614 11 0.0
0.071726 0.332997 0.446524 11 0.0
0.929938 0.582024 0.546921 2 0.0
0.930146 0.631619 0.53551 2 0.0
0.930426 0.588255 0.574011 2 0.0
0.92973 0.53243 0.558331 2 0.0
0.92945 0.575794 0.519831 2 0.0
0.069958 0.690135 0.372585 11 0.410662
0.072032 0.669545 0.49097 11 0.0
0.072713 0.69116 0.500189 11 0.0
0.070233 0.652136 0.531919 11 0.0
0.07135 0.64793 0.481751 11 0.0
0.07383 0.686954 0.45002 11 0.0
0.071824 0.708553 0.579823 11 3e-06
0.927656 0.255046 0.40416 2 3e-06
0.92886 0.490687 0.361452 2 0.99863
0.923451 0.396828 0.631654 3 0.617624
0.189493 0.813568 0.572529 4 0.0
0.227253 0.833625 0.58739 4 0.0
0.183709 0.811319 0.59026 4 0.0
0.151733 0.793512 0.557668 4 0.0
0.195276 0.815818 0.554797 4 0.0
0.791843 0.173372 0.561853 1 0.0
0.836171 0.200012 0.548537 1 0.0
0.796151 0.177514 0.584479 1 0.0
0.747516 0.146732 0.575169 1 0.0
0.787535 0.169231 0.539227 1 0.0
0.192332 0.321623 0.63928 7 0.0
0.160899 0.376471 0.63944 7 0.0
0.171371 0.309609 0.639993 7 0.0
0.223764 0.266776 0.63912 7 0.0
0.213293 0.333638 0.638568 7 0.0
0.07018 0.598533 0.551534 11 0.0
0.070003 0.606909 0.57585 11 0.0
0.07007 0.552021 0.567554 11 0.0
0.070357 0.590157 0.527218 11 0.0
0.070289 0.645045 0.535514 11 0.0
0.373563 0.20511 0.640052 7 0.0
0.384967 0.231923 0.640837 7 0.0
0.36216 0.178297 0.639266 7 0.0
0.296171 0.238026 0.64002 7 0.0
0.661559 0.097816 0.611514 1 0.0
0.11541 0.32597 0.639191 7 0.990716
0.898811 0.395547 0.582256 2 0.0
0.917898 0.455052 0.617114 3 2.2e-05
0.894082 0.370544 0.638626 3 0.00247
0.925945 0.710228 0.369667 2 0.009408
0.928564 0.438524 0.37355 2 1e-06
0.757565 0.307017 0.358426 9 0.0
0.734465 0.324001 0.358131 9 0.0
0.805426 0.3721 0.357717 9 0.0
0.780664 0.290033 0.35872 9 0.0
0.709703 0.241934 0.359134 9 0.0
0.071939 0.423634 0.475831 11 0.0
0.072703 0.477856 0.469603 11 0.0
0.072211 0.427867 0.51272 11 0.0
0.071176 0.369412 0.482059 11 0.0
0.071667 0.4194 0.438942 11 0.0
0.507504 0.993367 0.365157 6 0.957518
0.504443 0.99502 0.367825 6 0.957518
0.508379 0.991295 0.367445 6 0.957518
0.510565 0.991714 0.362489 6 0.957518
0.506629 0.99544 0.362869 6 0.957518
0.107514 0.647462 0.562997 11 0.0
0.494103 0.938199 0.597897 5 5.5e-05
0.478496 0.926719 0.602848 5 5.5e-05
0.505677 0.927431 0.609416 5 5.5e-05
0.50971 0.949678 0.592947 5 5.5e-05
0.48253 0.948967 0.586378 5 5.5e-05
0.734217 0.137107 0.545338 1 0.0
0.780197 0.163774 0.544624 1 0.0
0.734414 0.137592 0.576122 1 0.0
0.688238 0.110441 0.546052 1 0.0
0.734021 0.136622 0.514554 1 0.0
0.927644 0.739081 0.410242 2 0.008485
0.908383 0.66567 0.477077 2 0.0
0.906049 0.693375 0.475022 2 0.0
0.908195 0.668296 0.512687 2 0.0
0.910717 0.637965 0.479133 2 0.0
0.908571 0.663044 0.441467 2 0.0
0.642394 0.328647 0.478022 8 0.0
0.667129 0.349714 0.47083 8 0.0
0.64714 0.335704 0.51502 8 0.0
0.617659 0.307579 0.485213 8 0.0
0.637648 0.321589 0.441023 8 0.0
0.769009 0.846127 0.415172 6 0.0
0.40147 0.285095 0.364662 10 0.999515
0.191312 0.250257 0.634497 7 0.0
0.096828 0.334701 0.571793 11 8e-06
0.087572 0.366674 0.589957 11 8e-06
0.096949 0.327691 0.584193 11 8e-06
0.106084 0.302728 0.553628 11 8e-06
0.096707 0.341711 0.559392 11 8e-06
0.298193 0.596573 0.396547 8 0.0
0.300053 0.594591 0.410044 8 0.0
0.28303 0.560004 0.393269 8 0.0
0.296332 0.598554 0.38305 8 0.0
0.313356 0.633141 0.399825 8 0.0
0.656098 0.671858 0.360566 8 0.756291
0.500759 0.995634 0.385422 4 0.999998
0.927762 0.712037 0.556515 2 0.0
0.927928 0.71941 0.567214 2 0.0
0.928076 0.700958 0.564146 2 0.0
0.927596 0.704663 0.545817 2 0.0
0.927448 0.723116 0.548885 2 0.0
0.36596 0.895384 0.626223 4 0.0
0.138136 0.556696 0.637165 7 0.0
0.118462 0.559457 0.639151 7 0.0
0.129688 0.495952 0.637921 7 0.0
0.157809 0.553936 0.635179 7 0.0
0.146583 0.617441 0.636409 7 0.0
0.069156 0.50192 0.417573 11 0.0
0.129656 0.442266 0.639399 7 0.0
0.908264 0.338089 0.630565 3 0.000165
0.32755 0.357761 0.413751 8 0.0
0.304587 0.384487 0.409025 8 0.0
0.326823 0.360235 0.431274 8 0.0
0.350514 0.331036 0.418477 8 0.0
0.328278 0.355287 0.396227 8 0.0
0.654795 0.088286 0.382425 1 0.0
0.388598 0.296275 0.355128 10 0.999828
0.188795 0.816078 0.367019 4 1e-06
0.300919 0.242457 0.360121 9 0.0
0.311377 0.625686 0.6106 8 0.0
0.326322 0.652671 0.60951 8 0.0
0.310813 0.626459 0.622003 8 0.0
0.296432 0.598702 0.61169 8 0.0
0.311941 0.624914 0.599198 8 0.0
0.700673 0.120809 0.377337 1 0.037884
0.08661 0.295407 0.466111 11 0.0
0.085861 0.312216 0.461368 11 0.0
0.081786 0.30435 0.498561 11 0.0
0.087358 0.278598 0.470854 11 0.0
0.091433 0.286465 0.433661 11 0.0
0.491768 0.988865 0.390681 4 0.001387
0.486509 0.985547 0.390857 4 0.001387
0.49156 0.989847 0.402987 4 0.001387
0.497027 0.992184 0.390506 4 0.001387
0.491977 0.987884 0.378375 4 0.001387
0.675664 0.893115 0.629647 6 0.0
0.477838 0.265746 0.365213 10 0.064884
0.727347 0.58995 0.644826 8 0.147307
0.402715 0.287495 0.626788 8 0.0
0.879321 0.25155 0.615937 3 0.0
0.875789 0.258511 0.622649 3 0.0
0.861754 0.235824 0.623002 3 0.0
0.882853 0.244589 0.609224 3 0.0
0.896887 0.267276 0.608872 3 0.0
0.425322 0.950207 0.475458 4 0.0
0.449047 0.963034 0.486015 4 0.0
0.412801 0.943682 0.511525 4 0.0
0.401597 0.937381 0.464901 4 0.0
0.437843 0.956733 0.439391 4 0.0
0.280383 0.424154 0.378851 8 0.0
0.611519 0.289578 0.362251 10 0.000539
0.503024 0.172391 0.359118 9 0.0
0.502973 0.203021 0.358356 9 0.0
0.579591 0.172508 0.358711 9 0.0
0.503075 0.14176 0.35988 9 0.0
0.426458 0.172274 0.359525 9 0.0
0.471959 0.270891 0.627094 8 0.0
0.313559 0.883265 0.627747 5 0.0
0.833875 0.791905 0.59 6 0.0
0.071683 0.724356 0.540213 11 0.0
0.071862 0.734278 0.540605 11 0.0
0.070327 0.723753 0.556122 11 0.0
0.071504 0.714434 0.539822 11 0.0
0.073039 0.72496 0.524305 11 0.0
0.543759 0.271875 0.631747 8 0.025561
0.709008 0.399498 0.360542 8 0.9335
0.473791 0.75264 0.631073 7 0.0
0.364117 0.684679 0.624172 8 2e-06
0.412863 0.720579 0.61139 8 0.0
0.398232 0.712523 0.614659 8 0.0
0.415696 0.719879 0.622344 8 0.0
0.427494 0.728634 0.608121 8 0.0
0.410031 0.721279 0.600436 8 0.0
0.240619 0.576935 0.356724 9 0.0
0.699582 0.275333 0.644127 7 0.0
0.703323 0.637956 0.355693 9 0.0
0.099112 0.574174 0.358635 9 0.0
0.766063 0.507382 0.642681 7 0.0
0.297824 0.256817 0.369627 9 1e-06
0.128375 0.781136 0.366208 4 0.089639
0.726752 0.870275 0.410573 6 0.0
0.500432 0.00269 0.459216 12 0.011361
0.295775 0.394467 0.370578 10 1e-06
0.91825 0.437557 0.36966 2 0.903215
0.278405 0.455705 0.511263 8 0.0
0.271585 0.493485 0.513034 8 0.0
0.278093 0.453717 0.552474 8 0.0
0.285225 0.417924 0.509493 8 0.0
0.278717 0.457692 0.470053 8 0.0
0.351915 0.83445 0.448365 4 9.7e-05
0.350631 0.659291 0.537279 8 0.0
0.372757 0.679302 0.532091 8 0.0
0.35247 0.665438 0.568831 8 0.0
0.328506 0.639281 0.542467 8 0.0
0.348793 0.653145 0.505727 8 0.0
0.309538 0.683231 0.640947 7 0.0
0.716858 0.58427 0.379649 8 0.000527
0.571725 0.719969 0.602784 8 0.0
0.553895 0.725438 0.602492 8 0.0
0.571801 0.720989 0.617208 8 0.0
0.589554 0.714501 0.603076 8 0.0
0.571648 0.71895 0.58836 8 0.0
0.739833 0.571656 0.35556 9 0.0
0.646655 0.681293 0.596513 8 0.0
0.32993 0.324032 0.359492 8 0.001868
0.3348 0.26153 0.358892 9 0.0
0.605858 0.739178 0.644439 7 0.0
0.931674 0.461078 0.392129 2 0.0
0.570616 0.719236 0.583107 8 0.0
0.539636 0.721763 0.580164 8 0.0
0.569185 0.721442 0.600072 8 0.0
0.601595 0.716708 0.586049 8 0.0
0.572047 0.717029 0.566141 8 0.0
0.774763 0.472836 0.643366 7 0.0
0.626601 0.689535 0.527351 8 0.0
0.598154 0.705221 0.524818 8 0.0
0.62446 0.691442 0.563196 8 0.0
0.655048 0.67385 0.529885 8 0.0
0.628742 0.687629 0.491507 8 0.0
0.403938 0.945919 0.613573 4 0.999964
0.077282 0.484084 0.611846 11 0.0
0.072903 0.359047 0.602936 11 0.000284
0.519976 0.98571 0.415022 6 3.7e-05
0.512726 0.990262 0.415191 6 3.7e-05
0.520538 0.985874 0.434765 6 3.7e-05
0.527227 0.981157 0.414854 6 3.7e-05
0.519414 0.985546 0.39528 6 3.7e-05
0.088667 0.591988 0.574124 11 0.0
0.089565 0.594271 0.591244 11 0.0
0.092274 0.547012 0.579933 11 0.0
0.08777 0.589705 0.557004 11 0.0
0.08506 0.636965 0.568315 11 0.0
0.806424 0.195193 0.361868 9 0.032484
0.071911 0.40026 0.488892 11 0.0
0.072228 0.445757 0.473082 11 0.0
0.070838 0.413359 0.526566 11 0.0
0.071594 0.354762 0.504702 11 0.0
0.072984 0.387161 0.451217 11 0.0
0.917865 0.753703 0.566652 6 0.034681
0.912613 0.754887 0.564973 6 0.034681
0.915958 0.754811 0.573397 6 0.034681
0.923117 0.752518 0.568331 6 0.034681
0.919771 0.752594 0.559906 6 0.034681
0.070017 0.707221 0.521285 11 0.0
0.069704 0.721448 0.520953 11 0.0
0.069521 0.707765 0.545013 11 0.0
0.070329 0.692994 0.521618 11 0.0
0.070512 0.706677 0.497558 11 0.0
0.846677 0.351175 0.643862 3 0.0
0.863014 0.395513 0.643033 3 0.0
0.861965 0.345522 0.642787 3 0.0
0.83034 0.306838 0.644691 3 0.0
0.831389 0.356829 0.644937 3 0.0
0.072423 0.358913 0.608478 11 0.973977
0.071659 0.745501 0.393849 11 0.315816
0.071953 0.366176 0.473387 11 0.0
0.071818 0.404267 0.477219 11 0.0
0.071742 0.362543 0.5095 11 0.0
0.072088 0.328086 0.469556 11 0.0
0.072164 0.369809 0.437275 11 0.0
0.072339 0.26395 0.369673 11 0.157553
0.071153 0.264796 0.364709 11 0.157553
0.07289 0.270388 0.370639 11 0.157553
0.073525 0.263104 0.374637 11 0.157553
0.071788 0.257512 0.368708 11 0.157553
0.205539 0.815827 0.614115 4 1e-05
0.184517 0.30201 0.639007 7 0.0
0.153011 0.34379 0.639183 7 0.0
0.170249 0.29125 0.63912 7 0.0
0.216023 0.26023 0.638832 7 0.0
0.198785 0.31277 0.638894 7 0.0
0.655665 0.144824 0.64449 7 0.0
0.886778 0.773292 0.549672 6 0.0
0.8718 0.7817 0.545884 6 0.0
0.883934 0.775213 0.565177 6 0.0
0.901756 0.764884 0.553461 6 0.0
0.889621 0.771371 0.534167 6 0.0
0.922605 0.751599 0.546243 6 0.031465
0.918686 0.752693 0.546484 6 0.031465
0.923427 0.751711 0.559081 6 0.031465
0.926525 0.750505 0.546002 6 0.031465
0.921783 0.751486 0.533405 6 0.031465
0.671004 0.10391 0.599778 1 0.0
0.461414 0.054856 0.359709 9 6e-06
0.931452 0.403996 0.540305 2 0.0
0.931851 0.449742 0.554976 2 0.0
0.931083 0.395208 0.567718 2 0.0
0.931053 0.358251 0.525634 2 0.0
0.931821 0.412785 0.512892 2 0.0
0.904416 0.437464 0.361682 9 1e-06
0.645069 0.912201 0.604436 6 0.0
0.434573 0.779006 0.642377 7 0.0
0.128293 0.231837 0.552713 12 0.0
0.135331 0.228267 0.541858 12 0.0
0.14471 0.222448 0.566444 12 0.0
0.121256 0.235408 0.563568 12 0.0
0.111877 0.241226 0.538982 12 0.0
0.928552 0.253075 0.361372 2 0.979505
0.928277 0.254658 0.360879 2 0.979505
0.925984 0.253329 0.363621 2 0.979505
0.928828 0.251493 0.361865 2 0.979505
0.93112 0.252821 0.359122 2 0.979505
0.779037 0.187993 0.36168 9 2e-06
0.077389 0.750576 0.403153 4 0.000953
0.083719 0.245437 0.452134 12 0.0
0.31611 0.104557 0.391528 12 0.0
0.069671 0.298141 0.592341 11 0.996665
0.927086 0.740587 0.434399 2 0.000195
0.069707 0.549935 0.398899 11 2e-06
0.57236 0.06776 0.481513 1 0.0
0.604598 0.083957 0.47673 1 0.0
0.576208 0.071288 0.519399 1 0.0
0.540122 0.051563 0.486295 1 0.0
0.568512 0.064233 0.443627 1 0.0
0.599015 0.906281 0.454634 6 0.0
0.563117 0.925226 0.445347 6 0.0
0.594289 0.908275 0.47697 6 0.0
0.634913 0.887337 0.46392 6 0.0
0.603741 0.904287 0.432297 6 0.0
0.930483 0.412877 0.562277 2 0.0
0.930467 0.46276 0.573119 2 0.0
0.930868 0.408048 0.584494 2 0.0
0.930498 0.362993 0.551434 2 0.0
0.930098 0.417706 0.540059 2 0.0
0.554458 0.883811 0.35667 9 0.0
0.509178 0.901108 0.356434 9 0.0
0.546494 0.86296 0.356613 9 0.0
0.599739 0.866515 0.356906 9 0.0
0.562423 0.904663 0.356727 9 0.0
0.745945 0.761428 0.640408 7 0.0
0.88026 0.433021 0.642601 7 0.0
0.7575 0.831181 0.357944 9 0.0
0.930388 0.48467 0.381982 2 0.0
0.919626 0.754307 0.4965 6 0.0
0.929735 0.536719 0.571326 2 0.0
0.929248 0.600121 0.566363 2 0.0
0.930266 0.538414 0.592927 2 0.0
0.930221 0.473318 0.57629 2 0.0
0.929203 0.535024 0.549726 2 0.0
0.85624 0.297561 0.613657 3 0.999976
0.744223 0.853893 0.602957 6 0.0
0.07246 0.688749 0.370007 11 0.001163
0.856619 0.211062 0.530275 1 0.0
0.872678 0.221604 0.546211 1 0.0
0.838104 0.200264 0.556075 1 0.0
0.84056 0.200521 0.514338 1 0.0
0.875134 0.221861 0.504475 1 0.0
0.509007 0.995742 0.393992 6 0.997568
0.925802 0.479663 0.62233 2 0.0
0.841613 0.549174 0.642897 7 0.0
0.832004 0.614077 0.642394 7 0.0
0.867993 0.55308 0.64296 7 0.0
0.851222 0.484272 0.6434 7 0.0
0.815233 0.545268 0.642834 7 0.0
0.302275 0.388207 0.394728 8 0.0
0.287916 0.41353 0.391057 8 0.0
0.302125 0.389972 0.407489 8 0.0
0.316634 0.362884 0.398399 8 0.0
0.302425 0.386442 0.381967 8 0.0
0.663331 0.094153 0.368521 1 0.006339
0.225168 0.173135 0.361281 9 0.1647
0.554749 0.275038 0.377109 8 0.0
0.165255 0.804335 0.397241 4 0.0
0.19627 0.824014 0.400349 4 0.0
0.164505 0.803499 0.410023 4 0.0
0.134241 0.784656 0.394133 4 0.0
0.166006 0.805171 0.384459 4 0.0
0.369725 0.083928 0.592253 12 0.0
0.917866 0.276123 0.58143 3 2e-06
0.843184 0.801732 0.486836 6 0.0
0.814605 0.819266 0.486795 6 0.0
0.843218 0.801877 0.525777 6 0.0
0.871764 0.784198 0.486877 6 0.0
0.843151 0.801587 0.447895 6 0.0
0.105845 0.299297 0.485352 11 0.999697
0.1151 0.31469 0.479866 11 0.999697
0.118291 0.305544 0.523876 11 0.999697
0.096591 0.283903 0.490839 11 0.999697
0.093399 0.293049 0.446828 11 0.999697
0.273422 0.444572 0.371085 10 0.0
0.582469 0.286169 0.357145 10 0.990573
0.773881 0.215839 0.644915 7 0.0
0.403974 0.1112 0.36435 9 0.0
0.902851 0.261001 0.600117 3 0.0
0.899639 0.266676 0.606058 3 0.0
0.892687 0.249658 0.605455 3 0.0
0.906063 0.255326 0.594175 3 0.0
0.913015 0.272344 0.594778 3 0.0
0.74842 0.457803 0.60639 8 0.0
0.821922 0.230118 0.638999 3 8e-06
0.304353 0.8533 0.358001 9 0.000101
0.259817 0.369988 0.371519 9 0.0
0.350601 0.27604 0.358851 9 0.0
0.340162 0.328309 0.629111 8 0.0
0.259856 0.513835 0.642475 7 0.015766
0.456669 0.270856 0.628195 8 0.0
0.093546 0.475702 0.356378 9 1.4e-05
0.412577 0.741524 0.59186 8 1e-06
0.740848 0.468387 0.639904 7 0.179869
0.094077 0.617765 0.49437 11 0.0
0.096284 0.659522 0.49326 11 0.0
0.094352 0.618853 0.535829 11 0.0
0.091869 0.576009 0.49548 11 0.0
0.093801 0.616678 0.452911 11 0.0
0.695596 0.379871 0.625005 8 0.0
0.388188 0.28113 0.358643 10 0.0
0.116795 0.687417 0.390644 9 0.0
0.116981 0.715603 0.389847 9 0.0
0.132229 0.687306 0.390312 9 0.0
0.11661 0.659231 0.391442 9 0.0
0.101362 0.687528 0.390977 9 0.0
0.928661 0.402086 0.374718 2 0.381536
0.412318 0.727995 0.482018 8 0.0
0.38182 0.713648 0.508141 8 0.0
0.431466 0.734465 0.507926 8 0.0
0.442816 0.742342 0.455895 8 0.0
0.39317 0.721525 0.45611 8 0.0
0.137512 0.794053 0.363188 4 0.999972
0.380841 0.072536 0.357706 9 0.999987
0.924352 0.251416 0.464628 1 0.145005
0.071176 0.403432 0.372691 11 0.000212
0.654692 0.091355 0.570675 1 0.0
0.702303 0.11927 0.581317 1 0.0
0.651467 0.089033 0.591194 1 0.0
0.60708 0.06344 0.560033 1 0.0
0.657917 0.093676 0.550156 1 0.0
0.498987 0.995217 0.373717 4 0.99748
0.500028 0.997567 0.373901 4 0.99748
0.497542 0.995205 0.382057 4 0.99748
0.497945 0.992866 0.373534 4 0.99748
0.500431 0.995228 0.365378 4 0.99748
0.6597 0.758478 0.431681 8 0.0
0.660257 0.753853 0.408792 8 0.0
0.620835 0.791991 0.423965 8 0.0
0.659144 0.763102 0.45457 8 0.0
0.698566 0.724964 0.439397 8 0.0
0.79656 0.367532 0.64348 7 0.0
0.828582 0.439266 0.643427 7 0.0
0.823141 0.355666 0.643034 7 0.0
0.764538 0.295799 0.643532 7 0.0
0.769979 0.379398 0.643925 7 0.0
0.752406 0.530166 0.64019 8 0.0
0.276291 0.56195 0.634274 8 0.999659
0.365876 0.318631 0.511976 8 0.0
0.367203 0.318738 0.472055 8 0.0
0.334953 0.344753 0.511018 8 0.0
0.36455 0.318525 0.551896 8 0.0
0.3968 0.29251 0.512934 8 0.0
0.925488 0.50911 0.450162 2 0.0
0.926348 0.582407 0.458712 2 0.0
0.926209 0.505929 0.477361 2 0.0
0.924628 0.435813 0.441612 2 0.0
0.924767 0.512291 0.422963 2 0.0
0.69744 0.632968 0.635906 8 0.0
0.301777 0.166729 0.359315 9 0.0
0.344494 0.335428 0.525954 8 0.0
0.349067 0.331855 0.489692 8 0.0
0.317424 0.368017 0.519328 8 0.0
0.33992 0.339001 0.562216 8 0.0
0.371563 0.302839 0.53258 8 0.0
0.929155 0.499332 0.443985 2 0.0
0.929669 0.573855 0.449964 2 0.0
0.929829 0.49722 0.470252 2 0.0
0.928642 0.424808 0.438005 2 0.0
0.928481 0.501444 0.417717 2 0.0
0.705967 0.593326 0.562776 8 0.0
0.703354 0.597129 0.539452 8 0.0
0.690169 0.630981 0.570686 8 0.0
0.70858 0.589523 0.5861 8 0.0
0.721764 0.555671 0.554867 8 0.0
0.929318 0.728969 0.583648 2 0.999915
0.423131 0.938303 0.575766 4 0.968415
0.42291 0.942867 0.58823 4 0.968415
0.400815 0.921337 0.581582 4 0.968415
0.423353 0.933739 0.563302 4 0.968415
0.445448 0.95527 0.569949 4 0.968415
0.069613 0.431288 0.631094 11 0.998945
0.828296 0.51352 0.357658 9 0.0
0.871655 0.706392 0.540102 2 1e-06
0.870475 0.713934 0.514742 2 1e-06
0.866678 0.730863 0.547611 2 1e-06
0.872835 0.698851 0.565463 2 1e-06
0.876633 0.681921 0.532594 2 1e-06
0.417791 0.947336 0.48125 4 0.0
0.445576 0.962834 0.484196 4 0.0
0.414436 0.945862 0.520647 4 0.0
0.390005 0.931839 0.478304 4 0.0
0.421146 0.948811 0.441853 4 0.0
0.806396 0.82528 0.396594 6 0.0
0.859214 0.786707 0.608519 6 0.24075
0.929737 0.746377 0.50485 2 0.999784
0.926771 0.75055 0.50606 2 0.999784
0.93007 0.742294 0.51974 2 0.999784
0.932704 0.742204 0.503639 2 0.999784
0.929405 0.750459 0.489959 2 0.999784
0.91941 0.245988 0.357674 9 1.0
0.07333 0.344002 0.507535 11 0.0
0.07259 0.365901 0.494799 11 0.0
0.072489 0.366267 0.545865 11 0.0
0.074069 0.322103 0.520272 11 0.0
0.074171 0.321738 0.469206 11 0.0
0.248274 0.226886 0.638311 7 0.0
0.071822 0.662399 0.489015 11 0.0
0.073081 0.691279 0.493734 11 0.0
0.071416 0.655918 0.528781 11 0.0
0.070562 0.633519 0.484295 11 0.0
0.072228 0.66888 0.449249 11 0.0
0.867396 0.330024 0.641734 3 4e-06
0.090007 0.241896 0.541364 12 0.0
0.082098 0.245842 0.541974 12 0.0
0.091397 0.242037 0.558493 12 0.0
0.097916 0.237951 0.540755 12 0.0
0.088617 0.241755 0.524235 12 0.0
0.853966 0.793037 0.362055 6 0.649485
0.856558 0.493674 0.43294 8 1e-06
0.854425 0.489844 0.452368 8 1e-06
0.842166 0.436306 0.420051 8 1e-06
0.85869 0.497504 0.413513 8 1e-06
0.870949 0.551043 0.44583 8 1e-06
0.088584 0.758653 0.460251 4 0.0
0.593288 0.057806 0.540263 1 0.0
0.606676 0.063992 0.520226 1 0.0
0.619433 0.073751 0.562656 1 0.0
0.5799 0.05162 0.5603 1 0.0
0.567143 0.041861 0.517871 1 0.0
0.072522 0.696234 0.59146 11 0.001228
0.11489 0.297644 0.467746 11 0.0
0.114255 0.3134 0.465262 11 0.0
0.107283 0.30221 0.498663 11 0.0
0.115525 0.281888 0.470229 11 0.0
0.122497 0.293077 0.436828 11 0.0
0.930601 0.560721 0.535695 2 0.0
0.930613 0.618715 0.527406 2 0.0
0.93017 0.56515 0.566676 2 0.0
0.93059 0.502728 0.543985 2 0.0
0.931033 0.556293 0.504715 2 0.0
0.895568 0.616269 0.598245 2 0.153497
0.896619 0.647692 0.591319 2 0.153497
0.885589 0.619458 0.611198 2 0.153497
0.894518 0.584846 0.605171 2 0.153497
0.905548 0.613081 0.585291 2 0.153497
0.090533 0.763884 0.365605 4 0.999588
0.100917 0.770463 0.36534 4 0.999588
0.089916 0.765045 0.370216 4 0.999588
0.080149 0.757306 0.36587 4 0.999588
0.091151 0.762724 0.360995 4 0.999588
0.927294 0.546895 0.614046 2 0.0
0.921426 0.331187 0.609086 3 0.999921
0.348767 0.869472 0.639504 7 0.0
0.691828 0.115407 0.542864 1 0.0
0.745591 0.14595 0.551793 1 0.0
0.68789 0.113499 0.573105 1 0.0
0.638066 0.084864 0.533935 1 0.0
0.695767 0.117315 0.512623 1 0.0
0.184517 0.185064 0.603822 12 0.0
0.930835 0.424402 0.580763 2 0.0
0.913013 0.259159 0.59153 3 0.0
0.910492 0.263123 0.595765 3 0.0
0.905667 0.250156 0.595583 3 0.0
0.915534 0.255195 0.587294 3 0.0
0.92036 0.268162 0.587476 3 0.0
0.525082 0.021679 0.570398 1 0.0
0.536203 0.026667 0.576874 1 0.0
0.521526 0.019808 0.577948 1 0.0
0.513961 0.016692 0.563923 1 0.0
0.528639 0.023551 0.562848 1 0.0
0.603647 0.940788 0.398744 6 0.0
0.601651 0.94109 0.385589 6 0.0
0.568893 0.959427 0.404444 6 0.0
0.605642 0.940486 0.411899 6 0.0
0.6384 0.922149 0.393044 6 0.0
0.92285 0.743464 0.44791 2 1.0
0.073486 0.740984 0.567357 11 0.2054
0.072427 0.745162 0.567708 11 0.2054
0.072599 0.740244 0.573503 11 0.2054
0.074545 0.736807 0.567007 11 0.2054
0.074372 0.741725 0.561212 11 0.2054
0.719695 0.131064 0.610822 1 0.0
0.112038 0.599642 0.639248 7 0.0
0.069613 0.524196 0.411244 11 0.0
0.518306 0.016804 0.371516 1 0.137685
0.530192 0.021093 0.370839 1 0.137685
0.518439 0.017283 0.376888 1 0.137685
0.50642 0.012514 0.372193 1 0.137685
0.518173 0.016324 0.366143 1 0.137685
0.782161 0.838264 0.382378 6 2e-06
0.532262 0.902163 0.355514 9 0.0
0.492409 0.913274 0.356397 9 0.0
0.526887 0.882955 0.354603 9 0.0
0.572116 0.891052 0.354632 9 0.0
0.537638 0.92137 0.356426 9 0.0
0.44231 0.758087 0.354832 8 0.999537
0.930325 0.465428 0.393675 2 0.000105
0.928843 0.660167 0.579143 2 0.0
0.92888 0.664887 0.591125 2 0.0
0.930495 0.630814 0.5907 2 0.0
0.928807 0.655447 0.567161 2 0.0
0.927192 0.68952 0.567586 2 0.0
0.506646 0.268515 0.450537 8 0.0
0.512809 0.26603 0.419274 8 0.0
0.480968 0.265745 0.445696 8 0.0
0.500482 0.270999 0.481801 8 0.0
0.532323 0.271284 0.455379 8 0.0
0.927913 0.331336 0.593694 2 0.0
0.538633 0.274006 0.448439 8 0.0
0.569096 0.281317 0.44335 8 0.0
0.542579 0.278468 0.478477 8 0.0
0.50817 0.266695 0.453527 8 0.0
0.534686 0.269543 0.4184 8 0.0
0.383808 0.267546 0.641267 7 0.0
0.071905 0.343646 0.427718 11 0.0
0.071516 0.374835 0.42579 11 0.0
0.071343 0.345035 0.450285 11 0.0
0.072295 0.312458 0.429647 11 0.0
0.072468 0.342258 0.405151 11 0.0
0.072064 0.742849 0.477877 11 0.999673
0.412368 0.704189 0.51876 8 0.0
0.379965 0.69173 0.514566 8 0.0
0.407606 0.704903 0.553435 8 0.0
0.444771 0.716649 0.522954 8 0.0
0.417131 0.703476 0.484085 8 0.0
0.308917 0.161365 0.639417 7 0.0
0.073439 0.448096 0.626319 11 0.998617
0.641903 0.697946 0.588799 8 0.0
0.914512 0.756049 0.374711 6 0.019281
0.907789 0.761105 0.372116 6 0.019281
0.912746 0.756968 0.381076 6 0.019281
0.921235 0.750993 0.377306 6 0.019281
0.916278 0.75513 0.368346 6 0.019281
0.721926 0.564461 0.359976 10 0.990504
0.930788 0.286906 0.356252 9 1.0
0.719283 0.219155 0.358618 9 0.0
0.783362 0.248547 0.357585 9 0.0
0.708972 0.241636 0.358649 9 0.0
0.655205 0.189763 0.35965 9 0.0
0.729595 0.196673 0.358586 9 0.0
0.4716 0.271821 0.573261 8 0.0
0.501481 0.267905 0.575565 8 0.0
0.469907 0.272299 0.596045 8 0.0
0.44172 0.275737 0.570958 8 0.0
0.473294 0.271343 0.550477 8 0.0
0.628336 0.695948 0.625156 8 0.0
0.503333 0.995348 0.52714 6 0.991563
0.314595 0.357002 0.358459 8 0.999999
0.708858 0.652981 0.642574 8 0.0
0.497926 0.269835 0.641204 7 0.999292
0.931949 0.360258 0.405031 2 0.0
0.932469 0.394205 0.409146 2 0.0
0.931924 0.358458 0.419887 2 0.0
0.93143 0.326311 0.400917 2 0.0
0.931974 0.362059 0.390176 2 0.0
0.719708 0.125054 0.371233 1 0.003709
0.685877 0.329568 0.644338 7 0.0
0.336948 0.293334 0.380902 9 1e-06
0.929141 0.623844 0.360334 2 0.999814
0.292691 0.117173 0.390547 12 0.0
0.733492 0.727426 0.64014 7 0.0
0.676952 0.785862 0.640271 7 0.0
0.755391 0.748617 0.639032 7 0.0
0.790031 0.66899 0.640009 7 0.0
0.711593 0.706235 0.641247 7 0.0
0.685927 0.251719 0.642692 7 0.0
0.672492 0.273388 0.642953 7 0.0
0.62661 0.21496 0.64118 7 0.0
0.699362 0.23005 0.642432 7 0.0
0.745244 0.288478 0.644205 7 0.0
0.931659 0.402613 0.512166 2 0.0
0.293354 0.688376 0.3802 8 0.0
0.672031 0.100512 0.496626 1 0.0
0.725215 0.13027 0.497378 1 0.0
0.67129 0.100749 0.539656 1 0.0
0.618848 0.070754 0.495874 1 0.0
0.672772 0.100275 0.453597 1 0.0
0.3772 0.305409 0.525635 8 0.0
0.376437 0.308351 0.489852 8 0.0
0.345202 0.331018 0.528423 8 0.0
0.377964 0.302467 0.561418 8 0.0
0.409198 0.279801 0.522847 8 0.0
0.690022 0.681518 0.64348 7 0.0
0.32221 0.324272 0.521629 8 0.0
0.323564 0.318748 0.491081 8 0.0
0.298295 0.39679 0.507454 8 0.0
0.320856 0.329797 0.552176 8 0.0
0.346125 0.251755 0.535804 8 0.0
0.3107 0.235734 0.639838 7 0.0
0.328259 0.259851 0.640514 7 0.0
0.375901 0.188265 0.639831 7 0.0
0.293141 0.211617 0.639162 7 0.0
0.2455 0.283204 0.639845 7 0.0
0.635634 0.770014 0.404662 10 0.00011
0.599556 0.206392 0.358427 9 0.0
0.37815 0.302075 0.599149 8 0.0
0.377156 0.301871 0.584311 8 0.0
0.349771 0.324881 0.600738 8 0.0
0.379145 0.302279 0.613988 8 0.0
0.40653 0.279268 0.597561 8 0.0
0.251457 0.518496 0.355626 9 0.0
0.776234 0.563643 0.632821 8 0.014938
0.320066 0.844587 0.372597 9 0.0
0.762299 0.538219 0.356353 9 0.0
0.651032 0.108022 0.358722 9 0.030821
0.50699 0.011122 0.536368 1 0.0
0.512366 0.013402 0.536139 1 0.0
0.507526 0.011665 0.554364 1 0.0
0.501615 0.008841 0.536596 1 0.0
0.506455 0.010578 0.518371 1 0.0
0.065835 0.671008 0.37352 11 0.999994
0.126805 0.743947 0.3593 9 0.0
0.107799 0.733894 0.358762 9 0.0
0.132453 0.733244 0.359773 9 0.0
0.14581 0.754001 0.359837 9 0.0
0.121156 0.75465 0.358826 9 0.0
0.521992 0.017452 0.474863 1 0.0
0.555844 0.964456 0.516393 6 0.0
0.536971 0.974773 0.520621 6 0.0
0.560843 0.961385 0.546204 6 0.0
0.574717 0.954138 0.512166 6 0.0
0.550845 0.967526 0.486583 6 0.0
0.636597 0.917202 0.363008 6 0.999462
0.423347 0.937056 0.475707 4 0.0
0.445099 0.94861 0.495005 4 0.0
0.401228 0.925577 0.50751 4 0.0
0.401596 0.925503 0.456409 4 0.0
0.445467 0.948536 0.443903 4 0.0
0.932772 0.724538 0.587173 2 0.999906
0.068699 0.749455 0.40112 4 0.996431
0.079868 0.690729 0.47312 11 0.0
0.080534 0.710617 0.478867 11 0.0
0.077913 0.680471 0.508846 11 0.0
0.079202 0.670841 0.467373 11 0.0
0.081823 0.700988 0.437394 11 0.0
0.43706 0.95809 0.388786 4 0.0
0.437934 0.958299 0.399781 4 0.0
0.413542 0.945504 0.390893 4 0.0
0.436186 0.957882 0.37779 4 0.0
0.460578 0.970677 0.386679 4 0.0
0.592749 0.938994 0.6176 5 0.939222
0.138028 0.748968 0.468938 4 0.0
0.155903 0.761986 0.462488 4 0.0
0.147149 0.753086 0.502526 4 0.0
0.120153 0.73595 0.475388 4 0.0
0.128907 0.74485 0.435351 4 0.0
0.930449 0.567714 0.526583 2 0.0
0.930552 0.622212 0.521515 2 0.0
0.930259 0.570804 0.559816 2 0.0
0.930347 0.513216 0.53165 2 0.0
0.930639 0.564624 0.493349 2 0.0
0.099733 0.762482 0.561596 4 0.0
0.109038 0.767425 0.574327 4 0.0
0.093273 0.758999 0.567669 4 0.0
0.090427 0.75754 0.548864 4 0.0
0.106192 0.765966 0.555522 4 0.0
0.070184 0.612887 0.596188 11 0.0
0.326922 0.097061 0.396648 12 0.0
0.929583 0.517567 0.570819 2 0.0
0.929716 0.583495 0.568422 2 0.0
0.930056 0.518368 0.592881 2 0.0
0.92945 0.45164 0.573215 2 0.0
0.92911 0.516766 0.548757 2 0.0
0.676104 0.895234 0.579617 6 0.0
0.6743 0.896648 0.598419 6 0.0
0.729929 0.863868 0.587143 6 0.0
0.677909 0.893819 0.560814 6 0.0
0.622279 0.926599 0.572091 6 0.0
0.232287 0.156719 0.378425 12 0.000419
0.452126 0.970834 0.357803 4 0.999968
0.920529 0.48257 0.369277 2 1e-06
0.846426 0.261175 0.637584 3 1e-06
0.467964 0.97282 0.529594 4 0.0
0.475776 0.977506 0.548994 4 0.0
0.457743 0.966869 0.535147 4 0.0
0.460151 0.968134 0.510193 4 0.0
0.478184 0.978771 0.524041 4 0.0
0.06859 0.498009 0.359542 11 0.975391
0.503516 0.005971 0.47779 1 0.0
0.601403 0.921803 0.413869 6 0.0
0.565997 0.942069 0.421606 6 0.0
0.604077 0.920105 0.430556 6 0.0
0.636808 0.901537 0.406132 6 0.0
0.598728 0.923501 0.397181 6 0.0
0.276916 0.4731 0.428268 8 0.0
0.274402 0.499592 0.42476 8 0.0
0.279384 0.476529 0.452395 8 0.0
0.279431 0.446608 0.431775 8 0.0
0.274449 0.469671 0.40414 8 0.0
0.776044 0.814149 0.358932 9 0.000403
0.295751 0.602968 0.37739 8 0.016147
0.0725 0.329234 0.448752 11 0.0
0.071311 0.356359 0.451013 11 0.0
0.071785 0.326787 0.477719 11 0.0
0.07369 0.302108 0.44649 11 0.0
0.073215 0.33168 0.419784 11 0.0
0.420494 0.054761 0.360486 9 0.127638
0.792959 0.170243 0.390861 1 0.0
0.385977 0.926277 0.585672 4 0.0
0.388155 0.929914 0.598795 4 0.0
0.348206 0.903964 0.598126 4 0.0
0.383799 0.922639 0.57255 4 0.0
0.423748 0.94859 0.573219 4 0.0
0.831098 0.196156 0.608991 1 0.0
0.668186 0.76891 0.396711 9 0.0
0.073772 0.259506 0.49495 11 0.029969
0.699194 0.817284 0.354079 9 0.0
0.119671 0.386834 0.637419 7 0.0
0.070993 0.415097 0.563205 11 0.0
0.072179 0.466118 0.573948 11 0.0
0.070505 0.410351 0.5858 11 0.0
0.069808 0.364077 0.552462 11 0.0
0.071482 0.419844 0.540609 11 0.0
0.297034 0.354421 0.617493 8 0.261669
0.303545 0.359911 0.619948 8 0.261669
0.309631 0.341397 0.613212 8 0.261669
0.290524 0.34893 0.615038 8 0.261669
0.284438 0.367444 0.621773 8 0.261669
0.071816 0.372802 0.607544 11 1e-06
0.891792 0.339594 0.58778 2 1e-06
0.890729 0.354718 0.592462 2 1e-06
0.889037 0.334568 0.603386 2 1e-06
0.892856 0.324471 0.583097 2 1e-06
0.894547 0.34462 0.572174 2 1e-06
0.622971 0.299369 0.363444 10 0.001085
0.528237 0.721376 0.55328 8 0.0
0.495199 0.72373 0.549708 8 0.0
0.525315 0.72345 0.581678 8 0.0
0.561274 0.719021 0.556851 8 0.0
0.531159 0.719301 0.524881 8 0.0
0.47946 0.270877 0.539763 8 0.0
0.508718 0.269257 0.538302 8 0.0
0.48111 0.271316 0.572319 8 0.0
0.450202 0.272498 0.541224 8 0.0
0.47781 0.270439 0.507208 8 0.0
0.501949 0.734704 0.356952 8 0.998524
0.587337 0.286522 0.634248 7 0.057131
0.27926 0.416552 0.361622 8 0.999896
0.429681 0.725655 0.641444 8 0.0
0.36722 0.693662 0.356511 10 0.999532
0.069792 0.553888 0.399959 11 0.0
0.607 0.28273 0.570796 7 0.0
0.643615 0.303509 0.568412 7 0.0
0.606754 0.285808 0.593855 7 0.0
0.570385 0.26195 0.573179 7 0.0
0.607246 0.279651 0.547736 7 0.0
0.592046 0.859293 0.64006 7 0.0
0.699653 0.181532 0.428667 1 0.0
0.359374 0.284919 0.358475 9 0.0
0.563615 0.800749 0.356382 9 0.0
0.729046 0.523266 0.371518 8 0.99258
0.885807 0.775389 0.359817 6 0.99909
0.928955 0.750417 0.535848 6 0.999469
0.685155 0.644219 0.609773 7 0.0
0.927809 0.503956 0.559887 2 0.0
0.360978 0.3226 0.374739 10 5e-05
0.629378 0.274184 0.525854 8 0.0
0.681941 0.3058 0.511843 8 0.0
0.634638 0.28096 0.560875 8 0.0
0.576815 0.242569 0.539865 8 0.0
0.624118 0.267409 0.490833 8 0.0
0.642834 0.919172 0.384317 6 0.0
0.712299 0.655671 0.511469 8 0.0
0.693388 0.693449 0.515781 8 0.0
0.711143 0.650286 0.553582 8 0.0
0.731211 0.617894 0.507157 8 0.0
0.713455 0.661057 0.469356 8 0.0
0.709129 0.306783 0.64442 7 0.0
0.741159 0.857927 0.362821 6 0.983545
0.596993 0.272409 0.642928 7 0.0
0.694462 0.639678 0.579643 8 0.0
0.748886 0.458135 0.645422 7 0.0
0.414021 0.943221 0.610647 5 0.0
0.490625 0.009113 0.469412 12 0.0
0.550649 0.033583 0.527496 1 0.0
0.566308 0.041447 0.520425 1 0.0
0.55986 0.038742 0.553633 1 0.0
0.534991 0.025719 0.534566 1 0.0
0.541438 0.028424 0.501359 1 0.0
0.068452 0.741826 0.384189 11 0.994849
0.068352 0.746279 0.384477 11 0.994849
0.065899 0.741138 0.393944 11 0.994849
0.068551 0.737372 0.383901 11 0.994849
0.071004 0.742513 0.374434 11 0.994849
0.845986 0.212699 0.360638 9 5.6e-05
0.091266 0.755795 0.555167 4 0.999933
0.100316 0.757812 0.553594 4 0.999933
0.092069 0.758361 0.563075 4 0.999933
0.082216 0.753778 0.55674 4 0.999933
0.090463 0.75323 0.547259 4 0.999933
0.899088 0.764652 0.554935 6 0.0
0.889456 0.77061 0.548721 6 0.0
0.893406 0.768227 0.56717 6 0.0
0.908721 0.758695 0.561149 6 0.0
0.90477 0.761078 0.5427 6 0.0
0.516615 0.946975 0.621103 5 0.008188
0.494136 0.952157 0.618684 5 0.008188
0.513252 0.936684 0.630313 5 0.008188
0.539095 0.941792 0.623522 5 0.008188
0.519979 0.957265 0.611893 5 0.008188
0.928668 0.263683 0.450765 2 0.0
0.407137 0.940097 0.490785 4 0.0
0.438565 0.95659 0.499125 4 0.0
0.398676 0.935575 0.531608 4 0.0
0.375709 0.923605 0.482444 4 0.0
0.415598 0.944619 0.449961 4 0.0
0.797158 0.82564 0.617406 6 1e-06
0.925347 0.620032 0.621238 2 1e-06
0.931185 0.593485 0.512824 2 0.0
0.931463 0.640994 0.508977 2 0.0
0.931441 0.596416 0.549043 2 0.0
0.930906 0.545975 0.51667 2 0.0
0.930928 0.590554 0.476604 2 0.0
0.541363 0.881404 0.355635 9 0.0
0.548334 0.904729 0.356587 9 0.0
0.495084 0.895232 0.355735 9 0.0
0.534391 0.85808 0.354682 9 0.0
0.587642 0.867576 0.355534 9 0.0
0.908304 0.24044 0.391719 1 0.002269
0.899618 0.234763 0.390415 1 0.002269
0.907013 0.239615 0.403905 1 0.002269
0.91699 0.246116 0.393024 1 0.002269
0.909595 0.241264 0.379533 1 0.002269
0.715286 0.87106 0.54373 6 0.0
0.714835 0.870286 0.570902 6 0.0
0.763947 0.841429 0.543694 6 0.0
0.715737 0.871835 0.516559 6 0.0
0.666625 0.900692 0.543767 6 0.0
0.848265 0.215686 0.61303 3 0.0
0.164368 0.196728 0.362586 12 0.759982
0.603822 0.938133 0.367744 6 0.985468
0.102745 0.424548 0.619545 11 1e-06
0.072227 0.354186 0.488902 11 0.0
0.07234 0.387597 0.486572 11 0.0
0.071271 0.357027 0.529603 11 0.0
0.072114 0.320775 0.491231 11 0.0
0.073182 0.351345 0.448201 11 0.0
0.926693 0.26521 0.362694 2 0.126526
0.926871 0.272101 0.3627 2 0.126526
0.924487 0.265265 0.365454 2 0.126526
0.926516 0.258319 0.362689 2 0.126526
0.9289 0.265155 0.359935 2 0.126526
0.488718 0.990409 0.576488 4 0.984098
0.905333 0.29972 0.419751 2 0.999364
0.896311 0.300254 0.439644 2 0.999364
0.905646 0.28051 0.420408 2 0.999364
0.914356 0.299187 0.399858 2 0.999364
0.905021 0.31893 0.419094 2 0.999364
0.77681 0.163874 0.574627 1 0.0
0.828212 0.197732 0.565969 1 0.0
0.778424 0.166744 0.595436 1 0.0
0.725407 0.130015 0.583286 1 0.0
0.775195 0.161004 0.553819 1 0.0
0.706033 0.732829 0.642341 7 0.0
0.930228 0.258143 0.469973 2 0.115833
0.511264 0.013 0.568334 1 0.000976
0.517372 0.014941 0.576169 1 0.000976
0.508052 0.010348 0.571496 1 0.000976
0.505156 0.011059 0.5605 1 0.000976
0.514476 0.015651 0.565173 1 0.000976
0.930857 0.467284 0.382589 2 2.7e-05
0.92969 0.633731 0.568731 2 0.0
0.929467 0.639464 0.586213 2 0.0
0.929986 0.597807 0.580516 2 0.0
0.929912 0.627999 0.551249 2 0.0
0.929394 0.669656 0.556946 2 0.0
0.868194 0.265304 0.618465 3 0.006977
0.879763 0.284313 0.614221 3 0.006977
0.862576 0.27034 0.62571 3 0.006977
0.856626 0.246294 0.62271 3 0.006977
0.873812 0.260267 0.611221 3 0.006977
0.760378 0.163833 0.635948 3 0.0
0.523119 0.733246 0.36561 10 0.003539
0.641603 0.698798 0.408333 8 0.0
0.932083 0.701659 0.591278 2 0.999832
0.322115 0.843472 0.637531 7 0.0
0.211309 0.231622 0.640082 7 0.0
0.614736 0.067929 0.378088 1 0.04602
0.070313 0.42662 0.59538 11 0.0
0.655178 0.678329 0.351229 10 0.999998
0.532046 0.2707 0.383555 8 0.0
0.531513 0.270693 0.393209 8 0.0
0.559137 0.276597 0.385054 8 0.0
0.532579 0.270706 0.373901 8 0.0
0.504955 0.264802 0.382056 8 0.0
0.329469 0.337931 0.627459 8 0.0
0.070401 0.690446 0.50731 11 0.0
0.070916 0.706492 0.511945 11 0.0
0.071968 0.679888 0.543694 11 0.0
0.069887 0.674401 0.502676 11 0.0
0.068835 0.701005 0.470927 11 0.0
0.19809 0.225409 0.360189 9 0.0
0.074091 0.468899 0.361209 11 0.843051
0.729725 0.569424 0.631866 8 0.99893
0.282709 0.558993 0.57275 8 0.0
0.289685 0.585147 0.573603 8 0.0
0.281121 0.558685 0.595196 8 0.0
0.275733 0.532839 0.571897 8 0.0
0.284297 0.559302 0.550304 8 0.0
0.339392 0.71163 0.356596 9 0.0
0.911088 0.751412 0.359268 9 0.852659
0.070544 0.656404 0.382111 11 0.0
0.25694 0.566637 0.592149 8 0.0
0.259838 0.596845 0.582063 8 0.0
0.257462 0.570394 0.603553 8 0.0
0.254042 0.536429 0.602234 8 0.0
0.256417 0.56288 0.580744 8 0.0
0.282981 0.384518 0.403404 8 0.0
0.274115 0.398207 0.402495 8 0.0
0.278829 0.382852 0.418838 8 0.0
0.291847 0.370829 0.404312 8 0.0
0.287133 0.386183 0.387969 8 0.0
0.423894 0.749936 0.641787 7 0.0
0.175121 0.191365 0.358442 12 0.999987
0.637354 0.081629 0.368456 1 0.089058
0.496811 0.265743 0.634525 8 0.008441
0.635876 0.69158 0.618369 8 0.0
0.634946 0.278081 0.643376 7 0.0
0.073157 0.279916 0.368607 11 0.0
0.579197 0.282004 0.633606 7 0.000207
0.505488 0.265605 0.366904 10 3e-06
0.734945 0.546954 0.644576 8 0.709243
0.625853 0.757557 0.642418 7 0.0
0.687377 0.384969 0.552145 8 0.0
0.707361 0.414291 0.550198 8 0.0
0.689829 0.385006 0.577858 8 0.0
0.667393 0.355647 0.554093 8 0.0
0.684926 0.384932 0.526432 8 0.0
0.629902 0.72887 0.644653 7 0.0
0.489938 0.736096 0.643078 7 0.0
0.073603 0.471744 0.621532 11 0.0
0.867154 0.787063 0.36942 6 0.097711
0.553807 0.942092 0.358017 9 0.0
0.870347 0.267363 0.359588 9 0.0
0.860651 0.278338 0.359451 9 0.0
0.888809 0.28369 0.360752 9 0.0
0.880044 0.256389 0.359725 9 0.0
0.851886 0.251037 0.358423 9 0.0
0.792495 0.828 0.36132 6 0.986635
0.931924 0.251929 0.540465 2 0.999995
0.076028 0.290043 0.391902 11 0.0
0.075448 0.306016 0.394779 11 0.0
0.076397 0.288055 0.403015 11 0.0
0.076608 0.27407 0.389025 11 0.0
0.075658 0.292032 0.380789 11 0.0
0.075193 0.2752 0.506063 11 0.0
0.073986 0.250788 0.365234 12 0.981621
0.071492 0.251748 0.365872 12 0.981621
0.075492 0.252125 0.369113 12 0.981621
0.07648 0.249828 0.364596 12 0.981621
0.072479 0.249451 0.361355 12 0.981621
0.070254 0.392372 0.57378 11 0.0
0.070183 0.436196 0.586367 11 0.0
0.069814 0.387337 0.591308 11 0.0
0.070324 0.348548 0.561193 11 0.0
0.070693 0.397407 0.556251 11 0.0
0.813099 0.673864 0.642466 7 0.0
0.783435 0.727255 0.642872 7 0.0
0.793173 0.662793 0.642518 7 0.0
0.842762 0.620472 0.642061 7 0.0
0.833024 0.684934 0.642415 7 0.0
0.930597 0.555509 0.398311 2 0.0
0.488657 0.973958 0.595572 5 0.000383
0.492978 0.969985 0.600747 5 0.000383
0.476267 0.969111 0.602197 5 0.000383
0.484336 0.977931 0.590397 5 0.000383
0.501047 0.978804 0.588947 5 0.000383
0.082706 0.734333 0.373522 11 0.776738
0.080463 0.742002 0.371822 11 0.776738
0.087549 0.737031 0.379303 11 0.776738
0.08495 0.726664 0.375222 11 0.776738
0.077864 0.731634 0.367741 11 0.776738
0.143901 0.790389 0.364903 4 0.921892
0.888207 0.773718 0.391779 6 0.0
0.873039 0.78378 0.389563 6 0.0
0.886985 0.774501 0.403698 6 0.0
0.903374 0.763656 0.393995 6 0.0
0.889428 0.772935 0.37986 6 0.0
0.614019 0.142807 0.644141 7 0.0
0.608168 0.160095 0.644737 7 0.0
0.561834 0.125168 0.643459 7 0.0
0.61987 0.125519 0.643544 7 0.0
0.666204 0.160446 0.644822 7 0.0
0.905975 0.763982 0.359289 9 1.0
0.616644 0.873005 0.358489 9 0.0
0.415444 0.853322 0.641541 7 0.0
0.473666 0.867157 0.641779 7 0.0
0.410641 0.873521 0.642205 7 0.0
0.357221 0.839487 0.641302 7 0.0
0.420246 0.833122 0.640877 7 0.0
0.6627 0.097443 0.584477 1 0.0
0.930847 0.448097 0.532024 2 0.0
0.929989 0.508385 0.539113 2 0.0
0.930857 0.444178 0.565359 2 0.0
0.931704 0.387809 0.524935 2 0.0
0.930837 0.452017 0.498689 2 0.0
0.92704 0.478596 0.571702 2 0.0
0.352555 0.910981 0.633726 4 0.99997
0.211886 0.167931 0.586322 12 0.0
0.136054 0.315916 0.63865 7 0.000425
0.455129 0.918709 0.575916 5 2e-06
0.461267 0.916227 0.593951 5 2e-06
0.427121 0.910371 0.5843 5 2e-06
0.448991 0.92119 0.55788 5 2e-06
0.483137 0.927046 0.567531 5 2e-06
0.62443 0.92898 0.405688 6 0.0
0.622697 0.929096 0.390125 6 0.0
0.584242 0.9511 0.410328 6 0.0
0.626162 0.928863 0.421252 6 0.0
0.664618 0.906859 0.401049 6 0.0
0.844286 0.799585 0.370042 6 0.066053
0.503324 0.007688 0.388551 1 0.0
0.506442 0.009829 0.388442 1 0.0
0.504167 0.007058 0.400219 1 0.0
0.500206 0.005548 0.388661 1 0.0
0.502481 0.008319 0.376884 1 0.0
0.4855 0.987189 0.359616 4 0.984186
0.071452 0.640581 0.371746 11 0.042268
0.898087 0.715179 0.520161 2 0.0
0.084139 0.331254 0.573657 11 2e-06
0.187537 0.178714 0.415293 12 0.0
0.149415 0.201701 0.408474 12 0.0
0.184178 0.178887 0.434654 12 0.0
0.225659 0.155726 0.422112 12 0.0
0.190895 0.17854 0.395931 12 0.0
0.804938 0.823707 0.435832 6 0.0
0.763967 0.849361 0.437189 6 0.0
0.805554 0.82337 0.46077 6 0.0
0.84591 0.798054 0.434474 6 0.0
0.804323 0.824044 0.410894 6 0.0
0.929624 0.550936 0.574408 2 0.0
0.92923 0.610144 0.568068 2 0.0
0.930184 0.553113 0.594696 2 0.0
0.930018 0.491729 0.580748 2 0.0
0.929063 0.54876 0.554119 2 0.0
0.794159 0.198842 0.639149 7 1e-06
0.662383 0.335454 0.363443 10 0.663625
0.18094 0.814068 0.384847 4 0.0
0.070399 0.704282 0.359055 9 0.992952
0.493601 0.267621 0.378999 8 0.0
0.517557 0.26881 0.378674 8 0.0
0.493703 0.267848 0.387346 8 0.0
0.469645 0.266432 0.379323 8 0.0
0.493499 0.267394 0.370651 8 0.0
0.070392 0.549827 0.404474 11 0.0
0.103301 0.442425 0.638602 7 0.0
0.633882 0.92416 0.410882 6 0.0
0.5915 0.947768 0.407059 6 0.0
0.632875 0.925158 0.428211 6 0.0
0.676265 0.900552 0.414705 6 0.0
0.634889 0.923162 0.393553 6 0.0
0.282583 0.131635 0.379022 12 0.0
0.618363 0.702876 0.634523 8 0.0
0.904905 0.238183 0.440554 1 0.0
0.895329 0.232721 0.440471 1 0.0
0.904957 0.23766 0.468759 1 0.0
0.914482 0.243645 0.440638 1 0.0
0.904853 0.238705 0.41235 1 0.0
0.901085 0.248078 0.588212 3 0.00035
0.900471 0.251609 0.588451 3 0.00035
0.890518 0.245965 0.592292 3 0.00035
0.901699 0.244547 0.587974 3 0.00035
0.911651 0.25019 0.584133 3 0.00035
0.107448 0.40995 0.62654 7 0.0
0.930371 0.744394 0.404828 2 0.97714
0.730688 0.504011 0.621322 8 0.0
0.551185 0.723946 0.578345 8 0.0
0.509244 0.729226 0.576788 8 0.0
0.550757 0.72694 0.600015 8 0.0
0.593125 0.718666 0.579903 8 0.0
0.551613 0.720952 0.556676 8 0.0
0.269695 0.517521 0.634294 8 0.037766
0.336061 0.333318 0.615412 8 0.0
0.432023 0.276352 0.632783 8 0.000274
0.932107 0.74788 0.498602 2 0.999991
0.071606 0.714412 0.416451 11 0.0
0.070952 0.726956 0.418908 11 0.0
0.071386 0.710557 0.436077 11 0.0
0.07226 0.701868 0.413994 11 0.0
0.071826 0.718267 0.396825 11 0.0
0.497073 0.992638 0.578202 5 0.999999
0.492194 0.991015 0.581937 5 0.999999
0.497982 0.990567 0.57849 5 0.999999
0.501952 0.99426 0.574467 5 0.999999
0.496164 0.994708 0.577914 5 0.999999
0.392943 0.258915 0.357681 9 0.0
0.478747 0.732457 0.636944 7 1e-06
0.069327 0.547294 0.398435 11 0.0
0.278525 0.579587 0.356228 10 0.020129
0.927493 0.543972 0.371428 2 0.985611
0.741896 0.565928 0.645204 7 0.0
0.071064 0.255317 0.361391 11 1.0
0.072843 0.257878 0.363441 11 1.0
0.071041 0.254065 0.362975 11 1.0
0.069286 0.252755 0.35934 11 1.0
0.071087 0.256569 0.359807 11 1.0
0.714919 0.446223 0.591658 8 0.0
0.72792 0.489637 0.588112 8 0.0
0.718968 0.44645 0.609289 8 0.0
0.701918 0.402808 0.595204 8 0.0
0.71087 0.445995 0.574027 8 0.0
0.682424 0.894986 0.382659 6 0.0
0.701029 0.623434 0.633471 8 0.0
0.48152 0.773461 0.642741 7 0.0
0.10988 0.706466 0.359585 9 0.0
0.096554 0.709756 0.35979 9 0.0
0.103993 0.682693 0.358441 9 0.0
0.123205 0.703177 0.359381 9 0.0
0.115766 0.73024 0.36073 9 0.0
0.927488 0.316039 0.364956 2 2.4e-05
0.349468 0.215936 0.403818 8 0.0
0.565615 0.275211 0.357859 10 0.987163
0.763765 0.637175 0.643159 7 0.0
0.105741 0.771919 0.364438 4 0.9998
0.462168 0.735619 0.643064 7 0.0
0.868474 0.266884 0.3587 9 0.0
0.860353 0.279605 0.359203 9 0.0
0.887343 0.278957 0.358032 9 0.0
0.876594 0.254164 0.358198 9 0.0
0.849605 0.254812 0.359369 9 0.0
0.086446 0.258588 0.549306 12 0.999991
0.132826 0.355299 0.459897 11 1e-06
0.135287 0.371168 0.468618 11 1e-06
0.139202 0.337522 0.490445 11 1e-06
0.130365 0.33943 0.451175 11 1e-06
0.12645 0.373077 0.429349 11 1e-06
0.368963 0.918217 0.585564 4 0.0
0.079379 0.368817 0.570441 11 0.0
0.92942 0.498187 0.378903 2 0.0
0.132095 0.783289 0.474635 4 0.0
0.152421 0.795333 0.477867 4 0.0
0.127645 0.780892 0.51155 4 0.0
0.11177 0.771244 0.471403 4 0.0
0.136545 0.785685 0.43772 4 0.0
0.072538 0.310539 0.487488 11 0.0
0.073831 0.329698 0.485439 11 0.0
0.073686 0.314756 0.52763 11 0.0
0.071245 0.291381 0.489538 11 0.0
0.07139 0.306323 0.447346 11 0.0
0.930501 0.60505 0.539979 2 0.0
0.93089 0.647997 0.521556 2 0.0
0.930826 0.615651 0.564696 2 0.0
0.930112 0.562104 0.558402 2 0.0
0.930175 0.59445 0.515261 2 0.0
0.92166 0.331905 0.614912 3 4.8e-05
0.588571 0.173555 0.642644 7 0.0
0.58139 0.201255 0.643125 7 0.0
0.518542 0.155387 0.643285 7 0.0
0.595753 0.145854 0.642162 7 0.0
0.658601 0.191722 0.642003 7 0.0
0.504617 0.019816 0.504245 1 0.0
0.489261 0.964752 0.359322 9 0.0
0.48681 0.97301 0.358976 9 0.0
0.474071 0.960191 0.358107 9 0.0
0.491713 0.956494 0.359669 9 0.0
0.504452 0.969313 0.360538 9 0.0
0.929052 0.670501 0.506051 2 0.0
0.928527 0.695437 0.502153 2 0.0
0.929325 0.675604 0.538657 2 0.0
0.929576 0.645566 0.509948 2 0.0
0.928778 0.665398 0.473444 2 0.0
0.073331 0.261151 0.533639 11 0.010439
0.927359 0.366115 0.603429 2 0.0
0.562238 0.858482 0.641807 7 0.0
0.566276 0.879668 0.642592 7 0.0
0.618108 0.847831 0.64184 7 0.0
0.5582 0.837296 0.641022 7 0.0
0.506367 0.869133 0.641775 7 0.0
0.113362 0.228406 0.554332 12 0.0
0.120341 0.22456 0.54458 12 0.0
0.126031 0.219253 0.567008 12 0.0
0.106384 0.232253 0.564084 12 0.0
0.100693 0.23756 0.541655 12 0.0
0.474807 0.976502 0.573452 4 0.0
0.488115 0.981977 0.561716 4 0.0
0.478371 0.978331 0.578347 4 0.0
0.461499 0.971026 0.585189 4 0.0
0.471243 0.974672 0.568557 4 0.0
0.075822 0.251808 0.469609 12 0.0
0.815458 0.186998 0.361062 1 0.958247
0.860398 0.701771 0.35472 9 0.0
0.847307 0.730832 0.354949 9 0.0
0.841018 0.693047 0.353888 9 0.0
0.873488 0.672709 0.354492 9 0.0
0.879778 0.710494 0.355552 9 0.0
0.072374 0.71671 0.37055 11 2e-06
0.073829 0.730794 0.370613 11 2e-06
0.07221 0.716705 0.375649 11 2e-06
0.070919 0.702627 0.370488 11 2e-06
0.072538 0.716716 0.365451 11 2e-06
0.929433 0.675439 0.521347 2 0.0
0.928674 0.699223 0.521098 2 0.0
0.92933 0.675736 0.550077 2 0.0
0.930192 0.651655 0.521595 2 0.0
0.929536 0.675142 0.492616 2 0.0
0.30298 0.879669 0.625532 4 0.0
0.928631 0.357798 0.600905 2 0.0
0.494096 0.862381 0.641435 7 0.0
0.494335 0.885347 0.641361 7 0.0
0.552795 0.861774 0.64236 7 0.0
0.493857 0.839416 0.641508 7 0.0
0.435396 0.862989 0.640509 7 0.0
0.277719 0.447659 0.413855 8 0.0
0.273301 0.468546 0.41288 8 0.0
0.279444 0.448937 0.433408 8 0.0
0.282136 0.426773 0.414829 8 0.0
0.275994 0.446382 0.394301 8 0.0
0.310053 0.617729 0.396139 8 0.0
0.312982 0.617053 0.409824 8 0.0
0.293823 0.592052 0.398344 8 0.0
0.307125 0.618405 0.382454 8 0.0
0.326284 0.643406 0.393934 8 0.0
0.624872 0.689003 0.379066 8 0.000598
0.75512 0.854699 0.392362 6 0.0
0.932303 0.310368 0.481323 2 0.0
0.932596 0.329333 0.479214 2 0.0
0.932433 0.314666 0.519976 2 0.0
0.932009 0.291404 0.483433 2 0.0
0.932172 0.306071 0.44267 2 0.0
0.078078 0.749735 0.541549 4 0.013727
0.082374 0.75204 0.541448 4 0.013727
0.077542 0.751334 0.555237 4 0.013727
0.073782 0.74743 0.54165 4 0.013727
0.078614 0.748136 0.527862 4 0.013727
0.927572 0.51135 0.602724 2 0.0
0.693456 0.167713 0.358711 9 0.0
0.310839 0.111664 0.628779 12 0.0
0.769083 0.74083 0.64335 7 0.0
0.728811 0.785082 0.643875 7 0.0
0.752884 0.726089 0.643282 7 0.0
0.809355 0.696579 0.642825 7 0.0
0.785282 0.755572 0.643418 7 0.0
0.590798 0.716354 0.355821 10 0.851464
0.072858 0.260231 0.451062 11 0.0
0.072125 0.266363 0.562007 11 0.012847
0.072524 0.273486 0.562086 11 0.012847
0.071329 0.26631 0.570698 11 0.012847
0.071726 0.25924 0.561927 11 0.012847
0.072921 0.266416 0.553315 11 0.012847
0.522397 0.983252 0.379909 6 0.022201
0.513037 0.988255 0.380055 6 0.022201
0.522754 0.983666 0.388593 6 0.022201
0.531758 0.978249 0.379763 6 0.022201
0.522041 0.982838 0.371225 6 0.022201
0.259401 0.290985 0.639113 7 0.0
0.2051 0.356989 0.640089 7 0.0
0.23711 0.272663 0.638009 7 0.0
0.313702 0.224981 0.638137 7 0.0
0.281692 0.309307 0.640218 7 0.0
0.896597 0.307469 0.404934 2 0.065459
0.888079 0.326263 0.415389 2 0.065459
0.888872 0.298132 0.415424 2 0.065459
0.905116 0.288676 0.394478 2 0.065459
0.904323 0.316807 0.394443 2 0.065459
0.710206 0.219095 0.644554 7 0.0
0.694857 0.238922 0.645055 7 0.0
0.660186 0.180385 0.644032 7 0.0
0.725555 0.199269 0.644052 7 0.0
0.760226 0.257806 0.645075 7 0.0
0.070344 0.402946 0.614438 11 0.0
0.615646 0.705493 0.639799 8 0.0
0.649935 0.684337 0.619755 8 0.0
0.564405 0.253364 0.357242 9 0.0
0.754481 0.472421 0.56456 8 0.0
0.754569 0.468222 0.542862 8 0.0
0.771521 0.507069 0.557923 8 0.0
0.754393 0.476621 0.586259 8 0.0
0.737442 0.437774 0.571198 8 0.0
0.456885 0.27376 0.613602 8 0.0
0.697158 0.871321 0.392762 6 0.0
0.913223 0.756948 0.573266 6 0.00139
0.910674 0.757015 0.568737 6 0.00139
0.906585 0.761413 0.577067 6 0.00139
0.915772 0.75688 0.577795 6 0.00139
0.919861 0.752482 0.569464 6 0.00139
0.333376 0.890619 0.624748 4 0.0
0.331577 0.660555 0.35701 9 0.99967
0.270364 0.62809 0.356259 9 0.0
0.722978 0.44203 0.360704 10 0.999567
0.482815 0.735027 0.635663 8 0.640737
0.719603 0.126004 0.380116 1 0.000145
0.49352 0.256331 0.36014 10 3.9e-05
0.680532 0.651593 0.58867 8 0.0
0.679108 0.649998 0.570263 8 0.0
0.658773 0.695347 0.586561 8 0.0
0.681955 0.653188 0.607077 8 0.0
0.70229 0.607839 0.590778 8 0.0
0.900196 0.569762 0.358706 9 0.0
0.810205 0.778168 0.395307 6 0.0
0.246657 0.830549 0.617687 4 0.96004
0.932491 0.408308 0.42651 2 0.0
0.933102 0.455231 0.431131 2 0.0
0.933121 0.406231 0.447523 2 0.0
0.931879 0.361386 0.421888 2 0.0
0.93186 0.410386 0.405496 2 0.0
0.593099 0.053496 0.396382 1 0.0
0.622811 0.069946 0.393691 1 0.0
0.594414 0.053298 0.409682 1 0.0
0.563388 0.037046 0.399073 1 0.0
0.591785 0.053694 0.383082 1 0.0
0.722004 0.516174 0.59489 8 0.0
0.272201 0.533003 0.627518 8 0.0
0.758838 0.589533 0.578016 8 9e-06
0.768031 0.592193 0.55823 8 9e-06
0.749455 0.636243 0.579934 8 9e-06
0.749645 0.586874 0.597801 8 9e-06
0.768222 0.542824 0.576097 8 9e-06
0.665766 0.346924 0.607943 8 0.0
0.676402 0.218518 0.358104 9 0.0
0.7707 0.557881 0.641324 7 0.0
0.69695 0.715236 0.641464 7 0.0
0.726595 0.627051 0.356149 9 0.0
0.71751 0.615555 0.643632 7 0.0
0.1584 0.783194 0.360144 9 0.000264
0.928919 0.741248 0.446018 2 0.194135
0.071168 0.375544 0.394413 11 0.0
0.927595 0.748114 0.43095 6 0.067029
0.908096 0.351522 0.603415 2 0.005068
0.082895 0.725239 0.383189 11 0.0
0.080881 0.735525 0.381289 11 0.0
0.087153 0.727658 0.391772 11 0.0
0.084908 0.714952 0.38509 11 0.0
0.078637 0.722819 0.374607 11 0.0
0.368952 0.917893 0.57496 4 0.0
0.372003 0.92107 0.593233 4 0.0
0.326892 0.892781 0.586348 4 0.0
0.365902 0.914715 0.556687 4 0.0
0.411013 0.943005 0.563572 4 0.0
0.932877 0.637419 0.356447 2 1.0
0.09458 0.76186 0.403201 4 0.0
0.104046 0.767437 0.403166 4 0.0
0.09468 0.761789 0.418911 4 0.0
0.085115 0.756284 0.403236 4 0.0
0.094481 0.761932 0.387491 4 0.0
0.570409 0.046829 0.595143 1 3.6e-05
0.901141 0.35401 0.63539 3 2e-06
0.931345 0.65585 0.356909 2 0.999999
0.087515 0.303514 0.417681 11 0.999357
0.090018 0.312073 0.403065 11 0.999357
0.094815 0.31972 0.428421 11 0.999357
0.085012 0.294956 0.432296 11 0.999357
0.080215 0.287308 0.406941 11 0.999357
0.929933 0.531734 0.568102 2 0.0
0.929854 0.598095 0.563537 2 0.0
0.930437 0.533285 0.590645 2 0.0
0.930012 0.465373 0.572667 2 0.0
0.92943 0.530183 0.545559 2 0.0
0.20186 0.821477 0.55671 4 0.0
0.244381 0.846025 0.570621 4 0.0
0.195829 0.818398 0.580577 4 0.0
0.159338 0.796928 0.542799 4 0.0
0.207891 0.824555 0.532843 4 0.0
0.630069 0.922132 0.602882 6 0.0
0.902534 0.764399 0.407678 6 0.0
0.892056 0.771047 0.407345 6 0.0
0.902328 0.764946 0.425065 6 0.0
0.913013 0.757751 0.408012 6 0.0
0.90274 0.763852 0.390292 6 0.0
0.929976 0.744264 0.537415 2 0.999968
0.517822 0.986242 0.36061 6 0.999878
0.926316 0.258446 0.367672 2 0.000843
0.925438 0.262376 0.367405 2 0.000843
0.926163 0.258695 0.37184 2 0.000843
0.927194 0.254516 0.367938 2 0.000843
0.926469 0.258198 0.363504 2 0.000843
0.088027 0.635707 0.582913 11 0.0
0.089321 0.636458 0.602875 11 0.0
0.082906 0.610995 0.584174 11 0.0
0.086733 0.634956 0.562951 11 0.0
0.093148 0.660419 0.581652 11 0.0
0.180639 0.808281 0.599815 4 0.0
0.930343 0.615123 0.530358 2 0.0
0.930013 0.654306 0.512962 2 0.0
0.930514 0.62744 0.558098 2 0.0
0.930673 0.57594 0.547753 2 0.0
0.930172 0.602806 0.502618 2 0.0
0.928237 0.729076 0.528664 2 0.0
0.928691 0.736623 0.528793 2 0.0
0.928909 0.728674 0.549727 2 0.0
0.927784 0.721529 0.528535 2 0.0
0.927566 0.729477 0.507601 2 0.0
0.452194 0.970243 0.367539 4 0.999889
0.556219 0.8395 0.356549 9 0.0
0.9023 0.421733 0.640844 3 0.0
0.881117 0.358363 0.641066 7 0.0
0.234915 0.69674 0.639699 8 0.0
0.280645 0.754242 0.641396 8 0.0
0.209602 0.716862 0.639982 8 0.0
0.189184 0.639238 0.638002 8 0.0
0.260227 0.676618 0.639416 8 0.0
0.88867 0.3895 0.640578 7 7e-06
0.089206 0.338064 0.576975 11 0.435661
0.093974 0.364316 0.585638 11 0.435661
0.087182 0.334836 0.587869 11 0.435661
0.084439 0.311811 0.568311 11 0.435661
0.091231 0.341291 0.566081 11 0.435661
0.754787 0.770771 0.358291 9 0.0
0.767094 0.78973 0.358681 9 0.0
0.700639 0.805947 0.357126 9 0.0
0.742479 0.751812 0.357902 9 0.0
0.808935 0.735595 0.359457 9 0.0
0.108312 0.231025 0.572502 12 0.0
0.094519 0.238375 0.567769 12 0.0
0.106087 0.232244 0.580878 12 0.0
0.122106 0.223675 0.577236 12 0.0
0.110537 0.229807 0.564127 12 0.0
0.093378 0.757466 0.534926 4 0.0
0.102454 0.761766 0.533995 4 0.0
0.094346 0.759357 0.553099 4 0.0
0.084303 0.753167 0.535856 4 0.0
0.09241 0.755576 0.516753 4 0.0
0.925984 0.257271 0.504724 2 0.999925
0.924063 0.254336 0.502908 2 0.999925
0.922983 0.255982 0.509981 2 0.999925
0.927904 0.260206 0.506541 2 0.999925
0.928984 0.25856 0.499468 2 0.999925
0.46209 0.028436 0.358439 9 0.999885
0.912393 0.336987 0.594853 2 0.0
0.905753 0.36176 0.635302 3 0.000211
0.883853 0.514533 0.357647 9 1e-06
0.414367 0.279252 0.365237 8 0.999544
0.720895 0.131648 0.597671 1 0.0
0.735192 0.164948 0.642914 7 0.0
0.421966 0.281062 0.616092 8 0.0
0.929813 0.747641 0.37751 2 0.99979
0.580262 0.753401 0.643649 7 0.0
0.530661 0.044132 0.359029 9 0.128651
0.527383 0.051978 0.358161 9 0.128651
0.508236 0.03495 0.360729 9 0.128651
0.533939 0.036286 0.359896 9 0.128651
0.553086 0.053313 0.357328 9 0.128651
0.845826 0.796815 0.5994 6 0.0
0.469203 0.261875 0.642679 8 1e-06
0.071845 0.673284 0.485724 11 0.0
0.07275 0.69876 0.489958 11 0.0
0.071025 0.666654 0.525794 11 0.0
0.070941 0.647808 0.481491 11 0.0
0.072666 0.679913 0.445655 11 0.0
0.367512 0.880043 0.358372 9 0.0
0.927149 0.713775 0.392784 2 0.008908
0.927068 0.726334 0.388329 2 0.008908
0.927743 0.717718 0.403889 2 0.008908
0.92723 0.701216 0.397238 2 0.008908
0.926554 0.709832 0.381678 2 0.008908
0.293706 0.595843 0.612826 8 0.0
0.304346 0.623579 0.611207 8 0.0
0.293344 0.596591 0.623246 8 0.0
0.283066 0.568108 0.614446 8 0.0
0.294068 0.595096 0.602407 8 0.0
0.93034 0.521249 0.382567 2 3e-06
0.640763 0.315592 0.374166 8 0.081732
0.653399 0.329506 0.377316 8 0.081732
0.639074 0.315671 0.380592 8 0.081732
0.628128 0.301679 0.371015 8 0.081732
0.642453 0.315514 0.367739 8 0.081732
0.690547 0.651459 0.632279 8 0.002816
0.362961 0.312946 0.568033 8 0.0
0.366086 0.312469 0.544192 8 0.0
0.339387 0.332943 0.564543 8 0.0
0.359837 0.313423 0.591874 8 0.0
0.386536 0.292949 0.571523 8 0.0
0.717579 0.460059 0.586222 8 0.0
0.731441 0.507651 0.581631 8 0.0
0.721443 0.460734 0.604889 8 0.0
0.703716 0.412466 0.590813 8 0.0
0.713714 0.459384 0.567555 8 0.0
0.685461 0.344111 0.545105 8 0.0
0.68064 0.337251 0.526166 8 0.0
0.711563 0.37157 0.528515 8 0.0
0.690282 0.350971 0.564044 8 0.0
0.65936 0.316652 0.561696 8 0.0
0.599631 0.802927 0.643046 7 0.0
0.608503 0.828669 0.642242 7 0.0
0.677925 0.775947 0.643172 7 0.0
0.590759 0.777185 0.643851 7 0.0
0.521337 0.829907 0.642921 7 0.0
0.279335 0.830426 0.358023 9 0.0
0.363078 0.91786 0.37252 4 0.0
0.928481 0.404134 0.36769 2 0.000131
0.802365 0.643968 0.356335 9 0.0
0.775492 0.708154 0.356558 9 0.0
0.831922 0.656342 0.356697 9 0.0
0.829238 0.579782 0.356111 9 0.0
0.772808 0.631595 0.355972 9 0.0
0.623914 0.692954 0.640514 8 0.999621
0.56923 0.243159 0.642775 7 0.0
0.410072 0.23402 0.358959 8 0.962017
0.42139 0.249505 0.359909 8 0.962017
0.422327 0.224815 0.363008 8 0.962017
0.398754 0.218534 0.358009 8 0.962017
0.397818 0.243225 0.35491 8 0.962017
0.722186 0.563199 0.598299 8 0.0
0.668739 0.293907 0.633644 7 1e-06
0.729129 0.446557 0.637456 8 0.999998
0.701902 0.629385 0.609847 8 0.0
0.89686 0.233342 0.358868 9 0.99998
0.488316 0.987623 0.448014 4 0.0
0.478006 0.952759 0.615183 5 0.0
0.454545 0.946427 0.622001 5 0.0
0.482195 0.945978 0.623299 5 0.0
0.501467 0.959091 0.608364 5 0.0
0.473817 0.95954 0.607066 5 0.0
0.500579 0.997446 0.381602 4 0.999991
0.521054 0.018031 0.388522 1 0.0
0.530951 0.022958 0.386591 1 0.0
0.522809 0.01863 0.399046 1 0.0
0.511158 0.013103 0.390452 1 0.0
0.5193 0.017431 0.377997 1 0.0
0.924184 0.751097 0.468459 9 0.04758
0.092584 0.714967 0.446533 11 0.0
0.093029 0.726224 0.446954 11 0.0
0.099917 0.713635 0.474418 11 0.0
0.09214 0.703709 0.446113 11 0.0
0.085252 0.716298 0.418648 11 0.0
0.929077 0.259927 0.396667 2 0.095023
0.094392 0.654524 0.359014 9 0.0
0.822192 0.657454 0.642583 7 0.0
0.795408 0.712018 0.64311 7 0.0
0.801786 0.647436 0.642701 7 0.0
0.848976 0.60289 0.642056 7 0.0
0.842597 0.667472 0.642464 7 0.0
0.438171 0.957873 0.481752 4 0.0
0.460623 0.970107 0.481466 4 0.0
0.438213 0.958731 0.521735 4 0.0
0.41572 0.945639 0.482038 4 0.0
0.438129 0.957015 0.441769 4 0.0
0.48252 0.962213 0.585599 5 0.823898
0.488626 0.956842 0.593057 5 0.823898
0.477058 0.959974 0.588458 5 0.823898
0.476414 0.967585 0.578141 5 0.823898
0.487982 0.964453 0.58274 5 0.823898
0.071141 0.306998 0.381784 11 0.0
0.071334 0.327344 0.382079 11 0.0
0.071339 0.306871 0.390457 11 0.0
0.070949 0.286652 0.381489 11 0.0
0.070943 0.307126 0.37311 11 0.0
0.098048 0.394939 0.360639 9 1.2e-05
0.496578 0.00897 0.505408 12 0.0
0.817157 0.812756 0.570974 6 0.0
0.781097 0.835104 0.585526 6 0.0
0.822 0.80933 0.588235 6 0.0
0.853217 0.790408 0.556422 6 0.0
0.812315 0.816181 0.553713 6 0.0
0.92926 0.548152 0.605286 2 0.0
0.676541 0.106256 0.582956 1 0.0
0.207942 0.170622 0.597878 12 0.0
0.265128 0.496461 0.368603 8 0.161231
0.926861 0.408232 0.620853 2 0.0
0.649605 0.679314 0.35824 8 0.999999
0.913956 0.448056 0.640103 3 0.946435
0.895192 0.234831 0.588208 1 0.982094
0.515537 0.121063 0.586441 12 0.0
0.511151 0.141529 0.587749 12 0.0
0.467262 0.110025 0.597287 12 0.0
0.519922 0.100598 0.585132 12 0.0
0.563811 0.132102 0.575594 12 0.0
0.930338 0.580805 0.536732 2 0.0
0.930147 0.632402 0.52601 2 0.0
0.930617 0.587146 0.56724 2 0.0
0.930529 0.529208 0.547455 2 0.0
0.930059 0.574464 0.506225 2 0.0
0.182855 0.685283 0.63958 7 0.0
0.212824 0.731017 0.639547 7 0.0
0.165752 0.69649 0.640256 7 0.0
0.152886 0.639549 0.639613 7 0.0
0.199958 0.674075 0.638904 7 0.0
0.088991 0.757816 0.503611 4 0.0
0.096807 0.762129 0.503649 4 0.0
0.088697 0.758114 0.530765 4 0.0
0.081175 0.753503 0.503574 4 0.0
0.089285 0.757519 0.476457 4 0.0
0.931608 0.657651 0.35455 9 1.0
0.533212 0.733347 0.359365 10 0.232185
0.75605 0.519342 0.369179 10 3.2e-05
0.269844 0.475271 0.637147 8 0.999974
0.071576 0.30201 0.515414 11 0.0
0.072907 0.319503 0.516742 11 0.0
0.071351 0.299924 0.543113 11 0.0
0.070245 0.284517 0.514086 11 0.0
0.071801 0.304095 0.487716 11 0.0
0.272612 0.528758 0.37709 8 0.0
0.731481 0.133861 0.384507 1 0.0
0.916202 0.755839 0.360682 6 0.986582
0.271262 0.447991 0.368411 8 0.0
0.071866 0.365368 0.360073 9 0.946095
0.486924 0.268019 0.632745 8 0.033047
0.226808 0.31668 0.639966 7 0.0
0.186003 0.375965 0.641326 7 0.0
0.201807 0.299457 0.640611 7 0.0
0.267613 0.257395 0.638605 7 0.0
0.25181 0.333903 0.63932 7 0.0
0.52162 0.23945 0.641707 7 0.0
0.502673 0.868958 0.640427 7 0.0
0.503713 0.89041 0.640274 7 0.0
0.446148 0.87169 0.639077 7 0.0
0.501633 0.847507 0.640579 7 0.0
0.559198 0.866227 0.641776 7 0.0
0.071237 0.376867 0.361755 11 0.995845
0.731875 0.462881 0.354692 10 0.999958
0.709686 0.624708 0.644016 7 0.0
0.378534 0.693291 0.37928 8 0.0
0.728429 0.4463 0.634347 7 0.0
0.594741 0.704795 0.536588 8 0.0
0.559695 0.717086 0.532716 8 0.0
0.591885 0.707081 0.569704 8 0.0
0.629788 0.692504 0.54046 8 0.0
0.597598 0.702508 0.503473 8 0.0
0.631515 0.925417 0.393802 6 0.0
0.930946 0.542185 0.398781 2 0.0
0.718437 0.57192 0.373265 8 0.985421
0.30214 0.351976 0.356981 10 0.000316
0.373398 0.717788 0.642405 7 0.0
0.712349 0.68421 0.643804 7 0.0
0.731692 0.524125 0.609518 8 0.0
0.407845 0.933168 0.57187 4 0.0
0.104358 0.633653 0.589706 11 1e-06
0.457449 0.968608 0.426888 4 0.0
0.472021 0.976679 0.434191 4 0.0
0.448876 0.964167 0.448903 4 0.0
0.442877 0.960538 0.419585 4 0.0
0.466022 0.97305 0.404873 4 0.0
0.867471 0.784634 0.588778 6 0.0
0.072698 0.322605 0.477242 11 0.0
0.072459 0.347053 0.475305 11 0.0
0.069916 0.325493 0.514036 11 0.0
0.072938 0.298157 0.479179 11 0.0
0.075481 0.319717 0.440448 11 0.0
0.071937 0.718275 0.559524 11 0.0
0.07125 0.72414 0.568307 11 0.0
0.071289 0.70793 0.566381 11 0.0
0.072623 0.71241 0.550741 11 0.0
0.072585 0.72862 0.552666 11 0.0
0.880626 0.326574 0.638882 3 0.004383
0.93047 0.680886 0.358317 2 1.0
0.896896 0.771381 0.357029 6 1.0
0.922566 0.351265 0.621868 3 5e-06
0.889424 0.241558 0.602319 3 1e-06
0.111502 0.439162 0.63012 7 0.0
0.373035 0.071275 0.542733 12 0.0
0.334447 0.091458 0.558503 12 0.0
0.381871 0.067576 0.569087 12 0.0
0.411623 0.051091 0.526963 12 0.0
0.364199 0.074973 0.516379 12 0.0
0.693276 0.11809 0.63102 1 0.0
0.912021 0.467547 0.620994 2 5e-06
0.517546 0.843035 0.639448 7 0.0
0.519664 0.87284 0.63819 7 0.0
0.582999 0.83841 0.64011 7 0.0
0.515427 0.813229 0.640706 7 0.0
0.452092 0.84766 0.638787 7 0.0
0.695044 0.641156 0.581916 8 0.0
0.69276 0.641508 0.56364 8 0.0
0.648445 0.675432 0.588399 8 0.0
0.697328 0.640804 0.600193 8 0.0
0.741642 0.60688 0.575434 8 0.0
0.650972 0.908893 0.588389 6 0.0
0.554797 0.900719 0.599495 6 0.003077
0.55371 0.907747 0.6002 6 0.003077
0.57608 0.903917 0.60045 6 0.003077
0.555885 0.893691 0.598789 6 0.003077
0.533515 0.897521 0.598539 6 0.003077
0.161594 0.200411 0.597607 12 0.0
0.917945 0.253562 0.583136 3 0.001833
0.916624 0.257077 0.584427 3 0.001833
0.912167 0.249368 0.588642 3 0.001833
0.919266 0.250047 0.581844 3 0.001833
0.923723 0.257756 0.57763 3 0.001833
0.50001 0.998303 0.434167 4 0.999977
0.07205 0.258995 0.55858 11 8e-06
0.07131 0.264222 0.558843 11 8e-06
0.070425 0.258355 0.566723 11 8e-06
0.072789 0.253768 0.558316 11 8e-06
0.073675 0.259636 0.550436 11 8e-06
0.927883 0.269204 0.505566 3 0.0
0.930928 0.283706 0.357264 9 0.999821
0.929181 0.258117 0.358893 9 0.999959
0.930269 0.264263 0.358742 9 0.999959
0.927478 0.258468 0.360918 9 0.999959
0.928094 0.251971 0.359043 9 0.999959
0.930885 0.257766 0.356867 9 0.999959
0.419806 0.937359 0.620106 5 0.998103
0.072842 0.724016 0.533812 11 0.0
0.073177 0.733189 0.535428 11 0.0
0.072738 0.720368 0.55454 11 0.0
0.072508 0.714844 0.532196 11 0.0
0.072947 0.727665 0.513084 11 0.0
0.169585 0.804538 0.616675 4 0.4884
0.703339 0.759012 0.643871 7 0.0
0.645621 0.803906 0.64427 7 0.0
0.722146 0.783193 0.643717 7 0.0
0.761058 0.714118 0.643472 7 0.0
0.684532 0.734831 0.644025 7 0.0
0.278725 0.595239 0.397028 8 0.0
0.278789 0.59148 0.408853 8 0.0
0.271511 0.570636 0.389246 8 0.0
0.278661 0.598997 0.385202 8 0.0
0.285939 0.619842 0.404809 8 0.0
0.284601 0.41767 0.619161 8 0.0
0.311959 0.109776 0.606364 12 0.0
0.074832 0.70267 0.358408 9 0.990146
0.498414 0.994222 0.496088 4 0.997395
0.93124 0.745765 0.439841 2 0.971405
0.928158 0.415146 0.63365 3 0.999602
0.289678 0.405918 0.578032 8 0.0
0.271293 0.439485 0.585922 8 0.0
0.290478 0.401846 0.597222 8 0.0
0.308063 0.372352 0.570142 8 0.0
0.288878 0.409991 0.558843 8 0.0
0.714469 0.127985 0.548603 1 0.0
0.762194 0.155674 0.55194 1 0.0
0.712889 0.127164 0.577996 1 0.0
0.666744 0.100295 0.545265 1 0.0
0.716049 0.128805 0.51921 1 0.0
0.927339 0.269493 0.380219 2 0.010339
0.927549 0.277292 0.38074 2 0.010339
0.927946 0.268926 0.38847 2 0.010339
0.927129 0.261693 0.379699 2 0.010339
0.926732 0.27006 0.371969 2 0.010339
0.273526 0.467317 0.601019 8 0.0
0.267129 0.502887 0.598676 8 0.0
0.27295 0.468118 0.614757 8 0.0
0.279923 0.431747 0.603362 8 0.0
0.274102 0.466515 0.587282 8 0.0
0.316836 0.355274 0.634609 8 0.261171
0.489693 0.271631 0.599723 8 0.0
0.524451 0.267775 0.59998 8 0.0
0.489638 0.272091 0.614078 8 0.0
0.454935 0.275488 0.599466 8 0.0
0.489748 0.271171 0.585367 8 0.0
0.339912 0.299341 0.641093 7 0.0
0.899103 0.763607 0.585303 6 0.008473
0.500655 0.997157 0.395588 4 0.999994
0.524034 0.731222 0.629452 8 0.0
0.381152 0.704641 0.354976 8 0.999691
0.197212 0.822768 0.379307 4 0.0
0.583949 0.286819 0.381421 8 0.999984
0.715434 0.419652 0.368251 8 0.999444
0.36839 0.075125 0.562391 12 0.0
0.327415 0.097595 0.575654 12 0.0
0.374019 0.072921 0.583512 12 0.0
0.409366 0.052654 0.549127 12 0.0
0.362762 0.077328 0.541269 12 0.0
0.267068 0.429963 0.358229 10 0.531782
0.537088 0.259021 0.358774 9 4e-06
0.698106 0.617646 0.598229 7 0.0
0.505159 0.731861 0.627805 8 0.0
0.625722 0.715566 0.64195 7 0.0
0.277041 0.496862 0.426862 8 0.0
0.28001 0.498465 0.450579 8 0.0
0.275971 0.462262 0.429334 8 0.0
0.274073 0.495259 0.403144 8 0.0
0.278112 0.531463 0.424389 8 0.0
0.931535 0.481417 0.394453 2 0.0
0.467002 0.268902 0.357912 10 0.999471
0.731161 0.470086 0.354024 10 0.999997
0.49119 0.72768 0.593126 8 0.0
0.452683 0.7255 0.59428 8 0.0
0.491582 0.729626 0.609892 8 0.0
0.529696 0.729859 0.591972 8 0.0
0.490798 0.725733 0.57636 8 0.0
0.655195 0.676134 0.643688 8 0.727778
0.722068 0.545295 0.584877 8 0.0
0.721303 0.543556 0.56614 8 0.0
0.705926 0.588316 0.581542 8 0.0
0.722833 0.547035 0.603613 8 0.0
0.738209 0.502275 0.588212 8 0.0
0.401832 0.93947 0.381311 4 0.0
0.73424 0.529208 0.638278 8 0.815003
0.725866 0.508602 0.585151 8 0.0
0.73611 0.553858 0.589268 8 0.0
0.72845 0.506231 0.604783 8 0.0
0.715622 0.463345 0.581034 8 0.0
0.723283 0.510973 0.565519 8 0.0
0.361252 0.916863 0.385348 4 0.0
0.930579 0.501717 0.40728 2 0.0
0.844885 0.224185 0.360373 9 1e-06
0.830986 0.77291 0.59106 6 7.8e-05
0.508383 0.035866 0.412299 1 0.98224
0.510435 0.046252 0.408326 1 0.98224
0.509507 0.041022 0.426359 1 0.98224
0.50633 0.02548 0.416272 1 0.98224
0.507258 0.030709 0.398239 1 0.98224
0.075924 0.268075 0.479049 11 0.0
0.931028 0.298884 0.481777 2 0.0
0.93192 0.314043 0.479339 2 0.0
0.930725 0.305058 0.520065 2 0.0
0.930137 0.283725 0.484214 2 0.0
0.931331 0.29271 0.443488 2 0.0
0.344763 0.106912 0.38133 12 0.999989
0.446734 0.960611 0.591954 4 0.0
0.079195 0.264132 0.563305 11 0.999833
0.08319 0.268554 0.560376 11 0.999833
0.080448 0.266482 0.568561 11 0.999833
0.0752 0.259711 0.566233 11 0.999833
0.077943 0.261782 0.558048 11 0.999833
0.921763 0.319585 0.604719 3 0.998209
0.238653 0.196515 0.561313 12 0.0
0.92896 0.388238 0.5965 2 0.0
0.774355 0.167177 0.635345 3 4e-06
0.259412 0.144293 0.405592 12 0.0
0.131177 0.217321 0.593603 12 0.0
0.927592 0.255734 0.386273 2 0.159502
0.924378 0.649247 0.36802 2 0.000105
0.576405 0.955772 0.370545 6 0.028205
0.49768 0.994112 0.369202 4 0.994985
0.498894 0.996674 0.369526 4 0.994985
0.496231 0.994033 0.375269 4 0.994985
0.496466 0.991551 0.368879 4 0.994985
0.499129 0.994191 0.363136 4 0.994985
0.084181 0.284987 0.561502 11 2e-06
0.082423 0.292351 0.554418 11 2e-06
0.078553 0.2973 0.5757 11 2e-06
0.085939 0.277622 0.568586 11 2e-06
0.089809 0.272673 0.547304 11 2e-06
0.0794 0.395612 0.610868 11 0.999963
0.930391 0.745858 0.492246 2 0.810289
0.06998 0.266504 0.36068 11 1.0
0.068778 0.266566 0.358382 11 1.0
0.070564 0.274685 0.360596 11 1.0
0.071181 0.266441 0.362978 11 1.0
0.069396 0.258323 0.360764 11 1.0
0.871219 0.448711 0.642955 3 0.0
0.87858 0.49196 0.643351 3 0.0
0.886911 0.446041 0.642831 3 0.0
0.863858 0.405461 0.642559 3 0.0
0.855527 0.45138 0.64308 3 0.0
0.720398 0.770347 0.641963 7 0.0
0.670677 0.812177 0.641727 7 0.0
0.735842 0.788706 0.642254 7 0.0
0.770119 0.728516 0.6422 7 0.0
0.704954 0.751988 0.641672 7 0.0
0.31377 0.632921 0.376871 8 0.0
0.225307 0.186834 0.361042 9 6.8e-05
0.130251 0.743108 0.473973 4 0.0
0.1424 0.752176 0.468245 4 0.0
0.143556 0.746727 0.50792 4 0.0
0.118102 0.734039 0.479702 4 0.0
0.116946 0.739488 0.440026 4 0.0
0.499255 0.006282 0.503877 12 1e-06
0.895969 0.360512 0.585347 2 8.7e-05
0.899963 0.389934 0.591873 2 8.7e-05
0.892857 0.358169 0.597815 2 8.7e-05
0.891975 0.331091 0.578821 2 8.7e-05
0.89908 0.362856 0.572879 2 8.7e-05
0.842793 0.258102 0.624637 3 0.994458
0.271123 0.533825 0.367139 8 0.970956
0.114793 0.618651 0.411381 11 6.1e-05
0.282059 0.538115 0.423445 8 0.0
0.284265 0.534766 0.445629 8 0.0
0.27506 0.503632 0.418935 8 0.0
0.279852 0.541465 0.40126 8 0.0
0.289058 0.572599 0.427955 8 0.0
0.877021 0.776094 0.361766 6 0.999492
0.496792 0.262095 0.356693 10 0.816556
0.335676 0.339098 0.370995 10 2e-06
0.096703 0.38984 0.359974 9 1e-06
0.392249 0.698905 0.385506 8 0.0
0.416436 0.714122 0.381481 8 0.0
0.394724 0.697655 0.39565 8 0.0
0.368063 0.683689 0.389532 8 0.0
0.389774 0.700156 0.375363 8 0.0
0.665546 0.333975 0.636546 8 0.0
0.928577 0.299269 0.373347 2 0.045755
0.568746 0.808675 0.356181 9 0.0
0.572815 0.281546 0.379866 8 0.999992
0.702175 0.621426 0.62997 8 0.0
0.736192 0.4747 0.637981 8 0.0
0.743645 0.489595 0.613282 8 1e-06
0.639199 0.686203 0.572369 8 0.0
0.605796 0.707443 0.574944 8 0.0
0.64109 0.686342 0.595752 8 0.0
0.672603 0.664963 0.569794 8 0.0
0.637308 0.686064 0.548986 8 0.0
0.722899 0.469429 0.604783 8 0.0
0.071781 0.386083 0.376524 11 0.022605
0.316991 0.641683 0.36596 8 0.734757
0.374213 0.920174 0.548423 4 0.0
0.379172 0.921797 0.576491 4 0.0
0.331497 0.89696 0.557312 4 0.0
0.369253 0.918551 0.520355 4 0.0
0.416929 0.943387 0.539533 4 0.0
0.63895 0.291063 0.643467 8 0.998928
0.621958 0.275254 0.643764 8 0.998928
0.633465 0.296968 0.64403 8 0.998928
0.655941 0.306872 0.643169 8 0.998928
0.644434 0.285158 0.642903 8 0.998928
0.71673 0.461556 0.555329 8 0.0
0.72603 0.500711 0.54916 8 0.0
0.719536 0.46495 0.581103 8 0.0
0.707429 0.4224 0.561498 8 0.0
0.713924 0.458162 0.529555 8 0.0
0.819552 0.237666 0.640296 3 0.0
0.678741 0.302208 0.615461 8 0.001521
0.494329 0.735367 0.639063 8 0.999629
0.728309 0.461805 0.634984 8 0.0
0.72163 0.628708 0.642797 7 0.0
0.069493 0.439478 0.631349 11 0.999777
0.807764 0.821267 0.363279 6 0.843178
0.49736 0.985896 0.356135 9 1.0
0.497106 0.988844 0.357831 9 1.0
0.486194 0.984968 0.356075 9 1.0
0.497614 0.982948 0.354439 9 1.0
0.508527 0.986824 0.356195 9 1.0
0.072926 0.346888 0.491463 11 0.0
0.072665 0.376608 0.483713 11 0.0
0.071678 0.357489 0.532158 11 0.0
0.073186 0.317168 0.499214 11 0.0
0.074173 0.336287 0.450769 11 0.0
0.863874 0.33987 0.640557 3 0.0
0.073208 0.279818 0.558992 11 0.000189
0.072268 0.291035 0.557498 11 0.000189
0.072684 0.281388 0.571119 11 0.000189
0.074148 0.268601 0.560486 11 0.000189
0.073733 0.278247 0.546865 11 0.000189
0.384872 0.925349 0.612196 4 0.0
0.432052 0.954015 0.588056 4 0.0
0.074437 0.27359 0.475577 11 0.0
0.92304 0.326611 0.611734 3 0.000178
0.822814 0.809465 0.572132 6 0.0
0.788024 0.830735 0.586779 6 0.0
0.827607 0.806066 0.588451 6 0.0
0.857605 0.788195 0.557484 6 0.0
0.818022 0.812864 0.555813 6 0.0
0.923055 0.250498 0.415082 1 0.139033
0.928065 0.488621 0.623985 2 0.0
0.895283 0.315364 0.613065 3 0.999992
0.90595 0.332263 0.620032 3 0.999992
0.902271 0.314346 0.604835 3 0.999992
0.884615 0.298465 0.606098 3 0.999992
0.888294 0.316382 0.621295 3 0.999992
0.929663 0.44189 0.615291 2 0.0
0.743059 0.147935 0.632586 1 1e-06
0.306103 0.623368 0.358226 8 1.0
0.555379 0.95311 0.611865 5 0.002585
0.924799 0.634291 0.365462 2 7.8e-05
0.645237 0.905477 0.366075 9 0.884555
0.479988 0.98092 0.562188 4 0.0
0.489439 0.986021 0.561631 4 0.0
0.480508 0.98109 0.572541 4 0.0
0.470537 0.97582 0.562746 4 0.0
0.479468 0.980751 0.551836 4 0.0
0.0755 0.294822 0.576677 11 0.049908
0.457472 0.949682 0.617197 5 0.000132
0.433022 0.939923 0.624312 5 0.000132
0.461774 0.944282 0.624572 5 0.000132
0.481923 0.959442 0.610081 5 0.000132
0.45317 0.955082 0.609821 5 0.000132
0.074425 0.744562 0.528484 11 0.029054
0.630024 0.903048 0.362169 9 0.000311
0.394427 0.28938 0.362923 8 1.0
0.229027 0.835148 0.358799 9 0.520257
0.926705 0.436743 0.632022 3 0.999998
0.928711 0.268996 0.518739 2 0.0
0.07802 0.579771 0.609866 11 0.006179
0.165527 0.675316 0.638834 7 0.0
0.148704 0.684095 0.638029 7 0.0
0.193215 0.728536 0.640619 7 0.0
0.18235 0.666537 0.639639 7 0.0
0.137838 0.622095 0.637048 7 0.0
0.422324 0.947143 0.605507 4 0.0
0.894499 0.303971 0.622234 3 0.000153
0.905787 0.328611 0.620981 3 0.000153
0.888703 0.30697 0.628998 3 0.000153
0.883211 0.27933 0.623488 3 0.000153
0.900295 0.300971 0.61547 3 0.000153
0.254297 0.541329 0.383702 8 6e-06
0.261991 0.557336 0.374985 8 6e-06
0.252182 0.545353 0.389226 8 6e-06
0.246604 0.525321 0.392419 8 6e-06
0.256412 0.537304 0.378179 8 6e-06
0.700288 0.38825 0.371402 10 0.999836
0.235403 0.203916 0.362498 9 0.0
0.272111 0.449241 0.642517 8 0.95747
0.928151 0.74462 0.472018 2 0.999999
0.927547 0.730105 0.475933 2 0.0
0.072761 0.315636 0.366684 11 0.001837
0.632102 0.68823 0.359838 8 1.0
0.643994 0.292984 0.363544 9 0.000245
0.420478 0.049328 0.359469 12 0.999995
0.728534 0.389343 0.356683 8 0.0
0.453154 0.272407 0.358181 8 0.998929
0.320599 0.349969 0.633938 8 4.9e-05
0.888773 0.773065 0.360379 6 1.0
0.368707 0.086244 0.59572 12 0.0
0.391876 0.097004 0.358115 9 0.000796
0.717427 0.874773 0.374749 6 0.0
0.577531 0.720231 0.629382 8 0.0
0.294971 0.363949 0.597586 8 1e-06
0.369357 0.693176 0.366513 10 0.0
0.845145 0.200231 0.354484 9 1.0
0.429538 0.719366 0.3705 8 0.028449
0.066242 0.279795 0.360161 11 1.0
0.072771 0.325981 0.358838 9 0.999993
0.694624 0.14028 0.358289 9 4.9e-05
0.223868 0.197955 0.637871 7 0.0043
0.686606 0.663529 0.355261 10 0.000131
0.526334 0.725853 0.575785 8 0.0
0.48736 0.728024 0.5852 8 0.0
0.531363 0.728429 0.596005 8 0.0
0.565309 0.723682 0.566369 8 0.0
0.521306 0.723277 0.555564 8 0.0
0.927834 0.501228 0.367018 2 0.000132
0.908214 0.268763 0.473638 3 0.000188
0.353188 0.314799 0.635858 8 1e-06
0.729011 0.47469 0.625768 8 0.0
0.35309 0.684254 0.643324 7 0.106992
0.913635 0.267622 0.490375 2 0.999995
0.907713 0.271843 0.488773 2 0.999995
0.910535 0.272004 0.51339 2 0.999995
0.919558 0.263401 0.491976 2 0.999995
0.916736 0.26324 0.46736 2 0.999995
0.822267 0.191887 0.357968 9 0.970533
0.080186 0.699384 0.449423 11 0.0
0.079537 0.712135 0.452585 11 0.0
0.078097 0.692206 0.477943 11 0.0
0.080834 0.686634 0.446261 11 0.0
0.082274 0.706563 0.420903 11 0.0
0.409449 0.926297 0.591679 4 0.986188
0.097875 0.760579 0.372712 4 0.014748
0.108069 0.765971 0.370988 4 0.014748
0.098729 0.760718 0.3782 4 0.014748
0.08768 0.755187 0.374435 4 0.014748
0.09702 0.76044 0.367224 4 0.014748
0.195371 0.181985 0.360364 9 1.0
0.344878 0.849044 0.638037 7 0.0
0.128256 0.354725 0.639326 7 0.0
0.764965 0.841877 0.360153 9 0.999471
0.509816 0.867759 0.640694 7 0.0
0.51129 0.889699 0.640264 7 0.0
0.452117 0.871612 0.639426 7 0.0
0.508341 0.84582 0.641124 7 0.0
0.567515 0.863906 0.641962 7 0.0
0.765921 0.794842 0.629598 7 0.0
0.743582 0.817969 0.63447 7 0.0
0.773941 0.802372 0.630624 7 0.0
0.78826 0.771715 0.624726 7 0.0
0.757902 0.787312 0.628572 7 0.0
0.908125 0.267609 0.527246 3 4e-06
0.909085 0.2746 0.527097 3 4e-06
0.91608 0.266883 0.544455 3 4e-06
0.907165 0.260618 0.527395 3 4e-06
0.900169 0.268335 0.510036 3 4e-06
0.929895 0.591103 0.598321 2 0.0
0.736258 0.858298 0.587304 6 0.0
0.919751 0.354733 0.589398 2 0.0
0.431777 0.753705 0.35577 9 0.0
0.909122 0.76169 0.360593 6 0.999967
0.114276 0.771256 0.589349 4 2e-06
0.068954 0.629045 0.356176 9 1.0
0.336116 0.335909 0.362407 8 1.0
0.068239 0.70574 0.521453 11 0.0
0.068523 0.72034 0.522492 11 0.0
0.068489 0.703941 0.546684 11 0.0
0.067956 0.691141 0.520415 11 0.0
0.06799 0.70754 0.496222 11 0.0
0.394196 0.933299 0.584317 4 0.0
0.396581 0.936378 0.596994 4 0.0
0.360098 0.913389 0.595567 4 0.0
0.391811 0.930221 0.57164 4 0.0
0.428294 0.95321 0.573067 4 0.0
0.875442 0.287148 0.575254 2 1.5e-05
0.715605 0.171959 0.362247 9 1e-06
0.56465 0.72143 0.386686 8 0.0
0.534066 0.727044 0.385207 8 0.0
0.563715 0.719356 0.398141 8 0.0
0.595234 0.715816 0.388164 8 0.0
0.565585 0.723504 0.37523 8 0.0
0.695099 0.628781 0.616446 8 0.0
0.926242 0.678534 0.383391 2 0.017762
0.926278 0.70231 0.380358 2 0.017762
0.926758 0.679612 0.391854 2 0.017762
0.926207 0.654757 0.386423 2 0.017762
0.925726 0.677455 0.374927 2 0.017762
0.926986 0.593008 0.370315 2 0.003507
0.183232 0.606456 0.35731 9 0.0
0.151905 0.614342 0.357605 9 0.0
0.201185 0.677756 0.357872 9 0.0
0.21456 0.598571 0.357015 9 0.0
0.16528 0.535157 0.356747 9 0.0
0.928759 0.570016 0.379985 2 2e-06
0.263269 0.511406 0.358263 8 0.805195
0.714508 0.336585 0.638695 3 0.000265
0.123737 0.776552 0.357969 9 0.999935
0.07251 0.290531 0.4348 11 0.0
0.072918 0.305036 0.434969 11 0.0
0.072849 0.290235 0.459353 11 0.0
0.072102 0.276027 0.434631 11 0.0
0.072171 0.290827 0.410247 11 0.0
0.929717 0.268926 0.499537 2 0.0
0.851527 0.793681 0.360904 9 0.999996
0.083469 0.387272 0.578433 11 0.001521
0.210863 0.824263 0.612468 4 0.999262
0.911262 0.359859 0.633926 3 1e-06
0.511507 0.992833 0.360546 6 0.999999
0.926362 0.552729 0.630519 2 0.0
0.681528 0.109263 0.607605 1 0.0
0.118732 0.33614 0.638816 7 0.038555
0.844342 0.245389 0.620575 3 2.8e-05
0.144669 0.336369 0.638869 7 0.0
0.927791 0.261323 0.439765 2 0.0
0.072837 0.260754 0.568871 11 0.048753
0.072757 0.265568 0.566358 11 0.048753
0.071398 0.263837 0.574823 11 0.048753
0.072917 0.25594 0.571384 11 0.048753
0.074276 0.257671 0.562918 11 0.048753
0.088341 0.611512 0.58104 11 0.0
0.675278 0.106838 0.59967 1 0.0
0.759603 0.782699 0.640517 7 0.0
0.076109 0.346263 0.602096 11 0.000131
0.097133 0.504838 0.61074 11 1e-06
0.072924 0.294509 0.489441 11 0.0
0.073791 0.310068 0.490127 11 0.0
0.071468 0.293054 0.524261 11 0.0
0.072057 0.27895 0.488754 11 0.0
0.074379 0.295963 0.45462 11 0.0
0.687593 0.359149 0.351046 10 1.0
0.069669 0.413001 0.601223 11 0.0
0.106896 0.348271 0.554299 11 1e-06
0.401099 0.274525 0.638241 8 0.999987
0.356763 0.314905 0.635774 8 0.793929
0.58232 0.719077 0.638441 8 0.0
0.43206 0.729946 0.356176 10 0.999584
0.324084 0.170424 0.359822 9 0.0
0.267774 0.532082 0.359424 10 0.999903
0.931997 0.423317 0.409687 2 0.0
0.726868 0.55508 0.642345 8 0.999986
0.674642 0.151936 0.360433 9 0.0
0.514807 0.987892 0.457194 6 0.001244
0.519241 0.734089 0.634662 8 0.072976
0.448808 0.730034 0.636081 8 0.0
0.595117 0.245528 0.626016 7 0.0
0.72939 0.45574 0.586568 8 0.0
0.644392 0.703619 0.644528 8 0.0
0.589092 0.94381 0.361297 9 0.919421
0.605069 0.707172 0.644654 8 0.999942
0.41747 0.945646 0.613558 5 2e-06
0.070987 0.523958 0.626689 11 0.028454
0.07106 0.742385 0.406746 11 0.110601
0.505155 0.929908 0.638347 5 0.000161
0.434307 0.948547 0.511078 4 0.0
0.453001 0.958869 0.521732 4 0.0
0.419006 0.940294 0.545921 4 0.0
0.415613 0.938224 0.500423 4 0.0
0.449608 0.956799 0.476235 4 0.0
0.072446 0.738292 0.453375 11 5.4e-05
0.471492 0.970899 0.583806 4 0.846118
0.818217 0.312619 0.644471 7 0.0
0.600736 0.077153 0.592757 1 0.0
0.926008 0.542931 0.625419 2 0.0
0.659193 0.097927 0.609814 1 0.0
0.929069 0.441476 0.605639 2 0.0
0.165112 0.800856 0.358895 11 0.952952
0.521062 0.973181 0.596179 5 2.6e-05
0.506998 0.978786 0.590061 5 2.6e-05
0.517888 0.969738 0.600319 5 2.6e-05
0.535125 0.967577 0.602297 5 2.6e-05
0.524235 0.976625 0.592038 5 2.6e-05
0.502861 0.994149 0.378399 6 0.39405
0.500573 0.996209 0.378605 6 0.39405
0.504271 0.994832 0.387257 6 0.39405
0.50515 0.99209 0.378194 6 0.39405
0.501452 0.993467 0.369542 6 0.39405
0.504151 0.986181 0.578801 5 0.84987
0.502887 0.982032 0.585906 5 0.84987
0.498636 0.988526 0.579189 5 0.84987
0.505414 0.99033 0.571695 5 0.84987
0.509665 0.983836 0.578412 5 0.84987
0.906946 0.724406 0.543321 2 0.0
0.092569 0.609981 0.600353 11 0.0
0.924141 0.736159 0.559341 2 0.999999
0.924911 0.739894 0.560968 2 0.999999
0.920339 0.732534 0.569465 2 0.999999
0.92337 0.732423 0.557715 2 0.999999
0.927942 0.739783 0.549218 2 0.999999
0.407376 0.938434 0.607454 4 0.0
0.263392 0.502965 0.362777 10 0.05281
0.24781 0.220368 0.371843 9 0.0
0.069386 0.636022 0.611468 11 0.553838
0.73 0.529654 0.361919 8 0.925186
0.613876 0.701873 0.365303 8 6.1e-05
0.330052 0.883058 0.623366 4 0.0
0.260122 0.543893 0.357924 9 1e-06
0.671695 0.345072 0.625784 8 0.0
0.065776 0.493647 0.370446 11 0.999998
0.816895 0.816611 0.371286 6 0.000514
0.872497 0.790131 0.352911 9 1.0
0.594021 0.291209 0.356114 10 0.999998
0.430188 0.717995 0.366977 10 0.999969
0.54677 0.725737 0.641721 8 0.999975
0.618519 0.933215 0.360264 6 0.999999
0.642674 0.694398 0.626653 8 0.0
0.469825 0.974075 0.557044 4 0.0
0.477368 0.977677 0.564019 4 0.0
0.45766 0.968614 0.57302 4 0.0
0.462282 0.970473 0.550069 4 0.0
0.48199 0.979536 0.541069 4 0.0
0.195733 0.213784 0.636549 7 0.007846
0.926926 0.254228 0.402521 2 0.908524
0.457551 0.968494 0.593755 4 0.0
0.907312 0.242351 0.587632 3 0.561373
0.640832 0.089392 0.621516 1 0.211763
0.929275 0.391082 0.595297 2 0.0
0.726727 0.867869 0.638956 6 0.9843
0.141205 0.218329 0.600596 12 0.00476
0.495942 0.988282 0.579699 5 0.001778
0.489003 0.984855 0.58577 5 0.905133
0.566753 0.044943 0.582412 1 0.0
0.589203 0.057857 0.592172 1 0.0
0.563069 0.043738 0.59248 1 0.0
0.544303 0.032028 0.572651 1 0.0
0.570438 0.046147 0.572344 1 0.0
0.744321 0.816886 0.637016 7 4e-06
0.417709 0.944165 0.588056 4 0.0
0.534095 0.97562 0.358402 9 1.0
0.092259 0.349857 0.619916 11 0.0
0.926678 0.73906 0.456437 2 0.003268
0.735445 0.475679 0.644582 8 0.999993
0.397291 0.792256 0.356411 9 4.7e-05
0.44836 0.787636 0.356412 9 4.7e-05
0.399212 0.813497 0.356357 9 4.7e-05
0.346221 0.796877 0.356411 9 4.7e-05
0.395369 0.771016 0.356465 9 4.7e-05
0.850392 0.217104 0.62145 3 0.001926
0.342557 0.681242 0.358458 10 0.878797
0.581441 0.947641 0.594494 6 0.0
0.815845 0.202277 0.360768 9 3.1e-05
0.83249 0.257302 0.639343 3 1.4e-05
0.920394 0.724374 0.36405 2 0.002614
0.919534 0.735812 0.361556 2 0.002614
0.915777 0.724339 0.365483 2 0.002614
0.921254 0.712936 0.366544 2 0.002614
0.925012 0.724409 0.362618 2 0.002614
0.617197 0.304209 0.378904 8 0.999541
0.673926 0.662785 0.631996 8 0.0
0.559536 0.739558 0.644653 7 0.0
0.679111 0.723784 0.580447 8 0.0
0.319808 0.319663 0.640821 7 0.00011
0.709045 0.399382 0.634409 8 0.030572
0.341139 0.68008 0.356442 8 0.900342
0.798316 0.809967 0.39665 6 0.0
0.071355 0.732907 0.431288 11 0.003046
0.68724 0.888775 0.569478 6 0.0
0.685349 0.889635 0.59197 6 0.0
0.743412 0.857234 0.575408 6 0.0
0.689132 0.887916 0.546987 6 0.0
0.631069 0.920316 0.563549 6 0.0
0.904416 0.767917 0.589189 6 1.0
0.556393 0.035715 0.357634 9 1.0
0.908881 0.746367 0.36873 9 1e-06
0.900856 0.750812 0.366443 9 1e-06
0.905578 0.74212 0.372067 9 1e-06
0.916906 0.741921 0.371017 9 1e-06
0.912184 0.750613 0.365392 9 1e-06
0.456646 0.963134 0.603186 5 0.169422
0.566107 0.043163 0.556631 1 0.0
0.588525 0.054869 0.568309 1 0.0
0.559678 0.039865 0.57228 1 0.0
0.543689 0.031457 0.544953 1 0.0
0.572536 0.046461 0.540982 1 0.0
0.502256 0.011278 0.566711 1 1e-06
0.070449 0.56568 0.612361 11 0.0
0.744078 0.85445 0.605909 6 0.0
0.929604 0.746771 0.383036 2 0.960147
0.703697 0.610073 0.367106 8 0.999941
0.698456 0.621156 0.370596 8 0.999941
0.702469 0.607703 0.372789 8 0.999941
0.708938 0.598991 0.363616 8 0.999941
0.704925 0.612444 0.361423 8 0.999941
0.832242 0.21749 0.632946 3 8.2e-05
0.292826 0.605633 0.636994 8 0.998912
0.546052 0.269696 0.356185 8 0.998661
0.690509 0.890357 0.375754 6 0.0
0.599164 0.052058 0.355093 9 1.0
0.675661 0.109642 0.36146 9 0.186014
0.300962 0.374532 0.63611 8 1.4e-05
0.678057 0.655235 0.618406 8 0.0
0.774633 0.456775 0.595329 7 0.0
0.858916 0.211468 0.554945 1 0.0
0.866227 0.215705 0.57171 1 0.0
0.83621 0.197453 0.568388 1 0.0
0.851605 0.207231 0.53818 1 0.0
0.881622 0.225483 0.541501 1 0.0
0.065531 0.742825 0.434888 11 0.999451
0.844389 0.795079 0.60261 6 2.2e-05
0.550272 0.042957 0.576196 1 1e-06
0.903848 0.342613 0.633888 3 0.000988
0.230356 0.827137 0.604717 4 0.0
0.605564 0.06675 0.597168 1 0.0
0.925522 0.553007 0.629511 2 0.0
0.698551 0.121764 0.634376 1 0.225122
0.928737 0.385093 0.579415 2 0.0
0.9298 0.428261 0.590998 2 0.0
0.928062 0.380833 0.595351 2 0.0
0.927675 0.341925 0.567831 2 0.0
0.929412 0.389353 0.563478 2 0.0
0.921677 0.418537 0.615962 3 0.967919
0.552251 0.828174 0.641493 7 0.0
0.557647 0.859041 0.642165 7 0.0
0.61932 0.816444 0.641747 7 0.0
0.546856 0.797306 0.64082 7 0.0
0.485183 0.839903 0.641239 7 0.0
0.593997 0.943137 0.36355 6 0.695065
0.893557 0.769852 0.360724 6 0.999938
0.114653 0.464256 0.601653 7 1e-06
0.099228 0.388914 0.625838 11 0.0
0.088929 0.373397 0.620322 7 1e-06
0.072949 0.731627 0.565942 11 0.009638
0.074301 0.736406 0.570339 11 0.009638
0.07103 0.723066 0.575838 11 0.009638
0.071597 0.726848 0.561545 11 0.009638
0.074869 0.740189 0.556046 11 0.009638
0.442893 0.276218 0.601502 8 0.0
0.478414 0.263557 0.598039 8 0.0
0.444303 0.276498 0.614944 8 0.0
0.407372 0.288879 0.604966 8 0.0
0.441482 0.275938 0.58806 8 0.0
0.710669 0.869804 0.377366 6 0.000189
0.909359 0.512549 0.63901 7 0.0
0.075442 0.744024 0.468603 11 0.0
0.293386 0.635918 0.356189 10 0.990537
0.19998 0.230254 0.638336 7 0.0
0.688787 0.303842 0.594818 8 0.474155
0.696823 0.294176 0.579517 8 0.474155
0.721626 0.327606 0.597052 8 0.474155
0.680752 0.313507 0.61012 8 0.474155
0.655949 0.280077 0.592585 8 0.474155
0.680176 0.651565 0.351135 10 0.999999
0.525247 0.983375 0.358677 6 1.0
0.532728 0.744195 0.640217 7 5e-06
0.733644 0.497475 0.556988 8 0.0
0.731526 0.501645 0.532193 8 0.0
0.725345 0.542134 0.565207 8 0.0
0.735762 0.493305 0.581783 8 0.0
0.741943 0.452816 0.548769 8 0.0
0.442984 0.262007 0.358515 10 0.997785
0.702558 0.378595 0.642732 7 0.075386
0.457509 0.257764 0.358 10 0.0
0.790026 0.829337 0.362593 6 0.992947
0.072042 0.743491 0.43399 11 4.8e-05
0.443859 0.955751 0.559672 4 0.0
0.442898 0.956351 0.572635 4 0.0
0.425942 0.942012 0.558981 4 0.0
0.444819 0.95515 0.54671 4 0.0
0.461776 0.96949 0.560364 4 0.0
0.921279 0.330769 0.608719 3 0.997663
0.930655 0.254852 0.433295 2 0.849711
0.084259 0.680428 0.359187 9 0.090974
0.071754 0.732242 0.502702 11 5.8e-05
0.928987 0.744124 0.528518 2 0.587168
0.915443 0.61397 0.3608 9 0.096438
0.744066 0.819947 0.637658 7 0.0
0.283354 0.570861 0.381484 8 0.0
0.92609 0.715626 0.375585 2 0.017673
0.926114 0.728661 0.372997 2 0.017673
0.926359 0.716855 0.381778 2 0.017673
0.926066 0.702591 0.378173 2 0.017673
0.925822 0.714397 0.369392 2 0.017673
0.928456 0.388396 0.579828 2 0.0
0.929579 0.431859 0.591056 2 0.0
0.928171 0.384252 0.595898 2 0.0
0.927333 0.344933 0.568601 2 0.0
0.928741 0.39254 0.563759 2 0.0
0.401156 0.932991 0.553052 4 0.0
0.409562 0.935387 0.577723 4 0.0
0.368971 0.914472 0.565816 4 0.0
0.392751 0.930596 0.528382 4 0.0
0.433342 0.951511 0.540288 4 0.0
0.929865 0.742464 0.373924 2 0.914055
0.931295 0.74534 0.373686 2 0.914055
0.930238 0.742883 0.381256 2 0.914055
0.928434 0.739588 0.374161 2 0.914055
0.929492 0.742045 0.366592 2 0.914055
0.929676 0.657405 0.448232 2 0.0
0.929001 0.686347 0.455697 2 0.0
0.930524 0.65022 0.476168 2 0.0
0.930351 0.628463 0.440768 2 0.0
0.928828 0.66459 0.420296 2 0.0
0.726335 0.130306 0.379883 1 0.000113
0.596944 0.712204 0.609172 8 0.0
0.587352 0.727253 0.643716 7 0.001526
0.476035 0.737451 0.356991 8 0.987912
0.078504 0.497477 0.356642 9 0.212031
0.076803 0.746282 0.369754 4 0.001012
0.078357 0.747575 0.367992 4 0.001012
0.078737 0.749875 0.374098 4 0.001012
0.075249 0.744989 0.371515 4 0.001012
0.074869 0.742689 0.36541 4 0.001012
0.301902 0.354405 0.621371 8 0.001289
0.745409 0.757966 0.642128 7 0.0
0.700436 0.801968 0.642488 7 0.0
0.729503 0.741714 0.641636 7 0.0
0.790382 0.713964 0.641768 7 0.0
0.761314 0.774219 0.642619 7 0.0
0.925595 0.249304 0.404809 1 0.336694
0.729695 0.369741 0.641059 7 3e-06
0.608521 0.774066 0.355483 9 0.0
0.928955 0.744417 0.498047 2 0.999999
0.471704 0.730153 0.630763 8 0.0
0.926052 0.568369 0.368367 2 0.306547
0.078813 0.749425 0.377127 4 0.023781
0.082416 0.750714 0.378385 4 0.023781
0.076812 0.748342 0.383967 4 0.023781
0.075211 0.748136 0.375869 4 0.023781
0.080814 0.750508 0.370286 4 0.023781
0.686968 0.644639 0.610687 8 0.0
0.686425 0.879776 0.35773 9 4.6e-05
0.931195 0.372068 0.386908 2 0.000966
0.894261 0.352042 0.639008 3 0.900761
0.81523 0.198357 0.620495 3 0.999948
0.922996 0.326789 0.613096 3 0.021942
0.626814 0.075934 0.554671 1 0.0
0.633603 0.079578 0.531834 1 0.0
0.666314 0.097629 0.569876 1 0.0
0.620025 0.07229 0.577508 1 0.0
0.587313 0.05424 0.539467 1 0.0
0.081681 0.537082 0.370908 11 0.99957
0.473599 0.977934 0.584413 4 0.09048
0.906644 0.264182 0.505798 3 1e-06
0.918333 0.727315 0.37475 2 1e-06
0.919465 0.737308 0.370614 2 1e-06
0.91522 0.729714 0.379694 2 1e-06
0.917201 0.717323 0.378887 2 1e-06
0.921446 0.724916 0.369807 2 1e-06
0.073152 0.28908 0.522377 11 0.0
0.07166 0.303994 0.521906 11 0.0
0.070821 0.289572 0.545337 11 0.0
0.074645 0.274167 0.522848 11 0.0
0.075483 0.288589 0.499416 11 0.0
0.471742 0.266619 0.635983 8 0.746394
0.697005 0.158487 0.35946 9 0.0
0.857106 0.223 0.617124 3 1.4e-05
0.39812 0.927456 0.606437 4 0.0
0.697515 0.158148 0.359673 9 2e-06
0.92866 0.746872 0.459413 2 0.999998
0.74405 0.525987 0.645104 7 0.0
0.623756 0.69908 0.627682 8 0.0
0.900817 0.504634 0.357826 9 0.0
0.103174 0.765336 0.588962 4 0.203137
0.073623 0.262765 0.474691 11 7.1e-05
0.070313 0.564414 0.371677 11 0.034656
0.687158 0.369058 0.373332 10 0.999384
0.925018 0.353319 0.615857 3 0.999869
0.244767 0.190057 0.640012 7 0.0
0.92587 0.680111 0.364851 2 0.030453
0.07219 0.260989 0.54425 11 0.002442
0.073384 0.264939 0.544822 11 0.002442
0.070926 0.259561 0.556772 11 0.002442
0.070996 0.257039 0.543679 11 0.002442
0.073455 0.262418 0.531729 11 0.002442
0.510497 0.271291 0.356623 10 1.0
0.324729 0.34462 0.626829 8 0.000221
0.41057 0.728192 0.357195 10 0.0
0.696835 0.16249 0.35978 9 0.0
0.300677 0.379187 0.365667 8 0.999998
0.322267 0.651241 0.64043 7 0.999907
0.870434 0.216457 0.357255 9 1.0
0.92528 0.464227 0.367598 2 0.232312
0.563758 0.770616 0.351888 10 0.272102
0.731437 0.553697 0.638598 8 5e-06
0.59599 0.290389 0.632471 8 5.6e-05
0.904385 0.52409 0.361302 9 0.0
0.699435 0.619681 0.641754 8 0.999995
0.70616 0.611487 0.642707 7 0.0
0.699315 0.850255 0.368942 9 0.0
0.420618 0.94069 0.595708 4 0.0
0.467137 0.971436 0.56741 4 0.0
0.070621 0.731523 0.515716 11 0.0
0.07158 0.739376 0.515736 11 0.0
0.069409 0.731614 0.538391 11 0.0
0.069662 0.72367 0.515697 11 0.0
0.071832 0.731431 0.493041 11 0.0
0.073472 0.281063 0.450442 11 0.0
0.073644 0.292449 0.451667 11 0.0
0.073043 0.277883 0.480069 11 0.0
0.0733 0.269677 0.449217 11 0.0
0.0739 0.284243 0.420815 11 0.0
0.636074 0.125999 0.642925 7 0.0
0.503656 0.990664 0.528376 4 0.000156
0.478689 0.981221 0.357687 9 0.99999
0.929546 0.618519 0.580869 2 0.0
0.929401 0.659146 0.569324 2 0.0
0.929928 0.622782 0.595867 2 0.0
0.929692 0.577891 0.592414 2 0.0
0.929165 0.614255 0.565871 2 0.0
0.524503 0.016489 0.3626 1 0.986926
0.929266 0.733105 0.491603 2 0.008357
0.499022 0.742523 0.355665 8 0.99997
0.077651 0.74848 0.552545 4 0.000128
0.081816 0.750781 0.552331 4 0.000128
0.077114 0.750388 0.562623 4 0.000128
0.073485 0.746179 0.552759 4 0.000128
0.078187 0.746573 0.542467 4 0.000128
0.527724 0.984275 0.362685 6 0.999999
0.871822 0.780389 0.360722 9 1.0
0.253222 0.182925 0.635226 7 8e-06
0.411878 0.285042 0.356968 10 0.998314
0.267176 0.485226 0.643192 8 0.995754
0.08936 0.469007 0.632094 7 0.0
0.478378 0.980184 0.583772 4 0.999999
0.47222 0.977321 0.587123 4 0.999999
0.47857 0.97736 0.581712 4 0.999999
0.484536 0.983048 0.580422 4 0.999999
0.478185 0.983009 0.585833 4 0.999999
0.568178 0.282163 0.623403 7 0.0
0.069072 0.7495 0.406956 4 0.999999
0.389135 0.702636 0.367585 10 0.676266
0.928143 0.475605 0.370376 2 0.0
0.736525 0.83345 0.397875 6 0.0
0.388585 0.926908 0.599758 4 0.0
0.924844 0.377659 0.620387 3 0.998601
0.068877 0.43532 0.359421 11 0.971716
0.123974 0.224333 0.36183 12 0.999994
0.438522 0.276116 0.576264 8 0.0
0.471156 0.26383 0.571373 8 0.0
0.441519 0.275755 0.597159 8 0.0
0.405889 0.288402 0.581155 8 0.0
0.435526 0.276477 0.55537 8 0.0
0.571746 0.042511 0.360434 1 0.999948
0.727081 0.457901 0.357518 8 0.999923
0.552214 0.727544 0.356981 10 1.0
0.702588 0.390846 0.365904 8 0.999856
0.073588 0.491907 0.358457 9 0.999655
0.711291 0.394018 0.634148 8 0.999994
0.808038 0.823266 0.394722 6 0.0
0.914401 0.421411 0.639219 3 0.046562
0.420686 0.930615 0.617641 5 8e-06
0.924519 0.255535 0.502349 2 0.999997
0.922146 0.25706 0.500802 2 0.999997
0.921976 0.2574 0.508088 2 0.999997
0.926892 0.25401 0.503896 2 0.999997
0.927061 0.25367 0.496609 2 0.999997
0.744696 0.854816 0.597688 6 0.0
0.278608 0.440214 0.641069 8 0.999998
0.067592 0.680872 0.365092 11 1.0
0.730349 0.496177 0.379556 8 0.997832
0.727016 0.440268 0.353621 8 0.999996
0.700724 0.386069 0.638704 7 0.999966
0.364936 0.304167 0.636974 8 1.0
0.582143 0.726766 0.357562 10 0.378728
0.722365 0.568361 0.362622 8 0.997437
0.598598 0.942621 0.358585 6 1.0
0.6391 0.317778 0.373314 8 0.999789
0.550594 0.782844 0.355957 9 0.0
0.460168 0.024689 0.362794 12 1.0
0.509735 0.990683 0.525674 6 0.176026
0.817981 0.787617 0.39787 9 0.0
0.479059 0.911743 0.639024 7 0.95741
0.463473 0.958182 0.570802 4 0.999471
0.46334 0.964752 0.579936 4 0.999471
0.450187 0.946432 0.579061 4 0.999471
0.463605 0.951611 0.561668 4 0.999471
0.476758 0.969931 0.562543 4 0.999471
0.58925 0.09443 0.597867 1 0.0
0.631674 0.920957 0.571396 6 0.0
0.627604 0.923759 0.590511 6 0.0
0.672758 0.89675 0.583692 6 0.0
0.635744 0.918155 0.552282 6 0.0
0.59059 0.945163 0.5591 6 0.0
0.930066 0.257692 0.370626 2 0.998436
0.928819 0.261129 0.370893 2 0.998436
0.929417 0.256971 0.376873 2 0.998436
0.931313 0.254255 0.370359 2 0.998436
0.930715 0.258412 0.364379 2 0.998436
0.577074 0.955547 0.363041 6 0.651171
0.074577 0.272195 0.537541 11 0.008738
0.073974 0.281144 0.536949 11 0.008738
0.073446 0.273333 0.555887 11 0.008738
0.07518 0.263245 0.538134 11 0.008738
0.075708 0.271056 0.519196 11 0.008738
0.503307 0.995915 0.457704 6 0.233248
0.575414 0.719429 0.356492 8 0.999983
0.930487 0.390661 0.541952 2 0.0
0.930991 0.432807 0.557969 2 0.0
0.930053 0.380982 0.567435 2 0.0
0.929982 0.348514 0.525936 2 0.0
0.93092 0.400339 0.51647 2 0.0
0.400824 0.936678 0.361412 4 0.153058
0.580335 0.719335 0.629366 8 0.0
0.768494 0.82661 0.362212 9 0.237064
0.922092 0.573965 0.638338 7 0.999924
0.912738 0.400949 0.390447 2 0.000413
0.746392 0.413565 0.637936 7 2e-06
0.727717 0.500098 0.609581 8 0.0
0.720446 0.61731 0.642433 7 0.000765
0.732893 0.437432 0.639702 7 2e-06
0.897004 0.769252 0.361016 6 1.0
0.092742 0.280762 0.464231 11 1e-05
0.071592 0.749894 0.413356 4 0.151863
0.825733 0.217131 0.639319 3 0.999837
0.573861 0.714827 0.375728 8 0.999747
0.072907 0.260172 0.548426 11 0.005769
0.07435 0.264274 0.548791 11 0.005769
0.071577 0.259603 0.560086 11 0.005769
0.071463 0.25607 0.548061 11 0.005769
0.074236 0.260742 0.536765 11 0.005769
0.3947 0.935209 0.373232 4 0.004192
0.425055 0.069285 0.593885 12 0.000305
0.475984 0.739669 0.355127 10 0.960153
0.730246 0.484714 0.367154 8 0.84502
0.295041 0.334274 0.360372 9 0.0
0.418295 0.051346 0.592976 12 0.0
0.6997 0.34473 0.358704 9 0.0
0.931358 0.280428 0.474401 2 0.0
0.628916 0.078601 0.589343 1 0.0
0.631661 0.080182 0.575456 1 0.0
0.668502 0.102099 0.599844 1 0.0
0.626171 0.077019 0.60323 1 0.0
0.58933 0.055102 0.578842 1 0.0
0.502069 0.267614 0.355528 10 0.999902
0.869868 0.224491 0.611037 3 0.241755
0.930772 0.252763 0.377321 2 0.999996
0.28041 0.580101 0.352476 10 1.0
0.368122 0.692 0.367324 8 0.988946
0.679201 0.895422 0.368252 6 0.052795
0.712554 0.821471 0.357942 9 0.0
0.654243 0.679018 0.614891 8 0.0
0.73502 0.503814 0.631928 7 0.0
0.716067 0.582022 0.619747 8 0.0
0.583515 0.275315 0.358313 8 0.847102
0.921147 0.748511 0.555187 6 1e-06
0.917966 0.749664 0.556091 6 1e-06
0.923905 0.749686 0.563391 6 1e-06
0.924328 0.747357 0.554283 6 1e-06
0.918389 0.747336 0.546982 6 1e-06
0.096293 0.321467 0.613208 11 0.0
0.927394 0.260324 0.459067 2 0.0
0.07577 0.746879 0.523222 11 3.4e-05
0.584756 0.716905 0.356007 8 0.999995
0.080402 0.327865 0.595356 11 0.00065
0.797619 0.817148 0.618696 6 1.0
0.460921 0.271924 0.626425 8 0.0
0.658365 0.127119 0.641934 7 0.0
0.247703 0.153982 0.364544 12 0.99996
0.381154 0.279444 0.638995 8 0.837268
0.096039 0.255981 0.564276 11 0.999961
0.090156 0.259436 0.568805 11 0.999961
0.104218 0.258691 0.572833 11 0.999961
0.101921 0.252527 0.559746 11 0.999961
0.087859 0.253272 0.555718 11 0.999961
0.731532 0.476224 0.63699 8 0.976084
0.293803 0.121537 0.361193 12 0.999467
0.685985 0.646946 0.639581 7 0.0
0.634465 0.693589 0.356941 8 0.993413
0.578008 0.729702 0.358907 10 0.023266
0.187816 0.811547 0.561108 4 0.0
0.224695 0.831534 0.574762 4 0.0
0.18196 0.806532 0.584267 4 0.0
0.150938 0.791559 0.547454 4 0.0
0.193673 0.816561 0.537948 4 0.0
0.835234 0.24175 0.629664 3 0.386114
0.084554 0.553439 0.386482 11 0.0
0.471841 0.965355 0.591012 5 0.969717
0.080724 0.749256 0.560595 4 7e-06
0.085321 0.753745 0.558435 4 7e-06
0.083742 0.751321 0.571309 4 7e-06
0.076128 0.744767 0.562755 4 7e-06
0.077707 0.747191 0.549882 4 7e-06
0.758487 0.164955 0.636767 3 0.993415
0.824324 0.217479 0.637303 3 2e-06
0.864526 0.596579 0.642875 7 0.0
0.592472 0.741068 0.61438 7 0.87926
0.352111 0.312445 0.642608 8 0.0
0.713056 0.589629 0.363544 8 0.984399
0.169745 0.811319 0.359712 4 1.0
0.694595 0.627728 0.355354 8 0.999981
0.645104 0.320343 0.36305 8 0.99987
0.730619 0.5544 0.626544 8 0.0
0.362462 0.088836 0.59339 12 0.0
0.293425 0.391262 0.640692 8 0.999987
0.857893 0.213862 0.35919 9 0.926111
0.822217 0.656464 0.642266 7 0.0
0.795198 0.711427 0.643119 7 0.0
0.801793 0.646423 0.642289 7 0.0
0.849236 0.601501 0.641413 7 0.0
0.842641 0.666504 0.642243 7 0.0
0.9198 0.374352 0.631816 3 6.3e-05
0.087197 0.758163 0.356609 9 1.0
0.93223 0.746946 0.400786 2 1.0
0.927346 0.346951 0.605043 2 0.0
0.072295 0.561373 0.360437 11 0.813733
0.126925 0.214727 0.360678 12 1.0
0.501499 0.004242 0.441115 1 0.998282
0.699422 0.384033 0.353118 10 0.999999
0.928779 0.562246 0.614369 2 0.0
0.327535 0.889826 0.639198 5 0.999292
0.271802 0.44836 0.357641 8 0.999992
0.931146 0.752689 0.416696 6 1.0
0.926269 0.546007 0.382379 2 0.001998
0.684371 0.110085 0.360191 9 1.0
0.924597 0.749344 0.567149 6 0.972504
0.920989 0.749049 0.567579 6 0.972504
0.92518 0.750383 0.572756 6 0.972504
0.928204 0.749639 0.566719 6 0.972504
0.924013 0.748305 0.561542 6 0.972504
0.449298 0.960251 0.595541 4 7e-06
0.792779 0.173535 0.623547 1 0.011131
0.838451 0.233313 0.641347 3 0.999974
0.611417 0.93521 0.377962 6 0.026218
0.451148 0.727146 0.354823 8 0.999997
0.304906 0.378195 0.364921 10 0.9998
0.075327 0.660467 0.578187 11 0.0
0.075325 0.66673 0.588059 11 0.0
0.074975 0.630278 0.597339 11 0.0
0.075329 0.654204 0.568315 11 0.0
0.075679 0.690656 0.559035 11 0.0
0.932037 0.661208 0.356931 2 1.0
0.455914 0.731447 0.35554 8 0.999634
0.738479 0.554957 0.643169 7 0.0
0.726762 0.174058 0.360469 9 7.1e-05
0.405746 0.059506 0.589021 12 0.0
0.696233 0.638613 0.635191 8 0.0
0.901448 0.360052 0.636529 3 0.000322
0.611852 0.072017 0.608326 1 0.0
0.913062 0.757487 0.580624 6 0.066468
0.912121 0.757417 0.578088 6 0.066468
0.905358 0.761152 0.58338 6 0.066468
0.914003 0.757558 0.58316 6 0.066468
0.920767 0.753822 0.577868 6 0.066468
0.424048 0.716598 0.636946 8 1.0
0.670529 0.341128 0.638554 8 0.952719
0.310002 0.695267 0.353146 10 1.0
0.932488 0.318316 0.357754 2 1.0
0.911411 0.399997 0.63454 3 0.997667
0.084065 0.241441 0.359964 12 1.0
0.607054 0.27513 0.644364 8 0.000499
0.684432 0.647077 0.638944 8 0.990449
0.686353 0.649046 0.636814 8 0.990449
0.679433 0.652711 0.639643 8 0.990449
0.68251 0.645108 0.641074 8 0.990449
0.68943 0.641442 0.638245 8 0.990449
0.536472 0.027039 0.360929 1 0.999044
0.071024 0.727023 0.465825 11 0.0
0.93006 0.280984 0.473224 2 0.0
0.782277 0.170173 0.636402 3 0.999996
0.927934 0.258386 0.423438 2 0.019454
0.71704 0.591465 0.350849 10 0.962814
0.694399 0.385633 0.615998 8 0.0
0.287188 0.40533 0.634906 8 0.0
0.289235 0.121132 0.372141 12 0.023724
0.07224 0.375547 0.360221 11 0.997621
0.490929 0.736047 0.35753 8 0.999485
0.688061 0.633919 0.354108 10 0.999837
0.744873 0.173141 0.36046 9 0.0
0.069552 0.25244 0.451765 11 1.0
0.267981 0.483804 0.359597 8 0.999917
0.590461 0.055556 0.365608 1 0.99908
0.282614 0.635599 0.367687 8 0.999999
0.905986 0.582158 0.637207 3 0.0
0.926723 0.257239 0.378245 2 0.001812
0.926203 0.260669 0.377776 2 0.001812
0.927063 0.25837 0.386135 2 0.001812
0.927242 0.253809 0.378715 2 0.001812
0.926382 0.256108 0.370355 2 0.001812
0.633457 0.081834 0.626262 1 4.5e-05
0.724765 0.569566 0.354846 8 0.999974
0.301301 0.116615 0.360714 9 0.999592
0.363551 0.683186 0.35757 10 0.999997
0.071222 0.417491 0.358747 9 0.999999
0.06884 0.247069 0.45445 12 1.0
0.925722 0.752701 0.406291 9 0.984879
0.397845 0.930364 0.611582 4 7.3e-05
0.401139 0.060781 0.358011 9 1.0
0.504712 0.007183 0.361851 1 0.994042
0.504061 0.008768 0.364622 1 0.994042
0.500084 0.004838 0.362106 1 0.994042
0.505362 0.005599 0.359079 1 0.994042
0.509339 0.009528 0.361595 1 0.994042
0.887116 0.285443 0.627858 3 0.025395
0.614012 0.697006 0.358487 8 0.999996
0.264959 0.496512 0.363402 10 1.0
0.084102 0.755049 0.431856 4 0.006248
0.486605 0.929146 0.641321 5 1.0
0.079702 0.245461 0.366583 12 0.999981
0.723833 0.454413 0.356758 8 1.0
0.928043 0.457309 0.367607 2 7e-06
0.726983 0.163053 0.360416 9 0.000133
0.926378 0.481556 0.371793 2 0.990143
0.692068 0.639228 0.636807 8 0.126988
0.261169 0.54749 0.641405 7 5e-06
0.312867 0.336693 0.357996 9 0.0
0.261836 0.571136 0.641441 7 0.0
0.614054 0.071622 0.59827 1 0.0
0.598488 0.705578 0.35715 8 0.999998
0.071209 0.350404 0.367029 11 0.457371
0.49652 0.996618 0.398583 4 0.999385
0.19135 0.805282 0.614374 4 0.823311
0.924416 0.256173 0.42801 2 1.0
0.686543 0.88748 0.629408 6 0.0
0.672306 0.342485 0.357954 8 0.999999
0.70983 0.60721 0.353835 10 0.999991
0.515781 0.266772 0.635832 8 0.17432
0.07062 0.314538 0.360181 11 0.992468
0.424915 0.949977 0.611977 5 1e-06
0.909223 0.313748 0.620528 3 0.001344
0.097323 0.765143 0.356388 9 1.0
0.759502 0.161732 0.639409 3 0.918215
0.809158 0.815709 0.359285 9 0.999968
0.552751 0.721882 0.375166 10 0.999991
0.416516 0.942922 0.610159 5 0.0
0.931961 0.489325 0.63759 2 1.0
0.634752 0.31371 0.357775 8 0.999999
0.752424 0.797561 0.378516 9 0.0
0.495322 0.734357 0.356555 10 0.999811
0.688499 0.639026 0.351429 10 1.0
0.154406 0.203649 0.359693 12 1.0
0.072624 0.612449 0.356739 9 1.0
0.923058 0.751451 0.448295 6 8.2e-05
0.929375 0.254198 0.372107 2 0.999071
0.927668 0.256301 0.372153 2 0.999071
0.929352 0.254033 0.378866 2 0.999071
0.931082 0.252095 0.372062 2 0.999071
0.929398 0.254363 0.365348 2 0.999071
0.552251 0.1193 0.643037 7 0.0
0.758018 0.850403 0.635499 6 0.999991
0.640799 0.679421 0.362616 8 0.999934
0.498362 0.992584 0.413201 4 0.008705
0.927247 0.261956 0.510592 2 0.99695
0.906911 0.567985 0.638899 3 0.999902
0.457342 0.971213 0.596359 4 1.0
0.926555 0.500473 0.390061 2 0.0
0.905099 0.355357 0.636059 3 5e-06
0.498408 0.990947 0.459169 4 0.000999
0.699306 0.620696 0.354475 8 0.999996
0.068934 0.251819 0.509656 11 0.999996
0.533791 0.268063 0.356874 10 0.999857
0.928532 0.441117 0.373513 2 2e-06
0.478748 0.7378 0.35595 10 0.999853
0.722801 0.454386 0.640797 8 0.999998
0.071195 0.314811 0.359333 11 0.99999
0.491262 0.991241 0.365222 4 0.983916
0.495783 0.994827 0.362728 4 0.983916
0.492584 0.991724 0.368311 4 0.983916
0.486742 0.987654 0.367717 4 0.983916
0.489941 0.990758 0.362133 4 0.983916
0.867743 0.223667 0.609199 3 0.996319
0.506019 0.25965 0.641256 8 0.999915
0.300137 0.386633 0.639947 8 1.0
0.101212 0.77262 0.357024 11 1.0
0.454029 0.968831 0.36174 4 0.994612
0.926424 0.255758 0.547334 2 0.918448
0.933013 0.726362 0.582498 2 0.968053
0.751296 0.191144 0.640846 7 0.0
0.273052 0.543983 0.356068 8 1.0
0.927989 0.473205 0.37058 2 0.779333
0.930145 0.450806 0.430982 2 0.0
0.930969 0.512172 0.427876 2 0.0
0.930663 0.451946 0.453659 2 0.0
0.929321 0.389439 0.434087 2 0.0
0.929627 0.449665 0.408305 2 0.0
0.343338 0.100189 0.371326 12 0.942985
0.108098 0.764696 0.356336 9 0.999982
0.935198 0.742351 0.465647 2 1.0
0.814797 0.207851 0.644147 3 1.0
0.903482 0.337526 0.631555 3 0.01226
0.089508 0.759593 0.357832 9 1.0
0.501037 0.996931 0.444397 4 0.999867
0.891522 0.409433 0.634933 3 0.99999
0.896062 0.429539 0.631328 3 0.99999
0.882472 0.412236 0.639168 3 0.99999
0.886981 0.389327 0.638538 3 0.99999
0.900572 0.40663 0.630698 3 0.99999
0.607494 0.909404 0.642476 6 1.0
0.827469 0.219999 0.639038 3 0.999756
0.153539 0.789168 0.354764 9 0.999998
0.291093 0.403227 0.364161 10 0.999826
0.069401 0.749769 0.406566 11 0.996931
0.41041 0.054965 0.358817 9 0.999996
0.592015 0.948836 0.356962 6 1.0
0.301035 0.879395 0.641314 4 0.999809
0.707071 0.402298 0.359234 8 0.999977
0.069924 0.714695 0.358579 9 1.0
0.068562 0.400963 0.358864 11 1.0
0.930844 0.425402 0.386215 2 0.00336
0.072521 0.33524 0.360063 11 1.0
0.487628 0.992136 0.359063 4 1.0
0.473044 0.260651 0.637347 8 0.999999
0.069736 0.341168 0.360417 11 0.999941
0.931873 0.33432 0.354975 9 1.0
0.596034 0.711712 0.366361 8 0.959806
0.292239 0.146742 0.64048 7 2.9e-05
0.892756 0.323423 0.6329 3 6e-06
0.808859 0.808608 0.615006 6 0.999997
0.448385 0.27022 0.637422 8 0.988104
0.760197 0.803936 0.381553 6 1e-06
0.290182 0.60107 0.364705 10 0.999999
0.710449 0.410048 0.371568 10 0.999973
0.55167 0.27009 0.638696 7 0.999989
0.928264 0.482171 0.368329 2 0.734809
0.709476 0.424584 0.480821 8 0.0
0.721609 0.453323 0.480493 8 0.0
0.706695 0.426208 0.520299 8 0.0
0.697343 0.395846 0.481148 8 0.0
0.712257 0.42296 0.441342 8 0.0
0.487462 0.250168 0.642118 7 3.1e-05
0.393566 0.922431 0.611891 4 0.03689
0.932507 0.745779 0.472217 2 0.999997
0.789317 0.819245 0.593897 6 0.0
0.068987 0.448749 0.633223 11 0.999974
0.426739 0.94741 0.611064 4 1e-06
0.663328 0.329363 0.358264 8 0.999998
0.383551 0.700605 0.361266 10 0.997862
0.710627 0.411399 0.35786 8 0.999998
0.652717 0.327938 0.35684 8 0.999969
0.067545 0.448619 0.362869 11 0.967782
0.512045 0.745345 0.642531 7 0.0
0.071879 0.373433 0.361268 11 0.999983
0.909603 0.612278 0.63362 2 0.000795
0.235285 0.227056 0.6397 7 0.0
0.360159 0.326961 0.374717 8 0.999961
0.364441 0.308355 0.632754 8 6e-06
0.067169 0.652638 0.376134 11 0.999984
0.478361 0.977734 0.583139 4 1.0
0.671837 0.645546 0.377347 8 0.999963
0.685671 0.638947 0.642711 8 0.999962
0.819512 0.814462 0.360575 6 1.0
0.732153 0.46952 0.64312 8 0.005101
0.732954 0.443807 0.637433 8 0.999423
0.168419 0.779371 0.611546 4 0.999072
0.078253 0.75105 0.461793 4 0.028684
0.400033 0.707352 0.368078 9 0.999683
0.288933 0.600363 0.35286 10 0.999971
0.69488 0.375176 0.359131 8 0.999997
0.691404 0.652492 0.64383 8 0.0
0.089573 0.279359 0.573393 11 0.992956
0.083346 0.293177 0.57673 11 0.992956
0.092923 0.279624 0.578547 11 0.992956
0.0958 0.265541 0.570057 11 0.992956
0.086223 0.279094 0.568239 11 0.992956
0.506635 0.993349 0.553411 6 0.650945
0.505805 0.993069 0.565341 6 0.650945
0.503549 0.996097 0.553261 6 0.650945
0.507465 0.993629 0.541481 6 0.650945
0.509722 0.9906 0.553561 6 0.650945
0.0738 0.258353 0.493536 11 0.00056
0.074649 0.266357 0.550772 11 2e-05
0.30502 0.371036 0.36761 10 0.999993
0.730846 0.521733 0.62851 7 1.0
0.599176 0.293465 0.366825 10 0.999943
0.304385 0.380021 0.361329 10 1.0
0.742652 0.471271 0.644778 7 2e-06
0.276446 0.15858 0.372216 9 0.999855
0.278365 0.153071 0.367607 9 0.320767
0.338254 0.098709 0.364486 12 1.0
0.916434 0.75422 0.471657 6 0.0
0.749505 0.145242 0.354857 9 1.0
0.276257 0.572568 0.362971 10 0.999999
0.376009 0.285439 0.365475 9 1.0
0.721385 0.422261 0.355766 10 0.997293
0.495146 0.737159 0.351849 10 0.999999
0.930349 0.749979 0.424891 6 1.0
0.209702 0.823416 0.631838 4 0.999286
0.177454 0.190705 0.360774 12 1.0
0.50482 0.996457 0.384962 6 1.0
0.850675 0.804376 0.354106 9 1.0
0.684864 0.357254 0.358517 10 0.999989
0.533043 0.729107 0.642753 8 0.974619
0.444066 0.272857 0.364913 8 0.999967
0.801512 0.823954 0.359781 9 1.0
0.495695 0.740298 0.353865 8 0.587386
0.361485 0.083802 0.365222 12 0.999972
0.414613 0.921362 0.639752 5 0.879525
0.07917 0.263476 0.516592 11 0.967805
0.668101 0.099975 0.362298 1 1.0
0.924644 0.412598 0.636164 3 0.75609
0.355153 0.303602 0.365787 10 1.0
0.399501 0.286138 0.359221 10 0.916718
0.379012 0.294272 0.368134 8 0.999998
0.498726 0.976943 0.35541 9 1.0
0.74718 0.481677 0.638294 8 0.993044
0.71429 0.606037 0.637338 8 5.8e-05
0.865488 0.786783 0.357604 9 0.99998
0.074311 0.734608 0.475966 11 0.0
0.80548 0.815516 0.362669 9 1.0
0.613683 0.072301 0.59031 1 0.0
0.617592 0.073587 0.578086 1 0.0
0.645408 0.088822 0.602194 1 0.0
0.609773 0.071016 0.602535 1 0.0
0.581957 0.05578 0.578427 1 0.0
0.341028 0.664397 0.359076 10 0.99968
0.08216 0.753264 0.544378 4 7e-06
0.088031 0.75738 0.54313 4 7e-06
0.083484 0.755636 0.558438 4 7e-06
0.076289 0.749148 0.545625 4 7e-06
0.080835 0.750892 0.530318 4 7e-06
0.836287 0.264874 0.637153 3 0.999869
0.698337 0.620805 0.364893 8 0.999867
0.692274 0.628317 0.36827 8 0.999867
0.697566 0.618411 0.368833 8 0.999867
0.704399 0.613293 0.361515 8 0.999867
0.699107 0.623198 0.360952 8 0.999867
0.204782 0.176798 0.359893 12 1.0
0.83651 0.804022 0.358065 6 1.0
0.461198 0.729752 0.640515 8 0.999999
0.715234 0.601151 0.619525 8 0.0
0.931145 0.289545 0.357613 9 1.0
0.496456 0.995059 0.376367 4 0.999836
0.075609 0.259581 0.502721 11 1e-06
0.070546 0.484554 0.634794 11 0.999999
0.527435 0.914116 0.637483 7 0.999998
0.499539 0.999199 0.400538 4 1.0
0.546456 0.72835 0.35183 10 1.0
0.928254 0.279468 0.363294 2 0.999982
0.707692 0.394026 0.354991 10 0.999995
0.930572 0.623347 0.356616 9 1.0
0.931919 0.338605 0.363249 2 1.0
0.504857 0.017399 0.451301 1 5e-06
0.923053 0.750023 0.430906 6 0.006354
0.449615 0.961287 0.598824 4 4.6e-05
0.08781 0.377437 0.640231 7 0.999999
0.497963 0.996251 0.427267 4 0.99992
0.934125 0.742438 0.423839 2 1.0
0.924273 0.429458 0.642256 3 0.999982
0.346681 0.670316 0.368944 8 0.99999
0.500889 1.000722 0.466591 6 1.0
0.07244 0.271615 0.573972 11 0.046907
0.071077 0.281523 0.576625 11 0.046907
0.071492 0.270119 0.57907 11 0.046907
0.073802 0.261707 0.571319 11 0.046907
0.073387 0.27311 0.568873 11 0.046907
0.504383 0.731138 0.366623 8 0.898678
0.48716 0.730848 0.367042 8 0.898678
0.504559 0.727852 0.371587 8 0.898678
0.521605 0.731428 0.366203 8 0.898678
0.504206 0.734424 0.361659 8 0.898678
0.079491 0.751781 0.461168 4 0.062503
0.41644 0.943154 0.609756 4 0.0
0.268264 0.486031 0.371924 8 0.999992
0.267023 0.495971 0.370284 8 0.999992
0.271214 0.487038 0.375791 8 0.999992
0.269504 0.476092 0.373564 8 0.999992
0.265313 0.485025 0.368057 8 0.999992
0.395302 0.285996 0.364353 10 0.999999
0.069074 0.749563 0.388567 4 0.999999
0.724335 0.579334 0.635149 8 0.999998
0.264155 0.445195 0.357161 8 0.728355
0.192682 0.183245 0.360421 12 1.0
0.63168 0.695016 0.633459 8 0.016355
0.900042 0.764131 0.359486 9 1.0
0.400829 0.287942 0.633707 8 2.8e-05
0.930024 0.29367 0.357992 9 1.0
0.831221 0.805254 0.356448 9 1.0
0.068339 0.644427 0.359213 11 1.0
0.728281 0.141143 0.362007 1 0.035857
0.06826 0.459493 0.637197 11 0.055092
0.900493 0.35394 0.63483 3 0.000279
0.926768 0.332068 0.603304 2 0.0
0.81422 0.223892 0.634154 7 0.002972
0.274678 0.431979 0.36119 8 1.0
0.069435 0.497302 0.641062 11 0.999971
0.874785 0.288887 0.635206 3 0.000113
0.77242 0.177218 0.629221 3 2e-06
0.929 0.25845 0.359082 9 1.0
0.930032 0.264141 0.358939 9 1.0
0.927196 0.258825 0.361005 9 1.0
0.927969 0.252759 0.359224 9 1.0
0.930805 0.258075 0.357158 9 1.0
0.073593 0.734313 0.474971 11 0.0
0.309311 0.632511 0.354482 10 0.999975
0.596472 0.712062 0.356552 10 0.999914
0.878677 0.775803 0.361169 9 1.0
0.273096 0.443303 0.355611 8 0.999985
0.372824 0.917886 0.61438 4 0.0
0.451381 0.954353 0.589636 4 3.7e-05
0.908828 0.362945 0.637296 3 0.70241
0.609603 0.066909 0.619496 1 8e-06
0.504974 0.027482 0.580001 12 0.999422
0.385167 0.916725 0.628913 5 0.999994
0.237574 0.833964 0.630738 4 0.999999
0.46152 0.732725 0.36706 10 0.999799
0.077537 0.749446 0.520228 4 2e-06
0.834721 0.800723 0.36137 6 1.0
0.307707 0.369469 0.637106 8 0.999308
0.375264 0.301684 0.355118 10 0.999981
0.799016 0.188806 0.633053 3 1.9e-05
0.55505 0.277157 0.363645 8 0.999813
0.498921 0.995417 0.378283 4 1.0
0.870795 0.218025 0.356629 9 1.0
0.931951 0.342786 0.355882 2 1.0
0.185976 0.185386 0.358689 12 1.0
0.12822 0.7783 0.589701 4 1.2e-05
0.263346 0.494465 0.363215 8 0.999225
0.580075 0.719548 0.359223 10 0.843605
0.30185 0.618812 0.357682 8 0.999997
0.849066 0.793268 0.36072 6 1.0
0.436474 0.038933 0.35962 12 1.0
0.273035 0.553476 0.365169 10 0.999981
0.268089 0.527758 0.366859 8 0.999768
0.346827 0.678513 0.366152 8 0.997535
0.921107 0.703041 0.583129 2 1.0
0.925465 0.717811 0.577392 2 1.0
0.918971 0.701694 0.578037 2 1.0
0.916748 0.688271 0.588865 2 1.0
0.923243 0.704389 0.58822 2 1.0
0.820322 0.197949 0.62174 3 0.999994
0.831177 0.20551 0.615557 3 0.999994
0.821341 0.20144 0.627797 3 0.999994
0.809467 0.190388 0.627924 3 0.999994
0.819302 0.194459 0.615684 3 0.999994
0.316837 0.125723 0.364537 9 1.0
0.726732 0.454975 0.353279 10 1.0
0.068187 0.251788 0.434525 11 1.0
0.723021 0.569571 0.631472 8 0.007695
0.489901 0.254673 0.640727 8 0.999998
0.144755 0.208563 0.359046 12 0.99999
0.926772 0.255639 0.474873 3 0.00302
0.880986 0.219895 0.600649 3 1.0
0.879104 0.747461 0.58058 2 0.264479
0.466752 0.732456 0.365013 10 0.999987
0.568228 0.724376 0.355878 8 0.999983
0.261327 0.49461 0.362761 10 0.999974
0.069035 0.749837 0.401727 4 0.999999
0.926631 0.248961 0.572971 3 0.999999
0.924524 0.249048 0.571836 3 0.999999
0.923563 0.246542 0.57848 3 0.999999
0.928737 0.248875 0.574106 3 0.999999
0.929698 0.251381 0.567462 3 0.999999
0.603321 0.290166 0.637778 8 0.934691
0.391904 0.915385 0.641305 5 0.999998
0.607007 0.711693 0.644531 8 0.426324
0.564062 0.723861 0.645631 8 0.99995
0.28921 0.124711 0.362785 12 0.999999
0.923589 0.246532 0.358878 1 0.999999
0.928847 0.249912 0.358823 1 0.999999
0.922813 0.247765 0.360521 1 0.999999
0.91833 0.243151 0.358933 1 0.999999
0.924364 0.245298 0.357235 1 0.999999
0.9246 0.750742 0.417905 6 0.000359
0.203055 0.825042 0.626712 4 0.99996
0.572821 0.718792 0.36428 8 0.996974
0.278509 0.128887 0.620438 12 4e-06
0.064774 0.443032 0.636247 11 0.999998
0.405528 0.056289 0.35937 12 1.0
0.092522 0.236324 0.36727 12 1.0
0.081902 0.242684 0.369147 12 1.0
0.093372 0.236413 0.371779 12 1.0
0.103143 0.229964 0.365394 12 1.0
0.091672 0.236235 0.362761 12 1.0
0.606357 0.063776 0.354582 9 1.0
0.261004 0.537101 0.369872 9 0.999999
0.288035 0.601092 0.637972 8 0.999933
0.291027 0.612393 0.638136 8 0.999933
0.285064 0.601838 0.640787 8 0.999933
0.285042 0.58979 0.637808 8 0.999933
0.291005 0.600346 0.635157 8 0.999933
0.461906 0.271774 0.362745 8 0.999999
0.669035 0.339478 0.357265 10 0.983527
0.566428 0.265671 0.641936 7 0.0
0.792145 0.824274 0.362146 9 1.0
0.680305 0.136541 0.637747 7 0.834713
0.916126 0.754023 0.465221 9 3e-06
0.925072 0.344068 0.613491 3 0.016592
0.671937 0.661089 0.353844 10 0.999989
0.073724 0.25921 0.473867 11 7e-06
0.888268 0.624027 0.637766 7 0.997337
0.429756 0.947235 0.615284 5 1.0
0.26839 0.527537 0.35694 8 1.0
0.069973 0.592982 0.367343 11 0.999997
0.92903 0.323354 0.606601 3 1.0
0.464346 0.271497 0.357762 10 0.999998
0.269148 0.472945 0.364972 10 1.0
0.795174 0.198025 0.628104 3 0.21291
0.823113 0.8122 0.358745 6 1.0
0.182245 0.188197 0.360039 12 1.0
0.553488 0.272192 0.634833 8 0.999567
0.287588 0.403682 0.638723 8 1.0
0.717965 0.128822 0.361809 1 1.0
0.386648 0.924437 0.621376 5 0.999753
0.548187 0.966429 0.605176 5 0.999993
0.498578 0.994858 0.412732 4 0.987464
0.930031 0.749101 0.455977 2 1.0
0.612788 0.699808 0.355703 8 1.0
0.282987 0.583558 0.354167 10 0.999997
0.474524 0.268609 0.358079 8 0.997644
0.068964 0.252693 0.484234 11 1.0
0.071073 0.252384 0.390804 12 0.999987
0.845812 0.768919 0.608587 6 0.999999
0.846136 0.77624 0.606007 6 0.999999
0.82587 0.773505 0.619088 6 0.999999
0.845487 0.761599 0.611167 6 0.999999
0.865753 0.764334 0.598085 6 0.999999
0.924386 0.254318 0.466264 3 0.000597
0.926281 0.263886 0.519716 2 0.999979
0.923723 0.263179 0.515509 2 0.999979
0.924701 0.26597 0.520326 2 0.999979
0.928839 0.264593 0.523924 2 0.999979
0.92786 0.261802 0.519106 2 0.999979
0.820217 0.223387 0.624546 3 0.000337
0.452066 0.27245 0.363604 10 0.999999
0.454295 0.274173 0.355924 8 0.999992
0.27699 0.42044 0.359598 8 0.232627
0.069316 0.749569 0.386915 4 0.999999
0.423768 0.269089 0.639475 8 0.999688
0.729484 0.456735 0.637215 8 0.999962
0.069092 0.245836 0.425877 12 1.0
0.927445 0.628881 0.38135 2 0.999597
0.92586 0.62589 0.369018 2 0.999597
0.922265 0.606689 0.387397 2 0.999597
0.92903 0.631871 0.393683 2 0.999597
0.932624 0.651072 0.375304 2 0.999597
0.068625 0.290802 0.36373 11 0.999992
0.485756 0.987656 0.573834 4 0.992983
0.407011 0.938089 0.614679 4 1.0
0.490431 0.272682 0.361976 10 0.999999
0.406177 0.714018 0.356487 8 0.99598
0.373888 0.691976 0.364868 10 0.999296
0.587587 0.288083 0.365425 10 0.999934
0.727311 0.42758 0.633487 8 0.999967
0.468471 0.735954 0.354836 8 1.0
0.52357 0.729749 0.642916 8 0.999998
0.414187 0.942378 0.608835 4 3.5e-05
0.727877 0.138558 0.640451 1 1.0
0.069777 0.363582 0.614852 11 1.0
0.909404 0.358326 0.633469 3 1.2e-05
0.297498 0.615172 0.35758 8 1.0
0.786549 0.829254 0.362735 9 1.0
0.226754 0.828486 0.632707 4 0.999998
0.077151 0.439318 0.63843 7 0.999997
0.469171 0.021135 0.359224 12 1.0
0.275283 0.564553 0.355955 8 0.987444
0.417587 0.272875 0.63654 7 0.99894
0.568739 0.725049 0.357535 10 0.001011
0.181435 0.188907 0.374248 12 0.99998
0.873503 0.778721 0.359384 9 0.641621
0.903786 0.440101 0.639101 3 0.999904
0.829679 0.808893 0.36227 9 1.0
0.072628 0.471043 0.635763 11 0.999999
0.562952 0.27463 0.356112 10 0.999997
0.067815 0.513848 0.363896 11 0.999401
0.110756 0.372407 0.621933 7 1.0
0.096252 0.373333 0.61717 7 1.0
0.109593 0.333516 0.617914 7 1.0
0.12526 0.371481 0.626697 7 1.0
0.111919 0.411298 0.625953 7 1.0
0.732596 0.511696 0.353485 8 0.997979
0.41983 0.279463 0.640432 7 0.999996
0.463515 0.730755 0.638986 7 0.999963
0.728808 0.848868 0.362828 9 1.0
0.44326 0.96594 0.601851 4 1.0
0.930473 0.686711 0.356674 9 1.0
0.517588 0.736191 0.352716 10 0.999923
0.211446 0.82138 0.628361 4 0.847292
0.854476 0.251893 0.63528 3 0.002167
0.395967 0.291966 0.354655 8 0.999974
0.931984 0.748134 0.430554 2 1.0
0.723847 0.447933 0.63331 7 0.999979
0.314902 0.349601 0.35879 8 0.999996
0.626586 0.697147 0.356704 10 0.999986
0.330839 0.657601 0.365804 10 0.999083
0.638336 0.90863 0.632544 5 0.757898
0.070184 0.396217 0.622373 11 1.0
0.205045 0.226806 0.636803 7 0.999996
0.288302 0.404938 0.364926 8 0.999997
0.344059 0.312094 0.359921 10 0.999992
0.898687 0.404084 0.639204 3 0.99996
0.473559 0.92141 0.633403 4 0.999992
0.501592 0.270922 0.363527 10 0.999997
0.273828 0.511706 0.36295 8 1.0
0.285516 0.58771 0.35816 8 1.0
0.502357 0.99713 0.461559 6 0.99999
0.731842 0.44245 0.634062 8 0.999983
0.731634 0.154222 0.640233 3 1.0
0.115439 0.339788 0.633806 7 0.0006
0.68083 0.652885 0.354589 10 0.999997
0.929885 0.254095 0.368747 2 0.999908
0.928133 0.256087 0.368851 2 0.999908
0.930013 0.253893 0.374741 2 0.999908
0.931638 0.252102 0.368642 2 0.999908
0.929757 0.254296 0.362753 2 0.999908
0.849036 0.794457 0.360073 9 1.0
0.628717 0.303936 0.356294 10 0.999995
0.075038 0.264411 0.566768 11 1.0
0.077405 0.269124 0.569547 11 1.0
0.072733 0.26287 0.571343 11 1.0
0.07267 0.259697 0.563989 11 1.0
0.077342 0.265951 0.562193 11 1.0
0.728708 0.464973 0.372672 10 0.969435
0.728024 0.476345 0.375024 10 0.969435
0.726856 0.463993 0.376868 10 0.969435
0.729392 0.453601 0.370319 10 0.969435
0.73056 0.465952 0.368475 10 0.969435
0.931091 0.255763 0.387185 2 1.0
0.360255 0.297675 0.361852 10 0.999996
0.655078 0.324926 0.354334 10 0.999916
0.069524 0.25241 0.458274 11 1.0
0.261124 0.163747 0.371663 9 1.0
0.927164 0.613893 0.360564 9 0.995832
0.380411 0.92728 0.622024 4 0.999941
0.076915 0.421308 0.638256 7 0.000762
0.92692 0.404966 0.63062 3 0.998888
0.188362 0.178192 0.626099 12 0.99998
0.309973 0.637101 0.354731 10 0.996938
0.888013 0.751253 0.573254 6 4.7e-05
0.502101 0.999076 0.472212 6 0.999998
0.928295 0.556834 0.359751 2 1.0
0.068969 0.363222 0.61335 11 1.0
0.272502 0.554467 0.362227 10 0.999996
0.304894 0.367108 0.355948 10 0.999995
0.739395 0.459627 0.641627 8 0.999997
0.141295 0.210004 0.607102 12 1.0
0.411342 0.943255 0.611795 4 0.973351
0.386727 0.923277 0.624286 5 0.613579
0.920165 0.483157 0.637096 3 0.999993
0.307688 0.111001 0.63738 12 0.999997
0.482453 0.014451 0.35801 9 1.0
0.377321 0.920577 0.617751 4 1.0
0.595396 0.711642 0.35821 10 0.999999
0.916799 0.757127 0.358947 9 0.999999
0.626981 0.695541 0.353932 8 1.0
0.269012 0.520443 0.355865 8 0.999999
0.636667 0.310718 0.356567 8 0.999998
0.448302 0.963622 0.595738 4 1.0
0.392445 0.709664 0.354198 10 1.0
0.362414 0.309672 0.359211 8 0.996292
0.929911 0.748615 0.527516 9 0.999998
0.304562 0.372669 0.354825 10 1.0
0.072318 0.748864 0.466396 4 0.999999
0.569239 0.27587 0.632225 7 0.994128
0.071651 0.254053 0.450059 11 1.0
0.929633 0.315454 0.36454 2 0.999998
0.293602 0.400659 0.641455 8 1.0
0.808899 0.820198 0.35615 9 1.0
0.285308 0.390096 0.360609 10 0.0
0.072855 0.467549 0.63141 11 1.0
0.315168 0.641595 0.365755 8 0.999984
0.46204 0.959384 0.595258 4 0.999907
0.380359 0.29375 0.358729 10 1.0
0.50003 0.997628 0.391985 4 0.999999
0.525993 0.270902 0.380562 8 0.999922
0.307106 0.370755 0.359404 8 0.999999
0.29229 0.387642 0.355459 10 0.999998
0.272257 0.461171 0.35692 8 0.999995
0.737412 0.47367 0.639371 8 0.999995
0.695676 0.365644 0.636547 8 0.999997
0.910785 0.241105 0.358627 9 1.0
0.242346 0.852026 0.635596 4 1.0
0.776865 0.835221 0.359841 9 1.0
0.565179 0.044141 0.589582 1 0.0
0.280411 0.569288 0.356467 8 1.0
0.314091 0.639476 0.360174 8 0.999999
0.465369 0.964519 0.590218 4 1.0
0.400478 0.714558 0.360042 10 0.983683
0.91226 0.629129 0.615943 2 0.999961
0.661442 0.331834 0.354006 10 0.999568
0.081015 0.274181 0.572471 11 1.0
0.746696 0.477257 0.634926 8 0.999981
0.680267 0.892976 0.360591 9 1.0
0.423725 0.945718 0.606866 4 0.991981
0.369028 0.913055 0.61825 5 1e-05
0.083387 0.51973 0.633288 11 0.999993
0.621003 0.701946 0.35546 10 0.999931
0.495726 0.742646 0.358499 9 0.999996
0.274358 0.844543 0.630092 7 1.0
0.930022 0.280764 0.589285 3 0.999999
0.538348 0.274151 0.35949 10 0.999988
0.2842 0.400267 0.358215 10 0.999951
0.929375 0.750982 0.386144 6 1.0
0.140732 0.213594 0.36065 9 1.0
0.070758 0.682299 0.358636 9 1.0
0.734747 0.519665 0.351772 10 0.999998
0.077874 0.263324 0.562107 11 1.0
0.081955 0.268688 0.567897 11 1.0
0.07558 0.2622 0.564766 11 1.0
0.073793 0.25796 0.556317 11 1.0
0.080168 0.264449 0.559448 11 1.0
0.432674 0.960771 0.370692 4 0.999993
0.072609 0.539326 0.631757 11 0.999951
0.090541 0.526129 0.62542 11 0.50422
0.070446 0.511571 0.637652 11 1.0
0.841501 0.793648 0.610754 6 1.0
0.069857 0.356907 0.615163 11 0.999997
0.217456 0.832842 0.633567 4 0.999998
0.76798 0.842529 0.636332 6 0.999995
0.928222 0.339661 0.604076 3 0.0
0.931722 0.350192 0.607645 3 0.0
0.92742 0.338331 0.60879 3 0.0
0.924723 0.329131 0.600508 3 0.0
0.929025 0.340992 0.599362 3 0.0
0.931769 0.25476 0.464752 2 0.885753
0.070383 0.394689 0.625714 11 1.0
0.918237 0.535693 0.629404 2 0.999999
0.068985 0.630513 0.616928 11 1.0
0.308749 0.374379 0.640805 8 8.9e-05
0.069549 0.252471 0.498892 12 1.0
0.072205 0.669508 0.358132 9 1.0
0.726067 0.445093 0.644231 8 0.072582
0.547437 0.257037 0.642272 8 0.99961
0.644257 0.88802 0.630735 6 1.0
0.79836 0.828117 0.356347 9 1.0
0.673182 0.335605 0.643175 8 1.0
0.37984 0.923087 0.615017 4 1.9e-05
0.737226 0.155535 0.630843 3 0.001884
0.868522 0.293275 0.638484 7 0.999982
0.915185 0.256768 0.556212 2 0.999999
0.387556 0.700971 0.353779 10 1.0
0.065599 0.361576 0.613344 11 1.0
0.923367 0.537995 0.639841 7 0.999964
0.797848 0.187295 0.640389 3 0.999999
0.701708 0.618401 0.64053 8 0.999998
0.361801 0.326928 0.376112 8 1.0
0.293007 0.875197 0.358001 9 0.999005
0.359902 0.909126 0.622576 5 2.6e-05
0.068685 0.446569 0.637174 11 0.767264
0.919712 0.332781 0.603088 2 2.6e-05
0.146628 0.200741 0.352621 9 1.0
0.451455 0.926701 0.641926 5 1.0
0.534079 0.926691 0.640508 5 1.0
0.500699 0.997817 0.410805 4 0.999965
0.223606 0.164023 0.362232 12 1.0
0.076326 0.252305 0.49299 12 1.0
0.274592 0.436835 0.354566 10 0.999999
0.497766 0.9958 0.392199 4 0.999921
0.779923 0.831055 0.370496 9 0.999936
0.348042 0.675408 0.355494 10 0.999999
0.366542 0.298534 0.362516 8 0.999997
0.267724 0.845649 0.637298 7 1.0
0.634188 0.689536 0.352879 10 0.999995
0.445134 0.963047 0.598586 4 1.0
0.74314 0.424177 0.629951 8 1.0
0.374606 0.699077 0.639018 8 0.999999
0.069454 0.61483 0.358391 9 1.0
0.733754 0.492853 0.643926 8 0.999997
0.367959 0.92599 0.36714 4 1.0
0.394474 0.293729 0.363685 10 0.999999
0.567892 0.278478 0.641932 8 1.0
0.405143 0.712182 0.353038 10 0.999997
0.524105 0.256525 0.356966 10 0.591781
0.568301 0.266622 0.358093 8 0.441888
0.070588 0.654483 0.358147 9 1.0
0.905848 0.237257 0.358346 9 1.0
0.349054 0.09332 0.633159 12 1.0
0.438507 0.721495 0.357892 8 1.0
0.074472 0.457456 0.640984 11 1.0
0.647466 0.679423 0.357502 8 0.990156
0.070257 0.329416 0.605811 11 1.0
0.266866 0.503208 0.355492 8 0.99993
0.681776 0.309327 0.642159 8 0.999852
0.702094 0.316383 0.639849 8 0.999852
0.684934 0.300321 0.642423 8 0.999852
0.661459 0.302271 0.64447 8 0.999852
0.678619 0.318332 0.641895 8 0.999852
0.377897 0.701382 0.631923 8 0.999995
0.271762 0.53825 0.363764 10 1.0
0.735392 0.481791 0.640364 8 0.999993
0.460918 0.27199 0.358391 8 0.999995
0.930691 0.32247 0.35681 9 1.0
0.145634 0.205124 0.608997 12 0.991896
0.391518 0.295267 0.357197 10 0.999993
0.897112 0.347514 0.637294 3 0.999978
0.598117 0.291213 0.382421 8 4e-06
0.597627 0.290652 0.373378 8 4e-06
0.572607 0.279683 0.384517 8 4e-06
0.598607 0.291773 0.391465 8 4e-06
0.623627 0.302743 0.380326 8 4e-06
0.266785 0.503914 0.359155 10 0.999997
0.435954 0.043697 0.357428 9 0.999999
0.930155 0.749608 0.403351 6 1.0
0.292298 0.381489 0.359621 10 0.998946
0.73229 0.437971 0.636899 8 1.0
0.46946 0.251665 0.639334 8 0.999925
0.741126 0.517103 0.644022 7 4.3e-05
0.371467 0.916929 0.614589 4 4e-06
0.334396 0.897206 0.641732 4 1.0
0.078739 0.748591 0.502089 4 6e-06
0.911653 0.648149 0.599879 2 1.0
0.405027 0.286926 0.359095 10 0.998888
0.081464 0.280709 0.577231 11 1.0
0.069121 0.627499 0.357705 9 1.0
0.7368 0.536944 0.638984 8 0.999686
0.619383 0.302072 0.364383 10 0.999953
0.631035 0.309378 0.365015 10 0.999953
0.617763 0.304274 0.368794 10 0.999953
0.607731 0.294766 0.363751 10 0.999953
0.621003 0.29987 0.359971 10 0.999953
0.158008 0.200889 0.35968 12 1.0
0.330173 0.895505 0.632186 4 0.952183
0.554834 0.040024 0.586808 1 2e-06
0.411906 0.051832 0.359805 9 1.0
0.714503 0.416078 0.636411 7 0.999997
0.414755 0.945163 0.358479 9 1.0
0.070664 0.482929 0.639391 11 1.0
0.704171 0.6282 0.357346 8 0.999582
0.144491 0.783019 0.603239 4 0.99996
0.397333 0.930618 0.608877 4 0.985749
0.071209 0.421841 0.358061 9 0.999999
0.06604 0.746629 0.455119 11 0.999992
0.066323 0.502332 0.638188 11 1.0
0.931228 0.253079 0.417627 2 1.0
0.069928 0.374765 0.61466 11 1.0
0.918873 0.658958 0.602494 2 0.999999
0.07718 0.277861 0.576648 11 1.0
0.079638 0.288123 0.580181 11 1.0
0.073513 0.278422 0.57757 11 1.0
0.074721 0.267599 0.573115 11 1.0
0.080847 0.2773 0.575726 11 1.0
0.379363 0.927574 0.361735 4 0.975039
0.829152 0.495013 0.356517 9 0.0
0.834205 0.588309 0.356548 9 0.0
0.860559 0.493312 0.356644 9 0.0
0.824098 0.401716 0.356486 9 0.0
0.797744 0.496714 0.356389 9 0.0
0.92148 0.371515 0.609852 3 0.999998
0.409602 0.052371 0.360366 12 0.998787
0.924834 0.638729 0.607482 2 0.995188
0.068917 0.250304 0.489778 12 1.0
0.707633 0.328764 0.640221 3 0.999157
0.923992 0.253161 0.441066 1 0.999964
0.076141 0.255753 0.55448 12 1.0
0.077509 0.257922 0.563853 12 1.0
0.072926 0.254291 0.555287 12 1.0
0.074773 0.253585 0.545106 12 1.0
0.079355 0.257215 0.553672 12 1.0
0.731836 0.441185 0.636975 8 0.999992
0.79555 0.822942 0.361029 9 1.0
0.544069 0.973148 0.35983 6 0.999997
0.069753 0.372673 0.622447 11 0.999996
0.27425 0.854326 0.637103 4 1.0
0.824429 0.814526 0.359469 9 0.999999
0.629213 0.697995 0.635415 8 0.088279
0.373316 0.924466 0.359104 4 0.99964
0.733429 0.519476 0.642539 8 0.99991
0.740834 0.480657 0.642 8 0.999987
0.379619 0.299973 0.637148 8 1.0
0.691168 0.36195 0.355777 10 0.890656
0.92456 0.31122 0.362581 2 1.0
0.371146 0.92362 0.626515 4 0.999985
0.916196 0.35774 0.60719 2 0.20259
0.272015 0.436574 0.360127 10 0.999987
0.927079 0.752579 0.404747 9 1.0
0.370602 0.703108 0.633511 7 0.922596
0.666677 0.676737 0.639979 7 0.939995
0.067542 0.429945 0.628299 11 1.0
0.268162 0.1412 0.367043 12 1.0
0.620345 0.927408 0.364243 6 1.0
0.837747 0.801404 0.361928 9 1.0
0.907101 0.4295 0.631137 3 0.999997
0.920594 0.527164 0.637386 3 0.999999
0.920868 0.566814 0.625904 2 0.995486
0.932099 0.542742 0.640821 2 0.999994
0.275452 0.574953 0.358999 8 1.0
0.267128 0.473881 0.35646 10 0.999987
0.420504 0.947362 0.35689 9 1.0
0.733393 0.49935 0.643827 8 0.999997
0.731664 0.488074 0.642641 8 0.999998
0.700066 0.6282 0.640909 8 0.999999
0.333556 0.330759 0.364349 10 1.0
0.065872 0.312731 0.376906 11 1.0
0.72253 0.871508 0.368244 9 1.0
0.36377 0.904206 0.36051 9 0.000133
0.122728 0.774289 0.597503 4 0.999999
0.377815 0.91895 0.619437 4 1.0
0.067836 0.747161 0.463575 11 0.999997
0.073129 0.377596 0.615638 11 1.0
0.734989 0.494334 0.355008 10 0.997054
0.686309 0.111798 0.371498 1 1.0
0.365481 0.080553 0.360218 12 1.0
0.598301 0.943139 0.360156 6 1.0
0.592012 0.942801 0.360068 6 1.0
0.833289 0.807574 0.366501 9 1.0
0.324721 0.892915 0.63763 5 1.0
0.835805 0.253511 0.638712 3 7.3e-05
0.628627 0.694759 0.635012 8 0.998666
0.773152 0.840117 0.360572 6 1.0
0.724522 0.868495 0.360654 6 1.0
0.338174 0.095152 0.364725 12 1.0
0.066422 0.357646 0.363992 11 1.0
0.26613 0.491215 0.361214 10 0.999999
0.927849 0.415385 0.619537 3 0.999998
0.933474 0.425255 0.619825 3 0.999998
0.927869 0.41525 0.623782 3 0.999998
0.922224 0.405514 0.61925 3 0.999998
0.92783 0.415519 0.615293 3 0.999998
0.280306 0.571434 0.633542 8 0.000103
0.293934 0.606919 0.356411 8 0.999998
0.269014 0.444088 0.360223 10 0.999994
0.716678 0.59271 0.641865 8 0.999993
0.067376 0.745474 0.411895 11 1.0
0.929025 0.733937 0.578388 2 1.0
0.930999 0.739973 0.575605 2 1.0
0.929091 0.732369 0.575035 2 1.0
0.927052 0.727901 0.581171 2 1.0
0.92896 0.735505 0.581741 2 1.0
0.449583 0.967969 0.594881 4 1.0
0.066252 0.362481 0.361762 11 0.99997
0.144715 0.212474 0.366537 12 1.0
0.310724 0.632484 0.357328 8 0.999993
0.380304 0.297525 0.363546 8 1.0
0.432162 0.951925 0.606413 4 1.0
0.922863 0.40894 0.641446 3 1.0
0.071785 0.748146 0.359911 9 0.999932
0.315585 0.349635 0.641309 8 1.0
0.927935 0.525862 0.628981 3 1.0
0.069212 0.403411 0.361784 11 1.0
0.908011 0.372449 0.635163 3 0.999358
0.067743 0.746004 0.423546 11 0.999973
0.464122 0.97565 0.587484 4 0.999995
0.370445 0.289914 0.362059 10 0.999994
0.735351 0.428377 0.637922 8 0.999975
0.76312 0.174181 0.366882 1 1.0
0.067722 0.52359 0.36631 11 0.999999
0.746796 0.855472 0.360308 6 1.0
0.363316 0.0848 0.358632 9 1.0
0.068592 0.556885 0.626936 11 1.0
0.385391 0.929556 0.621113 4 0.999983
0.207966 0.833592 0.631412 4 1.0
0.295587 0.614639 0.354981 10 0.999999
0.793632 0.186505 0.63644 3 7e-06
0.488615 0.7338 0.646042 8 0.999999
0.275126 0.422687 0.354545 10 0.999996
0.066863 0.747378 0.392298 11 0.999916
0.069174 0.265446 0.373877 11 1.0
0.070972 0.269362 0.372961 11 1.0
0.06916 0.267288 0.381722 11 1.0
0.067375 0.26153 0.374793 11 1.0
0.069187 0.263604 0.366032 11 1.0
0.068696 0.253869 0.380333 11 0.999999
0.288147 0.124199 0.3629 12 1.0
0.424861 0.042417 0.607535 12 0.999988
0.360131 0.308847 0.356034 10 0.9973
0.473978 0.969256 0.585899 4 0.999999
0.271667 0.464286 0.356798 8 0.999996
0.821611 0.188818 0.358247 9 1.0
0.375866 0.299857 0.634628 8 0.711254
0.169884 0.813258 0.371105 4 1.0
0.071408 0.386174 0.35843 9 1.0
0.172038 0.806563 0.35778 9 1.0
0.068972 0.392242 0.621625 11 1.0
0.39405 0.939691 0.372163 4 0.995788
0.854903 0.78584 0.607636 6 1.0
0.674829 0.896113 0.362972 9 0.999207
0.71829 0.874385 0.373065 9 1.0
0.776223 0.8294 0.364963 9 0.975342
0.419895 0.943508 0.607568 4 0.000973
0.426407 0.718305 0.357109 8 1.0
0.928728 0.330599 0.606546 2 1.0
0.435399 0.045783 0.59382 12 0.999887
0.268244 0.460768 0.356667 10 0.999992
0.925963 0.449109 0.373405 2 0.999747
0.929576 0.317913 0.369624 2 0.998755
0.07042 0.369554 0.360332 11 1.0
0.714496 0.139271 0.370959 1 1.0
0.895555 0.360167 0.637108 3 0.999743
0.901588 0.375164 0.632903 3 0.999743
0.902249 0.357015 0.635472 3 0.999743
0.889521 0.345169 0.641314 3 0.999743
0.888861 0.363319 0.638745 3 0.999743
0.396005 0.714283 0.356079 10 0.999999
0.45462 0.972776 0.599484 5 1.0
0.278581 0.414608 0.360363 8 0.999997
0.730007 0.533016 0.643334 8 0.999991
0.070742 0.48784 0.639873 11 1.0
0.069268 0.253159 0.424969 11 1.0
0.071794 0.590572 0.36355 11 0.895749
0.636799 0.077369 0.362721 1 0.421338
0.330645 0.895399 0.635574 5 1.0
0.476185 0.981488 0.58444 4 0.999448
0.40017 0.921146 0.637394 5 1.0
0.654844 0.092131 0.363353 1 0.999999
0.358231 0.908894 0.639561 5 1.0
0.065777 0.748435 0.400431 4 1.0
0.068277 0.471097 0.636971 11 1.0
0.06881 0.319511 0.35961 11 0.999979
0.931886 0.748059 0.459888 2 1.0
0.356614 0.089309 0.629047 12 0.999999
0.375624 0.894885 0.642024 7 0.999997
0.323539 0.899188 0.632097 4 1.0
0.081051 0.58189 0.64319 7 1.0
0.527922 0.930758 0.638167 5 1.0
0.206438 0.82762 0.629418 4 1.0
0.45356 0.271963 0.356909 8 0.996765
0.277458 0.413484 0.361206 10 0.99939
0.70049 0.616166 0.628311 8 0.999998
0.791028 0.827794 0.361881 6 1.0
0.867117 0.213858 0.356954 9 1.0
0.272757 0.134284 0.373477 12 1.0
0.067523 0.606823 0.624447 11 1.0
0.874417 0.778658 0.601788 6 1.0
0.45193 0.732025 0.358301 8 0.999999
0.133281 0.209131 0.606004 12 1.0
0.276994 0.425657 0.363285 8 1.0
0.55789 0.748194 0.354147 8 0.99777
0.517631 0.268071 0.353119 8 1.0
0.640266 0.920754 0.357766 6 1.0
0.818664 0.188004 0.356364 9 1.0
0.929904 0.378188 0.361132 2 1.0
0.37992 0.913368 0.360844 9 0.006432
0.925353 0.259544 0.534564 2 0.995843
0.924524 0.261538 0.533971 2 0.995843
0.925258 0.261488 0.54124 2 0.995843
0.926183 0.257549 0.535157 2 0.995843
0.925449 0.257599 0.527889 2 0.995843
0.104011 0.768056 0.589539 4 0.999999
0.342188 0.900845 0.642313 5 1.0
0.931033 0.252151 0.415269 1 1.0
0.667615 0.664331 0.356025 8 0.992117
0.920421 0.665173 0.593546 2 0.974093
0.405269 0.287797 0.36447 10 0.999932
0.279252 0.413467 0.357244 10 0.999989
0.382474 0.932212 0.362099 4 0.994374
0.604222 0.710016 0.641258 8 0.997349
0.066244 0.476985 0.635829 11 1.0
0.417034 0.053377 0.363035 12 0.999726
0.072307 0.375199 0.360867 9 1.0
0.075948 0.458657 0.629366 11 1.0
0.784019 0.837377 0.633926 6 1.0
0.922648 0.488375 0.641666 3 0.999997
0.930642 0.749099 0.441438 6 0.999635
0.06896 0.666621 0.606146 11 1.0
0.337726 0.682879 0.639038 8 0.181894
0.217524 0.823483 0.631595 4 0.999981
0.920458 0.624949 0.594035 2 0.833382
0.070301 0.466208 0.360103 11 1.0
0.910716 0.757018 0.582178 6 1.0
0.928114 0.44335 0.366337 2 1.0
0.069159 0.465888 0.636663 11 1.0
0.434868 0.723385 0.35704 8 0.999046
0.074757 0.576908 0.358021 9 0.754247
0.750704 0.147129 0.360336 1 1.0
0.624509 0.906267 0.641384 6 1.0
0.928893 0.408653 0.631754 3 0.999999
0.871846 0.296127 0.630535 3 0.984841
0.336313 0.899148 0.641918 4 1.0
0.499192 0.001011 0.484739 12 0.999998
0.908086 0.402519 0.638509 7 0.999999
0.928284 0.661973 0.359923 2 0.999999
0.731689 0.141024 0.638998 1 0.999999
0.448136 0.969241 0.596462 4 1.0
0.398611 0.925175 0.622882 5 0.999346
0.065381 0.429652 0.627774 11 1.0
0.336274 0.664197 0.355888 8 0.999664
0.070612 0.739482 0.358391 9 0.999977
0.070576 0.74688 0.359378 9 0.999977
0.068532 0.739655 0.357021 9 0.999977
0.070648 0.732085 0.357404 9 0.999977
0.072692 0.739309 0.359762 9 0.999977
0.921944 0.705549 0.584593 6 1.0
0.069255 0.252369 0.510815 12 1.0
0.717232 0.586668 0.641898 7 0.99999
0.664648 0.899249 0.361069 9 1.0
0.624792 0.924773 0.365936 6 0.999996
0.924752 0.627863 0.364747 2 0.998322
0.069691 0.34153 0.361927 11 1.0
0.069533 0.374048 0.36139 11 1.0
0.923833 0.255331 0.508238 2 1.0
0.071031 0.386303 0.62177 11 1.0
0.285344 0.870606 0.63769 4 1.0
0.91446 0.266253 0.581406 3 0.999998
0.912443 0.269932 0.58547 3 0.999998
0.907224 0.259643 0.5838 3 0.999998
0.916477 0.262573 0.577342 3 0.999998
0.921696 0.272863 0.579013 3 0.999998
0.931848 0.747658 0.436807 2 1.0
0.909089 0.406013 0.641956 3 0.999954
0.08567 0.343918 0.614395 7 1.0
0.070139 0.397696 0.624162 11 1.0
0.90805 0.401057 0.638599 7 1.0
0.395142 0.939334 0.353689 9 1.0
0.830703 0.193365 0.355373 9 1.0
0.349256 0.677086 0.638736 8 0.999982
0.720112 0.583114 0.628986 8 1.0
0.929341 0.38262 0.626455 3 1.0
0.163088 0.196367 0.366618 12 0.999862
0.861477 0.217126 0.613811 3 0.999996
0.703523 0.63181 0.632325 8 1.0
0.405131 0.939913 0.355324 9 1.0
0.070663 0.750309 0.417528 4 0.999992
0.073813 0.647692 0.356753 9 1.0
0.067822 0.403548 0.362378 11 1.0
0.067015 0.439898 0.635948 11 0.941432
0.074339 0.482107 0.632004 11 1.0
0.896874 0.32262 0.633285 3 0.000126
0.441435 0.93607 0.609621 4 0.999997
0.921898 0.340331 0.607111 2 0.999999
0.257101 0.197652 0.633146 7 0.99999
0.498547 0.009327 0.461939 1 0.0
0.919789 0.506491 0.63872 7 0.999996
0.925887 0.56158 0.623222 2 0.999498
0.725956 0.560973 0.351724 10 0.999999
0.068959 0.493321 0.359939 11 1.0
0.73371 0.484369 0.355283 8 0.999992
0.364274 0.688357 0.355215 8 0.999993
0.660416 0.902525 0.35933 6 1.0
0.675803 0.892589 0.359007 9 1.0
0.547117 0.268341 0.358674 8 0.881056
0.745814 0.50222 0.355671 8 0.943794
0.074565 0.505743 0.635355 11 0.984665
0.744502 0.138011 0.646567 3 1.0
0.294634 0.162624 0.629083 7 0.999999
0.270116 0.167486 0.637454 7 1.0
0.291018 0.163861 0.639378 7 1.0
0.268627 0.15927 0.638156 7 1.0
0.249215 0.171111 0.63553 7 1.0
0.271606 0.175701 0.636752 7 1.0
0.082023 0.752354 0.475508 4 0.000798
0.427459 0.279249 0.357465 10 0.998904
0.931674 0.747989 0.453504 2 0.99994
0.440508 0.273974 0.354932 10 0.999207
0.929382 0.66158 0.358308 2 0.999997
0.930638 0.396486 0.631911 3 1.0
0.931201 0.748853 0.412915 2 0.999998
0.730989 0.513575 0.642159 8 0.999997
0.601665 0.712751 0.641949 8 0.999997
0.58732 0.28359 0.3565 8 1.0
0.178263 0.18495 0.620687 12 1.0
0.070606 0.487269 0.641426 11 1.0
0.140619 0.705931 0.638451 7 0.999999
0.461942 0.965628 0.589002 4 1.0
0.414114 0.949468 0.364519 4 0.999932
0.295375 0.123599 0.362118 12 1.0
0.12716 0.783328 0.600808 4 1.0
0.071309 0.394228 0.355909 9 1.0
0.275054 0.134159 0.635365 12 0.108415
0.836008 0.228111 0.6364 3 0.999997
0.929657 0.334793 0.607106 2 1.0
0.455049 0.964518 0.59533 4 1.0
0.395344 0.934126 0.355583 9 1.0
0.928473 0.252712 0.526858 2 0.999999
0.925969 0.253585 0.527361 2 0.999999
0.929721 0.251591 0.535017 2 0.999999
0.930977 0.25184 0.526355 2 0.999999
0.927225 0.253833 0.5187 2 0.999999
0.71521 0.597796 0.643706 8 1.0
0.596686 0.287626 0.362775 8 1.0
0.06687 0.394155 0.363416 11 0.999995
0.067895 0.594133 0.362127 11 0.999999
0.929051 0.579413 0.620732 3 0.999675
0.707546 0.388314 0.356352 8 0.999996
0.541208 0.269608 0.354553 10 1.0
0.070438 0.63942 0.357383 9 1.0
0.308203 0.627251 0.357013 8 1.0
0.490887 0.26723 0.355066 10 1.0
0.631163 0.929001 0.357796 6 1.0
0.070606 0.643503 0.611489 11 0.999999
0.071224 0.547201 0.630406 11 0.99998
0.931894 0.746415 0.441799 2 1.0
0.378157 0.921239 0.6217 4 1.0
0.282658 0.124651 0.637773 12 0.999999
0.074631 0.754027 0.47203 4 0.951298
0.848959 0.267669 0.63534 3 0.999994
0.927073 0.335079 0.60971 2 1.0
0.929786 0.553668 0.633394 3 0.999998
0.45409 0.97297 0.595462 4 1.0
0.071406 0.380104 0.358386 9 1.0
0.916057 0.559779 0.629392 7 1.0
0.217788 0.820294 0.628175 4 0.999933
0.668383 0.678163 0.641609 8 0.998642
0.073406 0.461855 0.361703 11 1.0
0.068931 0.325007 0.359424 11 1.0
0.808146 0.182716 0.630671 3 1.0
0.577393 0.278813 0.360334 10 0.999991
0.933223 0.350947 0.356142 2 1.0
0.928214 0.610963 0.368953 2 0.999997
0.528472 0.271182 0.36507 10 1.0
0.692479 0.889958 0.356837 9 1.0
0.351014 0.680294 0.354285 10 0.999998
0.312812 0.111019 0.369661 12 1.0
0.915181 0.2489 0.583191 3 0.999991
0.914669 0.252008 0.584105 3 0.999991
0.907782 0.247053 0.585324 3 0.999991
0.915693 0.245791 0.582277 3 0.999991
0.92258 0.250747 0.581058 3 0.999991
0.628283 0.072128 0.360083 1 0.999938
0.346515 0.901653 0.63154 5 1.0
0.33953 0.898486 0.628059 4 0.998717
0.412841 0.718436 0.35318 10 0.999977
0.930254 0.542202 0.639957 2 1.0
0.417754 0.051895 0.606543 12 0.074423
0.061451 0.373222 0.356089 9 1.0
0.407932 0.714707 0.640633 8 0.999959
0.269655 0.445929 0.357827 10 0.999984
0.441212 0.728937 0.354569 10 1.0
0.861829 0.214068 0.617224 1 0.999999
0.723348 0.577898 0.355064 8 0.999999
0.918255 0.755287 0.580081 6 1.0
0.70423 0.385182 0.35383 10 0.998675
0.56915 0.280263 0.362477 10 1.0
0.2865 0.127477 0.359741 12 1.0
0.359523 0.684891 0.355221 8 0.999995
0.173246 0.192936 0.361645 12 0.974981
0.783725 0.829055 0.35965 6 0.999972
0.65877 0.31942 0.356446 8 0.027147
0.065959 0.362524 0.367063 11 0.999998
0.689052 0.345281 0.357214 8 0.085548
0.065998 0.403878 0.368159 11 0.999996
0.174474 0.813499 0.357438 9 1.0
0.068608 0.333192 0.364076 11 1.0
0.592321 0.944886 0.356975 9 1.0
0.072905 0.459359 0.632503 11 1.0
0.908344 0.394037 0.638159 3 0.999999
0.838848 0.201918 0.61611 3 0.999999
0.571236 0.275927 0.356872 10 0.99767
0.454699 0.965219 0.596152 4 1.0
0.410535 0.719851 0.640574 7 0.986278
0.922899 0.632028 0.607343 2 1.0
0.699523 0.375044 0.355622 10 0.999978
0.576619 0.278604 0.355678 10 0.999997
0.930686 0.611786 0.356926 9 1.0
0.916893 0.386887 0.642736 3 1.0
0.071693 0.395676 0.359284 11 0.999999
0.512677 0.266678 0.358094 10 1.0
0.391486 0.936219 0.36096 4 0.990045
0.208683 0.172963 0.360186 9 0.999922
0.272831 0.135644 0.360034 9 1.0
0.06981 0.606408 0.357642 9 1.0
0.850745 0.259322 0.638898 3 0.999997
0.882732 0.771499 0.596452 6 1.0
0.845181 0.220993 0.607079 3 0.999988
0.079983 0.307755 0.58901 11 1.0
0.456338 0.268404 0.355176 10 0.994998
0.55785 0.731288 0.360378 8 0.999256
0.286946 0.126241 0.359061 9 1.0
0.667399 0.900012 0.359863 6 1.0
0.728682 0.864162 0.366263 6 1.0
0.670697 0.897752 0.359548 6 1.0
0.610216 0.93662 0.359741 6 1.0
0.758995 0.847564 0.359503 6 1.0
0.066104 0.401533 0.628613 11 1.0
0.659504 0.669798 0.356724 8 0.999962
0.380649 0.920026 0.621505 4 1.0
0.070275 0.750573 0.468088 4 0.999524
0.425032 0.952368 0.609482 4 1.0
0.931118 0.327871 0.608539 3 0.999999
0.90168 0.344887 0.636429 3 0.999993
0.228078 0.189802 0.63996 7 0.999901
0.600754 0.065442 0.364537 1 0.999998
0.929371 0.627814 0.359762 2 0.999988
0.420617 0.719446 0.643945 8 1.0
0.574336 0.04669 0.363367 1 0.999806
0.926205 0.253586 0.529395 2 1.0
0.731849 0.499268 0.360101 8 0.827226
0.071988 0.342511 0.36264 11 1.0
0.07254 0.42947 0.360126 11 1.0
0.070395 0.682928 0.358248 9 1.0
0.067465 0.360499 0.355239 9 1.0
0.507948 0.264658 0.354947 10 1.0
0.067572 0.568213 0.62862 11 1.0
0.903966 0.241723 0.592235 3 0.99997
0.531363 0.913009 0.642182 7 1.0
0.069202 0.651838 0.610651 11 0.999996
0.071548 0.372625 0.358167 9 1.0
0.917097 0.575097 0.623789 2 0.084429
0.273525 0.58926 0.640298 8 0.991546
0.068337 0.450279 0.366046 11 0.999963
0.49468 0.266627 0.636131 7 0.979553
0.527745 0.270062 0.639616 7 1.0
0.925163 0.691928 0.588817 2 1.0
0.374291 0.912425 0.638111 5 1.0
0.734496 0.499683 0.639815 7 0.999377
0.183215 0.806879 0.613447 4 0.999941
0.693521 0.113791 0.360675 9 1.0
0.628293 0.923002 0.359064 9 0.999999
0.179718 0.19292 0.354754 9 1.0
0.088329 0.430933 0.637506 7 0.999995
0.28481 0.166252 0.634634 7 0.999998
0.255253 0.861924 0.633906 4 0.999997
0.341476 0.897176 0.628518 4 0.999999
0.923804 0.334804 0.60736 2 0.999999
0.403352 0.937229 0.352753 9 1.0
0.066576 0.661278 0.376445 11 0.999997
0.401778 0.942592 0.616976 4 0.999997
0.101965 0.240935 0.585997 12 0.999997
0.731599 0.441329 0.634472 8 1.0
0.60852 0.296938 0.359209 10 1.0
0.070021 0.474729 0.358428 9 1.0
0.382606 0.707953 0.361399 8 0.999996
0.182696 0.81383 0.35837 9 0.999995
0.781927 0.832234 0.361109 6 1.0
0.082251 0.41295 0.638034 11 1.0
0.260796 0.856779 0.636092 4 1.0
0.900973 0.353133 0.635578 3 0.999995
0.070666 0.252638 0.444069 12 0.999998
0.842375 0.210807 0.607905 3 0.986489
0.477878 0.266185 0.357002 8 0.997995
0.616363 0.722004 0.632531 7 0.998923
0.911894 0.618277 0.601163 2 0.999997
0.358442 0.123796 0.360498 9 0.0
0.312911 0.360824 0.354707 10 1.0
0.927981 0.253819 0.359789 9 0.999996
0.929568 0.256747 0.358314 9 0.999996
0.926534 0.255249 0.361072 9 0.999996
0.926394 0.25089 0.361265 9 0.999996
0.929428 0.252388 0.358507 9 0.999996
0.729531 0.536833 0.643496 8 0.999988
0.527703 0.268585 0.353508 8 1.0
0.066159 0.454827 0.365526 11 0.999998
0.929318 0.389749 0.365225 2 0.999978
0.283604 0.870396 0.357994 9 1.0
0.239368 0.162652 0.362255 9 1.0
0.621475 0.926047 0.361336 6 1.0
0.286454 0.126763 0.360764 9 1.0
0.071315 0.371412 0.360961 9 1.0
0.845776 0.201068 0.358785 1 0.843573
0.930368 0.444717 0.357805 2 1.0
0.86684 0.267131 0.633551 3 0.999647
0.831823 0.265579 0.64391 3 1.0
0.515057 0.924873 0.635219 4 1.0
0.599836 0.288735 0.356579 10 1.0
0.066 0.416889 0.354309 9 1.0
0.532239 0.265755 0.640278 8 0.999993
0.618982 0.301777 0.353562 10 1.0
0.921123 0.507928 0.358028 9 0.999837
0.526493 0.268162 0.357927 10 0.998479
0.727545 0.562801 0.355584 8 1.0
0.928968 0.432166 0.367571 2 0.971014
0.757693 0.152748 0.359996 1 1.0
0.705983 0.880414 0.368795 9 1.0
0.725338 0.132378 0.358272 9 1.0
0.335529 0.098618 0.365573 12 1.0
0.775076 0.83851 0.359342 6 1.0
0.396947 0.062991 0.358703 9 0.999929
0.742482 0.851835 0.361893 9 1.0
0.620091 0.929951 0.360198 6 1.0
0.932685 0.463612 0.3643 2 1.0
0.92963 0.352286 0.36045 2 1.0
0.064978 0.394811 0.629767 11 0.999993
0.930802 0.748155 0.431442 2 1.0
0.907901 0.396439 0.639762 3 0.99985
0.378659 0.920368 0.617884 4 1.0
0.327106 0.886018 0.634989 4 0.99997
0.326821 0.1221 0.638818 7 0.999997
0.925378 0.256227 0.523479 2 1.0
0.336938 0.900583 0.360191 4 1.0
0.670328 0.100825 0.362751 1 1.0
0.928923 0.588763 0.359903 2 1.0
0.926418 0.678342 0.365058 2 0.999376
0.794309 0.171892 0.357671 9 1.0
0.759 0.847134 0.358806 9 1.0
0.230395 0.845443 0.362004 4 0.999994
0.075128 0.484598 0.637123 11 0.999852
0.930876 0.750764 0.422208 6 1.0
0.925295 0.437759 0.64339 3 0.999999
0.302672 0.115799 0.63868 12 0.308003
0.219452 0.829921 0.630126 4 1.0
0.069308 0.418738 0.631885 11 1.0
0.409042 0.715441 0.632835 8 0.999927
0.071096 0.25296 0.438457 12 1.0
0.219369 0.824079 0.634556 4 1.0
0.787507 0.17897 0.639544 3 0.999977
0.311977 0.360439 0.355318 10 1.0
0.925985 0.255932 0.533248 2 1.0
0.653939 0.683696 0.640954 8 0.001761
0.348229 0.322968 0.35413 10 1.0
0.069423 0.408114 0.358178 11 1.0
0.071848 0.448695 0.3602 9 1.0
0.474457 0.736411 0.351211 10 1.0
0.072122 0.460989 0.635205 11 1.0
0.582207 0.2813 0.355115 10 1.0
0.396508 0.916496 0.637261 5 0.999999
0.35405 0.297325 0.6404 8 0.999992
0.27081 0.527424 0.362871 10 1.0
0.717583 0.594694 0.641657 8 1.0
0.327402 0.657585 0.355327 10 0.999961
0.069512 0.606219 0.358712 9 0.655685
0.207693 0.820214 0.361823 9 1.0
0.069008 0.64881 0.613028 11 1.0
0.14512 0.260034 0.637557 7 0.99999
0.850423 0.262628 0.637414 3 0.99999
0.069935 0.4857 0.640106 11 1.0
0.929613 0.505789 0.62515 3 0.999999
0.456272 0.969571 0.597644 5 1.0
0.069196 0.254005 0.464611 11 0.999999
0.919524 0.632397 0.60608 2 0.999999
0.925168 0.255034 0.52892 2 1.0
0.565289 0.263976 0.636704 8 0.981296
0.180926 0.191682 0.621874 7 1.0
0.93227 0.48792 0.634216 3 1.0
0.923425 0.700354 0.58699 2 1.0
0.071448 0.252122 0.508864 12 1.0
0.320479 0.662266 0.638921 8 0.999986
0.31795 0.646538 0.356815 10 0.998923
0.173226 0.806939 0.618584 4 1.0
0.068709 0.748471 0.456136 11 0.999999
0.56771 0.272961 0.355456 10 1.0
0.674013 0.89746 0.361874 6 1.0
0.742976 0.858056 0.359302 6 1.0
0.23898 0.153236 0.36125 12 1.0
0.932027 0.459937 0.357134 2 1.0
0.931968 0.456254 0.356335 2 1.0
0.210093 0.831174 0.361791 4 1.0
0.792116 0.82755 0.362003 6 1.0
0.233646 0.162947 0.359499 9 1.0
0.923559 0.251866 0.493981 2 1.0
0.28736 0.168582 0.634396 7 0.999987
0.854581 0.253696 0.635912 3 0.999997
0.336383 0.896518 0.639079 5 1.0
0.070362 0.439514 0.636297 11 1.0
0.707267 0.400051 0.636006 7 1.0
0.099469 0.233091 0.591292 12 1.0
0.312862 0.352308 0.356737 10 1.0
0.465446 0.737433 0.355581 10 1.0
0.388913 0.708659 0.35587 10 0.999982
0.922121 0.252738 0.512268 1 1.0
0.72912 0.550626 0.643182 8 0.999997
0.701932 0.629 0.638026 8 0.999997
0.068733 0.749509 0.426902 4 0.999995
0.321765 0.650335 0.355096 8 0.999971
0.931994 0.511653 0.356705 2 1.0
0.700407 0.881802 0.356237 6 1.0
0.249185 0.148208 0.35959 12 0.999828
0.592873 0.945046 0.360409 6 1.0
0.372952 0.916597 0.355053 9 0.999981
0.925 0.43309 0.642818 3 0.999999
0.501018 0.001735 0.515186 1 0.999995
0.84297 0.240256 0.639965 3 1.0
0.90813 0.389365 0.637772 3 1.0
0.34133 0.896896 0.357466 9 0.993983
0.534139 0.265806 0.641709 7 0.005326
0.570912 0.099799 0.636827 7 0.999999
0.913196 0.37718 0.642226 3 1.0
0.445508 0.034773 0.360697 12 0.999996
0.702322 0.868991 0.366681 9 0.999997
0.337608 0.90221 0.357301 9 1.0
0.761334 0.850017 0.364731 6 0.994376
0.070734 0.547029 0.363283 11 0.999999
0.619248 0.92813 0.35984 6 1.0
0.928034 0.254677 0.519597 2 1.0
0.08958 0.462684 0.635153 7 0.999891
0.212994 0.829052 0.631692 4 0.999999
0.855866 0.253718 0.635804 3 0.999991
0.41761 0.099518 0.634295 7 0.999323
0.929034 0.334978 0.60978 3 0.999998
0.213369 0.830257 0.631279 4 1.0
0.069154 0.251269 0.479564 11 1.0
0.718756 0.594286 0.641173 7 0.003816
0.926013 0.255189 0.523451 2 1.0
0.072697 0.341362 0.360358 11 1.0
0.069092 0.384366 0.358021 11 1.0
0.397974 0.282071 0.634337 8 1.0
0.912788 0.391702 0.640398 3 0.999998
0.690571 0.360941 0.356529 10 0.665283
0.929417 0.349958 0.359947 2 1.0
0.733732 0.555011 0.356418 8 0.935073
0.080746 0.415574 0.360587 9 0.149865
0.348448 0.909858 0.362403 4 0.99205
0.708752 0.874084 0.360752 6 1.0
0.261278 0.141177 0.362158 9 1.0
0.734573 0.51248 0.356393 8 0.752004
0.928832 0.521831 0.358537 9 0.999994
0.072097 0.493854 0.358732 9 0.999954
0.931619 0.427662 0.357356 2 1.0
0.931415 0.587673 0.359074 2 1.0
0.209022 0.168896 0.373328 12 0.831734
0.276075 0.134992 0.363034 9 0.999847
0.839344 0.202682 0.61355 3 0.999999
0.144779 0.216139 0.606026 12 0.999768
0.216584 0.828928 0.631375 4 0.999995
0.067766 0.699581 0.594995 11 1.0
0.71704 0.594531 0.637121 8 0.028178
0.381943 0.704353 0.637853 7 0.99999
0.662816 0.674632 0.635805 8 0.999977
0.386361 0.702526 0.353407 8 0.999968
0.173643 0.807912 0.618781 4 1.0
0.929194 0.332026 0.606396 2 1.0
0.336454 0.095203 0.360588 12 1.0
0.932548 0.575465 0.355258 9 1.0
0.79402 0.827457 0.360737 6 1.0
0.718206 0.871408 0.360498 6 0.999997
0.729116 0.864246 0.360401 6 1.0
0.259391 0.863749 0.357659 4 1.0
0.256159 0.147972 0.362721 12 1.0
0.279036 0.16895 0.63439 7 0.999996
0.331971 0.896234 0.629859 4 1.0
0.382382 0.92322 0.620161 4 1.0
0.875546 0.285553 0.635806 3 0.99995
0.844963 0.252705 0.638691 3 1.0
0.931689 0.535607 0.640909 2 1.0
0.930282 0.622113 0.358156 2 0.999993
0.346457 0.679331 0.637911 8 0.999772
0.498093 0.995931 0.458341 4 0.977046
0.567984 0.265423 0.637057 7 0.997505
0.697507 0.61814 0.631188 8 1.0
0.931948 0.413825 0.355462 9 1.0
0.609607 0.701978 0.363298 8 0.999653
0.916109 0.380623 0.63929 3 0.999902
0.921341 0.4187 0.637278 3 0.999914
0.929361 0.340713 0.36628 2 0.999286
0.394378 0.934747 0.362498 4 1.0
0.606084 0.065825 0.360929 1 1.0
0.071444 0.365995 0.36334 9 0.999992
0.070924 0.348279 0.363294 9 0.999996
0.927179 0.513444 0.364901 2 1.0
0.569942 0.925331 0.641237 5 0.999995
0.691168 0.112708 0.640203 1 1.0
0.385642 0.920542 0.621217 4 0.999998
0.070916 0.25243 0.478833 11 0.999999
0.914483 0.635598 0.606969 2 1.0
0.306101 0.325546 0.638316 7 1.0
0.361387 0.113178 0.361036 9 8.5e-05
0.66528 0.098641 0.361153 9 1.0
0.816892 0.186456 0.359678 1 1.0
0.070908 0.370944 0.361542 9 0.247132
0.791896 0.541888 0.35563 9 0.0
0.9281 0.507808 0.360916 2 1.0
0.2375 0.841121 0.360104 9 1.0
0.852633 0.207188 0.359964 9 1.0
0.293157 0.889203 0.634649 4 1.0
0.268263 0.160621 0.637926 7 1.0
0.869546 0.291535 0.636157 7 0.999938
0.456645 0.928534 0.63782 5 0.99997
0.374429 0.303544 0.361476 10 0.755334
0.603838 0.712132 0.641563 8 0.999479
0.930905 0.732377 0.576286 2 1.0
0.913454 0.381286 0.641708 3 0.999999
0.402967 0.284102 0.635272 8 0.938379
0.178679 0.799291 0.620051 4 1.0
0.678033 0.113561 0.362842 9 0.960685
0.653282 0.908246 0.359887 6 1.0
0.925143 0.512341 0.355696 9 0.99997
0.622754 0.076107 0.36763 1 0.933131
0.180487 0.188331 0.359908 12 1.0
0.772616 0.833203 0.363049 9 0.994659
0.069662 0.47044 0.361118 11 0.999999
0.070432 0.59043 0.357378 9 0.999981
0.585218 0.924679 0.638312 5 0.999987
0.138876 0.267194 0.638835 7 1.0
0.297824 0.118749 0.63508 12 0.967176
0.928975 0.334855 0.61036 3 0.999996
0.241562 0.189664 0.638688 7 1.0
0.248183 0.196219 0.638342 7 1.0
0.223529 0.207743 0.63608 7 1.0
0.234941 0.18311 0.639033 7 1.0
0.259595 0.171586 0.641295 7 1.0
0.603195 0.290222 0.35903 8 0.999961
0.34444 0.687733 0.64029 7 0.48447
0.929019 0.40065 0.628069 2 1.0
0.93044 0.645302 0.358518 2 0.999988
0.386224 0.706519 0.636075 8 0.999844
0.747198 0.149576 0.361613 9 0.999999
0.065575 0.434395 0.636523 11 1.0
0.90831 0.38435 0.638395 3 1.0
0.684466 0.356862 0.354877 10 0.993475
0.296424 0.121224 0.365288 12 1.0
0.929107 0.533204 0.358174 9 1.0
0.066799 0.343508 0.355181 11 1.0
0.247475 0.15034 0.361176 12 0.985739
0.215896 0.176222 0.361485 9 1.0
0.795147 0.835295 0.353273 9 1.0
0.73934 0.143943 0.638259 3 0.999979
0.11955 0.773813 0.5955 4 1.0
0.909955 0.251249 0.585773 3 0.999992
0.90974 0.255547 0.589558 3 0.999992
0.900884 0.248258 0.588655 3 0.999992
0.91017 0.24695 0.581988 3 0.999992
0.919026 0.25424 0.58289 3 0.999992
0.846903 0.266531 0.639271 3 0.999985
0.400139 0.921361 0.621533 4 0.999903
0.41369 0.098414 0.634589 7 0.99982
0.846607 0.246729 0.637694 3 0.999999
0.906869 0.372166 0.638196 3 1.0
0.927382 0.620054 0.365461 2 0.997542
0.245841 0.147515 0.38182 12 0.000176
0.927713 0.633746 0.359603 9 1.0
0.273292 0.449147 0.35375 10 1.0
0.313679 0.355764 0.357934 8 0.999362
0.930213 0.640526 0.357952 2 0.999984
0.271631 0.486173 0.363507 10 1.0
0.601652 0.711032 0.636855 8 0.999674
0.302234 0.625807 0.357125 10 0.999842
0.545478 0.266518 0.6391 7 0.013003
0.306522 0.617171 0.374575 8 0.999966
0.652883 0.088333 0.62988 1 1.0
0.358319 0.307168 0.636855 8 1.0
0.070983 0.375259 0.358936 11 0.999999
0.321056 0.351628 0.640082 8 1.0
0.065442 0.366319 0.360126 11 1.0
0.402583 0.057795 0.362551 12 1.0
0.926036 0.487983 0.370277 2 0.989673
0.065929 0.582942 0.368936 11 1.0
0.683291 0.108112 0.360621 1 1.0
0.92926 0.651143 0.359573 2 1.0
0.068622 0.502107 0.362122 11 1.0
0.765616 0.15443 0.365945 1 1.0
0.288723 0.124482 0.362036 12 1.0
0.342735 0.897293 0.638608 5 1.0
0.899457 0.373429 0.642687 3 0.99999
0.931479 0.542152 0.639765 2 0.999997
0.900894 0.35386 0.636858 3 0.999996
0.457071 0.97062 0.596698 5 0.999998
0.691268 0.352254 0.641606 7 0.773272
0.375106 0.307584 0.366802 8 0.728951
0.311039 0.354874 0.35845 10 1.0
0.930939 0.746661 0.502618 2 0.999985
0.730623 0.550513 0.639611 8 0.999705
0.701018 0.623838 0.639343 8 0.999998
0.931866 0.4235 0.355678 9 1.0
0.679827 0.104909 0.362169 1 1.0
0.925949 0.613718 0.616131 3 0.999276
0.687699 0.359584 0.353377 10 0.999292
0.278734 0.87033 0.362435 4 1.0
0.931532 0.486058 0.356532 9 1.0
0.176134 0.194775 0.368808 12 0.070354
0.068516 0.441222 0.363338 11 0.999116
0.148861 0.195536 0.351193 9 1.0
0.78898 0.836542 0.356573 9 1.0
0.928313 0.564806 0.360331 2 1.0
0.189262 0.180719 0.379769 12 0.001031
0.722192 0.869713 0.360733 6 1.0
0.929088 0.472243 0.359642 2 1.0
0.395037 0.936889 0.358489 9 0.999826
0.926479 0.632447 0.363656 2 0.997227
0.061832 0.444955 0.639717 11 1.0
0.378825 0.922844 0.361059 4 1.0
0.074968 0.495515 0.637376 11 1.0
0.098306 0.443709 0.636985 7 1.0
0.266436 0.866057 0.631689 4 0.999854
0.855287 0.257331 0.639324 3 1.0
0.169625 0.763413 0.636606 7 0.999634
0.866609 0.289085 0.633367 3 0.998755
0.928982 0.333207 0.6099 3 1.0
0.215453 0.831841 0.633195 4 0.999964
0.931125 0.676897 0.35792 2 0.99999
0.687234 0.35436 0.638957 8 0.999905
0.093417 0.235312 0.588285 12 0.999998
0.38594 0.705183 0.636713 8 0.999459
0.458484 0.970014 0.353541 9 1.0
0.736612 0.520056 0.630346 8 0.999999
0.279478 0.575129 0.354264 8 1.0
0.889099 0.77747 0.593452 6 0.999987
0.540529 0.271076 0.640583 7 0.999867
0.591663 0.948468 0.358484 6 1.0
0.417028 0.278782 0.638496 8 1.0
0.688162 0.351018 0.362707 10 0.999997
0.733643 0.506849 0.643225 8 1.0
0.252058 0.853203 0.355655 9 1.0
0.630676 0.923767 0.354724 9 1.0
0.076292 0.412233 0.365469 11 0.999912
0.703023 0.883252 0.35719 6 1.0
0.742293 0.856785 0.36115 9 1.0
0.242002 0.157292 0.361841 12 1.0
0.930272 0.472575 0.358337 2 1.0
0.063792 0.528668 0.638229 11 1.0
0.322498 0.104644 0.359703 12 1.0
0.694107 0.128107 0.357608 9 0.000361
0.657236 0.906102 0.360237 6 1.0
0.57286 0.043484 0.605816 1 0.997816
0.800696 0.218617 0.64258 3 1.0
0.868579 0.299472 0.637741 3 0.024601
0.926654 0.335639 0.610372 3 0.999312
0.836963 0.212163 0.617418 3 0.004997
0.717282 0.589701 0.640404 7 0.704413
0.683388 0.350614 0.64348 7 0.764874
0.922837 0.642806 0.60243 2 0.999999
0.730171 0.551683 0.641225 8 0.999998
0.566378 0.26601 0.638945 8 0.999984
0.733949 0.150142 0.639609 3 1.0
0.588411 0.952286 0.355816 9 1.0
0.553048 0.095939 0.635966 7 0.999998
0.396196 0.917331 0.635724 5 0.059373
0.410916 0.716141 0.3578 8 0.999941
0.930256 0.580488 0.357358 2 1.0
0.635651 0.924406 0.357507 9 1.0
0.311493 0.101888 0.35139 9 1.0
0.071021 0.602295 0.357593 9 0.999983
0.929816 0.435272 0.357967 9 0.999993
0.787625 0.829176 0.361437 9 1.0
0.930589 0.504261 0.357506 9 1.0
0.928054 0.571239 0.360038 9 1.0
0.073726 0.580871 0.359288 9 1.0
0.717801 0.859174 0.364237 9 1.0
0.358043 0.909412 0.362871 9 0.074071
0.379389 0.073187 0.359652 9 1.0
0.069958 0.583695 0.358963 11 0.999941
0.72508 0.864356 0.361601 9 1.0
0.738872 0.138357 0.357062 1 1.0
0.06812 0.252382 0.53437 11 0.999999
0.806208 0.200553 0.641737 3 1.0
0.77312 0.162883 0.638865 3 0.999998
0.379648 0.920799 0.618757 4 1.0
0.071961 0.253935 0.42404 12 0.999992
0.902903 0.335818 0.636333 3 0.999621
0.405943 0.92006 0.640615 5 1.0
0.787053 0.828646 0.631711 6 0.999999
0.718222 0.592829 0.64135 7 0.102408
0.928695 0.664588 0.359651 2 1.0
0.92831 0.600672 0.3591 9 0.999991
0.382194 0.705902 0.637564 8 0.999377
0.445917 0.729947 0.350707 10 1.0
0.445358 0.965862 0.355462 4 1.0
0.866545 0.21623 0.606724 3 0.999942
0.730961 0.14345 0.6353 3 1.0
0.47351 0.736504 0.353578 10 1.0
0.155444 0.799776 0.355513 9 1.0
0.276982 0.423849 0.357707 8 0.999999
0.482464 0.266864 0.353094 8 1.0
0.926387 0.557366 0.369189 2 1.0
0.303008 0.878677 0.355978 9 0.999999
0.696798 0.883417 0.360514 6 1.0
0.930606 0.41635 0.357902 2 1.0
0.27392 0.12827 0.355332 12 1.0
0.928447 0.516947 0.359966 2 1.0
0.289715 0.122129 0.358479 9 1.0
0.709235 0.876574 0.361114 6 1.0
0.25477 0.141799 0.361033 12 0.996063
0.679657 0.891628 0.367149 9 1.0
0.931866 0.458851 0.36029 2 1.0
0.934275 0.745318 0.459493 2 1.0
0.071522 0.250135 0.553764 12 0.999998
0.300373 0.881855 0.634086 4 1.0
0.799263 0.221838 0.643153 3 1.0
0.880621 0.317827 0.639174 3 0.999998
0.332521 0.89696 0.635025 5 1.0
0.500859 0.00176 0.415644 12 0.999993
0.229954 0.193939 0.638084 7 0.999968
0.621544 0.300383 0.643323 8 0.999999
0.068724 0.250463 0.45265 12 1.0
0.314269 0.358374 0.353984 10 0.999999
0.838836 0.195911 0.352535 9 1.0
0.304824 0.629319 0.357121 10 0.999853
0.86316 0.227094 0.604496 3 0.999983
0.737561 0.145028 0.639069 3 1.0
0.888481 0.655928 0.639219 7 0.999944
0.931502 0.619687 0.355364 9 1.0
0.924159 0.562312 0.630679 2 0.999999
0.338111 0.32935 0.35854 9 0.995473
0.929737 0.708215 0.594004 2 1.0
0.123745 0.689117 0.635419 7 0.999987
0.069115 0.250559 0.419838 12 1.0
0.911263 0.371056 0.637443 3 0.999998
0.929072 0.400049 0.629267 3 1.0
0.384836 0.069362 0.358285 9 1.0
0.06356 0.391615 0.356189 11 1.0
0.728829 0.551107 0.35687 10 0.896813
0.795242 0.836219 0.352251 9 1.0
0.062519 0.46255 0.634709 11 1.0
0.076417 0.664906 0.644993 7 1.0
0.225382 0.149803 0.345611 9 1.0
0.067133 0.605024 0.358343 9 0.999999
0.065479 0.473577 0.354482 9 1.0
0.783358 0.832934 0.360246 6 1.0
0.233918 0.157292 0.360515 12 1.0
0.070828 0.541675 0.357779 9 0.999987
0.420697 0.052082 0.360262 9 1.0
0.84096 0.201539 0.366201 1 0.999803
0.926364 0.421781 0.366241 2 1.0
0.73067 0.862464 0.361699 6 1.0
0.699674 0.887161 0.353732 9 1.0
0.070193 0.623678 0.358063 9 0.999948
0.650655 0.91921 0.35404 9 1.0
0.299042 0.124993 0.35899 9 1.0
0.674468 0.088538 0.355848 9 1.0
