# Created by Open3D 
# object name: lines
# number of vertices: 13188
# number of triangles: 25120
v 0.227022 0.00766048 0.363128 0 0 1
v 0.222459 -0.000606855 0.153835 0 0 1
v 0.232021 0.00765833 0.363019 0 0 1
v 0.230555 0.0111917 0.362912 0 0 1
v 0.22702 0.0126566 0.362931 0 0 1
v 0.223486 0.0111948 0.363066 0 0 1
v 0.222023 0.00766263 0.363237 0 0 1
v 0.223489 0.00412922 0.363345 0 0 1
v 0.227024 0.00266438 0.363325 0 0 1
v 0.230558 0.00412618 0.363191 0 0 1
v 0.23088 0.0055915 0.310696 0 0 1
v 0.229414 0.00912491 0.310588 0 0 1
v 0.225879 0.0105898 0.310608 0 0 1
v 0.222345 0.00912795 0.310742 0 0 1
v 0.220882 0.0055958 0.310914 0 0 1
v 0.222348 0.00206239 0.311021 0 0 1
v 0.225883 0.000597542 0.311002 0 0 1
v 0.229417 0.00205935 0.310867 0 0 1
v 0.229739 0.00352466 0.258373 0 0 1
v 0.228274 0.00705807 0.258265 0 0 1
v 0.224738 0.00852292 0.258284 0 0 1
v 0.221204 0.00706111 0.258419 0 0 1
v 0.219742 0.00352896 0.258591 0 0 1
v 0.221207 -4.44695e-06 0.258698 0 0 1
v 0.224743 -0.00146929 0.258679 0 0 1
v 0.228277 -7.48676e-06 0.258544 0 0 1
v 0.228599 0.00145783 0.20605 0 0 1
v 0.227133 0.00499124 0.205942 0 0 1
v 0.223598 0.00645608 0.205961 0 0 1
v 0.220064 0.00499428 0.206096 0 0 1
v 0.218601 0.00146213 0.206267 0 0 1
v 0.220067 -0.00207128 0.206375 0 0 1
v 0.223602 -0.00353613 0.206356 0 0 1
v 0.227136 -0.00207432 0.206221 0 0 1
v 0.227458 -0.000609004 0.153726 0 0 1
v 0.225993 0.0029244 0.153619 0 0 1
v 0.222457 0.00438925 0.153638 0 0 1
v 0.218923 0.00292744 0.153773 0 0 1
v 0.217461 -0.000604705 0.153944 0 0 1
v 0.218926 -0.00413811 0.154052 0 0 1
v 0.222461 -0.00560296 0.154032 0 0 1
v 0.225996 -0.00414115 0.153898 0 0 1
v 0.222459 -0.000606855 0.153835 0 0 1
v 0.226249 0.995887 0.15733 0 0 1
v 0.227459 -0.000625934 0.153854 0 0 1
v 0.225981 -0.000632692 0.157384 0 0 1
v 0.22244 -0.000624316 0.158835 0 0 1
v 0.21891 -0.000605711 0.157357 0 0 1
v 0.217459 -0.000587776 0.153816 0 0 1
v 0.218937 -0.000581017 0.150286 0 0 1
v 0.222478 -0.000589394 0.148835 0 0 1
v 0.226008 -0.000607999 0.150313 0 0 1
v 0.228407 0.248497 0.154728 0 0 1
v 0.226929 0.248491 0.158258 0 0 1
v 0.223388 0.248499 0.159709 0 0 1
v 0.219858 0.248518 0.158231 0 0 1
v 0.218407 0.248536 0.15469 0 0 1
v 0.219885 0.248542 0.15116 0 0 1
v 0.223426 0.248534 0.149709 0 0 1
v 0.226956 0.248515 0.151187 0 0 1
v 0.229354 0.497621 0.155601 0 0 1
v 0.227876 0.497614 0.159131 0 0 1
v 0.224335 0.497622 0.160582 0 0 1
v 0.220805 0.497641 0.159104 0 0 1
v 0.219354 0.497659 0.155563 0 0 1
v 0.220832 0.497666 0.152033 0 0 1
v 0.224373 0.497657 0.150582 0 0 1
v 0.227903 0.497639 0.15206 0 0 1
v 0.230301 0.746744 0.156475 0 0 1
v 0.228823 0.746737 0.160005 0 0 1
v 0.225282 0.746746 0.161456 0 0 1
v 0.221752 0.746764 0.159978 0 0 1
v 0.220301 0.746782 0.156437 0 0 1
v 0.221779 0.746789 0.152907 0 0 1
v 0.22532 0.746781 0.151456 0 0 1
v 0.22885 0.746762 0.152934 0 0 1
v 0.231248 0.995868 0.157349 0 0 1
v 0.229771 0.995861 0.160878 0 0 1
v 0.226229 0.995869 0.162329 0 0 1
v 0.2227 0.995888 0.160852 0 0 1
v 0.221249 0.995906 0.157311 0 0 1
v 0.222727 0.995912 0.153781 0 0 1
v 0.226268 0.995904 0.15233 0 0 1
v 0.229797 0.995885 0.153808 0 0 1
v 0.230818 0.995114 0.368491 0 0 1
v 0.227022 0.00766048 0.363128 0 0 1
v 0.235818 0.995095 0.368472 0 0 1
v 0.23434 0.995119 0.364942 0 0 1
v 0.230799 0.995141 0.363491 0 0 1
v 0.227269 0.995146 0.364969 0 0 1
v 0.225818 0.995133 0.36851 0 0 1
v 0.227296 0.995108 0.37204 0 0 1
v 0.230837 0.995086 0.373491 0 0 1
v 0.234367 0.995081 0.372013 0 0 1
v 0.234869 0.748231 0.367131 0 0 1
v 0.233391 0.748256 0.363601 0 0 1
v 0.22985 0.748278 0.36215 0 0 1
v 0.22632 0.748283 0.363628 0 0 1
v 0.224869 0.748269 0.36717 0 0 1
v 0.226347 0.748245 0.370699 0 0 1
v 0.229888 0.748223 0.37215 0 0 1
v 0.233418 0.748218 0.370672 0 0 1
v 0.23392 0.501368 0.36579 0 0 1
v 0.232442 0.501393 0.362261 0 0 1
v 0.228901 0.501414 0.36081 0 0 1
v 0.225371 0.50142 0.362288 0 0 1
v 0.22392 0.501406 0.365829 0 0 1
v 0.225398 0.501381 0.369359 0 0 1
v 0.228939 0.50136 0.370809 0 0 1
v 0.232469 0.501354 0.369331 0 0 1
v 0.232971 0.254505 0.36445 0 0 1
v 0.231493 0.25453 0.36092 0 0 1
v 0.227952 0.254551 0.359469 0 0 1
v 0.224422 0.254557 0.360947 0 0 1
v 0.222971 0.254543 0.364488 0 0 1
v 0.224449 0.254518 0.368018 0 0 1
v 0.22799 0.254497 0.369469 0 0 1
v 0.23152 0.254491 0.367991 0 0 1
v 0.232022 0.00764136 0.363109 0 0 1
v 0.230544 0.00766622 0.359579 0 0 1
v 0.227003 0.00768771 0.358128 0 0 1
v 0.223473 0.00769325 0.359606 0 0 1
v 0.222022 0.0076796 0.363147 0 0 1
v 0.2235 0.00765475 0.366677 0 0 1
v 0.227041 0.00763325 0.368128 0 0 1
v 0.230571 0.00762771 0.36665 0 0 1
v 0.226249 0.995887 0.15733 0 0 1
v 0.234107 0.993982 0.678602 0 0 1
v 0.221804 0.998176 0.157405 0 0 1
v 0.224724 1.00065 0.15737 0 0 1
v 0.228538 1.00033 0.157311 0 0 1
v 0.23101 0.997411 0.157263 0 0 1
v 0.230693 0.993598 0.157254 0 0 1
v 0.227773 0.991125 0.157289 0 0 1
v 0.223959 0.991441 0.157348 0 0 1
v 0.221487 0.994362 0.157396 0 0 1
v 0.223769 0.9977 0.287723 0 0 1
v 0.226689 1.00017 0.287688 0 0 1
v 0.230502 0.999856 0.287629 0 0 1
v 0.232975 0.996935 0.287581 0 0 1
v 0.232658 0.993121 0.287572 0 0 1
v 0.229737 0.990649 0.287607 0 0 1
v 0.225924 0.990965 0.287666 0 0 1
v 0.223452 0.993886 0.287714 0 0 1
v 0.225733 0.997223 0.418041 0 0 1
v 0.228654 0.999696 0.418006 0 0 1
v 0.232467 0.999379 0.417947 0 0 1
v 0.234939 0.996459 0.417899 0 0 1
v 0.234623 0.992645 0.41789 0 0 1
v 0.231702 0.990172 0.417925 0 0 1
v 0.227889 0.990489 0.417984 0 0 1
v 0.225416 0.99341 0.418032 0 0 1
v 0.227698 0.996747 0.548359 0 0 1
v 0.230618 0.99922 0.548324 0 0 1
v 0.234432 0.998903 0.548266 0 0 1
v 0.236904 0.995983 0.548218 0 0 1
v 0.236587 0.992169 0.548208 0 0 1
v 0.233667 0.989696 0.548243 0 0 1
v 0.229854 0.990013 0.548302 0 0 1
v 0.227381 0.992933 0.54835 0 0 1
v 0.229663 0.996271 0.678677 0 0 1
v 0.232583 0.998744 0.678642 0 0 1
v 0.236396 0.998427 0.678584 0 0 1
v 0.238869 0.995506 0.678536 0 0 1
v 0.238552 0.991693 0.678526 0 0 1
v 0.235632 0.98922 0.678561 0 0 1
v 0.231818 0.989537 0.67862 0 0 1
v 0.229346 0.992457 0.678668 0 0 1
v 0.232463 0.782545 0.666474 0 0 1
v 0.225404 0.773729 0.156551 0 0 1
v 0.237462 0.782544 0.666404 0 0 1
v 0.235997 0.78608 0.666364 0 0 1
v 0.232462 0.787544 0.666387 0 0 1
v 0.228927 0.78608 0.666462 0 0 1
v 0.227463 0.782546 0.666543 0 0 1
v 0.228928 0.77901 0.666584 0 0 1
v 0.232463 0.777546 0.66656 0 0 1
v 0.235998 0.779009 0.666486 0 0 1
v 0.235697 0.78034 0.538924 0 0 1
v 0.234233 0.783876 0.538883 0 0 1
v 0.230697 0.78534 0.538906 0 0 1
v 0.227162 0.783876 0.538981 0 0 1
v 0.225698 0.780342 0.539062 0 0 1
v 0.227163 0.776806 0.539103 0 0 1
v 0.230698 0.775342 0.539079 0 0 1
v 0.234234 0.776805 0.539005 0 0 1
v 0.233933 0.778136 0.411443 0 0 1
v 0.232468 0.781672 0.411402 0 0 1
v 0.228933 0.783136 0.411426 0 0 1
v 0.225398 0.781672 0.4115 0 0 1
v 0.223934 0.778138 0.411581 0 0 1
v 0.225398 0.774602 0.411622 0 0 1
v 0.228934 0.773138 0.411599 0 0 1
v 0.232469 0.774602 0.411524 0 0 1
v 0.232168 0.775932 0.283962 0 0 1
v 0.230703 0.779468 0.283921 0 0 1
v 0.227168 0.780932 0.283945 0 0 1
v 0.223633 0.779468 0.284019 0 0 1
v 0.222169 0.775934 0.284101 0 0 1
v 0.223634 0.772398 0.284141 0 0 1
v 0.227169 0.770934 0.284118 0 0 1
v 0.230704 0.772398 0.284043 0 0 1
v 0.230403 0.773728 0.156481 0 0 1
v 0.228939 0.777264 0.15644 0 0 1
v 0.225403 0.778728 0.156464 0 0 1
v 0.221868 0.777264 0.156538 0 0 1
v 0.220404 0.77373 0.15662 0 0 1
v 0.221869 0.770194 0.156661 0 0 1
v 0.225404 0.76873 0.156637 0 0 1
v 0.228939 0.770194 0.156563 0 0 1
v 0.234107 0.993982 0.678602 0 0 1
v 0.232463 0.782545 0.666474 0 0 1
v 0.239107 0.993945 0.678563 0 0 1
v 0.237617 0.994159 0.675045 0 0 1
v 0.234071 0.994268 0.67361 0 0 1
v 0.230546 0.99421 0.6751 0 0 1
v 0.229108 0.994019 0.678641 0 0 1
v 0.230598 0.993805 0.682159 0 0 1
v 0.234144 0.993695 0.683593 0 0 1
v 0.237669 0.993753 0.682104 0 0 1
v 0.238696 0.941086 0.675531 0 0 1
v 0.237206 0.941299 0.672013 0 0 1
v 0.233659 0.941409 0.670578 0 0 1
v 0.230135 0.941351 0.672068 0 0 1
v 0.228696 0.941159 0.675609 0 0 1
v 0.230187 0.940946 0.679127 0 0 1
v 0.233733 0.940836 0.680561 0 0 1
v 0.237257 0.940894 0.679072 0 0 1
v 0.238285 0.888227 0.672499 0 0 1
v 0.236794 0.88844 0.668981 0 0 1
v 0.233248 0.88855 0.667546 0 0 1
v 0.229724 0.888492 0.669036 0 0 1
v 0.228285 0.8883 0.672577 0 0 1
v 0.229776 0.888087 0.676095 0 0 1
v 0.233322 0.887977 0.677529 0 0 1
v 0.236846 0.888035 0.67604 0 0 1
v 0.237873 0.835367 0.669467 0 0 1
v 0.236383 0.835581 0.665949 0 0 1
v 0.232837 0.835691 0.664514 0 0 1
v 0.229313 0.835633 0.666004 0 0 1
v 0.227874 0.835441 0.669545 0 0 1
v 0.229364 0.835227 0.673063 0 0 1
v 0.23291 0.835118 0.674497 0 0 1
v 0.236435 0.835176 0.673008 0 0 1
v 0.237462 0.782508 0.666435 0 0 1
v 0.235972 0.782722 0.662917 0 0 1
v 0.232426 0.782832 0.661482 0 0 1
v 0.228901 0.782774 0.662972 0 0 1
v 0.227463 0.782582 0.666513 0 0 1
v 0.228953 0.782368 0.670031 0 0 1
v 0.232499 0.782258 0.671465 0 0 1
v 0.236024 0.782316 0.669976 0 0 1
v 0.223757 0.340589 0.155032 0 0 1
v 0.228224 0.32036 0.364826 0 0 1
v 0.228293 0.34269 0.155138 0 0 1
v 0.22845 0.338884 0.154767 0 0 1
v 0.225857 0.336077 0.154552 0 0 1
v 0.222034 0.335914 0.154617 0 0 1
v 0.219221 0.338489 0.154926 0 0 1
v 0.219064 0.342294 0.155296 0 0 1
v 0.221656 0.345101 0.155511 0 0 1
v 0.225479 0.345265 0.155446 0 0 1
v 0.22941 0.337632 0.207586 0 0 1
v 0.229566 0.333827 0.207216 0 0 1
v 0.226974 0.33102 0.207001 0 0 1
v 0.223151 0.330856 0.207066 0 0 1
v 0.220337 0.333431 0.207374 0 0 1
v 0.220181 0.337237 0.207745 0 0 1
v 0.222773 0.340044 0.20796 0 0 1
v 0.226596 0.340208 0.207895 0 0 1
v 0.230526 0.332575 0.260035 0 0 1
v 0.230683 0.328769 0.259665 0 0 1
v 0.228091 0.325962 0.259449 0 0 1
v 0.224268 0.325799 0.259515 0 0 1
v 0.221454 0.328374 0.259823 0 0 1
v 0.221297 0.33218 0.260193 0 0 1
v 0.22389 0.334986 0.260409 0 0 1
v 0.227713 0.33515 0.260343 0 0 1
v 0.231643 0.327517 0.312484 0 0 1
v 0.2318 0.323712 0.312113 0 0 1
v 0.229208 0.320905 0.311898 0 0 1
v 0.225385 0.320741 0.311964 0 0 1
v 0.222571 0.323317 0.312272 0 0 1
v 0.222414 0.327122 0.312642 0 0 1
v 0.225007 0.329929 0.312858 0 0 1
v 0.228829 0.330093 0.312792 0 0 1
v 0.23276 0.32246 0.364932 0 0 1
v 0.232917 0.318654 0.364562 0 0 1
v 0.230324 0.315848 0.364347 0 0 1
v 0.226502 0.315684 0.364412 0 0 1
v 0.223688 0.318259 0.36472 0 0 1
v 0.223531 0.322065 0.365091 0 0 1
v 0.226123 0.324872 0.365306 0 0 1
v 0.229946 0.325035 0.365241 0 0 1
v 0.769054 0.00167574 0.156431 0 0 1
v 0.222459 -0.000606855 0.153835 0 0 1
v 0.769077 0.00165496 0.151431 0 0 1
v 0.769056 0.00519652 0.15288 0 0 1
v 0.769033 0.00667566 0.15641 0 0 1
v 0.769022 0.00522591 0.159951 0 0 1
v 0.76903 0.00169652 0.161431 0 0 1
v 0.769051 -0.00184503 0.159981 0 0 1
v 0.769074 -0.00332417 0.156451 0 0 1
v 0.769085 -0.00187442 0.15291 0 0 1
v 0.632429 0.00108431 0.150782 0 0 1
v 0.632407 0.00462587 0.152232 0 0 1
v 0.632384 0.00610501 0.155761 0 0 1
v 0.632373 0.00465526 0.159302 0 0 1
v 0.632381 0.00112587 0.160782 0 0 1
v 0.632403 -0.00241568 0.159332 0 0 1
v 0.632426 -0.00389482 0.155803 0 0 1
v 0.632437 -0.00244507 0.152261 0 0 1
v 0.49578 0.000513664 0.150133 0 0 1
v 0.495759 0.00405522 0.151583 0 0 1
v 0.495736 0.00553436 0.155112 0 0 1
v 0.495725 0.00408461 0.158654 0 0 1
v 0.495733 0.000555225 0.160133 0 0 1
v 0.495754 -0.00298633 0.158683 0 0 1
v 0.495777 -0.00446547 0.155154 0 0 1
v 0.495788 -0.00301572 0.151612 0 0 1
v 0.359132 -5.6986e-05 0.149484 0 0 1
v 0.35911 0.00348457 0.150934 0 0 1
v 0.359087 0.00496371 0.154463 0 0 1
v 0.359076 0.00351396 0.158005 0 0 1
v 0.359084 -1.54246e-05 0.159484 0 0 1
v 0.359106 -0.00355698 0.158034 0 0 1
v 0.359129 -0.00503612 0.154505 0 0 1
v 0.359139 -0.00358637 0.150963 0 0 1
v 0.222483 -0.000627636 0.148835 0 0 1
v 0.222461 0.00291392 0.150285 0 0 1
v 0.222439 0.00439306 0.153814 0 0 1
v 0.222428 0.00294331 0.157356 0 0 1
v 0.222435 -0.000586074 0.158835 0 0 1
v 0.222457 -0.00412763 0.157385 0 0 1
v 0.22248 -0.00560677 0.153856 0 0 1
v 0.222491 -0.00415702 0.150314 0 0 1
v 0.772566 0.0101392 0.370806 0 0 1
v 0.769054 0.00167574 0.156431 0 0 1
v 0.777566 0.0101376 0.370724 0 0 1
v 0.7761 0.0136708 0.370608 0 0 1
v 0.772565 0.0151353 0.370608 0 0 1
v 0.76903 0.0136731 0.370724 0 0 1
v 0.767567 0.0101408 0.370887 0 0 1
v 0.769032 0.00660756 0.371003 0 0 1
v 0.772568 0.00514309 0.371003 0 0 1
v 0.776103 0.00660527 0.370887 0 0 1
v 0.776687 0.00802172 0.31713 0 0 1
v 0.775222 0.011555 0.317015 0 0 1
v 0.771687 0.0130194 0.317015 0 0 1
v 0.768152 0.0115573 0.31713 0 0 1
v 0.766689 0.00802495 0.317294 0 0 1
v 0.768154 0.00449169 0.317409 0 0 1
v 0.77169 0.00302722 0.317409 0 0 1
v 0.775224 0.00448941 0.317293 0 0 1
v 0.775809 0.00590585 0.263536 0 0 1
v 0.774344 0.00943911 0.263421 0 0 1
v 0.770808 0.0109036 0.263421 0 0 1
v 0.767274 0.00944139 0.263537 0 0 1
v 0.765811 0.00590909 0.2637 0 0 1
v 0.767276 0.00237583 0.263815 0 0 1
v 0.770812 0.000911361 0.263815 0 0 1
v 0.774346 0.00237355 0.2637 0 0 1
v 0.774931 0.00378999 0.209943 0 0 1
v 0.773466 0.00732325 0.209827 0 0 1
v 0.76993 0.00878772 0.209827 0 0 1
v 0.766396 0.00732553 0.209943 0 0 1
v 0.764932 0.00379322 0.210106 0 0 1
v 0.766398 0.000259967 0.210222 0 0 1
v 0.769933 -0.0012045 0.210222 0 0 1
v 0.773468 0.000257682 0.210106 0 0 1
v 0.774053 0.00167413 0.156349 0 0 1
v 0.772587 0.00520738 0.156233 0 0 1
v 0.769052 0.00667185 0.156233 0 0 1
v 0.765517 0.00520967 0.156349 0 0 1
v 0.764054 0.00167736 0.156512 0 0 1
v 0.76552 -0.0018559 0.156628 0 0 1
v 0.769055 -0.00332037 0.156628 0 0 1
v 0.77259 -0.00185818 0.156512 0 0 1
v 0.227022 0.00766048 0.363128 0 0 1
v 0.772566 0.0101392 0.370806 0 0 1
v 0.226952 0.00763744 0.368128 0 0 1
v 0.226956 0.0111797 0.366679 0 0 1
v 0.226999 0.0126604 0.363151 0 0 1
v 0.227055 0.0112122 0.359609 0 0 1
v 0.227092 0.00768352 0.358129 0 0 1
v 0.227088 0.00414131 0.359577 0 0 1
v 0.227045 0.00266059 0.363105 0 0 1
v 0.226988 0.00410873 0.366647 0 0 1
v 0.363338 0.00825712 0.370047 0 0 1
v 0.363342 0.0117993 0.368599 0 0 1
v 0.363385 0.0132801 0.36507 0 0 1
v 0.363441 0.0118319 0.361528 0 0 1
v 0.363478 0.0083032 0.360048 0 0 1
v 0.363474 0.00476099 0.361496 0 0 1
v 0.363431 0.00328026 0.365025 0 0 1
v 0.363375 0.00472841 0.368567 0 0 1
v 0.499724 0.0088768 0.371966 0 0 1
v 0.499728 0.012419 0.370518 0 0 1
v 0.499771 0.0138997 0.36699 0 0 1
v 0.499827 0.0124516 0.363448 0 0 1
v 0.499864 0.00892288 0.361967 0 0 1
v 0.49986 0.00538067 0.363416 0 0 1
v 0.499817 0.00389994 0.366944 0 0 1
v 0.499761 0.00534809 0.370486 0 0 1
v 0.63611 0.00949648 0.373886 0 0 1
v 0.636114 0.0130387 0.372437 0 0 1
v 0.636157 0.0145194 0.368909 0 0 1
v 0.636214 0.0130713 0.365367 0 0 1
v 0.63625 0.00954255 0.363887 0 0 1
v 0.636246 0.00600035 0.365335 0 0 1
v 0.636203 0.00451962 0.368864 0 0 1
v 0.636147 0.00596777 0.372405 0 0 1
v 0.772496 0.0101162 0.375805 0 0 1
v 0.7725 0.0136584 0.374357 0 0 1
v 0.772543 0.0151391 0.370828 0 0 1
v 0.7726 0.0136909 0.367287 0 0 1
v 0.772637 0.0101622 0.365806 0 0 1
v 0.772632 0.00662003 0.367254 0 0 1
v 0.772589 0.0051393 0.370783 0 0 1
v 0.772533 0.00658745 0.374325 0 0 1
v 0.769054 0.00167574 0.156431 0 0 1
v 0.767355 0.995336 0.159889 0 0 1
v 0.774054 0.00168432 0.156422 0 0 1
v 0.772595 0.00166951 0.15996 0 0 1
v 0.769062 0.00165836 0.161431 0 0 1
v 0.765524 0.00165738 0.159972 0 0 1
v 0.764054 0.00166716 0.156439 0 0 1
v 0.765512 0.00168197 0.152901 0 0 1
v 0.769045 0.00169313 0.151431 0 0 1
v 0.772583 0.00169411 0.152889 0 0 1
v 0.773629 0.250099 0.157287 0 0 1
v 0.77217 0.250084 0.160825 0 0 1
v 0.768637 0.250073 0.162295 0 0 1
v 0.765099 0.250072 0.160837 0 0 1
v 0.763629 0.250082 0.157304 0 0 1
v 0.765087 0.250097 0.153766 0 0 1
v 0.76862 0.250108 0.152295 0 0 1
v 0.772158 0.250109 0.153754 0 0 1
v 0.773204 0.498514 0.158151 0 0 1
v 0.771746 0.498499 0.161689 0 0 1
v 0.768213 0.498488 0.16316 0 0 1
v 0.764675 0.498487 0.161701 0 0 1
v 0.763204 0.498497 0.158168 0 0 1
v 0.764662 0.498512 0.15463 0 0 1
v 0.768195 0.498523 0.15316 0 0 1
v 0.771734 0.498524 0.154618 0 0 1
v 0.772779 0.746929 0.159016 0 0 1
v 0.771321 0.746914 0.162554 0 0 1
v 0.767788 0.746903 0.164024 0 0 1
v 0.76425 0.746902 0.162566 0 0 1
v 0.762779 0.746912 0.159033 0 0 1
v 0.764238 0.746927 0.155495 0 0 1
v 0.767771 0.746938 0.154025 0 0 1
v 0.771309 0.746939 0.155483 0 0 1
v 0.772355 0.995344 0.159881 0 0 1
v 0.770896 0.995329 0.163419 0 0 1
v 0.767363 0.995318 0.164889 0 0 1
v 0.763825 0.995317 0.163431 0 0 1
v 0.762355 0.995327 0.159898 0 0 1
v 0.763813 0.995342 0.15636 0 0 1
v 0.767346 0.995353 0.154889 0 0 1
v 0.770884 0.995354 0.156348 0 0 1
v 0.767355 0.995336 0.159889 0 0 1
v 0.226249 0.995887 0.15733 0 0 1
v 0.767378 0.995341 0.154889 0 0 1
v 0.767375 0.998875 0.156357 0 0 1
v 0.76736 1.00034 0.159894 0 0 1
v 0.767341 0.998868 0.163428 0 0 1
v 0.767331 0.995331 0.164889 0 0 1
v 0.767334 0.991796 0.163421 0 0 1
v 0.767349 0.990336 0.159884 0 0 1
v 0.767368 0.991804 0.15635 0 0 1
v 0.632102 0.995478 0.154249 0 0 1
v 0.632098 0.999012 0.155717 0 0 1
v 0.632083 1.00047 0.159254 0 0 1
v 0.632065 0.999005 0.162788 0 0 1
v 0.632054 0.995468 0.164249 0 0 1
v 0.632058 0.991934 0.162781 0 0 1
v 0.632073 0.990473 0.159244 0 0 1
v 0.632091 0.991941 0.15571 0 0 1
v 0.496825 0.995616 0.153609 0 0 1
v 0.496822 0.99915 0.155077 0 0 1
v 0.496807 1.00061 0.158614 0 0 1
v 0.496788 0.999143 0.162148 0 0 1
v 0.496778 0.995606 0.163609 0 0 1
v 0.496781 0.992072 0.162141 0 0 1
v 0.496796 0.990611 0.158604 0 0 1
v 0.496815 0.992079 0.15507 0 0 1
v 0.361549 0.995754 0.15297 0 0 1
v 0.361545 0.999288 0.154438 0 0 1
v 0.36153 1.00075 0.157975 0 0 1
v 0.361512 0.999281 0.161509 0 0 1
v 0.361501 0.995744 0.162969 0 0 1
v 0.361505 0.99221 0.161501 0 0 1
v 0.36152 0.990749 0.157964 0 0 1
v 0.361538 0.992217 0.15443 0 0 1
v 0.226272 0.995892 0.15233 0 0 1
v 0.226269 0.999426 0.153798 0 0 1
v 0.226254 1.00089 0.157335 0 0 1
v 0.226235 0.999419 0.160869 0 0 1
v 0.226225 0.995882 0.162329 0 0 1
v 0.226228 0.992348 0.160861 0 0 1
v 0.226243 0.990887 0.157324 0 0 1
v 0.226262 0.992355 0.15379 0 0 1
v 0.225404 0.773729 0.156551 0 0 1
v 0.767732 0.774403 0.15912 0 0 1
v 0.22538 0.773723 0.16155 0 0 1
v 0.225383 0.77726 0.16009 0 0 1
v 0.225398 0.778729 0.156557 0 0 1
v 0.225416 0.777269 0.153019 0 0 1
v 0.225427 0.773735 0.151551 0 0 1
v 0.225425 0.770198 0.153011 0 0 1
v 0.22541 0.768729 0.156544 0 0 1
v 0.225391 0.770189 0.160082 0 0 1
v 0.360962 0.773891 0.162193 0 0 1
v 0.360965 0.777429 0.160733 0 0 1
v 0.36098 0.778897 0.157199 0 0 1
v 0.360998 0.777437 0.153662 0 0 1
v 0.36101 0.773904 0.152193 0 0 1
v 0.361007 0.770366 0.153653 0 0 1
v 0.360992 0.768898 0.157187 0 0 1
v 0.360974 0.770358 0.160724 0 0 1
v 0.496544 0.77406 0.162835 0 0 1
v 0.496547 0.777597 0.161375 0 0 1
v 0.496562 0.779066 0.157842 0 0 1
v 0.49658 0.777606 0.154304 0 0 1
v 0.496592 0.774072 0.152835 0 0 1
v 0.496589 0.770535 0.154295 0 0 1
v 0.496574 0.769066 0.157829 0 0 1
v 0.496556 0.770526 0.161366 0 0 1
v 0.632126 0.774228 0.163478 0 0 1
v 0.632129 0.777766 0.162018 0 0 1
v 0.632144 0.779235 0.158484 0 0 1
v 0.632163 0.777775 0.154947 0 0 1
v 0.632174 0.774241 0.153478 0 0 1
v 0.632171 0.770704 0.154938 0 0 1
v 0.632156 0.769235 0.158472 0 0 1
v 0.632138 0.770695 0.162009 0 0 1
v 0.767709 0.774397 0.16412 0 0 1
v 0.767711 0.777934 0.16266 0 0 1
v 0.767726 0.779403 0.159126 0 0 1
v 0.767745 0.777943 0.155589 0 0 1
v 0.767756 0.774409 0.15412 0 0 1
v 0.767753 0.770872 0.15558 0 0 1
v 0.767739 0.769403 0.159114 0 0 1
v 0.76772 0.770863 0.162651 0 0 1
v 0.768623 0.253325 0.157307 0 0 1
v 0.223757 0.340589 0.155032 0 0 1
v 0.768768 0.254102 0.152369 0 0 1
v 0.769276 0.257322 0.154375 0 0 1
v 0.769401 0.2582 0.158097 0 0 1
v 0.76907 0.256222 0.161357 0 0 1
v 0.768478 0.252547 0.162244 0 0 1
v 0.767971 0.249327 0.160238 0 0 1
v 0.767846 0.248449 0.156516 0 0 1
v 0.768176 0.250427 0.153256 0 0 1
v 0.632552 0.275918 0.151801 0 0 1
v 0.633059 0.279138 0.153806 0 0 1
v 0.633184 0.280016 0.157528 0 0 1
v 0.632854 0.278038 0.160788 0 0 1
v 0.632261 0.274363 0.161675 0 0 1
v 0.631754 0.271143 0.15967 0 0 1
v 0.631629 0.270265 0.155947 0 0 1
v 0.631959 0.272243 0.152688 0 0 1
v 0.496335 0.297734 0.151232 0 0 1
v 0.496842 0.300954 0.153237 0 0 1
v 0.496968 0.301832 0.15696 0 0 1
v 0.496637 0.299855 0.160219 0 0 1
v 0.496045 0.296179 0.161106 0 0 1
v 0.495538 0.29296 0.159101 0 0 1
v 0.495412 0.292081 0.155378 0 0 1
v 0.495743 0.294059 0.152119 0 0 1
v 0.360119 0.319551 0.150663 0 0 1
v 0.360626 0.32277 0.152668 0 0 1
v 0.360751 0.323649 0.156391 0 0 1
v 0.360421 0.321671 0.15965 0 0 1
v 0.359828 0.317996 0.160537 0 0 1
v 0.359321 0.314776 0.158532 0 0 1
v 0.359196 0.313898 0.15481 0 0 1
v 0.359526 0.315875 0.15155 0 0 1
v 0.223902 0.341367 0.150095 0 0 1
v 0.224409 0.344587 0.1521 0 0 1
v 0.224534 0.345465 0.155822 0 0 1
v 0.224204 0.343487 0.159082 0 0 1
v 0.223612 0.339812 0.159969 0 0 1
v 0.223104 0.336592 0.157964 0 0 1
v 0.222979 0.335714 0.154241 0 0 1
v 0.22331 0.337692 0.150981 0 0 1
v 0.772566 0.0101392 0.370806 0 0 1
v 0.770914 0.994545 0.376076 0 0 1
v 0.777566 0.0101476 0.370797 0 0 1
v 0.776108 0.0101262 0.374335 0 0 1
v 0.772575 0.0101124 0.375806 0 0 1
v 0.769037 0.0101143 0.374347 0 0 1
v 0.767566 0.0101308 0.370814 0 0 1
v 0.769025 0.0101521 0.367276 0 0 1
v 0.772558 0.0101659 0.365806 0 0 1
v 0.776096 0.0101641 0.367264 0 0 1
v 0.777153 0.256249 0.372115 0 0 1
v 0.775695 0.256228 0.375653 0 0 1
v 0.772162 0.256214 0.377123 0 0 1
v 0.768624 0.256216 0.375665 0 0 1
v 0.767153 0.256232 0.372132 0 0 1
v 0.768612 0.256254 0.368594 0 0 1
v 0.772145 0.256267 0.367123 0 0 1
v 0.775683 0.256266 0.368582 0 0 1
v 0.77674 0.502351 0.373432 0 0 1
v 0.775281 0.502329 0.37697 0 0 1
v 0.771748 0.502316 0.378441 0 0 1
v 0.76821 0.502317 0.376982 0 0 1
v 0.76674 0.502334 0.373449 0 0 1
v 0.768198 0.502355 0.369911 0 0 1
v 0.771732 0.502369 0.368441 0 0 1
v 0.77527 0.502367 0.369899 0 0 1
v 0.776327 0.748452 0.37475 0 0 1
v 0.774868 0.748431 0.378288 0 0 1
v 0.771335 0.748417 0.379758 0 0 1
v 0.767797 0.748419 0.378299 0 0 1
v 0.766327 0.748435 0.374766 0 0 1
v 0.767785 0.748457 0.371229 0 0 1
v 0.771318 0.748471 0.369758 0 0 1
v 0.774856 0.748469 0.371217 0 0 1
v 0.775914 0.994554 0.376067 0 0 1
v 0.774455 0.994532 0.379605 0 0 1
v 0.770922 0.994519 0.381075 0 0 1
v 0.767384 0.99452 0.379617 0 0 1
v 0.765914 0.994537 0.376084 0 0 1
v 0.767372 0.994558 0.372546 0 0 1
v 0.770905 0.994572 0.371076 0 0 1
v 0.774443 0.99457 0.372534 0 0 1
v 0.7776 0.993669 0.615029 0 0 1
v 0.767355 0.995336 0.159889 0 0 1
v 0.782599 0.993669 0.614917 0 0 1
v 0.781135 0.997205 0.614963 0 0 1
v 0.7776 0.998669 0.615048 0 0 1
v 0.774066 0.997204 0.615122 0 0 1
v 0.772601 0.993669 0.615142 0 0 1
v 0.774065 0.990133 0.615096 0 0 1
v 0.7776 0.988669 0.615011 0 0 1
v 0.781135 0.990134 0.614937 0 0 1
v 0.780037 0.994086 0.501132 0 0 1
v 0.778573 0.997621 0.501178 0 0 1
v 0.775039 0.999086 0.501263 0 0 1
v 0.771504 0.997621 0.501337 0 0 1
v 0.77004 0.994086 0.501357 0 0 1
v 0.771504 0.99055 0.501311 0 0 1
v 0.775038 0.989086 0.501226 0 0 1
v 0.778573 0.99055 0.501152 0 0 1
v 0.777476 0.994503 0.387347 0 0 1
v 0.776012 0.998038 0.387393 0 0 1
v 0.772478 0.999502 0.387478 0 0 1
v 0.768943 0.998038 0.387552 0 0 1
v 0.767479 0.994502 0.387572 0 0 1
v 0.768943 0.990967 0.387526 0 0 1
v 0.772477 0.989502 0.387441 0 0 1
v 0.776012 0.990967 0.387367 0 0 1
v 0.774915 0.994919 0.273562 0 0 1
v 0.773451 0.998455 0.273608 0 0 1
v 0.769916 0.999919 0.273693 0 0 1
v 0.766381 0.998454 0.273767 0 0 1
v 0.764917 0.994919 0.273787 0 0 1
v 0.766381 0.991383 0.273741 0 0 1
v 0.769916 0.989919 0.273656 0 0 1
v 0.77345 0.991384 0.273582 0 0 1
v 0.772353 0.995336 0.159777 0 0 1
v 0.770889 0.998871 0.159823 0 0 1
v 0.767355 1.00034 0.159907 0 0 1
v 0.76382 0.998871 0.159982 0 0 1
v 0.762356 0.995335 0.160002 0 0 1
v 0.76382 0.9918 0.159956 0 0 1
v 0.767354 0.990336 0.159871 0 0 1
v 0.770889 0.9918 0.159797 0 0 1
v 0.7776 0.993669 0.615029 0 0 1
v 0.775002 0.782056 0.601711 0 0 1
v 0.782599 0.993612 0.614968 0 0 1
v 0.781094 0.993851 0.611458 0 0 1
v 0.777543 0.993984 0.61004 0 0 1
v 0.774024 0.993932 0.611544 0 0 1
v 0.772601 0.993727 0.615091 0 0 1
v 0.774106 0.993487 0.618601 0 0 1
v 0.777658 0.993354 0.620019 0 0 1
v 0.781176 0.993406 0.618514 0 0 1
v 0.78195 0.940708 0.611639 0 0 1
v 0.780445 0.940948 0.608128 0 0 1
v 0.776893 0.941081 0.60671 0 0 1
v 0.773375 0.941029 0.608215 0 0 1
v 0.771951 0.940823 0.611761 0 0 1
v 0.773456 0.940584 0.615271 0 0 1
v 0.777008 0.940451 0.61669 0 0 1
v 0.780526 0.940503 0.615185 0 0 1
v 0.7813 0.887805 0.608309 0 0 1
v 0.779795 0.888045 0.604799 0 0 1
v 0.776244 0.888178 0.603381 0 0 1
v 0.772725 0.888126 0.604885 0 0 1
v 0.771302 0.88792 0.608432 0 0 1
v 0.772807 0.887681 0.611942 0 0 1
v 0.776359 0.887548 0.61336 0 0 1
v 0.779877 0.8876 0.611855 0 0 1
v 0.780651 0.834902 0.60498 0 0 1
v 0.779146 0.835141 0.601469 0 0 1
v 0.775594 0.835274 0.600051 0 0 1
v 0.772076 0.835223 0.601556 0 0 1
v 0.770652 0.835017 0.605102 0 0 1
v 0.772157 0.834778 0.608612 0 0 1
v 0.775709 0.834645 0.610031 0 0 1
v 0.779227 0.834696 0.608526 0 0 1
v 0.780001 0.781999 0.60165 0 0 1
v 0.778496 0.782238 0.59814 0 0 1
v 0.774945 0.782371 0.596722 0 0 1
v 0.771426 0.78232 0.598226 0 0 1
v 0.770003 0.782114 0.601773 0 0 1
v 0.771508 0.781875 0.605283 0 0 1
v 0.77506 0.781742 0.606701 0 0 1
v 0.778578 0.781793 0.605196 0 0 1
v 0.767732 0.774403 0.15912 0 0 1
v 0.775002 0.782056 0.601711 0 0 1
v 0.76799 0.769411 0.159202 0 0 1
v 0.764384 0.770692 0.159239 0 0 1
v 0.76274 0.774147 0.159207 0 0 1
v 0.76402 0.777753 0.159123 0 0 1
v 0.767475 0.779396 0.159038 0 0 1
v 0.771081 0.778115 0.159001 0 0 1
v 0.772725 0.774659 0.159034 0 0 1
v 0.771445 0.771054 0.159117 0 0 1
v 0.769807 0.771324 0.26985 0 0 1
v 0.766201 0.772605 0.269887 0 0 1
v 0.764557 0.77606 0.269854 0 0 1
v 0.765837 0.779666 0.269771 0 0 1
v 0.769292 0.781309 0.269686 0 0 1
v 0.772898 0.780028 0.269649 0 0 1
v 0.774542 0.776573 0.269682 0 0 1
v 0.773262 0.772967 0.269765 0 0 1
v 0.771625 0.773237 0.380498 0 0 1
v 0.768019 0.774518 0.380535 0 0 1
v 0.766375 0.777974 0.380502 0 0 1
v 0.767655 0.781579 0.380419 0 0 1
v 0.77111 0.783223 0.380334 0 0 1
v 0.774716 0.781941 0.380297 0 0 1
v 0.77636 0.778486 0.380329 0 0 1
v 0.77508 0.77488 0.380413 0 0 1
v 0.773442 0.77515 0.491146 0 0 1
v 0.769836 0.776432 0.491183 0 0 1
v 0.768192 0.779887 0.49115 0 0 1
v 0.769472 0.783492 0.491067 0 0 1
v 0.772927 0.785136 0.490981 0 0 1
v 0.776533 0.783855 0.490944 0 0 1
v 0.778177 0.780399 0.490977 0 0 1
v 0.776897 0.776794 0.491061 0 0 1
v 0.77526 0.777064 0.601793 0 0 1
v 0.771654 0.778345 0.601831 0 0 1
v 0.770009 0.7818 0.601798 0 0 1
v 0.77129 0.785406 0.601714 0 0 1
v 0.774745 0.787049 0.601629 0 0 1
v 0.77835 0.785768 0.601592 0 0 1
v 0.779995 0.782312 0.601625 0 0 1
v 0.778715 0.778707 0.601708 0 0 1
v 0.772193 0.232783 0.371998 0 0 1
v 0.768623 0.253325 0.157307 0 0 1
v 0.777192 0.232787 0.371915 0 0 1
v 0.77573 0.236305 0.372276 0 0 1
v 0.772197 0.23776 0.372474 0 0 1
v 0.76866 0.236299 0.372393 0 0 1
v 0.767193 0.232779 0.37208 0 0 1
v 0.768655 0.229261 0.371719 0 0 1
v 0.772189 0.227806 0.371521 0 0 1
v 0.775725 0.229266 0.371602 0 0 1
v 0.7763 0.237922 0.318242 0 0 1
v 0.774838 0.24144 0.318603 0 0 1
v 0.771304 0.242896 0.318801 0 0 1
v 0.767768 0.241435 0.31872 0 0 1
v 0.766301 0.237914 0.318408 0 0 1
v 0.767762 0.234396 0.318047 0 0 1
v 0.771296 0.232941 0.317849 0 0 1
v 0.774832 0.234402 0.31793 0 0 1
v 0.775407 0.243058 0.264569 0 0 1
v 0.773946 0.246576 0.26493 0 0 1
v 0.770412 0.248031 0.265128 0 0 1
v 0.766876 0.24657 0.265047 0 0 1
v 0.765409 0.24305 0.264735 0 0 1
v 0.76687 0.239531 0.264374 0 0 1
v 0.770404 0.238076 0.264176 0 0 1
v 0.77394 0.239537 0.264257 0 0 1
v 0.774515 0.248193 0.210897 0 0 1
v 0.773053 0.251711 0.211257 0 0 1
v 0.76952 0.253166 0.211455 0 0 1
v 0.765983 0.251706 0.211374 0 0 1
v 0.764516 0.248185 0.211062 0 0 1
v 0.765978 0.244667 0.210701 0 0 1
v 0.769512 0.243212 0.210503 0 0 1
v 0.773048 0.244672 0.210584 0 0 1
v 0.773623 0.253328 0.157224 0 0 1
v 0.772161 0.256847 0.157585 0 0 1
v 0.768627 0.258302 0.157783 0 0 1
v 0.765091 0.256841 0.157702 0 0 1
v 0.763624 0.253321 0.157389 0 0 1
v 0.765085 0.249802 0.157028 0 0 1
v 0.768619 0.248347 0.15683 0 0 1
v 0.772156 0.249808 0.156911 0 0 1
v 0.230818 0.995114 0.368491 0 0 1
v 0.770914 0.994545 0.376076 0 0 1
v 0.230748 0.995119 0.373491 0 0 1
v 0.230772 0.998653 0.372022 0 0 1
v 0.230823 1.00011 0.368486 0 0 1
v 0.230871 0.998645 0.364952 0 0 1
v 0.230888 0.995108 0.363491 0 0 1
v 0.230864 0.991574 0.36496 0 0 1
v 0.230812 0.990114 0.368496 0 0 1
v 0.230764 0.991582 0.37203 0 0 1
v 0.365771 0.994977 0.375387 0 0 1
v 0.365796 0.998511 0.373919 0 0 1
v 0.365847 0.999972 0.370382 0 0 1
v 0.365895 0.998503 0.366848 0 0 1
v 0.365912 0.994966 0.365388 0 0 1
v 0.365888 0.991432 0.366856 0 0 1
v 0.365836 0.989972 0.370392 0 0 1
v 0.365788 0.99144 0.373926 0 0 1
v 0.500795 0.994835 0.377283 0 0 1
v 0.50082 0.998369 0.375815 0 0 1
v 0.500871 0.999829 0.372278 0 0 1
v 0.500919 0.998361 0.368744 0 0 1
v 0.500936 0.994824 0.367284 0 0 1
v 0.500912 0.99129 0.368752 0 0 1
v 0.50086 0.98983 0.372289 0 0 1
v 0.500812 0.991298 0.375822 0 0 1
v 0.635819 0.994693 0.379179 0 0 1
v 0.635844 0.998227 0.377711 0 0 1
v 0.635895 0.999687 0.374174 0 0 1
v 0.635943 0.998219 0.370641 0 0 1
v 0.63596 0.994682 0.36918 0 0 1
v 0.635935 0.991148 0.370648 0 0 1
v 0.635884 0.989687 0.374185 0 0 1
v 0.635836 0.991156 0.377718 0 0 1
v 0.770843 0.994551 0.381075 0 0 1
v 0.770868 0.998085 0.379607 0 0 1
v 0.770919 0.999545 0.37607 0 0 1
v 0.770967 0.998077 0.372537 0 0 1
v 0.770984 0.99454 0.371076 0 0 1
v 0.770959 0.991006 0.372544 0 0 1
v 0.770908 0.989545 0.376081 0 0 1
v 0.77086 0.991014 0.379614 0 0 1
v 0.771277 0.778135 0.374917 0 0 1
v 0.229981 0.777375 0.367308 0 0 1
v 0.771347 0.778128 0.369918 0 0 1
v 0.771322 0.781665 0.371377 0 0 1
v 0.77127 0.783135 0.37491 0 0 1
v 0.771222 0.781675 0.378447 0 0 1
v 0.771207 0.778142 0.379917 0 0 1
v 0.771232 0.774604 0.378457 0 0 1
v 0.771284 0.773135 0.374924 0 0 1
v 0.771331 0.774594 0.371387 0 0 1
v 0.636023 0.777938 0.368015 0 0 1
v 0.635998 0.781475 0.369475 0 0 1
v 0.635946 0.782945 0.373008 0 0 1
v 0.635898 0.781485 0.376545 0 0 1
v 0.635883 0.777952 0.378014 0 0 1
v 0.635908 0.774414 0.376555 0 0 1
v 0.63596 0.772945 0.373022 0 0 1
v 0.636007 0.774404 0.369485 0 0 1
v 0.500699 0.777748 0.366113 0 0 1
v 0.500674 0.781285 0.367573 0 0 1
v 0.500622 0.782755 0.371106 0 0 1
v 0.500574 0.781295 0.374643 0 0 1
v 0.500559 0.777762 0.376112 0 0 1
v 0.500584 0.774224 0.374653 0 0 1
v 0.500636 0.772755 0.37112 0 0 1
v 0.500683 0.774214 0.367583 0 0 1
v 0.365375 0.777558 0.364211 0 0 1
v 0.36535 0.781095 0.36567 0 0 1
v 0.365298 0.782565 0.369204 0 0 1
v 0.36525 0.781105 0.372741 0 0 1
v 0.365234 0.777572 0.37421 0 0 1
v 0.36526 0.774034 0.372751 0 0 1
v 0.365312 0.772565 0.369218 0 0 1
v 0.365359 0.774024 0.36568 0 0 1
v 0.230051 0.777368 0.362309 0 0 1
v 0.230026 0.780905 0.363768 0 0 1
v 0.229974 0.782375 0.367301 0 0 1
v 0.229926 0.780915 0.370839 0 0 1
v 0.22991 0.777382 0.372308 0 0 1
v 0.229936 0.773844 0.370849 0 0 1
v 0.229988 0.772375 0.367315 0 0 1
v 0.230035 0.773834 0.363778 0 0 1
v 0.228224 0.32036 0.364826 0 0 1
v 0.772193 0.232783 0.371998 0 0 1
v 0.228287 0.321154 0.369762 0 0 1
v 0.22883 0.324367 0.367755 0 0 1
v 0.229019 0.325232 0.364032 0 0 1
v 0.228741 0.323243 0.360774 0 0 1
v 0.228161 0.319565 0.35989 0 0 1
v 0.227617 0.316352 0.361898 0 0 1
v 0.227429 0.315488 0.365621 0 0 1
v 0.227706 0.317477 0.368879 0 0 1
v 0.364279 0.29926 0.371555 0 0 1
v 0.364823 0.302472 0.369548 0 0 1
v 0.365011 0.303337 0.365825 0 0 1
v 0.364734 0.301348 0.362567 0 0 1
v 0.364153 0.297671 0.361683 0 0 1
v 0.36361 0.294458 0.363691 0 0 1
v 0.363421 0.293593 0.367414 0 0 1
v 0.363698 0.295582 0.370671 0 0 1
v 0.500271 0.277366 0.373348 0 0 1
v 0.500815 0.280578 0.37134 0 0 1
v 0.501003 0.281443 0.367617 0 0 1
v 0.500726 0.279454 0.36436 0 0 1
v 0.500145 0.275776 0.363476 0 0 1
v 0.499602 0.272564 0.365484 0 0 1
v 0.499413 0.271699 0.369207 0 0 1
v 0.499691 0.273688 0.372464 0 0 1
v 0.636263 0.255472 0.375141 0 0 1
v 0.636807 0.258684 0.373133 0 0 1
v 0.636995 0.259549 0.36941 0 0 1
v 0.636718 0.25756 0.366153 0 0 1
v 0.636137 0.253882 0.365269 0 0 1
v 0.635594 0.25067 0.367276 0 0 1
v 0.635406 0.249805 0.370999 0 0 1
v 0.635683 0.251794 0.374257 0 0 1
v 0.772255 0.233578 0.376934 0 0 1
v 0.772799 0.23679 0.374926 0 0 1
v 0.772987 0.237655 0.371203 0 0 1
v 0.77271 0.235666 0.367945 0 0 1
v 0.77213 0.231988 0.367062 0 0 1
v 0.771586 0.228776 0.369069 0 0 1
v 0.771398 0.227911 0.372792 0 0 1
v 0.771675 0.2299 0.37605 0 0 1
v 0.663536 0.993082 0.80777 0 0 1
v 0.7776 0.993669 0.615029 0 0 1
v 0.667839 0.993078 0.810317 0 0 1
v 0.666576 0.996615 0.80958 0 0 1
v 0.663532 0.998082 0.807783 0 0 1
v 0.660491 0.99662 0.805979 0 0 1
v 0.659233 0.993086 0.805224 0 0 1
v 0.660496 0.989549 0.80596 0 0 1
v 0.663539 0.988082 0.807757 0 0 1
v 0.666581 0.989544 0.809561 0 0 1
v 0.696355 0.993225 0.762131 0 0 1
v 0.695092 0.996762 0.761395 0 0 1
v 0.692048 0.998229 0.759598 0 0 1
v 0.689007 0.996767 0.757794 0 0 1
v 0.687749 0.993232 0.757038 0 0 1
v 0.689012 0.989696 0.757775 0 0 1
v 0.692055 0.988229 0.759572 0 0 1
v 0.695097 0.989691 0.761376 0 0 1
v 0.724871 0.993372 0.713946 0 0 1
v 0.723608 0.996909 0.71321 0 0 1
v 0.720564 0.998376 0.711413 0 0 1
v 0.717523 0.996914 0.709608 0 0 1
v 0.716265 0.993379 0.708853 0 0 1
v 0.717528 0.989843 0.70959 0 0 1
v 0.720572 0.988376 0.711387 0 0 1
v 0.723613 0.989837 0.713191 0 0 1
v 0.753387 0.993519 0.665761 0 0 1
v 0.752124 0.997055 0.665024 0 0 1
v 0.74908 0.998522 0.663228 0 0 1
v 0.746039 0.99706 0.661423 0 0 1
v 0.744781 0.993526 0.660668 0 0 1
v 0.746044 0.989989 0.661405 0 0 1
v 0.749088 0.988522 0.663201 0 0 1
v 0.752129 0.989984 0.665006 0 0 1
v 0.781903 0.993666 0.617576 0 0 1
v 0.78064 0.997202 0.616839 0 0 1
v 0.777596 0.998669 0.615042 0 0 1
v 0.774555 0.997207 0.613238 0 0 1
v 0.773297 0.993673 0.612483 0 0 1
v 0.77456 0.990136 0.613219 0 0 1
v 0.777604 0.988669 0.615016 0 0 1
v 0.780645 0.990131 0.616821 0 0 1
v 0.380629 0.993265 0.835323 0 0 1
v 0.234107 0.993982 0.678602 0 0 1
v 0.384282 0.993271 0.831908 0 0 1
v 0.383217 0.996805 0.83292 0 0 1
v 0.380636 0.998265 0.835339 0 0 1
v 0.378051 0.996796 0.837749 0 0 1
v 0.376977 0.993258 0.838737 0 0 1
v 0.378042 0.989725 0.837725 0 0 1
v 0.380623 0.988265 0.835306 0 0 1
v 0.383207 0.989734 0.832896 0 0 1
v 0.347651 0.993451 0.792728 0 0 1
v 0.346586 0.996984 0.79374 0 0 1
v 0.344005 0.998444 0.796159 0 0 1
v 0.341421 0.996975 0.798569 0 0 1
v 0.340346 0.993438 0.799557 0 0 1
v 0.341412 0.989904 0.798545 0 0 1
v 0.343992 0.988444 0.796126 0 0 1
v 0.346577 0.989913 0.793716 0 0 1
v 0.311021 0.99363 0.753548 0 0 1
v 0.309956 0.997164 0.754559 0 0 1
v 0.307375 0.998623 0.756979 0 0 1
v 0.30479 0.997154 0.759389 0 0 1
v 0.303716 0.993617 0.760377 0 0 1
v 0.304781 0.990083 0.759365 0 0 1
v 0.307362 0.988623 0.756945 0 0 1
v 0.309946 0.990093 0.754536 0 0 1
v 0.27439 0.993809 0.714367 0 0 1
v 0.273325 0.997343 0.715379 0 0 1
v 0.270744 0.998803 0.717799 0 0 1
v 0.26816 0.997333 0.720208 0 0 1
v 0.267085 0.993796 0.721197 0 0 1
v 0.268151 0.990262 0.720185 0 0 1
v 0.270731 0.988803 0.717765 0 0 1
v 0.273316 0.990272 0.715356 0 0 1
v 0.23776 0.993988 0.675187 0 0 1
v 0.236695 0.997522 0.676199 0 0 1
v 0.234114 0.998982 0.678619 0 0 1
v 0.231529 0.997513 0.681028 0 0 1
v 0.230455 0.993975 0.682017 0 0 1
v 0.23152 0.990442 0.681005 0 0 1
v 0.234101 0.988982 0.678585 0 0 1
v 0.236685 0.990451 0.676175 0 0 1
v 0.644202 0.785728 0.823095 0 0 1
v 0.787843 0.781696 0.579978 0 0 1
v 0.648507 0.785748 0.825638 0 0 1
v 0.64726 0.789277 0.824843 0 0 1
v 0.644222 0.790728 0.823024 0 0 1
v 0.641172 0.78925 0.821246 0 0 1
v 0.639897 0.785709 0.820552 0 0 1
v 0.641144 0.782179 0.821347 0 0 1
v 0.644183 0.780729 0.823167 0 0 1
v 0.647232 0.782207 0.824944 0 0 1
v 0.684417 0.78474 0.764859 0 0 1
v 0.68317 0.788269 0.764064 0 0 1
v 0.680132 0.78972 0.762245 0 0 1
v 0.677082 0.788242 0.760467 0 0 1
v 0.675807 0.784701 0.759773 0 0 1
v 0.677054 0.781171 0.760568 0 0 1
v 0.680093 0.779721 0.762387 0 0 1
v 0.683142 0.781199 0.764165 0 0 1
v 0.720327 0.783732 0.70408 0 0 1
v 0.71908 0.787261 0.703285 0 0 1
v 0.716042 0.788712 0.701465 0 0 1
v 0.712992 0.787234 0.699688 0 0 1
v 0.711717 0.783693 0.698994 0 0 1
v 0.712965 0.780163 0.699789 0 0 1
v 0.716003 0.778713 0.701608 0 0 1
v 0.719053 0.780191 0.703386 0 0 1
v 0.756237 0.782724 0.643301 0 0 1
v 0.75499 0.786253 0.642505 0 0 1
v 0.751952 0.787704 0.640686 0 0 1
v 0.748902 0.786225 0.638909 0 0 1
v 0.747628 0.782685 0.638215 0 0 1
v 0.748875 0.779155 0.63901 0 0 1
v 0.751913 0.777705 0.640829 0 0 1
v 0.754963 0.779183 0.642606 0 0 1
v 0.792147 0.781715 0.582522 0 0 1
v 0.7909 0.785245 0.581726 0 0 1
v 0.787862 0.786695 0.579907 0 0 1
v 0.784812 0.785217 0.57813 0 0 1
v 0.783538 0.781676 0.577435 0 0 1
v 0.784785 0.778147 0.578231 0 0 1
v 0.787823 0.776696 0.58005 0 0 1
v 0.790873 0.778175 0.581827 0 0 1
v 0.232463 0.782545 0.666474 0 0 1
v 0.394211 0.785724 0.839675 0 0 1
v 0.228812 0.782375 0.669886 0 0 1
v 0.229761 0.785958 0.668934 0 0 1
v 0.232293 0.787542 0.666541 0 0 1
v 0.234924 0.786198 0.664108 0 0 1
v 0.236113 0.782715 0.663061 0 0 1
v 0.235164 0.779132 0.664013 0 0 1
v 0.232633 0.777548 0.666407 0 0 1
v 0.230001 0.778892 0.668839 0 0 1
v 0.269249 0.78317 0.713186 0 0 1
v 0.270198 0.786753 0.712234 0 0 1
v 0.27273 0.788336 0.709841 0 0 1
v 0.275361 0.786993 0.707409 0 0 1
v 0.27655 0.78351 0.706362 0 0 1
v 0.275601 0.779927 0.707314 0 0 1
v 0.27307 0.778343 0.709707 0 0 1
v 0.270438 0.779686 0.712139 0 0 1
v 0.309686 0.783965 0.756487 0 0 1
v 0.310635 0.787548 0.755535 0 0 1
v 0.313167 0.789131 0.753141 0 0 1
v 0.315798 0.787788 0.750709 0 0 1
v 0.316987 0.784305 0.749662 0 0 1
v 0.316038 0.780722 0.750614 0 0 1
v 0.313507 0.779138 0.753007 0 0 1
v 0.310875 0.780481 0.75544 0 0 1
v 0.350123 0.78476 0.799787 0 0 1
v 0.351072 0.788342 0.798835 0 0 1
v 0.353604 0.789926 0.796442 0 0 1
v 0.356235 0.788583 0.794009 0 0 1
v 0.357424 0.7851 0.792962 0 0 1
v 0.356475 0.781517 0.793914 0 0 1
v 0.353944 0.779933 0.796308 0 0 1
v 0.351313 0.781276 0.79874 0 0 1
v 0.39056 0.785554 0.843087 0 0 1
v 0.391509 0.789137 0.842135 0 0 1
v 0.394041 0.790721 0.839742 0 0 1
v 0.396672 0.789378 0.83731 0 0 1
v 0.397861 0.785894 0.836263 0 0 1
v 0.396912 0.782312 0.837215 0 0 1
v 0.394381 0.780728 0.839608 0 0 1
v 0.39175 0.782071 0.84204 0 0 1
v 0.656557 0.417379 0.157348 0 0 1
v 0.65796 0.438786 0.15743 0 0 1
v 0.661536 0.417052 0.157675 0 0 1
v 0.659846 0.417149 0.161108 0 0 1
v 0.65623 0.417382 0.162338 0 0 1
v 0.652805 0.417613 0.160645 0 0 1
v 0.651579 0.417707 0.157021 0 0 1
v 0.653268 0.417609 0.153589 0 0 1
v 0.656885 0.417377 0.152359 0 0 1
v 0.660309 0.417146 0.154052 0 0 1
v 0.661886 0.422403 0.157696 0 0 1
v 0.660197 0.422501 0.161128 0 0 1
v 0.65658 0.422733 0.162358 0 0 1
v 0.653156 0.422964 0.160665 0 0 1
v 0.651929 0.423058 0.157042 0 0 1
v 0.653619 0.422961 0.153609 0 0 1
v 0.657235 0.422728 0.152379 0 0 1
v 0.66066 0.422497 0.154072 0 0 1
v 0.662237 0.427755 0.157716 0 0 1
v 0.660547 0.427853 0.161148 0 0 1
v 0.656931 0.428085 0.162378 0 0 1
v 0.653507 0.428316 0.160686 0 0 1
v 0.65228 0.42841 0.157062 0 0 1
v 0.65397 0.428312 0.15363 0 0 1
v 0.657586 0.42808 0.1524 0 0 1
v 0.661011 0.427849 0.154092 0 0 1
v 0.662588 0.433107 0.157736 0 0 1
v 0.660898 0.433204 0.161168 0 0 1
v 0.657282 0.433437 0.162399 0 0 1
v 0.653857 0.433668 0.160706 0 0 1
v 0.652631 0.433762 0.157082 0 0 1
v 0.654321 0.433664 0.15365 0 0 1
v 0.657937 0.433432 0.15242 0 0 1
v 0.661361 0.433201 0.154113 0 0 1
v 0.662939 0.438458 0.157757 0 0 1
v 0.661249 0.438556 0.161189 0 0 1
v 0.657633 0.438788 0.162419 0 0 1
v 0.654208 0.439019 0.160726 0 0 1
v 0.652982 0.439113 0.157103 0 0 1
v 0.654671 0.439016 0.15367 0 0 1
v 0.658288 0.438783 0.15244 0 0 1
v 0.661712 0.438552 0.154133 0 0 1
v 0.652372 0.396339 0.157255 0 0 1
v 0.656557 0.417379 0.157348 0 0 1
v 0.657181 0.395378 0.158231 0 0 1
v 0.655093 0.395779 0.161412 0 0 1
v 0.651411 0.396508 0.162159 0 0 1
v 0.648292 0.397138 0.160033 0 0 1
v 0.647563 0.3973 0.15628 0 0 1
v 0.649651 0.396899 0.153098 0 0 1
v 0.653333 0.39617 0.152351 0 0 1
v 0.656452 0.39554 0.154477 0 0 1
v 0.658227 0.400638 0.158254 0 0 1
v 0.656139 0.401039 0.161436 0 0 1
v 0.652457 0.401768 0.162182 0 0 1
v 0.649338 0.402398 0.160056 0 0 1
v 0.648609 0.40256 0.156303 0 0 1
v 0.650697 0.402159 0.153121 0 0 1
v 0.654379 0.40143 0.152375 0 0 1
v 0.657498 0.4008 0.154501 0 0 1
v 0.659273 0.405898 0.158277 0 0 1
v 0.657186 0.406299 0.161459 0 0 1
v 0.653504 0.407028 0.162206 0 0 1
v 0.650385 0.407658 0.16008 0 0 1
v 0.649656 0.40782 0.156326 0 0 1
v 0.651744 0.407419 0.153144 0 0 1
v 0.655425 0.40669 0.152398 0 0 1
v 0.658544 0.40606 0.154524 0 0 1
v 0.66032 0.411158 0.1583 0 0 1
v 0.658232 0.41156 0.161482 0 0 1
v 0.65455 0.412289 0.162229 0 0 1
v 0.651431 0.412918 0.160103 0 0 1
v 0.650702 0.41308 0.15635 0 0 1
v 0.65279 0.412679 0.153168 0 0 1
v 0.656472 0.41195 0.152421 0 0 1
v 0.659591 0.41132 0.154547 0 0 1
v 0.661366 0.416418 0.158324 0 0 1
v 0.659278 0.41682 0.161506 0 0 1
v 0.655596 0.417549 0.162252 0 0 1
v 0.652477 0.418178 0.160126 0 0 1
v 0.651748 0.41834 0.156373 0 0 1
v 0.653836 0.417939 0.153191 0 0 1
v 0.657518 0.41721 0.152444 0 0 1
v 0.660637 0.41658 0.154571 0 0 1
v 0.645476 0.376025 0.157152 0 0 1
v 0.652372 0.396339 0.157255 0 0 1
v 0.649957 0.374496 0.158759 0 0 1
v 0.647563 0.375294 0.161636 0 0 1
v 0.643947 0.37652 0.161886 0 0 1
v 0.641227 0.377456 0.159363 0 0 1
v 0.640995 0.377554 0.155544 0 0 1
v 0.643389 0.376756 0.152667 0 0 1
v 0.647006 0.37553 0.152417 0 0 1
v 0.649726 0.374594 0.15494 0 0 1
v 0.651681 0.379574 0.158785 0 0 1
v 0.649287 0.380372 0.161662 0 0 1
v 0.645671 0.381598 0.161912 0 0 1
v 0.64295 0.382535 0.159389 0 0 1
v 0.642719 0.382633 0.15557 0 0 1
v 0.645113 0.381835 0.152693 0 0 1
v 0.64873 0.380609 0.152443 0 0 1
v 0.65145 0.379672 0.154966 0 0 1
v 0.653405 0.384653 0.158811 0 0 1
v 0.651011 0.385451 0.161688 0 0 1
v 0.647395 0.386677 0.161938 0 0 1
v 0.644674 0.387613 0.159415 0 0 1
v 0.644443 0.387711 0.155596 0 0 1
v 0.646837 0.386913 0.152719 0 0 1
v 0.650453 0.385687 0.152469 0 0 1
v 0.653174 0.384751 0.154992 0 0 1
v 0.655129 0.389731 0.158836 0 0 1
v 0.652735 0.390529 0.161714 0 0 1
v 0.649119 0.391755 0.161964 0 0 1
v 0.646398 0.392692 0.159441 0 0 1
v 0.646167 0.39279 0.155622 0 0 1
v 0.648561 0.391992 0.152745 0 0 1
v 0.652177 0.390765 0.152495 0 0 1
v 0.654898 0.389829 0.155018 0 0 1
v 0.656853 0.39481 0.158862 0 0 1
v 0.654459 0.395608 0.161739 0 0 1
v 0.650843 0.396834 0.16199 0 0 1
v 0.648122 0.39777 0.159467 0 0 1
v 0.647891 0.397868 0.155648 0 0 1
v 0.650285 0.39707 0.152771 0 0 1
v 0.653901 0.395844 0.152521 0 0 1
v 0.656622 0.394908 0.155044 0 0 1
v 0.635988 0.356785 0.15704 0 0 1
v 0.645476 0.376025 0.157152 0 0 1
v 0.640005 0.354791 0.159251 0 0 1
v 0.637419 0.356052 0.161774 0 0 1
v 0.633994 0.357742 0.161524 0 0 1
v 0.631738 0.358872 0.158647 0 0 1
v 0.631971 0.358779 0.154828 0 0 1
v 0.634558 0.357518 0.152305 0 0 1
v 0.637982 0.355828 0.152555 0 0 1
v 0.640238 0.354698 0.155432 0 0 1
v 0.642377 0.359601 0.159279 0 0 1
v 0.639791 0.360862 0.161802 0 0 1
v 0.636366 0.362552 0.161552 0 0 1
v 0.63411 0.363682 0.158675 0 0 1
v 0.634343 0.363589 0.154856 0 0 1
v 0.63693 0.362328 0.152333 0 0 1
v 0.640354 0.360638 0.152583 0 0 1
v 0.64261 0.359508 0.15546 0 0 1
v 0.644749 0.364411 0.159307 0 0 1
v 0.642163 0.365672 0.16183 0 0 1
v 0.638739 0.367362 0.16158 0 0 1
v 0.636482 0.368492 0.158703 0 0 1
v 0.636715 0.368399 0.154884 0 0 1
v 0.639302 0.367138 0.152361 0 0 1
v 0.642726 0.365448 0.152611 0 0 1
v 0.644982 0.364318 0.155488 0 0 1
v 0.647121 0.369221 0.159335 0 0 1
v 0.644535 0.370482 0.161858 0 0 1
v 0.641111 0.372172 0.161608 0 0 1
v 0.638854 0.373302 0.158731 0 0 1
v 0.639088 0.373209 0.154912 0 0 1
v 0.641674 0.371948 0.152389 0 0 1
v 0.645098 0.370258 0.152639 0 0 1
v 0.647354 0.369128 0.155516 0 0 1
v 0.649493 0.374031 0.159363 0 0 1
v 0.646907 0.375292 0.161886 0 0 1
v 0.643483 0.376982 0.161636 0 0 1
v 0.641226 0.378112 0.158759 0 0 1
v 0.64146 0.378019 0.15494 0 0 1
v 0.644046 0.376758 0.152417 0 0 1
v 0.64747 0.375068 0.152667 0 0 1
v 0.649726 0.373938 0.155544 0 0 1
v 0.62407 0.338948 0.156921 0 0 1
v 0.635988 0.356785 0.15704 0 0 1
v 0.627518 0.336626 0.159699 0 0 1
v 0.624866 0.338384 0.161825 0 0 1
v 0.621747 0.340472 0.161078 0 0 1
v 0.619989 0.341668 0.157896 0 0 1
v 0.620622 0.341271 0.154143 0 0 1
v 0.623274 0.339513 0.152017 0 0 1
v 0.626392 0.337424 0.152764 0 0 1
v 0.62815 0.336228 0.155945 0 0 1
v 0.630498 0.341085 0.159728 0 0 1
v 0.627845 0.342843 0.161854 0 0 1
v 0.624727 0.344931 0.161108 0 0 1
v 0.622969 0.346127 0.157926 0 0 1
v 0.623601 0.34573 0.154173 0 0 1
v 0.626253 0.343972 0.152047 0 0 1
v 0.629372 0.341883 0.152793 0 0 1
v 0.63113 0.340687 0.155975 0 0 1
v 0.633477 0.345544 0.159758 0 0 1
v 0.630825 0.347302 0.161884 0 0 1
v 0.627707 0.349391 0.161138 0 0 1
v 0.625949 0.350587 0.157956 0 0 1
v 0.626581 0.350189 0.154202 0 0 1
v 0.629233 0.348431 0.152076 0 0 1
v 0.632351 0.346342 0.152823 0 0 1
v 0.634109 0.345147 0.156005 0 0 1
v 0.636457 0.350003 0.159788 0 0 1
v 0.633805 0.351761 0.161914 0 0 1
v 0.630686 0.35385 0.161167 0 0 1
v 0.628928 0.355046 0.157985 0 0 1
v 0.62956 0.354648 0.154232 0 0 1
v 0.632213 0.35289 0.152106 0 0 1
v 0.635331 0.350802 0.152853 0 0 1
v 0.637089 0.349606 0.156034 0 0 1
v 0.639436 0.354463 0.159817 0 0 1
v 0.636784 0.356221 0.161943 0 0 1
v 0.633666 0.358309 0.161197 0 0 1
v 0.631908 0.359505 0.158015 0 0 1
v 0.63254 0.359107 0.154262 0 0 1
v 0.635192 0.357349 0.152136 0 0 1
v 0.638311 0.355261 0.152882 0 0 1
v 0.640069 0.354065 0.156064 0 0 1
v 0.609925 0.322819 0.156798 0 0 1
v 0.62407 0.338948 0.156921 0 0 1
v 0.612739 0.320327 0.160094 0 0 1
v 0.610152 0.322582 0.161787 0 0 1
v 0.607432 0.324977 0.160557 0 0 1
v 0.606173 0.326108 0.157125 0 0 1
v 0.607111 0.325312 0.153501 0 0 1
v 0.609698 0.323057 0.151808 0 0 1
v 0.612418 0.320662 0.153039 0 0 1
v 0.613678 0.319531 0.156471 0 0 1
v 0.616275 0.324359 0.160125 0 0 1
v 0.613688 0.326614 0.161818 0 0 1
v 0.610969 0.329009 0.160588 0 0 1
v 0.609709 0.33014 0.157155 0 0 1
v 0.610648 0.329344 0.153532 0 0 1
v 0.613234 0.327089 0.151839 0 0 1
v 0.615954 0.324694 0.153069 0 0 1
v 0.617214 0.323563 0.156502 0 0 1
v 0.619811 0.328391 0.160156 0 0 1
v 0.617225 0.330647 0.161849 0 0 1
v 0.614505 0.333041 0.160618 0 0 1
v 0.613245 0.334172 0.157186 0 0 1
v 0.614184 0.333377 0.153563 0 0 1
v 0.616771 0.331121 0.15187 0 0 1
v 0.61949 0.328726 0.1531 0 0 1
v 0.62075 0.327595 0.156532 0 0 1
v 0.623348 0.332423 0.160187 0 0 1
v 0.620761 0.334679 0.161879 0 0 1
v 0.618041 0.337073 0.160649 0 0 1
v 0.616781 0.338204 0.157217 0 0 1
v 0.61772 0.337409 0.153593 0 0 1
v 0.620307 0.335153 0.151901 0 0 1
v 0.623027 0.332758 0.153131 0 0 1
v 0.624286 0.331628 0.156563 0 0 1
v 0.626884 0.336455 0.160218 0 0 1
v 0.624297 0.338711 0.16191 0 0 1
v 0.621577 0.341106 0.16068 0 0 1
v 0.620317 0.342236 0.157248 0 0 1
v 0.621256 0.341441 0.153624 0 0 1
v 0.623843 0.339185 0.151932 0 0 1
v 0.626563 0.336791 0.153162 0 0 1
v 0.627822 0.33566 0.156594 0 0 1
v 0.593796 0.308675 0.156672 0 0 1
v 0.609925 0.322819 0.156798 0 0 1
v 0.595954 0.306182 0.160431 0 0 1
v 0.593559 0.308902 0.161661 0 0 1
v 0.591303 0.311489 0.159969 0 0 1
v 0.590508 0.312427 0.156345 0 0 1
v 0.591639 0.311168 0.152913 0 0 1
v 0.594034 0.308448 0.151683 0 0 1
v 0.59629 0.305861 0.153375 0 0 1
v 0.597085 0.304923 0.156999 0 0 1
v 0.599986 0.309718 0.160463 0 0 1
v 0.597591 0.312438 0.161693 0 0 1
v 0.595336 0.315025 0.16 0 0 1
v 0.59454 0.315964 0.156376 0 0 1
v 0.595672 0.314704 0.152944 0 0 1
v 0.598066 0.311985 0.151714 0 0 1
v 0.600322 0.309398 0.153407 0 0 1
v 0.601117 0.308459 0.15703 0 0 1
v 0.604018 0.313254 0.160494 0 0 1
v 0.601623 0.315974 0.161724 0 0 1
v 0.599368 0.318561 0.160031 0 0 1
v 0.598573 0.3195 0.156408 0 0 1
v 0.599704 0.31824 0.152976 0 0 1
v 0.602099 0.315521 0.151746 0 0 1
v 0.604354 0.312934 0.153438 0 0 1
v 0.605149 0.311995 0.157062 0 0 1
v 0.60805 0.31679 0.160525 0 0 1
v 0.605655 0.31951 0.161755 0 0 1
v 0.6034 0.322097 0.160063 0 0 1
v 0.602605 0.323036 0.156439 0 0 1
v 0.603736 0.321776 0.153007 0 0 1
v 0.606131 0.319057 0.151777 0 0 1
v 0.608386 0.31647 0.15347 0 0 1
v 0.609181 0.315531 0.157093 0 0 1
v 0.612082 0.320326 0.160557 0 0 1
v 0.609688 0.323046 0.161787 0 0 1
v 0.607432 0.325633 0.160094 0 0 1
v 0.606637 0.326572 0.156471 0 0 1
v 0.607768 0.325313 0.153039 0 0 1
v 0.610163 0.322593 0.151808 0 0 1
v 0.612418 0.320006 0.153501 0 0 1
v 0.613213 0.319067 0.157125 0 0 1
v 0.575959 0.296757 0.156546 0 0 1
v 0.593796 0.308675 0.156672 0 0 1
v 0.577482 0.294434 0.160703 0 0 1
v 0.575394 0.297552 0.16145 0 0 1
v 0.573636 0.300205 0.159324 0 0 1
v 0.57324 0.300838 0.15557 0 0 1
v 0.574437 0.29908 0.152389 0 0 1
v 0.576525 0.295962 0.151642 0 0 1
v 0.578283 0.293309 0.153768 0 0 1
v 0.578679 0.292676 0.157521 0 0 1
v 0.581942 0.297413 0.160735 0 0 1
v 0.579853 0.300532 0.161481 0 0 1
v 0.578095 0.303184 0.159355 0 0 1
v 0.577699 0.303817 0.155602 0 0 1
v 0.578896 0.30206 0.15242 0 0 1
v 0.580985 0.298941 0.151674 0 0 1
v 0.582742 0.296289 0.1538 0 0 1
v 0.583138 0.295656 0.157553 0 0 1
v 0.586401 0.300393 0.160766 0 0 1
v 0.584312 0.303511 0.161513 0 0 1
v 0.582555 0.306164 0.159387 0 0 1
v 0.582158 0.306797 0.155634 0 0 1
v 0.583355 0.305039 0.152452 0 0 1
v 0.585444 0.301921 0.151705 0 0 1
v 0.587201 0.299268 0.153831 0 0 1
v 0.587598 0.298635 0.157584 0 0 1
v 0.59086 0.303372 0.160798 0 0 1
v 0.588771 0.306491 0.161544 0 0 1
v 0.587014 0.309143 0.159418 0 0 1
v 0.586618 0.309776 0.155665 0 0 1
v 0.587814 0.308019 0.152483 0 0 1
v 0.589903 0.3049 0.151737 0 0 1
v 0.59166 0.302248 0.153863 0 0 1
v 0.592057 0.301615 0.157616 0 0 1
v 0.595319 0.306352 0.160829 0 0 1
v 0.593231 0.30947 0.161576 0 0 1
v 0.591473 0.312123 0.15945 0 0 1
v 0.591077 0.312756 0.155697 0 0 1
v 0.592274 0.310998 0.152515 0 0 1
v 0.594362 0.30788 0.151768 0 0 1
v 0.59612 0.305227 0.153894 0 0 1
v 0.596516 0.304594 0.157647 0 0 1
v 0.556719 0.287269 0.156422 0 0 1
v 0.575959 0.296757 0.156546 0 0 1
v 0.557674 0.285274 0.160906 0 0 1
v 0.555984 0.288698 0.161156 0 0 1
v 0.554725 0.291285 0.158633 0 0 1
v 0.554634 0.29152 0.154815 0 0 1
v 0.555765 0.289264 0.151937 0 0 1
v 0.557455 0.28584 0.151687 0 0 1
v 0.558714 0.283253 0.15421 0 0 1
v 0.558805 0.283019 0.158029 0 0 1
v 0.562484 0.287646 0.160937 0 0 1
v 0.560794 0.29107 0.161187 0 0 1
v 0.559535 0.293657 0.158664 0 0 1
v 0.559444 0.293892 0.154846 0 0 1
v 0.560575 0.291636 0.151969 0 0 1
v 0.562265 0.288212 0.151718 0 0 1
v 0.563524 0.285625 0.154241 0 0 1
v 0.563615 0.285391 0.15806 0 0 1
v 0.567294 0.290018 0.160968 0 0 1
v 0.565604 0.293442 0.161218 0 0 1
v 0.564345 0.296029 0.158695 0 0 1
v 0.564254 0.296264 0.154877 0 0 1
v 0.565385 0.294008 0.152 0 0 1
v 0.567075 0.290584 0.151749 0 0 1
v 0.568334 0.287997 0.154273 0 0 1
v 0.568425 0.287763 0.158091 0 0 1
v 0.572104 0.29239 0.160999 0 0 1
v 0.570414 0.295814 0.161249 0 0 1
v 0.569155 0.298401 0.158726 0 0 1
v 0.569064 0.298635 0.154908 0 0 1
v 0.570195 0.29638 0.152031 0 0 1
v 0.571885 0.292956 0.15178 0 0 1
v 0.573144 0.290369 0.154304 0 0 1
v 0.573235 0.290134 0.158122 0 0 1
v 0.576914 0.294762 0.16103 0 0 1
v 0.575224 0.298186 0.161281 0 0 1
v 0.573965 0.300773 0.158757 0 0 1
v 0.573874 0.301007 0.154939 0 0 1
v 0.575005 0.298752 0.152062 0 0 1
v 0.576695 0.295328 0.151811 0 0 1
v 0.577954 0.292741 0.154335 0 0 1
v 0.578045 0.292506 0.158153 0 0 1
v 0.536405 0.280374 0.156302 0 0 1
v 0.556719 0.287269 0.156422 0 0 1
v 0.536897 0.278843 0.161036 0 0 1
v 0.535671 0.28246 0.160786 0 0 1
v 0.534875 0.284854 0.157909 0 0 1
v 0.534976 0.284624 0.15409 0 0 1
v 0.535914 0.281904 0.151567 0 0 1
v 0.53714 0.278288 0.151817 0 0 1
v 0.537936 0.275893 0.154694 0 0 1
v 0.537835 0.276123 0.158513 0 0 1
v 0.541975 0.280567 0.161066 0 0 1
v 0.540749 0.284184 0.160816 0 0 1
v 0.539954 0.286578 0.157939 0 0 1
v 0.540054 0.286348 0.15412 0 0 1
v 0.540992 0.283628 0.151597 0 0 1
v 0.542219 0.280011 0.151847 0 0 1
v 0.543014 0.277617 0.154725 0 0 1
v 0.542914 0.277847 0.158543 0 0 1
v 0.547054 0.282291 0.161096 0 0 1
v 0.545828 0.285907 0.160846 0 0 1
v 0.545032 0.288302 0.157969 0 0 1
v 0.545133 0.288072 0.15415 0 0 1
v 0.546071 0.285352 0.151627 0 0 1
v 0.547297 0.281735 0.151877 0 0 1
v 0.548093 0.279341 0.154755 0 0 1
v 0.547992 0.279571 0.158573 0 0 1
v 0.552132 0.284015 0.161126 0 0 1
v 0.550906 0.287631 0.160876 0 0 1
v 0.55011 0.290026 0.157999 0 0 1
v 0.550211 0.289796 0.15418 0 0 1
v 0.551149 0.287076 0.151657 0 0 1
v 0.552376 0.283459 0.151907 0 0 1
v 0.553171 0.281065 0.154785 0 0 1
v 0.553071 0.281295 0.158603 0 0 1
v 0.557211 0.285739 0.161156 0 0 1
v 0.555985 0.289355 0.160906 0 0 1
v 0.555189 0.29175 0.158029 0 0 1
v 0.55529 0.291519 0.15421 0 0 1
v 0.556228 0.288799 0.151687 0 0 1
v 0.557454 0.285183 0.151938 0 0 1
v 0.55825 0.282789 0.154815 0 0 1
v 0.558149 0.283019 0.158633 0 0 1
v 0.515365 0.276189 0.156187 0 0 1
v 0.536405 0.280374 0.156302 0 0 1
v 0.51553 0.275227 0.161091 0 0 1
v 0.514802 0.278909 0.160345 0 0 1
v 0.514403 0.280998 0.157163 0 0 1
v 0.514569 0.280269 0.15341 0 0 1
v 0.515201 0.277151 0.151284 0 0 1
v 0.515929 0.273469 0.15203 0 0 1
v 0.516327 0.27138 0.155212 0 0 1
v 0.516162 0.272109 0.158965 0 0 1
v 0.52079 0.276273 0.16112 0 0 1
v 0.520062 0.279955 0.160373 0 0 1
v 0.519664 0.282044 0.157191 0 0 1
v 0.519829 0.281315 0.153438 0 0 1
v 0.520461 0.278197 0.151312 0 0 1
v 0.521189 0.274515 0.152059 0 0 1
v 0.521587 0.272426 0.155241 0 0 1
v 0.521422 0.273155 0.158994 0 0 1
v 0.52605 0.27732 0.161148 0 0 1
v 0.525322 0.281002 0.160402 0 0 1
v 0.524924 0.28309 0.15722 0 0 1
v 0.525089 0.282362 0.153467 0 0 1
v 0.525721 0.279243 0.151341 0 0 1
v 0.526449 0.275561 0.152087 0 0 1
v 0.526847 0.273473 0.155269 0 0 1
v 0.526682 0.274201 0.159022 0 0 1
v 0.53131 0.278366 0.161177 0 0 1
v 0.530582 0.282048 0.16043 0 0 1
v 0.530184 0.284136 0.157248 0 0 1
v 0.530349 0.283408 0.153495 0 0 1
v 0.530981 0.280289 0.151369 0 0 1
v 0.531709 0.276607 0.152116 0 0 1
v 0.532107 0.274519 0.155298 0 0 1
v 0.531942 0.275247 0.159051 0 0 1
v 0.53657 0.279412 0.161205 0 0 1
v 0.535842 0.283094 0.160459 0 0 1
v 0.535444 0.285182 0.157277 0 0 1
v 0.535609 0.284454 0.153524 0 0 1
v 0.536241 0.281335 0.151398 0 0 1
v 0.536969 0.277653 0.152144 0 0 1
v 0.537367 0.275565 0.155326 0 0 1
v 0.537202 0.276293 0.159079 0 0 1
v 0.493959 0.274786 0.156081 0 0 1
v 0.515365 0.276189 0.156187 0 0 1
v 0.493955 0.274458 0.16107 0 0 1
v 0.493725 0.278075 0.15984 0 0 1
v 0.493631 0.279765 0.156408 0 0 1
v 0.493729 0.278538 0.152784 0 0 1
v 0.493962 0.275114 0.151092 0 0 1
v 0.494193 0.271498 0.152322 0 0 1
v 0.494287 0.269808 0.155754 0 0 1
v 0.494188 0.271034 0.159378 0 0 1
v 0.499307 0.274809 0.161097 0 0 1
v 0.499076 0.278425 0.159867 0 0 1
v 0.498982 0.280115 0.156435 0 0 1
v 0.499081 0.278889 0.152811 0 0 1
v 0.499314 0.275465 0.151118 0 0 1
v 0.499544 0.271848 0.152349 0 0 1
v 0.499638 0.270158 0.155781 0 0 1
v 0.49954 0.271385 0.159404 0 0 1
v 0.504659 0.27516 0.161124 0 0 1
v 0.504428 0.278776 0.159893 0 0 1
v 0.504334 0.280466 0.156461 0 0 1
v 0.504432 0.27924 0.152838 0 0 1
v 0.504665 0.275815 0.151145 0 0 1
v 0.504896 0.272199 0.152375 0 0 1
v 0.50499 0.270509 0.155807 0 0 1
v 0.504891 0.271735 0.159431 0 0 1
v 0.51001 0.27551 0.16115 0 0 1
v 0.509779 0.279127 0.15992 0 0 1
v 0.509686 0.280817 0.156488 0 0 1
v 0.509784 0.27959 0.152864 0 0 1
v 0.510017 0.276166 0.151172 0 0 1
v 0.510248 0.27255 0.152402 0 0 1
v 0.510341 0.27086 0.155834 0 0 1
v 0.510243 0.272086 0.159458 0 0 1
v 0.515362 0.275861 0.161177 0 0 1
v 0.515131 0.279477 0.159946 0 0 1
v 0.515037 0.281167 0.156514 0 0 1
v 0.515136 0.279941 0.152891 0 0 1
v 0.515368 0.276517 0.151198 0 0 1
v 0.515599 0.2729 0.152428 0 0 1
v 0.515693 0.27121 0.15586 0 0 1
v 0.515595 0.272437 0.159484 0 0 1
v 0.472552 0.27619 0.155985 0 0 1
v 0.493959 0.274786 0.156081 0 0 1
v 0.472551 0.276517 0.160974 0 0 1
v 0.472783 0.279942 0.159281 0 0 1
v 0.47288 0.281168 0.155658 0 0 1
v 0.472785 0.279478 0.152225 0 0 1
v 0.472553 0.275862 0.150995 0 0 1
v 0.472321 0.272437 0.152688 0 0 1
v 0.472224 0.271211 0.156312 0 0 1
v 0.47232 0.272901 0.159744 0 0 1
v 0.477903 0.276167 0.160998 0 0 1
v 0.478135 0.279591 0.159305 0 0 1
v 0.478232 0.280817 0.155682 0 0 1
v 0.478136 0.279127 0.15225 0 0 1
v 0.477905 0.275511 0.15102 0 0 1
v 0.477673 0.272087 0.152712 0 0 1
v 0.477576 0.27086 0.156336 0 0 1
v 0.477671 0.27255 0.159768 0 0 1
v 0.483254 0.275816 0.161022 0 0 1
v 0.483487 0.27924 0.15933 0 0 1
v 0.483583 0.280466 0.155706 0 0 1
v 0.483488 0.278776 0.152274 0 0 1
v 0.483256 0.27516 0.151044 0 0 1
v 0.483024 0.271736 0.152736 0 0 1
v 0.482928 0.270509 0.15636 0 0 1
v 0.483023 0.272199 0.159792 0 0 1
v 0.488606 0.275465 0.161046 0 0 1
v 0.488838 0.278889 0.159354 0 0 1
v 0.488935 0.280116 0.15573 0 0 1
v 0.48884 0.278426 0.152298 0 0 1
v 0.488608 0.274809 0.151068 0 0 1
v 0.488376 0.271385 0.15276 0 0 1
v 0.488279 0.270159 0.156384 0 0 1
v 0.488375 0.271849 0.159816 0 0 1
v 0.493958 0.275114 0.16107 0 0 1
v 0.49419 0.278538 0.159378 0 0 1
v 0.494287 0.279765 0.155754 0 0 1
v 0.494191 0.278075 0.152322 0 0 1
v 0.49396 0.274458 0.151092 0 0 1
v 0.493728 0.271034 0.152785 0 0 1
v 0.493631 0.269808 0.156408 0 0 1
v 0.493726 0.271498 0.15984 0 0 1
v 0.451512 0.280375 0.1559 0 0 1
v 0.472552 0.27619 0.155985 0 0 1
v 0.451683 0.281336 0.160804 0 0 1
v 0.452312 0.284455 0.158677 0 0 1
v 0.452473 0.285184 0.154924 0 0 1
v 0.45207 0.283096 0.151742 0 0 1
v 0.451341 0.279415 0.150996 0 0 1
v 0.450712 0.276295 0.153122 0 0 1
v 0.450551 0.275566 0.156875 0 0 1
v 0.450954 0.277654 0.160057 0 0 1
v 0.456943 0.280289 0.160825 0 0 1
v 0.457572 0.283408 0.158699 0 0 1
v 0.457733 0.284138 0.154945 0 0 1
v 0.45733 0.28205 0.151764 0 0 1
v 0.456601 0.278368 0.151017 0 0 1
v 0.455972 0.275249 0.153143 0 0 1
v 0.455811 0.27452 0.156896 0 0 1
v 0.456214 0.276608 0.160078 0 0 1
v 0.462203 0.279243 0.160846 0 0 1
v 0.462832 0.282362 0.15872 0 0 1
v 0.462993 0.283091 0.154967 0 0 1
v 0.46259 0.281004 0.151785 0 0 1
v 0.461861 0.277322 0.151038 0 0 1
v 0.461232 0.274203 0.153164 0 0 1
v 0.461072 0.273473 0.156918 0 0 1
v 0.461474 0.275561 0.1601 0 0 1
v 0.467463 0.278197 0.160867 0 0 1
v 0.468092 0.281316 0.158741 0 0 1
v 0.468253 0.282045 0.154988 0 0 1
v 0.46785 0.279957 0.151806 0 0 1
v 0.467121 0.276275 0.15106 0 0 1
v 0.466492 0.273156 0.153186 0 0 1
v 0.466332 0.272427 0.156939 0 0 1
v 0.466734 0.274515 0.160121 0 0 1
v 0.472723 0.27715 0.160889 0 0 1
v 0.473353 0.280269 0.158762 0 0 1
v 0.473513 0.280998 0.155009 0 0 1
v 0.47311 0.278911 0.151827 0 0 1
v 0.472381 0.275229 0.151081 0 0 1
v 0.471752 0.27211 0.153207 0 0 1
v 0.471592 0.271381 0.15696 0 0 1
v 0.471994 0.273468 0.160142 0 0 1
v 0.431198 0.287271 0.155828 0 0 1
v 0.451512 0.280375 0.1559 0 0 1
v 0.4317 0.288798 0.160562 0 0 1
v 0.432633 0.29152 0.158039 0 0 1
v 0.432725 0.291753 0.15422 0 0 1
v 0.431923 0.28936 0.151343 0 0 1
v 0.430696 0.285744 0.151093 0 0 1
v 0.429764 0.283022 0.153616 0 0 1
v 0.429671 0.28279 0.157435 0 0 1
v 0.430473 0.285182 0.160312 0 0 1
v 0.436778 0.287074 0.16058 0 0 1
v 0.437711 0.289796 0.158057 0 0 1
v 0.437804 0.290029 0.154238 0 0 1
v 0.437002 0.287636 0.151361 0 0 1
v 0.435775 0.28402 0.151111 0 0 1
v 0.434842 0.281298 0.153634 0 0 1
v 0.434749 0.281066 0.157453 0 0 1
v 0.435551 0.283458 0.16033 0 0 1
v 0.441857 0.28535 0.160598 0 0 1
v 0.44279 0.288072 0.158075 0 0 1
v 0.442882 0.288305 0.154256 0 0 1
v 0.44208 0.285912 0.151379 0 0 1
v 0.440853 0.282296 0.151129 0 0 1
v 0.439921 0.279574 0.153652 0 0 1
v 0.439828 0.279342 0.157471 0 0 1
v 0.44063 0.281734 0.160348 0 0 1
v 0.446935 0.283626 0.160616 0 0 1
v 0.447868 0.286348 0.158093 0 0 1
v 0.447961 0.286581 0.154274 0 0 1
v 0.447159 0.284188 0.151397 0 0 1
v 0.445932 0.280572 0.151147 0 0 1
v 0.444999 0.27785 0.15367 0 0 1
v 0.444906 0.277618 0.157489 0 0 1
v 0.445708 0.28001 0.160366 0 0 1
v 0.452014 0.281902 0.160634 0 0 1
v 0.452946 0.284624 0.158111 0 0 1
v 0.453039 0.284857 0.154292 0 0 1
v 0.452237 0.282464 0.151415 0 0 1
v 0.45101 0.278848 0.151165 0 0 1
v 0.450077 0.276126 0.153688 0 0 1
v 0.449985 0.275894 0.157507 0 0 1
v 0.450787 0.278286 0.160384 0 0 1
v 0.411958 0.29676 0.15577 0 0 1
v 0.431198 0.287271 0.155828 0 0 1
v 0.412925 0.298748 0.160254 0 0 1
v 0.414048 0.301008 0.157377 0 0 1
v 0.413947 0.300779 0.153558 0 0 1
v 0.41268 0.298195 0.151035 0 0 1
v 0.410991 0.294771 0.151285 0 0 1
v 0.409868 0.292511 0.154163 0 0 1
v 0.409969 0.29274 0.157981 0 0 1
v 0.411236 0.295324 0.160504 0 0 1
v 0.417735 0.296376 0.160268 0 0 1
v 0.418858 0.298636 0.157391 0 0 1
v 0.418757 0.298407 0.153573 0 0 1
v 0.41749 0.295823 0.151049 0 0 1
v 0.415801 0.292399 0.1513 0 0 1
v 0.414678 0.290139 0.154177 0 0 1
v 0.414779 0.290368 0.157996 0 0 1
v 0.416046 0.292952 0.160519 0 0 1
v 0.422545 0.294004 0.160283 0 0 1
v 0.423668 0.296264 0.157406 0 0 1
v 0.423567 0.296035 0.153587 0 0 1
v 0.4223 0.293451 0.151064 0 0 1
v 0.420611 0.290027 0.151314 0 0 1
v 0.419488 0.287767 0.154191 0 0 1
v 0.419589 0.287996 0.15801 0 0 1
v 0.420856 0.29058 0.160533 0 0 1
v 0.427355 0.291632 0.160297 0 0 1
v 0.428478 0.293892 0.15742 0 0 1
v 0.428377 0.293662 0.153602 0 0 1
v 0.42711 0.291079 0.151078 0 0 1
v 0.425421 0.287654 0.151329 0 0 1
v 0.424298 0.285395 0.154206 0 0 1
v 0.424399 0.285624 0.158025 0 0 1
v 0.425666 0.288208 0.160548 0 0 1
v 0.432165 0.28926 0.160312 0 0 1
v 0.433288 0.291519 0.157435 0 0 1
v 0.433187 0.29129 0.153616 0 0 1
v 0.43192 0.288707 0.151093 0 0 1
v 0.430231 0.285282 0.151343 0 0 1
v 0.429108 0.283023 0.15422 0 0 1
v 0.429209 0.283252 0.158039 0 0 1
v 0.430476 0.285835 0.160562 0 0 1
v 0.394121 0.308678 0.155727 0 0 1
v 0.411958 0.29676 0.15577 0 0 1
v 0.395657 0.310993 0.159884 0 0 1
v 0.396844 0.312757 0.156702 0 0 1
v 0.396435 0.312132 0.152949 0 0 1
v 0.394671 0.309484 0.150823 0 0 1
v 0.392584 0.306364 0.151569 0 0 1
v 0.391398 0.3046 0.154751 0 0 1
v 0.391807 0.305225 0.158505 0 0 1
v 0.393571 0.307873 0.160631 0 0 1
v 0.400117 0.308013 0.159895 0 0 1
v 0.401303 0.309777 0.156713 0 0 1
v 0.400895 0.309152 0.15296 0 0 1
v 0.39913 0.306504 0.150834 0 0 1
v 0.397044 0.303384 0.15158 0 0 1
v 0.395857 0.30162 0.154762 0 0 1
v 0.396266 0.302245 0.158515 0 0 1
v 0.39803 0.304893 0.160641 0 0 1
v 0.404576 0.305033 0.159905 0 0 1
v 0.405762 0.306798 0.156724 0 0 1
v 0.405354 0.306173 0.15297 0 0 1
v 0.403589 0.303525 0.150844 0 0 1
v 0.401503 0.300405 0.151591 0 0 1
v 0.400317 0.29864 0.154773 0 0 1
v 0.400725 0.299265 0.158526 0 0 1
v 0.402489 0.301913 0.160652 0 0 1
v 0.409035 0.302054 0.159916 0 0 1
v 0.410222 0.303818 0.156734 0 0 1
v 0.409813 0.303193 0.152981 0 0 1
v 0.408049 0.300545 0.150855 0 0 1
v 0.405962 0.297425 0.151602 0 0 1
v 0.404776 0.295661 0.154784 0 0 1
v 0.405184 0.296286 0.158537 0 0 1
v 0.406949 0.298934 0.160663 0 0 1
v 0.413494 0.299074 0.159927 0 0 1
v 0.414681 0.300838 0.156745 0 0 1
v 0.414272 0.300213 0.152992 0 0 1
v 0.412508 0.297565 0.150866 0 0 1
v 0.410421 0.294445 0.151612 0 0 1
v 0.409235 0.292681 0.154794 0 0 1
v 0.409644 0.293306 0.158548 0 0 1
v 0.411408 0.295954 0.160674 0 0 1
v 0.377992 0.322823 0.1557 0 0 1
v 0.394121 0.308678 0.155727 0 0 1
v 0.380162 0.325305 0.159459 0 0 1
v 0.381282 0.326575 0.156027 0 0 1
v 0.380474 0.325647 0.152403 0 0 1
v 0.378212 0.323065 0.15071 0 0 1
v 0.375822 0.320342 0.151941 0 0 1
v 0.374703 0.319072 0.155373 0 0 1
v 0.37551 0.32 0.158997 0 0 1
v 0.377772 0.322582 0.160689 0 0 1
v 0.384195 0.321769 0.159466 0 0 1
v 0.385314 0.323038 0.156033 0 0 1
v 0.384506 0.322111 0.15241 0 0 1
v 0.382245 0.319529 0.150717 0 0 1
v 0.379854 0.316805 0.151947 0 0 1
v 0.378735 0.315536 0.15538 0 0 1
v 0.379543 0.316464 0.159003 0 0 1
v 0.381804 0.319045 0.160696 0 0 1
v 0.388227 0.318233 0.159472 0 0 1
v 0.389346 0.319502 0.15604 0 0 1
v 0.388538 0.318574 0.152416 0 0 1
v 0.386277 0.315992 0.150724 0 0 1
v 0.383886 0.313269 0.151954 0 0 1
v 0.382767 0.311999 0.155386 0 0 1
v 0.383575 0.312927 0.15901 0 0 1
v 0.385836 0.315509 0.160703 0 0 1
v 0.392259 0.314696 0.159479 0 0 1
v 0.393378 0.315966 0.156047 0 0 1
v 0.39257 0.315038 0.152423 0 0 1
v 0.390309 0.312456 0.150731 0 0 1
v 0.387919 0.309733 0.151961 0 0 1
v 0.386799 0.308463 0.155393 0 0 1
v 0.387607 0.309391 0.159017 0 0 1
v 0.389868 0.311973 0.160709 0 0 1
v 0.396291 0.31116 0.159486 0 0 1
v 0.39741 0.31243 0.156054 0 0 1
v 0.396603 0.311502 0.15243 0 0 1
v 0.394341 0.30892 0.150737 0 0 1
v 0.391951 0.306197 0.151968 0 0 1
v 0.390831 0.304927 0.1554 0 0 1
v 0.391639 0.305855 0.159024 0 0 1
v 0.393901 0.308437 0.160716 0 0 1
v 0.363848 0.338952 0.155689 0 0 1
v 0.377992 0.322823 0.1557 0 0 1
v 0.366673 0.341432 0.158986 0 0 1
v 0.367599 0.342242 0.155362 0 0 1
v 0.366327 0.341125 0.15193 0 0 1
v 0.363603 0.338735 0.1507 0 0 1
v 0.361022 0.336473 0.152392 0 0 1
v 0.360096 0.335663 0.156016 0 0 1
v 0.361368 0.33678 0.159448 0 0 1
v 0.364092 0.33917 0.160678 0 0 1
v 0.370209 0.3374 0.158988 0 0 1
v 0.371135 0.33821 0.155365 0 0 1
v 0.369864 0.337092 0.151933 0 0 1
v 0.367139 0.334703 0.150702 0 0 1
v 0.364558 0.33244 0.152395 0 0 1
v 0.363632 0.331631 0.156019 0 0 1
v 0.364904 0.332748 0.159451 0 0 1
v 0.367628 0.335138 0.160681 0 0 1
v 0.373745 0.333368 0.158991 0 0 1
v 0.374671 0.334177 0.155367 0 0 1
v 0.3734 0.33306 0.151935 0 0 1
v 0.370676 0.33067 0.150705 0 0 1
v 0.368095 0.328408 0.152398 0 0 1
v 0.367169 0.327598 0.156021 0 0 1
v 0.36844 0.328716 0.159454 0 0 1
v 0.371164 0.331105 0.160684 0 0 1
v 0.377281 0.329335 0.158994 0 0 1
v 0.378207 0.330145 0.15537 0 0 1
v 0.376936 0.329028 0.151938 0 0 1
v 0.374212 0.326638 0.150708 0 0 1
v 0.371631 0.324376 0.1524 0 0 1
v 0.370705 0.323566 0.156024 0 0 1
v 0.371976 0.324683 0.159456 0 0 1
v 0.3747 0.327073 0.160686 0 0 1
v 0.380817 0.325303 0.158996 0 0 1
v 0.381743 0.326113 0.155373 0 0 1
v 0.380472 0.324995 0.151941 0 0 1
v 0.377748 0.322606 0.15071 0 0 1
v 0.375167 0.320343 0.152403 0 0 1
v 0.374241 0.319534 0.156027 0 0 1
v 0.375512 0.320651 0.159459 0 0 1
v 0.378236 0.323041 0.160689 0 0 1
v 0.351929 0.35679 0.155695 0 0 1
v 0.363848 0.338952 0.155689 0 0 1
v 0.355386 0.359099 0.158473 0 0 1
v 0.356007 0.359514 0.154719 0 0 1
v 0.354238 0.358334 0.151538 0 0 1
v 0.351117 0.356249 0.150791 0 0 1
v 0.348472 0.354481 0.152917 0 0 1
v 0.347852 0.354065 0.15667 0 0 1
v 0.34962 0.355245 0.159852 0 0 1
v 0.352741 0.357331 0.160599 0 0 1
v 0.358366 0.354639 0.158471 0 0 1
v 0.358986 0.355055 0.154718 0 0 1
v 0.357218 0.353875 0.151536 0 0 1
v 0.354097 0.35179 0.15079 0 0 1
v 0.351452 0.350021 0.152916 0 0 1
v 0.350831 0.349606 0.156669 0 0 1
v 0.3526 0.350786 0.159851 0 0 1
v 0.355721 0.352871 0.160597 0 0 1
v 0.361346 0.35018 0.15847 0 0 1
v 0.361966 0.350596 0.154716 0 0 1
v 0.360197 0.349415 0.151535 0 0 1
v 0.357077 0.34733 0.150788 0 0 1
v 0.354431 0.345562 0.152914 0 0 1
v 0.353811 0.345146 0.156667 0 0 1
v 0.355579 0.346327 0.159849 0 0 1
v 0.3587 0.348412 0.160596 0 0 1
v 0.364325 0.345721 0.158468 0 0 1
v 0.364945 0.346136 0.154715 0 0 1
v 0.363177 0.344956 0.151533 0 0 1
v 0.360056 0.342871 0.150787 0 0 1
v 0.357411 0.341103 0.152913 0 0 1
v 0.356791 0.340687 0.156666 0 0 1
v 0.358559 0.341867 0.159848 0 0 1
v 0.36168 0.343953 0.160594 0 0 1
v 0.367305 0.341261 0.158467 0 0 1
v 0.367925 0.341677 0.154714 0 0 1
v 0.366157 0.340497 0.151532 0 0 1
v 0.363036 0.338412 0.150785 0 0 1
v 0.36039 0.336643 0.152911 0 0 1
v 0.35977 0.336228 0.156665 0 0 1
v 0.361538 0.337408 0.159846 0 0 1
v 0.364659 0.339493 0.160593 0 0 1
v 0.342441 0.37603 0.155717 0 0 1
v 0.351929 0.35679 0.155695 0 0 1
v 0.346464 0.378011 0.157929 0 0 1
v 0.346687 0.378126 0.15411 0 0 1
v 0.344422 0.377012 0.151233 0 0 1
v 0.340997 0.375324 0.150982 0 0 1
v 0.338418 0.374049 0.153506 0 0 1
v 0.338195 0.373934 0.157324 0 0 1
v 0.34046 0.375048 0.160201 0 0 1
v 0.343885 0.376736 0.160452 0 0 1
v 0.348836 0.373201 0.157923 0 0 1
v 0.349059 0.373315 0.154104 0 0 1
v 0.346794 0.372202 0.151227 0 0 1
v 0.343369 0.370513 0.150977 0 0 1
v 0.34079 0.369239 0.1535 0 0 1
v 0.340567 0.369124 0.157319 0 0 1
v 0.342832 0.370238 0.160196 0 0 1
v 0.346257 0.371926 0.160446 0 0 1
v 0.351208 0.368391 0.157917 0 0 1
v 0.351431 0.368505 0.154099 0 0 1
v 0.349166 0.367392 0.151222 0 0 1
v 0.345741 0.365703 0.150971 0 0 1
v 0.343162 0.364429 0.153495 0 0 1
v 0.342939 0.364314 0.157313 0 0 1
v 0.345204 0.365428 0.16019 0 0 1
v 0.348629 0.367116 0.160441 0 0 1
v 0.35358 0.363581 0.157912 0 0 1
v 0.353803 0.363695 0.154093 0 0 1
v 0.351538 0.362582 0.151216 0 0 1
v 0.348114 0.360893 0.150966 0 0 1
v 0.345534 0.359618 0.153489 0 0 1
v 0.345312 0.359504 0.157308 0 0 1
v 0.347576 0.360618 0.160185 0 0 1
v 0.351001 0.362306 0.160435 0 0 1
v 0.355952 0.358771 0.157906 0 0 1
v 0.356175 0.358885 0.154088 0 0 1
v 0.353911 0.357772 0.151211 0 0 1
v 0.350486 0.356083 0.15096 0 0 1
v 0.347906 0.354808 0.153483 0 0 1
v 0.347684 0.354694 0.157302 0 0 1
v 0.349948 0.355807 0.160179 0 0 1
v 0.353373 0.357496 0.16043 0 0 1
v 0.335545 0.396344 0.155755 0 0 1
v 0.342441 0.37603 0.155717 0 0 1
v 0.34003 0.397863 0.157363 0 0 1
v 0.339791 0.397789 0.153544 0 0 1
v 0.337065 0.396869 0.151021 0 0 1
v 0.333449 0.395641 0.151271 0 0 1
v 0.331061 0.394825 0.154148 0 0 1
v 0.3313 0.394899 0.157967 0 0 1
v 0.334026 0.39582 0.16049 0 0 1
v 0.337642 0.397047 0.16024 0 0 1
v 0.341754 0.392785 0.157353 0 0 1
v 0.341514 0.392711 0.153534 0 0 1
v 0.338788 0.39179 0.151011 0 0 1
v 0.335173 0.390562 0.151261 0 0 1
v 0.332785 0.389746 0.154139 0 0 1
v 0.333024 0.38982 0.157957 0 0 1
v 0.33575 0.390741 0.16048 0 0 1
v 0.339366 0.391969 0.16023 0 0 1
v 0.343478 0.387706 0.157343 0 0 1
v 0.343238 0.387632 0.153525 0 0 1
v 0.340512 0.386712 0.151002 0 0 1
v 0.336897 0.385484 0.151252 0 0 1
v 0.334509 0.384668 0.154129 0 0 1
v 0.334748 0.384742 0.157948 0 0 1
v 0.337474 0.385663 0.160471 0 0 1
v 0.34109 0.38689 0.160221 0 0 1
v 0.345201 0.382628 0.157334 0 0 1
v 0.344962 0.382554 0.153515 0 0 1
v 0.342236 0.381633 0.150992 0 0 1
v 0.33862 0.380405 0.151242 0 0 1
v 0.336233 0.379589 0.154119 0 0 1
v 0.336472 0.379663 0.157938 0 0 1
v 0.339198 0.380584 0.160461 0 0 1
v 0.342814 0.381812 0.160211 0 0 1
v 0.346925 0.377549 0.157324 0 0 1
v 0.346686 0.377475 0.153506 0 0 1
v 0.34396 0.376555 0.150982 0 0 1
v 0.340344 0.375327 0.151233 0 0 1
v 0.337957 0.374511 0.15411 0 0 1
v 0.338196 0.374585 0.157929 0 0 1
v 0.340922 0.375505 0.160452 0 0 1
v 0.344538 0.376733 0.160201 0 0 1
v 0.33136 0.417385 0.155809 0 0 1
v 0.335545 0.396344 0.155755 0 0 1
v 0.33617 0.418339 0.156784 0 0 1
v 0.335436 0.418202 0.153031 0 0 1
v 0.332315 0.417587 0.150905 0 0 1
v 0.328634 0.416853 0.151652 0 0 1
v 0.32655 0.41643 0.154833 0 0 1
v 0.327284 0.416567 0.158587 0 0 1
v 0.330406 0.417182 0.160713 0 0 1
v 0.334087 0.417916 0.159966 0 0 1
v 0.337217 0.413079 0.156771 0 0 1
v 0.336483 0.412942 0.153018 0 0 1
v 0.333361 0.412327 0.150892 0 0 1
v 0.32968 0.411593 0.151638 0 0 1
v 0.327596 0.41117 0.15482 0 0 1
v 0.32833 0.411307 0.158573 0 0 1
v 0.331452 0.411922 0.160699 0 0 1
v 0.335133 0.412656 0.159953 0 0 1
v 0.338263 0.407819 0.156758 0 0 1
v 0.337529 0.407682 0.153004 0 0 1
v 0.334407 0.407067 0.150878 0 0 1
v 0.330726 0.406333 0.151625 0 0 1
v 0.328643 0.40591 0.154807 0 0 1
v 0.329377 0.406047 0.15856 0 0 1
v 0.332499 0.406662 0.160686 0 0 1
v 0.336179 0.407396 0.159939 0 0 1
v 0.339309 0.402559 0.156744 0 0 1
v 0.338575 0.402422 0.152991 0 0 1
v 0.335453 0.401807 0.150865 0 0 1
v 0.331773 0.401073 0.151611 0 0 1
v 0.329689 0.40065 0.154793 0 0 1
v 0.330423 0.400786 0.158547 0 0 1
v 0.333545 0.401402 0.160673 0 0 1
v 0.337226 0.402136 0.159926 0 0 1
v 0.340356 0.397299 0.156731 0 0 1
v 0.339622 0.397162 0.152977 0 0 1
v 0.3365 0.396547 0.150851 0 0 1
v 0.332819 0.395812 0.151598 0 0 1
v 0.330735 0.39539 0.15478 0 0 1
v 0.331469 0.395526 0.158533 0 0 1
v 0.334591 0.396142 0.160659 0 0 1
v 0.338272 0.396876 0.159913 0 0 1
v 0.329957 0.438791 0.155877 0 0 1
v 0.33136 0.417385 0.155809 0 0 1
v 0.334936 0.439116 0.156204 0 0 1
v 0.333708 0.439048 0.15258 0 0 1
v 0.330282 0.438828 0.150888 0 0 1
v 0.326667 0.438587 0.152118 0 0 1
v 0.324979 0.438466 0.15555 0 0 1
v 0.326207 0.438535 0.159174 0 0 1
v 0.329632 0.438754 0.160866 0 0 1
v 0.333248 0.438995 0.159636 0 0 1
v 0.335287 0.433765 0.156187 0 0 1
v 0.334058 0.433696 0.152563 0 0 1
v 0.330633 0.433477 0.150871 0 0 1
v 0.327018 0.433236 0.152101 0 0 1
v 0.325329 0.433114 0.155533 0 0 1
v 0.326557 0.433183 0.159157 0 0 1
v 0.329983 0.433402 0.160849 0 0 1
v 0.333598 0.433643 0.159619 0 0 1
v 0.335637 0.428413 0.15617 0 0 1
v 0.334409 0.428344 0.152546 0 0 1
v 0.330984 0.428125 0.150854 0 0 1
v 0.327368 0.427884 0.152084 0 0 1
v 0.32568 0.427763 0.155516 0 0 1
v 0.326908 0.427832 0.15914 0 0 1
v 0.330333 0.428051 0.160832 0 0 1
v 0.333949 0.428292 0.159602 0 0 1
v 0.335988 0.423062 0.156153 0 0 1
v 0.33476 0.422993 0.152529 0 0 1
v 0.331335 0.422773 0.150837 0 0 1
v 0.327719 0.422533 0.152067 0 0 1
v 0.326031 0.422411 0.155499 0 0 1
v 0.327259 0.42248 0.159123 0 0 1
v 0.330684 0.422699 0.160815 0 0 1
v 0.3343 0.42294 0.159585 0 0 1
v 0.336339 0.41771 0.156136 0 0 1
v 0.335111 0.417641 0.152512 0 0 1
v 0.331686 0.417422 0.15082 0 0 1
v 0.32807 0.417181 0.15205 0 0 1
v 0.326382 0.417059 0.155482 0 0 1
v 0.32761 0.417128 0.159106 0 0 1
v 0.331035 0.417347 0.160798 0 0 1
v 0.334651 0.417588 0.159568 0 0 1
v 0.33136 0.460198 0.155958 0 0 1
v 0.329957 0.438791 0.155877 0 0 1
v 0.336339 0.459873 0.155631 0 0 1
v 0.334651 0.459996 0.152199 0 0 1
v 0.331035 0.460238 0.150969 0 0 1
v 0.32761 0.460456 0.152662 0 0 1
v 0.326382 0.460523 0.156285 0 0 1
v 0.32807 0.460399 0.159717 0 0 1
v 0.331685 0.460158 0.160948 0 0 1
v 0.335111 0.459939 0.159255 0 0 1
v 0.335988 0.454521 0.155611 0 0 1
v 0.3343 0.454645 0.152179 0 0 1
v 0.330684 0.454886 0.150949 0 0 1
v 0.327259 0.455104 0.152641 0 0 1
v 0.326031 0.455171 0.156265 0 0 1
v 0.327719 0.455048 0.159697 0 0 1
v 0.331335 0.454806 0.160927 0 0 1
v 0.33476 0.454588 0.159235 0 0 1
v 0.335637 0.449169 0.155591 0 0 1
v 0.333949 0.449293 0.152158 0 0 1
v 0.330334 0.449535 0.150928 0 0 1
v 0.326908 0.449753 0.152621 0 0 1
v 0.32568 0.44982 0.156245 0 0 1
v 0.327368 0.449696 0.159677 0 0 1
v 0.330984 0.449454 0.160907 0 0 1
v 0.334409 0.449236 0.159214 0 0 1
v 0.335287 0.443818 0.15557 0 0 1
v 0.333599 0.443941 0.152138 0 0 1
v 0.329983 0.444183 0.150908 0 0 1
v 0.326558 0.444401 0.152601 0 0 1
v 0.325329 0.444468 0.156224 0 0 1
v 0.327017 0.444344 0.159656 0 0 1
v 0.330633 0.444103 0.160887 0 0 1
v 0.334058 0.443885 0.159194 0 0 1
v 0.334936 0.438466 0.15555 0 0 1
v 0.333248 0.43859 0.152118 0 0 1
v 0.329632 0.438831 0.150888 0 0 1
v 0.326207 0.43905 0.15258 0 0 1
v 0.324978 0.439116 0.156204 0 0 1
v 0.326667 0.438993 0.159636 0 0 1
v 0.330282 0.438751 0.160866 0 0 1
v 0.333708 0.438533 0.159174 0 0 1
v 0.335545 0.481238 0.156051 0 0 1
v 0.33136 0.460198 0.155958 0 0 1
v 0.340356 0.480286 0.155076 0 0 1
v 0.338273 0.480714 0.151894 0 0 1
v 0.334593 0.481449 0.151148 0 0 1
v 0.33147 0.482061 0.153274 0 0 1
v 0.330735 0.482191 0.157027 0 0 1
v 0.332817 0.481762 0.160209 0 0 1
v 0.336498 0.481027 0.160955 0 0 1
v 0.339621 0.480415 0.158829 0 0 1
v 0.33931 0.475025 0.155053 0 0 1
v 0.337227 0.475454 0.151871 0 0 1
v 0.333547 0.476189 0.151124 0 0 1
v 0.330424 0.476801 0.15325 0 0 1
v 0.329689 0.476931 0.157004 0 0 1
v 0.331771 0.476502 0.160185 0 0 1
v 0.335452 0.475767 0.160932 0 0 1
v 0.338574 0.475155 0.158806 0 0 1
v 0.338263 0.469765 0.155029 0 0 1
v 0.336181 0.470194 0.151848 0 0 1
v 0.3325 0.470929 0.151101 0 0 1
v 0.329378 0.471541 0.153227 0 0 1
v 0.328642 0.47167 0.15698 0 0 1
v 0.330725 0.471242 0.160162 0 0 1
v 0.334405 0.470507 0.160909 0 0 1
v 0.337528 0.469895 0.158783 0 0 1
v 0.337217 0.464505 0.155006 0 0 1
v 0.335135 0.464934 0.151824 0 0 1
v 0.331454 0.465669 0.151078 0 0 1
v 0.328331 0.466281 0.153204 0 0 1
v 0.327596 0.46641 0.156957 0 0 1
v 0.329679 0.465982 0.160139 0 0 1
v 0.333359 0.465247 0.160885 0 0 1
v 0.336482 0.464635 0.158759 0 0 1
v 0.336171 0.459245 0.154983 0 0 1
v 0.334088 0.459674 0.151801 0 0 1
v 0.330408 0.460409 0.151054 0 0 1
v 0.327285 0.461021 0.15318 0 0 1
v 0.32655 0.46115 0.156934 0 0 1
v 0.328632 0.460722 0.160116 0 0 1
v 0.332313 0.459987 0.160862 0 0 1
v 0.335435 0.459375 0.158736 0 0 1
v 0.342441 0.501552 0.156155 0 0 1
v 0.335545 0.481238 0.156051 0 0 1
v 0.346927 0.500037 0.154548 0 0 1
v 0.344542 0.500862 0.151671 0 0 1
v 0.340927 0.50209 0.15142 0 0 1
v 0.338198 0.503004 0.153944 0 0 1
v 0.337955 0.503067 0.157762 0 0 1
v 0.34034 0.502242 0.160639 0 0 1
v 0.343956 0.501014 0.16089 0 0 1
v 0.346684 0.5001 0.158366 0 0 1
v 0.345203 0.494959 0.154522 0 0 1
v 0.342818 0.495783 0.151645 0 0 1
v 0.339203 0.497012 0.151395 0 0 1
v 0.336474 0.497925 0.153918 0 0 1
v 0.336231 0.497988 0.157736 0 0 1
v 0.338616 0.497164 0.160613 0 0 1
v 0.342232 0.495935 0.160864 0 0 1
v 0.34496 0.495022 0.158341 0 0 1
v 0.343479 0.48988 0.154496 0 0 1
v 0.341094 0.490705 0.151619 0 0 1
v 0.337479 0.491933 0.151369 0 0 1
v 0.33475 0.492847 0.153892 0 0 1
v 0.334507 0.49291 0.15771 0 0 1
v 0.336892 0.492085 0.160588 0 0 1
v 0.340508 0.490857 0.160838 0 0 1
v 0.343236 0.489943 0.158315 0 0 1
v 0.341755 0.484802 0.15447 0 0 1
v 0.33937 0.485626 0.151593 0 0 1
v 0.335755 0.486855 0.151343 0 0 1
v 0.333026 0.487768 0.153866 0 0 1
v 0.332783 0.487831 0.157685 0 0 1
v 0.335168 0.487007 0.160562 0 0 1
v 0.338784 0.485778 0.160812 0 0 1
v 0.341512 0.484865 0.158289 0 0 1
v 0.340031 0.479723 0.154444 0 0 1
v 0.337646 0.480548 0.151567 0 0 1
v 0.334031 0.481776 0.151317 0 0 1
v 0.331302 0.48269 0.15384 0 0 1
v 0.33106 0.482753 0.157659 0 0 1
v 0.333444 0.481928 0.160536 0 0 1
v 0.33706 0.4807 0.160786 0 0 1
v 0.339788 0.479786 0.158263 0 0 1
v 0.351929 0.520792 0.156267 0 0 1
v 0.342441 0.501552 0.156155 0 0 1
v 0.355956 0.518819 0.154056 0 0 1
v 0.353382 0.520103 0.151532 0 0 1
v 0.349956 0.521791 0.151783 0 0 1
v 0.347687 0.522894 0.15466 0 0 1
v 0.347902 0.522765 0.158478 0 0 1
v 0.350477 0.521481 0.161002 0 0 1
v 0.353902 0.519793 0.160751 0 0 1
v 0.356172 0.51869 0.157874 0 0 1
v 0.353584 0.514009 0.154028 0 0 1
v 0.35101 0.515293 0.151504 0 0 1
v 0.347584 0.516981 0.151755 0 0 1
v 0.345315 0.518084 0.154632 0 0 1
v 0.34553 0.517955 0.15845 0 0 1
v 0.348105 0.516671 0.160974 0 0 1
v 0.35153 0.514983 0.160723 0 0 1
v 0.3538 0.51388 0.157846 0 0 1
v 0.351212 0.509199 0.154 0 0 1
v 0.348638 0.510483 0.151476 0 0 1
v 0.345212 0.512171 0.151727 0 0 1
v 0.342942 0.513274 0.154604 0 0 1
v 0.343158 0.513145 0.158422 0 0 1
v 0.345733 0.511861 0.160946 0 0 1
v 0.349158 0.510173 0.160695 0 0 1
v 0.351428 0.50907 0.157818 0 0 1
v 0.34884 0.504389 0.153972 0 0 1
v 0.346265 0.505673 0.151448 0 0 1
v 0.34284 0.507361 0.151699 0 0 1
v 0.34057 0.508464 0.154576 0 0 1
v 0.340786 0.508335 0.158394 0 0 1
v 0.343361 0.507051 0.160918 0 0 1
v 0.346786 0.505363 0.160667 0 0 1
v 0.349056 0.50426 0.15779 0 0 1
v 0.346468 0.499579 0.153944 0 0 1
v 0.343893 0.500863 0.15142 0 0 1
v 0.340468 0.502551 0.151671 0 0 1
v 0.338198 0.503654 0.154548 0 0 1
v 0.338414 0.503525 0.158366 0 0 1
v 0.340989 0.502241 0.16089 0 0 1
v 0.344414 0.500553 0.160639 0 0 1
v 0.346684 0.49945 0.157762 0 0 1
v 0.363848 0.538629 0.156386 0 0 1
v 0.351929 0.520792 0.156267 0 0 1
v 0.367313 0.536332 0.153608 0 0 1
v 0.364674 0.53811 0.151482 0 0 1
v 0.361551 0.540191 0.152228 0 0 1
v 0.359773 0.541358 0.15541 0 0 1
v 0.360382 0.540926 0.159164 0 0 1
v 0.363021 0.539148 0.16129 0 0 1
v 0.366144 0.537067 0.160543 0 0 1
v 0.367922 0.5359 0.157361 0 0 1
v 0.364333 0.531873 0.153578 0 0 1
v 0.361694 0.53365 0.151452 0 0 1
v 0.358571 0.535732 0.152199 0 0 1
v 0.356794 0.536899 0.155381 0 0 1
v 0.357403 0.536467 0.159134 0 0 1
v 0.360042 0.534689 0.16126 0 0 1
v 0.363165 0.532607 0.160513 0 0 1
v 0.364942 0.531441 0.157331 0 0 1
v 0.361354 0.527414 0.153549 0 0 1
v 0.358715 0.529191 0.151423 0 0 1
v 0.355591 0.531273 0.152169 0 0 1
v 0.353814 0.532439 0.155351 0 0 1
v 0.354423 0.532007 0.159104 0 0 1
v 0.357062 0.53023 0.16123 0 0 1
v 0.360185 0.528148 0.160484 0 0 1
v 0.361963 0.526982 0.157302 0 0 1
v 0.358374 0.522954 0.153519 0 0 1
v 0.355735 0.524732 0.151393 0 0 1
v 0.352612 0.526814 0.152139 0 0 1
v 0.350834 0.52798 0.155321 0 0 1
v 0.351444 0.527548 0.159075 0 0 1
v 0.354083 0.525771 0.161201 0 0 1
v 0.357206 0.523689 0.160454 0 0 1
v 0.358983 0.522522 0.157272 0 0 1
v 0.355394 0.518495 0.153489 0 0 1
v 0.352755 0.520273 0.151363 0 0 1
v 0.349632 0.522354 0.15211 0 0 1
v 0.347855 0.523521 0.155292 0 0 1
v 0.348464 0.523089 0.159045 0 0 1
v 0.351103 0.521311 0.161171 0 0 1
v 0.354226 0.51923 0.160424 0 0 1
v 0.356004 0.518063 0.157242 0 0 1
v 0.377992 0.554758 0.156509 0 0 1
v 0.363848 0.538629 0.156386 0 0 1
v 0.380831 0.552293 0.153212 0 0 1
v 0.378257 0.554564 0.15152 0 0 1
v 0.375528 0.556948 0.15275 0 0 1
v 0.374242 0.558049 0.156182 0 0 1
v 0.375153 0.557222 0.159806 0 0 1
v 0.377727 0.554952 0.161498 0 0 1
v 0.380456 0.552568 0.160268 0 0 1
v 0.381742 0.551466 0.156836 0 0 1
v 0.377295 0.548261 0.153181 0 0 1
v 0.374721 0.550531 0.151489 0 0 1
v 0.371992 0.552915 0.152719 0 0 1
v 0.370706 0.554017 0.156151 0 0 1
v 0.371617 0.55319 0.159775 0 0 1
v 0.374191 0.550919 0.161467 0 0 1
v 0.37692 0.548535 0.160237 0 0 1
v 0.378206 0.547434 0.156805 0 0 1
v 0.373759 0.544229 0.153151 0 0 1
v 0.371185 0.546499 0.151458 0 0 1
v 0.368455 0.548883 0.152688 0 0 1
v 0.36717 0.549984 0.15612 0 0 1
v 0.368081 0.549158 0.159744 0 0 1
v 0.370655 0.546887 0.161437 0 0 1
v 0.373384 0.544503 0.160206 0 0 1
v 0.37467 0.543402 0.156774 0 0 1
v 0.370222 0.540197 0.15312 0 0 1
v 0.367648 0.542467 0.151427 0 0 1
v 0.364919 0.544851 0.152657 0 0 1
v 0.363634 0.545952 0.15609 0 0 1
v 0.364545 0.545125 0.159713 0 0 1
v 0.367119 0.542855 0.161406 0 0 1
v 0.369848 0.540471 0.160176 0 0 1
v 0.371134 0.53937 0.156743 0 0 1
v 0.366686 0.536165 0.153089 0 0 1
v 0.364112 0.538435 0.151396 0 0 1
v 0.361383 0.540819 0.152627 0 0 1
v 0.360098 0.54192 0.156059 0 0 1
v 0.361009 0.541093 0.159682 0 0 1
v 0.363583 0.538823 0.161375 0 0 1
v 0.366312 0.536439 0.160145 0 0 1
v 0.367597 0.535338 0.156713 0 0 1
v 0.394121 0.568902 0.156635 0 0 1
v 0.377992 0.554758 0.156509 0 0 1
v 0.396311 0.566438 0.152875 0 0 1
v 0.393927 0.569167 0.151645 0 0 1
v 0.391657 0.571741 0.153338 0 0 1
v 0.39083 0.572652 0.156962 0 0 1
v 0.391931 0.571366 0.160394 0 0 1
v 0.394315 0.568637 0.161624 0 0 1
v 0.396585 0.566063 0.159931 0 0 1
v 0.397412 0.565152 0.156308 0 0 1
v 0.392279 0.562902 0.152844 0 0 1
v 0.389895 0.565631 0.151614 0 0 1
v 0.387625 0.568205 0.153307 0 0 1
v 0.386798 0.569116 0.15693 0 0 1
v 0.387898 0.56783 0.160362 0 0 1
v 0.390282 0.565101 0.161592 0 0 1
v 0.392553 0.562527 0.1599 0 0 1
v 0.39338 0.561616 0.156276 0 0 1
v 0.388247 0.559366 0.152813 0 0 1
v 0.385863 0.562095 0.151583 0 0 1
v 0.383592 0.564669 0.153275 0 0 1
v 0.382765 0.56558 0.156899 0 0 1
v 0.383866 0.564294 0.160331 0 0 1
v 0.38625 0.561565 0.161561 0 0 1
v 0.388521 0.558991 0.159868 0 0 1
v 0.389348 0.55808 0.156245 0 0 1
v 0.384215 0.55583 0.152781 0 0 1
v 0.381831 0.558559 0.151551 0 0 1
v 0.37956 0.561133 0.153244 0 0 1
v 0.378733 0.562044 0.156867 0 0 1
v 0.379834 0.560758 0.160299 0 0 1
v 0.382218 0.558029 0.16153 0 0 1
v 0.384488 0.555455 0.159837 0 0 1
v 0.385315 0.554544 0.156213 0 0 1
v 0.380182 0.552294 0.15275 0 0 1
v 0.377798 0.555023 0.15152 0 0 1
v 0.375528 0.557597 0.153212 0 0 1
v 0.374701 0.558508 0.156836 0 0 1
v 0.375802 0.557222 0.160268 0 0 1
v 0.378186 0.554492 0.161498 0 0 1
v 0.380456 0.551919 0.159806 0 0 1
v 0.381283 0.551008 0.156182 0 0 1
v 0.411958 0.58082 0.156761 0 0 1
v 0.394121 0.568902 0.156635 0 0 1
v 0.413522 0.578524 0.152603 0 0 1
v 0.41144 0.581647 0.151857 0 0 1
v 0.409662 0.584286 0.153983 0 0 1
v 0.409229 0.584894 0.157736 0 0 1
v 0.410394 0.583116 0.160918 0 0 1
v 0.412476 0.579993 0.161664 0 0 1
v 0.414254 0.577354 0.159538 0 0 1
v 0.414687 0.576746 0.155785 0 0 1
v 0.409062 0.575544 0.152572 0 0 1
v 0.406981 0.578668 0.151825 0 0 1
v 0.405203 0.581306 0.153951 0 0 1
v 0.404769 0.581915 0.157705 0 0 1
v 0.405935 0.580137 0.160886 0 0 1
v 0.408017 0.577013 0.161633 0 0 1
v 0.409795 0.574375 0.159507 0 0 1
v 0.410228 0.573766 0.155754 0 0 1
v 0.404603 0.572565 0.15254 0 0 1
v 0.402521 0.575688 0.151794 0 0 1
v 0.400743 0.578327 0.15392 0 0 1
v 0.40031 0.578935 0.157673 0 0 1
v 0.401476 0.577157 0.160855 0 0 1
v 0.403557 0.574034 0.161601 0 0 1
v 0.405336 0.571395 0.159475 0 0 1
v 0.405769 0.570787 0.155722 0 0 1
v 0.400144 0.569585 0.152509 0 0 1
v 0.398062 0.572709 0.151762 0 0 1
v 0.396284 0.575347 0.153888 0 0 1
v 0.395851 0.575956 0.157642 0 0 1
v 0.397017 0.574178 0.160823 0 0 1
v 0.399098 0.571054 0.16157 0 0 1
v 0.400876 0.568416 0.159444 0 0 1
v 0.401309 0.567807 0.155691 0 0 1
v 0.395684 0.566606 0.152477 0 0 1
v 0.393603 0.569729 0.151731 0 0 1
v 0.391825 0.572368 0.153857 0 0 1
v 0.391392 0.572976 0.15761 0 0 1
v 0.392557 0.571198 0.160792 0 0 1
v 0.394639 0.568075 0.161538 0 0 1
v 0.396417 0.565436 0.159412 0 0 1
v 0.39685 0.564828 0.155659 0 0 1
v 0.431198 0.590308 0.156885 0 0 1
v 0.411958 0.58082 0.156761 0 0 1
v 0.432199 0.588336 0.1524 0 0 1
v 0.430512 0.591762 0.15215 0 0 1
v 0.429226 0.594336 0.154673 0 0 1
v 0.429096 0.59455 0.158492 0 0 1
v 0.430197 0.59228 0.161369 0 0 1
v 0.431884 0.588854 0.161619 0 0 1
v 0.43317 0.58628 0.159096 0 0 1
v 0.4333 0.586066 0.155278 0 0 1
v 0.427389 0.585964 0.152369 0 0 1
v 0.425702 0.58939 0.152119 0 0 1
v 0.424416 0.591964 0.154642 0 0 1
v 0.424286 0.592178 0.158461 0 0 1
v 0.425387 0.589908 0.161338 0 0 1
v 0.427074 0.586482 0.161588 0 0 1
v 0.42836 0.583908 0.159065 0 0 1
v 0.42849 0.583694 0.155247 0 0 1
v 0.422579 0.583592 0.152338 0 0 1
v 0.420892 0.587018 0.152088 0 0 1
v 0.419606 0.589592 0.154611 0 0 1
v 0.419476 0.589806 0.15843 0 0 1
v 0.420577 0.587536 0.161307 0 0 1
v 0.422264 0.58411 0.161557 0 0 1
v 0.42355 0.581536 0.159034 0 0 1
v 0.42368 0.581322 0.155215 0 0 1
v 0.417769 0.58122 0.152307 0 0 1
v 0.416082 0.584646 0.152057 0 0 1
v 0.414796 0.58722 0.15458 0 0 1
v 0.414666 0.587434 0.158399 0 0 1
v 0.415767 0.585164 0.161276 0 0 1
v 0.417454 0.581738 0.161526 0 0 1
v 0.41874 0.579164 0.159003 0 0 1
v 0.41887 0.57895 0.155184 0 0 1
v 0.412959 0.578848 0.152276 0 0 1
v 0.411272 0.582274 0.152026 0 0 1
v 0.409986 0.584848 0.154549 0 0 1
v 0.409856 0.585062 0.158368 0 0 1
v 0.410957 0.582792 0.161245 0 0 1
v 0.412644 0.579366 0.161495 0 0 1
v 0.41393 0.576792 0.158972 0 0 1
v 0.41406 0.576578 0.155153 0 0 1
v 0.451512 0.597203 0.157005 0 0 1
v 0.431198 0.590308 0.156885 0 0 1
v 0.452054 0.59569 0.15227 0 0 1
v 0.450825 0.599306 0.152521 0 0 1
v 0.449999 0.60169 0.155398 0 0 1
v 0.450059 0.601446 0.159216 0 0 1
v 0.45097 0.598717 0.16174 0 0 1
v 0.452199 0.595101 0.161489 0 0 1
v 0.453025 0.592717 0.158612 0 0 1
v 0.452965 0.592961 0.154794 0 0 1
v 0.446975 0.593966 0.15224 0 0 1
v 0.445746 0.597582 0.152491 0 0 1
v 0.44492 0.599966 0.155368 0 0 1
v 0.44498 0.599722 0.159186 0 0 1
v 0.445892 0.596993 0.16171 0 0 1
v 0.447121 0.593377 0.161459 0 0 1
v 0.447947 0.590993 0.158582 0 0 1
v 0.447887 0.591237 0.154764 0 0 1
v 0.441897 0.592242 0.15221 0 0 1
v 0.440668 0.595858 0.152461 0 0 1
v 0.439842 0.598242 0.155338 0 0 1
v 0.439902 0.597998 0.159156 0 0 1
v 0.440813 0.595269 0.16168 0 0 1
v 0.442042 0.591653 0.161429 0 0 1
v 0.442868 0.589269 0.158552 0 0 1
v 0.442808 0.589513 0.154733 0 0 1
v 0.436818 0.590518 0.15218 0 0 1
v 0.435589 0.594134 0.152431 0 0 1
v 0.434763 0.596518 0.155308 0 0 1
v 0.434823 0.596274 0.159126 0 0 1
v 0.435735 0.593545 0.161649 0 0 1
v 0.436964 0.58993 0.161399 0 0 1
v 0.43779 0.587545 0.158522 0 0 1
v 0.43773 0.587789 0.154703 0 0 1
v 0.43174 0.588795 0.15215 0 0 1
v 0.430511 0.59241 0.152401 0 0 1
v 0.429685 0.594794 0.155278 0 0 1
v 0.429745 0.59455 0.159096 0 0 1
v 0.430656 0.591821 0.161619 0 0 1
v 0.431885 0.588206 0.161369 0 0 1
v 0.432711 0.585822 0.158492 0 0 1
v 0.432651 0.586066 0.154673 0 0 1
v 0.472552 0.601388 0.157119 0 0 1
v 0.451512 0.597203 0.157005 0 0 1
v 0.472768 0.600437 0.152215 0 0 1
v 0.472032 0.604117 0.152962 0 0 1
v 0.471601 0.606199 0.156144 0 0 1
v 0.471727 0.605463 0.159897 0 0 1
v 0.472336 0.60234 0.162023 0 0 1
v 0.473072 0.598659 0.161276 0 0 1
v 0.473504 0.596577 0.158095 0 0 1
v 0.473378 0.597314 0.154341 0 0 1
v 0.467508 0.59939 0.152187 0 0 1
v 0.466772 0.603071 0.152933 0 0 1
v 0.466341 0.605153 0.156115 0 0 1
v 0.466467 0.604416 0.159869 0 0 1
v 0.467076 0.601293 0.161995 0 0 1
v 0.467812 0.597613 0.161248 0 0 1
v 0.468244 0.595531 0.158066 0 0 1
v 0.468118 0.596267 0.154313 0 0 1
v 0.462248 0.598344 0.152158 0 0 1
v 0.461512 0.602025 0.152905 0 0 1
v 0.461081 0.604106 0.156087 0 0 1
v 0.461207 0.60337 0.15984 0 0 1
v 0.461816 0.600247 0.161966 0 0 1
v 0.462552 0.596567 0.161219 0 0 1
v 0.462984 0.594485 0.158037 0 0 1
v 0.462858 0.595221 0.154284 0 0 1
v 0.456988 0.597298 0.15213 0 0 1
v 0.456252 0.600978 0.152876 0 0 1
v 0.45582 0.60306 0.156058 0 0 1
v 0.455947 0.602324 0.159811 0 0 1
v 0.456556 0.599201 0.161937 0 0 1
v 0.457292 0.595521 0.161191 0 0 1
v 0.457724 0.593439 0.158009 0 0 1
v 0.457598 0.594175 0.154256 0 0 1
v 0.451728 0.596252 0.152101 0 0 1
v 0.450992 0.599932 0.152848 0 0 1
v 0.45056 0.602014 0.15603 0 0 1
v 0.450686 0.601278 0.159783 0 0 1
v 0.451296 0.598155 0.161909 0 0 1
v 0.452032 0.594474 0.161162 0 0 1
v 0.452464 0.592393 0.15798 0 0 1
v 0.452337 0.593129 0.154227 0 0 1
v 0.493959 0.602791 0.157225 0 0 1
v 0.472552 0.601388 0.157119 0 0 1
v 0.494005 0.602466 0.152236 0 0 1
v 0.493762 0.606082 0.153466 0 0 1
v 0.493634 0.60777 0.156899 0 0 1
v 0.493697 0.606541 0.160522 0 0 1
v 0.493913 0.603115 0.162215 0 0 1
v 0.494156 0.5995 0.160985 0 0 1
v 0.494283 0.597812 0.157552 0 0 1
v 0.494221 0.599041 0.153929 0 0 1
v 0.488653 0.602116 0.15221 0 0 1
v 0.48841 0.605731 0.15344 0 0 1
v 0.488282 0.607419 0.156872 0 0 1
v 0.488345 0.60619 0.160496 0 0 1
v 0.488561 0.602765 0.162188 0 0 1
v 0.488804 0.599149 0.160958 0 0 1
v 0.488932 0.597461 0.157526 0 0 1
v 0.488869 0.59869 0.153902 0 0 1
v 0.483301 0.601765 0.152183 0 0 1
v 0.483058 0.60538 0.153413 0 0 1
v 0.482931 0.607068 0.156845 0 0 1
v 0.482993 0.60584 0.160469 0 0 1
v 0.483209 0.602414 0.162162 0 0 1
v 0.483452 0.598799 0.160931 0 0 1
v 0.48358 0.597111 0.157499 0 0 1
v 0.483518 0.598339 0.153876 0 0 1
v 0.47795 0.601414 0.152157 0 0 1
v 0.477707 0.60503 0.153387 0 0 1
v 0.477579 0.606718 0.156819 0 0 1
v 0.477642 0.605489 0.160443 0 0 1
v 0.477858 0.602063 0.162135 0 0 1
v 0.478101 0.598448 0.160905 0 0 1
v 0.478228 0.59676 0.157473 0 0 1
v 0.478166 0.597989 0.153849 0 0 1
v 0.472598 0.601064 0.15213 0 0 1
v 0.472355 0.604679 0.15336 0 0 1
v 0.472228 0.606367 0.156792 0 0 1
v 0.47229 0.605138 0.160416 0 0 1
v 0.472506 0.601713 0.162108 0 0 1
v 0.472749 0.598097 0.160878 0 0 1
v 0.472877 0.596409 0.157446 0 0 1
v 0.472814 0.597638 0.153822 0 0 1
v 0.515365 0.601387 0.157322 0 0 1
v 0.493959 0.602791 0.157225 0 0 1
v 0.515409 0.601712 0.152333 0 0 1
v 0.515626 0.605138 0.154025 0 0 1
v 0.51569 0.606366 0.157649 0 0 1
v 0.515564 0.604678 0.161081 0 0 1
v 0.515321 0.601063 0.162311 0 0 1
v 0.515104 0.597637 0.160619 0 0 1
v 0.51504 0.596409 0.156995 0 0 1
v 0.515166 0.598097 0.153563 0 0 1
v 0.510057 0.602063 0.152309 0 0 1
v 0.510274 0.605489 0.154001 0 0 1
v 0.510339 0.606717 0.157625 0 0 1
v 0.510212 0.605029 0.161057 0 0 1
v 0.50997 0.601413 0.162287 0 0 1
v 0.509753 0.597988 0.160594 0 0 1
v 0.509689 0.59676 0.156971 0 0 1
v 0.509815 0.598448 0.153539 0 0 1
v 0.504706 0.602414 0.152284 0 0 1
v 0.504923 0.605839 0.153977 0 0 1
v 0.504987 0.607068 0.157601 0 0 1
v 0.504861 0.60538 0.161033 0 0 1
v 0.504618 0.601764 0.162263 0 0 1
v 0.504401 0.598339 0.16057 0 0 1
v 0.504337 0.59711 0.156947 0 0 1
v 0.504463 0.598798 0.153514 0 0 1
v 0.499354 0.602765 0.15226 0 0 1
v 0.499571 0.60619 0.153953 0 0 1
v 0.499635 0.607419 0.157577 0 0 1
v 0.499509 0.605731 0.161009 0 0 1
v 0.499267 0.602115 0.162239 0 0 1
v 0.49905 0.59869 0.160546 0 0 1
v 0.498985 0.597461 0.156922 0 0 1
v 0.499112 0.599149 0.15349 0 0 1
v 0.494002 0.603116 0.152236 0 0 1
v 0.494219 0.606541 0.153929 0 0 1
v 0.494284 0.60777 0.157553 0 0 1
v 0.494158 0.606082 0.160985 0 0 1
v 0.493915 0.602466 0.162215 0 0 1
v 0.493698 0.599041 0.160522 0 0 1
v 0.493634 0.597812 0.156898 0 0 1
v 0.49376 0.5995 0.153466 0 0 1
v 0.536405 0.597202 0.157407 0 0 1
v 0.515365 0.601387 0.157322 0 0 1
v 0.536615 0.598155 0.152503 0 0 1
v 0.537227 0.601277 0.154629 0 0 1
v 0.537358 0.602012 0.158382 0 0 1
v 0.536931 0.59993 0.161564 0 0 1
v 0.536196 0.596249 0.162311 0 0 1
v 0.535583 0.593127 0.160185 0 0 1
v 0.535452 0.592391 0.156431 0 0 1
v 0.53588 0.594474 0.15325 0 0 1
v 0.531355 0.599201 0.152482 0 0 1
v 0.531967 0.602324 0.154608 0 0 1
v 0.532098 0.603059 0.158361 0 0 1
v 0.531671 0.600976 0.161543 0 0 1
v 0.530936 0.597295 0.16229 0 0 1
v 0.530323 0.594173 0.160163 0 0 1
v 0.530192 0.593438 0.15641 0 0 1
v 0.53062 0.595521 0.153228 0 0 1
v 0.526095 0.600248 0.152461 0 0 1
v 0.526707 0.60337 0.154587 0 0 1
v 0.526838 0.604105 0.15834 0 0 1
v 0.526411 0.602022 0.161522 0 0 1
v 0.525676 0.598342 0.162268 0 0 1
v 0.525063 0.595219 0.160142 0 0 1
v 0.524932 0.594484 0.156389 0 0 1
v 0.525359 0.596567 0.153207 0 0 1
v 0.520835 0.601294 0.152439 0 0 1
v 0.521447 0.604416 0.154565 0 0 1
v 0.521578 0.605151 0.158319 0 0 1
v 0.521151 0.603069 0.161501 0 0 1
v 0.520416 0.599388 0.162247 0 0 1
v 0.519803 0.596266 0.160121 0 0 1
v 0.519672 0.595531 0.156368 0 0 1
v 0.520099 0.597613 0.153186 0 0 1
v 0.515575 0.60234 0.152418 0 0 1
v 0.516187 0.605463 0.154544 0 0 1
v 0.516318 0.606198 0.158297 0 0 1
v 0.515891 0.604115 0.161479 0 0 1
v 0.515156 0.600434 0.162226 0 0 1
v 0.514543 0.597312 0.1601 0 0 1
v 0.514412 0.596577 0.156346 0 0 1
v 0.514839 0.59866 0.153165 0 0 1
v 0.556719 0.590306 0.157479 0 0 1
v 0.536405 0.597202 0.157407 0 0 1
v 0.557251 0.591823 0.152744 0 0 1
v 0.558168 0.59455 0.155268 0 0 1
v 0.558236 0.594791 0.159086 0 0 1
v 0.557416 0.592405 0.161963 0 0 1
v 0.556188 0.588789 0.162214 0 0 1
v 0.555271 0.586062 0.15969 0 0 1
v 0.555203 0.585821 0.155872 0 0 1
v 0.556023 0.588207 0.152995 0 0 1
v 0.552173 0.593547 0.152726 0 0 1
v 0.553089 0.596274 0.15525 0 0 1
v 0.553158 0.596515 0.159068 0 0 1
v 0.552337 0.594129 0.161945 0 0 1
v 0.551109 0.590513 0.162196 0 0 1
v 0.550192 0.587786 0.159672 0 0 1
v 0.550124 0.587545 0.155854 0 0 1
v 0.550944 0.589931 0.152977 0 0 1
v 0.547094 0.595271 0.152708 0 0 1
v 0.548011 0.597998 0.155232 0 0 1
v 0.548079 0.598239 0.15905 0 0 1
v 0.547259 0.595853 0.161927 0 0 1
v 0.546031 0.592237 0.162178 0 0 1
v 0.545114 0.58951 0.159654 0 0 1
v 0.545046 0.589269 0.155836 0 0 1
v 0.545866 0.591655 0.152959 0 0 1
v 0.542016 0.596995 0.15269 0 0 1
v 0.542932 0.599722 0.155214 0 0 1
v 0.543001 0.599963 0.159032 0 0 1
v 0.54218 0.597577 0.161909 0 0 1
v 0.540952 0.593961 0.16216 0 0 1
v 0.540035 0.591234 0.159636 0 0 1
v 0.539967 0.590993 0.155818 0 0 1
v 0.540787 0.593379 0.152941 0 0 1
v 0.536937 0.598719 0.152672 0 0 1
v 0.537854 0.601446 0.155196 0 0 1
v 0.537922 0.601687 0.159014 0 0 1
v 0.537102 0.599301 0.161891 0 0 1
v 0.535874 0.595685 0.162141 0 0 1
v 0.534957 0.592958 0.159618 0 0 1
v 0.534889 0.592717 0.1558 0 0 1
v 0.535709 0.595103 0.152923 0 0 1
v 0.575959 0.580817 0.157537 0 0 1
v 0.556719 0.590306 0.157479 0 0 1
v 0.576948 0.582795 0.153053 0 0 1
v 0.578058 0.585062 0.15593 0 0 1
v 0.577938 0.584842 0.159748 0 0 1
v 0.576659 0.582264 0.162272 0 0 1
v 0.57497 0.578839 0.162021 0 0 1
v 0.573861 0.576573 0.159144 0 0 1
v 0.573981 0.576793 0.155325 0 0 1
v 0.57526 0.57937 0.152802 0 0 1
v 0.572138 0.585168 0.153038 0 0 1
v 0.573247 0.587434 0.155915 0 0 1
v 0.573128 0.587214 0.159734 0 0 1
v 0.571849 0.584637 0.162257 0 0 1
v 0.57016 0.581211 0.162007 0 0 1
v 0.569051 0.578945 0.15913 0 0 1
v 0.569171 0.579165 0.155311 0 0 1
v 0.57045 0.581742 0.152788 0 0 1
v 0.567328 0.58754 0.153024 0 0 1
v 0.568437 0.589806 0.155901 0 0 1
v 0.568317 0.589586 0.159719 0 0 1
v 0.567039 0.587009 0.162243 0 0 1
v 0.56535 0.583584 0.161992 0 0 1
v 0.564241 0.581317 0.159115 0 0 1
v 0.564361 0.581537 0.155296 0 0 1
v 0.56564 0.584115 0.152773 0 0 1
v 0.562518 0.589912 0.153009 0 0 1
v 0.563627 0.592178 0.155886 0 0 1
v 0.563507 0.591958 0.159705 0 0 1
v 0.562229 0.589381 0.162228 0 0 1
v 0.56054 0.585956 0.161978 0 0 1
v 0.559431 0.583689 0.159101 0 0 1
v 0.559551 0.583909 0.155282 0 0 1
v 0.56083 0.586487 0.152759 0 0 1
v 0.557708 0.592284 0.152995 0 0 1
v 0.558817 0.59455 0.155872 0 0 1
v 0.558697 0.59433 0.159691 0 0 1
v 0.557419 0.591753 0.162214 0 0 1
v 0.55573 0.588328 0.161963 0 0 1
v 0.554621 0.586061 0.159086 0 0 1
v 0.554741 0.586281 0.155268 0 0 1
v 0.55602 0.588859 0.152744 0 0 1
v 0.593796 0.568899 0.15758 0 0 1
v 0.575959 0.580817 0.157537 0 0 1
v 0.595347 0.571204 0.153423 0 0 1
v 0.596523 0.572975 0.156604 0 0 1
v 0.596102 0.572358 0.160358 0 0 1
v 0.59433 0.569715 0.162484 0 0 1
v 0.592246 0.566594 0.161737 0 0 1
v 0.59107 0.564822 0.158555 0 0 1
v 0.591491 0.565439 0.154802 0 0 1
v 0.593263 0.568082 0.152676 0 0 1
v 0.590887 0.574183 0.153412 0 0 1
v 0.592063 0.575955 0.156594 0 0 1
v 0.591642 0.575338 0.160347 0 0 1
v 0.589871 0.572695 0.162473 0 0 1
v 0.587787 0.569573 0.161726 0 0 1
v 0.586611 0.567802 0.158545 0 0 1
v 0.587032 0.568419 0.154791 0 0 1
v 0.588803 0.571062 0.152665 0 0 1
v 0.586428 0.577163 0.153401 0 0 1
v 0.587604 0.578934 0.156583 0 0 1
v 0.587183 0.578318 0.160336 0 0 1
v 0.585412 0.575674 0.162462 0 0 1
v 0.583328 0.572553 0.161716 0 0 1
v 0.582152 0.570782 0.158534 0 0 1
v 0.582573 0.571398 0.154781 0 0 1
v 0.584344 0.574042 0.152654 0 0 1
v 0.581969 0.580143 0.15339 0 0 1
v 0.583145 0.581914 0.156572 0 0 1
v 0.582724 0.581297 0.160326 0 0 1
v 0.580952 0.578654 0.162452 0 0 1
v 0.578868 0.575533 0.161705 0 0 1
v 0.577693 0.573761 0.158523 0 0 1
v 0.578114 0.574378 0.15477 0 0 1
v 0.579885 0.577021 0.152644 0 0 1
v 0.57751 0.583122 0.15338 0 0 1
v 0.578686 0.584894 0.156562 0 0 1
v 0.578265 0.584277 0.160315 0 0 1
v 0.576493 0.581634 0.162441 0 0 1
v 0.574409 0.578512 0.161694 0 0 1
v 0.573233 0.576741 0.158512 0 0 1
v 0.573654 0.577358 0.154759 0 0 1
v 0.575426 0.580001 0.152633 0 0 1
v 0.609925 0.554754 0.157607 0 0 1
v 0.593796 0.568899 0.15758 0 0 1
v 0.612103 0.557229 0.153848 0 0 1
v 0.613215 0.558505 0.15728 0 0 1
v 0.612401 0.557583 0.160904 0 0 1
v 0.610136 0.555004 0.162596 0 0 1
v 0.607748 0.552278 0.161366 0 0 1
v 0.606635 0.551003 0.157934 0 0 1
v 0.60745 0.551925 0.15431 0 0 1
v 0.609714 0.554504 0.152618 0 0 1
v 0.60807 0.560765 0.153841 0 0 1
v 0.609183 0.562041 0.157273 0 0 1
v 0.608369 0.561119 0.160897 0 0 1
v 0.606104 0.55854 0.162589 0 0 1
v 0.603716 0.555814 0.161359 0 0 1
v 0.602603 0.554539 0.157927 0 0 1
v 0.603418 0.555461 0.154303 0 0 1
v 0.605682 0.55804 0.152611 0 0 1
v 0.604038 0.564302 0.153834 0 0 1
v 0.605151 0.565577 0.157266 0 0 1
v 0.604336 0.564655 0.16089 0 0 1
v 0.602072 0.562076 0.162583 0 0 1
v 0.599684 0.559351 0.161353 0 0 1
v 0.598571 0.558075 0.15792 0 0 1
v 0.599385 0.558997 0.154297 0 0 1
v 0.60165 0.561576 0.152604 0 0 1
v 0.600006 0.567838 0.153827 0 0 1
v 0.601119 0.569113 0.15726 0 0 1
v 0.600304 0.568191 0.160883 0 0 1
v 0.59804 0.565612 0.162576 0 0 1
v 0.595651 0.562887 0.161346 0 0 1
v 0.594539 0.561612 0.157914 0 0 1
v 0.595353 0.562533 0.15429 0 0 1
v 0.597618 0.565112 0.152597 0 0 1
v 0.595974 0.571374 0.153821 0 0 1
v 0.597087 0.57265 0.157253 0 0 1
v 0.596272 0.571728 0.160877 0 0 1
v 0.594007 0.569149 0.162569 0 0 1
v 0.591619 0.566423 0.161339 0 0 1
v 0.590506 0.565148 0.157907 0 0 1
v 0.591321 0.56607 0.154283 0 0 1
v 0.593586 0.568649 0.152591 0 0 1
v 0.62407 0.538625 0.157618 0 0 1
v 0.609925 0.554754 0.157607 0 0 1
v 0.626897 0.541102 0.154321 0 0 1
v 0.627821 0.541914 0.157945 0 0 1
v 0.626547 0.5408 0.161377 0 0 1
v 0.623822 0.538411 0.162607 0 0 1
v 0.621242 0.536147 0.160914 0 0 1
v 0.620319 0.535335 0.15729 0 0 1
v 0.621592 0.53645 0.153858 0 0 1
v 0.624317 0.538838 0.152628 0 0 1
v 0.623361 0.545134 0.154318 0 0 1
v 0.624285 0.545947 0.157942 0 0 1
v 0.623011 0.544832 0.161374 0 0 1
v 0.620286 0.542443 0.162604 0 0 1
v 0.617706 0.54018 0.160912 0 0 1
v 0.616783 0.539367 0.157288 0 0 1
v 0.618056 0.540482 0.153856 0 0 1
v 0.620781 0.542871 0.152626 0 0 1
v 0.619825 0.549167 0.154315 0 0 1
v 0.620749 0.549979 0.157939 0 0 1
v 0.619475 0.548864 0.161371 0 0 1
v 0.61675 0.546475 0.162601 0 0 1
v 0.61417 0.544212 0.160909 0 0 1
v 0.613246 0.543399 0.157285 0 0 1
v 0.61452 0.544514 0.153853 0 0 1
v 0.617245 0.546903 0.152623 0 0 1
v 0.616289 0.553199 0.154313 0 0 1
v 0.617212 0.554011 0.157937 0 0 1
v 0.615939 0.552897 0.161369 0 0 1
v 0.613214 0.550508 0.162599 0 0 1
v 0.610634 0.548244 0.160906 0 0 1
v 0.60971 0.547432 0.157282 0 0 1
v 0.610984 0.548546 0.15385 0 0 1
v 0.613709 0.550935 0.15262 0 0 1
v 0.612753 0.557231 0.15431 0 0 1
v 0.613676 0.558044 0.157934 0 0 1
v 0.612403 0.556929 0.161366 0 0 1
v 0.609678 0.55454 0.162596 0 0 1
v 0.607098 0.552276 0.160904 0 0 1
v 0.606174 0.551464 0.15728 0 0 1
v 0.607448 0.552579 0.153848 0 0 1
v 0.610173 0.554968 0.152618 0 0 1
v 0.635988 0.520787 0.157612 0 0 1
v 0.62407 0.538625 0.157618 0 0 1
v 0.639445 0.523098 0.154834 0 0 1
v 0.640066 0.523512 0.158587 0 0 1
v 0.638298 0.52233 0.161769 0 0 1
v 0.635178 0.520244 0.162516 0 0 1
v 0.632532 0.518477 0.16039 0 0 1
v 0.631911 0.518063 0.156636 0 0 1
v 0.633678 0.519245 0.153454 0 0 1
v 0.636799 0.52133 0.152708 0 0 1
v 0.636465 0.527557 0.154835 0 0 1
v 0.637086 0.527971 0.158589 0 0 1
v 0.635319 0.526789 0.161771 0 0 1
v 0.632198 0.524704 0.162517 0 0 1
v 0.629552 0.522936 0.160391 0 0 1
v 0.628931 0.522522 0.156638 0 0 1
v 0.630698 0.523704 0.153456 0 0 1
v 0.633819 0.52579 0.152709 0 0 1
v 0.633485 0.532016 0.154837 0 0 1
v 0.634107 0.53243 0.15859 0 0 1
v 0.632339 0.531248 0.161772 0 0 1
v 0.629219 0.529163 0.162519 0 0 1
v 0.626573 0.527396 0.160392 0 0 1
v 0.625951 0.526982 0.156639 0 0 1
v 0.627719 0.528164 0.153457 0 0 1
v 0.630839 0.530249 0.152711 0 0 1
v 0.630506 0.536476 0.154838 0 0 1
v 0.631127 0.53689 0.158592 0 0 1
v 0.62936 0.535708 0.161773 0 0 1
v 0.626239 0.533622 0.16252 0 0 1
v 0.623593 0.531855 0.160394 0 0 1
v 0.622972 0.531441 0.156641 0 0 1
v 0.624739 0.532623 0.153459 0 0 1
v 0.62786 0.534708 0.152712 0 0 1
v 0.627526 0.540935 0.15484 0 0 1
v 0.628147 0.541349 0.158593 0 0 1
v 0.62638 0.540167 0.161775 0 0 1
v 0.623259 0.538082 0.162521 0 0 1
v 0.620614 0.536314 0.160395 0 0 1
v 0.619992 0.5359 0.156642 0 0 1
v 0.62176 0.537082 0.15346 0 0 1
v 0.62488 0.539168 0.152714 0 0 1
v 0.645476 0.501547 0.15759 0 0 1
v 0.635988 0.520787 0.157612 0 0 1
v 0.649497 0.503532 0.155378 0 0 1
v 0.649723 0.50364 0.159197 0 0 1
v 0.647462 0.502521 0.162074 0 0 1
v 0.644037 0.500832 0.162324 0 0 1
v 0.641455 0.499562 0.159801 0 0 1
v 0.641229 0.499454 0.155982 0 0 1
v 0.643491 0.500573 0.153105 0 0 1
v 0.646916 0.502262 0.152855 0 0 1
v 0.647125 0.508342 0.155384 0 0 1
v 0.647351 0.50845 0.159202 0 0 1
v 0.64509 0.507331 0.162079 0 0 1
v 0.641665 0.505642 0.16233 0 0 1
v 0.639083 0.504372 0.159806 0 0 1
v 0.638857 0.504265 0.155988 0 0 1
v 0.641119 0.505383 0.153111 0 0 1
v 0.644544 0.507072 0.15286 0 0 1
v 0.644753 0.513153 0.155389 0 0 1
v 0.644979 0.51326 0.159208 0 0 1
v 0.642718 0.512141 0.162085 0 0 1
v 0.639293 0.510452 0.162335 0 0 1
v 0.636711 0.509182 0.159812 0 0 1
v 0.636485 0.509075 0.155993 0 0 1
v 0.638747 0.510193 0.153116 0 0 1
v 0.642172 0.511882 0.152866 0 0 1
v 0.642381 0.517963 0.155395 0 0 1
v 0.642607 0.51807 0.159213 0 0 1
v 0.640346 0.516951 0.162091 0 0 1
v 0.636921 0.515262 0.162341 0 0 1
v 0.634339 0.513992 0.159818 0 0 1
v 0.634113 0.513885 0.155999 0 0 1
v 0.636375 0.515003 0.153122 0 0 1
v 0.6398 0.516692 0.152872 0 0 1
v 0.640009 0.522773 0.1554 0 0 1
v 0.640235 0.52288 0.159219 0 0 1
v 0.637974 0.521761 0.162096 0 0 1
v 0.634549 0.520072 0.162346 0 0 1
v 0.631967 0.518802 0.159823 0 0 1
v 0.631741 0.518695 0.156005 0 0 1
v 0.634003 0.519813 0.153127 0 0 1
v 0.637427 0.521503 0.152877 0 0 1
v 0.652372 0.481233 0.157551 0 0 1
v 0.645476 0.501547 0.15759 0 0 1
v 0.656854 0.482757 0.155944 0 0 1
v 0.65662 0.482671 0.159763 0 0 1
v 0.653897 0.481741 0.162286 0 0 1
v 0.65028 0.480514 0.162036 0 0 1
v 0.64789 0.479708 0.159158 0 0 1
v 0.648124 0.479795 0.15534 0 0 1
v 0.650847 0.480724 0.152817 0 0 1
v 0.654464 0.481951 0.153067 0 0 1
v 0.655131 0.487836 0.155954 0 0 1
v 0.654896 0.487749 0.159772 0 0 1
v 0.652173 0.48682 0.162295 0 0 1
v 0.648557 0.485593 0.162045 0 0 1
v 0.646166 0.484787 0.159168 0 0 1
v 0.6464 0.484874 0.155349 0 0 1
v 0.649123 0.485803 0.152826 0 0 1
v 0.65274 0.48703 0.153076 0 0 1
v 0.653407 0.492915 0.155963 0 0 1
v 0.653172 0.492828 0.159782 0 0 1
v 0.650449 0.491899 0.162305 0 0 1
v 0.646833 0.490671 0.162055 0 0 1
v 0.644442 0.489865 0.159178 0 0 1
v 0.644677 0.489952 0.155359 0 0 1
v 0.6474 0.490881 0.152836 0 0 1
v 0.651016 0.492108 0.153086 0 0 1
v 0.651683 0.497993 0.155973 0 0 1
v 0.651448 0.497906 0.159791 0 0 1
v 0.648725 0.496977 0.162315 0 0 1
v 0.645109 0.49575 0.162064 0 0 1
v 0.642718 0.494944 0.159187 0 0 1
v 0.642953 0.495031 0.155369 0 0 1
v 0.645676 0.49596 0.152845 0 0 1
v 0.649292 0.497187 0.153096 0 0 1
v 0.649959 0.503072 0.155982 0 0 1
v 0.649724 0.502985 0.159801 0 0 1
v 0.647001 0.502056 0.162324 0 0 1
v 0.643385 0.500829 0.162074 0 0 1
v 0.640994 0.500022 0.159197 0 0 1
v 0.641229 0.500109 0.155378 0 0 1
v 0.643952 0.501038 0.152855 0 0 1
v 0.647568 0.502265 0.153105 0 0 1
v 0.656557 0.460192 0.157498 0 0 1
v 0.652372 0.481233 0.157551 0 0 1
v 0.661366 0.461152 0.156522 0 0 1
v 0.660636 0.460997 0.160276 0 0 1
v 0.657516 0.460371 0.162402 0 0 1
v 0.653835 0.45964 0.161655 0 0 1
v 0.651748 0.459233 0.158473 0 0 1
v 0.652478 0.459388 0.15472 0 0 1
v 0.655598 0.460014 0.152594 0 0 1
v 0.65928 0.460745 0.15334 0 0 1
v 0.66032 0.466412 0.156536 0 0 1
v 0.65959 0.466257 0.160289 0 0 1
v 0.65647 0.465631 0.162415 0 0 1
v 0.652788 0.4649 0.161668 0 0 1
v 0.650702 0.464493 0.158487 0 0 1
v 0.651432 0.464648 0.154733 0 0 1
v 0.654552 0.465274 0.152607 0 0 1
v 0.658233 0.466005 0.153354 0 0 1
v 0.659274 0.471672 0.156549 0 0 1
v 0.658543 0.471517 0.160302 0 0 1
v 0.655424 0.470891 0.162428 0 0 1
v 0.651742 0.470161 0.161682 0 0 1
v 0.649655 0.469754 0.1585 0 0 1
v 0.650386 0.469908 0.154747 0 0 1
v 0.653505 0.470534 0.152621 0 0 1
v 0.657187 0.471265 0.153367 0 0 1
v 0.658228 0.476932 0.156562 0 0 1
v 0.657497 0.476777 0.160316 0 0 1
v 0.654377 0.476151 0.162442 0 0 1
v 0.650696 0.475421 0.161695 0 0 1
v 0.648609 0.475014 0.158513 0 0 1
v 0.649339 0.475168 0.15476 0 0 1
v 0.652459 0.475794 0.152634 0 0 1
v 0.656141 0.476525 0.153381 0 0 1
v 0.657181 0.482192 0.156576 0 0 1
v 0.656451 0.482037 0.160329 0 0 1
v 0.653331 0.481411 0.162455 0 0 1
v 0.64965 0.480681 0.161709 0 0 1
v 0.647563 0.480274 0.158527 0 0 1
v 0.648293 0.480429 0.154773 0 0 1
v 0.651413 0.481055 0.152647 0 0 1
v 0.655094 0.481785 0.153394 0 0 1
v 0.65796 0.438786 0.15743 0 0 1
v 0.656557 0.460192 0.157498 0 0 1
v 0.662939 0.439113 0.157103 0 0 1
v 0.661712 0.439021 0.160726 0 0 1
v 0.658288 0.438791 0.162419 0 0 1
v 0.654671 0.438558 0.161189 0 0 1
v 0.652982 0.438458 0.157757 0 0 1
v 0.654208 0.43855 0.154133 0 0 1
v 0.657633 0.43878 0.15244 0 0 1
v 0.661249 0.439013 0.15367 0 0 1
v 0.662588 0.444465 0.15712 0 0 1
v 0.661361 0.444373 0.160743 0 0 1
v 0.657937 0.444143 0.162436 0 0 1
v 0.654321 0.44391 0.161206 0 0 1
v 0.652631 0.44381 0.157774 0 0 1
v 0.653858 0.443902 0.15415 0 0 1
v 0.657282 0.444132 0.152457 0 0 1
v 0.660898 0.444365 0.153687 0 0 1
v 0.662237 0.449816 0.157137 0 0 1
v 0.661011 0.449725 0.16076 0 0 1
v 0.657586 0.449495 0.162453 0 0 1
v 0.65397 0.449262 0.161223 0 0 1
v 0.65228 0.449162 0.157791 0 0 1
v 0.653507 0.449254 0.154167 0 0 1
v 0.656931 0.449484 0.152474 0 0 1
v 0.660548 0.449717 0.153704 0 0 1
v 0.661886 0.455168 0.157154 0 0 1
v 0.66066 0.455076 0.160777 0 0 1
v 0.657235 0.454846 0.16247 0 0 1
v 0.653619 0.454613 0.16124 0 0 1
v 0.651929 0.454513 0.157808 0 0 1
v 0.653156 0.454605 0.154184 0 0 1
v 0.656581 0.454835 0.152491 0 0 1
v 0.660197 0.455068 0.153722 0 0 1
v 0.661536 0.46052 0.157171 0 0 1
v 0.660309 0.460428 0.160794 0 0 1
v 0.656885 0.460198 0.162487 0 0 1
v 0.653268 0.459965 0.161257 0 0 1
v 0.651579 0.459865 0.157825 0 0 1
v 0.652805 0.459957 0.154201 0 0 1
v 0.65623 0.460187 0.152508 0 0 1
v 0.659846 0.46042 0.153739 0 0 1
v 0.651454 0.463253 0.371541 0 0 1
v 0.652857 0.441846 0.371445 0 0 1
v 0.656432 0.463578 0.371868 0 0 1
v 0.655204 0.463513 0.368244 0 0 1
v 0.651779 0.463296 0.366551 0 0 1
v 0.648163 0.463054 0.367781 0 0 1
v 0.646475 0.462928 0.371214 0 0 1
v 0.647704 0.462992 0.374837 0 0 1
v 0.651129 0.463209 0.37653 0 0 1
v 0.654745 0.463452 0.3753 0 0 1
v 0.656783 0.458226 0.371844 0 0 1
v 0.655555 0.458162 0.36822 0 0 1
v 0.652129 0.457945 0.366527 0 0 1
v 0.648514 0.457702 0.367758 0 0 1
v 0.646826 0.457576 0.37119 0 0 1
v 0.648054 0.457641 0.374813 0 0 1
v 0.65148 0.457858 0.376506 0 0 1
v 0.655095 0.4581 0.375276 0 0 1
v 0.657134 0.452874 0.37182 0 0 1
v 0.655905 0.45281 0.368196 0 0 1
v 0.65248 0.452593 0.366504 0 0 1
v 0.648864 0.452351 0.367734 0 0 1
v 0.647177 0.452225 0.371166 0 0 1
v 0.648405 0.452289 0.37479 0 0 1
v 0.65183 0.452506 0.376482 0 0 1
v 0.655446 0.452749 0.375252 0 0 1
v 0.657485 0.447523 0.371796 0 0 1
v 0.656256 0.447458 0.368172 0 0 1
v 0.652831 0.447242 0.36648 0 0 1
v 0.649215 0.446999 0.36771 0 0 1
v 0.647527 0.446873 0.371142 0 0 1
v 0.648756 0.446938 0.374766 0 0 1
v 0.652181 0.447154 0.376458 0 0 1
v 0.655797 0.447397 0.375228 0 0 1
v 0.657835 0.442171 0.371772 0 0 1
v 0.656607 0.442107 0.368148 0 0 1
v 0.653182 0.44189 0.366456 0 0 1
v 0.649566 0.441647 0.367686 0 0 1
v 0.647878 0.441522 0.371118 0 0 1
v 0.649107 0.441586 0.374742 0 0 1
v 0.652532 0.441803 0.376434 0 0 1
v 0.656147 0.442045 0.375204 0 0 1
v 0.647269 0.484293 0.371595 0 0 1
v 0.651454 0.463253 0.371541 0 0 1
v 0.652079 0.485248 0.37257 0 0 1
v 0.651345 0.485111 0.368817 0 0 1
v 0.648223 0.484496 0.366691 0 0 1
v 0.644542 0.483762 0.367438 0 0 1
v 0.642459 0.483339 0.37062 0 0 1
v 0.643193 0.483475 0.374373 0 0 1
v 0.646315 0.484091 0.376499 0 0 1
v 0.649996 0.484825 0.375752 0 0 1
v 0.653125 0.479987 0.372557 0 0 1
v 0.652391 0.479851 0.368803 0 0 1
v 0.649269 0.479236 0.366677 0 0 1
v 0.645589 0.478502 0.367424 0 0 1
v 0.643505 0.478079 0.370606 0 0 1
v 0.644239 0.478215 0.374359 0 0 1
v 0.647361 0.478831 0.376485 0 0 1
v 0.651042 0.479565 0.375739 0 0 1
v 0.654172 0.474727 0.372543 0 0 1
v 0.653437 0.474591 0.36879 0 0 1
v 0.650316 0.473976 0.366664 0 0 1
v 0.646635 0.473242 0.36741 0 0 1
v 0.644551 0.472819 0.370592 0 0 1
v 0.645285 0.472955 0.374346 0 0 1
v 0.648407 0.473571 0.376472 0 0 1
v 0.652088 0.474305 0.375725 0 0 1
v 0.655218 0.469467 0.372529 0 0 1
v 0.654484 0.469331 0.368776 0 0 1
v 0.651362 0.468715 0.36665 0 0 1
v 0.647681 0.467981 0.367397 0 0 1
v 0.645597 0.467559 0.370579 0 0 1
v 0.646331 0.467695 0.374332 0 0 1
v 0.649453 0.468311 0.376458 0 0 1
v 0.653134 0.469045 0.375711 0 0 1
v 0.656264 0.464207 0.372516 0 0 1
v 0.65553 0.464071 0.368763 0 0 1
v 0.652408 0.463455 0.366637 0 0 1
v 0.648727 0.462721 0.367383 0 0 1
v 0.646644 0.462299 0.370565 0 0 1
v 0.647378 0.462435 0.374318 0 0 1
v 0.6505 0.46305 0.376444 0 0 1
v 0.65418 0.463784 0.375698 0 0 1
v 0.640374 0.504608 0.371607 0 0 1
v 0.647269 0.484293 0.371595 0 0 1
v 0.644858 0.506129 0.373214 0 0 1
v 0.64462 0.50605 0.369396 0 0 1
v 0.641895 0.505127 0.366873 0 0 1
v 0.638279 0.503899 0.367123 0 0 1
v 0.63589 0.503087 0.37 0 0 1
v 0.636128 0.503165 0.373819 0 0 1
v 0.638853 0.504089 0.376342 0 0 1
v 0.642469 0.505316 0.376092 0 0 1
v 0.646581 0.50105 0.373211 0 0 1
v 0.646344 0.500972 0.369393 0 0 1
v 0.643619 0.500048 0.366869 0 0 1
v 0.640003 0.498821 0.36712 0 0 1
v 0.637614 0.498008 0.369997 0 0 1
v 0.637852 0.498087 0.373816 0 0 1
v 0.640577 0.49901 0.376339 0 0 1
v 0.644193 0.500238 0.376088 0 0 1
v 0.648305 0.495971 0.373208 0 0 1
v 0.648067 0.495893 0.369389 0 0 1
v 0.645342 0.49497 0.366866 0 0 1
v 0.641726 0.493742 0.367117 0 0 1
v 0.639338 0.49293 0.369994 0 0 1
v 0.639575 0.493008 0.373813 0 0 1
v 0.642301 0.493931 0.376336 0 0 1
v 0.645917 0.495159 0.376085 0 0 1
v 0.650029 0.490893 0.373205 0 0 1
v 0.649791 0.490814 0.369386 0 0 1
v 0.647066 0.489891 0.366863 0 0 1
v 0.64345 0.488664 0.367114 0 0 1
v 0.641061 0.487851 0.369991 0 0 1
v 0.641299 0.487929 0.37381 0 0 1
v 0.644024 0.488853 0.376333 0 0 1
v 0.64764 0.49008 0.376082 0 0 1
v 0.651753 0.485814 0.373202 0 0 1
v 0.651515 0.485736 0.369383 0 0 1
v 0.64879 0.484812 0.36686 0 0 1
v 0.645174 0.483585 0.367111 0 0 1
v 0.642785 0.482772 0.369988 0 0 1
v 0.643023 0.482851 0.373806 0 0 1
v 0.645748 0.483774 0.37633 0 0 1
v 0.649364 0.485002 0.376079 0 0 1
v 0.630887 0.523849 0.371577 0 0 1
v 0.640374 0.504608 0.371607 0 0 1
v 0.634907 0.525835 0.373789 0 0 1
v 0.635134 0.52594 0.36997 0 0 1
v 0.632873 0.524821 0.367093 0 0 1
v 0.629448 0.523132 0.366843 0 0 1
v 0.626866 0.521863 0.369366 0 0 1
v 0.626639 0.521757 0.373185 0 0 1
v 0.628901 0.522876 0.376062 0 0 1
v 0.632325 0.524565 0.376312 0 0 1
v 0.637279 0.521024 0.373796 0 0 1
v 0.637506 0.52113 0.369977 0 0 1
v 0.635244 0.520011 0.3671 0 0 1
v 0.63182 0.518322 0.36685 0 0 1
v 0.629238 0.517052 0.369374 0 0 1
v 0.629011 0.516946 0.373192 0 0 1
v 0.631272 0.518066 0.376069 0 0 1
v 0.634697 0.519755 0.376319 0 0 1
v 0.639651 0.516214 0.373804 0 0 1
v 0.639878 0.51632 0.369985 0 0 1
v 0.637616 0.5152 0.367108 0 0 1
v 0.634191 0.513511 0.366858 0 0 1
v 0.63161 0.512242 0.369381 0 0 1
v 0.631383 0.512136 0.3732 0 0 1
v 0.633644 0.513256 0.376077 0 0 1
v 0.637069 0.514945 0.376327 0 0 1
v 0.642023 0.511404 0.373811 0 0 1
v 0.642249 0.51151 0.369992 0 0 1
v 0.639988 0.51039 0.367115 0 0 1
v 0.636563 0.508701 0.366865 0 0 1
v 0.633981 0.507432 0.369389 0 0 1
v 0.633755 0.507326 0.373207 0 0 1
v 0.636016 0.508446 0.376084 0 0 1
v 0.639441 0.510135 0.376334 0 0 1
v 0.644395 0.506594 0.373818 0 0 1
v 0.644621 0.5067 0.37 0 0 1
v 0.64236 0.50558 0.367123 0 0 1
v 0.638935 0.503891 0.366873 0 0 1
v 0.636353 0.502622 0.369396 0 0 1
v 0.636127 0.502516 0.373215 0 0 1
v 0.638388 0.503635 0.376092 0 0 1
v 0.641813 0.505325 0.376342 0 0 1
v 0.618969 0.541686 0.371506 0 0 1
v 0.630887 0.523849 0.371577 0 0 1
v 0.622421 0.544004 0.374284 0 0 1
v 0.623049 0.544408 0.37053 0 0 1
v 0.621287 0.543218 0.367348 0 0 1
v 0.618167 0.541131 0.366602 0 0 1
v 0.615517 0.539369 0.368728 0 0 1
v 0.61489 0.538965 0.372482 0 0 1
v 0.616652 0.540155 0.375663 0 0 1
v 0.619772 0.542242 0.37641 0 0 1
v 0.6254 0.539544 0.374301 0 0 1
v 0.626028 0.539948 0.370548 0 0 1
v 0.624266 0.538758 0.367366 0 0 1
v 0.621146 0.536671 0.36662 0 0 1
v 0.618497 0.53491 0.368746 0 0 1
v 0.617869 0.534505 0.3725 0 0 1
v 0.619631 0.535695 0.375681 0 0 1
v 0.622751 0.537783 0.376428 0 0 1
v 0.62838 0.535085 0.374319 0 0 1
v 0.629007 0.535489 0.370566 0 0 1
v 0.627245 0.534299 0.367384 0 0 1
v 0.624126 0.532212 0.366638 0 0 1
v 0.621476 0.53045 0.368764 0 0 1
v 0.620849 0.530046 0.372517 0 0 1
v 0.622611 0.531236 0.375699 0 0 1
v 0.62573 0.533323 0.376446 0 0 1
v 0.631359 0.530625 0.374337 0 0 1
v 0.631987 0.531029 0.370584 0 0 1
v 0.630225 0.529839 0.367402 0 0 1
v 0.627105 0.527752 0.366656 0 0 1
v 0.624455 0.525991 0.368782 0 0 1
v 0.623828 0.525586 0.372535 0 0 1
v 0.62559 0.526776 0.375717 0 0 1
v 0.62871 0.528864 0.376463 0 0 1
v 0.634338 0.526166 0.374355 0 0 1
v 0.634966 0.52657 0.370602 0 0 1
v 0.633204 0.52538 0.36742 0 0 1
v 0.630084 0.523293 0.366674 0 0 1
v 0.627435 0.521531 0.3688 0 0 1
v 0.626807 0.521127 0.372553 0 0 1
v 0.628569 0.522317 0.375735 0 0 1
v 0.631689 0.524404 0.376481 0 0 1
v 0.604826 0.557816 0.371394 0 0 1
v 0.618969 0.541686 0.371506 0 0 1
v 0.607641 0.560308 0.37469 0 0 1
v 0.608578 0.561104 0.371067 0 0 1
v 0.607317 0.559975 0.367635 0 0 1
v 0.604597 0.557581 0.366405 0 0 1
v 0.602011 0.555325 0.368098 0 0 1
v 0.601073 0.554528 0.371721 0 0 1
v 0.602334 0.555658 0.375153 0 0 1
v 0.605055 0.558052 0.376383 0 0 1
v 0.611177 0.556275 0.374718 0 0 1
v 0.612114 0.557072 0.371095 0 0 1
v 0.610853 0.555942 0.367663 0 0 1
v 0.608133 0.553548 0.366433 0 0 1
v 0.605546 0.551292 0.368126 0 0 1
v 0.604609 0.550496 0.371749 0 0 1
v 0.60587 0.551625 0.375181 0 0 1
v 0.608591 0.554019 0.376411 0 0 1
v 0.614713 0.552243 0.374746 0 0 1
v 0.61565 0.553039 0.371123 0 0 1
v 0.614389 0.55191 0.367691 0 0 1
v 0.611669 0.549516 0.366461 0 0 1
v 0.609082 0.54726 0.368154 0 0 1
v 0.608145 0.546463 0.371777 0 0 1
v 0.609406 0.547593 0.375209 0 0 1
v 0.612127 0.549987 0.376439 0 0 1
v 0.618249 0.54821 0.374774 0 0 1
v 0.619186 0.549007 0.371151 0 0 1
v 0.617925 0.547877 0.367719 0 0 1
v 0.615204 0.545483 0.366489 0 0 1
v 0.612618 0.543227 0.368182 0 0 1
v 0.611681 0.542431 0.371805 0 0 1
v 0.612942 0.54356 0.375237 0 0 1
v 0.615662 0.545954 0.376467 0 0 1
v 0.621785 0.544178 0.374802 0 0 1
v 0.622722 0.544974 0.371179 0 0 1
v 0.621461 0.543845 0.367747 0 0 1
v 0.61874 0.541451 0.366517 0 0 1
v 0.616154 0.539195 0.36821 0 0 1
v 0.615217 0.538398 0.371833 0 0 1
v 0.616478 0.539528 0.375265 0 0 1
v 0.619198 0.541922 0.376495 0 0 1
v 0.588699 0.571962 0.371243 0 0 1
v 0.604826 0.557816 0.371394 0 0 1
v 0.590853 0.574458 0.375002 0 0 1
v 0.591987 0.575714 0.37157 0 0 1
v 0.591195 0.574773 0.367946 0 0 1
v 0.58894 0.572184 0.366254 0 0 1
v 0.586544 0.569466 0.367485 0 0 1
v 0.58541 0.56821 0.370917 0 0 1
v 0.586203 0.569151 0.37454 0 0 1
v 0.588457 0.571739 0.376233 0 0 1
v 0.594885 0.570922 0.37504 0 0 1
v 0.596019 0.572178 0.371608 0 0 1
v 0.595226 0.571236 0.367984 0 0 1
v 0.592972 0.568648 0.366292 0 0 1
v 0.590576 0.565929 0.367522 0 0 1
v 0.589442 0.564673 0.370954 0 0 1
v 0.590234 0.565615 0.374578 0 0 1
v 0.592489 0.568203 0.37627 0 0 1
v 0.598917 0.567385 0.375078 0 0 1
v 0.600051 0.568641 0.371645 0 0 1
v 0.599258 0.5677 0.368022 0 0 1
v 0.597004 0.565112 0.36633 0 0 1
v 0.594608 0.562393 0.36756 0 0 1
v 0.593474 0.561137 0.370992 0 0 1
v 0.594266 0.562078 0.374616 0 0 1
v 0.596521 0.564667 0.376308 0 0 1
v 0.602948 0.563849 0.375115 0 0 1
v 0.604082 0.565105 0.371683 0 0 1
v 0.60329 0.564163 0.368059 0 0 1
v 0.601036 0.561575 0.366367 0 0 1
v 0.59864 0.558857 0.367598 0 0 1
v 0.597506 0.5576 0.37103 0 0 1
v 0.598298 0.558542 0.374653 0 0 1
v 0.600552 0.56113 0.376346 0 0 1
v 0.60698 0.560312 0.375153 0 0 1
v 0.608114 0.561569 0.371721 0 0 1
v 0.607322 0.560627 0.368097 0 0 1
v 0.605068 0.558039 0.366405 0 0 1
v 0.602672 0.55532 0.367635 0 0 1
v 0.601538 0.554064 0.371067 0 0 1
v 0.60233 0.555006 0.374691 0 0 1
v 0.604584 0.557594 0.376383 0 0 1
v 0.570863 0.583882 0.371057 0 0 1
v 0.588699 0.571962 0.371243 0 0 1
v 0.572377 0.586212 0.375214 0 0 1
v 0.573581 0.587964 0.372032 0 0 1
v 0.573193 0.587324 0.368279 0 0 1
v 0.57144 0.584669 0.366153 0 0 1
v 0.569349 0.581552 0.3669 0 0 1
v 0.568145 0.5798 0.370082 0 0 1
v 0.568533 0.580439 0.373835 0 0 1
v 0.570286 0.583095 0.375961 0 0 1
v 0.576836 0.583232 0.375261 0 0 1
v 0.57804 0.584984 0.372079 0 0 1
v 0.577652 0.584345 0.368325 0 0 1
v 0.575899 0.581689 0.3662 0 0 1
v 0.573808 0.578572 0.366947 0 0 1
v 0.572604 0.57682 0.370129 0 0 1
v 0.572992 0.577459 0.373882 0 0 1
v 0.574745 0.580115 0.376007 0 0 1
v 0.581295 0.580252 0.375307 0 0 1
v 0.582499 0.582004 0.372125 0 0 1
v 0.582111 0.581365 0.368372 0 0 1
v 0.580358 0.578709 0.366246 0 0 1
v 0.578267 0.575592 0.366993 0 0 1
v 0.577063 0.57384 0.370175 0 0 1
v 0.577451 0.574479 0.373928 0 0 1
v 0.579204 0.577135 0.376054 0 0 1
v 0.585753 0.577272 0.375354 0 0 1
v 0.586958 0.579024 0.372172 0 0 1
v 0.58657 0.578385 0.368419 0 0 1
v 0.584817 0.575729 0.366293 0 0 1
v 0.582726 0.572612 0.36704 0 0 1
v 0.581522 0.57086 0.370222 0 0 1
v 0.58191 0.571499 0.373975 0 0 1
v 0.583663 0.574155 0.376101 0 0 1
v 0.590212 0.574292 0.3754 0 0 1
v 0.591416 0.576044 0.372218 0 0 1
v 0.591029 0.575405 0.368465 0 0 1
v 0.589276 0.572749 0.36634 0 0 1
v 0.587185 0.569632 0.367087 0 0 1
v 0.585981 0.56788 0.370268 0 0 1
v 0.586369 0.568519 0.374022 0 0 1
v 0.588121 0.571175 0.376147 0 0 1
v 0.551625 0.593371 0.370838 0 0 1
v 0.570863 0.583882 0.371057 0 0 1
v 0.552562 0.595375 0.375322 0 0 1
v 0.553705 0.597625 0.372444 0 0 1
v 0.553629 0.597383 0.368626 0 0 1
v 0.552379 0.594791 0.366103 0 0 1
v 0.550687 0.591367 0.366354 0 0 1
v 0.549545 0.589118 0.369231 0 0 1
v 0.549621 0.58936 0.373049 0 0 1
v 0.550871 0.591952 0.375572 0 0 1
v 0.557372 0.593003 0.375376 0 0 1
v 0.558514 0.595252 0.372499 0 0 1
v 0.558438 0.59501 0.368681 0 0 1
v 0.557188 0.592418 0.366158 0 0 1
v 0.555497 0.588995 0.366409 0 0 1
v 0.554354 0.586745 0.369286 0 0 1
v 0.55443 0.586987 0.373104 0 0 1
v 0.55568 0.589579 0.375627 0 0 1
v 0.562181 0.59063 0.375431 0 0 1
v 0.563324 0.59288 0.372554 0 0 1
v 0.563248 0.592638 0.368736 0 0 1
v 0.561998 0.590046 0.366213 0 0 1
v 0.560307 0.586622 0.366463 0 0 1
v 0.559164 0.584373 0.369341 0 0 1
v 0.55924 0.584615 0.373159 0 0 1
v 0.56049 0.587207 0.375682 0 0 1
v 0.566991 0.588258 0.375486 0 0 1
v 0.568133 0.590508 0.372609 0 0 1
v 0.568057 0.590265 0.36879 0 0 1
v 0.566808 0.587674 0.366268 0 0 1
v 0.565116 0.58425 0.366518 0 0 1
v 0.563974 0.582 0.369396 0 0 1
v 0.56405 0.582242 0.373214 0 0 1
v 0.565299 0.584834 0.375737 0 0 1
v 0.5718 0.585886 0.375541 0 0 1
v 0.572943 0.588135 0.372664 0 0 1
v 0.572867 0.587893 0.368845 0 0 1
v 0.571617 0.585301 0.366322 0 0 1
v 0.569926 0.581878 0.366573 0 0 1
v 0.568783 0.579628 0.36945 0 0 1
v 0.568859 0.57987 0.373269 0 0 1
v 0.570109 0.582462 0.375792 0 0 1
v 0.531313 0.600268 0.370589 0 0 1
v 0.551625 0.593371 0.370838 0 0 1
v 0.531778 0.601808 0.375324 0 0 1
v 0.53273 0.604523 0.3728 0 0 1
v 0.532852 0.604745 0.368982 0 0 1
v 0.532073 0.602345 0.366105 0 0 1
v 0.530848 0.598728 0.365855 0 0 1
v 0.529895 0.596014 0.368379 0 0 1
v 0.529773 0.595791 0.372197 0 0 1
v 0.530552 0.598191 0.375074 0 0 1
v 0.536856 0.600084 0.375386 0 0 1
v 0.537808 0.602799 0.372862 0 0 1
v 0.53793 0.603021 0.369044 0 0 1
v 0.537151 0.600621 0.366167 0 0 1
v 0.535926 0.597004 0.365917 0 0 1
v 0.534973 0.594289 0.368441 0 0 1
v 0.534851 0.594067 0.372259 0 0 1
v 0.535631 0.596467 0.375136 0 0 1
v 0.541934 0.59836 0.375448 0 0 1
v 0.542886 0.601074 0.372924 0 0 1
v 0.543008 0.601297 0.369106 0 0 1
v 0.542229 0.598897 0.366229 0 0 1
v 0.541004 0.59528 0.365979 0 0 1
v 0.540051 0.592565 0.368503 0 0 1
v 0.539929 0.592343 0.372321 0 0 1
v 0.540709 0.594743 0.375198 0 0 1
v 0.547012 0.596635 0.37551 0 0 1
v 0.547964 0.59935 0.372987 0 0 1
v 0.548087 0.599573 0.369168 0 0 1
v 0.547307 0.597172 0.366291 0 0 1
v 0.546082 0.593556 0.366041 0 0 1
v 0.545129 0.590841 0.368565 0 0 1
v 0.545007 0.590618 0.372383 0 0 1
v 0.545787 0.593019 0.37526 0 0 1
v 0.55209 0.594911 0.375572 0 0 1
v 0.553042 0.597626 0.373049 0 0 1
v 0.553165 0.597848 0.36923 0 0 1
v 0.552385 0.595448 0.366353 0 0 1
v 0.55116 0.591831 0.366104 0 0 1
v 0.550207 0.589116 0.368627 0 0 1
v 0.550085 0.588894 0.372445 0 0 1
v 0.550865 0.591294 0.375322 0 0 1
v 0.510274 0.604455 0.370316 0 0 1
v 0.531313 0.600268 0.370589 0 0 1
v 0.510403 0.605424 0.37522 0 0 1
v 0.511051 0.60854 0.373094 0 0 1
v 0.511243 0.609262 0.369341 0 0 1
v 0.510868 0.607169 0.366159 0 0 1
v 0.510145 0.603486 0.365413 0 0 1
v 0.509497 0.600371 0.367539 0 0 1
v 0.509305 0.599648 0.371292 0 0 1
v 0.50968 0.601741 0.374474 0 0 1
v 0.515663 0.604378 0.375288 0 0 1
v 0.516311 0.607493 0.373162 0 0 1
v 0.516503 0.608215 0.369409 0 0 1
v 0.516128 0.606122 0.366227 0 0 1
v 0.515404 0.602439 0.365481 0 0 1
v 0.514757 0.599324 0.367607 0 0 1
v 0.514564 0.598601 0.37136 0 0 1
v 0.51494 0.600695 0.374542 0 0 1
v 0.520923 0.603331 0.375356 0 0 1
v 0.52157 0.606446 0.37323 0 0 1
v 0.521763 0.607169 0.369477 0 0 1
v 0.521387 0.605075 0.366296 0 0 1
v 0.520664 0.601392 0.365549 0 0 1
v 0.520017 0.598277 0.367676 0 0 1
v 0.519824 0.597555 0.371429 0 0 1
v 0.520199 0.599648 0.37461 0 0 1
v 0.526182 0.602284 0.375425 0 0 1
v 0.52683 0.6054 0.373298 0 0 1
v 0.527022 0.606122 0.369545 0 0 1
v 0.526647 0.604029 0.366364 0 0 1
v 0.525924 0.600346 0.365618 0 0 1
v 0.525276 0.59723 0.367744 0 0 1
v 0.525084 0.596508 0.371497 0 0 1
v 0.525459 0.598601 0.374678 0 0 1
v 0.531442 0.601238 0.375493 0 0 1
v 0.532089 0.604353 0.373367 0 0 1
v 0.532282 0.605075 0.369614 0 0 1
v 0.531907 0.602982 0.366432 0 0 1
v 0.531183 0.599299 0.365686 0 0 1
v 0.530536 0.596184 0.367812 0 0 1
v 0.530343 0.595461 0.371565 0 0 1
v 0.530719 0.597555 0.374747 0 0 1
v 0.48887 0.60586 0.370023 0 0 1
v 0.510274 0.604455 0.370316 0 0 1
v 0.488823 0.606191 0.375012 0 0 1
v 0.489071 0.609614 0.373319 0 0 1
v 0.489201 0.610838 0.369696 0 0 1
v 0.489137 0.609146 0.366264 0 0 1
v 0.488916 0.605529 0.365034 0 0 1
v 0.488668 0.602105 0.366727 0 0 1
v 0.488538 0.600881 0.370351 0 0 1
v 0.488602 0.602574 0.373782 0 0 1
v 0.494174 0.60584 0.375085 0 0 1
v 0.494422 0.609263 0.373393 0 0 1
v 0.494552 0.610487 0.369769 0 0 1
v 0.494488 0.608795 0.366337 0 0 1
v 0.494267 0.605177 0.365108 0 0 1
v 0.494019 0.601754 0.3668 0 0 1
v 0.493889 0.60053 0.370424 0 0 1
v 0.493954 0.602223 0.373856 0 0 1
v 0.499525 0.605489 0.375159 0 0 1
v 0.499773 0.608912 0.373466 0 0 1
v 0.499903 0.610136 0.369842 0 0 1
v 0.499839 0.608443 0.366411 0 0 1
v 0.499618 0.604826 0.365181 0 0 1
v 0.499371 0.601403 0.366874 0 0 1
v 0.499241 0.600179 0.370497 0 0 1
v 0.499305 0.601871 0.373929 0 0 1
v 0.504876 0.605137 0.375232 0 0 1
v 0.505124 0.608561 0.373539 0 0 1
v 0.505254 0.609784 0.369916 0 0 1
v 0.50519 0.608092 0.366484 0 0 1
v 0.50497 0.604475 0.365254 0 0 1
v 0.504722 0.601052 0.366947 0 0 1
v 0.504592 0.599828 0.370571 0 0 1
v 0.504656 0.60152 0.374002 0 0 1
v 0.510228 0.604786 0.375305 0 0 1
v 0.510475 0.608209 0.373613 0 0 1
v 0.510605 0.609433 0.369989 0 0 1
v 0.510541 0.607741 0.366557 0 0 1
v 0.510321 0.604124 0.365328 0 0 1
v 0.510073 0.600701 0.36702 0 0 1
v 0.509943 0.599477 0.370644 0 0 1
v 0.510007 0.601169 0.374076 0 0 1
v 0.467465 0.604458 0.369715 0 0 1
v 0.48887 0.60586 0.370023 0 0 1
v 0.467415 0.604128 0.374704 0 0 1
v 0.467196 0.607745 0.373474 0 0 1
v 0.467134 0.609437 0.370042 0 0 1
v 0.467267 0.608212 0.366418 0 0 1
v 0.467515 0.604789 0.364726 0 0 1
v 0.467734 0.601172 0.365956 0 0 1
v 0.467796 0.59948 0.369388 0 0 1
v 0.467663 0.600704 0.373012 0 0 1
v 0.472766 0.604478 0.374781 0 0 1
v 0.472547 0.608095 0.373551 0 0 1
v 0.472485 0.609787 0.370119 0 0 1
v 0.472618 0.608563 0.366495 0 0 1
v 0.472866 0.605139 0.364803 0 0 1
v 0.473085 0.601522 0.366034 0 0 1
v 0.473147 0.59983 0.369465 0 0 1
v 0.473014 0.601055 0.373089 0 0 1
v 0.478117 0.604828 0.374858 0 0 1
v 0.477898 0.608445 0.373628 0 0 1
v 0.477837 0.610137 0.370196 0 0 1
v 0.477969 0.608913 0.366572 0 0 1
v 0.478217 0.60549 0.36488 0 0 1
v 0.478437 0.601873 0.366111 0 0 1
v 0.478498 0.600181 0.369543 0 0 1
v 0.478366 0.601405 0.373166 0 0 1
v 0.483468 0.605179 0.374935 0 0 1
v 0.483249 0.608796 0.373705 0 0 1
v 0.483188 0.610488 0.370273 0 0 1
v 0.48332 0.609263 0.36665 0 0 1
v 0.483569 0.60584 0.364957 0 0 1
v 0.483788 0.602223 0.366188 0 0 1
v 0.483849 0.600531 0.36962 0 0 1
v 0.483717 0.601755 0.373243 0 0 1
v 0.488819 0.605529 0.375012 0 0 1
v 0.4886 0.609146 0.373782 0 0 1
v 0.488539 0.610838 0.37035 0 0 1
v 0.488671 0.609614 0.366727 0 0 1
v 0.48892 0.60619 0.365034 0 0 1
v 0.489139 0.602573 0.366265 0 0 1
v 0.4892 0.600881 0.369697 0 0 1
v 0.489068 0.602106 0.37332 0 0 1
v 0.446427 0.600275 0.369397 0 0 1
v 0.467465 0.604458 0.369715 0 0 1
v 0.446545 0.599304 0.3743 0 0 1
v 0.445824 0.602987 0.373554 0 0 1
v 0.445456 0.605082 0.370372 0 0 1
v 0.445656 0.60436 0.366619 0 0 1
v 0.446308 0.601245 0.364494 0 0 1
v 0.447029 0.597562 0.36524 0 0 1
v 0.447397 0.595468 0.368422 0 0 1
v 0.447197 0.596189 0.372175 0 0 1
v 0.451805 0.60035 0.37438 0 0 1
v 0.451084 0.604033 0.373633 0 0 1
v 0.450715 0.606128 0.370452 0 0 1
v 0.450916 0.605406 0.366699 0 0 1
v 0.451567 0.602291 0.364573 0 0 1
v 0.452288 0.598608 0.36532 0 0 1
v 0.452657 0.596514 0.368501 0 0 1
v 0.452457 0.597235 0.372254 0 0 1
v 0.457065 0.601396 0.374459 0 0 1
v 0.456343 0.605079 0.373713 0 0 1
v 0.455975 0.607173 0.370531 0 0 1
v 0.456175 0.606452 0.366778 0 0 1
v 0.456827 0.603337 0.364653 0 0 1
v 0.457548 0.599654 0.365399 0 0 1
v 0.457916 0.59756 0.368581 0 0 1
v 0.457716 0.598281 0.372334 0 0 1
v 0.462324 0.602442 0.374539 0 0 1
v 0.461603 0.606125 0.373792 0 0 1
v 0.461235 0.608219 0.370611 0 0 1
v 0.461435 0.607498 0.366858 0 0 1
v 0.462086 0.604383 0.364732 0 0 1
v 0.462808 0.6007 0.365479 0 0 1
v 0.463176 0.598605 0.36866 0 0 1
v 0.462976 0.599327 0.372413 0 0 1
v 0.467584 0.603488 0.374618 0 0 1
v 0.466863 0.607171 0.373872 0 0 1
v 0.466494 0.609265 0.37069 0 0 1
v 0.466694 0.608544 0.366937 0 0 1
v 0.467346 0.605429 0.364812 0 0 1
v 0.468067 0.601746 0.365558 0 0 1
v 0.468436 0.599651 0.36874 0 0 1
v 0.468235 0.600373 0.372493 0 0 1
v 0.426114 0.593381 0.369075 0 0 1
v 0.446427 0.600275 0.369397 0 0 1
v 0.426563 0.591836 0.373809 0 0 1
v 0.42534 0.595453 0.373558 0 0 1
v 0.42457 0.597856 0.370681 0 0 1
v 0.424705 0.597638 0.366863 0 0 1
v 0.425665 0.594925 0.36434 0 0 1
v 0.426889 0.591308 0.364591 0 0 1
v 0.427659 0.588905 0.367468 0 0 1
v 0.427524 0.589124 0.371286 0 0 1
v 0.431641 0.59356 0.373889 0 0 1
v 0.430418 0.597177 0.373639 0 0 1
v 0.429648 0.59958 0.370762 0 0 1
v 0.429783 0.599361 0.366944 0 0 1
v 0.430743 0.596649 0.364421 0 0 1
v 0.431967 0.593032 0.364671 0 0 1
v 0.432737 0.590628 0.367548 0 0 1
v 0.432602 0.590847 0.371367 0 0 1
v 0.43672 0.595283 0.37397 0 0 1
v 0.435496 0.5989 0.37372 0 0 1
v 0.434726 0.601303 0.370843 0 0 1
v 0.434861 0.601085 0.367024 0 0 1
v 0.435821 0.598372 0.364502 0 0 1
v 0.437045 0.594755 0.364752 0 0 1
v 0.437815 0.592352 0.367629 0 0 1
v 0.43768 0.592571 0.371447 0 0 1
v 0.441798 0.597007 0.374051 0 0 1
v 0.440574 0.600624 0.3738 0 0 1
v 0.439804 0.603027 0.370923 0 0 1
v 0.439939 0.602808 0.367105 0 0 1
v 0.440899 0.600096 0.364582 0 0 1
v 0.442123 0.596479 0.364833 0 0 1
v 0.442893 0.594075 0.36771 0 0 1
v 0.442758 0.594294 0.371528 0 0 1
v 0.446876 0.59873 0.374131 0 0 1
v 0.445652 0.602347 0.373881 0 0 1
v 0.444882 0.60475 0.371004 0 0 1
v 0.445017 0.604532 0.367186 0 0 1
v 0.445977 0.601819 0.364663 0 0 1
v 0.447201 0.598202 0.364913 0 0 1
v 0.447971 0.595799 0.36779 0 0 1
v 0.447836 0.596018 0.371608 0 0 1
v 0.406876 0.583894 0.368753 0 0 1
v 0.426114 0.593381 0.369075 0 0 1
v 0.407794 0.581881 0.373237 0 0 1
v 0.406101 0.585304 0.373487 0 0 1
v 0.404863 0.587901 0.370964 0 0 1
v 0.404804 0.588151 0.367146 0 0 1
v 0.405958 0.585907 0.364269 0 0 1
v 0.40765 0.582484 0.364019 0 0 1
v 0.408889 0.579887 0.366542 0 0 1
v 0.408948 0.579637 0.37036 0 0 1
v 0.412603 0.584253 0.373317 0 0 1
v 0.410911 0.587676 0.373568 0 0 1
v 0.409673 0.590273 0.371045 0 0 1
v 0.409613 0.590523 0.367226 0 0 1
v 0.410768 0.588279 0.36435 0 0 1
v 0.41246 0.584855 0.3641 0 0 1
v 0.413699 0.582258 0.366623 0 0 1
v 0.413758 0.582009 0.370441 0 0 1
v 0.417413 0.586624 0.373398 0 0 1
v 0.415721 0.590048 0.373648 0 0 1
v 0.414482 0.592645 0.371125 0 0 1
v 0.414423 0.592894 0.367307 0 0 1
v 0.415577 0.59065 0.36443 0 0 1
v 0.41727 0.587227 0.36418 0 0 1
v 0.418508 0.58463 0.366703 0 0 1
v 0.418567 0.58438 0.370521 0 0 1
v 0.422222 0.588996 0.373478 0 0 1
v 0.42053 0.592419 0.373728 0 0 1
v 0.419292 0.595016 0.371205 0 0 1
v 0.419232 0.595266 0.367387 0 0 1
v 0.420387 0.593022 0.36451 0 0 1
v 0.422079 0.589599 0.36426 0 0 1
v 0.423318 0.587002 0.366783 0 0 1
v 0.423377 0.586752 0.370601 0 0 1
v 0.427032 0.591368 0.373558 0 0 1
v 0.42534 0.594791 0.373809 0 0 1
v 0.424101 0.597388 0.371286 0 0 1
v 0.424042 0.597638 0.367467 0 0 1
v 0.425197 0.595394 0.364591 0 0 1
v 0.426889 0.59197 0.36434 0 0 1
v 0.428127 0.589373 0.366863 0 0 1
v 0.428187 0.589124 0.370682 0 0 1
v 0.38904 0.571977 0.368439 0 0 1
v 0.406876 0.583894 0.368753 0 0 1
v 0.390533 0.569633 0.372596 0 0 1
v 0.388439 0.572748 0.373342 0 0 1
v 0.386697 0.575411 0.371216 0 0 1
v 0.386328 0.576062 0.367463 0 0 1
v 0.387548 0.574321 0.364282 0 0 1
v 0.389642 0.571206 0.363535 0 0 1
v 0.391384 0.568543 0.365661 0 0 1
v 0.391753 0.567892 0.369414 0 0 1
v 0.394992 0.572613 0.372674 0 0 1
v 0.392898 0.575727 0.373421 0 0 1
v 0.391156 0.57839 0.371295 0 0 1
v 0.390787 0.579042 0.367542 0 0 1
v 0.392007 0.5773 0.36436 0 0 1
v 0.394101 0.574185 0.363614 0 0 1
v 0.395843 0.571522 0.36574 0 0 1
v 0.396212 0.570871 0.369493 0 0 1
v 0.399451 0.575592 0.372753 0 0 1
v 0.397356 0.578707 0.373499 0 0 1
v 0.395615 0.58137 0.371373 0 0 1
v 0.395246 0.582021 0.367621 0 0 1
v 0.396466 0.580279 0.364439 0 0 1
v 0.39856 0.577164 0.363693 0 0 1
v 0.400302 0.574501 0.365818 0 0 1
v 0.400671 0.57385 0.369571 0 0 1
v 0.40391 0.578571 0.372832 0 0 1
v 0.401815 0.581686 0.373578 0 0 1
v 0.400074 0.584349 0.371452 0 0 1
v 0.399705 0.585 0.367699 0 0 1
v 0.400925 0.583258 0.364518 0 0 1
v 0.403019 0.580144 0.363771 0 0 1
v 0.404761 0.577481 0.365897 0 0 1
v 0.40513 0.576829 0.36965 0 0 1
v 0.408368 0.58155 0.37291 0 0 1
v 0.406274 0.584665 0.373657 0 0 1
v 0.404532 0.587328 0.371531 0 0 1
v 0.404163 0.587979 0.367778 0 0 1
v 0.405383 0.586238 0.364596 0 0 1
v 0.407478 0.583123 0.36385 0 0 1
v 0.409219 0.58046 0.365976 0 0 1
v 0.409588 0.579809 0.369729 0 0 1
v 0.372913 0.557834 0.368136 0 0 1
v 0.38904 0.571977 0.368439 0 0 1
v 0.375047 0.55532 0.371895 0 0 1
v 0.372645 0.558033 0.373125 0 0 1
v 0.3704 0.560629 0.371432 0 0 1
v 0.369627 0.561588 0.367809 0 0 1
v 0.370779 0.560347 0.364377 0 0 1
v 0.373182 0.557634 0.363147 0 0 1
v 0.375427 0.555038 0.36484 0 0 1
v 0.376199 0.55408 0.368463 0 0 1
v 0.379079 0.558856 0.37197 0 0 1
v 0.376676 0.561569 0.3732 0 0 1
v 0.374431 0.564165 0.371508 0 0 1
v 0.373659 0.565124 0.367885 0 0 1
v 0.374811 0.563883 0.364453 0 0 1
v 0.377213 0.56117 0.363223 0 0 1
v 0.379458 0.558574 0.364915 0 0 1
v 0.380231 0.557615 0.368539 0 0 1
v 0.383111 0.562392 0.372046 0 0 1
v 0.380708 0.565105 0.373276 0 0 1
v 0.378463 0.567701 0.371584 0 0 1
v 0.377691 0.56866 0.36796 0 0 1
v 0.378843 0.567419 0.364528 0 0 1
v 0.381245 0.564706 0.363299 0 0 1
v 0.38349 0.56211 0.364991 0 0 1
v 0.384263 0.561151 0.368614 0 0 1
v 0.387142 0.565928 0.372122 0 0 1
v 0.38474 0.568641 0.373352 0 0 1
v 0.382495 0.571237 0.371659 0 0 1
v 0.381722 0.572195 0.368036 0 0 1
v 0.382875 0.570955 0.364604 0 0 1
v 0.385277 0.568242 0.363374 0 0 1
v 0.387522 0.565646 0.365067 0 0 1
v 0.388295 0.564687 0.36869 0 0 1
v 0.391174 0.569463 0.372197 0 0 1
v 0.388772 0.572176 0.373427 0 0 1
v 0.386527 0.574773 0.371735 0 0 1
v 0.385754 0.575731 0.368112 0 0 1
v 0.386907 0.574491 0.36468 0 0 1
v 0.389309 0.571778 0.36345 0 0 1
v 0.391554 0.569181 0.365142 0 0 1
v 0.392327 0.568223 0.368766 0 0 1
v 0.35877 0.541706 0.367851 0 0 1
v 0.372913 0.557834 0.368136 0 0 1
v 0.361567 0.539194 0.371147 0 0 1
v 0.358972 0.54144 0.372839 0 0 1
v 0.356258 0.543842 0.371609 0 0 1
v 0.355016 0.544992 0.368178 0 0 1
v 0.355972 0.544218 0.364554 0 0 1
v 0.358568 0.541972 0.362862 0 0 1
v 0.361281 0.53957 0.364092 0 0 1
v 0.362524 0.53842 0.367524 0 0 1
v 0.365103 0.543226 0.371218 0 0 1
v 0.362508 0.545472 0.372911 0 0 1
v 0.359794 0.547874 0.371681 0 0 1
v 0.358552 0.549024 0.368249 0 0 1
v 0.359508 0.54825 0.364626 0 0 1
v 0.362103 0.546004 0.362933 0 0 1
v 0.364817 0.543602 0.364163 0 0 1
v 0.36606 0.542452 0.367595 0 0 1
v 0.368639 0.547258 0.37129 0 0 1
v 0.366044 0.549504 0.372982 0 0 1
v 0.36333 0.551906 0.371752 0 0 1
v 0.362087 0.553056 0.36832 0 0 1
v 0.363044 0.552281 0.364697 0 0 1
v 0.365639 0.550035 0.363004 0 0 1
v 0.368353 0.547634 0.364234 0 0 1
v 0.369595 0.546484 0.367666 0 0 1
v 0.372175 0.55129 0.371361 0 0 1
v 0.369579 0.553536 0.373053 0 0 1
v 0.366866 0.555938 0.371824 0 0 1
v 0.365623 0.557088 0.368392 0 0 1
v 0.36658 0.556313 0.364768 0 0 1
v 0.369175 0.554067 0.363076 0 0 1
v 0.371889 0.551666 0.364306 0 0 1
v 0.373131 0.550515 0.367738 0 0 1
v 0.375711 0.555322 0.371432 0 0 1
v 0.373115 0.557568 0.373125 0 0 1
v 0.370401 0.55997 0.371895 0 0 1
v 0.369159 0.56112 0.368463 0 0 1
v 0.370116 0.560345 0.36484 0 0 1
v 0.372711 0.558099 0.363147 0 0 1
v 0.375425 0.555698 0.364377 0 0 1
v 0.376667 0.554547 0.367809 0 0 1
v 0.346852 0.52387 0.367587 0 0 1
v 0.35877 0.541706 0.367851 0 0 1
v 0.35029 0.521532 0.370365 0 0 1
v 0.34763 0.523278 0.372491 0 0 1
v 0.344514 0.525371 0.371744 0 0 1
v 0.342768 0.526584 0.368563 0 0 1
v 0.343415 0.526208 0.36481 0 0 1
v 0.346075 0.524462 0.362684 0 0 1
v 0.34919 0.522369 0.36343 0 0 1
v 0.350937 0.521156 0.366612 0 0 1
v 0.35327 0.525991 0.370431 0 0 1
v 0.350609 0.527737 0.372557 0 0 1
v 0.347494 0.52983 0.37181 0 0 1
v 0.345748 0.531043 0.368629 0 0 1
v 0.346394 0.530667 0.364876 0 0 1
v 0.349054 0.528921 0.36275 0 0 1
v 0.35217 0.526828 0.363496 0 0 1
v 0.353916 0.525615 0.366678 0 0 1
v 0.356249 0.53045 0.370497 0 0 1
v 0.353589 0.532196 0.372622 0 0 1
v 0.350473 0.534289 0.371876 0 0 1
v 0.348727 0.535502 0.368694 0 0 1
v 0.349373 0.535126 0.364941 0 0 1
v 0.352033 0.53338 0.362815 0 0 1
v 0.355149 0.531287 0.363562 0 0 1
v 0.356895 0.530074 0.366743 0 0 1
v 0.359228 0.534909 0.370562 0 0 1
v 0.356568 0.536655 0.372688 0 0 1
v 0.353452 0.538748 0.371942 0 0 1
v 0.351706 0.539961 0.36876 0 0 1
v 0.352353 0.539585 0.365007 0 0 1
v 0.355013 0.537839 0.362881 0 0 1
v 0.358128 0.535746 0.363628 0 0 1
v 0.359875 0.534533 0.366809 0 0 1
v 0.362208 0.539368 0.370628 0 0 1
v 0.359547 0.541114 0.372754 0 0 1
v 0.356432 0.543207 0.372008 0 0 1
v 0.354686 0.54442 0.368826 0 0 1
v 0.355332 0.544044 0.365073 0 0 1
v 0.357992 0.542298 0.362947 0 0 1
v 0.361108 0.540205 0.363694 0 0 1
v 0.362854 0.538992 0.366875 0 0 1
v 0.337365 0.504631 0.367351 0 0 1
v 0.346852 0.52387 0.367587 0 0 1
v 0.341376 0.502625 0.369562 0 0 1
v 0.338784 0.503873 0.372085 0 0 1
v 0.33536 0.505564 0.371835 0 0 1
v 0.333111 0.506709 0.368958 0 0 1
v 0.333354 0.506636 0.365139 0 0 1
v 0.335947 0.505388 0.362616 0 0 1
v 0.33937 0.503697 0.362866 0 0 1
v 0.341619 0.502553 0.365743 0 0 1
v 0.343748 0.507435 0.369621 0 0 1
v 0.341155 0.508683 0.372144 0 0 1
v 0.337732 0.510374 0.371894 0 0 1
v 0.335483 0.511519 0.369017 0 0 1
v 0.335726 0.511446 0.365198 0 0 1
v 0.338319 0.510198 0.362675 0 0 1
v 0.341742 0.508507 0.362926 0 0 1
v 0.343991 0.507362 0.365803 0 0 1
v 0.34612 0.512245 0.36968 0 0 1
v 0.343527 0.513493 0.372203 0 0 1
v 0.340104 0.515184 0.371953 0 0 1
v 0.337855 0.516328 0.369076 0 0 1
v 0.338098 0.516256 0.365258 0 0 1
v 0.34069 0.515008 0.362735 0 0 1
v 0.344114 0.513317 0.362985 0 0 1
v 0.346363 0.512172 0.365862 0 0 1
v 0.348492 0.517055 0.369739 0 0 1
v 0.345899 0.518302 0.372262 0 0 1
v 0.342475 0.519994 0.372012 0 0 1
v 0.340226 0.521138 0.369135 0 0 1
v 0.340469 0.521065 0.365317 0 0 1
v 0.343062 0.519818 0.362794 0 0 1
v 0.346486 0.518126 0.363044 0 0 1
v 0.348735 0.516982 0.365921 0 0 1
v 0.350864 0.521865 0.369798 0 0 1
v 0.348271 0.523112 0.372322 0 0 1
v 0.344847 0.524804 0.372071 0 0 1
v 0.342598 0.525948 0.369194 0 0 1
v 0.342841 0.525875 0.365376 0 0 1
v 0.345434 0.524628 0.362853 0 0 1
v 0.348858 0.522936 0.363103 0 0 1
v 0.351107 0.521792 0.36598 0 0 1
v 0.33047 0.484317 0.367144 0 0 1
v 0.337365 0.504631 0.367351 0 0 1
v 0.334949 0.482781 0.368751 0 0 1
v 0.33255 0.483566 0.371629 0 0 1
v 0.328934 0.484791 0.371879 0 0 1
v 0.326217 0.485739 0.369356 0 0 1
v 0.325992 0.485854 0.365537 0 0 1
v 0.32839 0.485069 0.36266 0 0 1
v 0.332007 0.483844 0.36241 0 0 1
v 0.334723 0.482896 0.364933 0 0 1
v 0.336672 0.487859 0.368803 0 0 1
v 0.334274 0.488644 0.37168 0 0 1
v 0.330657 0.489869 0.37193 0 0 1
v 0.327941 0.490817 0.369407 0 0 1
v 0.327715 0.490932 0.365589 0 0 1
v 0.330114 0.490147 0.362712 0 0 1
v 0.33373 0.488922 0.362462 0 0 1
v 0.336447 0.487974 0.364985 0 0 1
v 0.338396 0.492938 0.368855 0 0 1
v 0.335998 0.493722 0.371732 0 0 1
v 0.332381 0.494947 0.371982 0 0 1
v 0.329664 0.495895 0.369459 0 0 1
v 0.329439 0.49601 0.36564 0 0 1
v 0.331837 0.495226 0.362763 0 0 1
v 0.335454 0.494 0.362513 0 0 1
v 0.338171 0.493053 0.365036 0 0 1
v 0.34012 0.498016 0.368906 0 0 1
v 0.337722 0.498801 0.371783 0 0 1
v 0.334105 0.500026 0.372033 0 0 1
v 0.331388 0.500974 0.36951 0 0 1
v 0.331163 0.501089 0.365692 0 0 1
v 0.333561 0.500304 0.362815 0 0 1
v 0.337178 0.499079 0.362565 0 0 1
v 0.339895 0.498131 0.365088 0 0 1
v 0.341844 0.503094 0.368958 0 0 1
v 0.339445 0.503879 0.371835 0 0 1
v 0.335829 0.505104 0.372085 0 0 1
v 0.333112 0.506052 0.369562 0 0 1
v 0.332887 0.506167 0.365743 0 0 1
v 0.335285 0.505382 0.362866 0 0 1
v 0.338902 0.504157 0.362616 0 0 1
v 0.341618 0.503209 0.365139 0 0 1
v 0.326285 0.463277 0.366973 0 0 1
v 0.33047 0.484317 0.367144 0 0 1
v 0.331093 0.462313 0.367948 0 0 1
v 0.329003 0.462703 0.37113 0 0 1
v 0.325321 0.463429 0.371876 0 0 1
v 0.322204 0.464067 0.36975 0 0 1
v 0.321477 0.464242 0.365997 0 0 1
v 0.323567 0.463852 0.362815 0 0 1
v 0.32725 0.463126 0.362069 0 0 1
v 0.330367 0.462488 0.364195 0 0 1
v 0.33214 0.467573 0.367991 0 0 1
v 0.33005 0.467963 0.371173 0 0 1
v 0.326367 0.468689 0.371919 0 0 1
v 0.32325 0.469327 0.369793 0 0 1
v 0.322523 0.469502 0.36604 0 0 1
v 0.324613 0.469112 0.362858 0 0 1
v 0.328296 0.468386 0.362112 0 0 1
v 0.331413 0.467748 0.364238 0 0 1
v 0.333186 0.472833 0.368034 0 0 1
v 0.331096 0.473223 0.371216 0 0 1
v 0.327413 0.473949 0.371962 0 0 1
v 0.324296 0.474587 0.369836 0 0 1
v 0.323569 0.474762 0.366083 0 0 1
v 0.32566 0.474372 0.362901 0 0 1
v 0.329342 0.473646 0.362155 0 0 1
v 0.332459 0.473008 0.364281 0 0 1
v 0.334232 0.478093 0.368077 0 0 1
v 0.332142 0.478483 0.371259 0 0 1
v 0.32846 0.479209 0.372005 0 0 1
v 0.325342 0.479846 0.369879 0 0 1
v 0.324616 0.480022 0.366126 0 0 1
v 0.326706 0.479632 0.362944 0 0 1
v 0.330388 0.478906 0.362198 0 0 1
v 0.333506 0.478268 0.364324 0 0 1
v 0.335278 0.483353 0.36812 0 0 1
v 0.333188 0.483743 0.371302 0 0 1
v 0.329506 0.484469 0.372048 0 0 1
v 0.326388 0.485106 0.369922 0 0 1
v 0.325662 0.485282 0.366169 0 0 1
v 0.327752 0.484892 0.362987 0 0 1
v 0.331434 0.484166 0.362241 0 0 1
v 0.334552 0.483528 0.364367 0 0 1
v 0.324882 0.441871 0.366838 0 0 1
v 0.326285 0.463277 0.366973 0 0 1
v 0.329861 0.441543 0.367165 0 0 1
v 0.32817 0.441632 0.370597 0 0 1
v 0.324554 0.441861 0.371827 0 0 1
v 0.32113 0.442096 0.370134 0 0 1
v 0.319904 0.442199 0.366511 0 0 1
v 0.321594 0.44211 0.363079 0 0 1
v 0.325211 0.441881 0.361849 0 0 1
v 0.328635 0.441646 0.363541 0 0 1
v 0.330212 0.446894 0.367198 0 0 1
v 0.328521 0.446984 0.370631 0 0 1
v 0.324905 0.447213 0.371861 0 0 1
v 0.321481 0.447448 0.370168 0 0 1
v 0.320255 0.447551 0.366544 0 0 1
v 0.321945 0.447462 0.363112 0 0 1
v 0.325561 0.447233 0.361882 0 0 1
v 0.328986 0.446998 0.363575 0 0 1
v 0.330562 0.452246 0.367232 0 0 1
v 0.328872 0.452335 0.370664 0 0 1
v 0.325255 0.452564 0.371894 0 0 1
v 0.321831 0.452799 0.370202 0 0 1
v 0.320605 0.452903 0.366578 0 0 1
v 0.322296 0.452813 0.363146 0 0 1
v 0.325912 0.452584 0.361916 0 0 1
v 0.329336 0.452349 0.363608 0 0 1
v 0.330913 0.457598 0.367266 0 0 1
v 0.329223 0.457687 0.370698 0 0 1
v 0.325606 0.457916 0.371928 0 0 1
v 0.322182 0.458151 0.370235 0 0 1
v 0.320956 0.458254 0.366612 0 0 1
v 0.322646 0.458165 0.36318 0 0 1
v 0.326263 0.457936 0.36195 0 0 1
v 0.329687 0.457701 0.363642 0 0 1
v 0.331264 0.462949 0.3673 0 0 1
v 0.329573 0.463038 0.370732 0 0 1
v 0.325957 0.463268 0.371962 0 0 1
v 0.322533 0.463503 0.370269 0 0 1
v 0.321307 0.463606 0.366646 0 0 1
v 0.322997 0.463517 0.363213 0 0 1
v 0.326614 0.463287 0.361983 0 0 1
v 0.330038 0.463052 0.363676 0 0 1
v 0.326285 0.420465 0.366742 0 0 1
v 0.324882 0.441871 0.366838 0 0 1
v 0.331264 0.420792 0.366415 0 0 1
v 0.330037 0.420696 0.370039 0 0 1
v 0.326613 0.420464 0.371732 0 0 1
v 0.322997 0.420232 0.370501 0 0 1
v 0.321307 0.420137 0.367069 0 0 1
v 0.322533 0.420233 0.363446 0 0 1
v 0.325958 0.420465 0.361753 0 0 1
v 0.329574 0.420697 0.362983 0 0 1
v 0.330913 0.426144 0.366439 0 0 1
v 0.329687 0.426047 0.370063 0 0 1
v 0.326262 0.425815 0.371755 0 0 1
v 0.322646 0.425584 0.370525 0 0 1
v 0.320956 0.425488 0.367093 0 0 1
v 0.322182 0.425585 0.363469 0 0 1
v 0.325607 0.425817 0.361777 0 0 1
v 0.329223 0.426049 0.363007 0 0 1
v 0.330562 0.431496 0.366463 0 0 1
v 0.329336 0.431399 0.370087 0 0 1
v 0.325912 0.431167 0.371779 0 0 1
v 0.322295 0.430936 0.370549 0 0 1
v 0.320605 0.43084 0.367117 0 0 1
v 0.321832 0.430937 0.363493 0 0 1
v 0.325256 0.431169 0.361801 0 0 1
v 0.328872 0.4314 0.363031 0 0 1
v 0.330212 0.436847 0.366487 0 0 1
v 0.328985 0.436751 0.370111 0 0 1
v 0.325561 0.436519 0.371803 0 0 1
v 0.321944 0.436287 0.370573 0 0 1
v 0.320255 0.436192 0.367141 0 0 1
v 0.321481 0.436288 0.363517 0 0 1
v 0.324905 0.43652 0.361825 0 0 1
v 0.328522 0.436752 0.363055 0 0 1
v 0.329861 0.442199 0.366511 0 0 1
v 0.328634 0.442102 0.370134 0 0 1
v 0.32521 0.44187 0.371827 0 0 1
v 0.321594 0.441639 0.370597 0 0 1
v 0.319904 0.441543 0.367165 0 0 1
v 0.32113 0.44164 0.363541 0 0 1
v 0.324555 0.441872 0.361848 0 0 1
v 0.328171 0.442103 0.363079 0 0 1
v 0.33047 0.399424 0.366688 0 0 1
v 0.326285 0.420465 0.366742 0 0 1
v 0.335279 0.400383 0.365713 0 0 1
v 0.334549 0.400228 0.369466 0 0 1
v 0.331429 0.399602 0.371592 0 0 1
v 0.327748 0.398872 0.370845 0 0 1
v 0.325661 0.398465 0.367663 0 0 1
v 0.326391 0.39862 0.36391 0 0 1
v 0.329511 0.399246 0.361784 0 0 1
v 0.333193 0.399976 0.362531 0 0 1
v 0.334233 0.405643 0.365726 0 0 1
v 0.333503 0.405488 0.369479 0 0 1
v 0.330383 0.404862 0.371605 0 0 1
v 0.326701 0.404132 0.370859 0 0 1
v 0.324615 0.403725 0.367677 0 0 1
v 0.325345 0.40388 0.363924 0 0 1
v 0.328465 0.404506 0.361798 0 0 1
v 0.332146 0.405236 0.362544 0 0 1
v 0.333187 0.410903 0.36574 0 0 1
v 0.332456 0.410748 0.369493 0 0 1
v 0.329337 0.410122 0.371619 0 0 1
v 0.325655 0.409392 0.370872 0 0 1
v 0.323568 0.408985 0.36769 0 0 1
v 0.324299 0.40914 0.363937 0 0 1
v 0.327419 0.409766 0.361811 0 0 1
v 0.3311 0.410497 0.362558 0 0 1
v 0.332141 0.416164 0.365753 0 0 1
v 0.33141 0.416009 0.369507 0 0 1
v 0.328291 0.415383 0.371633 0 0 1
v 0.324609 0.414652 0.370886 0 0 1
v 0.322522 0.414245 0.367704 0 0 1
v 0.323253 0.4144 0.363951 0 0 1
v 0.326372 0.415026 0.361825 0 0 1
v 0.330054 0.415757 0.362571 0 0 1
v 0.331095 0.421424 0.365767 0 0 1
v 0.330364 0.421269 0.36952 0 0 1
v 0.327244 0.420643 0.371646 0 0 1
v 0.323563 0.419912 0.3709 0 0 1
v 0.321476 0.419506 0.367718 0 0 1
v 0.322206 0.419661 0.363964 0 0 1
v 0.325326 0.420287 0.361838 0 0 1
v 0.329008 0.421017 0.362585 0 0 1
v 0.337365 0.37911 0.366676 0 0 1
v 0.33047 0.399424 0.366688 0 0 1
v 0.341848 0.380632 0.365069 0 0 1
v 0.341612 0.38055 0.368887 0 0 1
v 0.338888 0.379624 0.37141 0 0 1
v 0.335272 0.378396 0.37116 0 0 1
v 0.332882 0.377587 0.368283 0 0 1
v 0.333118 0.37767 0.364464 0 0 1
v 0.335842 0.378596 0.361941 0 0 1
v 0.339459 0.379823 0.362191 0 0 1
v 0.340125 0.385711 0.365072 0 0 1
v 0.339888 0.385628 0.36889 0 0 1
v 0.337164 0.384702 0.371413 0 0 1
v 0.333548 0.383475 0.371163 0 0 1
v 0.331158 0.382666 0.368286 0 0 1
v 0.331395 0.382748 0.364467 0 0 1
v 0.334119 0.383674 0.361944 0 0 1
v 0.337735 0.384902 0.362194 0 0 1
v 0.338401 0.39079 0.365075 0 0 1
v 0.338164 0.390707 0.368893 0 0 1
v 0.33544 0.389781 0.371416 0 0 1
v 0.331824 0.388554 0.371166 0 0 1
v 0.329434 0.387744 0.368289 0 0 1
v 0.329671 0.387827 0.36447 0 0 1
v 0.332395 0.388753 0.361947 0 0 1
v 0.336011 0.38998 0.362198 0 0 1
v 0.336677 0.395868 0.365078 0 0 1
v 0.336441 0.395786 0.368896 0 0 1
v 0.333716 0.394859 0.37142 0 0 1
v 0.3301 0.393632 0.371169 0 0 1
v 0.327711 0.392823 0.368292 0 0 1
v 0.327947 0.392905 0.364473 0 0 1
v 0.330671 0.393832 0.36195 0 0 1
v 0.334287 0.395059 0.362201 0 0 1
v 0.334953 0.400947 0.365081 0 0 1
v 0.334717 0.400864 0.3689 0 0 1
v 0.331993 0.399938 0.371423 0 0 1
v 0.328377 0.398711 0.371172 0 0 1
v 0.325987 0.397901 0.368295 0 0 1
v 0.326223 0.397984 0.364476 0 0 1
v 0.328947 0.39891 0.361953 0 0 1
v 0.332563 0.400137 0.362204 0 0 1
v 0.346852 0.359869 0.366705 0 0 1
v 0.337365 0.37911 0.366676 0 0 1
v 0.350876 0.361849 0.364494 0 0 1
v 0.351098 0.361965 0.368313 0 0 1
v 0.348833 0.360852 0.37119 0 0 1
v 0.345408 0.359164 0.37144 0 0 1
v 0.342829 0.357889 0.368917 0 0 1
v 0.342607 0.357773 0.365098 0 0 1
v 0.344872 0.358885 0.362221 0 0 1
v 0.348297 0.360574 0.361971 0 0 1
v 0.348504 0.36666 0.364487 0 0 1
v 0.348726 0.366775 0.368305 0 0 1
v 0.346461 0.365663 0.371182 0 0 1
v 0.343036 0.363974 0.371433 0 0 1
v 0.340457 0.362699 0.368909 0 0 1
v 0.340235 0.362583 0.365091 0 0 1
v 0.3425 0.363696 0.362214 0 0 1
v 0.345925 0.365384 0.361963 0 0 1
v 0.346132 0.37147 0.364479 0 0 1
v 0.346354 0.371585 0.368298 0 0 1
v 0.344089 0.370473 0.371175 0 0 1
v 0.340664 0.368784 0.371425 0 0 1
v 0.338085 0.367509 0.368902 0 0 1
v 0.337863 0.367394 0.365083 0 0 1
v 0.340128 0.368506 0.362206 0 0 1
v 0.343553 0.370194 0.361956 0 0 1
v 0.34376 0.37628 0.364472 0 0 1
v 0.343982 0.376395 0.36829 0 0 1
v 0.341717 0.375283 0.371168 0 0 1
v 0.338292 0.373595 0.371418 0 0 1
v 0.335714 0.372319 0.368894 0 0 1
v 0.335492 0.372204 0.365076 0 0 1
v 0.337756 0.373316 0.362199 0 0 1
v 0.341182 0.375005 0.361948 0 0 1
v 0.341389 0.38109 0.364464 0 0 1
v 0.341611 0.381206 0.368283 0 0 1
v 0.339346 0.380093 0.37116 0 0 1
v 0.335921 0.378405 0.37141 0 0 1
v 0.333342 0.377129 0.368887 0 0 1
v 0.33312 0.377014 0.365068 0 0 1
v 0.335385 0.378126 0.362191 0 0 1
v 0.33881 0.379815 0.361941 0 0 1
v 0.35877 0.342031 0.366777 0 0 1
v 0.346852 0.359869 0.366705 0 0 1
v 0.362232 0.344333 0.363999 0 0 1
v 0.362846 0.344758 0.367753 0 0 1
v 0.361072 0.343586 0.370934 0 0 1
v 0.357949 0.341503 0.371681 0 0 1
v 0.355308 0.339729 0.369555 0 0 1
v 0.354694 0.339304 0.365801 0 0 1
v 0.356468 0.340477 0.362619 0 0 1
v 0.35959 0.34256 0.361873 0 0 1
v 0.359253 0.348792 0.363981 0 0 1
v 0.359866 0.349217 0.367735 0 0 1
v 0.358092 0.348045 0.370917 0 0 1
v 0.35497 0.345962 0.371663 0 0 1
v 0.352328 0.344189 0.369537 0 0 1
v 0.351715 0.343764 0.365783 0 0 1
v 0.353489 0.344936 0.362602 0 0 1
v 0.356611 0.347019 0.361855 0 0 1
v 0.356273 0.353252 0.363964 0 0 1
v 0.356887 0.353677 0.367717 0 0 1
v 0.355113 0.352505 0.370899 0 0 1
v 0.351991 0.350422 0.371645 0 0 1
v 0.349349 0.348648 0.369519 0 0 1
v 0.348735 0.348223 0.365765 0 0 1
v 0.350509 0.349396 0.362584 0 0 1
v 0.353632 0.351479 0.361837 0 0 1
v 0.353294 0.357711 0.363946 0 0 1
v 0.353908 0.358136 0.367699 0 0 1
v 0.352134 0.356964 0.370881 0 0 1
v 0.349011 0.354881 0.371627 0 0 1
v 0.34637 0.353108 0.369501 0 0 1
v 0.345756 0.352683 0.365748 0 0 1
v 0.34753 0.353855 0.362566 0 0 1
v 0.350652 0.355938 0.361819 0 0 1
v 0.350315 0.362171 0.363928 0 0 1
v 0.350928 0.362596 0.367681 0 0 1
v 0.349154 0.361424 0.370863 0 0 1
v 0.346032 0.359341 0.371609 0 0 1
v 0.34339 0.357567 0.369483 0 0 1
v 0.342777 0.357142 0.36573 0 0 1
v 0.344551 0.358314 0.362548 0 0 1
v 0.347673 0.360397 0.361802 0 0 1
v 0.372913 0.325901 0.366889 0 0 1
v 0.35877 0.342031 0.366777 0 0 1
v 0.375751 0.328367 0.363593 0 0 1
v 0.376663 0.329192 0.367216 0 0 1
v 0.375379 0.328089 0.370648 0 0 1
v 0.37265 0.325705 0.371878 0 0 1
v 0.370075 0.323436 0.370185 0 0 1
v 0.369163 0.322611 0.366562 0 0 1
v 0.370447 0.323713 0.36313 0 0 1
v 0.373176 0.326098 0.3619 0 0 1
v 0.372215 0.332399 0.363565 0 0 1
v 0.373127 0.333224 0.367188 0 0 1
v 0.371843 0.332122 0.37062 0 0 1
v 0.369114 0.329737 0.37185 0 0 1
v 0.366539 0.327468 0.370157 0 0 1
v 0.365627 0.326643 0.366534 0 0 1
v 0.366912 0.327746 0.363102 0 0 1
v 0.369641 0.33013 0.361872 0 0 1
v 0.368679 0.336432 0.363537 0 0 1
v 0.369592 0.337257 0.36716 0 0 1
v 0.368307 0.336154 0.370592 0 0 1
v 0.365578 0.33377 0.371822 0 0 1
v 0.363003 0.331501 0.370129 0 0 1
v 0.362091 0.330676 0.366506 0 0 1
v 0.363376 0.331778 0.363074 0 0 1
v 0.366105 0.334162 0.361844 0 0 1
v 0.365144 0.340464 0.363509 0 0 1
v 0.366056 0.341289 0.367132 0 0 1
v 0.364771 0.340187 0.370564 0 0 1
v 0.362042 0.337802 0.371794 0 0 1
v 0.359468 0.335533 0.370101 0 0 1
v 0.358555 0.334708 0.366478 0 0 1
v 0.35984 0.335811 0.363046 0 0 1
v 0.362569 0.338195 0.361816 0 0 1
v 0.361608 0.344497 0.363481 0 0 1
v 0.36252 0.345322 0.367104 0 0 1
v 0.361235 0.344219 0.370536 0 0 1
v 0.358506 0.341835 0.371766 0 0 1
v 0.355932 0.339565 0.370073 0 0 1
v 0.35502 0.33874 0.36645 0 0 1
v 0.356304 0.339843 0.363018 0 0 1
v 0.359033 0.342227 0.361788 0 0 1
v 0.38904 0.311756 0.367039 0 0 1
v 0.372913 0.325901 0.366889 0 0 1
v 0.391234 0.314217 0.363281 0 0 1
v 0.392332 0.315505 0.366713 0 0 1
v 0.391502 0.314597 0.370336 0 0 1
v 0.38923 0.312024 0.372029 0 0 1
v 0.386847 0.309294 0.370798 0 0 1
v 0.385749 0.308006 0.367366 0 0 1
v 0.386579 0.308914 0.363742 0 0 1
v 0.388851 0.311487 0.36205 0 0 1
v 0.387203 0.317753 0.363243 0 0 1
v 0.3883 0.319041 0.366675 0 0 1
v 0.38747 0.318133 0.370299 0 0 1
v 0.385198 0.315561 0.371991 0 0 1
v 0.382815 0.312831 0.370761 0 0 1
v 0.381717 0.311543 0.367328 0 0 1
v 0.382547 0.312451 0.363705 0 0 1
v 0.38482 0.315023 0.362013 0 0 1
v 0.383171 0.32129 0.363205 0 0 1
v 0.384268 0.322578 0.366638 0 0 1
v 0.383438 0.32167 0.370261 0 0 1
v 0.381166 0.319097 0.371953 0 0 1
v 0.378783 0.316367 0.370723 0 0 1
v 0.377685 0.315079 0.367291 0 0 1
v 0.378515 0.315987 0.363667 0 0 1
v 0.380788 0.31856 0.361975 0 0 1
v 0.379139 0.324826 0.363168 0 0 1
v 0.380237 0.326114 0.3666 0 0 1
v 0.379406 0.325206 0.370223 0 0 1
v 0.377134 0.322633 0.371916 0 0 1
v 0.374751 0.319904 0.370685 0 0 1
v 0.373653 0.318615 0.367253 0 0 1
v 0.374484 0.319524 0.36363 0 0 1
v 0.376756 0.322096 0.361937 0 0 1
v 0.375107 0.328363 0.36313 0 0 1
v 0.376205 0.329651 0.366562 0 0 1
v 0.375374 0.328742 0.370186 0 0 1
v 0.373102 0.32617 0.371878 0 0 1
v 0.370719 0.32344 0.370648 0 0 1
v 0.369621 0.322152 0.367215 0 0 1
v 0.370452 0.32306 0.363592 0 0 1
v 0.372724 0.325633 0.3619 0 0 1
v 0.406876 0.299836 0.367226 0 0 1
v 0.38904 0.311756 0.367039 0 0 1
v 0.40845 0.302126 0.363069 0 0 1
v 0.409608 0.303909 0.366251 0 0 1
v 0.409166 0.303306 0.370004 0 0 1
v 0.407382 0.30067 0.37213 0 0 1
v 0.405302 0.297546 0.371383 0 0 1
v 0.404144 0.295763 0.368201 0 0 1
v 0.404586 0.296366 0.364448 0 0 1
v 0.40637 0.299002 0.362322 0 0 1
v 0.403991 0.305106 0.363022 0 0 1
v 0.405149 0.306888 0.366204 0 0 1
v 0.404707 0.306286 0.369957 0 0 1
v 0.402923 0.30365 0.372083 0 0 1
v 0.400843 0.300526 0.371336 0 0 1
v 0.399685 0.298743 0.368154 0 0 1
v 0.400127 0.299346 0.364401 0 0 1
v 0.401911 0.301982 0.362275 0 0 1
v 0.399532 0.308086 0.362976 0 0 1
v 0.40069 0.309868 0.366158 0 0 1
v 0.400248 0.309265 0.369911 0 0 1
v 0.398465 0.30663 0.372036 0 0 1
v 0.396384 0.303506 0.37129 0 0 1
v 0.395226 0.301723 0.368108 0 0 1
v 0.395668 0.302326 0.364355 0 0 1
v 0.397452 0.304961 0.362229 0 0 1
v 0.395073 0.311065 0.362929 0 0 1
v 0.396231 0.312848 0.366111 0 0 1
v 0.395789 0.312245 0.369864 0 0 1
v 0.394006 0.30961 0.37199 0 0 1
v 0.391926 0.306486 0.371243 0 0 1
v 0.390767 0.304703 0.368061 0 0 1
v 0.39121 0.305306 0.364308 0 0 1
v 0.392993 0.307941 0.362182 0 0 1
v 0.390614 0.314045 0.362882 0 0 1
v 0.391772 0.315828 0.366064 0 0 1
v 0.39133 0.315225 0.369818 0 0 1
v 0.389547 0.31259 0.371943 0 0 1
v 0.387467 0.309466 0.371196 0 0 1
v 0.386309 0.307683 0.368014 0 0 1
v 0.386751 0.308286 0.364261 0 0 1
v 0.388534 0.310921 0.362136 0 0 1
v 0.426114 0.290346 0.367445 0 0 1
v 0.406876 0.299836 0.367226 0 0 1
v 0.427134 0.29231 0.362961 0 0 1
v 0.428224 0.294585 0.365838 0 0 1
v 0.428078 0.294378 0.369657 0 0 1
v 0.426782 0.291809 0.37218 0 0 1
v 0.425095 0.288383 0.371929 0 0 1
v 0.424005 0.286107 0.369052 0 0 1
v 0.424151 0.286315 0.365233 0 0 1
v 0.425447 0.288884 0.362711 0 0 1
v 0.422324 0.294682 0.362906 0 0 1
v 0.423414 0.296958 0.365784 0 0 1
v 0.423268 0.29675 0.369602 0 0 1
v 0.421972 0.294181 0.372125 0 0 1
v 0.420285 0.290755 0.371874 0 0 1
v 0.419195 0.28848 0.368997 0 0 1
v 0.419341 0.288687 0.365179 0 0 1
v 0.420637 0.291256 0.362656 0 0 1
v 0.417515 0.297055 0.362852 0 0 1
v 0.418604 0.29933 0.365729 0 0 1
v 0.418459 0.299123 0.369547 0 0 1
v 0.417163 0.296554 0.37207 0 0 1
v 0.415476 0.293128 0.371819 0 0 1
v 0.414386 0.290852 0.368942 0 0 1
v 0.414532 0.29106 0.365124 0 0 1
v 0.415828 0.293629 0.362601 0 0 1
v 0.412705 0.299427 0.362797 0 0 1
v 0.413795 0.301703 0.365674 0 0 1
v 0.413649 0.301495 0.369492 0 0 1
v 0.412353 0.298926 0.372015 0 0 1
v 0.410666 0.2955 0.371765 0 0 1
v 0.409576 0.293224 0.368887 0 0 1
v 0.409722 0.293432 0.365069 0 0 1
v 0.411018 0.296001 0.362546 0 0 1
v 0.407896 0.301799 0.362742 0 0 1
v 0.408985 0.304075 0.365619 0 0 1
v 0.408839 0.303867 0.369438 0 0 1
v 0.407543 0.301298 0.37196 0 0 1
v 0.405856 0.297873 0.37171 0 0 1
v 0.404767 0.295597 0.368833 0 0 1
v 0.404913 0.295804 0.365014 0 0 1
v 0.406209 0.298374 0.362491 0 0 1
v 0.446427 0.283449 0.367693 0 0 1
v 0.426114 0.290346 0.367445 0 0 1
v 0.446995 0.284954 0.362959 0 0 1
v 0.447893 0.287687 0.365483 0 0 1
v 0.447931 0.287938 0.369301 0 0 1
v 0.447088 0.285559 0.372178 0 0 1
v 0.445858 0.281945 0.372428 0 0 1
v 0.44496 0.279211 0.369904 0 0 1
v 0.444922 0.27896 0.366086 0 0 1
v 0.445765 0.281339 0.363209 0 0 1
v 0.441917 0.286678 0.362897 0 0 1
v 0.442815 0.289412 0.36542 0 0 1
v 0.442853 0.289663 0.369239 0 0 1
v 0.44201 0.287284 0.372116 0 0 1
v 0.44078 0.283669 0.372366 0 0 1
v 0.439882 0.280935 0.369842 0 0 1
v 0.439844 0.280684 0.366024 0 0 1
v 0.440687 0.283063 0.363147 0 0 1
v 0.436839 0.288402 0.362835 0 0 1
v 0.437737 0.291136 0.365358 0 0 1
v 0.437775 0.291387 0.369177 0 0 1
v 0.436932 0.289008 0.372054 0 0 1
v 0.435702 0.285393 0.372303 0 0 1
v 0.434804 0.28266 0.36978 0 0 1
v 0.434766 0.282409 0.365962 0 0 1
v 0.435609 0.284787 0.363085 0 0 1
v 0.431761 0.290127 0.362773 0 0 1
v 0.432659 0.29286 0.365296 0 0 1
v 0.432697 0.293111 0.369115 0 0 1
v 0.431854 0.290732 0.371991 0 0 1
v 0.430624 0.287117 0.372241 0 0 1
v 0.429726 0.284384 0.369718 0 0 1
v 0.429688 0.284133 0.3659 0 0 1
v 0.430531 0.286512 0.363023 0 0 1
v 0.426683 0.291851 0.362711 0 0 1
v 0.42758 0.294585 0.365234 0 0 1
v 0.427619 0.294835 0.369053 0 0 1
v 0.426776 0.292457 0.371929 0 0 1
v 0.425546 0.288842 0.372179 0 0 1
v 0.424648 0.286108 0.369656 0 0 1
v 0.42461 0.285857 0.365838 0 0 1
v 0.425453 0.288236 0.362961 0 0 1
v 0.467465 0.279262 0.367966 0 0 1
v 0.446427 0.283449 0.367693 0 0 1
v 0.467717 0.280207 0.363063 0 0 1
v 0.468311 0.283333 0.365189 0 0 1
v 0.46841 0.284074 0.368942 0 0 1
v 0.467955 0.281997 0.372124 0 0 1
v 0.467213 0.278317 0.37287 0 0 1
v 0.466619 0.275192 0.370744 0 0 1
v 0.46652 0.27445 0.366991 0 0 1
v 0.466975 0.276528 0.363809 0 0 1
v 0.462457 0.281254 0.362995 0 0 1
v 0.463051 0.28438 0.365121 0 0 1
v 0.46315 0.285121 0.368874 0 0 1
v 0.462696 0.283044 0.372055 0 0 1
v 0.461954 0.279364 0.372802 0 0 1
v 0.461359 0.276238 0.370675 0 0 1
v 0.46126 0.275497 0.366922 0 0 1
v 0.461715 0.277575 0.363741 0 0 1
v 0.457197 0.282301 0.362926 0 0 1
v 0.457792 0.285427 0.365053 0 0 1
v 0.457891 0.286168 0.368806 0 0 1
v 0.457436 0.28409 0.371987 0 0 1
v 0.456694 0.280411 0.372733 0 0 1
v 0.4561 0.277285 0.370607 0 0 1
v 0.456001 0.276544 0.366854 0 0 1
v 0.456456 0.278621 0.363673 0 0 1
v 0.451938 0.283347 0.362858 0 0 1
v 0.452532 0.286473 0.364984 0 0 1
v 0.452631 0.287214 0.368737 0 0 1
v 0.452176 0.285137 0.371919 0 0 1
v 0.451434 0.281458 0.372665 0 0 1
v 0.45084 0.278332 0.370539 0 0 1
v 0.450741 0.277591 0.366786 0 0 1
v 0.451196 0.279668 0.363604 0 0 1
v 0.446678 0.284394 0.36279 0 0 1
v 0.447273 0.28752 0.364916 0 0 1
v 0.447371 0.288261 0.368669 0 0 1
v 0.446917 0.286184 0.371851 0 0 1
v 0.446175 0.282504 0.372597 0 0 1
v 0.44558 0.279378 0.370471 0 0 1
v 0.445482 0.278637 0.366718 0 0 1
v 0.445936 0.280715 0.363536 0 0 1
v 0.48887 0.277858 0.36826 0 0 1
v 0.467465 0.279262 0.367966 0 0 1
v 0.488959 0.27818 0.363271 0 0 1
v 0.489161 0.281606 0.364963 0 0 1
v 0.489192 0.282837 0.368587 0 0 1
v 0.489034 0.28115 0.372019 0 0 1
v 0.48878 0.277536 0.373248 0 0 1
v 0.488578 0.274109 0.371556 0 0 1
v 0.488547 0.272879 0.367932 0 0 1
v 0.488705 0.274565 0.3645 0 0 1
v 0.483608 0.278531 0.363198 0 0 1
v 0.483809 0.281957 0.36489 0 0 1
v 0.483841 0.283188 0.368514 0 0 1
v 0.483683 0.281502 0.371945 0 0 1
v 0.483429 0.277887 0.373175 0 0 1
v 0.483227 0.27446 0.371482 0 0 1
v 0.483196 0.27323 0.367859 0 0 1
v 0.483354 0.274916 0.364427 0 0 1
v 0.478257 0.278882 0.363124 0 0 1
v 0.478458 0.282309 0.364817 0 0 1
v 0.478489 0.283539 0.36844 0 0 1
v 0.478332 0.281853 0.371872 0 0 1
v 0.478078 0.278238 0.373102 0 0 1
v 0.477876 0.274812 0.371409 0 0 1
v 0.477845 0.273581 0.367786 0 0 1
v 0.478003 0.275267 0.364354 0 0 1
v 0.472906 0.279234 0.363051 0 0 1
v 0.473107 0.28266 0.364744 0 0 1
v 0.473138 0.28389 0.368367 0 0 1
v 0.472981 0.282204 0.371799 0 0 1
v 0.472727 0.278589 0.373029 0 0 1
v 0.472525 0.275163 0.371336 0 0 1
v 0.472494 0.273932 0.367712 0 0 1
v 0.472651 0.275619 0.364281 0 0 1
v 0.467554 0.279585 0.362978 0 0 1
v 0.467756 0.283011 0.36467 0 0 1
v 0.467787 0.284241 0.368294 0 0 1
v 0.467629 0.282555 0.371726 0 0 1
v 0.467375 0.27894 0.372955 0 0 1
v 0.467174 0.275514 0.371263 0 0 1
v 0.467143 0.274284 0.367639 0 0 1
v 0.4673 0.27597 0.364207 0 0 1
v 0.510274 0.279259 0.368568 0 0 1
v 0.48887 0.277858 0.36826 0 0 1
v 0.510367 0.278938 0.363579 0 0 1
v 0.510113 0.282553 0.364809 0 0 1
v 0.509953 0.284238 0.368241 0 0 1
v 0.509981 0.283007 0.371864 0 0 1
v 0.510181 0.27958 0.373557 0 0 1
v 0.510436 0.275966 0.372326 0 0 1
v 0.510595 0.27428 0.368894 0 0 1
v 0.510567 0.275511 0.365271 0 0 1
v 0.505016 0.278588 0.363502 0 0 1
v 0.504761 0.282202 0.364732 0 0 1
v 0.504602 0.283888 0.368164 0 0 1
v 0.50463 0.282657 0.371787 0 0 1
v 0.50483 0.27923 0.37348 0 0 1
v 0.505084 0.275615 0.372249 0 0 1
v 0.505244 0.27393 0.368817 0 0 1
v 0.505216 0.275161 0.365194 0 0 1
v 0.499665 0.278237 0.363425 0 0 1
v 0.49941 0.281852 0.364655 0 0 1
v 0.499251 0.283537 0.368087 0 0 1
v 0.499279 0.282306 0.37171 0 0 1
v 0.499479 0.27888 0.373403 0 0 1
v 0.499733 0.275265 0.372172 0 0 1
v 0.499893 0.27358 0.36874 0 0 1
v 0.499865 0.274811 0.365117 0 0 1
v 0.494314 0.277887 0.363348 0 0 1
v 0.494059 0.281502 0.364578 0 0 1
v 0.493899 0.283187 0.36801 0 0 1
v 0.493928 0.281956 0.371633 0 0 1
v 0.494128 0.278529 0.373325 0 0 1
v 0.494382 0.274915 0.372095 0 0 1
v 0.494542 0.273229 0.368663 0 0 1
v 0.494514 0.27446 0.36504 0 0 1
v 0.488962 0.277536 0.363271 0 0 1
v 0.488708 0.281151 0.364501 0 0 1
v 0.488548 0.282837 0.367933 0 0 1
v 0.488577 0.281606 0.371556 0 0 1
v 0.488777 0.278179 0.373248 0 0 1
v 0.489031 0.274564 0.372018 0 0 1
v 0.489191 0.272879 0.368586 0 0 1
v 0.489162 0.27411 0.364963 0 0 1
v 0.531313 0.283443 0.368886 0 0 1
v 0.510274 0.279259 0.368568 0 0 1
v 0.531574 0.2825 0.363982 0 0 1
v 0.530831 0.28618 0.364729 0 0 1
v 0.53037 0.288255 0.367911 0 0 1
v 0.530461 0.287512 0.371664 0 0 1
v 0.531051 0.284385 0.373789 0 0 1
v 0.531794 0.280706 0.373043 0 0 1
v 0.532255 0.27863 0.369861 0 0 1
v 0.532164 0.279373 0.366108 0 0 1
v 0.526314 0.281455 0.363903 0 0 1
v 0.525572 0.285134 0.36465 0 0 1
v 0.525111 0.287209 0.367831 0 0 1
v 0.525202 0.286466 0.371584 0 0 1
v 0.525791 0.283339 0.37371 0 0 1
v 0.526534 0.27966 0.372963 0 0 1
v 0.526995 0.277584 0.369781 0 0 1
v 0.526904 0.278328 0.366029 0 0 1
v 0.521055 0.280409 0.363823 0 0 1
v 0.520312 0.284088 0.36457 0 0 1
v 0.519851 0.286164 0.367752 0 0 1
v 0.519942 0.28542 0.371505 0 0 1
v 0.520532 0.282293 0.37363 0 0 1
v 0.521275 0.278614 0.372884 0 0 1
v 0.521736 0.276538 0.369702 0 0 1
v 0.521645 0.277282 0.365949 0 0 1
v 0.515795 0.279363 0.363744 0 0 1
v 0.515052 0.283042 0.364491 0 0 1
v 0.514591 0.285118 0.367672 0 0 1
v 0.514683 0.284374 0.371425 0 0 1
v 0.515272 0.281247 0.373551 0 0 1
v 0.516015 0.277568 0.372804 0 0 1
v 0.516476 0.275492 0.369622 0 0 1
v 0.516385 0.276236 0.36587 0 0 1
v 0.510536 0.278317 0.363664 0 0 1
v 0.509793 0.281996 0.364411 0 0 1
v 0.509332 0.284072 0.367593 0 0 1
v 0.509423 0.283329 0.371346 0 0 1
v 0.510013 0.280201 0.373471 0 0 1
v 0.510756 0.276522 0.372725 0 0 1
v 0.511216 0.274447 0.369543 0 0 1
v 0.511125 0.27519 0.36579 0 0 1
v 0.551625 0.290337 0.369208 0 0 1
v 0.531313 0.283443 0.368886 0 0 1
v 0.552209 0.288838 0.364474 0 0 1
v 0.550978 0.292453 0.364725 0 0 1
v 0.550126 0.294828 0.367602 0 0 1
v 0.550152 0.294573 0.37142 0 0 1
v 0.551041 0.291836 0.373943 0 0 1
v 0.552272 0.288221 0.373692 0 0 1
v 0.553124 0.285846 0.370815 0 0 1
v 0.553097 0.286101 0.366997 0 0 1
v 0.547131 0.287114 0.364394 0 0 1
v 0.5459 0.290729 0.364644 0 0 1
v 0.545048 0.293105 0.367521 0 0 1
v 0.545074 0.292849 0.371339 0 0 1
v 0.545963 0.290112 0.373862 0 0 1
v 0.547194 0.286497 0.373611 0 0 1
v 0.548046 0.284122 0.370735 0 0 1
v 0.548019 0.284378 0.366916 0 0 1
v 0.542052 0.285391 0.364313 0 0 1
v 0.540822 0.289006 0.364563 0 0 1
v 0.53997 0.291381 0.36744 0 0 1
v 0.539996 0.291125 0.371258 0 0 1
v 0.540885 0.288389 0.373781 0 0 1
v 0.542116 0.284774 0.373531 0 0 1
v 0.542967 0.282399 0.370654 0 0 1
v 0.542941 0.282654 0.366836 0 0 1
v 0.536974 0.283667 0.364232 0 0 1
v 0.535744 0.287282 0.364483 0 0 1
v 0.534892 0.289658 0.36736 0 0 1
v 0.534918 0.289402 0.371178 0 0 1
v 0.535807 0.286665 0.373701 0 0 1
v 0.537038 0.28305 0.37345 0 0 1
v 0.537889 0.280675 0.370573 0 0 1
v 0.537863 0.280931 0.366755 0 0 1
v 0.531896 0.281944 0.364152 0 0 1
v 0.530666 0.285559 0.364402 0 0 1
v 0.529814 0.287934 0.367279 0 0 1
v 0.52984 0.287678 0.371097 0 0 1
v 0.530729 0.284942 0.37362 0 0 1
v 0.53196 0.281327 0.37337 0 0 1
v 0.532811 0.278951 0.370493 0 0 1
v 0.532785 0.279207 0.366675 0 0 1
v 0.570863 0.299824 0.36953 0 0 1
v 0.551625 0.290337 0.369208 0 0 1
v 0.571901 0.29787 0.365046 0 0 1
v 0.570216 0.301296 0.364796 0 0 1
v 0.56891 0.30386 0.367319 0 0 1
v 0.568748 0.304059 0.371137 0 0 1
v 0.569825 0.301777 0.374014 0 0 1
v 0.57151 0.298351 0.374264 0 0 1
v 0.572817 0.295787 0.371741 0 0 1
v 0.572979 0.295588 0.367922 0 0 1
v 0.567092 0.295498 0.364965 0 0 1
v 0.565406 0.298925 0.364715 0 0 1
v 0.5641 0.301489 0.367238 0 0 1
v 0.563938 0.301688 0.371056 0 0 1
v 0.565015 0.299405 0.373933 0 0 1
v 0.566701 0.295979 0.374183 0 0 1
v 0.568007 0.293415 0.37166 0 0 1
v 0.568169 0.293216 0.367842 0 0 1
v 0.562282 0.293127 0.364885 0 0 1
v 0.560597 0.296553 0.364635 0 0 1
v 0.55929 0.299117 0.367158 0 0 1
v 0.559128 0.299316 0.370976 0 0 1
v 0.560206 0.297034 0.373853 0 0 1
v 0.561891 0.293607 0.374103 0 0 1
v 0.563197 0.291044 0.37158 0 0 1
v 0.563359 0.290844 0.367762 0 0 1
v 0.557473 0.290755 0.364805 0 0 1
v 0.555787 0.294181 0.364555 0 0 1
v 0.554481 0.296745 0.367078 0 0 1
v 0.554319 0.296944 0.370896 0 0 1
v 0.555396 0.294662 0.373773 0 0 1
v 0.557082 0.291236 0.374023 0 0 1
v 0.558388 0.288672 0.3715 0 0 1
v 0.55855 0.288473 0.367682 0 0 1
v 0.552663 0.288383 0.364724 0 0 1
v 0.550977 0.29181 0.364474 0 0 1
v 0.549671 0.294374 0.366997 0 0 1
v 0.549509 0.294573 0.370815 0 0 1
v 0.550586 0.29229 0.373692 0 0 1
v 0.552272 0.288864 0.373942 0 0 1
v 0.553578 0.2863 0.371419 0 0 1
v 0.55374 0.286101 0.367601 0 0 1
v 0.588699 0.31174 0.369844 0 0 1
v 0.570863 0.299824 0.36953 0 0 1
v 0.590293 0.309465 0.365687 0 0 1
v 0.588216 0.312592 0.364941 0 0 1
v 0.586423 0.31522 0.367067 0 0 1
v 0.585962 0.31581 0.37082 0 0 1
v 0.587105 0.314016 0.374001 0 0 1
v 0.589181 0.310889 0.374748 0 0 1
v 0.590974 0.308261 0.372622 0 0 1
v 0.591435 0.307671 0.368869 0 0 1
v 0.585834 0.306485 0.365609 0 0 1
v 0.583758 0.309612 0.364862 0 0 1
v 0.581964 0.312241 0.366988 0 0 1
v 0.581503 0.312831 0.370741 0 0 1
v 0.582646 0.311037 0.373923 0 0 1
v 0.584722 0.30791 0.374669 0 0 1
v 0.586516 0.305282 0.372543 0 0 1
v 0.586976 0.304692 0.36879 0 0 1
v 0.581375 0.303506 0.36553 0 0 1
v 0.579299 0.306633 0.364784 0 0 1
v 0.577505 0.309261 0.366909 0 0 1
v 0.577045 0.309852 0.370662 0 0 1
v 0.578187 0.308058 0.373844 0 0 1
v 0.580263 0.304931 0.37459 0 0 1
v 0.582057 0.302303 0.372464 0 0 1
v 0.582517 0.301712 0.368712 0 0 1
v 0.576916 0.300527 0.365451 0 0 1
v 0.57484 0.303654 0.364705 0 0 1
v 0.573046 0.306282 0.366831 0 0 1
v 0.572586 0.306872 0.370584 0 0 1
v 0.573728 0.305079 0.373765 0 0 1
v 0.575804 0.301952 0.374512 0 0 1
v 0.577598 0.299323 0.372386 0 0 1
v 0.578058 0.298733 0.368633 0 0 1
v 0.572457 0.297548 0.365373 0 0 1
v 0.570381 0.300675 0.364626 0 0 1
v 0.568587 0.303303 0.366752 0 0 1
v 0.568127 0.303893 0.370505 0 0 1
v 0.569269 0.302099 0.373687 0 0 1
v 0.571345 0.298972 0.374433 0 0 1
v 0.573139 0.296344 0.372307 0 0 1
v 0.573599 0.295754 0.368554 0 0 1
v 0.604826 0.325884 0.370147 0 0 1
v 0.588699 0.31174 0.369844 0 0 1
v 0.60704 0.32344 0.366388 0 0 1
v 0.604663 0.326176 0.365158 0 0 1
v 0.602382 0.328741 0.36685 0 0 1
v 0.601533 0.329632 0.370474 0 0 1
v 0.602612 0.328327 0.373906 0 0 1
v 0.604989 0.325592 0.375136 0 0 1
v 0.60727 0.323027 0.373443 0 0 1
v 0.608119 0.322136 0.36982 0 0 1
v 0.603008 0.319904 0.366312 0 0 1
v 0.600631 0.32264 0.365082 0 0 1
v 0.59835 0.325205 0.366775 0 0 1
v 0.597501 0.326096 0.370398 0 0 1
v 0.598581 0.324792 0.37383 0 0 1
v 0.600957 0.322056 0.37506 0 0 1
v 0.603238 0.319491 0.373368 0 0 1
v 0.604087 0.3186 0.369744 0 0 1
v 0.598976 0.316368 0.366237 0 0 1
v 0.5966 0.319104 0.365007 0 0 1
v 0.594319 0.321669 0.366699 0 0 1
v 0.593469 0.32256 0.370323 0 0 1
v 0.594549 0.321256 0.373754 0 0 1
v 0.596925 0.31852 0.374984 0 0 1
v 0.599206 0.315955 0.373292 0 0 1
v 0.600055 0.315064 0.369669 0 0 1
v 0.594944 0.312833 0.366161 0 0 1
v 0.592568 0.315569 0.364931 0 0 1
v 0.590287 0.318133 0.366624 0 0 1
v 0.589437 0.319024 0.370247 0 0 1
v 0.590517 0.31772 0.373679 0 0 1
v 0.592893 0.314984 0.374909 0 0 1
v 0.595174 0.312419 0.373216 0 0 1
v 0.596024 0.311528 0.369593 0 0 1
v 0.590912 0.309297 0.366085 0 0 1
v 0.588536 0.312033 0.364855 0 0 1
v 0.586255 0.314597 0.366548 0 0 1
v 0.585405 0.315489 0.370171 0 0 1
v 0.586485 0.314184 0.373603 0 0 1
v 0.588861 0.311448 0.374833 0 0 1
v 0.591142 0.308883 0.373141 0 0 1
v 0.591992 0.307992 0.369517 0 0 1
v 0.618969 0.342011 0.370432 0 0 1
v 0.604826 0.325884 0.370147 0 0 1
v 0.621825 0.339566 0.367136 0 0 1
v 0.619259 0.341846 0.365443 0 0 1
v 0.616524 0.344223 0.366673 0 0 1
v 0.615221 0.345304 0.370105 0 0 1
v 0.616114 0.344457 0.373729 0 0 1
v 0.61868 0.342177 0.375421 0 0 1
v 0.621415 0.3398 0.374191 0 0 1
v 0.622718 0.338719 0.370759 0 0 1
v 0.618289 0.335534 0.367065 0 0 1
v 0.615723 0.337814 0.365372 0 0 1
v 0.612988 0.340191 0.366602 0 0 1
v 0.611685 0.341272 0.370034 0 0 1
v 0.612578 0.340425 0.373657 0 0 1
v 0.615144 0.338145 0.37535 0 0 1
v 0.617879 0.335768 0.37412 0 0 1
v 0.619182 0.334687 0.370688 0 0 1
v 0.614753 0.331502 0.366993 0 0 1
v 0.612187 0.333782 0.365301 0 0 1
v 0.609452 0.336159 0.366531 0 0 1
v 0.608149 0.337241 0.369963 0 0 1
v 0.609042 0.336393 0.373586 0 0 1
v 0.611608 0.334113 0.375278 0 0 1
v 0.614343 0.331736 0.374048 0 0 1
v 0.615646 0.330655 0.370617 0 0 1
v 0.611217 0.32747 0.366922 0 0 1
v 0.608651 0.32975 0.365229 0 0 1
v 0.605916 0.332127 0.366459 0 0 1
v 0.604613 0.333209 0.369891 0 0 1
v 0.605507 0.332361 0.373515 0 0 1
v 0.608072 0.330081 0.375207 0 0 1
v 0.610807 0.327704 0.373977 0 0 1
v 0.61211 0.326623 0.370545 0 0 1
v 0.607681 0.323438 0.36685 0 0 1
v 0.605116 0.325718 0.365158 0 0 1
v 0.60238 0.328095 0.366388 0 0 1
v 0.601078 0.329177 0.36982 0 0 1
v 0.601971 0.328329 0.373443 0 0 1
v 0.604536 0.32605 0.375136 0 0 1
v 0.607272 0.323673 0.373906 0 0 1
v 0.608574 0.322591 0.370474 0 0 1
v 0.630887 0.359848 0.370696 0 0 1
v 0.618969 0.342011 0.370432 0 0 1
v 0.634362 0.357566 0.367918 0 0 1
v 0.631731 0.359356 0.365792 0 0 1
v 0.628605 0.361433 0.366539 0 0 1
v 0.626816 0.362582 0.36972 0 0 1
v 0.627411 0.362129 0.373473 0 0 1
v 0.630042 0.360339 0.375599 0 0 1
v 0.633168 0.358262 0.374853 0 0 1
v 0.634957 0.357113 0.371671 0 0 1
v 0.631383 0.353107 0.367852 0 0 1
v 0.628752 0.354897 0.365726 0 0 1
v 0.625626 0.356974 0.366473 0 0 1
v 0.623836 0.358123 0.369654 0 0 1
v 0.624432 0.35767 0.373407 0 0 1
v 0.627063 0.35588 0.375533 0 0 1
v 0.630189 0.353803 0.374787 0 0 1
v 0.631978 0.352654 0.371605 0 0 1
v 0.628404 0.348648 0.367786 0 0 1
v 0.625772 0.350438 0.36566 0 0 1
v 0.622647 0.352515 0.366407 0 0 1
v 0.620857 0.353664 0.369588 0 0 1
v 0.621452 0.353211 0.373342 0 0 1
v 0.624083 0.351421 0.375467 0 0 1
v 0.627209 0.349344 0.374721 0 0 1
v 0.628999 0.348195 0.371539 0 0 1
v 0.625424 0.344189 0.367721 0 0 1
v 0.622793 0.345979 0.365595 0 0 1
v 0.619667 0.348056 0.366341 0 0 1
v 0.617878 0.349205 0.369523 0 0 1
v 0.618473 0.348752 0.373276 0 0 1
v 0.621104 0.346962 0.375402 0 0 1
v 0.62423 0.344885 0.374655 0 0 1
v 0.626019 0.343736 0.371474 0 0 1
v 0.622445 0.33973 0.367655 0 0 1
v 0.619814 0.34152 0.365529 0 0 1
v 0.616688 0.343597 0.366275 0 0 1
v 0.614898 0.344746 0.369457 0 0 1
v 0.615494 0.344293 0.37321 0 0 1
v 0.618125 0.342503 0.375336 0 0 1
v 0.621251 0.340426 0.374589 0 0 1
v 0.62304 0.339277 0.371408 0 0 1
v 0.640374 0.379087 0.370932 0 0 1
v 0.630887 0.359848 0.370696 0 0 1
v 0.644407 0.377125 0.368721 0 0 1
v 0.641839 0.378423 0.366198 0 0 1
v 0.638412 0.380109 0.366448 0 0 1
v 0.636135 0.381197 0.369325 0 0 1
v 0.636341 0.381048 0.373144 0 0 1
v 0.638909 0.379751 0.375667 0 0 1
v 0.642335 0.378064 0.375416 0 0 1
v 0.644612 0.376977 0.37254 0 0 1
v 0.642035 0.372316 0.368662 0 0 1
v 0.639467 0.373613 0.366139 0 0 1
v 0.636041 0.375299 0.366389 0 0 1
v 0.633764 0.376387 0.369266 0 0 1
v 0.633969 0.376238 0.373084 0 0 1
v 0.636537 0.374941 0.375607 0 0 1
v 0.639964 0.373255 0.375357 0 0 1
v 0.642241 0.372167 0.37248 0 0 1
v 0.639663 0.367506 0.368603 0 0 1
v 0.637095 0.368803 0.36608 0 0 1
v 0.633669 0.37049 0.36633 0 0 1
v 0.631392 0.371577 0.369207 0 0 1
v 0.631597 0.371429 0.373025 0 0 1
v 0.634166 0.370131 0.375548 0 0 1
v 0.637592 0.368445 0.375298 0 0 1
v 0.639869 0.367357 0.372421 0 0 1
v 0.637291 0.362696 0.368544 0 0 1
v 0.634723 0.363993 0.36602 0 0 1
v 0.631297 0.36568 0.366271 0 0 1
v 0.62902 0.366767 0.369148 0 0 1
v 0.629226 0.366619 0.372966 0 0 1
v 0.631794 0.365321 0.375489 0 0 1
v 0.63522 0.363635 0.375239 0 0 1
v 0.637497 0.362547 0.372362 0 0 1
v 0.634919 0.357886 0.368484 0 0 1
v 0.632351 0.359184 0.365961 0 0 1
v 0.628925 0.36087 0.366211 0 0 1
v 0.626648 0.361957 0.369088 0 0 1
v 0.626854 0.361809 0.372907 0 0 1
v 0.629422 0.360512 0.37543 0 0 1
v 0.632848 0.358825 0.37518 0 0 1
v 0.635125 0.357738 0.372303 0 0 1
v 0.647269 0.3994 0.371138 0 0 1
v 0.640374 0.379087 0.370932 0 0 1
v 0.651757 0.397893 0.369531 0 0 1
v 0.649377 0.39873 0.366654 0 0 1
v 0.645762 0.39996 0.366404 0 0 1
v 0.643029 0.400862 0.368927 0 0 1
v 0.642781 0.400907 0.372745 0 0 1
v 0.645161 0.40007 0.375623 0 0 1
v 0.648776 0.398841 0.375873 0 0 1
v 0.651508 0.397939 0.37335 0 0 1
v 0.650034 0.392815 0.36948 0 0 1
v 0.647653 0.393652 0.366603 0 0 1
v 0.644038 0.394881 0.366352 0 0 1
v 0.641306 0.395783 0.368875 0 0 1
v 0.641057 0.395829 0.372694 0 0 1
v 0.643437 0.394992 0.375571 0 0 1
v 0.647052 0.393762 0.375821 0 0 1
v 0.649785 0.39286 0.373298 0 0 1
v 0.64831 0.387736 0.369428 0 0 1
v 0.645929 0.388573 0.366551 0 0 1
v 0.642314 0.389803 0.366301 0 0 1
v 0.639582 0.390705 0.368824 0 0 1
v 0.639333 0.390751 0.372642 0 0 1
v 0.641713 0.389914 0.37552 0 0 1
v 0.645329 0.388684 0.37577 0 0 1
v 0.648061 0.387782 0.373247 0 0 1
v 0.646586 0.382658 0.369377 0 0 1
v 0.644206 0.383495 0.3665 0 0 1
v 0.64059 0.384725 0.366249 0 0 1
v 0.637858 0.385627 0.368772 0 0 1
v 0.637609 0.385672 0.372591 0 0 1
v 0.63999 0.384835 0.375468 0 0 1
v 0.643605 0.383606 0.375718 0 0 1
v 0.646337 0.382704 0.373195 0 0 1
v 0.644862 0.37758 0.369325 0 0 1
v 0.642482 0.378417 0.366448 0 0 1
v 0.638867 0.379646 0.366198 0 0 1
v 0.636134 0.380548 0.368721 0 0 1
v 0.635886 0.380594 0.372539 0 0 1
v 0.638266 0.379757 0.375416 0 0 1
v 0.641881 0.378527 0.375667 0 0 1
v 0.644613 0.377625 0.373144 0 0 1
v 0.651454 0.42044 0.37131 0 0 1
v 0.647269 0.3994 0.371138 0 0 1
v 0.656265 0.419491 0.370335 0 0 1
v 0.654185 0.419931 0.367153 0 0 1
v 0.650505 0.420669 0.366407 0 0 1
v 0.647381 0.421273 0.368533 0 0 1
v 0.646643 0.421389 0.372286 0 0 1
v 0.648723 0.420949 0.375468 0 0 1
v 0.652403 0.420211 0.376214 0 0 1
v 0.655527 0.419607 0.374088 0 0 1
v 0.655219 0.414231 0.370292 0 0 1
v 0.653139 0.414671 0.36711 0 0 1
v 0.649459 0.415409 0.366364 0 0 1
v 0.646334 0.416013 0.36849 0 0 1
v 0.645596 0.416129 0.372243 0 0 1
v 0.647677 0.415689 0.375425 0 0 1
v 0.651357 0.414951 0.376171 0 0 1
v 0.654481 0.414347 0.374045 0 0 1
v 0.654173 0.408971 0.370249 0 0 1
v 0.652092 0.409411 0.367067 0 0 1
v 0.648412 0.410149 0.366321 0 0 1
v 0.645288 0.410753 0.368447 0 0 1
v 0.64455 0.410869 0.3722 0 0 1
v 0.64663 0.410429 0.375382 0 0 1
v 0.65031 0.409691 0.376128 0 0 1
v 0.653434 0.409087 0.374002 0 0 1
v 0.653126 0.403711 0.370206 0 0 1
v 0.651046 0.404151 0.367024 0 0 1
v 0.647366 0.404889 0.366278 0 0 1
v 0.644242 0.405493 0.368404 0 0 1
v 0.643504 0.405609 0.372157 0 0 1
v 0.645584 0.405169 0.375339 0 0 1
v 0.649264 0.404431 0.376085 0 0 1
v 0.652388 0.403827 0.373959 0 0 1
v 0.65208 0.398451 0.370163 0 0 1
v 0.65 0.398891 0.366981 0 0 1
v 0.64632 0.399629 0.366235 0 0 1
v 0.643196 0.400233 0.368361 0 0 1
v 0.642458 0.400349 0.372114 0 0 1
v 0.644538 0.399909 0.375296 0 0 1
v 0.648218 0.399171 0.376042 0 0 1
v 0.651342 0.398567 0.373916 0 0 1
v 0.652857 0.441846 0.371445 0 0 1
v 0.651454 0.42044 0.37131 0 0 1
v 0.657835 0.441522 0.371118 0 0 1
v 0.656148 0.441654 0.367686 0 0 1
v 0.652532 0.441899 0.366456 0 0 1
v 0.649107 0.442113 0.368148 0 0 1
v 0.647878 0.442171 0.371772 0 0 1
v 0.649565 0.442038 0.375204 0 0 1
v 0.653181 0.441794 0.376434 0 0 1
v 0.656606 0.44158 0.374742 0 0 1
v 0.657485 0.436171 0.371084 0 0 1
v 0.655797 0.436303 0.367652 0 0 1
v 0.652182 0.436547 0.366422 0 0 1
v 0.648756 0.436761 0.368115 0 0 1
v 0.647527 0.436819 0.371738 0 0 1
v 0.649215 0.436687 0.375171 0 0 1
v 0.65283 0.436442 0.376401 0 0 1
v 0.656256 0.436228 0.374708 0 0 1
v 0.657134 0.430819 0.371051 0 0 1
v 0.655446 0.430951 0.367619 0 0 1
v 0.651831 0.431196 0.366389 0 0 1
v 0.648405 0.43141 0.368081 0 0 1
v 0.647176 0.431467 0.371705 0 0 1
v 0.648864 0.431335 0.375137 0 0 1
v 0.652479 0.431091 0.376367 0 0 1
v 0.655905 0.430877 0.374674 0 0 1
v 0.656783 0.425467 0.371017 0 0 1
v 0.655096 0.4256 0.367585 0 0 1
v 0.65148 0.425844 0.366355 0 0 1
v 0.648055 0.426058 0.368047 0 0 1
v 0.646826 0.426116 0.371671 0 0 1
v 0.648513 0.425984 0.375103 0 0 1
v 0.652129 0.425739 0.376333 0 0 1
v 0.655554 0.425525 0.374641 0 0 1
v 0.656433 0.420116 0.370983 0 0 1
v 0.654745 0.420248 0.367551 0 0 1
v 0.65113 0.420493 0.366321 0 0 1
v 0.647704 0.420707 0.368014 0 0 1
v 0.646475 0.420764 0.371637 0 0 1
v 0.648163 0.420632 0.375069 0 0 1
v 0.651778 0.420387 0.3763 0 0 1
v 0.655204 0.420174 0.374607 0 0 1
v 0.515563 0.993599 0.706288 0 0 1
v 0.497421 0.993613 0.707477 0 0 1
v 0.515236 0.993603 0.701299 0 0 1
v 0.515335 0.997138 0.702763 0 0 1
v 0.515567 0.998599 0.706292 0 0 1
v 0.515797 0.997132 0.709819 0 0 1
v 0.51589 0.993595 0.711277 0 0 1
v 0.515791 0.990061 0.709813 0 0 1
v 0.515559 0.988599 0.706284 0 0 1
v 0.515329 0.990067 0.702757 0 0 1
v 0.510701 0.993607 0.701596 0 0 1
v 0.510799 0.997141 0.70306 0 0 1
v 0.511032 0.998603 0.706589 0 0 1
v 0.511262 0.997135 0.710116 0 0 1
v 0.511355 0.993599 0.711574 0 0 1
v 0.511256 0.990064 0.71011 0 0 1
v 0.511024 0.988603 0.706581 0 0 1
v 0.510793 0.99007 0.703054 0 0 1
v 0.506165 0.99361 0.701893 0 0 1
v 0.506264 0.997145 0.703357 0 0 1
v 0.506496 0.998606 0.706886 0 0 1
v 0.506726 0.997139 0.710413 0 0 1
v 0.506819 0.993602 0.711872 0 0 1
v 0.506721 0.990068 0.710408 0 0 1
v 0.506488 0.988606 0.706879 0 0 1
v 0.506258 0.990074 0.703352 0 0 1
v 0.50163 0.993614 0.70219 0 0 1
v 0.501728 0.997148 0.703654 0 0 1
v 0.501961 0.99861 0.707183 0 0 1
v 0.502191 0.997142 0.71071 0 0 1
v 0.502284 0.993606 0.712169 0 0 1
v 0.502185 0.990071 0.710705 0 0 1
v 0.501953 0.98861 0.707176 0 0 1
v 0.501723 0.990077 0.703649 0 0 1
v 0.497094 0.993617 0.702488 0 0 1
v 0.497193 0.997152 0.703952 0 0 1
v 0.497426 0.998613 0.707481 0 0 1
v 0.497656 0.997146 0.711008 0 0 1
v 0.497749 0.993609 0.712466 0 0 1
v 0.49765 0.990075 0.711002 0 0 1
v 0.497417 0.988613 0.707473 0 0 1
v 0.497187 0.990081 0.703946 0 0 1
v 0.533394 0.993594 0.702741 0 0 1
v 0.515563 0.993599 0.706288 0 0 1
v 0.532419 0.993596 0.697837 0 0 1
v 0.532705 0.997131 0.699274 0 0 1
v 0.533396 0.998594 0.702742 0 0 1
v 0.534085 0.997129 0.70621 0 0 1
v 0.534369 0.993593 0.707645 0 0 1
v 0.534083 0.990058 0.706208 0 0 1
v 0.533392 0.988594 0.70274 0 0 1
v 0.532703 0.99006 0.699273 0 0 1
v 0.527961 0.993597 0.698724 0 0 1
v 0.528248 0.997132 0.700161 0 0 1
v 0.528938 0.998596 0.703629 0 0 1
v 0.529627 0.99713 0.707096 0 0 1
v 0.529912 0.993594 0.708532 0 0 1
v 0.529625 0.990059 0.707094 0 0 1
v 0.528935 0.988596 0.703626 0 0 1
v 0.528245 0.990061 0.700159 0 0 1
v 0.523503 0.993599 0.699611 0 0 1
v 0.52379 0.997134 0.701048 0 0 1
v 0.52448 0.998597 0.704516 0 0 1
v 0.525169 0.997131 0.707983 0 0 1
v 0.525454 0.993595 0.709418 0 0 1
v 0.525167 0.99006 0.707981 0 0 1
v 0.524477 0.988597 0.704513 0 0 1
v 0.523788 0.990063 0.701046 0 0 1
v 0.519045 0.9936 0.700497 0 0 1
v 0.519332 0.997135 0.701935 0 0 1
v 0.520022 0.998598 0.705403 0 0 1
v 0.520712 0.997132 0.70887 0 0 1
v 0.520996 0.993596 0.710305 0 0 1
v 0.520709 0.990061 0.708868 0 0 1
v 0.520019 0.988598 0.7054 0 0 1
v 0.51933 0.990064 0.701933 0 0 1
v 0.514587 0.993601 0.701384 0 0 1
v 0.514874 0.997136 0.702821 0 0 1
v 0.515565 0.998599 0.706289 0 0 1
v 0.516254 0.997134 0.709756 0 0 1
v 0.516538 0.993598 0.711192 0 0 1
v 0.516251 0.990063 0.709755 0 0 1
v 0.515561 0.988599 0.706287 0 0 1
v 0.514872 0.990065 0.702819 0 0 1
v 0.55061 0.993598 0.696897 0 0 1
v 0.533394 0.993594 0.702741 0 0 1
v 0.549002 0.993597 0.692163 0 0 1
v 0.549472 0.997133 0.693549 0 0 1
v 0.550608 0.998598 0.696896 0 0 1
v 0.551745 0.997135 0.700244 0 0 1
v 0.552217 0.9936 0.701632 0 0 1
v 0.551747 0.990064 0.700246 0 0 1
v 0.550611 0.988598 0.696898 0 0 1
v 0.549474 0.990062 0.69355 0 0 1
v 0.544698 0.993596 0.693624 0 0 1
v 0.545168 0.997132 0.69501 0 0 1
v 0.546304 0.998597 0.698357 0 0 1
v 0.547441 0.997134 0.701705 0 0 1
v 0.547913 0.993599 0.703093 0 0 1
v 0.547443 0.990063 0.701707 0 0 1
v 0.546307 0.988597 0.698359 0 0 1
v 0.54517 0.990061 0.695011 0 0 1
v 0.540395 0.993595 0.695085 0 0 1
v 0.540864 0.997131 0.69647 0 0 1
v 0.542 0.998596 0.699818 0 0 1
v 0.543137 0.997133 0.703166 0 0 1
v 0.543609 0.993598 0.704554 0 0 1
v 0.543139 0.990062 0.703168 0 0 1
v 0.542003 0.988596 0.69982 0 0 1
v 0.540866 0.99006 0.696472 0 0 1
v 0.536091 0.993594 0.696545 0 0 1
v 0.53656 0.99713 0.697931 0 0 1
v 0.537696 0.998595 0.701279 0 0 1
v 0.538833 0.997132 0.704627 0 0 1
v 0.539305 0.993597 0.706015 0 0 1
v 0.538835 0.990061 0.704629 0 0 1
v 0.537699 0.988595 0.701281 0 0 1
v 0.536562 0.990059 0.697933 0 0 1
v 0.531787 0.993593 0.698006 0 0 1
v 0.532256 0.997129 0.699392 0 0 1
v 0.533392 0.998594 0.70274 0 0 1
v 0.534529 0.997131 0.706088 0 0 1
v 0.535001 0.993596 0.707476 0 0 1
v 0.534532 0.99006 0.70609 0 0 1
v 0.533396 0.988594 0.702742 0 0 1
v 0.532259 0.990058 0.699394 0 0 1
v 0.566915 0.993611 0.688856 0 0 1
v 0.55061 0.993598 0.696897 0 0 1
v 0.564704 0.993606 0.684372 0 0 1
v 0.565347 0.997143 0.685683 0 0 1
v 0.566909 0.998611 0.688853 0 0 1
v 0.568475 0.997151 0.692025 0 0 1
v 0.569126 0.993617 0.693341 0 0 1
v 0.568483 0.99008 0.69203 0 0 1
v 0.566921 0.988611 0.68886 0 0 1
v 0.565355 0.990072 0.685688 0 0 1
v 0.560627 0.993602 0.686382 0 0 1
v 0.561271 0.99714 0.687693 0 0 1
v 0.562833 0.998608 0.690863 0 0 1
v 0.564398 0.997148 0.694035 0 0 1
v 0.56505 0.993614 0.695351 0 0 1
v 0.564406 0.990077 0.69404 0 0 1
v 0.562844 0.988608 0.69087 0 0 1
v 0.561279 0.990069 0.687698 0 0 1
v 0.556551 0.993599 0.688392 0 0 1
v 0.557194 0.997136 0.689703 0 0 1
v 0.558757 0.998605 0.692873 0 0 1
v 0.560322 0.997144 0.696045 0 0 1
v 0.560974 0.993611 0.697361 0 0 1
v 0.56033 0.990073 0.69605 0 0 1
v 0.558768 0.988605 0.69288 0 0 1
v 0.557203 0.990065 0.689708 0 0 1
v 0.552474 0.993596 0.690403 0 0 1
v 0.553118 0.997133 0.691714 0 0 1
v 0.55468 0.998602 0.694883 0 0 1
v 0.556246 0.997141 0.698055 0 0 1
v 0.556897 0.993607 0.699371 0 0 1
v 0.556254 0.99007 0.69806 0 0 1
v 0.554692 0.988602 0.694891 0 0 1
v 0.553126 0.990062 0.691719 0 0 1
v 0.548398 0.993593 0.692413 0 0 1
v 0.549042 0.99713 0.693724 0 0 1
v 0.550604 0.998598 0.696894 0 0 1
v 0.552169 0.997138 0.700066 0 0 1
v 0.552821 0.993604 0.701382 0 0 1
v 0.552177 0.990067 0.700071 0 0 1
v 0.550615 0.988598 0.696901 0 0 1
v 0.54905 0.990059 0.693729 0 0 1
v 0.582031 0.993633 0.678756 0 0 1
v 0.566915 0.993611 0.688856 0 0 1
v 0.579254 0.993622 0.674599 0 0 1
v 0.580059 0.997161 0.675812 0 0 1
v 0.58202 0.998633 0.67875 0 0 1
v 0.583988 0.997176 0.681691 0 0 1
v 0.584809 0.993644 0.682913 0 0 1
v 0.584004 0.990105 0.6817 0 0 1
v 0.582043 0.988633 0.678762 0 0 1
v 0.580075 0.99009 0.67582 0 0 1
v 0.575475 0.993616 0.677124 0 0 1
v 0.57628 0.997155 0.678337 0 0 1
v 0.578241 0.998628 0.681275 0 0 1
v 0.580209 0.997171 0.684217 0 0 1
v 0.58103 0.993639 0.685438 0 0 1
v 0.580224 0.9901 0.684225 0 0 1
v 0.578263 0.988628 0.681287 0 0 1
v 0.576296 0.990084 0.678346 0 0 1
v 0.571695 0.993611 0.679649 0 0 1
v 0.572501 0.99715 0.680862 0 0 1
v 0.574462 0.998622 0.6838 0 0 1
v 0.57643 0.997166 0.686742 0 0 1
v 0.577251 0.993633 0.687963 0 0 1
v 0.576445 0.990095 0.68675 0 0 1
v 0.574484 0.988622 0.683812 0 0 1
v 0.572517 0.990079 0.680871 0 0 1
v 0.567916 0.993606 0.682174 0 0 1
v 0.568722 0.997144 0.683387 0 0 1
v 0.570683 0.998617 0.686325 0 0 1
v 0.57265 0.99716 0.689267 0 0 1
v 0.573472 0.993628 0.690489 0 0 1
v 0.572666 0.990089 0.689275 0 0 1
v 0.570705 0.988617 0.686337 0 0 1
v 0.568738 0.990073 0.683396 0 0 1
v 0.564137 0.9936 0.684699 0 0 1
v 0.564943 0.997139 0.685912 0 0 1
v 0.566904 0.998611 0.68885 0 0 1
v 0.568871 0.997155 0.691792 0 0 1
v 0.569693 0.993623 0.693014 0 0 1
v 0.568887 0.990084 0.6918 0 0 1
v 0.566926 0.988611 0.688862 0 0 1
v 0.564959 0.990068 0.685921 0 0 1
v 0.5957 0.993663 0.666769 0 0 1
v 0.582031 0.993633 0.678756 0 0 1
v 0.592404 0.993645 0.66301 0 0 1
v 0.593356 0.997186 0.664105 0 0 1
v 0.595682 0.998663 0.666761 0 0 1
v 0.598018 0.997211 0.669421 0 0 1
v 0.598997 0.993681 0.670528 0 0 1
v 0.598044 0.99014 0.669433 0 0 1
v 0.595718 0.988663 0.666777 0 0 1
v 0.593382 0.990115 0.664117 0 0 1
v 0.588986 0.993637 0.666006 0 0 1
v 0.589939 0.997178 0.667102 0 0 1
v 0.592265 0.998655 0.669757 0 0 1
v 0.594601 0.997204 0.672418 0 0 1
v 0.59558 0.993674 0.673525 0 0 1
v 0.594627 0.990133 0.67243 0 0 1
v 0.592301 0.988655 0.669774 0 0 1
v 0.589965 0.990107 0.667113 0 0 1
v 0.585569 0.99363 0.669003 0 0 1
v 0.586522 0.997171 0.670098 0 0 1
v 0.588848 0.998648 0.672754 0 0 1
v 0.591184 0.997196 0.675415 0 0 1
v 0.592162 0.993666 0.676522 0 0 1
v 0.59121 0.990125 0.675426 0 0 1
v 0.588884 0.988648 0.672771 0 0 1
v 0.586548 0.9901 0.67011 0 0 1
v 0.582152 0.993622 0.672 0 0 1
v 0.583105 0.997163 0.673095 0 0 1
v 0.58543 0.99864 0.675751 0 0 1
v 0.587767 0.997189 0.678411 0 0 1
v 0.588745 0.993659 0.679518 0 0 1
v 0.587793 0.990118 0.678423 0 0 1
v 0.585467 0.988641 0.675767 0 0 1
v 0.58313 0.990092 0.673107 0 0 1
v 0.578735 0.993615 0.674997 0 0 1
v 0.579687 0.997156 0.676092 0 0 1
v 0.582013 0.998633 0.678748 0 0 1
v 0.58435 0.997181 0.681408 0 0 1
v 0.585328 0.993651 0.682515 0 0 1
v 0.584375 0.99011 0.68142 0 0 1
v 0.58205 0.988633 0.678764 0 0 1
v 0.579713 0.990085 0.676104 0 0 1
v 0.607687 0.993701 0.6531 0 0 1
v 0.5957 0.993663 0.666769 0 0 1
v 0.603928 0.993673 0.649803 0 0 1
v 0.60501 0.997217 0.650762 0 0 1
v 0.60766 0.998701 0.65309 0 0 1
v 0.610326 0.997256 0.655424 0 0 1
v 0.611446 0.993728 0.656397 0 0 1
v 0.610365 0.990185 0.655439 0 0 1
v 0.607715 0.988701 0.653111 0 0 1
v 0.605049 0.990146 0.650776 0 0 1
v 0.600932 0.993664 0.653221 0 0 1
v 0.602013 0.997207 0.654179 0 0 1
v 0.604663 0.998691 0.656507 0 0 1
v 0.607329 0.997246 0.658841 0 0 1
v 0.60845 0.993719 0.659814 0 0 1
v 0.607368 0.990175 0.658856 0 0 1
v 0.604718 0.988691 0.656528 0 0 1
v 0.602052 0.990136 0.654194 0 0 1
v 0.597935 0.993654 0.656638 0 0 1
v 0.599016 0.997198 0.657596 0 0 1
v 0.601666 0.998682 0.659924 0 0 1
v 0.604332 0.997237 0.662258 0 0 1
v 0.605453 0.993709 0.663231 0 0 1
v 0.604371 0.990166 0.662273 0 0 1
v 0.601721 0.988682 0.659945 0 0 1
v 0.599055 0.990127 0.657611 0 0 1
v 0.594938 0.993645 0.660055 0 0 1
v 0.596019 0.997188 0.661013 0 0 1
v 0.598669 0.998672 0.663341 0 0 1
v 0.601336 0.997227 0.665676 0 0 1
v 0.602456 0.9937 0.666648 0 0 1
v 0.601375 0.990156 0.66569 0 0 1
v 0.598725 0.988672 0.663362 0 0 1
v 0.596058 0.990117 0.661028 0 0 1
v 0.591941 0.993635 0.663472 0 0 1
v 0.593023 0.997179 0.66443 0 0 1
v 0.595673 0.998663 0.666758 0 0 1
v 0.598339 0.997218 0.669093 0 0 1
v 0.599459 0.993691 0.670066 0 0 1
v 0.598378 0.990147 0.669107 0 0 1
v 0.595728 0.988663 0.666779 0 0 1
v 0.593062 0.990108 0.664445 0 0 1
v 0.617788 0.993746 0.637984 0 0 1
v 0.607687 0.993701 0.6531 0 0 1
v 0.613631 0.993705 0.635206 0 0 1
v 0.61482 0.997252 0.636011 0 0 1
v 0.617747 0.998745 0.637972 0 0 1
v 0.620699 0.99731 0.639939 0 0 1
v 0.621945 0.993786 0.640762 0 0 1
v 0.620756 0.990239 0.639957 0 0 1
v 0.617829 0.988746 0.637996 0 0 1
v 0.614877 0.990181 0.636028 0 0 1
v 0.611106 0.993694 0.638985 0 0 1
v 0.612294 0.997241 0.63979 0 0 1
v 0.615222 0.998734 0.641751 0 0 1
v 0.618174 0.997299 0.643719 0 0 1
v 0.61942 0.993775 0.644541 0 0 1
v 0.618231 0.990228 0.643736 0 0 1
v 0.615303 0.988735 0.641775 0 0 1
v 0.612352 0.99017 0.639807 0 0 1
v 0.608581 0.993682 0.642764 0 0 1
v 0.609769 0.99723 0.643569 0 0 1
v 0.612697 0.998723 0.64553 0 0 1
v 0.615648 0.997287 0.647498 0 0 1
v 0.616895 0.993764 0.64832 0 0 1
v 0.615706 0.990217 0.647515 0 0 1
v 0.612778 0.988723 0.645554 0 0 1
v 0.609827 0.990159 0.643587 0 0 1
v 0.606055 0.993671 0.646543 0 0 1
v 0.607244 0.997219 0.647348 0 0 1
v 0.610172 0.998712 0.649309 0 0 1
v 0.613123 0.997276 0.651277 0 0 1
v 0.61437 0.993753 0.652099 0 0 1
v 0.613181 0.990205 0.651294 0 0 1
v 0.610253 0.988712 0.649333 0 0 1
v 0.607302 0.990148 0.647366 0 0 1
v 0.60353 0.99366 0.650322 0 0 1
v 0.604719 0.997207 0.651127 0 0 1
v 0.607647 0.998701 0.653088 0 0 1
v 0.610598 0.997265 0.655056 0 0 1
v 0.611845 0.993741 0.655878 0 0 1
v 0.610656 0.990194 0.655073 0 0 1
v 0.607728 0.988701 0.653113 0 0 1
v 0.604777 0.990136 0.651145 0 0 1
v 0.625829 0.993797 0.621679 0 0 1
v 0.617788 0.993746 0.637984 0 0 1
v 0.621345 0.993736 0.619467 0 0 1
v 0.622616 0.997289 0.620105 0 0 1
v 0.625768 0.998796 0.621664 0 0 1
v 0.628957 0.997375 0.623232 0 0 1
v 0.630313 0.993857 0.62389 0 0 1
v 0.629042 0.990304 0.623252 0 0 1
v 0.625889 0.988797 0.621693 0 0 1
v 0.622701 0.990219 0.620125 0 0 1
v 0.619335 0.993724 0.623543 0 0 1
v 0.620605 0.997277 0.624181 0 0 1
v 0.623758 0.998784 0.625741 0 0 1
v 0.626947 0.997362 0.627309 0 0 1
v 0.628303 0.993845 0.627966 0 0 1
v 0.627032 0.990292 0.627329 0 0 1
v 0.623879 0.988784 0.625769 0 0 1
v 0.620691 0.990206 0.624201 0 0 1
v 0.617324 0.993711 0.62762 0 0 1
v 0.618595 0.997264 0.628258 0 0 1
v 0.621748 0.998771 0.629817 0 0 1
v 0.624936 0.997349 0.631385 0 0 1
v 0.626292 0.993832 0.632043 0 0 1
v 0.625022 0.990279 0.631405 0 0 1
v 0.621869 0.988772 0.629845 0 0 1
v 0.618681 0.990193 0.628277 0 0 1
v 0.615314 0.993698 0.631696 0 0 1
v 0.616585 0.997251 0.632334 0 0 1
v 0.619738 0.998758 0.633893 0 0 1
v 0.622926 0.997336 0.635461 0 0 1
v 0.624282 0.993819 0.636119 0 0 1
v 0.623012 0.990266 0.635481 0 0 1
v 0.619859 0.988759 0.633922 0 0 1
v 0.61667 0.99018 0.632354 0 0 1
v 0.613304 0.993685 0.635772 0 0 1
v 0.614575 0.997238 0.63641 0 0 1
v 0.617727 0.998745 0.63797 0 0 1
v 0.620916 0.997324 0.639538 0 0 1
v 0.622272 0.993806 0.640195 0 0 1
v 0.621001 0.990253 0.639558 0 0 1
v 0.617848 0.988746 0.637998 0 0 1
v 0.61466 0.990168 0.63643 0 0 1
v 0.631673 0.993854 0.604463 0 0 1
v 0.625829 0.993797 0.621679 0 0 1
v 0.626939 0.993759 0.602856 0 0 1
v 0.628259 0.997322 0.603316 0 0 1
v 0.631578 0.998853 0.604448 0 0 1
v 0.634953 0.997455 0.605589 0 0 1
v 0.636407 0.993948 0.60607 0 0 1
v 0.635087 0.990386 0.605611 0 0 1
v 0.631767 0.988855 0.604479 0 0 1
v 0.628393 0.990252 0.603338 0 0 1
v 0.625478 0.993745 0.60716 0 0 1
v 0.626798 0.997307 0.607619 0 0 1
v 0.630117 0.998839 0.608751 0 0 1
v 0.633492 0.997441 0.609892 0 0 1
v 0.634946 0.993934 0.610374 0 0 1
v 0.633626 0.990371 0.609915 0 0 1
v 0.630306 0.98884 0.608783 0 0 1
v 0.626932 0.990238 0.607642 0 0 1
v 0.624017 0.993731 0.611464 0 0 1
v 0.625337 0.997293 0.611923 0 0 1
v 0.628656 0.998824 0.613055 0 0 1
v 0.632031 0.997427 0.614196 0 0 1
v 0.633485 0.99392 0.614678 0 0 1
v 0.632165 0.990357 0.614218 0 0 1
v 0.628845 0.988826 0.613086 0 0 1
v 0.625471 0.990223 0.611945 0 0 1
v 0.622556 0.993716 0.615767 0 0 1
v 0.623876 0.997279 0.616227 0 0 1
v 0.627195 0.99881 0.617359 0 0 1
v 0.63057 0.997413 0.6185 0 0 1
v 0.632024 0.993906 0.618982 0 0 1
v 0.630704 0.990343 0.618522 0 0 1
v 0.627385 0.988812 0.61739 0 0 1
v 0.62401 0.990209 0.616249 0 0 1
v 0.621095 0.993702 0.620071 0 0 1
v 0.622415 0.997265 0.620531 0 0 1
v 0.625734 0.998796 0.621663 0 0 1
v 0.629109 0.997399 0.622804 0 0 1
v 0.630563 0.993891 0.623286 0 0 1
v 0.629243 0.990329 0.622826 0 0 1
v 0.625924 0.988798 0.621694 0 0 1
v 0.622549 0.990195 0.620553 0 0 1
v 0.63522 0.993915 0.586632 0 0 1
v 0.631673 0.993854 0.604463 0 0 1
v 0.630319 0.993744 0.585657 0 0 1
v 0.631633 0.997327 0.585931 0 0 1
v 0.635049 0.998912 0.586615 0 0 1
v 0.638564 0.997569 0.58731 0 0 1
v 0.640121 0.994086 0.587608 0 0 1
v 0.638806 0.990503 0.587334 0 0 1
v 0.635391 0.988918 0.586649 0 0 1
v 0.631875 0.99026 0.585954 0 0 1
v 0.629432 0.993728 0.590114 0 0 1
v 0.630746 0.997312 0.590388 0 0 1
v 0.634162 0.998897 0.591073 0 0 1
v 0.637677 0.997554 0.591768 0 0 1
v 0.639234 0.994071 0.592065 0 0 1
v 0.63792 0.990487 0.591792 0 0 1
v 0.634504 0.988903 0.591107 0 0 1
v 0.630989 0.990245 0.590412 0 0 1
v 0.628545 0.993713 0.594572 0 0 1
v 0.62986 0.997297 0.594846 0 0 1
v 0.633275 0.998881 0.595531 0 0 1
v 0.636791 0.997539 0.596226 0 0 1
v 0.638347 0.994056 0.596523 0 0 1
v 0.637033 0.990472 0.596249 0 0 1
v 0.633618 0.988887 0.595565 0 0 1
v 0.630102 0.99023 0.59487 0 0 1
v 0.627659 0.993698 0.59903 0 0 1
v 0.628973 0.997281 0.599304 0 0 1
v 0.632388 0.998866 0.599989 0 0 1
v 0.635904 0.997523 0.600683 0 0 1
v 0.637461 0.99404 0.600981 0 0 1
v 0.636146 0.990457 0.600707 0 0 1
v 0.632731 0.988872 0.600022 0 0 1
v 0.629215 0.990214 0.599328 0 0 1
v 0.626772 0.993682 0.603488 0 0 1
v 0.628086 0.997266 0.603761 0 0 1
v 0.631502 0.998851 0.604446 0 0 1
v 0.635017 0.997508 0.605141 0 0 1
v 0.636574 0.994025 0.605439 0 0 1
v 0.635259 0.990441 0.605165 0 0 1
v 0.631844 0.988857 0.60448 0 0 1
v 0.628328 0.990199 0.603785 0 0 1
v 0.636409 0.99398 0.568491 0 0 1
v 0.63522 0.993915 0.586632 0 0 1
v 0.631449 0.993437 0.568164 0 0 1
v 0.632518 0.99711 0.568247 0 0 1
v 0.635866 0.99895 0.568473 0 0 1
v 0.639532 0.997878 0.56871 0 0 1
v 0.641369 0.994523 0.568818 0 0 1
v 0.6403 0.990849 0.568735 0 0 1
v 0.636952 0.989009 0.568509 0 0 1
v 0.633286 0.990081 0.568272 0 0 1
v 0.631152 0.993421 0.572699 0 0 1
v 0.632221 0.997094 0.572782 0 0 1
v 0.635569 0.998934 0.573008 0 0 1
v 0.639235 0.997862 0.573245 0 0 1
v 0.641071 0.994507 0.573353 0 0 1
v 0.640003 0.990833 0.57327 0 0 1
v 0.636655 0.988993 0.573044 0 0 1
v 0.632988 0.990065 0.572808 0 0 1
v 0.630855 0.993404 0.577235 0 0 1
v 0.631923 0.997078 0.577318 0 0 1
v 0.635271 0.998918 0.577544 0 0 1
v 0.638937 0.997846 0.57778 0 0 1
v 0.640774 0.99449 0.577889 0 0 1
v 0.639705 0.990817 0.577805 0 0 1
v 0.636357 0.988977 0.577579 0 0 1
v 0.632691 0.990049 0.577343 0 0 1
v 0.630557 0.993388 0.58177 0 0 1
v 0.631626 0.997062 0.581853 0 0 1
v 0.634974 0.998902 0.582079 0 0 1
v 0.63864 0.99783 0.582316 0 0 1
v 0.640477 0.994474 0.582424 0 0 1
v 0.639408 0.990801 0.582341 0 0 1
v 0.63606 0.988961 0.582115 0 0 1
v 0.632394 0.990033 0.581878 0 0 1
v 0.63026 0.993372 0.586305 0 0 1
v 0.631329 0.997046 0.586388 0 0 1
v 0.634677 0.998885 0.586614 0 0 1
v 0.638343 0.997814 0.586851 0 0 1
v 0.640179 0.994458 0.586959 0 0 1
v 0.639111 0.990784 0.586876 0 0 1
v 0.635763 0.988945 0.58665 0 0 1
v 0.632097 0.990016 0.586414 0 0 1
v 0.63522 0.994047 0.55035 0 0 1
v 0.636409 0.99398 0.568491 0 0 1
v 0.630262 0.99461 0.550677 0 0 1
v 0.632112 0.997958 0.550568 0 0 1
v 0.635783 0.999015 0.550331 0 0 1
v 0.639123 0.997162 0.550105 0 0 1
v 0.640177 0.993484 0.550023 0 0 1
v 0.638327 0.990136 0.550131 0 0 1
v 0.634657 0.989079 0.550368 0 0 1
v 0.631316 0.990932 0.550594 0 0 1
v 0.63056 0.994593 0.555212 0 0 1
v 0.63241 0.997941 0.555103 0 0 1
v 0.63608 0.998998 0.554866 0 0 1
v 0.639421 0.997145 0.554641 0 0 1
v 0.640475 0.993467 0.554558 0 0 1
v 0.638625 0.990119 0.554667 0 0 1
v 0.634954 0.989062 0.554903 0 0 1
v 0.631614 0.990915 0.555129 0 0 1
v 0.630857 0.994576 0.559747 0 0 1
v 0.632707 0.997924 0.559638 0 0 1
v 0.636377 0.998982 0.559402 0 0 1
v 0.639718 0.997128 0.559176 0 0 1
v 0.640772 0.993451 0.559093 0 0 1
v 0.638922 0.990102 0.559202 0 0 1
v 0.635252 0.989045 0.559439 0 0 1
v 0.631911 0.990898 0.559665 0 0 1
v 0.631154 0.994559 0.564283 0 0 1
v 0.633004 0.997908 0.564174 0 0 1
v 0.636674 0.998965 0.563937 0 0 1
v 0.640015 0.997112 0.563711 0 0 1
v 0.641069 0.993434 0.563629 0 0 1
v 0.639219 0.990086 0.563737 0 0 1
v 0.635549 0.989028 0.563974 0 0 1
v 0.632208 0.990882 0.5642 0 0 1
v 0.631451 0.994543 0.568818 0 0 1
v 0.633301 0.997891 0.568709 0 0 1
v 0.636972 0.998948 0.568472 0 0 1
v 0.640312 0.997095 0.568247 0 0 1
v 0.641366 0.993417 0.568164 0 0 1
v 0.639516 0.990069 0.568273 0 0 1
v 0.635846 0.989012 0.568509 0 0 1
v 0.632505 0.990865 0.568735 0 0 1
v 0.631673 0.994115 0.532519 0 0 1
v 0.63522 0.994047 0.55035 0 0 1
v 0.626773 0.994306 0.533494 0 0 1
v 0.628343 0.997783 0.533195 0 0 1
v 0.631864 0.999112 0.5325 0 0 1
v 0.635273 0.997513 0.531816 0 0 1
v 0.636573 0.993924 0.531543 0 0 1
v 0.635003 0.990447 0.531842 0 0 1
v 0.631482 0.989119 0.532537 0 0 1
v 0.628073 0.990718 0.533222 0 0 1
v 0.62766 0.994289 0.537952 0 0 1
v 0.62923 0.997766 0.537653 0 0 1
v 0.632751 0.999095 0.536958 0 0 1
v 0.63616 0.997496 0.536273 0 0 1
v 0.63746 0.993907 0.536001 0 0 1
v 0.63589 0.99043 0.5363 0 0 1
v 0.632369 0.989102 0.536995 0 0 1
v 0.62896 0.9907 0.537679 0 0 1
v 0.628546 0.994272 0.54241 0 0 1
v 0.630117 0.997749 0.542111 0 0 1
v 0.633638 0.999078 0.541415 0 0 1
v 0.637047 0.997479 0.540731 0 0 1
v 0.638347 0.99389 0.540459 0 0 1
v 0.636776 0.990413 0.540758 0 0 1
v 0.633255 0.989085 0.541453 0 0 1
v 0.629846 0.990683 0.542137 0 0 1
v 0.629433 0.994255 0.546867 0 0 1
v 0.631003 0.997732 0.546568 0 0 1
v 0.634524 0.99906 0.545873 0 0 1
v 0.637933 0.997462 0.545189 0 0 1
v 0.639233 0.993873 0.544916 0 0 1
v 0.637663 0.990396 0.545215 0 0 1
v 0.634142 0.989068 0.545911 0 0 1
v 0.630733 0.990666 0.546595 0 0 1
v 0.63032 0.994238 0.551325 0 0 1
v 0.63189 0.997715 0.551026 0 0 1
v 0.635411 0.999043 0.550331 0 0 1
v 0.63882 0.997445 0.549647 0 0 1
v 0.64012 0.993856 0.549374 0 0 1
v 0.63855 0.990379 0.549673 0 0 1
v 0.635029 0.989051 0.550368 0 0 1
v 0.63162 0.990649 0.551053 0 0 1
v 0.625829 0.994184 0.515303 0 0 1
v 0.631673 0.994115 0.532519 0 0 1
v 0.621096 0.994298 0.51691 0 0 1
v 0.622563 0.997799 0.516426 0 0 1
v 0.625943 0.999183 0.515284 0 0 1
v 0.629257 0.997638 0.514153 0 0 1
v 0.630563 0.99407 0.513696 0 0 1
v 0.629096 0.990569 0.51418 0 0 1
v 0.625715 0.989185 0.515322 0 0 1
v 0.622402 0.99073 0.516453 0 0 1
v 0.622557 0.994281 0.521214 0 0 1
v 0.624024 0.997782 0.52073 0 0 1
v 0.627404 0.999165 0.519588 0 0 1
v 0.630718 0.997621 0.518457 0 0 1
v 0.632024 0.994053 0.518 0 0 1
v 0.630557 0.990552 0.518484 0 0 1
v 0.627176 0.989168 0.519626 0 0 1
v 0.623863 0.990713 0.520757 0 0 1
v 0.624018 0.994264 0.525518 0 0 1
v 0.625485 0.997765 0.525034 0 0 1
v 0.628865 0.999148 0.523892 0 0 1
v 0.632179 0.997604 0.522761 0 0 1
v 0.633485 0.994036 0.522304 0 0 1
v 0.632017 0.990534 0.522788 0 0 1
v 0.628637 0.989151 0.52393 0 0 1
v 0.625324 0.990696 0.525061 0 0 1
v 0.625479 0.994247 0.529822 0 0 1
v 0.626946 0.997748 0.529338 0 0 1
v 0.630326 0.999131 0.528196 0 0 1
v 0.63364 0.997587 0.527065 0 0 1
v 0.634945 0.994018 0.526608 0 0 1
v 0.633478 0.990517 0.527092 0 0 1
v 0.630098 0.989134 0.528234 0 0 1
v 0.626785 0.990679 0.529365 0 0 1
v 0.62694 0.99423 0.534126 0 0 1
v 0.628407 0.997731 0.533642 0 0 1
v 0.631787 0.999114 0.5325 0 0 1
v 0.635101 0.997569 0.531369 0 0 1
v 0.636406 0.994001 0.530911 0 0 1
v 0.634939 0.9905 0.531396 0 0 1
v 0.631559 0.989117 0.532538 0 0 1
v 0.628246 0.990662 0.533668 0 0 1
v 0.617788 0.994251 0.498998 0 0 1
v 0.625829 0.994184 0.515303 0 0 1
v 0.613305 0.994331 0.501209 0 0 1
v 0.614674 0.997843 0.500549 0 0 1
v 0.617868 0.999251 0.498979 0 0 1
v 0.621015 0.99773 0.497421 0 0 1
v 0.622272 0.994172 0.496786 0 0 1
v 0.620903 0.99066 0.497447 0 0 1
v 0.617709 0.989252 0.499016 0 0 1
v 0.614562 0.990772 0.500575 0 0 1
v 0.615315 0.994314 0.505286 0 0 1
v 0.616684 0.997826 0.504625 0 0 1
v 0.619878 0.999234 0.503056 0 0 1
v 0.623025 0.997713 0.501497 0 0 1
v 0.624282 0.994155 0.500863 0 0 1
v 0.622913 0.990643 0.501524 0 0 1
v 0.619719 0.989235 0.503093 0 0 1
v 0.616572 0.990756 0.504651 0 0 1
v 0.617325 0.994297 0.509362 0 0 1
v 0.618695 0.997809 0.508701 0 0 1
v 0.621888 0.999217 0.507132 0 0 1
v 0.625035 0.997697 0.505574 0 0 1
v 0.626293 0.994138 0.504939 0 0 1
v 0.624923 0.990626 0.5056 0 0 1
v 0.621729 0.989218 0.507169 0 0 1
v 0.618582 0.990739 0.508727 0 0 1
v 0.619335 0.99428 0.513438 0 0 1
v 0.620705 0.997792 0.512778 0 0 1
v 0.623899 0.9992 0.511208 0 0 1
v 0.627046 0.99768 0.50965 0 0 1
v 0.628303 0.994121 0.509015 0 0 1
v 0.626933 0.99061 0.509676 0 0 1
v 0.62374 0.989201 0.511245 0 0 1
v 0.620592 0.990722 0.512804 0 0 1
v 0.621346 0.994263 0.517515 0 0 1
v 0.622715 0.997775 0.516854 0 0 1
v 0.625909 0.999183 0.515285 0 0 1
v 0.629056 0.997663 0.513726 0 0 1
v 0.630313 0.994104 0.513092 0 0 1
v 0.628944 0.990593 0.513753 0 0 1
v 0.62575 0.989185 0.515322 0 0 1
v 0.622603 0.990705 0.51688 0 0 1
v 0.607688 0.994316 0.483882 0 0 1
v 0.617788 0.994251 0.498998 0 0 1
v 0.603531 0.994375 0.486659 0 0 1
v 0.60479 0.997893 0.485833 0 0 1
v 0.607747 0.999316 0.483864 0 0 1
v 0.610669 0.99781 0.481905 0 0 1
v 0.611845 0.994257 0.481104 0 0 1
v 0.610586 0.990739 0.48193 0 0 1
v 0.607629 0.989317 0.483899 0 0 1
v 0.604707 0.990823 0.485858 0 0 1
v 0.606056 0.994359 0.490438 0 0 1
v 0.607315 0.997877 0.489612 0 0 1
v 0.610272 0.9993 0.487643 0 0 1
v 0.613194 0.997794 0.485684 0 0 1
v 0.61437 0.994241 0.484883 0 0 1
v 0.613111 0.990723 0.485709 0 0 1
v 0.610154 0.989301 0.487679 0 0 1
v 0.607232 0.990807 0.489638 0 0 1
v 0.608581 0.994343 0.494218 0 0 1
v 0.609841 0.997861 0.493391 0 0 1
v 0.612797 0.999284 0.491422 0 0 1
v 0.615719 0.997777 0.489463 0 0 1
v 0.616895 0.994225 0.488662 0 0 1
v 0.615636 0.990707 0.489488 0 0 1
v 0.612679 0.989284 0.491458 0 0 1
v 0.609757 0.99079 0.493417 0 0 1
v 0.611106 0.994327 0.497997 0 0 1
v 0.612366 0.997845 0.49717 0 0 1
v 0.615322 0.999267 0.495201 0 0 1
v 0.618244 0.997761 0.493242 0 0 1
v 0.61942 0.994209 0.492441 0 0 1
v 0.618161 0.990691 0.493267 0 0 1
v 0.615204 0.989268 0.495237 0 0 1
v 0.612282 0.990774 0.497196 0 0 1
v 0.613631 0.99431 0.501776 0 0 1
v 0.614891 0.997828 0.500949 0 0 1
v 0.617847 0.999251 0.49898 0 0 1
v 0.62077 0.997745 0.497021 0 0 1
v 0.621945 0.994192 0.49622 0 0 1
v 0.620686 0.990674 0.497046 0 0 1
v 0.617729 0.989252 0.499016 0 0 1
v 0.614807 0.990758 0.500975 0 0 1
v 0.595701 0.994378 0.470213 0 0 1
v 0.607688 0.994316 0.483882 0 0 1
v 0.591942 0.994423 0.47351 0 0 1
v 0.593075 0.997945 0.472532 0 0 1
v 0.595746 0.999378 0.470196 0 0 1
v 0.598391 0.997882 0.46787 0 0 1
v 0.59946 0.994333 0.466916 0 0 1
v 0.598327 0.990811 0.467894 0 0 1
v 0.595656 0.989378 0.47023 0 0 1
v 0.593011 0.990875 0.472556 0 0 1
v 0.594939 0.994408 0.476927 0 0 1
v 0.596072 0.99793 0.475949 0 0 1
v 0.598743 0.999363 0.473613 0 0 1
v 0.601388 0.997866 0.471287 0 0 1
v 0.602457 0.994318 0.470333 0 0 1
v 0.601324 0.990795 0.471311 0 0 1
v 0.598653 0.989363 0.473647 0 0 1
v 0.596008 0.990859 0.475973 0 0 1
v 0.597936 0.994392 0.480344 0 0 1
v 0.599068 0.997915 0.479366 0 0 1
v 0.60174 0.999347 0.47703 0 0 1
v 0.604384 0.997851 0.474704 0 0 1
v 0.605453 0.994302 0.473751 0 0 1
v 0.604321 0.99078 0.474728 0 0 1
v 0.601649 0.989348 0.477064 0 0 1
v 0.599005 0.990844 0.47939 0 0 1
v 0.600932 0.994377 0.483761 0 0 1
v 0.602065 0.997899 0.482784 0 0 1
v 0.604736 0.999332 0.480447 0 0 1
v 0.607381 0.997835 0.478121 0 0 1
v 0.60845 0.994287 0.477168 0 0 1
v 0.607317 0.990765 0.478145 0 0 1
v 0.604646 0.989332 0.480481 0 0 1
v 0.602001 0.990828 0.482808 0 0 1
v 0.603929 0.994362 0.487178 0 0 1
v 0.605062 0.997884 0.486201 0 0 1
v 0.607733 0.999316 0.483865 0 0 1
v 0.610378 0.99782 0.481538 0 0 1
v 0.611447 0.994271 0.480585 0 0 1
v 0.610314 0.990749 0.481562 0 0 1
v 0.607643 0.989317 0.483899 0 0 1
v 0.604998 0.990813 0.486225 0 0 1
v 0.582032 0.994436 0.458226 0 0 1
v 0.595701 0.994378 0.470213 0 0 1
v 0.578736 0.99447 0.461985 0 0 1
v 0.579726 0.997996 0.460873 0 0 1
v 0.582067 0.999435 0.45821 0 0 1
v 0.584388 0.997946 0.455557 0 0 1
v 0.585329 0.994401 0.454467 0 0 1
v 0.584339 0.990875 0.455579 0 0 1
v 0.581997 0.989436 0.458242 0 0 1
v 0.579677 0.990925 0.460895 0 0 1
v 0.582153 0.994456 0.464982 0 0 1
v 0.583143 0.997981 0.46387 0 0 1
v 0.585484 0.999421 0.461207 0 0 1
v 0.587805 0.997932 0.458553 0 0 1
v 0.588746 0.994386 0.457463 0 0 1
v 0.587756 0.990861 0.458576 0 0 1
v 0.585415 0.989421 0.461238 0 0 1
v 0.583094 0.99091 0.463892 0 0 1
v 0.58557 0.994442 0.467979 0 0 1
v 0.58656 0.997967 0.466866 0 0 1
v 0.588901 0.999407 0.464204 0 0 1
v 0.591222 0.997918 0.46155 0 0 1
v 0.592163 0.994372 0.46046 0 0 1
v 0.591173 0.990847 0.461572 0 0 1
v 0.588832 0.989407 0.464235 0 0 1
v 0.586511 0.990896 0.466889 0 0 1
v 0.588987 0.994427 0.470975 0 0 1
v 0.589977 0.997953 0.469863 0 0 1
v 0.592319 0.999392 0.4672 0 0 1
v 0.594639 0.997903 0.464547 0 0 1
v 0.59558 0.994358 0.463457 0 0 1
v 0.59459 0.990832 0.464569 0 0 1
v 0.592249 0.989393 0.467232 0 0 1
v 0.589928 0.990882 0.469885 0 0 1
v 0.592404 0.994413 0.473972 0 0 1
v 0.593394 0.997938 0.47286 0 0 1
v 0.595736 0.999378 0.470197 0 0 1
v 0.598057 0.997889 0.467544 0 0 1
v 0.598997 0.994343 0.466454 0 0 1
v 0.598007 0.990818 0.467566 0 0 1
v 0.595666 0.989378 0.470229 0 0 1
v 0.593345 0.990867 0.472882 0 0 1
v 0.566916 0.994487 0.448125 0 0 1
v 0.582032 0.994436 0.458226 0 0 1
v 0.564138 0.994514 0.452283 0 0 1
v 0.564971 0.998042 0.451055 0 0 1
v 0.566943 0.999487 0.448111 0 0 1
v 0.568899 0.998004 0.445176 0 0 1
v 0.569694 0.994461 0.443968 0 0 1
v 0.568861 0.990933 0.445196 0 0 1
v 0.566889 0.989487 0.44814 0 0 1
v 0.564933 0.990971 0.451075 0 0 1
v 0.567917 0.994501 0.454808 0 0 1
v 0.56875 0.998029 0.45358 0 0 1
v 0.570722 0.999474 0.450636 0 0 1
v 0.572678 0.997991 0.447701 0 0 1
v 0.573473 0.994448 0.446493 0 0 1
v 0.57264 0.99092 0.447721 0 0 1
v 0.570668 0.989475 0.450665 0 0 1
v 0.568712 0.990958 0.4536 0 0 1
v 0.571696 0.994488 0.457333 0 0 1
v 0.572529 0.998016 0.456105 0 0 1
v 0.574501 0.999461 0.453161 0 0 1
v 0.576457 0.997978 0.450226 0 0 1
v 0.577252 0.994435 0.449018 0 0 1
v 0.576419 0.990907 0.450246 0 0 1
v 0.574447 0.989462 0.45319 0 0 1
v 0.572491 0.990945 0.456125 0 0 1
v 0.575475 0.994475 0.459858 0 0 1
v 0.576308 0.998003 0.45863 0 0 1
v 0.57828 0.999448 0.455687 0 0 1
v 0.580236 0.997965 0.452751 0 0 1
v 0.581031 0.994422 0.451543 0 0 1
v 0.580198 0.990894 0.452771 0 0 1
v 0.578226 0.989449 0.455715 0 0 1
v 0.57627 0.990932 0.458651 0 0 1
v 0.579255 0.994462 0.462383 0 0 1
v 0.580087 0.99799 0.461155 0 0 1
v 0.582059 0.999435 0.458212 0 0 1
v 0.584015 0.997952 0.455276 0 0 1
v 0.58481 0.994409 0.454069 0 0 1
v 0.583978 0.990881 0.455296 0 0 1
v 0.582006 0.989436 0.45824 0 0 1
v 0.580049 0.990919 0.461176 0 0 1
v 0.55061 0.994533 0.440085 0 0 1
v 0.566916 0.994487 0.448125 0 0 1
v 0.548399 0.994553 0.444569 0 0 1
v 0.549061 0.998083 0.443247 0 0 1
v 0.550631 0.999533 0.440072 0 0 1
v 0.552188 0.998054 0.436905 0 0 1
v 0.552822 0.994513 0.4356 0 0 1
v 0.55216 0.990983 0.436923 0 0 1
v 0.55059 0.989533 0.440097 0 0 1
v 0.549033 0.991012 0.443264 0 0 1
v 0.552475 0.994542 0.446579 0 0 1
v 0.553137 0.998071 0.445257 0 0 1
v 0.554707 0.999522 0.442082 0 0 1
v 0.556265 0.998043 0.438915 0 0 1
v 0.556898 0.994501 0.43761 0 0 1
v 0.556236 0.990972 0.438933 0 0 1
v 0.554667 0.989522 0.442107 0 0 1
v 0.553109 0.991 0.445275 0 0 1
v 0.556552 0.99453 0.448589 0 0 1
v 0.557214 0.99806 0.447267 0 0 1
v 0.558783 0.99951 0.444092 0 0 1
v 0.560341 0.998031 0.440925 0 0 1
v 0.560975 0.99449 0.439621 0 0 1
v 0.560313 0.99096 0.440943 0 0 1
v 0.558743 0.98951 0.444118 0 0 1
v 0.557185 0.990989 0.447285 0 0 1
v 0.560628 0.994519 0.4506 0 0 1
v 0.56129 0.998049 0.449277 0 0 1
v 0.56286 0.999499 0.446103 0 0 1
v 0.564417 0.99802 0.442935 0 0 1
v 0.565051 0.994479 0.441631 0 0 1
v 0.564389 0.990949 0.442953 0 0 1
v 0.562819 0.989499 0.446128 0 0 1
v 0.561262 0.990978 0.449295 0 0 1
v 0.564704 0.994508 0.45261 0 0 1
v 0.565366 0.998037 0.451288 0 0 1
v 0.566936 0.999487 0.448113 0 0 1
v 0.568494 0.998009 0.444946 0 0 1
v 0.569127 0.994467 0.443641 0 0 1
v 0.568465 0.990938 0.444963 0 0 1
v 0.566896 0.989487 0.448138 0 0 1
v 0.565338 0.990966 0.451305 0 0 1
v 0.533395 0.994571 0.434241 0 0 1
v 0.55061 0.994533 0.440085 0 0 1
v 0.531788 0.994586 0.438975 0 0 1
v 0.532269 0.998117 0.437581 0 0 1
v 0.53341 0.999571 0.43423 0 0 1
v 0.534542 0.998097 0.430885 0 0 1
v 0.535002 0.994557 0.429506 0 0 1
v 0.534521 0.991026 0.4309 0 0 1
v 0.53338 0.989572 0.434251 0 0 1
v 0.532248 0.991046 0.437596 0 0 1
v 0.536092 0.994577 0.440436 0 0 1
v 0.536573 0.998108 0.439042 0 0 1
v 0.537714 0.999562 0.435691 0 0 1
v 0.538846 0.998087 0.432346 0 0 1
v 0.539306 0.994547 0.430967 0 0 1
v 0.538825 0.991016 0.432361 0 0 1
v 0.537684 0.989562 0.435712 0 0 1
v 0.536552 0.991037 0.439057 0 0 1
v 0.540396 0.994567 0.441897 0 0 1
v 0.540877 0.998098 0.440503 0 0 1
v 0.542017 0.999552 0.437152 0 0 1
v 0.54315 0.998077 0.433807 0 0 1
v 0.54361 0.994537 0.432428 0 0 1
v 0.543129 0.991006 0.433822 0 0 1
v 0.541988 0.989552 0.437173 0 0 1
v 0.540856 0.991027 0.440518 0 0 1
v 0.544699 0.994557 0.443358 0 0 1
v 0.545181 0.998089 0.441964 0 0 1
v 0.546321 0.999543 0.438613 0 0 1
v 0.547453 0.998068 0.435268 0 0 1
v 0.547914 0.994528 0.433889 0 0 1
v 0.547433 0.990997 0.435283 0 0 1
v 0.546292 0.989543 0.438634 0 0 1
v 0.54516 0.991018 0.441979 0 0 1
v 0.549003 0.994548 0.444819 0 0 1
v 0.549484 0.998079 0.443425 0 0 1
v 0.550625 0.999533 0.440074 0 0 1
v 0.551757 0.998058 0.436729 0 0 1
v 0.552218 0.994518 0.43535 0 0 1
v 0.551736 0.990987 0.436744 0 0 1
v 0.550596 0.989533 0.440095 0 0 1
v 0.549464 0.991008 0.44344 0 0 1
v 0.515564 0.994602 0.430694 0 0 1
v 0.533395 0.994571 0.434241 0 0 1
v 0.514588 0.994613 0.435598 0 0 1
v 0.514881 0.998145 0.434156 0 0 1
v 0.515574 0.999602 0.430685 0 0 1
v 0.516261 0.99813 0.42722 0 0 1
v 0.516539 0.994592 0.42579 0 0 1
v 0.516246 0.991059 0.427232 0 0 1
v 0.515554 0.989602 0.430702 0 0 1
v 0.514867 0.991074 0.434168 0 0 1
v 0.519046 0.994605 0.436485 0 0 1
v 0.519339 0.998137 0.435042 0 0 1
v 0.520032 0.999595 0.431572 0 0 1
v 0.520719 0.998123 0.428107 0 0 1
v 0.520997 0.994584 0.426677 0 0 1
v 0.520704 0.991052 0.428119 0 0 1
v 0.520011 0.989595 0.431589 0 0 1
v 0.519325 0.991066 0.435054 0 0 1
v 0.523504 0.994597 0.437371 0 0 1
v 0.523797 0.99813 0.435929 0 0 1
v 0.52449 0.999587 0.432459 0 0 1
v 0.525176 0.998115 0.428994 0 0 1
v 0.525455 0.994577 0.427563 0 0 1
v 0.525162 0.991044 0.429006 0 0 1
v 0.524469 0.989587 0.432476 0 0 1
v 0.523782 0.991059 0.435941 0 0 1
v 0.527962 0.994589 0.438258 0 0 1
v 0.528255 0.998122 0.436816 0 0 1
v 0.528947 0.999579 0.433346 0 0 1
v 0.529634 0.998107 0.42988 0 0 1
v 0.529913 0.994569 0.42845 0 0 1
v 0.52962 0.991036 0.429892 0 0 1
v 0.528927 0.989579 0.433362 0 0 1
v 0.52824 0.991051 0.436828 0 0 1
v 0.53242 0.994582 0.439145 0 0 1
v 0.532712 0.998114 0.437702 0 0 1
v 0.533405 0.999571 0.434232 0 0 1
v 0.534092 0.9981 0.430767 0 0 1
v 0.53437 0.994561 0.429337 0 0 1
v 0.534077 0.991029 0.430779 0 0 1
v 0.533385 0.989571 0.434249 0 0 1
v 0.532698 0.991043 0.437714 0 0 1
v 0.497423 0.994625 0.429505 0 0 1
v 0.515564 0.994602 0.430694 0 0 1
v 0.497095 0.994631 0.434494 0 0 1
v 0.497196 0.998165 0.433028 0 0 1
v 0.497429 0.999625 0.429499 0 0 1
v 0.497658 0.998156 0.425973 0 0 1
v 0.49775 0.994618 0.424516 0 0 1
v 0.497649 0.991085 0.425981 0 0 1
v 0.497416 0.989625 0.429511 0 0 1
v 0.497187 0.991094 0.433037 0 0 1
v 0.501631 0.994626 0.434791 0 0 1
v 0.501731 0.998159 0.433326 0 0 1
v 0.501964 0.999619 0.429796 0 0 1
v 0.502194 0.99815 0.42627 0 0 1
v 0.502285 0.994612 0.424813 0 0 1
v 0.502184 0.991079 0.426279 0 0 1
v 0.501951 0.989619 0.429808 0 0 1
v 0.501722 0.991088 0.433334 0 0 1
v 0.506166 0.99462 0.435089 0 0 1
v 0.506267 0.998154 0.433623 0 0 1
v 0.5065 0.999613 0.430093 0 0 1
v 0.506729 0.998144 0.426567 0 0 1
v 0.50682 0.994607 0.42511 0 0 1
v 0.50672 0.991073 0.426576 0 0 1
v 0.506487 0.989613 0.430106 0 0 1
v 0.506257 0.991083 0.433632 0 0 1
v 0.510702 0.994614 0.435386 0 0 1
v 0.510802 0.998148 0.43392 0 0 1
v 0.511035 0.999608 0.43039 0 0 1
v 0.511264 0.998139 0.426864 0 0 1
v 0.511356 0.994601 0.425407 0 0 1
v 0.511255 0.991068 0.426873 0 0 1
v 0.511022 0.989608 0.430403 0 0 1
v 0.510793 0.991077 0.433929 0 0 1
v 0.515237 0.994609 0.435683 0 0 1
v 0.515337 0.998142 0.434218 0 0 1
v 0.515571 0.999602 0.430688 0 0 1
v 0.5158 0.998133 0.427162 0 0 1
v 0.515891 0.994596 0.425705 0 0 1
v 0.51579 0.991062 0.42717 0 0 1
v 0.515557 0.989602 0.4307 0 0 1
v 0.515328 0.991071 0.434226 0 0 1
v 0.479281 0.994639 0.430694 0 0 1
v 0.497423 0.994625 0.429505 0 0 1
v 0.479608 0.994642 0.435683 0 0 1
v 0.479515 0.998177 0.434219 0 0 1
v 0.479285 0.999639 0.43069 0 0 1
v 0.479052 0.998172 0.427163 0 0 1
v 0.478954 0.994635 0.425705 0 0 1
v 0.479047 0.991101 0.427169 0 0 1
v 0.479278 0.989639 0.430698 0 0 1
v 0.47951 0.991106 0.434225 0 0 1
v 0.484143 0.994639 0.435386 0 0 1
v 0.48405 0.998173 0.433922 0 0 1
v 0.48382 0.999635 0.430393 0 0 1
v 0.483588 0.998168 0.426866 0 0 1
v 0.483489 0.994632 0.425407 0 0 1
v 0.483583 0.991097 0.426871 0 0 1
v 0.483813 0.989635 0.4304 0 0 1
v 0.484045 0.991102 0.433927 0 0 1
v 0.488679 0.994635 0.435089 0 0 1
v 0.488586 0.99817 0.433625 0 0 1
v 0.488355 0.999632 0.430096 0 0 1
v 0.488123 0.998165 0.426569 0 0 1
v 0.488025 0.994628 0.42511 0 0 1
v 0.488118 0.991094 0.426574 0 0 1
v 0.488348 0.989632 0.430103 0 0 1
v 0.488581 0.991099 0.43363 0 0 1
v 0.493214 0.994632 0.434791 0 0 1
v 0.493121 0.998166 0.433327 0 0 1
v 0.492891 0.999628 0.429798 0 0 1
v 0.492658 0.998161 0.426271 0 0 1
v 0.49256 0.994625 0.424813 0 0 1
v 0.492653 0.99109 0.426277 0 0 1
v 0.492884 0.989628 0.429806 0 0 1
v 0.493116 0.991095 0.433333 0 0 1
v 0.49775 0.994628 0.434494 0 0 1
v 0.497656 0.998163 0.43303 0 0 1
v 0.497426 0.999625 0.429501 0 0 1
v 0.497194 0.998158 0.425974 0 0 1
v 0.497095 0.994621 0.424516 0 0 1
v 0.497189 0.991087 0.42598 0 0 1
v 0.497419 0.989625 0.429509 0 0 1
v 0.497651 0.991092 0.433036 0 0 1
v 0.46145 0.994643 0.434241 0 0 1
v 0.479281 0.994639 0.430694 0 0 1
v 0.462425 0.994645 0.439145 0 0 1
v 0.462141 0.99818 0.437707 0 0 1
v 0.461451 0.999643 0.434239 0 0 1
v 0.460761 0.998178 0.430772 0 0 1
v 0.460475 0.994642 0.429337 0 0 1
v 0.46076 0.991107 0.430774 0 0 1
v 0.461449 0.989643 0.434242 0 0 1
v 0.462139 0.991109 0.437709 0 0 1
v 0.466883 0.994643 0.438258 0 0 1
v 0.466598 0.998179 0.436821 0 0 1
v 0.465909 0.999642 0.433353 0 0 1
v 0.465219 0.998177 0.429885 0 0 1
v 0.464932 0.994641 0.42845 0 0 1
v 0.465217 0.991106 0.429887 0 0 1
v 0.465907 0.989642 0.433355 0 0 1
v 0.466597 0.991108 0.436823 0 0 1
v 0.471341 0.994642 0.437371 0 0 1
v 0.471056 0.998177 0.435934 0 0 1
v 0.470367 0.999641 0.432466 0 0 1
v 0.469677 0.998176 0.428999 0 0 1
v 0.46939 0.99464 0.427563 0 0 1
v 0.469675 0.991105 0.429001 0 0 1
v 0.470364 0.989641 0.432469 0 0 1
v 0.471055 0.991106 0.435936 0 0 1
v 0.475799 0.994641 0.436485 0 0 1
v 0.475514 0.998176 0.435047 0 0 1
v 0.474824 0.99964 0.431579 0 0 1
v 0.474134 0.998175 0.428112 0 0 1
v 0.473848 0.994639 0.426677 0 0 1
v 0.474133 0.991103 0.428114 0 0 1
v 0.474822 0.98964 0.431582 0 0 1
v 0.475512 0.991105 0.435049 0 0 1
v 0.480257 0.99464 0.435598 0 0 1
v 0.479972 0.998175 0.434161 0 0 1
v 0.479282 0.999639 0.430693 0 0 1
v 0.478592 0.998173 0.427225 0 0 1
v 0.478306 0.994637 0.42579 0 0 1
v 0.478591 0.991102 0.427227 0 0 1
v 0.47928 0.989639 0.430695 0 0 1
v 0.47997 0.991104 0.434162 0 0 1
v 0.444234 0.994639 0.440085 0 0 1
v 0.46145 0.994643 0.434241 0 0 1
v 0.445842 0.994639 0.444819 0 0 1
v 0.44537 0.998174 0.443433 0 0 1
v 0.444234 0.999639 0.440086 0 0 1
v 0.443097 0.998176 0.436737 0 0 1
v 0.442627 0.99464 0.43535 0 0 1
v 0.443099 0.991104 0.436736 0 0 1
v 0.444235 0.989639 0.440083 0 0 1
v 0.445372 0.991103 0.443432 0 0 1
v 0.450146 0.99464 0.443358 0 0 1
v 0.449674 0.998175 0.441972 0 0 1
v 0.448538 0.99964 0.438625 0 0 1
v 0.447401 0.998177 0.435276 0 0 1
v 0.446931 0.994641 0.433889 0 0 1
v 0.447402 0.991106 0.435275 0 0 1
v 0.448539 0.98964 0.438622 0 0 1
v 0.449675 0.991104 0.441971 0 0 1
v 0.454449 0.994641 0.441897 0 0 1
v 0.453978 0.998176 0.440511 0 0 1
v 0.452841 0.999641 0.437164 0 0 1
v 0.451705 0.998178 0.433816 0 0 1
v 0.451235 0.994642 0.432428 0 0 1
v 0.451706 0.991107 0.433814 0 0 1
v 0.452843 0.989641 0.437162 0 0 1
v 0.453979 0.991105 0.44051 0 0 1
v 0.458753 0.994642 0.440436 0 0 1
v 0.458282 0.998177 0.43905 0 0 1
v 0.457145 0.999642 0.435703 0 0 1
v 0.456009 0.998179 0.432355 0 0 1
v 0.455539 0.994643 0.430967 0 0 1
v 0.45601 0.991108 0.432353 0 0 1
v 0.457147 0.989642 0.435701 0 0 1
v 0.458283 0.991106 0.439049 0 0 1
v 0.463057 0.994643 0.438975 0 0 1
v 0.462586 0.998178 0.437589 0 0 1
v 0.461449 0.999643 0.434242 0 0 1
v 0.460313 0.99818 0.430894 0 0 1
v 0.459843 0.994644 0.429506 0 0 1
v 0.460314 0.991109 0.430892 0 0 1
v 0.461451 0.989643 0.43424 0 0 1
v 0.462587 0.991107 0.437588 0 0 1
v 0.427929 0.994627 0.448125 0 0 1
v 0.444234 0.994639 0.440085 0 0 1
v 0.43014 0.994624 0.45261 0 0 1
v 0.429491 0.99816 0.451299 0 0 1
v 0.427927 0.999627 0.448129 0 0 1
v 0.426364 0.998164 0.444957 0 0 1
v 0.425718 0.994629 0.443641 0 0 1
v 0.426367 0.991093 0.444952 0 0 1
v 0.427931 0.989627 0.448122 0 0 1
v 0.429494 0.991089 0.451294 0 0 1
v 0.434217 0.994628 0.4506 0 0 1
v 0.433568 0.998164 0.449289 0 0 1
v 0.432003 0.99963 0.446119 0 0 1
v 0.43044 0.998167 0.442947 0 0 1
v 0.429794 0.994632 0.441631 0 0 1
v 0.430443 0.991096 0.442942 0 0 1
v 0.432008 0.98963 0.446112 0 0 1
v 0.433571 0.991093 0.449284 0 0 1
v 0.438293 0.994631 0.448589 0 0 1
v 0.437644 0.998167 0.447278 0 0 1
v 0.43608 0.999633 0.444109 0 0 1
v 0.434516 0.99817 0.440937 0 0 1
v 0.43387 0.994635 0.439621 0 0 1
v 0.43452 0.991099 0.440932 0 0 1
v 0.436084 0.989633 0.444101 0 0 1
v 0.437647 0.991096 0.447273 0 0 1
v 0.44237 0.994634 0.446579 0 0 1
v 0.44172 0.99817 0.445268 0 0 1
v 0.440156 0.999636 0.442098 0 0 1
v 0.438593 0.998173 0.438926 0 0 1
v 0.437947 0.994638 0.43761 0 0 1
v 0.438596 0.991102 0.438921 0 0 1
v 0.44016 0.989636 0.442091 0 0 1
v 0.441723 0.991099 0.445263 0 0 1
v 0.446446 0.994637 0.444569 0 0 1
v 0.445797 0.998173 0.443258 0 0 1
v 0.444232 0.999639 0.440088 0 0 1
v 0.442669 0.998177 0.436916 0 0 1
v 0.442023 0.994642 0.4356 0 0 1
v 0.442672 0.991105 0.436911 0 0 1
v 0.444237 0.989639 0.440081 0 0 1
v 0.4458 0.991102 0.443253 0 0 1
v 0.412813 0.994605 0.458226 0 0 1
v 0.427929 0.994627 0.448125 0 0 1
v 0.41559 0.994602 0.462383 0 0 1
v 0.414775 0.998138 0.46117 0 0 1
v 0.412809 0.999605 0.458232 0 0 1
v 0.410846 0.998143 0.45529 0 0 1
v 0.410035 0.994608 0.454069 0 0 1
v 0.410851 0.991072 0.455282 0 0 1
v 0.412816 0.989605 0.45822 0 0 1
v 0.414779 0.991067 0.461161 0 0 1
v 0.41937 0.994607 0.459858 0 0 1
v 0.418554 0.998144 0.458645 0 0 1
v 0.416588 0.99961 0.455707 0 0 1
v 0.414625 0.998148 0.452765 0 0 1
v 0.413814 0.994613 0.451543 0 0 1
v 0.41463 0.991077 0.452757 0 0 1
v 0.416595 0.98961 0.455695 0 0 1
v 0.418558 0.991073 0.458636 0 0 1
v 0.423149 0.994613 0.457333 0 0 1
v 0.422333 0.998149 0.45612 0 0 1
v 0.420368 0.999616 0.453182 0 0 1
v 0.418404 0.998153 0.45024 0 0 1
v 0.417593 0.994619 0.449018 0 0 1
v 0.418409 0.991082 0.450232 0 0 1
v 0.420374 0.989616 0.45317 0 0 1
v 0.422337 0.991078 0.456111 0 0 1
v 0.426928 0.994618 0.454808 0 0 1
v 0.426112 0.998154 0.453594 0 0 1
v 0.424147 0.999621 0.450657 0 0 1
v 0.422183 0.998159 0.447715 0 0 1
v 0.421372 0.994624 0.446493 0 0 1
v 0.422188 0.991088 0.447707 0 0 1
v 0.424153 0.989621 0.450645 0 0 1
v 0.426116 0.991083 0.453586 0 0 1
v 0.430707 0.994623 0.452283 0 0 1
v 0.429891 0.99816 0.451069 0 0 1
v 0.427926 0.999627 0.448131 0 0 1
v 0.425963 0.998164 0.44519 0 0 1
v 0.425151 0.99463 0.443968 0 0 1
v 0.425967 0.991093 0.445182 0 0 1
v 0.427932 0.989627 0.44812 0 0 1
v 0.429895 0.991089 0.451061 0 0 1
v 0.399144 0.994575 0.470213 0 0 1
v 0.412813 0.994605 0.458226 0 0 1
v 0.402441 0.994571 0.473972 0 0 1
v 0.401472 0.998108 0.472877 0 0 1
v 0.39914 0.999575 0.470221 0 0 1
v 0.39681 0.998113 0.467561 0 0 1
v 0.395847 0.994579 0.466454 0 0 1
v 0.396815 0.991042 0.467549 0 0 1
v 0.399148 0.989575 0.470205 0 0 1
v 0.401478 0.991037 0.472865 0 0 1
v 0.405858 0.994579 0.470975 0 0 1
v 0.404889 0.998115 0.46988 0 0 1
v 0.402557 0.999582 0.467224 0 0 1
v 0.400227 0.998121 0.464564 0 0 1
v 0.399264 0.994586 0.463457 0 0 1
v 0.400232 0.99105 0.464552 0 0 1
v 0.402565 0.989582 0.467208 0 0 1
v 0.404895 0.991044 0.469869 0 0 1
v 0.409275 0.994586 0.467979 0 0 1
v 0.408307 0.998123 0.466883 0 0 1
v 0.405974 0.99959 0.464228 0 0 1
v 0.403644 0.998128 0.461567 0 0 1
v 0.402681 0.994594 0.46046 0 0 1
v 0.40365 0.991057 0.461555 0 0 1
v 0.405982 0.98959 0.464211 0 0 1
v 0.408312 0.991052 0.466872 0 0 1
v 0.412692 0.994594 0.464982 0 0 1
v 0.411724 0.99813 0.463887 0 0 1
v 0.409392 0.999597 0.461231 0 0 1
v 0.407062 0.998136 0.45857 0 0 1
v 0.406099 0.994601 0.457463 0 0 1
v 0.407067 0.991065 0.458559 0 0 1
v 0.409399 0.989597 0.461214 0 0 1
v 0.411729 0.991059 0.463875 0 0 1
v 0.416109 0.994601 0.461985 0 0 1
v 0.415141 0.998138 0.46089 0 0 1
v 0.412809 0.999605 0.458234 0 0 1
v 0.410479 0.998143 0.455574 0 0 1
v 0.409516 0.994609 0.454467 0 0 1
v 0.410484 0.991072 0.455562 0 0 1
v 0.412816 0.989605 0.458218 0 0 1
v 0.415146 0.991067 0.460878 0 0 1
v 0.387157 0.994537 0.483882 0 0 1
v 0.399144 0.994575 0.470213 0 0 1
v 0.390916 0.994533 0.487178 0 0 1
v 0.389812 0.99807 0.48622 0 0 1
v 0.387153 0.999537 0.483892 0 0 1
v 0.384496 0.998076 0.481558 0 0 1
v 0.383397 0.994541 0.480585 0 0 1
v 0.384501 0.991004 0.481543 0 0 1
v 0.387161 0.989537 0.483871 0 0 1
v 0.389818 0.990999 0.486205 0 0 1
v 0.393913 0.994543 0.483761 0 0 1
v 0.392809 0.998079 0.482803 0 0 1
v 0.39015 0.999547 0.480475 0 0 1
v 0.387492 0.998085 0.478141 0 0 1
v 0.386394 0.994551 0.477168 0 0 1
v 0.387498 0.991014 0.478126 0 0 1
v 0.390157 0.989547 0.480454 0 0 1
v 0.392814 0.991008 0.482788 0 0 1
v 0.396909 0.994552 0.480344 0 0 1
v 0.395806 0.998089 0.479386 0 0 1
v 0.393146 0.999556 0.477058 0 0 1
v 0.390489 0.998094 0.474723 0 0 1
v 0.389391 0.99456 0.473751 0 0 1
v 0.390495 0.991023 0.474709 0 0 1
v 0.393154 0.989556 0.477037 0 0 1
v 0.395811 0.991018 0.479371 0 0 1
v 0.399906 0.994562 0.476927 0 0 1
v 0.398802 0.998098 0.475969 0 0 1
v 0.396143 0.999566 0.47364 0 0 1
v 0.393486 0.998104 0.471306 0 0 1
v 0.392388 0.994569 0.470333 0 0 1
v 0.393492 0.991033 0.471292 0 0 1
v 0.396151 0.989566 0.47362 0 0 1
v 0.398808 0.991027 0.475954 0 0 1
v 0.402903 0.994571 0.47351 0 0 1
v 0.401799 0.998108 0.472551 0 0 1
v 0.39914 0.999575 0.470223 0 0 1
v 0.396483 0.998113 0.467889 0 0 1
v 0.395385 0.994579 0.466916 0 0 1
v 0.396488 0.991042 0.467874 0 0 1
v 0.399148 0.989575 0.470203 0 0 1
v 0.401805 0.991037 0.472537 0 0 1
v 0.377056 0.994492 0.498998 0 0 1
v 0.387157 0.994537 0.483882 0 0 1
v 0.381213 0.994489 0.501776 0 0 1
v 0.379993 0.998025 0.500971 0 0 1
v 0.377052 0.999492 0.49901 0 0 1
v 0.374114 0.998031 0.497042 0 0 1
v 0.372899 0.994496 0.49622 0 0 1
v 0.374119 0.990959 0.497025 0 0 1
v 0.37706 0.989492 0.498986 0 0 1
v 0.379998 0.990954 0.500953 0 0 1
v 0.383739 0.9945 0.497997 0 0 1
v 0.382518 0.998036 0.497192 0 0 1
v 0.379577 0.999504 0.495231 0 0 1
v 0.376639 0.998042 0.493263 0 0 1
v 0.375424 0.994507 0.492441 0 0 1
v 0.376644 0.990971 0.493246 0 0 1
v 0.379585 0.989504 0.495206 0 0 1
v 0.382524 0.990965 0.497174 0 0 1
v 0.386264 0.994511 0.494218 0 0 1
v 0.385043 0.998048 0.493413 0 0 1
v 0.382103 0.999515 0.491452 0 0 1
v 0.379164 0.998053 0.489484 0 0 1
v 0.377949 0.994519 0.488662 0 0 1
v 0.379169 0.990982 0.489467 0 0 1
v 0.38211 0.989515 0.491427 0 0 1
v 0.385049 0.990977 0.493395 0 0 1
v 0.388789 0.994522 0.490439 0 0 1
v 0.387569 0.998059 0.489634 0 0 1
v 0.384628 0.999526 0.487673 0 0 1
v 0.381689 0.998064 0.485705 0 0 1
v 0.380474 0.99453 0.484883 0 0 1
v 0.381694 0.990993 0.485688 0 0 1
v 0.384635 0.989526 0.487648 0 0 1
v 0.387574 0.990988 0.489616 0 0 1
v 0.391314 0.994533 0.486659 0 0 1
v 0.390094 0.99807 0.485855 0 0 1
v 0.387153 0.999537 0.483894 0 0 1
v 0.384214 0.998075 0.481926 0 0 1
v 0.382999 0.994541 0.481104 0 0 1
v 0.38422 0.991004 0.481909 0 0 1
v 0.38716 0.989537 0.483869 0 0 1
v 0.390099 0.990999 0.485837 0 0 1
v 0.369015 0.994441 0.515303 0 0 1
v 0.377056 0.994492 0.498998 0 0 1
v 0.373499 0.994438 0.517515 0 0 1
v 0.372184 0.997974 0.516877 0 0 1
v 0.369012 0.999441 0.515317 0 0 1
v 0.365842 0.997979 0.513749 0 0 1
v 0.364531 0.994444 0.513092 0 0 1
v 0.365846 0.990908 0.51373 0 0 1
v 0.369018 0.989441 0.515289 0 0 1
v 0.372188 0.990903 0.516857 0 0 1
v 0.37551 0.994451 0.513438 0 0 1
v 0.374194 0.997987 0.512801 0 0 1
v 0.371022 0.999454 0.511241 0 0 1
v 0.367852 0.997992 0.509673 0 0 1
v 0.366541 0.994457 0.509015 0 0 1
v 0.367857 0.990921 0.509653 0 0 1
v 0.371029 0.989454 0.511213 0 0 1
v 0.374199 0.990916 0.512781 0 0 1
v 0.37752 0.994463 0.509362 0 0 1
v 0.376204 0.998 0.508724 0 0 1
v 0.373032 0.999467 0.507165 0 0 1
v 0.369862 0.998005 0.505597 0 0 1
v 0.368551 0.99447 0.504939 0 0 1
v 0.369867 0.990934 0.505577 0 0 1
v 0.373039 0.989467 0.507136 0 0 1
v 0.376209 0.990929 0.508704 0 0 1
v 0.37953 0.994476 0.505286 0 0 1
v 0.378214 0.998013 0.504648 0 0 1
v 0.375043 0.999479 0.503088 0 0 1
v 0.371873 0.998017 0.50152 0 0 1
v 0.370561 0.994483 0.500863 0 0 1
v 0.371877 0.990946 0.501501 0 0 1
v 0.375049 0.98948 0.50306 0 0 1
v 0.378219 0.990942 0.504628 0 0 1
v 0.38154 0.994489 0.501209 0 0 1
v 0.380225 0.998026 0.500572 0 0 1
v 0.377053 0.999492 0.499012 0 0 1
v 0.373883 0.99803 0.497444 0 0 1
v 0.372572 0.994496 0.496786 0 0 1
v 0.373887 0.990959 0.497424 0 0 1
v 0.377059 0.989492 0.498984 0 0 1
v 0.380229 0.990954 0.500552 0 0 1
v 0.363171 0.994384 0.532519 0 0 1
v 0.369015 0.994441 0.515303 0 0 1
v 0.367906 0.994382 0.534126 0 0 1
v 0.366517 0.997918 0.533666 0 0 1
v 0.363169 0.999384 0.532534 0 0 1
v 0.359821 0.997922 0.531393 0 0 1
v 0.358436 0.994387 0.530911 0 0 1
v 0.359825 0.990851 0.531371 0 0 1
v 0.363174 0.989384 0.532503 0 0 1
v 0.366521 0.990847 0.533644 0 0 1
v 0.369367 0.994396 0.529822 0 0 1
v 0.367978 0.997932 0.529362 0 0 1
v 0.36463 0.999398 0.52823 0 0 1
v 0.361282 0.997936 0.527089 0 0 1
v 0.359897 0.994401 0.526608 0 0 1
v 0.361286 0.990865 0.527067 0 0 1
v 0.364635 0.989398 0.528199 0 0 1
v 0.367982 0.990861 0.52934 0 0 1
v 0.370828 0.99441 0.525518 0 0 1
v 0.369439 0.997946 0.525058 0 0 1
v 0.366091 0.999413 0.523927 0 0 1
v 0.362743 0.99795 0.522786 0 0 1
v 0.361358 0.994415 0.522304 0 0 1
v 0.362747 0.990879 0.522763 0 0 1
v 0.366096 0.989413 0.523895 0 0 1
v 0.369443 0.990875 0.525036 0 0 1
v 0.372289 0.994424 0.521214 0 0 1
v 0.3709 0.997961 0.520755 0 0 1
v 0.367552 0.999427 0.519623 0 0 1
v 0.364204 0.997964 0.518482 0 0 1
v 0.362819 0.994429 0.518 0 0 1
v 0.364208 0.990893 0.51846 0 0 1
v 0.367557 0.989427 0.519591 0 0 1
v 0.370904 0.99089 0.520733 0 0 1
v 0.37375 0.994438 0.51691 0 0 1
v 0.372361 0.997975 0.516451 0 0 1
v 0.369012 0.999441 0.515319 0 0 1
v 0.365665 0.997978 0.514178 0 0 1
v 0.36428 0.994444 0.513696 0 0 1
v 0.365669 0.990907 0.514156 0 0 1
v 0.369018 0.989441 0.515288 0 0 1
v 0.372365 0.990904 0.516429 0 0 1
v 0.359624 0.994323 0.55035 0 0 1
v 0.363171 0.994384 0.532519 0 0 1
v 0.364528 0.994321 0.551325 0 0 1
v 0.363091 0.997857 0.551051 0 0 1
v 0.359623 0.999323 0.550366 0 0 1
v 0.356155 0.99786 0.549672 0 0 1
v 0.35472 0.994325 0.549374 0 0 1
v 0.356158 0.990789 0.549648 0 0 1
v 0.359626 0.989323 0.550333 0 0 1
v 0.363093 0.990786 0.551027 0 0 1
v 0.365415 0.994337 0.546867 0 0 1
v 0.363977 0.997873 0.546594 0 0 1
v 0.360509 0.999338 0.545909 0 0 1
v 0.357042 0.997875 0.545214 0 0 1
v 0.355607 0.99434 0.544916 0 0 1
v 0.357045 0.990804 0.54519 0 0 1
v 0.360513 0.989338 0.545875 0 0 1
v 0.36398 0.990802 0.54657 0 0 1
v 0.366302 0.994352 0.54241 0 0 1
v 0.364864 0.997888 0.542136 0 0 1
v 0.361396 0.999354 0.541451 0 0 1
v 0.357929 0.99789 0.540756 0 0 1
v 0.356494 0.994355 0.540459 0 0 1
v 0.357931 0.990819 0.540732 0 0 1
v 0.361399 0.989354 0.541417 0 0 1
v 0.364866 0.990817 0.542112 0 0 1
v 0.367188 0.994367 0.537952 0 0 1
v 0.365751 0.997903 0.537678 0 0 1
v 0.362283 0.999369 0.536993 0 0 1
v 0.358816 0.997906 0.536299 0 0 1
v 0.35738 0.994371 0.536001 0 0 1
v 0.358818 0.990835 0.536275 0 0 1
v 0.362286 0.989369 0.53696 0 0 1
v 0.365753 0.990832 0.537654 0 0 1
v 0.368075 0.994383 0.533494 0 0 1
v 0.366638 0.997919 0.53322 0 0 1
v 0.363169 0.999384 0.532536 0 0 1
v 0.359702 0.997921 0.531841 0 0 1
v 0.358267 0.994386 0.531543 0 0 1
v 0.359705 0.99085 0.531817 0 0 1
v 0.363173 0.989384 0.532502 0 0 1
v 0.36664 0.990848 0.533197 0 0 1
v 0.358435 0.994258 0.568491 0 0 1
v 0.359624 0.994323 0.55035 0 0 1
v 0.363424 0.994258 0.568818 0 0 1
v 0.361963 0.997793 0.568735 0 0 1
v 0.358435 0.999258 0.568509 0 0 1
v 0.354907 0.997794 0.568272 0 0 1
v 0.353446 0.994259 0.568164 0 0 1
v 0.354908 0.990723 0.568247 0 0 1
v 0.358436 0.989258 0.568473 0 0 1
v 0.361964 0.990722 0.56871 0 0 1
v 0.363722 0.994274 0.564283 0 0 1
v 0.36226 0.997809 0.564199 0 0 1
v 0.358732 0.999274 0.563973 0 0 1
v 0.355204 0.99781 0.563737 0 0 1
v 0.353743 0.994275 0.563629 0 0 1
v 0.355205 0.990739 0.563712 0 0 1
v 0.358733 0.989274 0.563938 0 0 1
v 0.362261 0.990738 0.564174 0 0 1
v 0.364019 0.99429 0.559747 0 0 1
v 0.362557 0.997826 0.559664 0 0 1
v 0.359029 0.99929 0.559438 0 0 1
v 0.355501 0.997826 0.559202 0 0 1
v 0.35404 0.994291 0.559093 0 0 1
v 0.355502 0.990755 0.559176 0 0 1
v 0.35903 0.989291 0.559402 0 0 1
v 0.362558 0.990755 0.559639 0 0 1
v 0.364316 0.994306 0.555212 0 0 1
v 0.362855 0.997842 0.555129 0 0 1
v 0.359326 0.999307 0.554903 0 0 1
v 0.355799 0.997843 0.554666 0 0 1
v 0.354338 0.994307 0.554558 0 0 1
v 0.355799 0.990772 0.554641 0 0 1
v 0.359328 0.989307 0.554867 0 0 1
v 0.362855 0.990771 0.555104 0 0 1
v 0.364614 0.994322 0.550677 0 0 1
v 0.363152 0.997858 0.550593 0 0 1
v 0.359624 0.999323 0.550367 0 0 1
v 0.356096 0.997859 0.550131 0 0 1
v 0.354635 0.994324 0.550023 0 0 1
v 0.356097 0.990788 0.550106 0 0 1
v 0.359625 0.989323 0.550332 0 0 1
v 0.363153 0.990787 0.550568 0 0 1
v 0.359624 0.994191 0.586632 0 0 1
v 0.358435 0.994258 0.568491 0 0 1
v 0.364613 0.994191 0.586305 0 0 1
v 0.363153 0.997727 0.586414 0 0 1
v 0.359625 0.999191 0.586651 0 0 1
v 0.356097 0.997726 0.586877 0 0 1
v 0.354635 0.99419 0.586959 0 0 1
v 0.356096 0.990655 0.58685 0 0 1
v 0.359624 0.989191 0.586614 0 0 1
v 0.363152 0.990656 0.586388 0 0 1
v 0.364316 0.994208 0.58177 0 0 1
v 0.362855 0.997744 0.581879 0 0 1
v 0.359327 0.999208 0.582115 0 0 1
v 0.355799 0.997743 0.582341 0 0 1
v 0.354338 0.994207 0.582424 0 0 1
v 0.355798 0.990672 0.582315 0 0 1
v 0.359326 0.989208 0.582078 0 0 1
v 0.362854 0.990673 0.581853 0 0 1
v 0.364019 0.994225 0.577235 0 0 1
v 0.362558 0.99776 0.577343 0 0 1
v 0.35903 0.999224 0.57758 0 0 1
v 0.355502 0.99776 0.577806 0 0 1
v 0.35404 0.994224 0.577889 0 0 1
v 0.355501 0.990689 0.57778 0 0 1
v 0.359029 0.989225 0.577543 0 0 1
v 0.362557 0.990689 0.577317 0 0 1
v 0.363722 0.994242 0.572699 0 0 1
v 0.362261 0.997777 0.572808 0 0 1
v 0.358733 0.999241 0.573045 0 0 1
v 0.355205 0.997776 0.573271 0 0 1
v 0.353743 0.994241 0.573353 0 0 1
v 0.355204 0.990705 0.573244 0 0 1
v 0.358732 0.989241 0.573008 0 0 1
v 0.36226 0.990706 0.572782 0 0 1
v 0.363424 0.994259 0.568164 0 0 1
v 0.361964 0.997794 0.568273 0 0 1
v 0.358436 0.999258 0.568509 0 0 1
v 0.354908 0.997793 0.568735 0 0 1
v 0.353446 0.994257 0.568818 0 0 1
v 0.354907 0.990722 0.568709 0 0 1
v 0.358435 0.989258 0.568472 0 0 1
v 0.361963 0.990723 0.568247 0 0 1
v 0.363171 0.994122 0.604463 0 0 1
v 0.359624 0.994191 0.586632 0 0 1
v 0.368075 0.994124 0.603488 0 0 1
v 0.36664 0.997659 0.603787 0 0 1
v 0.363173 0.999122 0.604482 0 0 1
v 0.359705 0.997657 0.605166 0 0 1
v 0.358267 0.994121 0.605439 0 0 1
v 0.359702 0.990586 0.60514 0 0 1
v 0.363169 0.989122 0.604444 0 0 1
v 0.366637 0.990588 0.60376 0 0 1
v 0.367188 0.994141 0.59903 0 0 1
v 0.365753 0.997676 0.599329 0 0 1
v 0.362286 0.99914 0.600024 0 0 1
v 0.358818 0.997674 0.600708 0 0 1
v 0.35738 0.994138 0.600981 0 0 1
v 0.358815 0.990603 0.600682 0 0 1
v 0.362282 0.98914 0.599987 0 0 1
v 0.36575 0.990605 0.599302 0 0 1
v 0.366301 0.994159 0.594572 0 0 1
v 0.364866 0.997693 0.594871 0 0 1
v 0.361399 0.999157 0.595566 0 0 1
v 0.357931 0.997691 0.596251 0 0 1
v 0.356494 0.994155 0.596523 0 0 1
v 0.357929 0.99062 0.596224 0 0 1
v 0.361396 0.989157 0.595529 0 0 1
v 0.364864 0.990622 0.594845 0 0 1
v 0.365415 0.994176 0.590115 0 0 1
v 0.36398 0.997711 0.590414 0 0 1
v 0.360513 0.999174 0.591109 0 0 1
v 0.357045 0.997708 0.591793 0 0 1
v 0.355607 0.994172 0.592065 0 0 1
v 0.357042 0.990637 0.591766 0 0 1
v 0.360509 0.989174 0.591071 0 0 1
v 0.363977 0.99064 0.590387 0 0 1
v 0.364528 0.994193 0.585657 0 0 1
v 0.363093 0.997728 0.585956 0 0 1
v 0.359626 0.999191 0.586651 0 0 1
v 0.356158 0.997725 0.587335 0 0 1
v 0.35472 0.994189 0.587608 0 0 1
v 0.356155 0.990654 0.587309 0 0 1
v 0.359622 0.989191 0.586613 0 0 1
v 0.36309 0.990657 0.585929 0 0 1
v 0.369015 0.994054 0.621679 0 0 1
v 0.363171 0.994122 0.604463 0 0 1
v 0.373749 0.994057 0.620071 0 0 1
v 0.372365 0.997592 0.620555 0 0 1
v 0.369018 0.999054 0.621697 0 0 1
v 0.365669 0.997587 0.622828 0 0 1
v 0.36428 0.994051 0.623286 0 0 1
v 0.365665 0.990516 0.622802 0 0 1
v 0.369012 0.989054 0.62166 0 0 1
v 0.37236 0.990521 0.620529 0 0 1
v 0.372288 0.994074 0.615768 0 0 1
v 0.370904 0.997609 0.616252 0 0 1
v 0.367557 0.999071 0.617394 0 0 1
v 0.364208 0.997604 0.618524 0 0 1
v 0.362819 0.994068 0.618982 0 0 1
v 0.364204 0.990533 0.618498 0 0 1
v 0.367551 0.989071 0.617356 0 0 1
v 0.370899 0.990538 0.616225 0 0 1
v 0.370827 0.994091 0.611464 0 0 1
v 0.369443 0.997626 0.611948 0 0 1
v 0.366096 0.999088 0.61309 0 0 1
v 0.362747 0.997622 0.614221 0 0 1
v 0.361358 0.994085 0.614678 0 0 1
v 0.362743 0.990551 0.614194 0 0 1
v 0.36609 0.989088 0.613052 0 0 1
v 0.369438 0.990555 0.611921 0 0 1
v 0.369366 0.994108 0.60716 0 0 1
v 0.367982 0.997643 0.607644 0 0 1
v 0.364635 0.999105 0.608786 0 0 1
v 0.361286 0.997639 0.609917 0 0 1
v 0.359897 0.994102 0.610374 0 0 1
v 0.361282 0.990568 0.60989 0 0 1
v 0.364629 0.989105 0.608748 0 0 1
v 0.367978 0.990572 0.607617 0 0 1
v 0.367906 0.994126 0.602856 0 0 1
v 0.366521 0.99766 0.60334 0 0 1
v 0.363174 0.999122 0.604482 0 0 1
v 0.359825 0.997656 0.605613 0 0 1
v 0.358436 0.994119 0.60607 0 0 1
v 0.359821 0.990585 0.605586 0 0 1
v 0.363168 0.989122 0.604444 0 0 1
v 0.366517 0.990589 0.603313 0 0 1
v 0.377056 0.993987 0.637984 0 0 1
v 0.369015 0.994054 0.621679 0 0 1
v 0.38154 0.993991 0.635772 0 0 1
v 0.38023 0.997525 0.636433 0 0 1
v 0.37706 0.998987 0.638002 0 0 1
v 0.373888 0.997519 0.639561 0 0 1
v 0.372571 0.993982 0.640195 0 0 1
v 0.373882 0.990448 0.639535 0 0 1
v 0.377051 0.988987 0.637965 0 0 1
v 0.380223 0.990454 0.636407 0 0 1
v 0.37953 0.994008 0.631696 0 0 1
v 0.378219 0.997542 0.632357 0 0 1
v 0.37505 0.999003 0.633926 0 0 1
v 0.371877 0.997536 0.635484 0 0 1
v 0.370561 0.993999 0.636119 0 0 1
v 0.371871 0.990465 0.635458 0 0 1
v 0.375041 0.989003 0.633889 0 0 1
v 0.378213 0.990471 0.632331 0 0 1
v 0.37752 0.994025 0.62762 0 0 1
v 0.376209 0.997559 0.628281 0 0 1
v 0.373039 0.99902 0.62985 0 0 1
v 0.369867 0.997553 0.631408 0 0 1
v 0.368551 0.994016 0.632043 0 0 1
v 0.369861 0.990482 0.631382 0 0 1
v 0.373031 0.98902 0.629813 0 0 1
v 0.376203 0.990488 0.628254 0 0 1
v 0.375509 0.994041 0.623543 0 0 1
v 0.374199 0.997576 0.624204 0 0 1
v 0.371029 0.999037 0.625773 0 0 1
v 0.367857 0.99757 0.627332 0 0 1
v 0.366541 0.994033 0.627966 0 0 1
v 0.367851 0.990499 0.627306 0 0 1
v 0.371021 0.989037 0.625736 0 0 1
v 0.374193 0.990505 0.624178 0 0 1
v 0.373499 0.994058 0.619467 0 0 1
v 0.372189 0.997593 0.620128 0 0 1
v 0.369019 0.999054 0.621697 0 0 1
v 0.365847 0.997586 0.623255 0 0 1
v 0.36453 0.99405 0.62389 0 0 1
v 0.365841 0.990515 0.623229 0 0 1
v 0.36901 0.989054 0.62166 0 0 1
v 0.372183 0.990522 0.620102 0 0 1
v 0.387156 0.993921 0.6531 0 0 1
v 0.377056 0.993987 0.637984 0 0 1
v 0.391313 0.993927 0.650322 0 0 1
v 0.3901 0.997461 0.651149 0 0 1
v 0.387161 0.998921 0.653118 0 0 1
v 0.38422 0.997453 0.655077 0 0 1
v 0.382999 0.993916 0.655878 0 0 1
v 0.384212 0.990382 0.655052 0 0 1
v 0.387151 0.988921 0.653082 0 0 1
v 0.390092 0.99039 0.651123 0 0 1
v 0.388788 0.993943 0.646543 0 0 1
v 0.387574 0.997477 0.64737 0 0 1
v 0.384636 0.998938 0.649339 0 0 1
v 0.381695 0.997469 0.651298 0 0 1
v 0.380474 0.993932 0.652099 0 0 1
v 0.381687 0.990398 0.651273 0 0 1
v 0.384625 0.988938 0.649303 0 0 1
v 0.387567 0.990406 0.647344 0 0 1
v 0.386263 0.993959 0.642764 0 0 1
v 0.385049 0.997493 0.643591 0 0 1
v 0.382111 0.998954 0.64556 0 0 1
v 0.37917 0.997486 0.647519 0 0 1
v 0.377948 0.993949 0.64832 0 0 1
v 0.379162 0.990415 0.647494 0 0 1
v 0.3821 0.988954 0.645524 0 0 1
v 0.385042 0.990422 0.643565 0 0 1
v 0.383738 0.993976 0.638985 0 0 1
v 0.382524 0.99751 0.639811 0 0 1
v 0.379586 0.99897 0.641781 0 0 1
v 0.376645 0.997502 0.64374 0 0 1
v 0.375423 0.993965 0.644541 0 0 1
v 0.376637 0.990431 0.643715 0 0 1
v 0.379575 0.98897 0.641745 0 0 1
v 0.382517 0.990439 0.639786 0 0 1
v 0.381213 0.993992 0.635206 0 0 1
v 0.379999 0.997526 0.636032 0 0 1
v 0.377061 0.998987 0.638002 0 0 1
v 0.37412 0.997518 0.639961 0 0 1
v 0.372898 0.993981 0.640762 0 0 1
v 0.374112 0.990447 0.639935 0 0 1
v 0.37705 0.988987 0.637966 0 0 1
v 0.379991 0.990455 0.636007 0 0 1
v 0.399143 0.99386 0.666769 0 0 1
v 0.387156 0.993921 0.6531 0 0 1
v 0.402902 0.993866 0.663472 0 0 1
v 0.401806 0.9974 0.66445 0 0 1
v 0.399149 0.99886 0.666786 0 0 1
v 0.396489 0.997391 0.669112 0 0 1
v 0.395384 0.993853 0.670066 0 0 1
v 0.39648 0.99032 0.669088 0 0 1
v 0.399137 0.98886 0.666752 0 0 1
v 0.401797 0.990329 0.664426 0 0 1
v 0.399906 0.993882 0.660055 0 0 1
v 0.398809 0.997415 0.661033 0 0 1
v 0.396153 0.998875 0.663369 0 0 1
v 0.393493 0.997406 0.665695 0 0 1
v 0.392387 0.993869 0.666648 0 0 1
v 0.393484 0.990335 0.665671 0 0 1
v 0.39614 0.988875 0.663335 0 0 1
v 0.3988 0.990344 0.661009 0 0 1
v 0.396909 0.993897 0.656638 0 0 1
v 0.395812 0.997431 0.657615 0 0 1
v 0.393156 0.998891 0.659952 0 0 1
v 0.390496 0.997422 0.662278 0 0 1
v 0.38939 0.993884 0.663231 0 0 1
v 0.390487 0.990351 0.662254 0 0 1
v 0.393143 0.988891 0.659918 0 0 1
v 0.395803 0.99036 0.657591 0 0 1
v 0.393912 0.993912 0.653221 0 0 1
v 0.392815 0.997446 0.654198 0 0 1
v 0.390159 0.998906 0.656534 0 0 1
v 0.387499 0.997437 0.658861 0 0 1
v 0.386394 0.9939 0.659814 0 0 1
v 0.38749 0.990366 0.658837 0 0 1
v 0.390146 0.988906 0.6565 0 0 1
v 0.392806 0.990375 0.654174 0 0 1
v 0.390915 0.993928 0.649804 0 0 1
v 0.389819 0.997461 0.650781 0 0 1
v 0.387162 0.998921 0.653117 0 0 1
v 0.384502 0.997452 0.655443 0 0 1
v 0.383397 0.993915 0.656397 0 0 1
v 0.384493 0.990381 0.655419 0 0 1
v 0.38715 0.988921 0.653083 0 0 1
v 0.38981 0.99039 0.650757 0 0 1
v 0.412812 0.993802 0.678756 0 0 1
v 0.399143 0.99386 0.666769 0 0 1
v 0.416108 0.99381 0.674997 0 0 1
v 0.415148 0.997343 0.676109 0 0 1
v 0.412819 0.998802 0.678772 0 0 1
v 0.410486 0.997333 0.681425 0 0 1
v 0.409515 0.993795 0.682515 0 0 1
v 0.410476 0.990262 0.681403 0 0 1
v 0.412805 0.988802 0.67874 0 0 1
v 0.415138 0.990272 0.676087 0 0 1
v 0.412691 0.993824 0.672 0 0 1
v 0.411731 0.997357 0.673112 0 0 1
v 0.409402 0.998817 0.675775 0 0 1
v 0.407068 0.997347 0.678428 0 0 1
v 0.406098 0.99381 0.679518 0 0 1
v 0.407058 0.990276 0.678406 0 0 1
v 0.409387 0.988817 0.675743 0 0 1
v 0.411721 0.990286 0.67309 0 0 1
v 0.409274 0.993838 0.669003 0 0 1
v 0.408314 0.997372 0.670115 0 0 1
v 0.405985 0.998831 0.672778 0 0 1
v 0.403651 0.997362 0.675432 0 0 1
v 0.402681 0.993824 0.676522 0 0 1
v 0.403641 0.990291 0.675409 0 0 1
v 0.40597 0.988831 0.672747 0 0 1
v 0.408304 0.990301 0.670093 0 0 1
v 0.405857 0.993853 0.666006 0 0 1
v 0.404896 0.997386 0.667119 0 0 1
v 0.402567 0.998845 0.669781 0 0 1
v 0.400234 0.997376 0.672435 0 0 1
v 0.399264 0.993838 0.673525 0 0 1
v 0.400224 0.990305 0.672413 0 0 1
v 0.402553 0.988845 0.66975 0 0 1
v 0.404886 0.990315 0.667096 0 0 1
v 0.40244 0.993867 0.66301 0 0 1
v 0.401479 0.9974 0.664122 0 0 1
v 0.39915 0.99886 0.666785 0 0 1
v 0.396817 0.99739 0.669438 0 0 1
v 0.395846 0.993853 0.670528 0 0 1
v 0.396807 0.990319 0.669416 0 0 1
v 0.399136 0.98886 0.666753 0 0 1
v 0.401469 0.990329 0.6641 0 0 1
v 0.427928 0.993751 0.688856 0 0 1
v 0.412812 0.993802 0.678756 0 0 1
v 0.430706 0.993758 0.684699 0 0 1
v 0.429898 0.997291 0.685927 0 0 1
v 0.427936 0.998751 0.688871 0 0 1
v 0.425969 0.997281 0.691806 0 0 1
v 0.42515 0.993743 0.693014 0 0 1
v 0.425958 0.99021 0.691786 0 0 1
v 0.42792 0.988751 0.688842 0 0 1
v 0.429887 0.99022 0.685907 0 0 1
v 0.426927 0.993771 0.682174 0 0 1
v 0.426119 0.997304 0.683402 0 0 1
v 0.424157 0.998763 0.686345 0 0 1
v 0.42219 0.997294 0.689281 0 0 1
v 0.421371 0.993756 0.690489 0 0 1
v 0.422179 0.990223 0.689261 0 0 1
v 0.424141 0.988764 0.686317 0 0 1
v 0.426108 0.990233 0.683381 0 0 1
v 0.423148 0.993784 0.679649 0 0 1
v 0.42234 0.997317 0.680877 0 0 1
v 0.420378 0.998776 0.68382 0 0 1
v 0.418411 0.997307 0.686756 0 0 1
v 0.417592 0.993769 0.687963 0 0 1
v 0.4184 0.990236 0.686736 0 0 1
v 0.420362 0.988776 0.683792 0 0 1
v 0.422329 0.990246 0.680856 0 0 1
v 0.419369 0.993797 0.677124 0 0 1
v 0.41856 0.99733 0.678351 0 0 1
v 0.416598 0.998789 0.681295 0 0 1
v 0.414632 0.99732 0.684231 0 0 1
v 0.413813 0.993782 0.685438 0 0 1
v 0.414621 0.990249 0.684211 0 0 1
v 0.416583 0.988789 0.681267 0 0 1
v 0.41855 0.990259 0.678331 0 0 1
v 0.41559 0.99381 0.674599 0 0 1
v 0.414781 0.997343 0.675826 0 0 1
v 0.412819 0.998802 0.67877 0 0 1
v 0.410853 0.997333 0.681706 0 0 1
v 0.410034 0.993795 0.682913 0 0 1
v 0.410842 0.990262 0.681686 0 0 1
v 0.412804 0.988802 0.678742 0 0 1
v 0.414771 0.990272 0.675806 0 0 1
v 0.444234 0.993705 0.696897 0 0 1
v 0.427928 0.993751 0.688856 0 0 1
v 0.446445 0.993713 0.692413 0 0 1
v 0.445803 0.997246 0.693735 0 0 1
v 0.444241 0.998705 0.69691 0 0 1
v 0.442675 0.997235 0.700077 0 0 1
v 0.442022 0.993697 0.701382 0 0 1
v 0.442664 0.990164 0.700059 0 0 1
v 0.444226 0.988705 0.696885 0 0 1
v 0.445792 0.990175 0.693717 0 0 1
v 0.442369 0.993724 0.690403 0 0 1
v 0.441726 0.997257 0.691725 0 0 1
v 0.440165 0.998716 0.6949 0 0 1
v 0.438599 0.997246 0.698067 0 0 1
v 0.437946 0.993709 0.699371 0 0 1
v 0.438588 0.990175 0.698049 0 0 1
v 0.440149 0.988716 0.694874 0 0 1
v 0.441715 0.990186 0.691707 0 0 1
v 0.438292 0.993736 0.688392 0 0 1
v 0.43765 0.997269 0.689715 0 0 1
v 0.436089 0.998728 0.692889 0 0 1
v 0.434523 0.997258 0.696057 0 0 1
v 0.433869 0.99372 0.697361 0 0 1
v 0.434512 0.990187 0.696039 0 0 1
v 0.436073 0.988728 0.692864 0 0 1
v 0.437639 0.990198 0.689697 0 0 1
v 0.434216 0.993747 0.686382 0 0 1
v 0.433574 0.99728 0.687705 0 0 1
v 0.432012 0.998739 0.690879 0 0 1
v 0.430446 0.997269 0.694046 0 0 1
v 0.429793 0.993731 0.695351 0 0 1
v 0.430435 0.990198 0.694029 0 0 1
v 0.431997 0.988739 0.690854 0 0 1
v 0.433563 0.990209 0.687687 0 0 1
v 0.43014 0.993758 0.684372 0 0 1
v 0.429497 0.997292 0.685694 0 0 1
v 0.427936 0.998751 0.688869 0 0 1
v 0.42637 0.997281 0.692036 0 0 1
v 0.425717 0.993743 0.693341 0 0 1
v 0.426359 0.990209 0.692018 0 0 1
v 0.42792 0.988751 0.688844 0 0 1
v 0.429486 0.990221 0.685677 0 0 1
v 0.461449 0.993666 0.702741 0 0 1
v 0.444234 0.993705 0.696897 0 0 1
v 0.463056 0.993674 0.698006 0 0 1
v 0.462591 0.997207 0.699401 0 0 1
v 0.461457 0.998666 0.702752 0 0 1
v 0.460318 0.997197 0.706096 0 0 1
v 0.459842 0.993659 0.707476 0 0 1
v 0.460307 0.990126 0.706081 0 0 1
v 0.461441 0.988666 0.70273 0 0 1
v 0.46258 0.990136 0.699386 0 0 1
v 0.458752 0.993684 0.696545 0 0 1
v 0.458287 0.997217 0.69794 0 0 1
v 0.457153 0.998676 0.701291 0 0 1
v 0.456014 0.997206 0.704636 0 0 1
v 0.455538 0.993668 0.706015 0 0 1
v 0.456003 0.990135 0.704621 0 0 1
v 0.457138 0.988676 0.70127 0 0 1
v 0.458276 0.990146 0.697925 0 0 1
v 0.454449 0.993693 0.695085 0 0 1
v 0.453983 0.997227 0.696479 0 0 1
v 0.452849 0.998686 0.69983 0 0 1
v 0.45171 0.997216 0.703175 0 0 1
v 0.451234 0.993678 0.704554 0 0 1
v 0.451699 0.990145 0.70316 0 0 1
v 0.452834 0.988686 0.699809 0 0 1
v 0.453972 0.990156 0.696464 0 0 1
v 0.450145 0.993703 0.693624 0 0 1
v 0.449679 0.997236 0.695018 0 0 1
v 0.448545 0.998695 0.698369 0 0 1
v 0.447406 0.997225 0.701714 0 0 1
v 0.44693 0.993688 0.703093 0 0 1
v 0.447396 0.990154 0.701699 0 0 1
v 0.44853 0.988695 0.698348 0 0 1
v 0.449669 0.990165 0.695003 0 0 1
v 0.445841 0.993713 0.692163 0 0 1
v 0.445375 0.997246 0.693557 0 0 1
v 0.444241 0.998705 0.696908 0 0 1
v 0.443102 0.997235 0.700253 0 0 1
v 0.442626 0.993697 0.701632 0 0 1
v 0.443092 0.990164 0.700238 0 0 1
v 0.444226 0.988705 0.696887 0 0 1
v 0.445365 0.990175 0.693542 0 0 1
v 0.47928 0.993636 0.706288 0 0 1
v 0.461449 0.993666 0.702741 0 0 1
v 0.480256 0.993643 0.701384 0 0 1
v 0.479975 0.997176 0.702826 0 0 1
v 0.479287 0.998636 0.706296 0 0 1
v 0.478595 0.997166 0.709761 0 0 1
v 0.478305 0.993629 0.711192 0 0 1
v 0.478585 0.990095 0.709749 0 0 1
v 0.479273 0.988636 0.706279 0 0 1
v 0.479965 0.990105 0.702814 0 0 1
v 0.475798 0.99365 0.700497 0 0 1
v 0.475517 0.997184 0.70194 0 0 1
v 0.474829 0.998643 0.70541 0 0 1
v 0.474137 0.997174 0.708875 0 0 1
v 0.473847 0.993636 0.710305 0 0 1
v 0.474128 0.990103 0.708863 0 0 1
v 0.474815 0.988643 0.705393 0 0 1
v 0.475507 0.990113 0.701928 0 0 1
v 0.47134 0.993658 0.699611 0 0 1
v 0.471059 0.997191 0.701053 0 0 1
v 0.470372 0.998651 0.704523 0 0 1
v 0.46968 0.997182 0.707988 0 0 1
v 0.469389 0.993644 0.709418 0 0 1
v 0.46967 0.990111 0.707976 0 0 1
v 0.470358 0.988651 0.704506 0 0 1
v 0.471049 0.99012 0.701041 0 0 1
v 0.466882 0.993666 0.698724 0 0 1
v 0.466601 0.997199 0.700166 0 0 1
v 0.465914 0.998659 0.703636 0 0 1
v 0.465222 0.997189 0.707101 0 0 1
v 0.464931 0.993652 0.708532 0 0 1
v 0.465212 0.990118 0.707089 0 0 1
v 0.4659 0.988659 0.703619 0 0 1
v 0.466592 0.990128 0.700154 0 0 1
v 0.462425 0.993673 0.697837 0 0 1
v 0.462144 0.997207 0.699279 0 0 1
v 0.461456 0.998666 0.70275 0 0 1
v 0.460764 0.997197 0.706215 0 0 1
v 0.460474 0.99366 0.707645 0 0 1
v 0.460754 0.990126 0.706203 0 0 1
v 0.461442 0.988666 0.702733 0 0 1
v 0.462134 0.990136 0.699268 0 0 1
v 0.497421 0.993613 0.707477 0 0 1
v 0.47928 0.993636 0.706288 0 0 1
v 0.497749 0.993619 0.702488 0 0 1
v 0.497657 0.997153 0.703953 0 0 1
v 0.497427 0.998613 0.707483 0 0 1
v 0.497194 0.997145 0.711009 0 0 1
v 0.497094 0.993607 0.712466 0 0 1
v 0.497186 0.990074 0.711001 0 0 1
v 0.497416 0.988613 0.707471 0 0 1
v 0.497649 0.990082 0.703945 0 0 1
v 0.493213 0.993625 0.70219 0 0 1
v 0.493121 0.997158 0.703656 0 0 1
v 0.492892 0.998619 0.707186 0 0 1
v 0.492659 0.99715 0.710712 0 0 1
v 0.492559 0.993613 0.712169 0 0 1
v 0.492651 0.990079 0.710703 0 0 1
v 0.49288 0.988619 0.707173 0 0 1
v 0.493113 0.990087 0.703647 0 0 1
v 0.488678 0.99363 0.701893 0 0 1
v 0.488586 0.997164 0.703359 0 0 1
v 0.488357 0.998624 0.706889 0 0 1
v 0.488124 0.997156 0.710415 0 0 1
v 0.488024 0.993619 0.711872 0 0 1
v 0.488115 0.990085 0.710406 0 0 1
v 0.488345 0.988624 0.706876 0 0 1
v 0.488578 0.990093 0.70335 0 0 1
v 0.484142 0.993636 0.701596 0 0 1
v 0.484051 0.99717 0.703062 0 0 1
v 0.483821 0.99863 0.706591 0 0 1
v 0.483588 0.997161 0.710117 0 0 1
v 0.483488 0.993624 0.711574 0 0 1
v 0.48358 0.99009 0.710109 0 0 1
v 0.48381 0.98863 0.706579 0 0 1
v 0.484043 0.990099 0.703053 0 0 1
v 0.479607 0.993641 0.701299 0 0 1
v 0.479515 0.997175 0.702764 0 0 1
v 0.479286 0.998636 0.706294 0 0 1
v 0.479053 0.997167 0.70982 0 0 1
v 0.478953 0.99363 0.711277 0 0 1
v 0.479045 0.990096 0.709811 0 0 1
v 0.479274 0.988636 0.706282 0 0 1
v 0.479507 0.990104 0.702756 0 0 1
v 0.536621 0.993103 0.836872 0 0 1
v 0.500733 0.99313 0.839224 0 0 1
v 0.536294 0.993107 0.831883 0 0 1
v 0.536393 0.996641 0.833347 0 0 1
v 0.536626 0.998103 0.836876 0 0 1
v 0.536856 0.996636 0.840403 0 0 1
v 0.536948 0.993099 0.841862 0 0 1
v 0.53685 0.989565 0.840398 0 0 1
v 0.536617 0.988103 0.836868 0 0 1
v 0.536387 0.98957 0.833342 0 0 1
v 0.527322 0.993114 0.832471 0 0 1
v 0.527421 0.996648 0.833935 0 0 1
v 0.527653 0.99811 0.837464 0 0 1
v 0.527883 0.996643 0.840991 0 0 1
v 0.527976 0.993106 0.84245 0 0 1
v 0.527878 0.989572 0.840986 0 0 1
v 0.527645 0.98811 0.837457 0 0 1
v 0.527415 0.989577 0.83393 0 0 1
v 0.51835 0.993121 0.833059 0 0 1
v 0.518449 0.996655 0.834523 0 0 1
v 0.518681 0.998117 0.838052 0 0 1
v 0.518911 0.996649 0.841579 0 0 1
v 0.519004 0.993113 0.843038 0 0 1
v 0.518906 0.989578 0.841574 0 0 1
v 0.518673 0.988117 0.838045 0 0 1
v 0.518443 0.989584 0.834518 0 0 1
v 0.509378 0.993128 0.833647 0 0 1
v 0.509477 0.996662 0.835111 0 0 1
v 0.509709 0.998124 0.83864 0 0 1
v 0.509939 0.996656 0.842167 0 0 1
v 0.510032 0.99312 0.843626 0 0 1
v 0.509933 0.989585 0.842162 0 0 1
v 0.509701 0.988124 0.838633 0 0 1
v 0.509471 0.989591 0.835106 0 0 1
v 0.500406 0.993135 0.834235 0 0 1
v 0.500505 0.996669 0.835699 0 0 1
v 0.500737 0.99813 0.839228 0 0 1
v 0.500967 0.996663 0.842755 0 0 1
v 0.50106 0.993126 0.844214 0 0 1
v 0.500961 0.989592 0.84275 0 0 1
v 0.500729 0.98813 0.839221 0 0 1
v 0.500499 0.989598 0.835694 0 0 1
v 0.571896 0.993093 0.829856 0 0 1
v 0.536621 0.993103 0.836872 0 0 1
v 0.570921 0.993095 0.824952 0 0 1
v 0.571207 0.99663 0.826389 0 0 1
v 0.571898 0.998093 0.829857 0 0 1
v 0.572587 0.996628 0.833324 0 0 1
v 0.572871 0.993092 0.83476 0 0 1
v 0.572585 0.989557 0.833322 0 0 1
v 0.571894 0.988093 0.829854 0 0 1
v 0.571205 0.989559 0.826387 0 0 1
v 0.562102 0.993097 0.826706 0 0 1
v 0.562389 0.996632 0.828143 0 0 1
v 0.563079 0.998096 0.831611 0 0 1
v 0.563768 0.99663 0.835078 0 0 1
v 0.564053 0.993094 0.836514 0 0 1
v 0.563766 0.989559 0.835077 0 0 1
v 0.563076 0.988096 0.831609 0 0 1
v 0.562386 0.989561 0.828141 0 0 1
v 0.553283 0.9931 0.82846 0 0 1
v 0.55357 0.996635 0.829897 0 0 1
v 0.55426 0.998098 0.833365 0 0 1
v 0.55495 0.996633 0.836833 0 0 1
v 0.555234 0.993097 0.838268 0 0 1
v 0.554947 0.989561 0.836831 0 0 1
v 0.554257 0.988098 0.833363 0 0 1
v 0.553568 0.989564 0.829895 0 0 1
v 0.544465 0.993102 0.830214 0 0 1
v 0.544752 0.996637 0.831651 0 0 1
v 0.545442 0.998101 0.835119 0 0 1
v 0.546131 0.996635 0.838587 0 0 1
v 0.546416 0.993099 0.840022 0 0 1
v 0.546129 0.989564 0.838585 0 0 1
v 0.545438 0.988101 0.835117 0 0 1
v 0.544749 0.989566 0.83165 0 0 1
v 0.535646 0.993105 0.831968 0 0 1
v 0.535933 0.99664 0.833406 0 0 1
v 0.536623 0.998103 0.836874 0 0 1
v 0.537312 0.996637 0.840341 0 0 1
v 0.537597 0.993101 0.841776 0 0 1
v 0.53731 0.989566 0.840339 0 0 1
v 0.53662 0.988103 0.836871 0 0 1
v 0.535931 0.989569 0.833404 0 0 1
v 0.605953 0.993101 0.818295 0 0 1
v 0.571896 0.993093 0.829856 0 0 1
v 0.604346 0.9931 0.81356 0 0 1
v 0.604815 0.996636 0.814946 0 0 1
v 0.605951 0.998101 0.818294 0 0 1
v 0.607088 0.996638 0.821642 0 0 1
v 0.60756 0.993103 0.82303 0 0 1
v 0.60709 0.989567 0.821644 0 0 1
v 0.605954 0.988101 0.818296 0 0 1
v 0.604817 0.989565 0.814948 0 0 1
v 0.595831 0.993098 0.816451 0 0 1
v 0.596301 0.996634 0.817837 0 0 1
v 0.597437 0.998099 0.821184 0 0 1
v 0.598574 0.996636 0.824532 0 0 1
v 0.599046 0.993101 0.82592 0 0 1
v 0.598576 0.989565 0.824534 0 0 1
v 0.59744 0.988099 0.821186 0 0 1
v 0.596303 0.989563 0.817838 0 0 1
v 0.587317 0.993096 0.819341 0 0 1
v 0.587787 0.996632 0.820727 0 0 1
v 0.588923 0.998097 0.824074 0 0 1
v 0.59006 0.996634 0.827423 0 0 1
v 0.590532 0.993099 0.82881 0 0 1
v 0.590062 0.989563 0.827424 0 0 1
v 0.588926 0.988097 0.824077 0 0 1
v 0.587789 0.989561 0.820728 0 0 1
v 0.578803 0.993094 0.822231 0 0 1
v 0.579273 0.99663 0.823617 0 0 1
v 0.580409 0.998095 0.826964 0 0 1
v 0.581546 0.996632 0.830313 0 0 1
v 0.582017 0.993097 0.8317 0 0 1
v 0.581548 0.989561 0.830314 0 0 1
v 0.580412 0.988095 0.826967 0 0 1
v 0.579275 0.989559 0.823618 0 0 1
v 0.570289 0.993092 0.825121 0 0 1
v 0.570758 0.996628 0.826507 0 0 1
v 0.571894 0.998093 0.829855 0 0 1
v 0.573031 0.99663 0.833203 0 0 1
v 0.573503 0.993095 0.83459 0 0 1
v 0.573034 0.989559 0.833204 0 0 1
v 0.571898 0.988093 0.829857 0 0 1
v 0.570761 0.989557 0.826509 0 0 1
v 0.638209 0.993127 0.802388 0 0 1
v 0.605953 0.993101 0.818295 0 0 1
v 0.635998 0.993121 0.797904 0 0 1
v 0.636642 0.996658 0.799215 0 0 1
v 0.638204 0.998127 0.802385 0 0 1
v 0.639769 0.996666 0.805556 0 0 1
v 0.640421 0.993133 0.806872 0 0 1
v 0.639777 0.989595 0.805562 0 0 1
v 0.638215 0.988127 0.802392 0 0 1
v 0.63665 0.989587 0.79922 0 0 1
v 0.627934 0.993115 0.80188 0 0 1
v 0.628577 0.996652 0.803191 0 0 1
v 0.63014 0.99812 0.806361 0 0 1
v 0.631705 0.99666 0.809533 0 0 1
v 0.632357 0.993126 0.810849 0 0 1
v 0.631713 0.989589 0.809538 0 0 1
v 0.630151 0.98812 0.806368 0 0 1
v 0.628586 0.989581 0.803196 0 0 1
v 0.61987 0.993108 0.805857 0 0 1
v 0.620513 0.996646 0.807168 0 0 1
v 0.622075 0.998114 0.810338 0 0 1
v 0.623641 0.996654 0.81351 0 0 1
v 0.624293 0.99312 0.814826 0 0 1
v 0.623649 0.989583 0.813515 0 0 1
v 0.622087 0.988114 0.810345 0 0 1
v 0.620521 0.989575 0.807173 0 0 1
v 0.611806 0.993102 0.809834 0 0 1
v 0.612449 0.996639 0.811145 0 0 1
v 0.614011 0.998108 0.814315 0 0 1
v 0.615577 0.996647 0.817487 0 0 1
v 0.616228 0.993113 0.818803 0 0 1
v 0.615585 0.989576 0.817492 0 0 1
v 0.614023 0.988108 0.814322 0 0 1
v 0.612457 0.989568 0.81115 0 0 1
v 0.603741 0.993096 0.813811 0 0 1
v 0.604385 0.996633 0.815122 0 0 1
v 0.605947 0.998101 0.818292 0 0 1
v 0.607512 0.996641 0.821464 0 0 1
v 0.608164 0.993107 0.822779 0 0 1
v 0.607521 0.98957 0.821469 0 0 1
v 0.605959 0.988101 0.818299 0 0 1
v 0.604393 0.989562 0.815127 0 0 1
v 0.668114 0.99317 0.782407 0 0 1
v 0.638209 0.993127 0.802388 0 0 1
v 0.665336 0.993159 0.778249 0 0 1
v 0.666142 0.996697 0.779463 0 0 1
v 0.668103 0.99817 0.782401 0 0 1
v 0.67007 0.996713 0.785342 0 0 1
v 0.670891 0.993181 0.786564 0 0 1
v 0.670086 0.989642 0.785351 0 0 1
v 0.668125 0.98817 0.782413 0 0 1
v 0.666157 0.989626 0.779471 0 0 1
v 0.65786 0.993148 0.783245 0 0 1
v 0.658666 0.996687 0.784458 0 0 1
v 0.660626 0.998159 0.787396 0 0 1
v 0.662594 0.996702 0.790338 0 0 1
v 0.663415 0.99317 0.791559 0 0 1
v 0.66261 0.989631 0.790346 0 0 1
v 0.660649 0.988159 0.787408 0 0 1
v 0.658681 0.989616 0.784467 0 0 1
v 0.650384 0.993137 0.78824 0 0 1
v 0.651189 0.996676 0.789454 0 0 1
v 0.65315 0.998148 0.792392 0 0 1
v 0.655118 0.996692 0.795333 0 0 1
v 0.655939 0.993159 0.796555 0 0 1
v 0.655134 0.989621 0.795341 0 0 1
v 0.653173 0.988148 0.792403 0 0 1
v 0.651205 0.989605 0.789462 0 0 1
v 0.642908 0.993126 0.793235 0 0 1
v 0.643713 0.996665 0.794449 0 0 1
v 0.645674 0.998138 0.797387 0 0 1
v 0.647642 0.996681 0.800328 0 0 1
v 0.648463 0.993149 0.80155 0 0 1
v 0.647658 0.98961 0.800337 0 0 1
v 0.645697 0.988138 0.797399 0 0 1
v 0.643729 0.989594 0.794457 0 0 1
v 0.635432 0.993116 0.798231 0 0 1
v 0.636237 0.996655 0.799444 0 0 1
v 0.638198 0.998127 0.802382 0 0 1
v 0.640166 0.99667 0.805324 0 0 1
v 0.640987 0.993138 0.806545 0 0 1
v 0.640181 0.989599 0.805332 0 0 1
v 0.63822 0.988127 0.802394 0 0 1
v 0.636253 0.989583 0.799453 0 0 1
v 0.695154 0.993229 0.758693 0 0 1
v 0.668114 0.99317 0.782407 0 0 1
v 0.691857 0.993211 0.754934 0 0 1
v 0.69281 0.996752 0.756029 0 0 1
v 0.695136 0.998229 0.758685 0 0 1
v 0.697472 0.996777 0.761346 0 0 1
v 0.698451 0.993247 0.762452 0 0 1
v 0.697498 0.989706 0.761357 0 0 1
v 0.695172 0.988229 0.758701 0 0 1
v 0.692836 0.989681 0.756041 0 0 1
v 0.685097 0.993196 0.760862 0 0 1
v 0.68605 0.996737 0.761958 0 0 1
v 0.688376 0.998214 0.764613 0 0 1
v 0.690712 0.996762 0.767274 0 0 1
v 0.691691 0.993232 0.768381 0 0 1
v 0.690738 0.989691 0.767286 0 0 1
v 0.688412 0.988214 0.76463 0 0 1
v 0.686076 0.989666 0.761969 0 0 1
v 0.678337 0.993181 0.766791 0 0 1
v 0.67929 0.996722 0.767886 0 0 1
v 0.681616 0.998199 0.770542 0 0 1
v 0.683952 0.996748 0.773202 0 0 1
v 0.684931 0.993217 0.774309 0 0 1
v 0.683978 0.989677 0.773214 0 0 1
v 0.681652 0.988199 0.770558 0 0 1
v 0.679316 0.989651 0.767898 0 0 1
v 0.671577 0.993166 0.772719 0 0 1
v 0.67253 0.996707 0.773814 0 0 1
v 0.674856 0.998184 0.77647 0 0 1
v 0.677192 0.996733 0.779131 0 0 1
v 0.67817 0.993203 0.780238 0 0 1
v 0.677218 0.989662 0.779142 0 0 1
v 0.674892 0.988184 0.776487 0 0 1
v 0.672556 0.989636 0.773826 0 0 1
v 0.664817 0.993151 0.778648 0 0 1
v 0.66577 0.996692 0.779743 0 0 1
v 0.668095 0.99817 0.782399 0 0 1
v 0.670432 0.996718 0.785059 0 0 1
v 0.67141 0.993188 0.786166 0 0 1
v 0.670458 0.989647 0.785071 0 0 1
v 0.668132 0.98817 0.782415 0 0 1
v 0.665795 0.989621 0.779754 0 0 1
v 0.718868 0.993304 0.731653 0 0 1
v 0.695154 0.993229 0.758693 0 0 1
v 0.715109 0.993276 0.728356 0 0 1
v 0.71619 0.99682 0.729315 0 0 1
v 0.71884 0.998303 0.731643 0 0 1
v 0.721506 0.996859 0.733977 0 0 1
v 0.722627 0.993331 0.73495 0 0 1
v 0.721545 0.989788 0.733992 0 0 1
v 0.718895 0.988304 0.731664 0 0 1
v 0.716229 0.989749 0.729329 0 0 1
v 0.70918 0.993257 0.735116 0 0 1
v 0.710262 0.996801 0.736075 0 0 1
v 0.712912 0.998285 0.738403 0 0 1
v 0.715578 0.99684 0.740737 0 0 1
v 0.716698 0.993312 0.74171 0 0 1
v 0.715617 0.989769 0.740752 0 0 1
v 0.712967 0.988285 0.738424 0 0 1
v 0.710301 0.98973 0.736089 0 0 1
v 0.703252 0.993239 0.741876 0 0 1
v 0.704333 0.996782 0.742835 0 0 1
v 0.706983 0.998266 0.745163 0 0 1
v 0.70965 0.996821 0.747497 0 0 1
v 0.71077 0.993294 0.74847 0 0 1
v 0.709689 0.98975 0.747512 0 0 1
v 0.707039 0.988266 0.745184 0 0 1
v 0.704372 0.989711 0.742849 0 0 1
v 0.697323 0.99322 0.748636 0 0 1
v 0.698405 0.996764 0.749595 0 0 1
v 0.701055 0.998247 0.751923 0 0 1
v 0.703721 0.996803 0.754257 0 0 1
v 0.704842 0.993275 0.75523 0 0 1
v 0.70376 0.989732 0.754272 0 0 1
v 0.70111 0.988248 0.751944 0 0 1
v 0.698444 0.989693 0.749609 0 0 1
v 0.691395 0.993201 0.755397 0 0 1
v 0.692476 0.996745 0.756355 0 0 1
v 0.695126 0.998229 0.758683 0 0 1
v 0.697793 0.996784 0.761017 0 0 1
v 0.698913 0.993256 0.76199 0 0 1
v 0.697832 0.989713 0.761032 0 0 1
v 0.695182 0.988229 0.758704 0 0 1
v 0.692515 0.989674 0.756369 0 0 1
v 0.738849 0.993392 0.701749 0 0 1
v 0.718868 0.993304 0.731653 0 0 1
v 0.734692 0.993352 0.698971 0 0 1
v 0.735881 0.996899 0.699776 0 0 1
v 0.738809 0.998392 0.701737 0 0 1
v 0.74176 0.996957 0.703705 0 0 1
v 0.743006 0.993433 0.704527 0 0 1
v 0.741818 0.989886 0.703722 0 0 1
v 0.73889 0.988393 0.701761 0 0 1
v 0.735939 0.989828 0.699794 0 0 1
v 0.729697 0.993329 0.706447 0 0 1
v 0.730886 0.996877 0.707252 0 0 1
v 0.733813 0.99837 0.709213 0 0 1
v 0.736765 0.996934 0.711181 0 0 1
v 0.738011 0.993411 0.712003 0 0 1
v 0.736822 0.989864 0.711198 0 0 1
v 0.733895 0.98837 0.709237 0 0 1
v 0.730943 0.989806 0.70727 0 0 1
v 0.724701 0.993307 0.713923 0 0 1
v 0.72589 0.996855 0.714728 0 0 1
v 0.728818 0.998348 0.716689 0 0 1
v 0.731769 0.996912 0.718657 0 0 1
v 0.733016 0.993389 0.719479 0 0 1
v 0.731827 0.989841 0.718674 0 0 1
v 0.728899 0.988348 0.716713 0 0 1
v 0.725948 0.989784 0.714746 0 0 1
v 0.719706 0.993285 0.721399 0 0 1
v 0.720895 0.996832 0.722204 0 0 1
v 0.723823 0.998326 0.724165 0 0 1
v 0.726774 0.99689 0.726133 0 0 1
v 0.72802 0.993366 0.726955 0 0 1
v 0.726832 0.989819 0.72615 0 0 1
v 0.723904 0.988326 0.724189 0 0 1
v 0.720952 0.989762 0.722222 0 0 1
v 0.714711 0.993263 0.728875 0 0 1
v 0.7159 0.99681 0.72968 0 0 1
v 0.718827 0.998303 0.731641 0 0 1
v 0.721779 0.996868 0.733609 0 0 1
v 0.723025 0.993344 0.734431 0 0 1
v 0.721836 0.989797 0.733626 0 0 1
v 0.718909 0.988304 0.731665 0 0 1
v 0.715957 0.989739 0.729698 0 0 1
v 0.754757 0.993494 0.669493 0 0 1
v 0.738849 0.993392 0.701749 0 0 1
v 0.750273 0.993433 0.667281 0 0 1
v 0.751543 0.996986 0.667919 0 0 1
v 0.754696 0.998493 0.669479 0 0 1
v 0.757884 0.997072 0.671047 0 0 1
v 0.759241 0.993554 0.671704 0 0 1
v 0.75797 0.990001 0.671067 0 0 1
v 0.754817 0.988494 0.669507 0 0 1
v 0.751629 0.989916 0.667939 0 0 1
v 0.746296 0.993408 0.675345 0 0 1
v 0.747566 0.996961 0.675983 0 0 1
v 0.750719 0.998468 0.677543 0 0 1
v 0.753908 0.997046 0.679111 0 0 1
v 0.755264 0.993529 0.679768 0 0 1
v 0.753993 0.989976 0.679131 0 0 1
v 0.75084 0.988469 0.677571 0 0 1
v 0.747652 0.98989 0.676003 0 0 1
v 0.742319 0.993383 0.683409 0 0 1
v 0.74359 0.996936 0.684047 0 0 1
v 0.746742 0.998443 0.685607 0 0 1
v 0.749931 0.997021 0.687175 0 0 1
v 0.751287 0.993504 0.687832 0 0 1
v 0.750016 0.989951 0.687195 0 0 1
v 0.746863 0.988443 0.685635 0 0 1
v 0.743675 0.989865 0.684067 0 0 1
v 0.738342 0.993357 0.691474 0 0 1
v 0.739613 0.99691 0.692111 0 0 1
v 0.742766 0.998417 0.693671 0 0 1
v 0.745954 0.996996 0.695239 0 0 1
v 0.74731 0.993478 0.695896 0 0 1
v 0.74604 0.989925 0.695259 0 0 1
v 0.742887 0.988418 0.693699 0 0 1
v 0.739698 0.98984 0.692131 0 0 1
v 0.734365 0.993332 0.699538 0 0 1
v 0.735636 0.996885 0.700175 0 0 1
v 0.738789 0.998392 0.701735 0 0 1
v 0.741977 0.99697 0.703303 0 0 1
v 0.743333 0.993453 0.703961 0 0 1
v 0.742063 0.9899 0.703323 0 0 1
v 0.73891 0.988393 0.701763 0 0 1
v 0.735721 0.989814 0.700195 0 0 1
v 0.766317 0.993606 0.635436 0 0 1
v 0.754757 0.993494 0.669493 0 0 1
v 0.761584 0.993512 0.633829 0 0 1
v 0.762903 0.997074 0.634289 0 0 1
v 0.766223 0.998605 0.635421 0 0 1
v 0.769598 0.997208 0.636562 0 0 1
v 0.771051 0.993701 0.637043 0 0 1
v 0.769732 0.990138 0.636584 0 0 1
v 0.766412 0.988607 0.635452 0 0 1
v 0.763037 0.990004 0.634311 0 0 1
v 0.758694 0.993483 0.642343 0 0 1
v 0.760013 0.997046 0.642803 0 0 1
v 0.763333 0.998577 0.643935 0 0 1
v 0.766708 0.99718 0.645076 0 0 1
v 0.768161 0.993673 0.645558 0 0 1
v 0.766841 0.99011 0.645098 0 0 1
v 0.763522 0.988579 0.643966 0 0 1
v 0.760147 0.989976 0.642825 0 0 1
v 0.755803 0.993455 0.650857 0 0 1
v 0.757123 0.997018 0.651317 0 0 1
v 0.760442 0.998549 0.652449 0 0 1
v 0.763817 0.997152 0.65359 0 0 1
v 0.765271 0.993645 0.654072 0 0 1
v 0.763951 0.990082 0.653612 0 0 1
v 0.760632 0.988551 0.65248 0 0 1
v 0.757257 0.989948 0.651339 0 0 1
v 0.752913 0.993427 0.659371 0 0 1
v 0.754233 0.99699 0.659831 0 0 1
v 0.757552 0.998521 0.660963 0 0 1
v 0.760927 0.997124 0.662104 0 0 1
v 0.76238 0.993616 0.662586 0 0 1
v 0.761061 0.990054 0.662126 0 0 1
v 0.757741 0.988523 0.660994 0 0 1
v 0.754366 0.98992 0.659853 0 0 1
v 0.750023 0.993399 0.667886 0 0 1
v 0.751342 0.996962 0.668345 0 0 1
v 0.754662 0.998493 0.669477 0 0 1
v 0.758037 0.997096 0.670618 0 0 1
v 0.75949 0.993588 0.6711 0 0 1
v 0.758171 0.990026 0.67064 0 0 1
v 0.754851 0.988495 0.669508 0 0 1
v 0.751476 0.989892 0.668367 0 0 1
v 0.773334 0.993727 0.600162 0 0 1
v 0.766317 0.993606 0.635436 0 0 1
v 0.768433 0.993556 0.599186 0 0 1
v 0.769748 0.99714 0.59946 0 0 1
v 0.773163 0.998725 0.600145 0 0 1
v 0.776679 0.997382 0.60084 0 0 1
v 0.778235 0.993899 0.601137 0 0 1
v 0.776921 0.990315 0.600864 0 0 1
v 0.773505 0.98873 0.600179 0 0 1
v 0.76999 0.990073 0.599484 0 0 1
v 0.766679 0.993526 0.608005 0 0 1
v 0.767993 0.99711 0.608279 0 0 1
v 0.771409 0.998694 0.608964 0 0 1
v 0.774924 0.997352 0.609658 0 0 1
v 0.776481 0.993868 0.609956 0 0 1
v 0.775166 0.990285 0.609682 0 0 1
v 0.771751 0.9887 0.608997 0 0 1
v 0.768236 0.990043 0.608303 0 0 1
v 0.764925 0.993496 0.616824 0 0 1
v 0.766239 0.997079 0.617097 0 0 1
v 0.769655 0.998664 0.617782 0 0 1
v 0.77317 0.997321 0.618477 0 0 1
v 0.774727 0.993838 0.618775 0 0 1
v 0.773412 0.990254 0.618501 0 0 1
v 0.769997 0.98867 0.617816 0 0 1
v 0.766481 0.990012 0.617121 0 0 1
v 0.763171 0.993465 0.625642 0 0 1
v 0.764485 0.997049 0.625916 0 0 1
v 0.7679 0.998634 0.626601 0 0 1
v 0.771416 0.997291 0.627295 0 0 1
v 0.772973 0.993808 0.627593 0 0 1
v 0.771658 0.990224 0.627319 0 0 1
v 0.768243 0.988639 0.626635 0 0 1
v 0.764727 0.989982 0.62594 0 0 1
v 0.761417 0.993435 0.634461 0 0 1
v 0.762731 0.997019 0.634735 0 0 1
v 0.766146 0.998603 0.635419 0 0 1
v 0.769662 0.997261 0.636114 0 0 1
v 0.771218 0.993777 0.636412 0 0 1
v 0.769904 0.990194 0.636138 0 0 1
v 0.766489 0.988609 0.635453 0 0 1
v 0.762973 0.989952 0.634758 0 0 1
v 0.775686 0.993856 0.564274 0 0 1
v 0.773334 0.993727 0.600162 0 0 1
v 0.770727 0.993313 0.563947 0 0 1
v 0.771796 0.996986 0.56403 0 0 1
v 0.775144 0.998826 0.564256 0 0 1
v 0.77881 0.997754 0.564492 0 0 1
v 0.780646 0.994399 0.564601 0 0 1
v 0.779577 0.990725 0.564518 0 0 1
v 0.776229 0.988885 0.564292 0 0 1
v 0.772563 0.989957 0.564055 0 0 1
v 0.770139 0.993281 0.572919 0 0 1
v 0.771207 0.996954 0.573002 0 0 1
v 0.774555 0.998794 0.573228 0 0 1
v 0.778221 0.997722 0.573464 0 0 1
v 0.780058 0.994367 0.573573 0 0 1
v 0.778989 0.990693 0.57349 0 0 1
v 0.775641 0.988853 0.573264 0 0 1
v 0.771975 0.989925 0.573027 0 0 1
v 0.769551 0.993249 0.581891 0 0 1
v 0.770619 0.996922 0.581974 0 0 1
v 0.773967 0.998762 0.5822 0 0 1
v 0.777633 0.99769 0.582436 0 0 1
v 0.77947 0.994335 0.582545 0 0 1
v 0.778401 0.990661 0.582462 0 0 1
v 0.775053 0.988821 0.582236 0 0 1
v 0.771387 0.989893 0.581999 0 0 1
v 0.768963 0.993217 0.590863 0 0 1
v 0.770031 0.99689 0.590946 0 0 1
v 0.773379 0.99873 0.591172 0 0 1
v 0.777045 0.997658 0.591409 0 0 1
v 0.778882 0.994302 0.591517 0 0 1
v 0.777813 0.990629 0.591434 0 0 1
v 0.774465 0.988789 0.591208 0 0 1
v 0.770799 0.989861 0.590971 0 0 1
v 0.768374 0.993185 0.599835 0 0 1
v 0.769443 0.996858 0.599918 0 0 1
v 0.772791 0.998698 0.600144 0 0 1
v 0.776457 0.997626 0.600381 0 0 1
v 0.778294 0.99427 0.600489 0 0 1
v 0.777225 0.990597 0.600406 0 0 1
v 0.773877 0.988757 0.60018 0 0 1
v 0.770211 0.989829 0.599943 0 0 1
v 0.773334 0.993989 0.528385 0 0 1
v 0.775686 0.993856 0.564274 0 0 1
v 0.768377 0.994552 0.528712 0 0 1
v 0.770227 0.9979 0.528604 0 0 1
v 0.773897 0.998957 0.528367 0 0 1
v 0.777238 0.997104 0.528141 0 0 1
v 0.778292 0.993426 0.528058 0 0 1
v 0.776442 0.990078 0.528167 0 0 1
v 0.772772 0.98902 0.528404 0 0 1
v 0.769431 0.990874 0.52863 0 0 1
v 0.768965 0.994518 0.537684 0 0 1
v 0.770815 0.997866 0.537576 0 0 1
v 0.774485 0.998924 0.537339 0 0 1
v 0.777826 0.997071 0.537113 0 0 1
v 0.77888 0.993393 0.53703 0 0 1
v 0.77703 0.990044 0.537139 0 0 1
v 0.77336 0.988987 0.537376 0 0 1
v 0.770019 0.99084 0.537602 0 0 1
v 0.769553 0.994485 0.546657 0 0 1
v 0.771403 0.997833 0.546548 0 0 1
v 0.775073 0.99889 0.546311 0 0 1
v 0.778414 0.997037 0.546085 0 0 1
v 0.779468 0.993359 0.546003 0 0 1
v 0.777618 0.990011 0.546111 0 0 1
v 0.773948 0.988954 0.546348 0 0 1
v 0.770607 0.990807 0.546574 0 0 1
v 0.770141 0.994452 0.555629 0 0 1
v 0.771991 0.9978 0.55552 0 0 1
v 0.775661 0.998857 0.555283 0 0 1
v 0.779002 0.997004 0.555057 0 0 1
v 0.780056 0.993326 0.554975 0 0 1
v 0.778206 0.989978 0.555083 0 0 1
v 0.774536 0.988921 0.55532 0 0 1
v 0.771195 0.990774 0.555546 0 0 1
v 0.770729 0.994419 0.564601 0 0 1
v 0.772579 0.997767 0.564492 0 0 1
v 0.776249 0.998824 0.564255 0 0 1
v 0.77959 0.996971 0.564029 0 0 1
v 0.780644 0.993293 0.563947 0 0 1
v 0.778794 0.989945 0.564056 0 0 1
v 0.775124 0.988888 0.564292 0 0 1
v 0.771783 0.990741 0.564518 0 0 1
v 0.766318 0.994124 0.493111 0 0 1
v 0.773334 0.993989 0.528385 0 0 1
v 0.761418 0.994315 0.494087 0 0 1
v 0.762988 0.997792 0.493788 0 0 1
v 0.766509 0.99912 0.493092 0 0 1
v 0.769918 0.997522 0.492408 0 0 1
v 0.771218 0.993933 0.492136 0 0 1
v 0.769648 0.990456 0.492435 0 0 1
v 0.766127 0.989128 0.49313 0 0 1
v 0.762718 0.990726 0.493814 0 0 1
v 0.763172 0.994281 0.502905 0 0 1
v 0.764742 0.997758 0.502606 0 0 1
v 0.768263 0.999087 0.501911 0 0 1
v 0.771672 0.997488 0.501227 0 0 1
v 0.772972 0.993899 0.500954 0 0 1
v 0.771402 0.990422 0.501253 0 0 1
v 0.767881 0.989094 0.501949 0 0 1
v 0.764472 0.990692 0.502633 0 0 1
v 0.764926 0.994247 0.511724 0 0 1
v 0.766496 0.997724 0.511425 0 0 1
v 0.770017 0.999053 0.510729 0 0 1
v 0.773426 0.997454 0.510045 0 0 1
v 0.774726 0.993865 0.509773 0 0 1
v 0.773156 0.990388 0.510072 0 0 1
v 0.769635 0.98906 0.510767 0 0 1
v 0.766226 0.990659 0.511451 0 0 1
v 0.76668 0.994214 0.520542 0 0 1
v 0.76825 0.997691 0.520243 0 0 1
v 0.771771 0.999019 0.519548 0 0 1
v 0.77518 0.99742 0.518864 0 0 1
v 0.77648 0.993831 0.518591 0 0 1
v 0.77491 0.990355 0.51889 0 0 1
v 0.771389 0.989026 0.519586 0 0 1
v 0.76798 0.990625 0.52027 0 0 1
v 0.768434 0.99418 0.529361 0 0 1
v 0.770004 0.997657 0.529062 0 0 1
v 0.773525 0.998985 0.528367 0 0 1
v 0.776934 0.997387 0.527682 0 0 1
v 0.778235 0.993798 0.52741 0 0 1
v 0.776664 0.990321 0.527709 0 0 1
v 0.773143 0.988992 0.528404 0 0 1
v 0.769734 0.990591 0.529088 0 0 1
v 0.754757 0.99426 0.459055 0 0 1
v 0.766318 0.994124 0.493111 0 0 1
v 0.750024 0.994374 0.460662 0 0 1
v 0.751491 0.997875 0.460178 0 0 1
v 0.754871 0.999258 0.459036 0 0 1
v 0.758185 0.997713 0.457905 0 0 1
v 0.759491 0.994145 0.457447 0 0 1
v 0.758024 0.990644 0.457931 0 0 1
v 0.754643 0.989261 0.459073 0 0 1
v 0.75133 0.990806 0.460204 0 0 1
v 0.752914 0.99434 0.469176 0 0 1
v 0.754381 0.997841 0.468692 0 0 1
v 0.757762 0.999224 0.46755 0 0 1
v 0.761075 0.99768 0.466419 0 0 1
v 0.762381 0.994112 0.465962 0 0 1
v 0.760914 0.99061 0.466446 0 0 1
v 0.757533 0.989227 0.467588 0 0 1
v 0.75422 0.990772 0.468718 0 0 1
v 0.755804 0.994306 0.47769 0 0 1
v 0.757271 0.997807 0.477206 0 0 1
v 0.760652 0.99919 0.476064 0 0 1
v 0.763965 0.997646 0.474933 0 0 1
v 0.765271 0.994078 0.474476 0 0 1
v 0.763804 0.990577 0.47496 0 0 1
v 0.760424 0.989193 0.476102 0 0 1
v 0.75711 0.990738 0.477233 0 0 1
v 0.758695 0.994272 0.486204 0 0 1
v 0.760162 0.997773 0.48572 0 0 1
v 0.763542 0.999157 0.484578 0 0 1
v 0.766855 0.997612 0.483447 0 0 1
v 0.768161 0.994044 0.48299 0 0 1
v 0.766694 0.990543 0.483474 0 0 1
v 0.763314 0.989159 0.484616 0 0 1
v 0.76 0.990704 0.485747 0 0 1
v 0.761585 0.994238 0.494718 0 0 1
v 0.763052 0.997739 0.494234 0 0 1
v 0.766432 0.999123 0.493092 0 0 1
v 0.769746 0.997578 0.491961 0 0 1
v 0.771051 0.99401 0.491504 0 0 1
v 0.769584 0.990509 0.491988 0 0 1
v 0.766204 0.989125 0.49313 0 0 1
v 0.76289 0.99067 0.494261 0 0 1
v 0.73885 0.994393 0.426798 0 0 1
v 0.754757 0.99426 0.459055 0 0 1
v 0.734367 0.994472 0.42901 0 0 1
v 0.735736 0.997984 0.428349 0 0 1
v 0.73893 0.999392 0.42678 0 0 1
v 0.742077 0.997872 0.425221 0 0 1
v 0.743334 0.994313 0.424587 0 0 1
v 0.741965 0.990802 0.425248 0 0 1
v 0.738771 0.989394 0.426817 0 0 1
v 0.735624 0.990914 0.428375 0 0 1
v 0.738343 0.994439 0.437074 0 0 1
v 0.739713 0.997951 0.436413 0 0 1
v 0.742907 0.999359 0.434844 0 0 1
v 0.746054 0.997838 0.433286 0 0 1
v 0.747311 0.99428 0.432651 0 0 1
v 0.745941 0.990768 0.433312 0 0 1
v 0.742748 0.98936 0.434881 0 0 1
v 0.7396 0.990881 0.436439 0 0 1
v 0.74232 0.994406 0.445138 0 0 1
v 0.74369 0.997917 0.444477 0 0 1
v 0.746883 0.999326 0.442908 0 0 1
v 0.75003 0.997805 0.44135 0 0 1
v 0.751288 0.994247 0.440715 0 0 1
v 0.749918 0.990735 0.441376 0 0 1
v 0.746724 0.989327 0.442945 0 0 1
v 0.743577 0.990847 0.444503 0 0 1
v 0.746297 0.994372 0.453202 0 0 1
v 0.747666 0.997884 0.452541 0 0 1
v 0.75086 0.999292 0.450972 0 0 1
v 0.754007 0.997772 0.449414 0 0 1
v 0.755264 0.994213 0.448779 0 0 1
v 0.753895 0.990702 0.44944 0 0 1
v 0.750701 0.989294 0.451009 0 0 1
v 0.747554 0.990814 0.452567 0 0 1
v 0.750274 0.994339 0.461266 0 0 1
v 0.751643 0.997851 0.460605 0 0 1
v 0.754837 0.999259 0.459036 0 0 1
v 0.757984 0.997738 0.457478 0 0 1
v 0.759241 0.99418 0.456843 0 0 1
v 0.757872 0.990668 0.457504 0 0 1
v 0.754678 0.98926 0.459073 0 0 1
v 0.751531 0.990781 0.460631 0 0 1
v 0.718869 0.994522 0.396894 0 0 1
v 0.73885 0.994393 0.426798 0 0 1
v 0.714712 0.994581 0.399672 0 0 1
v 0.715971 0.998099 0.398846 0 0 1
v 0.718928 0.999521 0.396876 0 0 1
v 0.72185 0.998015 0.394917 0 0 1
v 0.723026 0.994463 0.394116 0 0 1
v 0.721767 0.990945 0.394943 0 0 1
v 0.71881 0.989522 0.396912 0 0 1
v 0.715888 0.991028 0.398871 0 0 1
v 0.719707 0.994549 0.407148 0 0 1
v 0.720967 0.998066 0.406322 0 0 1
v 0.723923 0.999489 0.404352 0 0 1
v 0.726846 0.997983 0.402393 0 0 1
v 0.728021 0.99443 0.401592 0 0 1
v 0.726762 0.990912 0.402419 0 0 1
v 0.723805 0.98949 0.404388 0 0 1
v 0.720883 0.990996 0.406347 0 0 1
v 0.724703 0.994516 0.414624 0 0 1
v 0.725962 0.998034 0.413798 0 0 1
v 0.728919 0.999457 0.411828 0 0 1
v 0.731841 0.997951 0.409869 0 0 1
v 0.733017 0.994398 0.409068 0 0 1
v 0.731757 0.99088 0.409895 0 0 1
v 0.728801 0.989458 0.411864 0 0 1
v 0.725879 0.990964 0.413823 0 0 1
v 0.729698 0.994484 0.4221 0 0 1
v 0.730957 0.998002 0.421274 0 0 1
v 0.733914 0.999425 0.419304 0 0 1
v 0.736836 0.997919 0.417345 0 0 1
v 0.738012 0.994366 0.416544 0 0 1
v 0.736753 0.990848 0.417371 0 0 1
v 0.733796 0.989425 0.41934 0 0 1
v 0.730874 0.990932 0.421299 0 0 1
v 0.734693 0.994452 0.429576 0 0 1
v 0.735953 0.99797 0.42875 0 0 1
v 0.738909 0.999392 0.42678 0 0 1
v 0.741831 0.997886 0.424821 0 0 1
v 0.743007 0.994334 0.42402 0 0 1
v 0.741748 0.990816 0.424847 0 0 1
v 0.738791 0.989393 0.426816 0 0 1
v 0.735869 0.990899 0.428775 0 0 1
v 0.695155 0.994644 0.369854 0 0 1
v 0.718869 0.994522 0.396894 0 0 1
v 0.691397 0.994689 0.373151 0 0 1
v 0.692529 0.998211 0.372173 0 0 1
v 0.695201 0.999644 0.369837 0 0 1
v 0.697845 0.998147 0.367511 0 0 1
v 0.698914 0.994599 0.366557 0 0 1
v 0.697782 0.991077 0.367535 0 0 1
v 0.69511 0.989644 0.369871 0 0 1
v 0.692466 0.99114 0.372197 0 0 1
v 0.697325 0.994658 0.379911 0 0 1
v 0.698458 0.998181 0.378933 0 0 1
v 0.701129 0.999613 0.376597 0 0 1
v 0.703774 0.998117 0.374271 0 0 1
v 0.704843 0.994568 0.373317 0 0 1
v 0.70371 0.991046 0.374295 0 0 1
v 0.701039 0.989614 0.376631 0 0 1
v 0.698394 0.99111 0.378957 0 0 1
v 0.703253 0.994628 0.386671 0 0 1
v 0.704386 0.99815 0.385693 0 0 1
v 0.707057 0.999583 0.383357 0 0 1
v 0.709702 0.998086 0.381031 0 0 1
v 0.710771 0.994538 0.380077 0 0 1
v 0.709638 0.991015 0.381055 0 0 1
v 0.706967 0.989583 0.383391 0 0 1
v 0.704322 0.991079 0.385717 0 0 1
v 0.709182 0.994597 0.393431 0 0 1
v 0.710315 0.998119 0.392453 0 0 1
v 0.712986 0.999552 0.390117 0 0 1
v 0.715631 0.998056 0.387791 0 0 1
v 0.7167 0.994507 0.386837 0 0 1
v 0.715567 0.990985 0.387815 0 0 1
v 0.712896 0.989552 0.390151 0 0 1
v 0.710251 0.991049 0.392477 0 0 1
v 0.71511 0.994567 0.400191 0 0 1
v 0.716243 0.998089 0.399213 0 0 1
v 0.718914 0.999521 0.396877 0 0 1
v 0.721559 0.998025 0.394551 0 0 1
v 0.722628 0.994477 0.393598 0 0 1
v 0.721495 0.990954 0.394575 0 0 1
v 0.718824 0.989522 0.396911 0 0 1
v 0.716179 0.991018 0.399237 0 0 1
v 0.668115 0.994757 0.346141 0 0 1
v 0.695155 0.994644 0.369854 0 0 1
v 0.664819 0.994792 0.3499 0 0 1
v 0.665809 0.998317 0.348788 0 0 1
v 0.66815 0.999757 0.346125 0 0 1
v 0.670471 0.998268 0.343471 0 0 1
v 0.671412 0.994722 0.342381 0 0 1
v 0.670422 0.991197 0.343494 0 0 1
v 0.66808 0.989757 0.346156 0 0 1
v 0.66576 0.991246 0.34881 0 0 1
v 0.671579 0.994764 0.355828 0 0 1
v 0.672569 0.998289 0.354716 0 0 1
v 0.67491 0.999729 0.352053 0 0 1
v 0.677231 0.99824 0.3494 0 0 1
v 0.678172 0.994694 0.34831 0 0 1
v 0.677182 0.991169 0.349422 0 0 1
v 0.674841 0.989729 0.352085 0 0 1
v 0.67252 0.991218 0.354738 0 0 1
v 0.678339 0.994735 0.361757 0 0 1
v 0.679329 0.998261 0.360644 0 0 1
v 0.68167 0.9997 0.357982 0 0 1
v 0.683991 0.998211 0.355328 0 0 1
v 0.684932 0.994666 0.354238 0 0 1
v 0.683942 0.99114 0.35535 0 0 1
v 0.681601 0.989701 0.358013 0 0 1
v 0.67928 0.99119 0.360667 0 0 1
v 0.685099 0.994707 0.367685 0 0 1
v 0.686089 0.998232 0.366573 0 0 1
v 0.68843 0.999672 0.36391 0 0 1
v 0.690751 0.998183 0.361256 0 0 1
v 0.691692 0.994637 0.360167 0 0 1
v 0.690702 0.991112 0.361279 0 0 1
v 0.688361 0.989672 0.363941 0 0 1
v 0.68604 0.991161 0.366595 0 0 1
v 0.691859 0.994679 0.373613 0 0 1
v 0.692849 0.998204 0.372501 0 0 1
v 0.69519 0.999644 0.369838 0 0 1
v 0.697511 0.998155 0.367185 0 0 1
v 0.698452 0.994609 0.366095 0 0 1
v 0.697462 0.991084 0.367207 0 0 1
v 0.695121 0.989644 0.36987 0 0 1
v 0.6928 0.991133 0.372523 0 0 1
v 0.638211 0.99486 0.326159 0 0 1
v 0.668115 0.994757 0.346141 0 0 1
v 0.635433 0.994887 0.330317 0 0 1
v 0.636266 0.998414 0.329089 0 0 1
v 0.638238 0.99986 0.326145 0 0 1
v 0.640194 0.998376 0.32321 0 0 1
v 0.640989 0.994833 0.322002 0 0 1
v 0.640156 0.991305 0.32323 0 0 1
v 0.638184 0.98986 0.326174 0 0 1
v 0.636228 0.991343 0.329109 0 0 1
v 0.642909 0.994861 0.335312 0 0 1
v 0.643742 0.998389 0.334084 0 0 1
v 0.645714 0.999834 0.33114 0 0 1
v 0.64767 0.998351 0.328205 0 0 1
v 0.648465 0.994807 0.326997 0 0 1
v 0.647632 0.99128 0.328225 0 0 1
v 0.64566 0.989834 0.331169 0 0 1
v 0.643704 0.991318 0.334104 0 0 1
v 0.650385 0.994835 0.340307 0 0 1
v 0.651218 0.998363 0.33908 0 0 1
v 0.65319 0.999808 0.336136 0 0 1
v 0.655146 0.998325 0.3332 0 0 1
v 0.655941 0.994782 0.331993 0 0 1
v 0.655108 0.991254 0.33322 0 0 1
v 0.653136 0.989809 0.336164 0 0 1
v 0.65118 0.991292 0.3391 0 0 1
v 0.657861 0.99481 0.345303 0 0 1
v 0.658694 0.998337 0.344075 0 0 1
v 0.660666 0.999783 0.341131 0 0 1
v 0.662622 0.998299 0.338195 0 0 1
v 0.663417 0.994756 0.336988 0 0 1
v 0.662584 0.991229 0.338216 0 0 1
v 0.660613 0.989783 0.34116 0 0 1
v 0.658656 0.991266 0.344095 0 0 1
v 0.665338 0.994784 0.350298 0 0 1
v 0.66617 0.998312 0.34907 0 0 1
v 0.668142 0.999757 0.346126 0 0 1
v 0.670098 0.998274 0.343191 0 0 1
v 0.670893 0.99473 0.341983 0 0 1
v 0.670061 0.991203 0.343211 0 0 1
v 0.668089 0.989757 0.346155 0 0 1
v 0.666132 0.991241 0.34909 0 0 1
v 0.605955 0.99495 0.310252 0 0 1
v 0.638211 0.99486 0.326159 0 0 1
v 0.603743 0.99497 0.314737 0 0 1
v 0.604405 0.9985 0.313414 0 0 1
v 0.605975 0.99995 0.31024 0 0 1
v 0.607533 0.998471 0.307072 0 0 1
v 0.608166 0.99493 0.305768 0 0 1
v 0.607504 0.9914 0.30709 0 0 1
v 0.605935 0.98995 0.310265 0 0 1
v 0.604377 0.991429 0.313432 0 0 1
v 0.611807 0.994948 0.318713 0 0 1
v 0.612469 0.998477 0.317391 0 0 1
v 0.614039 0.999927 0.314216 0 0 1
v 0.615597 0.998449 0.311049 0 0 1
v 0.61623 0.994907 0.309745 0 0 1
v 0.615568 0.991378 0.311067 0 0 1
v 0.613999 0.989928 0.314242 0 0 1
v 0.612441 0.991406 0.317409 0 0 1
v 0.619872 0.994925 0.32269 0 0 1
v 0.620533 0.998455 0.321368 0 0 1
v 0.622103 0.999905 0.318193 0 0 1
v 0.623661 0.998426 0.315026 0 0 1
v 0.624294 0.994885 0.313721 0 0 1
v 0.623632 0.991355 0.315044 0 0 1
v 0.622063 0.989905 0.318218 0 0 1
v 0.620505 0.991384 0.321386 0 0 1
v 0.627936 0.994903 0.326667 0 0 1
v 0.628598 0.998432 0.325345 0 0 1
v 0.630167 0.999882 0.32217 0 0 1
v 0.631725 0.998404 0.319003 0 0 1
v 0.632358 0.994862 0.317698 0 0 1
v 0.631696 0.991333 0.31902 0 0 1
v 0.630127 0.989882 0.322195 0 0 1
v 0.628569 0.991361 0.325362 0 0 1
v 0.636 0.99488 0.330644 0 0 1
v 0.636662 0.99841 0.329321 0 0 1
v 0.638231 0.99986 0.326147 0 0 1
v 0.639789 0.998381 0.32298 0 0 1
v 0.640422 0.99484 0.321675 0 0 1
v 0.639761 0.99131 0.322997 0 0 1
v 0.638191 0.98986 0.326172 0 0 1
v 0.636633 0.991339 0.329339 0 0 1
v 0.571898 0.995026 0.298692 0 0 1
v 0.605955 0.99495 0.310252 0 0 1
v 0.570291 0.995041 0.303426 0 0 1
v 0.570772 0.998572 0.302032 0 0 1
v 0.571913 1.00003 0.298681 0 0 1
v 0.573045 0.998551 0.295336 0 0 1
v 0.573505 0.995011 0.293957 0 0 1
v 0.573024 0.99148 0.295351 0 0 1
v 0.571883 0.990026 0.298702 0 0 1
v 0.570751 0.991501 0.302047 0 0 1
v 0.578805 0.995022 0.306316 0 0 1
v 0.579286 0.998553 0.304922 0 0 1
v 0.580427 1.00001 0.301571 0 0 1
v 0.581559 0.998532 0.298226 0 0 1
v 0.582019 0.994992 0.296847 0 0 1
v 0.581538 0.991461 0.298241 0 0 1
v 0.580397 0.990007 0.301592 0 0 1
v 0.579265 0.991482 0.304937 0 0 1
v 0.587319 0.995003 0.309207 0 0 1
v 0.5878 0.998534 0.307812 0 0 1
v 0.588941 0.999988 0.304461 0 0 1
v 0.590073 0.998513 0.301117 0 0 1
v 0.590533 0.994973 0.299737 0 0 1
v 0.590052 0.991442 0.301132 0 0 1
v 0.588912 0.989988 0.304483 0 0 1
v 0.587779 0.991463 0.307827 0 0 1
v 0.595833 0.994984 0.312097 0 0 1
v 0.596314 0.998515 0.310703 0 0 1
v 0.597455 0.999969 0.307352 0 0 1
v 0.598587 0.998494 0.304007 0 0 1
v 0.599048 0.994954 0.302627 0 0 1
v 0.598566 0.991423 0.304022 0 0 1
v 0.597426 0.989969 0.307373 0 0 1
v 0.596294 0.991444 0.310717 0 0 1
v 0.604348 0.994965 0.314987 0 0 1
v 0.604829 0.998496 0.313593 0 0 1
v 0.605969 0.99995 0.310242 0 0 1
v 0.607102 0.998475 0.306897 0 0 1
v 0.607562 0.994935 0.305518 0 0 1
v 0.607081 0.991404 0.306912 0 0 1
v 0.60594 0.98995 0.310263 0 0 1
v 0.604808 0.991425 0.313608 0 0 1
v 0.536623 0.995087 0.291675 0 0 1
v 0.571898 0.995026 0.298692 0 0 1
v 0.535648 0.995097 0.296579 0 0 1
v 0.535941 0.99863 0.295137 0 0 1
v 0.536634 1.00009 0.291667 0 0 1
v 0.53732 0.998615 0.288202 0 0 1
v 0.537599 0.995077 0.286771 0 0 1
v 0.537306 0.991544 0.288214 0 0 1
v 0.536613 0.990087 0.291684 0 0 1
v 0.535926 0.991559 0.295149 0 0 1
v 0.544467 0.995082 0.298333 0 0 1
v 0.54476 0.998615 0.296891 0 0 1
v 0.545452 1.00007 0.293421 0 0 1
v 0.546139 0.9986 0.289956 0 0 1
v 0.546418 0.995062 0.288525 0 0 1
v 0.546125 0.991529 0.289968 0 0 1
v 0.545432 0.990072 0.293438 0 0 1
v 0.544745 0.991544 0.296903 0 0 1
v 0.553285 0.995067 0.300087 0 0 1
v 0.553578 0.998599 0.298645 0 0 1
v 0.554271 1.00006 0.295175 0 0 1
v 0.554958 0.998585 0.29171 0 0 1
v 0.555236 0.995046 0.290279 0 0 1
v 0.554943 0.991514 0.291722 0 0 1
v 0.55425 0.990057 0.295192 0 0 1
v 0.553564 0.991528 0.298657 0 0 1
v 0.562104 0.995052 0.301841 0 0 1
v 0.562397 0.998584 0.300399 0 0 1
v 0.56309 1.00004 0.296929 0 0 1
v 0.563776 0.99857 0.293464 0 0 1
v 0.564055 0.995031 0.292034 0 0 1
v 0.563762 0.991499 0.293476 0 0 1
v 0.563069 0.990041 0.296946 0 0 1
v 0.562382 0.991513 0.300411 0 0 1
v 0.570922 0.995036 0.303596 0 0 1
v 0.571215 0.998569 0.302153 0 0 1
v 0.571908 1.00003 0.298683 0 0 1
v 0.572595 0.998554 0.295218 0 0 1
v 0.572873 0.995016 0.293788 0 0 1
v 0.57258 0.991483 0.29523 0 0 1
v 0.571888 0.990026 0.2987 0 0 1
v 0.571201 0.991498 0.302165 0 0 1
v 0.500735 0.995132 0.289323 0 0 1
v 0.536623 0.995087 0.291675 0 0 1
v 0.500408 0.995138 0.294312 0 0 1
v 0.500508 0.998672 0.292846 0 0 1
v 0.500742 1.00013 0.289317 0 0 1
v 0.500971 0.998662 0.285791 0 0 1
v 0.501062 0.995125 0.284334 0 0 1
v 0.500962 0.991591 0.285799 0 0 1
v 0.500728 0.990132 0.289329 0 0 1
v 0.500499 0.991601 0.292855 0 0 1
v 0.50938 0.995127 0.2949 0 0 1
v 0.509481 0.998661 0.293435 0 0 1
v 0.509714 1.00012 0.289905 0 0 1
v 0.509943 0.998651 0.286379 0 0 1
v 0.510034 0.995114 0.284922 0 0 1
v 0.509934 0.99158 0.286387 0 0 1
v 0.509701 0.99012 0.289917 0 0 1
v 0.509471 0.99159 0.293443 0 0 1
v 0.518352 0.995116 0.295488 0 0 1
v 0.518453 0.998649 0.294023 0 0 1
v 0.518686 1.00011 0.290493 0 0 1
v 0.518915 0.99864 0.286967 0 0 1
v 0.519006 0.995103 0.28551 0 0 1
v 0.518906 0.991569 0.286975 0 0 1
v 0.518673 0.990109 0.290505 0 0 1
v 0.518443 0.991578 0.294031 0 0 1
v 0.527324 0.995105 0.296076 0 0 1
v 0.527425 0.998638 0.294611 0 0 1
v 0.527658 1.0001 0.291081 0 0 1
v 0.527887 0.998629 0.287555 0 0 1
v 0.527978 0.995092 0.286098 0 0 1
v 0.527878 0.991558 0.287563 0 0 1
v 0.527645 0.990098 0.291093 0 0 1
v 0.527415 0.991567 0.294619 0 0 1
v 0.536296 0.995094 0.296664 0 0 1
v 0.536397 0.998627 0.295199 0 0 1
v 0.53663 1.00009 0.291669 0 0 1
v 0.536859 0.998618 0.288143 0 0 1
v 0.53695 0.99508 0.286686 0 0 1
v 0.53685 0.991547 0.288152 0 0 1
v 0.536617 0.990087 0.291681 0 0 1
v 0.536388 0.991556 0.295207 0 0 1
v 0.464846 0.995159 0.291675 0 0 1
v 0.500735 0.995132 0.289323 0 0 1
v 0.465173 0.995162 0.296664 0 0 1
v 0.46508 0.998697 0.2952 0 0 1
v 0.46485 1.00016 0.291671 0 0 1
v 0.464618 0.998692 0.288144 0 0 1
v 0.464519 0.995155 0.286686 0 0 1
v 0.464613 0.991621 0.28815 0 0 1
v 0.464843 0.990159 0.291679 0 0 1
v 0.465075 0.991626 0.295206 0 0 1
v 0.474146 0.995156 0.296076 0 0 1
v 0.474052 0.99869 0.294612 0 0 1
v 0.473822 1.00015 0.291083 0 0 1
v 0.47359 0.998685 0.287556 0 0 1
v 0.473492 0.995148 0.286098 0 0 1
v 0.473585 0.991614 0.287562 0 0 1
v 0.473815 0.990152 0.291091 0 0 1
v 0.474047 0.991619 0.294618 0 0 1
v 0.483118 0.995149 0.295488 0 0 1
v 0.483024 0.998683 0.294024 0 0 1
v 0.482794 1.00015 0.290495 0 0 1
v 0.482562 0.998678 0.286968 0 0 1
v 0.482464 0.995142 0.28551 0 0 1
v 0.482557 0.991607 0.286974 0 0 1
v 0.482787 0.990145 0.290503 0 0 1
v 0.483019 0.991612 0.29403 0 0 1
v 0.49209 0.995142 0.2949 0 0 1
v 0.491997 0.998676 0.293436 0 0 1
v 0.491766 1.00014 0.289907 0 0 1
v 0.491534 0.998671 0.28638 0 0 1
v 0.491436 0.995135 0.284922 0 0 1
v 0.491529 0.9916 0.286386 0 0 1
v 0.491759 0.990138 0.289915 0 0 1
v 0.491992 0.991605 0.293442 0 0 1
v 0.501062 0.995135 0.294312 0 0 1
v 0.500969 0.99867 0.292848 0 0 1
v 0.500739 1.00013 0.289319 0 0 1
v 0.500506 0.998665 0.285792 0 0 1
v 0.500408 0.995128 0.284334 0 0 1
v 0.500501 0.991593 0.285798 0 0 1
v 0.500731 0.990132 0.289327 0 0 1
v 0.500964 0.991599 0.292854 0 0 1
v 0.429572 0.995169 0.298692 0 0 1
v 0.464846 0.995159 0.291675 0 0 1
v 0.430547 0.99517 0.303596 0 0 1
v 0.430263 0.998705 0.302158 0 0 1
v 0.429573 1.00017 0.29869 0 0 1
v 0.428883 0.998703 0.295223 0 0 1
v 0.428597 0.995168 0.293788 0 0 1
v 0.428881 0.991632 0.295225 0 0 1
v 0.429571 0.990169 0.298693 0 0 1
v 0.430261 0.991634 0.30216 0 0 1
v 0.439366 0.995167 0.301841 0 0 1
v 0.439081 0.998703 0.300404 0 0 1
v 0.438392 1.00017 0.296936 0 0 1
v 0.437702 0.998701 0.293469 0 0 1
v 0.437415 0.995165 0.292034 0 0 1
v 0.4377 0.99163 0.293471 0 0 1
v 0.43839 0.990166 0.296939 0 0 1
v 0.43908 0.991631 0.300406 0 0 1
v 0.448185 0.995165 0.300087 0 0 1
v 0.4479 0.9987 0.29865 0 0 1
v 0.44721 1.00016 0.295182 0 0 1
v 0.44652 0.998699 0.291715 0 0 1
v 0.446234 0.995163 0.290279 0 0 1
v 0.446519 0.991627 0.291717 0 0 1
v 0.447208 0.990164 0.295185 0 0 1
v 0.447898 0.991629 0.298652 0 0 1
v 0.457003 0.995162 0.298333 0 0 1
v 0.456718 0.998698 0.296896 0 0 1
v 0.456029 1.00016 0.293428 0 0 1
v 0.455339 0.998696 0.289961 0 0 1
v 0.455052 0.99516 0.288525 0 0 1
v 0.455337 0.991625 0.289963 0 0 1
v 0.456027 0.990161 0.293431 0 0 1
v 0.456717 0.991627 0.296898 0 0 1
v 0.465822 0.99516 0.296579 0 0 1
v 0.465537 0.998695 0.295142 0 0 1
v 0.464848 1.00016 0.291674 0 0 1
v 0.464158 0.998694 0.288207 0 0 1
v 0.463871 0.995158 0.286771 0 0 1
v 0.464156 0.991623 0.288208 0 0 1
v 0.464845 0.990159 0.291676 0 0 1
v 0.465535 0.991624 0.295144 0 0 1
v 0.395515 0.995161 0.310252 0 0 1
v 0.429572 0.995169 0.298692 0 0 1
v 0.397122 0.99516 0.314987 0 0 1
v 0.396651 0.998696 0.313601 0 0 1
v 0.395514 1.00016 0.310253 0 0 1
v 0.394378 0.998697 0.306905 0 0 1
v 0.393908 0.995161 0.305518 0 0 1
v 0.394379 0.991626 0.306904 0 0 1
v 0.395516 0.990161 0.310251 0 0 1
v 0.396652 0.991625 0.313599 0 0 1
v 0.405637 0.995162 0.312097 0 0 1
v 0.405165 0.998698 0.310711 0 0 1
v 0.404029 1.00016 0.307363 0 0 1
v 0.402892 0.998699 0.304015 0 0 1
v 0.402422 0.995163 0.302627 0 0 1
v 0.402893 0.991628 0.304013 0 0 1
v 0.40403 0.990163 0.307361 0 0 1
v 0.405166 0.991627 0.310709 0 0 1
v 0.414151 0.995164 0.309207 0 0 1
v 0.413679 0.9987 0.307821 0 0 1
v 0.412543 1.00016 0.304473 0 0 1
v 0.411407 0.998701 0.301125 0 0 1
v 0.410936 0.995165 0.299737 0 0 1
v 0.411408 0.99163 0.301123 0 0 1
v 0.412544 0.990165 0.304471 0 0 1
v 0.413681 0.991629 0.307819 0 0 1
v 0.422665 0.995166 0.306316 0 0 1
v 0.422194 0.998702 0.30493 0 0 1
v 0.421057 1.00017 0.301583 0 0 1
v 0.419921 0.998703 0.298235 0 0 1
v 0.419451 0.995167 0.296847 0 0 1
v 0.419922 0.991632 0.298233 0 0 1
v 0.421059 0.990167 0.301581 0 0 1
v 0.422195 0.991631 0.304929 0 0 1
v 0.431179 0.995168 0.303426 0 0 1
v 0.430708 0.998704 0.30204 0 0 1
v 0.429571 1.00017 0.298693 0 0 1
v 0.428435 0.998705 0.295344 0 0 1
v 0.427965 0.995169 0.293957 0 0 1
v 0.428436 0.991634 0.295343 0 0 1
v 0.429573 0.990169 0.29869 0 0 1
v 0.430709 0.991633 0.302039 0 0 1
v 0.363259 0.995135 0.326159 0 0 1
v 0.395515 0.995161 0.310252 0 0 1
v 0.36547 0.995133 0.330644 0 0 1
v 0.364821 0.998669 0.329333 0 0 1
v 0.363256 1.00014 0.326163 0 0 1
v 0.361693 0.998672 0.322991 0 0 1
v 0.361047 0.995137 0.321675 0 0 1
v 0.361696 0.991601 0.322986 0 0 1
v 0.363261 0.990135 0.326156 0 0 1
v 0.364824 0.991598 0.329328 0 0 1
v 0.373534 0.995139 0.326667 0 0 1
v 0.372885 0.998675 0.325356 0 0 1
v 0.371321 1.00014 0.322186 0 0 1
v 0.369757 0.998679 0.319014 0 0 1
v 0.369111 0.995144 0.317698 0 0 1
v 0.369761 0.991608 0.319009 0 0 1
v 0.371325 0.990141 0.322179 0 0 1
v 0.372888 0.991604 0.325351 0 0 1
v 0.381598 0.995146 0.32269 0 0 1
v 0.380949 0.998682 0.321379 0 0 1
v 0.379385 1.00015 0.318209 0 0 1
v 0.377822 0.998685 0.315037 0 0 1
v 0.377175 0.99515 0.313721 0 0 1
v 0.377825 0.991614 0.315032 0 0 1
v 0.379389 0.990148 0.318202 0 0 1
v 0.380952 0.991611 0.321374 0 0 1
v 0.389662 0.995152 0.318713 0 0 1
v 0.389013 0.998688 0.317402 0 0 1
v 0.387449 1.00015 0.314233 0 0 1
v 0.385886 0.998691 0.311061 0 0 1
v 0.38524 0.995157 0.309745 0 0 1
v 0.385889 0.99162 0.311056 0 0 1
v 0.387453 0.990154 0.314225 0 0 1
v 0.389016 0.991617 0.317397 0 0 1
v 0.397727 0.995158 0.314737 0 0 1
v 0.397077 0.998695 0.313426 0 0 1
v 0.395513 1.00016 0.310256 0 0 1
v 0.39395 0.998698 0.307084 0 0 1
v 0.393304 0.995163 0.305768 0 0 1
v 0.393953 0.991627 0.307079 0 0 1
v 0.395517 0.990161 0.310249 0 0 1
v 0.39708 0.991624 0.313421 0 0 1
v 0.333354 0.995092 0.346141 0 0 1
v 0.363259 0.995135 0.326159 0 0 1
v 0.336132 0.995089 0.350298 0 0 1
v 0.335316 0.998626 0.349084 0 0 1
v 0.333351 1.00009 0.346146 0 0 1
v 0.331388 0.99863 0.343205 0 0 1
v 0.330576 0.995096 0.341983 0 0 1
v 0.331392 0.991559 0.343197 0 0 1
v 0.333357 0.990092 0.346135 0 0 1
v 0.335321 0.991555 0.349076 0 0 1
v 0.343608 0.9951 0.345303 0 0 1
v 0.342792 0.998636 0.344089 0 0 1
v 0.340827 1.0001 0.341151 0 0 1
v 0.338864 0.998641 0.33821 0 0 1
v 0.338053 0.995106 0.336988 0 0 1
v 0.338868 0.99157 0.338201 0 0 1
v 0.340834 0.990103 0.341139 0 0 1
v 0.342797 0.991565 0.344081 0 0 1
v 0.351084 0.995111 0.340307 0 0 1
v 0.350268 0.998647 0.339094 0 0 1
v 0.348303 1.00011 0.336156 0 0 1
v 0.34634 0.998651 0.333214 0 0 1
v 0.345529 0.995117 0.331993 0 0 1
v 0.346344 0.99158 0.333206 0 0 1
v 0.34831 0.990114 0.336144 0 0 1
v 0.350273 0.991576 0.339085 0 0 1
v 0.35856 0.995121 0.335312 0 0 1
v 0.357745 0.998658 0.334099 0 0 1
v 0.355779 1.00012 0.331161 0 0 1
v 0.353816 0.998662 0.328219 0 0 1
v 0.353005 0.995128 0.326997 0 0 1
v 0.353821 0.991591 0.328211 0 0 1
v 0.355786 0.990124 0.331149 0 0 1
v 0.357749 0.991587 0.33409 0 0 1
v 0.366036 0.995132 0.330317 0 0 1
v 0.365221 0.998668 0.329103 0 0 1
v 0.363255 1.00014 0.326165 0 0 1
v 0.361292 0.998673 0.323224 0 0 1
v 0.360481 0.995138 0.322002 0 0 1
v 0.361297 0.991602 0.323215 0 0 1
v 0.363262 0.990135 0.326153 0 0 1
v 0.365225 0.991597 0.329095 0 0 1
v 0.306314 0.995033 0.369854 0 0 1
v 0.333354 0.995092 0.346141 0 0 1
v 0.309611 0.995029 0.373613 0 0 1
v 0.308642 0.998566 0.372518 0 0 1
v 0.30631 1.00003 0.369862 0 0 1
v 0.30398 0.998571 0.367202 0 0 1
v 0.303017 0.995037 0.366095 0 0 1
v 0.303985 0.9915 0.36719 0 0 1
v 0.306318 0.990033 0.369846 0 0 1
v 0.308648 0.991495 0.372506 0 0 1
v 0.316371 0.995044 0.367685 0 0 1
v 0.315403 0.998581 0.36659 0 0 1
v 0.31307 1.00005 0.363934 0 0 1
v 0.31074 0.998586 0.361273 0 0 1
v 0.309777 0.995052 0.360167 0 0 1
v 0.310746 0.991515 0.361262 0 0 1
v 0.313078 0.990048 0.363917 0 0 1
v 0.315408 0.99151 0.366578 0 0 1
v 0.323131 0.995059 0.361757 0 0 1
v 0.322163 0.998596 0.360661 0 0 1
v 0.31983 1.00006 0.358006 0 0 1
v 0.3175 0.998601 0.355345 0 0 1
v 0.316537 0.995066 0.354238 0 0 1
v 0.317506 0.99153 0.355333 0 0 1
v 0.319838 0.990063 0.357989 0 0 1
v 0.322168 0.991525 0.36065 0 0 1
v 0.329891 0.995074 0.355828 0 0 1
v 0.328923 0.99861 0.354733 0 0 1
v 0.32659 1.00008 0.352077 0 0 1
v 0.32426 0.998616 0.349417 0 0 1
v 0.323297 0.995081 0.34831 0 0 1
v 0.324266 0.991545 0.349405 0 0 1
v 0.326598 0.990078 0.352061 0 0 1
v 0.328928 0.991539 0.354721 0 0 1
v 0.336651 0.995089 0.3499 0 0 1
v 0.335683 0.998625 0.348805 0 0 1
v 0.333351 1.00009 0.346149 0 0 1
v 0.331021 0.99863 0.343488 0 0 1
v 0.330058 0.995096 0.342381 0 0 1
v 0.331026 0.991559 0.343477 0 0 1
v 0.333358 0.990092 0.346132 0 0 1
v 0.335688 0.991554 0.348793 0 0 1
v 0.2826 0.994958 0.396894 0 0 1
v 0.306314 0.995033 0.369854 0 0 1
v 0.286359 0.994955 0.400191 0 0 1
v 0.285255 0.998491 0.399233 0 0 1
v 0.282596 0.999958 0.396905 0 0 1
v 0.279939 0.998497 0.39457 0 0 1
v 0.278841 0.994962 0.393597 0 0 1
v 0.279945 0.991426 0.394556 0 0 1
v 0.282604 0.989958 0.396884 0 0 1
v 0.285261 0.99142 0.399218 0 0 1
v 0.292288 0.994973 0.393431 0 0 1
v 0.291184 0.99851 0.392473 0 0 1
v 0.288525 0.999977 0.390145 0 0 1
v 0.285868 0.998515 0.38781 0 0 1
v 0.284769 0.994981 0.386837 0 0 1
v 0.285873 0.991444 0.387796 0 0 1
v 0.288532 0.989977 0.390124 0 0 1
v 0.291189 0.991439 0.392458 0 0 1
v 0.298216 0.994992 0.386671 0 0 1
v 0.297112 0.998529 0.385713 0 0 1
v 0.294453 0.999996 0.383385 0 0 1
v 0.291796 0.998534 0.38105 0 0 1
v 0.290698 0.995 0.380077 0 0 1
v 0.291802 0.991463 0.381036 0 0 1
v 0.294461 0.989996 0.383364 0 0 1
v 0.297118 0.991457 0.385698 0 0 1
v 0.304145 0.995011 0.379911 0 0 1
v 0.303041 0.998547 0.378953 0 0 1
v 0.300382 1.00001 0.376625 0 0 1
v 0.297725 0.998553 0.37429 0 0 1
v 0.296626 0.995018 0.373317 0 0 1
v 0.29773 0.991482 0.374276 0 0 1
v 0.300389 0.990014 0.376604 0 0 1
v 0.303046 0.991476 0.378938 0 0 1
v 0.310073 0.995029 0.373151 0 0 1
v 0.308969 0.998566 0.372193 0 0 1
v 0.30631 1.00003 0.369864 0 0 1
v 0.303653 0.998571 0.36753 0 0 1
v 0.302555 0.995037 0.366557 0 0 1
v 0.303659 0.9915 0.367516 0 0 1
v 0.306318 0.990033 0.369844 0 0 1
v 0.308975 0.991495 0.372178 0 0 1
v 0.262619 0.99487 0.426798 0 0 1
v 0.2826 0.994958 0.396894 0 0 1
v 0.266776 0.994866 0.429576 0 0 1
v 0.265556 0.998403 0.428771 0 0 1
v 0.262615 0.99987 0.426811 0 0 1
v 0.259676 0.998408 0.424843 0 0 1
v 0.258461 0.994873 0.42402 0 0 1
v 0.259682 0.991337 0.424825 0 0 1
v 0.262622 0.98987 0.426786 0 0 1
v 0.265561 0.991331 0.428754 0 0 1
v 0.271771 0.994888 0.4221 0 0 1
v 0.270551 0.998425 0.421295 0 0 1
v 0.26761 0.999892 0.419335 0 0 1
v 0.264672 0.99843 0.417367 0 0 1
v 0.263457 0.994896 0.416544 0 0 1
v 0.264677 0.991359 0.417349 0 0 1
v 0.267618 0.989892 0.41931 0 0 1
v 0.270556 0.991354 0.421278 0 0 1
v 0.276767 0.99491 0.414624 0 0 1
v 0.275546 0.998447 0.413819 0 0 1
v 0.272606 0.999914 0.411859 0 0 1
v 0.269667 0.998452 0.409891 0 0 1
v 0.268452 0.994918 0.409068 0 0 1
v 0.269672 0.991381 0.409873 0 0 1
v 0.272613 0.989914 0.411834 0 0 1
v 0.275552 0.991376 0.413802 0 0 1
v 0.281762 0.994932 0.407148 0 0 1
v 0.280542 0.998469 0.406343 0 0 1
v 0.277601 0.999936 0.404383 0 0 1
v 0.274662 0.998474 0.402415 0 0 1
v 0.273447 0.99494 0.401592 0 0 1
v 0.274668 0.991403 0.402397 0 0 1
v 0.277608 0.989936 0.404358 0 0 1
v 0.280547 0.991398 0.406326 0 0 1
v 0.286757 0.994955 0.399672 0 0 1
v 0.285537 0.998491 0.398867 0 0 1
v 0.282596 0.999958 0.396907 0 0 1
v 0.279658 0.998497 0.394939 0 0 1
v 0.278443 0.994962 0.394116 0 0 1
v 0.279663 0.991426 0.394921 0 0 1
v 0.282604 0.989958 0.396882 0 0 1
v 0.285542 0.99142 0.39885 0 0 1
v 0.246711 0.994768 0.459055 0 0 1
v 0.262619 0.99487 0.426798 0 0 1
v 0.251196 0.994765 0.461266 0 0 1
v 0.24988 0.998301 0.460628 0 0 1
v 0.246708 0.999768 0.459069 0 0 1
v 0.243538 0.998306 0.457501 0 0 1
v 0.242227 0.994771 0.456843 0 0 1
v 0.243543 0.991235 0.457481 0 0 1
v 0.246715 0.989768 0.45904 0 0 1
v 0.249885 0.99123 0.460608 0 0 1
v 0.255173 0.99479 0.453202 0 0 1
v 0.253857 0.998327 0.452564 0 0 1
v 0.250685 0.999794 0.451005 0 0 1
v 0.247515 0.998331 0.449437 0 0 1
v 0.246204 0.994797 0.448779 0 0 1
v 0.24752 0.99126 0.449417 0 0 1
v 0.250691 0.989794 0.450976 0 0 1
v 0.253861 0.991256 0.452544 0 0 1
v 0.259149 0.994816 0.445138 0 0 1
v 0.257834 0.998352 0.4445 0 0 1
v 0.254662 0.999819 0.442941 0 0 1
v 0.251492 0.998357 0.441373 0 0 1
v 0.250181 0.994822 0.440715 0 0 1
v 0.251496 0.991286 0.441353 0 0 1
v 0.254668 0.989819 0.442912 0 0 1
v 0.257838 0.991281 0.44448 0 0 1
v 0.263126 0.994841 0.437074 0 0 1
v 0.26181 0.998377 0.436436 0 0 1
v 0.258639 0.999844 0.434876 0 0 1
v 0.255469 0.998382 0.433309 0 0 1
v 0.254157 0.994848 0.432651 0 0 1
v 0.255473 0.991311 0.433289 0 0 1
v 0.258645 0.989844 0.434848 0 0 1
v 0.261815 0.991306 0.436416 0 0 1
v 0.267103 0.994866 0.42901 0 0 1
v 0.265787 0.998403 0.428372 0 0 1
v 0.262615 0.99987 0.426812 0 0 1
v 0.259445 0.998407 0.425245 0 0 1
v 0.258134 0.994873 0.424587 0 0 1
v 0.25945 0.991336 0.425225 0 0 1
v 0.262622 0.98987 0.426784 0 0 1
v 0.265792 0.991332 0.428352 0 0 1
v 0.235151 0.994656 0.493111 0 0 1
v 0.246711 0.994768 0.459055 0 0 1
v 0.239885 0.994653 0.494718 0 0 1
v 0.238497 0.99819 0.494259 0 0 1
v 0.235148 0.999656 0.493127 0 0 1
v 0.231801 0.998193 0.491986 0 0 1
v 0.230416 0.994658 0.491504 0 0 1
v 0.231804 0.991122 0.491964 0 0 1
v 0.235153 0.989656 0.493096 0 0 1
v 0.2385 0.991118 0.494237 0 0 1
v 0.242775 0.994681 0.486204 0 0 1
v 0.241387 0.998218 0.485745 0 0 1
v 0.238038 0.999684 0.484613 0 0 1
v 0.234691 0.998221 0.483472 0 0 1
v 0.233306 0.994686 0.48299 0 0 1
v 0.234695 0.99115 0.48345 0 0 1
v 0.238043 0.989684 0.484581 0 0 1
v 0.24139 0.991147 0.485722 0 0 1
v 0.245666 0.994709 0.47769 0 0 1
v 0.244277 0.998246 0.47723 0 0 1
v 0.240928 0.999712 0.476098 0 0 1
v 0.237581 0.998249 0.474957 0 0 1
v 0.236196 0.994715 0.474476 0 0 1
v 0.237585 0.991178 0.474935 0 0 1
v 0.240934 0.989712 0.476067 0 0 1
v 0.244281 0.991175 0.477208 0 0 1
v 0.248556 0.994738 0.469176 0 0 1
v 0.247167 0.998274 0.468716 0 0 1
v 0.243819 0.99974 0.467584 0 0 1
v 0.240471 0.998277 0.466443 0 0 1
v 0.239087 0.994743 0.465962 0 0 1
v 0.240475 0.991206 0.466421 0 0 1
v 0.243824 0.98974 0.467553 0 0 1
v 0.247171 0.991203 0.468694 0 0 1
v 0.251446 0.994766 0.460662 0 0 1
v 0.250057 0.998302 0.460202 0 0 1
v 0.246709 0.999768 0.45907 0 0 1
v 0.243362 0.998306 0.457929 0 0 1
v 0.241977 0.994771 0.457447 0 0 1
v 0.243365 0.991234 0.457907 0 0 1
v 0.246714 0.989768 0.459039 0 0 1
v 0.250061 0.991231 0.46018 0 0 1
v 0.228134 0.994534 0.528385 0 0 1
v 0.235151 0.994656 0.493111 0 0 1
v 0.233038 0.994533 0.529361 0 0 1
v 0.2316 0.998069 0.529087 0 0 1
v 0.228132 0.999534 0.528402 0 0 1
v 0.224665 0.998071 0.527708 0 0 1
v 0.22323 0.994536 0.52741 0 0 1
v 0.224667 0.991 0.527684 0 0 1
v 0.228136 0.989535 0.528369 0 0 1
v 0.231603 0.990998 0.529063 0 0 1
v 0.234792 0.994563 0.520542 0 0 1
v 0.233354 0.998099 0.520269 0 0 1
v 0.229886 0.999565 0.519584 0 0 1
v 0.226419 0.998102 0.518889 0 0 1
v 0.224984 0.994566 0.518591 0 0 1
v 0.226422 0.99103 0.518865 0 0 1
v 0.22989 0.989565 0.51955 0 0 1
v 0.233357 0.991028 0.520245 0 0 1
v 0.236546 0.994593 0.511724 0 0 1
v 0.235109 0.998129 0.51145 0 0 1
v 0.231641 0.999595 0.510765 0 0 1
v 0.228173 0.998132 0.51007 0 0 1
v 0.226738 0.994597 0.509773 0 0 1
v 0.228176 0.991061 0.510047 0 0 1
v 0.231644 0.989595 0.510731 0 0 1
v 0.235111 0.991058 0.511426 0 0 1
v 0.2383 0.994624 0.502905 0 0 1
v 0.236863 0.99816 0.502631 0 0 1
v 0.233395 0.999625 0.501947 0 0 1
v 0.229928 0.998162 0.501252 0 0 1
v 0.228492 0.994627 0.500954 0 0 1
v 0.22993 0.991091 0.501228 0 0 1
v 0.233398 0.989626 0.501913 0 0 1
v 0.236865 0.991089 0.502608 0 0 1
v 0.240054 0.994654 0.494087 0 0 1
v 0.238617 0.99819 0.493813 0 0 1
v 0.235149 0.999656 0.493128 0 0 1
v 0.231682 0.998193 0.492433 0 0 1
v 0.230247 0.994657 0.492136 0 0 1
v 0.231684 0.991121 0.492409 0 0 1
v 0.235152 0.989656 0.493094 0 0 1
v 0.238619 0.991119 0.493789 0 0 1
v 0.225781 0.994406 0.564274 0 0 1
v 0.228134 0.994534 0.528385 0 0 1
v 0.230771 0.994406 0.564601 0 0 1
v 0.229309 0.997941 0.564518 0 0 1
v 0.225781 0.999406 0.564292 0 0 1
v 0.222253 0.997942 0.564055 0 0 1
v 0.220792 0.994407 0.563947 0 0 1
v 0.222254 0.990871 0.56403 0 0 1
v 0.225782 0.989406 0.564256 0 0 1
v 0.22931 0.99087 0.564492 0 0 1
v 0.231359 0.994438 0.555629 0 0 1
v 0.229897 0.997973 0.555545 0 0 1
v 0.226369 0.999438 0.555319 0 0 1
v 0.222841 0.997974 0.555083 0 0 1
v 0.22138 0.994439 0.554975 0 0 1
v 0.222842 0.990903 0.555058 0 0 1
v 0.22637 0.989438 0.555284 0 0 1
v 0.229898 0.990902 0.55552 0 0 1
v 0.231947 0.99447 0.546657 0 0 1
v 0.230485 0.998005 0.546573 0 0 1
v 0.226957 0.99947 0.546347 0 0 1
v 0.223429 0.998006 0.546111 0 0 1
v 0.221968 0.994471 0.546003 0 0 1
v 0.22343 0.990935 0.546086 0 0 1
v 0.226958 0.98947 0.546312 0 0 1
v 0.230486 0.990934 0.546548 0 0 1
v 0.232535 0.994502 0.537685 0 0 1
v 0.231073 0.998038 0.537601 0 0 1
v 0.227545 0.999502 0.537375 0 0 1
v 0.224017 0.998038 0.537139 0 0 1
v 0.222556 0.994503 0.53703 0 0 1
v 0.224018 0.990967 0.537114 0 0 1
v 0.227546 0.989502 0.53734 0 0 1
v 0.231074 0.990967 0.537576 0 0 1
v 0.233123 0.994534 0.528712 0 0 1
v 0.231661 0.99807 0.528629 0 0 1
v 0.228133 0.999534 0.528403 0 0 1
v 0.224606 0.99807 0.528167 0 0 1
v 0.223145 0.994535 0.528058 0 0 1
v 0.224606 0.990999 0.528142 0 0 1
v 0.228134 0.989535 0.528368 0 0 1
v 0.231662 0.990999 0.528604 0 0 1
v 0.228134 0.994273 0.600162 0 0 1
v 0.225781 0.994406 0.564274 0 0 1
v 0.233123 0.994274 0.599835 0 0 1
v 0.231662 0.997809 0.599944 0 0 1
v 0.228134 0.999273 0.60018 0 0 1
v 0.224606 0.997808 0.600406 0 0 1
v 0.223144 0.994273 0.600489 0 0 1
v 0.224605 0.990737 0.60038 0 0 1
v 0.228133 0.989273 0.600143 0 0 1
v 0.231661 0.990738 0.599918 0 0 1
v 0.232535 0.994307 0.590863 0 0 1
v 0.231074 0.997842 0.590972 0 0 1
v 0.227546 0.999307 0.591208 0 0 1
v 0.224018 0.997842 0.591434 0 0 1
v 0.222556 0.994306 0.591517 0 0 1
v 0.224017 0.990771 0.591408 0 0 1
v 0.227545 0.989307 0.591171 0 0 1
v 0.231073 0.990771 0.590946 0 0 1
v 0.231947 0.99434 0.581891 0 0 1
v 0.230486 0.997876 0.582 0 0 1
v 0.226958 0.99934 0.582236 0 0 1
v 0.22343 0.997875 0.582462 0 0 1
v 0.221968 0.994339 0.582545 0 0 1
v 0.223429 0.990804 0.582436 0 0 1
v 0.226957 0.98934 0.582199 0 0 1
v 0.230485 0.990805 0.581974 0 0 1
v 0.231359 0.994374 0.572919 0 0 1
v 0.229898 0.997909 0.573028 0 0 1
v 0.22637 0.999373 0.573264 0 0 1
v 0.222842 0.997908 0.57349 0 0 1
v 0.22138 0.994372 0.573573 0 0 1
v 0.222841 0.990837 0.573464 0 0 1
v 0.226369 0.989373 0.573227 0 0 1
v 0.229897 0.990838 0.573001 0 0 1
v 0.230771 0.994407 0.563947 0 0 1
v 0.22931 0.997942 0.564056 0 0 1
v 0.225782 0.999406 0.564292 0 0 1
v 0.222254 0.997941 0.564518 0 0 1
v 0.220792 0.994406 0.564601 0 0 1
v 0.222253 0.99087 0.564492 0 0 1
v 0.225781 0.989406 0.564255 0 0 1
v 0.229309 0.990871 0.564029 0 0 1
v 0.23515 0.994138 0.635436 0 0 1
v 0.228134 0.994273 0.600162 0 0 1
v 0.240054 0.99414 0.634461 0 0 1
v 0.238619 0.997675 0.63476 0 0 1
v 0.235152 0.999138 0.635455 0 0 1
v 0.231684 0.997672 0.636139 0 0 1
v 0.230246 0.994136 0.636412 0 0 1
v 0.231681 0.990601 0.636113 0 0 1
v 0.235148 0.989138 0.635417 0 0 1
v 0.238616 0.990604 0.634733 0 0 1
v 0.2383 0.994174 0.625642 0 0 1
v 0.236865 0.997709 0.625941 0 0 1
v 0.233398 0.999172 0.626636 0 0 1
v 0.22993 0.997706 0.627321 0 0 1
v 0.228492 0.99417 0.627593 0 0 1
v 0.229927 0.990635 0.627294 0 0 1
v 0.233394 0.989172 0.626599 0 0 1
v 0.236862 0.990638 0.625915 0 0 1
v 0.236546 0.994207 0.616824 0 0 1
v 0.235111 0.997742 0.617123 0 0 1
v 0.231644 0.999206 0.617818 0 0 1
v 0.228176 0.99774 0.618502 0 0 1
v 0.226738 0.994204 0.618775 0 0 1
v 0.228173 0.990669 0.618476 0 0 1
v 0.23164 0.989206 0.61778 0 0 1
v 0.235108 0.990671 0.617096 0 0 1
v 0.234792 0.994241 0.608005 0 0 1
v 0.233357 0.997776 0.608304 0 0 1
v 0.22989 0.999239 0.608999 0 0 1
v 0.226421 0.997774 0.609684 0 0 1
v 0.224984 0.994238 0.609956 0 0 1
v 0.226419 0.990703 0.609657 0 0 1
v 0.229886 0.989239 0.608962 0 0 1
v 0.233354 0.990705 0.608277 0 0 1
v 0.233038 0.994275 0.599187 0 0 1
v 0.231603 0.99781 0.599486 0 0 1
v 0.228135 0.999273 0.600181 0 0 1
v 0.224667 0.997807 0.600865 0 0 1
v 0.22323 0.994271 0.601137 0 0 1
v 0.224665 0.990736 0.600838 0 0 1
v 0.228132 0.989273 0.600143 0 0 1
v 0.2316 0.990739 0.599459 0 0 1
v 0.246711 0.994002 0.669493 0 0 1
v 0.23515 0.994138 0.635436 0 0 1
v 0.251445 0.994006 0.667886 0 0 1
v 0.250061 0.99754 0.66837 0 0 1
v 0.246714 0.999002 0.669512 0 0 1
v 0.243365 0.997536 0.670643 0 0 1
v 0.241976 0.993999 0.6711 0 0 1
v 0.243361 0.990465 0.670616 0 0 1
v 0.246708 0.989002 0.669474 0 0 1
v 0.250056 0.990469 0.668343 0 0 1
v 0.248555 0.994039 0.659371 0 0 1
v 0.247171 0.997574 0.659856 0 0 1
v 0.243824 0.999036 0.660997 0 0 1
v 0.240475 0.99757 0.662128 0 0 1
v 0.239086 0.994033 0.662586 0 0 1
v 0.24047 0.990499 0.662102 0 0 1
v 0.243817 0.989036 0.66096 0 0 1
v 0.247166 0.990503 0.659829 0 0 1
v 0.245665 0.994073 0.650857 0 0 1
v 0.24428 0.997608 0.651341 0 0 1
v 0.240933 0.99907 0.652483 0 0 1
v 0.237585 0.997603 0.653614 0 0 1
v 0.236196 0.994067 0.654072 0 0 1
v 0.23758 0.990532 0.653588 0 0 1
v 0.240927 0.98907 0.652446 0 0 1
v 0.244276 0.990537 0.651315 0 0 1
v 0.242775 0.994107 0.642343 0 0 1
v 0.24139 0.997642 0.642827 0 0 1
v 0.238043 0.999104 0.643969 0 0 1
v 0.234694 0.997637 0.6451 0 0 1
v 0.233306 0.994101 0.645558 0 0 1
v 0.23469 0.990566 0.645073 0 0 1
v 0.238037 0.989104 0.643932 0 0 1
v 0.241386 0.990571 0.642801 0 0 1
v 0.239885 0.994141 0.633829 0 0 1
v 0.2385 0.997676 0.634313 0 0 1
v 0.235153 0.999138 0.635455 0 0 1
v 0.231804 0.997671 0.636586 0 0 1
v 0.230415 0.994135 0.637043 0 0 1
v 0.2318 0.9906 0.636559 0 0 1
v 0.235147 0.989138 0.635417 0 0 1
v 0.238496 0.990605 0.634286 0 0 1
v 0.262618 0.993869 0.701749 0 0 1
v 0.246711 0.994002 0.669493 0 0 1
v 0.267102 0.993873 0.699538 0 0 1
v 0.265792 0.997408 0.700198 0 0 1
v 0.262622 0.998869 0.701768 0 0 1
v 0.25945 0.997402 0.703326 0 0 1
v 0.258133 0.993865 0.703961 0 0 1
v 0.259444 0.990331 0.7033 0 0 1
v 0.262613 0.988869 0.701731 0 0 1
v 0.265786 0.990337 0.700172 0 0 1
v 0.263125 0.993907 0.691474 0 0 1
v 0.261815 0.997441 0.692134 0 0 1
v 0.258645 0.998902 0.693704 0 0 1
v 0.255473 0.997435 0.695262 0 0 1
v 0.254157 0.993898 0.695896 0 0 1
v 0.255467 0.990364 0.695236 0 0 1
v 0.258637 0.988902 0.693666 0 0 1
v 0.261809 0.99037 0.692108 0 0 1
v 0.259148 0.99394 0.68341 0 0 1
v 0.257838 0.997474 0.68407 0 0 1
v 0.254668 0.998936 0.685639 0 0 1
v 0.251496 0.997468 0.687198 0 0 1
v 0.25018 0.993931 0.687832 0 0 1
v 0.25149 0.990397 0.687172 0 0 1
v 0.25466 0.988936 0.685602 0 0 1
v 0.257832 0.990403 0.684044 0 0 1
v 0.255172 0.993973 0.675345 0 0 1
v 0.253861 0.997508 0.676006 0 0 1
v 0.250692 0.998969 0.677575 0 0 1
v 0.24752 0.997502 0.679134 0 0 1
v 0.246203 0.993965 0.679768 0 0 1
v 0.247513 0.990431 0.679107 0 0 1
v 0.250683 0.988969 0.677538 0 0 1
v 0.253855 0.990437 0.67598 0 0 1
v 0.251195 0.994007 0.667281 0 0 1
v 0.249885 0.997541 0.667942 0 0 1
v 0.246715 0.999002 0.669511 0 0 1
v 0.243543 0.997535 0.67107 0 0 1
v 0.242226 0.993998 0.671704 0 0 1
v 0.243537 0.990464 0.671043 0 0 1
v 0.246706 0.989002 0.669474 0 0 1
v 0.249878 0.99047 0.667916 0 0 1
v 0.282599 0.99374 0.731653 0 0 1
v 0.262618 0.993869 0.701749 0 0 1
v 0.286756 0.993746 0.728875 0 0 1
v 0.285542 0.99728 0.729702 0 0 1
v 0.282604 0.99874 0.731671 0 0 1
v 0.279663 0.997272 0.73363 0 0 1
v 0.278442 0.993735 0.734431 0 0 1
v 0.279655 0.990201 0.733605 0 0 1
v 0.282593 0.98874 0.731635 0 0 1
v 0.285535 0.990209 0.729676 0 0 1
v 0.281761 0.993778 0.721399 0 0 1
v 0.280547 0.997312 0.722226 0 0 1
v 0.277609 0.998772 0.724195 0 0 1
v 0.274668 0.997304 0.726154 0 0 1
v 0.273446 0.993767 0.726955 0 0 1
v 0.27466 0.990233 0.726129 0 0 1
v 0.277598 0.988773 0.724159 0 0 1
v 0.280539 0.990241 0.7222 0 0 1
v 0.276766 0.99381 0.713923 0 0 1
v 0.275552 0.997344 0.71475 0 0 1
v 0.272614 0.998805 0.716719 0 0 1
v 0.269672 0.997336 0.718678 0 0 1
v 0.268451 0.993799 0.719479 0 0 1
v 0.269665 0.990265 0.718653 0 0 1
v 0.272603 0.988805 0.716683 0 0 1
v 0.275544 0.990273 0.714724 0 0 1
v 0.27177 0.993842 0.706447 0 0 1
v 0.270556 0.997376 0.707274 0 0 1
v 0.267618 0.998837 0.709243 0 0 1
v 0.264677 0.997369 0.711202 0 0 1
v 0.263456 0.993831 0.712003 0 0 1
v 0.264669 0.990298 0.711177 0 0 1
v 0.267608 0.988837 0.709207 0 0 1
v 0.270549 0.990305 0.707248 0 0 1
v 0.266775 0.993875 0.698971 0 0 1
v 0.265561 0.997408 0.699798 0 0 1
v 0.262623 0.998869 0.701767 0 0 1
v 0.259682 0.997401 0.703726 0 0 1
v 0.25846 0.993864 0.704527 0 0 1
v 0.259674 0.99033 0.703701 0 0 1
v 0.262612 0.988869 0.701731 0 0 1
v 0.265553 0.990337 0.699772 0 0 1
v 0.306313 0.993618 0.758693 0 0 1
v 0.282599 0.99374 0.731653 0 0 1
v 0.310072 0.993625 0.755397 0 0 1
v 0.308975 0.997158 0.756374 0 0 1
v 0.306319 0.998618 0.75871 0 0 1
v 0.303659 0.997149 0.761036 0 0 1
v 0.302553 0.993612 0.76199 0 0 1
v 0.30365 0.990078 0.761012 0 0 1
v 0.306306 0.988618 0.758676 0 0 1
v 0.308966 0.990087 0.75635 0 0 1
v 0.304143 0.993655 0.748637 0 0 1
v 0.303047 0.997189 0.749614 0 0 1
v 0.30039 0.998649 0.75195 0 0 1
v 0.29773 0.99718 0.754276 0 0 1
v 0.296625 0.993642 0.75523 0 0 1
v 0.297721 0.990109 0.754252 0 0 1
v 0.300378 0.988649 0.751916 0 0 1
v 0.303038 0.990118 0.74959 0 0 1
v 0.298215 0.993686 0.741876 0 0 1
v 0.297118 0.997219 0.742854 0 0 1
v 0.294462 0.998679 0.74519 0 0 1
v 0.291802 0.99721 0.747516 0 0 1
v 0.290696 0.993673 0.74847 0 0 1
v 0.291793 0.990139 0.747492 0 0 1
v 0.294449 0.988679 0.745156 0 0 1
v 0.297109 0.990148 0.74283 0 0 1
v 0.292287 0.993716 0.735116 0 0 1
v 0.29119 0.99725 0.736094 0 0 1
v 0.288534 0.99871 0.73843 0 0 1
v 0.285874 0.997241 0.740756 0 0 1
v 0.284768 0.993703 0.74171 0 0 1
v 0.285865 0.99017 0.740732 0 0 1
v 0.288521 0.98871 0.738396 0 0 1
v 0.291181 0.990179 0.73607 0 0 1
v 0.286358 0.993747 0.728356 0 0 1
v 0.285262 0.99728 0.729334 0 0 1
v 0.282605 0.99874 0.73167 0 0 1
v 0.279945 0.997271 0.733996 0 0 1
v 0.27884 0.993734 0.73495 0 0 1
v 0.279936 0.9902 0.733972 0 0 1
v 0.282593 0.98874 0.731636 0 0 1
v 0.285253 0.990209 0.72931 0 0 1
v 0.333353 0.993505 0.782407 0 0 1
v 0.306313 0.993618 0.758693 0 0 1
v 0.336649 0.993512 0.778648 0 0 1
v 0.335689 0.997045 0.77976 0 0 1
v 0.33336 0.998505 0.782423 0 0 1
v 0.331027 0.997035 0.785076 0 0 1
v 0.330056 0.993498 0.786166 0 0 1
v 0.331017 0.989964 0.785054 0 0 1
v 0.333346 0.988505 0.782391 0 0 1
v 0.335679 0.989974 0.779738 0 0 1
v 0.329889 0.99354 0.772719 0 0 1
v 0.328929 0.997074 0.773831 0 0 1
v 0.3266 0.998533 0.776494 0 0 1
v 0.324267 0.997064 0.779148 0 0 1
v 0.323296 0.993526 0.780238 0 0 1
v 0.324256 0.989993 0.779125 0 0 1
v 0.326586 0.988533 0.776463 0 0 1
v 0.328919 0.990003 0.773809 0 0 1
v 0.323129 0.993569 0.766791 0 0 1
v 0.322169 0.997102 0.767903 0 0 1
v 0.31984 0.998561 0.770566 0 0 1
v 0.317507 0.997092 0.773219 0 0 1
v 0.316536 0.993554 0.774309 0 0 1
v 0.317496 0.990021 0.773197 0 0 1
v 0.319825 0.988561 0.770534 0 0 1
v 0.322159 0.990031 0.767881 0 0 1
v 0.316369 0.993597 0.760862 0 0 1
v 0.315409 0.99713 0.761975 0 0 1
v 0.31308 0.99859 0.764637 0 0 1
v 0.310746 0.99712 0.767291 0 0 1
v 0.309776 0.993583 0.768381 0 0 1
v 0.310736 0.990049 0.767269 0 0 1
v 0.313065 0.98859 0.764606 0 0 1
v 0.315399 0.990059 0.761952 0 0 1
v 0.309609 0.993625 0.754934 0 0 1
v 0.308649 0.997159 0.756046 0 0 1
v 0.30632 0.998618 0.758709 0 0 1
v 0.303986 0.997149 0.761363 0 0 1
v 0.303016 0.993611 0.762452 0 0 1
v 0.303976 0.990078 0.76134 0 0 1
v 0.306305 0.988618 0.758678 0 0 1
v 0.308639 0.990088 0.756024 0 0 1
v 0.363257 0.993402 0.802388 0 0 1
v 0.333353 0.993505 0.782407 0 0 1
v 0.366035 0.99341 0.798231 0 0 1
v 0.365227 0.996943 0.799458 0 0 1
v 0.363264 0.998402 0.802402 0 0 1
v 0.361298 0.996932 0.805338 0 0 1
v 0.360479 0.993395 0.806545 0 0 1
v 0.361287 0.989861 0.805318 0 0 1
v 0.363249 0.988402 0.802374 0 0 1
v 0.365216 0.989872 0.799438 0 0 1
v 0.358559 0.993435 0.793235 0 0 1
v 0.35775 0.996969 0.794463 0 0 1
v 0.355788 0.998428 0.797407 0 0 1
v 0.353822 0.996958 0.800343 0 0 1
v 0.353003 0.99342 0.80155 0 0 1
v 0.353811 0.989887 0.800322 0 0 1
v 0.355773 0.988428 0.797378 0 0 1
v 0.35774 0.989898 0.794443 0 0 1
v 0.351083 0.993461 0.78824 0 0 1
v 0.350274 0.996994 0.789468 0 0 1
v 0.348312 0.998453 0.792412 0 0 1
v 0.346346 0.996984 0.795347 0 0 1
v 0.345527 0.993446 0.796555 0 0 1
v 0.346335 0.989913 0.795327 0 0 1
v 0.348297 0.988453 0.792383 0 0 1
v 0.350264 0.989923 0.789448 0 0 1
v 0.343607 0.993487 0.783245 0 0 1
v 0.342798 0.99702 0.784473 0 0 1
v 0.340836 0.998479 0.787416 0 0 1
v 0.33887 0.997009 0.790352 0 0 1
v 0.338051 0.993471 0.791559 0 0 1
v 0.338859 0.989938 0.790332 0 0 1
v 0.340821 0.988479 0.787388 0 0 1
v 0.342788 0.989949 0.784452 0 0 1
v 0.336131 0.993512 0.778249 0 0 1
v 0.335322 0.997046 0.779477 0 0 1
v 0.33336 0.998505 0.782421 0 0 1
v 0.331394 0.997035 0.785357 0 0 1
v 0.330575 0.993497 0.786564 0 0 1
v 0.331383 0.989964 0.785336 0 0 1
v 0.333345 0.988505 0.782393 0 0 1
v 0.335312 0.989975 0.779457 0 0 1
v 0.395513 0.993312 0.818295 0 0 1
v 0.363257 0.993402 0.802388 0 0 1
v 0.397725 0.99332 0.813811 0 0 1
v 0.397083 0.996853 0.815133 0 0 1
v 0.395521 0.998312 0.818308 0 0 1
v 0.393955 0.996842 0.821475 0 0 1
v 0.393302 0.993304 0.822779 0 0 1
v 0.393944 0.989771 0.821457 0 0 1
v 0.395505 0.988312 0.818283 0 0 1
v 0.397072 0.989782 0.815115 0 0 1
v 0.389661 0.993342 0.809834 0 0 1
v 0.389018 0.996876 0.811156 0 0 1
v 0.387457 0.998334 0.814331 0 0 1
v 0.385891 0.996865 0.817498 0 0 1
v 0.385238 0.993327 0.818803 0 0 1
v 0.38588 0.989793 0.81748 0 0 1
v 0.387441 0.988335 0.814306 0 0 1
v 0.389007 0.989804 0.811139 0 0 1
v 0.381597 0.993365 0.805857 0 0 1
v 0.380954 0.996898 0.80718 0 0 1
v 0.379393 0.998357 0.810354 0 0 1
v 0.377827 0.996887 0.813521 0 0 1
v 0.377174 0.993349 0.814826 0 0 1
v 0.377816 0.989816 0.813504 0 0 1
v 0.379377 0.988357 0.810329 0 0 1
v 0.380943 0.989827 0.807162 0 0 1
v 0.373532 0.993387 0.80188 0 0 1
v 0.37289 0.996921 0.803203 0 0 1
v 0.371329 0.99838 0.806377 0 0 1
v 0.369763 0.99691 0.809545 0 0 1
v 0.36911 0.993372 0.810849 0 0 1
v 0.369752 0.989839 0.809527 0 0 1
v 0.371313 0.98838 0.806352 0 0 1
v 0.372879 0.98985 0.803185 0 0 1
v 0.365468 0.99341 0.797904 0 0 1
v 0.364826 0.996943 0.799226 0 0 1
v 0.363265 0.998402 0.802401 0 0 1
v 0.361699 0.996932 0.805568 0 0 1
v 0.361045 0.993394 0.806872 0 0 1
v 0.361688 0.989861 0.80555 0 0 1
v 0.363249 0.988402 0.802376 0 0 1
v 0.364815 0.989872 0.799208 0 0 1
v 0.42957 0.993236 0.829856 0 0 1
v 0.395513 0.993312 0.818295 0 0 1
v 0.431177 0.993243 0.825121 0 0 1
v 0.430712 0.996777 0.826515 0 0 1
v 0.429578 0.998236 0.829866 0 0 1
v 0.428439 0.996766 0.833211 0 0 1
v 0.427963 0.993228 0.83459 0 0 1
v 0.428428 0.989695 0.833196 0 0 1
v 0.429562 0.988236 0.829845 0 0 1
v 0.430701 0.989706 0.8265 0 0 1
v 0.422663 0.993262 0.822231 0 0 1
v 0.422198 0.996796 0.823625 0 0 1
v 0.421063 0.998255 0.826976 0 0 1
v 0.419925 0.996785 0.830321 0 0 1
v 0.419449 0.993247 0.8317 0 0 1
v 0.419914 0.989714 0.830306 0 0 1
v 0.421048 0.988255 0.826955 0 0 1
v 0.422187 0.989725 0.82361 0 0 1
v 0.414149 0.993281 0.819341 0 0 1
v 0.413684 0.996815 0.820735 0 0 1
v 0.412549 0.998274 0.824086 0 0 1
v 0.411411 0.996804 0.827431 0 0 1
v 0.410934 0.993266 0.82881 0 0 1
v 0.4114 0.989733 0.827416 0 0 1
v 0.412534 0.988274 0.824065 0 0 1
v 0.413673 0.989744 0.82072 0 0 1
v 0.405635 0.993301 0.816451 0 0 1
v 0.405169 0.996834 0.817845 0 0 1
v 0.404035 0.998293 0.821196 0 0 1
v 0.402896 0.996823 0.824541 0 0 1
v 0.40242 0.993285 0.82592 0 0 1
v 0.402886 0.989752 0.824526 0 0 1
v 0.40402 0.988293 0.821175 0 0 1
v 0.405159 0.989763 0.81783 0 0 1
v 0.39712 0.99332 0.81356 0 0 1
v 0.396655 0.996853 0.814955 0 0 1
v 0.395521 0.998312 0.818306 0 0 1
v 0.394382 0.996842 0.82165 0 0 1
v 0.393906 0.993304 0.82303 0 0 1
v 0.394371 0.989771 0.821636 0 0 1
v 0.395506 0.988312 0.818285 0 0 1
v 0.396644 0.989782 0.81494 0 0 1
v 0.464844 0.993175 0.836872 0 0 1
v 0.42957 0.993236 0.829856 0 0 1
v 0.46582 0.993182 0.831968 0 0 1
v 0.465539 0.996715 0.833411 0 0 1
v 0.464851 0.998175 0.836881 0 0 1
v 0.46416 0.996706 0.840346 0 0 1
v 0.463869 0.993168 0.841776 0 0 1
v 0.46415 0.989635 0.840334 0 0 1
v 0.464838 0.988175 0.836864 0 0 1
v 0.465529 0.989644 0.833399 0 0 1
v 0.457001 0.993197 0.830214 0 0 1
v 0.456721 0.996731 0.831657 0 0 1
v 0.456033 0.99819 0.835127 0 0 1
v 0.455341 0.996721 0.838592 0 0 1
v 0.45505 0.993183 0.840022 0 0 1
v 0.455331 0.98965 0.83858 0 0 1
v 0.456019 0.98819 0.83511 0 0 1
v 0.456711 0.98966 0.831645 0 0 1
v 0.448183 0.993212 0.82846 0 0 1
v 0.447902 0.996746 0.829902 0 0 1
v 0.447214 0.998205 0.833372 0 0 1
v 0.446522 0.996736 0.836838 0 0 1
v 0.446232 0.993198 0.838268 0 0 1
v 0.446513 0.989665 0.836826 0 0 1
v 0.4472 0.988205 0.833356 0 0 1
v 0.447892 0.989675 0.82989 0 0 1
v 0.439364 0.993228 0.826706 0 0 1
v 0.439083 0.996761 0.828148 0 0 1
v 0.438396 0.998221 0.831618 0 0 1
v 0.437704 0.996751 0.835083 0 0 1
v 0.437413 0.993214 0.836514 0 0 1
v 0.437694 0.98968 0.835072 0 0 1
v 0.438382 0.988221 0.831601 0 0 1
v 0.439074 0.98969 0.828136 0 0 1
v 0.430546 0.993243 0.824952 0 0 1
v 0.430265 0.996776 0.826394 0 0 1
v 0.429577 0.998236 0.829864 0 0 1
v 0.428885 0.996766 0.833329 0 0 1
v 0.428595 0.993229 0.83476 0 0 1
v 0.428875 0.989695 0.833317 0 0 1
v 0.429563 0.988236 0.829847 0 0 1
v 0.430255 0.989705 0.826382 0 0 1
v 0.500733 0.99313 0.839224 0 0 1
v 0.464844 0.993175 0.836872 0 0 1
v 0.50106 0.993136 0.834235 0 0 1
v 0.500968 0.99667 0.835701 0 0 1
v 0.500739 0.99813 0.839231 0 0 1
v 0.500506 0.996662 0.842757 0 0 1
v 0.500406 0.993125 0.844214 0 0 1
v 0.500498 0.989591 0.842748 0 0 1
v 0.500727 0.98813 0.839218 0 0 1
v 0.50096 0.989599 0.835692 0 0 1
v 0.492088 0.993147 0.833647 0 0 1
v 0.491996 0.996681 0.835113 0 0 1
v 0.491767 0.998142 0.838643 0 0 1
v 0.491534 0.996673 0.842169 0 0 1
v 0.491434 0.993136 0.843626 0 0 1
v 0.491526 0.989602 0.84216 0 0 1
v 0.491755 0.988142 0.83863 0 0 1
v 0.491988 0.98961 0.835104 0 0 1
v 0.483116 0.993158 0.833059 0 0 1
v 0.483024 0.996692 0.834525 0 0 1
v 0.482795 0.998153 0.838055 0 0 1
v 0.482562 0.996684 0.841581 0 0 1
v 0.482462 0.993147 0.843038 0 0 1
v 0.482553 0.989613 0.841572 0 0 1
v 0.482783 0.988153 0.838042 0 0 1
v 0.483016 0.989621 0.834516 0 0 1
v 0.474144 0.99317 0.832471 0 0 1
v 0.474052 0.996703 0.833937 0 0 1
v 0.473822 0.998164 0.837466 0 0 1
v 0.473589 0.996695 0.840993 0 0 1
v 0.47349 0.993158 0.84245 0 0 1
v 0.473581 0.989624 0.840984 0 0 1
v 0.473811 0.988164 0.837454 0 0 1
v 0.474044 0.989632 0.833928 0 0 1
v 0.465172 0.993181 0.831883 0 0 1
v 0.46508 0.996715 0.833349 0 0 1
v 0.46485 0.998175 0.836878 0 0 1
v 0.464617 0.996706 0.840405 0 0 1
v 0.464517 0.993169 0.841862 0 0 1
v 0.464609 0.989635 0.840396 0 0 1
v 0.464839 0.988175 0.836866 0 0 1
v 0.465072 0.989644 0.83334 0 0 1
v 0.478617 0.783517 0.706211 0 0 1
v 0.496759 0.783559 0.7074 0 0 1
v 0.478291 0.783505 0.7112 0 0 1
v 0.478378 0.787044 0.709747 0 0 1
v 0.478605 0.788517 0.706223 0 0 1
v 0.47884 0.787061 0.702691 0 0 1
v 0.478944 0.783529 0.701222 0 0 1
v 0.478857 0.77999 0.702675 0 0 1
v 0.47863 0.778517 0.7062 0 0 1
v 0.478395 0.779973 0.709731 0 0 1
v 0.482826 0.783515 0.711498 0 0 1
v 0.482913 0.787054 0.710044 0 0 1
v 0.483141 0.788528 0.70652 0 0 1
v 0.483375 0.787072 0.702988 0 0 1
v 0.48348 0.78354 0.701519 0 0 1
v 0.483393 0.780001 0.702972 0 0 1
v 0.483165 0.778528 0.706497 0 0 1
v 0.48293 0.779983 0.710028 0 0 1
v 0.487361 0.783526 0.711795 0 0 1
v 0.487448 0.787065 0.710342 0 0 1
v 0.487676 0.788538 0.706817 0 0 1
v 0.487911 0.787082 0.703286 0 0 1
v 0.488015 0.78355 0.701816 0 0 1
v 0.487928 0.780011 0.703269 0 0 1
v 0.4877 0.778538 0.706794 0 0 1
v 0.487466 0.779994 0.710325 0 0 1
v 0.491897 0.783536 0.712092 0 0 1
v 0.491984 0.787075 0.710639 0 0 1
v 0.492211 0.788548 0.707114 0 0 1
v 0.492446 0.787093 0.703583 0 0 1
v 0.49255 0.783561 0.702113 0 0 1
v 0.492463 0.780022 0.703567 0 0 1
v 0.492236 0.778548 0.707091 0 0 1
v 0.492001 0.780004 0.710623 0 0 1
v 0.496432 0.783547 0.712389 0 0 1
v 0.496519 0.787086 0.710936 0 0 1
v 0.496747 0.788559 0.707411 0 0 1
v 0.496981 0.787103 0.70388 0 0 1
v 0.497086 0.783571 0.702411 0 0 1
v 0.496999 0.780032 0.703864 0 0 1
v 0.496771 0.778559 0.707388 0 0 1
v 0.496536 0.780015 0.71092 0 0 1
v 0.460786 0.783435 0.702665 0 0 1
v 0.478617 0.783517 0.706211 0 0 1
v 0.459811 0.783408 0.707569 0 0 1
v 0.460078 0.786951 0.706148 0 0 1
v 0.460759 0.788435 0.702687 0 0 1
v 0.461457 0.78699 0.699213 0 0 1
v 0.461762 0.783463 0.697761 0 0 1
v 0.461495 0.779919 0.699181 0 0 1
v 0.460814 0.778435 0.702642 0 0 1
v 0.460116 0.77988 0.706116 0 0 1
v 0.464269 0.783428 0.708455 0 0 1
v 0.464535 0.786972 0.707035 0 0 1
v 0.465217 0.788456 0.703574 0 0 1
v 0.465914 0.787011 0.7001 0 0 1
v 0.466219 0.783483 0.698647 0 0 1
v 0.465953 0.77994 0.700068 0 0 1
v 0.465272 0.778456 0.703529 0 0 1
v 0.464574 0.779901 0.707003 0 0 1
v 0.468727 0.783449 0.709342 0 0 1
v 0.468993 0.786992 0.707921 0 0 1
v 0.469675 0.788476 0.70446 0 0 1
v 0.470372 0.787031 0.700986 0 0 1
v 0.470677 0.783504 0.699534 0 0 1
v 0.470411 0.77996 0.700954 0 0 1
v 0.469729 0.778476 0.704415 0 0 1
v 0.469032 0.779921 0.70789 0 0 1
v 0.473185 0.783469 0.710228 0 0 1
v 0.473451 0.787013 0.708808 0 0 1
v 0.474132 0.788497 0.705347 0 0 1
v 0.47483 0.787052 0.701873 0 0 1
v 0.475135 0.783524 0.700421 0 0 1
v 0.474869 0.779981 0.701841 0 0 1
v 0.474187 0.778497 0.705302 0 0 1
v 0.47349 0.779942 0.708776 0 0 1
v 0.477642 0.78349 0.711115 0 0 1
v 0.477908 0.787033 0.709695 0 0 1
v 0.47859 0.788517 0.706234 0 0 1
v 0.479288 0.787072 0.702759 0 0 1
v 0.479593 0.783545 0.701307 0 0 1
v 0.479326 0.780001 0.702728 0 0 1
v 0.478645 0.778517 0.706189 0 0 1
v 0.477947 0.779962 0.709663 0 0 1
v 0.443571 0.783314 0.696822 0 0 1
v 0.460786 0.783435 0.702665 0 0 1
v 0.441964 0.783268 0.701556 0 0 1
v 0.442402 0.786817 0.700193 0 0 1
v 0.443525 0.788314 0.696855 0 0 1
v 0.444674 0.786882 0.693497 0 0 1
v 0.445178 0.783361 0.692087 0 0 1
v 0.44474 0.779812 0.69345 0 0 1
v 0.443618 0.778315 0.696789 0 0 1
v 0.442468 0.779746 0.700146 0 0 1
v 0.446268 0.783298 0.703017 0 0 1
v 0.446706 0.786847 0.701654 0 0 1
v 0.447829 0.788344 0.698316 0 0 1
v 0.448978 0.786913 0.694958 0 0 1
v 0.449482 0.783391 0.693548 0 0 1
v 0.449044 0.779842 0.694911 0 0 1
v 0.447921 0.778345 0.698249 0 0 1
v 0.446772 0.779776 0.701607 0 0 1
v 0.450572 0.783328 0.704478 0 0 1
v 0.45101 0.786877 0.703115 0 0 1
v 0.452132 0.788374 0.699777 0 0 1
v 0.453282 0.786943 0.696419 0 0 1
v 0.453785 0.783421 0.695009 0 0 1
v 0.453348 0.779872 0.696372 0 0 1
v 0.452225 0.778375 0.69971 0 0 1
v 0.451076 0.779807 0.703068 0 0 1
v 0.454876 0.783359 0.705939 0 0 1
v 0.455314 0.786907 0.704575 0 0 1
v 0.456436 0.788405 0.701237 0 0 1
v 0.457586 0.786973 0.69788 0 0 1
v 0.458089 0.783451 0.696469 0 0 1
v 0.457652 0.779903 0.697833 0 0 1
v 0.456529 0.778405 0.701171 0 0 1
v 0.455379 0.779837 0.704528 0 0 1
v 0.45918 0.783389 0.707399 0 0 1
v 0.459618 0.786938 0.706036 0 0 1
v 0.46074 0.788435 0.702698 0 0 1
v 0.46189 0.787003 0.69934 0 0 1
v 0.462393 0.783482 0.69793 0 0 1
v 0.461955 0.779933 0.699293 0 0 1
v 0.460833 0.778436 0.702632 0 0 1
v 0.459683 0.779867 0.705989 0 0 1
v 0.427266 0.783156 0.688782 0 0 1
v 0.443571 0.783314 0.696822 0 0 1
v 0.425055 0.783087 0.693266 0 0 1
v 0.425653 0.786642 0.691984 0 0 1
v 0.427196 0.788156 0.688825 0 0 1
v 0.428779 0.786741 0.685642 0 0 1
v 0.429476 0.783226 0.684298 0 0 1
v 0.428878 0.779671 0.68558 0 0 1
v 0.427336 0.778157 0.688739 0 0 1
v 0.425752 0.779572 0.691922 0 0 1
v 0.429132 0.783126 0.695276 0 0 1
v 0.42973 0.786682 0.693994 0 0 1
v 0.431272 0.788195 0.690835 0 0 1
v 0.432856 0.78678 0.687652 0 0 1
v 0.433553 0.783266 0.686308 0 0 1
v 0.432954 0.77971 0.68759 0 0 1
v 0.431412 0.778197 0.690749 0 0 1
v 0.429828 0.779612 0.693932 0 0 1
v 0.433208 0.783166 0.697286 0 0 1
v 0.433806 0.786721 0.696003 0 0 1
v 0.435349 0.788235 0.692845 0 0 1
v 0.436932 0.78682 0.689662 0 0 1
v 0.437629 0.783305 0.688318 0 0 1
v 0.437031 0.77975 0.6896 0 0 1
v 0.435488 0.778236 0.692758 0 0 1
v 0.433905 0.779651 0.695942 0 0 1
v 0.437284 0.783205 0.699296 0 0 1
v 0.437882 0.786761 0.698013 0 0 1
v 0.439425 0.788274 0.694855 0 0 1
v 0.441008 0.786859 0.691672 0 0 1
v 0.441705 0.783345 0.690328 0 0 1
v 0.441107 0.779789 0.69161 0 0 1
v 0.439565 0.778276 0.694768 0 0 1
v 0.437981 0.77969 0.697952 0 0 1
v 0.441361 0.783245 0.701306 0 0 1
v 0.441959 0.7868 0.700023 0 0 1
v 0.443501 0.788314 0.696865 0 0 1
v 0.445085 0.786899 0.693682 0 0 1
v 0.445782 0.783384 0.692337 0 0 1
v 0.445183 0.779829 0.69362 0 0 1
v 0.443641 0.778315 0.696778 0 0 1
v 0.442057 0.77973 0.699962 0 0 1
v 0.41215 0.782965 0.678683 0 0 1
v 0.427266 0.783156 0.688782 0 0 1
v 0.409373 0.782866 0.68284 0 0 1
v 0.410117 0.786429 0.68166 0 0 1
v 0.412051 0.787963 0.678736 0 0 1
v 0.414043 0.786569 0.675781 0 0 1
v 0.414926 0.783063 0.674526 0 0 1
v 0.414182 0.7795 0.675706 0 0 1
v 0.412248 0.777966 0.67863 0 0 1
v 0.410256 0.77936 0.681585 0 0 1
v 0.413152 0.782914 0.685365 0 0 1
v 0.413896 0.786477 0.684185 0 0 1
v 0.41583 0.788011 0.681261 0 0 1
v 0.417822 0.786617 0.678305 0 0 1
v 0.418705 0.783111 0.67705 0 0 1
v 0.417962 0.779548 0.678231 0 0 1
v 0.416027 0.778014 0.681155 0 0 1
v 0.414035 0.779408 0.68411 0 0 1
v 0.416932 0.782962 0.68789 0 0 1
v 0.417675 0.786525 0.68671 0 0 1
v 0.419609 0.788059 0.683785 0 0 1
v 0.421601 0.786665 0.68083 0 0 1
v 0.422484 0.783159 0.679575 0 0 1
v 0.421741 0.779596 0.680756 0 0 1
v 0.419806 0.778062 0.68368 0 0 1
v 0.417814 0.779456 0.686635 0 0 1
v 0.420711 0.78301 0.690415 0 0 1
v 0.421454 0.786573 0.689234 0 0 1
v 0.423388 0.788107 0.68631 0 0 1
v 0.42538 0.786713 0.683355 0 0 1
v 0.426263 0.783207 0.6821 0 0 1
v 0.42552 0.779644 0.68328 0 0 1
v 0.423586 0.77811 0.686204 0 0 1
v 0.421594 0.779504 0.68916 0 0 1
v 0.42449 0.783058 0.692939 0 0 1
v 0.425233 0.786621 0.691759 0 0 1
v 0.427167 0.788155 0.688835 0 0 1
v 0.429159 0.786761 0.68588 0 0 1
v 0.430042 0.783255 0.684625 0 0 1
v 0.429299 0.779692 0.685805 0 0 1
v 0.427365 0.778158 0.688729 0 0 1
v 0.425373 0.779552 0.691684 0 0 1
v 0.398481 0.782742 0.666698 0 0 1
v 0.41215 0.782965 0.678683 0 0 1
v 0.395187 0.782606 0.670457 0 0 1
v 0.396056 0.78618 0.669399 0 0 1
v 0.398346 0.787739 0.666759 0 0 1
v 0.400715 0.786371 0.664083 0 0 1
v 0.401775 0.782877 0.662939 0 0 1
v 0.400906 0.779303 0.663996 0 0 1
v 0.398616 0.777744 0.666636 0 0 1
v 0.396248 0.779112 0.669312 0 0 1
v 0.398604 0.782662 0.673453 0 0 1
v 0.399473 0.786236 0.672395 0 0 1
v 0.401763 0.787795 0.669755 0 0 1
v 0.404132 0.786427 0.667079 0 0 1
v 0.405192 0.782933 0.665935 0 0 1
v 0.404323 0.779359 0.666993 0 0 1
v 0.402033 0.7778 0.669633 0 0 1
v 0.399665 0.779168 0.672309 0 0 1
v 0.402021 0.782718 0.676449 0 0 1
v 0.40289 0.786291 0.675392 0 0 1
v 0.40518 0.787851 0.672752 0 0 1
v 0.407549 0.786483 0.670076 0 0 1
v 0.408609 0.782988 0.668931 0 0 1
v 0.40774 0.779415 0.669989 0 0 1
v 0.405451 0.777855 0.672629 0 0 1
v 0.403082 0.779223 0.675305 0 0 1
v 0.405438 0.782774 0.679446 0 0 1
v 0.406308 0.786347 0.678388 0 0 1
v 0.408597 0.787907 0.675748 0 0 1
v 0.410966 0.786538 0.673072 0 0 1
v 0.412027 0.783044 0.671928 0 0 1
v 0.411157 0.77947 0.672985 0 0 1
v 0.408868 0.777911 0.675625 0 0 1
v 0.406499 0.779279 0.678301 0 0 1
v 0.408856 0.782829 0.682442 0 0 1
v 0.409725 0.786403 0.681384 0 0 1
v 0.412014 0.787962 0.678744 0 0 1
v 0.414383 0.786594 0.676068 0 0 1
v 0.415444 0.7831 0.674924 0 0 1
v 0.414574 0.779526 0.675982 0 0 1
v 0.412285 0.777967 0.678622 0 0 1
v 0.409916 0.779335 0.681298 0 0 1
v 0.386494 0.782492 0.653031 0 0 1
v 0.398481 0.782742 0.666698 0 0 1
v 0.382739 0.782309 0.656328 0 0 1
v 0.38371 0.785895 0.655411 0 0 1
v 0.386312 0.787488 0.6531 0 0 1
v 0.38902 0.786154 0.650749 0 0 1
v 0.390249 0.782674 0.649734 0 0 1
v 0.389278 0.779088 0.650651 0 0 1
v 0.386677 0.777495 0.652962 0 0 1
v 0.383968 0.77883 0.655313 0 0 1
v 0.385736 0.782372 0.659744 0 0 1
v 0.386707 0.785958 0.658827 0 0 1
v 0.389308 0.78755 0.656516 0 0 1
v 0.392017 0.786216 0.654165 0 0 1
v 0.393246 0.782737 0.653151 0 0 1
v 0.392275 0.77915 0.654068 0 0 1
v 0.389674 0.777558 0.656379 0 0 1
v 0.386965 0.778892 0.65873 0 0 1
v 0.388733 0.782434 0.663161 0 0 1
v 0.389704 0.78602 0.662244 0 0 1
v 0.392305 0.787613 0.659933 0 0 1
v 0.395014 0.786279 0.657582 0 0 1
v 0.396243 0.782799 0.656568 0 0 1
v 0.395272 0.779213 0.657485 0 0 1
v 0.39267 0.77762 0.659796 0 0 1
v 0.389962 0.778955 0.662147 0 0 1
v 0.39173 0.782497 0.666578 0 0 1
v 0.3927 0.786083 0.665661 0 0 1
v 0.395302 0.787675 0.66335 0 0 1
v 0.39801 0.786341 0.660999 0 0 1
v 0.399239 0.782862 0.659984 0 0 1
v 0.398269 0.779275 0.660901 0 0 1
v 0.395667 0.777683 0.663212 0 0 1
v 0.392958 0.779017 0.665563 0 0 1
v 0.394726 0.782559 0.669994 0 0 1
v 0.395697 0.786145 0.669077 0 0 1
v 0.398299 0.787738 0.666766 0 0 1
v 0.401007 0.786404 0.664415 0 0 1
v 0.402236 0.782924 0.663401 0 0 1
v 0.401265 0.779338 0.664318 0 0 1
v 0.398664 0.777745 0.666629 0 0 1
v 0.395955 0.77908 0.66898 0 0 1
v 0.376394 0.782219 0.637917 0 0 1
v 0.386494 0.782492 0.653031 0 0 1
v 0.372244 0.781972 0.640695 0 0 1
v 0.373285 0.785575 0.639934 0 0 1
v 0.376147 0.787212 0.637992 0 0 1
v 0.379154 0.785924 0.636006 0 0 1
v 0.380544 0.782466 0.635139 0 0 1
v 0.379503 0.778863 0.6359 0 0 1
v 0.376641 0.777226 0.637842 0 0 1
v 0.373634 0.778513 0.639828 0 0 1
v 0.374769 0.78204 0.644473 0 0 1
v 0.37581 0.785643 0.643713 0 0 1
v 0.378672 0.78728 0.64177 0 0 1
v 0.381679 0.785993 0.639784 0 0 1
v 0.383069 0.782534 0.638918 0 0 1
v 0.382028 0.778931 0.639678 0 0 1
v 0.379166 0.777294 0.64162 0 0 1
v 0.376159 0.778581 0.643607 0 0 1
v 0.377294 0.782108 0.648252 0 0 1
v 0.378335 0.785711 0.647491 0 0 1
v 0.381197 0.787349 0.645549 0 0 1
v 0.384204 0.786061 0.643563 0 0 1
v 0.385594 0.782602 0.642696 0 0 1
v 0.384553 0.778999 0.643457 0 0 1
v 0.381691 0.777362 0.645399 0 0 1
v 0.378684 0.77865 0.647385 0 0 1
v 0.379819 0.782176 0.65203 0 0 1
v 0.38086 0.785779 0.65127 0 0 1
v 0.383722 0.787417 0.649327 0 0 1
v 0.386729 0.786129 0.647341 0 0 1
v 0.388119 0.782671 0.646475 0 0 1
v 0.387079 0.779067 0.647235 0 0 1
v 0.384216 0.77743 0.649177 0 0 1
v 0.381209 0.778718 0.651164 0 0 1
v 0.382344 0.782244 0.655809 0 0 1
v 0.383385 0.785848 0.655048 0 0 1
v 0.386247 0.787485 0.653106 0 0 1
v 0.389254 0.786197 0.65112 0 0 1
v 0.390644 0.782739 0.650253 0 0 1
v 0.389604 0.779136 0.651014 0 0 1
v 0.386741 0.777498 0.652956 0 0 1
v 0.383734 0.778786 0.654942 0 0 1
v 0.368353 0.781928 0.621614 0 0 1
v 0.376394 0.782219 0.637917 0 0 1
v 0.363882 0.781585 0.623825 0 0 1
v 0.364949 0.785212 0.623234 0 0 1
v 0.368011 0.786915 0.621694 0 0 1
v 0.371273 0.785697 0.620107 0 0 1
v 0.372825 0.782271 0.619402 0 0 1
v 0.371757 0.778643 0.619994 0 0 1
v 0.368696 0.77694 0.621534 0 0 1
v 0.365434 0.778159 0.623121 0 0 1
v 0.365892 0.781658 0.627901 0 0 1
v 0.36696 0.785285 0.62731 0 0 1
v 0.370021 0.786988 0.62577 0 0 1
v 0.373283 0.78577 0.624182 0 0 1
v 0.374835 0.782343 0.623478 0 0 1
v 0.373768 0.778716 0.624069 0 0 1
v 0.370706 0.777013 0.62561 0 0 1
v 0.367444 0.778232 0.627197 0 0 1
v 0.367902 0.781731 0.631977 0 0 1
v 0.36897 0.785358 0.631386 0 0 1
v 0.372031 0.787061 0.629845 0 0 1
v 0.375293 0.785842 0.628258 0 0 1
v 0.376845 0.782416 0.627554 0 0 1
v 0.375778 0.778789 0.628145 0 0 1
v 0.372716 0.777086 0.629685 0 0 1
v 0.369454 0.778304 0.631272 0 0 1
v 0.369913 0.781803 0.636052 0 0 1
v 0.37098 0.785431 0.635461 0 0 1
v 0.374041 0.787134 0.633921 0 0 1
v 0.377303 0.785915 0.632334 0 0 1
v 0.378855 0.782489 0.63163 0 0 1
v 0.377788 0.778862 0.632221 0 0 1
v 0.374727 0.777158 0.633761 0 0 1
v 0.371465 0.778377 0.635348 0 0 1
v 0.371923 0.781876 0.640128 0 0 1
v 0.37299 0.785503 0.639537 0 0 1
v 0.376051 0.787206 0.637997 0 0 1
v 0.379313 0.785988 0.63641 0 0 1
v 0.380865 0.782562 0.635705 0 0 1
v 0.379798 0.778934 0.636297 0 0 1
v 0.376737 0.777231 0.637837 0 0 1
v 0.373475 0.77845 0.639424 0 0 1
v 0.36251 0.781624 0.604401 0 0 1
v 0.368353 0.781928 0.621614 0 0 1
v 0.357802 0.781119 0.606008 0 0 1
v 0.358824 0.784784 0.605596 0 0 1
v 0.362005 0.786598 0.604484 0 0 1
v 0.365482 0.785498 0.603324 0 0 1
v 0.367218 0.782129 0.602794 0 0 1
v 0.366196 0.778464 0.603205 0 0 1
v 0.363015 0.77665 0.604317 0 0 1
v 0.359538 0.77775 0.605478 0 0 1
v 0.359263 0.781195 0.610311 0 0 1
v 0.360285 0.78486 0.6099 0 0 1
v 0.363466 0.786674 0.608788 0 0 1
v 0.366942 0.785574 0.607627 0 0 1
v 0.368678 0.782205 0.607097 0 0 1
v 0.367657 0.77854 0.607509 0 0 1
v 0.364476 0.776726 0.60862 0 0 1
v 0.360999 0.777826 0.609781 0 0 1
v 0.360724 0.781271 0.614614 0 0 1
v 0.361746 0.784936 0.614203 0 0 1
v 0.364927 0.78675 0.613091 0 0 1
v 0.368403 0.78565 0.61193 0 0 1
v 0.370139 0.782281 0.6114 0 0 1
v 0.369118 0.778616 0.611812 0 0 1
v 0.365937 0.776802 0.612924 0 0 1
v 0.36246 0.777902 0.614085 0 0 1
v 0.362185 0.781347 0.618918 0 0 1
v 0.363207 0.785012 0.618506 0 0 1
v 0.366387 0.786826 0.617394 0 0 1
v 0.369864 0.785726 0.616233 0 0 1
v 0.3716 0.782357 0.615703 0 0 1
v 0.370579 0.778692 0.616115 0 0 1
v 0.367398 0.776878 0.617227 0 0 1
v 0.363921 0.777978 0.618388 0 0 1
v 0.363646 0.781423 0.623221 0 0 1
v 0.364667 0.785088 0.622809 0 0 1
v 0.367848 0.786902 0.621697 0 0 1
v 0.371325 0.785802 0.620537 0 0 1
v 0.373061 0.782433 0.620007 0 0 1
v 0.37204 0.778768 0.620418 0 0 1
v 0.368859 0.776954 0.62153 0 0 1
v 0.365382 0.778054 0.622691 0 0 1
v 0.358963 0.781312 0.586572 0 0 1
v 0.36251 0.781624 0.604401 0 0 1
v 0.354136 0.780447 0.587548 0 0 1
v 0.354939 0.784182 0.587323 0 0 1
v 0.358099 0.786236 0.586658 0 0 1
v 0.361765 0.785405 0.585943 0 0 1
v 0.363791 0.782176 0.585597 0 0 1
v 0.362988 0.778441 0.585822 0 0 1
v 0.359828 0.776388 0.586487 0 0 1
v 0.356162 0.777219 0.587201 0 0 1
v 0.355023 0.780525 0.592005 0 0 1
v 0.355825 0.78426 0.59178 0 0 1
v 0.358985 0.786314 0.591115 0 0 1
v 0.362652 0.785483 0.590401 0 0 1
v 0.364677 0.782254 0.590054 0 0 1
v 0.363875 0.778519 0.590279 0 0 1
v 0.360715 0.776466 0.590944 0 0 1
v 0.357048 0.777297 0.591659 0 0 1
v 0.35591 0.780603 0.596462 0 0 1
v 0.356712 0.784338 0.596237 0 0 1
v 0.359872 0.786392 0.595572 0 0 1
v 0.363539 0.785561 0.594858 0 0 1
v 0.365564 0.782332 0.594511 0 0 1
v 0.364761 0.778597 0.594736 0 0 1
v 0.361601 0.776544 0.595401 0 0 1
v 0.357935 0.777375 0.596116 0 0 1
v 0.356796 0.780681 0.600919 0 0 1
v 0.357599 0.784416 0.600694 0 0 1
v 0.360759 0.78647 0.60003 0 0 1
v 0.364425 0.785639 0.599315 0 0 1
v 0.36645 0.78241 0.598968 0 0 1
v 0.365648 0.778675 0.599193 0 0 1
v 0.362488 0.776622 0.599858 0 0 1
v 0.358821 0.777453 0.600573 0 0 1
v 0.357683 0.780759 0.605376 0 0 1
v 0.358485 0.784494 0.605151 0 0 1
v 0.361645 0.786548 0.604487 0 0 1
v 0.365312 0.785717 0.603772 0 0 1
v 0.367337 0.782489 0.603425 0 0 1
v 0.366535 0.778754 0.60365 0 0 1
v 0.363375 0.7767 0.604315 0 0 1
v 0.359708 0.777531 0.60503 0 0 1
v 0.357775 0.780997 0.568434 0 0 1
v 0.358963 0.781312 0.586572 0 0 1
v 0.35344 0.778526 0.568761 0 0 1
v 0.352963 0.782323 0.568726 0 0 1
v 0.355304 0.785343 0.56852 0 0 1
v 0.359092 0.785817 0.568264 0 0 1
v 0.362109 0.783468 0.568107 0 0 1
v 0.362587 0.779671 0.568141 0 0 1
v 0.360246 0.776651 0.568347 0 0 1
v 0.356457 0.776177 0.568604 0 0 1
v 0.353738 0.778605 0.573295 0 0 1
v 0.35326 0.782401 0.573261 0 0 1
v 0.355601 0.785422 0.573055 0 0 1
v 0.359389 0.785896 0.572798 0 0 1
v 0.362406 0.783547 0.572641 0 0 1
v 0.362884 0.77975 0.572676 0 0 1
v 0.360543 0.77673 0.572882 0 0 1
v 0.356754 0.776255 0.573138 0 0 1
v 0.354035 0.778683 0.57783 0 0 1
v 0.353557 0.78248 0.577795 0 0 1
v 0.355898 0.7855 0.57759 0 0 1
v 0.359687 0.785975 0.577333 0 0 1
v 0.362703 0.783626 0.577176 0 0 1
v 0.363181 0.779829 0.577211 0 0 1
v 0.36084 0.776809 0.577417 0 0 1
v 0.357052 0.776334 0.577673 0 0 1
v 0.354332 0.778762 0.582365 0 0 1
v 0.353854 0.782559 0.58233 0 0 1
v 0.356195 0.785579 0.582124 0 0 1
v 0.359984 0.786053 0.581868 0 0 1
v 0.363001 0.783704 0.581711 0 0 1
v 0.363479 0.779907 0.581745 0 0 1
v 0.361137 0.776887 0.581951 0 0 1
v 0.357349 0.776413 0.582208 0 0 1
v 0.354629 0.778841 0.586899 0 0 1
v 0.354151 0.782637 0.586865 0 0 1
v 0.356492 0.785658 0.586659 0 0 1
v 0.360281 0.786132 0.586402 0 0 1
v 0.363298 0.783783 0.586246 0 0 1
v 0.363776 0.779986 0.58628 0 0 1
v 0.361435 0.776966 0.586486 0 0 1
v 0.357646 0.776491 0.586742 0 0 1
v 0.358964 0.780685 0.550295 0 0 1
v 0.357775 0.780997 0.568434 0 0 1
v 0.354618 0.783136 0.549968 0 0 1
v 0.357624 0.785499 0.550124 0 0 1
v 0.361415 0.785042 0.550381 0 0 1
v 0.36377 0.782033 0.550587 0 0 1
v 0.36331 0.778234 0.550622 0 0 1
v 0.360304 0.775871 0.550466 0 0 1
v 0.356513 0.776328 0.550209 0 0 1
v 0.354158 0.779337 0.550003 0 0 1
v 0.354321 0.783214 0.554503 0 0 1
v 0.357327 0.785577 0.554659 0 0 1
v 0.361118 0.78512 0.554915 0 0 1
v 0.363473 0.782111 0.555122 0 0 1
v 0.363013 0.778312 0.555157 0 0 1
v 0.360007 0.775949 0.555 0 0 1
v 0.356216 0.776406 0.554744 0 0 1
v 0.353861 0.779415 0.554538 0 0 1
v 0.354024 0.783292 0.559037 0 0 1
v 0.35703 0.785655 0.559194 0 0 1
v 0.36082 0.785198 0.55945 0 0 1
v 0.363176 0.782189 0.559656 0 0 1
v 0.362715 0.77839 0.559691 0 0 1
v 0.359709 0.776027 0.559535 0 0 1
v 0.355919 0.776484 0.559279 0 0 1
v 0.353563 0.779493 0.559072 0 0 1
v 0.353726 0.78337 0.563572 0 0 1
v 0.356732 0.785733 0.563728 0 0 1
v 0.360523 0.785276 0.563985 0 0 1
v 0.362878 0.782267 0.564191 0 0 1
v 0.362418 0.778468 0.564226 0 0 1
v 0.359412 0.776105 0.56407 0 0 1
v 0.355621 0.776562 0.563813 0 0 1
v 0.353266 0.779571 0.563607 0 0 1
v 0.353429 0.783448 0.568107 0 0 1
v 0.356435 0.785811 0.568263 0 0 1
v 0.360226 0.785354 0.56852 0 0 1
v 0.362581 0.782345 0.568726 0 0 1
v 0.362121 0.778546 0.568761 0 0 1
v 0.359115 0.776183 0.568604 0 0 1
v 0.355324 0.77664 0.568348 0 0 1
v 0.352969 0.779649 0.568142 0 0 1
v 0.362511 0.780381 0.532467 0 0 1
v 0.358964 0.780685 0.550295 0 0 1
v 0.35768 0.781223 0.531491 0 0 1
v 0.359691 0.784461 0.531836 0 0 1
v 0.363353 0.785309 0.53255 0 0 1
v 0.366523 0.78327 0.533216 0 0 1
v 0.367342 0.779539 0.533442 0 0 1
v 0.365332 0.776301 0.533097 0 0 1
v 0.361669 0.775453 0.532383 0 0 1
v 0.3585 0.777492 0.531718 0 0 1
v 0.356794 0.781299 0.535948 0 0 1
v 0.358804 0.784537 0.536293 0 0 1
v 0.362467 0.785385 0.537007 0 0 1
v 0.365636 0.783346 0.537673 0 0 1
v 0.366456 0.779615 0.537899 0 0 1
v 0.364445 0.776377 0.537554 0 0 1
v 0.360783 0.775529 0.53684 0 0 1
v 0.357613 0.777568 0.536175 0 0 1
v 0.355907 0.781375 0.540405 0 0 1
v 0.357917 0.784613 0.54075 0 0 1
v 0.36158 0.785461 0.541464 0 0 1
v 0.364749 0.783422 0.54213 0 0 1
v 0.365569 0.779691 0.542356 0 0 1
v 0.363558 0.776453 0.542012 0 0 1
v 0.359896 0.775605 0.541297 0 0 1
v 0.356726 0.777644 0.540632 0 0 1
v 0.35502 0.781451 0.544862 0 0 1
v 0.35703 0.784689 0.545207 0 0 1
v 0.360693 0.785537 0.545921 0 0 1
v 0.363863 0.783498 0.546587 0 0 1
v 0.364682 0.779767 0.546813 0 0 1
v 0.362672 0.776529 0.546469 0 0 1
v 0.359009 0.775681 0.545754 0 0 1
v 0.355839 0.77772 0.545089 0 0 1
v 0.354133 0.781527 0.549319 0 0 1
v 0.356144 0.784765 0.549664 0 0 1
v 0.359806 0.785613 0.550379 0 0 1
v 0.362976 0.783574 0.551044 0 0 1
v 0.363795 0.779843 0.551271 0 0 1
v 0.361785 0.776605 0.550926 0 0 1
v 0.358122 0.775757 0.550211 0 0 1
v 0.354953 0.777796 0.549546 0 0 1
v 0.368356 0.780091 0.515254 0 0 1
v 0.362511 0.780381 0.532467 0 0 1
v 0.363646 0.780573 0.513646 0 0 1
v 0.365366 0.783951 0.514174 0 0 1
v 0.368838 0.785067 0.515334 0 0 1
v 0.372027 0.783268 0.516447 0 0 1
v 0.373066 0.779608 0.516861 0 0 1
v 0.371345 0.776231 0.516334 0 0 1
v 0.367873 0.775115 0.515174 0 0 1
v 0.364684 0.776914 0.514061 0 0 1
v 0.362185 0.780646 0.51795 0 0 1
v 0.363905 0.784023 0.518477 0 0 1
v 0.367377 0.785139 0.519637 0 0 1
v 0.370566 0.783341 0.52075 0 0 1
v 0.371604 0.779681 0.521164 0 0 1
v 0.369884 0.776304 0.520637 0 0 1
v 0.366412 0.775187 0.519477 0 0 1
v 0.363223 0.776986 0.518364 0 0 1
v 0.360724 0.780719 0.522253 0 0 1
v 0.362444 0.784096 0.52278 0 0 1
v 0.365916 0.785212 0.52394 0 0 1
v 0.369105 0.783413 0.525053 0 0 1
v 0.370143 0.779753 0.525467 0 0 1
v 0.368423 0.776376 0.52494 0 0 1
v 0.364951 0.77526 0.52378 0 0 1
v 0.361762 0.777059 0.522667 0 0 1
v 0.359262 0.780791 0.526556 0 0 1
v 0.360983 0.784169 0.527083 0 0 1
v 0.364455 0.785285 0.528243 0 0 1
v 0.367644 0.783486 0.529356 0 0 1
v 0.368682 0.779826 0.529771 0 0 1
v 0.366962 0.776449 0.529243 0 0 1
v 0.36349 0.775333 0.528083 0 0 1
v 0.360301 0.777131 0.52697 0 0 1
v 0.357801 0.780864 0.530859 0 0 1
v 0.359522 0.784241 0.531387 0 0 1
v 0.362994 0.785357 0.532547 0 0 1
v 0.366183 0.783559 0.53366 0 0 1
v 0.367221 0.779899 0.534074 0 0 1
v 0.3655 0.776521 0.533547 0 0 1
v 0.362029 0.775405 0.532387 0 0 1
v 0.35884 0.777204 0.531274 0 0 1
v 0.376397 0.779819 0.498951 0 0 1
v 0.368356 0.780091 0.515254 0 0 1
v 0.371924 0.780139 0.496739 0 0 1
v 0.373461 0.783573 0.49744 0 0 1
v 0.376718 0.784808 0.499026 0 0 1
v 0.379786 0.78312 0.500567 0 0 1
v 0.38087 0.779498 0.501162 0 0 1
v 0.379333 0.776064 0.500461 0 0 1
v 0.376076 0.774829 0.498876 0 0 1
v 0.373007 0.776517 0.497334 0 0 1
v 0.369914 0.780207 0.500815 0 0 1
v 0.371451 0.783641 0.501516 0 0 1
v 0.374707 0.784876 0.503101 0 0 1
v 0.377776 0.783188 0.504643 0 0 1
v 0.378859 0.779566 0.505238 0 0 1
v 0.377323 0.776132 0.504537 0 0 1
v 0.374066 0.774897 0.502952 0 0 1
v 0.370997 0.776586 0.50141 0 0 1
v 0.367903 0.780275 0.504891 0 0 1
v 0.36944 0.783709 0.505591 0 0 1
v 0.372697 0.784944 0.507177 0 0 1
v 0.375766 0.783256 0.508719 0 0 1
v 0.376849 0.779634 0.509314 0 0 1
v 0.375312 0.7762 0.508613 0 0 1
v 0.372056 0.774965 0.507027 0 0 1
v 0.368987 0.776654 0.505485 0 0 1
v 0.365893 0.780343 0.508966 0 0 1
v 0.36743 0.783777 0.509667 0 0 1
v 0.370687 0.785012 0.511253 0 0 1
v 0.373755 0.783324 0.512795 0 0 1
v 0.374839 0.779702 0.513389 0 0 1
v 0.373302 0.776268 0.512689 0 0 1
v 0.370045 0.775034 0.511103 0 0 1
v 0.366976 0.776722 0.509561 0 0 1
v 0.363883 0.780411 0.513042 0 0 1
v 0.36542 0.783845 0.513743 0 0 1
v 0.368676 0.78508 0.515329 0 0 1
v 0.371745 0.783392 0.51687 0 0 1
v 0.372828 0.77977 0.517465 0 0 1
v 0.371292 0.776336 0.516765 0 0 1
v 0.368035 0.775102 0.515179 0 0 1
v 0.364966 0.77679 0.513637 0 0 1
v 0.386498 0.779569 0.483836 0 0 1
v 0.376397 0.779819 0.498951 0 0 1
v 0.382347 0.779795 0.481059 0 0 1
v 0.383722 0.78326 0.481921 0 0 1
v 0.386724 0.784564 0.483905 0 0 1
v 0.389593 0.782941 0.485849 0 0 1
v 0.390649 0.779343 0.486614 0 0 1
v 0.389273 0.775878 0.485752 0 0 1
v 0.386272 0.774575 0.483768 0 0 1
v 0.383403 0.776197 0.481824 0 0 1
v 0.379821 0.779857 0.484837 0 0 1
v 0.381197 0.783323 0.485699 0 0 1
v 0.384198 0.784626 0.487684 0 0 1
v 0.387068 0.783003 0.489628 0 0 1
v 0.388124 0.779406 0.490393 0 0 1
v 0.386748 0.77594 0.489531 0 0 1
v 0.383747 0.774637 0.487546 0 0 1
v 0.380877 0.77626 0.485602 0 0 1
v 0.377296 0.77992 0.488616 0 0 1
v 0.378672 0.783385 0.489478 0 0 1
v 0.381673 0.784688 0.491462 0 0 1
v 0.384542 0.783066 0.493406 0 0 1
v 0.385598 0.779468 0.494171 0 0 1
v 0.384223 0.776003 0.493309 0 0 1
v 0.381221 0.774699 0.491325 0 0 1
v 0.378352 0.776322 0.489381 0 0 1
v 0.374771 0.779982 0.492394 0 0 1
v 0.376147 0.783447 0.493256 0 0 1
v 0.379148 0.784751 0.495241 0 0 1
v 0.382017 0.783128 0.497185 0 0 1
v 0.383073 0.77953 0.49795 0 0 1
v 0.381698 0.776065 0.497088 0 0 1
v 0.378696 0.774762 0.495104 0 0 1
v 0.375827 0.776384 0.493159 0 0 1
v 0.372246 0.780044 0.496173 0 0 1
v 0.373621 0.78351 0.497035 0 0 1
v 0.376623 0.784813 0.499019 0 0 1
v 0.379492 0.78319 0.500963 0 0 1
v 0.380548 0.779593 0.501729 0 0 1
v 0.379172 0.776127 0.500866 0 0 1
v 0.376171 0.774824 0.498882 0 0 1
v 0.373302 0.776447 0.496938 0 0 1
v 0.398485 0.779347 0.47017 0 0 1
v 0.386498 0.779569 0.483836 0 0 1
v 0.394729 0.779509 0.466873 0 0 1
v 0.395944 0.782995 0.467882 0 0 1
v 0.398647 0.784344 0.470231 0 0 1
v 0.401255 0.782766 0.472544 0 0 1
v 0.402241 0.779185 0.473467 0 0 1
v 0.401026 0.775699 0.472458 0 0 1
v 0.398323 0.77435 0.470109 0 0 1
v 0.395715 0.775928 0.467795 0 0 1
v 0.391733 0.779565 0.47029 0 0 1
v 0.392947 0.783051 0.471298 0 0 1
v 0.39565 0.7844 0.473648 0 0 1
v 0.398259 0.782821 0.475961 0 0 1
v 0.399244 0.77924 0.476883 0 0 1
v 0.398029 0.775754 0.475874 0 0 1
v 0.395326 0.774406 0.473525 0 0 1
v 0.392718 0.775984 0.471212 0 0 1
v 0.388736 0.77962 0.473706 0 0 1
v 0.38995 0.783106 0.474715 0 0 1
v 0.392654 0.784455 0.477064 0 0 1
v 0.395262 0.782877 0.479378 0 0 1
v 0.396247 0.779296 0.4803 0 0 1
v 0.395032 0.77581 0.479291 0 0 1
v 0.392329 0.774461 0.476942 0 0 1
v 0.389721 0.776039 0.474629 0 0 1
v 0.385739 0.779676 0.477123 0 0 1
v 0.386954 0.783162 0.478132 0 0 1
v 0.389657 0.784511 0.480481 0 0 1
v 0.392265 0.782932 0.482794 0 0 1
v 0.39325 0.779351 0.483717 0 0 1
v 0.392035 0.775866 0.482708 0 0 1
v 0.389332 0.774517 0.480359 0 0 1
v 0.386724 0.776095 0.478045 0 0 1
v 0.382742 0.779731 0.48054 0 0 1
v 0.383957 0.783217 0.481548 0 0 1
v 0.38666 0.784566 0.483898 0 0 1
v 0.389268 0.782988 0.486211 0 0 1
v 0.390253 0.779407 0.487133 0 0 1
v 0.389039 0.775921 0.486124 0 0 1
v 0.386335 0.774572 0.483775 0 0 1
v 0.383727 0.77615 0.481462 0 0 1
v 0.412154 0.779156 0.458184 0 0 1
v 0.398485 0.779347 0.47017 0 0 1
v 0.408859 0.779272 0.454425 0 0 1
v 0.409906 0.782772 0.455563 0 0 1
v 0.41227 0.784154 0.458237 0 0 1
v 0.414566 0.782608 0.46088 0 0 1
v 0.415449 0.77904 0.461944 0 0 1
v 0.414402 0.775539 0.460805 0 0 1
v 0.412038 0.774158 0.458132 0 0 1
v 0.409742 0.775704 0.455489 0 0 1
v 0.405442 0.77932 0.457422 0 0 1
v 0.406489 0.78282 0.45856 0 0 1
v 0.408853 0.784202 0.461233 0 0 1
v 0.411148 0.782656 0.463876 0 0 1
v 0.412031 0.779088 0.46494 0 0 1
v 0.410984 0.775587 0.463802 0 0 1
v 0.408621 0.774205 0.461128 0 0 1
v 0.406325 0.775751 0.458485 0 0 1
v 0.402025 0.779367 0.460418 0 0 1
v 0.403072 0.782868 0.461556 0 0 1
v 0.405436 0.78425 0.46423 0 0 1
v 0.407731 0.782704 0.466872 0 0 1
v 0.408614 0.779135 0.467936 0 0 1
v 0.407567 0.775635 0.466798 0 0 1
v 0.405204 0.774253 0.464125 0 0 1
v 0.402908 0.775799 0.461482 0 0 1
v 0.398608 0.779415 0.463414 0 0 1
v 0.399655 0.782916 0.464552 0 0 1
v 0.402018 0.784298 0.467226 0 0 1
v 0.404314 0.782752 0.469869 0 0 1
v 0.405197 0.779183 0.470933 0 0 1
v 0.40415 0.775683 0.469794 0 0 1
v 0.401786 0.774301 0.467121 0 0 1
v 0.399491 0.775847 0.464478 0 0 1
v 0.39519 0.779463 0.466411 0 0 1
v 0.396237 0.782963 0.467549 0 0 1
v 0.398601 0.784345 0.470222 0 0 1
v 0.400897 0.782799 0.472865 0 0 1
v 0.40178 0.779231 0.473929 0 0 1
v 0.400733 0.775731 0.472791 0 0 1
v 0.398369 0.774349 0.470117 0 0 1
v 0.396073 0.775895 0.467474 0 0 1
v 0.427271 0.778999 0.448085 0 0 1
v 0.412154 0.779156 0.458184 0 0 1
v 0.424494 0.77908 0.443928 0 0 1
v 0.425364 0.782591 0.445176 0 0 1
v 0.427351 0.783998 0.448129 0 0 1
v 0.429291 0.782477 0.451056 0 0 1
v 0.430047 0.778918 0.452243 0 0 1
v 0.429177 0.775407 0.450995 0 0 1
v 0.42719 0.774 0.448042 0 0 1
v 0.42525 0.775521 0.445115 0 0 1
v 0.420715 0.779119 0.446453 0 0 1
v 0.421585 0.78263 0.447701 0 0 1
v 0.423572 0.784037 0.450653 0 0 1
v 0.425512 0.782516 0.45358 0 0 1
v 0.426268 0.778958 0.454768 0 0 1
v 0.425398 0.775446 0.453519 0 0 1
v 0.423411 0.774039 0.450567 0 0 1
v 0.421471 0.77556 0.44764 0 0 1
v 0.416936 0.779158 0.448978 0 0 1
v 0.417806 0.782669 0.450226 0 0 1
v 0.419793 0.784077 0.453178 0 0 1
v 0.421733 0.782555 0.456105 0 0 1
v 0.422489 0.778997 0.457292 0 0 1
v 0.421619 0.775485 0.456044 0 0 1
v 0.419632 0.774078 0.453092 0 0 1
v 0.417692 0.7756 0.450165 0 0 1
v 0.413157 0.779197 0.451502 0 0 1
v 0.414027 0.782709 0.45275 0 0 1
v 0.416014 0.784116 0.455703 0 0 1
v 0.417954 0.782595 0.45863 0 0 1
v 0.41871 0.779036 0.459817 0 0 1
v 0.417839 0.775525 0.458569 0 0 1
v 0.415852 0.774118 0.455617 0 0 1
v 0.413913 0.775639 0.452689 0 0 1
v 0.409377 0.779237 0.454027 0 0 1
v 0.410248 0.782748 0.455275 0 0 1
v 0.412235 0.784155 0.458228 0 0 1
v 0.414174 0.782634 0.461155 0 0 1
v 0.414931 0.779075 0.462342 0 0 1
v 0.41406 0.775564 0.461094 0 0 1
v 0.412073 0.774157 0.458141 0 0 1
v 0.410134 0.775678 0.455214 0 0 1
v 0.443576 0.778879 0.440046 0 0 1
v 0.427271 0.778999 0.448085 0 0 1
v 0.441366 0.778932 0.435561 0 0 1
v 0.442051 0.782452 0.436898 0 0 1
v 0.443629 0.783879 0.440079 0 0 1
v 0.445177 0.782377 0.44324 0 0 1
v 0.445787 0.778826 0.44453 0 0 1
v 0.445102 0.775306 0.443193 0 0 1
v 0.443523 0.773879 0.440013 0 0 1
v 0.441976 0.775381 0.436851 0 0 1
v 0.437289 0.778962 0.437571 0 0 1
v 0.437974 0.782482 0.438908 0 0 1
v 0.439553 0.783909 0.442089 0 0 1
v 0.441101 0.782407 0.44525 0 0 1
v 0.441711 0.778856 0.44654 0 0 1
v 0.441026 0.775336 0.445203 0 0 1
v 0.439447 0.773909 0.442023 0 0 1
v 0.437899 0.775411 0.438861 0 0 1
v 0.433213 0.778992 0.439581 0 0 1
v 0.433898 0.782512 0.440918 0 0 1
v 0.435476 0.783939 0.444099 0 0 1
v 0.437024 0.782437 0.44726 0 0 1
v 0.437634 0.778886 0.44855 0 0 1
v 0.436949 0.775366 0.447213 0 0 1
v 0.43537 0.773939 0.444033 0 0 1
v 0.433823 0.775441 0.440871 0 0 1
v 0.429136 0.779022 0.441591 0 0 1
v 0.429821 0.782542 0.442928 0 0 1
v 0.4314 0.783969 0.446109 0 0 1
v 0.432948 0.782467 0.44927 0 0 1
v 0.433558 0.778916 0.45056 0 0 1
v 0.432873 0.775396 0.449223 0 0 1
v 0.431294 0.773969 0.446043 0 0 1
v 0.429746 0.775471 0.442881 0 0 1
v 0.42506 0.779052 0.443601 0 0 1
v 0.425745 0.782572 0.444938 0 0 1
v 0.427324 0.783999 0.448118 0 0 1
v 0.428871 0.782497 0.45128 0 0 1
v 0.429481 0.778946 0.45257 0 0 1
v 0.428796 0.775426 0.451233 0 0 1
v 0.427218 0.773999 0.448052 0 0 1
v 0.42567 0.775501 0.444891 0 0 1
v 0.460792 0.778798 0.434203 0 0 1
v 0.443576 0.778879 0.440046 0 0 1
v 0.459185 0.778829 0.429468 0 0 1
v 0.459678 0.782356 0.43087 0 0 1
v 0.460823 0.783798 0.434225 0 0 1
v 0.46195 0.782312 0.437566 0 0 1
v 0.462399 0.778767 0.438937 0 0 1
v 0.461906 0.775241 0.437535 0 0 1
v 0.460761 0.773798 0.43418 0 0 1
v 0.459634 0.775285 0.430839 0 0 1
v 0.454881 0.778849 0.430929 0 0 1
v 0.455374 0.782376 0.432331 0 0 1
v 0.456519 0.783818 0.435686 0 0 1
v 0.457646 0.782332 0.439027 0 0 1
v 0.458095 0.778787 0.440398 0 0 1
v 0.457602 0.775261 0.438996 0 0 1
v 0.456457 0.773819 0.435641 0 0 1
v 0.45533 0.775305 0.4323 0 0 1
v 0.450577 0.77887 0.43239 0 0 1
v 0.45107 0.782396 0.433792 0 0 1
v 0.452215 0.783838 0.437146 0 0 1
v 0.453342 0.782352 0.440488 0 0 1
v 0.453791 0.778808 0.441859 0 0 1
v 0.453298 0.775281 0.440456 0 0 1
v 0.452153 0.773839 0.437102 0 0 1
v 0.451026 0.775325 0.433761 0 0 1
v 0.446273 0.77889 0.43385 0 0 1
v 0.446766 0.782416 0.435253 0 0 1
v 0.447911 0.783859 0.438607 0 0 1
v 0.449038 0.782372 0.441949 0 0 1
v 0.449487 0.778828 0.44332 0 0 1
v 0.448994 0.775301 0.441917 0 0 1
v 0.447849 0.773859 0.438563 0 0 1
v 0.446722 0.775345 0.435221 0 0 1
v 0.441969 0.77891 0.435311 0 0 1
v 0.442462 0.782436 0.436714 0 0 1
v 0.443607 0.783879 0.440068 0 0 1
v 0.444734 0.782393 0.443409 0 0 1
v 0.445183 0.778848 0.44478 0 0 1
v 0.44469 0.775322 0.443378 0 0 1
v 0.443545 0.773879 0.440023 0 0 1
v 0.442418 0.775366 0.436682 0 0 1
v 0.478623 0.778758 0.430656 0 0 1
v 0.460792 0.778798 0.434203 0 0 1
v 0.477648 0.778771 0.425752 0 0 1
v 0.477943 0.782303 0.427197 0 0 1
v 0.478637 0.783758 0.430668 0 0 1
v 0.479322 0.782284 0.434132 0 0 1
v 0.479598 0.778744 0.43556 0 0 1
v 0.479303 0.775212 0.434116 0 0 1
v 0.478609 0.773758 0.430645 0 0 1
v 0.477924 0.775232 0.427181 0 0 1
v 0.47319 0.778781 0.426639 0 0 1
v 0.473485 0.782313 0.428083 0 0 1
v 0.474179 0.783768 0.431554 0 0 1
v 0.474864 0.782294 0.435018 0 0 1
v 0.47514 0.778754 0.436447 0 0 1
v 0.474845 0.775223 0.435003 0 0 1
v 0.474152 0.773768 0.431532 0 0 1
v 0.473466 0.775242 0.428067 0 0 1
v 0.468732 0.778791 0.427526 0 0 1
v 0.469027 0.782323 0.42897 0 0 1
v 0.469721 0.783778 0.432441 0 0 1
v 0.470407 0.782304 0.435905 0 0 1
v 0.470683 0.778764 0.437333 0 0 1
v 0.470387 0.775233 0.435889 0 0 1
v 0.469694 0.773778 0.432418 0 0 1
v 0.469008 0.775252 0.428954 0 0 1
v 0.464274 0.778802 0.428412 0 0 1
v 0.46457 0.782333 0.429856 0 0 1
v 0.465263 0.783788 0.433327 0 0 1
v 0.465949 0.782314 0.436792 0 0 1
v 0.466225 0.778774 0.43822 0 0 1
v 0.46593 0.775243 0.436776 0 0 1
v 0.465236 0.773788 0.433305 0 0 1
v 0.46455 0.775262 0.429841 0 0 1
v 0.459817 0.778812 0.429299 0 0 1
v 0.460112 0.782343 0.430743 0 0 1
v 0.460805 0.783798 0.434214 0 0 1
v 0.461491 0.782324 0.437678 0 0 1
v 0.461767 0.778785 0.439107 0 0 1
v 0.461472 0.775253 0.437662 0 0 1
v 0.460778 0.773798 0.434192 0 0 1
v 0.460093 0.775272 0.430727 0 0 1
v 0.496764 0.778758 0.429468 0 0 1
v 0.478623 0.778758 0.430656 0 0 1
v 0.496437 0.778758 0.424478 0 0 1
v 0.496533 0.782294 0.425939 0 0 1
v 0.496764 0.783758 0.429467 0 0 1
v 0.496996 0.782294 0.432995 0 0 1
v 0.497091 0.778758 0.434457 0 0 1
v 0.496996 0.775223 0.432996 0 0 1
v 0.496765 0.773758 0.429468 0 0 1
v 0.496533 0.775222 0.42594 0 0 1
v 0.491902 0.778758 0.424775 0 0 1
v 0.491998 0.782293 0.426237 0 0 1
v 0.492229 0.783758 0.429765 0 0 1
v 0.49246 0.782294 0.433293 0 0 1
v 0.492556 0.778758 0.434754 0 0 1
v 0.49246 0.775223 0.433293 0 0 1
v 0.492229 0.773758 0.429765 0 0 1
v 0.491998 0.775222 0.426237 0 0 1
v 0.487367 0.778758 0.425073 0 0 1
v 0.487462 0.782293 0.426534 0 0 1
v 0.487694 0.783758 0.430062 0 0 1
v 0.487925 0.782294 0.43359 0 0 1
v 0.488021 0.778758 0.435051 0 0 1
v 0.487925 0.775222 0.43359 0 0 1
v 0.487694 0.773758 0.430062 0 0 1
v 0.487463 0.775222 0.426534 0 0 1
v 0.482831 0.778758 0.42537 0 0 1
v 0.482927 0.782293 0.426831 0 0 1
v 0.483158 0.783758 0.430359 0 0 1
v 0.483389 0.782293 0.433887 0 0 1
v 0.483485 0.778758 0.435348 0 0 1
v 0.48339 0.775222 0.433887 0 0 1
v 0.483158 0.773758 0.430359 0 0 1
v 0.482927 0.775222 0.426831 0 0 1
v 0.478296 0.778757 0.425667 0 0 1
v 0.478392 0.782293 0.427128 0 0 1
v 0.478623 0.783758 0.430656 0 0 1
v 0.478854 0.782293 0.434184 0 0 1
v 0.47895 0.778758 0.435646 0 0 1
v 0.478854 0.775222 0.434184 0 0 1
v 0.478623 0.773758 0.430657 0 0 1
v 0.478392 0.775222 0.427129 0 0 1
v 0.514906 0.7788 0.430656 0 0 1
v 0.496764 0.778758 0.429468 0 0 1
v 0.515233 0.778789 0.425667 0 0 1
v 0.515129 0.782328 0.42712 0 0 1
v 0.514895 0.7838 0.430645 0 0 1
v 0.514667 0.782343 0.434176 0 0 1
v 0.514579 0.77881 0.435646 0 0 1
v 0.514682 0.775272 0.434192 0 0 1
v 0.514917 0.7738 0.430668 0 0 1
v 0.515145 0.775257 0.427137 0 0 1
v 0.510697 0.778779 0.42537 0 0 1
v 0.510594 0.782317 0.426823 0 0 1
v 0.51036 0.783789 0.430348 0 0 1
v 0.510132 0.782332 0.433879 0 0 1
v 0.510043 0.7788 0.435348 0 0 1
v 0.510147 0.775261 0.433895 0 0 1
v 0.510381 0.773789 0.430371 0 0 1
v 0.510609 0.775246 0.426839 0 0 1
v 0.506162 0.778768 0.425073 0 0 1
v 0.506059 0.782307 0.426526 0 0 1
v 0.505824 0.783779 0.430051 0 0 1
v 0.505596 0.782322 0.433582 0 0 1
v 0.505508 0.77879 0.435051 0 0 1
v 0.505611 0.775251 0.433598 0 0 1
v 0.505846 0.773779 0.430073 0 0 1
v 0.506074 0.775236 0.426542 0 0 1
v 0.501627 0.778758 0.424775 0 0 1
v 0.501523 0.782296 0.426229 0 0 1
v 0.501289 0.783769 0.429753 0 0 1
v 0.501061 0.782312 0.433285 0 0 1
v 0.500973 0.778779 0.434754 0 0 1
v 0.501076 0.775241 0.433301 0 0 1
v 0.50131 0.773769 0.429776 0 0 1
v 0.501539 0.775225 0.426245 0 0 1
v 0.497091 0.778747 0.424478 0 0 1
v 0.496988 0.782286 0.425931 0 0 1
v 0.496754 0.783758 0.429456 0 0 1
v 0.496526 0.782301 0.432987 0 0 1
v 0.496437 0.778769 0.434457 0 0 1
v 0.496541 0.77523 0.433004 0 0 1
v 0.496775 0.773758 0.429479 0 0 1
v 0.497003 0.775215 0.425948 0 0 1
v 0.532737 0.778882 0.434203 0 0 1
v 0.514906 0.7788 0.430656 0 0 1
v 0.533712 0.778863 0.429299 0 0 1
v 0.533413 0.782404 0.430719 0 0 1
v 0.532718 0.783882 0.43418 0 0 1
v 0.532034 0.78243 0.437654 0 0 1
v 0.531761 0.7789 0.439107 0 0 1
v 0.53206 0.775359 0.437686 0 0 1
v 0.532755 0.773882 0.434225 0 0 1
v 0.53344 0.775333 0.430751 0 0 1
v 0.529254 0.778843 0.428412 0 0 1
v 0.528956 0.782384 0.429833 0 0 1
v 0.528261 0.783861 0.433294 0 0 1
v 0.527576 0.78241 0.436768 0 0 1
v 0.527304 0.77888 0.43822 0 0 1
v 0.527602 0.775339 0.4368 0 0 1
v 0.528298 0.773861 0.433339 0 0 1
v 0.528982 0.775313 0.429864 0 0 1
v 0.524797 0.778822 0.427526 0 0 1
v 0.524498 0.782363 0.428946 0 0 1
v 0.523803 0.783841 0.432407 0 0 1
v 0.523119 0.782389 0.435881 0 0 1
v 0.522846 0.778859 0.437333 0 0 1
v 0.523145 0.775318 0.435913 0 0 1
v 0.52384 0.773841 0.432452 0 0 1
v 0.524524 0.775292 0.428978 0 0 1
v 0.520339 0.778802 0.426639 0 0 1
v 0.52004 0.782343 0.428059 0 0 1
v 0.519345 0.78382 0.43152 0 0 1
v 0.518661 0.782369 0.434995 0 0 1
v 0.518388 0.778839 0.436447 0 0 1
v 0.518687 0.775298 0.435026 0 0 1
v 0.519382 0.77382 0.431566 0 0 1
v 0.520066 0.775272 0.428091 0 0 1
v 0.515881 0.778781 0.425752 0 0 1
v 0.515582 0.782322 0.427173 0 0 1
v 0.514887 0.7838 0.430634 0 0 1
v 0.514203 0.782348 0.434108 0 0 1
v 0.51393 0.778818 0.43556 0 0 1
v 0.514229 0.775277 0.43414 0 0 1
v 0.514924 0.7738 0.430679 0 0 1
v 0.515609 0.775251 0.427205 0 0 1
v 0.549952 0.779003 0.440046 0 0 1
v 0.532737 0.778882 0.434203 0 0 1
v 0.551559 0.778979 0.435311 0 0 1
v 0.551072 0.782521 0.436674 0 0 1
v 0.549928 0.784002 0.440012 0 0 1
v 0.548799 0.782555 0.44337 0 0 1
v 0.548345 0.779026 0.44478 0 0 1
v 0.548833 0.775484 0.443417 0 0 1
v 0.549976 0.774003 0.440079 0 0 1
v 0.551105 0.77545 0.436721 0 0 1
v 0.547255 0.778949 0.43385 0 0 1
v 0.546768 0.782491 0.435214 0 0 1
v 0.545624 0.783972 0.438552 0 0 1
v 0.544495 0.782525 0.441909 0 0 1
v 0.544041 0.778996 0.44332 0 0 1
v 0.544529 0.775454 0.441956 0 0 1
v 0.545672 0.773973 0.438618 0 0 1
v 0.546802 0.77542 0.435261 0 0 1
v 0.542952 0.778918 0.43239 0 0 1
v 0.542464 0.782461 0.433753 0 0 1
v 0.541321 0.783942 0.437091 0 0 1
v 0.540191 0.782494 0.440449 0 0 1
v 0.539737 0.778966 0.441859 0 0 1
v 0.540225 0.775424 0.440496 0 0 1
v 0.541368 0.773942 0.437157 0 0 1
v 0.542498 0.77539 0.4338 0 0 1
v 0.538648 0.778888 0.430929 0 0 1
v 0.53816 0.782431 0.432292 0 0 1
v 0.537017 0.783912 0.43563 0 0 1
v 0.535887 0.782464 0.438988 0 0 1
v 0.535433 0.778936 0.440398 0 0 1
v 0.535921 0.775393 0.439035 0 0 1
v 0.537064 0.773912 0.435697 0 0 1
v 0.538194 0.77536 0.432339 0 0 1
v 0.534344 0.778858 0.429468 0 0 1
v 0.533856 0.7824 0.430831 0 0 1
v 0.532713 0.783882 0.434169 0 0 1
v 0.531584 0.782434 0.437527 0 0 1
v 0.53113 0.778906 0.438937 0 0 1
v 0.531617 0.775363 0.437574 0 0 1
v 0.532761 0.773882 0.434236 0 0 1
v 0.53389 0.775329 0.430878 0 0 1
v 0.566257 0.77916 0.448085 0 0 1
v 0.549952 0.779003 0.440046 0 0 1
v 0.568469 0.779133 0.443601 0 0 1
v 0.567802 0.782677 0.444884 0 0 1
v 0.56623 0.78416 0.448042 0 0 1
v 0.564675 0.782715 0.451226 0 0 1
v 0.564046 0.779187 0.45257 0 0 1
v 0.564713 0.775644 0.451287 0 0 1
v 0.566284 0.774161 0.448129 0 0 1
v 0.56784 0.775606 0.444945 0 0 1
v 0.564393 0.779094 0.441591 0 0 1
v 0.563726 0.782637 0.442874 0 0 1
v 0.562154 0.784121 0.446032 0 0 1
v 0.560598 0.782675 0.449216 0 0 1
v 0.55997 0.779148 0.45056 0 0 1
v 0.560637 0.775605 0.449277 0 0 1
v 0.562208 0.774121 0.446119 0 0 1
v 0.563764 0.775567 0.442935 0 0 1
v 0.560316 0.779055 0.439581 0 0 1
v 0.559649 0.782598 0.440864 0 0 1
v 0.558078 0.784081 0.444022 0 0 1
v 0.556522 0.782636 0.447206 0 0 1
v 0.555893 0.779109 0.44855 0 0 1
v 0.55656 0.775565 0.447267 0 0 1
v 0.558132 0.774082 0.444109 0 0 1
v 0.559688 0.775527 0.440925 0 0 1
v 0.55624 0.779015 0.437571 0 0 1
v 0.555573 0.782558 0.438854 0 0 1
v 0.554002 0.784042 0.442012 0 0 1
v 0.552446 0.782597 0.445196 0 0 1
v 0.551817 0.779069 0.44654 0 0 1
v 0.552484 0.775526 0.445257 0 0 1
v 0.554055 0.774042 0.442099 0 0 1
v 0.555611 0.775488 0.438915 0 0 1
v 0.552164 0.778976 0.435561 0 0 1
v 0.551497 0.782519 0.436844 0 0 1
v 0.549925 0.784002 0.440002 0 0 1
v 0.548369 0.782557 0.443186 0 0 1
v 0.547741 0.77903 0.44453 0 0 1
v 0.548408 0.775486 0.443247 0 0 1
v 0.549979 0.774003 0.440089 0 0 1
v 0.551535 0.775448 0.436905 0 0 1
v 0.581374 0.779352 0.458184 0 0 1
v 0.566257 0.77916 0.448085 0 0 1
v 0.584151 0.779324 0.454027 0 0 1
v 0.583318 0.782868 0.455207 0 0 1
v 0.581345 0.784352 0.458132 0 0 1
v 0.57939 0.782908 0.461087 0 0 1
v 0.578596 0.779381 0.462342 0 0 1
v 0.579429 0.775837 0.461161 0 0 1
v 0.581402 0.774353 0.458237 0 0 1
v 0.583358 0.775797 0.455282 0 0 1
v 0.580372 0.779276 0.451502 0 0 1
v 0.579539 0.78282 0.452683 0 0 1
v 0.577566 0.784304 0.455607 0 0 1
v 0.57561 0.78286 0.458562 0 0 1
v 0.574817 0.779333 0.459817 0 0 1
v 0.57565 0.775789 0.458637 0 0 1
v 0.577623 0.774305 0.455712 0 0 1
v 0.579579 0.775749 0.452757 0 0 1
v 0.576593 0.779228 0.448978 0 0 1
v 0.57576 0.782772 0.450158 0 0 1
v 0.573787 0.784256 0.453082 0 0 1
v 0.571831 0.782812 0.456037 0 0 1
v 0.571038 0.779285 0.457292 0 0 1
v 0.571871 0.775741 0.456112 0 0 1
v 0.573844 0.774257 0.453188 0 0 1
v 0.5758 0.775701 0.450233 0 0 1
v 0.572814 0.77918 0.446453 0 0 1
v 0.571981 0.782724 0.447633 0 0 1
v 0.570008 0.784208 0.450557 0 0 1
v 0.568052 0.782764 0.453513 0 0 1
v 0.567259 0.779237 0.454767 0 0 1
v 0.568092 0.775693 0.453587 0 0 1
v 0.570065 0.774209 0.450663 0 0 1
v 0.572021 0.775653 0.447708 0 0 1
v 0.569035 0.779132 0.443928 0 0 1
v 0.568202 0.782676 0.445108 0 0 1
v 0.566229 0.78416 0.448033 0 0 1
v 0.564273 0.782716 0.450988 0 0 1
v 0.56348 0.779189 0.452243 0 0 1
v 0.564313 0.775645 0.451062 0 0 1
v 0.566286 0.774161 0.448138 0 0 1
v 0.568242 0.775605 0.445183 0 0 1
v 0.595042 0.779575 0.47017 0 0 1
v 0.581374 0.779352 0.458184 0 0 1
v 0.598339 0.779548 0.466411 0 0 1
v 0.597354 0.783091 0.467468 0 0 1
v 0.595014 0.784575 0.470108 0 0 1
v 0.592691 0.78313 0.472785 0 0 1
v 0.591745 0.779603 0.473929 0 0 1
v 0.592731 0.77606 0.472871 0 0 1
v 0.59507 0.774576 0.470231 0 0 1
v 0.597393 0.77602 0.467555 0 0 1
v 0.594922 0.779492 0.463414 0 0 1
v 0.593936 0.783035 0.464472 0 0 1
v 0.591597 0.784519 0.467112 0 0 1
v 0.589274 0.783074 0.469788 0 0 1
v 0.588328 0.779547 0.470933 0 0 1
v 0.589314 0.776004 0.469875 0 0 1
v 0.591653 0.77452 0.467235 0 0 1
v 0.593976 0.775965 0.464559 0 0 1
v 0.591505 0.779436 0.460418 0 0 1
v 0.590519 0.782979 0.461476 0 0 1
v 0.58818 0.784463 0.464116 0 0 1
v 0.585857 0.783019 0.466792 0 0 1
v 0.584911 0.779492 0.467936 0 0 1
v 0.585896 0.775948 0.466879 0 0 1
v 0.588236 0.774464 0.464238 0 0 1
v 0.590559 0.775909 0.461562 0 0 1
v 0.588087 0.77938 0.457422 0 0 1
v 0.587102 0.782924 0.458479 0 0 1
v 0.584763 0.784408 0.461119 0 0 1
v 0.58244 0.782963 0.463796 0 0 1
v 0.581494 0.779436 0.46494 0 0 1
v 0.582479 0.775893 0.463882 0 0 1
v 0.584819 0.774409 0.461242 0 0 1
v 0.587142 0.775853 0.458566 0 0 1
v 0.58467 0.779325 0.454425 0 0 1
v 0.583685 0.782868 0.455483 0 0 1
v 0.581346 0.784352 0.458123 0 0 1
v 0.579023 0.782907 0.460799 0 0 1
v 0.578077 0.77938 0.461944 0 0 1
v 0.579062 0.775837 0.460886 0 0 1
v 0.581401 0.774353 0.458246 0 0 1
v 0.583724 0.775798 0.45557 0 0 1
v 0.607029 0.779825 0.483836 0 0 1
v 0.595042 0.779575 0.47017 0 0 1
v 0.610788 0.779799 0.48054 0 0 1
v 0.609669 0.783342 0.481457 0 0 1
v 0.607003 0.784825 0.483768 0 0 1
v 0.604353 0.783379 0.486119 0 0 1
v 0.60327 0.779851 0.487133 0 0 1
v 0.604389 0.776308 0.486216 0 0 1
v 0.607055 0.774826 0.483905 0 0 1
v 0.609705 0.776272 0.481554 0 0 1
v 0.607791 0.779737 0.477123 0 0 1
v 0.606672 0.78328 0.47804 0 0 1
v 0.604006 0.784762 0.480351 0 0 1
v 0.601356 0.783316 0.482702 0 0 1
v 0.600273 0.779789 0.483716 0 0 1
v 0.601392 0.776246 0.482799 0 0 1
v 0.604058 0.774763 0.480489 0 0 1
v 0.606709 0.776209 0.478137 0 0 1
v 0.604795 0.779674 0.473706 0 0 1
v 0.603675 0.783217 0.474623 0 0 1
v 0.60101 0.7847 0.476934 0 0 1
v 0.598359 0.783254 0.479286 0 0 1
v 0.597276 0.779726 0.4803 0 0 1
v 0.598396 0.776183 0.479383 0 0 1
v 0.601061 0.774701 0.477072 0 0 1
v 0.603712 0.776147 0.474721 0 0 1
v 0.601798 0.779612 0.47029 0 0 1
v 0.600679 0.783155 0.471207 0 0 1
v 0.598013 0.784637 0.473518 0 0 1
v 0.595362 0.783191 0.475869 0 0 1
v 0.59428 0.779664 0.476883 0 0 1
v 0.595399 0.776121 0.475966 0 0 1
v 0.598065 0.774638 0.473655 0 0 1
v 0.600715 0.776084 0.471304 0 0 1
v 0.598801 0.779549 0.466873 0 0 1
v 0.597682 0.783092 0.46779 0 0 1
v 0.595016 0.784575 0.470101 0 0 1
v 0.592366 0.783129 0.472452 0 0 1
v 0.591283 0.779601 0.473466 0 0 1
v 0.592402 0.776058 0.472549 0 0 1
v 0.595068 0.774576 0.470239 0 0 1
v 0.597719 0.776022 0.467887 0 0 1
v 0.617129 0.780098 0.498951 0 0 1
v 0.607029 0.779825 0.483836 0 0 1
v 0.621287 0.780075 0.496173 0 0 1
v 0.620053 0.783617 0.496933 0 0 1
v 0.617106 0.785097 0.498876 0 0 1
v 0.614173 0.783649 0.500862 0 0 1
v 0.612972 0.780121 0.501728 0 0 1
v 0.614206 0.776579 0.500968 0 0 1
v 0.617152 0.775099 0.499026 0 0 1
v 0.620085 0.776547 0.49704 0 0 1
v 0.618761 0.780007 0.492394 0 0 1
v 0.617528 0.783549 0.493155 0 0 1
v 0.614581 0.785029 0.495097 0 0 1
v 0.611648 0.783581 0.497083 0 0 1
v 0.610447 0.780053 0.49795 0 0 1
v 0.611681 0.776511 0.497189 0 0 1
v 0.614627 0.775031 0.495247 0 0 1
v 0.61756 0.776479 0.493261 0 0 1
v 0.616236 0.779939 0.488616 0 0 1
v 0.615003 0.783481 0.489376 0 0 1
v 0.612056 0.784961 0.491319 0 0 1
v 0.609123 0.783513 0.493305 0 0 1
v 0.607922 0.779984 0.494171 0 0 1
v 0.609155 0.776443 0.493411 0 0 1
v 0.612102 0.774962 0.491469 0 0 1
v 0.615035 0.776411 0.489482 0 0 1
v 0.613711 0.779871 0.484837 0 0 1
v 0.612478 0.783413 0.485598 0 0 1
v 0.609531 0.784893 0.48754 0 0 1
v 0.606598 0.783445 0.489526 0 0 1
v 0.605397 0.779916 0.490393 0 0 1
v 0.60663 0.776374 0.489632 0 0 1
v 0.609577 0.774894 0.48769 0 0 1
v 0.61251 0.776342 0.485704 0 0 1
v 0.611186 0.779803 0.481059 0 0 1
v 0.609953 0.783344 0.481819 0 0 1
v 0.607006 0.784825 0.483761 0 0 1
v 0.604073 0.783376 0.485748 0 0 1
v 0.602872 0.779848 0.486614 0 0 1
v 0.604105 0.776306 0.485854 0 0 1
v 0.607052 0.774826 0.483911 0 0 1
v 0.609985 0.776274 0.481925 0 0 1
v 0.62517 0.780389 0.515254 0 0 1
v 0.617129 0.780098 0.498951 0 0 1
v 0.629654 0.78037 0.513042 0 0 1
v 0.628328 0.783911 0.513633 0 0 1
v 0.625151 0.785388 0.515174 0 0 1
v 0.621986 0.783937 0.516761 0 0 1
v 0.620685 0.780408 0.517465 0 0 1
v 0.622012 0.776867 0.516874 0 0 1
v 0.625188 0.77539 0.515334 0 0 1
v 0.628354 0.776841 0.513747 0 0 1
v 0.627644 0.780298 0.508967 0 0 1
v 0.626317 0.783838 0.509558 0 0 1
v 0.623141 0.785316 0.511098 0 0 1
v 0.619976 0.783865 0.512685 0 0 1
v 0.618675 0.780335 0.513389 0 0 1
v 0.620002 0.776794 0.512798 0 0 1
v 0.623178 0.775317 0.511258 0 0 1
v 0.626344 0.776768 0.509671 0 0 1
v 0.625634 0.780225 0.504891 0 0 1
v 0.624307 0.783765 0.505482 0 0 1
v 0.621131 0.785243 0.507022 0 0 1
v 0.617965 0.783792 0.508609 0 0 1
v 0.616665 0.780262 0.509313 0 0 1
v 0.617992 0.776722 0.508722 0 0 1
v 0.621168 0.775244 0.507182 0 0 1
v 0.624334 0.776695 0.505595 0 0 1
v 0.623624 0.780152 0.500815 0 0 1
v 0.622297 0.783693 0.501406 0 0 1
v 0.619121 0.78517 0.502946 0 0 1
v 0.615955 0.783719 0.504533 0 0 1
v 0.614655 0.780189 0.505238 0 0 1
v 0.615982 0.776649 0.504647 0 0 1
v 0.619158 0.775172 0.503106 0 0 1
v 0.622323 0.776623 0.501519 0 0 1
v 0.621614 0.780079 0.496739 0 0 1
v 0.620287 0.78362 0.49733 0 0 1
v 0.617111 0.785097 0.498871 0 0 1
v 0.613945 0.783646 0.500458 0 0 1
v 0.612645 0.780117 0.501162 0 0 1
v 0.613971 0.776576 0.500571 0 0 1
v 0.617148 0.775099 0.499031 0 0 1
v 0.620313 0.77655 0.497444 0 0 1
v 0.631013 0.780693 0.532467 0 0 1
v 0.62517 0.780389 0.515254 0 0 1
v 0.635748 0.780679 0.53086 0 0 1
v 0.634351 0.784218 0.531271 0 0 1
v 0.631 0.785692 0.532383 0 0 1
v 0.627656 0.784238 0.533544 0 0 1
v 0.626279 0.780707 0.534074 0 0 1
v 0.627675 0.777168 0.533662 0 0 1
v 0.631027 0.775694 0.53255 0 0 1
v 0.634371 0.777148 0.531389 0 0 1
v 0.634287 0.780603 0.526556 0 0 1
v 0.632891 0.784142 0.526968 0 0 1
v 0.629539 0.785616 0.52808 0 0 1
v 0.626195 0.784162 0.529241 0 0 1
v 0.624818 0.780631 0.52977 0 0 1
v 0.626214 0.777092 0.529359 0 0 1
v 0.629566 0.775618 0.528247 0 0 1
v 0.63291 0.777072 0.527086 0 0 1
v 0.632826 0.780527 0.522253 0 0 1
v 0.63143 0.784066 0.522665 0 0 1
v 0.628078 0.78554 0.523777 0 0 1
v 0.624734 0.784086 0.524937 0 0 1
v 0.623357 0.780555 0.525467 0 0 1
v 0.624753 0.777016 0.525056 0 0 1
v 0.628105 0.775542 0.523944 0 0 1
v 0.631449 0.776996 0.522783 0 0 1
v 0.631365 0.780451 0.51795 0 0 1
v 0.629969 0.78399 0.518361 0 0 1
v 0.626617 0.785464 0.519473 0 0 1
v 0.623273 0.78401 0.520634 0 0 1
v 0.621896 0.780479 0.521164 0 0 1
v 0.623293 0.77694 0.520752 0 0 1
v 0.626644 0.775466 0.519641 0 0 1
v 0.629988 0.77692 0.51848 0 0 1
v 0.629904 0.780375 0.513647 0 0 1
v 0.628508 0.783914 0.514058 0 0 1
v 0.625156 0.785388 0.51517 0 0 1
v 0.621812 0.783934 0.516331 0 0 1
v 0.620435 0.780403 0.516861 0 0 1
v 0.621832 0.776864 0.516449 0 0 1
v 0.625184 0.77539 0.515337 0 0 1
v 0.628527 0.776844 0.514176 0 0 1
v 0.63456 0.781005 0.550295 0 0 1
v 0.631013 0.780693 0.532467 0 0 1
v 0.639464 0.780997 0.54932 0 0 1
v 0.638021 0.784534 0.549545 0 0 1
v 0.634551 0.786004 0.550209 0 0 1
v 0.631086 0.784546 0.550924 0 0 1
v 0.629656 0.781014 0.55127 0 0 1
v 0.631098 0.777476 0.551045 0 0 1
v 0.634568 0.776006 0.550381 0 0 1
v 0.638033 0.777464 0.549666 0 0 1
v 0.638577 0.780919 0.544863 0 0 1
v 0.637135 0.784456 0.545088 0 0 1
v 0.633665 0.785926 0.545752 0 0 1
v 0.6302 0.784468 0.546467 0 0 1
v 0.628769 0.780936 0.546813 0 0 1
v 0.630212 0.777398 0.546588 0 0 1
v 0.633682 0.775928 0.545924 0 0 1
v 0.637147 0.777386 0.545209 0 0 1
v 0.637691 0.780841 0.540405 0 0 1
v 0.636248 0.784378 0.54063 0 0 1
v 0.632778 0.785848 0.541295 0 0 1
v 0.629313 0.78439 0.54201 0 0 1
v 0.627883 0.780858 0.542356 0 0 1
v 0.629325 0.77732 0.542131 0 0 1
v 0.632795 0.77585 0.541467 0 0 1
v 0.63626 0.777308 0.540752 0 0 1
v 0.636804 0.780763 0.535948 0 0 1
v 0.635362 0.7843 0.536173 0 0 1
v 0.631891 0.78577 0.536838 0 0 1
v 0.628426 0.784312 0.537553 0 0 1
v 0.626996 0.78078 0.537899 0 0 1
v 0.628438 0.777242 0.537674 0 0 1
v 0.631908 0.775772 0.53701 0 0 1
v 0.635374 0.77723 0.536295 0 0 1
v 0.635917 0.780685 0.531491 0 0 1
v 0.634475 0.784222 0.531716 0 0 1
v 0.631005 0.785692 0.532381 0 0 1
v 0.62754 0.784234 0.533096 0 0 1
v 0.626109 0.780702 0.533442 0 0 1
v 0.627552 0.777164 0.533217 0 0 1
v 0.631022 0.775694 0.532552 0 0 1
v 0.634487 0.777152 0.531838 0 0 1
v 0.635748 0.78132 0.568434 0 0 1
v 0.63456 0.781005 0.550295 0 0 1
v 0.640738 0.781317 0.568107 0 0 1
v 0.639274 0.784853 0.568141 0 0 1
v 0.635746 0.786319 0.568347 0 0 1
v 0.632219 0.784857 0.568604 0 0 1
v 0.630759 0.781323 0.568761 0 0 1
v 0.632223 0.777787 0.568726 0 0 1
v 0.635751 0.776321 0.56852 0 0 1
v 0.639278 0.777783 0.568264 0 0 1
v 0.640441 0.781238 0.563572 0 0 1
v 0.638977 0.784774 0.563607 0 0 1
v 0.635448 0.78624 0.563813 0 0 1
v 0.631921 0.784778 0.564069 0 0 1
v 0.630462 0.781244 0.564226 0 0 1
v 0.631925 0.777708 0.564191 0 0 1
v 0.635454 0.776242 0.563986 0 0 1
v 0.638981 0.777704 0.563729 0 0 1
v 0.640143 0.78116 0.559037 0 0 1
v 0.63868 0.784696 0.559072 0 0 1
v 0.635151 0.786162 0.559278 0 0 1
v 0.631624 0.7847 0.559534 0 0 1
v 0.630165 0.781165 0.559691 0 0 1
v 0.631628 0.77763 0.559657 0 0 1
v 0.635157 0.776163 0.559451 0 0 1
v 0.638684 0.777626 0.559194 0 0 1
v 0.639846 0.781081 0.554503 0 0 1
v 0.638383 0.784617 0.554537 0 0 1
v 0.634854 0.786083 0.554743 0 0 1
v 0.631327 0.784621 0.555 0 0 1
v 0.629868 0.781087 0.555157 0 0 1
v 0.631331 0.777551 0.555122 0 0 1
v 0.63486 0.776085 0.554916 0 0 1
v 0.638387 0.777547 0.55466 0 0 1
v 0.639549 0.781002 0.549968 0 0 1
v 0.638086 0.784538 0.550003 0 0 1
v 0.634557 0.786004 0.550208 0 0 1
v 0.63103 0.784542 0.550465 0 0 1
v 0.62957 0.781008 0.550622 0 0 1
v 0.631034 0.777472 0.550587 0 0 1
v 0.634563 0.776006 0.550382 0 0 1
v 0.63809 0.777468 0.550125 0 0 1
v 0.634559 0.781632 0.586572 0 0 1
v 0.635748 0.78132 0.568434 0 0 1
v 0.639548 0.781635 0.5869 0 0 1
v 0.638089 0.785169 0.586743 0 0 1
v 0.634562 0.786631 0.586487 0 0 1
v 0.631033 0.785165 0.58628 0 0 1
v 0.62957 0.781629 0.586245 0 0 1
v 0.631029 0.778095 0.586402 0 0 1
v 0.634556 0.776633 0.586658 0 0 1
v 0.638085 0.778099 0.586864 0 0 1
v 0.639846 0.781557 0.582365 0 0 1
v 0.638386 0.785091 0.582208 0 0 1
v 0.634859 0.786553 0.581952 0 0 1
v 0.63133 0.785087 0.581746 0 0 1
v 0.629867 0.781551 0.581711 0 0 1
v 0.631326 0.778017 0.581867 0 0 1
v 0.634854 0.776555 0.582124 0 0 1
v 0.638382 0.778021 0.58233 0 0 1
v 0.640143 0.781479 0.57783 0 0 1
v 0.638684 0.785013 0.577674 0 0 1
v 0.635157 0.786475 0.577417 0 0 1
v 0.631628 0.785009 0.577211 0 0 1
v 0.630164 0.781473 0.577176 0 0 1
v 0.631624 0.777939 0.577332 0 0 1
v 0.635151 0.776477 0.577589 0 0 1
v 0.63868 0.777943 0.577795 0 0 1
v 0.64044 0.781401 0.573296 0 0 1
v 0.638981 0.784935 0.573139 0 0 1
v 0.635454 0.786397 0.572883 0 0 1
v 0.631925 0.784931 0.572676 0 0 1
v 0.630462 0.781395 0.572641 0 0 1
v 0.631921 0.777861 0.572798 0 0 1
v 0.635448 0.776399 0.573054 0 0 1
v 0.638977 0.777865 0.57326 0 0 1
v 0.640738 0.781323 0.568761 0 0 1
v 0.639278 0.784857 0.568604 0 0 1
v 0.635751 0.786319 0.568348 0 0 1
v 0.632223 0.784853 0.568142 0 0 1
v 0.630759 0.781317 0.568107 0 0 1
v 0.632219 0.777783 0.568263 0 0 1
v 0.635746 0.776321 0.56852 0 0 1
v 0.639274 0.777787 0.568726 0 0 1
v 0.631012 0.781936 0.604401 0 0 1
v 0.634559 0.781632 0.586572 0 0 1
v 0.635916 0.781944 0.605376 0 0 1
v 0.634485 0.785476 0.605032 0 0 1
v 0.63102 0.786935 0.604317 0 0 1
v 0.62755 0.785465 0.603652 0 0 1
v 0.626108 0.781927 0.603425 0 0 1
v 0.627538 0.778395 0.60377 0 0 1
v 0.631004 0.776936 0.604484 0 0 1
v 0.634474 0.778406 0.60515 0 0 1
v 0.636803 0.781868 0.600919 0 0 1
v 0.635372 0.785401 0.600574 0 0 1
v 0.631907 0.786859 0.59986 0 0 1
v 0.628437 0.785389 0.599195 0 0 1
v 0.626995 0.781851 0.598968 0 0 1
v 0.628425 0.778319 0.599313 0 0 1
v 0.63189 0.77686 0.600027 0 0 1
v 0.63536 0.77833 0.600693 0 0 1
v 0.637689 0.781792 0.596462 0 0 1
v 0.636259 0.785325 0.596117 0 0 1
v 0.632794 0.786783 0.595403 0 0 1
v 0.629324 0.785313 0.594738 0 0 1
v 0.627882 0.781775 0.594511 0 0 1
v 0.629312 0.778243 0.594856 0 0 1
v 0.632777 0.776784 0.59557 0 0 1
v 0.636247 0.778255 0.596236 0 0 1
v 0.638576 0.781716 0.592005 0 0 1
v 0.637146 0.785249 0.59166 0 0 1
v 0.633681 0.786707 0.590946 0 0 1
v 0.630211 0.785237 0.590281 0 0 1
v 0.628768 0.7817 0.590054 0 0 1
v 0.630199 0.778167 0.590399 0 0 1
v 0.633664 0.776708 0.591113 0 0 1
v 0.637134 0.778179 0.591778 0 0 1
v 0.639463 0.78164 0.587548 0 0 1
v 0.638032 0.785173 0.587203 0 0 1
v 0.634567 0.786631 0.586489 0 0 1
v 0.631097 0.785161 0.585824 0 0 1
v 0.629655 0.781624 0.585597 0 0 1
v 0.631086 0.778091 0.585942 0 0 1
v 0.634551 0.776633 0.586656 0 0 1
v 0.638021 0.778103 0.587321 0 0 1
v 0.625168 0.782226 0.621614 0 0 1
v 0.631012 0.781936 0.604401 0 0 1
v 0.629902 0.782239 0.623221 0 0 1
v 0.628525 0.785771 0.622694 0 0 1
v 0.625181 0.787226 0.621534 0 0 1
v 0.621829 0.785752 0.620421 0 0 1
v 0.620433 0.782213 0.620007 0 0 1
v 0.62181 0.778682 0.620534 0 0 1
v 0.625154 0.777227 0.621694 0 0 1
v 0.628506 0.7787 0.622807 0 0 1
v 0.631363 0.782167 0.618918 0 0 1
v 0.629986 0.785698 0.618391 0 0 1
v 0.626642 0.787153 0.617231 0 0 1
v 0.62329 0.785679 0.616118 0 0 1
v 0.621894 0.78214 0.615703 0 0 1
v 0.623272 0.778609 0.616231 0 0 1
v 0.626616 0.777154 0.61739 0 0 1
v 0.629967 0.778628 0.618504 0 0 1
v 0.632824 0.782094 0.614615 0 0 1
v 0.631447 0.785625 0.614087 0 0 1
v 0.628103 0.78708 0.612927 0 0 1
v 0.624751 0.785607 0.611814 0 0 1
v 0.623355 0.782068 0.6114 0 0 1
v 0.624733 0.778537 0.611927 0 0 1
v 0.628077 0.777082 0.613087 0 0 1
v 0.631428 0.778555 0.6142 0 0 1
v 0.634285 0.782021 0.610311 0 0 1
v 0.632908 0.785553 0.609784 0 0 1
v 0.629564 0.787008 0.608624 0 0 1
v 0.626212 0.785534 0.607511 0 0 1
v 0.624816 0.781995 0.607097 0 0 1
v 0.626194 0.778464 0.607624 0 0 1
v 0.629538 0.777009 0.608784 0 0 1
v 0.632889 0.778483 0.609897 0 0 1
v 0.635746 0.781949 0.606008 0 0 1
v 0.634369 0.78548 0.605481 0 0 1
v 0.631025 0.786935 0.604321 0 0 1
v 0.627673 0.785461 0.603208 0 0 1
v 0.626277 0.781922 0.602794 0 0 1
v 0.627655 0.778391 0.603321 0 0 1
v 0.630999 0.776936 0.604481 0 0 1
v 0.63435 0.77841 0.605594 0 0 1
v 0.617126 0.782498 0.637917 0 0 1
v 0.625168 0.782226 0.621614 0 0 1
v 0.621611 0.782516 0.640128 0 0 1
v 0.62031 0.786046 0.639428 0 0 1
v 0.617144 0.787498 0.637842 0 0 1
v 0.613968 0.786021 0.6363 0 0 1
v 0.612642 0.782481 0.635705 0 0 1
v 0.613943 0.778951 0.636406 0 0 1
v 0.617109 0.777499 0.637992 0 0 1
v 0.620285 0.778976 0.639534 0 0 1
v 0.623621 0.782448 0.636053 0 0 1
v 0.62232 0.785978 0.635352 0 0 1
v 0.619154 0.78743 0.633766 0 0 1
v 0.615978 0.785953 0.632224 0 0 1
v 0.614652 0.782413 0.63163 0 0 1
v 0.615953 0.778883 0.63233 0 0 1
v 0.619119 0.777431 0.633916 0 0 1
v 0.622295 0.778908 0.635458 0 0 1
v 0.625631 0.78238 0.631977 0 0 1
v 0.62433 0.78591 0.631276 0 0 1
v 0.621164 0.787362 0.62969 0 0 1
v 0.617989 0.785885 0.628149 0 0 1
v 0.616663 0.782345 0.627554 0 0 1
v 0.617964 0.778815 0.628254 0 0 1
v 0.62113 0.777363 0.62984 0 0 1
v 0.624306 0.77884 0.631382 0 0 1
v 0.627642 0.782312 0.627901 0 0 1
v 0.626341 0.785842 0.6272 0 0 1
v 0.623175 0.787294 0.625615 0 0 1
v 0.619999 0.785817 0.624073 0 0 1
v 0.618673 0.782277 0.623478 0 0 1
v 0.619974 0.778747 0.624179 0 0 1
v 0.62314 0.777295 0.625764 0 0 1
v 0.626316 0.778771 0.627306 0 0 1
v 0.629652 0.782244 0.623825 0 0 1
v 0.628351 0.785774 0.623125 0 0 1
v 0.625185 0.787226 0.621539 0 0 1
v 0.622009 0.785749 0.619997 0 0 1
v 0.620683 0.782209 0.619402 0 0 1
v 0.621984 0.778679 0.620103 0 0 1
v 0.62515 0.777227 0.621689 0 0 1
v 0.628326 0.778703 0.623231 0 0 1
v 0.607026 0.782748 0.653031 0 0 1
v 0.617126 0.782498 0.637917 0 0 1
v 0.611183 0.782769 0.655809 0 0 1
v 0.60998 0.786298 0.654947 0 0 1
v 0.607046 0.787747 0.652962 0 0 1
v 0.604101 0.786268 0.651018 0 0 1
v 0.602868 0.782727 0.650253 0 0 1
v 0.604071 0.779198 0.651115 0 0 1
v 0.607005 0.777748 0.6531 0 0 1
v 0.609951 0.779227 0.655044 0 0 1
v 0.613708 0.782706 0.65203 0 0 1
v 0.612505 0.786235 0.651168 0 0 1
v 0.609572 0.787685 0.649184 0 0 1
v 0.606626 0.786206 0.64724 0 0 1
v 0.605394 0.782665 0.646475 0 0 1
v 0.606596 0.779136 0.647337 0 0 1
v 0.60953 0.777686 0.649321 0 0 1
v 0.612476 0.779165 0.651265 0 0 1
v 0.616233 0.782644 0.648252 0 0 1
v 0.61503 0.786173 0.64739 0 0 1
v 0.612097 0.787623 0.645405 0 0 1
v 0.609151 0.786144 0.643461 0 0 1
v 0.607919 0.782602 0.642696 0 0 1
v 0.609122 0.779073 0.643558 0 0 1
v 0.612055 0.777624 0.645542 0 0 1
v 0.615001 0.779103 0.647487 0 0 1
v 0.618758 0.782582 0.644473 0 0 1
v 0.617556 0.786111 0.643611 0 0 1
v 0.614622 0.78756 0.641627 0 0 1
v 0.611676 0.786081 0.639683 0 0 1
v 0.610444 0.78254 0.638917 0 0 1
v 0.611647 0.779011 0.63978 0 0 1
v 0.61458 0.777561 0.641764 0 0 1
v 0.617526 0.77904 0.643708 0 0 1
v 0.621284 0.782519 0.640695 0 0 1
v 0.620081 0.786048 0.639833 0 0 1
v 0.617147 0.787498 0.637848 0 0 1
v 0.614201 0.786019 0.635904 0 0 1
v 0.612969 0.782478 0.635139 0 0 1
v 0.614172 0.778949 0.636001 0 0 1
v 0.617106 0.777499 0.637985 0 0 1
v 0.620051 0.778978 0.63993 0 0 1
v 0.595038 0.78297 0.666698 0 0 1
v 0.607026 0.782748 0.653031 0 0 1
v 0.598797 0.782993 0.669994 0 0 1
v 0.597713 0.786521 0.668986 0 0 1
v 0.595061 0.787969 0.666637 0 0 1
v 0.592396 0.786489 0.664323 0 0 1
v 0.591279 0.782947 0.663401 0 0 1
v 0.592364 0.779418 0.66441 0 0 1
v 0.595015 0.77797 0.666759 0 0 1
v 0.59768 0.779451 0.669072 0 0 1
v 0.601794 0.782937 0.666578 0 0 1
v 0.600709 0.786466 0.665569 0 0 1
v 0.598058 0.787914 0.66322 0 0 1
v 0.595393 0.786433 0.660907 0 0 1
v 0.594276 0.782891 0.659984 0 0 1
v 0.595361 0.779363 0.660993 0 0 1
v 0.598012 0.777915 0.663342 0 0 1
v 0.600677 0.779395 0.665655 0 0 1
v 0.604791 0.782882 0.663161 0 0 1
v 0.603706 0.78641 0.662152 0 0 1
v 0.601055 0.787858 0.659803 0 0 1
v 0.59839 0.786378 0.65749 0 0 1
v 0.597273 0.782836 0.656568 0 0 1
v 0.598358 0.779307 0.657576 0 0 1
v 0.601009 0.777859 0.659925 0 0 1
v 0.603674 0.77934 0.662239 0 0 1
v 0.607788 0.782826 0.659744 0 0 1
v 0.606703 0.786355 0.658736 0 0 1
v 0.604052 0.787803 0.656387 0 0 1
v 0.601387 0.786322 0.654073 0 0 1
v 0.60027 0.78278 0.653151 0 0 1
v 0.601354 0.779252 0.65416 0 0 1
v 0.604006 0.777804 0.656509 0 0 1
v 0.606671 0.779284 0.658822 0 0 1
v 0.610785 0.782771 0.656328 0 0 1
v 0.6097 0.786299 0.655319 0 0 1
v 0.607049 0.787747 0.65297 0 0 1
v 0.604384 0.786267 0.650657 0 0 1
v 0.603267 0.782725 0.649734 0 0 1
v 0.604351 0.779196 0.650743 0 0 1
v 0.607003 0.777748 0.653092 0 0 1
v 0.609667 0.779229 0.655405 0 0 1
v 0.581369 0.783161 0.678683 0 0 1
v 0.595038 0.78297 0.666698 0 0 1
v 0.584666 0.783185 0.682442 0 0 1
v 0.583717 0.786713 0.681304 0 0 1
v 0.581393 0.788161 0.67863 0 0 1
v 0.579055 0.786679 0.675988 0 0 1
v 0.578073 0.783137 0.674924 0 0 1
v 0.579021 0.779609 0.676062 0 0 1
v 0.581345 0.778161 0.678736 0 0 1
v 0.583683 0.779643 0.681378 0 0 1
v 0.588083 0.783137 0.679446 0 0 1
v 0.587134 0.786665 0.678308 0 0 1
v 0.58481 0.788113 0.675634 0 0 1
v 0.582472 0.786632 0.672991 0 0 1
v 0.58149 0.783089 0.671927 0 0 1
v 0.582439 0.779561 0.673066 0 0 1
v 0.584763 0.778114 0.675739 0 0 1
v 0.587101 0.779595 0.678382 0 0 1
v 0.5915 0.783089 0.67645 0 0 1
v 0.590552 0.786618 0.675311 0 0 1
v 0.588228 0.788065 0.672638 0 0 1
v 0.58589 0.786584 0.669995 0 0 1
v 0.584907 0.783042 0.668931 0 0 1
v 0.585856 0.779513 0.670069 0 0 1
v 0.58818 0.778066 0.672743 0 0 1
v 0.590518 0.779547 0.675386 0 0 1
v 0.594918 0.783042 0.673453 0 0 1
v 0.593969 0.78657 0.672315 0 0 1
v 0.591645 0.788017 0.669641 0 0 1
v 0.589307 0.786536 0.666999 0 0 1
v 0.588324 0.782994 0.665935 0 0 1
v 0.589273 0.779466 0.667073 0 0 1
v 0.591597 0.778018 0.669747 0 0 1
v 0.593935 0.779499 0.672389 0 0 1
v 0.598335 0.782994 0.670457 0 0 1
v 0.597386 0.786522 0.669319 0 0 1
v 0.595062 0.78797 0.666645 0 0 1
v 0.592724 0.786488 0.664002 0 0 1
v 0.591742 0.782946 0.662938 0 0 1
v 0.59269 0.779418 0.664077 0 0 1
v 0.595014 0.77797 0.66675 0 0 1
v 0.597352 0.779451 0.669393 0 0 1
v 0.566253 0.783318 0.688782 0 0 1
v 0.581369 0.783161 0.678683 0 0 1
v 0.56903 0.783341 0.692939 0 0 1
v 0.568233 0.78687 0.691691 0 0 1
v 0.566276 0.788318 0.688739 0 0 1
v 0.564305 0.786837 0.685812 0 0 1
v 0.563475 0.783295 0.684625 0 0 1
v 0.564272 0.779766 0.685873 0 0 1
v 0.56623 0.778318 0.688825 0 0 1
v 0.5682 0.779799 0.691752 0 0 1
v 0.572809 0.783302 0.690415 0 0 1
v 0.572012 0.78683 0.689166 0 0 1
v 0.570055 0.788278 0.686214 0 0 1
v 0.568084 0.786798 0.683287 0 0 1
v 0.567254 0.783256 0.6821 0 0 1
v 0.568051 0.779727 0.683348 0 0 1
v 0.570009 0.778279 0.6863 0 0 1
v 0.57198 0.77976 0.689227 0 0 1
v 0.576589 0.783263 0.68789 0 0 1
v 0.575791 0.786791 0.686642 0 0 1
v 0.573834 0.788239 0.683689 0 0 1
v 0.571863 0.786759 0.680762 0 0 1
v 0.571033 0.783216 0.679575 0 0 1
v 0.571831 0.779688 0.680823 0 0 1
v 0.573788 0.77824 0.683776 0 0 1
v 0.575759 0.77972 0.686703 0 0 1
v 0.580368 0.783223 0.685365 0 0 1
v 0.579571 0.786752 0.684117 0 0 1
v 0.577613 0.7882 0.681165 0 0 1
v 0.575642 0.786719 0.678238 0 0 1
v 0.574812 0.783177 0.67705 0 0 1
v 0.57561 0.779649 0.678299 0 0 1
v 0.577567 0.778201 0.681251 0 0 1
v 0.579538 0.779681 0.684178 0 0 1
v 0.584147 0.783184 0.68284 0 0 1
v 0.58335 0.786713 0.681592 0 0 1
v 0.581392 0.788161 0.67864 0 0 1
v 0.579421 0.78668 0.675713 0 0 1
v 0.578592 0.783138 0.674526 0 0 1
v 0.579389 0.779609 0.675774 0 0 1
v 0.581346 0.778161 0.678726 0 0 1
v 0.583317 0.779642 0.681653 0 0 1
v 0.549947 0.783438 0.696822 0 0 1
v 0.566253 0.783318 0.688782 0 0 1
v 0.552158 0.783458 0.701306 0 0 1
v 0.551525 0.786988 0.699969 0 0 1
v 0.549968 0.788438 0.696789 0 0 1
v 0.548398 0.786959 0.693627 0 0 1
v 0.547736 0.783417 0.692337 0 0 1
v 0.548369 0.779888 0.693674 0 0 1
v 0.549927 0.778438 0.696855 0 0 1
v 0.551496 0.779917 0.700016 0 0 1
v 0.556235 0.783428 0.699296 0 0 1
v 0.555602 0.786958 0.697959 0 0 1
v 0.554044 0.788408 0.694779 0 0 1
v 0.552474 0.786929 0.691618 0 0 1
v 0.551812 0.783387 0.690327 0 0 1
v 0.552445 0.779858 0.691664 0 0 1
v 0.554003 0.778408 0.694845 0 0 1
v 0.555573 0.779887 0.698006 0 0 1
v 0.560311 0.783398 0.697286 0 0 1
v 0.559678 0.786928 0.69595 0 0 1
v 0.55812 0.788378 0.692769 0 0 1
v 0.556551 0.786899 0.689608 0 0 1
v 0.555889 0.783357 0.688317 0 0 1
v 0.556522 0.779828 0.689654 0 0 1
v 0.558079 0.778378 0.692835 0 0 1
v 0.559649 0.779857 0.695996 0 0 1
v 0.564388 0.783368 0.695276 0 0 1
v 0.563754 0.786898 0.69394 0 0 1
v 0.562197 0.788348 0.690759 0 0 1
v 0.560627 0.786869 0.687598 0 0 1
v 0.559965 0.783327 0.686308 0 0 1
v 0.560598 0.779798 0.687644 0 0 1
v 0.562156 0.778348 0.690825 0 0 1
v 0.563725 0.779827 0.693986 0 0 1
v 0.568464 0.783338 0.693266 0 0 1
v 0.567831 0.786868 0.69193 0 0 1
v 0.566273 0.788318 0.688749 0 0 1
v 0.564704 0.786839 0.685588 0 0 1
v 0.564041 0.783297 0.684298 0 0 1
v 0.564675 0.779768 0.685634 0 0 1
v 0.566232 0.778318 0.688815 0 0 1
v 0.567802 0.779797 0.691976 0 0 1
v 0.532731 0.783519 0.702665 0 0 1
v 0.549947 0.783438 0.696822 0 0 1
v 0.534338 0.783535 0.707399 0 0 1
v 0.533879 0.787066 0.705997 0 0 1
v 0.532747 0.788519 0.702643 0 0 1
v 0.531606 0.787043 0.699301 0 0 1
v 0.531124 0.783503 0.69793 0 0 1
v 0.531584 0.779972 0.699333 0 0 1
v 0.532715 0.778519 0.702687 0 0 1
v 0.533856 0.779995 0.706028 0 0 1
v 0.538642 0.783515 0.705939 0 0 1
v 0.538183 0.787045 0.704536 0 0 1
v 0.537051 0.788498 0.701182 0 0 1
v 0.53591 0.787023 0.69784 0 0 1
v 0.535428 0.783483 0.696469 0 0 1
v 0.535888 0.779952 0.697872 0 0 1
v 0.537019 0.778499 0.701226 0 0 1
v 0.53816 0.779974 0.704568 0 0 1
v 0.542946 0.783494 0.704478 0 0 1
v 0.542487 0.787025 0.703075 0 0 1
v 0.541355 0.788478 0.699721 0 0 1
v 0.540214 0.787003 0.69638 0 0 1
v 0.539732 0.783462 0.695009 0 0 1
v 0.540192 0.779932 0.696411 0 0 1
v 0.541323 0.778478 0.699766 0 0 1
v 0.542464 0.779954 0.703107 0 0 1
v 0.54725 0.783474 0.703017 0 0 1
v 0.546791 0.787005 0.701615 0 0 1
v 0.545659 0.788458 0.69826 0 0 1
v 0.544518 0.786982 0.694919 0 0 1
v 0.544036 0.783442 0.693548 0 0 1
v 0.544495 0.779911 0.69495 0 0 1
v 0.545627 0.778458 0.698305 0 0 1
v 0.546768 0.779934 0.701646 0 0 1
v 0.551554 0.783454 0.701556 0 0 1
v 0.551095 0.786985 0.700154 0 0 1
v 0.549963 0.788438 0.6968 0 0 1
v 0.548822 0.786962 0.693458 0 0 1
v 0.54834 0.783422 0.692087 0 0 1
v 0.548799 0.779891 0.69349 0 0 1
v 0.549931 0.778438 0.696844 0 0 1
v 0.551072 0.779914 0.700185 0 0 1
v 0.5149 0.783559 0.706211 0 0 1
v 0.532731 0.783519 0.702665 0 0 1
v 0.515876 0.783568 0.711115 0 0 1
v 0.515596 0.787101 0.709671 0 0 1
v 0.514909 0.788559 0.7062 0 0 1
v 0.514217 0.787088 0.702736 0 0 1
v 0.513925 0.78355 0.701307 0 0 1
v 0.514204 0.780017 0.702751 0 0 1
v 0.514891 0.778559 0.706222 0 0 1
v 0.515583 0.78003 0.709687 0 0 1
v 0.520333 0.783558 0.710228 0 0 1
v 0.520054 0.787091 0.708784 0 0 1
v 0.519367 0.788549 0.705313 0 0 1
v 0.518675 0.787078 0.701849 0 0 1
v 0.518383 0.78354 0.700421 0 0 1
v 0.518662 0.780007 0.701865 0 0 1
v 0.519349 0.778549 0.705336 0 0 1
v 0.520041 0.78002 0.7088 0 0 1
v 0.524791 0.783548 0.709342 0 0 1
v 0.524512 0.787081 0.707898 0 0 1
v 0.523825 0.788539 0.704427 0 0 1
v 0.523133 0.787068 0.700962 0 0 1
v 0.522841 0.78353 0.699534 0 0 1
v 0.52312 0.779997 0.700978 0 0 1
v 0.523807 0.778539 0.704449 0 0 1
v 0.524499 0.78001 0.707913 0 0 1
v 0.529249 0.783538 0.708455 0 0 1
v 0.52897 0.787071 0.707011 0 0 1
v 0.528283 0.788529 0.70354 0 0 1
v 0.52759 0.787058 0.700076 0 0 1
v 0.527298 0.78352 0.698647 0 0 1
v 0.527577 0.779987 0.700092 0 0 1
v 0.528264 0.778529 0.703563 0 0 1
v 0.528957 0.78 0.707027 0 0 1
v 0.533707 0.783528 0.707569 0 0 1
v 0.533428 0.787061 0.706125 0 0 1
v 0.532741 0.788519 0.702654 0 0 1
v 0.532048 0.787048 0.699189 0 0 1
v 0.531756 0.78351 0.697761 0 0 1
v 0.532035 0.779977 0.699205 0 0 1
v 0.532722 0.778519 0.702676 0 0 1
v 0.533415 0.77999 0.70614 0 0 1
v 0.496759 0.783559 0.7074 0 0 1
v 0.5149 0.783559 0.706211 0 0 1
v 0.497086 0.783559 0.712389 0 0 1
v 0.49699 0.787094 0.710928 0 0 1
v 0.496759 0.788559 0.7074 0 0 1
v 0.496528 0.787094 0.703872 0 0 1
v 0.496432 0.783559 0.702411 0 0 1
v 0.496528 0.780023 0.703872 0 0 1
v 0.496759 0.778559 0.7074 0 0 1
v 0.49699 0.780023 0.710928 0 0 1
v 0.501621 0.783559 0.712092 0 0 1
v 0.501525 0.787094 0.710631 0 0 1
v 0.501294 0.788559 0.707103 0 0 1
v 0.501063 0.787095 0.703575 0 0 1
v 0.500967 0.783559 0.702113 0 0 1
v 0.501063 0.780023 0.703575 0 0 1
v 0.501294 0.778559 0.707103 0 0 1
v 0.501526 0.780023 0.710631 0 0 1
v 0.506157 0.783559 0.711795 0 0 1
v 0.506061 0.787094 0.710334 0 0 1
v 0.505829 0.788559 0.706806 0 0 1
v 0.505598 0.787095 0.703278 0 0 1
v 0.505503 0.783559 0.701816 0 0 1
v 0.505598 0.780024 0.703277 0 0 1
v 0.50583 0.778559 0.706805 0 0 1
v 0.506061 0.780023 0.710333 0 0 1
v 0.510692 0.783559 0.711498 0 0 1
v 0.510596 0.787095 0.710036 0 0 1
v 0.510365 0.788559 0.706508 0 0 1
v 0.510134 0.787095 0.70298 0 0 1
v 0.510038 0.783559 0.701519 0 0 1
v 0.510134 0.780024 0.70298 0 0 1
v 0.510365 0.778559 0.706508 0 0 1
v 0.510596 0.780024 0.710036 0 0 1
v 0.515227 0.783559 0.7112 0 0 1
v 0.515131 0.787095 0.709739 0 0 1
v 0.5149 0.788559 0.706211 0 0 1
v 0.514669 0.787095 0.702683 0 0 1
v 0.514573 0.783559 0.701222 0 0 1
v 0.514669 0.780024 0.702683 0 0 1
v 0.5149 0.778559 0.706211 0 0 1
v 0.515132 0.780024 0.709739 0 0 1
v 0.464807 0.785746 0.836184 0 0 1
v 0.500696 0.785828 0.838536 0 0 1
v 0.46448 0.785734 0.841173 0 0 1
v 0.464568 0.789273 0.83972 0 0 1
v 0.464795 0.790746 0.836196 0 0 1
v 0.46503 0.78929 0.832664 0 0 1
v 0.465134 0.785758 0.831195 0 0 1
v 0.465047 0.782219 0.832648 0 0 1
v 0.46482 0.780746 0.836173 0 0 1
v 0.464585 0.782202 0.839704 0 0 1
v 0.473453 0.785755 0.841761 0 0 1
v 0.47354 0.789294 0.840308 0 0 1
v 0.473767 0.790767 0.836784 0 0 1
v 0.474002 0.789311 0.833252 0 0 1
v 0.474106 0.785779 0.831783 0 0 1
v 0.474019 0.78224 0.833236 0 0 1
v 0.473792 0.780767 0.836761 0 0 1
v 0.473557 0.782223 0.840292 0 0 1
v 0.482425 0.785775 0.842349 0 0 1
v 0.482512 0.789314 0.840896 0 0 1
v 0.482739 0.790787 0.837372 0 0 1
v 0.482974 0.789331 0.83384 0 0 1
v 0.483078 0.7858 0.832371 0 0 1
v 0.482991 0.78226 0.833824 0 0 1
v 0.482764 0.780787 0.837349 0 0 1
v 0.482529 0.782243 0.84088 0 0 1
v 0.491397 0.785796 0.842937 0 0 1
v 0.491484 0.789335 0.841484 0 0 1
v 0.491711 0.790808 0.83796 0 0 1
v 0.491946 0.789352 0.834428 0 0 1
v 0.492051 0.78582 0.832959 0 0 1
v 0.491963 0.782281 0.834412 0 0 1
v 0.491736 0.780808 0.837937 0 0 1
v 0.491501 0.782264 0.841468 0 0 1
v 0.500369 0.785816 0.843525 0 0 1
v 0.500456 0.789355 0.842072 0 0 1
v 0.500684 0.790828 0.838548 0 0 1
v 0.500918 0.789373 0.835016 0 0 1
v 0.501023 0.785841 0.833547 0 0 1
v 0.500936 0.782302 0.835 0 0 1
v 0.500708 0.780828 0.838525 0 0 1
v 0.500473 0.782284 0.842056 0 0 1
v 0.429533 0.785584 0.829169 0 0 1
v 0.464807 0.785746 0.836184 0 0 1
v 0.428558 0.785557 0.834073 0 0 1
v 0.428824 0.7891 0.832652 0 0 1
v 0.429506 0.790584 0.829191 0 0 1
v 0.430203 0.789139 0.825717 0 0 1
v 0.430508 0.785611 0.824265 0 0 1
v 0.430242 0.782068 0.825685 0 0 1
v 0.429561 0.780584 0.829146 0 0 1
v 0.428863 0.782029 0.83262 0 0 1
v 0.437376 0.785597 0.835826 0 0 1
v 0.437643 0.789141 0.834406 0 0 1
v 0.438324 0.790624 0.830945 0 0 1
v 0.439022 0.789179 0.827471 0 0 1
v 0.439327 0.785652 0.826019 0 0 1
v 0.439061 0.782109 0.827439 0 0 1
v 0.438379 0.780625 0.8309 0 0 1
v 0.437681 0.78207 0.834374 0 0 1
v 0.446195 0.785638 0.83758 0 0 1
v 0.446461 0.789181 0.83616 0 0 1
v 0.447143 0.790665 0.832699 0 0 1
v 0.44784 0.78922 0.829225 0 0 1
v 0.448145 0.785693 0.827773 0 0 1
v 0.447879 0.782149 0.829193 0 0 1
v 0.447198 0.780665 0.832654 0 0 1
v 0.4465 0.78211 0.836128 0 0 1
v 0.455014 0.785678 0.839334 0 0 1
v 0.45528 0.789222 0.837914 0 0 1
v 0.455961 0.790705 0.834453 0 0 1
v 0.456659 0.78926 0.830979 0 0 1
v 0.456964 0.785733 0.829526 0 0 1
v 0.456698 0.78219 0.830947 0 0 1
v 0.456016 0.780706 0.834408 0 0 1
v 0.455319 0.782151 0.837882 0 0 1
v 0.463832 0.785719 0.841088 0 0 1
v 0.464098 0.789262 0.839668 0 0 1
v 0.46478 0.790746 0.836207 0 0 1
v 0.465477 0.789301 0.832733 0 0 1
v 0.465783 0.785774 0.83128 0 0 1
v 0.465516 0.78223 0.832701 0 0 1
v 0.464835 0.780746 0.836162 0 0 1
v 0.464137 0.782191 0.839636 0 0 1
v 0.395476 0.785345 0.81761 0 0 1
v 0.429533 0.785584 0.829169 0 0 1
v 0.39387 0.785298 0.822344 0 0 1
v 0.394308 0.788847 0.820981 0 0 1
v 0.39543 0.790344 0.817643 0 0 1
v 0.39658 0.788913 0.814285 0 0 1
v 0.397083 0.785391 0.812875 0 0 1
v 0.396645 0.781842 0.814238 0 0 1
v 0.395523 0.780345 0.817576 0 0 1
v 0.394373 0.781777 0.820934 0 0 1
v 0.402384 0.785358 0.825234 0 0 1
v 0.402822 0.788907 0.823871 0 0 1
v 0.403944 0.790404 0.820533 0 0 1
v 0.405094 0.788973 0.817175 0 0 1
v 0.405597 0.785451 0.815765 0 0 1
v 0.405159 0.781902 0.817128 0 0 1
v 0.404037 0.780405 0.820466 0 0 1
v 0.402887 0.781836 0.823824 0 0 1
v 0.410898 0.785418 0.828124 0 0 1
v 0.411336 0.788967 0.826761 0 0 1
v 0.412458 0.790464 0.823422 0 0 1
v 0.413608 0.789033 0.820065 0 0 1
v 0.414111 0.785511 0.818655 0 0 1
v 0.413674 0.781962 0.820018 0 0 1
v 0.412551 0.780465 0.823356 0 0 1
v 0.411402 0.781896 0.826714 0 0 1
v 0.419412 0.785478 0.831014 0 0 1
v 0.41985 0.789027 0.82965 0 0 1
v 0.420972 0.790524 0.826312 0 0 1
v 0.422122 0.789092 0.822955 0 0 1
v 0.422626 0.785571 0.821544 0 0 1
v 0.422188 0.782022 0.822908 0 0 1
v 0.421065 0.780525 0.826246 0 0 1
v 0.419916 0.781956 0.829603 0 0 1
v 0.427926 0.785538 0.833903 0 0 1
v 0.428364 0.789086 0.83254 0 0 1
v 0.429487 0.790584 0.829202 0 0 1
v 0.430636 0.789152 0.825844 0 0 1
v 0.43114 0.78563 0.824434 0 0 1
v 0.430702 0.782082 0.825797 0 0 1
v 0.429579 0.780584 0.829135 0 0 1
v 0.42843 0.782016 0.832493 0 0 1
v 0.36322 0.785033 0.801705 0 0 1
v 0.395476 0.785345 0.81761 0 0 1
v 0.36101 0.784963 0.806189 0 0 1
v 0.361608 0.788518 0.804906 0 0 1
v 0.363151 0.790032 0.801748 0 0 1
v 0.364734 0.788617 0.798565 0 0 1
v 0.365431 0.785102 0.797221 0 0 1
v 0.364833 0.781547 0.798503 0 0 1
v 0.36329 0.780033 0.801661 0 0 1
v 0.361707 0.781448 0.804845 0 0 1
v 0.369074 0.785041 0.810165 0 0 1
v 0.369672 0.788596 0.808883 0 0 1
v 0.371215 0.79011 0.805724 0 0 1
v 0.372798 0.788695 0.802541 0 0 1
v 0.373495 0.78518 0.801197 0 0 1
v 0.372897 0.781625 0.80248 0 0 1
v 0.371354 0.780111 0.805638 0 0 1
v 0.369771 0.781526 0.808821 0 0 1
v 0.377138 0.785119 0.814142 0 0 1
v 0.377736 0.788674 0.812859 0 0 1
v 0.379279 0.790188 0.809701 0 0 1
v 0.380862 0.788773 0.806517 0 0 1
v 0.381559 0.785258 0.805173 0 0 1
v 0.380961 0.781703 0.806456 0 0 1
v 0.379418 0.780189 0.809614 0 0 1
v 0.377835 0.781604 0.812797 0 0 1
v 0.385202 0.785197 0.818118 0 0 1
v 0.3858 0.788752 0.816835 0 0 1
v 0.387343 0.790266 0.813677 0 0 1
v 0.388926 0.788851 0.810493 0 0 1
v 0.389623 0.785337 0.809149 0 0 1
v 0.389025 0.781781 0.810432 0 0 1
v 0.387482 0.780267 0.81359 0 0 1
v 0.385899 0.781682 0.816774 0 0 1
v 0.393266 0.785275 0.822094 0 0 1
v 0.393864 0.78883 0.820811 0 0 1
v 0.395407 0.790344 0.817653 0 0 1
v 0.39699 0.788929 0.814469 0 0 1
v 0.397687 0.785415 0.813125 0 0 1
v 0.397089 0.781859 0.814408 0 0 1
v 0.395546 0.780345 0.817566 0 0 1
v 0.393963 0.78176 0.82075 0 0 1
v 0.333316 0.784653 0.781726 0 0 1
v 0.36322 0.785033 0.801705 0 0 1
v 0.33054 0.784554 0.785884 0 0 1
v 0.331284 0.788118 0.784703 0 0 1
v 0.333218 0.789652 0.781779 0 0 1
v 0.33521 0.788257 0.778824 0 0 1
v 0.336093 0.784752 0.777569 0 0 1
v 0.335349 0.781188 0.77875 0 0 1
v 0.333415 0.779654 0.781674 0 0 1
v 0.331423 0.781048 0.784629 0 0 1
v 0.338016 0.784649 0.790878 0 0 1
v 0.33876 0.788213 0.789698 0 0 1
v 0.340694 0.789746 0.786774 0 0 1
v 0.342686 0.788352 0.783819 0 0 1
v 0.343569 0.784847 0.782564 0 0 1
v 0.342825 0.781283 0.783744 0 0 1
v 0.340891 0.779749 0.786668 0 0 1
v 0.338899 0.781143 0.789623 0 0 1
v 0.345492 0.784744 0.795873 0 0 1
v 0.346235 0.788308 0.794693 0 0 1
v 0.34817 0.789841 0.791768 0 0 1
v 0.350162 0.788447 0.788813 0 0 1
v 0.351045 0.784941 0.787558 0 0 1
v 0.350301 0.781378 0.788739 0 0 1
v 0.348367 0.779844 0.791663 0 0 1
v 0.346375 0.781238 0.794618 0 0 1
v 0.352968 0.784839 0.800868 0 0 1
v 0.353711 0.788402 0.799687 0 0 1
v 0.355646 0.789936 0.796763 0 0 1
v 0.357638 0.788542 0.793808 0 0 1
v 0.358521 0.785036 0.792553 0 0 1
v 0.357777 0.781473 0.793733 0 0 1
v 0.355843 0.779939 0.796657 0 0 1
v 0.353851 0.781333 0.799613 0 0 1
v 0.360444 0.784934 0.805862 0 0 1
v 0.361187 0.788497 0.804682 0 0 1
v 0.363122 0.790031 0.801758 0 0 1
v 0.365114 0.788637 0.798803 0 0 1
v 0.365996 0.785131 0.797548 0 0 1
v 0.365253 0.781568 0.798728 0 0 1
v 0.363319 0.780034 0.801652 0 0 1
v 0.361327 0.781428 0.804607 0 0 1
v 0.306277 0.784212 0.758016 0 0 1
v 0.333316 0.784653 0.781726 0 0 1
v 0.302983 0.784077 0.761775 0 0 1
v 0.303852 0.78765 0.760718 0 0 1
v 0.306141 0.78921 0.758078 0 0 1
v 0.30851 0.787841 0.755402 0 0 1
v 0.309571 0.784347 0.754257 0 0 1
v 0.308702 0.780774 0.755315 0 0 1
v 0.306412 0.779214 0.757955 0 0 1
v 0.304043 0.780582 0.760631 0 0 1
v 0.309743 0.784187 0.767703 0 0 1
v 0.310612 0.78776 0.766645 0 0 1
v 0.312901 0.78932 0.764005 0 0 1
v 0.31527 0.787952 0.761329 0 0 1
v 0.316331 0.784457 0.760185 0 0 1
v 0.315461 0.780884 0.761242 0 0 1
v 0.313172 0.779324 0.763883 0 0 1
v 0.310803 0.780692 0.766559 0 0 1
v 0.316503 0.784297 0.773631 0 0 1
v 0.317372 0.787871 0.772573 0 0 1
v 0.319661 0.78943 0.769933 0 0 1
v 0.32203 0.788062 0.767257 0 0 1
v 0.323091 0.784568 0.766112 0 0 1
v 0.322221 0.780994 0.76717 0 0 1
v 0.319932 0.779435 0.76981 0 0 1
v 0.317563 0.780803 0.772486 0 0 1
v 0.323262 0.784407 0.779558 0 0 1
v 0.324132 0.787981 0.7785 0 0 1
v 0.326421 0.78954 0.77586 0 0 1
v 0.32879 0.788172 0.773184 0 0 1
v 0.329851 0.784678 0.77204 0 0 1
v 0.328981 0.781104 0.773097 0 0 1
v 0.326692 0.779545 0.775738 0 0 1
v 0.324323 0.780913 0.778414 0 0 1
v 0.330022 0.784518 0.785486 0 0 1
v 0.330892 0.788091 0.784428 0 0 1
v 0.333181 0.789651 0.781788 0 0 1
v 0.33555 0.788282 0.779112 0 0 1
v 0.336611 0.784788 0.777967 0 0 1
v 0.335741 0.781214 0.779025 0 0 1
v 0.333452 0.779655 0.781665 0 0 1
v 0.331083 0.781023 0.784341 0 0 1
v 0.282564 0.783717 0.73098 0 0 1
v 0.306277 0.784212 0.758016 0 0 1
v 0.278809 0.783535 0.734277 0 0 1
v 0.279779 0.787121 0.73336 0 0 1
v 0.282381 0.788714 0.731049 0 0 1
v 0.285089 0.787379 0.728698 0 0 1
v 0.286318 0.7839 0.727683 0 0 1
v 0.285348 0.780314 0.7286 0 0 1
v 0.282746 0.778721 0.730911 0 0 1
v 0.280038 0.780055 0.733263 0 0 1
v 0.284737 0.783658 0.741036 0 0 1
v 0.285708 0.787245 0.740119 0 0 1
v 0.288309 0.788837 0.737808 0 0 1
v 0.291018 0.787503 0.735457 0 0 1
v 0.292247 0.784024 0.734442 0 0 1
v 0.291276 0.780437 0.735359 0 0 1
v 0.288674 0.778845 0.73767 0 0 1
v 0.285966 0.780179 0.740022 0 0 1
v 0.290665 0.783782 0.747795 0 0 1
v 0.291636 0.787368 0.746878 0 0 1
v 0.294238 0.788961 0.744567 0 0 1
v 0.296946 0.787627 0.742216 0 0 1
v 0.298175 0.784147 0.741202 0 0 1
v 0.297204 0.780561 0.742118 0 0 1
v 0.294603 0.778968 0.744429 0 0 1
v 0.291894 0.780303 0.746781 0 0 1
v 0.296594 0.783906 0.754554 0 0 1
v 0.297564 0.787492 0.753637 0 0 1
v 0.300166 0.789084 0.751326 0 0 1
v 0.302874 0.78775 0.748975 0 0 1
v 0.304103 0.784271 0.747961 0 0 1
v 0.303133 0.780684 0.748878 0 0 1
v 0.300531 0.779092 0.751188 0 0 1
v 0.297822 0.780426 0.75354 0 0 1
v 0.302522 0.784029 0.761313 0 0 1
v 0.303492 0.787616 0.760396 0 0 1
v 0.306094 0.789208 0.758085 0 0 1
v 0.308803 0.787874 0.755734 0 0 1
v 0.310031 0.784394 0.75472 0 0 1
v 0.309061 0.780808 0.755637 0 0 1
v 0.306459 0.779216 0.757948 0 0 1
v 0.303751 0.78055 0.760299 0 0 1
v 0.262583 0.783178 0.70108 0 0 1
v 0.282564 0.783717 0.73098 0 0 1
v 0.258433 0.782931 0.703858 0 0 1
v 0.259473 0.786534 0.703097 0 0 1
v 0.262336 0.788171 0.701155 0 0 1
v 0.265343 0.786883 0.699169 0 0 1
v 0.266733 0.783425 0.698302 0 0 1
v 0.265692 0.779822 0.699063 0 0 1
v 0.26283 0.778184 0.701005 0 0 1
v 0.259823 0.779472 0.702991 0 0 1
v 0.263428 0.783065 0.711333 0 0 1
v 0.264469 0.786669 0.710572 0 0 1
v 0.267331 0.788306 0.70863 0 0 1
v 0.270338 0.787018 0.706644 0 0 1
v 0.271728 0.78356 0.705777 0 0 1
v 0.270687 0.779957 0.706538 0 0 1
v 0.267825 0.778319 0.70848 0 0 1
v 0.264818 0.779607 0.710466 0 0 1
v 0.268423 0.7832 0.718808 0 0 1
v 0.269464 0.786804 0.718047 0 0 1
v 0.272326 0.788441 0.716105 0 0 1
v 0.275333 0.787153 0.714119 0 0 1
v 0.276723 0.783695 0.713252 0 0 1
v 0.275682 0.780091 0.714013 0 0 1
v 0.27282 0.778454 0.715955 0 0 1
v 0.269813 0.779742 0.717941 0 0 1
v 0.273418 0.783335 0.726283 0 0 1
v 0.274459 0.786938 0.725522 0 0 1
v 0.277321 0.788576 0.72358 0 0 1
v 0.280328 0.787288 0.721594 0 0 1
v 0.281718 0.78383 0.720727 0 0 1
v 0.280678 0.780226 0.721488 0 0 1
v 0.277815 0.778589 0.72343 0 0 1
v 0.274809 0.779877 0.725416 0 0 1
v 0.278413 0.78347 0.733758 0 0 1
v 0.279454 0.787073 0.732997 0 0 1
v 0.282316 0.788711 0.731055 0 0 1
v 0.285323 0.787423 0.729069 0 0 1
v 0.286714 0.783964 0.728202 0 0 1
v 0.285673 0.780361 0.728963 0 0 1
v 0.282811 0.778724 0.730905 0 0 1
v 0.279804 0.780012 0.732891 0 0 1
v 0.246676 0.782602 0.668829 0 0 1
v 0.262583 0.783178 0.70108 0 0 1
v 0.242205 0.782259 0.67104 0 0 1
v 0.243272 0.785887 0.670449 0 0 1
v 0.246334 0.78759 0.668909 0 0 1
v 0.249596 0.786371 0.667321 0 0 1
v 0.251148 0.782945 0.666617 0 0 1
v 0.25008 0.779318 0.667208 0 0 1
v 0.247019 0.777615 0.668749 0 0 1
v 0.243757 0.778833 0.670336 0 0 1
v 0.246182 0.782403 0.679103 0 0 1
v 0.247249 0.78603 0.678512 0 0 1
v 0.25031 0.787734 0.676972 0 0 1
v 0.253572 0.786515 0.675384 0 0 1
v 0.255124 0.783089 0.67468 0 0 1
v 0.254057 0.779462 0.675271 0 0 1
v 0.250996 0.777758 0.676811 0 0 1
v 0.247734 0.778977 0.678399 0 0 1
v 0.250158 0.782547 0.687166 0 0 1
v 0.251225 0.786174 0.686575 0 0 1
v 0.254287 0.787877 0.685034 0 0 1
v 0.257549 0.786659 0.683447 0 0 1
v 0.259101 0.783233 0.682743 0 0 1
v 0.258034 0.779605 0.683334 0 0 1
v 0.254972 0.777902 0.684874 0 0 1
v 0.25171 0.779121 0.686461 0 0 1
v 0.254135 0.782691 0.695229 0 0 1
v 0.255202 0.786318 0.694638 0 0 1
v 0.258263 0.788021 0.693097 0 0 1
v 0.261525 0.786803 0.69151 0 0 1
v 0.263077 0.783376 0.690806 0 0 1
v 0.26201 0.779749 0.691397 0 0 1
v 0.258949 0.778046 0.692937 0 0 1
v 0.255687 0.779265 0.694524 0 0 1
v 0.258111 0.782835 0.703292 0 0 1
v 0.259179 0.786462 0.7027 0 0 1
v 0.26224 0.788165 0.70116 0 0 1
v 0.265502 0.786947 0.699573 0 0 1
v 0.267054 0.78352 0.698869 0 0 1
v 0.265987 0.779893 0.69946 0 0 1
v 0.262925 0.77819 0.701 0 0 1
v 0.259663 0.779409 0.702587 0 0 1
v 0.235116 0.782001 0.634777 0 0 1
v 0.246676 0.782602 0.668829 0 0 1
v 0.230409 0.781495 0.636384 0 0 1
v 0.23143 0.78516 0.635972 0 0 1
v 0.234611 0.786974 0.63486 0 0 1
v 0.238088 0.785875 0.6337 0 0 1
v 0.239824 0.782506 0.63317 0 0 1
v 0.238802 0.778841 0.633581 0 0 1
v 0.235621 0.777027 0.634693 0 0 1
v 0.232145 0.778126 0.635854 0 0 1
v 0.233299 0.781646 0.644897 0 0 1
v 0.23432 0.785311 0.644485 0 0 1
v 0.237501 0.787125 0.643373 0 0 1
v 0.240978 0.786025 0.642212 0 0 1
v 0.242714 0.782656 0.641683 0 0 1
v 0.241692 0.778991 0.642094 0 0 1
v 0.238511 0.777177 0.643206 0 0 1
v 0.235035 0.778277 0.644367 0 0 1
v 0.236189 0.781796 0.65341 0 0 1
v 0.23721 0.785461 0.652998 0 0 1
v 0.240391 0.787275 0.651886 0 0 1
v 0.243868 0.786175 0.650725 0 0 1
v 0.245604 0.782807 0.650196 0 0 1
v 0.244582 0.779142 0.650607 0 0 1
v 0.241401 0.777328 0.651719 0 0 1
v 0.237925 0.778427 0.65288 0 0 1
v 0.239079 0.781947 0.661923 0 0 1
v 0.2401 0.785611 0.661511 0 0 1
v 0.243281 0.787425 0.660399 0 0 1
v 0.246758 0.786326 0.659238 0 0 1
v 0.248494 0.782957 0.658709 0 0 1
v 0.247472 0.779292 0.65912 0 0 1
v 0.244291 0.777478 0.660232 0 0 1
v 0.240815 0.778578 0.661393 0 0 1
v 0.241969 0.782097 0.670436 0 0 1
v 0.24299 0.785762 0.670024 0 0 1
v 0.246171 0.787576 0.668912 0 0 1
v 0.249648 0.786476 0.667751 0 0 1
v 0.251384 0.783107 0.667221 0 0 1
v 0.250362 0.779442 0.667633 0 0 1
v 0.247181 0.777628 0.668745 0 0 1
v 0.243705 0.778728 0.669906 0 0 1
v 0.2281 0.781383 0.599508 0 0 1
v 0.235116 0.782001 0.634777 0 0 1
v 0.223273 0.780518 0.600483 0 0 1
v 0.224076 0.784253 0.600258 0 0 1
v 0.227236 0.786307 0.599593 0 0 1
v 0.230902 0.785476 0.598879 0 0 1
v 0.232927 0.782248 0.598532 0 0 1
v 0.232125 0.778513 0.598757 0 0 1
v 0.228965 0.776459 0.599422 0 0 1
v 0.225299 0.77729 0.600137 0 0 1
v 0.225027 0.780673 0.6093 0 0 1
v 0.22583 0.784408 0.609075 0 0 1
v 0.22899 0.786461 0.608411 0 0 1
v 0.232656 0.785631 0.607696 0 0 1
v 0.234681 0.782402 0.60735 0 0 1
v 0.233879 0.778667 0.607575 0 0 1
v 0.230719 0.776614 0.608239 0 0 1
v 0.227053 0.777444 0.608954 0 0 1
v 0.226781 0.780827 0.618118 0 0 1
v 0.227584 0.784562 0.617893 0 0 1
v 0.230744 0.786616 0.617228 0 0 1
v 0.23441 0.785785 0.616513 0 0 1
v 0.236435 0.782557 0.616167 0 0 1
v 0.235633 0.778822 0.616392 0 0 1
v 0.232473 0.776768 0.617056 0 0 1
v 0.228806 0.777599 0.617771 0 0 1
v 0.228535 0.780981 0.626935 0 0 1
v 0.229338 0.784716 0.62671 0 0 1
v 0.232498 0.78677 0.626045 0 0 1
v 0.236164 0.785939 0.625331 0 0 1
v 0.238189 0.782711 0.624984 0 0 1
v 0.237387 0.778976 0.625209 0 0 1
v 0.234227 0.776922 0.625874 0 0 1
v 0.23056 0.777753 0.626588 0 0 1
v 0.230289 0.781136 0.635752 0 0 1
v 0.231091 0.784871 0.635527 0 0 1
v 0.234251 0.786924 0.634863 0 0 1
v 0.237918 0.786094 0.634148 0 0 1
v 0.239943 0.782865 0.633801 0 0 1
v 0.239141 0.77913 0.634026 0 0 1
v 0.235981 0.777077 0.634691 0 0 1
v 0.232314 0.777907 0.635406 0 0 1
v 0.225749 0.780761 0.563624 0 0 1
v 0.2281 0.781383 0.599508 0 0 1
v 0.221414 0.77829 0.563951 0 0 1
v 0.220937 0.782086 0.563917 0 0 1
v 0.223278 0.785106 0.563711 0 0 1
v 0.227066 0.785581 0.563454 0 0 1
v 0.230083 0.783232 0.563298 0 0 1
v 0.230561 0.779435 0.563332 0 0 1
v 0.22822 0.776415 0.563538 0 0 1
v 0.224431 0.77594 0.563794 0 0 1
v 0.222002 0.778445 0.572922 0 0 1
v 0.221525 0.782242 0.572888 0 0 1
v 0.223866 0.785262 0.572682 0 0 1
v 0.227654 0.785737 0.572425 0 0 1
v 0.230671 0.783387 0.572268 0 0 1
v 0.231149 0.779591 0.572303 0 0 1
v 0.228808 0.77657 0.572509 0 0 1
v 0.225019 0.776096 0.572765 0 0 1
v 0.22259 0.778601 0.581893 0 0 1
v 0.222112 0.782397 0.581858 0 0 1
v 0.224453 0.785418 0.581653 0 0 1
v 0.228242 0.785892 0.581396 0 0 1
v 0.231259 0.783543 0.581239 0 0 1
v 0.231737 0.779746 0.581274 0 0 1
v 0.229396 0.776726 0.581479 0 0 1
v 0.225607 0.776252 0.581736 0 0 1
v 0.223178 0.778756 0.590864 0 0 1
v 0.2227 0.782553 0.590829 0 0 1
v 0.225041 0.785573 0.590623 0 0 1
v 0.22883 0.786048 0.590367 0 0 1
v 0.231847 0.783699 0.59021 0 0 1
v 0.232325 0.779902 0.590244 0 0 1
v 0.229984 0.776882 0.59045 0 0 1
v 0.226195 0.776407 0.590707 0 0 1
v 0.223766 0.778912 0.599835 0 0 1
v 0.223288 0.782709 0.5998 0 0 1
v 0.225629 0.785729 0.599594 0 0 1
v 0.229418 0.786203 0.599338 0 0 1
v 0.232435 0.783854 0.599181 0 0 1
v 0.232913 0.780058 0.599215 0 0 1
v 0.230572 0.777037 0.599421 0 0 1
v 0.226783 0.776563 0.599678 0 0 1
v 0.228102 0.780144 0.527741 0 0 1
v 0.225749 0.780761 0.563624 0 0 1
v 0.223756 0.782595 0.527414 0 0 1
v 0.226762 0.784958 0.527571 0 0 1
v 0.230553 0.784501 0.527827 0 0 1
v 0.232908 0.781492 0.528033 0 0 1
v 0.232448 0.777693 0.528068 0 0 1
v 0.229442 0.775329 0.527912 0 0 1
v 0.225651 0.775786 0.527655 0 0 1
v 0.223296 0.778796 0.527449 0 0 1
v 0.223168 0.782749 0.536385 0 0 1
v 0.226174 0.785112 0.536541 0 0 1
v 0.229965 0.784655 0.536798 0 0 1
v 0.23232 0.781646 0.537004 0 0 1
v 0.231859 0.777847 0.537039 0 0 1
v 0.228853 0.775484 0.536883 0 0 1
v 0.225063 0.775941 0.536626 0 0 1
v 0.222708 0.77895 0.53642 0 0 1
v 0.22258 0.782903 0.545356 0 0 1
v 0.225585 0.785266 0.545512 0 0 1
v 0.229376 0.784809 0.545769 0 0 1
v 0.231731 0.7818 0.545975 0 0 1
v 0.231271 0.778001 0.54601 0 0 1
v 0.228265 0.775638 0.545854 0 0 1
v 0.224474 0.776095 0.545597 0 0 1
v 0.222119 0.779104 0.545391 0 0 1
v 0.221991 0.783057 0.554327 0 0 1
v 0.224997 0.78542 0.554483 0 0 1
v 0.228788 0.784964 0.554739 0 0 1
v 0.231143 0.781954 0.554946 0 0 1
v 0.230683 0.778155 0.554981 0 0 1
v 0.227677 0.775792 0.554824 0 0 1
v 0.223886 0.776249 0.554568 0 0 1
v 0.221531 0.779258 0.554362 0 0 1
v 0.221403 0.783212 0.563297 0 0 1
v 0.224409 0.785575 0.563454 0 0 1
v 0.2282 0.785118 0.56371 0 0 1
v 0.230555 0.782109 0.563916 0 0 1
v 0.230095 0.77831 0.563952 0 0 1
v 0.227089 0.775947 0.563795 0 0 1
v 0.223298 0.776403 0.563539 0 0 1
v 0.220943 0.779413 0.563332 0 0 1
v 0.235119 0.779543 0.492472 0 0 1
v 0.228102 0.780144 0.527741 0 0 1
v 0.230288 0.780385 0.491497 0 0 1
v 0.232298 0.783622 0.491841 0 0 1
v 0.235961 0.78447 0.492556 0 0 1
v 0.239131 0.782432 0.493221 0 0 1
v 0.23995 0.7787 0.493448 0 0 1
v 0.23794 0.775463 0.493103 0 0 1
v 0.234277 0.774615 0.492389 0 0 1
v 0.231108 0.776653 0.491723 0 0 1
v 0.228534 0.780535 0.500314 0 0 1
v 0.230544 0.783773 0.500659 0 0 1
v 0.234207 0.784621 0.501373 0 0 1
v 0.237376 0.782582 0.502038 0 0 1
v 0.238196 0.778851 0.502265 0 0 1
v 0.236185 0.775613 0.50192 0 0 1
v 0.232523 0.774765 0.501206 0 0 1
v 0.229353 0.776804 0.50054 0 0 1
v 0.226779 0.780685 0.509131 0 0 1
v 0.22879 0.783923 0.509476 0 0 1
v 0.232453 0.784771 0.51019 0 0 1
v 0.235622 0.782732 0.510856 0 0 1
v 0.236442 0.779001 0.511082 0 0 1
v 0.234431 0.775763 0.510737 0 0 1
v 0.230768 0.774915 0.510023 0 0 1
v 0.227599 0.776954 0.509358 0 0 1
v 0.225025 0.780835 0.517948 0 0 1
v 0.227035 0.784073 0.518293 0 0 1
v 0.230698 0.784921 0.519008 0 0 1
v 0.233868 0.782882 0.519673 0 0 1
v 0.234687 0.779151 0.5199 0 0 1
v 0.232677 0.775913 0.519555 0 0 1
v 0.229014 0.775065 0.51884 0 0 1
v 0.225845 0.777104 0.518175 0 0 1
v 0.223271 0.780986 0.526766 0 0 1
v 0.225281 0.784224 0.527111 0 0 1
v 0.228944 0.785071 0.527825 0 0 1
v 0.232113 0.783033 0.52849 0 0 1
v 0.232933 0.779302 0.528717 0 0 1
v 0.230922 0.776064 0.528372 0 0 1
v 0.22726 0.775216 0.527658 0 0 1
v 0.22409 0.777254 0.526992 0 0 1
v 0.24668 0.778968 0.45842 0 0 1
v 0.235119 0.779543 0.492472 0 0 1
v 0.241971 0.77945 0.456813 0 0 1
v 0.243691 0.782828 0.45734 0 0 1
v 0.247163 0.783944 0.4585 0 0 1
v 0.250352 0.782145 0.459613 0 0 1
v 0.25139 0.778485 0.460028 0 0 1
v 0.24967 0.775108 0.4595 0 0 1
v 0.246198 0.773992 0.45834 0 0 1
v 0.243009 0.775791 0.457227 0 0 1
v 0.23908 0.779594 0.465326 0 0 1
v 0.240801 0.782971 0.465853 0 0 1
v 0.244273 0.784087 0.467013 0 0 1
v 0.247462 0.782289 0.468126 0 0 1
v 0.2485 0.778629 0.468541 0 0 1
v 0.246779 0.775252 0.468013 0 0 1
v 0.243307 0.774135 0.466853 0 0 1
v 0.240118 0.775934 0.46574 0 0 1
v 0.23619 0.779738 0.473839 0 0 1
v 0.237911 0.783115 0.474366 0 0 1
v 0.241382 0.784231 0.475526 0 0 1
v 0.244572 0.782432 0.476639 0 0 1
v 0.24561 0.778772 0.477053 0 0 1
v 0.243889 0.775395 0.476526 0 0 1
v 0.240417 0.774279 0.475366 0 0 1
v 0.237228 0.776078 0.474253 0 0 1
v 0.233299 0.779882 0.482352 0 0 1
v 0.23502 0.783259 0.482879 0 0 1
v 0.238492 0.784375 0.484039 0 0 1
v 0.241681 0.782576 0.485152 0 0 1
v 0.242719 0.778916 0.485566 0 0 1
v 0.240999 0.775539 0.485039 0 0 1
v 0.237527 0.774423 0.483879 0 0 1
v 0.234338 0.776222 0.482766 0 0 1
v 0.230409 0.780025 0.490865 0 0 1
v 0.23213 0.783402 0.491392 0 0 1
v 0.235602 0.784519 0.492552 0 0 1
v 0.238791 0.78272 0.493665 0 0 1
v 0.239829 0.77906 0.494079 0 0 1
v 0.238108 0.775683 0.493552 0 0 1
v 0.234636 0.774567 0.492392 0 0 1
v 0.231447 0.776365 0.491279 0 0 1
v 0.262588 0.778429 0.426169 0 0 1
v 0.24668 0.778968 0.45842 0 0 1
v 0.258115 0.77875 0.423957 0 0 1
v 0.259652 0.782184 0.424658 0 0 1
v 0.262909 0.783418 0.426244 0 0 1
v 0.265978 0.78173 0.427785 0 0 1
v 0.267061 0.778108 0.42838 0 0 1
v 0.265524 0.774675 0.427679 0 0 1
v 0.262268 0.77344 0.426094 0 0 1
v 0.259199 0.775128 0.424552 0 0 1
v 0.254138 0.778885 0.43202 0 0 1
v 0.255675 0.782318 0.432721 0 0 1
v 0.258932 0.783553 0.434306 0 0 1
v 0.262001 0.781865 0.435848 0 0 1
v 0.263084 0.778243 0.436443 0 0 1
v 0.261547 0.774809 0.435742 0 0 1
v 0.258291 0.773575 0.434157 0 0 1
v 0.255222 0.775263 0.432615 0 0 1
v 0.250162 0.779019 0.440083 0 0 1
v 0.251698 0.782453 0.440784 0 0 1
v 0.254955 0.783688 0.442369 0 0 1
v 0.258024 0.782 0.443911 0 0 1
v 0.259107 0.778378 0.444506 0 0 1
v 0.25757 0.774944 0.443805 0 0 1
v 0.254314 0.773709 0.44222 0 0 1
v 0.251245 0.775397 0.440678 0 0 1
v 0.246185 0.779154 0.448146 0 0 1
v 0.247721 0.782588 0.448847 0 0 1
v 0.250978 0.783822 0.450432 0 0 1
v 0.254047 0.782134 0.451974 0 0 1
v 0.25513 0.778512 0.452569 0 0 1
v 0.253593 0.775078 0.451868 0 0 1
v 0.250337 0.773844 0.450283 0 0 1
v 0.247268 0.775532 0.448741 0 0 1
v 0.242208 0.779289 0.456209 0 0 1
v 0.243744 0.782722 0.456909 0 0 1
v 0.247001 0.783957 0.458495 0 0 1
v 0.25007 0.782269 0.460037 0 0 1
v 0.251153 0.778647 0.460632 0 0 1
v 0.249616 0.775213 0.459931 0 0 1
v 0.24636 0.773979 0.458345 0 0 1
v 0.243291 0.775667 0.456804 0 0 1
v 0.28257 0.777936 0.396269 0 0 1
v 0.262588 0.778429 0.426169 0 0 1
v 0.278419 0.778162 0.393491 0 0 1
v 0.279795 0.781627 0.394353 0 0 1
v 0.282796 0.78293 0.396337 0 0 1
v 0.285665 0.781308 0.398282 0 0 1
v 0.286721 0.77771 0.399047 0 0 1
v 0.285346 0.774245 0.398185 0 0 1
v 0.282344 0.772942 0.3962 0 0 1
v 0.279475 0.774564 0.394256 0 0 1
v 0.273424 0.778285 0.400966 0 0 1
v 0.274799 0.781751 0.401828 0 0 1
v 0.277801 0.783054 0.403812 0 0 1
v 0.28067 0.781431 0.405757 0 0 1
v 0.281726 0.777833 0.406522 0 0 1
v 0.28035 0.774368 0.40566 0 0 1
v 0.277349 0.773065 0.403675 0 0 1
v 0.27448 0.774687 0.401731 0 0 1
v 0.268428 0.778408 0.408441 0 0 1
v 0.269804 0.781874 0.409303 0 0 1
v 0.272805 0.783177 0.411287 0 0 1
v 0.275674 0.781554 0.413232 0 0 1
v 0.27673 0.777957 0.413997 0 0 1
v 0.275355 0.774491 0.413135 0 0 1
v 0.272353 0.773188 0.41115 0 0 1
v 0.269484 0.774811 0.409206 0 0 1
v 0.263433 0.778532 0.415916 0 0 1
v 0.264808 0.781997 0.416778 0 0 1
v 0.26781 0.7833 0.418762 0 0 1
v 0.270679 0.781678 0.420706 0 0 1
v 0.271735 0.77808 0.421472 0 0 1
v 0.270359 0.774615 0.420609 0 0 1
v 0.267358 0.773311 0.418625 0 0 1
v 0.264489 0.774934 0.416681 0 0 1
v 0.258437 0.778655 0.423391 0 0 1
v 0.259813 0.78212 0.424253 0 0 1
v 0.262814 0.783424 0.426237 0 0 1
v 0.265683 0.781801 0.428181 0 0 1
v 0.266739 0.778203 0.428947 0 0 1
v 0.265364 0.774738 0.428084 0 0 1
v 0.262362 0.773435 0.4261 0 0 1
v 0.259493 0.775057 0.424156 0 0 1
v 0.306284 0.777496 0.369233 0 0 1
v 0.28257 0.777936 0.396269 0 0 1
v 0.302529 0.777659 0.365936 0 0 1
v 0.303744 0.781145 0.366945 0 0 1
v 0.306447 0.782493 0.369294 0 0 1
v 0.309055 0.780915 0.371607 0 0 1
v 0.31004 0.777334 0.372529 0 0 1
v 0.308825 0.773848 0.371521 0 0 1
v 0.306122 0.772499 0.369171 0 0 1
v 0.303514 0.774078 0.366858 0 0 1
v 0.2966 0.777769 0.372695 0 0 1
v 0.297815 0.781254 0.373704 0 0 1
v 0.300518 0.782603 0.376053 0 0 1
v 0.303126 0.781025 0.378366 0 0 1
v 0.304112 0.777444 0.379288 0 0 1
v 0.302897 0.773958 0.37828 0 0 1
v 0.300194 0.772609 0.375931 0 0 1
v 0.297586 0.774188 0.373617 0 0 1
v 0.290672 0.777878 0.379454 0 0 1
v 0.291886 0.781364 0.380463 0 0 1
v 0.29459 0.782713 0.382812 0 0 1
v 0.297198 0.781135 0.385125 0 0 1
v 0.298183 0.777554 0.386048 0 0 1
v 0.296968 0.774068 0.385039 0 0 1
v 0.294265 0.772719 0.38269 0 0 1
v 0.291657 0.774298 0.380376 0 0 1
v 0.284743 0.777988 0.386213 0 0 1
v 0.285958 0.781474 0.387222 0 0 1
v 0.288661 0.782823 0.389571 0 0 1
v 0.291269 0.781245 0.391884 0 0 1
v 0.292254 0.777664 0.392807 0 0 1
v 0.29104 0.774178 0.391798 0 0 1
v 0.288337 0.772829 0.389449 0 0 1
v 0.285728 0.774407 0.387135 0 0 1
v 0.278815 0.778098 0.392972 0 0 1
v 0.280029 0.781584 0.393981 0 0 1
v 0.282732 0.782933 0.39633 0 0 1
v 0.285341 0.781355 0.398643 0 0 1
v 0.286326 0.777774 0.399566 0 0 1
v 0.285111 0.774288 0.398557 0 0 1
v 0.282408 0.772939 0.396208 0 0 1
v 0.2798 0.774517 0.393894 0 0 1
v 0.333325 0.777118 0.345522 0 0 1
v 0.306284 0.777496 0.369233 0 0 1
v 0.330031 0.777234 0.341763 0 0 1
v 0.331078 0.780735 0.342901 0 0 1
v 0.333441 0.782117 0.345575 0 0 1
v 0.335737 0.780571 0.348218 0 0 1
v 0.33662 0.777002 0.349282 0 0 1
v 0.335573 0.773502 0.348143 0 0 1
v 0.333209 0.77212 0.34547 0 0 1
v 0.330914 0.773666 0.342827 0 0 1
v 0.32327 0.777329 0.347691 0 0 1
v 0.324317 0.780829 0.348829 0 0 1
v 0.326681 0.782211 0.351503 0 0 1
v 0.328977 0.780665 0.354145 0 0 1
v 0.32986 0.777097 0.355209 0 0 1
v 0.328813 0.773596 0.354071 0 0 1
v 0.326449 0.772215 0.351397 0 0 1
v 0.324153 0.773761 0.348755 0 0 1
v 0.31651 0.777423 0.353618 0 0 1
v 0.317557 0.780924 0.354756 0 0 1
v 0.319921 0.782306 0.35743 0 0 1
v 0.322217 0.78076 0.360073 0 0 1
v 0.323099 0.777191 0.361137 0 0 1
v 0.322052 0.773691 0.359999 0 0 1
v 0.319689 0.772309 0.357325 0 0 1
v 0.317393 0.773855 0.354682 0 0 1
v 0.30975 0.777518 0.359546 0 0 1
v 0.310797 0.781018 0.360684 0 0 1
v 0.313161 0.7824 0.363358 0 0 1
v 0.315456 0.780854 0.366 0 0 1
v 0.316339 0.777286 0.367064 0 0 1
v 0.315292 0.773786 0.365926 0 0 1
v 0.312929 0.772404 0.363252 0 0 1
v 0.310633 0.77395 0.36061 0 0 1
v 0.30299 0.777612 0.365473 0 0 1
v 0.304037 0.781113 0.366612 0 0 1
v 0.3064 0.782495 0.369285 0 0 1
v 0.308696 0.780949 0.371928 0 0 1
v 0.309579 0.77738 0.372992 0 0 1
v 0.308532 0.77388 0.371854 0 0 1
v 0.306168 0.772498 0.36918 0 0 1
v 0.303873 0.774044 0.366537 0 0 1
v 0.36323 0.776808 0.325544 0 0 1
v 0.333325 0.777118 0.345522 0 0 1
v 0.360453 0.776889 0.321387 0 0 1
v 0.361324 0.7804 0.322635 0 0 1
v 0.363311 0.781807 0.325587 0 0 1
v 0.36525 0.780286 0.328514 0 0 1
v 0.366006 0.776727 0.329701 0 0 1
v 0.365136 0.773216 0.328453 0 0 1
v 0.363149 0.771809 0.325501 0 0 1
v 0.361209 0.77333 0.322574 0 0 1
v 0.352977 0.776966 0.326381 0 0 1
v 0.353847 0.780478 0.327629 0 0 1
v 0.355834 0.781885 0.330582 0 0 1
v 0.357774 0.780363 0.333509 0 0 1
v 0.35853 0.776805 0.334696 0 0 1
v 0.35766 0.773294 0.333448 0 0 1
v 0.355673 0.771886 0.330495 0 0 1
v 0.353733 0.773408 0.327568 0 0 1
v 0.345501 0.777044 0.331376 0 0 1
v 0.346371 0.780555 0.332624 0 0 1
v 0.348358 0.781962 0.335576 0 0 1
v 0.350298 0.780441 0.338503 0 0 1
v 0.351054 0.776882 0.339691 0 0 1
v 0.350184 0.773371 0.338442 0 0 1
v 0.348197 0.771964 0.33549 0 0 1
v 0.346257 0.773485 0.332563 0 0 1
v 0.338025 0.777121 0.33637 0 0 1
v 0.338895 0.780633 0.337619 0 0 1
v 0.340882 0.78204 0.340571 0 0 1
v 0.342822 0.780519 0.343498 0 0 1
v 0.343578 0.77696 0.344685 0 0 1
v 0.342708 0.773449 0.343437 0 0 1
v 0.340721 0.772042 0.340485 0 0 1
v 0.338781 0.773563 0.337558 0 0 1
v 0.330549 0.777199 0.341365 0 0 1
v 0.331419 0.78071 0.342613 0 0 1
v 0.333406 0.782118 0.345566 0 0 1
v 0.335346 0.780596 0.348493 0 0 1
v 0.336102 0.777038 0.34968 0 0 1
v 0.335232 0.773526 0.348432 0 0 1
v 0.333245 0.772119 0.345479 0 0 1
v 0.331305 0.77364 0.342552 0 0 1
v 0.395487 0.776571 0.309639 0 0 1
v 0.36323 0.776808 0.325544 0 0 1
v 0.393276 0.776624 0.305155 0 0 1
v 0.393961 0.780144 0.306492 0 0 1
v 0.39554 0.78157 0.309672 0 0 1
v 0.397087 0.780068 0.312833 0 0 1
v 0.397697 0.776518 0.314124 0 0 1
v 0.397012 0.772998 0.312787 0 0 1
v 0.395434 0.771571 0.309606 0 0 1
v 0.393886 0.773073 0.306445 0 0 1
v 0.385212 0.776683 0.309131 0 0 1
v 0.385897 0.780203 0.310468 0 0 1
v 0.387475 0.78163 0.313648 0 0 1
v 0.389023 0.780128 0.31681 0 0 1
v 0.389633 0.776577 0.3181 0 0 1
v 0.388948 0.773057 0.316763 0 0 1
v 0.387369 0.77163 0.313582 0 0 1
v 0.385822 0.773132 0.310421 0 0 1
v 0.377148 0.776742 0.313107 0 0 1
v 0.377833 0.780262 0.314444 0 0 1
v 0.379411 0.781689 0.317625 0 0 1
v 0.380959 0.780187 0.320786 0 0 1
v 0.381569 0.776636 0.322076 0 0 1
v 0.380884 0.773117 0.320739 0 0 1
v 0.379305 0.77169 0.317559 0 0 1
v 0.377758 0.773192 0.314397 0 0 1
v 0.369083 0.776802 0.317083 0 0 1
v 0.369768 0.780321 0.31842 0 0 1
v 0.371347 0.781748 0.321601 0 0 1
v 0.372895 0.780246 0.324762 0 0 1
v 0.373505 0.776696 0.326052 0 0 1
v 0.37282 0.773176 0.324715 0 0 1
v 0.371241 0.771749 0.321535 0 0 1
v 0.369693 0.773251 0.318374 0 0 1
v 0.361019 0.776861 0.32106 0 0 1
v 0.361704 0.780381 0.322396 0 0 1
v 0.363283 0.781808 0.325577 0 0 1
v 0.364831 0.780306 0.328738 0 0 1
v 0.365441 0.776755 0.330028 0 0 1
v 0.364756 0.773235 0.328692 0 0 1
v 0.363177 0.771808 0.325511 0 0 1
v 0.361629 0.77331 0.32235 0 0 1
v 0.429544 0.776411 0.29808 0 0 1
v 0.395487 0.776571 0.309639 0 0 1
v 0.427937 0.776442 0.293346 0 0 1
v 0.428429 0.779968 0.294748 0 0 1
v 0.429575 0.78141 0.298102 0 0 1
v 0.430702 0.779924 0.301444 0 0 1
v 0.431151 0.77638 0.302815 0 0 1
v 0.430658 0.772853 0.301412 0 0 1
v 0.429513 0.771411 0.298058 0 0 1
v 0.428386 0.772897 0.294717 0 0 1
v 0.419423 0.776482 0.296235 0 0 1
v 0.419915 0.780008 0.297638 0 0 1
v 0.42106 0.781451 0.300992 0 0 1
v 0.422188 0.779964 0.304334 0 0 1
v 0.422636 0.77642 0.305705 0 0 1
v 0.422144 0.772893 0.304302 0 0 1
v 0.420998 0.771451 0.300948 0 0 1
v 0.419871 0.772937 0.297606 0 0 1
v 0.410908 0.776522 0.299125 0 0 1
v 0.411401 0.780048 0.300528 0 0 1
v 0.412546 0.781491 0.303882 0 0 1
v 0.413673 0.780004 0.307223 0 0 1
v 0.414122 0.77646 0.308594 0 0 1
v 0.413629 0.772933 0.307192 0 0 1
v 0.412484 0.771491 0.303837 0 0 1
v 0.411357 0.772977 0.300496 0 0 1
v 0.402394 0.776562 0.302015 0 0 1
v 0.402887 0.780088 0.303417 0 0 1
v 0.404032 0.781531 0.306772 0 0 1
v 0.405159 0.780044 0.310113 0 0 1
v 0.405608 0.7765 0.311484 0 0 1
v 0.405115 0.772973 0.310082 0 0 1
v 0.40397 0.771531 0.306727 0 0 1
v 0.402843 0.773017 0.303386 0 0 1
v 0.39388 0.776602 0.304905 0 0 1
v 0.394372 0.780128 0.306307 0 0 1
v 0.395518 0.781571 0.309661 0 0 1
v 0.396645 0.780084 0.313003 0 0 1
v 0.397093 0.77654 0.314374 0 0 1
v 0.396601 0.773013 0.312971 0 0 1
v 0.395456 0.771571 0.309617 0 0 1
v 0.394329 0.773057 0.306276 0 0 1
v 0.464818 0.77633 0.291065 0 0 1
v 0.429544 0.776411 0.29808 0 0 1
v 0.463843 0.776344 0.286161 0 0 1
v 0.464138 0.779876 0.287605 0 0 1
v 0.464832 0.78133 0.291076 0 0 1
v 0.465518 0.779856 0.29454 0 0 1
v 0.465794 0.776317 0.295969 0 0 1
v 0.465498 0.772785 0.294524 0 0 1
v 0.464805 0.77133 0.291054 0 0 1
v 0.464119 0.772805 0.287589 0 0 1
v 0.455024 0.776364 0.287915 0 0 1
v 0.45532 0.779896 0.289359 0 0 1
v 0.456013 0.78135 0.29283 0 0 1
v 0.456699 0.779876 0.296294 0 0 1
v 0.456975 0.776337 0.297723 0 0 1
v 0.45668 0.772805 0.296278 0 0 1
v 0.455986 0.771351 0.292807 0 0 1
v 0.4553 0.772825 0.289343 0 0 1
v 0.446206 0.776384 0.289669 0 0 1
v 0.446501 0.779916 0.291113 0 0 1
v 0.447195 0.781371 0.294584 0 0 1
v 0.44788 0.779896 0.298048 0 0 1
v 0.448156 0.776357 0.299476 0 0 1
v 0.447861 0.772825 0.298032 0 0 1
v 0.447167 0.771371 0.294561 0 0 1
v 0.446482 0.772845 0.291097 0 0 1
v 0.437387 0.776404 0.291422 0 0 1
v 0.437682 0.779936 0.292867 0 0 1
v 0.438376 0.781391 0.296337 0 0 1
v 0.439062 0.779916 0.299802 0 0 1
v 0.439338 0.776377 0.30123 0 0 1
v 0.439042 0.772845 0.299786 0 0 1
v 0.438349 0.771391 0.296315 0 0 1
v 0.437663 0.772865 0.292851 0 0 1
v 0.428568 0.776424 0.293176 0 0 1
v 0.428864 0.779956 0.29462 0 0 1
v 0.429557 0.781411 0.298091 0 0 1
v 0.430243 0.779937 0.301556 0 0 1
v 0.430519 0.776397 0.302984 0 0 1
v 0.430224 0.772866 0.30154 0 0 1
v 0.42953 0.771411 0.298069 0 0 1
v 0.428844 0.772885 0.294605 0 0 1
v 0.500707 0.776331 0.288713 0 0 1
v 0.464818 0.77633 0.291065 0 0 1
v 0.50038 0.776331 0.283724 0 0 1
v 0.500476 0.779867 0.285185 0 0 1
v 0.500707 0.781331 0.288713 0 0 1
v 0.500938 0.779867 0.292241 0 0 1
v 0.501034 0.776332 0.293702 0 0 1
v 0.500938 0.772796 0.292241 0 0 1
v 0.500707 0.771331 0.288713 0 0 1
v 0.500476 0.772796 0.285185 0 0 1
v 0.491408 0.776331 0.284311 0 0 1
v 0.491503 0.779867 0.285773 0 0 1
v 0.491735 0.781331 0.289301 0 0 1
v 0.491966 0.779867 0.292829 0 0 1
v 0.492062 0.776331 0.29429 0 0 1
v 0.491966 0.772796 0.292829 0 0 1
v 0.491735 0.771331 0.289301 0 0 1
v 0.491504 0.772796 0.285773 0 0 1
v 0.482436 0.776331 0.284899 0 0 1
v 0.482531 0.779866 0.286361 0 0 1
v 0.482762 0.781331 0.289889 0 0 1
v 0.482994 0.779867 0.293417 0 0 1
v 0.48309 0.776331 0.294878 0 0 1
v 0.482994 0.772796 0.293417 0 0 1
v 0.482763 0.771331 0.289889 0 0 1
v 0.482531 0.772795 0.286361 0 0 1
v 0.473463 0.776331 0.285487 0 0 1
v 0.473559 0.779866 0.286949 0 0 1
v 0.47379 0.781331 0.290477 0 0 1
v 0.474021 0.779866 0.294005 0 0 1
v 0.474117 0.776331 0.295466 0 0 1
v 0.474022 0.772795 0.294005 0 0 1
v 0.473791 0.771331 0.290477 0 0 1
v 0.473559 0.772795 0.286949 0 0 1
v 0.464491 0.77633 0.286075 0 0 1
v 0.464587 0.779866 0.287537 0 0 1
v 0.464818 0.78133 0.291065 0 0 1
v 0.465049 0.779866 0.294593 0 0 1
v 0.465145 0.776331 0.296054 0 0 1
v 0.46505 0.772795 0.294593 0 0 1
v 0.464818 0.77133 0.291065 0 0 1
v 0.464587 0.772795 0.287537 0 0 1
v 0.536595 0.776414 0.291065 0 0 1
v 0.500707 0.776331 0.288713 0 0 1
v 0.536922 0.776403 0.286075 0 0 1
v 0.536819 0.779942 0.287529 0 0 1
v 0.536585 0.781414 0.291053 0 0 1
v 0.536356 0.779957 0.294585 0 0 1
v 0.536268 0.776425 0.296054 0 0 1
v 0.536372 0.772886 0.294601 0 0 1
v 0.536606 0.771414 0.291076 0 0 1
v 0.536834 0.772871 0.287545 0 0 1
v 0.52795 0.776383 0.285487 0 0 1
v 0.527847 0.779921 0.286941 0 0 1
v 0.527612 0.781393 0.290465 0 0 1
v 0.527384 0.779936 0.293997 0 0 1
v 0.527296 0.776404 0.295466 0 0 1
v 0.5274 0.772865 0.294013 0 0 1
v 0.527634 0.771393 0.290488 0 0 1
v 0.527862 0.77285 0.286957 0 0 1
v 0.518978 0.776362 0.284899 0 0 1
v 0.518875 0.779901 0.286353 0 0 1
v 0.51864 0.781373 0.289877 0 0 1
v 0.518412 0.779916 0.293409 0 0 1
v 0.518324 0.776383 0.294878 0 0 1
v 0.518427 0.772845 0.293425 0 0 1
v 0.518662 0.771373 0.2899 0 0 1
v 0.51889 0.77283 0.286369 0 0 1
v 0.510006 0.776341 0.284312 0 0 1
v 0.509903 0.77988 0.285765 0 0 1
v 0.509668 0.781352 0.289289 0 0 1
v 0.50944 0.779895 0.292821 0 0 1
v 0.509352 0.776363 0.29429 0 0 1
v 0.509455 0.772824 0.292837 0 0 1
v 0.50969 0.771352 0.289312 0 0 1
v 0.509918 0.772809 0.285781 0 0 1
v 0.501034 0.776321 0.283724 0 0 1
v 0.50093 0.779859 0.285177 0 0 1
v 0.500696 0.781331 0.288701 0 0 1
v 0.500468 0.779875 0.292233 0 0 1
v 0.50038 0.776342 0.293702 0 0 1
v 0.500483 0.772804 0.292249 0 0 1
v 0.500718 0.771332 0.288724 0 0 1
v 0.500946 0.772788 0.285193 0 0 1
v 0.57187 0.776576 0.29808 0 0 1
v 0.536595 0.776414 0.291065 0 0 1
v 0.572845 0.776557 0.293176 0 0 1
v 0.572546 0.780098 0.294597 0 0 1
v 0.571851 0.781576 0.298058 0 0 1
v 0.571167 0.780125 0.301532 0 0 1
v 0.570894 0.776594 0.302984 0 0 1
v 0.571193 0.773054 0.301564 0 0 1
v 0.571888 0.771576 0.298103 0 0 1
v 0.572572 0.773027 0.294629 0 0 1
v 0.564026 0.776517 0.291422 0 0 1
v 0.563728 0.780058 0.292843 0 0 1
v 0.563032 0.781535 0.296304 0 0 1
v 0.562348 0.780084 0.299778 0 0 1
v 0.562076 0.776554 0.30123 0 0 1
v 0.562374 0.773013 0.29981 0 0 1
v 0.563069 0.771535 0.296349 0 0 1
v 0.563754 0.772987 0.292875 0 0 1
v 0.555208 0.776476 0.289669 0 0 1
v 0.554909 0.780017 0.291089 0 0 1
v 0.554214 0.781495 0.29455 0 0 1
v 0.55353 0.780043 0.298024 0 0 1
v 0.553257 0.776513 0.299476 0 0 1
v 0.553556 0.772972 0.298056 0 0 1
v 0.554251 0.771495 0.294595 0 0 1
v 0.554935 0.772946 0.291121 0 0 1
v 0.546389 0.776436 0.287915 0 0 1
v 0.54609 0.779977 0.289335 0 0 1
v 0.545395 0.781454 0.292796 0 0 1
v 0.544711 0.780003 0.29627 0 0 1
v 0.544438 0.776473 0.297723 0 0 1
v 0.544737 0.772932 0.296302 0 0 1
v 0.545432 0.771454 0.292841 0 0 1
v 0.546117 0.772906 0.289367 0 0 1
v 0.537571 0.776395 0.286161 0 0 1
v 0.537272 0.779936 0.287581 0 0 1
v 0.536577 0.781414 0.291042 0 0 1
v 0.535892 0.779962 0.294516 0 0 1
v 0.53562 0.776432 0.295969 0 0 1
v 0.535919 0.772891 0.294548 0 0 1
v 0.536614 0.771414 0.291087 0 0 1
v 0.537298 0.772865 0.287613 0 0 1
v 0.605926 0.776815 0.309639 0 0 1
v 0.57187 0.776576 0.29808 0 0 1
v 0.607533 0.776791 0.304905 0 0 1
v 0.607046 0.780334 0.306268 0 0 1
v 0.605902 0.781815 0.309606 0 0 1
v 0.604773 0.780367 0.312964 0 0 1
v 0.604319 0.776839 0.314374 0 0 1
v 0.604807 0.773297 0.313011 0 0 1
v 0.60595 0.771815 0.309672 0 0 1
v 0.607079 0.773263 0.306315 0 0 1
v 0.599019 0.776732 0.302015 0 0 1
v 0.598532 0.780274 0.303378 0 0 1
v 0.597388 0.781755 0.306716 0 0 1
v 0.596259 0.780308 0.310074 0 0 1
v 0.595805 0.776779 0.311484 0 0 1
v 0.596292 0.773237 0.310121 0 0 1
v 0.597436 0.771756 0.306783 0 0 1
v 0.598565 0.773203 0.303425 0 0 1
v 0.590505 0.776672 0.299125 0 0 1
v 0.590017 0.780214 0.300488 0 0 1
v 0.588874 0.781695 0.303826 0 0 1
v 0.587745 0.780248 0.307184 0 0 1
v 0.587291 0.776719 0.308594 0 0 1
v 0.587778 0.773177 0.307231 0 0 1
v 0.588922 0.771696 0.303893 0 0 1
v 0.590051 0.773143 0.300535 0 0 1
v 0.581991 0.776612 0.296235 0 0 1
v 0.581503 0.780154 0.297599 0 0 1
v 0.58036 0.781636 0.300937 0 0 1
v 0.57923 0.780188 0.304294 0 0 1
v 0.578777 0.77666 0.305705 0 0 1
v 0.579264 0.773117 0.304341 0 0 1
v 0.580408 0.771636 0.301003 0 0 1
v 0.581537 0.773083 0.297646 0 0 1
v 0.573477 0.776552 0.293346 0 0 1
v 0.572989 0.780095 0.294709 0 0 1
v 0.571846 0.781576 0.298047 0 0 1
v 0.570716 0.780128 0.301405 0 0 1
v 0.570262 0.7766 0.302815 0 0 1
v 0.57075 0.773057 0.301452 0 0 1
v 0.571893 0.771576 0.298113 0 0 1
v 0.573023 0.773024 0.294756 0 0 1
v 0.638182 0.777127 0.325544 0 0 1
v 0.605926 0.776815 0.309639 0 0 1
v 0.640394 0.7771 0.32106 0 0 1
v 0.639727 0.780644 0.322342 0 0 1
v 0.638155 0.782127 0.325501 0 0 1
v 0.6366 0.780682 0.328684 0 0 1
v 0.635971 0.777154 0.330028 0 0 1
v 0.636638 0.773611 0.328746 0 0 1
v 0.638209 0.772128 0.325587 0 0 1
v 0.639765 0.773573 0.322404 0 0 1
v 0.63233 0.777022 0.317083 0 0 1
v 0.631663 0.780566 0.318366 0 0 1
v 0.630091 0.782049 0.321524 0 0 1
v 0.628535 0.780604 0.324708 0 0 1
v 0.627907 0.777076 0.326052 0 0 1
v 0.628574 0.773533 0.324769 0 0 1
v 0.630145 0.77205 0.321611 0 0 1
v 0.631701 0.773495 0.318428 0 0 1
v 0.624266 0.776944 0.313107 0 0 1
v 0.623599 0.780488 0.31439 0 0 1
v 0.622027 0.781971 0.317548 0 0 1
v 0.620471 0.780526 0.320732 0 0 1
v 0.619843 0.776998 0.322076 0 0 1
v 0.62051 0.773455 0.320793 0 0 1
v 0.622081 0.771972 0.317635 0 0 1
v 0.623637 0.773417 0.314451 0 0 1
v 0.616202 0.776866 0.309131 0 0 1
v 0.615535 0.780409 0.310414 0 0 1
v 0.613963 0.781893 0.313572 0 0 1
v 0.612407 0.780448 0.316756 0 0 1
v 0.611779 0.77692 0.3181 0 0 1
v 0.612446 0.773377 0.316817 0 0 1
v 0.614017 0.771893 0.313659 0 0 1
v 0.615573 0.773339 0.310475 0 0 1
v 0.608138 0.776788 0.305155 0 0 1
v 0.607471 0.780331 0.306438 0 0 1
v 0.605899 0.781815 0.309596 0 0 1
v 0.604343 0.78037 0.312779 0 0 1
v 0.603715 0.776842 0.314124 0 0 1
v 0.604382 0.773299 0.312841 0 0 1
v 0.605953 0.771815 0.309683 0 0 1
v 0.607509 0.773261 0.306499 0 0 1
v 0.668086 0.777507 0.345522 0 0 1
v 0.638182 0.777127 0.325544 0 0 1
v 0.670864 0.777479 0.341365 0 0 1
v 0.67003 0.781022 0.342545 0 0 1
v 0.668058 0.782507 0.34547 0 0 1
v 0.666102 0.781062 0.348425 0 0 1
v 0.665308 0.777535 0.34968 0 0 1
v 0.666142 0.773992 0.348499 0 0 1
v 0.668114 0.772508 0.345575 0 0 1
v 0.67007 0.773952 0.34262 0 0 1
v 0.663388 0.777384 0.336371 0 0 1
v 0.662554 0.780928 0.337551 0 0 1
v 0.660582 0.782412 0.340475 0 0 1
v 0.658626 0.780967 0.34343 0 0 1
v 0.657832 0.77744 0.344685 0 0 1
v 0.658666 0.773897 0.343505 0 0 1
v 0.660638 0.772413 0.340581 0 0 1
v 0.662594 0.773857 0.337625 0 0 1
v 0.655912 0.777289 0.331376 0 0 1
v 0.655078 0.780833 0.332556 0 0 1
v 0.653106 0.782317 0.33548 0 0 1
v 0.65115 0.780872 0.338436 0 0 1
v 0.650356 0.777345 0.33969 0 0 1
v 0.65119 0.773802 0.33851 0 0 1
v 0.653162 0.772318 0.335586 0 0 1
v 0.655118 0.773762 0.332631 0 0 1
v 0.648436 0.777194 0.326381 0 0 1
v 0.647602 0.780738 0.327562 0 0 1
v 0.64563 0.782222 0.330486 0 0 1
v 0.643674 0.780778 0.333441 0 0 1
v 0.64288 0.777251 0.334696 0 0 1
v 0.643714 0.773707 0.333516 0 0 1
v 0.645686 0.772223 0.330591 0 0 1
v 0.647642 0.773667 0.327636 0 0 1
v 0.64096 0.777099 0.321387 0 0 1
v 0.640127 0.780643 0.322567 0 0 1
v 0.638154 0.782127 0.325491 0 0 1
v 0.636198 0.780683 0.328446 0 0 1
v 0.635405 0.777156 0.329701 0 0 1
v 0.636238 0.773612 0.328521 0 0 1
v 0.638211 0.772128 0.325597 0 0 1
v 0.640166 0.773572 0.322642 0 0 1
v 0.695126 0.777948 0.369233 0 0 1
v 0.668086 0.777507 0.345522 0 0 1
v 0.698423 0.77792 0.365473 0 0 1
v 0.697437 0.781464 0.366531 0 0 1
v 0.695098 0.782948 0.369171 0 0 1
v 0.692775 0.781503 0.371847 0 0 1
v 0.691829 0.777976 0.372992 0 0 1
v 0.692814 0.774433 0.371934 0 0 1
v 0.695154 0.772949 0.369294 0 0 1
v 0.697477 0.774393 0.366618 0 0 1
v 0.691663 0.77781 0.359546 0 0 1
v 0.690677 0.781353 0.360604 0 0 1
v 0.688338 0.782837 0.363244 0 0 1
v 0.686015 0.781393 0.36592 0 0 1
v 0.685069 0.777866 0.367064 0 0 1
v 0.686055 0.774322 0.366006 0 0 1
v 0.688394 0.772838 0.363366 0 0 1
v 0.690717 0.774283 0.36069 0 0 1
v 0.684903 0.7777 0.353618 0 0 1
v 0.683917 0.781243 0.354676 0 0 1
v 0.681578 0.782727 0.357316 0 0 1
v 0.679255 0.781282 0.359992 0 0 1
v 0.678309 0.777755 0.361137 0 0 1
v 0.679295 0.774212 0.360079 0 0 1
v 0.681634 0.772728 0.357439 0 0 1
v 0.683957 0.774173 0.354763 0 0 1
v 0.678143 0.77759 0.347691 0 0 1
v 0.677158 0.781133 0.348748 0 0 1
v 0.674818 0.782617 0.351389 0 0 1
v 0.672495 0.781172 0.354065 0 0 1
v 0.671549 0.777645 0.355209 0 0 1
v 0.672535 0.774102 0.354151 0 0 1
v 0.674874 0.772618 0.351511 0 0 1
v 0.677197 0.774063 0.348835 0 0 1
v 0.671383 0.777479 0.341763 0 0 1
v 0.670398 0.781023 0.342821 0 0 1
v 0.668058 0.782507 0.345461 0 0 1
v 0.665735 0.781062 0.348137 0 0 1
v 0.664789 0.777535 0.349282 0 0 1
v 0.665775 0.773992 0.348224 0 0 1
v 0.668114 0.772508 0.345584 0 0 1
v 0.670437 0.773952 0.342908 0 0 1
v 0.718839 0.778443 0.396269 0 0 1
v 0.695126 0.777948 0.369233 0 0 1
v 0.722598 0.778417 0.392972 0 0 1
v 0.721479 0.781959 0.393889 0 0 1
v 0.718813 0.783442 0.3962 0 0 1
v 0.716163 0.781996 0.398551 0 0 1
v 0.71508 0.778469 0.399566 0 0 1
v 0.716199 0.774926 0.398649 0 0 1
v 0.718865 0.773443 0.396338 0 0 1
v 0.721516 0.774889 0.393986 0 0 1
v 0.71667 0.778293 0.386213 0 0 1
v 0.715551 0.781836 0.38713 0 0 1
v 0.712885 0.783318 0.389441 0 0 1
v 0.710234 0.781872 0.391792 0 0 1
v 0.709152 0.778345 0.392806 0 0 1
v 0.710271 0.774802 0.391889 0 0 1
v 0.712937 0.77332 0.389579 0 0 1
v 0.715587 0.774766 0.387227 0 0 1
v 0.710742 0.778169 0.379454 0 0 1
v 0.709622 0.781712 0.380371 0 0 1
v 0.706957 0.783195 0.382682 0 0 1
v 0.704306 0.781749 0.385033 0 0 1
v 0.703223 0.778221 0.386047 0 0 1
v 0.704343 0.774679 0.38513 0 0 1
v 0.707008 0.773196 0.382819 0 0 1
v 0.709659 0.774642 0.380468 0 0 1
v 0.704813 0.778046 0.372695 0 0 1
v 0.703694 0.781589 0.373612 0 0 1
v 0.701028 0.783071 0.375923 0 0 1
v 0.698378 0.781625 0.378274 0 0 1
v 0.697295 0.778098 0.379288 0 0 1
v 0.698414 0.774555 0.378371 0 0 1
v 0.70108 0.773072 0.37606 0 0 1
v 0.703731 0.774518 0.373709 0 0 1
v 0.698885 0.777922 0.365936 0 0 1
v 0.697766 0.781465 0.366853 0 0 1
v 0.6951 0.782948 0.369164 0 0 1
v 0.692449 0.781502 0.371515 0 0 1
v 0.691367 0.777974 0.372529 0 0 1
v 0.692486 0.774431 0.371612 0 0 1
v 0.695152 0.772949 0.369301 0 0 1
v 0.697802 0.774395 0.36695 0 0 1
v 0.73882 0.778982 0.426169 0 0 1
v 0.718839 0.778443 0.396269 0 0 1
v 0.742977 0.77896 0.423391 0 0 1
v 0.741743 0.782501 0.424151 0 0 1
v 0.738797 0.783982 0.426094 0 0 1
v 0.735864 0.782533 0.42808 0 0 1
v 0.734663 0.779005 0.428946 0 0 1
v 0.735896 0.775463 0.428186 0 0 1
v 0.738843 0.773983 0.426244 0 0 1
v 0.741776 0.775431 0.424258 0 0 1
v 0.737982 0.778825 0.415916 0 0 1
v 0.736748 0.782366 0.416676 0 0 1
v 0.733802 0.783847 0.418619 0 0 1
v 0.730869 0.782399 0.420605 0 0 1
v 0.729667 0.77887 0.421471 0 0 1
v 0.730901 0.775328 0.420711 0 0 1
v 0.733847 0.773848 0.418769 0 0 1
v 0.73678 0.775296 0.416783 0 0 1
v 0.732987 0.77869 0.408441 0 0 1
v 0.731753 0.782231 0.409202 0 0 1
v 0.728807 0.783712 0.411144 0 0 1
v 0.725874 0.782264 0.41313 0 0 1
v 0.724672 0.778735 0.413997 0 0 1
v 0.725906 0.775193 0.413236 0 0 1
v 0.728852 0.773713 0.411294 0 0 1
v 0.731785 0.775161 0.409308 0 0 1
v 0.727992 0.778555 0.400966 0 0 1
v 0.726758 0.782097 0.401727 0 0 1
v 0.723812 0.783577 0.403669 0 0 1
v 0.720879 0.782129 0.405655 0 0 1
v 0.719677 0.7786 0.406522 0 0 1
v 0.720911 0.775059 0.405761 0 0 1
v 0.723857 0.773578 0.403819 0 0 1
v 0.72679 0.775026 0.401833 0 0 1
v 0.722996 0.77842 0.393491 0 0 1
v 0.721763 0.781962 0.394252 0 0 1
v 0.718816 0.783442 0.396194 0 0 1
v 0.715883 0.781994 0.39818 0 0 1
v 0.714682 0.778465 0.399047 0 0 1
v 0.715916 0.774924 0.398286 0 0 1
v 0.718862 0.773443 0.396344 0 0 1
v 0.721795 0.774891 0.394358 0 0 1
v 0.754726 0.779558 0.45842 0 0 1
v 0.73882 0.778982 0.426169 0 0 1
v 0.759211 0.779539 0.456209 0 0 1
v 0.757884 0.78308 0.4568 0 0 1
v 0.754708 0.784557 0.45834 0 0 1
v 0.751542 0.783106 0.459927 0 0 1
v 0.750242 0.779576 0.460632 0 0 1
v 0.751569 0.776036 0.460041 0 0 1
v 0.754745 0.774559 0.4585 0 0 1
v 0.75791 0.77601 0.456913 0 0 1
v 0.755234 0.779395 0.448146 0 0 1
v 0.753907 0.782936 0.448737 0 0 1
v 0.750731 0.784413 0.450277 0 0 1
v 0.747566 0.782962 0.451864 0 0 1
v 0.746265 0.779433 0.452569 0 0 1
v 0.747592 0.775892 0.451978 0 0 1
v 0.750768 0.774415 0.450437 0 0 1
v 0.753934 0.775866 0.44885 0 0 1
v 0.751257 0.779251 0.440083 0 0 1
v 0.749931 0.782792 0.440674 0 0 1
v 0.746754 0.784269 0.442214 0 0 1
v 0.743589 0.782818 0.443802 0 0 1
v 0.742289 0.779289 0.444506 0 0 1
v 0.743615 0.775748 0.443915 0 0 1
v 0.746792 0.774271 0.442374 0 0 1
v 0.749957 0.775722 0.440787 0 0 1
v 0.747281 0.779108 0.43202 0 0 1
v 0.745954 0.782648 0.432611 0 0 1
v 0.742778 0.784126 0.434152 0 0 1
v 0.739612 0.782674 0.435739 0 0 1
v 0.738312 0.779145 0.436443 0 0 1
v 0.739639 0.775604 0.435852 0 0 1
v 0.742815 0.774127 0.434312 0 0 1
v 0.745981 0.775578 0.432724 0 0 1
v 0.743304 0.778964 0.423957 0 0 1
v 0.741978 0.782504 0.424548 0 0 1
v 0.738801 0.783982 0.426089 0 0 1
v 0.735636 0.782531 0.427676 0 0 1
v 0.734335 0.779001 0.42838 0 0 1
v 0.735662 0.77546 0.427789 0 0 1
v 0.738839 0.773983 0.426249 0 0 1
v 0.742004 0.775434 0.424662 0 0 1
v 0.766286 0.780159 0.492472 0 0 1
v 0.754726 0.779558 0.45842 0 0 1
v 0.771021 0.780146 0.490865 0 0 1
v 0.769625 0.783685 0.491277 0 0 1
v 0.766273 0.785159 0.492388 0 0 1
v 0.762929 0.783704 0.493549 0 0 1
v 0.761552 0.780173 0.494079 0 0 1
v 0.762948 0.776634 0.493668 0 0 1
v 0.7663 0.77516 0.492556 0 0 1
v 0.769644 0.776615 0.491395 0 0 1
v 0.768131 0.779995 0.482352 0 0 1
v 0.766735 0.783534 0.482764 0 0 1
v 0.763383 0.785008 0.483876 0 0 1
v 0.760039 0.783554 0.485036 0 0 1
v 0.758662 0.780023 0.485566 0 0 1
v 0.760058 0.776484 0.485155 0 0 1
v 0.76341 0.77501 0.484043 0 0 1
v 0.766754 0.776464 0.482882 0 0 1
v 0.765241 0.779845 0.473839 0 0 1
v 0.763845 0.783384 0.474251 0 0 1
v 0.760493 0.784858 0.475363 0 0 1
v 0.757149 0.783403 0.476523 0 0 1
v 0.755772 0.779872 0.477053 0 0 1
v 0.757168 0.776333 0.476642 0 0 1
v 0.76052 0.774859 0.47553 0 0 1
v 0.763864 0.776314 0.474369 0 0 1
v 0.762351 0.779694 0.465326 0 0 1
v 0.760955 0.783233 0.465738 0 0 1
v 0.757603 0.784708 0.46685 0 0 1
v 0.754259 0.783253 0.468011 0 0 1
v 0.752882 0.779722 0.46854 0 0 1
v 0.754278 0.776183 0.468129 0 0 1
v 0.75763 0.774709 0.467017 0 0 1
v 0.760974 0.776163 0.465856 0 0 1
v 0.759461 0.779544 0.456813 0 0 1
v 0.758064 0.783083 0.457225 0 0 1
v 0.754713 0.784557 0.458337 0 0 1
v 0.751369 0.783103 0.459498 0 0 1
v 0.749992 0.779572 0.460027 0 0 1
v 0.751388 0.776033 0.459616 0 0 1
v 0.75474 0.774559 0.458504 0 0 1
v 0.758084 0.776013 0.457343 0 0 1
v 0.773302 0.780777 0.527741 0 0 1
v 0.766286 0.780159 0.492472 0 0 1
v 0.778206 0.780768 0.526766 0 0 1
v 0.776764 0.784306 0.526991 0 0 1
v 0.773294 0.785776 0.527655 0 0 1
v 0.769829 0.784318 0.52837 0 0 1
v 0.768398 0.780785 0.528717 0 0 1
v 0.769841 0.777248 0.528492 0 0 1
v 0.773311 0.775778 0.527827 0 0 1
v 0.776776 0.777236 0.527112 0 0 1
v 0.776452 0.780614 0.517949 0 0 1
v 0.77501 0.784151 0.518174 0 0 1
v 0.77154 0.785622 0.518838 0 0 1
v 0.768075 0.784163 0.519553 0 0 1
v 0.766644 0.780631 0.519899 0 0 1
v 0.768087 0.777093 0.519674 0 0 1
v 0.771557 0.775623 0.51901 0 0 1
v 0.775022 0.777081 0.518295 0 0 1
v 0.774698 0.78046 0.509131 0 0 1
v 0.773256 0.783997 0.509356 0 0 1
v 0.769786 0.785467 0.510021 0 0 1
v 0.766321 0.784009 0.510736 0 0 1
v 0.76489 0.780477 0.511082 0 0 1
v 0.766333 0.776939 0.510857 0 0 1
v 0.769803 0.775469 0.510193 0 0 1
v 0.773268 0.776927 0.509478 0 0 1
v 0.772944 0.780305 0.500314 0 0 1
v 0.771502 0.783843 0.500539 0 0 1
v 0.768032 0.785313 0.501204 0 0 1
v 0.764567 0.783855 0.501918 0 0 1
v 0.763136 0.780322 0.502265 0 0 1
v 0.764579 0.776785 0.50204 0 0 1
v 0.768049 0.775315 0.501375 0 0 1
v 0.771514 0.776773 0.50066 0 0 1
v 0.77119 0.780151 0.491497 0 0 1
v 0.769748 0.783688 0.491722 0 0 1
v 0.766278 0.785159 0.492386 0 0 1
v 0.762813 0.7837 0.493101 0 0 1
v 0.761382 0.780168 0.493447 0 0 1
v 0.762825 0.77663 0.493222 0 0 1
v 0.766295 0.77516 0.492558 0 0 1
v 0.76976 0.776618 0.491843 0 0 1
v 0.775654 0.781399 0.563624 0 0 1
v 0.773302 0.780777 0.527741 0 0 1
v 0.780643 0.781396 0.563298 0 0 1
v 0.77918 0.784932 0.563332 0 0 1
v 0.775651 0.786399 0.563538 0 0 1
v 0.772124 0.784936 0.563794 0 0 1
v 0.770664 0.781402 0.563951 0 0 1
v 0.772128 0.777866 0.563917 0 0 1
v 0.775657 0.7764 0.563711 0 0 1
v 0.779184 0.777862 0.563454 0 0 1
v 0.780055 0.781241 0.554327 0 0 1
v 0.778592 0.784777 0.554361 0 0 1
v 0.775063 0.786243 0.554567 0 0 1
v 0.771536 0.784781 0.554824 0 0 1
v 0.770077 0.781247 0.554981 0 0 1
v 0.77154 0.777711 0.554946 0 0 1
v 0.775069 0.776244 0.55474 0 0 1
v 0.778596 0.777707 0.554484 0 0 1
v 0.779467 0.781085 0.545356 0 0 1
v 0.778004 0.784621 0.54539 0 0 1
v 0.774475 0.786087 0.545596 0 0 1
v 0.770948 0.784625 0.545853 0 0 1
v 0.769489 0.781091 0.54601 0 0 1
v 0.770952 0.777555 0.545975 0 0 1
v 0.774481 0.776089 0.545769 0 0 1
v 0.778008 0.777551 0.545513 0 0 1
v 0.778879 0.78093 0.536385 0 0 1
v 0.777416 0.784465 0.53642 0 0 1
v 0.773887 0.785932 0.536626 0 0 1
v 0.77036 0.784469 0.536882 0 0 1
v 0.768901 0.780935 0.537039 0 0 1
v 0.770364 0.777399 0.537004 0 0 1
v 0.773893 0.775933 0.536799 0 0 1
v 0.77742 0.777395 0.536542 0 0 1
v 0.778292 0.780774 0.527414 0 0 1
v 0.776828 0.78431 0.527449 0 0 1
v 0.773299 0.785776 0.527655 0 0 1
v 0.769772 0.784314 0.527911 0 0 1
v 0.768313 0.78078 0.528068 0 0 1
v 0.769776 0.777244 0.528034 0 0 1
v 0.773305 0.775778 0.527828 0 0 1
v 0.776832 0.77724 0.527571 0 0 1
v 0.773301 0.782016 0.599508 0 0 1
v 0.775654 0.781399 0.563624 0 0 1
v 0.77829 0.782019 0.599835 0 0 1
v 0.776831 0.785553 0.599678 0 0 1
v 0.773304 0.787016 0.599422 0 0 1
v 0.769775 0.785549 0.599216 0 0 1
v 0.768311 0.782014 0.59918 0 0 1
v 0.769771 0.778479 0.599337 0 0 1
v 0.773298 0.777017 0.599593 0 0 1
v 0.776827 0.778483 0.5998 0 0 1
v 0.778878 0.781865 0.590864 0 0 1
v 0.777419 0.785399 0.590707 0 0 1
v 0.773892 0.786861 0.590451 0 0 1
v 0.770363 0.785395 0.590245 0 0 1
v 0.7689 0.781859 0.59021 0 0 1
v 0.770359 0.778325 0.590366 0 0 1
v 0.773886 0.776863 0.590623 0 0 1
v 0.777415 0.778329 0.590829 0 0 1
v 0.779467 0.781711 0.581893 0 0 1
v 0.778007 0.785245 0.581737 0 0 1
v 0.77448 0.786707 0.58148 0 0 1
v 0.770951 0.785241 0.581274 0 0 1
v 0.769488 0.781705 0.581239 0 0 1
v 0.770947 0.778171 0.581395 0 0 1
v 0.774474 0.776709 0.581652 0 0 1
v 0.778003 0.778175 0.581858 0 0 1
v 0.780055 0.781556 0.572922 0 0 1
v 0.778595 0.785091 0.572766 0 0 1
v 0.775068 0.786553 0.572509 0 0 1
v 0.77154 0.785087 0.572303 0 0 1
v 0.770076 0.781551 0.572268 0 0 1
v 0.771536 0.778017 0.572425 0 0 1
v 0.775063 0.776554 0.572681 0 0 1
v 0.778591 0.778021 0.572887 0 0 1
v 0.780643 0.781402 0.563952 0 0 1
v 0.779184 0.784936 0.563795 0 0 1
v 0.775657 0.786399 0.563539 0 0 1
v 0.772128 0.784932 0.563332 0 0 1
v 0.770664 0.781397 0.563297 0 0 1
v 0.772124 0.777862 0.563454 0 0 1
v 0.775651 0.7764 0.56371 0 0 1
v 0.77918 0.777866 0.563916 0 0 1
v 0.766284 0.782617 0.634777 0 0 1
v 0.773301 0.782016 0.599508 0 0 1
v 0.771187 0.782626 0.635752 0 0 1
v 0.769757 0.786158 0.635408 0 0 1
v 0.766292 0.787617 0.634693 0 0 1
v 0.762822 0.786147 0.634028 0 0 1
v 0.76138 0.782609 0.633801 0 0 1
v 0.76281 0.779077 0.634146 0 0 1
v 0.766275 0.777618 0.63486 0 0 1
v 0.769745 0.779088 0.635526 0 0 1
v 0.772942 0.782475 0.626935 0 0 1
v 0.771511 0.786008 0.62659 0 0 1
v 0.768046 0.787466 0.625876 0 0 1
v 0.764576 0.785996 0.625211 0 0 1
v 0.763134 0.782459 0.624984 0 0 1
v 0.764564 0.778926 0.625329 0 0 1
v 0.76803 0.777468 0.626043 0 0 1
v 0.7715 0.778938 0.626708 0 0 1
v 0.774696 0.782325 0.618118 0 0 1
v 0.773266 0.785858 0.617773 0 0 1
v 0.7698 0.787316 0.617059 0 0 1
v 0.76633 0.785846 0.616393 0 0 1
v 0.764888 0.782309 0.616167 0 0 1
v 0.766319 0.778776 0.616511 0 0 1
v 0.769784 0.777318 0.617226 0 0 1
v 0.773254 0.778788 0.617891 0 0 1
v 0.77645 0.782175 0.6093 0 0 1
v 0.77502 0.785707 0.608956 0 0 1
v 0.771555 0.787166 0.608241 0 0 1
v 0.768085 0.785696 0.607576 0 0 1
v 0.766643 0.782158 0.607349 0 0 1
v 0.768073 0.778626 0.607694 0 0 1
v 0.771538 0.777167 0.608408 0 0 1
v 0.775008 0.778637 0.609074 0 0 1
v 0.778205 0.782025 0.600483 0 0 1
v 0.776774 0.785557 0.600138 0 0 1
v 0.773309 0.787016 0.599424 0 0 1
v 0.769839 0.785546 0.598759 0 0 1
v 0.768397 0.782008 0.598532 0 0 1
v 0.769827 0.778476 0.598877 0 0 1
v 0.773293 0.777017 0.599591 0 0 1
v 0.776763 0.778487 0.600257 0 0 1
v 0.754722 0.783192 0.668829 0 0 1
v 0.766284 0.782617 0.634777 0 0 1
v 0.759457 0.783205 0.670436 0 0 1
v 0.758079 0.786737 0.669909 0 0 1
v 0.754735 0.788192 0.668749 0 0 1
v 0.751384 0.786718 0.667636 0 0 1
v 0.749988 0.783179 0.667221 0 0 1
v 0.751365 0.779648 0.667749 0 0 1
v 0.754709 0.778193 0.668908 0 0 1
v 0.758061 0.779666 0.670022 0 0 1
v 0.762347 0.783062 0.661923 0 0 1
v 0.76097 0.786593 0.661396 0 0 1
v 0.757626 0.788048 0.660236 0 0 1
v 0.754274 0.786574 0.659123 0 0 1
v 0.752878 0.783035 0.658708 0 0 1
v 0.754255 0.779504 0.659236 0 0 1
v 0.757599 0.778049 0.660396 0 0 1
v 0.760951 0.779523 0.661509 0 0 1
v 0.765237 0.782918 0.65341 0 0 1
v 0.76386 0.786449 0.652883 0 0 1
v 0.760516 0.787904 0.651723 0 0 1
v 0.757164 0.786431 0.65061 0 0 1
v 0.755768 0.782892 0.650195 0 0 1
v 0.757146 0.77936 0.650723 0 0 1
v 0.76049 0.777905 0.651883 0 0 1
v 0.763841 0.779379 0.652996 0 0 1
v 0.768128 0.782774 0.644897 0 0 1
v 0.76675 0.786306 0.64437 0 0 1
v 0.763406 0.78776 0.64321 0 0 1
v 0.760055 0.786287 0.642097 0 0 1
v 0.758659 0.782748 0.641682 0 0 1
v 0.760036 0.779217 0.64221 0 0 1
v 0.76338 0.777762 0.64337 0 0 1
v 0.766732 0.779235 0.644483 0 0 1
v 0.771018 0.782631 0.636384 0 0 1
v 0.769641 0.786162 0.635857 0 0 1
v 0.766297 0.787617 0.634697 0 0 1
v 0.762945 0.786143 0.633584 0 0 1
v 0.761549 0.782604 0.63317 0 0 1
v 0.762926 0.779073 0.633697 0 0 1
v 0.76627 0.777618 0.634857 0 0 1
v 0.769622 0.779092 0.63597 0 0 1
v 0.738814 0.783731 0.70108 0 0 1
v 0.754722 0.783192 0.668829 0 0 1
v 0.743299 0.783748 0.703292 0 0 1
v 0.741998 0.787278 0.702591 0 0 1
v 0.738832 0.78873 0.701005 0 0 1
v 0.735656 0.787254 0.699464 0 0 1
v 0.73433 0.783713 0.698869 0 0 1
v 0.735631 0.780183 0.699569 0 0 1
v 0.738797 0.778731 0.701155 0 0 1
v 0.741973 0.780208 0.702697 0 0 1
v 0.747276 0.783614 0.695229 0 0 1
v 0.745975 0.787144 0.694528 0 0 1
v 0.742809 0.788596 0.692942 0 0 1
v 0.739633 0.787119 0.691401 0 0 1
v 0.738307 0.783579 0.690806 0 0 1
v 0.739608 0.780049 0.691506 0 0 1
v 0.742774 0.778597 0.693092 0 0 1
v 0.74595 0.780073 0.694634 0 0 1
v 0.751253 0.783479 0.687166 0 0 1
v 0.749951 0.787009 0.686465 0 0 1
v 0.746786 0.788461 0.68488 0 0 1
v 0.74361 0.786984 0.683338 0 0 1
v 0.742284 0.783444 0.682743 0 0 1
v 0.743585 0.779914 0.683444 0 0 1
v 0.746751 0.778462 0.685029 0 0 1
v 0.749927 0.779939 0.686571 0 0 1
v 0.755229 0.783344 0.679103 0 0 1
v 0.753928 0.786874 0.678402 0 0 1
v 0.750763 0.788326 0.676817 0 0 1
v 0.747587 0.78685 0.675275 0 0 1
v 0.746261 0.783309 0.67468 0 0 1
v 0.747562 0.779779 0.675381 0 0 1
v 0.750728 0.778327 0.676966 0 0 1
v 0.753904 0.779804 0.678508 0 0 1
v 0.759206 0.78321 0.67104 0 0 1
v 0.757905 0.78674 0.670339 0 0 1
v 0.75474 0.788192 0.668754 0 0 1
v 0.751564 0.786715 0.667212 0 0 1
v 0.750238 0.783175 0.666617 0 0 1
v 0.751539 0.779645 0.667318 0 0 1
v 0.754705 0.778193 0.668903 0 0 1
v 0.757881 0.779669 0.670445 0 0 1
v 0.718832 0.784224 0.73098 0 0 1
v 0.738814 0.783731 0.70108 0 0 1
v 0.72299 0.784245 0.733758 0 0 1
v 0.721787 0.787774 0.732896 0 0 1
v 0.718853 0.789223 0.730911 0 0 1
v 0.715907 0.787744 0.728967 0 0 1
v 0.714675 0.784203 0.728202 0 0 1
v 0.715878 0.780674 0.729064 0 0 1
v 0.718812 0.779225 0.731049 0 0 1
v 0.721757 0.780704 0.732993 0 0 1
v 0.727985 0.784122 0.726283 0 0 1
v 0.726782 0.787651 0.725421 0 0 1
v 0.723849 0.7891 0.723437 0 0 1
v 0.720903 0.787621 0.721492 0 0 1
v 0.719671 0.78408 0.720727 0 0 1
v 0.720874 0.780551 0.721589 0 0 1
v 0.723807 0.779101 0.723574 0 0 1
v 0.726753 0.78058 0.725518 0 0 1
v 0.732981 0.783998 0.718808 0 0 1
v 0.731778 0.787527 0.717946 0 0 1
v 0.728844 0.788977 0.715962 0 0 1
v 0.725898 0.787498 0.714017 0 0 1
v 0.724666 0.783957 0.713252 0 0 1
v 0.725869 0.780428 0.714114 0 0 1
v 0.728803 0.778978 0.716099 0 0 1
v 0.731748 0.780457 0.718043 0 0 1
v 0.737976 0.783875 0.711333 0 0 1
v 0.736773 0.787404 0.710471 0 0 1
v 0.73384 0.788854 0.708487 0 0 1
v 0.730894 0.787375 0.706542 0 0 1
v 0.729662 0.783833 0.705777 0 0 1
v 0.730865 0.780304 0.706639 0 0 1
v 0.733798 0.778855 0.708624 0 0 1
v 0.736744 0.780334 0.710568 0 0 1
v 0.742972 0.783752 0.703858 0 0 1
v 0.741769 0.787281 0.702996 0 0 1
v 0.738835 0.78873 0.701012 0 0 1
v 0.735889 0.787251 0.699067 0 0 1
v 0.734657 0.78371 0.698302 0 0 1
v 0.73586 0.780181 0.699164 0 0 1
v 0.738794 0.778731 0.701149 0 0 1
v 0.741739 0.78021 0.703093 0 0 1
v 0.695118 0.784663 0.758016 0 0 1
v 0.718832 0.784224 0.73098 0 0 1
v 0.698877 0.784686 0.761313 0 0 1
v 0.697792 0.788215 0.760304 0 0 1
v 0.695141 0.789663 0.757955 0 0 1
v 0.692476 0.788182 0.755642 0 0 1
v 0.691359 0.78464 0.75472 0 0 1
v 0.692444 0.781112 0.755728 0 0 1
v 0.695095 0.779664 0.758077 0 0 1
v 0.69776 0.781144 0.760391 0 0 1
v 0.704806 0.784577 0.754554 0 0 1
v 0.703721 0.788105 0.753545 0 0 1
v 0.70107 0.789553 0.751196 0 0 1
v 0.698405 0.788073 0.748883 0 0 1
v 0.697288 0.784531 0.74796 0 0 1
v 0.698372 0.781002 0.748969 0 0 1
v 0.701024 0.779554 0.751318 0 0 1
v 0.703688 0.781035 0.753632 0 0 1
v 0.710734 0.784467 0.747795 0 0 1
v 0.70965 0.787995 0.746786 0 0 1
v 0.706998 0.789443 0.744437 0 0 1
v 0.704333 0.787963 0.742124 0 0 1
v 0.703216 0.784421 0.741201 0 0 1
v 0.704301 0.780892 0.74221 0 0 1
v 0.706952 0.779444 0.744559 0 0 1
v 0.709617 0.780925 0.746873 0 0 1
v 0.716663 0.784357 0.741036 0 0 1
v 0.715578 0.787885 0.740027 0 0 1
v 0.712927 0.789333 0.737678 0 0 1
v 0.710262 0.787853 0.735365 0 0 1
v 0.709145 0.784311 0.734442 0 0 1
v 0.71023 0.780782 0.735451 0 0 1
v 0.712881 0.779334 0.7378 0 0 1
v 0.715546 0.780815 0.740113 0 0 1
v 0.722591 0.784247 0.734277 0 0 1
v 0.721507 0.787776 0.733268 0 0 1
v 0.718855 0.789224 0.730919 0 0 1
v 0.716191 0.787743 0.728606 0 0 1
v 0.715073 0.784201 0.727683 0 0 1
v 0.716158 0.780673 0.728692 0 0 1
v 0.718809 0.779224 0.731041 0 0 1
v 0.721474 0.780705 0.733354 0 0 1
v 0.668077 0.785042 0.781726 0 0 1
v 0.695118 0.784663 0.758016 0 0 1
v 0.671374 0.785065 0.785486 0 0 1
v 0.670425 0.788594 0.784348 0 0 1
v 0.668101 0.790041 0.781674 0 0 1
v 0.665763 0.78856 0.779031 0 0 1
v 0.664781 0.785018 0.777967 0 0 1
v 0.665729 0.781489 0.779105 0 0 1
v 0.668054 0.780042 0.781779 0 0 1
v 0.670392 0.781523 0.784422 0 0 1
v 0.678134 0.784971 0.779558 0 0 1
v 0.677185 0.788499 0.77842 0 0 1
v 0.674861 0.789947 0.775746 0 0 1
v 0.672523 0.788466 0.773104 0 0 1
v 0.671541 0.784923 0.77204 0 0 1
v 0.67249 0.781395 0.773178 0 0 1
v 0.674814 0.779947 0.775852 0 0 1
v 0.677152 0.781429 0.778494 0 0 1
v 0.684894 0.784876 0.773631 0 0 1
v 0.683946 0.788405 0.772492 0 0 1
v 0.681622 0.789852 0.769819 0 0 1
v 0.679284 0.788371 0.767176 0 0 1
v 0.678301 0.784829 0.766112 0 0 1
v 0.67925 0.7813 0.76725 0 0 1
v 0.681574 0.779853 0.769924 0 0 1
v 0.683912 0.781334 0.772567 0 0 1
v 0.691655 0.784782 0.767703 0 0 1
v 0.690706 0.78831 0.766565 0 0 1
v 0.688382 0.789758 0.763891 0 0 1
v 0.686044 0.788276 0.761248 0 0 1
v 0.685061 0.784734 0.760185 0 0 1
v 0.68601 0.781206 0.761323 0 0 1
v 0.688334 0.779758 0.763996 0 0 1
v 0.690672 0.78124 0.766639 0 0 1
v 0.698415 0.784687 0.761776 0 0 1
v 0.697466 0.788216 0.760637 0 0 1
v 0.695142 0.789663 0.757964 0 0 1
v 0.692804 0.788182 0.755321 0 0 1
v 0.691822 0.78464 0.754257 0 0 1
v 0.69277 0.781111 0.755395 0 0 1
v 0.695094 0.779664 0.758069 0 0 1
v 0.697432 0.781145 0.760712 0 0 1
v 0.638173 0.785352 0.801705 0 0 1
v 0.668077 0.785042 0.781726 0 0 1
v 0.64095 0.785375 0.805862 0 0 1
v 0.640153 0.788904 0.804614 0 0 1
v 0.638196 0.790352 0.801662 0 0 1
v 0.636225 0.788871 0.798735 0 0 1
v 0.635395 0.785329 0.797547 0 0 1
v 0.636192 0.7818 0.798796 0 0 1
v 0.63815 0.780352 0.801748 0 0 1
v 0.640121 0.781833 0.804675 0 0 1
v 0.648427 0.785297 0.800868 0 0 1
v 0.647629 0.788826 0.79962 0 0 1
v 0.645672 0.790274 0.796667 0 0 1
v 0.643701 0.788793 0.79374 0 0 1
v 0.642871 0.785251 0.792553 0 0 1
v 0.643668 0.781723 0.793801 0 0 1
v 0.645626 0.780275 0.796753 0 0 1
v 0.647597 0.781755 0.799681 0 0 1
v 0.655903 0.78522 0.795873 0 0 1
v 0.655105 0.788748 0.794625 0 0 1
v 0.653148 0.790197 0.791673 0 0 1
v 0.651177 0.788716 0.788745 0 0 1
v 0.650347 0.785174 0.787558 0 0 1
v 0.651145 0.781645 0.788806 0 0 1
v 0.653102 0.780197 0.791759 0 0 1
v 0.655073 0.781678 0.794686 0 0 1
v 0.663379 0.785142 0.790878 0 0 1
v 0.662582 0.788671 0.78963 0 0 1
v 0.660624 0.790119 0.786678 0 0 1
v 0.658653 0.788638 0.783751 0 0 1
v 0.657824 0.785096 0.782564 0 0 1
v 0.658621 0.781568 0.783812 0 0 1
v 0.660578 0.780119 0.786764 0 0 1
v 0.662549 0.7816 0.789691 0 0 1
v 0.670855 0.785065 0.785884 0 0 1
v 0.670058 0.788593 0.784636 0 0 1
v 0.6681 0.790041 0.781683 0 0 1
v 0.66613 0.788561 0.778756 0 0 1
v 0.6653 0.785019 0.777569 0 0 1
v 0.666097 0.78149 0.778817 0 0 1
v 0.668054 0.780042 0.78177 0 0 1
v 0.670025 0.781523 0.784697 0 0 1
v 0.605916 0.785589 0.81761 0 0 1
v 0.638173 0.785352 0.801705 0 0 1
v 0.608127 0.78561 0.822094 0 0 1
v 0.607494 0.789139 0.820757 0 0 1
v 0.605936 0.790589 0.817577 0 0 1
v 0.604367 0.78911 0.814415 0 0 1
v 0.603705 0.785569 0.813125 0 0 1
v 0.604338 0.782039 0.814462 0 0 1
v 0.605895 0.780589 0.817643 0 0 1
v 0.607465 0.782068 0.820804 0 0 1
v 0.616191 0.78555 0.818118 0 0 1
v 0.615558 0.78908 0.816781 0 0 1
v 0.614001 0.79053 0.8136 0 0 1
v 0.612431 0.789051 0.810439 0 0 1
v 0.611769 0.785509 0.809149 0 0 1
v 0.612402 0.78198 0.810486 0 0 1
v 0.61396 0.78053 0.813666 0 0 1
v 0.615529 0.782009 0.816828 0 0 1
v 0.624256 0.785491 0.814142 0 0 1
v 0.623622 0.789021 0.812805 0 0 1
v 0.622065 0.79047 0.809624 0 0 1
v 0.620495 0.788991 0.806463 0 0 1
v 0.619833 0.78545 0.805173 0 0 1
v 0.620466 0.781921 0.80651 0 0 1
v 0.622024 0.780471 0.80969 0 0 1
v 0.623593 0.78195 0.812852 0 0 1
v 0.63232 0.785432 0.810165 0 0 1
v 0.631687 0.788961 0.808829 0 0 1
v 0.630129 0.790411 0.805648 0 0 1
v 0.628559 0.788932 0.802487 0 0 1
v 0.627897 0.785391 0.801197 0 0 1
v 0.62853 0.781861 0.802533 0 0 1
v 0.630088 0.780411 0.805714 0 0 1
v 0.631658 0.78189 0.808875 0 0 1
v 0.640384 0.785372 0.806189 0 0 1
v 0.639751 0.788902 0.804853 0 0 1
v 0.638193 0.790352 0.801672 0 0 1
v 0.636624 0.788873 0.798511 0 0 1
v 0.635961 0.785331 0.79722 0 0 1
v 0.636595 0.781802 0.798557 0 0 1
v 0.638152 0.780352 0.801738 0 0 1
v 0.639722 0.781831 0.804899 0 0 1
v 0.571859 0.785749 0.829169 0 0 1
v 0.605916 0.785589 0.81761 0 0 1
v 0.573466 0.785765 0.833903 0 0 1
v 0.573007 0.789296 0.832501 0 0 1
v 0.571875 0.790749 0.829146 0 0 1
v 0.570734 0.789274 0.825805 0 0 1
v 0.570252 0.785733 0.824434 0 0 1
v 0.570711 0.782203 0.825836 0 0 1
v 0.571843 0.780749 0.829191 0 0 1
v 0.572984 0.782225 0.832532 0 0 1
v 0.58198 0.785725 0.831014 0 0 1
v 0.581521 0.789256 0.829611 0 0 1
v 0.580389 0.790709 0.826257 0 0 1
v 0.579248 0.789233 0.822915 0 0 1
v 0.578766 0.785693 0.821544 0 0 1
v 0.579226 0.782163 0.822947 0 0 1
v 0.580357 0.780709 0.826301 0 0 1
v 0.581498 0.782185 0.829643 0 0 1
v 0.590494 0.785685 0.828124 0 0 1
v 0.590035 0.789216 0.826721 0 0 1
v 0.588903 0.790669 0.823367 0 0 1
v 0.587762 0.789193 0.820026 0 0 1
v 0.58728 0.785653 0.818654 0 0 1
v 0.58774 0.782122 0.820057 0 0 1
v 0.588871 0.780669 0.823411 0 0 1
v 0.590012 0.782145 0.826753 0 0 1
v 0.599009 0.785645 0.825234 0 0 1
v 0.598549 0.789176 0.823832 0 0 1
v 0.597418 0.790629 0.820477 0 0 1
v 0.596277 0.789153 0.817136 0 0 1
v 0.595795 0.785613 0.815765 0 0 1
v 0.596254 0.782082 0.817167 0 0 1
v 0.597386 0.780629 0.820522 0 0 1
v 0.598527 0.782105 0.823863 0 0 1
v 0.607523 0.785605 0.822344 0 0 1
v 0.607064 0.789136 0.820942 0 0 1
v 0.605932 0.790589 0.817587 0 0 1
v 0.604791 0.789113 0.814246 0 0 1
v 0.604309 0.785573 0.812875 0 0 1
v 0.604768 0.782042 0.814277 0 0 1
v 0.6059 0.780589 0.817632 0 0 1
v 0.607041 0.782065 0.820973 0 0 1
v 0.536584 0.78583 0.836184 0 0 1
v 0.571859 0.785749 0.829169 0 0 1
v 0.53756 0.785839 0.841088 0 0 1
v 0.53728 0.789371 0.839644 0 0 1
v 0.536593 0.790829 0.836173 0 0 1
v 0.535901 0.789359 0.832709 0 0 1
v 0.535609 0.78582 0.83128 0 0 1
v 0.535888 0.782288 0.832724 0 0 1
v 0.536575 0.78083 0.836195 0 0 1
v 0.537268 0.7823 0.83966 0 0 1
v 0.546378 0.785819 0.839334 0 0 1
v 0.546099 0.789351 0.83789 0 0 1
v 0.545412 0.790809 0.834419 0 0 1
v 0.54472 0.789339 0.830955 0 0 1
v 0.544428 0.7858 0.829526 0 0 1
v 0.544707 0.782267 0.830971 0 0 1
v 0.545394 0.780809 0.834441 0 0 1
v 0.546086 0.78228 0.837906 0 0 1
v 0.555197 0.785799 0.83758 0 0 1
v 0.554918 0.789331 0.836136 0 0 1
v 0.554231 0.790789 0.832665 0 0 1
v 0.553538 0.789318 0.829201 0 0 1
v 0.553246 0.78578 0.827772 0 0 1
v 0.553525 0.782247 0.829217 0 0 1
v 0.554212 0.780789 0.832688 0 0 1
v 0.554905 0.78226 0.836152 0 0 1
v 0.564016 0.785779 0.835826 0 0 1
v 0.563736 0.789311 0.834382 0 0 1
v 0.563049 0.790769 0.830911 0 0 1
v 0.562357 0.789298 0.827447 0 0 1
v 0.562065 0.78576 0.826019 0 0 1
v 0.562344 0.782227 0.827463 0 0 1
v 0.563031 0.780769 0.830934 0 0 1
v 0.563723 0.78224 0.834398 0 0 1
v 0.572834 0.785758 0.834073 0 0 1
v 0.572555 0.789291 0.832628 0 0 1
v 0.571868 0.790749 0.829158 0 0 1
v 0.571176 0.789278 0.825693 0 0 1
v 0.570884 0.78574 0.824265 0 0 1
v 0.571163 0.782207 0.825709 0 0 1
v 0.57185 0.780749 0.82918 0 0 1
v 0.572542 0.78222 0.832644 0 0 1
v 0.500696 0.785828 0.838536 0 0 1
v 0.536584 0.78583 0.836184 0 0 1
v 0.501023 0.785828 0.843525 0 0 1
v 0.500927 0.789364 0.842064 0 0 1
v 0.500696 0.790828 0.838536 0 0 1
v 0.500464 0.789364 0.835008 0 0 1
v 0.500369 0.785829 0.833547 0 0 1
v 0.500465 0.782293 0.835008 0 0 1
v 0.500696 0.780828 0.838536 0 0 1
v 0.500927 0.782293 0.842064 0 0 1
v 0.509995 0.785829 0.842937 0 0 1
v 0.509899 0.789364 0.841476 0 0 1
v 0.509668 0.790829 0.837948 0 0 1
v 0.509437 0.789364 0.83442 0 0 1
v 0.509341 0.785829 0.832959 0 0 1
v 0.509437 0.782293 0.83442 0 0 1
v 0.509668 0.780829 0.837948 0 0 1
v 0.509899 0.782293 0.841476 0 0 1
v 0.518967 0.785829 0.842349 0 0 1
v 0.518871 0.789364 0.840888 0 0 1
v 0.51864 0.790829 0.83736 0 0 1
v 0.518409 0.789365 0.833832 0 0 1
v 0.518313 0.785829 0.832371 0 0 1
v 0.518409 0.782294 0.833832 0 0 1
v 0.51864 0.780829 0.83736 0 0 1
v 0.518871 0.782293 0.840888 0 0 1
v 0.527939 0.785829 0.841761 0 0 1
v 0.527843 0.789365 0.8403 0 0 1
v 0.527612 0.790829 0.836772 0 0 1
v 0.527381 0.789365 0.833244 0 0 1
v 0.527285 0.785829 0.831783 0 0 1
v 0.527381 0.782294 0.833244 0 0 1
v 0.527612 0.780829 0.836772 0 0 1
v 0.527843 0.782294 0.8403 0 0 1
v 0.536911 0.785829 0.841173 0 0 1
v 0.536815 0.789365 0.839712 0 0 1
v 0.536584 0.79083 0.836184 0 0 1
v 0.536353 0.789365 0.832656 0 0 1
v 0.536257 0.78583 0.831195 0 0 1
v 0.536353 0.782294 0.832656 0 0 1
v 0.536584 0.78083 0.836184 0 0 1
v 0.536816 0.782294 0.839712 0 0 1
f 1 3 4
f 2 36 35
f 1 4 5
f 2 37 36
f 1 5 6
f 2 38 37
f 1 6 7
f 2 39 38
f 1 7 8
f 2 40 39
f 1 8 9
f 2 41 40
f 1 9 10
f 2 42 41
f 1 10 3
f 2 35 42
f 11 4 3
f 11 12 4
f 12 5 4
f 12 13 5
f 13 6 5
f 13 14 6
f 14 7 6
f 14 15 7
f 15 8 7
f 15 16 8
f 16 9 8
f 16 17 9
f 17 10 9
f 17 18 10
f 18 3 10
f 18 11 3
f 19 12 11
f 19 20 12
f 20 13 12
f 20 21 13
f 21 14 13
f 21 22 14
f 22 15 14
f 22 23 15
f 23 16 15
f 23 24 16
f 24 17 16
f 24 25 17
f 25 18 17
f 25 26 18
f 26 11 18
f 26 19 11
f 27 20 19
f 27 28 20
f 28 21 20
f 28 29 21
f 29 22 21
f 29 30 22
f 30 23 22
f 30 31 23
f 31 24 23
f 31 32 24
f 32 25 24
f 32 33 25
f 33 26 25
f 33 34 26
f 34 19 26
f 34 27 19
f 35 28 27
f 35 36 28
f 36 29 28
f 36 37 29
f 37 30 29
f 37 38 30
f 38 31 30
f 38 39 31
f 39 32 31
f 39 40 32
f 40 33 32
f 40 41 33
f 41 34 33
f 41 42 34
f 42 27 34
f 42 35 27
f 43 45 46
f 44 78 77
f 43 46 47
f 44 79 78
f 43 47 48
f 44 80 79
f 43 48 49
f 44 81 80
f 43 49 50
f 44 82 81
f 43 50 51
f 44 83 82
f 43 51 52
f 44 84 83
f 43 52 45
f 44 77 84
f 53 46 45
f 53 54 46
f 54 47 46
f 54 55 47
f 55 48 47
f 55 56 48
f 56 49 48
f 56 57 49
f 57 50 49
f 57 58 50
f 58 51 50
f 58 59 51
f 59 52 51
f 59 60 52
f 60 45 52
f 60 53 45
f 61 54 53
f 61 62 54
f 62 55 54
f 62 63 55
f 63 56 55
f 63 64 56
f 64 57 56
f 64 65 57
f 65 58 57
f 65 66 58
f 66 59 58
f 66 67 59
f 67 60 59
f 67 68 60
f 68 53 60
f 68 61 53
f 69 62 61
f 69 70 62
f 70 63 62
f 70 71 63
f 71 64 63
f 71 72 64
f 72 65 64
f 72 73 65
f 73 66 65
f 73 74 66
f 74 67 66
f 74 75 67
f 75 68 67
f 75 76 68
f 76 61 68
f 76 69 61
f 77 70 69
f 77 78 70
f 78 71 70
f 78 79 71
f 79 72 71
f 79 80 72
f 80 73 72
f 80 81 73
f 81 74 73
f 81 82 74
f 82 75 74
f 82 83 75
f 83 76 75
f 83 84 76
f 84 69 76
f 84 77 69
f 85 87 88
f 86 120 119
f 85 88 89
f 86 121 120
f 85 89 90
f 86 122 121
f 85 90 91
f 86 123 122
f 85 91 92
f 86 124 123
f 85 92 93
f 86 125 124
f 85 93 94
f 86 126 125
f 85 94 87
f 86 119 126
f 95 88 87
f 95 96 88
f 96 89 88
f 96 97 89
f 97 90 89
f 97 98 90
f 98 91 90
f 98 99 91
f 99 92 91
f 99 100 92
f 100 93 92
f 100 101 93
f 101 94 93
f 101 102 94
f 102 87 94
f 102 95 87
f 103 96 95
f 103 104 96
f 104 97 96
f 104 105 97
f 105 98 97
f 105 106 98
f 106 99 98
f 106 107 99
f 107 100 99
f 107 108 100
f 108 101 100
f 108 109 101
f 109 102 101
f 109 110 102
f 110 95 102
f 110 103 95
f 111 104 103
f 111 112 104
f 112 105 104
f 112 113 105
f 113 106 105
f 113 114 106
f 114 107 106
f 114 115 107
f 115 108 107
f 115 116 108
f 116 109 108
f 116 117 109
f 117 110 109
f 117 118 110
f 118 103 110
f 118 111 103
f 119 112 111
f 119 120 112
f 120 113 112
f 120 121 113
f 121 114 113
f 121 122 114
f 122 115 114
f 122 123 115
f 123 116 115
f 123 124 116
f 124 117 116
f 124 125 117
f 125 118 117
f 125 126 118
f 126 111 118
f 126 119 111
f 127 129 130
f 128 162 161
f 127 130 131
f 128 163 162
f 127 131 132
f 128 164 163
f 127 132 133
f 128 165 164
f 127 133 134
f 128 166 165
f 127 134 135
f 128 167 166
f 127 135 136
f 128 168 167
f 127 136 129
f 128 161 168
f 137 130 129
f 137 138 130
f 138 131 130
f 138 139 131
f 139 132 131
f 139 140 132
f 140 133 132
f 140 141 133
f 141 134 133
f 141 142 134
f 142 135 134
f 142 143 135
f 143 136 135
f 143 144 136
f 144 129 136
f 144 137 129
f 145 138 137
f 145 146 138
f 146 139 138
f 146 147 139
f 147 140 139
f 147 148 140
f 148 141 140
f 148 149 141
f 149 142 141
f 149 150 142
f 150 143 142
f 150 151 143
f 151 144 143
f 151 152 144
f 152 137 144
f 152 145 137
f 153 146 145
f 153 154 146
f 154 147 146
f 154 155 147
f 155 148 147
f 155 156 148
f 156 149 148
f 156 157 149
f 157 150 149
f 157 158 150
f 158 151 150
f 158 159 151
f 159 152 151
f 159 160 152
f 160 145 152
f 160 153 145
f 161 154 153
f 161 162 154
f 162 155 154
f 162 163 155
f 163 156 155
f 163 164 156
f 164 157 156
f 164 165 157
f 165 158 157
f 165 166 158
f 166 159 158
f 166 167 159
f 167 160 159
f 167 168 160
f 168 153 160
f 168 161 153
f 169 171 172
f 170 204 203
f 169 172 173
f 170 205 204
f 169 173 174
f 170 206 205
f 169 174 175
f 170 207 206
f 169 175 176
f 170 208 207
f 169 176 177
f 170 209 208
f 169 177 178
f 170 210 209
f 169 178 171
f 170 203 210
f 179 172 171
f 179 180 172
f 180 173 172
f 180 181 173
f 181 174 173
f 181 182 174
f 182 175 174
f 182 183 175
f 183 176 175
f 183 184 176
f 184 177 176
f 184 185 177
f 185 178 177
f 185 186 178
f 186 171 178
f 186 179 171
f 187 180 179
f 187 188 180
f 188 181 180
f 188 189 181
f 189 182 181
f 189 190 182
f 190 183 182
f 190 191 183
f 191 184 183
f 191 192 184
f 192 185 184
f 192 193 185
f 193 186 185
f 193 194 186
f 194 179 186
f 194 187 179
f 195 188 187
f 195 196 188
f 196 189 188
f 196 197 189
f 197 190 189
f 197 198 190
f 198 191 190
f 198 199 191
f 199 192 191
f 199 200 192
f 200 193 192
f 200 201 193
f 201 194 193
f 201 202 194
f 202 187 194
f 202 195 187
f 203 196 195
f 203 204 196
f 204 197 196
f 204 205 197
f 205 198 197
f 205 206 198
f 206 199 198
f 206 207 199
f 207 200 199
f 207 208 200
f 208 201 200
f 208 209 201
f 209 202 201
f 209 210 202
f 210 195 202
f 210 203 195
f 211 213 214
f 212 246 245
f 211 214 215
f 212 247 246
f 211 215 216
f 212 248 247
f 211 216 217
f 212 249 248
f 211 217 218
f 212 250 249
f 211 218 219
f 212 251 250
f 211 219 220
f 212 252 251
f 211 220 213
f 212 245 252
f 221 214 213
f 221 222 214
f 222 215 214
f 222 223 215
f 223 216 215
f 223 224 216
f 224 217 216
f 224 225 217
f 225 218 217
f 225 226 218
f 226 219 218
f 226 227 219
f 227 220 219
f 227 228 220
f 228 213 220
f 228 221 213
f 229 222 221
f 229 230 222
f 230 223 222
f 230 231 223
f 231 224 223
f 231 232 224
f 232 225 224
f 232 233 225
f 233 226 225
f 233 234 226
f 234 227 226
f 234 235 227
f 235 228 227
f 235 236 228
f 236 221 228
f 236 229 221
f 237 230 229
f 237 238 230
f 238 231 230
f 238 239 231
f 239 232 231
f 239 240 232
f 240 233 232
f 240 241 233
f 241 234 233
f 241 242 234
f 242 235 234
f 242 243 235
f 243 236 235
f 243 244 236
f 244 229 236
f 244 237 229
f 245 238 237
f 245 246 238
f 246 239 238
f 246 247 239
f 247 240 239
f 247 248 240
f 248 241 240
f 248 249 241
f 249 242 241
f 249 250 242
f 250 243 242
f 250 251 243
f 251 244 243
f 251 252 244
f 252 237 244
f 252 245 237
f 253 255 256
f 254 288 287
f 253 256 257
f 254 289 288
f 253 257 258
f 254 290 289
f 253 258 259
f 254 291 290
f 253 259 260
f 254 292 291
f 253 260 261
f 254 293 292
f 253 261 262
f 254 294 293
f 253 262 255
f 254 287 294
f 263 256 255
f 263 264 256
f 264 257 256
f 264 265 257
f 265 258 257
f 265 266 258
f 266 259 258
f 266 267 259
f 267 260 259
f 267 268 260
f 268 261 260
f 268 269 261
f 269 262 261
f 269 270 262
f 270 255 262
f 270 263 255
f 271 264 263
f 271 272 264
f 272 265 264
f 272 273 265
f 273 266 265
f 273 274 266
f 274 267 266
f 274 275 267
f 275 268 267
f 275 276 268
f 276 269 268
f 276 277 269
f 277 270 269
f 277 278 270
f 278 263 270
f 278 271 263
f 279 272 271
f 279 280 272
f 280 273 272
f 280 281 273
f 281 274 273
f 281 282 274
f 282 275 274
f 282 283 275
f 283 276 275
f 283 284 276
f 284 277 276
f 284 285 277
f 285 278 277
f 285 286 278
f 286 271 278
f 286 279 271
f 287 280 279
f 287 288 280
f 288 281 280
f 288 289 281
f 289 282 281
f 289 290 282
f 290 283 282
f 290 291 283
f 291 284 283
f 291 292 284
f 292 285 284
f 292 293 285
f 293 286 285
f 293 294 286
f 294 279 286
f 294 287 279
f 295 297 298
f 296 330 329
f 295 298 299
f 296 331 330
f 295 299 300
f 296 332 331
f 295 300 301
f 296 333 332
f 295 301 302
f 296 334 333
f 295 302 303
f 296 335 334
f 295 303 304
f 296 336 335
f 295 304 297
f 296 329 336
f 305 298 297
f 305 306 298
f 306 299 298
f 306 307 299
f 307 300 299
f 307 308 300
f 308 301 300
f 308 309 301
f 309 302 301
f 309 310 302
f 310 303 302
f 310 311 303
f 311 304 303
f 311 312 304
f 312 297 304
f 312 305 297
f 313 306 305
f 313 314 306
f 314 307 306
f 314 315 307
f 315 308 307
f 315 316 308
f 316 309 308
f 316 317 309
f 317 310 309
f 317 318 310
f 318 311 310
f 318 319 311
f 319 312 311
f 319 320 312
f 320 305 312
f 320 313 305
f 321 314 313
f 321 322 314
f 322 315 314
f 322 323 315
f 323 316 315
f 323 324 316
f 324 317 316
f 324 325 317
f 325 318 317
f 325 326 318
f 326 319 318
f 326 327 319
f 327 320 319
f 327 328 320
f 328 313 320
f 328 321 313
f 329 322 321
f 329 330 322
f 330 323 322
f 330 331 323
f 331 324 323
f 331 332 324
f 332 325 324
f 332 333 325
f 333 326 325
f 333 334 326
f 334 327 326
f 334 335 327
f 335 328 327
f 335 336 328
f 336 321 328
f 336 329 321
f 337 339 340
f 338 372 371
f 337 340 341
f 338 373 372
f 337 341 342
f 338 374 373
f 337 342 343
f 338 375 374
f 337 343 344
f 338 376 375
f 337 344 345
f 338 377 376
f 337 345 346
f 338 378 377
f 337 346 339
f 338 371 378
f 347 340 339
f 347 348 340
f 348 341 340
f 348 349 341
f 349 342 341
f 349 350 342
f 350 343 342
f 350 351 343
f 351 344 343
f 351 352 344
f 352 345 344
f 352 353 345
f 353 346 345
f 353 354 346
f 354 339 346
f 354 347 339
f 355 348 347
f 355 356 348
f 356 349 348
f 356 357 349
f 357 350 349
f 357 358 350
f 358 351 350
f 358 359 351
f 359 352 351
f 359 360 352
f 360 353 352
f 360 361 353
f 361 354 353
f 361 362 354
f 362 347 354
f 362 355 347
f 363 356 355
f 363 364 356
f 364 357 356
f 364 365 357
f 365 358 357
f 365 366 358
f 366 359 358
f 366 367 359
f 367 360 359
f 367 368 360
f 368 361 360
f 368 369 361
f 369 362 361
f 369 370 362
f 370 355 362
f 370 363 355
f 371 364 363
f 371 372 364
f 372 365 364
f 372 373 365
f 373 366 365
f 373 374 366
f 374 367 366
f 374 375 367
f 375 368 367
f 375 376 368
f 376 369 368
f 376 377 369
f 377 370 369
f 377 378 370
f 378 363 370
f 378 371 363
f 379 381 382
f 380 414 413
f 379 382 383
f 380 415 414
f 379 383 384
f 380 416 415
f 379 384 385
f 380 417 416
f 379 385 386
f 380 418 417
f 379 386 387
f 380 419 418
f 379 387 388
f 380 420 419
f 379 388 381
f 380 413 420
f 389 382 381
f 389 390 382
f 390 383 382
f 390 391 383
f 391 384 383
f 391 392 384
f 392 385 384
f 392 393 385
f 393 386 385
f 393 394 386
f 394 387 386
f 394 395 387
f 395 388 387
f 395 396 388
f 396 381 388
f 396 389 381
f 397 390 389
f 397 398 390
f 398 391 390
f 398 399 391
f 399 392 391
f 399 400 392
f 400 393 392
f 400 401 393
f 401 394 393
f 401 402 394
f 402 395 394
f 402 403 395
f 403 396 395
f 403 404 396
f 404 389 396
f 404 397 389
f 405 398 397
f 405 406 398
f 406 399 398
f 406 407 399
f 407 400 399
f 407 408 400
f 408 401 400
f 408 409 401
f 409 402 401
f 409 410 402
f 410 403 402
f 410 411 403
f 411 404 403
f 411 412 404
f 412 397 404
f 412 405 397
f 413 406 405
f 413 414 406
f 414 407 406
f 414 415 407
f 415 408 407
f 415 416 408
f 416 409 408
f 416 417 409
f 417 410 409
f 417 418 410
f 418 411 410
f 418 419 411
f 419 412 411
f 419 420 412
f 420 405 412
f 420 413 405
f 421 423 424
f 422 456 455
f 421 424 425
f 422 457 456
f 421 425 426
f 422 458 457
f 421 426 427
f 422 459 458
f 421 427 428
f 422 460 459
f 421 428 429
f 422 461 460
f 421 429 430
f 422 462 461
f 421 430 423
f 422 455 462
f 431 424 423
f 431 432 424
f 432 425 424
f 432 433 425
f 433 426 425
f 433 434 426
f 434 427 426
f 434 435 427
f 435 428 427
f 435 436 428
f 436 429 428
f 436 437 429
f 437 430 429
f 437 438 430
f 438 423 430
f 438 431 423
f 439 432 431
f 439 440 432
f 440 433 432
f 440 441 433
f 441 434 433
f 441 442 434
f 442 435 434
f 442 443 435
f 443 436 435
f 443 444 436
f 444 437 436
f 444 445 437
f 445 438 437
f 445 446 438
f 446 431 438
f 446 439 431
f 447 440 439
f 447 448 440
f 448 441 440
f 448 449 441
f 449 442 441
f 449 450 442
f 450 443 442
f 450 451 443
f 451 444 443
f 451 452 444
f 452 445 444
f 452 453 445
f 453 446 445
f 453 454 446
f 454 439 446
f 454 447 439
f 455 448 447
f 455 456 448
f 456 449 448
f 456 457 449
f 457 450 449
f 457 458 450
f 458 451 450
f 458 459 451
f 459 452 451
f 459 460 452
f 460 453 452
f 460 461 453
f 461 454 453
f 461 462 454
f 462 447 454
f 462 455 447
f 463 465 466
f 464 498 497
f 463 466 467
f 464 499 498
f 463 467 468
f 464 500 499
f 463 468 469
f 464 501 500
f 463 469 470
f 464 502 501
f 463 470 471
f 464 503 502
f 463 471 472
f 464 504 503
f 463 472 465
f 464 497 504
f 473 466 465
f 473 474 466
f 474 467 466
f 474 475 467
f 475 468 467
f 475 476 468
f 476 469 468
f 476 477 469
f 477 470 469
f 477 478 470
f 478 471 470
f 478 479 471
f 479 472 471
f 479 480 472
f 480 465 472
f 480 473 465
f 481 474 473
f 481 482 474
f 482 475 474
f 482 483 475
f 483 476 475
f 483 484 476
f 484 477 476
f 484 485 477
f 485 478 477
f 485 486 478
f 486 479 478
f 486 487 479
f 487 480 479
f 487 488 480
f 488 473 480
f 488 481 473
f 489 482 481
f 489 490 482
f 490 483 482
f 490 491 483
f 491 484 483
f 491 492 484
f 492 485 484
f 492 493 485
f 493 486 485
f 493 494 486
f 494 487 486
f 494 495 487
f 495 488 487
f 495 496 488
f 496 481 488
f 496 489 481
f 497 490 489
f 497 498 490
f 498 491 490
f 498 499 491
f 499 492 491
f 499 500 492
f 500 493 492
f 500 501 493
f 501 494 493
f 501 502 494
f 502 495 494
f 502 503 495
f 503 496 495
f 503 504 496
f 504 489 496
f 504 497 489
f 505 507 508
f 506 540 539
f 505 508 509
f 506 541 540
f 505 509 510
f 506 542 541
f 505 510 511
f 506 543 542
f 505 511 512
f 506 544 543
f 505 512 513
f 506 545 544
f 505 513 514
f 506 546 545
f 505 514 507
f 506 539 546
f 515 508 507
f 515 516 508
f 516 509 508
f 516 517 509
f 517 510 509
f 517 518 510
f 518 511 510
f 518 519 511
f 519 512 511
f 519 520 512
f 520 513 512
f 520 521 513
f 521 514 513
f 521 522 514
f 522 507 514
f 522 515 507
f 523 516 515
f 523 524 516
f 524 517 516
f 524 525 517
f 525 518 517
f 525 526 518
f 526 519 518
f 526 527 519
f 527 520 519
f 527 528 520
f 528 521 520
f 528 529 521
f 529 522 521
f 529 530 522
f 530 515 522
f 530 523 515
f 531 524 523
f 531 532 524
f 532 525 524
f 532 533 525
f 533 526 525
f 533 534 526
f 534 527 526
f 534 535 527
f 535 528 527
f 535 536 528
f 536 529 528
f 536 537 529
f 537 530 529
f 537 538 530
f 538 523 530
f 538 531 523
f 539 532 531
f 539 540 532
f 540 533 532
f 540 541 533
f 541 534 533
f 541 542 534
f 542 535 534
f 542 543 535
f 543 536 535
f 543 544 536
f 544 537 536
f 544 545 537
f 545 538 537
f 545 546 538
f 546 531 538
f 546 539 531
f 547 549 550
f 548 582 581
f 547 550 551
f 548 583 582
f 547 551 552
f 548 584 583
f 547 552 553
f 548 585 584
f 547 553 554
f 548 586 585
f 547 554 555
f 548 587 586
f 547 555 556
f 548 588 587
f 547 556 549
f 548 581 588
f 557 550 549
f 557 558 550
f 558 551 550
f 558 559 551
f 559 552 551
f 559 560 552
f 560 553 552
f 560 561 553
f 561 554 553
f 561 562 554
f 562 555 554
f 562 563 555
f 563 556 555
f 563 564 556
f 564 549 556
f 564 557 549
f 565 558 557
f 565 566 558
f 566 559 558
f 566 567 559
f 567 560 559
f 567 568 560
f 568 561 560
f 568 569 561
f 569 562 561
f 569 570 562
f 570 563 562
f 570 571 563
f 571 564 563
f 571 572 564
f 572 557 564
f 572 565 557
f 573 566 565
f 573 574 566
f 574 567 566
f 574 575 567
f 575 568 567
f 575 576 568
f 576 569 568
f 576 577 569
f 577 570 569
f 577 578 570
f 578 571 570
f 578 579 571
f 579 572 571
f 579 580 572
f 580 565 572
f 580 573 565
f 581 574 573
f 581 582 574
f 582 575 574
f 582 583 575
f 583 576 575
f 583 584 576
f 584 577 576
f 584 585 577
f 585 578 577
f 585 586 578
f 586 579 578
f 586 587 579
f 587 580 579
f 587 588 580
f 588 573 580
f 588 581 573
f 589 591 592
f 590 624 623
f 589 592 593
f 590 625 624
f 589 593 594
f 590 626 625
f 589 594 595
f 590 627 626
f 589 595 596
f 590 628 627
f 589 596 597
f 590 629 628
f 589 597 598
f 590 630 629
f 589 598 591
f 590 623 630
f 599 592 591
f 599 600 592
f 600 593 592
f 600 601 593
f 601 594 593
f 601 602 594
f 602 595 594
f 602 603 595
f 603 596 595
f 603 604 596
f 604 597 596
f 604 605 597
f 605 598 597
f 605 606 598
f 606 591 598
f 606 599 591
f 607 600 599
f 607 608 600
f 608 601 600
f 608 609 601
f 609 602 601
f 609 610 602
f 610 603 602
f 610 611 603
f 611 604 603
f 611 612 604
f 612 605 604
f 612 613 605
f 613 606 605
f 613 614 606
f 614 599 606
f 614 607 599
f 615 608 607
f 615 616 608
f 616 609 608
f 616 617 609
f 617 610 609
f 617 618 610
f 618 611 610
f 618 619 611
f 619 612 611
f 619 620 612
f 620 613 612
f 620 621 613
f 621 614 613
f 621 622 614
f 622 607 614
f 622 615 607
f 623 616 615
f 623 624 616
f 624 617 616
f 624 625 617
f 625 618 617
f 625 626 618
f 626 619 618
f 626 627 619
f 627 620 619
f 627 628 620
f 628 621 620
f 628 629 621
f 629 622 621
f 629 630 622
f 630 615 622
f 630 623 615
f 631 633 634
f 632 666 665
f 631 634 635
f 632 667 666
f 631 635 636
f 632 668 667
f 631 636 637
f 632 669 668
f 631 637 638
f 632 670 669
f 631 638 639
f 632 671 670
f 631 639 640
f 632 672 671
f 631 640 633
f 632 665 672
f 641 634 633
f 641 642 634
f 642 635 634
f 642 643 635
f 643 636 635
f 643 644 636
f 644 637 636
f 644 645 637
f 645 638 637
f 645 646 638
f 646 639 638
f 646 647 639
f 647 640 639
f 647 648 640
f 648 633 640
f 648 641 633
f 649 642 641
f 649 650 642
f 650 643 642
f 650 651 643
f 651 644 643
f 651 652 644
f 652 645 644
f 652 653 645
f 653 646 645
f 653 654 646
f 654 647 646
f 654 655 647
f 655 648 647
f 655 656 648
f 656 641 648
f 656 649 641
f 657 650 649
f 657 658 650
f 658 651 650
f 658 659 651
f 659 652 651
f 659 660 652
f 660 653 652
f 660 661 653
f 661 654 653
f 661 662 654
f 662 655 654
f 662 663 655
f 663 656 655
f 663 664 656
f 664 649 656
f 664 657 649
f 665 658 657
f 665 666 658
f 666 659 658
f 666 667 659
f 667 660 659
f 667 668 660
f 668 661 660
f 668 669 661
f 669 662 661
f 669 670 662
f 670 663 662
f 670 671 663
f 671 664 663
f 671 672 664
f 672 657 664
f 672 665 657
f 673 675 676
f 674 708 707
f 673 676 677
f 674 709 708
f 673 677 678
f 674 710 709
f 673 678 679
f 674 711 710
f 673 679 680
f 674 712 711
f 673 680 681
f 674 713 712
f 673 681 682
f 674 714 713
f 673 682 675
f 674 707 714
f 683 676 675
f 683 684 676
f 684 677 676
f 684 685 677
f 685 678 677
f 685 686 678
f 686 679 678
f 686 687 679
f 687 680 679
f 687 688 680
f 688 681 680
f 688 689 681
f 689 682 681
f 689 690 682
f 690 675 682
f 690 683 675
f 691 684 683
f 691 692 684
f 692 685 684
f 692 693 685
f 693 686 685
f 693 694 686
f 694 687 686
f 694 695 687
f 695 688 687
f 695 696 688
f 696 689 688
f 696 697 689
f 697 690 689
f 697 698 690
f 698 683 690
f 698 691 683
f 699 692 691
f 699 700 692
f 700 693 692
f 700 701 693
f 701 694 693
f 701 702 694
f 702 695 694
f 702 703 695
f 703 696 695
f 703 704 696
f 704 697 696
f 704 705 697
f 705 698 697
f 705 706 698
f 706 691 698
f 706 699 691
f 707 700 699
f 707 708 700
f 708 701 700
f 708 709 701
f 709 702 701
f 709 710 702
f 710 703 702
f 710 711 703
f 711 704 703
f 711 712 704
f 712 705 704
f 712 713 705
f 713 706 705
f 713 714 706
f 714 699 706
f 714 707 699
f 715 717 718
f 716 750 749
f 715 718 719
f 716 751 750
f 715 719 720
f 716 752 751
f 715 720 721
f 716 753 752
f 715 721 722
f 716 754 753
f 715 722 723
f 716 755 754
f 715 723 724
f 716 756 755
f 715 724 717
f 716 749 756
f 725 718 717
f 725 726 718
f 726 719 718
f 726 727 719
f 727 720 719
f 727 728 720
f 728 721 720
f 728 729 721
f 729 722 721
f 729 730 722
f 730 723 722
f 730 731 723
f 731 724 723
f 731 732 724
f 732 717 724
f 732 725 717
f 733 726 725
f 733 734 726
f 734 727 726
f 734 735 727
f 735 728 727
f 735 736 728
f 736 729 728
f 736 737 729
f 737 730 729
f 737 738 730
f 738 731 730
f 738 739 731
f 739 732 731
f 739 740 732
f 740 725 732
f 740 733 725
f 741 734 733
f 741 742 734
f 742 735 734
f 742 743 735
f 743 736 735
f 743 744 736
f 744 737 736
f 744 745 737
f 745 738 737
f 745 746 738
f 746 739 738
f 746 747 739
f 747 740 739
f 747 748 740
f 748 733 740
f 748 741 733
f 749 742 741
f 749 750 742
f 750 743 742
f 750 751 743
f 751 744 743
f 751 752 744
f 752 745 744
f 752 753 745
f 753 746 745
f 753 754 746
f 754 747 746
f 754 755 747
f 755 748 747
f 755 756 748
f 756 741 748
f 756 749 741
f 757 759 760
f 758 792 791
f 757 760 761
f 758 793 792
f 757 761 762
f 758 794 793
f 757 762 763
f 758 795 794
f 757 763 764
f 758 796 795
f 757 764 765
f 758 797 796
f 757 765 766
f 758 798 797
f 757 766 759
f 758 791 798
f 767 760 759
f 767 768 760
f 768 761 760
f 768 769 761
f 769 762 761
f 769 770 762
f 770 763 762
f 770 771 763
f 771 764 763
f 771 772 764
f 772 765 764
f 772 773 765
f 773 766 765
f 773 774 766
f 774 759 766
f 774 767 759
f 775 768 767
f 775 776 768
f 776 769 768
f 776 777 769
f 777 770 769
f 777 778 770
f 778 771 770
f 778 779 771
f 779 772 771
f 779 780 772
f 780 773 772
f 780 781 773
f 781 774 773
f 781 782 774
f 782 767 774
f 782 775 767
f 783 776 775
f 783 784 776
f 784 777 776
f 784 785 777
f 785 778 777
f 785 786 778
f 786 779 778
f 786 787 779
f 787 780 779
f 787 788 780
f 788 781 780
f 788 789 781
f 789 782 781
f 789 790 782
f 790 775 782
f 790 783 775
f 791 784 783
f 791 792 784
f 792 785 784
f 792 793 785
f 793 786 785
f 793 794 786
f 794 787 786
f 794 795 787
f 795 788 787
f 795 796 788
f 796 789 788
f 796 797 789
f 797 790 789
f 797 798 790
f 798 783 790
f 798 791 783
f 799 801 802
f 800 834 833
f 799 802 803
f 800 835 834
f 799 803 804
f 800 836 835
f 799 804 805
f 800 837 836
f 799 805 806
f 800 838 837
f 799 806 807
f 800 839 838
f 799 807 808
f 800 840 839
f 799 808 801
f 800 833 840
f 809 802 801
f 809 810 802
f 810 803 802
f 810 811 803
f 811 804 803
f 811 812 804
f 812 805 804
f 812 813 805
f 813 806 805
f 813 814 806
f 814 807 806
f 814 815 807
f 815 808 807
f 815 816 808
f 816 801 808
f 816 809 801
f 817 810 809
f 817 818 810
f 818 811 810
f 818 819 811
f 819 812 811
f 819 820 812
f 820 813 812
f 820 821 813
f 821 814 813
f 821 822 814
f 822 815 814
f 822 823 815
f 823 816 815
f 823 824 816
f 824 809 816
f 824 817 809
f 825 818 817
f 825 826 818
f 826 819 818
f 826 827 819
f 827 820 819
f 827 828 820
f 828 821 820
f 828 829 821
f 829 822 821
f 829 830 822
f 830 823 822
f 830 831 823
f 831 824 823
f 831 832 824
f 832 817 824
f 832 825 817
f 833 826 825
f 833 834 826
f 834 827 826
f 834 835 827
f 835 828 827
f 835 836 828
f 836 829 828
f 836 837 829
f 837 830 829
f 837 838 830
f 838 831 830
f 838 839 831
f 839 832 831
f 839 840 832
f 840 825 832
f 840 833 825
f 841 843 844
f 842 876 875
f 841 844 845
f 842 877 876
f 841 845 846
f 842 878 877
f 841 846 847
f 842 879 878
f 841 847 848
f 842 880 879
f 841 848 849
f 842 881 880
f 841 849 850
f 842 882 881
f 841 850 843
f 842 875 882
f 851 844 843
f 851 852 844
f 852 845 844
f 852 853 845
f 853 846 845
f 853 854 846
f 854 847 846
f 854 855 847
f 855 848 847
f 855 856 848
f 856 849 848
f 856 857 849
f 857 850 849
f 857 858 850
f 858 843 850
f 858 851 843
f 859 852 851
f 859 860 852
f 860 853 852
f 860 861 853
f 861 854 853
f 861 862 854
f 862 855 854
f 862 863 855
f 863 856 855
f 863 864 856
f 864 857 856
f 864 865 857
f 865 858 857
f 865 866 858
f 866 851 858
f 866 859 851
f 867 860 859
f 867 868 860
f 868 861 860
f 868 869 861
f 869 862 861
f 869 870 862
f 870 863 862
f 870 871 863
f 871 864 863
f 871 872 864
f 872 865 864
f 872 873 865
f 873 866 865
f 873 874 866
f 874 859 866
f 874 867 859
f 875 868 867
f 875 876 868
f 876 869 868
f 876 877 869
f 877 870 869
f 877 878 870
f 878 871 870
f 878 879 871
f 879 872 871
f 879 880 872
f 880 873 872
f 880 881 873
f 881 874 873
f 881 882 874
f 882 867 874
f 882 875 867
f 883 885 886
f 884 918 917
f 883 886 887
f 884 919 918
f 883 887 888
f 884 920 919
f 883 888 889
f 884 921 920
f 883 889 890
f 884 922 921
f 883 890 891
f 884 923 922
f 883 891 892
f 884 924 923
f 883 892 885
f 884 917 924
f 893 886 885
f 893 894 886
f 894 887 886
f 894 895 887
f 895 888 887
f 895 896 888
f 896 889 888
f 896 897 889
f 897 890 889
f 897 898 890
f 898 891 890
f 898 899 891
f 899 892 891
f 899 900 892
f 900 885 892
f 900 893 885
f 901 894 893
f 901 902 894
f 902 895 894
f 902 903 895
f 903 896 895
f 903 904 896
f 904 897 896
f 904 905 897
f 905 898 897
f 905 906 898
f 906 899 898
f 906 907 899
f 907 900 899
f 907 908 900
f 908 893 900
f 908 901 893
f 909 902 901
f 909 910 902
f 910 903 902
f 910 911 903
f 911 904 903
f 911 912 904
f 912 905 904
f 912 913 905
f 913 906 905
f 913 914 906
f 914 907 906
f 914 915 907
f 915 908 907
f 915 916 908
f 916 901 908
f 916 909 901
f 917 910 909
f 917 918 910
f 918 911 910
f 918 919 911
f 919 912 911
f 919 920 912
f 920 913 912
f 920 921 913
f 921 914 913
f 921 922 914
f 922 915 914
f 922 923 915
f 923 916 915
f 923 924 916
f 924 909 916
f 924 917 909
f 925 927 928
f 926 960 959
f 925 928 929
f 926 961 960
f 925 929 930
f 926 962 961
f 925 930 931
f 926 963 962
f 925 931 932
f 926 964 963
f 925 932 933
f 926 965 964
f 925 933 934
f 926 966 965
f 925 934 927
f 926 959 966
f 935 928 927
f 935 936 928
f 936 929 928
f 936 937 929
f 937 930 929
f 937 938 930
f 938 931 930
f 938 939 931
f 939 932 931
f 939 940 932
f 940 933 932
f 940 941 933
f 941 934 933
f 941 942 934
f 942 927 934
f 942 935 927
f 943 936 935
f 943 944 936
f 944 937 936
f 944 945 937
f 945 938 937
f 945 946 938
f 946 939 938
f 946 947 939
f 947 940 939
f 947 948 940
f 948 941 940
f 948 949 941
f 949 942 941
f 949 950 942
f 950 935 942
f 950 943 935
f 951 944 943
f 951 952 944
f 952 945 944
f 952 953 945
f 953 946 945
f 953 954 946
f 954 947 946
f 954 955 947
f 955 948 947
f 955 956 948
f 956 949 948
f 956 957 949
f 957 950 949
f 957 958 950
f 958 943 950
f 958 951 943
f 959 952 951
f 959 960 952
f 960 953 952
f 960 961 953
f 961 954 953
f 961 962 954
f 962 955 954
f 962 963 955
f 963 956 955
f 963 964 956
f 964 957 956
f 964 965 957
f 965 958 957
f 965 966 958
f 966 951 958
f 966 959 951
f 967 969 970
f 968 1002 1001
f 967 970 971
f 968 1003 1002
f 967 971 972
f 968 1004 1003
f 967 972 973
f 968 1005 1004
f 967 973 974
f 968 1006 1005
f 967 974 975
f 968 1007 1006
f 967 975 976
f 968 1008 1007
f 967 976 969
f 968 1001 1008
f 977 970 969
f 977 978 970
f 978 971 970
f 978 979 971
f 979 972 971
f 979 980 972
f 980 973 972
f 980 981 973
f 981 974 973
f 981 982 974
f 982 975 974
f 982 983 975
f 983 976 975
f 983 984 976
f 984 969 976
f 984 977 969
f 985 978 977
f 985 986 978
f 986 979 978
f 986 987 979
f 987 980 979
f 987 988 980
f 988 981 980
f 988 989 981
f 989 982 981
f 989 990 982
f 990 983 982
f 990 991 983
f 991 984 983
f 991 992 984
f 992 977 984
f 992 985 977
f 993 986 985
f 993 994 986
f 994 987 986
f 994 995 987
f 995 988 987
f 995 996 988
f 996 989 988
f 996 997 989
f 997 990 989
f 997 998 990
f 998 991 990
f 998 999 991
f 999 992 991
f 999 1000 992
f 1000 985 992
f 1000 993 985
f 1001 994 993
f 1001 1002 994
f 1002 995 994
f 1002 1003 995
f 1003 996 995
f 1003 1004 996
f 1004 997 996
f 1004 1005 997
f 1005 998 997
f 1005 1006 998
f 1006 999 998
f 1006 1007 999
f 1007 1000 999
f 1007 1008 1000
f 1008 993 1000
f 1008 1001 993
f 1009 1011 1012
f 1010 1044 1043
f 1009 1012 1013
f 1010 1045 1044
f 1009 1013 1014
f 1010 1046 1045
f 1009 1014 1015
f 1010 1047 1046
f 1009 1015 1016
f 1010 1048 1047
f 1009 1016 1017
f 1010 1049 1048
f 1009 1017 1018
f 1010 1050 1049
f 1009 1018 1011
f 1010 1043 1050
f 1019 1012 1011
f 1019 1020 1012
f 1020 1013 1012
f 1020 1021 1013
f 1021 1014 1013
f 1021 1022 1014
f 1022 1015 1014
f 1022 1023 1015
f 1023 1016 1015
f 1023 1024 1016
f 1024 1017 1016
f 1024 1025 1017
f 1025 1018 1017
f 1025 1026 1018
f 1026 1011 1018
f 1026 1019 1011
f 1027 1020 1019
f 1027 1028 1020
f 1028 1021 1020
f 1028 1029 1021
f 1029 1022 1021
f 1029 1030 1022
f 1030 1023 1022
f 1030 1031 1023
f 1031 1024 1023
f 1031 1032 1024
f 1032 1025 1024
f 1032 1033 1025
f 1033 1026 1025
f 1033 1034 1026
f 1034 1019 1026
f 1034 1027 1019
f 1035 1028 1027
f 1035 1036 1028
f 1036 1029 1028
f 1036 1037 1029
f 1037 1030 1029
f 1037 1038 1030
f 1038 1031 1030
f 1038 1039 1031
f 1039 1032 1031
f 1039 1040 1032
f 1040 1033 1032
f 1040 1041 1033
f 1041 1034 1033
f 1041 1042 1034
f 1042 1027 1034
f 1042 1035 1027
f 1043 1036 1035
f 1043 1044 1036
f 1044 1037 1036
f 1044 1045 1037
f 1045 1038 1037
f 1045 1046 1038
f 1046 1039 1038
f 1046 1047 1039
f 1047 1040 1039
f 1047 1048 1040
f 1048 1041 1040
f 1048 1049 1041
f 1049 1042 1041
f 1049 1050 1042
f 1050 1035 1042
f 1050 1043 1035
f 1051 1053 1054
f 1052 1086 1085
f 1051 1054 1055
f 1052 1087 1086
f 1051 1055 1056
f 1052 1088 1087
f 1051 1056 1057
f 1052 1089 1088
f 1051 1057 1058
f 1052 1090 1089
f 1051 1058 1059
f 1052 1091 1090
f 1051 1059 1060
f 1052 1092 1091
f 1051 1060 1053
f 1052 1085 1092
f 1061 1054 1053
f 1061 1062 1054
f 1062 1055 1054
f 1062 1063 1055
f 1063 1056 1055
f 1063 1064 1056
f 1064 1057 1056
f 1064 1065 1057
f 1065 1058 1057
f 1065 1066 1058
f 1066 1059 1058
f 1066 1067 1059
f 1067 1060 1059
f 1067 1068 1060
f 1068 1053 1060
f 1068 1061 1053
f 1069 1062 1061
f 1069 1070 1062
f 1070 1063 1062
f 1070 1071 1063
f 1071 1064 1063
f 1071 1072 1064
f 1072 1065 1064
f 1072 1073 1065
f 1073 1066 1065
f 1073 1074 1066
f 1074 1067 1066
f 1074 1075 1067
f 1075 1068 1067
f 1075 1076 1068
f 1076 1061 1068
f 1076 1069 1061
f 1077 1070 1069
f 1077 1078 1070
f 1078 1071 1070
f 1078 1079 1071
f 1079 1072 1071
f 1079 1080 1072
f 1080 1073 1072
f 1080 1081 1073
f 1081 1074 1073
f 1081 1082 1074
f 1082 1075 1074
f 1082 1083 1075
f 1083 1076 1075
f 1083 1084 1076
f 1084 1069 1076
f 1084 1077 1069
f 1085 1078 1077
f 1085 1086 1078
f 1086 1079 1078
f 1086 1087 1079
f 1087 1080 1079
f 1087 1088 1080
f 1088 1081 1080
f 1088 1089 1081
f 1089 1082 1081
f 1089 1090 1082
f 1090 1083 1082
f 1090 1091 1083
f 1091 1084 1083
f 1091 1092 1084
f 1092 1077 1084
f 1092 1085 1077
f 1093 1095 1096
f 1094 1128 1127
f 1093 1096 1097
f 1094 1129 1128
f 1093 1097 1098
f 1094 1130 1129
f 1093 1098 1099
f 1094 1131 1130
f 1093 1099 1100
f 1094 1132 1131
f 1093 1100 1101
f 1094 1133 1132
f 1093 1101 1102
f 1094 1134 1133
f 1093 1102 1095
f 1094 1127 1134
f 1103 1096 1095
f 1103 1104 1096
f 1104 1097 1096
f 1104 1105 1097
f 1105 1098 1097
f 1105 1106 1098
f 1106 1099 1098
f 1106 1107 1099
f 1107 1100 1099
f 1107 1108 1100
f 1108 1101 1100
f 1108 1109 1101
f 1109 1102 1101
f 1109 1110 1102
f 1110 1095 1102
f 1110 1103 1095
f 1111 1104 1103
f 1111 1112 1104
f 1112 1105 1104
f 1112 1113 1105
f 1113 1106 1105
f 1113 1114 1106
f 1114 1107 1106
f 1114 1115 1107
f 1115 1108 1107
f 1115 1116 1108
f 1116 1109 1108
f 1116 1117 1109
f 1117 1110 1109
f 1117 1118 1110
f 1118 1103 1110
f 1118 1111 1103
f 1119 1112 1111
f 1119 1120 1112
f 1120 1113 1112
f 1120 1121 1113
f 1121 1114 1113
f 1121 1122 1114
f 1122 1115 1114
f 1122 1123 1115
f 1123 1116 1115
f 1123 1124 1116
f 1124 1117 1116
f 1124 1125 1117
f 1125 1118 1117
f 1125 1126 1118
f 1126 1111 1118
f 1126 1119 1111
f 1127 1120 1119
f 1127 1128 1120
f 1128 1121 1120
f 1128 1129 1121
f 1129 1122 1121
f 1129 1130 1122
f 1130 1123 1122
f 1130 1131 1123
f 1131 1124 1123
f 1131 1132 1124
f 1132 1125 1124
f 1132 1133 1125
f 1133 1126 1125
f 1133 1134 1126
f 1134 1119 1126
f 1134 1127 1119
f 1135 1137 1138
f 1136 1170 1169
f 1135 1138 1139
f 1136 1171 1170
f 1135 1139 1140
f 1136 1172 1171
f 1135 1140 1141
f 1136 1173 1172
f 1135 1141 1142
f 1136 1174 1173
f 1135 1142 1143
f 1136 1175 1174
f 1135 1143 1144
f 1136 1176 1175
f 1135 1144 1137
f 1136 1169 1176
f 1145 1138 1137
f 1145 1146 1138
f 1146 1139 1138
f 1146 1147 1139
f 1147 1140 1139
f 1147 1148 1140
f 1148 1141 1140
f 1148 1149 1141
f 1149 1142 1141
f 1149 1150 1142
f 1150 1143 1142
f 1150 1151 1143
f 1151 1144 1143
f 1151 1152 1144
f 1152 1137 1144
f 1152 1145 1137
f 1153 1146 1145
f 1153 1154 1146
f 1154 1147 1146
f 1154 1155 1147
f 1155 1148 1147
f 1155 1156 1148
f 1156 1149 1148
f 1156 1157 1149
f 1157 1150 1149
f 1157 1158 1150
f 1158 1151 1150
f 1158 1159 1151
f 1159 1152 1151
f 1159 1160 1152
f 1160 1145 1152
f 1160 1153 1145
f 1161 1154 1153
f 1161 1162 1154
f 1162 1155 1154
f 1162 1163 1155
f 1163 1156 1155
f 1163 1164 1156
f 1164 1157 1156
f 1164 1165 1157
f 1165 1158 1157
f 1165 1166 1158
f 1166 1159 1158
f 1166 1167 1159
f 1167 1160 1159
f 1167 1168 1160
f 1168 1153 1160
f 1168 1161 1153
f 1169 1162 1161
f 1169 1170 1162
f 1170 1163 1162
f 1170 1171 1163
f 1171 1164 1163
f 1171 1172 1164
f 1172 1165 1164
f 1172 1173 1165
f 1173 1166 1165
f 1173 1174 1166
f 1174 1167 1166
f 1174 1175 1167
f 1175 1168 1167
f 1175 1176 1168
f 1176 1161 1168
f 1176 1169 1161
f 1177 1179 1180
f 1178 1212 1211
f 1177 1180 1181
f 1178 1213 1212
f 1177 1181 1182
f 1178 1214 1213
f 1177 1182 1183
f 1178 1215 1214
f 1177 1183 1184
f 1178 1216 1215
f 1177 1184 1185
f 1178 1217 1216
f 1177 1185 1186
f 1178 1218 1217
f 1177 1186 1179
f 1178 1211 1218
f 1187 1180 1179
f 1187 1188 1180
f 1188 1181 1180
f 1188 1189 1181
f 1189 1182 1181
f 1189 1190 1182
f 1190 1183 1182
f 1190 1191 1183
f 1191 1184 1183
f 1191 1192 1184
f 1192 1185 1184
f 1192 1193 1185
f 1193 1186 1185
f 1193 1194 1186
f 1194 1179 1186
f 1194 1187 1179
f 1195 1188 1187
f 1195 1196 1188
f 1196 1189 1188
f 1196 1197 1189
f 1197 1190 1189
f 1197 1198 1190
f 1198 1191 1190
f 1198 1199 1191
f 1199 1192 1191
f 1199 1200 1192
f 1200 1193 1192
f 1200 1201 1193
f 1201 1194 1193
f 1201 1202 1194
f 1202 1187 1194
f 1202 1195 1187
f 1203 1196 1195
f 1203 1204 1196
f 1204 1197 1196
f 1204 1205 1197
f 1205 1198 1197
f 1205 1206 1198
f 1206 1199 1198
f 1206 1207 1199
f 1207 1200 1199
f 1207 1208 1200
f 1208 1201 1200
f 1208 1209 1201
f 1209 1202 1201
f 1209 1210 1202
f 1210 1195 1202
f 1210 1203 1195
f 1211 1204 1203
f 1211 1212 1204
f 1212 1205 1204
f 1212 1213 1205
f 1213 1206 1205
f 1213 1214 1206
f 1214 1207 1206
f 1214 1215 1207
f 1215 1208 1207
f 1215 1216 1208
f 1216 1209 1208
f 1216 1217 1209
f 1217 1210 1209
f 1217 1218 1210
f 1218 1203 1210
f 1218 1211 1203
f 1219 1221 1222
f 1220 1254 1253
f 1219 1222 1223
f 1220 1255 1254
f 1219 1223 1224
f 1220 1256 1255
f 1219 1224 1225
f 1220 1257 1256
f 1219 1225 1226
f 1220 1258 1257
f 1219 1226 1227
f 1220 1259 1258
f 1219 1227 1228
f 1220 1260 1259
f 1219 1228 1221
f 1220 1253 1260
f 1229 1222 1221
f 1229 1230 1222
f 1230 1223 1222
f 1230 1231 1223
f 1231 1224 1223
f 1231 1232 1224
f 1232 1225 1224
f 1232 1233 1225
f 1233 1226 1225
f 1233 1234 1226
f 1234 1227 1226
f 1234 1235 1227
f 1235 1228 1227
f 1235 1236 1228
f 1236 1221 1228
f 1236 1229 1221
f 1237 1230 1229
f 1237 1238 1230
f 1238 1231 1230
f 1238 1239 1231
f 1239 1232 1231
f 1239 1240 1232
f 1240 1233 1232
f 1240 1241 1233
f 1241 1234 1233
f 1241 1242 1234
f 1242 1235 1234
f 1242 1243 1235
f 1243 1236 1235
f 1243 1244 1236
f 1244 1229 1236
f 1244 1237 1229
f 1245 1238 1237
f 1245 1246 1238
f 1246 1239 1238
f 1246 1247 1239
f 1247 1240 1239
f 1247 1248 1240
f 1248 1241 1240
f 1248 1249 1241
f 1249 1242 1241
f 1249 1250 1242
f 1250 1243 1242
f 1250 1251 1243
f 1251 1244 1243
f 1251 1252 1244
f 1252 1237 1244
f 1252 1245 1237
f 1253 1246 1245
f 1253 1254 1246
f 1254 1247 1246
f 1254 1255 1247
f 1255 1248 1247
f 1255 1256 1248
f 1256 1249 1248
f 1256 1257 1249
f 1257 1250 1249
f 1257 1258 1250
f 1258 1251 1250
f 1258 1259 1251
f 1259 1252 1251
f 1259 1260 1252
f 1260 1245 1252
f 1260 1253 1245
f 1261 1263 1264
f 1262 1296 1295
f 1261 1264 1265
f 1262 1297 1296
f 1261 1265 1266
f 1262 1298 1297
f 1261 1266 1267
f 1262 1299 1298
f 1261 1267 1268
f 1262 1300 1299
f 1261 1268 1269
f 1262 1301 1300
f 1261 1269 1270
f 1262 1302 1301
f 1261 1270 1263
f 1262 1295 1302
f 1271 1264 1263
f 1271 1272 1264
f 1272 1265 1264
f 1272 1273 1265
f 1273 1266 1265
f 1273 1274 1266
f 1274 1267 1266
f 1274 1275 1267
f 1275 1268 1267
f 1275 1276 1268
f 1276 1269 1268
f 1276 1277 1269
f 1277 1270 1269
f 1277 1278 1270
f 1278 1263 1270
f 1278 1271 1263
f 1279 1272 1271
f 1279 1280 1272
f 1280 1273 1272
f 1280 1281 1273
f 1281 1274 1273
f 1281 1282 1274
f 1282 1275 1274
f 1282 1283 1275
f 1283 1276 1275
f 1283 1284 1276
f 1284 1277 1276
f 1284 1285 1277
f 1285 1278 1277
f 1285 1286 1278
f 1286 1271 1278
f 1286 1279 1271
f 1287 1280 1279
f 1287 1288 1280
f 1288 1281 1280
f 1288 1289 1281
f 1289 1282 1281
f 1289 1290 1282
f 1290 1283 1282
f 1290 1291 1283
f 1291 1284 1283
f 1291 1292 1284
f 1292 1285 1284
f 1292 1293 1285
f 1293 1286 1285
f 1293 1294 1286
f 1294 1279 1286
f 1294 1287 1279
f 1295 1288 1287
f 1295 1296 1288
f 1296 1289 1288
f 1296 1297 1289
f 1297 1290 1289
f 1297 1298 1290
f 1298 1291 1290
f 1298 1299 1291
f 1299 1292 1291
f 1299 1300 1292
f 1300 1293 1292
f 1300 1301 1293
f 1301 1294 1293
f 1301 1302 1294
f 1302 1287 1294
f 1302 1295 1287
f 1303 1305 1306
f 1304 1338 1337
f 1303 1306 1307
f 1304 1339 1338
f 1303 1307 1308
f 1304 1340 1339
f 1303 1308 1309
f 1304 1341 1340
f 1303 1309 1310
f 1304 1342 1341
f 1303 1310 1311
f 1304 1343 1342
f 1303 1311 1312
f 1304 1344 1343
f 1303 1312 1305
f 1304 1337 1344
f 1313 1306 1305
f 1313 1314 1306
f 1314 1307 1306
f 1314 1315 1307
f 1315 1308 1307
f 1315 1316 1308
f 1316 1309 1308
f 1316 1317 1309
f 1317 1310 1309
f 1317 1318 1310
f 1318 1311 1310
f 1318 1319 1311
f 1319 1312 1311
f 1319 1320 1312
f 1320 1305 1312
f 1320 1313 1305
f 1321 1314 1313
f 1321 1322 1314
f 1322 1315 1314
f 1322 1323 1315
f 1323 1316 1315
f 1323 1324 1316
f 1324 1317 1316
f 1324 1325 1317
f 1325 1318 1317
f 1325 1326 1318
f 1326 1319 1318
f 1326 1327 1319
f 1327 1320 1319
f 1327 1328 1320
f 1328 1313 1320
f 1328 1321 1313
f 1329 1322 1321
f 1329 1330 1322
f 1330 1323 1322
f 1330 1331 1323
f 1331 1324 1323
f 1331 1332 1324
f 1332 1325 1324
f 1332 1333 1325
f 1333 1326 1325
f 1333 1334 1326
f 1334 1327 1326
f 1334 1335 1327
f 1335 1328 1327
f 1335 1336 1328
f 1336 1321 1328
f 1336 1329 1321
f 1337 1330 1329
f 1337 1338 1330
f 1338 1331 1330
f 1338 1339 1331
f 1339 1332 1331
f 1339 1340 1332
f 1340 1333 1332
f 1340 1341 1333
f 1341 1334 1333
f 1341 1342 1334
f 1342 1335 1334
f 1342 1343 1335
f 1343 1336 1335
f 1343 1344 1336
f 1344 1329 1336
f 1344 1337 1329
f 1345 1347 1348
f 1346 1380 1379
f 1345 1348 1349
f 1346 1381 1380
f 1345 1349 1350
f 1346 1382 1381
f 1345 1350 1351
f 1346 1383 1382
f 1345 1351 1352
f 1346 1384 1383
f 1345 1352 1353
f 1346 1385 1384
f 1345 1353 1354
f 1346 1386 1385
f 1345 1354 1347
f 1346 1379 1386
f 1355 1348 1347
f 1355 1356 1348
f 1356 1349 1348
f 1356 1357 1349
f 1357 1350 1349
f 1357 1358 1350
f 1358 1351 1350
f 1358 1359 1351
f 1359 1352 1351
f 1359 1360 1352
f 1360 1353 1352
f 1360 1361 1353
f 1361 1354 1353
f 1361 1362 1354
f 1362 1347 1354
f 1362 1355 1347
f 1363 1356 1355
f 1363 1364 1356
f 1364 1357 1356
f 1364 1365 1357
f 1365 1358 1357
f 1365 1366 1358
f 1366 1359 1358
f 1366 1367 1359
f 1367 1360 1359
f 1367 1368 1360
f 1368 1361 1360
f 1368 1369 1361
f 1369 1362 1361
f 1369 1370 1362
f 1370 1355 1362
f 1370 1363 1355
f 1371 1364 1363
f 1371 1372 1364
f 1372 1365 1364
f 1372 1373 1365
f 1373 1366 1365
f 1373 1374 1366
f 1374 1367 1366
f 1374 1375 1367
f 1375 1368 1367
f 1375 1376 1368
f 1376 1369 1368
f 1376 1377 1369
f 1377 1370 1369
f 1377 1378 1370
f 1378 1363 1370
f 1378 1371 1363
f 1379 1372 1371
f 1379 1380 1372
f 1380 1373 1372
f 1380 1381 1373
f 1381 1374 1373
f 1381 1382 1374
f 1382 1375 1374
f 1382 1383 1375
f 1383 1376 1375
f 1383 1384 1376
f 1384 1377 1376
f 1384 1385 1377
f 1385 1378 1377
f 1385 1386 1378
f 1386 1371 1378
f 1386 1379 1371
f 1387 1389 1390
f 1388 1422 1421
f 1387 1390 1391
f 1388 1423 1422
f 1387 1391 1392
f 1388 1424 1423
f 1387 1392 1393
f 1388 1425 1424
f 1387 1393 1394
f 1388 1426 1425
f 1387 1394 1395
f 1388 1427 1426
f 1387 1395 1396
f 1388 1428 1427
f 1387 1396 1389
f 1388 1421 1428
f 1397 1390 1389
f 1397 1398 1390
f 1398 1391 1390
f 1398 1399 1391
f 1399 1392 1391
f 1399 1400 1392
f 1400 1393 1392
f 1400 1401 1393
f 1401 1394 1393
f 1401 1402 1394
f 1402 1395 1394
f 1402 1403 1395
f 1403 1396 1395
f 1403 1404 1396
f 1404 1389 1396
f 1404 1397 1389
f 1405 1398 1397
f 1405 1406 1398
f 1406 1399 1398
f 1406 1407 1399
f 1407 1400 1399
f 1407 1408 1400
f 1408 1401 1400
f 1408 1409 1401
f 1409 1402 1401
f 1409 1410 1402
f 1410 1403 1402
f 1410 1411 1403
f 1411 1404 1403
f 1411 1412 1404
f 1412 1397 1404
f 1412 1405 1397
f 1413 1406 1405
f 1413 1414 1406
f 1414 1407 1406
f 1414 1415 1407
f 1415 1408 1407
f 1415 1416 1408
f 1416 1409 1408
f 1416 1417 1409
f 1417 1410 1409
f 1417 1418 1410
f 1418 1411 1410
f 1418 1419 1411
f 1419 1412 1411
f 1419 1420 1412
f 1420 1405 1412
f 1420 1413 1405
f 1421 1414 1413
f 1421 1422 1414
f 1422 1415 1414
f 1422 1423 1415
f 1423 1416 1415
f 1423 1424 1416
f 1424 1417 1416
f 1424 1425 1417
f 1425 1418 1417
f 1425 1426 1418
f 1426 1419 1418
f 1426 1427 1419
f 1427 1420 1419
f 1427 1428 1420
f 1428 1413 1420
f 1428 1421 1413
f 1429 1431 1432
f 1430 1464 1463
f 1429 1432 1433
f 1430 1465 1464
f 1429 1433 1434
f 1430 1466 1465
f 1429 1434 1435
f 1430 1467 1466
f 1429 1435 1436
f 1430 1468 1467
f 1429 1436 1437
f 1430 1469 1468
f 1429 1437 1438
f 1430 1470 1469
f 1429 1438 1431
f 1430 1463 1470
f 1439 1432 1431
f 1439 1440 1432
f 1440 1433 1432
f 1440 1441 1433
f 1441 1434 1433
f 1441 1442 1434
f 1442 1435 1434
f 1442 1443 1435
f 1443 1436 1435
f 1443 1444 1436
f 1444 1437 1436
f 1444 1445 1437
f 1445 1438 1437
f 1445 1446 1438
f 1446 1431 1438
f 1446 1439 1431
f 1447 1440 1439
f 1447 1448 1440
f 1448 1441 1440
f 1448 1449 1441
f 1449 1442 1441
f 1449 1450 1442
f 1450 1443 1442
f 1450 1451 1443
f 1451 1444 1443
f 1451 1452 1444
f 1452 1445 1444
f 1452 1453 1445
f 1453 1446 1445
f 1453 1454 1446
f 1454 1439 1446
f 1454 1447 1439
f 1455 1448 1447
f 1455 1456 1448
f 1456 1449 1448
f 1456 1457 1449
f 1457 1450 1449
f 1457 1458 1450
f 1458 1451 1450
f 1458 1459 1451
f 1459 1452 1451
f 1459 1460 1452
f 1460 1453 1452
f 1460 1461 1453
f 1461 1454 1453
f 1461 1462 1454
f 1462 1447 1454
f 1462 1455 1447
f 1463 1456 1455
f 1463 1464 1456
f 1464 1457 1456
f 1464 1465 1457
f 1465 1458 1457
f 1465 1466 1458
f 1466 1459 1458
f 1466 1467 1459
f 1467 1460 1459
f 1467 1468 1460
f 1468 1461 1460
f 1468 1469 1461
f 1469 1462 1461
f 1469 1470 1462
f 1470 1455 1462
f 1470 1463 1455
f 1471 1473 1474
f 1472 1506 1505
f 1471 1474 1475
f 1472 1507 1506
f 1471 1475 1476
f 1472 1508 1507
f 1471 1476 1477
f 1472 1509 1508
f 1471 1477 1478
f 1472 1510 1509
f 1471 1478 1479
f 1472 1511 1510
f 1471 1479 1480
f 1472 1512 1511
f 1471 1480 1473
f 1472 1505 1512
f 1481 1474 1473
f 1481 1482 1474
f 1482 1475 1474
f 1482 1483 1475
f 1483 1476 1475
f 1483 1484 1476
f 1484 1477 1476
f 1484 1485 1477
f 1485 1478 1477
f 1485 1486 1478
f 1486 1479 1478
f 1486 1487 1479
f 1487 1480 1479
f 1487 1488 1480
f 1488 1473 1480
f 1488 1481 1473
f 1489 1482 1481
f 1489 1490 1482
f 1490 1483 1482
f 1490 1491 1483
f 1491 1484 1483
f 1491 1492 1484
f 1492 1485 1484
f 1492 1493 1485
f 1493 1486 1485
f 1493 1494 1486
f 1494 1487 1486
f 1494 1495 1487
f 1495 1488 1487
f 1495 1496 1488
f 1496 1481 1488
f 1496 1489 1481
f 1497 1490 1489
f 1497 1498 1490
f 1498 1491 1490
f 1498 1499 1491
f 1499 1492 1491
f 1499 1500 1492
f 1500 1493 1492
f 1500 1501 1493
f 1501 1494 1493
f 1501 1502 1494
f 1502 1495 1494
f 1502 1503 1495
f 1503 1496 1495
f 1503 1504 1496
f 1504 1489 1496
f 1504 1497 1489
f 1505 1498 1497
f 1505 1506 1498
f 1506 1499 1498
f 1506 1507 1499
f 1507 1500 1499
f 1507 1508 1500
f 1508 1501 1500
f 1508 1509 1501
f 1509 1502 1501
f 1509 1510 1502
f 1510 1503 1502
f 1510 1511 1503
f 1511 1504 1503
f 1511 1512 1504
f 1512 1497 1504
f 1512 1505 1497
f 1513 1515 1516
f 1514 1548 1547
f 1513 1516 1517
f 1514 1549 1548
f 1513 1517 1518
f 1514 1550 1549
f 1513 1518 1519
f 1514 1551 1550
f 1513 1519 1520
f 1514 1552 1551
f 1513 1520 1521
f 1514 1553 1552
f 1513 1521 1522
f 1514 1554 1553
f 1513 1522 1515
f 1514 1547 1554
f 1523 1516 1515
f 1523 1524 1516
f 1524 1517 1516
f 1524 1525 1517
f 1525 1518 1517
f 1525 1526 1518
f 1526 1519 1518
f 1526 1527 1519
f 1527 1520 1519
f 1527 1528 1520
f 1528 1521 1520
f 1528 1529 1521
f 1529 1522 1521
f 1529 1530 1522
f 1530 1515 1522
f 1530 1523 1515
f 1531 1524 1523
f 1531 1532 1524
f 1532 1525 1524
f 1532 1533 1525
f 1533 1526 1525
f 1533 1534 1526
f 1534 1527 1526
f 1534 1535 1527
f 1535 1528 1527
f 1535 1536 1528
f 1536 1529 1528
f 1536 1537 1529
f 1537 1530 1529
f 1537 1538 1530
f 1538 1523 1530
f 1538 1531 1523
f 1539 1532 1531
f 1539 1540 1532
f 1540 1533 1532
f 1540 1541 1533
f 1541 1534 1533
f 1541 1542 1534
f 1542 1535 1534
f 1542 1543 1535
f 1543 1536 1535
f 1543 1544 1536
f 1544 1537 1536
f 1544 1545 1537
f 1545 1538 1537
f 1545 1546 1538
f 1546 1531 1538
f 1546 1539 1531
f 1547 1540 1539
f 1547 1548 1540
f 1548 1541 1540
f 1548 1549 1541
f 1549 1542 1541
f 1549 1550 1542
f 1550 1543 1542
f 1550 1551 1543
f 1551 1544 1543
f 1551 1552 1544
f 1552 1545 1544
f 1552 1553 1545
f 1553 1546 1545
f 1553 1554 1546
f 1554 1539 1546
f 1554 1547 1539
f 1555 1557 1558
f 1556 1590 1589
f 1555 1558 1559
f 1556 1591 1590
f 1555 1559 1560
f 1556 1592 1591
f 1555 1560 1561
f 1556 1593 1592
f 1555 1561 1562
f 1556 1594 1593
f 1555 1562 1563
f 1556 1595 1594
f 1555 1563 1564
f 1556 1596 1595
f 1555 1564 1557
f 1556 1589 1596
f 1565 1558 1557
f 1565 1566 1558
f 1566 1559 1558
f 1566 1567 1559
f 1567 1560 1559
f 1567 1568 1560
f 1568 1561 1560
f 1568 1569 1561
f 1569 1562 1561
f 1569 1570 1562
f 1570 1563 1562
f 1570 1571 1563
f 1571 1564 1563
f 1571 1572 1564
f 1572 1557 1564
f 1572 1565 1557
f 1573 1566 1565
f 1573 1574 1566
f 1574 1567 1566
f 1574 1575 1567
f 1575 1568 1567
f 1575 1576 1568
f 1576 1569 1568
f 1576 1577 1569
f 1577 1570 1569
f 1577 1578 1570
f 1578 1571 1570
f 1578 1579 1571
f 1579 1572 1571
f 1579 1580 1572
f 1580 1565 1572
f 1580 1573 1565
f 1581 1574 1573
f 1581 1582 1574
f 1582 1575 1574
f 1582 1583 1575
f 1583 1576 1575
f 1583 1584 1576
f 1584 1577 1576
f 1584 1585 1577
f 1585 1578 1577
f 1585 1586 1578
f 1586 1579 1578
f 1586 1587 1579
f 1587 1580 1579
f 1587 1588 1580
f 1588 1573 1580
f 1588 1581 1573
f 1589 1582 1581
f 1589 1590 1582
f 1590 1583 1582
f 1590 1591 1583
f 1591 1584 1583
f 1591 1592 1584
f 1592 1585 1584
f 1592 1593 1585
f 1593 1586 1585
f 1593 1594 1586
f 1594 1587 1586
f 1594 1595 1587
f 1595 1588 1587
f 1595 1596 1588
f 1596 1581 1588
f 1596 1589 1581
f 1597 1599 1600
f 1598 1632 1631
f 1597 1600 1601
f 1598 1633 1632
f 1597 1601 1602
f 1598 1634 1633
f 1597 1602 1603
f 1598 1635 1634
f 1597 1603 1604
f 1598 1636 1635
f 1597 1604 1605
f 1598 1637 1636
f 1597 1605 1606
f 1598 1638 1637
f 1597 1606 1599
f 1598 1631 1638
f 1607 1600 1599
f 1607 1608 1600
f 1608 1601 1600
f 1608 1609 1601
f 1609 1602 1601
f 1609 1610 1602
f 1610 1603 1602
f 1610 1611 1603
f 1611 1604 1603
f 1611 1612 1604
f 1612 1605 1604
f 1612 1613 1605
f 1613 1606 1605
f 1613 1614 1606
f 1614 1599 1606
f 1614 1607 1599
f 1615 1608 1607
f 1615 1616 1608
f 1616 1609 1608
f 1616 1617 1609
f 1617 1610 1609
f 1617 1618 1610
f 1618 1611 1610
f 1618 1619 1611
f 1619 1612 1611
f 1619 1620 1612
f 1620 1613 1612
f 1620 1621 1613
f 1621 1614 1613
f 1621 1622 1614
f 1622 1607 1614
f 1622 1615 1607
f 1623 1616 1615
f 1623 1624 1616
f 1624 1617 1616
f 1624 1625 1617
f 1625 1618 1617
f 1625 1626 1618
f 1626 1619 1618
f 1626 1627 1619
f 1627 1620 1619
f 1627 1628 1620
f 1628 1621 1620
f 1628 1629 1621
f 1629 1622 1621
f 1629 1630 1622
f 1630 1615 1622
f 1630 1623 1615
f 1631 1624 1623
f 1631 1632 1624
f 1632 1625 1624
f 1632 1633 1625
f 1633 1626 1625
f 1633 1634 1626
f 1634 1627 1626
f 1634 1635 1627
f 1635 1628 1627
f 1635 1636 1628
f 1636 1629 1628
f 1636 1637 1629
f 1637 1630 1629
f 1637 1638 1630
f 1638 1623 1630
f 1638 1631 1623
f 1639 1641 1642
f 1640 1674 1673
f 1639 1642 1643
f 1640 1675 1674
f 1639 1643 1644
f 1640 1676 1675
f 1639 1644 1645
f 1640 1677 1676
f 1639 1645 1646
f 1640 1678 1677
f 1639 1646 1647
f 1640 1679 1678
f 1639 1647 1648
f 1640 1680 1679
f 1639 1648 1641
f 1640 1673 1680
f 1649 1642 1641
f 1649 1650 1642
f 1650 1643 1642
f 1650 1651 1643
f 1651 1644 1643
f 1651 1652 1644
f 1652 1645 1644
f 1652 1653 1645
f 1653 1646 1645
f 1653 1654 1646
f 1654 1647 1646
f 1654 1655 1647
f 1655 1648 1647
f 1655 1656 1648
f 1656 1641 1648
f 1656 1649 1641
f 1657 1650 1649
f 1657 1658 1650
f 1658 1651 1650
f 1658 1659 1651
f 1659 1652 1651
f 1659 1660 1652
f 1660 1653 1652
f 1660 1661 1653
f 1661 1654 1653
f 1661 1662 1654
f 1662 1655 1654
f 1662 1663 1655
f 1663 1656 1655
f 1663 1664 1656
f 1664 1649 1656
f 1664 1657 1649
f 1665 1658 1657
f 1665 1666 1658
f 1666 1659 1658
f 1666 1667 1659
f 1667 1660 1659
f 1667 1668 1660
f 1668 1661 1660
f 1668 1669 1661
f 1669 1662 1661
f 1669 1670 1662
f 1670 1663 1662
f 1670 1671 1663
f 1671 1664 1663
f 1671 1672 1664
f 1672 1657 1664
f 1672 1665 1657
f 1673 1666 1665
f 1673 1674 1666
f 1674 1667 1666
f 1674 1675 1667
f 1675 1668 1667
f 1675 1676 1668
f 1676 1669 1668
f 1676 1677 1669
f 1677 1670 1669
f 1677 1678 1670
f 1678 1671 1670
f 1678 1679 1671
f 1679 1672 1671
f 1679 1680 1672
f 1680 1665 1672
f 1680 1673 1665
f 1681 1683 1684
f 1682 1716 1715
f 1681 1684 1685
f 1682 1717 1716
f 1681 1685 1686
f 1682 1718 1717
f 1681 1686 1687
f 1682 1719 1718
f 1681 1687 1688
f 1682 1720 1719
f 1681 1688 1689
f 1682 1721 1720
f 1681 1689 1690
f 1682 1722 1721
f 1681 1690 1683
f 1682 1715 1722
f 1691 1684 1683
f 1691 1692 1684
f 1692 1685 1684
f 1692 1693 1685
f 1693 1686 1685
f 1693 1694 1686
f 1694 1687 1686
f 1694 1695 1687
f 1695 1688 1687
f 1695 1696 1688
f 1696 1689 1688
f 1696 1697 1689
f 1697 1690 1689
f 1697 1698 1690
f 1698 1683 1690
f 1698 1691 1683
f 1699 1692 1691
f 1699 1700 1692
f 1700 1693 1692
f 1700 1701 1693
f 1701 1694 1693
f 1701 1702 1694
f 1702 1695 1694
f 1702 1703 1695
f 1703 1696 1695
f 1703 1704 1696
f 1704 1697 1696
f 1704 1705 1697
f 1705 1698 1697
f 1705 1706 1698
f 1706 1691 1698
f 1706 1699 1691
f 1707 1700 1699
f 1707 1708 1700
f 1708 1701 1700
f 1708 1709 1701
f 1709 1702 1701
f 1709 1710 1702
f 1710 1703 1702
f 1710 1711 1703
f 1711 1704 1703
f 1711 1712 1704
f 1712 1705 1704
f 1712 1713 1705
f 1713 1706 1705
f 1713 1714 1706
f 1714 1699 1706
f 1714 1707 1699
f 1715 1708 1707
f 1715 1716 1708
f 1716 1709 1708
f 1716 1717 1709
f 1717 1710 1709
f 1717 1718 1710
f 1718 1711 1710
f 1718 1719 1711
f 1719 1712 1711
f 1719 1720 1712
f 1720 1713 1712
f 1720 1721 1713
f 1721 1714 1713
f 1721 1722 1714
f 1722 1707 1714
f 1722 1715 1707
f 1723 1725 1726
f 1724 1758 1757
f 1723 1726 1727
f 1724 1759 1758
f 1723 1727 1728
f 1724 1760 1759
f 1723 1728 1729
f 1724 1761 1760
f 1723 1729 1730
f 1724 1762 1761
f 1723 1730 1731
f 1724 1763 1762
f 1723 1731 1732
f 1724 1764 1763
f 1723 1732 1725
f 1724 1757 1764
f 1733 1726 1725
f 1733 1734 1726
f 1734 1727 1726
f 1734 1735 1727
f 1735 1728 1727
f 1735 1736 1728
f 1736 1729 1728
f 1736 1737 1729
f 1737 1730 1729
f 1737 1738 1730
f 1738 1731 1730
f 1738 1739 1731
f 1739 1732 1731
f 1739 1740 1732
f 1740 1725 1732
f 1740 1733 1725
f 1741 1734 1733
f 1741 1742 1734
f 1742 1735 1734
f 1742 1743 1735
f 1743 1736 1735
f 1743 1744 1736
f 1744 1737 1736
f 1744 1745 1737
f 1745 1738 1737
f 1745 1746 1738
f 1746 1739 1738
f 1746 1747 1739
f 1747 1740 1739
f 1747 1748 1740
f 1748 1733 1740
f 1748 1741 1733
f 1749 1742 1741
f 1749 1750 1742
f 1750 1743 1742
f 1750 1751 1743
f 1751 1744 1743
f 1751 1752 1744
f 1752 1745 1744
f 1752 1753 1745
f 1753 1746 1745
f 1753 1754 1746
f 1754 1747 1746
f 1754 1755 1747
f 1755 1748 1747
f 1755 1756 1748
f 1756 1741 1748
f 1756 1749 1741
f 1757 1750 1749
f 1757 1758 1750
f 1758 1751 1750
f 1758 1759 1751
f 1759 1752 1751
f 1759 1760 1752
f 1760 1753 1752
f 1760 1761 1753
f 1761 1754 1753
f 1761 1762 1754
f 1762 1755 1754
f 1762 1763 1755
f 1763 1756 1755
f 1763 1764 1756
f 1764 1749 1756
f 1764 1757 1749
f 1765 1767 1768
f 1766 1800 1799
f 1765 1768 1769
f 1766 1801 1800
f 1765 1769 1770
f 1766 1802 1801
f 1765 1770 1771
f 1766 1803 1802
f 1765 1771 1772
f 1766 1804 1803
f 1765 1772 1773
f 1766 1805 1804
f 1765 1773 1774
f 1766 1806 1805
f 1765 1774 1767
f 1766 1799 1806
f 1775 1768 1767
f 1775 1776 1768
f 1776 1769 1768
f 1776 1777 1769
f 1777 1770 1769
f 1777 1778 1770
f 1778 1771 1770
f 1778 1779 1771
f 1779 1772 1771
f 1779 1780 1772
f 1780 1773 1772
f 1780 1781 1773
f 1781 1774 1773
f 1781 1782 1774
f 1782 1767 1774
f 1782 1775 1767
f 1783 1776 1775
f 1783 1784 1776
f 1784 1777 1776
f 1784 1785 1777
f 1785 1778 1777
f 1785 1786 1778
f 1786 1779 1778
f 1786 1787 1779
f 1787 1780 1779
f 1787 1788 1780
f 1788 1781 1780
f 1788 1789 1781
f 1789 1782 1781
f 1789 1790 1782
f 1790 1775 1782
f 1790 1783 1775
f 1791 1784 1783
f 1791 1792 1784
f 1792 1785 1784
f 1792 1793 1785
f 1793 1786 1785
f 1793 1794 1786
f 1794 1787 1786
f 1794 1795 1787
f 1795 1788 1787
f 1795 1796 1788
f 1796 1789 1788
f 1796 1797 1789
f 1797 1790 1789
f 1797 1798 1790
f 1798 1783 1790
f 1798 1791 1783
f 1799 1792 1791
f 1799 1800 1792
f 1800 1793 1792
f 1800 1801 1793
f 1801 1794 1793
f 1801 1802 1794
f 1802 1795 1794
f 1802 1803 1795
f 1803 1796 1795
f 1803 1804 1796
f 1804 1797 1796
f 1804 1805 1797
f 1805 1798 1797
f 1805 1806 1798
f 1806 1791 1798
f 1806 1799 1791
f 1807 1809 1810
f 1808 1842 1841
f 1807 1810 1811
f 1808 1843 1842
f 1807 1811 1812
f 1808 1844 1843
f 1807 1812 1813
f 1808 1845 1844
f 1807 1813 1814
f 1808 1846 1845
f 1807 1814 1815
f 1808 1847 1846
f 1807 1815 1816
f 1808 1848 1847
f 1807 1816 1809
f 1808 1841 1848
f 1817 1810 1809
f 1817 1818 1810
f 1818 1811 1810
f 1818 1819 1811
f 1819 1812 1811
f 1819 1820 1812
f 1820 1813 1812
f 1820 1821 1813
f 1821 1814 1813
f 1821 1822 1814
f 1822 1815 1814
f 1822 1823 1815
f 1823 1816 1815
f 1823 1824 1816
f 1824 1809 1816
f 1824 1817 1809
f 1825 1818 1817
f 1825 1826 1818
f 1826 1819 1818
f 1826 1827 1819
f 1827 1820 1819
f 1827 1828 1820
f 1828 1821 1820
f 1828 1829 1821
f 1829 1822 1821
f 1829 1830 1822
f 1830 1823 1822
f 1830 1831 1823
f 1831 1824 1823
f 1831 1832 1824
f 1832 1817 1824
f 1832 1825 1817
f 1833 1826 1825
f 1833 1834 1826
f 1834 1827 1826
f 1834 1835 1827
f 1835 1828 1827
f 1835 1836 1828
f 1836 1829 1828
f 1836 1837 1829
f 1837 1830 1829
f 1837 1838 1830
f 1838 1831 1830
f 1838 1839 1831
f 1839 1832 1831
f 1839 1840 1832
f 1840 1825 1832
f 1840 1833 1825
f 1841 1834 1833
f 1841 1842 1834
f 1842 1835 1834
f 1842 1843 1835
f 1843 1836 1835
f 1843 1844 1836
f 1844 1837 1836
f 1844 1845 1837
f 1845 1838 1837
f 1845 1846 1838
f 1846 1839 1838
f 1846 1847 1839
f 1847 1840 1839
f 1847 1848 1840
f 1848 1833 1840
f 1848 1841 1833
f 1849 1851 1852
f 1850 1884 1883
f 1849 1852 1853
f 1850 1885 1884
f 1849 1853 1854
f 1850 1886 1885
f 1849 1854 1855
f 1850 1887 1886
f 1849 1855 1856
f 1850 1888 1887
f 1849 1856 1857
f 1850 1889 1888
f 1849 1857 1858
f 1850 1890 1889
f 1849 1858 1851
f 1850 1883 1890
f 1859 1852 1851
f 1859 1860 1852
f 1860 1853 1852
f 1860 1861 1853
f 1861 1854 1853
f 1861 1862 1854
f 1862 1855 1854
f 1862 1863 1855
f 1863 1856 1855
f 1863 1864 1856
f 1864 1857 1856
f 1864 1865 1857
f 1865 1858 1857
f 1865 1866 1858
f 1866 1851 1858
f 1866 1859 1851
f 1867 1860 1859
f 1867 1868 1860
f 1868 1861 1860
f 1868 1869 1861
f 1869 1862 1861
f 1869 1870 1862
f 1870 1863 1862
f 1870 1871 1863
f 1871 1864 1863
f 1871 1872 1864
f 1872 1865 1864
f 1872 1873 1865
f 1873 1866 1865
f 1873 1874 1866
f 1874 1859 1866
f 1874 1867 1859
f 1875 1868 1867
f 1875 1876 1868
f 1876 1869 1868
f 1876 1877 1869
f 1877 1870 1869
f 1877 1878 1870
f 1878 1871 1870
f 1878 1879 1871
f 1879 1872 1871
f 1879 1880 1872
f 1880 1873 1872
f 1880 1881 1873
f 1881 1874 1873
f 1881 1882 1874
f 1882 1867 1874
f 1882 1875 1867
f 1883 1876 1875
f 1883 1884 1876
f 1884 1877 1876
f 1884 1885 1877
f 1885 1878 1877
f 1885 1886 1878
f 1886 1879 1878
f 1886 1887 1879
f 1887 1880 1879
f 1887 1888 1880
f 1888 1881 1880
f 1888 1889 1881
f 1889 1882 1881
f 1889 1890 1882
f 1890 1875 1882
f 1890 1883 1875
f 1891 1893 1894
f 1892 1926 1925
f 1891 1894 1895
f 1892 1927 1926
f 1891 1895 1896
f 1892 1928 1927
f 1891 1896 1897
f 1892 1929 1928
f 1891 1897 1898
f 1892 1930 1929
f 1891 1898 1899
f 1892 1931 1930
f 1891 1899 1900
f 1892 1932 1931
f 1891 1900 1893
f 1892 1925 1932
f 1901 1894 1893
f 1901 1902 1894
f 1902 1895 1894
f 1902 1903 1895
f 1903 1896 1895
f 1903 1904 1896
f 1904 1897 1896
f 1904 1905 1897
f 1905 1898 1897
f 1905 1906 1898
f 1906 1899 1898
f 1906 1907 1899
f 1907 1900 1899
f 1907 1908 1900
f 1908 1893 1900
f 1908 1901 1893
f 1909 1902 1901
f 1909 1910 1902
f 1910 1903 1902
f 1910 1911 1903
f 1911 1904 1903
f 1911 1912 1904
f 1912 1905 1904
f 1912 1913 1905
f 1913 1906 1905
f 1913 1914 1906
f 1914 1907 1906
f 1914 1915 1907
f 1915 1908 1907
f 1915 1916 1908
f 1916 1901 1908
f 1916 1909 1901
f 1917 1910 1909
f 1917 1918 1910
f 1918 1911 1910
f 1918 1919 1911
f 1919 1912 1911
f 1919 1920 1912
f 1920 1913 1912
f 1920 1921 1913
f 1921 1914 1913
f 1921 1922 1914
f 1922 1915 1914
f 1922 1923 1915
f 1923 1916 1915
f 1923 1924 1916
f 1924 1909 1916
f 1924 1917 1909
f 1925 1918 1917
f 1925 1926 1918
f 1926 1919 1918
f 1926 1927 1919
f 1927 1920 1919
f 1927 1928 1920
f 1928 1921 1920
f 1928 1929 1921
f 1929 1922 1921
f 1929 1930 1922
f 1930 1923 1922
f 1930 1931 1923
f 1931 1924 1923
f 1931 1932 1924
f 1932 1917 1924
f 1932 1925 1917
f 1933 1935 1936
f 1934 1968 1967
f 1933 1936 1937
f 1934 1969 1968
f 1933 1937 1938
f 1934 1970 1969
f 1933 1938 1939
f 1934 1971 1970
f 1933 1939 1940
f 1934 1972 1971
f 1933 1940 1941
f 1934 1973 1972
f 1933 1941 1942
f 1934 1974 1973
f 1933 1942 1935
f 1934 1967 1974
f 1943 1936 1935
f 1943 1944 1936
f 1944 1937 1936
f 1944 1945 1937
f 1945 1938 1937
f 1945 1946 1938
f 1946 1939 1938
f 1946 1947 1939
f 1947 1940 1939
f 1947 1948 1940
f 1948 1941 1940
f 1948 1949 1941
f 1949 1942 1941
f 1949 1950 1942
f 1950 1935 1942
f 1950 1943 1935
f 1951 1944 1943
f 1951 1952 1944
f 1952 1945 1944
f 1952 1953 1945
f 1953 1946 1945
f 1953 1954 1946
f 1954 1947 1946
f 1954 1955 1947
f 1955 1948 1947
f 1955 1956 1948
f 1956 1949 1948
f 1956 1957 1949
f 1957 1950 1949
f 1957 1958 1950
f 1958 1943 1950
f 1958 1951 1943
f 1959 1952 1951
f 1959 1960 1952
f 1960 1953 1952
f 1960 1961 1953
f 1961 1954 1953
f 1961 1962 1954
f 1962 1955 1954
f 1962 1963 1955
f 1963 1956 1955
f 1963 1964 1956
f 1964 1957 1956
f 1964 1965 1957
f 1965 1958 1957
f 1965 1966 1958
f 1966 1951 1958
f 1966 1959 1951
f 1967 1960 1959
f 1967 1968 1960
f 1968 1961 1960
f 1968 1969 1961
f 1969 1962 1961
f 1969 1970 1962
f 1970 1963 1962
f 1970 1971 1963
f 1971 1964 1963
f 1971 1972 1964
f 1972 1965 1964
f 1972 1973 1965
f 1973 1966 1965
f 1973 1974 1966
f 1974 1959 1966
f 1974 1967 1959
f 1975 1977 1978
f 1976 2010 2009
f 1975 1978 1979
f 1976 2011 2010
f 1975 1979 1980
f 1976 2012 2011
f 1975 1980 1981
f 1976 2013 2012
f 1975 1981 1982
f 1976 2014 2013
f 1975 1982 1983
f 1976 2015 2014
f 1975 1983 1984
f 1976 2016 2015
f 1975 1984 1977
f 1976 2009 2016
f 1985 1978 1977
f 1985 1986 1978
f 1986 1979 1978
f 1986 1987 1979
f 1987 1980 1979
f 1987 1988 1980
f 1988 1981 1980
f 1988 1989 1981
f 1989 1982 1981
f 1989 1990 1982
f 1990 1983 1982
f 1990 1991 1983
f 1991 1984 1983
f 1991 1992 1984
f 1992 1977 1984
f 1992 1985 1977
f 1993 1986 1985
f 1993 1994 1986
f 1994 1987 1986
f 1994 1995 1987
f 1995 1988 1987
f 1995 1996 1988
f 1996 1989 1988
f 1996 1997 1989
f 1997 1990 1989
f 1997 1998 1990
f 1998 1991 1990
f 1998 1999 1991
f 1999 1992 1991
f 1999 2000 1992
f 2000 1985 1992
f 2000 1993 1985
f 2001 1994 1993
f 2001 2002 1994
f 2002 1995 1994
f 2002 2003 1995
f 2003 1996 1995
f 2003 2004 1996
f 2004 1997 1996
f 2004 2005 1997
f 2005 1998 1997
f 2005 2006 1998
f 2006 1999 1998
f 2006 2007 1999
f 2007 2000 1999
f 2007 2008 2000
f 2008 1993 2000
f 2008 2001 1993
f 2009 2002 2001
f 2009 2010 2002
f 2010 2003 2002
f 2010 2011 2003
f 2011 2004 2003
f 2011 2012 2004
f 2012 2005 2004
f 2012 2013 2005
f 2013 2006 2005
f 2013 2014 2006
f 2014 2007 2006
f 2014 2015 2007
f 2015 2008 2007
f 2015 2016 2008
f 2016 2001 2008
f 2016 2009 2001
f 2017 2019 2020
f 2018 2052 2051
f 2017 2020 2021
f 2018 2053 2052
f 2017 2021 2022
f 2018 2054 2053
f 2017 2022 2023
f 2018 2055 2054
f 2017 2023 2024
f 2018 2056 2055
f 2017 2024 2025
f 2018 2057 2056
f 2017 2025 2026
f 2018 2058 2057
f 2017 2026 2019
f 2018 2051 2058
f 2027 2020 2019
f 2027 2028 2020
f 2028 2021 2020
f 2028 2029 2021
f 2029 2022 2021
f 2029 2030 2022
f 2030 2023 2022
f 2030 2031 2023
f 2031 2024 2023
f 2031 2032 2024
f 2032 2025 2024
f 2032 2033 2025
f 2033 2026 2025
f 2033 2034 2026
f 2034 2019 2026
f 2034 2027 2019
f 2035 2028 2027
f 2035 2036 2028
f 2036 2029 2028
f 2036 2037 2029
f 2037 2030 2029
f 2037 2038 2030
f 2038 2031 2030
f 2038 2039 2031
f 2039 2032 2031
f 2039 2040 2032
f 2040 2033 2032
f 2040 2041 2033
f 2041 2034 2033
f 2041 2042 2034
f 2042 2027 2034
f 2042 2035 2027
f 2043 2036 2035
f 2043 2044 2036
f 2044 2037 2036
f 2044 2045 2037
f 2045 2038 2037
f 2045 2046 2038
f 2046 2039 2038
f 2046 2047 2039
f 2047 2040 2039
f 2047 2048 2040
f 2048 2041 2040
f 2048 2049 2041
f 2049 2042 2041
f 2049 2050 2042
f 2050 2035 2042
f 2050 2043 2035
f 2051 2044 2043
f 2051 2052 2044
f 2052 2045 2044
f 2052 2053 2045
f 2053 2046 2045
f 2053 2054 2046
f 2054 2047 2046
f 2054 2055 2047
f 2055 2048 2047
f 2055 2056 2048
f 2056 2049 2048
f 2056 2057 2049
f 2057 2050 2049
f 2057 2058 2050
f 2058 2043 2050
f 2058 2051 2043
f 2059 2061 2062
f 2060 2094 2093
f 2059 2062 2063
f 2060 2095 2094
f 2059 2063 2064
f 2060 2096 2095
f 2059 2064 2065
f 2060 2097 2096
f 2059 2065 2066
f 2060 2098 2097
f 2059 2066 2067
f 2060 2099 2098
f 2059 2067 2068
f 2060 2100 2099
f 2059 2068 2061
f 2060 2093 2100
f 2069 2062 2061
f 2069 2070 2062
f 2070 2063 2062
f 2070 2071 2063
f 2071 2064 2063
f 2071 2072 2064
f 2072 2065 2064
f 2072 2073 2065
f 2073 2066 2065
f 2073 2074 2066
f 2074 2067 2066
f 2074 2075 2067
f 2075 2068 2067
f 2075 2076 2068
f 2076 2061 2068
f 2076 2069 2061
f 2077 2070 2069
f 2077 2078 2070
f 2078 2071 2070
f 2078 2079 2071
f 2079 2072 2071
f 2079 2080 2072
f 2080 2073 2072
f 2080 2081 2073
f 2081 2074 2073
f 2081 2082 2074
f 2082 2075 2074
f 2082 2083 2075
f 2083 2076 2075
f 2083 2084 2076
f 2084 2069 2076
f 2084 2077 2069
f 2085 2078 2077
f 2085 2086 2078
f 2086 2079 2078
f 2086 2087 2079
f 2087 2080 2079
f 2087 2088 2080
f 2088 2081 2080
f 2088 2089 2081
f 2089 2082 2081
f 2089 2090 2082
f 2090 2083 2082
f 2090 2091 2083
f 2091 2084 2083
f 2091 2092 2084
f 2092 2077 2084
f 2092 2085 2077
f 2093 2086 2085
f 2093 2094 2086
f 2094 2087 2086
f 2094 2095 2087
f 2095 2088 2087
f 2095 2096 2088
f 2096 2089 2088
f 2096 2097 2089
f 2097 2090 2089
f 2097 2098 2090
f 2098 2091 2090
f 2098 2099 2091
f 2099 2092 2091
f 2099 2100 2092
f 2100 2085 2092
f 2100 2093 2085
f 2101 2103 2104
f 2102 2136 2135
f 2101 2104 2105
f 2102 2137 2136
f 2101 2105 2106
f 2102 2138 2137
f 2101 2106 2107
f 2102 2139 2138
f 2101 2107 2108
f 2102 2140 2139
f 2101 2108 2109
f 2102 2141 2140
f 2101 2109 2110
f 2102 2142 2141
f 2101 2110 2103
f 2102 2135 2142
f 2111 2104 2103
f 2111 2112 2104
f 2112 2105 2104
f 2112 2113 2105
f 2113 2106 2105
f 2113 2114 2106
f 2114 2107 2106
f 2114 2115 2107
f 2115 2108 2107
f 2115 2116 2108
f 2116 2109 2108
f 2116 2117 2109
f 2117 2110 2109
f 2117 2118 2110
f 2118 2103 2110
f 2118 2111 2103
f 2119 2112 2111
f 2119 2120 2112
f 2120 2113 2112
f 2120 2121 2113
f 2121 2114 2113
f 2121 2122 2114
f 2122 2115 2114
f 2122 2123 2115
f 2123 2116 2115
f 2123 2124 2116
f 2124 2117 2116
f 2124 2125 2117
f 2125 2118 2117
f 2125 2126 2118
f 2126 2111 2118
f 2126 2119 2111
f 2127 2120 2119
f 2127 2128 2120
f 2128 2121 2120
f 2128 2129 2121
f 2129 2122 2121
f 2129 2130 2122
f 2130 2123 2122
f 2130 2131 2123
f 2131 2124 2123
f 2131 2132 2124
f 2132 2125 2124
f 2132 2133 2125
f 2133 2126 2125
f 2133 2134 2126
f 2134 2119 2126
f 2134 2127 2119
f 2135 2128 2127
f 2135 2136 2128
f 2136 2129 2128
f 2136 2137 2129
f 2137 2130 2129
f 2137 2138 2130
f 2138 2131 2130
f 2138 2139 2131
f 2139 2132 2131
f 2139 2140 2132
f 2140 2133 2132
f 2140 2141 2133
f 2141 2134 2133
f 2141 2142 2134
f 2142 2127 2134
f 2142 2135 2127
f 2143 2145 2146
f 2144 2178 2177
f 2143 2146 2147
f 2144 2179 2178
f 2143 2147 2148
f 2144 2180 2179
f 2143 2148 2149
f 2144 2181 2180
f 2143 2149 2150
f 2144 2182 2181
f 2143 2150 2151
f 2144 2183 2182
f 2143 2151 2152
f 2144 2184 2183
f 2143 2152 2145
f 2144 2177 2184
f 2153 2146 2145
f 2153 2154 2146
f 2154 2147 2146
f 2154 2155 2147
f 2155 2148 2147
f 2155 2156 2148
f 2156 2149 2148
f 2156 2157 2149
f 2157 2150 2149
f 2157 2158 2150
f 2158 2151 2150
f 2158 2159 2151
f 2159 2152 2151
f 2159 2160 2152
f 2160 2145 2152
f 2160 2153 2145
f 2161 2154 2153
f 2161 2162 2154
f 2162 2155 2154
f 2162 2163 2155
f 2163 2156 2155
f 2163 2164 2156
f 2164 2157 2156
f 2164 2165 2157
f 2165 2158 2157
f 2165 2166 2158
f 2166 2159 2158
f 2166 2167 2159
f 2167 2160 2159
f 2167 2168 2160
f 2168 2153 2160
f 2168 2161 2153
f 2169 2162 2161
f 2169 2170 2162
f 2170 2163 2162
f 2170 2171 2163
f 2171 2164 2163
f 2171 2172 2164
f 2172 2165 2164
f 2172 2173 2165
f 2173 2166 2165
f 2173 2174 2166
f 2174 2167 2166
f 2174 2175 2167
f 2175 2168 2167
f 2175 2176 2168
f 2176 2161 2168
f 2176 2169 2161
f 2177 2170 2169
f 2177 2178 2170
f 2178 2171 2170
f 2178 2179 2171
f 2179 2172 2171
f 2179 2180 2172
f 2180 2173 2172
f 2180 2181 2173
f 2181 2174 2173
f 2181 2182 2174
f 2182 2175 2174
f 2182 2183 2175
f 2183 2176 2175
f 2183 2184 2176
f 2184 2169 2176
f 2184 2177 2169
f 2185 2187 2188
f 2186 2220 2219
f 2185 2188 2189
f 2186 2221 2220
f 2185 2189 2190
f 2186 2222 2221
f 2185 2190 2191
f 2186 2223 2222
f 2185 2191 2192
f 2186 2224 2223
f 2185 2192 2193
f 2186 2225 2224
f 2185 2193 2194
f 2186 2226 2225
f 2185 2194 2187
f 2186 2219 2226
f 2195 2188 2187
f 2195 2196 2188
f 2196 2189 2188
f 2196 2197 2189
f 2197 2190 2189
f 2197 2198 2190
f 2198 2191 2190
f 2198 2199 2191
f 2199 2192 2191
f 2199 2200 2192
f 2200 2193 2192
f 2200 2201 2193
f 2201 2194 2193
f 2201 2202 2194
f 2202 2187 2194
f 2202 2195 2187
f 2203 2196 2195
f 2203 2204 2196
f 2204 2197 2196
f 2204 2205 2197
f 2205 2198 2197
f 2205 2206 2198
f 2206 2199 2198
f 2206 2207 2199
f 2207 2200 2199
f 2207 2208 2200
f 2208 2201 2200
f 2208 2209 2201
f 2209 2202 2201
f 2209 2210 2202
f 2210 2195 2202
f 2210 2203 2195
f 2211 2204 2203
f 2211 2212 2204
f 2212 2205 2204
f 2212 2213 2205
f 2213 2206 2205
f 2213 2214 2206
f 2214 2207 2206
f 2214 2215 2207
f 2215 2208 2207
f 2215 2216 2208
f 2216 2209 2208
f 2216 2217 2209
f 2217 2210 2209
f 2217 2218 2210
f 2218 2203 2210
f 2218 2211 2203
f 2219 2212 2211
f 2219 2220 2212
f 2220 2213 2212
f 2220 2221 2213
f 2221 2214 2213
f 2221 2222 2214
f 2222 2215 2214
f 2222 2223 2215
f 2223 2216 2215
f 2223 2224 2216
f 2224 2217 2216
f 2224 2225 2217
f 2225 2218 2217
f 2225 2226 2218
f 2226 2211 2218
f 2226 2219 2211
f 2227 2229 2230
f 2228 2262 2261
f 2227 2230 2231
f 2228 2263 2262
f 2227 2231 2232
f 2228 2264 2263
f 2227 2232 2233
f 2228 2265 2264
f 2227 2233 2234
f 2228 2266 2265
f 2227 2234 2235
f 2228 2267 2266
f 2227 2235 2236
f 2228 2268 2267
f 2227 2236 2229
f 2228 2261 2268
f 2237 2230 2229
f 2237 2238 2230
f 2238 2231 2230
f 2238 2239 2231
f 2239 2232 2231
f 2239 2240 2232
f 2240 2233 2232
f 2240 2241 2233
f 2241 2234 2233
f 2241 2242 2234
f 2242 2235 2234
f 2242 2243 2235
f 2243 2236 2235
f 2243 2244 2236
f 2244 2229 2236
f 2244 2237 2229
f 2245 2238 2237
f 2245 2246 2238
f 2246 2239 2238
f 2246 2247 2239
f 2247 2240 2239
f 2247 2248 2240
f 2248 2241 2240
f 2248 2249 2241
f 2249 2242 2241
f 2249 2250 2242
f 2250 2243 2242
f 2250 2251 2243
f 2251 2244 2243
f 2251 2252 2244
f 2252 2237 2244
f 2252 2245 2237
f 2253 2246 2245
f 2253 2254 2246
f 2254 2247 2246
f 2254 2255 2247
f 2255 2248 2247
f 2255 2256 2248
f 2256 2249 2248
f 2256 2257 2249
f 2257 2250 2249
f 2257 2258 2250
f 2258 2251 2250
f 2258 2259 2251
f 2259 2252 2251
f 2259 2260 2252
f 2260 2245 2252
f 2260 2253 2245
f 2261 2254 2253
f 2261 2262 2254
f 2262 2255 2254
f 2262 2263 2255
f 2263 2256 2255
f 2263 2264 2256
f 2264 2257 2256
f 2264 2265 2257
f 2265 2258 2257
f 2265 2266 2258
f 2266 2259 2258
f 2266 2267 2259
f 2267 2260 2259
f 2267 2268 2260
f 2268 2253 2260
f 2268 2261 2253
f 2269 2271 2272
f 2270 2304 2303
f 2269 2272 2273
f 2270 2305 2304
f 2269 2273 2274
f 2270 2306 2305
f 2269 2274 2275
f 2270 2307 2306
f 2269 2275 2276
f 2270 2308 2307
f 2269 2276 2277
f 2270 2309 2308
f 2269 2277 2278
f 2270 2310 2309
f 2269 2278 2271
f 2270 2303 2310
f 2279 2272 2271
f 2279 2280 2272
f 2280 2273 2272
f 2280 2281 2273
f 2281 2274 2273
f 2281 2282 2274
f 2282 2275 2274
f 2282 2283 2275
f 2283 2276 2275
f 2283 2284 2276
f 2284 2277 2276
f 2284 2285 2277
f 2285 2278 2277
f 2285 2286 2278
f 2286 2271 2278
f 2286 2279 2271
f 2287 2280 2279
f 2287 2288 2280
f 2288 2281 2280
f 2288 2289 2281
f 2289 2282 2281
f 2289 2290 2282
f 2290 2283 2282
f 2290 2291 2283
f 2291 2284 2283
f 2291 2292 2284
f 2292 2285 2284
f 2292 2293 2285
f 2293 2286 2285
f 2293 2294 2286
f 2294 2279 2286
f 2294 2287 2279
f 2295 2288 2287
f 2295 2296 2288
f 2296 2289 2288
f 2296 2297 2289
f 2297 2290 2289
f 2297 2298 2290
f 2298 2291 2290
f 2298 2299 2291
f 2299 2292 2291
f 2299 2300 2292
f 2300 2293 2292
f 2300 2301 2293
f 2301 2294 2293
f 2301 2302 2294
f 2302 2287 2294
f 2302 2295 2287
f 2303 2296 2295
f 2303 2304 2296
f 2304 2297 2296
f 2304 2305 2297
f 2305 2298 2297
f 2305 2306 2298
f 2306 2299 2298
f 2306 2307 2299
f 2307 2300 2299
f 2307 2308 2300
f 2308 2301 2300
f 2308 2309 2301
f 2309 2302 2301
f 2309 2310 2302
f 2310 2295 2302
f 2310 2303 2295
f 2311 2313 2314
f 2312 2346 2345
f 2311 2314 2315
f 2312 2347 2346
f 2311 2315 2316
f 2312 2348 2347
f 2311 2316 2317
f 2312 2349 2348
f 2311 2317 2318
f 2312 2350 2349
f 2311 2318 2319
f 2312 2351 2350
f 2311 2319 2320
f 2312 2352 2351
f 2311 2320 2313
f 2312 2345 2352
f 2321 2314 2313
f 2321 2322 2314
f 2322 2315 2314
f 2322 2323 2315
f 2323 2316 2315
f 2323 2324 2316
f 2324 2317 2316
f 2324 2325 2317
f 2325 2318 2317
f 2325 2326 2318
f 2326 2319 2318
f 2326 2327 2319
f 2327 2320 2319
f 2327 2328 2320
f 2328 2313 2320
f 2328 2321 2313
f 2329 2322 2321
f 2329 2330 2322
f 2330 2323 2322
f 2330 2331 2323
f 2331 2324 2323
f 2331 2332 2324
f 2332 2325 2324
f 2332 2333 2325
f 2333 2326 2325
f 2333 2334 2326
f 2334 2327 2326
f 2334 2335 2327
f 2335 2328 2327
f 2335 2336 2328
f 2336 2321 2328
f 2336 2329 2321
f 2337 2330 2329
f 2337 2338 2330
f 2338 2331 2330
f 2338 2339 2331
f 2339 2332 2331
f 2339 2340 2332
f 2340 2333 2332
f 2340 2341 2333
f 2341 2334 2333
f 2341 2342 2334
f 2342 2335 2334
f 2342 2343 2335
f 2343 2336 2335
f 2343 2344 2336
f 2344 2329 2336
f 2344 2337 2329
f 2345 2338 2337
f 2345 2346 2338
f 2346 2339 2338
f 2346 2347 2339
f 2347 2340 2339
f 2347 2348 2340
f 2348 2341 2340
f 2348 2349 2341
f 2349 2342 2341
f 2349 2350 2342
f 2350 2343 2342
f 2350 2351 2343
f 2351 2344 2343
f 2351 2352 2344
f 2352 2337 2344
f 2352 2345 2337
f 2353 2355 2356
f 2354 2388 2387
f 2353 2356 2357
f 2354 2389 2388
f 2353 2357 2358
f 2354 2390 2389
f 2353 2358 2359
f 2354 2391 2390
f 2353 2359 2360
f 2354 2392 2391
f 2353 2360 2361
f 2354 2393 2392
f 2353 2361 2362
f 2354 2394 2393
f 2353 2362 2355
f 2354 2387 2394
f 2363 2356 2355
f 2363 2364 2356
f 2364 2357 2356
f 2364 2365 2357
f 2365 2358 2357
f 2365 2366 2358
f 2366 2359 2358
f 2366 2367 2359
f 2367 2360 2359
f 2367 2368 2360
f 2368 2361 2360
f 2368 2369 2361
f 2369 2362 2361
f 2369 2370 2362
f 2370 2355 2362
f 2370 2363 2355
f 2371 2364 2363
f 2371 2372 2364
f 2372 2365 2364
f 2372 2373 2365
f 2373 2366 2365
f 2373 2374 2366
f 2374 2367 2366
f 2374 2375 2367
f 2375 2368 2367
f 2375 2376 2368
f 2376 2369 2368
f 2376 2377 2369
f 2377 2370 2369
f 2377 2378 2370
f 2378 2363 2370
f 2378 2371 2363
f 2379 2372 2371
f 2379 2380 2372
f 2380 2373 2372
f 2380 2381 2373
f 2381 2374 2373
f 2381 2382 2374
f 2382 2375 2374
f 2382 2383 2375
f 2383 2376 2375
f 2383 2384 2376
f 2384 2377 2376
f 2384 2385 2377
f 2385 2378 2377
f 2385 2386 2378
f 2386 2371 2378
f 2386 2379 2371
f 2387 2380 2379
f 2387 2388 2380
f 2388 2381 2380
f 2388 2389 2381
f 2389 2382 2381
f 2389 2390 2382
f 2390 2383 2382
f 2390 2391 2383
f 2391 2384 2383
f 2391 2392 2384
f 2392 2385 2384
f 2392 2393 2385
f 2393 2386 2385
f 2393 2394 2386
f 2394 2379 2386
f 2394 2387 2379
f 2395 2397 2398
f 2396 2430 2429
f 2395 2398 2399
f 2396 2431 2430
f 2395 2399 2400
f 2396 2432 2431
f 2395 2400 2401
f 2396 2433 2432
f 2395 2401 2402
f 2396 2434 2433
f 2395 2402 2403
f 2396 2435 2434
f 2395 2403 2404
f 2396 2436 2435
f 2395 2404 2397
f 2396 2429 2436
f 2405 2398 2397
f 2405 2406 2398
f 2406 2399 2398
f 2406 2407 2399
f 2407 2400 2399
f 2407 2408 2400
f 2408 2401 2400
f 2408 2409 2401
f 2409 2402 2401
f 2409 2410 2402
f 2410 2403 2402
f 2410 2411 2403
f 2411 2404 2403
f 2411 2412 2404
f 2412 2397 2404
f 2412 2405 2397
f 2413 2406 2405
f 2413 2414 2406
f 2414 2407 2406
f 2414 2415 2407
f 2415 2408 2407
f 2415 2416 2408
f 2416 2409 2408
f 2416 2417 2409
f 2417 2410 2409
f 2417 2418 2410
f 2418 2411 2410
f 2418 2419 2411
f 2419 2412 2411
f 2419 2420 2412
f 2420 2405 2412
f 2420 2413 2405
f 2421 2414 2413
f 2421 2422 2414
f 2422 2415 2414
f 2422 2423 2415
f 2423 2416 2415
f 2423 2424 2416
f 2424 2417 2416
f 2424 2425 2417
f 2425 2418 2417
f 2425 2426 2418
f 2426 2419 2418
f 2426 2427 2419
f 2427 2420 2419
f 2427 2428 2420
f 2428 2413 2420
f 2428 2421 2413
f 2429 2422 2421
f 2429 2430 2422
f 2430 2423 2422
f 2430 2431 2423
f 2431 2424 2423
f 2431 2432 2424
f 2432 2425 2424
f 2432 2433 2425
f 2433 2426 2425
f 2433 2434 2426
f 2434 2427 2426
f 2434 2435 2427
f 2435 2428 2427
f 2435 2436 2428
f 2436 2421 2428
f 2436 2429 2421
f 2437 2439 2440
f 2438 2472 2471
f 2437 2440 2441
f 2438 2473 2472
f 2437 2441 2442
f 2438 2474 2473
f 2437 2442 2443
f 2438 2475 2474
f 2437 2443 2444
f 2438 2476 2475
f 2437 2444 2445
f 2438 2477 2476
f 2437 2445 2446
f 2438 2478 2477
f 2437 2446 2439
f 2438 2471 2478
f 2447 2440 2439
f 2447 2448 2440
f 2448 2441 2440
f 2448 2449 2441
f 2449 2442 2441
f 2449 2450 2442
f 2450 2443 2442
f 2450 2451 2443
f 2451 2444 2443
f 2451 2452 2444
f 2452 2445 2444
f 2452 2453 2445
f 2453 2446 2445
f 2453 2454 2446
f 2454 2439 2446
f 2454 2447 2439
f 2455 2448 2447
f 2455 2456 2448
f 2456 2449 2448
f 2456 2457 2449
f 2457 2450 2449
f 2457 2458 2450
f 2458 2451 2450
f 2458 2459 2451
f 2459 2452 2451
f 2459 2460 2452
f 2460 2453 2452
f 2460 2461 2453
f 2461 2454 2453
f 2461 2462 2454
f 2462 2447 2454
f 2462 2455 2447
f 2463 2456 2455
f 2463 2464 2456
f 2464 2457 2456
f 2464 2465 2457
f 2465 2458 2457
f 2465 2466 2458
f 2466 2459 2458
f 2466 2467 2459
f 2467 2460 2459
f 2467 2468 2460
f 2468 2461 2460
f 2468 2469 2461
f 2469 2462 2461
f 2469 2470 2462
f 2470 2455 2462
f 2470 2463 2455
f 2471 2464 2463
f 2471 2472 2464
f 2472 2465 2464
f 2472 2473 2465
f 2473 2466 2465
f 2473 2474 2466
f 2474 2467 2466
f 2474 2475 2467
f 2475 2468 2467
f 2475 2476 2468
f 2476 2469 2468
f 2476 2477 2469
f 2477 2470 2469
f 2477 2478 2470
f 2478 2463 2470
f 2478 2471 2463
f 2479 2481 2482
f 2480 2514 2513
f 2479 2482 2483
f 2480 2515 2514
f 2479 2483 2484
f 2480 2516 2515
f 2479 2484 2485
f 2480 2517 2516
f 2479 2485 2486
f 2480 2518 2517
f 2479 2486 2487
f 2480 2519 2518
f 2479 2487 2488
f 2480 2520 2519
f 2479 2488 2481
f 2480 2513 2520
f 2489 2482 2481
f 2489 2490 2482
f 2490 2483 2482
f 2490 2491 2483
f 2491 2484 2483
f 2491 2492 2484
f 2492 2485 2484
f 2492 2493 2485
f 2493 2486 2485
f 2493 2494 2486
f 2494 2487 2486
f 2494 2495 2487
f 2495 2488 2487
f 2495 2496 2488
f 2496 2481 2488
f 2496 2489 2481
f 2497 2490 2489
f 2497 2498 2490
f 2498 2491 2490
f 2498 2499 2491
f 2499 2492 2491
f 2499 2500 2492
f 2500 2493 2492
f 2500 2501 2493
f 2501 2494 2493
f 2501 2502 2494
f 2502 2495 2494
f 2502 2503 2495
f 2503 2496 2495
f 2503 2504 2496
f 2504 2489 2496
f 2504 2497 2489
f 2505 2498 2497
f 2505 2506 2498
f 2506 2499 2498
f 2506 2507 2499
f 2507 2500 2499
f 2507 2508 2500
f 2508 2501 2500
f 2508 2509 2501
f 2509 2502 2501
f 2509 2510 2502
f 2510 2503 2502
f 2510 2511 2503
f 2511 2504 2503
f 2511 2512 2504
f 2512 2497 2504
f 2512 2505 2497
f 2513 2506 2505
f 2513 2514 2506
f 2514 2507 2506
f 2514 2515 2507
f 2515 2508 2507
f 2515 2516 2508
f 2516 2509 2508
f 2516 2517 2509
f 2517 2510 2509
f 2517 2518 2510
f 2518 2511 2510
f 2518 2519 2511
f 2519 2512 2511
f 2519 2520 2512
f 2520 2505 2512
f 2520 2513 2505
f 2521 2523 2524
f 2522 2556 2555
f 2521 2524 2525
f 2522 2557 2556
f 2521 2525 2526
f 2522 2558 2557
f 2521 2526 2527
f 2522 2559 2558
f 2521 2527 2528
f 2522 2560 2559
f 2521 2528 2529
f 2522 2561 2560
f 2521 2529 2530
f 2522 2562 2561
f 2521 2530 2523
f 2522 2555 2562
f 2531 2524 2523
f 2531 2532 2524
f 2532 2525 2524
f 2532 2533 2525
f 2533 2526 2525
f 2533 2534 2526
f 2534 2527 2526
f 2534 2535 2527
f 2535 2528 2527
f 2535 2536 2528
f 2536 2529 2528
f 2536 2537 2529
f 2537 2530 2529
f 2537 2538 2530
f 2538 2523 2530
f 2538 2531 2523
f 2539 2532 2531
f 2539 2540 2532
f 2540 2533 2532
f 2540 2541 2533
f 2541 2534 2533
f 2541 2542 2534
f 2542 2535 2534
f 2542 2543 2535
f 2543 2536 2535
f 2543 2544 2536
f 2544 2537 2536
f 2544 2545 2537
f 2545 2538 2537
f 2545 2546 2538
f 2546 2531 2538
f 2546 2539 2531
f 2547 2540 2539
f 2547 2548 2540
f 2548 2541 2540
f 2548 2549 2541
f 2549 2542 2541
f 2549 2550 2542
f 2550 2543 2542
f 2550 2551 2543
f 2551 2544 2543
f 2551 2552 2544
f 2552 2545 2544
f 2552 2553 2545
f 2553 2546 2545
f 2553 2554 2546
f 2554 2539 2546
f 2554 2547 2539
f 2555 2548 2547
f 2555 2556 2548
f 2556 2549 2548
f 2556 2557 2549
f 2557 2550 2549
f 2557 2558 2550
f 2558 2551 2550
f 2558 2559 2551
f 2559 2552 2551
f 2559 2560 2552
f 2560 2553 2552
f 2560 2561 2553
f 2561 2554 2553
f 2561 2562 2554
f 2562 2547 2554
f 2562 2555 2547
f 2563 2565 2566
f 2564 2598 2597
f 2563 2566 2567
f 2564 2599 2598
f 2563 2567 2568
f 2564 2600 2599
f 2563 2568 2569
f 2564 2601 2600
f 2563 2569 2570
f 2564 2602 2601
f 2563 2570 2571
f 2564 2603 2602
f 2563 2571 2572
f 2564 2604 2603
f 2563 2572 2565
f 2564 2597 2604
f 2573 2566 2565
f 2573 2574 2566
f 2574 2567 2566
f 2574 2575 2567
f 2575 2568 2567
f 2575 2576 2568
f 2576 2569 2568
f 2576 2577 2569
f 2577 2570 2569
f 2577 2578 2570
f 2578 2571 2570
f 2578 2579 2571
f 2579 2572 2571
f 2579 2580 2572
f 2580 2565 2572
f 2580 2573 2565
f 2581 2574 2573
f 2581 2582 2574
f 2582 2575 2574
f 2582 2583 2575
f 2583 2576 2575
f 2583 2584 2576
f 2584 2577 2576
f 2584 2585 2577
f 2585 2578 2577
f 2585 2586 2578
f 2586 2579 2578
f 2586 2587 2579
f 2587 2580 2579
f 2587 2588 2580
f 2588 2573 2580
f 2588 2581 2573
f 2589 2582 2581
f 2589 2590 2582
f 2590 2583 2582
f 2590 2591 2583
f 2591 2584 2583
f 2591 2592 2584
f 2592 2585 2584
f 2592 2593 2585
f 2593 2586 2585
f 2593 2594 2586
f 2594 2587 2586
f 2594 2595 2587
f 2595 2588 2587
f 2595 2596 2588
f 2596 2581 2588
f 2596 2589 2581
f 2597 2590 2589
f 2597 2598 2590
f 2598 2591 2590
f 2598 2599 2591
f 2599 2592 2591
f 2599 2600 2592
f 2600 2593 2592
f 2600 2601 2593
f 2601 2594 2593
f 2601 2602 2594
f 2602 2595 2594
f 2602 2603 2595
f 2603 2596 2595
f 2603 2604 2596
f 2604 2589 2596
f 2604 2597 2589
f 2605 2607 2608
f 2606 2640 2639
f 2605 2608 2609
f 2606 2641 2640
f 2605 2609 2610
f 2606 2642 2641
f 2605 2610 2611
f 2606 2643 2642
f 2605 2611 2612
f 2606 2644 2643
f 2605 2612 2613
f 2606 2645 2644
f 2605 2613 2614
f 2606 2646 2645
f 2605 2614 2607
f 2606 2639 2646
f 2615 2608 2607
f 2615 2616 2608
f 2616 2609 2608
f 2616 2617 2609
f 2617 2610 2609
f 2617 2618 2610
f 2618 2611 2610
f 2618 2619 2611
f 2619 2612 2611
f 2619 2620 2612
f 2620 2613 2612
f 2620 2621 2613
f 2621 2614 2613
f 2621 2622 2614
f 2622 2607 2614
f 2622 2615 2607
f 2623 2616 2615
f 2623 2624 2616
f 2624 2617 2616
f 2624 2625 2617
f 2625 2618 2617
f 2625 2626 2618
f 2626 2619 2618
f 2626 2627 2619
f 2627 2620 2619
f 2627 2628 2620
f 2628 2621 2620
f 2628 2629 2621
f 2629 2622 2621
f 2629 2630 2622
f 2630 2615 2622
f 2630 2623 2615
f 2631 2624 2623
f 2631 2632 2624
f 2632 2625 2624
f 2632 2633 2625
f 2633 2626 2625
f 2633 2634 2626
f 2634 2627 2626
f 2634 2635 2627
f 2635 2628 2627
f 2635 2636 2628
f 2636 2629 2628
f 2636 2637 2629
f 2637 2630 2629
f 2637 2638 2630
f 2638 2623 2630
f 2638 2631 2623
f 2639 2632 2631
f 2639 2640 2632
f 2640 2633 2632
f 2640 2641 2633
f 2641 2634 2633
f 2641 2642 2634
f 2642 2635 2634
f 2642 2643 2635
f 2643 2636 2635
f 2643 2644 2636
f 2644 2637 2636
f 2644 2645 2637
f 2645 2638 2637
f 2645 2646 2638
f 2646 2631 2638
f 2646 2639 2631
f 2647 2649 2650
f 2648 2682 2681
f 2647 2650 2651
f 2648 2683 2682
f 2647 2651 2652
f 2648 2684 2683
f 2647 2652 2653
f 2648 2685 2684
f 2647 2653 2654
f 2648 2686 2685
f 2647 2654 2655
f 2648 2687 2686
f 2647 2655 2656
f 2648 2688 2687
f 2647 2656 2649
f 2648 2681 2688
f 2657 2650 2649
f 2657 2658 2650
f 2658 2651 2650
f 2658 2659 2651
f 2659 2652 2651
f 2659 2660 2652
f 2660 2653 2652
f 2660 2661 2653
f 2661 2654 2653
f 2661 2662 2654
f 2662 2655 2654
f 2662 2663 2655
f 2663 2656 2655
f 2663 2664 2656
f 2664 2649 2656
f 2664 2657 2649
f 2665 2658 2657
f 2665 2666 2658
f 2666 2659 2658
f 2666 2667 2659
f 2667 2660 2659
f 2667 2668 2660
f 2668 2661 2660
f 2668 2669 2661
f 2669 2662 2661
f 2669 2670 2662
f 2670 2663 2662
f 2670 2671 2663
f 2671 2664 2663
f 2671 2672 2664
f 2672 2657 2664
f 2672 2665 2657
f 2673 2666 2665
f 2673 2674 2666
f 2674 2667 2666
f 2674 2675 2667
f 2675 2668 2667
f 2675 2676 2668
f 2676 2669 2668
f 2676 2677 2669
f 2677 2670 2669
f 2677 2678 2670
f 2678 2671 2670
f 2678 2679 2671
f 2679 2672 2671
f 2679 2680 2672
f 2680 2665 2672
f 2680 2673 2665
f 2681 2674 2673
f 2681 2682 2674
f 2682 2675 2674
f 2682 2683 2675
f 2683 2676 2675
f 2683 2684 2676
f 2684 2677 2676
f 2684 2685 2677
f 2685 2678 2677
f 2685 2686 2678
f 2686 2679 2678
f 2686 2687 2679
f 2687 2680 2679
f 2687 2688 2680
f 2688 2673 2680
f 2688 2681 2673
f 2689 2691 2692
f 2690 2724 2723
f 2689 2692 2693
f 2690 2725 2724
f 2689 2693 2694
f 2690 2726 2725
f 2689 2694 2695
f 2690 2727 2726
f 2689 2695 2696
f 2690 2728 2727
f 2689 2696 2697
f 2690 2729 2728
f 2689 2697 2698
f 2690 2730 2729
f 2689 2698 2691
f 2690 2723 2730
f 2699 2692 2691
f 2699 2700 2692
f 2700 2693 2692
f 2700 2701 2693
f 2701 2694 2693
f 2701 2702 2694
f 2702 2695 2694
f 2702 2703 2695
f 2703 2696 2695
f 2703 2704 2696
f 2704 2697 2696
f 2704 2705 2697
f 2705 2698 2697
f 2705 2706 2698
f 2706 2691 2698
f 2706 2699 2691
f 2707 2700 2699
f 2707 2708 2700
f 2708 2701 2700
f 2708 2709 2701
f 2709 2702 2701
f 2709 2710 2702
f 2710 2703 2702
f 2710 2711 2703
f 2711 2704 2703
f 2711 2712 2704
f 2712 2705 2704
f 2712 2713 2705
f 2713 2706 2705
f 2713 2714 2706
f 2714 2699 2706
f 2714 2707 2699
f 2715 2708 2707
f 2715 2716 2708
f 2716 2709 2708
f 2716 2717 2709
f 2717 2710 2709
f 2717 2718 2710
f 2718 2711 2710
f 2718 2719 2711
f 2719 2712 2711
f 2719 2720 2712
f 2720 2713 2712
f 2720 2721 2713
f 2721 2714 2713
f 2721 2722 2714
f 2722 2707 2714
f 2722 2715 2707
f 2723 2716 2715
f 2723 2724 2716
f 2724 2717 2716
f 2724 2725 2717
f 2725 2718 2717
f 2725 2726 2718
f 2726 2719 2718
f 2726 2727 2719
f 2727 2720 2719
f 2727 2728 2720
f 2728 2721 2720
f 2728 2729 2721
f 2729 2722 2721
f 2729 2730 2722
f 2730 2715 2722
f 2730 2723 2715
f 2731 2733 2734
f 2732 2766 2765
f 2731 2734 2735
f 2732 2767 2766
f 2731 2735 2736
f 2732 2768 2767
f 2731 2736 2737
f 2732 2769 2768
f 2731 2737 2738
f 2732 2770 2769
f 2731 2738 2739
f 2732 2771 2770
f 2731 2739 2740
f 2732 2772 2771
f 2731 2740 2733
f 2732 2765 2772
f 2741 2734 2733
f 2741 2742 2734
f 2742 2735 2734
f 2742 2743 2735
f 2743 2736 2735
f 2743 2744 2736
f 2744 2737 2736
f 2744 2745 2737
f 2745 2738 2737
f 2745 2746 2738
f 2746 2739 2738
f 2746 2747 2739
f 2747 2740 2739
f 2747 2748 2740
f 2748 2733 2740
f 2748 2741 2733
f 2749 2742 2741
f 2749 2750 2742
f 2750 2743 2742
f 2750 2751 2743
f 2751 2744 2743
f 2751 2752 2744
f 2752 2745 2744
f 2752 2753 2745
f 2753 2746 2745
f 2753 2754 2746
f 2754 2747 2746
f 2754 2755 2747
f 2755 2748 2747
f 2755 2756 2748
f 2756 2741 2748
f 2756 2749 2741
f 2757 2750 2749
f 2757 2758 2750
f 2758 2751 2750
f 2758 2759 2751
f 2759 2752 2751
f 2759 2760 2752
f 2760 2753 2752
f 2760 2761 2753
f 2761 2754 2753
f 2761 2762 2754
f 2762 2755 2754
f 2762 2763 2755
f 2763 2756 2755
f 2763 2764 2756
f 2764 2749 2756
f 2764 2757 2749
f 2765 2758 2757
f 2765 2766 2758
f 2766 2759 2758
f 2766 2767 2759
f 2767 2760 2759
f 2767 2768 2760
f 2768 2761 2760
f 2768 2769 2761
f 2769 2762 2761
f 2769 2770 2762
f 2770 2763 2762
f 2770 2771 2763
f 2771 2764 2763
f 2771 2772 2764
f 2772 2757 2764
f 2772 2765 2757
f 2773 2775 2776
f 2774 2808 2807
f 2773 2776 2777
f 2774 2809 2808
f 2773 2777 2778
f 2774 2810 2809
f 2773 2778 2779
f 2774 2811 2810
f 2773 2779 2780
f 2774 2812 2811
f 2773 2780 2781
f 2774 2813 2812
f 2773 2781 2782
f 2774 2814 2813
f 2773 2782 2775
f 2774 2807 2814
f 2783 2776 2775
f 2783 2784 2776
f 2784 2777 2776
f 2784 2785 2777
f 2785 2778 2777
f 2785 2786 2778
f 2786 2779 2778
f 2786 2787 2779
f 2787 2780 2779
f 2787 2788 2780
f 2788 2781 2780
f 2788 2789 2781
f 2789 2782 2781
f 2789 2790 2782
f 2790 2775 2782
f 2790 2783 2775
f 2791 2784 2783
f 2791 2792 2784
f 2792 2785 2784
f 2792 2793 2785
f 2793 2786 2785
f 2793 2794 2786
f 2794 2787 2786
f 2794 2795 2787
f 2795 2788 2787
f 2795 2796 2788
f 2796 2789 2788
f 2796 2797 2789
f 2797 2790 2789
f 2797 2798 2790
f 2798 2783 2790
f 2798 2791 2783
f 2799 2792 2791
f 2799 2800 2792
f 2800 2793 2792
f 2800 2801 2793
f 2801 2794 2793
f 2801 2802 2794
f 2802 2795 2794
f 2802 2803 2795
f 2803 2796 2795
f 2803 2804 2796
f 2804 2797 2796
f 2804 2805 2797
f 2805 2798 2797
f 2805 2806 2798
f 2806 2791 2798
f 2806 2799 2791
f 2807 2800 2799
f 2807 2808 2800
f 2808 2801 2800
f 2808 2809 2801
f 2809 2802 2801
f 2809 2810 2802
f 2810 2803 2802
f 2810 2811 2803
f 2811 2804 2803
f 2811 2812 2804
f 2812 2805 2804
f 2812 2813 2805
f 2813 2806 2805
f 2813 2814 2806
f 2814 2799 2806
f 2814 2807 2799
f 2815 2817 2818
f 2816 2850 2849
f 2815 2818 2819
f 2816 2851 2850
f 2815 2819 2820
f 2816 2852 2851
f 2815 2820 2821
f 2816 2853 2852
f 2815 2821 2822
f 2816 2854 2853
f 2815 2822 2823
f 2816 2855 2854
f 2815 2823 2824
f 2816 2856 2855
f 2815 2824 2817
f 2816 2849 2856
f 2825 2818 2817
f 2825 2826 2818
f 2826 2819 2818
f 2826 2827 2819
f 2827 2820 2819
f 2827 2828 2820
f 2828 2821 2820
f 2828 2829 2821
f 2829 2822 2821
f 2829 2830 2822
f 2830 2823 2822
f 2830 2831 2823
f 2831 2824 2823
f 2831 2832 2824
f 2832 2817 2824
f 2832 2825 2817
f 2833 2826 2825
f 2833 2834 2826
f 2834 2827 2826
f 2834 2835 2827
f 2835 2828 2827
f 2835 2836 2828
f 2836 2829 2828
f 2836 2837 2829
f 2837 2830 2829
f 2837 2838 2830
f 2838 2831 2830
f 2838 2839 2831
f 2839 2832 2831
f 2839 2840 2832
f 2840 2825 2832
f 2840 2833 2825
f 2841 2834 2833
f 2841 2842 2834
f 2842 2835 2834
f 2842 2843 2835
f 2843 2836 2835
f 2843 2844 2836
f 2844 2837 2836
f 2844 2845 2837
f 2845 2838 2837
f 2845 2846 2838
f 2846 2839 2838
f 2846 2847 2839
f 2847 2840 2839
f 2847 2848 2840
f 2848 2833 2840
f 2848 2841 2833
f 2849 2842 2841
f 2849 2850 2842
f 2850 2843 2842
f 2850 2851 2843
f 2851 2844 2843
f 2851 2852 2844
f 2852 2845 2844
f 2852 2853 2845
f 2853 2846 2845
f 2853 2854 2846
f 2854 2847 2846
f 2854 2855 2847
f 2855 2848 2847
f 2855 2856 2848
f 2856 2841 2848
f 2856 2849 2841
f 2857 2859 2860
f 2858 2892 2891
f 2857 2860 2861
f 2858 2893 2892
f 2857 2861 2862
f 2858 2894 2893
f 2857 2862 2863
f 2858 2895 2894
f 2857 2863 2864
f 2858 2896 2895
f 2857 2864 2865
f 2858 2897 2896
f 2857 2865 2866
f 2858 2898 2897
f 2857 2866 2859
f 2858 2891 2898
f 2867 2860 2859
f 2867 2868 2860
f 2868 2861 2860
f 2868 2869 2861
f 2869 2862 2861
f 2869 2870 2862
f 2870 2863 2862
f 2870 2871 2863
f 2871 2864 2863
f 2871 2872 2864
f 2872 2865 2864
f 2872 2873 2865
f 2873 2866 2865
f 2873 2874 2866
f 2874 2859 2866
f 2874 2867 2859
f 2875 2868 2867
f 2875 2876 2868
f 2876 2869 2868
f 2876 2877 2869
f 2877 2870 2869
f 2877 2878 2870
f 2878 2871 2870
f 2878 2879 2871
f 2879 2872 2871
f 2879 2880 2872
f 2880 2873 2872
f 2880 2881 2873
f 2881 2874 2873
f 2881 2882 2874
f 2882 2867 2874
f 2882 2875 2867
f 2883 2876 2875
f 2883 2884 2876
f 2884 2877 2876
f 2884 2885 2877
f 2885 2878 2877
f 2885 2886 2878
f 2886 2879 2878
f 2886 2887 2879
f 2887 2880 2879
f 2887 2888 2880
f 2888 2881 2880
f 2888 2889 2881
f 2889 2882 2881
f 2889 2890 2882
f 2890 2875 2882
f 2890 2883 2875
f 2891 2884 2883
f 2891 2892 2884
f 2892 2885 2884
f 2892 2893 2885
f 2893 2886 2885
f 2893 2894 2886
f 2894 2887 2886
f 2894 2895 2887
f 2895 2888 2887
f 2895 2896 2888
f 2896 2889 2888
f 2896 2897 2889
f 2897 2890 2889
f 2897 2898 2890
f 2898 2883 2890
f 2898 2891 2883
f 2899 2901 2902
f 2900 2934 2933
f 2899 2902 2903
f 2900 2935 2934
f 2899 2903 2904
f 2900 2936 2935
f 2899 2904 2905
f 2900 2937 2936
f 2899 2905 2906
f 2900 2938 2937
f 2899 2906 2907
f 2900 2939 2938
f 2899 2907 2908
f 2900 2940 2939
f 2899 2908 2901
f 2900 2933 2940
f 2909 2902 2901
f 2909 2910 2902
f 2910 2903 2902
f 2910 2911 2903
f 2911 2904 2903
f 2911 2912 2904
f 2912 2905 2904
f 2912 2913 2905
f 2913 2906 2905
f 2913 2914 2906
f 2914 2907 2906
f 2914 2915 2907
f 2915 2908 2907
f 2915 2916 2908
f 2916 2901 2908
f 2916 2909 2901
f 2917 2910 2909
f 2917 2918 2910
f 2918 2911 2910
f 2918 2919 2911
f 2919 2912 2911
f 2919 2920 2912
f 2920 2913 2912
f 2920 2921 2913
f 2921 2914 2913
f 2921 2922 2914
f 2922 2915 2914
f 2922 2923 2915
f 2923 2916 2915
f 2923 2924 2916
f 2924 2909 2916
f 2924 2917 2909
f 2925 2918 2917
f 2925 2926 2918
f 2926 2919 2918
f 2926 2927 2919
f 2927 2920 2919
f 2927 2928 2920
f 2928 2921 2920
f 2928 2929 2921
f 2929 2922 2921
f 2929 2930 2922
f 2930 2923 2922
f 2930 2931 2923
f 2931 2924 2923
f 2931 2932 2924
f 2932 2917 2924
f 2932 2925 2917
f 2933 2926 2925
f 2933 2934 2926
f 2934 2927 2926
f 2934 2935 2927
f 2935 2928 2927
f 2935 2936 2928
f 2936 2929 2928
f 2936 2937 2929
f 2937 2930 2929
f 2937 2938 2930
f 2938 2931 2930
f 2938 2939 2931
f 2939 2932 2931
f 2939 2940 2932
f 2940 2925 2932
f 2940 2933 2925
f 2941 2943 2944
f 2942 2976 2975
f 2941 2944 2945
f 2942 2977 2976
f 2941 2945 2946
f 2942 2978 2977
f 2941 2946 2947
f 2942 2979 2978
f 2941 2947 2948
f 2942 2980 2979
f 2941 2948 2949
f 2942 2981 2980
f 2941 2949 2950
f 2942 2982 2981
f 2941 2950 2943
f 2942 2975 2982
f 2951 2944 2943
f 2951 2952 2944
f 2952 2945 2944
f 2952 2953 2945
f 2953 2946 2945
f 2953 2954 2946
f 2954 2947 2946
f 2954 2955 2947
f 2955 2948 2947
f 2955 2956 2948
f 2956 2949 2948
f 2956 2957 2949
f 2957 2950 2949
f 2957 2958 2950
f 2958 2943 2950
f 2958 2951 2943
f 2959 2952 2951
f 2959 2960 2952
f 2960 2953 2952
f 2960 2961 2953
f 2961 2954 2953
f 2961 2962 2954
f 2962 2955 2954
f 2962 2963 2955
f 2963 2956 2955
f 2963 2964 2956
f 2964 2957 2956
f 2964 2965 2957
f 2965 2958 2957
f 2965 2966 2958
f 2966 2951 2958
f 2966 2959 2951
f 2967 2960 2959
f 2967 2968 2960
f 2968 2961 2960
f 2968 2969 2961
f 2969 2962 2961
f 2969 2970 2962
f 2970 2963 2962
f 2970 2971 2963
f 2971 2964 2963
f 2971 2972 2964
f 2972 2965 2964
f 2972 2973 2965
f 2973 2966 2965
f 2973 2974 2966
f 2974 2959 2966
f 2974 2967 2959
f 2975 2968 2967
f 2975 2976 2968
f 2976 2969 2968
f 2976 2977 2969
f 2977 2970 2969
f 2977 2978 2970
f 2978 2971 2970
f 2978 2979 2971
f 2979 2972 2971
f 2979 2980 2972
f 2980 2973 2972
f 2980 2981 2973
f 2981 2974 2973
f 2981 2982 2974
f 2982 2967 2974
f 2982 2975 2967
f 2983 2985 2986
f 2984 3018 3017
f 2983 2986 2987
f 2984 3019 3018
f 2983 2987 2988
f 2984 3020 3019
f 2983 2988 2989
f 2984 3021 3020
f 2983 2989 2990
f 2984 3022 3021
f 2983 2990 2991
f 2984 3023 3022
f 2983 2991 2992
f 2984 3024 3023
f 2983 2992 2985
f 2984 3017 3024
f 2993 2986 2985
f 2993 2994 2986
f 2994 2987 2986
f 2994 2995 2987
f 2995 2988 2987
f 2995 2996 2988
f 2996 2989 2988
f 2996 2997 2989
f 2997 2990 2989
f 2997 2998 2990
f 2998 2991 2990
f 2998 2999 2991
f 2999 2992 2991
f 2999 3000 2992
f 3000 2985 2992
f 3000 2993 2985
f 3001 2994 2993
f 3001 3002 2994
f 3002 2995 2994
f 3002 3003 2995
f 3003 2996 2995
f 3003 3004 2996
f 3004 2997 2996
f 3004 3005 2997
f 3005 2998 2997
f 3005 3006 2998
f 3006 2999 2998
f 3006 3007 2999
f 3007 3000 2999
f 3007 3008 3000
f 3008 2993 3000
f 3008 3001 2993
f 3009 3002 3001
f 3009 3010 3002
f 3010 3003 3002
f 3010 3011 3003
f 3011 3004 3003
f 3011 3012 3004
f 3012 3005 3004
f 3012 3013 3005
f 3013 3006 3005
f 3013 3014 3006
f 3014 3007 3006
f 3014 3015 3007
f 3015 3008 3007
f 3015 3016 3008
f 3016 3001 3008
f 3016 3009 3001
f 3017 3010 3009
f 3017 3018 3010
f 3018 3011 3010
f 3018 3019 3011
f 3019 3012 3011
f 3019 3020 3012
f 3020 3013 3012
f 3020 3021 3013
f 3021 3014 3013
f 3021 3022 3014
f 3022 3015 3014
f 3022 3023 3015
f 3023 3016 3015
f 3023 3024 3016
f 3024 3009 3016
f 3024 3017 3009
f 3025 3027 3028
f 3026 3060 3059
f 3025 3028 3029
f 3026 3061 3060
f 3025 3029 3030
f 3026 3062 3061
f 3025 3030 3031
f 3026 3063 3062
f 3025 3031 3032
f 3026 3064 3063
f 3025 3032 3033
f 3026 3065 3064
f 3025 3033 3034
f 3026 3066 3065
f 3025 3034 3027
f 3026 3059 3066
f 3035 3028 3027
f 3035 3036 3028
f 3036 3029 3028
f 3036 3037 3029
f 3037 3030 3029
f 3037 3038 3030
f 3038 3031 3030
f 3038 3039 3031
f 3039 3032 3031
f 3039 3040 3032
f 3040 3033 3032
f 3040 3041 3033
f 3041 3034 3033
f 3041 3042 3034
f 3042 3027 3034
f 3042 3035 3027
f 3043 3036 3035
f 3043 3044 3036
f 3044 3037 3036
f 3044 3045 3037
f 3045 3038 3037
f 3045 3046 3038
f 3046 3039 3038
f 3046 3047 3039
f 3047 3040 3039
f 3047 3048 3040
f 3048 3041 3040
f 3048 3049 3041
f 3049 3042 3041
f 3049 3050 3042
f 3050 3035 3042
f 3050 3043 3035
f 3051 3044 3043
f 3051 3052 3044
f 3052 3045 3044
f 3052 3053 3045
f 3053 3046 3045
f 3053 3054 3046
f 3054 3047 3046
f 3054 3055 3047
f 3055 3048 3047
f 3055 3056 3048
f 3056 3049 3048
f 3056 3057 3049
f 3057 3050 3049
f 3057 3058 3050
f 3058 3043 3050
f 3058 3051 3043
f 3059 3052 3051
f 3059 3060 3052
f 3060 3053 3052
f 3060 3061 3053
f 3061 3054 3053
f 3061 3062 3054
f 3062 3055 3054
f 3062 3063 3055
f 3063 3056 3055
f 3063 3064 3056
f 3064 3057 3056
f 3064 3065 3057
f 3065 3058 3057
f 3065 3066 3058
f 3066 3051 3058
f 3066 3059 3051
f 3067 3069 3070
f 3068 3102 3101
f 3067 3070 3071
f 3068 3103 3102
f 3067 3071 3072
f 3068 3104 3103
f 3067 3072 3073
f 3068 3105 3104
f 3067 3073 3074
f 3068 3106 3105
f 3067 3074 3075
f 3068 3107 3106
f 3067 3075 3076
f 3068 3108 3107
f 3067 3076 3069
f 3068 3101 3108
f 3077 3070 3069
f 3077 3078 3070
f 3078 3071 3070
f 3078 3079 3071
f 3079 3072 3071
f 3079 3080 3072
f 3080 3073 3072
f 3080 3081 3073
f 3081 3074 3073
f 3081 3082 3074
f 3082 3075 3074
f 3082 3083 3075
f 3083 3076 3075
f 3083 3084 3076
f 3084 3069 3076
f 3084 3077 3069
f 3085 3078 3077
f 3085 3086 3078
f 3086 3079 3078
f 3086 3087 3079
f 3087 3080 3079
f 3087 3088 3080
f 3088 3081 3080
f 3088 3089 3081
f 3089 3082 3081
f 3089 3090 3082
f 3090 3083 3082
f 3090 3091 3083
f 3091 3084 3083
f 3091 3092 3084
f 3092 3077 3084
f 3092 3085 3077
f 3093 3086 3085
f 3093 3094 3086
f 3094 3087 3086
f 3094 3095 3087
f 3095 3088 3087
f 3095 3096 3088
f 3096 3089 3088
f 3096 3097 3089
f 3097 3090 3089
f 3097 3098 3090
f 3098 3091 3090
f 3098 3099 3091
f 3099 3092 3091
f 3099 3100 3092
f 3100 3085 3092
f 3100 3093 3085
f 3101 3094 3093
f 3101 3102 3094
f 3102 3095 3094
f 3102 3103 3095
f 3103 3096 3095
f 3103 3104 3096
f 3104 3097 3096
f 3104 3105 3097
f 3105 3098 3097
f 3105 3106 3098
f 3106 3099 3098
f 3106 3107 3099
f 3107 3100 3099
f 3107 3108 3100
f 3108 3093 3100
f 3108 3101 3093
f 3109 3111 3112
f 3110 3144 3143
f 3109 3112 3113
f 3110 3145 3144
f 3109 3113 3114
f 3110 3146 3145
f 3109 3114 3115
f 3110 3147 3146
f 3109 3115 3116
f 3110 3148 3147
f 3109 3116 3117
f 3110 3149 3148
f 3109 3117 3118
f 3110 3150 3149
f 3109 3118 3111
f 3110 3143 3150
f 3119 3112 3111
f 3119 3120 3112
f 3120 3113 3112
f 3120 3121 3113
f 3121 3114 3113
f 3121 3122 3114
f 3122 3115 3114
f 3122 3123 3115
f 3123 3116 3115
f 3123 3124 3116
f 3124 3117 3116
f 3124 3125 3117
f 3125 3118 3117
f 3125 3126 3118
f 3126 3111 3118
f 3126 3119 3111
f 3127 3120 3119
f 3127 3128 3120
f 3128 3121 3120
f 3128 3129 3121
f 3129 3122 3121
f 3129 3130 3122
f 3130 3123 3122
f 3130 3131 3123
f 3131 3124 3123
f 3131 3132 3124
f 3132 3125 3124
f 3132 3133 3125
f 3133 3126 3125
f 3133 3134 3126
f 3134 3119 3126
f 3134 3127 3119
f 3135 3128 3127
f 3135 3136 3128
f 3136 3129 3128
f 3136 3137 3129
f 3137 3130 3129
f 3137 3138 3130
f 3138 3131 3130
f 3138 3139 3131
f 3139 3132 3131
f 3139 3140 3132
f 3140 3133 3132
f 3140 3141 3133
f 3141 3134 3133
f 3141 3142 3134
f 3142 3127 3134
f 3142 3135 3127
f 3143 3136 3135
f 3143 3144 3136
f 3144 3137 3136
f 3144 3145 3137
f 3145 3138 3137
f 3145 3146 3138
f 3146 3139 3138
f 3146 3147 3139
f 3147 3140 3139
f 3147 3148 3140
f 3148 3141 3140
f 3148 3149 3141
f 3149 3142 3141
f 3149 3150 3142
f 3150 3135 3142
f 3150 3143 3135
f 3151 3153 3154
f 3152 3186 3185
f 3151 3154 3155
f 3152 3187 3186
f 3151 3155 3156
f 3152 3188 3187
f 3151 3156 3157
f 3152 3189 3188
f 3151 3157 3158
f 3152 3190 3189
f 3151 3158 3159
f 3152 3191 3190
f 3151 3159 3160
f 3152 3192 3191
f 3151 3160 3153
f 3152 3185 3192
f 3161 3154 3153
f 3161 3162 3154
f 3162 3155 3154
f 3162 3163 3155
f 3163 3156 3155
f 3163 3164 3156
f 3164 3157 3156
f 3164 3165 3157
f 3165 3158 3157
f 3165 3166 3158
f 3166 3159 3158
f 3166 3167 3159
f 3167 3160 3159
f 3167 3168 3160
f 3168 3153 3160
f 3168 3161 3153
f 3169 3162 3161
f 3169 3170 3162
f 3170 3163 3162
f 3170 3171 3163
f 3171 3164 3163
f 3171 3172 3164
f 3172 3165 3164
f 3172 3173 3165
f 3173 3166 3165
f 3173 3174 3166
f 3174 3167 3166
f 3174 3175 3167
f 3175 3168 3167
f 3175 3176 3168
f 3176 3161 3168
f 3176 3169 3161
f 3177 3170 3169
f 3177 3178 3170
f 3178 3171 3170
f 3178 3179 3171
f 3179 3172 3171
f 3179 3180 3172
f 3180 3173 3172
f 3180 3181 3173
f 3181 3174 3173
f 3181 3182 3174
f 3182 3175 3174
f 3182 3183 3175
f 3183 3176 3175
f 3183 3184 3176
f 3184 3169 3176
f 3184 3177 3169
f 3185 3178 3177
f 3185 3186 3178
f 3186 3179 3178
f 3186 3187 3179
f 3187 3180 3179
f 3187 3188 3180
f 3188 3181 3180
f 3188 3189 3181
f 3189 3182 3181
f 3189 3190 3182
f 3190 3183 3182
f 3190 3191 3183
f 3191 3184 3183
f 3191 3192 3184
f 3192 3177 3184
f 3192 3185 3177
f 3193 3195 3196
f 3194 3228 3227
f 3193 3196 3197
f 3194 3229 3228
f 3193 3197 3198
f 3194 3230 3229
f 3193 3198 3199
f 3194 3231 3230
f 3193 3199 3200
f 3194 3232 3231
f 3193 3200 3201
f 3194 3233 3232
f 3193 3201 3202
f 3194 3234 3233
f 3193 3202 3195
f 3194 3227 3234
f 3203 3196 3195
f 3203 3204 3196
f 3204 3197 3196
f 3204 3205 3197
f 3205 3198 3197
f 3205 3206 3198
f 3206 3199 3198
f 3206 3207 3199
f 3207 3200 3199
f 3207 3208 3200
f 3208 3201 3200
f 3208 3209 3201
f 3209 3202 3201
f 3209 3210 3202
f 3210 3195 3202
f 3210 3203 3195
f 3211 3204 3203
f 3211 3212 3204
f 3212 3205 3204
f 3212 3213 3205
f 3213 3206 3205
f 3213 3214 3206
f 3214 3207 3206
f 3214 3215 3207
f 3215 3208 3207
f 3215 3216 3208
f 3216 3209 3208
f 3216 3217 3209
f 3217 3210 3209
f 3217 3218 3210
f 3218 3203 3210
f 3218 3211 3203
f 3219 3212 3211
f 3219 3220 3212
f 3220 3213 3212
f 3220 3221 3213
f 3221 3214 3213
f 3221 3222 3214
f 3222 3215 3214
f 3222 3223 3215
f 3223 3216 3215
f 3223 3224 3216
f 3224 3217 3216
f 3224 3225 3217
f 3225 3218 3217
f 3225 3226 3218
f 3226 3211 3218
f 3226 3219 3211
f 3227 3220 3219
f 3227 3228 3220
f 3228 3221 3220
f 3228 3229 3221
f 3229 3222 3221
f 3229 3230 3222
f 3230 3223 3222
f 3230 3231 3223
f 3231 3224 3223
f 3231 3232 3224
f 3232 3225 3224
f 3232 3233 3225
f 3233 3226 3225
f 3233 3234 3226
f 3234 3219 3226
f 3234 3227 3219
f 3235 3237 3238
f 3236 3270 3269
f 3235 3238 3239
f 3236 3271 3270
f 3235 3239 3240
f 3236 3272 3271
f 3235 3240 3241
f 3236 3273 3272
f 3235 3241 3242
f 3236 3274 3273
f 3235 3242 3243
f 3236 3275 3274
f 3235 3243 3244
f 3236 3276 3275
f 3235 3244 3237
f 3236 3269 3276
f 3245 3238 3237
f 3245 3246 3238
f 3246 3239 3238
f 3246 3247 3239
f 3247 3240 3239
f 3247 3248 3240
f 3248 3241 3240
f 3248 3249 3241
f 3249 3242 3241
f 3249 3250 3242
f 3250 3243 3242
f 3250 3251 3243
f 3251 3244 3243
f 3251 3252 3244
f 3252 3237 3244
f 3252 3245 3237
f 3253 3246 3245
f 3253 3254 3246
f 3254 3247 3246
f 3254 3255 3247
f 3255 3248 3247
f 3255 3256 3248
f 3256 3249 3248
f 3256 3257 3249
f 3257 3250 3249
f 3257 3258 3250
f 3258 3251 3250
f 3258 3259 3251
f 3259 3252 3251
f 3259 3260 3252
f 3260 3245 3252
f 3260 3253 3245
f 3261 3254 3253
f 3261 3262 3254
f 3262 3255 3254
f 3262 3263 3255
f 3263 3256 3255
f 3263 3264 3256
f 3264 3257 3256
f 3264 3265 3257
f 3265 3258 3257
f 3265 3266 3258
f 3266 3259 3258
f 3266 3267 3259
f 3267 3260 3259
f 3267 3268 3260
f 3268 3253 3260
f 3268 3261 3253
f 3269 3262 3261
f 3269 3270 3262
f 3270 3263 3262
f 3270 3271 3263
f 3271 3264 3263
f 3271 3272 3264
f 3272 3265 3264
f 3272 3273 3265
f 3273 3266 3265
f 3273 3274 3266
f 3274 3267 3266
f 3274 3275 3267
f 3275 3268 3267
f 3275 3276 3268
f 3276 3261 3268
f 3276 3269 3261
f 3277 3279 3280
f 3278 3312 3311
f 3277 3280 3281
f 3278 3313 3312
f 3277 3281 3282
f 3278 3314 3313
f 3277 3282 3283
f 3278 3315 3314
f 3277 3283 3284
f 3278 3316 3315
f 3277 3284 3285
f 3278 3317 3316
f 3277 3285 3286
f 3278 3318 3317
f 3277 3286 3279
f 3278 3311 3318
f 3287 3280 3279
f 3287 3288 3280
f 3288 3281 3280
f 3288 3289 3281
f 3289 3282 3281
f 3289 3290 3282
f 3290 3283 3282
f 3290 3291 3283
f 3291 3284 3283
f 3291 3292 3284
f 3292 3285 3284
f 3292 3293 3285
f 3293 3286 3285
f 3293 3294 3286
f 3294 3279 3286
f 3294 3287 3279
f 3295 3288 3287
f 3295 3296 3288
f 3296 3289 3288
f 3296 3297 3289
f 3297 3290 3289
f 3297 3298 3290
f 3298 3291 3290
f 3298 3299 3291
f 3299 3292 3291
f 3299 3300 3292
f 3300 3293 3292
f 3300 3301 3293
f 3301 3294 3293
f 3301 3302 3294
f 3302 3287 3294
f 3302 3295 3287
f 3303 3296 3295
f 3303 3304 3296
f 3304 3297 3296
f 3304 3305 3297
f 3305 3298 3297
f 3305 3306 3298
f 3306 3299 3298
f 3306 3307 3299
f 3307 3300 3299
f 3307 3308 3300
f 3308 3301 3300
f 3308 3309 3301
f 3309 3302 3301
f 3309 3310 3302
f 3310 3295 3302
f 3310 3303 3295
f 3311 3304 3303
f 3311 3312 3304
f 3312 3305 3304
f 3312 3313 3305
f 3313 3306 3305
f 3313 3314 3306
f 3314 3307 3306
f 3314 3315 3307
f 3315 3308 3307
f 3315 3316 3308
f 3316 3309 3308
f 3316 3317 3309
f 3317 3310 3309
f 3317 3318 3310
f 3318 3303 3310
f 3318 3311 3303
f 3319 3321 3322
f 3320 3354 3353
f 3319 3322 3323
f 3320 3355 3354
f 3319 3323 3324
f 3320 3356 3355
f 3319 3324 3325
f 3320 3357 3356
f 3319 3325 3326
f 3320 3358 3357
f 3319 3326 3327
f 3320 3359 3358
f 3319 3327 3328
f 3320 3360 3359
f 3319 3328 3321
f 3320 3353 3360
f 3329 3322 3321
f 3329 3330 3322
f 3330 3323 3322
f 3330 3331 3323
f 3331 3324 3323
f 3331 3332 3324
f 3332 3325 3324
f 3332 3333 3325
f 3333 3326 3325
f 3333 3334 3326
f 3334 3327 3326
f 3334 3335 3327
f 3335 3328 3327
f 3335 3336 3328
f 3336 3321 3328
f 3336 3329 3321
f 3337 3330 3329
f 3337 3338 3330
f 3338 3331 3330
f 3338 3339 3331
f 3339 3332 3331
f 3339 3340 3332
f 3340 3333 3332
f 3340 3341 3333
f 3341 3334 3333
f 3341 3342 3334
f 3342 3335 3334
f 3342 3343 3335
f 3343 3336 3335
f 3343 3344 3336
f 3344 3329 3336
f 3344 3337 3329
f 3345 3338 3337
f 3345 3346 3338
f 3346 3339 3338
f 3346 3347 3339
f 3347 3340 3339
f 3347 3348 3340
f 3348 3341 3340
f 3348 3349 3341
f 3349 3342 3341
f 3349 3350 3342
f 3350 3343 3342
f 3350 3351 3343
f 3351 3344 3343
f 3351 3352 3344
f 3352 3337 3344
f 3352 3345 3337
f 3353 3346 3345
f 3353 3354 3346
f 3354 3347 3346
f 3354 3355 3347
f 3355 3348 3347
f 3355 3356 3348
f 3356 3349 3348
f 3356 3357 3349
f 3357 3350 3349
f 3357 3358 3350
f 3358 3351 3350
f 3358 3359 3351
f 3359 3352 3351
f 3359 3360 3352
f 3360 3345 3352
f 3360 3353 3345
f 3361 3363 3364
f 3362 3396 3395
f 3361 3364 3365
f 3362 3397 3396
f 3361 3365 3366
f 3362 3398 3397
f 3361 3366 3367
f 3362 3399 3398
f 3361 3367 3368
f 3362 3400 3399
f 3361 3368 3369
f 3362 3401 3400
f 3361 3369 3370
f 3362 3402 3401
f 3361 3370 3363
f 3362 3395 3402
f 3371 3364 3363
f 3371 3372 3364
f 3372 3365 3364
f 3372 3373 3365
f 3373 3366 3365
f 3373 3374 3366
f 3374 3367 3366
f 3374 3375 3367
f 3375 3368 3367
f 3375 3376 3368
f 3376 3369 3368
f 3376 3377 3369
f 3377 3370 3369
f 3377 3378 3370
f 3378 3363 3370
f 3378 3371 3363
f 3379 3372 3371
f 3379 3380 3372
f 3380 3373 3372
f 3380 3381 3373
f 3381 3374 3373
f 3381 3382 3374
f 3382 3375 3374
f 3382 3383 3375
f 3383 3376 3375
f 3383 3384 3376
f 3384 3377 3376
f 3384 3385 3377
f 3385 3378 3377
f 3385 3386 3378
f 3386 3371 3378
f 3386 3379 3371
f 3387 3380 3379
f 3387 3388 3380
f 3388 3381 3380
f 3388 3389 3381
f 3389 3382 3381
f 3389 3390 3382
f 3390 3383 3382
f 3390 3391 3383
f 3391 3384 3383
f 3391 3392 3384
f 3392 3385 3384
f 3392 3393 3385
f 3393 3386 3385
f 3393 3394 3386
f 3394 3379 3386
f 3394 3387 3379
f 3395 3388 3387
f 3395 3396 3388
f 3396 3389 3388
f 3396 3397 3389
f 3397 3390 3389
f 3397 3398 3390
f 3398 3391 3390
f 3398 3399 3391
f 3399 3392 3391
f 3399 3400 3392
f 3400 3393 3392
f 3400 3401 3393
f 3401 3394 3393
f 3401 3402 3394
f 3402 3387 3394
f 3402 3395 3387
f 3403 3405 3406
f 3404 3438 3437
f 3403 3406 3407
f 3404 3439 3438
f 3403 3407 3408
f 3404 3440 3439
f 3403 3408 3409
f 3404 3441 3440
f 3403 3409 3410
f 3404 3442 3441
f 3403 3410 3411
f 3404 3443 3442
f 3403 3411 3412
f 3404 3444 3443
f 3403 3412 3405
f 3404 3437 3444
f 3413 3406 3405
f 3413 3414 3406
f 3414 3407 3406
f 3414 3415 3407
f 3415 3408 3407
f 3415 3416 3408
f 3416 3409 3408
f 3416 3417 3409
f 3417 3410 3409
f 3417 3418 3410
f 3418 3411 3410
f 3418 3419 3411
f 3419 3412 3411
f 3419 3420 3412
f 3420 3405 3412
f 3420 3413 3405
f 3421 3414 3413
f 3421 3422 3414
f 3422 3415 3414
f 3422 3423 3415
f 3423 3416 3415
f 3423 3424 3416
f 3424 3417 3416
f 3424 3425 3417
f 3425 3418 3417
f 3425 3426 3418
f 3426 3419 3418
f 3426 3427 3419
f 3427 3420 3419
f 3427 3428 3420
f 3428 3413 3420
f 3428 3421 3413
f 3429 3422 3421
f 3429 3430 3422
f 3430 3423 3422
f 3430 3431 3423
f 3431 3424 3423
f 3431 3432 3424
f 3432 3425 3424
f 3432 3433 3425
f 3433 3426 3425
f 3433 3434 3426
f 3434 3427 3426
f 3434 3435 3427
f 3435 3428 3427
f 3435 3436 3428
f 3436 3421 3428
f 3436 3429 3421
f 3437 3430 3429
f 3437 3438 3430
f 3438 3431 3430
f 3438 3439 3431
f 3439 3432 3431
f 3439 3440 3432
f 3440 3433 3432
f 3440 3441 3433
f 3441 3434 3433
f 3441 3442 3434
f 3442 3435 3434
f 3442 3443 3435
f 3443 3436 3435
f 3443 3444 3436
f 3444 3429 3436
f 3444 3437 3429
f 3445 3447 3448
f 3446 3480 3479
f 3445 3448 3449
f 3446 3481 3480
f 3445 3449 3450
f 3446 3482 3481
f 3445 3450 3451
f 3446 3483 3482
f 3445 3451 3452
f 3446 3484 3483
f 3445 3452 3453
f 3446 3485 3484
f 3445 3453 3454
f 3446 3486 3485
f 3445 3454 3447
f 3446 3479 3486
f 3455 3448 3447
f 3455 3456 3448
f 3456 3449 3448
f 3456 3457 3449
f 3457 3450 3449
f 3457 3458 3450
f 3458 3451 3450
f 3458 3459 3451
f 3459 3452 3451
f 3459 3460 3452
f 3460 3453 3452
f 3460 3461 3453
f 3461 3454 3453
f 3461 3462 3454
f 3462 3447 3454
f 3462 3455 3447
f 3463 3456 3455
f 3463 3464 3456
f 3464 3457 3456
f 3464 3465 3457
f 3465 3458 3457
f 3465 3466 3458
f 3466 3459 3458
f 3466 3467 3459
f 3467 3460 3459
f 3467 3468 3460
f 3468 3461 3460
f 3468 3469 3461
f 3469 3462 3461
f 3469 3470 3462
f 3470 3455 3462
f 3470 3463 3455
f 3471 3464 3463
f 3471 3472 3464
f 3472 3465 3464
f 3472 3473 3465
f 3473 3466 3465
f 3473 3474 3466
f 3474 3467 3466
f 3474 3475 3467
f 3475 3468 3467
f 3475 3476 3468
f 3476 3469 3468
f 3476 3477 3469
f 3477 3470 3469
f 3477 3478 3470
f 3478 3463 3470
f 3478 3471 3463
f 3479 3472 3471
f 3479 3480 3472
f 3480 3473 3472
f 3480 3481 3473
f 3481 3474 3473
f 3481 3482 3474
f 3482 3475 3474
f 3482 3483 3475
f 3483 3476 3475
f 3483 3484 3476
f 3484 3477 3476
f 3484 3485 3477
f 3485 3478 3477
f 3485 3486 3478
f 3486 3471 3478
f 3486 3479 3471
f 3487 3489 3490
f 3488 3522 3521
f 3487 3490 3491
f 3488 3523 3522
f 3487 3491 3492
f 3488 3524 3523
f 3487 3492 3493
f 3488 3525 3524
f 3487 3493 3494
f 3488 3526 3525
f 3487 3494 3495
f 3488 3527 3526
f 3487 3495 3496
f 3488 3528 3527
f 3487 3496 3489
f 3488 3521 3528
f 3497 3490 3489
f 3497 3498 3490
f 3498 3491 3490
f 3498 3499 3491
f 3499 3492 3491
f 3499 3500 3492
f 3500 3493 3492
f 3500 3501 3493
f 3501 3494 3493
f 3501 3502 3494
f 3502 3495 3494
f 3502 3503 3495
f 3503 3496 3495
f 3503 3504 3496
f 3504 3489 3496
f 3504 3497 3489
f 3505 3498 3497
f 3505 3506 3498
f 3506 3499 3498
f 3506 3507 3499
f 3507 3500 3499
f 3507 3508 3500
f 3508 3501 3500
f 3508 3509 3501
f 3509 3502 3501
f 3509 3510 3502
f 3510 3503 3502
f 3510 3511 3503
f 3511 3504 3503
f 3511 3512 3504
f 3512 3497 3504
f 3512 3505 3497
f 3513 3506 3505
f 3513 3514 3506
f 3514 3507 3506
f 3514 3515 3507
f 3515 3508 3507
f 3515 3516 3508
f 3516 3509 3508
f 3516 3517 3509
f 3517 3510 3509
f 3517 3518 3510
f 3518 3511 3510
f 3518 3519 3511
f 3519 3512 3511
f 3519 3520 3512
f 3520 3505 3512
f 3520 3513 3505
f 3521 3514 3513
f 3521 3522 3514
f 3522 3515 3514
f 3522 3523 3515
f 3523 3516 3515
f 3523 3524 3516
f 3524 3517 3516
f 3524 3525 3517
f 3525 3518 3517
f 3525 3526 3518
f 3526 3519 3518
f 3526 3527 3519
f 3527 3520 3519
f 3527 3528 3520
f 3528 3513 3520
f 3528 3521 3513
f 3529 3531 3532
f 3530 3564 3563
f 3529 3532 3533
f 3530 3565 3564
f 3529 3533 3534
f 3530 3566 3565
f 3529 3534 3535
f 3530 3567 3566
f 3529 3535 3536
f 3530 3568 3567
f 3529 3536 3537
f 3530 3569 3568
f 3529 3537 3538
f 3530 3570 3569
f 3529 3538 3531
f 3530 3563 3570
f 3539 3532 3531
f 3539 3540 3532
f 3540 3533 3532
f 3540 3541 3533
f 3541 3534 3533
f 3541 3542 3534
f 3542 3535 3534
f 3542 3543 3535
f 3543 3536 3535
f 3543 3544 3536
f 3544 3537 3536
f 3544 3545 3537
f 3545 3538 3537
f 3545 3546 3538
f 3546 3531 3538
f 3546 3539 3531
f 3547 3540 3539
f 3547 3548 3540
f 3548 3541 3540
f 3548 3549 3541
f 3549 3542 3541
f 3549 3550 3542
f 3550 3543 3542
f 3550 3551 3543
f 3551 3544 3543
f 3551 3552 3544
f 3552 3545 3544
f 3552 3553 3545
f 3553 3546 3545
f 3553 3554 3546
f 3554 3539 3546
f 3554 3547 3539
f 3555 3548 3547
f 3555 3556 3548
f 3556 3549 3548
f 3556 3557 3549
f 3557 3550 3549
f 3557 3558 3550
f 3558 3551 3550
f 3558 3559 3551
f 3559 3552 3551
f 3559 3560 3552
f 3560 3553 3552
f 3560 3561 3553
f 3561 3554 3553
f 3561 3562 3554
f 3562 3547 3554
f 3562 3555 3547
f 3563 3556 3555
f 3563 3564 3556
f 3564 3557 3556
f 3564 3565 3557
f 3565 3558 3557
f 3565 3566 3558
f 3566 3559 3558
f 3566 3567 3559
f 3567 3560 3559
f 3567 3568 3560
f 3568 3561 3560
f 3568 3569 3561
f 3569 3562 3561
f 3569 3570 3562
f 3570 3555 3562
f 3570 3563 3555
f 3571 3573 3574
f 3572 3606 3605
f 3571 3574 3575
f 3572 3607 3606
f 3571 3575 3576
f 3572 3608 3607
f 3571 3576 3577
f 3572 3609 3608
f 3571 3577 3578
f 3572 3610 3609
f 3571 3578 3579
f 3572 3611 3610
f 3571 3579 3580
f 3572 3612 3611
f 3571 3580 3573
f 3572 3605 3612
f 3581 3574 3573
f 3581 3582 3574
f 3582 3575 3574
f 3582 3583 3575
f 3583 3576 3575
f 3583 3584 3576
f 3584 3577 3576
f 3584 3585 3577
f 3585 3578 3577
f 3585 3586 3578
f 3586 3579 3578
f 3586 3587 3579
f 3587 3580 3579
f 3587 3588 3580
f 3588 3573 3580
f 3588 3581 3573
f 3589 3582 3581
f 3589 3590 3582
f 3590 3583 3582
f 3590 3591 3583
f 3591 3584 3583
f 3591 3592 3584
f 3592 3585 3584
f 3592 3593 3585
f 3593 3586 3585
f 3593 3594 3586
f 3594 3587 3586
f 3594 3595 3587
f 3595 3588 3587
f 3595 3596 3588
f 3596 3581 3588
f 3596 3589 3581
f 3597 3590 3589
f 3597 3598 3590
f 3598 3591 3590
f 3598 3599 3591
f 3599 3592 3591
f 3599 3600 3592
f 3600 3593 3592
f 3600 3601 3593
f 3601 3594 3593
f 3601 3602 3594
f 3602 3595 3594
f 3602 3603 3595
f 3603 3596 3595
f 3603 3604 3596
f 3604 3589 3596
f 3604 3597 3589
f 3605 3598 3597
f 3605 3606 3598
f 3606 3599 3598
f 3606 3607 3599
f 3607 3600 3599
f 3607 3608 3600
f 3608 3601 3600
f 3608 3609 3601
f 3609 3602 3601
f 3609 3610 3602
f 3610 3603 3602
f 3610 3611 3603
f 3611 3604 3603
f 3611 3612 3604
f 3612 3597 3604
f 3612 3605 3597
f 3613 3615 3616
f 3614 3648 3647
f 3613 3616 3617
f 3614 3649 3648
f 3613 3617 3618
f 3614 3650 3649
f 3613 3618 3619
f 3614 3651 3650
f 3613 3619 3620
f 3614 3652 3651
f 3613 3620 3621
f 3614 3653 3652
f 3613 3621 3622
f 3614 3654 3653
f 3613 3622 3615
f 3614 3647 3654
f 3623 3616 3615
f 3623 3624 3616
f 3624 3617 3616
f 3624 3625 3617
f 3625 3618 3617
f 3625 3626 3618
f 3626 3619 3618
f 3626 3627 3619
f 3627 3620 3619
f 3627 3628 3620
f 3628 3621 3620
f 3628 3629 3621
f 3629 3622 3621
f 3629 3630 3622
f 3630 3615 3622
f 3630 3623 3615
f 3631 3624 3623
f 3631 3632 3624
f 3632 3625 3624
f 3632 3633 3625
f 3633 3626 3625
f 3633 3634 3626
f 3634 3627 3626
f 3634 3635 3627
f 3635 3628 3627
f 3635 3636 3628
f 3636 3629 3628
f 3636 3637 3629
f 3637 3630 3629
f 3637 3638 3630
f 3638 3623 3630
f 3638 3631 3623
f 3639 3632 3631
f 3639 3640 3632
f 3640 3633 3632
f 3640 3641 3633
f 3641 3634 3633
f 3641 3642 3634
f 3642 3635 3634
f 3642 3643 3635
f 3643 3636 3635
f 3643 3644 3636
f 3644 3637 3636
f 3644 3645 3637
f 3645 3638 3637
f 3645 3646 3638
f 3646 3631 3638
f 3646 3639 3631
f 3647 3640 3639
f 3647 3648 3640
f 3648 3641 3640
f 3648 3649 3641
f 3649 3642 3641
f 3649 3650 3642
f 3650 3643 3642
f 3650 3651 3643
f 3651 3644 3643
f 3651 3652 3644
f 3652 3645 3644
f 3652 3653 3645
f 3653 3646 3645
f 3653 3654 3646
f 3654 3639 3646
f 3654 3647 3639
f 3655 3657 3658
f 3656 3690 3689
f 3655 3658 3659
f 3656 3691 3690
f 3655 3659 3660
f 3656 3692 3691
f 3655 3660 3661
f 3656 3693 3692
f 3655 3661 3662
f 3656 3694 3693
f 3655 3662 3663
f 3656 3695 3694
f 3655 3663 3664
f 3656 3696 3695
f 3655 3664 3657
f 3656 3689 3696
f 3665 3658 3657
f 3665 3666 3658
f 3666 3659 3658
f 3666 3667 3659
f 3667 3660 3659
f 3667 3668 3660
f 3668 3661 3660
f 3668 3669 3661
f 3669 3662 3661
f 3669 3670 3662
f 3670 3663 3662
f 3670 3671 3663
f 3671 3664 3663
f 3671 3672 3664
f 3672 3657 3664
f 3672 3665 3657
f 3673 3666 3665
f 3673 3674 3666
f 3674 3667 3666
f 3674 3675 3667
f 3675 3668 3667
f 3675 3676 3668
f 3676 3669 3668
f 3676 3677 3669
f 3677 3670 3669
f 3677 3678 3670
f 3678 3671 3670
f 3678 3679 3671
f 3679 3672 3671
f 3679 3680 3672
f 3680 3665 3672
f 3680 3673 3665
f 3681 3674 3673
f 3681 3682 3674
f 3682 3675 3674
f 3682 3683 3675
f 3683 3676 3675
f 3683 3684 3676
f 3684 3677 3676
f 3684 3685 3677
f 3685 3678 3677
f 3685 3686 3678
f 3686 3679 3678
f 3686 3687 3679
f 3687 3680 3679
f 3687 3688 3680
f 3688 3673 3680
f 3688 3681 3673
f 3689 3682 3681
f 3689 3690 3682
f 3690 3683 3682
f 3690 3691 3683
f 3691 3684 3683
f 3691 3692 3684
f 3692 3685 3684
f 3692 3693 3685
f 3693 3686 3685
f 3693 3694 3686
f 3694 3687 3686
f 3694 3695 3687
f 3695 3688 3687
f 3695 3696 3688
f 3696 3681 3688
f 3696 3689 3681
f 3697 3699 3700
f 3698 3732 3731
f 3697 3700 3701
f 3698 3733 3732
f 3697 3701 3702
f 3698 3734 3733
f 3697 3702 3703
f 3698 3735 3734
f 3697 3703 3704
f 3698 3736 3735
f 3697 3704 3705
f 3698 3737 3736
f 3697 3705 3706
f 3698 3738 3737
f 3697 3706 3699
f 3698 3731 3738
f 3707 3700 3699
f 3707 3708 3700
f 3708 3701 3700
f 3708 3709 3701
f 3709 3702 3701
f 3709 3710 3702
f 3710 3703 3702
f 3710 3711 3703
f 3711 3704 3703
f 3711 3712 3704
f 3712 3705 3704
f 3712 3713 3705
f 3713 3706 3705
f 3713 3714 3706
f 3714 3699 3706
f 3714 3707 3699
f 3715 3708 3707
f 3715 3716 3708
f 3716 3709 3708
f 3716 3717 3709
f 3717 3710 3709
f 3717 3718 3710
f 3718 3711 3710
f 3718 3719 3711
f 3719 3712 3711
f 3719 3720 3712
f 3720 3713 3712
f 3720 3721 3713
f 3721 3714 3713
f 3721 3722 3714
f 3722 3707 3714
f 3722 3715 3707
f 3723 3716 3715
f 3723 3724 3716
f 3724 3717 3716
f 3724 3725 3717
f 3725 3718 3717
f 3725 3726 3718
f 3726 3719 3718
f 3726 3727 3719
f 3727 3720 3719
f 3727 3728 3720
f 3728 3721 3720
f 3728 3729 3721
f 3729 3722 3721
f 3729 3730 3722
f 3730 3715 3722
f 3730 3723 3715
f 3731 3724 3723
f 3731 3732 3724
f 3732 3725 3724
f 3732 3733 3725
f 3733 3726 3725
f 3733 3734 3726
f 3734 3727 3726
f 3734 3735 3727
f 3735 3728 3727
f 3735 3736 3728
f 3736 3729 3728
f 3736 3737 3729
f 3737 3730 3729
f 3737 3738 3730
f 3738 3723 3730
f 3738 3731 3723
f 3739 3741 3742
f 3740 3774 3773
f 3739 3742 3743
f 3740 3775 3774
f 3739 3743 3744
f 3740 3776 3775
f 3739 3744 3745
f 3740 3777 3776
f 3739 3745 3746
f 3740 3778 3777
f 3739 3746 3747
f 3740 3779 3778
f 3739 3747 3748
f 3740 3780 3779
f 3739 3748 3741
f 3740 3773 3780
f 3749 3742 3741
f 3749 3750 3742
f 3750 3743 3742
f 3750 3751 3743
f 3751 3744 3743
f 3751 3752 3744
f 3752 3745 3744
f 3752 3753 3745
f 3753 3746 3745
f 3753 3754 3746
f 3754 3747 3746
f 3754 3755 3747
f 3755 3748 3747
f 3755 3756 3748
f 3756 3741 3748
f 3756 3749 3741
f 3757 3750 3749
f 3757 3758 3750
f 3758 3751 3750
f 3758 3759 3751
f 3759 3752 3751
f 3759 3760 3752
f 3760 3753 3752
f 3760 3761 3753
f 3761 3754 3753
f 3761 3762 3754
f 3762 3755 3754
f 3762 3763 3755
f 3763 3756 3755
f 3763 3764 3756
f 3764 3749 3756
f 3764 3757 3749
f 3765 3758 3757
f 3765 3766 3758
f 3766 3759 3758
f 3766 3767 3759
f 3767 3760 3759
f 3767 3768 3760
f 3768 3761 3760
f 3768 3769 3761
f 3769 3762 3761
f 3769 3770 3762
f 3770 3763 3762
f 3770 3771 3763
f 3771 3764 3763
f 3771 3772 3764
f 3772 3757 3764
f 3772 3765 3757
f 3773 3766 3765
f 3773 3774 3766
f 3774 3767 3766
f 3774 3775 3767
f 3775 3768 3767
f 3775 3776 3768
f 3776 3769 3768
f 3776 3777 3769
f 3777 3770 3769
f 3777 3778 3770
f 3778 3771 3770
f 3778 3779 3771
f 3779 3772 3771
f 3779 3780 3772
f 3780 3765 3772
f 3780 3773 3765
f 3781 3783 3784
f 3782 3816 3815
f 3781 3784 3785
f 3782 3817 3816
f 3781 3785 3786
f 3782 3818 3817
f 3781 3786 3787
f 3782 3819 3818
f 3781 3787 3788
f 3782 3820 3819
f 3781 3788 3789
f 3782 3821 3820
f 3781 3789 3790
f 3782 3822 3821
f 3781 3790 3783
f 3782 3815 3822
f 3791 3784 3783
f 3791 3792 3784
f 3792 3785 3784
f 3792 3793 3785
f 3793 3786 3785
f 3793 3794 3786
f 3794 3787 3786
f 3794 3795 3787
f 3795 3788 3787
f 3795 3796 3788
f 3796 3789 3788
f 3796 3797 3789
f 3797 3790 3789
f 3797 3798 3790
f 3798 3783 3790
f 3798 3791 3783
f 3799 3792 3791
f 3799 3800 3792
f 3800 3793 3792
f 3800 3801 3793
f 3801 3794 3793
f 3801 3802 3794
f 3802 3795 3794
f 3802 3803 3795
f 3803 3796 3795
f 3803 3804 3796
f 3804 3797 3796
f 3804 3805 3797
f 3805 3798 3797
f 3805 3806 3798
f 3806 3791 3798
f 3806 3799 3791
f 3807 3800 3799
f 3807 3808 3800
f 3808 3801 3800
f 3808 3809 3801
f 3809 3802 3801
f 3809 3810 3802
f 3810 3803 3802
f 3810 3811 3803
f 3811 3804 3803
f 3811 3812 3804
f 3812 3805 3804
f 3812 3813 3805
f 3813 3806 3805
f 3813 3814 3806
f 3814 3799 3806
f 3814 3807 3799
f 3815 3808 3807
f 3815 3816 3808
f 3816 3809 3808
f 3816 3817 3809
f 3817 3810 3809
f 3817 3818 3810
f 3818 3811 3810
f 3818 3819 3811
f 3819 3812 3811
f 3819 3820 3812
f 3820 3813 3812
f 3820 3821 3813
f 3821 3814 3813
f 3821 3822 3814
f 3822 3807 3814
f 3822 3815 3807
f 3823 3825 3826
f 3824 3858 3857
f 3823 3826 3827
f 3824 3859 3858
f 3823 3827 3828
f 3824 3860 3859
f 3823 3828 3829
f 3824 3861 3860
f 3823 3829 3830
f 3824 3862 3861
f 3823 3830 3831
f 3824 3863 3862
f 3823 3831 3832
f 3824 3864 3863
f 3823 3832 3825
f 3824 3857 3864
f 3833 3826 3825
f 3833 3834 3826
f 3834 3827 3826
f 3834 3835 3827
f 3835 3828 3827
f 3835 3836 3828
f 3836 3829 3828
f 3836 3837 3829
f 3837 3830 3829
f 3837 3838 3830
f 3838 3831 3830
f 3838 3839 3831
f 3839 3832 3831
f 3839 3840 3832
f 3840 3825 3832
f 3840 3833 3825
f 3841 3834 3833
f 3841 3842 3834
f 3842 3835 3834
f 3842 3843 3835
f 3843 3836 3835
f 3843 3844 3836
f 3844 3837 3836
f 3844 3845 3837
f 3845 3838 3837
f 3845 3846 3838
f 3846 3839 3838
f 3846 3847 3839
f 3847 3840 3839
f 3847 3848 3840
f 3848 3833 3840
f 3848 3841 3833
f 3849 3842 3841
f 3849 3850 3842
f 3850 3843 3842
f 3850 3851 3843
f 3851 3844 3843
f 3851 3852 3844
f 3852 3845 3844
f 3852 3853 3845
f 3853 3846 3845
f 3853 3854 3846
f 3854 3847 3846
f 3854 3855 3847
f 3855 3848 3847
f 3855 3856 3848
f 3856 3841 3848
f 3856 3849 3841
f 3857 3850 3849
f 3857 3858 3850
f 3858 3851 3850
f 3858 3859 3851
f 3859 3852 3851
f 3859 3860 3852
f 3860 3853 3852
f 3860 3861 3853
f 3861 3854 3853
f 3861 3862 3854
f 3862 3855 3854
f 3862 3863 3855
f 3863 3856 3855
f 3863 3864 3856
f 3864 3849 3856
f 3864 3857 3849
f 3865 3867 3868
f 3866 3900 3899
f 3865 3868 3869
f 3866 3901 3900
f 3865 3869 3870
f 3866 3902 3901
f 3865 3870 3871
f 3866 3903 3902
f 3865 3871 3872
f 3866 3904 3903
f 3865 3872 3873
f 3866 3905 3904
f 3865 3873 3874
f 3866 3906 3905
f 3865 3874 3867
f 3866 3899 3906
f 3875 3868 3867
f 3875 3876 3868
f 3876 3869 3868
f 3876 3877 3869
f 3877 3870 3869
f 3877 3878 3870
f 3878 3871 3870
f 3878 3879 3871
f 3879 3872 3871
f 3879 3880 3872
f 3880 3873 3872
f 3880 3881 3873
f 3881 3874 3873
f 3881 3882 3874
f 3882 3867 3874
f 3882 3875 3867
f 3883 3876 3875
f 3883 3884 3876
f 3884 3877 3876
f 3884 3885 3877
f 3885 3878 3877
f 3885 3886 3878
f 3886 3879 3878
f 3886 3887 3879
f 3887 3880 3879
f 3887 3888 3880
f 3888 3881 3880
f 3888 3889 3881
f 3889 3882 3881
f 3889 3890 3882
f 3890 3875 3882
f 3890 3883 3875
f 3891 3884 3883
f 3891 3892 3884
f 3892 3885 3884
f 3892 3893 3885
f 3893 3886 3885
f 3893 3894 3886
f 3894 3887 3886
f 3894 3895 3887
f 3895 3888 3887
f 3895 3896 3888
f 3896 3889 3888
f 3896 3897 3889
f 3897 3890 3889
f 3897 3898 3890
f 3898 3883 3890
f 3898 3891 3883
f 3899 3892 3891
f 3899 3900 3892
f 3900 3893 3892
f 3900 3901 3893
f 3901 3894 3893
f 3901 3902 3894
f 3902 3895 3894
f 3902 3903 3895
f 3903 3896 3895
f 3903 3904 3896
f 3904 3897 3896
f 3904 3905 3897
f 3905 3898 3897
f 3905 3906 3898
f 3906 3891 3898
f 3906 3899 3891
f 3907 3909 3910
f 3908 3942 3941
f 3907 3910 3911
f 3908 3943 3942
f 3907 3911 3912
f 3908 3944 3943
f 3907 3912 3913
f 3908 3945 3944
f 3907 3913 3914
f 3908 3946 3945
f 3907 3914 3915
f 3908 3947 3946
f 3907 3915 3916
f 3908 3948 3947
f 3907 3916 3909
f 3908 3941 3948
f 3917 3910 3909
f 3917 3918 3910
f 3918 3911 3910
f 3918 3919 3911
f 3919 3912 3911
f 3919 3920 3912
f 3920 3913 3912
f 3920 3921 3913
f 3921 3914 3913
f 3921 3922 3914
f 3922 3915 3914
f 3922 3923 3915
f 3923 3916 3915
f 3923 3924 3916
f 3924 3909 3916
f 3924 3917 3909
f 3925 3918 3917
f 3925 3926 3918
f 3926 3919 3918
f 3926 3927 3919
f 3927 3920 3919
f 3927 3928 3920
f 3928 3921 3920
f 3928 3929 3921
f 3929 3922 3921
f 3929 3930 3922
f 3930 3923 3922
f 3930 3931 3923
f 3931 3924 3923
f 3931 3932 3924
f 3932 3917 3924
f 3932 3925 3917
f 3933 3926 3925
f 3933 3934 3926
f 3934 3927 3926
f 3934 3935 3927
f 3935 3928 3927
f 3935 3936 3928
f 3936 3929 3928
f 3936 3937 3929
f 3937 3930 3929
f 3937 3938 3930
f 3938 3931 3930
f 3938 3939 3931
f 3939 3932 3931
f 3939 3940 3932
f 3940 3925 3932
f 3940 3933 3925
f 3941 3934 3933
f 3941 3942 3934
f 3942 3935 3934
f 3942 3943 3935
f 3943 3936 3935
f 3943 3944 3936
f 3944 3937 3936
f 3944 3945 3937
f 3945 3938 3937
f 3945 3946 3938
f 3946 3939 3938
f 3946 3947 3939
f 3947 3940 3939
f 3947 3948 3940
f 3948 3933 3940
f 3948 3941 3933
f 3949 3951 3952
f 3950 3984 3983
f 3949 3952 3953
f 3950 3985 3984
f 3949 3953 3954
f 3950 3986 3985
f 3949 3954 3955
f 3950 3987 3986
f 3949 3955 3956
f 3950 3988 3987
f 3949 3956 3957
f 3950 3989 3988
f 3949 3957 3958
f 3950 3990 3989
f 3949 3958 3951
f 3950 3983 3990
f 3959 3952 3951
f 3959 3960 3952
f 3960 3953 3952
f 3960 3961 3953
f 3961 3954 3953
f 3961 3962 3954
f 3962 3955 3954
f 3962 3963 3955
f 3963 3956 3955
f 3963 3964 3956
f 3964 3957 3956
f 3964 3965 3957
f 3965 3958 3957
f 3965 3966 3958
f 3966 3951 3958
f 3966 3959 3951
f 3967 3960 3959
f 3967 3968 3960
f 3968 3961 3960
f 3968 3969 3961
f 3969 3962 3961
f 3969 3970 3962
f 3970 3963 3962
f 3970 3971 3963
f 3971 3964 3963
f 3971 3972 3964
f 3972 3965 3964
f 3972 3973 3965
f 3973 3966 3965
f 3973 3974 3966
f 3974 3959 3966
f 3974 3967 3959
f 3975 3968 3967
f 3975 3976 3968
f 3976 3969 3968
f 3976 3977 3969
f 3977 3970 3969
f 3977 3978 3970
f 3978 3971 3970
f 3978 3979 3971
f 3979 3972 3971
f 3979 3980 3972
f 3980 3973 3972
f 3980 3981 3973
f 3981 3974 3973
f 3981 3982 3974
f 3982 3967 3974
f 3982 3975 3967
f 3983 3976 3975
f 3983 3984 3976
f 3984 3977 3976
f 3984 3985 3977
f 3985 3978 3977
f 3985 3986 3978
f 3986 3979 3978
f 3986 3987 3979
f 3987 3980 3979
f 3987 3988 3980
f 3988 3981 3980
f 3988 3989 3981
f 3989 3982 3981
f 3989 3990 3982
f 3990 3975 3982
f 3990 3983 3975
f 3991 3993 3994
f 3992 4026 4025
f 3991 3994 3995
f 3992 4027 4026
f 3991 3995 3996
f 3992 4028 4027
f 3991 3996 3997
f 3992 4029 4028
f 3991 3997 3998
f 3992 4030 4029
f 3991 3998 3999
f 3992 4031 4030
f 3991 3999 4000
f 3992 4032 4031
f 3991 4000 3993
f 3992 4025 4032
f 4001 3994 3993
f 4001 4002 3994
f 4002 3995 3994
f 4002 4003 3995
f 4003 3996 3995
f 4003 4004 3996
f 4004 3997 3996
f 4004 4005 3997
f 4005 3998 3997
f 4005 4006 3998
f 4006 3999 3998
f 4006 4007 3999
f 4007 4000 3999
f 4007 4008 4000
f 4008 3993 4000
f 4008 4001 3993
f 4009 4002 4001
f 4009 4010 4002
f 4010 4003 4002
f 4010 4011 4003
f 4011 4004 4003
f 4011 4012 4004
f 4012 4005 4004
f 4012 4013 4005
f 4013 4006 4005
f 4013 4014 4006
f 4014 4007 4006
f 4014 4015 4007
f 4015 4008 4007
f 4015 4016 4008
f 4016 4001 4008
f 4016 4009 4001
f 4017 4010 4009
f 4017 4018 4010
f 4018 4011 4010
f 4018 4019 4011
f 4019 4012 4011
f 4019 4020 4012
f 4020 4013 4012
f 4020 4021 4013
f 4021 4014 4013
f 4021 4022 4014
f 4022 4015 4014
f 4022 4023 4015
f 4023 4016 4015
f 4023 4024 4016
f 4024 4009 4016
f 4024 4017 4009
f 4025 4018 4017
f 4025 4026 4018
f 4026 4019 4018
f 4026 4027 4019
f 4027 4020 4019
f 4027 4028 4020
f 4028 4021 4020
f 4028 4029 4021
f 4029 4022 4021
f 4029 4030 4022
f 4030 4023 4022
f 4030 4031 4023
f 4031 4024 4023
f 4031 4032 4024
f 4032 4017 4024
f 4032 4025 4017
f 4033 4035 4036
f 4034 4068 4067
f 4033 4036 4037
f 4034 4069 4068
f 4033 4037 4038
f 4034 4070 4069
f 4033 4038 4039
f 4034 4071 4070
f 4033 4039 4040
f 4034 4072 4071
f 4033 4040 4041
f 4034 4073 4072
f 4033 4041 4042
f 4034 4074 4073
f 4033 4042 4035
f 4034 4067 4074
f 4043 4036 4035
f 4043 4044 4036
f 4044 4037 4036
f 4044 4045 4037
f 4045 4038 4037
f 4045 4046 4038
f 4046 4039 4038
f 4046 4047 4039
f 4047 4040 4039
f 4047 4048 4040
f 4048 4041 4040
f 4048 4049 4041
f 4049 4042 4041
f 4049 4050 4042
f 4050 4035 4042
f 4050 4043 4035
f 4051 4044 4043
f 4051 4052 4044
f 4052 4045 4044
f 4052 4053 4045
f 4053 4046 4045
f 4053 4054 4046
f 4054 4047 4046
f 4054 4055 4047
f 4055 4048 4047
f 4055 4056 4048
f 4056 4049 4048
f 4056 4057 4049
f 4057 4050 4049
f 4057 4058 4050
f 4058 4043 4050
f 4058 4051 4043
f 4059 4052 4051
f 4059 4060 4052
f 4060 4053 4052
f 4060 4061 4053
f 4061 4054 4053
f 4061 4062 4054
f 4062 4055 4054
f 4062 4063 4055
f 4063 4056 4055
f 4063 4064 4056
f 4064 4057 4056
f 4064 4065 4057
f 4065 4058 4057
f 4065 4066 4058
f 4066 4051 4058
f 4066 4059 4051
f 4067 4060 4059
f 4067 4068 4060
f 4068 4061 4060
f 4068 4069 4061
f 4069 4062 4061
f 4069 4070 4062
f 4070 4063 4062
f 4070 4071 4063
f 4071 4064 4063
f 4071 4072 4064
f 4072 4065 4064
f 4072 4073 4065
f 4073 4066 4065
f 4073 4074 4066
f 4074 4059 4066
f 4074 4067 4059
f 4075 4077 4078
f 4076 4110 4109
f 4075 4078 4079
f 4076 4111 4110
f 4075 4079 4080
f 4076 4112 4111
f 4075 4080 4081
f 4076 4113 4112
f 4075 4081 4082
f 4076 4114 4113
f 4075 4082 4083
f 4076 4115 4114
f 4075 4083 4084
f 4076 4116 4115
f 4075 4084 4077
f 4076 4109 4116
f 4085 4078 4077
f 4085 4086 4078
f 4086 4079 4078
f 4086 4087 4079
f 4087 4080 4079
f 4087 4088 4080
f 4088 4081 4080
f 4088 4089 4081
f 4089 4082 4081
f 4089 4090 4082
f 4090 4083 4082
f 4090 4091 4083
f 4091 4084 4083
f 4091 4092 4084
f 4092 4077 4084
f 4092 4085 4077
f 4093 4086 4085
f 4093 4094 4086
f 4094 4087 4086
f 4094 4095 4087
f 4095 4088 4087
f 4095 4096 4088
f 4096 4089 4088
f 4096 4097 4089
f 4097 4090 4089
f 4097 4098 4090
f 4098 4091 4090
f 4098 4099 4091
f 4099 4092 4091
f 4099 4100 4092
f 4100 4085 4092
f 4100 4093 4085
f 4101 4094 4093
f 4101 4102 4094
f 4102 4095 4094
f 4102 4103 4095
f 4103 4096 4095
f 4103 4104 4096
f 4104 4097 4096
f 4104 4105 4097
f 4105 4098 4097
f 4105 4106 4098
f 4106 4099 4098
f 4106 4107 4099
f 4107 4100 4099
f 4107 4108 4100
f 4108 4093 4100
f 4108 4101 4093
f 4109 4102 4101
f 4109 4110 4102
f 4110 4103 4102
f 4110 4111 4103
f 4111 4104 4103
f 4111 4112 4104
f 4112 4105 4104
f 4112 4113 4105
f 4113 4106 4105
f 4113 4114 4106
f 4114 4107 4106
f 4114 4115 4107
f 4115 4108 4107
f 4115 4116 4108
f 4116 4101 4108
f 4116 4109 4101
f 4117 4119 4120
f 4118 4152 4151
f 4117 4120 4121
f 4118 4153 4152
f 4117 4121 4122
f 4118 4154 4153
f 4117 4122 4123
f 4118 4155 4154
f 4117 4123 4124
f 4118 4156 4155
f 4117 4124 4125
f 4118 4157 4156
f 4117 4125 4126
f 4118 4158 4157
f 4117 4126 4119
f 4118 4151 4158
f 4127 4120 4119
f 4127 4128 4120
f 4128 4121 4120
f 4128 4129 4121
f 4129 4122 4121
f 4129 4130 4122
f 4130 4123 4122
f 4130 4131 4123
f 4131 4124 4123
f 4131 4132 4124
f 4132 4125 4124
f 4132 4133 4125
f 4133 4126 4125
f 4133 4134 4126
f 4134 4119 4126
f 4134 4127 4119
f 4135 4128 4127
f 4135 4136 4128
f 4136 4129 4128
f 4136 4137 4129
f 4137 4130 4129
f 4137 4138 4130
f 4138 4131 4130
f 4138 4139 4131
f 4139 4132 4131
f 4139 4140 4132
f 4140 4133 4132
f 4140 4141 4133
f 4141 4134 4133
f 4141 4142 4134
f 4142 4127 4134
f 4142 4135 4127
f 4143 4136 4135
f 4143 4144 4136
f 4144 4137 4136
f 4144 4145 4137
f 4145 4138 4137
f 4145 4146 4138
f 4146 4139 4138
f 4146 4147 4139
f 4147 4140 4139
f 4147 4148 4140
f 4148 4141 4140
f 4148 4149 4141
f 4149 4142 4141
f 4149 4150 4142
f 4150 4135 4142
f 4150 4143 4135
f 4151 4144 4143
f 4151 4152 4144
f 4152 4145 4144
f 4152 4153 4145
f 4153 4146 4145
f 4153 4154 4146
f 4154 4147 4146
f 4154 4155 4147
f 4155 4148 4147
f 4155 4156 4148
f 4156 4149 4148
f 4156 4157 4149
f 4157 4150 4149
f 4157 4158 4150
f 4158 4143 4150
f 4158 4151 4143
f 4159 4161 4162
f 4160 4194 4193
f 4159 4162 4163
f 4160 4195 4194
f 4159 4163 4164
f 4160 4196 4195
f 4159 4164 4165
f 4160 4197 4196
f 4159 4165 4166
f 4160 4198 4197
f 4159 4166 4167
f 4160 4199 4198
f 4159 4167 4168
f 4160 4200 4199
f 4159 4168 4161
f 4160 4193 4200
f 4169 4162 4161
f 4169 4170 4162
f 4170 4163 4162
f 4170 4171 4163
f 4171 4164 4163
f 4171 4172 4164
f 4172 4165 4164
f 4172 4173 4165
f 4173 4166 4165
f 4173 4174 4166
f 4174 4167 4166
f 4174 4175 4167
f 4175 4168 4167
f 4175 4176 4168
f 4176 4161 4168
f 4176 4169 4161
f 4177 4170 4169
f 4177 4178 4170
f 4178 4171 4170
f 4178 4179 4171
f 4179 4172 4171
f 4179 4180 4172
f 4180 4173 4172
f 4180 4181 4173
f 4181 4174 4173
f 4181 4182 4174
f 4182 4175 4174
f 4182 4183 4175
f 4183 4176 4175
f 4183 4184 4176
f 4184 4169 4176
f 4184 4177 4169
f 4185 4178 4177
f 4185 4186 4178
f 4186 4179 4178
f 4186 4187 4179
f 4187 4180 4179
f 4187 4188 4180
f 4188 4181 4180
f 4188 4189 4181
f 4189 4182 4181
f 4189 4190 4182
f 4190 4183 4182
f 4190 4191 4183
f 4191 4184 4183
f 4191 4192 4184
f 4192 4177 4184
f 4192 4185 4177
f 4193 4186 4185
f 4193 4194 4186
f 4194 4187 4186
f 4194 4195 4187
f 4195 4188 4187
f 4195 4196 4188
f 4196 4189 4188
f 4196 4197 4189
f 4197 4190 4189
f 4197 4198 4190
f 4198 4191 4190
f 4198 4199 4191
f 4199 4192 4191
f 4199 4200 4192
f 4200 4185 4192
f 4200 4193 4185
f 4201 4203 4204
f 4202 4236 4235
f 4201 4204 4205
f 4202 4237 4236
f 4201 4205 4206
f 4202 4238 4237
f 4201 4206 4207
f 4202 4239 4238
f 4201 4207 4208
f 4202 4240 4239
f 4201 4208 4209
f 4202 4241 4240
f 4201 4209 4210
f 4202 4242 4241
f 4201 4210 4203
f 4202 4235 4242
f 4211 4204 4203
f 4211 4212 4204
f 4212 4205 4204
f 4212 4213 4205
f 4213 4206 4205
f 4213 4214 4206
f 4214 4207 4206
f 4214 4215 4207
f 4215 4208 4207
f 4215 4216 4208
f 4216 4209 4208
f 4216 4217 4209
f 4217 4210 4209
f 4217 4218 4210
f 4218 4203 4210
f 4218 4211 4203
f 4219 4212 4211
f 4219 4220 4212
f 4220 4213 4212
f 4220 4221 4213
f 4221 4214 4213
f 4221 4222 4214
f 4222 4215 4214
f 4222 4223 4215
f 4223 4216 4215
f 4223 4224 4216
f 4224 4217 4216
f 4224 4225 4217
f 4225 4218 4217
f 4225 4226 4218
f 4226 4211 4218
f 4226 4219 4211
f 4227 4220 4219
f 4227 4228 4220
f 4228 4221 4220
f 4228 4229 4221
f 4229 4222 4221
f 4229 4230 4222
f 4230 4223 4222
f 4230 4231 4223
f 4231 4224 4223
f 4231 4232 4224
f 4232 4225 4224
f 4232 4233 4225
f 4233 4226 4225
f 4233 4234 4226
f 4234 4219 4226
f 4234 4227 4219
f 4235 4228 4227
f 4235 4236 4228
f 4236 4229 4228
f 4236 4237 4229
f 4237 4230 4229
f 4237 4238 4230
f 4238 4231 4230
f 4238 4239 4231
f 4239 4232 4231
f 4239 4240 4232
f 4240 4233 4232
f 4240 4241 4233
f 4241 4234 4233
f 4241 4242 4234
f 4242 4227 4234
f 4242 4235 4227
f 4243 4245 4246
f 4244 4278 4277
f 4243 4246 4247
f 4244 4279 4278
f 4243 4247 4248
f 4244 4280 4279
f 4243 4248 4249
f 4244 4281 4280
f 4243 4249 4250
f 4244 4282 4281
f 4243 4250 4251
f 4244 4283 4282
f 4243 4251 4252
f 4244 4284 4283
f 4243 4252 4245
f 4244 4277 4284
f 4253 4246 4245
f 4253 4254 4246
f 4254 4247 4246
f 4254 4255 4247
f 4255 4248 4247
f 4255 4256 4248
f 4256 4249 4248
f 4256 4257 4249
f 4257 4250 4249
f 4257 4258 4250
f 4258 4251 4250
f 4258 4259 4251
f 4259 4252 4251
f 4259 4260 4252
f 4260 4245 4252
f 4260 4253 4245
f 4261 4254 4253
f 4261 4262 4254
f 4262 4255 4254
f 4262 4263 4255
f 4263 4256 4255
f 4263 4264 4256
f 4264 4257 4256
f 4264 4265 4257
f 4265 4258 4257
f 4265 4266 4258
f 4266 4259 4258
f 4266 4267 4259
f 4267 4260 4259
f 4267 4268 4260
f 4268 4253 4260
f 4268 4261 4253
f 4269 4262 4261
f 4269 4270 4262
f 4270 4263 4262
f 4270 4271 4263
f 4271 4264 4263
f 4271 4272 4264
f 4272 4265 4264
f 4272 4273 4265
f 4273 4266 4265
f 4273 4274 4266
f 4274 4267 4266
f 4274 4275 4267
f 4275 4268 4267
f 4275 4276 4268
f 4276 4261 4268
f 4276 4269 4261
f 4277 4270 4269
f 4277 4278 4270
f 4278 4271 4270
f 4278 4279 4271
f 4279 4272 4271
f 4279 4280 4272
f 4280 4273 4272
f 4280 4281 4273
f 4281 4274 4273
f 4281 4282 4274
f 4282 4275 4274
f 4282 4283 4275
f 4283 4276 4275
f 4283 4284 4276
f 4284 4269 4276
f 4284 4277 4269
f 4285 4287 4288
f 4286 4320 4319
f 4285 4288 4289
f 4286 4321 4320
f 4285 4289 4290
f 4286 4322 4321
f 4285 4290 4291
f 4286 4323 4322
f 4285 4291 4292
f 4286 4324 4323
f 4285 4292 4293
f 4286 4325 4324
f 4285 4293 4294
f 4286 4326 4325
f 4285 4294 4287
f 4286 4319 4326
f 4295 4288 4287
f 4295 4296 4288
f 4296 4289 4288
f 4296 4297 4289
f 4297 4290 4289
f 4297 4298 4290
f 4298 4291 4290
f 4298 4299 4291
f 4299 4292 4291
f 4299 4300 4292
f 4300 4293 4292
f 4300 4301 4293
f 4301 4294 4293
f 4301 4302 4294
f 4302 4287 4294
f 4302 4295 4287
f 4303 4296 4295
f 4303 4304 4296
f 4304 4297 4296
f 4304 4305 4297
f 4305 4298 4297
f 4305 4306 4298
f 4306 4299 4298
f 4306 4307 4299
f 4307 4300 4299
f 4307 4308 4300
f 4308 4301 4300
f 4308 4309 4301
f 4309 4302 4301
f 4309 4310 4302
f 4310 4295 4302
f 4310 4303 4295
f 4311 4304 4303
f 4311 4312 4304
f 4312 4305 4304
f 4312 4313 4305
f 4313 4306 4305
f 4313 4314 4306
f 4314 4307 4306
f 4314 4315 4307
f 4315 4308 4307
f 4315 4316 4308
f 4316 4309 4308
f 4316 4317 4309
f 4317 4310 4309
f 4317 4318 4310
f 4318 4303 4310
f 4318 4311 4303
f 4319 4312 4311
f 4319 4320 4312
f 4320 4313 4312
f 4320 4321 4313
f 4321 4314 4313
f 4321 4322 4314
f 4322 4315 4314
f 4322 4323 4315
f 4323 4316 4315
f 4323 4324 4316
f 4324 4317 4316
f 4324 4325 4317
f 4325 4318 4317
f 4325 4326 4318
f 4326 4311 4318
f 4326 4319 4311
f 4327 4329 4330
f 4328 4362 4361
f 4327 4330 4331
f 4328 4363 4362
f 4327 4331 4332
f 4328 4364 4363
f 4327 4332 4333
f 4328 4365 4364
f 4327 4333 4334
f 4328 4366 4365
f 4327 4334 4335
f 4328 4367 4366
f 4327 4335 4336
f 4328 4368 4367
f 4327 4336 4329
f 4328 4361 4368
f 4337 4330 4329
f 4337 4338 4330
f 4338 4331 4330
f 4338 4339 4331
f 4339 4332 4331
f 4339 4340 4332
f 4340 4333 4332
f 4340 4341 4333
f 4341 4334 4333
f 4341 4342 4334
f 4342 4335 4334
f 4342 4343 4335
f 4343 4336 4335
f 4343 4344 4336
f 4344 4329 4336
f 4344 4337 4329
f 4345 4338 4337
f 4345 4346 4338
f 4346 4339 4338
f 4346 4347 4339
f 4347 4340 4339
f 4347 4348 4340
f 4348 4341 4340
f 4348 4349 4341
f 4349 4342 4341
f 4349 4350 4342
f 4350 4343 4342
f 4350 4351 4343
f 4351 4344 4343
f 4351 4352 4344
f 4352 4337 4344
f 4352 4345 4337
f 4353 4346 4345
f 4353 4354 4346
f 4354 4347 4346
f 4354 4355 4347
f 4355 4348 4347
f 4355 4356 4348
f 4356 4349 4348
f 4356 4357 4349
f 4357 4350 4349
f 4357 4358 4350
f 4358 4351 4350
f 4358 4359 4351
f 4359 4352 4351
f 4359 4360 4352
f 4360 4345 4352
f 4360 4353 4345
f 4361 4354 4353
f 4361 4362 4354
f 4362 4355 4354
f 4362 4363 4355
f 4363 4356 4355
f 4363 4364 4356
f 4364 4357 4356
f 4364 4365 4357
f 4365 4358 4357
f 4365 4366 4358
f 4366 4359 4358
f 4366 4367 4359
f 4367 4360 4359
f 4367 4368 4360
f 4368 4353 4360
f 4368 4361 4353
f 4369 4371 4372
f 4370 4404 4403
f 4369 4372 4373
f 4370 4405 4404
f 4369 4373 4374
f 4370 4406 4405
f 4369 4374 4375
f 4370 4407 4406
f 4369 4375 4376
f 4370 4408 4407
f 4369 4376 4377
f 4370 4409 4408
f 4369 4377 4378
f 4370 4410 4409
f 4369 4378 4371
f 4370 4403 4410
f 4379 4372 4371
f 4379 4380 4372
f 4380 4373 4372
f 4380 4381 4373
f 4381 4374 4373
f 4381 4382 4374
f 4382 4375 4374
f 4382 4383 4375
f 4383 4376 4375
f 4383 4384 4376
f 4384 4377 4376
f 4384 4385 4377
f 4385 4378 4377
f 4385 4386 4378
f 4386 4371 4378
f 4386 4379 4371
f 4387 4380 4379
f 4387 4388 4380
f 4388 4381 4380
f 4388 4389 4381
f 4389 4382 4381
f 4389 4390 4382
f 4390 4383 4382
f 4390 4391 4383
f 4391 4384 4383
f 4391 4392 4384
f 4392 4385 4384
f 4392 4393 4385
f 4393 4386 4385
f 4393 4394 4386
f 4394 4379 4386
f 4394 4387 4379
f 4395 4388 4387
f 4395 4396 4388
f 4396 4389 4388
f 4396 4397 4389
f 4397 4390 4389
f 4397 4398 4390
f 4398 4391 4390
f 4398 4399 4391
f 4399 4392 4391
f 4399 4400 4392
f 4400 4393 4392
f 4400 4401 4393
f 4401 4394 4393
f 4401 4402 4394
f 4402 4387 4394
f 4402 4395 4387
f 4403 4396 4395
f 4403 4404 4396
f 4404 4397 4396
f 4404 4405 4397
f 4405 4398 4397
f 4405 4406 4398
f 4406 4399 4398
f 4406 4407 4399
f 4407 4400 4399
f 4407 4408 4400
f 4408 4401 4400
f 4408 4409 4401
f 4409 4402 4401
f 4409 4410 4402
f 4410 4395 4402
f 4410 4403 4395
f 4411 4413 4414
f 4412 4446 4445
f 4411 4414 4415
f 4412 4447 4446
f 4411 4415 4416
f 4412 4448 4447
f 4411 4416 4417
f 4412 4449 4448
f 4411 4417 4418
f 4412 4450 4449
f 4411 4418 4419
f 4412 4451 4450
f 4411 4419 4420
f 4412 4452 4451
f 4411 4420 4413
f 4412 4445 4452
f 4421 4414 4413
f 4421 4422 4414
f 4422 4415 4414
f 4422 4423 4415
f 4423 4416 4415
f 4423 4424 4416
f 4424 4417 4416
f 4424 4425 4417
f 4425 4418 4417
f 4425 4426 4418
f 4426 4419 4418
f 4426 4427 4419
f 4427 4420 4419
f 4427 4428 4420
f 4428 4413 4420
f 4428 4421 4413
f 4429 4422 4421
f 4429 4430 4422
f 4430 4423 4422
f 4430 4431 4423
f 4431 4424 4423
f 4431 4432 4424
f 4432 4425 4424
f 4432 4433 4425
f 4433 4426 4425
f 4433 4434 4426
f 4434 4427 4426
f 4434 4435 4427
f 4435 4428 4427
f 4435 4436 4428
f 4436 4421 4428
f 4436 4429 4421
f 4437 4430 4429
f 4437 4438 4430
f 4438 4431 4430
f 4438 4439 4431
f 4439 4432 4431
f 4439 4440 4432
f 4440 4433 4432
f 4440 4441 4433
f 4441 4434 4433
f 4441 4442 4434
f 4442 4435 4434
f 4442 4443 4435
f 4443 4436 4435
f 4443 4444 4436
f 4444 4429 4436
f 4444 4437 4429
f 4445 4438 4437
f 4445 4446 4438
f 4446 4439 4438
f 4446 4447 4439
f 4447 4440 4439
f 4447 4448 4440
f 4448 4441 4440
f 4448 4449 4441
f 4449 4442 4441
f 4449 4450 4442
f 4450 4443 4442
f 4450 4451 4443
f 4451 4444 4443
f 4451 4452 4444
f 4452 4437 4444
f 4452 4445 4437
f 4453 4455 4456
f 4454 4488 4487
f 4453 4456 4457
f 4454 4489 4488
f 4453 4457 4458
f 4454 4490 4489
f 4453 4458 4459
f 4454 4491 4490
f 4453 4459 4460
f 4454 4492 4491
f 4453 4460 4461
f 4454 4493 4492
f 4453 4461 4462
f 4454 4494 4493
f 4453 4462 4455
f 4454 4487 4494
f 4463 4456 4455
f 4463 4464 4456
f 4464 4457 4456
f 4464 4465 4457
f 4465 4458 4457
f 4465 4466 4458
f 4466 4459 4458
f 4466 4467 4459
f 4467 4460 4459
f 4467 4468 4460
f 4468 4461 4460
f 4468 4469 4461
f 4469 4462 4461
f 4469 4470 4462
f 4470 4455 4462
f 4470 4463 4455
f 4471 4464 4463
f 4471 4472 4464
f 4472 4465 4464
f 4472 4473 4465
f 4473 4466 4465
f 4473 4474 4466
f 4474 4467 4466
f 4474 4475 4467
f 4475 4468 4467
f 4475 4476 4468
f 4476 4469 4468
f 4476 4477 4469
f 4477 4470 4469
f 4477 4478 4470
f 4478 4463 4470
f 4478 4471 4463
f 4479 4472 4471
f 4479 4480 4472
f 4480 4473 4472
f 4480 4481 4473
f 4481 4474 4473
f 4481 4482 4474
f 4482 4475 4474
f 4482 4483 4475
f 4483 4476 4475
f 4483 4484 4476
f 4484 4477 4476
f 4484 4485 4477
f 4485 4478 4477
f 4485 4486 4478
f 4486 4471 4478
f 4486 4479 4471
f 4487 4480 4479
f 4487 4488 4480
f 4488 4481 4480
f 4488 4489 4481
f 4489 4482 4481
f 4489 4490 4482
f 4490 4483 4482
f 4490 4491 4483
f 4491 4484 4483
f 4491 4492 4484
f 4492 4485 4484
f 4492 4493 4485
f 4493 4486 4485
f 4493 4494 4486
f 4494 4479 4486
f 4494 4487 4479
f 4495 4497 4498
f 4496 4530 4529
f 4495 4498 4499
f 4496 4531 4530
f 4495 4499 4500
f 4496 4532 4531
f 4495 4500 4501
f 4496 4533 4532
f 4495 4501 4502
f 4496 4534 4533
f 4495 4502 4503
f 4496 4535 4534
f 4495 4503 4504
f 4496 4536 4535
f 4495 4504 4497
f 4496 4529 4536
f 4505 4498 4497
f 4505 4506 4498
f 4506 4499 4498
f 4506 4507 4499
f 4507 4500 4499
f 4507 4508 4500
f 4508 4501 4500
f 4508 4509 4501
f 4509 4502 4501
f 4509 4510 4502
f 4510 4503 4502
f 4510 4511 4503
f 4511 4504 4503
f 4511 4512 4504
f 4512 4497 4504
f 4512 4505 4497
f 4513 4506 4505
f 4513 4514 4506
f 4514 4507 4506
f 4514 4515 4507
f 4515 4508 4507
f 4515 4516 4508
f 4516 4509 4508
f 4516 4517 4509
f 4517 4510 4509
f 4517 4518 4510
f 4518 4511 4510
f 4518 4519 4511
f 4519 4512 4511
f 4519 4520 4512
f 4520 4505 4512
f 4520 4513 4505
f 4521 4514 4513
f 4521 4522 4514
f 4522 4515 4514
f 4522 4523 4515
f 4523 4516 4515
f 4523 4524 4516
f 4524 4517 4516
f 4524 4525 4517
f 4525 4518 4517
f 4525 4526 4518
f 4526 4519 4518
f 4526 4527 4519
f 4527 4520 4519
f 4527 4528 4520
f 4528 4513 4520
f 4528 4521 4513
f 4529 4522 4521
f 4529 4530 4522
f 4530 4523 4522
f 4530 4531 4523
f 4531 4524 4523
f 4531 4532 4524
f 4532 4525 4524
f 4532 4533 4525
f 4533 4526 4525
f 4533 4534 4526
f 4534 4527 4526
f 4534 4535 4527
f 4535 4528 4527
f 4535 4536 4528
f 4536 4521 4528
f 4536 4529 4521
f 4537 4539 4540
f 4538 4572 4571
f 4537 4540 4541
f 4538 4573 4572
f 4537 4541 4542
f 4538 4574 4573
f 4537 4542 4543
f 4538 4575 4574
f 4537 4543 4544
f 4538 4576 4575
f 4537 4544 4545
f 4538 4577 4576
f 4537 4545 4546
f 4538 4578 4577
f 4537 4546 4539
f 4538 4571 4578
f 4547 4540 4539
f 4547 4548 4540
f 4548 4541 4540
f 4548 4549 4541
f 4549 4542 4541
f 4549 4550 4542
f 4550 4543 4542
f 4550 4551 4543
f 4551 4544 4543
f 4551 4552 4544
f 4552 4545 4544
f 4552 4553 4545
f 4553 4546 4545
f 4553 4554 4546
f 4554 4539 4546
f 4554 4547 4539
f 4555 4548 4547
f 4555 4556 4548
f 4556 4549 4548
f 4556 4557 4549
f 4557 4550 4549
f 4557 4558 4550
f 4558 4551 4550
f 4558 4559 4551
f 4559 4552 4551
f 4559 4560 4552
f 4560 4553 4552
f 4560 4561 4553
f 4561 4554 4553
f 4561 4562 4554
f 4562 4547 4554
f 4562 4555 4547
f 4563 4556 4555
f 4563 4564 4556
f 4564 4557 4556
f 4564 4565 4557
f 4565 4558 4557
f 4565 4566 4558
f 4566 4559 4558
f 4566 4567 4559
f 4567 4560 4559
f 4567 4568 4560
f 4568 4561 4560
f 4568 4569 4561
f 4569 4562 4561
f 4569 4570 4562
f 4570 4555 4562
f 4570 4563 4555
f 4571 4564 4563
f 4571 4572 4564
f 4572 4565 4564
f 4572 4573 4565
f 4573 4566 4565
f 4573 4574 4566
f 4574 4567 4566
f 4574 4575 4567
f 4575 4568 4567
f 4575 4576 4568
f 4576 4569 4568
f 4576 4577 4569
f 4577 4570 4569
f 4577 4578 4570
f 4578 4563 4570
f 4578 4571 4563
f 4579 4581 4582
f 4580 4614 4613
f 4579 4582 4583
f 4580 4615 4614
f 4579 4583 4584
f 4580 4616 4615
f 4579 4584 4585
f 4580 4617 4616
f 4579 4585 4586
f 4580 4618 4617
f 4579 4586 4587
f 4580 4619 4618
f 4579 4587 4588
f 4580 4620 4619
f 4579 4588 4581
f 4580 4613 4620
f 4589 4582 4581
f 4589 4590 4582
f 4590 4583 4582
f 4590 4591 4583
f 4591 4584 4583
f 4591 4592 4584
f 4592 4585 4584
f 4592 4593 4585
f 4593 4586 4585
f 4593 4594 4586
f 4594 4587 4586
f 4594 4595 4587
f 4595 4588 4587
f 4595 4596 4588
f 4596 4581 4588
f 4596 4589 4581
f 4597 4590 4589
f 4597 4598 4590
f 4598 4591 4590
f 4598 4599 4591
f 4599 4592 4591
f 4599 4600 4592
f 4600 4593 4592
f 4600 4601 4593
f 4601 4594 4593
f 4601 4602 4594
f 4602 4595 4594
f 4602 4603 4595
f 4603 4596 4595
f 4603 4604 4596
f 4604 4589 4596
f 4604 4597 4589
f 4605 4598 4597
f 4605 4606 4598
f 4606 4599 4598
f 4606 4607 4599
f 4607 4600 4599
f 4607 4608 4600
f 4608 4601 4600
f 4608 4609 4601
f 4609 4602 4601
f 4609 4610 4602
f 4610 4603 4602
f 4610 4611 4603
f 4611 4604 4603
f 4611 4612 4604
f 4612 4597 4604
f 4612 4605 4597
f 4613 4606 4605
f 4613 4614 4606
f 4614 4607 4606
f 4614 4615 4607
f 4615 4608 4607
f 4615 4616 4608
f 4616 4609 4608
f 4616 4617 4609
f 4617 4610 4609
f 4617 4618 4610
f 4618 4611 4610
f 4618 4619 4611
f 4619 4612 4611
f 4619 4620 4612
f 4620 4605 4612
f 4620 4613 4605
f 4621 4623 4624
f 4622 4656 4655
f 4621 4624 4625
f 4622 4657 4656
f 4621 4625 4626
f 4622 4658 4657
f 4621 4626 4627
f 4622 4659 4658
f 4621 4627 4628
f 4622 4660 4659
f 4621 4628 4629
f 4622 4661 4660
f 4621 4629 4630
f 4622 4662 4661
f 4621 4630 4623
f 4622 4655 4662
f 4631 4624 4623
f 4631 4632 4624
f 4632 4625 4624
f 4632 4633 4625
f 4633 4626 4625
f 4633 4634 4626
f 4634 4627 4626
f 4634 4635 4627
f 4635 4628 4627
f 4635 4636 4628
f 4636 4629 4628
f 4636 4637 4629
f 4637 4630 4629
f 4637 4638 4630
f 4638 4623 4630
f 4638 4631 4623
f 4639 4632 4631
f 4639 4640 4632
f 4640 4633 4632
f 4640 4641 4633
f 4641 4634 4633
f 4641 4642 4634
f 4642 4635 4634
f 4642 4643 4635
f 4643 4636 4635
f 4643 4644 4636
f 4644 4637 4636
f 4644 4645 4637
f 4645 4638 4637
f 4645 4646 4638
f 4646 4631 4638
f 4646 4639 4631
f 4647 4640 4639
f 4647 4648 4640
f 4648 4641 4640
f 4648 4649 4641
f 4649 4642 4641
f 4649 4650 4642
f 4650 4643 4642
f 4650 4651 4643
f 4651 4644 4643
f 4651 4652 4644
f 4652 4645 4644
f 4652 4653 4645
f 4653 4646 4645
f 4653 4654 4646
f 4654 4639 4646
f 4654 4647 4639
f 4655 4648 4647
f 4655 4656 4648
f 4656 4649 4648
f 4656 4657 4649
f 4657 4650 4649
f 4657 4658 4650
f 4658 4651 4650
f 4658 4659 4651
f 4659 4652 4651
f 4659 4660 4652
f 4660 4653 4652
f 4660 4661 4653
f 4661 4654 4653
f 4661 4662 4654
f 4662 4647 4654
f 4662 4655 4647
f 4663 4665 4666
f 4664 4698 4697
f 4663 4666 4667
f 4664 4699 4698
f 4663 4667 4668
f 4664 4700 4699
f 4663 4668 4669
f 4664 4701 4700
f 4663 4669 4670
f 4664 4702 4701
f 4663 4670 4671
f 4664 4703 4702
f 4663 4671 4672
f 4664 4704 4703
f 4663 4672 4665
f 4664 4697 4704
f 4673 4666 4665
f 4673 4674 4666
f 4674 4667 4666
f 4674 4675 4667
f 4675 4668 4667
f 4675 4676 4668
f 4676 4669 4668
f 4676 4677 4669
f 4677 4670 4669
f 4677 4678 4670
f 4678 4671 4670
f 4678 4679 4671
f 4679 4672 4671
f 4679 4680 4672
f 4680 4665 4672
f 4680 4673 4665
f 4681 4674 4673
f 4681 4682 4674
f 4682 4675 4674
f 4682 4683 4675
f 4683 4676 4675
f 4683 4684 4676
f 4684 4677 4676
f 4684 4685 4677
f 4685 4678 4677
f 4685 4686 4678
f 4686 4679 4678
f 4686 4687 4679
f 4687 4680 4679
f 4687 4688 4680
f 4688 4673 4680
f 4688 4681 4673
f 4689 4682 4681
f 4689 4690 4682
f 4690 4683 4682
f 4690 4691 4683
f 4691 4684 4683
f 4691 4692 4684
f 4692 4685 4684
f 4692 4693 4685
f 4693 4686 4685
f 4693 4694 4686
f 4694 4687 4686
f 4694 4695 4687
f 4695 4688 4687
f 4695 4696 4688
f 4696 4681 4688
f 4696 4689 4681
f 4697 4690 4689
f 4697 4698 4690
f 4698 4691 4690
f 4698 4699 4691
f 4699 4692 4691
f 4699 4700 4692
f 4700 4693 4692
f 4700 4701 4693
f 4701 4694 4693
f 4701 4702 4694
f 4702 4695 4694
f 4702 4703 4695
f 4703 4696 4695
f 4703 4704 4696
f 4704 4689 4696
f 4704 4697 4689
f 4705 4707 4708
f 4706 4740 4739
f 4705 4708 4709
f 4706 4741 4740
f 4705 4709 4710
f 4706 4742 4741
f 4705 4710 4711
f 4706 4743 4742
f 4705 4711 4712
f 4706 4744 4743
f 4705 4712 4713
f 4706 4745 4744
f 4705 4713 4714
f 4706 4746 4745
f 4705 4714 4707
f 4706 4739 4746
f 4715 4708 4707
f 4715 4716 4708
f 4716 4709 4708
f 4716 4717 4709
f 4717 4710 4709
f 4717 4718 4710
f 4718 4711 4710
f 4718 4719 4711
f 4719 4712 4711
f 4719 4720 4712
f 4720 4713 4712
f 4720 4721 4713
f 4721 4714 4713
f 4721 4722 4714
f 4722 4707 4714
f 4722 4715 4707
f 4723 4716 4715
f 4723 4724 4716
f 4724 4717 4716
f 4724 4725 4717
f 4725 4718 4717
f 4725 4726 4718
f 4726 4719 4718
f 4726 4727 4719
f 4727 4720 4719
f 4727 4728 4720
f 4728 4721 4720
f 4728 4729 4721
f 4729 4722 4721
f 4729 4730 4722
f 4730 4715 4722
f 4730 4723 4715
f 4731 4724 4723
f 4731 4732 4724
f 4732 4725 4724
f 4732 4733 4725
f 4733 4726 4725
f 4733 4734 4726
f 4734 4727 4726
f 4734 4735 4727
f 4735 4728 4727
f 4735 4736 4728
f 4736 4729 4728
f 4736 4737 4729
f 4737 4730 4729
f 4737 4738 4730
f 4738 4723 4730
f 4738 4731 4723
f 4739 4732 4731
f 4739 4740 4732
f 4740 4733 4732
f 4740 4741 4733
f 4741 4734 4733
f 4741 4742 4734
f 4742 4735 4734
f 4742 4743 4735
f 4743 4736 4735
f 4743 4744 4736
f 4744 4737 4736
f 4744 4745 4737
f 4745 4738 4737
f 4745 4746 4738
f 4746 4731 4738
f 4746 4739 4731
f 4747 4749 4750
f 4748 4782 4781
f 4747 4750 4751
f 4748 4783 4782
f 4747 4751 4752
f 4748 4784 4783
f 4747 4752 4753
f 4748 4785 4784
f 4747 4753 4754
f 4748 4786 4785
f 4747 4754 4755
f 4748 4787 4786
f 4747 4755 4756
f 4748 4788 4787
f 4747 4756 4749
f 4748 4781 4788
f 4757 4750 4749
f 4757 4758 4750
f 4758 4751 4750
f 4758 4759 4751
f 4759 4752 4751
f 4759 4760 4752
f 4760 4753 4752
f 4760 4761 4753
f 4761 4754 4753
f 4761 4762 4754
f 4762 4755 4754
f 4762 4763 4755
f 4763 4756 4755
f 4763 4764 4756
f 4764 4749 4756
f 4764 4757 4749
f 4765 4758 4757
f 4765 4766 4758
f 4766 4759 4758
f 4766 4767 4759
f 4767 4760 4759
f 4767 4768 4760
f 4768 4761 4760
f 4768 4769 4761
f 4769 4762 4761
f 4769 4770 4762
f 4770 4763 4762
f 4770 4771 4763
f 4771 4764 4763
f 4771 4772 4764
f 4772 4757 4764
f 4772 4765 4757
f 4773 4766 4765
f 4773 4774 4766
f 4774 4767 4766
f 4774 4775 4767
f 4775 4768 4767
f 4775 4776 4768
f 4776 4769 4768
f 4776 4777 4769
f 4777 4770 4769
f 4777 4778 4770
f 4778 4771 4770
f 4778 4779 4771
f 4779 4772 4771
f 4779 4780 4772
f 4780 4765 4772
f 4780 4773 4765
f 4781 4774 4773
f 4781 4782 4774
f 4782 4775 4774
f 4782 4783 4775
f 4783 4776 4775
f 4783 4784 4776
f 4784 4777 4776
f 4784 4785 4777
f 4785 4778 4777
f 4785 4786 4778
f 4786 4779 4778
f 4786 4787 4779
f 4787 4780 4779
f 4787 4788 4780
f 4788 4773 4780
f 4788 4781 4773
f 4789 4791 4792
f 4790 4824 4823
f 4789 4792 4793
f 4790 4825 4824
f 4789 4793 4794
f 4790 4826 4825
f 4789 4794 4795
f 4790 4827 4826
f 4789 4795 4796
f 4790 4828 4827
f 4789 4796 4797
f 4790 4829 4828
f 4789 4797 4798
f 4790 4830 4829
f 4789 4798 4791
f 4790 4823 4830
f 4799 4792 4791
f 4799 4800 4792
f 4800 4793 4792
f 4800 4801 4793
f 4801 4794 4793
f 4801 4802 4794
f 4802 4795 4794
f 4802 4803 4795
f 4803 4796 4795
f 4803 4804 4796
f 4804 4797 4796
f 4804 4805 4797
f 4805 4798 4797
f 4805 4806 4798
f 4806 4791 4798
f 4806 4799 4791
f 4807 4800 4799
f 4807 4808 4800
f 4808 4801 4800
f 4808 4809 4801
f 4809 4802 4801
f 4809 4810 4802
f 4810 4803 4802
f 4810 4811 4803
f 4811 4804 4803
f 4811 4812 4804
f 4812 4805 4804
f 4812 4813 4805
f 4813 4806 4805
f 4813 4814 4806
f 4814 4799 4806
f 4814 4807 4799
f 4815 4808 4807
f 4815 4816 4808
f 4816 4809 4808
f 4816 4817 4809
f 4817 4810 4809
f 4817 4818 4810
f 4818 4811 4810
f 4818 4819 4811
f 4819 4812 4811
f 4819 4820 4812
f 4820 4813 4812
f 4820 4821 4813
f 4821 4814 4813
f 4821 4822 4814
f 4822 4807 4814
f 4822 4815 4807
f 4823 4816 4815
f 4823 4824 4816
f 4824 4817 4816
f 4824 4825 4817
f 4825 4818 4817
f 4825 4826 4818
f 4826 4819 4818
f 4826 4827 4819
f 4827 4820 4819
f 4827 4828 4820
f 4828 4821 4820
f 4828 4829 4821
f 4829 4822 4821
f 4829 4830 4822
f 4830 4815 4822
f 4830 4823 4815
f 4831 4833 4834
f 4832 4866 4865
f 4831 4834 4835
f 4832 4867 4866
f 4831 4835 4836
f 4832 4868 4867
f 4831 4836 4837
f 4832 4869 4868
f 4831 4837 4838
f 4832 4870 4869
f 4831 4838 4839
f 4832 4871 4870
f 4831 4839 4840
f 4832 4872 4871
f 4831 4840 4833
f 4832 4865 4872
f 4841 4834 4833
f 4841 4842 4834
f 4842 4835 4834
f 4842 4843 4835
f 4843 4836 4835
f 4843 4844 4836
f 4844 4837 4836
f 4844 4845 4837
f 4845 4838 4837
f 4845 4846 4838
f 4846 4839 4838
f 4846 4847 4839
f 4847 4840 4839
f 4847 4848 4840
f 4848 4833 4840
f 4848 4841 4833
f 4849 4842 4841
f 4849 4850 4842
f 4850 4843 4842
f 4850 4851 4843
f 4851 4844 4843
f 4851 4852 4844
f 4852 4845 4844
f 4852 4853 4845
f 4853 4846 4845
f 4853 4854 4846
f 4854 4847 4846
f 4854 4855 4847
f 4855 4848 4847
f 4855 4856 4848
f 4856 4841 4848
f 4856 4849 4841
f 4857 4850 4849
f 4857 4858 4850
f 4858 4851 4850
f 4858 4859 4851
f 4859 4852 4851
f 4859 4860 4852
f 4860 4853 4852
f 4860 4861 4853
f 4861 4854 4853
f 4861 4862 4854
f 4862 4855 4854
f 4862 4863 4855
f 4863 4856 4855
f 4863 4864 4856
f 4864 4849 4856
f 4864 4857 4849
f 4865 4858 4857
f 4865 4866 4858
f 4866 4859 4858
f 4866 4867 4859
f 4867 4860 4859
f 4867 4868 4860
f 4868 4861 4860
f 4868 4869 4861
f 4869 4862 4861
f 4869 4870 4862
f 4870 4863 4862
f 4870 4871 4863
f 4871 4864 4863
f 4871 4872 4864
f 4872 4857 4864
f 4872 4865 4857
f 4873 4875 4876
f 4874 4908 4907
f 4873 4876 4877
f 4874 4909 4908
f 4873 4877 4878
f 4874 4910 4909
f 4873 4878 4879
f 4874 4911 4910
f 4873 4879 4880
f 4874 4912 4911
f 4873 4880 4881
f 4874 4913 4912
f 4873 4881 4882
f 4874 4914 4913
f 4873 4882 4875
f 4874 4907 4914
f 4883 4876 4875
f 4883 4884 4876
f 4884 4877 4876
f 4884 4885 4877
f 4885 4878 4877
f 4885 4886 4878
f 4886 4879 4878
f 4886 4887 4879
f 4887 4880 4879
f 4887 4888 4880
f 4888 4881 4880
f 4888 4889 4881
f 4889 4882 4881
f 4889 4890 4882
f 4890 4875 4882
f 4890 4883 4875
f 4891 4884 4883
f 4891 4892 4884
f 4892 4885 4884
f 4892 4893 4885
f 4893 4886 4885
f 4893 4894 4886
f 4894 4887 4886
f 4894 4895 4887
f 4895 4888 4887
f 4895 4896 4888
f 4896 4889 4888
f 4896 4897 4889
f 4897 4890 4889
f 4897 4898 4890
f 4898 4883 4890
f 4898 4891 4883
f 4899 4892 4891
f 4899 4900 4892
f 4900 4893 4892
f 4900 4901 4893
f 4901 4894 4893
f 4901 4902 4894
f 4902 4895 4894
f 4902 4903 4895
f 4903 4896 4895
f 4903 4904 4896
f 4904 4897 4896
f 4904 4905 4897
f 4905 4898 4897
f 4905 4906 4898
f 4906 4891 4898
f 4906 4899 4891
f 4907 4900 4899
f 4907 4908 4900
f 4908 4901 4900
f 4908 4909 4901
f 4909 4902 4901
f 4909 4910 4902
f 4910 4903 4902
f 4910 4911 4903
f 4911 4904 4903
f 4911 4912 4904
f 4912 4905 4904
f 4912 4913 4905
f 4913 4906 4905
f 4913 4914 4906
f 4914 4899 4906
f 4914 4907 4899
f 4915 4917 4918
f 4916 4950 4949
f 4915 4918 4919
f 4916 4951 4950
f 4915 4919 4920
f 4916 4952 4951
f 4915 4920 4921
f 4916 4953 4952
f 4915 4921 4922
f 4916 4954 4953
f 4915 4922 4923
f 4916 4955 4954
f 4915 4923 4924
f 4916 4956 4955
f 4915 4924 4917
f 4916 4949 4956
f 4925 4918 4917
f 4925 4926 4918
f 4926 4919 4918
f 4926 4927 4919
f 4927 4920 4919
f 4927 4928 4920
f 4928 4921 4920
f 4928 4929 4921
f 4929 4922 4921
f 4929 4930 4922
f 4930 4923 4922
f 4930 4931 4923
f 4931 4924 4923
f 4931 4932 4924
f 4932 4917 4924
f 4932 4925 4917
f 4933 4926 4925
f 4933 4934 4926
f 4934 4927 4926
f 4934 4935 4927
f 4935 4928 4927
f 4935 4936 4928
f 4936 4929 4928
f 4936 4937 4929
f 4937 4930 4929
f 4937 4938 4930
f 4938 4931 4930
f 4938 4939 4931
f 4939 4932 4931
f 4939 4940 4932
f 4940 4925 4932
f 4940 4933 4925
f 4941 4934 4933
f 4941 4942 4934
f 4942 4935 4934
f 4942 4943 4935
f 4943 4936 4935
f 4943 4944 4936
f 4944 4937 4936
f 4944 4945 4937
f 4945 4938 4937
f 4945 4946 4938
f 4946 4939 4938
f 4946 4947 4939
f 4947 4940 4939
f 4947 4948 4940
f 4948 4933 4940
f 4948 4941 4933
f 4949 4942 4941
f 4949 4950 4942
f 4950 4943 4942
f 4950 4951 4943
f 4951 4944 4943
f 4951 4952 4944
f 4952 4945 4944
f 4952 4953 4945
f 4953 4946 4945
f 4953 4954 4946
f 4954 4947 4946
f 4954 4955 4947
f 4955 4948 4947
f 4955 4956 4948
f 4956 4941 4948
f 4956 4949 4941
f 4957 4959 4960
f 4958 4992 4991
f 4957 4960 4961
f 4958 4993 4992
f 4957 4961 4962
f 4958 4994 4993
f 4957 4962 4963
f 4958 4995 4994
f 4957 4963 4964
f 4958 4996 4995
f 4957 4964 4965
f 4958 4997 4996
f 4957 4965 4966
f 4958 4998 4997
f 4957 4966 4959
f 4958 4991 4998
f 4967 4960 4959
f 4967 4968 4960
f 4968 4961 4960
f 4968 4969 4961
f 4969 4962 4961
f 4969 4970 4962
f 4970 4963 4962
f 4970 4971 4963
f 4971 4964 4963
f 4971 4972 4964
f 4972 4965 4964
f 4972 4973 4965
f 4973 4966 4965
f 4973 4974 4966
f 4974 4959 4966
f 4974 4967 4959
f 4975 4968 4967
f 4975 4976 4968
f 4976 4969 4968
f 4976 4977 4969
f 4977 4970 4969
f 4977 4978 4970
f 4978 4971 4970
f 4978 4979 4971
f 4979 4972 4971
f 4979 4980 4972
f 4980 4973 4972
f 4980 4981 4973
f 4981 4974 4973
f 4981 4982 4974
f 4982 4967 4974
f 4982 4975 4967
f 4983 4976 4975
f 4983 4984 4976
f 4984 4977 4976
f 4984 4985 4977
f 4985 4978 4977
f 4985 4986 4978
f 4986 4979 4978
f 4986 4987 4979
f 4987 4980 4979
f 4987 4988 4980
f 4988 4981 4980
f 4988 4989 4981
f 4989 4982 4981
f 4989 4990 4982
f 4990 4975 4982
f 4990 4983 4975
f 4991 4984 4983
f 4991 4992 4984
f 4992 4985 4984
f 4992 4993 4985
f 4993 4986 4985
f 4993 4994 4986
f 4994 4987 4986
f 4994 4995 4987
f 4995 4988 4987
f 4995 4996 4988
f 4996 4989 4988
f 4996 4997 4989
f 4997 4990 4989
f 4997 4998 4990
f 4998 4983 4990
f 4998 4991 4983
f 4999 5001 5002
f 5000 5034 5033
f 4999 5002 5003
f 5000 5035 5034
f 4999 5003 5004
f 5000 5036 5035
f 4999 5004 5005
f 5000 5037 5036
f 4999 5005 5006
f 5000 5038 5037
f 4999 5006 5007
f 5000 5039 5038
f 4999 5007 5008
f 5000 5040 5039
f 4999 5008 5001
f 5000 5033 5040
f 5009 5002 5001
f 5009 5010 5002
f 5010 5003 5002
f 5010 5011 5003
f 5011 5004 5003
f 5011 5012 5004
f 5012 5005 5004
f 5012 5013 5005
f 5013 5006 5005
f 5013 5014 5006
f 5014 5007 5006
f 5014 5015 5007
f 5015 5008 5007
f 5015 5016 5008
f 5016 5001 5008
f 5016 5009 5001
f 5017 5010 5009
f 5017 5018 5010
f 5018 5011 5010
f 5018 5019 5011
f 5019 5012 5011
f 5019 5020 5012
f 5020 5013 5012
f 5020 5021 5013
f 5021 5014 5013
f 5021 5022 5014
f 5022 5015 5014
f 5022 5023 5015
f 5023 5016 5015
f 5023 5024 5016
f 5024 5009 5016
f 5024 5017 5009
f 5025 5018 5017
f 5025 5026 5018
f 5026 5019 5018
f 5026 5027 5019
f 5027 5020 5019
f 5027 5028 5020
f 5028 5021 5020
f 5028 5029 5021
f 5029 5022 5021
f 5029 5030 5022
f 5030 5023 5022
f 5030 5031 5023
f 5031 5024 5023
f 5031 5032 5024
f 5032 5017 5024
f 5032 5025 5017
f 5033 5026 5025
f 5033 5034 5026
f 5034 5027 5026
f 5034 5035 5027
f 5035 5028 5027
f 5035 5036 5028
f 5036 5029 5028
f 5036 5037 5029
f 5037 5030 5029
f 5037 5038 5030
f 5038 5031 5030
f 5038 5039 5031
f 5039 5032 5031
f 5039 5040 5032
f 5040 5025 5032
f 5040 5033 5025
f 5041 5043 5044
f 5042 5076 5075
f 5041 5044 5045
f 5042 5077 5076
f 5041 5045 5046
f 5042 5078 5077
f 5041 5046 5047
f 5042 5079 5078
f 5041 5047 5048
f 5042 5080 5079
f 5041 5048 5049
f 5042 5081 5080
f 5041 5049 5050
f 5042 5082 5081
f 5041 5050 5043
f 5042 5075 5082
f 5051 5044 5043
f 5051 5052 5044
f 5052 5045 5044
f 5052 5053 5045
f 5053 5046 5045
f 5053 5054 5046
f 5054 5047 5046
f 5054 5055 5047
f 5055 5048 5047
f 5055 5056 5048
f 5056 5049 5048
f 5056 5057 5049
f 5057 5050 5049
f 5057 5058 5050
f 5058 5043 5050
f 5058 5051 5043
f 5059 5052 5051
f 5059 5060 5052
f 5060 5053 5052
f 5060 5061 5053
f 5061 5054 5053
f 5061 5062 5054
f 5062 5055 5054
f 5062 5063 5055
f 5063 5056 5055
f 5063 5064 5056
f 5064 5057 5056
f 5064 5065 5057
f 5065 5058 5057
f 5065 5066 5058
f 5066 5051 5058
f 5066 5059 5051
f 5067 5060 5059
f 5067 5068 5060
f 5068 5061 5060
f 5068 5069 5061
f 5069 5062 5061
f 5069 5070 5062
f 5070 5063 5062
f 5070 5071 5063
f 5071 5064 5063
f 5071 5072 5064
f 5072 5065 5064
f 5072 5073 5065
f 5073 5066 5065
f 5073 5074 5066
f 5074 5059 5066
f 5074 5067 5059
f 5075 5068 5067
f 5075 5076 5068
f 5076 5069 5068
f 5076 5077 5069
f 5077 5070 5069
f 5077 5078 5070
f 5078 5071 5070
f 5078 5079 5071
f 5079 5072 5071
f 5079 5080 5072
f 5080 5073 5072
f 5080 5081 5073
f 5081 5074 5073
f 5081 5082 5074
f 5082 5067 5074
f 5082 5075 5067
f 5083 5085 5086
f 5084 5118 5117
f 5083 5086 5087
f 5084 5119 5118
f 5083 5087 5088
f 5084 5120 5119
f 5083 5088 5089
f 5084 5121 5120
f 5083 5089 5090
f 5084 5122 5121
f 5083 5090 5091
f 5084 5123 5122
f 5083 5091 5092
f 5084 5124 5123
f 5083 5092 5085
f 5084 5117 5124
f 5093 5086 5085
f 5093 5094 5086
f 5094 5087 5086
f 5094 5095 5087
f 5095 5088 5087
f 5095 5096 5088
f 5096 5089 5088
f 5096 5097 5089
f 5097 5090 5089
f 5097 5098 5090
f 5098 5091 5090
f 5098 5099 5091
f 5099 5092 5091
f 5099 5100 5092
f 5100 5085 5092
f 5100 5093 5085
f 5101 5094 5093
f 5101 5102 5094
f 5102 5095 5094
f 5102 5103 5095
f 5103 5096 5095
f 5103 5104 5096
f 5104 5097 5096
f 5104 5105 5097
f 5105 5098 5097
f 5105 5106 5098
f 5106 5099 5098
f 5106 5107 5099
f 5107 5100 5099
f 5107 5108 5100
f 5108 5093 5100
f 5108 5101 5093
f 5109 5102 5101
f 5109 5110 5102
f 5110 5103 5102
f 5110 5111 5103
f 5111 5104 5103
f 5111 5112 5104
f 5112 5105 5104
f 5112 5113 5105
f 5113 5106 5105
f 5113 5114 5106
f 5114 5107 5106
f 5114 5115 5107
f 5115 5108 5107
f 5115 5116 5108
f 5116 5101 5108
f 5116 5109 5101
f 5117 5110 5109
f 5117 5118 5110
f 5118 5111 5110
f 5118 5119 5111
f 5119 5112 5111
f 5119 5120 5112
f 5120 5113 5112
f 5120 5121 5113
f 5121 5114 5113
f 5121 5122 5114
f 5122 5115 5114
f 5122 5123 5115
f 5123 5116 5115
f 5123 5124 5116
f 5124 5109 5116
f 5124 5117 5109
f 5125 5127 5128
f 5126 5160 5159
f 5125 5128 5129
f 5126 5161 5160
f 5125 5129 5130
f 5126 5162 5161
f 5125 5130 5131
f 5126 5163 5162
f 5125 5131 5132
f 5126 5164 5163
f 5125 5132 5133
f 5126 5165 5164
f 5125 5133 5134
f 5126 5166 5165
f 5125 5134 5127
f 5126 5159 5166
f 5135 5128 5127
f 5135 5136 5128
f 5136 5129 5128
f 5136 5137 5129
f 5137 5130 5129
f 5137 5138 5130
f 5138 5131 5130
f 5138 5139 5131
f 5139 5132 5131
f 5139 5140 5132
f 5140 5133 5132
f 5140 5141 5133
f 5141 5134 5133
f 5141 5142 5134
f 5142 5127 5134
f 5142 5135 5127
f 5143 5136 5135
f 5143 5144 5136
f 5144 5137 5136
f 5144 5145 5137
f 5145 5138 5137
f 5145 5146 5138
f 5146 5139 5138
f 5146 5147 5139
f 5147 5140 5139
f 5147 5148 5140
f 5148 5141 5140
f 5148 5149 5141
f 5149 5142 5141
f 5149 5150 5142
f 5150 5135 5142
f 5150 5143 5135
f 5151 5144 5143
f 5151 5152 5144
f 5152 5145 5144
f 5152 5153 5145
f 5153 5146 5145
f 5153 5154 5146
f 5154 5147 5146
f 5154 5155 5147
f 5155 5148 5147
f 5155 5156 5148
f 5156 5149 5148
f 5156 5157 5149
f 5157 5150 5149
f 5157 5158 5150
f 5158 5143 5150
f 5158 5151 5143
f 5159 5152 5151
f 5159 5160 5152
f 5160 5153 5152
f 5160 5161 5153
f 5161 5154 5153
f 5161 5162 5154
f 5162 5155 5154
f 5162 5163 5155
f 5163 5156 5155
f 5163 5164 5156
f 5164 5157 5156
f 5164 5165 5157
f 5165 5158 5157
f 5165 5166 5158
f 5166 5151 5158
f 5166 5159 5151
f 5167 5169 5170
f 5168 5202 5201
f 5167 5170 5171
f 5168 5203 5202
f 5167 5171 5172
f 5168 5204 5203
f 5167 5172 5173
f 5168 5205 5204
f 5167 5173 5174
f 5168 5206 5205
f 5167 5174 5175
f 5168 5207 5206
f 5167 5175 5176
f 5168 5208 5207
f 5167 5176 5169
f 5168 5201 5208
f 5177 5170 5169
f 5177 5178 5170
f 5178 5171 5170
f 5178 5179 5171
f 5179 5172 5171
f 5179 5180 5172
f 5180 5173 5172
f 5180 5181 5173
f 5181 5174 5173
f 5181 5182 5174
f 5182 5175 5174
f 5182 5183 5175
f 5183 5176 5175
f 5183 5184 5176
f 5184 5169 5176
f 5184 5177 5169
f 5185 5178 5177
f 5185 5186 5178
f 5186 5179 5178
f 5186 5187 5179
f 5187 5180 5179
f 5187 5188 5180
f 5188 5181 5180
f 5188 5189 5181
f 5189 5182 5181
f 5189 5190 5182
f 5190 5183 5182
f 5190 5191 5183
f 5191 5184 5183
f 5191 5192 5184
f 5192 5177 5184
f 5192 5185 5177
f 5193 5186 5185
f 5193 5194 5186
f 5194 5187 5186
f 5194 5195 5187
f 5195 5188 5187
f 5195 5196 5188
f 5196 5189 5188
f 5196 5197 5189
f 5197 5190 5189
f 5197 5198 5190
f 5198 5191 5190
f 5198 5199 5191
f 5199 5192 5191
f 5199 5200 5192
f 5200 5185 5192
f 5200 5193 5185
f 5201 5194 5193
f 5201 5202 5194
f 5202 5195 5194
f 5202 5203 5195
f 5203 5196 5195
f 5203 5204 5196
f 5204 5197 5196
f 5204 5205 5197
f 5205 5198 5197
f 5205 5206 5198
f 5206 5199 5198
f 5206 5207 5199
f 5207 5200 5199
f 5207 5208 5200
f 5208 5193 5200
f 5208 5201 5193
f 5209 5211 5212
f 5210 5244 5243
f 5209 5212 5213
f 5210 5245 5244
f 5209 5213 5214
f 5210 5246 5245
f 5209 5214 5215
f 5210 5247 5246
f 5209 5215 5216
f 5210 5248 5247
f 5209 5216 5217
f 5210 5249 5248
f 5209 5217 5218
f 5210 5250 5249
f 5209 5218 5211
f 5210 5243 5250
f 5219 5212 5211
f 5219 5220 5212
f 5220 5213 5212
f 5220 5221 5213
f 5221 5214 5213
f 5221 5222 5214
f 5222 5215 5214
f 5222 5223 5215
f 5223 5216 5215
f 5223 5224 5216
f 5224 5217 5216
f 5224 5225 5217
f 5225 5218 5217
f 5225 5226 5218
f 5226 5211 5218
f 5226 5219 5211
f 5227 5220 5219
f 5227 5228 5220
f 5228 5221 5220
f 5228 5229 5221
f 5229 5222 5221
f 5229 5230 5222
f 5230 5223 5222
f 5230 5231 5223
f 5231 5224 5223
f 5231 5232 5224
f 5232 5225 5224
f 5232 5233 5225
f 5233 5226 5225
f 5233 5234 5226
f 5234 5219 5226
f 5234 5227 5219
f 5235 5228 5227
f 5235 5236 5228
f 5236 5229 5228
f 5236 5237 5229
f 5237 5230 5229
f 5237 5238 5230
f 5238 5231 5230
f 5238 5239 5231
f 5239 5232 5231
f 5239 5240 5232
f 5240 5233 5232
f 5240 5241 5233
f 5241 5234 5233
f 5241 5242 5234
f 5242 5227 5234
f 5242 5235 5227
f 5243 5236 5235
f 5243 5244 5236
f 5244 5237 5236
f 5244 5245 5237
f 5245 5238 5237
f 5245 5246 5238
f 5246 5239 5238
f 5246 5247 5239
f 5247 5240 5239
f 5247 5248 5240
f 5248 5241 5240
f 5248 5249 5241
f 5249 5242 5241
f 5249 5250 5242
f 5250 5235 5242
f 5250 5243 5235
f 5251 5253 5254
f 5252 5286 5285
f 5251 5254 5255
f 5252 5287 5286
f 5251 5255 5256
f 5252 5288 5287
f 5251 5256 5257
f 5252 5289 5288
f 5251 5257 5258
f 5252 5290 5289
f 5251 5258 5259
f 5252 5291 5290
f 5251 5259 5260
f 5252 5292 5291
f 5251 5260 5253
f 5252 5285 5292
f 5261 5254 5253
f 5261 5262 5254
f 5262 5255 5254
f 5262 5263 5255
f 5263 5256 5255
f 5263 5264 5256
f 5264 5257 5256
f 5264 5265 5257
f 5265 5258 5257
f 5265 5266 5258
f 5266 5259 5258
f 5266 5267 5259
f 5267 5260 5259
f 5267 5268 5260
f 5268 5253 5260
f 5268 5261 5253
f 5269 5262 5261
f 5269 5270 5262
f 5270 5263 5262
f 5270 5271 5263
f 5271 5264 5263
f 5271 5272 5264
f 5272 5265 5264
f 5272 5273 5265
f 5273 5266 5265
f 5273 5274 5266
f 5274 5267 5266
f 5274 5275 5267
f 5275 5268 5267
f 5275 5276 5268
f 5276 5261 5268
f 5276 5269 5261
f 5277 5270 5269
f 5277 5278 5270
f 5278 5271 5270
f 5278 5279 5271
f 5279 5272 5271
f 5279 5280 5272
f 5280 5273 5272
f 5280 5281 5273
f 5281 5274 5273
f 5281 5282 5274
f 5282 5275 5274
f 5282 5283 5275
f 5283 5276 5275
f 5283 5284 5276
f 5284 5269 5276
f 5284 5277 5269
f 5285 5278 5277
f 5285 5286 5278
f 5286 5279 5278
f 5286 5287 5279
f 5287 5280 5279
f 5287 5288 5280
f 5288 5281 5280
f 5288 5289 5281
f 5289 5282 5281
f 5289 5290 5282
f 5290 5283 5282
f 5290 5291 5283
f 5291 5284 5283
f 5291 5292 5284
f 5292 5277 5284
f 5292 5285 5277
f 5293 5295 5296
f 5294 5328 5327
f 5293 5296 5297
f 5294 5329 5328
f 5293 5297 5298
f 5294 5330 5329
f 5293 5298 5299
f 5294 5331 5330
f 5293 5299 5300
f 5294 5332 5331
f 5293 5300 5301
f 5294 5333 5332
f 5293 5301 5302
f 5294 5334 5333
f 5293 5302 5295
f 5294 5327 5334
f 5303 5296 5295
f 5303 5304 5296
f 5304 5297 5296
f 5304 5305 5297
f 5305 5298 5297
f 5305 5306 5298
f 5306 5299 5298
f 5306 5307 5299
f 5307 5300 5299
f 5307 5308 5300
f 5308 5301 5300
f 5308 5309 5301
f 5309 5302 5301
f 5309 5310 5302
f 5310 5295 5302
f 5310 5303 5295
f 5311 5304 5303
f 5311 5312 5304
f 5312 5305 5304
f 5312 5313 5305
f 5313 5306 5305
f 5313 5314 5306
f 5314 5307 5306
f 5314 5315 5307
f 5315 5308 5307
f 5315 5316 5308
f 5316 5309 5308
f 5316 5317 5309
f 5317 5310 5309
f 5317 5318 5310
f 5318 5303 5310
f 5318 5311 5303
f 5319 5312 5311
f 5319 5320 5312
f 5320 5313 5312
f 5320 5321 5313
f 5321 5314 5313
f 5321 5322 5314
f 5322 5315 5314
f 5322 5323 5315
f 5323 5316 5315
f 5323 5324 5316
f 5324 5317 5316
f 5324 5325 5317
f 5325 5318 5317
f 5325 5326 5318
f 5326 5311 5318
f 5326 5319 5311
f 5327 5320 5319
f 5327 5328 5320
f 5328 5321 5320
f 5328 5329 5321
f 5329 5322 5321
f 5329 5330 5322
f 5330 5323 5322
f 5330 5331 5323
f 5331 5324 5323
f 5331 5332 5324
f 5332 5325 5324
f 5332 5333 5325
f 5333 5326 5325
f 5333 5334 5326
f 5334 5319 5326
f 5334 5327 5319
f 5335 5337 5338
f 5336 5370 5369
f 5335 5338 5339
f 5336 5371 5370
f 5335 5339 5340
f 5336 5372 5371
f 5335 5340 5341
f 5336 5373 5372
f 5335 5341 5342
f 5336 5374 5373
f 5335 5342 5343
f 5336 5375 5374
f 5335 5343 5344
f 5336 5376 5375
f 5335 5344 5337
f 5336 5369 5376
f 5345 5338 5337
f 5345 5346 5338
f 5346 5339 5338
f 5346 5347 5339
f 5347 5340 5339
f 5347 5348 5340
f 5348 5341 5340
f 5348 5349 5341
f 5349 5342 5341
f 5349 5350 5342
f 5350 5343 5342
f 5350 5351 5343
f 5351 5344 5343
f 5351 5352 5344
f 5352 5337 5344
f 5352 5345 5337
f 5353 5346 5345
f 5353 5354 5346
f 5354 5347 5346
f 5354 5355 5347
f 5355 5348 5347
f 5355 5356 5348
f 5356 5349 5348
f 5356 5357 5349
f 5357 5350 5349
f 5357 5358 5350
f 5358 5351 5350
f 5358 5359 5351
f 5359 5352 5351
f 5359 5360 5352
f 5360 5345 5352
f 5360 5353 5345
f 5361 5354 5353
f 5361 5362 5354
f 5362 5355 5354
f 5362 5363 5355
f 5363 5356 5355
f 5363 5364 5356
f 5364 5357 5356
f 5364 5365 5357
f 5365 5358 5357
f 5365 5366 5358
f 5366 5359 5358
f 5366 5367 5359
f 5367 5360 5359
f 5367 5368 5360
f 5368 5353 5360
f 5368 5361 5353
f 5369 5362 5361
f 5369 5370 5362
f 5370 5363 5362
f 5370 5371 5363
f 5371 5364 5363
f 5371 5372 5364
f 5372 5365 5364
f 5372 5373 5365
f 5373 5366 5365
f 5373 5374 5366
f 5374 5367 5366
f 5374 5375 5367
f 5375 5368 5367
f 5375 5376 5368
f 5376 5361 5368
f 5376 5369 5361
f 5377 5379 5380
f 5378 5412 5411
f 5377 5380 5381
f 5378 5413 5412
f 5377 5381 5382
f 5378 5414 5413
f 5377 5382 5383
f 5378 5415 5414
f 5377 5383 5384
f 5378 5416 5415
f 5377 5384 5385
f 5378 5417 5416
f 5377 5385 5386
f 5378 5418 5417
f 5377 5386 5379
f 5378 5411 5418
f 5387 5380 5379
f 5387 5388 5380
f 5388 5381 5380
f 5388 5389 5381
f 5389 5382 5381
f 5389 5390 5382
f 5390 5383 5382
f 5390 5391 5383
f 5391 5384 5383
f 5391 5392 5384
f 5392 5385 5384
f 5392 5393 5385
f 5393 5386 5385
f 5393 5394 5386
f 5394 5379 5386
f 5394 5387 5379
f 5395 5388 5387
f 5395 5396 5388
f 5396 5389 5388
f 5396 5397 5389
f 5397 5390 5389
f 5397 5398 5390
f 5398 5391 5390
f 5398 5399 5391
f 5399 5392 5391
f 5399 5400 5392
f 5400 5393 5392
f 5400 5401 5393
f 5401 5394 5393
f 5401 5402 5394
f 5402 5387 5394
f 5402 5395 5387
f 5403 5396 5395
f 5403 5404 5396
f 5404 5397 5396
f 5404 5405 5397
f 5405 5398 5397
f 5405 5406 5398
f 5406 5399 5398
f 5406 5407 5399
f 5407 5400 5399
f 5407 5408 5400
f 5408 5401 5400
f 5408 5409 5401
f 5409 5402 5401
f 5409 5410 5402
f 5410 5395 5402
f 5410 5403 5395
f 5411 5404 5403
f 5411 5412 5404
f 5412 5405 5404
f 5412 5413 5405
f 5413 5406 5405
f 5413 5414 5406
f 5414 5407 5406
f 5414 5415 5407
f 5415 5408 5407
f 5415 5416 5408
f 5416 5409 5408
f 5416 5417 5409
f 5417 5410 5409
f 5417 5418 5410
f 5418 5403 5410
f 5418 5411 5403
f 5419 5421 5422
f 5420 5454 5453
f 5419 5422 5423
f 5420 5455 5454
f 5419 5423 5424
f 5420 5456 5455
f 5419 5424 5425
f 5420 5457 5456
f 5419 5425 5426
f 5420 5458 5457
f 5419 5426 5427
f 5420 5459 5458
f 5419 5427 5428
f 5420 5460 5459
f 5419 5428 5421
f 5420 5453 5460
f 5429 5422 5421
f 5429 5430 5422
f 5430 5423 5422
f 5430 5431 5423
f 5431 5424 5423
f 5431 5432 5424
f 5432 5425 5424
f 5432 5433 5425
f 5433 5426 5425
f 5433 5434 5426
f 5434 5427 5426
f 5434 5435 5427
f 5435 5428 5427
f 5435 5436 5428
f 5436 5421 5428
f 5436 5429 5421
f 5437 5430 5429
f 5437 5438 5430
f 5438 5431 5430
f 5438 5439 5431
f 5439 5432 5431
f 5439 5440 5432
f 5440 5433 5432
f 5440 5441 5433
f 5441 5434 5433
f 5441 5442 5434
f 5442 5435 5434
f 5442 5443 5435
f 5443 5436 5435
f 5443 5444 5436
f 5444 5429 5436
f 5444 5437 5429
f 5445 5438 5437
f 5445 5446 5438
f 5446 5439 5438
f 5446 5447 5439
f 5447 5440 5439
f 5447 5448 5440
f 5448 5441 5440
f 5448 5449 5441
f 5449 5442 5441
f 5449 5450 5442
f 5450 5443 5442
f 5450 5451 5443
f 5451 5444 5443
f 5451 5452 5444
f 5452 5437 5444
f 5452 5445 5437
f 5453 5446 5445
f 5453 5454 5446
f 5454 5447 5446
f 5454 5455 5447
f 5455 5448 5447
f 5455 5456 5448
f 5456 5449 5448
f 5456 5457 5449
f 5457 5450 5449
f 5457 5458 5450
f 5458 5451 5450
f 5458 5459 5451
f 5459 5452 5451
f 5459 5460 5452
f 5460 5445 5452
f 5460 5453 5445
f 5461 5463 5464
f 5462 5496 5495
f 5461 5464 5465
f 5462 5497 5496
f 5461 5465 5466
f 5462 5498 5497
f 5461 5466 5467
f 5462 5499 5498
f 5461 5467 5468
f 5462 5500 5499
f 5461 5468 5469
f 5462 5501 5500
f 5461 5469 5470
f 5462 5502 5501
f 5461 5470 5463
f 5462 5495 5502
f 5471 5464 5463
f 5471 5472 5464
f 5472 5465 5464
f 5472 5473 5465
f 5473 5466 5465
f 5473 5474 5466
f 5474 5467 5466
f 5474 5475 5467
f 5475 5468 5467
f 5475 5476 5468
f 5476 5469 5468
f 5476 5477 5469
f 5477 5470 5469
f 5477 5478 5470
f 5478 5463 5470
f 5478 5471 5463
f 5479 5472 5471
f 5479 5480 5472
f 5480 5473 5472
f 5480 5481 5473
f 5481 5474 5473
f 5481 5482 5474
f 5482 5475 5474
f 5482 5483 5475
f 5483 5476 5475
f 5483 5484 5476
f 5484 5477 5476
f 5484 5485 5477
f 5485 5478 5477
f 5485 5486 5478
f 5486 5471 5478
f 5486 5479 5471
f 5487 5480 5479
f 5487 5488 5480
f 5488 5481 5480
f 5488 5489 5481
f 5489 5482 5481
f 5489 5490 5482
f 5490 5483 5482
f 5490 5491 5483
f 5491 5484 5483
f 5491 5492 5484
f 5492 5485 5484
f 5492 5493 5485
f 5493 5486 5485
f 5493 5494 5486
f 5494 5479 5486
f 5494 5487 5479
f 5495 5488 5487
f 5495 5496 5488
f 5496 5489 5488
f 5496 5497 5489
f 5497 5490 5489
f 5497 5498 5490
f 5498 5491 5490
f 5498 5499 5491
f 5499 5492 5491
f 5499 5500 5492
f 5500 5493 5492
f 5500 5501 5493
f 5501 5494 5493
f 5501 5502 5494
f 5502 5487 5494
f 5502 5495 5487
f 5503 5505 5506
f 5504 5538 5537
f 5503 5506 5507
f 5504 5539 5538
f 5503 5507 5508
f 5504 5540 5539
f 5503 5508 5509
f 5504 5541 5540
f 5503 5509 5510
f 5504 5542 5541
f 5503 5510 5511
f 5504 5543 5542
f 5503 5511 5512
f 5504 5544 5543
f 5503 5512 5505
f 5504 5537 5544
f 5513 5506 5505
f 5513 5514 5506
f 5514 5507 5506
f 5514 5515 5507
f 5515 5508 5507
f 5515 5516 5508
f 5516 5509 5508
f 5516 5517 5509
f 5517 5510 5509
f 5517 5518 5510
f 5518 5511 5510
f 5518 5519 5511
f 5519 5512 5511
f 5519 5520 5512
f 5520 5505 5512
f 5520 5513 5505
f 5521 5514 5513
f 5521 5522 5514
f 5522 5515 5514
f 5522 5523 5515
f 5523 5516 5515
f 5523 5524 5516
f 5524 5517 5516
f 5524 5525 5517
f 5525 5518 5517
f 5525 5526 5518
f 5526 5519 5518
f 5526 5527 5519
f 5527 5520 5519
f 5527 5528 5520
f 5528 5513 5520
f 5528 5521 5513
f 5529 5522 5521
f 5529 5530 5522
f 5530 5523 5522
f 5530 5531 5523
f 5531 5524 5523
f 5531 5532 5524
f 5532 5525 5524
f 5532 5533 5525
f 5533 5526 5525
f 5533 5534 5526
f 5534 5527 5526
f 5534 5535 5527
f 5535 5528 5527
f 5535 5536 5528
f 5536 5521 5528
f 5536 5529 5521
f 5537 5530 5529
f 5537 5538 5530
f 5538 5531 5530
f 5538 5539 5531
f 5539 5532 5531
f 5539 5540 5532
f 5540 5533 5532
f 5540 5541 5533
f 5541 5534 5533
f 5541 5542 5534
f 5542 5535 5534
f 5542 5543 5535
f 5543 5536 5535
f 5543 5544 5536
f 5544 5529 5536
f 5544 5537 5529
f 5545 5547 5548
f 5546 5580 5579
f 5545 5548 5549
f 5546 5581 5580
f 5545 5549 5550
f 5546 5582 5581
f 5545 5550 5551
f 5546 5583 5582
f 5545 5551 5552
f 5546 5584 5583
f 5545 5552 5553
f 5546 5585 5584
f 5545 5553 5554
f 5546 5586 5585
f 5545 5554 5547
f 5546 5579 5586
f 5555 5548 5547
f 5555 5556 5548
f 5556 5549 5548
f 5556 5557 5549
f 5557 5550 5549
f 5557 5558 5550
f 5558 5551 5550
f 5558 5559 5551
f 5559 5552 5551
f 5559 5560 5552
f 5560 5553 5552
f 5560 5561 5553
f 5561 5554 5553
f 5561 5562 5554
f 5562 5547 5554
f 5562 5555 5547
f 5563 5556 5555
f 5563 5564 5556
f 5564 5557 5556
f 5564 5565 5557
f 5565 5558 5557
f 5565 5566 5558
f 5566 5559 5558
f 5566 5567 5559
f 5567 5560 5559
f 5567 5568 5560
f 5568 5561 5560
f 5568 5569 5561
f 5569 5562 5561
f 5569 5570 5562
f 5570 5555 5562
f 5570 5563 5555
f 5571 5564 5563
f 5571 5572 5564
f 5572 5565 5564
f 5572 5573 5565
f 5573 5566 5565
f 5573 5574 5566
f 5574 5567 5566
f 5574 5575 5567
f 5575 5568 5567
f 5575 5576 5568
f 5576 5569 5568
f 5576 5577 5569
f 5577 5570 5569
f 5577 5578 5570
f 5578 5563 5570
f 5578 5571 5563
f 5579 5572 5571
f 5579 5580 5572
f 5580 5573 5572
f 5580 5581 5573
f 5581 5574 5573
f 5581 5582 5574
f 5582 5575 5574
f 5582 5583 5575
f 5583 5576 5575
f 5583 5584 5576
f 5584 5577 5576
f 5584 5585 5577
f 5585 5578 5577
f 5585 5586 5578
f 5586 5571 5578
f 5586 5579 5571
f 5587 5589 5590
f 5588 5622 5621
f 5587 5590 5591
f 5588 5623 5622
f 5587 5591 5592
f 5588 5624 5623
f 5587 5592 5593
f 5588 5625 5624
f 5587 5593 5594
f 5588 5626 5625
f 5587 5594 5595
f 5588 5627 5626
f 5587 5595 5596
f 5588 5628 5627
f 5587 5596 5589
f 5588 5621 5628
f 5597 5590 5589
f 5597 5598 5590
f 5598 5591 5590
f 5598 5599 5591
f 5599 5592 5591
f 5599 5600 5592
f 5600 5593 5592
f 5600 5601 5593
f 5601 5594 5593
f 5601 5602 5594
f 5602 5595 5594
f 5602 5603 5595
f 5603 5596 5595
f 5603 5604 5596
f 5604 5589 5596
f 5604 5597 5589
f 5605 5598 5597
f 5605 5606 5598
f 5606 5599 5598
f 5606 5607 5599
f 5607 5600 5599
f 5607 5608 5600
f 5608 5601 5600
f 5608 5609 5601
f 5609 5602 5601
f 5609 5610 5602
f 5610 5603 5602
f 5610 5611 5603
f 5611 5604 5603
f 5611 5612 5604
f 5612 5597 5604
f 5612 5605 5597
f 5613 5606 5605
f 5613 5614 5606
f 5614 5607 5606
f 5614 5615 5607
f 5615 5608 5607
f 5615 5616 5608
f 5616 5609 5608
f 5616 5617 5609
f 5617 5610 5609
f 5617 5618 5610
f 5618 5611 5610
f 5618 5619 5611
f 5619 5612 5611
f 5619 5620 5612
f 5620 5605 5612
f 5620 5613 5605
f 5621 5614 5613
f 5621 5622 5614
f 5622 5615 5614
f 5622 5623 5615
f 5623 5616 5615
f 5623 5624 5616
f 5624 5617 5616
f 5624 5625 5617
f 5625 5618 5617
f 5625 5626 5618
f 5626 5619 5618
f 5626 5627 5619
f 5627 5620 5619
f 5627 5628 5620
f 5628 5613 5620
f 5628 5621 5613
f 5629 5631 5632
f 5630 5664 5663
f 5629 5632 5633
f 5630 5665 5664
f 5629 5633 5634
f 5630 5666 5665
f 5629 5634 5635
f 5630 5667 5666
f 5629 5635 5636
f 5630 5668 5667
f 5629 5636 5637
f 5630 5669 5668
f 5629 5637 5638
f 5630 5670 5669
f 5629 5638 5631
f 5630 5663 5670
f 5639 5632 5631
f 5639 5640 5632
f 5640 5633 5632
f 5640 5641 5633
f 5641 5634 5633
f 5641 5642 5634
f 5642 5635 5634
f 5642 5643 5635
f 5643 5636 5635
f 5643 5644 5636
f 5644 5637 5636
f 5644 5645 5637
f 5645 5638 5637
f 5645 5646 5638
f 5646 5631 5638
f 5646 5639 5631
f 5647 5640 5639
f 5647 5648 5640
f 5648 5641 5640
f 5648 5649 5641
f 5649 5642 5641
f 5649 5650 5642
f 5650 5643 5642
f 5650 5651 5643
f 5651 5644 5643
f 5651 5652 5644
f 5652 5645 5644
f 5652 5653 5645
f 5653 5646 5645
f 5653 5654 5646
f 5654 5639 5646
f 5654 5647 5639
f 5655 5648 5647
f 5655 5656 5648
f 5656 5649 5648
f 5656 5657 5649
f 5657 5650 5649
f 5657 5658 5650
f 5658 5651 5650
f 5658 5659 5651
f 5659 5652 5651
f 5659 5660 5652
f 5660 5653 5652
f 5660 5661 5653
f 5661 5654 5653
f 5661 5662 5654
f 5662 5647 5654
f 5662 5655 5647
f 5663 5656 5655
f 5663 5664 5656
f 5664 5657 5656
f 5664 5665 5657
f 5665 5658 5657
f 5665 5666 5658
f 5666 5659 5658
f 5666 5667 5659
f 5667 5660 5659
f 5667 5668 5660
f 5668 5661 5660
f 5668 5669 5661
f 5669 5662 5661
f 5669 5670 5662
f 5670 5655 5662
f 5670 5663 5655
f 5671 5673 5674
f 5672 5706 5705
f 5671 5674 5675
f 5672 5707 5706
f 5671 5675 5676
f 5672 5708 5707
f 5671 5676 5677
f 5672 5709 5708
f 5671 5677 5678
f 5672 5710 5709
f 5671 5678 5679
f 5672 5711 5710
f 5671 5679 5680
f 5672 5712 5711
f 5671 5680 5673
f 5672 5705 5712
f 5681 5674 5673
f 5681 5682 5674
f 5682 5675 5674
f 5682 5683 5675
f 5683 5676 5675
f 5683 5684 5676
f 5684 5677 5676
f 5684 5685 5677
f 5685 5678 5677
f 5685 5686 5678
f 5686 5679 5678
f 5686 5687 5679
f 5687 5680 5679
f 5687 5688 5680
f 5688 5673 5680
f 5688 5681 5673
f 5689 5682 5681
f 5689 5690 5682
f 5690 5683 5682
f 5690 5691 5683
f 5691 5684 5683
f 5691 5692 5684
f 5692 5685 5684
f 5692 5693 5685
f 5693 5686 5685
f 5693 5694 5686
f 5694 5687 5686
f 5694 5695 5687
f 5695 5688 5687
f 5695 5696 5688
f 5696 5681 5688
f 5696 5689 5681
f 5697 5690 5689
f 5697 5698 5690
f 5698 5691 5690
f 5698 5699 5691
f 5699 5692 5691
f 5699 5700 5692
f 5700 5693 5692
f 5700 5701 5693
f 5701 5694 5693
f 5701 5702 5694
f 5702 5695 5694
f 5702 5703 5695
f 5703 5696 5695
f 5703 5704 5696
f 5704 5689 5696
f 5704 5697 5689
f 5705 5698 5697
f 5705 5706 5698
f 5706 5699 5698
f 5706 5707 5699
f 5707 5700 5699
f 5707 5708 5700
f 5708 5701 5700
f 5708 5709 5701
f 5709 5702 5701
f 5709 5710 5702
f 5710 5703 5702
f 5710 5711 5703
f 5711 5704 5703
f 5711 5712 5704
f 5712 5697 5704
f 5712 5705 5697
f 5713 5715 5716
f 5714 5748 5747
f 5713 5716 5717
f 5714 5749 5748
f 5713 5717 5718
f 5714 5750 5749
f 5713 5718 5719
f 5714 5751 5750
f 5713 5719 5720
f 5714 5752 5751
f 5713 5720 5721
f 5714 5753 5752
f 5713 5721 5722
f 5714 5754 5753
f 5713 5722 5715
f 5714 5747 5754
f 5723 5716 5715
f 5723 5724 5716
f 5724 5717 5716
f 5724 5725 5717
f 5725 5718 5717
f 5725 5726 5718
f 5726 5719 5718
f 5726 5727 5719
f 5727 5720 5719
f 5727 5728 5720
f 5728 5721 5720
f 5728 5729 5721
f 5729 5722 5721
f 5729 5730 5722
f 5730 5715 5722
f 5730 5723 5715
f 5731 5724 5723
f 5731 5732 5724
f 5732 5725 5724
f 5732 5733 5725
f 5733 5726 5725
f 5733 5734 5726
f 5734 5727 5726
f 5734 5735 5727
f 5735 5728 5727
f 5735 5736 5728
f 5736 5729 5728
f 5736 5737 5729
f 5737 5730 5729
f 5737 5738 5730
f 5738 5723 5730
f 5738 5731 5723
f 5739 5732 5731
f 5739 5740 5732
f 5740 5733 5732
f 5740 5741 5733
f 5741 5734 5733
f 5741 5742 5734
f 5742 5735 5734
f 5742 5743 5735
f 5743 5736 5735
f 5743 5744 5736
f 5744 5737 5736
f 5744 5745 5737
f 5745 5738 5737
f 5745 5746 5738
f 5746 5731 5738
f 5746 5739 5731
f 5747 5740 5739
f 5747 5748 5740
f 5748 5741 5740
f 5748 5749 5741
f 5749 5742 5741
f 5749 5750 5742
f 5750 5743 5742
f 5750 5751 5743
f 5751 5744 5743
f 5751 5752 5744
f 5752 5745 5744
f 5752 5753 5745
f 5753 5746 5745
f 5753 5754 5746
f 5754 5739 5746
f 5754 5747 5739
f 5755 5757 5758
f 5756 5790 5789
f 5755 5758 5759
f 5756 5791 5790
f 5755 5759 5760
f 5756 5792 5791
f 5755 5760 5761
f 5756 5793 5792
f 5755 5761 5762
f 5756 5794 5793
f 5755 5762 5763
f 5756 5795 5794
f 5755 5763 5764
f 5756 5796 5795
f 5755 5764 5757
f 5756 5789 5796
f 5765 5758 5757
f 5765 5766 5758
f 5766 5759 5758
f 5766 5767 5759
f 5767 5760 5759
f 5767 5768 5760
f 5768 5761 5760
f 5768 5769 5761
f 5769 5762 5761
f 5769 5770 5762
f 5770 5763 5762
f 5770 5771 5763
f 5771 5764 5763
f 5771 5772 5764
f 5772 5757 5764
f 5772 5765 5757
f 5773 5766 5765
f 5773 5774 5766
f 5774 5767 5766
f 5774 5775 5767
f 5775 5768 5767
f 5775 5776 5768
f 5776 5769 5768
f 5776 5777 5769
f 5777 5770 5769
f 5777 5778 5770
f 5778 5771 5770
f 5778 5779 5771
f 5779 5772 5771
f 5779 5780 5772
f 5780 5765 5772
f 5780 5773 5765
f 5781 5774 5773
f 5781 5782 5774
f 5782 5775 5774
f 5782 5783 5775
f 5783 5776 5775
f 5783 5784 5776
f 5784 5777 5776
f 5784 5785 5777
f 5785 5778 5777
f 5785 5786 5778
f 5786 5779 5778
f 5786 5787 5779
f 5787 5780 5779
f 5787 5788 5780
f 5788 5773 5780
f 5788 5781 5773
f 5789 5782 5781
f 5789 5790 5782
f 5790 5783 5782
f 5790 5791 5783
f 5791 5784 5783
f 5791 5792 5784
f 5792 5785 5784
f 5792 5793 5785
f 5793 5786 5785
f 5793 5794 5786
f 5794 5787 5786
f 5794 5795 5787
f 5795 5788 5787
f 5795 5796 5788
f 5796 5781 5788
f 5796 5789 5781
f 5797 5799 5800
f 5798 5832 5831
f 5797 5800 5801
f 5798 5833 5832
f 5797 5801 5802
f 5798 5834 5833
f 5797 5802 5803
f 5798 5835 5834
f 5797 5803 5804
f 5798 5836 5835
f 5797 5804 5805
f 5798 5837 5836
f 5797 5805 5806
f 5798 5838 5837
f 5797 5806 5799
f 5798 5831 5838
f 5807 5800 5799
f 5807 5808 5800
f 5808 5801 5800
f 5808 5809 5801
f 5809 5802 5801
f 5809 5810 5802
f 5810 5803 5802
f 5810 5811 5803
f 5811 5804 5803
f 5811 5812 5804
f 5812 5805 5804
f 5812 5813 5805
f 5813 5806 5805
f 5813 5814 5806
f 5814 5799 5806
f 5814 5807 5799
f 5815 5808 5807
f 5815 5816 5808
f 5816 5809 5808
f 5816 5817 5809
f 5817 5810 5809
f 5817 5818 5810
f 5818 5811 5810
f 5818 5819 5811
f 5819 5812 5811
f 5819 5820 5812
f 5820 5813 5812
f 5820 5821 5813
f 5821 5814 5813
f 5821 5822 5814
f 5822 5807 5814
f 5822 5815 5807
f 5823 5816 5815
f 5823 5824 5816
f 5824 5817 5816
f 5824 5825 5817
f 5825 5818 5817
f 5825 5826 5818
f 5826 5819 5818
f 5826 5827 5819
f 5827 5820 5819
f 5827 5828 5820
f 5828 5821 5820
f 5828 5829 5821
f 5829 5822 5821
f 5829 5830 5822
f 5830 5815 5822
f 5830 5823 5815
f 5831 5824 5823
f 5831 5832 5824
f 5832 5825 5824
f 5832 5833 5825
f 5833 5826 5825
f 5833 5834 5826
f 5834 5827 5826
f 5834 5835 5827
f 5835 5828 5827
f 5835 5836 5828
f 5836 5829 5828
f 5836 5837 5829
f 5837 5830 5829
f 5837 5838 5830
f 5838 5823 5830
f 5838 5831 5823
f 5839 5841 5842
f 5840 5874 5873
f 5839 5842 5843
f 5840 5875 5874
f 5839 5843 5844
f 5840 5876 5875
f 5839 5844 5845
f 5840 5877 5876
f 5839 5845 5846
f 5840 5878 5877
f 5839 5846 5847
f 5840 5879 5878
f 5839 5847 5848
f 5840 5880 5879
f 5839 5848 5841
f 5840 5873 5880
f 5849 5842 5841
f 5849 5850 5842
f 5850 5843 5842
f 5850 5851 5843
f 5851 5844 5843
f 5851 5852 5844
f 5852 5845 5844
f 5852 5853 5845
f 5853 5846 5845
f 5853 5854 5846
f 5854 5847 5846
f 5854 5855 5847
f 5855 5848 5847
f 5855 5856 5848
f 5856 5841 5848
f 5856 5849 5841
f 5857 5850 5849
f 5857 5858 5850
f 5858 5851 5850
f 5858 5859 5851
f 5859 5852 5851
f 5859 5860 5852
f 5860 5853 5852
f 5860 5861 5853
f 5861 5854 5853
f 5861 5862 5854
f 5862 5855 5854
f 5862 5863 5855
f 5863 5856 5855
f 5863 5864 5856
f 5864 5849 5856
f 5864 5857 5849
f 5865 5858 5857
f 5865 5866 5858
f 5866 5859 5858
f 5866 5867 5859
f 5867 5860 5859
f 5867 5868 5860
f 5868 5861 5860
f 5868 5869 5861
f 5869 5862 5861
f 5869 5870 5862
f 5870 5863 5862
f 5870 5871 5863
f 5871 5864 5863
f 5871 5872 5864
f 5872 5857 5864
f 5872 5865 5857
f 5873 5866 5865
f 5873 5874 5866
f 5874 5867 5866
f 5874 5875 5867
f 5875 5868 5867
f 5875 5876 5868
f 5876 5869 5868
f 5876 5877 5869
f 5877 5870 5869
f 5877 5878 5870
f 5878 5871 5870
f 5878 5879 5871
f 5879 5872 5871
f 5879 5880 5872
f 5880 5865 5872
f 5880 5873 5865
f 5881 5883 5884
f 5882 5916 5915
f 5881 5884 5885
f 5882 5917 5916
f 5881 5885 5886
f 5882 5918 5917
f 5881 5886 5887
f 5882 5919 5918
f 5881 5887 5888
f 5882 5920 5919
f 5881 5888 5889
f 5882 5921 5920
f 5881 5889 5890
f 5882 5922 5921
f 5881 5890 5883
f 5882 5915 5922
f 5891 5884 5883
f 5891 5892 5884
f 5892 5885 5884
f 5892 5893 5885
f 5893 5886 5885
f 5893 5894 5886
f 5894 5887 5886
f 5894 5895 5887
f 5895 5888 5887
f 5895 5896 5888
f 5896 5889 5888
f 5896 5897 5889
f 5897 5890 5889
f 5897 5898 5890
f 5898 5883 5890
f 5898 5891 5883
f 5899 5892 5891
f 5899 5900 5892
f 5900 5893 5892
f 5900 5901 5893
f 5901 5894 5893
f 5901 5902 5894
f 5902 5895 5894
f 5902 5903 5895
f 5903 5896 5895
f 5903 5904 5896
f 5904 5897 5896
f 5904 5905 5897
f 5905 5898 5897
f 5905 5906 5898
f 5906 5891 5898
f 5906 5899 5891
f 5907 5900 5899
f 5907 5908 5900
f 5908 5901 5900
f 5908 5909 5901
f 5909 5902 5901
f 5909 5910 5902
f 5910 5903 5902
f 5910 5911 5903
f 5911 5904 5903
f 5911 5912 5904
f 5912 5905 5904
f 5912 5913 5905
f 5913 5906 5905
f 5913 5914 5906
f 5914 5899 5906
f 5914 5907 5899
f 5915 5908 5907
f 5915 5916 5908
f 5916 5909 5908
f 5916 5917 5909
f 5917 5910 5909
f 5917 5918 5910
f 5918 5911 5910
f 5918 5919 5911
f 5919 5912 5911
f 5919 5920 5912
f 5920 5913 5912
f 5920 5921 5913
f 5921 5914 5913
f 5921 5922 5914
f 5922 5907 5914
f 5922 5915 5907
f 5923 5925 5926
f 5924 5958 5957
f 5923 5926 5927
f 5924 5959 5958
f 5923 5927 5928
f 5924 5960 5959
f 5923 5928 5929
f 5924 5961 5960
f 5923 5929 5930
f 5924 5962 5961
f 5923 5930 5931
f 5924 5963 5962
f 5923 5931 5932
f 5924 5964 5963
f 5923 5932 5925
f 5924 5957 5964
f 5933 5926 5925
f 5933 5934 5926
f 5934 5927 5926
f 5934 5935 5927
f 5935 5928 5927
f 5935 5936 5928
f 5936 5929 5928
f 5936 5937 5929
f 5937 5930 5929
f 5937 5938 5930
f 5938 5931 5930
f 5938 5939 5931
f 5939 5932 5931
f 5939 5940 5932
f 5940 5925 5932
f 5940 5933 5925
f 5941 5934 5933
f 5941 5942 5934
f 5942 5935 5934
f 5942 5943 5935
f 5943 5936 5935
f 5943 5944 5936
f 5944 5937 5936
f 5944 5945 5937
f 5945 5938 5937
f 5945 5946 5938
f 5946 5939 5938
f 5946 5947 5939
f 5947 5940 5939
f 5947 5948 5940
f 5948 5933 5940
f 5948 5941 5933
f 5949 5942 5941
f 5949 5950 5942
f 5950 5943 5942
f 5950 5951 5943
f 5951 5944 5943
f 5951 5952 5944
f 5952 5945 5944
f 5952 5953 5945
f 5953 5946 5945
f 5953 5954 5946
f 5954 5947 5946
f 5954 5955 5947
f 5955 5948 5947
f 5955 5956 5948
f 5956 5941 5948
f 5956 5949 5941
f 5957 5950 5949
f 5957 5958 5950
f 5958 5951 5950
f 5958 5959 5951
f 5959 5952 5951
f 5959 5960 5952
f 5960 5953 5952
f 5960 5961 5953
f 5961 5954 5953
f 5961 5962 5954
f 5962 5955 5954
f 5962 5963 5955
f 5963 5956 5955
f 5963 5964 5956
f 5964 5949 5956
f 5964 5957 5949
f 5965 5967 5968
f 5966 6000 5999
f 5965 5968 5969
f 5966 6001 6000
f 5965 5969 5970
f 5966 6002 6001
f 5965 5970 5971
f 5966 6003 6002
f 5965 5971 5972
f 5966 6004 6003
f 5965 5972 5973
f 5966 6005 6004
f 5965 5973 5974
f 5966 6006 6005
f 5965 5974 5967
f 5966 5999 6006
f 5975 5968 5967
f 5975 5976 5968
f 5976 5969 5968
f 5976 5977 5969
f 5977 5970 5969
f 5977 5978 5970
f 5978 5971 5970
f 5978 5979 5971
f 5979 5972 5971
f 5979 5980 5972
f 5980 5973 5972
f 5980 5981 5973
f 5981 5974 5973
f 5981 5982 5974
f 5982 5967 5974
f 5982 5975 5967
f 5983 5976 5975
f 5983 5984 5976
f 5984 5977 5976
f 5984 5985 5977
f 5985 5978 5977
f 5985 5986 5978
f 5986 5979 5978
f 5986 5987 5979
f 5987 5980 5979
f 5987 5988 5980
f 5988 5981 5980
f 5988 5989 5981
f 5989 5982 5981
f 5989 5990 5982
f 5990 5975 5982
f 5990 5983 5975
f 5991 5984 5983
f 5991 5992 5984
f 5992 5985 5984
f 5992 5993 5985
f 5993 5986 5985
f 5993 5994 5986
f 5994 5987 5986
f 5994 5995 5987
f 5995 5988 5987
f 5995 5996 5988
f 5996 5989 5988
f 5996 5997 5989
f 5997 5990 5989
f 5997 5998 5990
f 5998 5983 5990
f 5998 5991 5983
f 5999 5992 5991
f 5999 6000 5992
f 6000 5993 5992
f 6000 6001 5993
f 6001 5994 5993
f 6001 6002 5994
f 6002 5995 5994
f 6002 6003 5995
f 6003 5996 5995
f 6003 6004 5996
f 6004 5997 5996
f 6004 6005 5997
f 6005 5998 5997
f 6005 6006 5998
f 6006 5991 5998
f 6006 5999 5991
f 6007 6009 6010
f 6008 6042 6041
f 6007 6010 6011
f 6008 6043 6042
f 6007 6011 6012
f 6008 6044 6043
f 6007 6012 6013
f 6008 6045 6044
f 6007 6013 6014
f 6008 6046 6045
f 6007 6014 6015
f 6008 6047 6046
f 6007 6015 6016
f 6008 6048 6047
f 6007 6016 6009
f 6008 6041 6048
f 6017 6010 6009
f 6017 6018 6010
f 6018 6011 6010
f 6018 6019 6011
f 6019 6012 6011
f 6019 6020 6012
f 6020 6013 6012
f 6020 6021 6013
f 6021 6014 6013
f 6021 6022 6014
f 6022 6015 6014
f 6022 6023 6015
f 6023 6016 6015
f 6023 6024 6016
f 6024 6009 6016
f 6024 6017 6009
f 6025 6018 6017
f 6025 6026 6018
f 6026 6019 6018
f 6026 6027 6019
f 6027 6020 6019
f 6027 6028 6020
f 6028 6021 6020
f 6028 6029 6021
f 6029 6022 6021
f 6029 6030 6022
f 6030 6023 6022
f 6030 6031 6023
f 6031 6024 6023
f 6031 6032 6024
f 6032 6017 6024
f 6032 6025 6017
f 6033 6026 6025
f 6033 6034 6026
f 6034 6027 6026
f 6034 6035 6027
f 6035 6028 6027
f 6035 6036 6028
f 6036 6029 6028
f 6036 6037 6029
f 6037 6030 6029
f 6037 6038 6030
f 6038 6031 6030
f 6038 6039 6031
f 6039 6032 6031
f 6039 6040 6032
f 6040 6025 6032
f 6040 6033 6025
f 6041 6034 6033
f 6041 6042 6034
f 6042 6035 6034
f 6042 6043 6035
f 6043 6036 6035
f 6043 6044 6036
f 6044 6037 6036
f 6044 6045 6037
f 6045 6038 6037
f 6045 6046 6038
f 6046 6039 6038
f 6046 6047 6039
f 6047 6040 6039
f 6047 6048 6040
f 6048 6033 6040
f 6048 6041 6033
f 6049 6051 6052
f 6050 6084 6083
f 6049 6052 6053
f 6050 6085 6084
f 6049 6053 6054
f 6050 6086 6085
f 6049 6054 6055
f 6050 6087 6086
f 6049 6055 6056
f 6050 6088 6087
f 6049 6056 6057
f 6050 6089 6088
f 6049 6057 6058
f 6050 6090 6089
f 6049 6058 6051
f 6050 6083 6090
f 6059 6052 6051
f 6059 6060 6052
f 6060 6053 6052
f 6060 6061 6053
f 6061 6054 6053
f 6061 6062 6054
f 6062 6055 6054
f 6062 6063 6055
f 6063 6056 6055
f 6063 6064 6056
f 6064 6057 6056
f 6064 6065 6057
f 6065 6058 6057
f 6065 6066 6058
f 6066 6051 6058
f 6066 6059 6051
f 6067 6060 6059
f 6067 6068 6060
f 6068 6061 6060
f 6068 6069 6061
f 6069 6062 6061
f 6069 6070 6062
f 6070 6063 6062
f 6070 6071 6063
f 6071 6064 6063
f 6071 6072 6064
f 6072 6065 6064
f 6072 6073 6065
f 6073 6066 6065
f 6073 6074 6066
f 6074 6059 6066
f 6074 6067 6059
f 6075 6068 6067
f 6075 6076 6068
f 6076 6069 6068
f 6076 6077 6069
f 6077 6070 6069
f 6077 6078 6070
f 6078 6071 6070
f 6078 6079 6071
f 6079 6072 6071
f 6079 6080 6072
f 6080 6073 6072
f 6080 6081 6073
f 6081 6074 6073
f 6081 6082 6074
f 6082 6067 6074
f 6082 6075 6067
f 6083 6076 6075
f 6083 6084 6076
f 6084 6077 6076
f 6084 6085 6077
f 6085 6078 6077
f 6085 6086 6078
f 6086 6079 6078
f 6086 6087 6079
f 6087 6080 6079
f 6087 6088 6080
f 6088 6081 6080
f 6088 6089 6081
f 6089 6082 6081
f 6089 6090 6082
f 6090 6075 6082
f 6090 6083 6075
f 6091 6093 6094
f 6092 6126 6125
f 6091 6094 6095
f 6092 6127 6126
f 6091 6095 6096
f 6092 6128 6127
f 6091 6096 6097
f 6092 6129 6128
f 6091 6097 6098
f 6092 6130 6129
f 6091 6098 6099
f 6092 6131 6130
f 6091 6099 6100
f 6092 6132 6131
f 6091 6100 6093
f 6092 6125 6132
f 6101 6094 6093
f 6101 6102 6094
f 6102 6095 6094
f 6102 6103 6095
f 6103 6096 6095
f 6103 6104 6096
f 6104 6097 6096
f 6104 6105 6097
f 6105 6098 6097
f 6105 6106 6098
f 6106 6099 6098
f 6106 6107 6099
f 6107 6100 6099
f 6107 6108 6100
f 6108 6093 6100
f 6108 6101 6093
f 6109 6102 6101
f 6109 6110 6102
f 6110 6103 6102
f 6110 6111 6103
f 6111 6104 6103
f 6111 6112 6104
f 6112 6105 6104
f 6112 6113 6105
f 6113 6106 6105
f 6113 6114 6106
f 6114 6107 6106
f 6114 6115 6107
f 6115 6108 6107
f 6115 6116 6108
f 6116 6101 6108
f 6116 6109 6101
f 6117 6110 6109
f 6117 6118 6110
f 6118 6111 6110
f 6118 6119 6111
f 6119 6112 6111
f 6119 6120 6112
f 6120 6113 6112
f 6120 6121 6113
f 6121 6114 6113
f 6121 6122 6114
f 6122 6115 6114
f 6122 6123 6115
f 6123 6116 6115
f 6123 6124 6116
f 6124 6109 6116
f 6124 6117 6109
f 6125 6118 6117
f 6125 6126 6118
f 6126 6119 6118
f 6126 6127 6119
f 6127 6120 6119
f 6127 6128 6120
f 6128 6121 6120
f 6128 6129 6121
f 6129 6122 6121
f 6129 6130 6122
f 6130 6123 6122
f 6130 6131 6123
f 6131 6124 6123
f 6131 6132 6124
f 6132 6117 6124
f 6132 6125 6117
f 6133 6135 6136
f 6134 6168 6167
f 6133 6136 6137
f 6134 6169 6168
f 6133 6137 6138
f 6134 6170 6169
f 6133 6138 6139
f 6134 6171 6170
f 6133 6139 6140
f 6134 6172 6171
f 6133 6140 6141
f 6134 6173 6172
f 6133 6141 6142
f 6134 6174 6173
f 6133 6142 6135
f 6134 6167 6174
f 6143 6136 6135
f 6143 6144 6136
f 6144 6137 6136
f 6144 6145 6137
f 6145 6138 6137
f 6145 6146 6138
f 6146 6139 6138
f 6146 6147 6139
f 6147 6140 6139
f 6147 6148 6140
f 6148 6141 6140
f 6148 6149 6141
f 6149 6142 6141
f 6149 6150 6142
f 6150 6135 6142
f 6150 6143 6135
f 6151 6144 6143
f 6151 6152 6144
f 6152 6145 6144
f 6152 6153 6145
f 6153 6146 6145
f 6153 6154 6146
f 6154 6147 6146
f 6154 6155 6147
f 6155 6148 6147
f 6155 6156 6148
f 6156 6149 6148
f 6156 6157 6149
f 6157 6150 6149
f 6157 6158 6150
f 6158 6143 6150
f 6158 6151 6143
f 6159 6152 6151
f 6159 6160 6152
f 6160 6153 6152
f 6160 6161 6153
f 6161 6154 6153
f 6161 6162 6154
f 6162 6155 6154
f 6162 6163 6155
f 6163 6156 6155
f 6163 6164 6156
f 6164 6157 6156
f 6164 6165 6157
f 6165 6158 6157
f 6165 6166 6158
f 6166 6151 6158
f 6166 6159 6151
f 6167 6160 6159
f 6167 6168 6160
f 6168 6161 6160
f 6168 6169 6161
f 6169 6162 6161
f 6169 6170 6162
f 6170 6163 6162
f 6170 6171 6163
f 6171 6164 6163
f 6171 6172 6164
f 6172 6165 6164
f 6172 6173 6165
f 6173 6166 6165
f 6173 6174 6166
f 6174 6159 6166
f 6174 6167 6159
f 6175 6177 6178
f 6176 6210 6209
f 6175 6178 6179
f 6176 6211 6210
f 6175 6179 6180
f 6176 6212 6211
f 6175 6180 6181
f 6176 6213 6212
f 6175 6181 6182
f 6176 6214 6213
f 6175 6182 6183
f 6176 6215 6214
f 6175 6183 6184
f 6176 6216 6215
f 6175 6184 6177
f 6176 6209 6216
f 6185 6178 6177
f 6185 6186 6178
f 6186 6179 6178
f 6186 6187 6179
f 6187 6180 6179
f 6187 6188 6180
f 6188 6181 6180
f 6188 6189 6181
f 6189 6182 6181
f 6189 6190 6182
f 6190 6183 6182
f 6190 6191 6183
f 6191 6184 6183
f 6191 6192 6184
f 6192 6177 6184
f 6192 6185 6177
f 6193 6186 6185
f 6193 6194 6186
f 6194 6187 6186
f 6194 6195 6187
f 6195 6188 6187
f 6195 6196 6188
f 6196 6189 6188
f 6196 6197 6189
f 6197 6190 6189
f 6197 6198 6190
f 6198 6191 6190
f 6198 6199 6191
f 6199 6192 6191
f 6199 6200 6192
f 6200 6185 6192
f 6200 6193 6185
f 6201 6194 6193
f 6201 6202 6194
f 6202 6195 6194
f 6202 6203 6195
f 6203 6196 6195
f 6203 6204 6196
f 6204 6197 6196
f 6204 6205 6197
f 6205 6198 6197
f 6205 6206 6198
f 6206 6199 6198
f 6206 6207 6199
f 6207 6200 6199
f 6207 6208 6200
f 6208 6193 6200
f 6208 6201 6193
f 6209 6202 6201
f 6209 6210 6202
f 6210 6203 6202
f 6210 6211 6203
f 6211 6204 6203
f 6211 6212 6204
f 6212 6205 6204
f 6212 6213 6205
f 6213 6206 6205
f 6213 6214 6206
f 6214 6207 6206
f 6214 6215 6207
f 6215 6208 6207
f 6215 6216 6208
f 6216 6201 6208
f 6216 6209 6201
f 6217 6219 6220
f 6218 6252 6251
f 6217 6220 6221
f 6218 6253 6252
f 6217 6221 6222
f 6218 6254 6253
f 6217 6222 6223
f 6218 6255 6254
f 6217 6223 6224
f 6218 6256 6255
f 6217 6224 6225
f 6218 6257 6256
f 6217 6225 6226
f 6218 6258 6257
f 6217 6226 6219
f 6218 6251 6258
f 6227 6220 6219
f 6227 6228 6220
f 6228 6221 6220
f 6228 6229 6221
f 6229 6222 6221
f 6229 6230 6222
f 6230 6223 6222
f 6230 6231 6223
f 6231 6224 6223
f 6231 6232 6224
f 6232 6225 6224
f 6232 6233 6225
f 6233 6226 6225
f 6233 6234 6226
f 6234 6219 6226
f 6234 6227 6219
f 6235 6228 6227
f 6235 6236 6228
f 6236 6229 6228
f 6236 6237 6229
f 6237 6230 6229
f 6237 6238 6230
f 6238 6231 6230
f 6238 6239 6231
f 6239 6232 6231
f 6239 6240 6232
f 6240 6233 6232
f 6240 6241 6233
f 6241 6234 6233
f 6241 6242 6234
f 6242 6227 6234
f 6242 6235 6227
f 6243 6236 6235
f 6243 6244 6236
f 6244 6237 6236
f 6244 6245 6237
f 6245 6238 6237
f 6245 6246 6238
f 6246 6239 6238
f 6246 6247 6239
f 6247 6240 6239
f 6247 6248 6240
f 6248 6241 6240
f 6248 6249 6241
f 6249 6242 6241
f 6249 6250 6242
f 6250 6235 6242
f 6250 6243 6235
f 6251 6244 6243
f 6251 6252 6244
f 6252 6245 6244
f 6252 6253 6245
f 6253 6246 6245
f 6253 6254 6246
f 6254 6247 6246
f 6254 6255 6247
f 6255 6248 6247
f 6255 6256 6248
f 6256 6249 6248
f 6256 6257 6249
f 6257 6250 6249
f 6257 6258 6250
f 6258 6243 6250
f 6258 6251 6243
f 6259 6261 6262
f 6260 6294 6293
f 6259 6262 6263
f 6260 6295 6294
f 6259 6263 6264
f 6260 6296 6295
f 6259 6264 6265
f 6260 6297 6296
f 6259 6265 6266
f 6260 6298 6297
f 6259 6266 6267
f 6260 6299 6298
f 6259 6267 6268
f 6260 6300 6299
f 6259 6268 6261
f 6260 6293 6300
f 6269 6262 6261
f 6269 6270 6262
f 6270 6263 6262
f 6270 6271 6263
f 6271 6264 6263
f 6271 6272 6264
f 6272 6265 6264
f 6272 6273 6265
f 6273 6266 6265
f 6273 6274 6266
f 6274 6267 6266
f 6274 6275 6267
f 6275 6268 6267
f 6275 6276 6268
f 6276 6261 6268
f 6276 6269 6261
f 6277 6270 6269
f 6277 6278 6270
f 6278 6271 6270
f 6278 6279 6271
f 6279 6272 6271
f 6279 6280 6272
f 6280 6273 6272
f 6280 6281 6273
f 6281 6274 6273
f 6281 6282 6274
f 6282 6275 6274
f 6282 6283 6275
f 6283 6276 6275
f 6283 6284 6276
f 6284 6269 6276
f 6284 6277 6269
f 6285 6278 6277
f 6285 6286 6278
f 6286 6279 6278
f 6286 6287 6279
f 6287 6280 6279
f 6287 6288 6280
f 6288 6281 6280
f 6288 6289 6281
f 6289 6282 6281
f 6289 6290 6282
f 6290 6283 6282
f 6290 6291 6283
f 6291 6284 6283
f 6291 6292 6284
f 6292 6277 6284
f 6292 6285 6277
f 6293 6286 6285
f 6293 6294 6286
f 6294 6287 6286
f 6294 6295 6287
f 6295 6288 6287
f 6295 6296 6288
f 6296 6289 6288
f 6296 6297 6289
f 6297 6290 6289
f 6297 6298 6290
f 6298 6291 6290
f 6298 6299 6291
f 6299 6292 6291
f 6299 6300 6292
f 6300 6285 6292
f 6300 6293 6285
f 6301 6303 6304
f 6302 6336 6335
f 6301 6304 6305
f 6302 6337 6336
f 6301 6305 6306
f 6302 6338 6337
f 6301 6306 6307
f 6302 6339 6338
f 6301 6307 6308
f 6302 6340 6339
f 6301 6308 6309
f 6302 6341 6340
f 6301 6309 6310
f 6302 6342 6341
f 6301 6310 6303
f 6302 6335 6342
f 6311 6304 6303
f 6311 6312 6304
f 6312 6305 6304
f 6312 6313 6305
f 6313 6306 6305
f 6313 6314 6306
f 6314 6307 6306
f 6314 6315 6307
f 6315 6308 6307
f 6315 6316 6308
f 6316 6309 6308
f 6316 6317 6309
f 6317 6310 6309
f 6317 6318 6310
f 6318 6303 6310
f 6318 6311 6303
f 6319 6312 6311
f 6319 6320 6312
f 6320 6313 6312
f 6320 6321 6313
f 6321 6314 6313
f 6321 6322 6314
f 6322 6315 6314
f 6322 6323 6315
f 6323 6316 6315
f 6323 6324 6316
f 6324 6317 6316
f 6324 6325 6317
f 6325 6318 6317
f 6325 6326 6318
f 6326 6311 6318
f 6326 6319 6311
f 6327 6320 6319
f 6327 6328 6320
f 6328 6321 6320
f 6328 6329 6321
f 6329 6322 6321
f 6329 6330 6322
f 6330 6323 6322
f 6330 6331 6323
f 6331 6324 6323
f 6331 6332 6324
f 6332 6325 6324
f 6332 6333 6325
f 6333 6326 6325
f 6333 6334 6326
f 6334 6319 6326
f 6334 6327 6319
f 6335 6328 6327
f 6335 6336 6328
f 6336 6329 6328
f 6336 6337 6329
f 6337 6330 6329
f 6337 6338 6330
f 6338 6331 6330
f 6338 6339 6331
f 6339 6332 6331
f 6339 6340 6332
f 6340 6333 6332
f 6340 6341 6333
f 6341 6334 6333
f 6341 6342 6334
f 6342 6327 6334
f 6342 6335 6327
f 6343 6345 6346
f 6344 6378 6377
f 6343 6346 6347
f 6344 6379 6378
f 6343 6347 6348
f 6344 6380 6379
f 6343 6348 6349
f 6344 6381 6380
f 6343 6349 6350
f 6344 6382 6381
f 6343 6350 6351
f 6344 6383 6382
f 6343 6351 6352
f 6344 6384 6383
f 6343 6352 6345
f 6344 6377 6384
f 6353 6346 6345
f 6353 6354 6346
f 6354 6347 6346
f 6354 6355 6347
f 6355 6348 6347
f 6355 6356 6348
f 6356 6349 6348
f 6356 6357 6349
f 6357 6350 6349
f 6357 6358 6350
f 6358 6351 6350
f 6358 6359 6351
f 6359 6352 6351
f 6359 6360 6352
f 6360 6345 6352
f 6360 6353 6345
f 6361 6354 6353
f 6361 6362 6354
f 6362 6355 6354
f 6362 6363 6355
f 6363 6356 6355
f 6363 6364 6356
f 6364 6357 6356
f 6364 6365 6357
f 6365 6358 6357
f 6365 6366 6358
f 6366 6359 6358
f 6366 6367 6359
f 6367 6360 6359
f 6367 6368 6360
f 6368 6353 6360
f 6368 6361 6353
f 6369 6362 6361
f 6369 6370 6362
f 6370 6363 6362
f 6370 6371 6363
f 6371 6364 6363
f 6371 6372 6364
f 6372 6365 6364
f 6372 6373 6365
f 6373 6366 6365
f 6373 6374 6366
f 6374 6367 6366
f 6374 6375 6367
f 6375 6368 6367
f 6375 6376 6368
f 6376 6361 6368
f 6376 6369 6361
f 6377 6370 6369
f 6377 6378 6370
f 6378 6371 6370
f 6378 6379 6371
f 6379 6372 6371
f 6379 6380 6372
f 6380 6373 6372
f 6380 6381 6373
f 6381 6374 6373
f 6381 6382 6374
f 6382 6375 6374
f 6382 6383 6375
f 6383 6376 6375
f 6383 6384 6376
f 6384 6369 6376
f 6384 6377 6369
f 6385 6387 6388
f 6386 6420 6419
f 6385 6388 6389
f 6386 6421 6420
f 6385 6389 6390
f 6386 6422 6421
f 6385 6390 6391
f 6386 6423 6422
f 6385 6391 6392
f 6386 6424 6423
f 6385 6392 6393
f 6386 6425 6424
f 6385 6393 6394
f 6386 6426 6425
f 6385 6394 6387
f 6386 6419 6426
f 6395 6388 6387
f 6395 6396 6388
f 6396 6389 6388
f 6396 6397 6389
f 6397 6390 6389
f 6397 6398 6390
f 6398 6391 6390
f 6398 6399 6391
f 6399 6392 6391
f 6399 6400 6392
f 6400 6393 6392
f 6400 6401 6393
f 6401 6394 6393
f 6401 6402 6394
f 6402 6387 6394
f 6402 6395 6387
f 6403 6396 6395
f 6403 6404 6396
f 6404 6397 6396
f 6404 6405 6397
f 6405 6398 6397
f 6405 6406 6398
f 6406 6399 6398
f 6406 6407 6399
f 6407 6400 6399
f 6407 6408 6400
f 6408 6401 6400
f 6408 6409 6401
f 6409 6402 6401
f 6409 6410 6402
f 6410 6395 6402
f 6410 6403 6395
f 6411 6404 6403
f 6411 6412 6404
f 6412 6405 6404
f 6412 6413 6405
f 6413 6406 6405
f 6413 6414 6406
f 6414 6407 6406
f 6414 6415 6407
f 6415 6408 6407
f 6415 6416 6408
f 6416 6409 6408
f 6416 6417 6409
f 6417 6410 6409
f 6417 6418 6410
f 6418 6403 6410
f 6418 6411 6403
f 6419 6412 6411
f 6419 6420 6412
f 6420 6413 6412
f 6420 6421 6413
f 6421 6414 6413
f 6421 6422 6414
f 6422 6415 6414
f 6422 6423 6415
f 6423 6416 6415
f 6423 6424 6416
f 6424 6417 6416
f 6424 6425 6417
f 6425 6418 6417
f 6425 6426 6418
f 6426 6411 6418
f 6426 6419 6411
f 6427 6429 6430
f 6428 6462 6461
f 6427 6430 6431
f 6428 6463 6462
f 6427 6431 6432
f 6428 6464 6463
f 6427 6432 6433
f 6428 6465 6464
f 6427 6433 6434
f 6428 6466 6465
f 6427 6434 6435
f 6428 6467 6466
f 6427 6435 6436
f 6428 6468 6467
f 6427 6436 6429
f 6428 6461 6468
f 6437 6430 6429
f 6437 6438 6430
f 6438 6431 6430
f 6438 6439 6431
f 6439 6432 6431
f 6439 6440 6432
f 6440 6433 6432
f 6440 6441 6433
f 6441 6434 6433
f 6441 6442 6434
f 6442 6435 6434
f 6442 6443 6435
f 6443 6436 6435
f 6443 6444 6436
f 6444 6429 6436
f 6444 6437 6429
f 6445 6438 6437
f 6445 6446 6438
f 6446 6439 6438
f 6446 6447 6439
f 6447 6440 6439
f 6447 6448 6440
f 6448 6441 6440
f 6448 6449 6441
f 6449 6442 6441
f 6449 6450 6442
f 6450 6443 6442
f 6450 6451 6443
f 6451 6444 6443
f 6451 6452 6444
f 6452 6437 6444
f 6452 6445 6437
f 6453 6446 6445
f 6453 6454 6446
f 6454 6447 6446
f 6454 6455 6447
f 6455 6448 6447
f 6455 6456 6448
f 6456 6449 6448
f 6456 6457 6449
f 6457 6450 6449
f 6457 6458 6450
f 6458 6451 6450
f 6458 6459 6451
f 6459 6452 6451
f 6459 6460 6452
f 6460 6445 6452
f 6460 6453 6445
f 6461 6454 6453
f 6461 6462 6454
f 6462 6455 6454
f 6462 6463 6455
f 6463 6456 6455
f 6463 6464 6456
f 6464 6457 6456
f 6464 6465 6457
f 6465 6458 6457
f 6465 6466 6458
f 6466 6459 6458
f 6466 6467 6459
f 6467 6460 6459
f 6467 6468 6460
f 6468 6453 6460
f 6468 6461 6453
f 6469 6471 6472
f 6470 6504 6503
f 6469 6472 6473
f 6470 6505 6504
f 6469 6473 6474
f 6470 6506 6505
f 6469 6474 6475
f 6470 6507 6506
f 6469 6475 6476
f 6470 6508 6507
f 6469 6476 6477
f 6470 6509 6508
f 6469 6477 6478
f 6470 6510 6509
f 6469 6478 6471
f 6470 6503 6510
f 6479 6472 6471
f 6479 6480 6472
f 6480 6473 6472
f 6480 6481 6473
f 6481 6474 6473
f 6481 6482 6474
f 6482 6475 6474
f 6482 6483 6475
f 6483 6476 6475
f 6483 6484 6476
f 6484 6477 6476
f 6484 6485 6477
f 6485 6478 6477
f 6485 6486 6478
f 6486 6471 6478
f 6486 6479 6471
f 6487 6480 6479
f 6487 6488 6480
f 6488 6481 6480
f 6488 6489 6481
f 6489 6482 6481
f 6489 6490 6482
f 6490 6483 6482
f 6490 6491 6483
f 6491 6484 6483
f 6491 6492 6484
f 6492 6485 6484
f 6492 6493 6485
f 6493 6486 6485
f 6493 6494 6486
f 6494 6479 6486
f 6494 6487 6479
f 6495 6488 6487
f 6495 6496 6488
f 6496 6489 6488
f 6496 6497 6489
f 6497 6490 6489
f 6497 6498 6490
f 6498 6491 6490
f 6498 6499 6491
f 6499 6492 6491
f 6499 6500 6492
f 6500 6493 6492
f 6500 6501 6493
f 6501 6494 6493
f 6501 6502 6494
f 6502 6487 6494
f 6502 6495 6487
f 6503 6496 6495
f 6503 6504 6496
f 6504 6497 6496
f 6504 6505 6497
f 6505 6498 6497
f 6505 6506 6498
f 6506 6499 6498
f 6506 6507 6499
f 6507 6500 6499
f 6507 6508 6500
f 6508 6501 6500
f 6508 6509 6501
f 6509 6502 6501
f 6509 6510 6502
f 6510 6495 6502
f 6510 6503 6495
f 6511 6513 6514
f 6512 6546 6545
f 6511 6514 6515
f 6512 6547 6546
f 6511 6515 6516
f 6512 6548 6547
f 6511 6516 6517
f 6512 6549 6548
f 6511 6517 6518
f 6512 6550 6549
f 6511 6518 6519
f 6512 6551 6550
f 6511 6519 6520
f 6512 6552 6551
f 6511 6520 6513
f 6512 6545 6552
f 6521 6514 6513
f 6521 6522 6514
f 6522 6515 6514
f 6522 6523 6515
f 6523 6516 6515
f 6523 6524 6516
f 6524 6517 6516
f 6524 6525 6517
f 6525 6518 6517
f 6525 6526 6518
f 6526 6519 6518
f 6526 6527 6519
f 6527 6520 6519
f 6527 6528 6520
f 6528 6513 6520
f 6528 6521 6513
f 6529 6522 6521
f 6529 6530 6522
f 6530 6523 6522
f 6530 6531 6523
f 6531 6524 6523
f 6531 6532 6524
f 6532 6525 6524
f 6532 6533 6525
f 6533 6526 6525
f 6533 6534 6526
f 6534 6527 6526
f 6534 6535 6527
f 6535 6528 6527
f 6535 6536 6528
f 6536 6521 6528
f 6536 6529 6521
f 6537 6530 6529
f 6537 6538 6530
f 6538 6531 6530
f 6538 6539 6531
f 6539 6532 6531
f 6539 6540 6532
f 6540 6533 6532
f 6540 6541 6533
f 6541 6534 6533
f 6541 6542 6534
f 6542 6535 6534
f 6542 6543 6535
f 6543 6536 6535
f 6543 6544 6536
f 6544 6529 6536
f 6544 6537 6529
f 6545 6538 6537
f 6545 6546 6538
f 6546 6539 6538
f 6546 6547 6539
f 6547 6540 6539
f 6547 6548 6540
f 6548 6541 6540
f 6548 6549 6541
f 6549 6542 6541
f 6549 6550 6542
f 6550 6543 6542
f 6550 6551 6543
f 6551 6544 6543
f 6551 6552 6544
f 6552 6537 6544
f 6552 6545 6537
f 6553 6555 6556
f 6554 6588 6587
f 6553 6556 6557
f 6554 6589 6588
f 6553 6557 6558
f 6554 6590 6589
f 6553 6558 6559
f 6554 6591 6590
f 6553 6559 6560
f 6554 6592 6591
f 6553 6560 6561
f 6554 6593 6592
f 6553 6561 6562
f 6554 6594 6593
f 6553 6562 6555
f 6554 6587 6594
f 6563 6556 6555
f 6563 6564 6556
f 6564 6557 6556
f 6564 6565 6557
f 6565 6558 6557
f 6565 6566 6558
f 6566 6559 6558
f 6566 6567 6559
f 6567 6560 6559
f 6567 6568 6560
f 6568 6561 6560
f 6568 6569 6561
f 6569 6562 6561
f 6569 6570 6562
f 6570 6555 6562
f 6570 6563 6555
f 6571 6564 6563
f 6571 6572 6564
f 6572 6565 6564
f 6572 6573 6565
f 6573 6566 6565
f 6573 6574 6566
f 6574 6567 6566
f 6574 6575 6567
f 6575 6568 6567
f 6575 6576 6568
f 6576 6569 6568
f 6576 6577 6569
f 6577 6570 6569
f 6577 6578 6570
f 6578 6563 6570
f 6578 6571 6563
f 6579 6572 6571
f 6579 6580 6572
f 6580 6573 6572
f 6580 6581 6573
f 6581 6574 6573
f 6581 6582 6574
f 6582 6575 6574
f 6582 6583 6575
f 6583 6576 6575
f 6583 6584 6576
f 6584 6577 6576
f 6584 6585 6577
f 6585 6578 6577
f 6585 6586 6578
f 6586 6571 6578
f 6586 6579 6571
f 6587 6580 6579
f 6587 6588 6580
f 6588 6581 6580
f 6588 6589 6581
f 6589 6582 6581
f 6589 6590 6582
f 6590 6583 6582
f 6590 6591 6583
f 6591 6584 6583
f 6591 6592 6584
f 6592 6585 6584
f 6592 6593 6585
f 6593 6586 6585
f 6593 6594 6586
f 6594 6579 6586
f 6594 6587 6579
f 6595 6597 6598
f 6596 6630 6629
f 6595 6598 6599
f 6596 6631 6630
f 6595 6599 6600
f 6596 6632 6631
f 6595 6600 6601
f 6596 6633 6632
f 6595 6601 6602
f 6596 6634 6633
f 6595 6602 6603
f 6596 6635 6634
f 6595 6603 6604
f 6596 6636 6635
f 6595 6604 6597
f 6596 6629 6636
f 6605 6598 6597
f 6605 6606 6598
f 6606 6599 6598
f 6606 6607 6599
f 6607 6600 6599
f 6607 6608 6600
f 6608 6601 6600
f 6608 6609 6601
f 6609 6602 6601
f 6609 6610 6602
f 6610 6603 6602
f 6610 6611 6603
f 6611 6604 6603
f 6611 6612 6604
f 6612 6597 6604
f 6612 6605 6597
f 6613 6606 6605
f 6613 6614 6606
f 6614 6607 6606
f 6614 6615 6607
f 6615 6608 6607
f 6615 6616 6608
f 6616 6609 6608
f 6616 6617 6609
f 6617 6610 6609
f 6617 6618 6610
f 6618 6611 6610
f 6618 6619 6611
f 6619 6612 6611
f 6619 6620 6612
f 6620 6605 6612
f 6620 6613 6605
f 6621 6614 6613
f 6621 6622 6614
f 6622 6615 6614
f 6622 6623 6615
f 6623 6616 6615
f 6623 6624 6616
f 6624 6617 6616
f 6624 6625 6617
f 6625 6618 6617
f 6625 6626 6618
f 6626 6619 6618
f 6626 6627 6619
f 6627 6620 6619
f 6627 6628 6620
f 6628 6613 6620
f 6628 6621 6613
f 6629 6622 6621
f 6629 6630 6622
f 6630 6623 6622
f 6630 6631 6623
f 6631 6624 6623
f 6631 6632 6624
f 6632 6625 6624
f 6632 6633 6625
f 6633 6626 6625
f 6633 6634 6626
f 6634 6627 6626
f 6634 6635 6627
f 6635 6628 6627
f 6635 6636 6628
f 6636 6621 6628
f 6636 6629 6621
f 6637 6639 6640
f 6638 6672 6671
f 6637 6640 6641
f 6638 6673 6672
f 6637 6641 6642
f 6638 6674 6673
f 6637 6642 6643
f 6638 6675 6674
f 6637 6643 6644
f 6638 6676 6675
f 6637 6644 6645
f 6638 6677 6676
f 6637 6645 6646
f 6638 6678 6677
f 6637 6646 6639
f 6638 6671 6678
f 6647 6640 6639
f 6647 6648 6640
f 6648 6641 6640
f 6648 6649 6641
f 6649 6642 6641
f 6649 6650 6642
f 6650 6643 6642
f 6650 6651 6643
f 6651 6644 6643
f 6651 6652 6644
f 6652 6645 6644
f 6652 6653 6645
f 6653 6646 6645
f 6653 6654 6646
f 6654 6639 6646
f 6654 6647 6639
f 6655 6648 6647
f 6655 6656 6648
f 6656 6649 6648
f 6656 6657 6649
f 6657 6650 6649
f 6657 6658 6650
f 6658 6651 6650
f 6658 6659 6651
f 6659 6652 6651
f 6659 6660 6652
f 6660 6653 6652
f 6660 6661 6653
f 6661 6654 6653
f 6661 6662 6654
f 6662 6647 6654
f 6662 6655 6647
f 6663 6656 6655
f 6663 6664 6656
f 6664 6657 6656
f 6664 6665 6657
f 6665 6658 6657
f 6665 6666 6658
f 6666 6659 6658
f 6666 6667 6659
f 6667 6660 6659
f 6667 6668 6660
f 6668 6661 6660
f 6668 6669 6661
f 6669 6662 6661
f 6669 6670 6662
f 6670 6655 6662
f 6670 6663 6655
f 6671 6664 6663
f 6671 6672 6664
f 6672 6665 6664
f 6672 6673 6665
f 6673 6666 6665
f 6673 6674 6666
f 6674 6667 6666
f 6674 6675 6667
f 6675 6668 6667
f 6675 6676 6668
f 6676 6669 6668
f 6676 6677 6669
f 6677 6670 6669
f 6677 6678 6670
f 6678 6663 6670
f 6678 6671 6663
f 6679 6681 6682
f 6680 6714 6713
f 6679 6682 6683
f 6680 6715 6714
f 6679 6683 6684
f 6680 6716 6715
f 6679 6684 6685
f 6680 6717 6716
f 6679 6685 6686
f 6680 6718 6717
f 6679 6686 6687
f 6680 6719 6718
f 6679 6687 6688
f 6680 6720 6719
f 6679 6688 6681
f 6680 6713 6720
f 6689 6682 6681
f 6689 6690 6682
f 6690 6683 6682
f 6690 6691 6683
f 6691 6684 6683
f 6691 6692 6684
f 6692 6685 6684
f 6692 6693 6685
f 6693 6686 6685
f 6693 6694 6686
f 6694 6687 6686
f 6694 6695 6687
f 6695 6688 6687
f 6695 6696 6688
f 6696 6681 6688
f 6696 6689 6681
f 6697 6690 6689
f 6697 6698 6690
f 6698 6691 6690
f 6698 6699 6691
f 6699 6692 6691
f 6699 6700 6692
f 6700 6693 6692
f 6700 6701 6693
f 6701 6694 6693
f 6701 6702 6694
f 6702 6695 6694
f 6702 6703 6695
f 6703 6696 6695
f 6703 6704 6696
f 6704 6689 6696
f 6704 6697 6689
f 6705 6698 6697
f 6705 6706 6698
f 6706 6699 6698
f 6706 6707 6699
f 6707 6700 6699
f 6707 6708 6700
f 6708 6701 6700
f 6708 6709 6701
f 6709 6702 6701
f 6709 6710 6702
f 6710 6703 6702
f 6710 6711 6703
f 6711 6704 6703
f 6711 6712 6704
f 6712 6697 6704
f 6712 6705 6697
f 6713 6706 6705
f 6713 6714 6706
f 6714 6707 6706
f 6714 6715 6707
f 6715 6708 6707
f 6715 6716 6708
f 6716 6709 6708
f 6716 6717 6709
f 6717 6710 6709
f 6717 6718 6710
f 6718 6711 6710
f 6718 6719 6711
f 6719 6712 6711
f 6719 6720 6712
f 6720 6705 6712
f 6720 6713 6705
f 6721 6723 6724
f 6722 6756 6755
f 6721 6724 6725
f 6722 6757 6756
f 6721 6725 6726
f 6722 6758 6757
f 6721 6726 6727
f 6722 6759 6758
f 6721 6727 6728
f 6722 6760 6759
f 6721 6728 6729
f 6722 6761 6760
f 6721 6729 6730
f 6722 6762 6761
f 6721 6730 6723
f 6722 6755 6762
f 6731 6724 6723
f 6731 6732 6724
f 6732 6725 6724
f 6732 6733 6725
f 6733 6726 6725
f 6733 6734 6726
f 6734 6727 6726
f 6734 6735 6727
f 6735 6728 6727
f 6735 6736 6728
f 6736 6729 6728
f 6736 6737 6729
f 6737 6730 6729
f 6737 6738 6730
f 6738 6723 6730
f 6738 6731 6723
f 6739 6732 6731
f 6739 6740 6732
f 6740 6733 6732
f 6740 6741 6733
f 6741 6734 6733
f 6741 6742 6734
f 6742 6735 6734
f 6742 6743 6735
f 6743 6736 6735
f 6743 6744 6736
f 6744 6737 6736
f 6744 6745 6737
f 6745 6738 6737
f 6745 6746 6738
f 6746 6731 6738
f 6746 6739 6731
f 6747 6740 6739
f 6747 6748 6740
f 6748 6741 6740
f 6748 6749 6741
f 6749 6742 6741
f 6749 6750 6742
f 6750 6743 6742
f 6750 6751 6743
f 6751 6744 6743
f 6751 6752 6744
f 6752 6745 6744
f 6752 6753 6745
f 6753 6746 6745
f 6753 6754 6746
f 6754 6739 6746
f 6754 6747 6739
f 6755 6748 6747
f 6755 6756 6748
f 6756 6749 6748
f 6756 6757 6749
f 6757 6750 6749
f 6757 6758 6750
f 6758 6751 6750
f 6758 6759 6751
f 6759 6752 6751
f 6759 6760 6752
f 6760 6753 6752
f 6760 6761 6753
f 6761 6754 6753
f 6761 6762 6754
f 6762 6747 6754
f 6762 6755 6747
f 6763 6765 6766
f 6764 6798 6797
f 6763 6766 6767
f 6764 6799 6798
f 6763 6767 6768
f 6764 6800 6799
f 6763 6768 6769
f 6764 6801 6800
f 6763 6769 6770
f 6764 6802 6801
f 6763 6770 6771
f 6764 6803 6802
f 6763 6771 6772
f 6764 6804 6803
f 6763 6772 6765
f 6764 6797 6804
f 6773 6766 6765
f 6773 6774 6766
f 6774 6767 6766
f 6774 6775 6767
f 6775 6768 6767
f 6775 6776 6768
f 6776 6769 6768
f 6776 6777 6769
f 6777 6770 6769
f 6777 6778 6770
f 6778 6771 6770
f 6778 6779 6771
f 6779 6772 6771
f 6779 6780 6772
f 6780 6765 6772
f 6780 6773 6765
f 6781 6774 6773
f 6781 6782 6774
f 6782 6775 6774
f 6782 6783 6775
f 6783 6776 6775
f 6783 6784 6776
f 6784 6777 6776
f 6784 6785 6777
f 6785 6778 6777
f 6785 6786 6778
f 6786 6779 6778
f 6786 6787 6779
f 6787 6780 6779
f 6787 6788 6780
f 6788 6773 6780
f 6788 6781 6773
f 6789 6782 6781
f 6789 6790 6782
f 6790 6783 6782
f 6790 6791 6783
f 6791 6784 6783
f 6791 6792 6784
f 6792 6785 6784
f 6792 6793 6785
f 6793 6786 6785
f 6793 6794 6786
f 6794 6787 6786
f 6794 6795 6787
f 6795 6788 6787
f 6795 6796 6788
f 6796 6781 6788
f 6796 6789 6781
f 6797 6790 6789
f 6797 6798 6790
f 6798 6791 6790
f 6798 6799 6791
f 6799 6792 6791
f 6799 6800 6792
f 6800 6793 6792
f 6800 6801 6793
f 6801 6794 6793
f 6801 6802 6794
f 6802 6795 6794
f 6802 6803 6795
f 6803 6796 6795
f 6803 6804 6796
f 6804 6789 6796
f 6804 6797 6789
f 6805 6807 6808
f 6806 6840 6839
f 6805 6808 6809
f 6806 6841 6840
f 6805 6809 6810
f 6806 6842 6841
f 6805 6810 6811
f 6806 6843 6842
f 6805 6811 6812
f 6806 6844 6843
f 6805 6812 6813
f 6806 6845 6844
f 6805 6813 6814
f 6806 6846 6845
f 6805 6814 6807
f 6806 6839 6846
f 6815 6808 6807
f 6815 6816 6808
f 6816 6809 6808
f 6816 6817 6809
f 6817 6810 6809
f 6817 6818 6810
f 6818 6811 6810
f 6818 6819 6811
f 6819 6812 6811
f 6819 6820 6812
f 6820 6813 6812
f 6820 6821 6813
f 6821 6814 6813
f 6821 6822 6814
f 6822 6807 6814
f 6822 6815 6807
f 6823 6816 6815
f 6823 6824 6816
f 6824 6817 6816
f 6824 6825 6817
f 6825 6818 6817
f 6825 6826 6818
f 6826 6819 6818
f 6826 6827 6819
f 6827 6820 6819
f 6827 6828 6820
f 6828 6821 6820
f 6828 6829 6821
f 6829 6822 6821
f 6829 6830 6822
f 6830 6815 6822
f 6830 6823 6815
f 6831 6824 6823
f 6831 6832 6824
f 6832 6825 6824
f 6832 6833 6825
f 6833 6826 6825
f 6833 6834 6826
f 6834 6827 6826
f 6834 6835 6827
f 6835 6828 6827
f 6835 6836 6828
f 6836 6829 6828
f 6836 6837 6829
f 6837 6830 6829
f 6837 6838 6830
f 6838 6823 6830
f 6838 6831 6823
f 6839 6832 6831
f 6839 6840 6832
f 6840 6833 6832
f 6840 6841 6833
f 6841 6834 6833
f 6841 6842 6834
f 6842 6835 6834
f 6842 6843 6835
f 6843 6836 6835
f 6843 6844 6836
f 6844 6837 6836
f 6844 6845 6837
f 6845 6838 6837
f 6845 6846 6838
f 6846 6831 6838
f 6846 6839 6831
f 6847 6849 6850
f 6848 6882 6881
f 6847 6850 6851
f 6848 6883 6882
f 6847 6851 6852
f 6848 6884 6883
f 6847 6852 6853
f 6848 6885 6884
f 6847 6853 6854
f 6848 6886 6885
f 6847 6854 6855
f 6848 6887 6886
f 6847 6855 6856
f 6848 6888 6887
f 6847 6856 6849
f 6848 6881 6888
f 6857 6850 6849
f 6857 6858 6850
f 6858 6851 6850
f 6858 6859 6851
f 6859 6852 6851
f 6859 6860 6852
f 6860 6853 6852
f 6860 6861 6853
f 6861 6854 6853
f 6861 6862 6854
f 6862 6855 6854
f 6862 6863 6855
f 6863 6856 6855
f 6863 6864 6856
f 6864 6849 6856
f 6864 6857 6849
f 6865 6858 6857
f 6865 6866 6858
f 6866 6859 6858
f 6866 6867 6859
f 6867 6860 6859
f 6867 6868 6860
f 6868 6861 6860
f 6868 6869 6861
f 6869 6862 6861
f 6869 6870 6862
f 6870 6863 6862
f 6870 6871 6863
f 6871 6864 6863
f 6871 6872 6864
f 6872 6857 6864
f 6872 6865 6857
f 6873 6866 6865
f 6873 6874 6866
f 6874 6867 6866
f 6874 6875 6867
f 6875 6868 6867
f 6875 6876 6868
f 6876 6869 6868
f 6876 6877 6869
f 6877 6870 6869
f 6877 6878 6870
f 6878 6871 6870
f 6878 6879 6871
f 6879 6872 6871
f 6879 6880 6872
f 6880 6865 6872
f 6880 6873 6865
f 6881 6874 6873
f 6881 6882 6874
f 6882 6875 6874
f 6882 6883 6875
f 6883 6876 6875
f 6883 6884 6876
f 6884 6877 6876
f 6884 6885 6877
f 6885 6878 6877
f 6885 6886 6878
f 6886 6879 6878
f 6886 6887 6879
f 6887 6880 6879
f 6887 6888 6880
f 6888 6873 6880
f 6888 6881 6873
f 6889 6891 6892
f 6890 6924 6923
f 6889 6892 6893
f 6890 6925 6924
f 6889 6893 6894
f 6890 6926 6925
f 6889 6894 6895
f 6890 6927 6926
f 6889 6895 6896
f 6890 6928 6927
f 6889 6896 6897
f 6890 6929 6928
f 6889 6897 6898
f 6890 6930 6929
f 6889 6898 6891
f 6890 6923 6930
f 6899 6892 6891
f 6899 6900 6892
f 6900 6893 6892
f 6900 6901 6893
f 6901 6894 6893
f 6901 6902 6894
f 6902 6895 6894
f 6902 6903 6895
f 6903 6896 6895
f 6903 6904 6896
f 6904 6897 6896
f 6904 6905 6897
f 6905 6898 6897
f 6905 6906 6898
f 6906 6891 6898
f 6906 6899 6891
f 6907 6900 6899
f 6907 6908 6900
f 6908 6901 6900
f 6908 6909 6901
f 6909 6902 6901
f 6909 6910 6902
f 6910 6903 6902
f 6910 6911 6903
f 6911 6904 6903
f 6911 6912 6904
f 6912 6905 6904
f 6912 6913 6905
f 6913 6906 6905
f 6913 6914 6906
f 6914 6899 6906
f 6914 6907 6899
f 6915 6908 6907
f 6915 6916 6908
f 6916 6909 6908
f 6916 6917 6909
f 6917 6910 6909
f 6917 6918 6910
f 6918 6911 6910
f 6918 6919 6911
f 6919 6912 6911
f 6919 6920 6912
f 6920 6913 6912
f 6920 6921 6913
f 6921 6914 6913
f 6921 6922 6914
f 6922 6907 6914
f 6922 6915 6907
f 6923 6916 6915
f 6923 6924 6916
f 6924 6917 6916
f 6924 6925 6917
f 6925 6918 6917
f 6925 6926 6918
f 6926 6919 6918
f 6926 6927 6919
f 6927 6920 6919
f 6927 6928 6920
f 6928 6921 6920
f 6928 6929 6921
f 6929 6922 6921
f 6929 6930 6922
f 6930 6915 6922
f 6930 6923 6915
f 6931 6933 6934
f 6932 6966 6965
f 6931 6934 6935
f 6932 6967 6966
f 6931 6935 6936
f 6932 6968 6967
f 6931 6936 6937
f 6932 6969 6968
f 6931 6937 6938
f 6932 6970 6969
f 6931 6938 6939
f 6932 6971 6970
f 6931 6939 6940
f 6932 6972 6971
f 6931 6940 6933
f 6932 6965 6972
f 6941 6934 6933
f 6941 6942 6934
f 6942 6935 6934
f 6942 6943 6935
f 6943 6936 6935
f 6943 6944 6936
f 6944 6937 6936
f 6944 6945 6937
f 6945 6938 6937
f 6945 6946 6938
f 6946 6939 6938
f 6946 6947 6939
f 6947 6940 6939
f 6947 6948 6940
f 6948 6933 6940
f 6948 6941 6933
f 6949 6942 6941
f 6949 6950 6942
f 6950 6943 6942
f 6950 6951 6943
f 6951 6944 6943
f 6951 6952 6944
f 6952 6945 6944
f 6952 6953 6945
f 6953 6946 6945
f 6953 6954 6946
f 6954 6947 6946
f 6954 6955 6947
f 6955 6948 6947
f 6955 6956 6948
f 6956 6941 6948
f 6956 6949 6941
f 6957 6950 6949
f 6957 6958 6950
f 6958 6951 6950
f 6958 6959 6951
f 6959 6952 6951
f 6959 6960 6952
f 6960 6953 6952
f 6960 6961 6953
f 6961 6954 6953
f 6961 6962 6954
f 6962 6955 6954
f 6962 6963 6955
f 6963 6956 6955
f 6963 6964 6956
f 6964 6949 6956
f 6964 6957 6949
f 6965 6958 6957
f 6965 6966 6958
f 6966 6959 6958
f 6966 6967 6959
f 6967 6960 6959
f 6967 6968 6960
f 6968 6961 6960
f 6968 6969 6961
f 6969 6962 6961
f 6969 6970 6962
f 6970 6963 6962
f 6970 6971 6963
f 6971 6964 6963
f 6971 6972 6964
f 6972 6957 6964
f 6972 6965 6957
f 6973 6975 6976
f 6974 7008 7007
f 6973 6976 6977
f 6974 7009 7008
f 6973 6977 6978
f 6974 7010 7009
f 6973 6978 6979
f 6974 7011 7010
f 6973 6979 6980
f 6974 7012 7011
f 6973 6980 6981
f 6974 7013 7012
f 6973 6981 6982
f 6974 7014 7013
f 6973 6982 6975
f 6974 7007 7014
f 6983 6976 6975
f 6983 6984 6976
f 6984 6977 6976
f 6984 6985 6977
f 6985 6978 6977
f 6985 6986 6978
f 6986 6979 6978
f 6986 6987 6979
f 6987 6980 6979
f 6987 6988 6980
f 6988 6981 6980
f 6988 6989 6981
f 6989 6982 6981
f 6989 6990 6982
f 6990 6975 6982
f 6990 6983 6975
f 6991 6984 6983
f 6991 6992 6984
f 6992 6985 6984
f 6992 6993 6985
f 6993 6986 6985
f 6993 6994 6986
f 6994 6987 6986
f 6994 6995 6987
f 6995 6988 6987
f 6995 6996 6988
f 6996 6989 6988
f 6996 6997 6989
f 6997 6990 6989
f 6997 6998 6990
f 6998 6983 6990
f 6998 6991 6983
f 6999 6992 6991
f 6999 7000 6992
f 7000 6993 6992
f 7000 7001 6993
f 7001 6994 6993
f 7001 7002 6994
f 7002 6995 6994
f 7002 7003 6995
f 7003 6996 6995
f 7003 7004 6996
f 7004 6997 6996
f 7004 7005 6997
f 7005 6998 6997
f 7005 7006 6998
f 7006 6991 6998
f 7006 6999 6991
f 7007 7000 6999
f 7007 7008 7000
f 7008 7001 7000
f 7008 7009 7001
f 7009 7002 7001
f 7009 7010 7002
f 7010 7003 7002
f 7010 7011 7003
f 7011 7004 7003
f 7011 7012 7004
f 7012 7005 7004
f 7012 7013 7005
f 7013 7006 7005
f 7013 7014 7006
f 7014 6999 7006
f 7014 7007 6999
f 7015 7017 7018
f 7016 7050 7049
f 7015 7018 7019
f 7016 7051 7050
f 7015 7019 7020
f 7016 7052 7051
f 7015 7020 7021
f 7016 7053 7052
f 7015 7021 7022
f 7016 7054 7053
f 7015 7022 7023
f 7016 7055 7054
f 7015 7023 7024
f 7016 7056 7055
f 7015 7024 7017
f 7016 7049 7056
f 7025 7018 7017
f 7025 7026 7018
f 7026 7019 7018
f 7026 7027 7019
f 7027 7020 7019
f 7027 7028 7020
f 7028 7021 7020
f 7028 7029 7021
f 7029 7022 7021
f 7029 7030 7022
f 7030 7023 7022
f 7030 7031 7023
f 7031 7024 7023
f 7031 7032 7024
f 7032 7017 7024
f 7032 7025 7017
f 7033 7026 7025
f 7033 7034 7026
f 7034 7027 7026
f 7034 7035 7027
f 7035 7028 7027
f 7035 7036 7028
f 7036 7029 7028
f 7036 7037 7029
f 7037 7030 7029
f 7037 7038 7030
f 7038 7031 7030
f 7038 7039 7031
f 7039 7032 7031
f 7039 7040 7032
f 7040 7025 7032
f 7040 7033 7025
f 7041 7034 7033
f 7041 7042 7034
f 7042 7035 7034
f 7042 7043 7035
f 7043 7036 7035
f 7043 7044 7036
f 7044 7037 7036
f 7044 7045 7037
f 7045 7038 7037
f 7045 7046 7038
f 7046 7039 7038
f 7046 7047 7039
f 7047 7040 7039
f 7047 7048 7040
f 7048 7033 7040
f 7048 7041 7033
f 7049 7042 7041
f 7049 7050 7042
f 7050 7043 7042
f 7050 7051 7043
f 7051 7044 7043
f 7051 7052 7044
f 7052 7045 7044
f 7052 7053 7045
f 7053 7046 7045
f 7053 7054 7046
f 7054 7047 7046
f 7054 7055 7047
f 7055 7048 7047
f 7055 7056 7048
f 7056 7041 7048
f 7056 7049 7041
f 7057 7059 7060
f 7058 7092 7091
f 7057 7060 7061
f 7058 7093 7092
f 7057 7061 7062
f 7058 7094 7093
f 7057 7062 7063
f 7058 7095 7094
f 7057 7063 7064
f 7058 7096 7095
f 7057 7064 7065
f 7058 7097 7096
f 7057 7065 7066
f 7058 7098 7097
f 7057 7066 7059
f 7058 7091 7098
f 7067 7060 7059
f 7067 7068 7060
f 7068 7061 7060
f 7068 7069 7061
f 7069 7062 7061
f 7069 7070 7062
f 7070 7063 7062
f 7070 7071 7063
f 7071 7064 7063
f 7071 7072 7064
f 7072 7065 7064
f 7072 7073 7065
f 7073 7066 7065
f 7073 7074 7066
f 7074 7059 7066
f 7074 7067 7059
f 7075 7068 7067
f 7075 7076 7068
f 7076 7069 7068
f 7076 7077 7069
f 7077 7070 7069
f 7077 7078 7070
f 7078 7071 7070
f 7078 7079 7071
f 7079 7072 7071
f 7079 7080 7072
f 7080 7073 7072
f 7080 7081 7073
f 7081 7074 7073
f 7081 7082 7074
f 7082 7067 7074
f 7082 7075 7067
f 7083 7076 7075
f 7083 7084 7076
f 7084 7077 7076
f 7084 7085 7077
f 7085 7078 7077
f 7085 7086 7078
f 7086 7079 7078
f 7086 7087 7079
f 7087 7080 7079
f 7087 7088 7080
f 7088 7081 7080
f 7088 7089 7081
f 7089 7082 7081
f 7089 7090 7082
f 7090 7075 7082
f 7090 7083 7075
f 7091 7084 7083
f 7091 7092 7084
f 7092 7085 7084
f 7092 7093 7085
f 7093 7086 7085
f 7093 7094 7086
f 7094 7087 7086
f 7094 7095 7087
f 7095 7088 7087
f 7095 7096 7088
f 7096 7089 7088
f 7096 7097 7089
f 7097 7090 7089
f 7097 7098 7090
f 7098 7083 7090
f 7098 7091 7083
f 7099 7101 7102
f 7100 7134 7133
f 7099 7102 7103
f 7100 7135 7134
f 7099 7103 7104
f 7100 7136 7135
f 7099 7104 7105
f 7100 7137 7136
f 7099 7105 7106
f 7100 7138 7137
f 7099 7106 7107
f 7100 7139 7138
f 7099 7107 7108
f 7100 7140 7139
f 7099 7108 7101
f 7100 7133 7140
f 7109 7102 7101
f 7109 7110 7102
f 7110 7103 7102
f 7110 7111 7103
f 7111 7104 7103
f 7111 7112 7104
f 7112 7105 7104
f 7112 7113 7105
f 7113 7106 7105
f 7113 7114 7106
f 7114 7107 7106
f 7114 7115 7107
f 7115 7108 7107
f 7115 7116 7108
f 7116 7101 7108
f 7116 7109 7101
f 7117 7110 7109
f 7117 7118 7110
f 7118 7111 7110
f 7118 7119 7111
f 7119 7112 7111
f 7119 7120 7112
f 7120 7113 7112
f 7120 7121 7113
f 7121 7114 7113
f 7121 7122 7114
f 7122 7115 7114
f 7122 7123 7115
f 7123 7116 7115
f 7123 7124 7116
f 7124 7109 7116
f 7124 7117 7109
f 7125 7118 7117
f 7125 7126 7118
f 7126 7119 7118
f 7126 7127 7119
f 7127 7120 7119
f 7127 7128 7120
f 7128 7121 7120
f 7128 7129 7121
f 7129 7122 7121
f 7129 7130 7122
f 7130 7123 7122
f 7130 7131 7123
f 7131 7124 7123
f 7131 7132 7124
f 7132 7117 7124
f 7132 7125 7117
f 7133 7126 7125
f 7133 7134 7126
f 7134 7127 7126
f 7134 7135 7127
f 7135 7128 7127
f 7135 7136 7128
f 7136 7129 7128
f 7136 7137 7129
f 7137 7130 7129
f 7137 7138 7130
f 7138 7131 7130
f 7138 7139 7131
f 7139 7132 7131
f 7139 7140 7132
f 7140 7125 7132
f 7140 7133 7125
f 7141 7143 7144
f 7142 7176 7175
f 7141 7144 7145
f 7142 7177 7176
f 7141 7145 7146
f 7142 7178 7177
f 7141 7146 7147
f 7142 7179 7178
f 7141 7147 7148
f 7142 7180 7179
f 7141 7148 7149
f 7142 7181 7180
f 7141 7149 7150
f 7142 7182 7181
f 7141 7150 7143
f 7142 7175 7182
f 7151 7144 7143
f 7151 7152 7144
f 7152 7145 7144
f 7152 7153 7145
f 7153 7146 7145
f 7153 7154 7146
f 7154 7147 7146
f 7154 7155 7147
f 7155 7148 7147
f 7155 7156 7148
f 7156 7149 7148
f 7156 7157 7149
f 7157 7150 7149
f 7157 7158 7150
f 7158 7143 7150
f 7158 7151 7143
f 7159 7152 7151
f 7159 7160 7152
f 7160 7153 7152
f 7160 7161 7153
f 7161 7154 7153
f 7161 7162 7154
f 7162 7155 7154
f 7162 7163 7155
f 7163 7156 7155
f 7163 7164 7156
f 7164 7157 7156
f 7164 7165 7157
f 7165 7158 7157
f 7165 7166 7158
f 7166 7151 7158
f 7166 7159 7151
f 7167 7160 7159
f 7167 7168 7160
f 7168 7161 7160
f 7168 7169 7161
f 7169 7162 7161
f 7169 7170 7162
f 7170 7163 7162
f 7170 7171 7163
f 7171 7164 7163
f 7171 7172 7164
f 7172 7165 7164
f 7172 7173 7165
f 7173 7166 7165
f 7173 7174 7166
f 7174 7159 7166
f 7174 7167 7159
f 7175 7168 7167
f 7175 7176 7168
f 7176 7169 7168
f 7176 7177 7169
f 7177 7170 7169
f 7177 7178 7170
f 7178 7171 7170
f 7178 7179 7171
f 7179 7172 7171
f 7179 7180 7172
f 7180 7173 7172
f 7180 7181 7173
f 7181 7174 7173
f 7181 7182 7174
f 7182 7167 7174
f 7182 7175 7167
f 7183 7185 7186
f 7184 7218 7217
f 7183 7186 7187
f 7184 7219 7218
f 7183 7187 7188
f 7184 7220 7219
f 7183 7188 7189
f 7184 7221 7220
f 7183 7189 7190
f 7184 7222 7221
f 7183 7190 7191
f 7184 7223 7222
f 7183 7191 7192
f 7184 7224 7223
f 7183 7192 7185
f 7184 7217 7224
f 7193 7186 7185
f 7193 7194 7186
f 7194 7187 7186
f 7194 7195 7187
f 7195 7188 7187
f 7195 7196 7188
f 7196 7189 7188
f 7196 7197 7189
f 7197 7190 7189
f 7197 7198 7190
f 7198 7191 7190
f 7198 7199 7191
f 7199 7192 7191
f 7199 7200 7192
f 7200 7185 7192
f 7200 7193 7185
f 7201 7194 7193
f 7201 7202 7194
f 7202 7195 7194
f 7202 7203 7195
f 7203 7196 7195
f 7203 7204 7196
f 7204 7197 7196
f 7204 7205 7197
f 7205 7198 7197
f 7205 7206 7198
f 7206 7199 7198
f 7206 7207 7199
f 7207 7200 7199
f 7207 7208 7200
f 7208 7193 7200
f 7208 7201 7193
f 7209 7202 7201
f 7209 7210 7202
f 7210 7203 7202
f 7210 7211 7203
f 7211 7204 7203
f 7211 7212 7204
f 7212 7205 7204
f 7212 7213 7205
f 7213 7206 7205
f 7213 7214 7206
f 7214 7207 7206
f 7214 7215 7207
f 7215 7208 7207
f 7215 7216 7208
f 7216 7201 7208
f 7216 7209 7201
f 7217 7210 7209
f 7217 7218 7210
f 7218 7211 7210
f 7218 7219 7211
f 7219 7212 7211
f 7219 7220 7212
f 7220 7213 7212
f 7220 7221 7213
f 7221 7214 7213
f 7221 7222 7214
f 7222 7215 7214
f 7222 7223 7215
f 7223 7216 7215
f 7223 7224 7216
f 7224 7209 7216
f 7224 7217 7209
f 7225 7227 7228
f 7226 7260 7259
f 7225 7228 7229
f 7226 7261 7260
f 7225 7229 7230
f 7226 7262 7261
f 7225 7230 7231
f 7226 7263 7262
f 7225 7231 7232
f 7226 7264 7263
f 7225 7232 7233
f 7226 7265 7264
f 7225 7233 7234
f 7226 7266 7265
f 7225 7234 7227
f 7226 7259 7266
f 7235 7228 7227
f 7235 7236 7228
f 7236 7229 7228
f 7236 7237 7229
f 7237 7230 7229
f 7237 7238 7230
f 7238 7231 7230
f 7238 7239 7231
f 7239 7232 7231
f 7239 7240 7232
f 7240 7233 7232
f 7240 7241 7233
f 7241 7234 7233
f 7241 7242 7234
f 7242 7227 7234
f 7242 7235 7227
f 7243 7236 7235
f 7243 7244 7236
f 7244 7237 7236
f 7244 7245 7237
f 7245 7238 7237
f 7245 7246 7238
f 7246 7239 7238
f 7246 7247 7239
f 7247 7240 7239
f 7247 7248 7240
f 7248 7241 7240
f 7248 7249 7241
f 7249 7242 7241
f 7249 7250 7242
f 7250 7235 7242
f 7250 7243 7235
f 7251 7244 7243
f 7251 7252 7244
f 7252 7245 7244
f 7252 7253 7245
f 7253 7246 7245
f 7253 7254 7246
f 7254 7247 7246
f 7254 7255 7247
f 7255 7248 7247
f 7255 7256 7248
f 7256 7249 7248
f 7256 7257 7249
f 7257 7250 7249
f 7257 7258 7250
f 7258 7243 7250
f 7258 7251 7243
f 7259 7252 7251
f 7259 7260 7252
f 7260 7253 7252
f 7260 7261 7253
f 7261 7254 7253
f 7261 7262 7254
f 7262 7255 7254
f 7262 7263 7255
f 7263 7256 7255
f 7263 7264 7256
f 7264 7257 7256
f 7264 7265 7257
f 7265 7258 7257
f 7265 7266 7258
f 7266 7251 7258
f 7266 7259 7251
f 7267 7269 7270
f 7268 7302 7301
f 7267 7270 7271
f 7268 7303 7302
f 7267 7271 7272
f 7268 7304 7303
f 7267 7272 7273
f 7268 7305 7304
f 7267 7273 7274
f 7268 7306 7305
f 7267 7274 7275
f 7268 7307 7306
f 7267 7275 7276
f 7268 7308 7307
f 7267 7276 7269
f 7268 7301 7308
f 7277 7270 7269
f 7277 7278 7270
f 7278 7271 7270
f 7278 7279 7271
f 7279 7272 7271
f 7279 7280 7272
f 7280 7273 7272
f 7280 7281 7273
f 7281 7274 7273
f 7281 7282 7274
f 7282 7275 7274
f 7282 7283 7275
f 7283 7276 7275
f 7283 7284 7276
f 7284 7269 7276
f 7284 7277 7269
f 7285 7278 7277
f 7285 7286 7278
f 7286 7279 7278
f 7286 7287 7279
f 7287 7280 7279
f 7287 7288 7280
f 7288 7281 7280
f 7288 7289 7281
f 7289 7282 7281
f 7289 7290 7282
f 7290 7283 7282
f 7290 7291 7283
f 7291 7284 7283
f 7291 7292 7284
f 7292 7277 7284
f 7292 7285 7277
f 7293 7286 7285
f 7293 7294 7286
f 7294 7287 7286
f 7294 7295 7287
f 7295 7288 7287
f 7295 7296 7288
f 7296 7289 7288
f 7296 7297 7289
f 7297 7290 7289
f 7297 7298 7290
f 7298 7291 7290
f 7298 7299 7291
f 7299 7292 7291
f 7299 7300 7292
f 7300 7285 7292
f 7300 7293 7285
f 7301 7294 7293
f 7301 7302 7294
f 7302 7295 7294
f 7302 7303 7295
f 7303 7296 7295
f 7303 7304 7296
f 7304 7297 7296
f 7304 7305 7297
f 7305 7298 7297
f 7305 7306 7298
f 7306 7299 7298
f 7306 7307 7299
f 7307 7300 7299
f 7307 7308 7300
f 7308 7293 7300
f 7308 7301 7293
f 7309 7311 7312
f 7310 7344 7343
f 7309 7312 7313
f 7310 7345 7344
f 7309 7313 7314
f 7310 7346 7345
f 7309 7314 7315
f 7310 7347 7346
f 7309 7315 7316
f 7310 7348 7347
f 7309 7316 7317
f 7310 7349 7348
f 7309 7317 7318
f 7310 7350 7349
f 7309 7318 7311
f 7310 7343 7350
f 7319 7312 7311
f 7319 7320 7312
f 7320 7313 7312
f 7320 7321 7313
f 7321 7314 7313
f 7321 7322 7314
f 7322 7315 7314
f 7322 7323 7315
f 7323 7316 7315
f 7323 7324 7316
f 7324 7317 7316
f 7324 7325 7317
f 7325 7318 7317
f 7325 7326 7318
f 7326 7311 7318
f 7326 7319 7311
f 7327 7320 7319
f 7327 7328 7320
f 7328 7321 7320
f 7328 7329 7321
f 7329 7322 7321
f 7329 7330 7322
f 7330 7323 7322
f 7330 7331 7323
f 7331 7324 7323
f 7331 7332 7324
f 7332 7325 7324
f 7332 7333 7325
f 7333 7326 7325
f 7333 7334 7326
f 7334 7319 7326
f 7334 7327 7319
f 7335 7328 7327
f 7335 7336 7328
f 7336 7329 7328
f 7336 7337 7329
f 7337 7330 7329
f 7337 7338 7330
f 7338 7331 7330
f 7338 7339 7331
f 7339 7332 7331
f 7339 7340 7332
f 7340 7333 7332
f 7340 7341 7333
f 7341 7334 7333
f 7341 7342 7334
f 7342 7327 7334
f 7342 7335 7327
f 7343 7336 7335
f 7343 7344 7336
f 7344 7337 7336
f 7344 7345 7337
f 7345 7338 7337
f 7345 7346 7338
f 7346 7339 7338
f 7346 7347 7339
f 7347 7340 7339
f 7347 7348 7340
f 7348 7341 7340
f 7348 7349 7341
f 7349 7342 7341
f 7349 7350 7342
f 7350 7335 7342
f 7350 7343 7335
f 7351 7353 7354
f 7352 7386 7385
f 7351 7354 7355
f 7352 7387 7386
f 7351 7355 7356
f 7352 7388 7387
f 7351 7356 7357
f 7352 7389 7388
f 7351 7357 7358
f 7352 7390 7389
f 7351 7358 7359
f 7352 7391 7390
f 7351 7359 7360
f 7352 7392 7391
f 7351 7360 7353
f 7352 7385 7392
f 7361 7354 7353
f 7361 7362 7354
f 7362 7355 7354
f 7362 7363 7355
f 7363 7356 7355
f 7363 7364 7356
f 7364 7357 7356
f 7364 7365 7357
f 7365 7358 7357
f 7365 7366 7358
f 7366 7359 7358
f 7366 7367 7359
f 7367 7360 7359
f 7367 7368 7360
f 7368 7353 7360
f 7368 7361 7353
f 7369 7362 7361
f 7369 7370 7362
f 7370 7363 7362
f 7370 7371 7363
f 7371 7364 7363
f 7371 7372 7364
f 7372 7365 7364
f 7372 7373 7365
f 7373 7366 7365
f 7373 7374 7366
f 7374 7367 7366
f 7374 7375 7367
f 7375 7368 7367
f 7375 7376 7368
f 7376 7361 7368
f 7376 7369 7361
f 7377 7370 7369
f 7377 7378 7370
f 7378 7371 7370
f 7378 7379 7371
f 7379 7372 7371
f 7379 7380 7372
f 7380 7373 7372
f 7380 7381 7373
f 7381 7374 7373
f 7381 7382 7374
f 7382 7375 7374
f 7382 7383 7375
f 7383 7376 7375
f 7383 7384 7376
f 7384 7369 7376
f 7384 7377 7369
f 7385 7378 7377
f 7385 7386 7378
f 7386 7379 7378
f 7386 7387 7379
f 7387 7380 7379
f 7387 7388 7380
f 7388 7381 7380
f 7388 7389 7381
f 7389 7382 7381
f 7389 7390 7382
f 7390 7383 7382
f 7390 7391 7383
f 7391 7384 7383
f 7391 7392 7384
f 7392 7377 7384
f 7392 7385 7377
f 7393 7395 7396
f 7394 7428 7427
f 7393 7396 7397
f 7394 7429 7428
f 7393 7397 7398
f 7394 7430 7429
f 7393 7398 7399
f 7394 7431 7430
f 7393 7399 7400
f 7394 7432 7431
f 7393 7400 7401
f 7394 7433 7432
f 7393 7401 7402
f 7394 7434 7433
f 7393 7402 7395
f 7394 7427 7434
f 7403 7396 7395
f 7403 7404 7396
f 7404 7397 7396
f 7404 7405 7397
f 7405 7398 7397
f 7405 7406 7398
f 7406 7399 7398
f 7406 7407 7399
f 7407 7400 7399
f 7407 7408 7400
f 7408 7401 7400
f 7408 7409 7401
f 7409 7402 7401
f 7409 7410 7402
f 7410 7395 7402
f 7410 7403 7395
f 7411 7404 7403
f 7411 7412 7404
f 7412 7405 7404
f 7412 7413 7405
f 7413 7406 7405
f 7413 7414 7406
f 7414 7407 7406
f 7414 7415 7407
f 7415 7408 7407
f 7415 7416 7408
f 7416 7409 7408
f 7416 7417 7409
f 7417 7410 7409
f 7417 7418 7410
f 7418 7403 7410
f 7418 7411 7403
f 7419 7412 7411
f 7419 7420 7412
f 7420 7413 7412
f 7420 7421 7413
f 7421 7414 7413
f 7421 7422 7414
f 7422 7415 7414
f 7422 7423 7415
f 7423 7416 7415
f 7423 7424 7416
f 7424 7417 7416
f 7424 7425 7417
f 7425 7418 7417
f 7425 7426 7418
f 7426 7411 7418
f 7426 7419 7411
f 7427 7420 7419
f 7427 7428 7420
f 7428 7421 7420
f 7428 7429 7421
f 7429 7422 7421
f 7429 7430 7422
f 7430 7423 7422
f 7430 7431 7423
f 7431 7424 7423
f 7431 7432 7424
f 7432 7425 7424
f 7432 7433 7425
f 7433 7426 7425
f 7433 7434 7426
f 7434 7419 7426
f 7434 7427 7419
f 7435 7437 7438
f 7436 7470 7469
f 7435 7438 7439
f 7436 7471 7470
f 7435 7439 7440
f 7436 7472 7471
f 7435 7440 7441
f 7436 7473 7472
f 7435 7441 7442
f 7436 7474 7473
f 7435 7442 7443
f 7436 7475 7474
f 7435 7443 7444
f 7436 7476 7475
f 7435 7444 7437
f 7436 7469 7476
f 7445 7438 7437
f 7445 7446 7438
f 7446 7439 7438
f 7446 7447 7439
f 7447 7440 7439
f 7447 7448 7440
f 7448 7441 7440
f 7448 7449 7441
f 7449 7442 7441
f 7449 7450 7442
f 7450 7443 7442
f 7450 7451 7443
f 7451 7444 7443
f 7451 7452 7444
f 7452 7437 7444
f 7452 7445 7437
f 7453 7446 7445
f 7453 7454 7446
f 7454 7447 7446
f 7454 7455 7447
f 7455 7448 7447
f 7455 7456 7448
f 7456 7449 7448
f 7456 7457 7449
f 7457 7450 7449
f 7457 7458 7450
f 7458 7451 7450
f 7458 7459 7451
f 7459 7452 7451
f 7459 7460 7452
f 7460 7445 7452
f 7460 7453 7445
f 7461 7454 7453
f 7461 7462 7454
f 7462 7455 7454
f 7462 7463 7455
f 7463 7456 7455
f 7463 7464 7456
f 7464 7457 7456
f 7464 7465 7457
f 7465 7458 7457
f 7465 7466 7458
f 7466 7459 7458
f 7466 7467 7459
f 7467 7460 7459
f 7467 7468 7460
f 7468 7453 7460
f 7468 7461 7453
f 7469 7462 7461
f 7469 7470 7462
f 7470 7463 7462
f 7470 7471 7463
f 7471 7464 7463
f 7471 7472 7464
f 7472 7465 7464
f 7472 7473 7465
f 7473 7466 7465
f 7473 7474 7466
f 7474 7467 7466
f 7474 7475 7467
f 7475 7468 7467
f 7475 7476 7468
f 7476 7461 7468
f 7476 7469 7461
f 7477 7479 7480
f 7478 7512 7511
f 7477 7480 7481
f 7478 7513 7512
f 7477 7481 7482
f 7478 7514 7513
f 7477 7482 7483
f 7478 7515 7514
f 7477 7483 7484
f 7478 7516 7515
f 7477 7484 7485
f 7478 7517 7516
f 7477 7485 7486
f 7478 7518 7517
f 7477 7486 7479
f 7478 7511 7518
f 7487 7480 7479
f 7487 7488 7480
f 7488 7481 7480
f 7488 7489 7481
f 7489 7482 7481
f 7489 7490 7482
f 7490 7483 7482
f 7490 7491 7483
f 7491 7484 7483
f 7491 7492 7484
f 7492 7485 7484
f 7492 7493 7485
f 7493 7486 7485
f 7493 7494 7486
f 7494 7479 7486
f 7494 7487 7479
f 7495 7488 7487
f 7495 7496 7488
f 7496 7489 7488
f 7496 7497 7489
f 7497 7490 7489
f 7497 7498 7490
f 7498 7491 7490
f 7498 7499 7491
f 7499 7492 7491
f 7499 7500 7492
f 7500 7493 7492
f 7500 7501 7493
f 7501 7494 7493
f 7501 7502 7494
f 7502 7487 7494
f 7502 7495 7487
f 7503 7496 7495
f 7503 7504 7496
f 7504 7497 7496
f 7504 7505 7497
f 7505 7498 7497
f 7505 7506 7498
f 7506 7499 7498
f 7506 7507 7499
f 7507 7500 7499
f 7507 7508 7500
f 7508 7501 7500
f 7508 7509 7501
f 7509 7502 7501
f 7509 7510 7502
f 7510 7495 7502
f 7510 7503 7495
f 7511 7504 7503
f 7511 7512 7504
f 7512 7505 7504
f 7512 7513 7505
f 7513 7506 7505
f 7513 7514 7506
f 7514 7507 7506
f 7514 7515 7507
f 7515 7508 7507
f 7515 7516 7508
f 7516 7509 7508
f 7516 7517 7509
f 7517 7510 7509
f 7517 7518 7510
f 7518 7503 7510
f 7518 7511 7503
f 7519 7521 7522
f 7520 7554 7553
f 7519 7522 7523
f 7520 7555 7554
f 7519 7523 7524
f 7520 7556 7555
f 7519 7524 7525
f 7520 7557 7556
f 7519 7525 7526
f 7520 7558 7557
f 7519 7526 7527
f 7520 7559 7558
f 7519 7527 7528
f 7520 7560 7559
f 7519 7528 7521
f 7520 7553 7560
f 7529 7522 7521
f 7529 7530 7522
f 7530 7523 7522
f 7530 7531 7523
f 7531 7524 7523
f 7531 7532 7524
f 7532 7525 7524
f 7532 7533 7525
f 7533 7526 7525
f 7533 7534 7526
f 7534 7527 7526
f 7534 7535 7527
f 7535 7528 7527
f 7535 7536 7528
f 7536 7521 7528
f 7536 7529 7521
f 7537 7530 7529
f 7537 7538 7530
f 7538 7531 7530
f 7538 7539 7531
f 7539 7532 7531
f 7539 7540 7532
f 7540 7533 7532
f 7540 7541 7533
f 7541 7534 7533
f 7541 7542 7534
f 7542 7535 7534
f 7542 7543 7535
f 7543 7536 7535
f 7543 7544 7536
f 7544 7529 7536
f 7544 7537 7529
f 7545 7538 7537
f 7545 7546 7538
f 7546 7539 7538
f 7546 7547 7539
f 7547 7540 7539
f 7547 7548 7540
f 7548 7541 7540
f 7548 7549 7541
f 7549 7542 7541
f 7549 7550 7542
f 7550 7543 7542
f 7550 7551 7543
f 7551 7544 7543
f 7551 7552 7544
f 7552 7537 7544
f 7552 7545 7537
f 7553 7546 7545
f 7553 7554 7546
f 7554 7547 7546
f 7554 7555 7547
f 7555 7548 7547
f 7555 7556 7548
f 7556 7549 7548
f 7556 7557 7549
f 7557 7550 7549
f 7557 7558 7550
f 7558 7551 7550
f 7558 7559 7551
f 7559 7552 7551
f 7559 7560 7552
f 7560 7545 7552
f 7560 7553 7545
f 7561 7563 7564
f 7562 7596 7595
f 7561 7564 7565
f 7562 7597 7596
f 7561 7565 7566
f 7562 7598 7597
f 7561 7566 7567
f 7562 7599 7598
f 7561 7567 7568
f 7562 7600 7599
f 7561 7568 7569
f 7562 7601 7600
f 7561 7569 7570
f 7562 7602 7601
f 7561 7570 7563
f 7562 7595 7602
f 7571 7564 7563
f 7571 7572 7564
f 7572 7565 7564
f 7572 7573 7565
f 7573 7566 7565
f 7573 7574 7566
f 7574 7567 7566
f 7574 7575 7567
f 7575 7568 7567
f 7575 7576 7568
f 7576 7569 7568
f 7576 7577 7569
f 7577 7570 7569
f 7577 7578 7570
f 7578 7563 7570
f 7578 7571 7563
f 7579 7572 7571
f 7579 7580 7572
f 7580 7573 7572
f 7580 7581 7573
f 7581 7574 7573
f 7581 7582 7574
f 7582 7575 7574
f 7582 7583 7575
f 7583 7576 7575
f 7583 7584 7576
f 7584 7577 7576
f 7584 7585 7577
f 7585 7578 7577
f 7585 7586 7578
f 7586 7571 7578
f 7586 7579 7571
f 7587 7580 7579
f 7587 7588 7580
f 7588 7581 7580
f 7588 7589 7581
f 7589 7582 7581
f 7589 7590 7582
f 7590 7583 7582
f 7590 7591 7583
f 7591 7584 7583
f 7591 7592 7584
f 7592 7585 7584
f 7592 7593 7585
f 7593 7586 7585
f 7593 7594 7586
f 7594 7579 7586
f 7594 7587 7579
f 7595 7588 7587
f 7595 7596 7588
f 7596 7589 7588
f 7596 7597 7589
f 7597 7590 7589
f 7597 7598 7590
f 7598 7591 7590
f 7598 7599 7591
f 7599 7592 7591
f 7599 7600 7592
f 7600 7593 7592
f 7600 7601 7593
f 7601 7594 7593
f 7601 7602 7594
f 7602 7587 7594
f 7602 7595 7587
f 7603 7605 7606
f 7604 7638 7637
f 7603 7606 7607
f 7604 7639 7638
f 7603 7607 7608
f 7604 7640 7639
f 7603 7608 7609
f 7604 7641 7640
f 7603 7609 7610
f 7604 7642 7641
f 7603 7610 7611
f 7604 7643 7642
f 7603 7611 7612
f 7604 7644 7643
f 7603 7612 7605
f 7604 7637 7644
f 7613 7606 7605
f 7613 7614 7606
f 7614 7607 7606
f 7614 7615 7607
f 7615 7608 7607
f 7615 7616 7608
f 7616 7609 7608
f 7616 7617 7609
f 7617 7610 7609
f 7617 7618 7610
f 7618 7611 7610
f 7618 7619 7611
f 7619 7612 7611
f 7619 7620 7612
f 7620 7605 7612
f 7620 7613 7605
f 7621 7614 7613
f 7621 7622 7614
f 7622 7615 7614
f 7622 7623 7615
f 7623 7616 7615
f 7623 7624 7616
f 7624 7617 7616
f 7624 7625 7617
f 7625 7618 7617
f 7625 7626 7618
f 7626 7619 7618
f 7626 7627 7619
f 7627 7620 7619
f 7627 7628 7620
f 7628 7613 7620
f 7628 7621 7613
f 7629 7622 7621
f 7629 7630 7622
f 7630 7623 7622
f 7630 7631 7623
f 7631 7624 7623
f 7631 7632 7624
f 7632 7625 7624
f 7632 7633 7625
f 7633 7626 7625
f 7633 7634 7626
f 7634 7627 7626
f 7634 7635 7627
f 7635 7628 7627
f 7635 7636 7628
f 7636 7621 7628
f 7636 7629 7621
f 7637 7630 7629
f 7637 7638 7630
f 7638 7631 7630
f 7638 7639 7631
f 7639 7632 7631
f 7639 7640 7632
f 7640 7633 7632
f 7640 7641 7633
f 7641 7634 7633
f 7641 7642 7634
f 7642 7635 7634
f 7642 7643 7635
f 7643 7636 7635
f 7643 7644 7636
f 7644 7629 7636
f 7644 7637 7629
f 7645 7647 7648
f 7646 7680 7679
f 7645 7648 7649
f 7646 7681 7680
f 7645 7649 7650
f 7646 7682 7681
f 7645 7650 7651
f 7646 7683 7682
f 7645 7651 7652
f 7646 7684 7683
f 7645 7652 7653
f 7646 7685 7684
f 7645 7653 7654
f 7646 7686 7685
f 7645 7654 7647
f 7646 7679 7686
f 7655 7648 7647
f 7655 7656 7648
f 7656 7649 7648
f 7656 7657 7649
f 7657 7650 7649
f 7657 7658 7650
f 7658 7651 7650
f 7658 7659 7651
f 7659 7652 7651
f 7659 7660 7652
f 7660 7653 7652
f 7660 7661 7653
f 7661 7654 7653
f 7661 7662 7654
f 7662 7647 7654
f 7662 7655 7647
f 7663 7656 7655
f 7663 7664 7656
f 7664 7657 7656
f 7664 7665 7657
f 7665 7658 7657
f 7665 7666 7658
f 7666 7659 7658
f 7666 7667 7659
f 7667 7660 7659
f 7667 7668 7660
f 7668 7661 7660
f 7668 7669 7661
f 7669 7662 7661
f 7669 7670 7662
f 7670 7655 7662
f 7670 7663 7655
f 7671 7664 7663
f 7671 7672 7664
f 7672 7665 7664
f 7672 7673 7665
f 7673 7666 7665
f 7673 7674 7666
f 7674 7667 7666
f 7674 7675 7667
f 7675 7668 7667
f 7675 7676 7668
f 7676 7669 7668
f 7676 7677 7669
f 7677 7670 7669
f 7677 7678 7670
f 7678 7663 7670
f 7678 7671 7663
f 7679 7672 7671
f 7679 7680 7672
f 7680 7673 7672
f 7680 7681 7673
f 7681 7674 7673
f 7681 7682 7674
f 7682 7675 7674
f 7682 7683 7675
f 7683 7676 7675
f 7683 7684 7676
f 7684 7677 7676
f 7684 7685 7677
f 7685 7678 7677
f 7685 7686 7678
f 7686 7671 7678
f 7686 7679 7671
f 7687 7689 7690
f 7688 7722 7721
f 7687 7690 7691
f 7688 7723 7722
f 7687 7691 7692
f 7688 7724 7723
f 7687 7692 7693
f 7688 7725 7724
f 7687 7693 7694
f 7688 7726 7725
f 7687 7694 7695
f 7688 7727 7726
f 7687 7695 7696
f 7688 7728 7727
f 7687 7696 7689
f 7688 7721 7728
f 7697 7690 7689
f 7697 7698 7690
f 7698 7691 7690
f 7698 7699 7691
f 7699 7692 7691
f 7699 7700 7692
f 7700 7693 7692
f 7700 7701 7693
f 7701 7694 7693
f 7701 7702 7694
f 7702 7695 7694
f 7702 7703 7695
f 7703 7696 7695
f 7703 7704 7696
f 7704 7689 7696
f 7704 7697 7689
f 7705 7698 7697
f 7705 7706 7698
f 7706 7699 7698
f 7706 7707 7699
f 7707 7700 7699
f 7707 7708 7700
f 7708 7701 7700
f 7708 7709 7701
f 7709 7702 7701
f 7709 7710 7702
f 7710 7703 7702
f 7710 7711 7703
f 7711 7704 7703
f 7711 7712 7704
f 7712 7697 7704
f 7712 7705 7697
f 7713 7706 7705
f 7713 7714 7706
f 7714 7707 7706
f 7714 7715 7707
f 7715 7708 7707
f 7715 7716 7708
f 7716 7709 7708
f 7716 7717 7709
f 7717 7710 7709
f 7717 7718 7710
f 7718 7711 7710
f 7718 7719 7711
f 7719 7712 7711
f 7719 7720 7712
f 7720 7705 7712
f 7720 7713 7705
f 7721 7714 7713
f 7721 7722 7714
f 7722 7715 7714
f 7722 7723 7715
f 7723 7716 7715
f 7723 7724 7716
f 7724 7717 7716
f 7724 7725 7717
f 7725 7718 7717
f 7725 7726 7718
f 7726 7719 7718
f 7726 7727 7719
f 7727 7720 7719
f 7727 7728 7720
f 7728 7713 7720
f 7728 7721 7713
f 7729 7731 7732
f 7730 7764 7763
f 7729 7732 7733
f 7730 7765 7764
f 7729 7733 7734
f 7730 7766 7765
f 7729 7734 7735
f 7730 7767 7766
f 7729 7735 7736
f 7730 7768 7767
f 7729 7736 7737
f 7730 7769 7768
f 7729 7737 7738
f 7730 7770 7769
f 7729 7738 7731
f 7730 7763 7770
f 7739 7732 7731
f 7739 7740 7732
f 7740 7733 7732
f 7740 7741 7733
f 7741 7734 7733
f 7741 7742 7734
f 7742 7735 7734
f 7742 7743 7735
f 7743 7736 7735
f 7743 7744 7736
f 7744 7737 7736
f 7744 7745 7737
f 7745 7738 7737
f 7745 7746 7738
f 7746 7731 7738
f 7746 7739 7731
f 7747 7740 7739
f 7747 7748 7740
f 7748 7741 7740
f 7748 7749 7741
f 7749 7742 7741
f 7749 7750 7742
f 7750 7743 7742
f 7750 7751 7743
f 7751 7744 7743
f 7751 7752 7744
f 7752 7745 7744
f 7752 7753 7745
f 7753 7746 7745
f 7753 7754 7746
f 7754 7739 7746
f 7754 7747 7739
f 7755 7748 7747
f 7755 7756 7748
f 7756 7749 7748
f 7756 7757 7749
f 7757 7750 7749
f 7757 7758 7750
f 7758 7751 7750
f 7758 7759 7751
f 7759 7752 7751
f 7759 7760 7752
f 7760 7753 7752
f 7760 7761 7753
f 7761 7754 7753
f 7761 7762 7754
f 7762 7747 7754
f 7762 7755 7747
f 7763 7756 7755
f 7763 7764 7756
f 7764 7757 7756
f 7764 7765 7757
f 7765 7758 7757
f 7765 7766 7758
f 7766 7759 7758
f 7766 7767 7759
f 7767 7760 7759
f 7767 7768 7760
f 7768 7761 7760
f 7768 7769 7761
f 7769 7762 7761
f 7769 7770 7762
f 7770 7755 7762
f 7770 7763 7755
f 7771 7773 7774
f 7772 7806 7805
f 7771 7774 7775
f 7772 7807 7806
f 7771 7775 7776
f 7772 7808 7807
f 7771 7776 7777
f 7772 7809 7808
f 7771 7777 7778
f 7772 7810 7809
f 7771 7778 7779
f 7772 7811 7810
f 7771 7779 7780
f 7772 7812 7811
f 7771 7780 7773
f 7772 7805 7812
f 7781 7774 7773
f 7781 7782 7774
f 7782 7775 7774
f 7782 7783 7775
f 7783 7776 7775
f 7783 7784 7776
f 7784 7777 7776
f 7784 7785 7777
f 7785 7778 7777
f 7785 7786 7778
f 7786 7779 7778
f 7786 7787 7779
f 7787 7780 7779
f 7787 7788 7780
f 7788 7773 7780
f 7788 7781 7773
f 7789 7782 7781
f 7789 7790 7782
f 7790 7783 7782
f 7790 7791 7783
f 7791 7784 7783
f 7791 7792 7784
f 7792 7785 7784
f 7792 7793 7785
f 7793 7786 7785
f 7793 7794 7786
f 7794 7787 7786
f 7794 7795 7787
f 7795 7788 7787
f 7795 7796 7788
f 7796 7781 7788
f 7796 7789 7781
f 7797 7790 7789
f 7797 7798 7790
f 7798 7791 7790
f 7798 7799 7791
f 7799 7792 7791
f 7799 7800 7792
f 7800 7793 7792
f 7800 7801 7793
f 7801 7794 7793
f 7801 7802 7794
f 7802 7795 7794
f 7802 7803 7795
f 7803 7796 7795
f 7803 7804 7796
f 7804 7789 7796
f 7804 7797 7789
f 7805 7798 7797
f 7805 7806 7798
f 7806 7799 7798
f 7806 7807 7799
f 7807 7800 7799
f 7807 7808 7800
f 7808 7801 7800
f 7808 7809 7801
f 7809 7802 7801
f 7809 7810 7802
f 7810 7803 7802
f 7810 7811 7803
f 7811 7804 7803
f 7811 7812 7804
f 7812 7797 7804
f 7812 7805 7797
f 7813 7815 7816
f 7814 7848 7847
f 7813 7816 7817
f 7814 7849 7848
f 7813 7817 7818
f 7814 7850 7849
f 7813 7818 7819
f 7814 7851 7850
f 7813 7819 7820
f 7814 7852 7851
f 7813 7820 7821
f 7814 7853 7852
f 7813 7821 7822
f 7814 7854 7853
f 7813 7822 7815
f 7814 7847 7854
f 7823 7816 7815
f 7823 7824 7816
f 7824 7817 7816
f 7824 7825 7817
f 7825 7818 7817
f 7825 7826 7818
f 7826 7819 7818
f 7826 7827 7819
f 7827 7820 7819
f 7827 7828 7820
f 7828 7821 7820
f 7828 7829 7821
f 7829 7822 7821
f 7829 7830 7822
f 7830 7815 7822
f 7830 7823 7815
f 7831 7824 7823
f 7831 7832 7824
f 7832 7825 7824
f 7832 7833 7825
f 7833 7826 7825
f 7833 7834 7826
f 7834 7827 7826
f 7834 7835 7827
f 7835 7828 7827
f 7835 7836 7828
f 7836 7829 7828
f 7836 7837 7829
f 7837 7830 7829
f 7837 7838 7830
f 7838 7823 7830
f 7838 7831 7823
f 7839 7832 7831
f 7839 7840 7832
f 7840 7833 7832
f 7840 7841 7833
f 7841 7834 7833
f 7841 7842 7834
f 7842 7835 7834
f 7842 7843 7835
f 7843 7836 7835
f 7843 7844 7836
f 7844 7837 7836
f 7844 7845 7837
f 7845 7838 7837
f 7845 7846 7838
f 7846 7831 7838
f 7846 7839 7831
f 7847 7840 7839
f 7847 7848 7840
f 7848 7841 7840
f 7848 7849 7841
f 7849 7842 7841
f 7849 7850 7842
f 7850 7843 7842
f 7850 7851 7843
f 7851 7844 7843
f 7851 7852 7844
f 7852 7845 7844
f 7852 7853 7845
f 7853 7846 7845
f 7853 7854 7846
f 7854 7839 7846
f 7854 7847 7839
f 7855 7857 7858
f 7856 7890 7889
f 7855 7858 7859
f 7856 7891 7890
f 7855 7859 7860
f 7856 7892 7891
f 7855 7860 7861
f 7856 7893 7892
f 7855 7861 7862
f 7856 7894 7893
f 7855 7862 7863
f 7856 7895 7894
f 7855 7863 7864
f 7856 7896 7895
f 7855 7864 7857
f 7856 7889 7896
f 7865 7858 7857
f 7865 7866 7858
f 7866 7859 7858
f 7866 7867 7859
f 7867 7860 7859
f 7867 7868 7860
f 7868 7861 7860
f 7868 7869 7861
f 7869 7862 7861
f 7869 7870 7862
f 7870 7863 7862
f 7870 7871 7863
f 7871 7864 7863
f 7871 7872 7864
f 7872 7857 7864
f 7872 7865 7857
f 7873 7866 7865
f 7873 7874 7866
f 7874 7867 7866
f 7874 7875 7867
f 7875 7868 7867
f 7875 7876 7868
f 7876 7869 7868
f 7876 7877 7869
f 7877 7870 7869
f 7877 7878 7870
f 7878 7871 7870
f 7878 7879 7871
f 7879 7872 7871
f 7879 7880 7872
f 7880 7865 7872
f 7880 7873 7865
f 7881 7874 7873
f 7881 7882 7874
f 7882 7875 7874
f 7882 7883 7875
f 7883 7876 7875
f 7883 7884 7876
f 7884 7877 7876
f 7884 7885 7877
f 7885 7878 7877
f 7885 7886 7878
f 7886 7879 7878
f 7886 7887 7879
f 7887 7880 7879
f 7887 7888 7880
f 7888 7873 7880
f 7888 7881 7873
f 7889 7882 7881
f 7889 7890 7882
f 7890 7883 7882
f 7890 7891 7883
f 7891 7884 7883
f 7891 7892 7884
f 7892 7885 7884
f 7892 7893 7885
f 7893 7886 7885
f 7893 7894 7886
f 7894 7887 7886
f 7894 7895 7887
f 7895 7888 7887
f 7895 7896 7888
f 7896 7881 7888
f 7896 7889 7881
f 7897 7899 7900
f 7898 7932 7931
f 7897 7900 7901
f 7898 7933 7932
f 7897 7901 7902
f 7898 7934 7933
f 7897 7902 7903
f 7898 7935 7934
f 7897 7903 7904
f 7898 7936 7935
f 7897 7904 7905
f 7898 7937 7936
f 7897 7905 7906
f 7898 7938 7937
f 7897 7906 7899
f 7898 7931 7938
f 7907 7900 7899
f 7907 7908 7900
f 7908 7901 7900
f 7908 7909 7901
f 7909 7902 7901
f 7909 7910 7902
f 7910 7903 7902
f 7910 7911 7903
f 7911 7904 7903
f 7911 7912 7904
f 7912 7905 7904
f 7912 7913 7905
f 7913 7906 7905
f 7913 7914 7906
f 7914 7899 7906
f 7914 7907 7899
f 7915 7908 7907
f 7915 7916 7908
f 7916 7909 7908
f 7916 7917 7909
f 7917 7910 7909
f 7917 7918 7910
f 7918 7911 7910
f 7918 7919 7911
f 7919 7912 7911
f 7919 7920 7912
f 7920 7913 7912
f 7920 7921 7913
f 7921 7914 7913
f 7921 7922 7914
f 7922 7907 7914
f 7922 7915 7907
f 7923 7916 7915
f 7923 7924 7916
f 7924 7917 7916
f 7924 7925 7917
f 7925 7918 7917
f 7925 7926 7918
f 7926 7919 7918
f 7926 7927 7919
f 7927 7920 7919
f 7927 7928 7920
f 7928 7921 7920
f 7928 7929 7921
f 7929 7922 7921
f 7929 7930 7922
f 7930 7915 7922
f 7930 7923 7915
f 7931 7924 7923
f 7931 7932 7924
f 7932 7925 7924
f 7932 7933 7925
f 7933 7926 7925
f 7933 7934 7926
f 7934 7927 7926
f 7934 7935 7927
f 7935 7928 7927
f 7935 7936 7928
f 7936 7929 7928
f 7936 7937 7929
f 7937 7930 7929
f 7937 7938 7930
f 7938 7923 7930
f 7938 7931 7923
f 7939 7941 7942
f 7940 7974 7973
f 7939 7942 7943
f 7940 7975 7974
f 7939 7943 7944
f 7940 7976 7975
f 7939 7944 7945
f 7940 7977 7976
f 7939 7945 7946
f 7940 7978 7977
f 7939 7946 7947
f 7940 7979 7978
f 7939 7947 7948
f 7940 7980 7979
f 7939 7948 7941
f 7940 7973 7980
f 7949 7942 7941
f 7949 7950 7942
f 7950 7943 7942
f 7950 7951 7943
f 7951 7944 7943
f 7951 7952 7944
f 7952 7945 7944
f 7952 7953 7945
f 7953 7946 7945
f 7953 7954 7946
f 7954 7947 7946
f 7954 7955 7947
f 7955 7948 7947
f 7955 7956 7948
f 7956 7941 7948
f 7956 7949 7941
f 7957 7950 7949
f 7957 7958 7950
f 7958 7951 7950
f 7958 7959 7951
f 7959 7952 7951
f 7959 7960 7952
f 7960 7953 7952
f 7960 7961 7953
f 7961 7954 7953
f 7961 7962 7954
f 7962 7955 7954
f 7962 7963 7955
f 7963 7956 7955
f 7963 7964 7956
f 7964 7949 7956
f 7964 7957 7949
f 7965 7958 7957
f 7965 7966 7958
f 7966 7959 7958
f 7966 7967 7959
f 7967 7960 7959
f 7967 7968 7960
f 7968 7961 7960
f 7968 7969 7961
f 7969 7962 7961
f 7969 7970 7962
f 7970 7963 7962
f 7970 7971 7963
f 7971 7964 7963
f 7971 7972 7964
f 7972 7957 7964
f 7972 7965 7957
f 7973 7966 7965
f 7973 7974 7966
f 7974 7967 7966
f 7974 7975 7967
f 7975 7968 7967
f 7975 7976 7968
f 7976 7969 7968
f 7976 7977 7969
f 7977 7970 7969
f 7977 7978 7970
f 7978 7971 7970
f 7978 7979 7971
f 7979 7972 7971
f 7979 7980 7972
f 7980 7965 7972
f 7980 7973 7965
f 7981 7983 7984
f 7982 8016 8015
f 7981 7984 7985
f 7982 8017 8016
f 7981 7985 7986
f 7982 8018 8017
f 7981 7986 7987
f 7982 8019 8018
f 7981 7987 7988
f 7982 8020 8019
f 7981 7988 7989
f 7982 8021 8020
f 7981 7989 7990
f 7982 8022 8021
f 7981 7990 7983
f 7982 8015 8022
f 7991 7984 7983
f 7991 7992 7984
f 7992 7985 7984
f 7992 7993 7985
f 7993 7986 7985
f 7993 7994 7986
f 7994 7987 7986
f 7994 7995 7987
f 7995 7988 7987
f 7995 7996 7988
f 7996 7989 7988
f 7996 7997 7989
f 7997 7990 7989
f 7997 7998 7990
f 7998 7983 7990
f 7998 7991 7983
f 7999 7992 7991
f 7999 8000 7992
f 8000 7993 7992
f 8000 8001 7993
f 8001 7994 7993
f 8001 8002 7994
f 8002 7995 7994
f 8002 8003 7995
f 8003 7996 7995
f 8003 8004 7996
f 8004 7997 7996
f 8004 8005 7997
f 8005 7998 7997
f 8005 8006 7998
f 8006 7991 7998
f 8006 7999 7991
f 8007 8000 7999
f 8007 8008 8000
f 8008 8001 8000
f 8008 8009 8001
f 8009 8002 8001
f 8009 8010 8002
f 8010 8003 8002
f 8010 8011 8003
f 8011 8004 8003
f 8011 8012 8004
f 8012 8005 8004
f 8012 8013 8005
f 8013 8006 8005
f 8013 8014 8006
f 8014 7999 8006
f 8014 8007 7999
f 8015 8008 8007
f 8015 8016 8008
f 8016 8009 8008
f 8016 8017 8009
f 8017 8010 8009
f 8017 8018 8010
f 8018 8011 8010
f 8018 8019 8011
f 8019 8012 8011
f 8019 8020 8012
f 8020 8013 8012
f 8020 8021 8013
f 8021 8014 8013
f 8021 8022 8014
f 8022 8007 8014
f 8022 8015 8007
f 8023 8025 8026
f 8024 8058 8057
f 8023 8026 8027
f 8024 8059 8058
f 8023 8027 8028
f 8024 8060 8059
f 8023 8028 8029
f 8024 8061 8060
f 8023 8029 8030
f 8024 8062 8061
f 8023 8030 8031
f 8024 8063 8062
f 8023 8031 8032
f 8024 8064 8063
f 8023 8032 8025
f 8024 8057 8064
f 8033 8026 8025
f 8033 8034 8026
f 8034 8027 8026
f 8034 8035 8027
f 8035 8028 8027
f 8035 8036 8028
f 8036 8029 8028
f 8036 8037 8029
f 8037 8030 8029
f 8037 8038 8030
f 8038 8031 8030
f 8038 8039 8031
f 8039 8032 8031
f 8039 8040 8032
f 8040 8025 8032
f 8040 8033 8025
f 8041 8034 8033
f 8041 8042 8034
f 8042 8035 8034
f 8042 8043 8035
f 8043 8036 8035
f 8043 8044 8036
f 8044 8037 8036
f 8044 8045 8037
f 8045 8038 8037
f 8045 8046 8038
f 8046 8039 8038
f 8046 8047 8039
f 8047 8040 8039
f 8047 8048 8040
f 8048 8033 8040
f 8048 8041 8033
f 8049 8042 8041
f 8049 8050 8042
f 8050 8043 8042
f 8050 8051 8043
f 8051 8044 8043
f 8051 8052 8044
f 8052 8045 8044
f 8052 8053 8045
f 8053 8046 8045
f 8053 8054 8046
f 8054 8047 8046
f 8054 8055 8047
f 8055 8048 8047
f 8055 8056 8048
f 8056 8041 8048
f 8056 8049 8041
f 8057 8050 8049
f 8057 8058 8050
f 8058 8051 8050
f 8058 8059 8051
f 8059 8052 8051
f 8059 8060 8052
f 8060 8053 8052
f 8060 8061 8053
f 8061 8054 8053
f 8061 8062 8054
f 8062 8055 8054
f 8062 8063 8055
f 8063 8056 8055
f 8063 8064 8056
f 8064 8049 8056
f 8064 8057 8049
f 8065 8067 8068
f 8066 8100 8099
f 8065 8068 8069
f 8066 8101 8100
f 8065 8069 8070
f 8066 8102 8101
f 8065 8070 8071
f 8066 8103 8102
f 8065 8071 8072
f 8066 8104 8103
f 8065 8072 8073
f 8066 8105 8104
f 8065 8073 8074
f 8066 8106 8105
f 8065 8074 8067
f 8066 8099 8106
f 8075 8068 8067
f 8075 8076 8068
f 8076 8069 8068
f 8076 8077 8069
f 8077 8070 8069
f 8077 8078 8070
f 8078 8071 8070
f 8078 8079 8071
f 8079 8072 8071
f 8079 8080 8072
f 8080 8073 8072
f 8080 8081 8073
f 8081 8074 8073
f 8081 8082 8074
f 8082 8067 8074
f 8082 8075 8067
f 8083 8076 8075
f 8083 8084 8076
f 8084 8077 8076
f 8084 8085 8077
f 8085 8078 8077
f 8085 8086 8078
f 8086 8079 8078
f 8086 8087 8079
f 8087 8080 8079
f 8087 8088 8080
f 8088 8081 8080
f 8088 8089 8081
f 8089 8082 8081
f 8089 8090 8082
f 8090 8075 8082
f 8090 8083 8075
f 8091 8084 8083
f 8091 8092 8084
f 8092 8085 8084
f 8092 8093 8085
f 8093 8086 8085
f 8093 8094 8086
f 8094 8087 8086
f 8094 8095 8087
f 8095 8088 8087
f 8095 8096 8088
f 8096 8089 8088
f 8096 8097 8089
f 8097 8090 8089
f 8097 8098 8090
f 8098 8083 8090
f 8098 8091 8083
f 8099 8092 8091
f 8099 8100 8092
f 8100 8093 8092
f 8100 8101 8093
f 8101 8094 8093
f 8101 8102 8094
f 8102 8095 8094
f 8102 8103 8095
f 8103 8096 8095
f 8103 8104 8096
f 8104 8097 8096
f 8104 8105 8097
f 8105 8098 8097
f 8105 8106 8098
f 8106 8091 8098
f 8106 8099 8091
f 8107 8109 8110
f 8108 8142 8141
f 8107 8110 8111
f 8108 8143 8142
f 8107 8111 8112
f 8108 8144 8143
f 8107 8112 8113
f 8108 8145 8144
f 8107 8113 8114
f 8108 8146 8145
f 8107 8114 8115
f 8108 8147 8146
f 8107 8115 8116
f 8108 8148 8147
f 8107 8116 8109
f 8108 8141 8148
f 8117 8110 8109
f 8117 8118 8110
f 8118 8111 8110
f 8118 8119 8111
f 8119 8112 8111
f 8119 8120 8112
f 8120 8113 8112
f 8120 8121 8113
f 8121 8114 8113
f 8121 8122 8114
f 8122 8115 8114
f 8122 8123 8115
f 8123 8116 8115
f 8123 8124 8116
f 8124 8109 8116
f 8124 8117 8109
f 8125 8118 8117
f 8125 8126 8118
f 8126 8119 8118
f 8126 8127 8119
f 8127 8120 8119
f 8127 8128 8120
f 8128 8121 8120
f 8128 8129 8121
f 8129 8122 8121
f 8129 8130 8122
f 8130 8123 8122
f 8130 8131 8123
f 8131 8124 8123
f 8131 8132 8124
f 8132 8117 8124
f 8132 8125 8117
f 8133 8126 8125
f 8133 8134 8126
f 8134 8127 8126
f 8134 8135 8127
f 8135 8128 8127
f 8135 8136 8128
f 8136 8129 8128
f 8136 8137 8129
f 8137 8130 8129
f 8137 8138 8130
f 8138 8131 8130
f 8138 8139 8131
f 8139 8132 8131
f 8139 8140 8132
f 8140 8125 8132
f 8140 8133 8125
f 8141 8134 8133
f 8141 8142 8134
f 8142 8135 8134
f 8142 8143 8135
f 8143 8136 8135
f 8143 8144 8136
f 8144 8137 8136
f 8144 8145 8137
f 8145 8138 8137
f 8145 8146 8138
f 8146 8139 8138
f 8146 8147 8139
f 8147 8140 8139
f 8147 8148 8140
f 8148 8133 8140
f 8148 8141 8133
f 8149 8151 8152
f 8150 8184 8183
f 8149 8152 8153
f 8150 8185 8184
f 8149 8153 8154
f 8150 8186 8185
f 8149 8154 8155
f 8150 8187 8186
f 8149 8155 8156
f 8150 8188 8187
f 8149 8156 8157
f 8150 8189 8188
f 8149 8157 8158
f 8150 8190 8189
f 8149 8158 8151
f 8150 8183 8190
f 8159 8152 8151
f 8159 8160 8152
f 8160 8153 8152
f 8160 8161 8153
f 8161 8154 8153
f 8161 8162 8154
f 8162 8155 8154
f 8162 8163 8155
f 8163 8156 8155
f 8163 8164 8156
f 8164 8157 8156
f 8164 8165 8157
f 8165 8158 8157
f 8165 8166 8158
f 8166 8151 8158
f 8166 8159 8151
f 8167 8160 8159
f 8167 8168 8160
f 8168 8161 8160
f 8168 8169 8161
f 8169 8162 8161
f 8169 8170 8162
f 8170 8163 8162
f 8170 8171 8163
f 8171 8164 8163
f 8171 8172 8164
f 8172 8165 8164
f 8172 8173 8165
f 8173 8166 8165
f 8173 8174 8166
f 8174 8159 8166
f 8174 8167 8159
f 8175 8168 8167
f 8175 8176 8168
f 8176 8169 8168
f 8176 8177 8169
f 8177 8170 8169
f 8177 8178 8170
f 8178 8171 8170
f 8178 8179 8171
f 8179 8172 8171
f 8179 8180 8172
f 8180 8173 8172
f 8180 8181 8173
f 8181 8174 8173
f 8181 8182 8174
f 8182 8167 8174
f 8182 8175 8167
f 8183 8176 8175
f 8183 8184 8176
f 8184 8177 8176
f 8184 8185 8177
f 8185 8178 8177
f 8185 8186 8178
f 8186 8179 8178
f 8186 8187 8179
f 8187 8180 8179
f 8187 8188 8180
f 8188 8181 8180
f 8188 8189 8181
f 8189 8182 8181
f 8189 8190 8182
f 8190 8175 8182
f 8190 8183 8175
f 8191 8193 8194
f 8192 8226 8225
f 8191 8194 8195
f 8192 8227 8226
f 8191 8195 8196
f 8192 8228 8227
f 8191 8196 8197
f 8192 8229 8228
f 8191 8197 8198
f 8192 8230 8229
f 8191 8198 8199
f 8192 8231 8230
f 8191 8199 8200
f 8192 8232 8231
f 8191 8200 8193
f 8192 8225 8232
f 8201 8194 8193
f 8201 8202 8194
f 8202 8195 8194
f 8202 8203 8195
f 8203 8196 8195
f 8203 8204 8196
f 8204 8197 8196
f 8204 8205 8197
f 8205 8198 8197
f 8205 8206 8198
f 8206 8199 8198
f 8206 8207 8199
f 8207 8200 8199
f 8207 8208 8200
f 8208 8193 8200
f 8208 8201 8193
f 8209 8202 8201
f 8209 8210 8202
f 8210 8203 8202
f 8210 8211 8203
f 8211 8204 8203
f 8211 8212 8204
f 8212 8205 8204
f 8212 8213 8205
f 8213 8206 8205
f 8213 8214 8206
f 8214 8207 8206
f 8214 8215 8207
f 8215 8208 8207
f 8215 8216 8208
f 8216 8201 8208
f 8216 8209 8201
f 8217 8210 8209
f 8217 8218 8210
f 8218 8211 8210
f 8218 8219 8211
f 8219 8212 8211
f 8219 8220 8212
f 8220 8213 8212
f 8220 8221 8213
f 8221 8214 8213
f 8221 8222 8214
f 8222 8215 8214
f 8222 8223 8215
f 8223 8216 8215
f 8223 8224 8216
f 8224 8209 8216
f 8224 8217 8209
f 8225 8218 8217
f 8225 8226 8218
f 8226 8219 8218
f 8226 8227 8219
f 8227 8220 8219
f 8227 8228 8220
f 8228 8221 8220
f 8228 8229 8221
f 8229 8222 8221
f 8229 8230 8222
f 8230 8223 8222
f 8230 8231 8223
f 8231 8224 8223
f 8231 8232 8224
f 8232 8217 8224
f 8232 8225 8217
f 8233 8235 8236
f 8234 8268 8267
f 8233 8236 8237
f 8234 8269 8268
f 8233 8237 8238
f 8234 8270 8269
f 8233 8238 8239
f 8234 8271 8270
f 8233 8239 8240
f 8234 8272 8271
f 8233 8240 8241
f 8234 8273 8272
f 8233 8241 8242
f 8234 8274 8273
f 8233 8242 8235
f 8234 8267 8274
f 8243 8236 8235
f 8243 8244 8236
f 8244 8237 8236
f 8244 8245 8237
f 8245 8238 8237
f 8245 8246 8238
f 8246 8239 8238
f 8246 8247 8239
f 8247 8240 8239
f 8247 8248 8240
f 8248 8241 8240
f 8248 8249 8241
f 8249 8242 8241
f 8249 8250 8242
f 8250 8235 8242
f 8250 8243 8235
f 8251 8244 8243
f 8251 8252 8244
f 8252 8245 8244
f 8252 8253 8245
f 8253 8246 8245
f 8253 8254 8246
f 8254 8247 8246
f 8254 8255 8247
f 8255 8248 8247
f 8255 8256 8248
f 8256 8249 8248
f 8256 8257 8249
f 8257 8250 8249
f 8257 8258 8250
f 8258 8243 8250
f 8258 8251 8243
f 8259 8252 8251
f 8259 8260 8252
f 8260 8253 8252
f 8260 8261 8253
f 8261 8254 8253
f 8261 8262 8254
f 8262 8255 8254
f 8262 8263 8255
f 8263 8256 8255
f 8263 8264 8256
f 8264 8257 8256
f 8264 8265 8257
f 8265 8258 8257
f 8265 8266 8258
f 8266 8251 8258
f 8266 8259 8251
f 8267 8260 8259
f 8267 8268 8260
f 8268 8261 8260
f 8268 8269 8261
f 8269 8262 8261
f 8269 8270 8262
f 8270 8263 8262
f 8270 8271 8263
f 8271 8264 8263
f 8271 8272 8264
f 8272 8265 8264
f 8272 8273 8265
f 8273 8266 8265
f 8273 8274 8266
f 8274 8259 8266
f 8274 8267 8259
f 8275 8277 8278
f 8276 8310 8309
f 8275 8278 8279
f 8276 8311 8310
f 8275 8279 8280
f 8276 8312 8311
f 8275 8280 8281
f 8276 8313 8312
f 8275 8281 8282
f 8276 8314 8313
f 8275 8282 8283
f 8276 8315 8314
f 8275 8283 8284
f 8276 8316 8315
f 8275 8284 8277
f 8276 8309 8316
f 8285 8278 8277
f 8285 8286 8278
f 8286 8279 8278
f 8286 8287 8279
f 8287 8280 8279
f 8287 8288 8280
f 8288 8281 8280
f 8288 8289 8281
f 8289 8282 8281
f 8289 8290 8282
f 8290 8283 8282
f 8290 8291 8283
f 8291 8284 8283
f 8291 8292 8284
f 8292 8277 8284
f 8292 8285 8277
f 8293 8286 8285
f 8293 8294 8286
f 8294 8287 8286
f 8294 8295 8287
f 8295 8288 8287
f 8295 8296 8288
f 8296 8289 8288
f 8296 8297 8289
f 8297 8290 8289
f 8297 8298 8290
f 8298 8291 8290
f 8298 8299 8291
f 8299 8292 8291
f 8299 8300 8292
f 8300 8285 8292
f 8300 8293 8285
f 8301 8294 8293
f 8301 8302 8294
f 8302 8295 8294
f 8302 8303 8295
f 8303 8296 8295
f 8303 8304 8296
f 8304 8297 8296
f 8304 8305 8297
f 8305 8298 8297
f 8305 8306 8298
f 8306 8299 8298
f 8306 8307 8299
f 8307 8300 8299
f 8307 8308 8300
f 8308 8293 8300
f 8308 8301 8293
f 8309 8302 8301
f 8309 8310 8302
f 8310 8303 8302
f 8310 8311 8303
f 8311 8304 8303
f 8311 8312 8304
f 8312 8305 8304
f 8312 8313 8305
f 8313 8306 8305
f 8313 8314 8306
f 8314 8307 8306
f 8314 8315 8307
f 8315 8308 8307
f 8315 8316 8308
f 8316 8301 8308
f 8316 8309 8301
f 8317 8319 8320
f 8318 8352 8351
f 8317 8320 8321
f 8318 8353 8352
f 8317 8321 8322
f 8318 8354 8353
f 8317 8322 8323
f 8318 8355 8354
f 8317 8323 8324
f 8318 8356 8355
f 8317 8324 8325
f 8318 8357 8356
f 8317 8325 8326
f 8318 8358 8357
f 8317 8326 8319
f 8318 8351 8358
f 8327 8320 8319
f 8327 8328 8320
f 8328 8321 8320
f 8328 8329 8321
f 8329 8322 8321
f 8329 8330 8322
f 8330 8323 8322
f 8330 8331 8323
f 8331 8324 8323
f 8331 8332 8324
f 8332 8325 8324
f 8332 8333 8325
f 8333 8326 8325
f 8333 8334 8326
f 8334 8319 8326
f 8334 8327 8319
f 8335 8328 8327
f 8335 8336 8328
f 8336 8329 8328
f 8336 8337 8329
f 8337 8330 8329
f 8337 8338 8330
f 8338 8331 8330
f 8338 8339 8331
f 8339 8332 8331
f 8339 8340 8332
f 8340 8333 8332
f 8340 8341 8333
f 8341 8334 8333
f 8341 8342 8334
f 8342 8327 8334
f 8342 8335 8327
f 8343 8336 8335
f 8343 8344 8336
f 8344 8337 8336
f 8344 8345 8337
f 8345 8338 8337
f 8345 8346 8338
f 8346 8339 8338
f 8346 8347 8339
f 8347 8340 8339
f 8347 8348 8340
f 8348 8341 8340
f 8348 8349 8341
f 8349 8342 8341
f 8349 8350 8342
f 8350 8335 8342
f 8350 8343 8335
f 8351 8344 8343
f 8351 8352 8344
f 8352 8345 8344
f 8352 8353 8345
f 8353 8346 8345
f 8353 8354 8346
f 8354 8347 8346
f 8354 8355 8347
f 8355 8348 8347
f 8355 8356 8348
f 8356 8349 8348
f 8356 8357 8349
f 8357 8350 8349
f 8357 8358 8350
f 8358 8343 8350
f 8358 8351 8343
f 8359 8361 8362
f 8360 8394 8393
f 8359 8362 8363
f 8360 8395 8394
f 8359 8363 8364
f 8360 8396 8395
f 8359 8364 8365
f 8360 8397 8396
f 8359 8365 8366
f 8360 8398 8397
f 8359 8366 8367
f 8360 8399 8398
f 8359 8367 8368
f 8360 8400 8399
f 8359 8368 8361
f 8360 8393 8400
f 8369 8362 8361
f 8369 8370 8362
f 8370 8363 8362
f 8370 8371 8363
f 8371 8364 8363
f 8371 8372 8364
f 8372 8365 8364
f 8372 8373 8365
f 8373 8366 8365
f 8373 8374 8366
f 8374 8367 8366
f 8374 8375 8367
f 8375 8368 8367
f 8375 8376 8368
f 8376 8361 8368
f 8376 8369 8361
f 8377 8370 8369
f 8377 8378 8370
f 8378 8371 8370
f 8378 8379 8371
f 8379 8372 8371
f 8379 8380 8372
f 8380 8373 8372
f 8380 8381 8373
f 8381 8374 8373
f 8381 8382 8374
f 8382 8375 8374
f 8382 8383 8375
f 8383 8376 8375
f 8383 8384 8376
f 8384 8369 8376
f 8384 8377 8369
f 8385 8378 8377
f 8385 8386 8378
f 8386 8379 8378
f 8386 8387 8379
f 8387 8380 8379
f 8387 8388 8380
f 8388 8381 8380
f 8388 8389 8381
f 8389 8382 8381
f 8389 8390 8382
f 8390 8383 8382
f 8390 8391 8383
f 8391 8384 8383
f 8391 8392 8384
f 8392 8377 8384
f 8392 8385 8377
f 8393 8386 8385
f 8393 8394 8386
f 8394 8387 8386
f 8394 8395 8387
f 8395 8388 8387
f 8395 8396 8388
f 8396 8389 8388
f 8396 8397 8389
f 8397 8390 8389
f 8397 8398 8390
f 8398 8391 8390
f 8398 8399 8391
f 8399 8392 8391
f 8399 8400 8392
f 8400 8385 8392
f 8400 8393 8385
f 8401 8403 8404
f 8402 8436 8435
f 8401 8404 8405
f 8402 8437 8436
f 8401 8405 8406
f 8402 8438 8437
f 8401 8406 8407
f 8402 8439 8438
f 8401 8407 8408
f 8402 8440 8439
f 8401 8408 8409
f 8402 8441 8440
f 8401 8409 8410
f 8402 8442 8441
f 8401 8410 8403
f 8402 8435 8442
f 8411 8404 8403
f 8411 8412 8404
f 8412 8405 8404
f 8412 8413 8405
f 8413 8406 8405
f 8413 8414 8406
f 8414 8407 8406
f 8414 8415 8407
f 8415 8408 8407
f 8415 8416 8408
f 8416 8409 8408
f 8416 8417 8409
f 8417 8410 8409
f 8417 8418 8410
f 8418 8403 8410
f 8418 8411 8403
f 8419 8412 8411
f 8419 8420 8412
f 8420 8413 8412
f 8420 8421 8413
f 8421 8414 8413
f 8421 8422 8414
f 8422 8415 8414
f 8422 8423 8415
f 8423 8416 8415
f 8423 8424 8416
f 8424 8417 8416
f 8424 8425 8417
f 8425 8418 8417
f 8425 8426 8418
f 8426 8411 8418
f 8426 8419 8411
f 8427 8420 8419
f 8427 8428 8420
f 8428 8421 8420
f 8428 8429 8421
f 8429 8422 8421
f 8429 8430 8422
f 8430 8423 8422
f 8430 8431 8423
f 8431 8424 8423
f 8431 8432 8424
f 8432 8425 8424
f 8432 8433 8425
f 8433 8426 8425
f 8433 8434 8426
f 8434 8419 8426
f 8434 8427 8419
f 8435 8428 8427
f 8435 8436 8428
f 8436 8429 8428
f 8436 8437 8429
f 8437 8430 8429
f 8437 8438 8430
f 8438 8431 8430
f 8438 8439 8431
f 8439 8432 8431
f 8439 8440 8432
f 8440 8433 8432
f 8440 8441 8433
f 8441 8434 8433
f 8441 8442 8434
f 8442 8427 8434
f 8442 8435 8427
f 8443 8445 8446
f 8444 8478 8477
f 8443 8446 8447
f 8444 8479 8478
f 8443 8447 8448
f 8444 8480 8479
f 8443 8448 8449
f 8444 8481 8480
f 8443 8449 8450
f 8444 8482 8481
f 8443 8450 8451
f 8444 8483 8482
f 8443 8451 8452
f 8444 8484 8483
f 8443 8452 8445
f 8444 8477 8484
f 8453 8446 8445
f 8453 8454 8446
f 8454 8447 8446
f 8454 8455 8447
f 8455 8448 8447
f 8455 8456 8448
f 8456 8449 8448
f 8456 8457 8449
f 8457 8450 8449
f 8457 8458 8450
f 8458 8451 8450
f 8458 8459 8451
f 8459 8452 8451
f 8459 8460 8452
f 8460 8445 8452
f 8460 8453 8445
f 8461 8454 8453
f 8461 8462 8454
f 8462 8455 8454
f 8462 8463 8455
f 8463 8456 8455
f 8463 8464 8456
f 8464 8457 8456
f 8464 8465 8457
f 8465 8458 8457
f 8465 8466 8458
f 8466 8459 8458
f 8466 8467 8459
f 8467 8460 8459
f 8467 8468 8460
f 8468 8453 8460
f 8468 8461 8453
f 8469 8462 8461
f 8469 8470 8462
f 8470 8463 8462
f 8470 8471 8463
f 8471 8464 8463
f 8471 8472 8464
f 8472 8465 8464
f 8472 8473 8465
f 8473 8466 8465
f 8473 8474 8466
f 8474 8467 8466
f 8474 8475 8467
f 8475 8468 8467
f 8475 8476 8468
f 8476 8461 8468
f 8476 8469 8461
f 8477 8470 8469
f 8477 8478 8470
f 8478 8471 8470
f 8478 8479 8471
f 8479 8472 8471
f 8479 8480 8472
f 8480 8473 8472
f 8480 8481 8473
f 8481 8474 8473
f 8481 8482 8474
f 8482 8475 8474
f 8482 8483 8475
f 8483 8476 8475
f 8483 8484 8476
f 8484 8469 8476
f 8484 8477 8469
f 8485 8487 8488
f 8486 8520 8519
f 8485 8488 8489
f 8486 8521 8520
f 8485 8489 8490
f 8486 8522 8521
f 8485 8490 8491
f 8486 8523 8522
f 8485 8491 8492
f 8486 8524 8523
f 8485 8492 8493
f 8486 8525 8524
f 8485 8493 8494
f 8486 8526 8525
f 8485 8494 8487
f 8486 8519 8526
f 8495 8488 8487
f 8495 8496 8488
f 8496 8489 8488
f 8496 8497 8489
f 8497 8490 8489
f 8497 8498 8490
f 8498 8491 8490
f 8498 8499 8491
f 8499 8492 8491
f 8499 8500 8492
f 8500 8493 8492
f 8500 8501 8493
f 8501 8494 8493
f 8501 8502 8494
f 8502 8487 8494
f 8502 8495 8487
f 8503 8496 8495
f 8503 8504 8496
f 8504 8497 8496
f 8504 8505 8497
f 8505 8498 8497
f 8505 8506 8498
f 8506 8499 8498
f 8506 8507 8499
f 8507 8500 8499
f 8507 8508 8500
f 8508 8501 8500
f 8508 8509 8501
f 8509 8502 8501
f 8509 8510 8502
f 8510 8495 8502
f 8510 8503 8495
f 8511 8504 8503
f 8511 8512 8504
f 8512 8505 8504
f 8512 8513 8505
f 8513 8506 8505
f 8513 8514 8506
f 8514 8507 8506
f 8514 8515 8507
f 8515 8508 8507
f 8515 8516 8508
f 8516 8509 8508
f 8516 8517 8509
f 8517 8510 8509
f 8517 8518 8510
f 8518 8503 8510
f 8518 8511 8503
f 8519 8512 8511
f 8519 8520 8512
f 8520 8513 8512
f 8520 8521 8513
f 8521 8514 8513
f 8521 8522 8514
f 8522 8515 8514
f 8522 8523 8515
f 8523 8516 8515
f 8523 8524 8516
f 8524 8517 8516
f 8524 8525 8517
f 8525 8518 8517
f 8525 8526 8518
f 8526 8511 8518
f 8526 8519 8511
f 8527 8529 8530
f 8528 8562 8561
f 8527 8530 8531
f 8528 8563 8562
f 8527 8531 8532
f 8528 8564 8563
f 8527 8532 8533
f 8528 8565 8564
f 8527 8533 8534
f 8528 8566 8565
f 8527 8534 8535
f 8528 8567 8566
f 8527 8535 8536
f 8528 8568 8567
f 8527 8536 8529
f 8528 8561 8568
f 8537 8530 8529
f 8537 8538 8530
f 8538 8531 8530
f 8538 8539 8531
f 8539 8532 8531
f 8539 8540 8532
f 8540 8533 8532
f 8540 8541 8533
f 8541 8534 8533
f 8541 8542 8534
f 8542 8535 8534
f 8542 8543 8535
f 8543 8536 8535
f 8543 8544 8536
f 8544 8529 8536
f 8544 8537 8529
f 8545 8538 8537
f 8545 8546 8538
f 8546 8539 8538
f 8546 8547 8539
f 8547 8540 8539
f 8547 8548 8540
f 8548 8541 8540
f 8548 8549 8541
f 8549 8542 8541
f 8549 8550 8542
f 8550 8543 8542
f 8550 8551 8543
f 8551 8544 8543
f 8551 8552 8544
f 8552 8537 8544
f 8552 8545 8537
f 8553 8546 8545
f 8553 8554 8546
f 8554 8547 8546
f 8554 8555 8547
f 8555 8548 8547
f 8555 8556 8548
f 8556 8549 8548
f 8556 8557 8549
f 8557 8550 8549
f 8557 8558 8550
f 8558 8551 8550
f 8558 8559 8551
f 8559 8552 8551
f 8559 8560 8552
f 8560 8545 8552
f 8560 8553 8545
f 8561 8554 8553
f 8561 8562 8554
f 8562 8555 8554
f 8562 8563 8555
f 8563 8556 8555
f 8563 8564 8556
f 8564 8557 8556
f 8564 8565 8557
f 8565 8558 8557
f 8565 8566 8558
f 8566 8559 8558
f 8566 8567 8559
f 8567 8560 8559
f 8567 8568 8560
f 8568 8553 8560
f 8568 8561 8553
f 8569 8571 8572
f 8570 8604 8603
f 8569 8572 8573
f 8570 8605 8604
f 8569 8573 8574
f 8570 8606 8605
f 8569 8574 8575
f 8570 8607 8606
f 8569 8575 8576
f 8570 8608 8607
f 8569 8576 8577
f 8570 8609 8608
f 8569 8577 8578
f 8570 8610 8609
f 8569 8578 8571
f 8570 8603 8610
f 8579 8572 8571
f 8579 8580 8572
f 8580 8573 8572
f 8580 8581 8573
f 8581 8574 8573
f 8581 8582 8574
f 8582 8575 8574
f 8582 8583 8575
f 8583 8576 8575
f 8583 8584 8576
f 8584 8577 8576
f 8584 8585 8577
f 8585 8578 8577
f 8585 8586 8578
f 8586 8571 8578
f 8586 8579 8571
f 8587 8580 8579
f 8587 8588 8580
f 8588 8581 8580
f 8588 8589 8581
f 8589 8582 8581
f 8589 8590 8582
f 8590 8583 8582
f 8590 8591 8583
f 8591 8584 8583
f 8591 8592 8584
f 8592 8585 8584
f 8592 8593 8585
f 8593 8586 8585
f 8593 8594 8586
f 8594 8579 8586
f 8594 8587 8579
f 8595 8588 8587
f 8595 8596 8588
f 8596 8589 8588
f 8596 8597 8589
f 8597 8590 8589
f 8597 8598 8590
f 8598 8591 8590
f 8598 8599 8591
f 8599 8592 8591
f 8599 8600 8592
f 8600 8593 8592
f 8600 8601 8593
f 8601 8594 8593
f 8601 8602 8594
f 8602 8587 8594
f 8602 8595 8587
f 8603 8596 8595
f 8603 8604 8596
f 8604 8597 8596
f 8604 8605 8597
f 8605 8598 8597
f 8605 8606 8598
f 8606 8599 8598
f 8606 8607 8599
f 8607 8600 8599
f 8607 8608 8600
f 8608 8601 8600
f 8608 8609 8601
f 8609 8602 8601
f 8609 8610 8602
f 8610 8595 8602
f 8610 8603 8595
f 8611 8613 8614
f 8612 8646 8645
f 8611 8614 8615
f 8612 8647 8646
f 8611 8615 8616
f 8612 8648 8647
f 8611 8616 8617
f 8612 8649 8648
f 8611 8617 8618
f 8612 8650 8649
f 8611 8618 8619
f 8612 8651 8650
f 8611 8619 8620
f 8612 8652 8651
f 8611 8620 8613
f 8612 8645 8652
f 8621 8614 8613
f 8621 8622 8614
f 8622 8615 8614
f 8622 8623 8615
f 8623 8616 8615
f 8623 8624 8616
f 8624 8617 8616
f 8624 8625 8617
f 8625 8618 8617
f 8625 8626 8618
f 8626 8619 8618
f 8626 8627 8619
f 8627 8620 8619
f 8627 8628 8620
f 8628 8613 8620
f 8628 8621 8613
f 8629 8622 8621
f 8629 8630 8622
f 8630 8623 8622
f 8630 8631 8623
f 8631 8624 8623
f 8631 8632 8624
f 8632 8625 8624
f 8632 8633 8625
f 8633 8626 8625
f 8633 8634 8626
f 8634 8627 8626
f 8634 8635 8627
f 8635 8628 8627
f 8635 8636 8628
f 8636 8621 8628
f 8636 8629 8621
f 8637 8630 8629
f 8637 8638 8630
f 8638 8631 8630
f 8638 8639 8631
f 8639 8632 8631
f 8639 8640 8632
f 8640 8633 8632
f 8640 8641 8633
f 8641 8634 8633
f 8641 8642 8634
f 8642 8635 8634
f 8642 8643 8635
f 8643 8636 8635
f 8643 8644 8636
f 8644 8629 8636
f 8644 8637 8629
f 8645 8638 8637
f 8645 8646 8638
f 8646 8639 8638
f 8646 8647 8639
f 8647 8640 8639
f 8647 8648 8640
f 8648 8641 8640
f 8648 8649 8641
f 8649 8642 8641
f 8649 8650 8642
f 8650 8643 8642
f 8650 8651 8643
f 8651 8644 8643
f 8651 8652 8644
f 8652 8637 8644
f 8652 8645 8637
f 8653 8655 8656
f 8654 8688 8687
f 8653 8656 8657
f 8654 8689 8688
f 8653 8657 8658
f 8654 8690 8689
f 8653 8658 8659
f 8654 8691 8690
f 8653 8659 8660
f 8654 8692 8691
f 8653 8660 8661
f 8654 8693 8692
f 8653 8661 8662
f 8654 8694 8693
f 8653 8662 8655
f 8654 8687 8694
f 8663 8656 8655
f 8663 8664 8656
f 8664 8657 8656
f 8664 8665 8657
f 8665 8658 8657
f 8665 8666 8658
f 8666 8659 8658
f 8666 8667 8659
f 8667 8660 8659
f 8667 8668 8660
f 8668 8661 8660
f 8668 8669 8661
f 8669 8662 8661
f 8669 8670 8662
f 8670 8655 8662
f 8670 8663 8655
f 8671 8664 8663
f 8671 8672 8664
f 8672 8665 8664
f 8672 8673 8665
f 8673 8666 8665
f 8673 8674 8666
f 8674 8667 8666
f 8674 8675 8667
f 8675 8668 8667
f 8675 8676 8668
f 8676 8669 8668
f 8676 8677 8669
f 8677 8670 8669
f 8677 8678 8670
f 8678 8663 8670
f 8678 8671 8663
f 8679 8672 8671
f 8679 8680 8672
f 8680 8673 8672
f 8680 8681 8673
f 8681 8674 8673
f 8681 8682 8674
f 8682 8675 8674
f 8682 8683 8675
f 8683 8676 8675
f 8683 8684 8676
f 8684 8677 8676
f 8684 8685 8677
f 8685 8678 8677
f 8685 8686 8678
f 8686 8671 8678
f 8686 8679 8671
f 8687 8680 8679
f 8687 8688 8680
f 8688 8681 8680
f 8688 8689 8681
f 8689 8682 8681
f 8689 8690 8682
f 8690 8683 8682
f 8690 8691 8683
f 8691 8684 8683
f 8691 8692 8684
f 8692 8685 8684
f 8692 8693 8685
f 8693 8686 8685
f 8693 8694 8686
f 8694 8679 8686
f 8694 8687 8679
f 8695 8697 8698
f 8696 8730 8729
f 8695 8698 8699
f 8696 8731 8730
f 8695 8699 8700
f 8696 8732 8731
f 8695 8700 8701
f 8696 8733 8732
f 8695 8701 8702
f 8696 8734 8733
f 8695 8702 8703
f 8696 8735 8734
f 8695 8703 8704
f 8696 8736 8735
f 8695 8704 8697
f 8696 8729 8736
f 8705 8698 8697
f 8705 8706 8698
f 8706 8699 8698
f 8706 8707 8699
f 8707 8700 8699
f 8707 8708 8700
f 8708 8701 8700
f 8708 8709 8701
f 8709 8702 8701
f 8709 8710 8702
f 8710 8703 8702
f 8710 8711 8703
f 8711 8704 8703
f 8711 8712 8704
f 8712 8697 8704
f 8712 8705 8697
f 8713 8706 8705
f 8713 8714 8706
f 8714 8707 8706
f 8714 8715 8707
f 8715 8708 8707
f 8715 8716 8708
f 8716 8709 8708
f 8716 8717 8709
f 8717 8710 8709
f 8717 8718 8710
f 8718 8711 8710
f 8718 8719 8711
f 8719 8712 8711
f 8719 8720 8712
f 8720 8705 8712
f 8720 8713 8705
f 8721 8714 8713
f 8721 8722 8714
f 8722 8715 8714
f 8722 8723 8715
f 8723 8716 8715
f 8723 8724 8716
f 8724 8717 8716
f 8724 8725 8717
f 8725 8718 8717
f 8725 8726 8718
f 8726 8719 8718
f 8726 8727 8719
f 8727 8720 8719
f 8727 8728 8720
f 8728 8713 8720
f 8728 8721 8713
f 8729 8722 8721
f 8729 8730 8722
f 8730 8723 8722
f 8730 8731 8723
f 8731 8724 8723
f 8731 8732 8724
f 8732 8725 8724
f 8732 8733 8725
f 8733 8726 8725
f 8733 8734 8726
f 8734 8727 8726
f 8734 8735 8727
f 8735 8728 8727
f 8735 8736 8728
f 8736 8721 8728
f 8736 8729 8721
f 8737 8739 8740
f 8738 8772 8771
f 8737 8740 8741
f 8738 8773 8772
f 8737 8741 8742
f 8738 8774 8773
f 8737 8742 8743
f 8738 8775 8774
f 8737 8743 8744
f 8738 8776 8775
f 8737 8744 8745
f 8738 8777 8776
f 8737 8745 8746
f 8738 8778 8777
f 8737 8746 8739
f 8738 8771 8778
f 8747 8740 8739
f 8747 8748 8740
f 8748 8741 8740
f 8748 8749 8741
f 8749 8742 8741
f 8749 8750 8742
f 8750 8743 8742
f 8750 8751 8743
f 8751 8744 8743
f 8751 8752 8744
f 8752 8745 8744
f 8752 8753 8745
f 8753 8746 8745
f 8753 8754 8746
f 8754 8739 8746
f 8754 8747 8739
f 8755 8748 8747
f 8755 8756 8748
f 8756 8749 8748
f 8756 8757 8749
f 8757 8750 8749
f 8757 8758 8750
f 8758 8751 8750
f 8758 8759 8751
f 8759 8752 8751
f 8759 8760 8752
f 8760 8753 8752
f 8760 8761 8753
f 8761 8754 8753
f 8761 8762 8754
f 8762 8747 8754
f 8762 8755 8747
f 8763 8756 8755
f 8763 8764 8756
f 8764 8757 8756
f 8764 8765 8757
f 8765 8758 8757
f 8765 8766 8758
f 8766 8759 8758
f 8766 8767 8759
f 8767 8760 8759
f 8767 8768 8760
f 8768 8761 8760
f 8768 8769 8761
f 8769 8762 8761
f 8769 8770 8762
f 8770 8755 8762
f 8770 8763 8755
f 8771 8764 8763
f 8771 8772 8764
f 8772 8765 8764
f 8772 8773 8765
f 8773 8766 8765
f 8773 8774 8766
f 8774 8767 8766
f 8774 8775 8767
f 8775 8768 8767
f 8775 8776 8768
f 8776 8769 8768
f 8776 8777 8769
f 8777 8770 8769
f 8777 8778 8770
f 8778 8763 8770
f 8778 8771 8763
f 8779 8781 8782
f 8780 8814 8813
f 8779 8782 8783
f 8780 8815 8814
f 8779 8783 8784
f 8780 8816 8815
f 8779 8784 8785
f 8780 8817 8816
f 8779 8785 8786
f 8780 8818 8817
f 8779 8786 8787
f 8780 8819 8818
f 8779 8787 8788
f 8780 8820 8819
f 8779 8788 8781
f 8780 8813 8820
f 8789 8782 8781
f 8789 8790 8782
f 8790 8783 8782
f 8790 8791 8783
f 8791 8784 8783
f 8791 8792 8784
f 8792 8785 8784
f 8792 8793 8785
f 8793 8786 8785
f 8793 8794 8786
f 8794 8787 8786
f 8794 8795 8787
f 8795 8788 8787
f 8795 8796 8788
f 8796 8781 8788
f 8796 8789 8781
f 8797 8790 8789
f 8797 8798 8790
f 8798 8791 8790
f 8798 8799 8791
f 8799 8792 8791
f 8799 8800 8792
f 8800 8793 8792
f 8800 8801 8793
f 8801 8794 8793
f 8801 8802 8794
f 8802 8795 8794
f 8802 8803 8795
f 8803 8796 8795
f 8803 8804 8796
f 8804 8789 8796
f 8804 8797 8789
f 8805 8798 8797
f 8805 8806 8798
f 8806 8799 8798
f 8806 8807 8799
f 8807 8800 8799
f 8807 8808 8800
f 8808 8801 8800
f 8808 8809 8801
f 8809 8802 8801
f 8809 8810 8802
f 8810 8803 8802
f 8810 8811 8803
f 8811 8804 8803
f 8811 8812 8804
f 8812 8797 8804
f 8812 8805 8797
f 8813 8806 8805
f 8813 8814 8806
f 8814 8807 8806
f 8814 8815 8807
f 8815 8808 8807
f 8815 8816 8808
f 8816 8809 8808
f 8816 8817 8809
f 8817 8810 8809
f 8817 8818 8810
f 8818 8811 8810
f 8818 8819 8811
f 8819 8812 8811
f 8819 8820 8812
f 8820 8805 8812
f 8820 8813 8805
f 8821 8823 8824
f 8822 8856 8855
f 8821 8824 8825
f 8822 8857 8856
f 8821 8825 8826
f 8822 8858 8857
f 8821 8826 8827
f 8822 8859 8858
f 8821 8827 8828
f 8822 8860 8859
f 8821 8828 8829
f 8822 8861 8860
f 8821 8829 8830
f 8822 8862 8861
f 8821 8830 8823
f 8822 8855 8862
f 8831 8824 8823
f 8831 8832 8824
f 8832 8825 8824
f 8832 8833 8825
f 8833 8826 8825
f 8833 8834 8826
f 8834 8827 8826
f 8834 8835 8827
f 8835 8828 8827
f 8835 8836 8828
f 8836 8829 8828
f 8836 8837 8829
f 8837 8830 8829
f 8837 8838 8830
f 8838 8823 8830
f 8838 8831 8823
f 8839 8832 8831
f 8839 8840 8832
f 8840 8833 8832
f 8840 8841 8833
f 8841 8834 8833
f 8841 8842 8834
f 8842 8835 8834
f 8842 8843 8835
f 8843 8836 8835
f 8843 8844 8836
f 8844 8837 8836
f 8844 8845 8837
f 8845 8838 8837
f 8845 8846 8838
f 8846 8831 8838
f 8846 8839 8831
f 8847 8840 8839
f 8847 8848 8840
f 8848 8841 8840
f 8848 8849 8841
f 8849 8842 8841
f 8849 8850 8842
f 8850 8843 8842
f 8850 8851 8843
f 8851 8844 8843
f 8851 8852 8844
f 8852 8845 8844
f 8852 8853 8845
f 8853 8846 8845
f 8853 8854 8846
f 8854 8839 8846
f 8854 8847 8839
f 8855 8848 8847
f 8855 8856 8848
f 8856 8849 8848
f 8856 8857 8849
f 8857 8850 8849
f 8857 8858 8850
f 8858 8851 8850
f 8858 8859 8851
f 8859 8852 8851
f 8859 8860 8852
f 8860 8853 8852
f 8860 8861 8853
f 8861 8854 8853
f 8861 8862 8854
f 8862 8847 8854
f 8862 8855 8847
f 8863 8865 8866
f 8864 8898 8897
f 8863 8866 8867
f 8864 8899 8898
f 8863 8867 8868
f 8864 8900 8899
f 8863 8868 8869
f 8864 8901 8900
f 8863 8869 8870
f 8864 8902 8901
f 8863 8870 8871
f 8864 8903 8902
f 8863 8871 8872
f 8864 8904 8903
f 8863 8872 8865
f 8864 8897 8904
f 8873 8866 8865
f 8873 8874 8866
f 8874 8867 8866
f 8874 8875 8867
f 8875 8868 8867
f 8875 8876 8868
f 8876 8869 8868
f 8876 8877 8869
f 8877 8870 8869
f 8877 8878 8870
f 8878 8871 8870
f 8878 8879 8871
f 8879 8872 8871
f 8879 8880 8872
f 8880 8865 8872
f 8880 8873 8865
f 8881 8874 8873
f 8881 8882 8874
f 8882 8875 8874
f 8882 8883 8875
f 8883 8876 8875
f 8883 8884 8876
f 8884 8877 8876
f 8884 8885 8877
f 8885 8878 8877
f 8885 8886 8878
f 8886 8879 8878
f 8886 8887 8879
f 8887 8880 8879
f 8887 8888 8880
f 8888 8873 8880
f 8888 8881 8873
f 8889 8882 8881
f 8889 8890 8882
f 8890 8883 8882
f 8890 8891 8883
f 8891 8884 8883
f 8891 8892 8884
f 8892 8885 8884
f 8892 8893 8885
f 8893 8886 8885
f 8893 8894 8886
f 8894 8887 8886
f 8894 8895 8887
f 8895 8888 8887
f 8895 8896 8888
f 8896 8881 8888
f 8896 8889 8881
f 8897 8890 8889
f 8897 8898 8890
f 8898 8891 8890
f 8898 8899 8891
f 8899 8892 8891
f 8899 8900 8892
f 8900 8893 8892
f 8900 8901 8893
f 8901 8894 8893
f 8901 8902 8894
f 8902 8895 8894
f 8902 8903 8895
f 8903 8896 8895
f 8903 8904 8896
f 8904 8889 8896
f 8904 8897 8889
f 8905 8907 8908
f 8906 8940 8939
f 8905 8908 8909
f 8906 8941 8940
f 8905 8909 8910
f 8906 8942 8941
f 8905 8910 8911
f 8906 8943 8942
f 8905 8911 8912
f 8906 8944 8943
f 8905 8912 8913
f 8906 8945 8944
f 8905 8913 8914
f 8906 8946 8945
f 8905 8914 8907
f 8906 8939 8946
f 8915 8908 8907
f 8915 8916 8908
f 8916 8909 8908
f 8916 8917 8909
f 8917 8910 8909
f 8917 8918 8910
f 8918 8911 8910
f 8918 8919 8911
f 8919 8912 8911
f 8919 8920 8912
f 8920 8913 8912
f 8920 8921 8913
f 8921 8914 8913
f 8921 8922 8914
f 8922 8907 8914
f 8922 8915 8907
f 8923 8916 8915
f 8923 8924 8916
f 8924 8917 8916
f 8924 8925 8917
f 8925 8918 8917
f 8925 8926 8918
f 8926 8919 8918
f 8926 8927 8919
f 8927 8920 8919
f 8927 8928 8920
f 8928 8921 8920
f 8928 8929 8921
f 8929 8922 8921
f 8929 8930 8922
f 8930 8915 8922
f 8930 8923 8915
f 8931 8924 8923
f 8931 8932 8924
f 8932 8925 8924
f 8932 8933 8925
f 8933 8926 8925
f 8933 8934 8926
f 8934 8927 8926
f 8934 8935 8927
f 8935 8928 8927
f 8935 8936 8928
f 8936 8929 8928
f 8936 8937 8929
f 8937 8930 8929
f 8937 8938 8930
f 8938 8923 8930
f 8938 8931 8923
f 8939 8932 8931
f 8939 8940 8932
f 8940 8933 8932
f 8940 8941 8933
f 8941 8934 8933
f 8941 8942 8934
f 8942 8935 8934
f 8942 8943 8935
f 8943 8936 8935
f 8943 8944 8936
f 8944 8937 8936
f 8944 8945 8937
f 8945 8938 8937
f 8945 8946 8938
f 8946 8931 8938
f 8946 8939 8931
f 8947 8949 8950
f 8948 8982 8981
f 8947 8950 8951
f 8948 8983 8982
f 8947 8951 8952
f 8948 8984 8983
f 8947 8952 8953
f 8948 8985 8984
f 8947 8953 8954
f 8948 8986 8985
f 8947 8954 8955
f 8948 8987 8986
f 8947 8955 8956
f 8948 8988 8987
f 8947 8956 8949
f 8948 8981 8988
f 8957 8950 8949
f 8957 8958 8950
f 8958 8951 8950
f 8958 8959 8951
f 8959 8952 8951
f 8959 8960 8952
f 8960 8953 8952
f 8960 8961 8953
f 8961 8954 8953
f 8961 8962 8954
f 8962 8955 8954
f 8962 8963 8955
f 8963 8956 8955
f 8963 8964 8956
f 8964 8949 8956
f 8964 8957 8949
f 8965 8958 8957
f 8965 8966 8958
f 8966 8959 8958
f 8966 8967 8959
f 8967 8960 8959
f 8967 8968 8960
f 8968 8961 8960
f 8968 8969 8961
f 8969 8962 8961
f 8969 8970 8962
f 8970 8963 8962
f 8970 8971 8963
f 8971 8964 8963
f 8971 8972 8964
f 8972 8957 8964
f 8972 8965 8957
f 8973 8966 8965
f 8973 8974 8966
f 8974 8967 8966
f 8974 8975 8967
f 8975 8968 8967
f 8975 8976 8968
f 8976 8969 8968
f 8976 8977 8969
f 8977 8970 8969
f 8977 8978 8970
f 8978 8971 8970
f 8978 8979 8971
f 8979 8972 8971
f 8979 8980 8972
f 8980 8965 8972
f 8980 8973 8965
f 8981 8974 8973
f 8981 8982 8974
f 8982 8975 8974
f 8982 8983 8975
f 8983 8976 8975
f 8983 8984 8976
f 8984 8977 8976
f 8984 8985 8977
f 8985 8978 8977
f 8985 8986 8978
f 8986 8979 8978
f 8986 8987 8979
f 8987 8980 8979
f 8987 8988 8980
f 8988 8973 8980
f 8988 8981 8973
f 8989 8991 8992
f 8990 9024 9023
f 8989 8992 8993
f 8990 9025 9024
f 8989 8993 8994
f 8990 9026 9025
f 8989 8994 8995
f 8990 9027 9026
f 8989 8995 8996
f 8990 9028 9027
f 8989 8996 8997
f 8990 9029 9028
f 8989 8997 8998
f 8990 9030 9029
f 8989 8998 8991
f 8990 9023 9030
f 8999 8992 8991
f 8999 9000 8992
f 9000 8993 8992
f 9000 9001 8993
f 9001 8994 8993
f 9001 9002 8994
f 9002 8995 8994
f 9002 9003 8995
f 9003 8996 8995
f 9003 9004 8996
f 9004 8997 8996
f 9004 9005 8997
f 9005 8998 8997
f 9005 9006 8998
f 9006 8991 8998
f 9006 8999 8991
f 9007 9000 8999
f 9007 9008 9000
f 9008 9001 9000
f 9008 9009 9001
f 9009 9002 9001
f 9009 9010 9002
f 9010 9003 9002
f 9010 9011 9003
f 9011 9004 9003
f 9011 9012 9004
f 9012 9005 9004
f 9012 9013 9005
f 9013 9006 9005
f 9013 9014 9006
f 9014 8999 9006
f 9014 9007 8999
f 9015 9008 9007
f 9015 9016 9008
f 9016 9009 9008
f 9016 9017 9009
f 9017 9010 9009
f 9017 9018 9010
f 9018 9011 9010
f 9018 9019 9011
f 9019 9012 9011
f 9019 9020 9012
f 9020 9013 9012
f 9020 9021 9013
f 9021 9014 9013
f 9021 9022 9014
f 9022 9007 9014
f 9022 9015 9007
f 9023 9016 9015
f 9023 9024 9016
f 9024 9017 9016
f 9024 9025 9017
f 9025 9018 9017
f 9025 9026 9018
f 9026 9019 9018
f 9026 9027 9019
f 9027 9020 9019
f 9027 9028 9020
f 9028 9021 9020
f 9028 9029 9021
f 9029 9022 9021
f 9029 9030 9022
f 9030 9015 9022
f 9030 9023 9015
f 9031 9033 9034
f 9032 9066 9065
f 9031 9034 9035
f 9032 9067 9066
f 9031 9035 9036
f 9032 9068 9067
f 9031 9036 9037
f 9032 9069 9068
f 9031 9037 9038
f 9032 9070 9069
f 9031 9038 9039
f 9032 9071 9070
f 9031 9039 9040
f 9032 9072 9071
f 9031 9040 9033
f 9032 9065 9072
f 9041 9034 9033
f 9041 9042 9034
f 9042 9035 9034
f 9042 9043 9035
f 9043 9036 9035
f 9043 9044 9036
f 9044 9037 9036
f 9044 9045 9037
f 9045 9038 9037
f 9045 9046 9038
f 9046 9039 9038
f 9046 9047 9039
f 9047 9040 9039
f 9047 9048 9040
f 9048 9033 9040
f 9048 9041 9033
f 9049 9042 9041
f 9049 9050 9042
f 9050 9043 9042
f 9050 9051 9043
f 9051 9044 9043
f 9051 9052 9044
f 9052 9045 9044
f 9052 9053 9045
f 9053 9046 9045
f 9053 9054 9046
f 9054 9047 9046
f 9054 9055 9047
f 9055 9048 9047
f 9055 9056 9048
f 9056 9041 9048
f 9056 9049 9041
f 9057 9050 9049
f 9057 9058 9050
f 9058 9051 9050
f 9058 9059 9051
f 9059 9052 9051
f 9059 9060 9052
f 9060 9053 9052
f 9060 9061 9053
f 9061 9054 9053
f 9061 9062 9054
f 9062 9055 9054
f 9062 9063 9055
f 9063 9056 9055
f 9063 9064 9056
f 9064 9049 9056
f 9064 9057 9049
f 9065 9058 9057
f 9065 9066 9058
f 9066 9059 9058
f 9066 9067 9059
f 9067 9060 9059
f 9067 9068 9060
f 9068 9061 9060
f 9068 9069 9061
f 9069 9062 9061
f 9069 9070 9062
f 9070 9063 9062
f 9070 9071 9063
f 9071 9064 9063
f 9071 9072 9064
f 9072 9057 9064
f 9072 9065 9057
f 9073 9075 9076
f 9074 9108 9107
f 9073 9076 9077
f 9074 9109 9108
f 9073 9077 9078
f 9074 9110 9109
f 9073 9078 9079
f 9074 9111 9110
f 9073 9079 9080
f 9074 9112 9111
f 9073 9080 9081
f 9074 9113 9112
f 9073 9081 9082
f 9074 9114 9113
f 9073 9082 9075
f 9074 9107 9114
f 9083 9076 9075
f 9083 9084 9076
f 9084 9077 9076
f 9084 9085 9077
f 9085 9078 9077
f 9085 9086 9078
f 9086 9079 9078
f 9086 9087 9079
f 9087 9080 9079
f 9087 9088 9080
f 9088 9081 9080
f 9088 9089 9081
f 9089 9082 9081
f 9089 9090 9082
f 9090 9075 9082
f 9090 9083 9075
f 9091 9084 9083
f 9091 9092 9084
f 9092 9085 9084
f 9092 9093 9085
f 9093 9086 9085
f 9093 9094 9086
f 9094 9087 9086
f 9094 9095 9087
f 9095 9088 9087
f 9095 9096 9088
f 9096 9089 9088
f 9096 9097 9089
f 9097 9090 9089
f 9097 9098 9090
f 9098 9083 9090
f 9098 9091 9083
f 9099 9092 9091
f 9099 9100 9092
f 9100 9093 9092
f 9100 9101 9093
f 9101 9094 9093
f 9101 9102 9094
f 9102 9095 9094
f 9102 9103 9095
f 9103 9096 9095
f 9103 9104 9096
f 9104 9097 9096
f 9104 9105 9097
f 9105 9098 9097
f 9105 9106 9098
f 9106 9091 9098
f 9106 9099 9091
f 9107 9100 9099
f 9107 9108 9100
f 9108 9101 9100
f 9108 9109 9101
f 9109 9102 9101
f 9109 9110 9102
f 9110 9103 9102
f 9110 9111 9103
f 9111 9104 9103
f 9111 9112 9104
f 9112 9105 9104
f 9112 9113 9105
f 9113 9106 9105
f 9113 9114 9106
f 9114 9099 9106
f 9114 9107 9099
f 9115 9117 9118
f 9116 9150 9149
f 9115 9118 9119
f 9116 9151 9150
f 9115 9119 9120
f 9116 9152 9151
f 9115 9120 9121
f 9116 9153 9152
f 9115 9121 9122
f 9116 9154 9153
f 9115 9122 9123
f 9116 9155 9154
f 9115 9123 9124
f 9116 9156 9155
f 9115 9124 9117
f 9116 9149 9156
f 9125 9118 9117
f 9125 9126 9118
f 9126 9119 9118
f 9126 9127 9119
f 9127 9120 9119
f 9127 9128 9120
f 9128 9121 9120
f 9128 9129 9121
f 9129 9122 9121
f 9129 9130 9122
f 9130 9123 9122
f 9130 9131 9123
f 9131 9124 9123
f 9131 9132 9124
f 9132 9117 9124
f 9132 9125 9117
f 9133 9126 9125
f 9133 9134 9126
f 9134 9127 9126
f 9134 9135 9127
f 9135 9128 9127
f 9135 9136 9128
f 9136 9129 9128
f 9136 9137 9129
f 9137 9130 9129
f 9137 9138 9130
f 9138 9131 9130
f 9138 9139 9131
f 9139 9132 9131
f 9139 9140 9132
f 9140 9125 9132
f 9140 9133 9125
f 9141 9134 9133
f 9141 9142 9134
f 9142 9135 9134
f 9142 9143 9135
f 9143 9136 9135
f 9143 9144 9136
f 9144 9137 9136
f 9144 9145 9137
f 9145 9138 9137
f 9145 9146 9138
f 9146 9139 9138
f 9146 9147 9139
f 9147 9140 9139
f 9147 9148 9140
f 9148 9133 9140
f 9148 9141 9133
f 9149 9142 9141
f 9149 9150 9142
f 9150 9143 9142
f 9150 9151 9143
f 9151 9144 9143
f 9151 9152 9144
f 9152 9145 9144
f 9152 9153 9145
f 9153 9146 9145
f 9153 9154 9146
f 9154 9147 9146
f 9154 9155 9147
f 9155 9148 9147
f 9155 9156 9148
f 9156 9141 9148
f 9156 9149 9141
f 9157 9159 9160
f 9158 9192 9191
f 9157 9160 9161
f 9158 9193 9192
f 9157 9161 9162
f 9158 9194 9193
f 9157 9162 9163
f 9158 9195 9194
f 9157 9163 9164
f 9158 9196 9195
f 9157 9164 9165
f 9158 9197 9196
f 9157 9165 9166
f 9158 9198 9197
f 9157 9166 9159
f 9158 9191 9198
f 9167 9160 9159
f 9167 9168 9160
f 9168 9161 9160
f 9168 9169 9161
f 9169 9162 9161
f 9169 9170 9162
f 9170 9163 9162
f 9170 9171 9163
f 9171 9164 9163
f 9171 9172 9164
f 9172 9165 9164
f 9172 9173 9165
f 9173 9166 9165
f 9173 9174 9166
f 9174 9159 9166
f 9174 9167 9159
f 9175 9168 9167
f 9175 9176 9168
f 9176 9169 9168
f 9176 9177 9169
f 9177 9170 9169
f 9177 9178 9170
f 9178 9171 9170
f 9178 9179 9171
f 9179 9172 9171
f 9179 9180 9172
f 9180 9173 9172
f 9180 9181 9173
f 9181 9174 9173
f 9181 9182 9174
f 9182 9167 9174
f 9182 9175 9167
f 9183 9176 9175
f 9183 9184 9176
f 9184 9177 9176
f 9184 9185 9177
f 9185 9178 9177
f 9185 9186 9178
f 9186 9179 9178
f 9186 9187 9179
f 9187 9180 9179
f 9187 9188 9180
f 9188 9181 9180
f 9188 9189 9181
f 9189 9182 9181
f 9189 9190 9182
f 9190 9175 9182
f 9190 9183 9175
f 9191 9184 9183
f 9191 9192 9184
f 9192 9185 9184
f 9192 9193 9185
f 9193 9186 9185
f 9193 9194 9186
f 9194 9187 9186
f 9194 9195 9187
f 9195 9188 9187
f 9195 9196 9188
f 9196 9189 9188
f 9196 9197 9189
f 9197 9190 9189
f 9197 9198 9190
f 9198 9183 9190
f 9198 9191 9183
f 9199 9201 9202
f 9200 9234 9233
f 9199 9202 9203
f 9200 9235 9234
f 9199 9203 9204
f 9200 9236 9235
f 9199 9204 9205
f 9200 9237 9236
f 9199 9205 9206
f 9200 9238 9237
f 9199 9206 9207
f 9200 9239 9238
f 9199 9207 9208
f 9200 9240 9239
f 9199 9208 9201
f 9200 9233 9240
f 9209 9202 9201
f 9209 9210 9202
f 9210 9203 9202
f 9210 9211 9203
f 9211 9204 9203
f 9211 9212 9204
f 9212 9205 9204
f 9212 9213 9205
f 9213 9206 9205
f 9213 9214 9206
f 9214 9207 9206
f 9214 9215 9207
f 9215 9208 9207
f 9215 9216 9208
f 9216 9201 9208
f 9216 9209 9201
f 9217 9210 9209
f 9217 9218 9210
f 9218 9211 9210
f 9218 9219 9211
f 9219 9212 9211
f 9219 9220 9212
f 9220 9213 9212
f 9220 9221 9213
f 9221 9214 9213
f 9221 9222 9214
f 9222 9215 9214
f 9222 9223 9215
f 9223 9216 9215
f 9223 9224 9216
f 9224 9209 9216
f 9224 9217 9209
f 9225 9218 9217
f 9225 9226 9218
f 9226 9219 9218
f 9226 9227 9219
f 9227 9220 9219
f 9227 9228 9220
f 9228 9221 9220
f 9228 9229 9221
f 9229 9222 9221
f 9229 9230 9222
f 9230 9223 9222
f 9230 9231 9223
f 9231 9224 9223
f 9231 9232 9224
f 9232 9217 9224
f 9232 9225 9217
f 9233 9226 9225
f 9233 9234 9226
f 9234 9227 9226
f 9234 9235 9227
f 9235 9228 9227
f 9235 9236 9228
f 9236 9229 9228
f 9236 9237 9229
f 9237 9230 9229
f 9237 9238 9230
f 9238 9231 9230
f 9238 9239 9231
f 9239 9232 9231
f 9239 9240 9232
f 9240 9225 9232
f 9240 9233 9225
f 9241 9243 9244
f 9242 9276 9275
f 9241 9244 9245
f 9242 9277 9276
f 9241 9245 9246
f 9242 9278 9277
f 9241 9246 9247
f 9242 9279 9278
f 9241 9247 9248
f 9242 9280 9279
f 9241 9248 9249
f 9242 9281 9280
f 9241 9249 9250
f 9242 9282 9281
f 9241 9250 9243
f 9242 9275 9282
f 9251 9244 9243
f 9251 9252 9244
f 9252 9245 9244
f 9252 9253 9245
f 9253 9246 9245
f 9253 9254 9246
f 9254 9247 9246
f 9254 9255 9247
f 9255 9248 9247
f 9255 9256 9248
f 9256 9249 9248
f 9256 9257 9249
f 9257 9250 9249
f 9257 9258 9250
f 9258 9243 9250
f 9258 9251 9243
f 9259 9252 9251
f 9259 9260 9252
f 9260 9253 9252
f 9260 9261 9253
f 9261 9254 9253
f 9261 9262 9254
f 9262 9255 9254
f 9262 9263 9255
f 9263 9256 9255
f 9263 9264 9256
f 9264 9257 9256
f 9264 9265 9257
f 9265 9258 9257
f 9265 9266 9258
f 9266 9251 9258
f 9266 9259 9251
f 9267 9260 9259
f 9267 9268 9260
f 9268 9261 9260
f 9268 9269 9261
f 9269 9262 9261
f 9269 9270 9262
f 9270 9263 9262
f 9270 9271 9263
f 9271 9264 9263
f 9271 9272 9264
f 9272 9265 9264
f 9272 9273 9265
f 9273 9266 9265
f 9273 9274 9266
f 9274 9259 9266
f 9274 9267 9259
f 9275 9268 9267
f 9275 9276 9268
f 9276 9269 9268
f 9276 9277 9269
f 9277 9270 9269
f 9277 9278 9270
f 9278 9271 9270
f 9278 9279 9271
f 9279 9272 9271
f 9279 9280 9272
f 9280 9273 9272
f 9280 9281 9273
f 9281 9274 9273
f 9281 9282 9274
f 9282 9267 9274
f 9282 9275 9267
f 9283 9285 9286
f 9284 9318 9317
f 9283 9286 9287
f 9284 9319 9318
f 9283 9287 9288
f 9284 9320 9319
f 9283 9288 9289
f 9284 9321 9320
f 9283 9289 9290
f 9284 9322 9321
f 9283 9290 9291
f 9284 9323 9322
f 9283 9291 9292
f 9284 9324 9323
f 9283 9292 9285
f 9284 9317 9324
f 9293 9286 9285
f 9293 9294 9286
f 9294 9287 9286
f 9294 9295 9287
f 9295 9288 9287
f 9295 9296 9288
f 9296 9289 9288
f 9296 9297 9289
f 9297 9290 9289
f 9297 9298 9290
f 9298 9291 9290
f 9298 9299 9291
f 9299 9292 9291
f 9299 9300 9292
f 9300 9285 9292
f 9300 9293 9285
f 9301 9294 9293
f 9301 9302 9294
f 9302 9295 9294
f 9302 9303 9295
f 9303 9296 9295
f 9303 9304 9296
f 9304 9297 9296
f 9304 9305 9297
f 9305 9298 9297
f 9305 9306 9298
f 9306 9299 9298
f 9306 9307 9299
f 9307 9300 9299
f 9307 9308 9300
f 9308 9293 9300
f 9308 9301 9293
f 9309 9302 9301
f 9309 9310 9302
f 9310 9303 9302
f 9310 9311 9303
f 9311 9304 9303
f 9311 9312 9304
f 9312 9305 9304
f 9312 9313 9305
f 9313 9306 9305
f 9313 9314 9306
f 9314 9307 9306
f 9314 9315 9307
f 9315 9308 9307
f 9315 9316 9308
f 9316 9301 9308
f 9316 9309 9301
f 9317 9310 9309
f 9317 9318 9310
f 9318 9311 9310
f 9318 9319 9311
f 9319 9312 9311
f 9319 9320 9312
f 9320 9313 9312
f 9320 9321 9313
f 9321 9314 9313
f 9321 9322 9314
f 9322 9315 9314
f 9322 9323 9315
f 9323 9316 9315
f 9323 9324 9316
f 9324 9309 9316
f 9324 9317 9309
f 9325 9327 9328
f 9326 9360 9359
f 9325 9328 9329
f 9326 9361 9360
f 9325 9329 9330
f 9326 9362 9361
f 9325 9330 9331
f 9326 9363 9362
f 9325 9331 9332
f 9326 9364 9363
f 9325 9332 9333
f 9326 9365 9364
f 9325 9333 9334
f 9326 9366 9365
f 9325 9334 9327
f 9326 9359 9366
f 9335 9328 9327
f 9335 9336 9328
f 9336 9329 9328
f 9336 9337 9329
f 9337 9330 9329
f 9337 9338 9330
f 9338 9331 9330
f 9338 9339 9331
f 9339 9332 9331
f 9339 9340 9332
f 9340 9333 9332
f 9340 9341 9333
f 9341 9334 9333
f 9341 9342 9334
f 9342 9327 9334
f 9342 9335 9327
f 9343 9336 9335
f 9343 9344 9336
f 9344 9337 9336
f 9344 9345 9337
f 9345 9338 9337
f 9345 9346 9338
f 9346 9339 9338
f 9346 9347 9339
f 9347 9340 9339
f 9347 9348 9340
f 9348 9341 9340
f 9348 9349 9341
f 9349 9342 9341
f 9349 9350 9342
f 9350 9335 9342
f 9350 9343 9335
f 9351 9344 9343
f 9351 9352 9344
f 9352 9345 9344
f 9352 9353 9345
f 9353 9346 9345
f 9353 9354 9346
f 9354 9347 9346
f 9354 9355 9347
f 9355 9348 9347
f 9355 9356 9348
f 9356 9349 9348
f 9356 9357 9349
f 9357 9350 9349
f 9357 9358 9350
f 9358 9343 9350
f 9358 9351 9343
f 9359 9352 9351
f 9359 9360 9352
f 9360 9353 9352
f 9360 9361 9353
f 9361 9354 9353
f 9361 9362 9354
f 9362 9355 9354
f 9362 9363 9355
f 9363 9356 9355
f 9363 9364 9356
f 9364 9357 9356
f 9364 9365 9357
f 9365 9358 9357
f 9365 9366 9358
f 9366 9351 9358
f 9366 9359 9351
f 9367 9369 9370
f 9368 9402 9401
f 9367 9370 9371
f 9368 9403 9402
f 9367 9371 9372
f 9368 9404 9403
f 9367 9372 9373
f 9368 9405 9404
f 9367 9373 9374
f 9368 9406 9405
f 9367 9374 9375
f 9368 9407 9406
f 9367 9375 9376
f 9368 9408 9407
f 9367 9376 9369
f 9368 9401 9408
f 9377 9370 9369
f 9377 9378 9370
f 9378 9371 9370
f 9378 9379 9371
f 9379 9372 9371
f 9379 9380 9372
f 9380 9373 9372
f 9380 9381 9373
f 9381 9374 9373
f 9381 9382 9374
f 9382 9375 9374
f 9382 9383 9375
f 9383 9376 9375
f 9383 9384 9376
f 9384 9369 9376
f 9384 9377 9369
f 9385 9378 9377
f 9385 9386 9378
f 9386 9379 9378
f 9386 9387 9379
f 9387 9380 9379
f 9387 9388 9380
f 9388 9381 9380
f 9388 9389 9381
f 9389 9382 9381
f 9389 9390 9382
f 9390 9383 9382
f 9390 9391 9383
f 9391 9384 9383
f 9391 9392 9384
f 9392 9377 9384
f 9392 9385 9377
f 9393 9386 9385
f 9393 9394 9386
f 9394 9387 9386
f 9394 9395 9387
f 9395 9388 9387
f 9395 9396 9388
f 9396 9389 9388
f 9396 9397 9389
f 9397 9390 9389
f 9397 9398 9390
f 9398 9391 9390
f 9398 9399 9391
f 9399 9392 9391
f 9399 9400 9392
f 9400 9385 9392
f 9400 9393 9385
f 9401 9394 9393
f 9401 9402 9394
f 9402 9395 9394
f 9402 9403 9395
f 9403 9396 9395
f 9403 9404 9396
f 9404 9397 9396
f 9404 9405 9397
f 9405 9398 9397
f 9405 9406 9398
f 9406 9399 9398
f 9406 9407 9399
f 9407 9400 9399
f 9407 9408 9400
f 9408 9393 9400
f 9408 9401 9393
f 9409 9411 9412
f 9410 9444 9443
f 9409 9412 9413
f 9410 9445 9444
f 9409 9413 9414
f 9410 9446 9445
f 9409 9414 9415
f 9410 9447 9446
f 9409 9415 9416
f 9410 9448 9447
f 9409 9416 9417
f 9410 9449 9448
f 9409 9417 9418
f 9410 9450 9449
f 9409 9418 9411
f 9410 9443 9450
f 9419 9412 9411
f 9419 9420 9412
f 9420 9413 9412
f 9420 9421 9413
f 9421 9414 9413
f 9421 9422 9414
f 9422 9415 9414
f 9422 9423 9415
f 9423 9416 9415
f 9423 9424 9416
f 9424 9417 9416
f 9424 9425 9417
f 9425 9418 9417
f 9425 9426 9418
f 9426 9411 9418
f 9426 9419 9411
f 9427 9420 9419
f 9427 9428 9420
f 9428 9421 9420
f 9428 9429 9421
f 9429 9422 9421
f 9429 9430 9422
f 9430 9423 9422
f 9430 9431 9423
f 9431 9424 9423
f 9431 9432 9424
f 9432 9425 9424
f 9432 9433 9425
f 9433 9426 9425
f 9433 9434 9426
f 9434 9419 9426
f 9434 9427 9419
f 9435 9428 9427
f 9435 9436 9428
f 9436 9429 9428
f 9436 9437 9429
f 9437 9430 9429
f 9437 9438 9430
f 9438 9431 9430
f 9438 9439 9431
f 9439 9432 9431
f 9439 9440 9432
f 9440 9433 9432
f 9440 9441 9433
f 9441 9434 9433
f 9441 9442 9434
f 9442 9427 9434
f 9442 9435 9427
f 9443 9436 9435
f 9443 9444 9436
f 9444 9437 9436
f 9444 9445 9437
f 9445 9438 9437
f 9445 9446 9438
f 9446 9439 9438
f 9446 9447 9439
f 9447 9440 9439
f 9447 9448 9440
f 9448 9441 9440
f 9448 9449 9441
f 9449 9442 9441
f 9449 9450 9442
f 9450 9435 9442
f 9450 9443 9435
f 9451 9453 9454
f 9452 9486 9485
f 9451 9454 9455
f 9452 9487 9486
f 9451 9455 9456
f 9452 9488 9487
f 9451 9456 9457
f 9452 9489 9488
f 9451 9457 9458
f 9452 9490 9489
f 9451 9458 9459
f 9452 9491 9490
f 9451 9459 9460
f 9452 9492 9491
f 9451 9460 9453
f 9452 9485 9492
f 9461 9454 9453
f 9461 9462 9454
f 9462 9455 9454
f 9462 9463 9455
f 9463 9456 9455
f 9463 9464 9456
f 9464 9457 9456
f 9464 9465 9457
f 9465 9458 9457
f 9465 9466 9458
f 9466 9459 9458
f 9466 9467 9459
f 9467 9460 9459
f 9467 9468 9460
f 9468 9453 9460
f 9468 9461 9453
f 9469 9462 9461
f 9469 9470 9462
f 9470 9463 9462
f 9470 9471 9463
f 9471 9464 9463
f 9471 9472 9464
f 9472 9465 9464
f 9472 9473 9465
f 9473 9466 9465
f 9473 9474 9466
f 9474 9467 9466
f 9474 9475 9467
f 9475 9468 9467
f 9475 9476 9468
f 9476 9461 9468
f 9476 9469 9461
f 9477 9470 9469
f 9477 9478 9470
f 9478 9471 9470
f 9478 9479 9471
f 9479 9472 9471
f 9479 9480 9472
f 9480 9473 9472
f 9480 9481 9473
f 9481 9474 9473
f 9481 9482 9474
f 9482 9475 9474
f 9482 9483 9475
f 9483 9476 9475
f 9483 9484 9476
f 9484 9469 9476
f 9484 9477 9469
f 9485 9478 9477
f 9485 9486 9478
f 9486 9479 9478
f 9486 9487 9479
f 9487 9480 9479
f 9487 9488 9480
f 9488 9481 9480
f 9488 9489 9481
f 9489 9482 9481
f 9489 9490 9482
f 9490 9483 9482
f 9490 9491 9483
f 9491 9484 9483
f 9491 9492 9484
f 9492 9477 9484
f 9492 9485 9477
f 9493 9495 9496
f 9494 9528 9527
f 9493 9496 9497
f 9494 9529 9528
f 9493 9497 9498
f 9494 9530 9529
f 9493 9498 9499
f 9494 9531 9530
f 9493 9499 9500
f 9494 9532 9531
f 9493 9500 9501
f 9494 9533 9532
f 9493 9501 9502
f 9494 9534 9533
f 9493 9502 9495
f 9494 9527 9534
f 9503 9496 9495
f 9503 9504 9496
f 9504 9497 9496
f 9504 9505 9497
f 9505 9498 9497
f 9505 9506 9498
f 9506 9499 9498
f 9506 9507 9499
f 9507 9500 9499
f 9507 9508 9500
f 9508 9501 9500
f 9508 9509 9501
f 9509 9502 9501
f 9509 9510 9502
f 9510 9495 9502
f 9510 9503 9495
f 9511 9504 9503
f 9511 9512 9504
f 9512 9505 9504
f 9512 9513 9505
f 9513 9506 9505
f 9513 9514 9506
f 9514 9507 9506
f 9514 9515 9507
f 9515 9508 9507
f 9515 9516 9508
f 9516 9509 9508
f 9516 9517 9509
f 9517 9510 9509
f 9517 9518 9510
f 9518 9503 9510
f 9518 9511 9503
f 9519 9512 9511
f 9519 9520 9512
f 9520 9513 9512
f 9520 9521 9513
f 9521 9514 9513
f 9521 9522 9514
f 9522 9515 9514
f 9522 9523 9515
f 9523 9516 9515
f 9523 9524 9516
f 9524 9517 9516
f 9524 9525 9517
f 9525 9518 9517
f 9525 9526 9518
f 9526 9511 9518
f 9526 9519 9511
f 9527 9520 9519
f 9527 9528 9520
f 9528 9521 9520
f 9528 9529 9521
f 9529 9522 9521
f 9529 9530 9522
f 9530 9523 9522
f 9530 9531 9523
f 9531 9524 9523
f 9531 9532 9524
f 9532 9525 9524
f 9532 9533 9525
f 9533 9526 9525
f 9533 9534 9526
f 9534 9519 9526
f 9534 9527 9519
f 9535 9537 9538
f 9536 9570 9569
f 9535 9538 9539
f 9536 9571 9570
f 9535 9539 9540
f 9536 9572 9571
f 9535 9540 9541
f 9536 9573 9572
f 9535 9541 9542
f 9536 9574 9573
f 9535 9542 9543
f 9536 9575 9574
f 9535 9543 9544
f 9536 9576 9575
f 9535 9544 9537
f 9536 9569 9576
f 9545 9538 9537
f 9545 9546 9538
f 9546 9539 9538
f 9546 9547 9539
f 9547 9540 9539
f 9547 9548 9540
f 9548 9541 9540
f 9548 9549 9541
f 9549 9542 9541
f 9549 9550 9542
f 9550 9543 9542
f 9550 9551 9543
f 9551 9544 9543
f 9551 9552 9544
f 9552 9537 9544
f 9552 9545 9537
f 9553 9546 9545
f 9553 9554 9546
f 9554 9547 9546
f 9554 9555 9547
f 9555 9548 9547
f 9555 9556 9548
f 9556 9549 9548
f 9556 9557 9549
f 9557 9550 9549
f 9557 9558 9550
f 9558 9551 9550
f 9558 9559 9551
f 9559 9552 9551
f 9559 9560 9552
f 9560 9545 9552
f 9560 9553 9545
f 9561 9554 9553
f 9561 9562 9554
f 9562 9555 9554
f 9562 9563 9555
f 9563 9556 9555
f 9563 9564 9556
f 9564 9557 9556
f 9564 9565 9557
f 9565 9558 9557
f 9565 9566 9558
f 9566 9559 9558
f 9566 9567 9559
f 9567 9560 9559
f 9567 9568 9560
f 9568 9553 9560
f 9568 9561 9553
f 9569 9562 9561
f 9569 9570 9562
f 9570 9563 9562
f 9570 9571 9563
f 9571 9564 9563
f 9571 9572 9564
f 9572 9565 9564
f 9572 9573 9565
f 9573 9566 9565
f 9573 9574 9566
f 9574 9567 9566
f 9574 9575 9567
f 9575 9568 9567
f 9575 9576 9568
f 9576 9561 9568
f 9576 9569 9561
f 9577 9579 9580
f 9578 9612 9611
f 9577 9580 9581
f 9578 9613 9612
f 9577 9581 9582
f 9578 9614 9613
f 9577 9582 9583
f 9578 9615 9614
f 9577 9583 9584
f 9578 9616 9615
f 9577 9584 9585
f 9578 9617 9616
f 9577 9585 9586
f 9578 9618 9617
f 9577 9586 9579
f 9578 9611 9618
f 9587 9580 9579
f 9587 9588 9580
f 9588 9581 9580
f 9588 9589 9581
f 9589 9582 9581
f 9589 9590 9582
f 9590 9583 9582
f 9590 9591 9583
f 9591 9584 9583
f 9591 9592 9584
f 9592 9585 9584
f 9592 9593 9585
f 9593 9586 9585
f 9593 9594 9586
f 9594 9579 9586
f 9594 9587 9579
f 9595 9588 9587
f 9595 9596 9588
f 9596 9589 9588
f 9596 9597 9589
f 9597 9590 9589
f 9597 9598 9590
f 9598 9591 9590
f 9598 9599 9591
f 9599 9592 9591
f 9599 9600 9592
f 9600 9593 9592
f 9600 9601 9593
f 9601 9594 9593
f 9601 9602 9594
f 9602 9587 9594
f 9602 9595 9587
f 9603 9596 9595
f 9603 9604 9596
f 9604 9597 9596
f 9604 9605 9597
f 9605 9598 9597
f 9605 9606 9598
f 9606 9599 9598
f 9606 9607 9599
f 9607 9600 9599
f 9607 9608 9600
f 9608 9601 9600
f 9608 9609 9601
f 9609 9602 9601
f 9609 9610 9602
f 9610 9595 9602
f 9610 9603 9595
f 9611 9604 9603
f 9611 9612 9604
f 9612 9605 9604
f 9612 9613 9605
f 9613 9606 9605
f 9613 9614 9606
f 9614 9607 9606
f 9614 9615 9607
f 9615 9608 9607
f 9615 9616 9608
f 9616 9609 9608
f 9616 9617 9609
f 9617 9610 9609
f 9617 9618 9610
f 9618 9603 9610
f 9618 9611 9603
f 9619 9621 9622
f 9620 9654 9653
f 9619 9622 9623
f 9620 9655 9654
f 9619 9623 9624
f 9620 9656 9655
f 9619 9624 9625
f 9620 9657 9656
f 9619 9625 9626
f 9620 9658 9657
f 9619 9626 9627
f 9620 9659 9658
f 9619 9627 9628
f 9620 9660 9659
f 9619 9628 9621
f 9620 9653 9660
f 9629 9622 9621
f 9629 9630 9622
f 9630 9623 9622
f 9630 9631 9623
f 9631 9624 9623
f 9631 9632 9624
f 9632 9625 9624
f 9632 9633 9625
f 9633 9626 9625
f 9633 9634 9626
f 9634 9627 9626
f 9634 9635 9627
f 9635 9628 9627
f 9635 9636 9628
f 9636 9621 9628
f 9636 9629 9621
f 9637 9630 9629
f 9637 9638 9630
f 9638 9631 9630
f 9638 9639 9631
f 9639 9632 9631
f 9639 9640 9632
f 9640 9633 9632
f 9640 9641 9633
f 9641 9634 9633
f 9641 9642 9634
f 9642 9635 9634
f 9642 9643 9635
f 9643 9636 9635
f 9643 9644 9636
f 9644 9629 9636
f 9644 9637 9629
f 9645 9638 9637
f 9645 9646 9638
f 9646 9639 9638
f 9646 9647 9639
f 9647 9640 9639
f 9647 9648 9640
f 9648 9641 9640
f 9648 9649 9641
f 9649 9642 9641
f 9649 9650 9642
f 9650 9643 9642
f 9650 9651 9643
f 9651 9644 9643
f 9651 9652 9644
f 9652 9637 9644
f 9652 9645 9637
f 9653 9646 9645
f 9653 9654 9646
f 9654 9647 9646
f 9654 9655 9647
f 9655 9648 9647
f 9655 9656 9648
f 9656 9649 9648
f 9656 9657 9649
f 9657 9650 9649
f 9657 9658 9650
f 9658 9651 9650
f 9658 9659 9651
f 9659 9652 9651
f 9659 9660 9652
f 9660 9645 9652
f 9660 9653 9645
f 9661 9663 9664
f 9662 9696 9695
f 9661 9664 9665
f 9662 9697 9696
f 9661 9665 9666
f 9662 9698 9697
f 9661 9666 9667
f 9662 9699 9698
f 9661 9667 9668
f 9662 9700 9699
f 9661 9668 9669
f 9662 9701 9700
f 9661 9669 9670
f 9662 9702 9701
f 9661 9670 9663
f 9662 9695 9702
f 9671 9664 9663
f 9671 9672 9664
f 9672 9665 9664
f 9672 9673 9665
f 9673 9666 9665
f 9673 9674 9666
f 9674 9667 9666
f 9674 9675 9667
f 9675 9668 9667
f 9675 9676 9668
f 9676 9669 9668
f 9676 9677 9669
f 9677 9670 9669
f 9677 9678 9670
f 9678 9663 9670
f 9678 9671 9663
f 9679 9672 9671
f 9679 9680 9672
f 9680 9673 9672
f 9680 9681 9673
f 9681 9674 9673
f 9681 9682 9674
f 9682 9675 9674
f 9682 9683 9675
f 9683 9676 9675
f 9683 9684 9676
f 9684 9677 9676
f 9684 9685 9677
f 9685 9678 9677
f 9685 9686 9678
f 9686 9671 9678
f 9686 9679 9671
f 9687 9680 9679
f 9687 9688 9680
f 9688 9681 9680
f 9688 9689 9681
f 9689 9682 9681
f 9689 9690 9682
f 9690 9683 9682
f 9690 9691 9683
f 9691 9684 9683
f 9691 9692 9684
f 9692 9685 9684
f 9692 9693 9685
f 9693 9686 9685
f 9693 9694 9686
f 9694 9679 9686
f 9694 9687 9679
f 9695 9688 9687
f 9695 9696 9688
f 9696 9689 9688
f 9696 9697 9689
f 9697 9690 9689
f 9697 9698 9690
f 9698 9691 9690
f 9698 9699 9691
f 9699 9692 9691
f 9699 9700 9692
f 9700 9693 9692
f 9700 9701 9693
f 9701 9694 9693
f 9701 9702 9694
f 9702 9687 9694
f 9702 9695 9687
f 9703 9705 9706
f 9704 9738 9737
f 9703 9706 9707
f 9704 9739 9738
f 9703 9707 9708
f 9704 9740 9739
f 9703 9708 9709
f 9704 9741 9740
f 9703 9709 9710
f 9704 9742 9741
f 9703 9710 9711
f 9704 9743 9742
f 9703 9711 9712
f 9704 9744 9743
f 9703 9712 9705
f 9704 9737 9744
f 9713 9706 9705
f 9713 9714 9706
f 9714 9707 9706
f 9714 9715 9707
f 9715 9708 9707
f 9715 9716 9708
f 9716 9709 9708
f 9716 9717 9709
f 9717 9710 9709
f 9717 9718 9710
f 9718 9711 9710
f 9718 9719 9711
f 9719 9712 9711
f 9719 9720 9712
f 9720 9705 9712
f 9720 9713 9705
f 9721 9714 9713
f 9721 9722 9714
f 9722 9715 9714
f 9722 9723 9715
f 9723 9716 9715
f 9723 9724 9716
f 9724 9717 9716
f 9724 9725 9717
f 9725 9718 9717
f 9725 9726 9718
f 9726 9719 9718
f 9726 9727 9719
f 9727 9720 9719
f 9727 9728 9720
f 9728 9713 9720
f 9728 9721 9713
f 9729 9722 9721
f 9729 9730 9722
f 9730 9723 9722
f 9730 9731 9723
f 9731 9724 9723
f 9731 9732 9724
f 9732 9725 9724
f 9732 9733 9725
f 9733 9726 9725
f 9733 9734 9726
f 9734 9727 9726
f 9734 9735 9727
f 9735 9728 9727
f 9735 9736 9728
f 9736 9721 9728
f 9736 9729 9721
f 9737 9730 9729
f 9737 9738 9730
f 9738 9731 9730
f 9738 9739 9731
f 9739 9732 9731
f 9739 9740 9732
f 9740 9733 9732
f 9740 9741 9733
f 9741 9734 9733
f 9741 9742 9734
f 9742 9735 9734
f 9742 9743 9735
f 9743 9736 9735
f 9743 9744 9736
f 9744 9729 9736
f 9744 9737 9729
f 9745 9747 9748
f 9746 9780 9779
f 9745 9748 9749
f 9746 9781 9780
f 9745 9749 9750
f 9746 9782 9781
f 9745 9750 9751
f 9746 9783 9782
f 9745 9751 9752
f 9746 9784 9783
f 9745 9752 9753
f 9746 9785 9784
f 9745 9753 9754
f 9746 9786 9785
f 9745 9754 9747
f 9746 9779 9786
f 9755 9748 9747
f 9755 9756 9748
f 9756 9749 9748
f 9756 9757 9749
f 9757 9750 9749
f 9757 9758 9750
f 9758 9751 9750
f 9758 9759 9751
f 9759 9752 9751
f 9759 9760 9752
f 9760 9753 9752
f 9760 9761 9753
f 9761 9754 9753
f 9761 9762 9754
f 9762 9747 9754
f 9762 9755 9747
f 9763 9756 9755
f 9763 9764 9756
f 9764 9757 9756
f 9764 9765 9757
f 9765 9758 9757
f 9765 9766 9758
f 9766 9759 9758
f 9766 9767 9759
f 9767 9760 9759
f 9767 9768 9760
f 9768 9761 9760
f 9768 9769 9761
f 9769 9762 9761
f 9769 9770 9762
f 9770 9755 9762
f 9770 9763 9755
f 9771 9764 9763
f 9771 9772 9764
f 9772 9765 9764
f 9772 9773 9765
f 9773 9766 9765
f 9773 9774 9766
f 9774 9767 9766
f 9774 9775 9767
f 9775 9768 9767
f 9775 9776 9768
f 9776 9769 9768
f 9776 9777 9769
f 9777 9770 9769
f 9777 9778 9770
f 9778 9763 9770
f 9778 9771 9763
f 9779 9772 9771
f 9779 9780 9772
f 9780 9773 9772
f 9780 9781 9773
f 9781 9774 9773
f 9781 9782 9774
f 9782 9775 9774
f 9782 9783 9775
f 9783 9776 9775
f 9783 9784 9776
f 9784 9777 9776
f 9784 9785 9777
f 9785 9778 9777
f 9785 9786 9778
f 9786 9771 9778
f 9786 9779 9771
f 9787 9789 9790
f 9788 9822 9821
f 9787 9790 9791
f 9788 9823 9822
f 9787 9791 9792
f 9788 9824 9823
f 9787 9792 9793
f 9788 9825 9824
f 9787 9793 9794
f 9788 9826 9825
f 9787 9794 9795
f 9788 9827 9826
f 9787 9795 9796
f 9788 9828 9827
f 9787 9796 9789
f 9788 9821 9828
f 9797 9790 9789
f 9797 9798 9790
f 9798 9791 9790
f 9798 9799 9791
f 9799 9792 9791
f 9799 9800 9792
f 9800 9793 9792
f 9800 9801 9793
f 9801 9794 9793
f 9801 9802 9794
f 9802 9795 9794
f 9802 9803 9795
f 9803 9796 9795
f 9803 9804 9796
f 9804 9789 9796
f 9804 9797 9789
f 9805 9798 9797
f 9805 9806 9798
f 9806 9799 9798
f 9806 9807 9799
f 9807 9800 9799
f 9807 9808 9800
f 9808 9801 9800
f 9808 9809 9801
f 9809 9802 9801
f 9809 9810 9802
f 9810 9803 9802
f 9810 9811 9803
f 9811 9804 9803
f 9811 9812 9804
f 9812 9797 9804
f 9812 9805 9797
f 9813 9806 9805
f 9813 9814 9806
f 9814 9807 9806
f 9814 9815 9807
f 9815 9808 9807
f 9815 9816 9808
f 9816 9809 9808
f 9816 9817 9809
f 9817 9810 9809
f 9817 9818 9810
f 9818 9811 9810
f 9818 9819 9811
f 9819 9812 9811
f 9819 9820 9812
f 9820 9805 9812
f 9820 9813 9805
f 9821 9814 9813
f 9821 9822 9814
f 9822 9815 9814
f 9822 9823 9815
f 9823 9816 9815
f 9823 9824 9816
f 9824 9817 9816
f 9824 9825 9817
f 9825 9818 9817
f 9825 9826 9818
f 9826 9819 9818
f 9826 9827 9819
f 9827 9820 9819
f 9827 9828 9820
f 9828 9813 9820
f 9828 9821 9813
f 9829 9831 9832
f 9830 9864 9863
f 9829 9832 9833
f 9830 9865 9864
f 9829 9833 9834
f 9830 9866 9865
f 9829 9834 9835
f 9830 9867 9866
f 9829 9835 9836
f 9830 9868 9867
f 9829 9836 9837
f 9830 9869 9868
f 9829 9837 9838
f 9830 9870 9869
f 9829 9838 9831
f 9830 9863 9870
f 9839 9832 9831
f 9839 9840 9832
f 9840 9833 9832
f 9840 9841 9833
f 9841 9834 9833
f 9841 9842 9834
f 9842 9835 9834
f 9842 9843 9835
f 9843 9836 9835
f 9843 9844 9836
f 9844 9837 9836
f 9844 9845 9837
f 9845 9838 9837
f 9845 9846 9838
f 9846 9831 9838
f 9846 9839 9831
f 9847 9840 9839
f 9847 9848 9840
f 9848 9841 9840
f 9848 9849 9841
f 9849 9842 9841
f 9849 9850 9842
f 9850 9843 9842
f 9850 9851 9843
f 9851 9844 9843
f 9851 9852 9844
f 9852 9845 9844
f 9852 9853 9845
f 9853 9846 9845
f 9853 9854 9846
f 9854 9839 9846
f 9854 9847 9839
f 9855 9848 9847
f 9855 9856 9848
f 9856 9849 9848
f 9856 9857 9849
f 9857 9850 9849
f 9857 9858 9850
f 9858 9851 9850
f 9858 9859 9851
f 9859 9852 9851
f 9859 9860 9852
f 9860 9853 9852
f 9860 9861 9853
f 9861 9854 9853
f 9861 9862 9854
f 9862 9847 9854
f 9862 9855 9847
f 9863 9856 9855
f 9863 9864 9856
f 9864 9857 9856
f 9864 9865 9857
f 9865 9858 9857
f 9865 9866 9858
f 9866 9859 9858
f 9866 9867 9859
f 9867 9860 9859
f 9867 9868 9860
f 9868 9861 9860
f 9868 9869 9861
f 9869 9862 9861
f 9869 9870 9862
f 9870 9855 9862
f 9870 9863 9855
f 9871 9873 9874
f 9872 9906 9905
f 9871 9874 9875
f 9872 9907 9906
f 9871 9875 9876
f 9872 9908 9907
f 9871 9876 9877
f 9872 9909 9908
f 9871 9877 9878
f 9872 9910 9909
f 9871 9878 9879
f 9872 9911 9910
f 9871 9879 9880
f 9872 9912 9911
f 9871 9880 9873
f 9872 9905 9912
f 9881 9874 9873
f 9881 9882 9874
f 9882 9875 9874
f 9882 9883 9875
f 9883 9876 9875
f 9883 9884 9876
f 9884 9877 9876
f 9884 9885 9877
f 9885 9878 9877
f 9885 9886 9878
f 9886 9879 9878
f 9886 9887 9879
f 9887 9880 9879
f 9887 9888 9880
f 9888 9873 9880
f 9888 9881 9873
f 9889 9882 9881
f 9889 9890 9882
f 9890 9883 9882
f 9890 9891 9883
f 9891 9884 9883
f 9891 9892 9884
f 9892 9885 9884
f 9892 9893 9885
f 9893 9886 9885
f 9893 9894 9886
f 9894 9887 9886
f 9894 9895 9887
f 9895 9888 9887
f 9895 9896 9888
f 9896 9881 9888
f 9896 9889 9881
f 9897 9890 9889
f 9897 9898 9890
f 9898 9891 9890
f 9898 9899 9891
f 9899 9892 9891
f 9899 9900 9892
f 9900 9893 9892
f 9900 9901 9893
f 9901 9894 9893
f 9901 9902 9894
f 9902 9895 9894
f 9902 9903 9895
f 9903 9896 9895
f 9903 9904 9896
f 9904 9889 9896
f 9904 9897 9889
f 9905 9898 9897
f 9905 9906 9898
f 9906 9899 9898
f 9906 9907 9899
f 9907 9900 9899
f 9907 9908 9900
f 9908 9901 9900
f 9908 9909 9901
f 9909 9902 9901
f 9909 9910 9902
f 9910 9903 9902
f 9910 9911 9903
f 9911 9904 9903
f 9911 9912 9904
f 9912 9897 9904
f 9912 9905 9897
f 9913 9915 9916
f 9914 9948 9947
f 9913 9916 9917
f 9914 9949 9948
f 9913 9917 9918
f 9914 9950 9949
f 9913 9918 9919
f 9914 9951 9950
f 9913 9919 9920
f 9914 9952 9951
f 9913 9920 9921
f 9914 9953 9952
f 9913 9921 9922
f 9914 9954 9953
f 9913 9922 9915
f 9914 9947 9954
f 9923 9916 9915
f 9923 9924 9916
f 9924 9917 9916
f 9924 9925 9917
f 9925 9918 9917
f 9925 9926 9918
f 9926 9919 9918
f 9926 9927 9919
f 9927 9920 9919
f 9927 9928 9920
f 9928 9921 9920
f 9928 9929 9921
f 9929 9922 9921
f 9929 9930 9922
f 9930 9915 9922
f 9930 9923 9915
f 9931 9924 9923
f 9931 9932 9924
f 9932 9925 9924
f 9932 9933 9925
f 9933 9926 9925
f 9933 9934 9926
f 9934 9927 9926
f 9934 9935 9927
f 9935 9928 9927
f 9935 9936 9928
f 9936 9929 9928
f 9936 9937 9929
f 9937 9930 9929
f 9937 9938 9930
f 9938 9923 9930
f 9938 9931 9923
f 9939 9932 9931
f 9939 9940 9932
f 9940 9933 9932
f 9940 9941 9933
f 9941 9934 9933
f 9941 9942 9934
f 9942 9935 9934
f 9942 9943 9935
f 9943 9936 9935
f 9943 9944 9936
f 9944 9937 9936
f 9944 9945 9937
f 9945 9938 9937
f 9945 9946 9938
f 9946 9931 9938
f 9946 9939 9931
f 9947 9940 9939
f 9947 9948 9940
f 9948 9941 9940
f 9948 9949 9941
f 9949 9942 9941
f 9949 9950 9942
f 9950 9943 9942
f 9950 9951 9943
f 9951 9944 9943
f 9951 9952 9944
f 9952 9945 9944
f 9952 9953 9945
f 9953 9946 9945
f 9953 9954 9946
f 9954 9939 9946
f 9954 9947 9939
f 9955 9957 9958
f 9956 9990 9989
f 9955 9958 9959
f 9956 9991 9990
f 9955 9959 9960
f 9956 9992 9991
f 9955 9960 9961
f 9956 9993 9992
f 9955 9961 9962
f 9956 9994 9993
f 9955 9962 9963
f 9956 9995 9994
f 9955 9963 9964
f 9956 9996 9995
f 9955 9964 9957
f 9956 9989 9996
f 9965 9958 9957
f 9965 9966 9958
f 9966 9959 9958
f 9966 9967 9959
f 9967 9960 9959
f 9967 9968 9960
f 9968 9961 9960
f 9968 9969 9961
f 9969 9962 9961
f 9969 9970 9962
f 9970 9963 9962
f 9970 9971 9963
f 9971 9964 9963
f 9971 9972 9964
f 9972 9957 9964
f 9972 9965 9957
f 9973 9966 9965
f 9973 9974 9966
f 9974 9967 9966
f 9974 9975 9967
f 9975 9968 9967
f 9975 9976 9968
f 9976 9969 9968
f 9976 9977 9969
f 9977 9970 9969
f 9977 9978 9970
f 9978 9971 9970
f 9978 9979 9971
f 9979 9972 9971
f 9979 9980 9972
f 9980 9965 9972
f 9980 9973 9965
f 9981 9974 9973
f 9981 9982 9974
f 9982 9975 9974
f 9982 9983 9975
f 9983 9976 9975
f 9983 9984 9976
f 9984 9977 9976
f 9984 9985 9977
f 9985 9978 9977
f 9985 9986 9978
f 9986 9979 9978
f 9986 9987 9979
f 9987 9980 9979
f 9987 9988 9980
f 9988 9973 9980
f 9988 9981 9973
f 9989 9982 9981
f 9989 9990 9982
f 9990 9983 9982
f 9990 9991 9983
f 9991 9984 9983
f 9991 9992 9984
f 9992 9985 9984
f 9992 9993 9985
f 9993 9986 9985
f 9993 9994 9986
f 9994 9987 9986
f 9994 9995 9987
f 9995 9988 9987
f 9995 9996 9988
f 9996 9981 9988
f 9996 9989 9981
f 9997 9999 10000
f 9998 10032 10031
f 9997 10000 10001
f 9998 10033 10032
f 9997 10001 10002
f 9998 10034 10033
f 9997 10002 10003
f 9998 10035 10034
f 9997 10003 10004
f 9998 10036 10035
f 9997 10004 10005
f 9998 10037 10036
f 9997 10005 10006
f 9998 10038 10037
f 9997 10006 9999
f 9998 10031 10038
f 10007 10000 9999
f 10007 10008 10000
f 10008 10001 10000
f 10008 10009 10001
f 10009 10002 10001
f 10009 10010 10002
f 10010 10003 10002
f 10010 10011 10003
f 10011 10004 10003
f 10011 10012 10004
f 10012 10005 10004
f 10012 10013 10005
f 10013 10006 10005
f 10013 10014 10006
f 10014 9999 10006
f 10014 10007 9999
f 10015 10008 10007
f 10015 10016 10008
f 10016 10009 10008
f 10016 10017 10009
f 10017 10010 10009
f 10017 10018 10010
f 10018 10011 10010
f 10018 10019 10011
f 10019 10012 10011
f 10019 10020 10012
f 10020 10013 10012
f 10020 10021 10013
f 10021 10014 10013
f 10021 10022 10014
f 10022 10007 10014
f 10022 10015 10007
f 10023 10016 10015
f 10023 10024 10016
f 10024 10017 10016
f 10024 10025 10017
f 10025 10018 10017
f 10025 10026 10018
f 10026 10019 10018
f 10026 10027 10019
f 10027 10020 10019
f 10027 10028 10020
f 10028 10021 10020
f 10028 10029 10021
f 10029 10022 10021
f 10029 10030 10022
f 10030 10015 10022
f 10030 10023 10015
f 10031 10024 10023
f 10031 10032 10024
f 10032 10025 10024
f 10032 10033 10025
f 10033 10026 10025
f 10033 10034 10026
f 10034 10027 10026
f 10034 10035 10027
f 10035 10028 10027
f 10035 10036 10028
f 10036 10029 10028
f 10036 10037 10029
f 10037 10030 10029
f 10037 10038 10030
f 10038 10023 10030
f 10038 10031 10023
f 10039 10041 10042
f 10040 10074 10073
f 10039 10042 10043
f 10040 10075 10074
f 10039 10043 10044
f 10040 10076 10075
f 10039 10044 10045
f 10040 10077 10076
f 10039 10045 10046
f 10040 10078 10077
f 10039 10046 10047
f 10040 10079 10078
f 10039 10047 10048
f 10040 10080 10079
f 10039 10048 10041
f 10040 10073 10080
f 10049 10042 10041
f 10049 10050 10042
f 10050 10043 10042
f 10050 10051 10043
f 10051 10044 10043
f 10051 10052 10044
f 10052 10045 10044
f 10052 10053 10045
f 10053 10046 10045
f 10053 10054 10046
f 10054 10047 10046
f 10054 10055 10047
f 10055 10048 10047
f 10055 10056 10048
f 10056 10041 10048
f 10056 10049 10041
f 10057 10050 10049
f 10057 10058 10050
f 10058 10051 10050
f 10058 10059 10051
f 10059 10052 10051
f 10059 10060 10052
f 10060 10053 10052
f 10060 10061 10053
f 10061 10054 10053
f 10061 10062 10054
f 10062 10055 10054
f 10062 10063 10055
f 10063 10056 10055
f 10063 10064 10056
f 10064 10049 10056
f 10064 10057 10049
f 10065 10058 10057
f 10065 10066 10058
f 10066 10059 10058
f 10066 10067 10059
f 10067 10060 10059
f 10067 10068 10060
f 10068 10061 10060
f 10068 10069 10061
f 10069 10062 10061
f 10069 10070 10062
f 10070 10063 10062
f 10070 10071 10063
f 10071 10064 10063
f 10071 10072 10064
f 10072 10057 10064
f 10072 10065 10057
f 10073 10066 10065
f 10073 10074 10066
f 10074 10067 10066
f 10074 10075 10067
f 10075 10068 10067
f 10075 10076 10068
f 10076 10069 10068
f 10076 10077 10069
f 10077 10070 10069
f 10077 10078 10070
f 10078 10071 10070
f 10078 10079 10071
f 10079 10072 10071
f 10079 10080 10072
f 10080 10065 10072
f 10080 10073 10065
f 10081 10083 10084
f 10082 10116 10115
f 10081 10084 10085
f 10082 10117 10116
f 10081 10085 10086
f 10082 10118 10117
f 10081 10086 10087
f 10082 10119 10118
f 10081 10087 10088
f 10082 10120 10119
f 10081 10088 10089
f 10082 10121 10120
f 10081 10089 10090
f 10082 10122 10121
f 10081 10090 10083
f 10082 10115 10122
f 10091 10084 10083
f 10091 10092 10084
f 10092 10085 10084
f 10092 10093 10085
f 10093 10086 10085
f 10093 10094 10086
f 10094 10087 10086
f 10094 10095 10087
f 10095 10088 10087
f 10095 10096 10088
f 10096 10089 10088
f 10096 10097 10089
f 10097 10090 10089
f 10097 10098 10090
f 10098 10083 10090
f 10098 10091 10083
f 10099 10092 10091
f 10099 10100 10092
f 10100 10093 10092
f 10100 10101 10093
f 10101 10094 10093
f 10101 10102 10094
f 10102 10095 10094
f 10102 10103 10095
f 10103 10096 10095
f 10103 10104 10096
f 10104 10097 10096
f 10104 10105 10097
f 10105 10098 10097
f 10105 10106 10098
f 10106 10091 10098
f 10106 10099 10091
f 10107 10100 10099
f 10107 10108 10100
f 10108 10101 10100
f 10108 10109 10101
f 10109 10102 10101
f 10109 10110 10102
f 10110 10103 10102
f 10110 10111 10103
f 10111 10104 10103
f 10111 10112 10104
f 10112 10105 10104
f 10112 10113 10105
f 10113 10106 10105
f 10113 10114 10106
f 10114 10099 10106
f 10114 10107 10099
f 10115 10108 10107
f 10115 10116 10108
f 10116 10109 10108
f 10116 10117 10109
f 10117 10110 10109
f 10117 10118 10110
f 10118 10111 10110
f 10118 10119 10111
f 10119 10112 10111
f 10119 10120 10112
f 10120 10113 10112
f 10120 10121 10113
f 10121 10114 10113
f 10121 10122 10114
f 10122 10107 10114
f 10122 10115 10107
f 10123 10125 10126
f 10124 10158 10157
f 10123 10126 10127
f 10124 10159 10158
f 10123 10127 10128
f 10124 10160 10159
f 10123 10128 10129
f 10124 10161 10160
f 10123 10129 10130
f 10124 10162 10161
f 10123 10130 10131
f 10124 10163 10162
f 10123 10131 10132
f 10124 10164 10163
f 10123 10132 10125
f 10124 10157 10164
f 10133 10126 10125
f 10133 10134 10126
f 10134 10127 10126
f 10134 10135 10127
f 10135 10128 10127
f 10135 10136 10128
f 10136 10129 10128
f 10136 10137 10129
f 10137 10130 10129
f 10137 10138 10130
f 10138 10131 10130
f 10138 10139 10131
f 10139 10132 10131
f 10139 10140 10132
f 10140 10125 10132
f 10140 10133 10125
f 10141 10134 10133
f 10141 10142 10134
f 10142 10135 10134
f 10142 10143 10135
f 10143 10136 10135
f 10143 10144 10136
f 10144 10137 10136
f 10144 10145 10137
f 10145 10138 10137
f 10145 10146 10138
f 10146 10139 10138
f 10146 10147 10139
f 10147 10140 10139
f 10147 10148 10140
f 10148 10133 10140
f 10148 10141 10133
f 10149 10142 10141
f 10149 10150 10142
f 10150 10143 10142
f 10150 10151 10143
f 10151 10144 10143
f 10151 10152 10144
f 10152 10145 10144
f 10152 10153 10145
f 10153 10146 10145
f 10153 10154 10146
f 10154 10147 10146
f 10154 10155 10147
f 10155 10148 10147
f 10155 10156 10148
f 10156 10141 10148
f 10156 10149 10141
f 10157 10150 10149
f 10157 10158 10150
f 10158 10151 10150
f 10158 10159 10151
f 10159 10152 10151
f 10159 10160 10152
f 10160 10153 10152
f 10160 10161 10153
f 10161 10154 10153
f 10161 10162 10154
f 10162 10155 10154
f 10162 10163 10155
f 10163 10156 10155
f 10163 10164 10156
f 10164 10149 10156
f 10164 10157 10149
f 10165 10167 10168
f 10166 10200 10199
f 10165 10168 10169
f 10166 10201 10200
f 10165 10169 10170
f 10166 10202 10201
f 10165 10170 10171
f 10166 10203 10202
f 10165 10171 10172
f 10166 10204 10203
f 10165 10172 10173
f 10166 10205 10204
f 10165 10173 10174
f 10166 10206 10205
f 10165 10174 10167
f 10166 10199 10206
f 10175 10168 10167
f 10175 10176 10168
f 10176 10169 10168
f 10176 10177 10169
f 10177 10170 10169
f 10177 10178 10170
f 10178 10171 10170
f 10178 10179 10171
f 10179 10172 10171
f 10179 10180 10172
f 10180 10173 10172
f 10180 10181 10173
f 10181 10174 10173
f 10181 10182 10174
f 10182 10167 10174
f 10182 10175 10167
f 10183 10176 10175
f 10183 10184 10176
f 10184 10177 10176
f 10184 10185 10177
f 10185 10178 10177
f 10185 10186 10178
f 10186 10179 10178
f 10186 10187 10179
f 10187 10180 10179
f 10187 10188 10180
f 10188 10181 10180
f 10188 10189 10181
f 10189 10182 10181
f 10189 10190 10182
f 10190 10175 10182
f 10190 10183 10175
f 10191 10184 10183
f 10191 10192 10184
f 10192 10185 10184
f 10192 10193 10185
f 10193 10186 10185
f 10193 10194 10186
f 10194 10187 10186
f 10194 10195 10187
f 10195 10188 10187
f 10195 10196 10188
f 10196 10189 10188
f 10196 10197 10189
f 10197 10190 10189
f 10197 10198 10190
f 10198 10183 10190
f 10198 10191 10183
f 10199 10192 10191
f 10199 10200 10192
f 10200 10193 10192
f 10200 10201 10193
f 10201 10194 10193
f 10201 10202 10194
f 10202 10195 10194
f 10202 10203 10195
f 10203 10196 10195
f 10203 10204 10196
f 10204 10197 10196
f 10204 10205 10197
f 10205 10198 10197
f 10205 10206 10198
f 10206 10191 10198
f 10206 10199 10191
f 10207 10209 10210
f 10208 10242 10241
f 10207 10210 10211
f 10208 10243 10242
f 10207 10211 10212
f 10208 10244 10243
f 10207 10212 10213
f 10208 10245 10244
f 10207 10213 10214
f 10208 10246 10245
f 10207 10214 10215
f 10208 10247 10246
f 10207 10215 10216
f 10208 10248 10247
f 10207 10216 10209
f 10208 10241 10248
f 10217 10210 10209
f 10217 10218 10210
f 10218 10211 10210
f 10218 10219 10211
f 10219 10212 10211
f 10219 10220 10212
f 10220 10213 10212
f 10220 10221 10213
f 10221 10214 10213
f 10221 10222 10214
f 10222 10215 10214
f 10222 10223 10215
f 10223 10216 10215
f 10223 10224 10216
f 10224 10209 10216
f 10224 10217 10209
f 10225 10218 10217
f 10225 10226 10218
f 10226 10219 10218
f 10226 10227 10219
f 10227 10220 10219
f 10227 10228 10220
f 10228 10221 10220
f 10228 10229 10221
f 10229 10222 10221
f 10229 10230 10222
f 10230 10223 10222
f 10230 10231 10223
f 10231 10224 10223
f 10231 10232 10224
f 10232 10217 10224
f 10232 10225 10217
f 10233 10226 10225
f 10233 10234 10226
f 10234 10227 10226
f 10234 10235 10227
f 10235 10228 10227
f 10235 10236 10228
f 10236 10229 10228
f 10236 10237 10229
f 10237 10230 10229
f 10237 10238 10230
f 10238 10231 10230
f 10238 10239 10231
f 10239 10232 10231
f 10239 10240 10232
f 10240 10225 10232
f 10240 10233 10225
f 10241 10234 10233
f 10241 10242 10234
f 10242 10235 10234
f 10242 10243 10235
f 10243 10236 10235
f 10243 10244 10236
f 10244 10237 10236
f 10244 10245 10237
f 10245 10238 10237
f 10245 10246 10238
f 10246 10239 10238
f 10246 10247 10239
f 10247 10240 10239
f 10247 10248 10240
f 10248 10233 10240
f 10248 10241 10233
f 10249 10251 10252
f 10250 10284 10283
f 10249 10252 10253
f 10250 10285 10284
f 10249 10253 10254
f 10250 10286 10285
f 10249 10254 10255
f 10250 10287 10286
f 10249 10255 10256
f 10250 10288 10287
f 10249 10256 10257
f 10250 10289 10288
f 10249 10257 10258
f 10250 10290 10289
f 10249 10258 10251
f 10250 10283 10290
f 10259 10252 10251
f 10259 10260 10252
f 10260 10253 10252
f 10260 10261 10253
f 10261 10254 10253
f 10261 10262 10254
f 10262 10255 10254
f 10262 10263 10255
f 10263 10256 10255
f 10263 10264 10256
f 10264 10257 10256
f 10264 10265 10257
f 10265 10258 10257
f 10265 10266 10258
f 10266 10251 10258
f 10266 10259 10251
f 10267 10260 10259
f 10267 10268 10260
f 10268 10261 10260
f 10268 10269 10261
f 10269 10262 10261
f 10269 10270 10262
f 10270 10263 10262
f 10270 10271 10263
f 10271 10264 10263
f 10271 10272 10264
f 10272 10265 10264
f 10272 10273 10265
f 10273 10266 10265
f 10273 10274 10266
f 10274 10259 10266
f 10274 10267 10259
f 10275 10268 10267
f 10275 10276 10268
f 10276 10269 10268
f 10276 10277 10269
f 10277 10270 10269
f 10277 10278 10270
f 10278 10271 10270
f 10278 10279 10271
f 10279 10272 10271
f 10279 10280 10272
f 10280 10273 10272
f 10280 10281 10273
f 10281 10274 10273
f 10281 10282 10274
f 10282 10267 10274
f 10282 10275 10267
f 10283 10276 10275
f 10283 10284 10276
f 10284 10277 10276
f 10284 10285 10277
f 10285 10278 10277
f 10285 10286 10278
f 10286 10279 10278
f 10286 10287 10279
f 10287 10280 10279
f 10287 10288 10280
f 10288 10281 10280
f 10288 10289 10281
f 10289 10282 10281
f 10289 10290 10282
f 10290 10275 10282
f 10290 10283 10275
f 10291 10293 10294
f 10292 10326 10325
f 10291 10294 10295
f 10292 10327 10326
f 10291 10295 10296
f 10292 10328 10327
f 10291 10296 10297
f 10292 10329 10328
f 10291 10297 10298
f 10292 10330 10329
f 10291 10298 10299
f 10292 10331 10330
f 10291 10299 10300
f 10292 10332 10331
f 10291 10300 10293
f 10292 10325 10332
f 10301 10294 10293
f 10301 10302 10294
f 10302 10295 10294
f 10302 10303 10295
f 10303 10296 10295
f 10303 10304 10296
f 10304 10297 10296
f 10304 10305 10297
f 10305 10298 10297
f 10305 10306 10298
f 10306 10299 10298
f 10306 10307 10299
f 10307 10300 10299
f 10307 10308 10300
f 10308 10293 10300
f 10308 10301 10293
f 10309 10302 10301
f 10309 10310 10302
f 10310 10303 10302
f 10310 10311 10303
f 10311 10304 10303
f 10311 10312 10304
f 10312 10305 10304
f 10312 10313 10305
f 10313 10306 10305
f 10313 10314 10306
f 10314 10307 10306
f 10314 10315 10307
f 10315 10308 10307
f 10315 10316 10308
f 10316 10301 10308
f 10316 10309 10301
f 10317 10310 10309
f 10317 10318 10310
f 10318 10311 10310
f 10318 10319 10311
f 10319 10312 10311
f 10319 10320 10312
f 10320 10313 10312
f 10320 10321 10313
f 10321 10314 10313
f 10321 10322 10314
f 10322 10315 10314
f 10322 10323 10315
f 10323 10316 10315
f 10323 10324 10316
f 10324 10309 10316
f 10324 10317 10309
f 10325 10318 10317
f 10325 10326 10318
f 10326 10319 10318
f 10326 10327 10319
f 10327 10320 10319
f 10327 10328 10320
f 10328 10321 10320
f 10328 10329 10321
f 10329 10322 10321
f 10329 10330 10322
f 10330 10323 10322
f 10330 10331 10323
f 10331 10324 10323
f 10331 10332 10324
f 10332 10317 10324
f 10332 10325 10317
f 10333 10335 10336
f 10334 10368 10367
f 10333 10336 10337
f 10334 10369 10368
f 10333 10337 10338
f 10334 10370 10369
f 10333 10338 10339
f 10334 10371 10370
f 10333 10339 10340
f 10334 10372 10371
f 10333 10340 10341
f 10334 10373 10372
f 10333 10341 10342
f 10334 10374 10373
f 10333 10342 10335
f 10334 10367 10374
f 10343 10336 10335
f 10343 10344 10336
f 10344 10337 10336
f 10344 10345 10337
f 10345 10338 10337
f 10345 10346 10338
f 10346 10339 10338
f 10346 10347 10339
f 10347 10340 10339
f 10347 10348 10340
f 10348 10341 10340
f 10348 10349 10341
f 10349 10342 10341
f 10349 10350 10342
f 10350 10335 10342
f 10350 10343 10335
f 10351 10344 10343
f 10351 10352 10344
f 10352 10345 10344
f 10352 10353 10345
f 10353 10346 10345
f 10353 10354 10346
f 10354 10347 10346
f 10354 10355 10347
f 10355 10348 10347
f 10355 10356 10348
f 10356 10349 10348
f 10356 10357 10349
f 10357 10350 10349
f 10357 10358 10350
f 10358 10343 10350
f 10358 10351 10343
f 10359 10352 10351
f 10359 10360 10352
f 10360 10353 10352
f 10360 10361 10353
f 10361 10354 10353
f 10361 10362 10354
f 10362 10355 10354
f 10362 10363 10355
f 10363 10356 10355
f 10363 10364 10356
f 10364 10357 10356
f 10364 10365 10357
f 10365 10358 10357
f 10365 10366 10358
f 10366 10351 10358
f 10366 10359 10351
f 10367 10360 10359
f 10367 10368 10360
f 10368 10361 10360
f 10368 10369 10361
f 10369 10362 10361
f 10369 10370 10362
f 10370 10363 10362
f 10370 10371 10363
f 10371 10364 10363
f 10371 10372 10364
f 10372 10365 10364
f 10372 10373 10365
f 10373 10366 10365
f 10373 10374 10366
f 10374 10359 10366
f 10374 10367 10359
f 10375 10377 10378
f 10376 10410 10409
f 10375 10378 10379
f 10376 10411 10410
f 10375 10379 10380
f 10376 10412 10411
f 10375 10380 10381
f 10376 10413 10412
f 10375 10381 10382
f 10376 10414 10413
f 10375 10382 10383
f 10376 10415 10414
f 10375 10383 10384
f 10376 10416 10415
f 10375 10384 10377
f 10376 10409 10416
f 10385 10378 10377
f 10385 10386 10378
f 10386 10379 10378
f 10386 10387 10379
f 10387 10380 10379
f 10387 10388 10380
f 10388 10381 10380
f 10388 10389 10381
f 10389 10382 10381
f 10389 10390 10382
f 10390 10383 10382
f 10390 10391 10383
f 10391 10384 10383
f 10391 10392 10384
f 10392 10377 10384
f 10392 10385 10377
f 10393 10386 10385
f 10393 10394 10386
f 10394 10387 10386
f 10394 10395 10387
f 10395 10388 10387
f 10395 10396 10388
f 10396 10389 10388
f 10396 10397 10389
f 10397 10390 10389
f 10397 10398 10390
f 10398 10391 10390
f 10398 10399 10391
f 10399 10392 10391
f 10399 10400 10392
f 10400 10385 10392
f 10400 10393 10385
f 10401 10394 10393
f 10401 10402 10394
f 10402 10395 10394
f 10402 10403 10395
f 10403 10396 10395
f 10403 10404 10396
f 10404 10397 10396
f 10404 10405 10397
f 10405 10398 10397
f 10405 10406 10398
f 10406 10399 10398
f 10406 10407 10399
f 10407 10400 10399
f 10407 10408 10400
f 10408 10393 10400
f 10408 10401 10393
f 10409 10402 10401
f 10409 10410 10402
f 10410 10403 10402
f 10410 10411 10403
f 10411 10404 10403
f 10411 10412 10404
f 10412 10405 10404
f 10412 10413 10405
f 10413 10406 10405
f 10413 10414 10406
f 10414 10407 10406
f 10414 10415 10407
f 10415 10408 10407
f 10415 10416 10408
f 10416 10401 10408
f 10416 10409 10401
f 10417 10419 10420
f 10418 10452 10451
f 10417 10420 10421
f 10418 10453 10452
f 10417 10421 10422
f 10418 10454 10453
f 10417 10422 10423
f 10418 10455 10454
f 10417 10423 10424
f 10418 10456 10455
f 10417 10424 10425
f 10418 10457 10456
f 10417 10425 10426
f 10418 10458 10457
f 10417 10426 10419
f 10418 10451 10458
f 10427 10420 10419
f 10427 10428 10420
f 10428 10421 10420
f 10428 10429 10421
f 10429 10422 10421
f 10429 10430 10422
f 10430 10423 10422
f 10430 10431 10423
f 10431 10424 10423
f 10431 10432 10424
f 10432 10425 10424
f 10432 10433 10425
f 10433 10426 10425
f 10433 10434 10426
f 10434 10419 10426
f 10434 10427 10419
f 10435 10428 10427
f 10435 10436 10428
f 10436 10429 10428
f 10436 10437 10429
f 10437 10430 10429
f 10437 10438 10430
f 10438 10431 10430
f 10438 10439 10431
f 10439 10432 10431
f 10439 10440 10432
f 10440 10433 10432
f 10440 10441 10433
f 10441 10434 10433
f 10441 10442 10434
f 10442 10427 10434
f 10442 10435 10427
f 10443 10436 10435
f 10443 10444 10436
f 10444 10437 10436
f 10444 10445 10437
f 10445 10438 10437
f 10445 10446 10438
f 10446 10439 10438
f 10446 10447 10439
f 10447 10440 10439
f 10447 10448 10440
f 10448 10441 10440
f 10448 10449 10441
f 10449 10442 10441
f 10449 10450 10442
f 10450 10435 10442
f 10450 10443 10435
f 10451 10444 10443
f 10451 10452 10444
f 10452 10445 10444
f 10452 10453 10445
f 10453 10446 10445
f 10453 10454 10446
f 10454 10447 10446
f 10454 10455 10447
f 10455 10448 10447
f 10455 10456 10448
f 10456 10449 10448
f 10456 10457 10449
f 10457 10450 10449
f 10457 10458 10450
f 10458 10443 10450
f 10458 10451 10443
f 10459 10461 10462
f 10460 10494 10493
f 10459 10462 10463
f 10460 10495 10494
f 10459 10463 10464
f 10460 10496 10495
f 10459 10464 10465
f 10460 10497 10496
f 10459 10465 10466
f 10460 10498 10497
f 10459 10466 10467
f 10460 10499 10498
f 10459 10467 10468
f 10460 10500 10499
f 10459 10468 10461
f 10460 10493 10500
f 10469 10462 10461
f 10469 10470 10462
f 10470 10463 10462
f 10470 10471 10463
f 10471 10464 10463
f 10471 10472 10464
f 10472 10465 10464
f 10472 10473 10465
f 10473 10466 10465
f 10473 10474 10466
f 10474 10467 10466
f 10474 10475 10467
f 10475 10468 10467
f 10475 10476 10468
f 10476 10461 10468
f 10476 10469 10461
f 10477 10470 10469
f 10477 10478 10470
f 10478 10471 10470
f 10478 10479 10471
f 10479 10472 10471
f 10479 10480 10472
f 10480 10473 10472
f 10480 10481 10473
f 10481 10474 10473
f 10481 10482 10474
f 10482 10475 10474
f 10482 10483 10475
f 10483 10476 10475
f 10483 10484 10476
f 10484 10469 10476
f 10484 10477 10469
f 10485 10478 10477
f 10485 10486 10478
f 10486 10479 10478
f 10486 10487 10479
f 10487 10480 10479
f 10487 10488 10480
f 10488 10481 10480
f 10488 10489 10481
f 10489 10482 10481
f 10489 10490 10482
f 10490 10483 10482
f 10490 10491 10483
f 10491 10484 10483
f 10491 10492 10484
f 10492 10477 10484
f 10492 10485 10477
f 10493 10486 10485
f 10493 10494 10486
f 10494 10487 10486
f 10494 10495 10487
f 10495 10488 10487
f 10495 10496 10488
f 10496 10489 10488
f 10496 10497 10489
f 10497 10490 10489
f 10497 10498 10490
f 10498 10491 10490
f 10498 10499 10491
f 10499 10492 10491
f 10499 10500 10492
f 10500 10485 10492
f 10500 10493 10485
f 10501 10503 10504
f 10502 10536 10535
f 10501 10504 10505
f 10502 10537 10536
f 10501 10505 10506
f 10502 10538 10537
f 10501 10506 10507
f 10502 10539 10538
f 10501 10507 10508
f 10502 10540 10539
f 10501 10508 10509
f 10502 10541 10540
f 10501 10509 10510
f 10502 10542 10541
f 10501 10510 10503
f 10502 10535 10542
f 10511 10504 10503
f 10511 10512 10504
f 10512 10505 10504
f 10512 10513 10505
f 10513 10506 10505
f 10513 10514 10506
f 10514 10507 10506
f 10514 10515 10507
f 10515 10508 10507
f 10515 10516 10508
f 10516 10509 10508
f 10516 10517 10509
f 10517 10510 10509
f 10517 10518 10510
f 10518 10503 10510
f 10518 10511 10503
f 10519 10512 10511
f 10519 10520 10512
f 10520 10513 10512
f 10520 10521 10513
f 10521 10514 10513
f 10521 10522 10514
f 10522 10515 10514
f 10522 10523 10515
f 10523 10516 10515
f 10523 10524 10516
f 10524 10517 10516
f 10524 10525 10517
f 10525 10518 10517
f 10525 10526 10518
f 10526 10511 10518
f 10526 10519 10511
f 10527 10520 10519
f 10527 10528 10520
f 10528 10521 10520
f 10528 10529 10521
f 10529 10522 10521
f 10529 10530 10522
f 10530 10523 10522
f 10530 10531 10523
f 10531 10524 10523
f 10531 10532 10524
f 10532 10525 10524
f 10532 10533 10525
f 10533 10526 10525
f 10533 10534 10526
f 10534 10519 10526
f 10534 10527 10519
f 10535 10528 10527
f 10535 10536 10528
f 10536 10529 10528
f 10536 10537 10529
f 10537 10530 10529
f 10537 10538 10530
f 10538 10531 10530
f 10538 10539 10531
f 10539 10532 10531
f 10539 10540 10532
f 10540 10533 10532
f 10540 10541 10533
f 10541 10534 10533
f 10541 10542 10534
f 10542 10527 10534
f 10542 10535 10527
f 10543 10545 10546
f 10544 10578 10577
f 10543 10546 10547
f 10544 10579 10578
f 10543 10547 10548
f 10544 10580 10579
f 10543 10548 10549
f 10544 10581 10580
f 10543 10549 10550
f 10544 10582 10581
f 10543 10550 10551
f 10544 10583 10582
f 10543 10551 10552
f 10544 10584 10583
f 10543 10552 10545
f 10544 10577 10584
f 10553 10546 10545
f 10553 10554 10546
f 10554 10547 10546
f 10554 10555 10547
f 10555 10548 10547
f 10555 10556 10548
f 10556 10549 10548
f 10556 10557 10549
f 10557 10550 10549
f 10557 10558 10550
f 10558 10551 10550
f 10558 10559 10551
f 10559 10552 10551
f 10559 10560 10552
f 10560 10545 10552
f 10560 10553 10545
f 10561 10554 10553
f 10561 10562 10554
f 10562 10555 10554
f 10562 10563 10555
f 10563 10556 10555
f 10563 10564 10556
f 10564 10557 10556
f 10564 10565 10557
f 10565 10558 10557
f 10565 10566 10558
f 10566 10559 10558
f 10566 10567 10559
f 10567 10560 10559
f 10567 10568 10560
f 10568 10553 10560
f 10568 10561 10553
f 10569 10562 10561
f 10569 10570 10562
f 10570 10563 10562
f 10570 10571 10563
f 10571 10564 10563
f 10571 10572 10564
f 10572 10565 10564
f 10572 10573 10565
f 10573 10566 10565
f 10573 10574 10566
f 10574 10567 10566
f 10574 10575 10567
f 10575 10568 10567
f 10575 10576 10568
f 10576 10561 10568
f 10576 10569 10561
f 10577 10570 10569
f 10577 10578 10570
f 10578 10571 10570
f 10578 10579 10571
f 10579 10572 10571
f 10579 10580 10572
f 10580 10573 10572
f 10580 10581 10573
f 10581 10574 10573
f 10581 10582 10574
f 10582 10575 10574
f 10582 10583 10575
f 10583 10576 10575
f 10583 10584 10576
f 10584 10569 10576
f 10584 10577 10569
f 10585 10587 10588
f 10586 10620 10619
f 10585 10588 10589
f 10586 10621 10620
f 10585 10589 10590
f 10586 10622 10621
f 10585 10590 10591
f 10586 10623 10622
f 10585 10591 10592
f 10586 10624 10623
f 10585 10592 10593
f 10586 10625 10624
f 10585 10593 10594
f 10586 10626 10625
f 10585 10594 10587
f 10586 10619 10626
f 10595 10588 10587
f 10595 10596 10588
f 10596 10589 10588
f 10596 10597 10589
f 10597 10590 10589
f 10597 10598 10590
f 10598 10591 10590
f 10598 10599 10591
f 10599 10592 10591
f 10599 10600 10592
f 10600 10593 10592
f 10600 10601 10593
f 10601 10594 10593
f 10601 10602 10594
f 10602 10587 10594
f 10602 10595 10587
f 10603 10596 10595
f 10603 10604 10596
f 10604 10597 10596
f 10604 10605 10597
f 10605 10598 10597
f 10605 10606 10598
f 10606 10599 10598
f 10606 10607 10599
f 10607 10600 10599
f 10607 10608 10600
f 10608 10601 10600
f 10608 10609 10601
f 10609 10602 10601
f 10609 10610 10602
f 10610 10595 10602
f 10610 10603 10595
f 10611 10604 10603
f 10611 10612 10604
f 10612 10605 10604
f 10612 10613 10605
f 10613 10606 10605
f 10613 10614 10606
f 10614 10607 10606
f 10614 10615 10607
f 10615 10608 10607
f 10615 10616 10608
f 10616 10609 10608
f 10616 10617 10609
f 10617 10610 10609
f 10617 10618 10610
f 10618 10603 10610
f 10618 10611 10603
f 10619 10612 10611
f 10619 10620 10612
f 10620 10613 10612
f 10620 10621 10613
f 10621 10614 10613
f 10621 10622 10614
f 10622 10615 10614
f 10622 10623 10615
f 10623 10616 10615
f 10623 10624 10616
f 10624 10617 10616
f 10624 10625 10617
f 10625 10618 10617
f 10625 10626 10618
f 10626 10611 10618
f 10626 10619 10611
f 10627 10629 10630
f 10628 10662 10661
f 10627 10630 10631
f 10628 10663 10662
f 10627 10631 10632
f 10628 10664 10663
f 10627 10632 10633
f 10628 10665 10664
f 10627 10633 10634
f 10628 10666 10665
f 10627 10634 10635
f 10628 10667 10666
f 10627 10635 10636
f 10628 10668 10667
f 10627 10636 10629
f 10628 10661 10668
f 10637 10630 10629
f 10637 10638 10630
f 10638 10631 10630
f 10638 10639 10631
f 10639 10632 10631
f 10639 10640 10632
f 10640 10633 10632
f 10640 10641 10633
f 10641 10634 10633
f 10641 10642 10634
f 10642 10635 10634
f 10642 10643 10635
f 10643 10636 10635
f 10643 10644 10636
f 10644 10629 10636
f 10644 10637 10629
f 10645 10638 10637
f 10645 10646 10638
f 10646 10639 10638
f 10646 10647 10639
f 10647 10640 10639
f 10647 10648 10640
f 10648 10641 10640
f 10648 10649 10641
f 10649 10642 10641
f 10649 10650 10642
f 10650 10643 10642
f 10650 10651 10643
f 10651 10644 10643
f 10651 10652 10644
f 10652 10637 10644
f 10652 10645 10637
f 10653 10646 10645
f 10653 10654 10646
f 10654 10647 10646
f 10654 10655 10647
f 10655 10648 10647
f 10655 10656 10648
f 10656 10649 10648
f 10656 10657 10649
f 10657 10650 10649
f 10657 10658 10650
f 10658 10651 10650
f 10658 10659 10651
f 10659 10652 10651
f 10659 10660 10652
f 10660 10645 10652
f 10660 10653 10645
f 10661 10654 10653
f 10661 10662 10654
f 10662 10655 10654
f 10662 10663 10655
f 10663 10656 10655
f 10663 10664 10656
f 10664 10657 10656
f 10664 10665 10657
f 10665 10658 10657
f 10665 10666 10658
f 10666 10659 10658
f 10666 10667 10659
f 10667 10660 10659
f 10667 10668 10660
f 10668 10653 10660
f 10668 10661 10653
f 10669 10671 10672
f 10670 10704 10703
f 10669 10672 10673
f 10670 10705 10704
f 10669 10673 10674
f 10670 10706 10705
f 10669 10674 10675
f 10670 10707 10706
f 10669 10675 10676
f 10670 10708 10707
f 10669 10676 10677
f 10670 10709 10708
f 10669 10677 10678
f 10670 10710 10709
f 10669 10678 10671
f 10670 10703 10710
f 10679 10672 10671
f 10679 10680 10672
f 10680 10673 10672
f 10680 10681 10673
f 10681 10674 10673
f 10681 10682 10674
f 10682 10675 10674
f 10682 10683 10675
f 10683 10676 10675
f 10683 10684 10676
f 10684 10677 10676
f 10684 10685 10677
f 10685 10678 10677
f 10685 10686 10678
f 10686 10671 10678
f 10686 10679 10671
f 10687 10680 10679
f 10687 10688 10680
f 10688 10681 10680
f 10688 10689 10681
f 10689 10682 10681
f 10689 10690 10682
f 10690 10683 10682
f 10690 10691 10683
f 10691 10684 10683
f 10691 10692 10684
f 10692 10685 10684
f 10692 10693 10685
f 10693 10686 10685
f 10693 10694 10686
f 10694 10679 10686
f 10694 10687 10679
f 10695 10688 10687
f 10695 10696 10688
f 10696 10689 10688
f 10696 10697 10689
f 10697 10690 10689
f 10697 10698 10690
f 10698 10691 10690
f 10698 10699 10691
f 10699 10692 10691
f 10699 10700 10692
f 10700 10693 10692
f 10700 10701 10693
f 10701 10694 10693
f 10701 10702 10694
f 10702 10687 10694
f 10702 10695 10687
f 10703 10696 10695
f 10703 10704 10696
f 10704 10697 10696
f 10704 10705 10697
f 10705 10698 10697
f 10705 10706 10698
f 10706 10699 10698
f 10706 10707 10699
f 10707 10700 10699
f 10707 10708 10700
f 10708 10701 10700
f 10708 10709 10701
f 10709 10702 10701
f 10709 10710 10702
f 10710 10695 10702
f 10710 10703 10695
f 10711 10713 10714
f 10712 10746 10745
f 10711 10714 10715
f 10712 10747 10746
f 10711 10715 10716
f 10712 10748 10747
f 10711 10716 10717
f 10712 10749 10748
f 10711 10717 10718
f 10712 10750 10749
f 10711 10718 10719
f 10712 10751 10750
f 10711 10719 10720
f 10712 10752 10751
f 10711 10720 10713
f 10712 10745 10752
f 10721 10714 10713
f 10721 10722 10714
f 10722 10715 10714
f 10722 10723 10715
f 10723 10716 10715
f 10723 10724 10716
f 10724 10717 10716
f 10724 10725 10717
f 10725 10718 10717
f 10725 10726 10718
f 10726 10719 10718
f 10726 10727 10719
f 10727 10720 10719
f 10727 10728 10720
f 10728 10713 10720
f 10728 10721 10713
f 10729 10722 10721
f 10729 10730 10722
f 10730 10723 10722
f 10730 10731 10723
f 10731 10724 10723
f 10731 10732 10724
f 10732 10725 10724
f 10732 10733 10725
f 10733 10726 10725
f 10733 10734 10726
f 10734 10727 10726
f 10734 10735 10727
f 10735 10728 10727
f 10735 10736 10728
f 10736 10721 10728
f 10736 10729 10721
f 10737 10730 10729
f 10737 10738 10730
f 10738 10731 10730
f 10738 10739 10731
f 10739 10732 10731
f 10739 10740 10732
f 10740 10733 10732
f 10740 10741 10733
f 10741 10734 10733
f 10741 10742 10734
f 10742 10735 10734
f 10742 10743 10735
f 10743 10736 10735
f 10743 10744 10736
f 10744 10729 10736
f 10744 10737 10729
f 10745 10738 10737
f 10745 10746 10738
f 10746 10739 10738
f 10746 10747 10739
f 10747 10740 10739
f 10747 10748 10740
f 10748 10741 10740
f 10748 10749 10741
f 10749 10742 10741
f 10749 10750 10742
f 10750 10743 10742
f 10750 10751 10743
f 10751 10744 10743
f 10751 10752 10744
f 10752 10737 10744
f 10752 10745 10737
f 10753 10755 10756
f 10754 10788 10787
f 10753 10756 10757
f 10754 10789 10788
f 10753 10757 10758
f 10754 10790 10789
f 10753 10758 10759
f 10754 10791 10790
f 10753 10759 10760
f 10754 10792 10791
f 10753 10760 10761
f 10754 10793 10792
f 10753 10761 10762
f 10754 10794 10793
f 10753 10762 10755
f 10754 10787 10794
f 10763 10756 10755
f 10763 10764 10756
f 10764 10757 10756
f 10764 10765 10757
f 10765 10758 10757
f 10765 10766 10758
f 10766 10759 10758
f 10766 10767 10759
f 10767 10760 10759
f 10767 10768 10760
f 10768 10761 10760
f 10768 10769 10761
f 10769 10762 10761
f 10769 10770 10762
f 10770 10755 10762
f 10770 10763 10755
f 10771 10764 10763
f 10771 10772 10764
f 10772 10765 10764
f 10772 10773 10765
f 10773 10766 10765
f 10773 10774 10766
f 10774 10767 10766
f 10774 10775 10767
f 10775 10768 10767
f 10775 10776 10768
f 10776 10769 10768
f 10776 10777 10769
f 10777 10770 10769
f 10777 10778 10770
f 10778 10763 10770
f 10778 10771 10763
f 10779 10772 10771
f 10779 10780 10772
f 10780 10773 10772
f 10780 10781 10773
f 10781 10774 10773
f 10781 10782 10774
f 10782 10775 10774
f 10782 10783 10775
f 10783 10776 10775
f 10783 10784 10776
f 10784 10777 10776
f 10784 10785 10777
f 10785 10778 10777
f 10785 10786 10778
f 10786 10771 10778
f 10786 10779 10771
f 10787 10780 10779
f 10787 10788 10780
f 10788 10781 10780
f 10788 10789 10781
f 10789 10782 10781
f 10789 10790 10782
f 10790 10783 10782
f 10790 10791 10783
f 10791 10784 10783
f 10791 10792 10784
f 10792 10785 10784
f 10792 10793 10785
f 10793 10786 10785
f 10793 10794 10786
f 10794 10779 10786
f 10794 10787 10779
f 10795 10797 10798
f 10796 10830 10829
f 10795 10798 10799
f 10796 10831 10830
f 10795 10799 10800
f 10796 10832 10831
f 10795 10800 10801
f 10796 10833 10832
f 10795 10801 10802
f 10796 10834 10833
f 10795 10802 10803
f 10796 10835 10834
f 10795 10803 10804
f 10796 10836 10835
f 10795 10804 10797
f 10796 10829 10836
f 10805 10798 10797
f 10805 10806 10798
f 10806 10799 10798
f 10806 10807 10799
f 10807 10800 10799
f 10807 10808 10800
f 10808 10801 10800
f 10808 10809 10801
f 10809 10802 10801
f 10809 10810 10802
f 10810 10803 10802
f 10810 10811 10803
f 10811 10804 10803
f 10811 10812 10804
f 10812 10797 10804
f 10812 10805 10797
f 10813 10806 10805
f 10813 10814 10806
f 10814 10807 10806
f 10814 10815 10807
f 10815 10808 10807
f 10815 10816 10808
f 10816 10809 10808
f 10816 10817 10809
f 10817 10810 10809
f 10817 10818 10810
f 10818 10811 10810
f 10818 10819 10811
f 10819 10812 10811
f 10819 10820 10812
f 10820 10805 10812
f 10820 10813 10805
f 10821 10814 10813
f 10821 10822 10814
f 10822 10815 10814
f 10822 10823 10815
f 10823 10816 10815
f 10823 10824 10816
f 10824 10817 10816
f 10824 10825 10817
f 10825 10818 10817
f 10825 10826 10818
f 10826 10819 10818
f 10826 10827 10819
f 10827 10820 10819
f 10827 10828 10820
f 10828 10813 10820
f 10828 10821 10813
f 10829 10822 10821
f 10829 10830 10822
f 10830 10823 10822
f 10830 10831 10823
f 10831 10824 10823
f 10831 10832 10824
f 10832 10825 10824
f 10832 10833 10825
f 10833 10826 10825
f 10833 10834 10826
f 10834 10827 10826
f 10834 10835 10827
f 10835 10828 10827
f 10835 10836 10828
f 10836 10821 10828
f 10836 10829 10821
f 10837 10839 10840
f 10838 10872 10871
f 10837 10840 10841
f 10838 10873 10872
f 10837 10841 10842
f 10838 10874 10873
f 10837 10842 10843
f 10838 10875 10874
f 10837 10843 10844
f 10838 10876 10875
f 10837 10844 10845
f 10838 10877 10876
f 10837 10845 10846
f 10838 10878 10877
f 10837 10846 10839
f 10838 10871 10878
f 10847 10840 10839
f 10847 10848 10840
f 10848 10841 10840
f 10848 10849 10841
f 10849 10842 10841
f 10849 10850 10842
f 10850 10843 10842
f 10850 10851 10843
f 10851 10844 10843
f 10851 10852 10844
f 10852 10845 10844
f 10852 10853 10845
f 10853 10846 10845
f 10853 10854 10846
f 10854 10839 10846
f 10854 10847 10839
f 10855 10848 10847
f 10855 10856 10848
f 10856 10849 10848
f 10856 10857 10849
f 10857 10850 10849
f 10857 10858 10850
f 10858 10851 10850
f 10858 10859 10851
f 10859 10852 10851
f 10859 10860 10852
f 10860 10853 10852
f 10860 10861 10853
f 10861 10854 10853
f 10861 10862 10854
f 10862 10847 10854
f 10862 10855 10847
f 10863 10856 10855
f 10863 10864 10856
f 10864 10857 10856
f 10864 10865 10857
f 10865 10858 10857
f 10865 10866 10858
f 10866 10859 10858
f 10866 10867 10859
f 10867 10860 10859
f 10867 10868 10860
f 10868 10861 10860
f 10868 10869 10861
f 10869 10862 10861
f 10869 10870 10862
f 10870 10855 10862
f 10870 10863 10855
f 10871 10864 10863
f 10871 10872 10864
f 10872 10865 10864
f 10872 10873 10865
f 10873 10866 10865
f 10873 10874 10866
f 10874 10867 10866
f 10874 10875 10867
f 10875 10868 10867
f 10875 10876 10868
f 10876 10869 10868
f 10876 10877 10869
f 10877 10870 10869
f 10877 10878 10870
f 10878 10863 10870
f 10878 10871 10863
f 10879 10881 10882
f 10880 10914 10913
f 10879 10882 10883
f 10880 10915 10914
f 10879 10883 10884
f 10880 10916 10915
f 10879 10884 10885
f 10880 10917 10916
f 10879 10885 10886
f 10880 10918 10917
f 10879 10886 10887
f 10880 10919 10918
f 10879 10887 10888
f 10880 10920 10919
f 10879 10888 10881
f 10880 10913 10920
f 10889 10882 10881
f 10889 10890 10882
f 10890 10883 10882
f 10890 10891 10883
f 10891 10884 10883
f 10891 10892 10884
f 10892 10885 10884
f 10892 10893 10885
f 10893 10886 10885
f 10893 10894 10886
f 10894 10887 10886
f 10894 10895 10887
f 10895 10888 10887
f 10895 10896 10888
f 10896 10881 10888
f 10896 10889 10881
f 10897 10890 10889
f 10897 10898 10890
f 10898 10891 10890
f 10898 10899 10891
f 10899 10892 10891
f 10899 10900 10892
f 10900 10893 10892
f 10900 10901 10893
f 10901 10894 10893
f 10901 10902 10894
f 10902 10895 10894
f 10902 10903 10895
f 10903 10896 10895
f 10903 10904 10896
f 10904 10889 10896
f 10904 10897 10889
f 10905 10898 10897
f 10905 10906 10898
f 10906 10899 10898
f 10906 10907 10899
f 10907 10900 10899
f 10907 10908 10900
f 10908 10901 10900
f 10908 10909 10901
f 10909 10902 10901
f 10909 10910 10902
f 10910 10903 10902
f 10910 10911 10903
f 10911 10904 10903
f 10911 10912 10904
f 10912 10897 10904
f 10912 10905 10897
f 10913 10906 10905
f 10913 10914 10906
f 10914 10907 10906
f 10914 10915 10907
f 10915 10908 10907
f 10915 10916 10908
f 10916 10909 10908
f 10916 10917 10909
f 10917 10910 10909
f 10917 10918 10910
f 10918 10911 10910
f 10918 10919 10911
f 10919 10912 10911
f 10919 10920 10912
f 10920 10905 10912
f 10920 10913 10905
f 10921 10923 10924
f 10922 10956 10955
f 10921 10924 10925
f 10922 10957 10956
f 10921 10925 10926
f 10922 10958 10957
f 10921 10926 10927
f 10922 10959 10958
f 10921 10927 10928
f 10922 10960 10959
f 10921 10928 10929
f 10922 10961 10960
f 10921 10929 10930
f 10922 10962 10961
f 10921 10930 10923
f 10922 10955 10962
f 10931 10924 10923
f 10931 10932 10924
f 10932 10925 10924
f 10932 10933 10925
f 10933 10926 10925
f 10933 10934 10926
f 10934 10927 10926
f 10934 10935 10927
f 10935 10928 10927
f 10935 10936 10928
f 10936 10929 10928
f 10936 10937 10929
f 10937 10930 10929
f 10937 10938 10930
f 10938 10923 10930
f 10938 10931 10923
f 10939 10932 10931
f 10939 10940 10932
f 10940 10933 10932
f 10940 10941 10933
f 10941 10934 10933
f 10941 10942 10934
f 10942 10935 10934
f 10942 10943 10935
f 10943 10936 10935
f 10943 10944 10936
f 10944 10937 10936
f 10944 10945 10937
f 10945 10938 10937
f 10945 10946 10938
f 10946 10931 10938
f 10946 10939 10931
f 10947 10940 10939
f 10947 10948 10940
f 10948 10941 10940
f 10948 10949 10941
f 10949 10942 10941
f 10949 10950 10942
f 10950 10943 10942
f 10950 10951 10943
f 10951 10944 10943
f 10951 10952 10944
f 10952 10945 10944
f 10952 10953 10945
f 10953 10946 10945
f 10953 10954 10946
f 10954 10939 10946
f 10954 10947 10939
f 10955 10948 10947
f 10955 10956 10948
f 10956 10949 10948
f 10956 10957 10949
f 10957 10950 10949
f 10957 10958 10950
f 10958 10951 10950
f 10958 10959 10951
f 10959 10952 10951
f 10959 10960 10952
f 10960 10953 10952
f 10960 10961 10953
f 10961 10954 10953
f 10961 10962 10954
f 10962 10947 10954
f 10962 10955 10947
f 10963 10965 10966
f 10964 10998 10997
f 10963 10966 10967
f 10964 10999 10998
f 10963 10967 10968
f 10964 11000 10999
f 10963 10968 10969
f 10964 11001 11000
f 10963 10969 10970
f 10964 11002 11001
f 10963 10970 10971
f 10964 11003 11002
f 10963 10971 10972
f 10964 11004 11003
f 10963 10972 10965
f 10964 10997 11004
f 10973 10966 10965
f 10973 10974 10966
f 10974 10967 10966
f 10974 10975 10967
f 10975 10968 10967
f 10975 10976 10968
f 10976 10969 10968
f 10976 10977 10969
f 10977 10970 10969
f 10977 10978 10970
f 10978 10971 10970
f 10978 10979 10971
f 10979 10972 10971
f 10979 10980 10972
f 10980 10965 10972
f 10980 10973 10965
f 10981 10974 10973
f 10981 10982 10974
f 10982 10975 10974
f 10982 10983 10975
f 10983 10976 10975
f 10983 10984 10976
f 10984 10977 10976
f 10984 10985 10977
f 10985 10978 10977
f 10985 10986 10978
f 10986 10979 10978
f 10986 10987 10979
f 10987 10980 10979
f 10987 10988 10980
f 10988 10973 10980
f 10988 10981 10973
f 10989 10982 10981
f 10989 10990 10982
f 10990 10983 10982
f 10990 10991 10983
f 10991 10984 10983
f 10991 10992 10984
f 10992 10985 10984
f 10992 10993 10985
f 10993 10986 10985
f 10993 10994 10986
f 10994 10987 10986
f 10994 10995 10987
f 10995 10988 10987
f 10995 10996 10988
f 10996 10981 10988
f 10996 10989 10981
f 10997 10990 10989
f 10997 10998 10990
f 10998 10991 10990
f 10998 10999 10991
f 10999 10992 10991
f 10999 11000 10992
f 11000 10993 10992
f 11000 11001 10993
f 11001 10994 10993
f 11001 11002 10994
f 11002 10995 10994
f 11002 11003 10995
f 11003 10996 10995
f 11003 11004 10996
f 11004 10989 10996
f 11004 10997 10989
f 11005 11007 11008
f 11006 11040 11039
f 11005 11008 11009
f 11006 11041 11040
f 11005 11009 11010
f 11006 11042 11041
f 11005 11010 11011
f 11006 11043 11042
f 11005 11011 11012
f 11006 11044 11043
f 11005 11012 11013
f 11006 11045 11044
f 11005 11013 11014
f 11006 11046 11045
f 11005 11014 11007
f 11006 11039 11046
f 11015 11008 11007
f 11015 11016 11008
f 11016 11009 11008
f 11016 11017 11009
f 11017 11010 11009
f 11017 11018 11010
f 11018 11011 11010
f 11018 11019 11011
f 11019 11012 11011
f 11019 11020 11012
f 11020 11013 11012
f 11020 11021 11013
f 11021 11014 11013
f 11021 11022 11014
f 11022 11007 11014
f 11022 11015 11007
f 11023 11016 11015
f 11023 11024 11016
f 11024 11017 11016
f 11024 11025 11017
f 11025 11018 11017
f 11025 11026 11018
f 11026 11019 11018
f 11026 11027 11019
f 11027 11020 11019
f 11027 11028 11020
f 11028 11021 11020
f 11028 11029 11021
f 11029 11022 11021
f 11029 11030 11022
f 11030 11015 11022
f 11030 11023 11015
f 11031 11024 11023
f 11031 11032 11024
f 11032 11025 11024
f 11032 11033 11025
f 11033 11026 11025
f 11033 11034 11026
f 11034 11027 11026
f 11034 11035 11027
f 11035 11028 11027
f 11035 11036 11028
f 11036 11029 11028
f 11036 11037 11029
f 11037 11030 11029
f 11037 11038 11030
f 11038 11023 11030
f 11038 11031 11023
f 11039 11032 11031
f 11039 11040 11032
f 11040 11033 11032
f 11040 11041 11033
f 11041 11034 11033
f 11041 11042 11034
f 11042 11035 11034
f 11042 11043 11035
f 11043 11036 11035
f 11043 11044 11036
f 11044 11037 11036
f 11044 11045 11037
f 11045 11038 11037
f 11045 11046 11038
f 11046 11031 11038
f 11046 11039 11031
f 11047 11049 11050
f 11048 11082 11081
f 11047 11050 11051
f 11048 11083 11082
f 11047 11051 11052
f 11048 11084 11083
f 11047 11052 11053
f 11048 11085 11084
f 11047 11053 11054
f 11048 11086 11085
f 11047 11054 11055
f 11048 11087 11086
f 11047 11055 11056
f 11048 11088 11087
f 11047 11056 11049
f 11048 11081 11088
f 11057 11050 11049
f 11057 11058 11050
f 11058 11051 11050
f 11058 11059 11051
f 11059 11052 11051
f 11059 11060 11052
f 11060 11053 11052
f 11060 11061 11053
f 11061 11054 11053
f 11061 11062 11054
f 11062 11055 11054
f 11062 11063 11055
f 11063 11056 11055
f 11063 11064 11056
f 11064 11049 11056
f 11064 11057 11049
f 11065 11058 11057
f 11065 11066 11058
f 11066 11059 11058
f 11066 11067 11059
f 11067 11060 11059
f 11067 11068 11060
f 11068 11061 11060
f 11068 11069 11061
f 11069 11062 11061
f 11069 11070 11062
f 11070 11063 11062
f 11070 11071 11063
f 11071 11064 11063
f 11071 11072 11064
f 11072 11057 11064
f 11072 11065 11057
f 11073 11066 11065
f 11073 11074 11066
f 11074 11067 11066
f 11074 11075 11067
f 11075 11068 11067
f 11075 11076 11068
f 11076 11069 11068
f 11076 11077 11069
f 11077 11070 11069
f 11077 11078 11070
f 11078 11071 11070
f 11078 11079 11071
f 11079 11072 11071
f 11079 11080 11072
f 11080 11065 11072
f 11080 11073 11065
f 11081 11074 11073
f 11081 11082 11074
f 11082 11075 11074
f 11082 11083 11075
f 11083 11076 11075
f 11083 11084 11076
f 11084 11077 11076
f 11084 11085 11077
f 11085 11078 11077
f 11085 11086 11078
f 11086 11079 11078
f 11086 11087 11079
f 11087 11080 11079
f 11087 11088 11080
f 11088 11073 11080
f 11088 11081 11073
f 11089 11091 11092
f 11090 11124 11123
f 11089 11092 11093
f 11090 11125 11124
f 11089 11093 11094
f 11090 11126 11125
f 11089 11094 11095
f 11090 11127 11126
f 11089 11095 11096
f 11090 11128 11127
f 11089 11096 11097
f 11090 11129 11128
f 11089 11097 11098
f 11090 11130 11129
f 11089 11098 11091
f 11090 11123 11130
f 11099 11092 11091
f 11099 11100 11092
f 11100 11093 11092
f 11100 11101 11093
f 11101 11094 11093
f 11101 11102 11094
f 11102 11095 11094
f 11102 11103 11095
f 11103 11096 11095
f 11103 11104 11096
f 11104 11097 11096
f 11104 11105 11097
f 11105 11098 11097
f 11105 11106 11098
f 11106 11091 11098
f 11106 11099 11091
f 11107 11100 11099
f 11107 11108 11100
f 11108 11101 11100
f 11108 11109 11101
f 11109 11102 11101
f 11109 11110 11102
f 11110 11103 11102
f 11110 11111 11103
f 11111 11104 11103
f 11111 11112 11104
f 11112 11105 11104
f 11112 11113 11105
f 11113 11106 11105
f 11113 11114 11106
f 11114 11099 11106
f 11114 11107 11099
f 11115 11108 11107
f 11115 11116 11108
f 11116 11109 11108
f 11116 11117 11109
f 11117 11110 11109
f 11117 11118 11110
f 11118 11111 11110
f 11118 11119 11111
f 11119 11112 11111
f 11119 11120 11112
f 11120 11113 11112
f 11120 11121 11113
f 11121 11114 11113
f 11121 11122 11114
f 11122 11107 11114
f 11122 11115 11107
f 11123 11116 11115
f 11123 11124 11116
f 11124 11117 11116
f 11124 11125 11117
f 11125 11118 11117
f 11125 11126 11118
f 11126 11119 11118
f 11126 11127 11119
f 11127 11120 11119
f 11127 11128 11120
f 11128 11121 11120
f 11128 11129 11121
f 11129 11122 11121
f 11129 11130 11122
f 11130 11115 11122
f 11130 11123 11115
f 11131 11133 11134
f 11132 11166 11165
f 11131 11134 11135
f 11132 11167 11166
f 11131 11135 11136
f 11132 11168 11167
f 11131 11136 11137
f 11132 11169 11168
f 11131 11137 11138
f 11132 11170 11169
f 11131 11138 11139
f 11132 11171 11170
f 11131 11139 11140
f 11132 11172 11171
f 11131 11140 11133
f 11132 11165 11172
f 11141 11134 11133
f 11141 11142 11134
f 11142 11135 11134
f 11142 11143 11135
f 11143 11136 11135
f 11143 11144 11136
f 11144 11137 11136
f 11144 11145 11137
f 11145 11138 11137
f 11145 11146 11138
f 11146 11139 11138
f 11146 11147 11139
f 11147 11140 11139
f 11147 11148 11140
f 11148 11133 11140
f 11148 11141 11133
f 11149 11142 11141
f 11149 11150 11142
f 11150 11143 11142
f 11150 11151 11143
f 11151 11144 11143
f 11151 11152 11144
f 11152 11145 11144
f 11152 11153 11145
f 11153 11146 11145
f 11153 11154 11146
f 11154 11147 11146
f 11154 11155 11147
f 11155 11148 11147
f 11155 11156 11148
f 11156 11141 11148
f 11156 11149 11141
f 11157 11150 11149
f 11157 11158 11150
f 11158 11151 11150
f 11158 11159 11151
f 11159 11152 11151
f 11159 11160 11152
f 11160 11153 11152
f 11160 11161 11153
f 11161 11154 11153
f 11161 11162 11154
f 11162 11155 11154
f 11162 11163 11155
f 11163 11156 11155
f 11163 11164 11156
f 11164 11149 11156
f 11164 11157 11149
f 11165 11158 11157
f 11165 11166 11158
f 11166 11159 11158
f 11166 11167 11159
f 11167 11160 11159
f 11167 11168 11160
f 11168 11161 11160
f 11168 11169 11161
f 11169 11162 11161
f 11169 11170 11162
f 11170 11163 11162
f 11170 11171 11163
f 11171 11164 11163
f 11171 11172 11164
f 11172 11157 11164
f 11172 11165 11157
f 11173 11175 11176
f 11174 11208 11207
f 11173 11176 11177
f 11174 11209 11208
f 11173 11177 11178
f 11174 11210 11209
f 11173 11178 11179
f 11174 11211 11210
f 11173 11179 11180
f 11174 11212 11211
f 11173 11180 11181
f 11174 11213 11212
f 11173 11181 11182
f 11174 11214 11213
f 11173 11182 11175
f 11174 11207 11214
f 11183 11176 11175
f 11183 11184 11176
f 11184 11177 11176
f 11184 11185 11177
f 11185 11178 11177
f 11185 11186 11178
f 11186 11179 11178
f 11186 11187 11179
f 11187 11180 11179
f 11187 11188 11180
f 11188 11181 11180
f 11188 11189 11181
f 11189 11182 11181
f 11189 11190 11182
f 11190 11175 11182
f 11190 11183 11175
f 11191 11184 11183
f 11191 11192 11184
f 11192 11185 11184
f 11192 11193 11185
f 11193 11186 11185
f 11193 11194 11186
f 11194 11187 11186
f 11194 11195 11187
f 11195 11188 11187
f 11195 11196 11188
f 11196 11189 11188
f 11196 11197 11189
f 11197 11190 11189
f 11197 11198 11190
f 11198 11183 11190
f 11198 11191 11183
f 11199 11192 11191
f 11199 11200 11192
f 11200 11193 11192
f 11200 11201 11193
f 11201 11194 11193
f 11201 11202 11194
f 11202 11195 11194
f 11202 11203 11195
f 11203 11196 11195
f 11203 11204 11196
f 11204 11197 11196
f 11204 11205 11197
f 11205 11198 11197
f 11205 11206 11198
f 11206 11191 11198
f 11206 11199 11191
f 11207 11200 11199
f 11207 11208 11200
f 11208 11201 11200
f 11208 11209 11201
f 11209 11202 11201
f 11209 11210 11202
f 11210 11203 11202
f 11210 11211 11203
f 11211 11204 11203
f 11211 11212 11204
f 11212 11205 11204
f 11212 11213 11205
f 11213 11206 11205
f 11213 11214 11206
f 11214 11199 11206
f 11214 11207 11199
f 11215 11217 11218
f 11216 11250 11249
f 11215 11218 11219
f 11216 11251 11250
f 11215 11219 11220
f 11216 11252 11251
f 11215 11220 11221
f 11216 11253 11252
f 11215 11221 11222
f 11216 11254 11253
f 11215 11222 11223
f 11216 11255 11254
f 11215 11223 11224
f 11216 11256 11255
f 11215 11224 11217
f 11216 11249 11256
f 11225 11218 11217
f 11225 11226 11218
f 11226 11219 11218
f 11226 11227 11219
f 11227 11220 11219
f 11227 11228 11220
f 11228 11221 11220
f 11228 11229 11221
f 11229 11222 11221
f 11229 11230 11222
f 11230 11223 11222
f 11230 11231 11223
f 11231 11224 11223
f 11231 11232 11224
f 11232 11217 11224
f 11232 11225 11217
f 11233 11226 11225
f 11233 11234 11226
f 11234 11227 11226
f 11234 11235 11227
f 11235 11228 11227
f 11235 11236 11228
f 11236 11229 11228
f 11236 11237 11229
f 11237 11230 11229
f 11237 11238 11230
f 11238 11231 11230
f 11238 11239 11231
f 11239 11232 11231
f 11239 11240 11232
f 11240 11225 11232
f 11240 11233 11225
f 11241 11234 11233
f 11241 11242 11234
f 11242 11235 11234
f 11242 11243 11235
f 11243 11236 11235
f 11243 11244 11236
f 11244 11237 11236
f 11244 11245 11237
f 11245 11238 11237
f 11245 11246 11238
f 11246 11239 11238
f 11246 11247 11239
f 11247 11240 11239
f 11247 11248 11240
f 11248 11233 11240
f 11248 11241 11233
f 11249 11242 11241
f 11249 11250 11242
f 11250 11243 11242
f 11250 11251 11243
f 11251 11244 11243
f 11251 11252 11244
f 11252 11245 11244
f 11252 11253 11245
f 11253 11246 11245
f 11253 11254 11246
f 11254 11247 11246
f 11254 11255 11247
f 11255 11248 11247
f 11255 11256 11248
f 11256 11241 11248
f 11256 11249 11241
f 11257 11259 11260
f 11258 11292 11291
f 11257 11260 11261
f 11258 11293 11292
f 11257 11261 11262
f 11258 11294 11293
f 11257 11262 11263
f 11258 11295 11294
f 11257 11263 11264
f 11258 11296 11295
f 11257 11264 11265
f 11258 11297 11296
f 11257 11265 11266
f 11258 11298 11297
f 11257 11266 11259
f 11258 11291 11298
f 11267 11260 11259
f 11267 11268 11260
f 11268 11261 11260
f 11268 11269 11261
f 11269 11262 11261
f 11269 11270 11262
f 11270 11263 11262
f 11270 11271 11263
f 11271 11264 11263
f 11271 11272 11264
f 11272 11265 11264
f 11272 11273 11265
f 11273 11266 11265
f 11273 11274 11266
f 11274 11259 11266
f 11274 11267 11259
f 11275 11268 11267
f 11275 11276 11268
f 11276 11269 11268
f 11276 11277 11269
f 11277 11270 11269
f 11277 11278 11270
f 11278 11271 11270
f 11278 11279 11271
f 11279 11272 11271
f 11279 11280 11272
f 11280 11273 11272
f 11280 11281 11273
f 11281 11274 11273
f 11281 11282 11274
f 11282 11267 11274
f 11282 11275 11267
f 11283 11276 11275
f 11283 11284 11276
f 11284 11277 11276
f 11284 11285 11277
f 11285 11278 11277
f 11285 11286 11278
f 11286 11279 11278
f 11286 11287 11279
f 11287 11280 11279
f 11287 11288 11280
f 11288 11281 11280
f 11288 11289 11281
f 11289 11282 11281
f 11289 11290 11282
f 11290 11275 11282
f 11290 11283 11275
f 11291 11284 11283
f 11291 11292 11284
f 11292 11285 11284
f 11292 11293 11285
f 11293 11286 11285
f 11293 11294 11286
f 11294 11287 11286
f 11294 11295 11287
f 11295 11288 11287
f 11295 11296 11288
f 11296 11289 11288
f 11296 11297 11289
f 11297 11290 11289
f 11297 11298 11290
f 11298 11283 11290
f 11298 11291 11283
f 11299 11301 11302
f 11300 11334 11333
f 11299 11302 11303
f 11300 11335 11334
f 11299 11303 11304
f 11300 11336 11335
f 11299 11304 11305
f 11300 11337 11336
f 11299 11305 11306
f 11300 11338 11337
f 11299 11306 11307
f 11300 11339 11338
f 11299 11307 11308
f 11300 11340 11339
f 11299 11308 11301
f 11300 11333 11340
f 11309 11302 11301
f 11309 11310 11302
f 11310 11303 11302
f 11310 11311 11303
f 11311 11304 11303
f 11311 11312 11304
f 11312 11305 11304
f 11312 11313 11305
f 11313 11306 11305
f 11313 11314 11306
f 11314 11307 11306
f 11314 11315 11307
f 11315 11308 11307
f 11315 11316 11308
f 11316 11301 11308
f 11316 11309 11301
f 11317 11310 11309
f 11317 11318 11310
f 11318 11311 11310
f 11318 11319 11311
f 11319 11312 11311
f 11319 11320 11312
f 11320 11313 11312
f 11320 11321 11313
f 11321 11314 11313
f 11321 11322 11314
f 11322 11315 11314
f 11322 11323 11315
f 11323 11316 11315
f 11323 11324 11316
f 11324 11309 11316
f 11324 11317 11309
f 11325 11318 11317
f 11325 11326 11318
f 11326 11319 11318
f 11326 11327 11319
f 11327 11320 11319
f 11327 11328 11320
f 11328 11321 11320
f 11328 11329 11321
f 11329 11322 11321
f 11329 11330 11322
f 11330 11323 11322
f 11330 11331 11323
f 11331 11324 11323
f 11331 11332 11324
f 11332 11317 11324
f 11332 11325 11317
f 11333 11326 11325
f 11333 11334 11326
f 11334 11327 11326
f 11334 11335 11327
f 11335 11328 11327
f 11335 11336 11328
f 11336 11329 11328
f 11336 11337 11329
f 11337 11330 11329
f 11337 11338 11330
f 11338 11331 11330
f 11338 11339 11331
f 11339 11332 11331
f 11339 11340 11332
f 11340 11325 11332
f 11340 11333 11325
f 11341 11343 11344
f 11342 11376 11375
f 11341 11344 11345
f 11342 11377 11376
f 11341 11345 11346
f 11342 11378 11377
f 11341 11346 11347
f 11342 11379 11378
f 11341 11347 11348
f 11342 11380 11379
f 11341 11348 11349
f 11342 11381 11380
f 11341 11349 11350
f 11342 11382 11381
f 11341 11350 11343
f 11342 11375 11382
f 11351 11344 11343
f 11351 11352 11344
f 11352 11345 11344
f 11352 11353 11345
f 11353 11346 11345
f 11353 11354 11346
f 11354 11347 11346
f 11354 11355 11347
f 11355 11348 11347
f 11355 11356 11348
f 11356 11349 11348
f 11356 11357 11349
f 11357 11350 11349
f 11357 11358 11350
f 11358 11343 11350
f 11358 11351 11343
f 11359 11352 11351
f 11359 11360 11352
f 11360 11353 11352
f 11360 11361 11353
f 11361 11354 11353
f 11361 11362 11354
f 11362 11355 11354
f 11362 11363 11355
f 11363 11356 11355
f 11363 11364 11356
f 11364 11357 11356
f 11364 11365 11357
f 11365 11358 11357
f 11365 11366 11358
f 11366 11351 11358
f 11366 11359 11351
f 11367 11360 11359
f 11367 11368 11360
f 11368 11361 11360
f 11368 11369 11361
f 11369 11362 11361
f 11369 11370 11362
f 11370 11363 11362
f 11370 11371 11363
f 11371 11364 11363
f 11371 11372 11364
f 11372 11365 11364
f 11372 11373 11365
f 11373 11366 11365
f 11373 11374 11366
f 11374 11359 11366
f 11374 11367 11359
f 11375 11368 11367
f 11375 11376 11368
f 11376 11369 11368
f 11376 11377 11369
f 11377 11370 11369
f 11377 11378 11370
f 11378 11371 11370
f 11378 11379 11371
f 11379 11372 11371
f 11379 11380 11372
f 11380 11373 11372
f 11380 11381 11373
f 11381 11374 11373
f 11381 11382 11374
f 11382 11367 11374
f 11382 11375 11367
f 11383 11385 11386
f 11384 11418 11417
f 11383 11386 11387
f 11384 11419 11418
f 11383 11387 11388
f 11384 11420 11419
f 11383 11388 11389
f 11384 11421 11420
f 11383 11389 11390
f 11384 11422 11421
f 11383 11390 11391
f 11384 11423 11422
f 11383 11391 11392
f 11384 11424 11423
f 11383 11392 11385
f 11384 11417 11424
f 11393 11386 11385
f 11393 11394 11386
f 11394 11387 11386
f 11394 11395 11387
f 11395 11388 11387
f 11395 11396 11388
f 11396 11389 11388
f 11396 11397 11389
f 11397 11390 11389
f 11397 11398 11390
f 11398 11391 11390
f 11398 11399 11391
f 11399 11392 11391
f 11399 11400 11392
f 11400 11385 11392
f 11400 11393 11385
f 11401 11394 11393
f 11401 11402 11394
f 11402 11395 11394
f 11402 11403 11395
f 11403 11396 11395
f 11403 11404 11396
f 11404 11397 11396
f 11404 11405 11397
f 11405 11398 11397
f 11405 11406 11398
f 11406 11399 11398
f 11406 11407 11399
f 11407 11400 11399
f 11407 11408 11400
f 11408 11393 11400
f 11408 11401 11393
f 11409 11402 11401
f 11409 11410 11402
f 11410 11403 11402
f 11410 11411 11403
f 11411 11404 11403
f 11411 11412 11404
f 11412 11405 11404
f 11412 11413 11405
f 11413 11406 11405
f 11413 11414 11406
f 11414 11407 11406
f 11414 11415 11407
f 11415 11408 11407
f 11415 11416 11408
f 11416 11401 11408
f 11416 11409 11401
f 11417 11410 11409
f 11417 11418 11410
f 11418 11411 11410
f 11418 11419 11411
f 11419 11412 11411
f 11419 11420 11412
f 11420 11413 11412
f 11420 11421 11413
f 11421 11414 11413
f 11421 11422 11414
f 11422 11415 11414
f 11422 11423 11415
f 11423 11416 11415
f 11423 11424 11416
f 11424 11409 11416
f 11424 11417 11409
f 11425 11427 11428
f 11426 11460 11459
f 11425 11428 11429
f 11426 11461 11460
f 11425 11429 11430
f 11426 11462 11461
f 11425 11430 11431
f 11426 11463 11462
f 11425 11431 11432
f 11426 11464 11463
f 11425 11432 11433
f 11426 11465 11464
f 11425 11433 11434
f 11426 11466 11465
f 11425 11434 11427
f 11426 11459 11466
f 11435 11428 11427
f 11435 11436 11428
f 11436 11429 11428
f 11436 11437 11429
f 11437 11430 11429
f 11437 11438 11430
f 11438 11431 11430
f 11438 11439 11431
f 11439 11432 11431
f 11439 11440 11432
f 11440 11433 11432
f 11440 11441 11433
f 11441 11434 11433
f 11441 11442 11434
f 11442 11427 11434
f 11442 11435 11427
f 11443 11436 11435
f 11443 11444 11436
f 11444 11437 11436
f 11444 11445 11437
f 11445 11438 11437
f 11445 11446 11438
f 11446 11439 11438
f 11446 11447 11439
f 11447 11440 11439
f 11447 11448 11440
f 11448 11441 11440
f 11448 11449 11441
f 11449 11442 11441
f 11449 11450 11442
f 11450 11435 11442
f 11450 11443 11435
f 11451 11444 11443
f 11451 11452 11444
f 11452 11445 11444
f 11452 11453 11445
f 11453 11446 11445
f 11453 11454 11446
f 11454 11447 11446
f 11454 11455 11447
f 11455 11448 11447
f 11455 11456 11448
f 11456 11449 11448
f 11456 11457 11449
f 11457 11450 11449
f 11457 11458 11450
f 11458 11443 11450
f 11458 11451 11443
f 11459 11452 11451
f 11459 11460 11452
f 11460 11453 11452
f 11460 11461 11453
f 11461 11454 11453
f 11461 11462 11454
f 11462 11455 11454
f 11462 11463 11455
f 11463 11456 11455
f 11463 11464 11456
f 11464 11457 11456
f 11464 11465 11457
f 11465 11458 11457
f 11465 11466 11458
f 11466 11451 11458
f 11466 11459 11451
f 11467 11469 11470
f 11468 11502 11501
f 11467 11470 11471
f 11468 11503 11502
f 11467 11471 11472
f 11468 11504 11503
f 11467 11472 11473
f 11468 11505 11504
f 11467 11473 11474
f 11468 11506 11505
f 11467 11474 11475
f 11468 11507 11506
f 11467 11475 11476
f 11468 11508 11507
f 11467 11476 11469
f 11468 11501 11508
f 11477 11470 11469
f 11477 11478 11470
f 11478 11471 11470
f 11478 11479 11471
f 11479 11472 11471
f 11479 11480 11472
f 11480 11473 11472
f 11480 11481 11473
f 11481 11474 11473
f 11481 11482 11474
f 11482 11475 11474
f 11482 11483 11475
f 11483 11476 11475
f 11483 11484 11476
f 11484 11469 11476
f 11484 11477 11469
f 11485 11478 11477
f 11485 11486 11478
f 11486 11479 11478
f 11486 11487 11479
f 11487 11480 11479
f 11487 11488 11480
f 11488 11481 11480
f 11488 11489 11481
f 11489 11482 11481
f 11489 11490 11482
f 11490 11483 11482
f 11490 11491 11483
f 11491 11484 11483
f 11491 11492 11484
f 11492 11477 11484
f 11492 11485 11477
f 11493 11486 11485
f 11493 11494 11486
f 11494 11487 11486
f 11494 11495 11487
f 11495 11488 11487
f 11495 11496 11488
f 11496 11489 11488
f 11496 11497 11489
f 11497 11490 11489
f 11497 11498 11490
f 11498 11491 11490
f 11498 11499 11491
f 11499 11492 11491
f 11499 11500 11492
f 11500 11485 11492
f 11500 11493 11485
f 11501 11494 11493
f 11501 11502 11494
f 11502 11495 11494
f 11502 11503 11495
f 11503 11496 11495
f 11503 11504 11496
f 11504 11497 11496
f 11504 11505 11497
f 11505 11498 11497
f 11505 11506 11498
f 11506 11499 11498
f 11506 11507 11499
f 11507 11500 11499
f 11507 11508 11500
f 11508 11493 11500
f 11508 11501 11493
f 11509 11511 11512
f 11510 11544 11543
f 11509 11512 11513
f 11510 11545 11544
f 11509 11513 11514
f 11510 11546 11545
f 11509 11514 11515
f 11510 11547 11546
f 11509 11515 11516
f 11510 11548 11547
f 11509 11516 11517
f 11510 11549 11548
f 11509 11517 11518
f 11510 11550 11549
f 11509 11518 11511
f 11510 11543 11550
f 11519 11512 11511
f 11519 11520 11512
f 11520 11513 11512
f 11520 11521 11513
f 11521 11514 11513
f 11521 11522 11514
f 11522 11515 11514
f 11522 11523 11515
f 11523 11516 11515
f 11523 11524 11516
f 11524 11517 11516
f 11524 11525 11517
f 11525 11518 11517
f 11525 11526 11518
f 11526 11511 11518
f 11526 11519 11511
f 11527 11520 11519
f 11527 11528 11520
f 11528 11521 11520
f 11528 11529 11521
f 11529 11522 11521
f 11529 11530 11522
f 11530 11523 11522
f 11530 11531 11523
f 11531 11524 11523
f 11531 11532 11524
f 11532 11525 11524
f 11532 11533 11525
f 11533 11526 11525
f 11533 11534 11526
f 11534 11519 11526
f 11534 11527 11519
f 11535 11528 11527
f 11535 11536 11528
f 11536 11529 11528
f 11536 11537 11529
f 11537 11530 11529
f 11537 11538 11530
f 11538 11531 11530
f 11538 11539 11531
f 11539 11532 11531
f 11539 11540 11532
f 11540 11533 11532
f 11540 11541 11533
f 11541 11534 11533
f 11541 11542 11534
f 11542 11527 11534
f 11542 11535 11527
f 11543 11536 11535
f 11543 11544 11536
f 11544 11537 11536
f 11544 11545 11537
f 11545 11538 11537
f 11545 11546 11538
f 11546 11539 11538
f 11546 11547 11539
f 11547 11540 11539
f 11547 11548 11540
f 11548 11541 11540
f 11548 11549 11541
f 11549 11542 11541
f 11549 11550 11542
f 11550 11535 11542
f 11550 11543 11535
f 11551 11553 11554
f 11552 11586 11585
f 11551 11554 11555
f 11552 11587 11586
f 11551 11555 11556
f 11552 11588 11587
f 11551 11556 11557
f 11552 11589 11588
f 11551 11557 11558
f 11552 11590 11589
f 11551 11558 11559
f 11552 11591 11590
f 11551 11559 11560
f 11552 11592 11591
f 11551 11560 11553
f 11552 11585 11592
f 11561 11554 11553
f 11561 11562 11554
f 11562 11555 11554
f 11562 11563 11555
f 11563 11556 11555
f 11563 11564 11556
f 11564 11557 11556
f 11564 11565 11557
f 11565 11558 11557
f 11565 11566 11558
f 11566 11559 11558
f 11566 11567 11559
f 11567 11560 11559
f 11567 11568 11560
f 11568 11553 11560
f 11568 11561 11553
f 11569 11562 11561
f 11569 11570 11562
f 11570 11563 11562
f 11570 11571 11563
f 11571 11564 11563
f 11571 11572 11564
f 11572 11565 11564
f 11572 11573 11565
f 11573 11566 11565
f 11573 11574 11566
f 11574 11567 11566
f 11574 11575 11567
f 11575 11568 11567
f 11575 11576 11568
f 11576 11561 11568
f 11576 11569 11561
f 11577 11570 11569
f 11577 11578 11570
f 11578 11571 11570
f 11578 11579 11571
f 11579 11572 11571
f 11579 11580 11572
f 11580 11573 11572
f 11580 11581 11573
f 11581 11574 11573
f 11581 11582 11574
f 11582 11575 11574
f 11582 11583 11575
f 11583 11576 11575
f 11583 11584 11576
f 11584 11569 11576
f 11584 11577 11569
f 11585 11578 11577
f 11585 11586 11578
f 11586 11579 11578
f 11586 11587 11579
f 11587 11580 11579
f 11587 11588 11580
f 11588 11581 11580
f 11588 11589 11581
f 11589 11582 11581
f 11589 11590 11582
f 11590 11583 11582
f 11590 11591 11583
f 11591 11584 11583
f 11591 11592 11584
f 11592 11577 11584
f 11592 11585 11577
f 11593 11595 11596
f 11594 11628 11627
f 11593 11596 11597
f 11594 11629 11628
f 11593 11597 11598
f 11594 11630 11629
f 11593 11598 11599
f 11594 11631 11630
f 11593 11599 11600
f 11594 11632 11631
f 11593 11600 11601
f 11594 11633 11632
f 11593 11601 11602
f 11594 11634 11633
f 11593 11602 11595
f 11594 11627 11634
f 11603 11596 11595
f 11603 11604 11596
f 11604 11597 11596
f 11604 11605 11597
f 11605 11598 11597
f 11605 11606 11598
f 11606 11599 11598
f 11606 11607 11599
f 11607 11600 11599
f 11607 11608 11600
f 11608 11601 11600
f 11608 11609 11601
f 11609 11602 11601
f 11609 11610 11602
f 11610 11595 11602
f 11610 11603 11595
f 11611 11604 11603
f 11611 11612 11604
f 11612 11605 11604
f 11612 11613 11605
f 11613 11606 11605
f 11613 11614 11606
f 11614 11607 11606
f 11614 11615 11607
f 11615 11608 11607
f 11615 11616 11608
f 11616 11609 11608
f 11616 11617 11609
f 11617 11610 11609
f 11617 11618 11610
f 11618 11603 11610
f 11618 11611 11603
f 11619 11612 11611
f 11619 11620 11612
f 11620 11613 11612
f 11620 11621 11613
f 11621 11614 11613
f 11621 11622 11614
f 11622 11615 11614
f 11622 11623 11615
f 11623 11616 11615
f 11623 11624 11616
f 11624 11617 11616
f 11624 11625 11617
f 11625 11618 11617
f 11625 11626 11618
f 11626 11611 11618
f 11626 11619 11611
f 11627 11620 11619
f 11627 11628 11620
f 11628 11621 11620
f 11628 11629 11621
f 11629 11622 11621
f 11629 11630 11622
f 11630 11623 11622
f 11630 11631 11623
f 11631 11624 11623
f 11631 11632 11624
f 11632 11625 11624
f 11632 11633 11625
f 11633 11626 11625
f 11633 11634 11626
f 11634 11619 11626
f 11634 11627 11619
f 11635 11637 11638
f 11636 11670 11669
f 11635 11638 11639
f 11636 11671 11670
f 11635 11639 11640
f 11636 11672 11671
f 11635 11640 11641
f 11636 11673 11672
f 11635 11641 11642
f 11636 11674 11673
f 11635 11642 11643
f 11636 11675 11674
f 11635 11643 11644
f 11636 11676 11675
f 11635 11644 11637
f 11636 11669 11676
f 11645 11638 11637
f 11645 11646 11638
f 11646 11639 11638
f 11646 11647 11639
f 11647 11640 11639
f 11647 11648 11640
f 11648 11641 11640
f 11648 11649 11641
f 11649 11642 11641
f 11649 11650 11642
f 11650 11643 11642
f 11650 11651 11643
f 11651 11644 11643
f 11651 11652 11644
f 11652 11637 11644
f 11652 11645 11637
f 11653 11646 11645
f 11653 11654 11646
f 11654 11647 11646
f 11654 11655 11647
f 11655 11648 11647
f 11655 11656 11648
f 11656 11649 11648
f 11656 11657 11649
f 11657 11650 11649
f 11657 11658 11650
f 11658 11651 11650
f 11658 11659 11651
f 11659 11652 11651
f 11659 11660 11652
f 11660 11645 11652
f 11660 11653 11645
f 11661 11654 11653
f 11661 11662 11654
f 11662 11655 11654
f 11662 11663 11655
f 11663 11656 11655
f 11663 11664 11656
f 11664 11657 11656
f 11664 11665 11657
f 11665 11658 11657
f 11665 11666 11658
f 11666 11659 11658
f 11666 11667 11659
f 11667 11660 11659
f 11667 11668 11660
f 11668 11653 11660
f 11668 11661 11653
f 11669 11662 11661
f 11669 11670 11662
f 11670 11663 11662
f 11670 11671 11663
f 11671 11664 11663
f 11671 11672 11664
f 11672 11665 11664
f 11672 11673 11665
f 11673 11666 11665
f 11673 11674 11666
f 11674 11667 11666
f 11674 11675 11667
f 11675 11668 11667
f 11675 11676 11668
f 11676 11661 11668
f 11676 11669 11661
f 11677 11679 11680
f 11678 11712 11711
f 11677 11680 11681
f 11678 11713 11712
f 11677 11681 11682
f 11678 11714 11713
f 11677 11682 11683
f 11678 11715 11714
f 11677 11683 11684
f 11678 11716 11715
f 11677 11684 11685
f 11678 11717 11716
f 11677 11685 11686
f 11678 11718 11717
f 11677 11686 11679
f 11678 11711 11718
f 11687 11680 11679
f 11687 11688 11680
f 11688 11681 11680
f 11688 11689 11681
f 11689 11682 11681
f 11689 11690 11682
f 11690 11683 11682
f 11690 11691 11683
f 11691 11684 11683
f 11691 11692 11684
f 11692 11685 11684
f 11692 11693 11685
f 11693 11686 11685
f 11693 11694 11686
f 11694 11679 11686
f 11694 11687 11679
f 11695 11688 11687
f 11695 11696 11688
f 11696 11689 11688
f 11696 11697 11689
f 11697 11690 11689
f 11697 11698 11690
f 11698 11691 11690
f 11698 11699 11691
f 11699 11692 11691
f 11699 11700 11692
f 11700 11693 11692
f 11700 11701 11693
f 11701 11694 11693
f 11701 11702 11694
f 11702 11687 11694
f 11702 11695 11687
f 11703 11696 11695
f 11703 11704 11696
f 11704 11697 11696
f 11704 11705 11697
f 11705 11698 11697
f 11705 11706 11698
f 11706 11699 11698
f 11706 11707 11699
f 11707 11700 11699
f 11707 11708 11700
f 11708 11701 11700
f 11708 11709 11701
f 11709 11702 11701
f 11709 11710 11702
f 11710 11695 11702
f 11710 11703 11695
f 11711 11704 11703
f 11711 11712 11704
f 11712 11705 11704
f 11712 11713 11705
f 11713 11706 11705
f 11713 11714 11706
f 11714 11707 11706
f 11714 11715 11707
f 11715 11708 11707
f 11715 11716 11708
f 11716 11709 11708
f 11716 11717 11709
f 11717 11710 11709
f 11717 11718 11710
f 11718 11703 11710
f 11718 11711 11703
f 11719 11721 11722
f 11720 11754 11753
f 11719 11722 11723
f 11720 11755 11754
f 11719 11723 11724
f 11720 11756 11755
f 11719 11724 11725
f 11720 11757 11756
f 11719 11725 11726
f 11720 11758 11757
f 11719 11726 11727
f 11720 11759 11758
f 11719 11727 11728
f 11720 11760 11759
f 11719 11728 11721
f 11720 11753 11760
f 11729 11722 11721
f 11729 11730 11722
f 11730 11723 11722
f 11730 11731 11723
f 11731 11724 11723
f 11731 11732 11724
f 11732 11725 11724
f 11732 11733 11725
f 11733 11726 11725
f 11733 11734 11726
f 11734 11727 11726
f 11734 11735 11727
f 11735 11728 11727
f 11735 11736 11728
f 11736 11721 11728
f 11736 11729 11721
f 11737 11730 11729
f 11737 11738 11730
f 11738 11731 11730
f 11738 11739 11731
f 11739 11732 11731
f 11739 11740 11732
f 11740 11733 11732
f 11740 11741 11733
f 11741 11734 11733
f 11741 11742 11734
f 11742 11735 11734
f 11742 11743 11735
f 11743 11736 11735
f 11743 11744 11736
f 11744 11729 11736
f 11744 11737 11729
f 11745 11738 11737
f 11745 11746 11738
f 11746 11739 11738
f 11746 11747 11739
f 11747 11740 11739
f 11747 11748 11740
f 11748 11741 11740
f 11748 11749 11741
f 11749 11742 11741
f 11749 11750 11742
f 11750 11743 11742
f 11750 11751 11743
f 11751 11744 11743
f 11751 11752 11744
f 11752 11737 11744
f 11752 11745 11737
f 11753 11746 11745
f 11753 11754 11746
f 11754 11747 11746
f 11754 11755 11747
f 11755 11748 11747
f 11755 11756 11748
f 11756 11749 11748
f 11756 11757 11749
f 11757 11750 11749
f 11757 11758 11750
f 11758 11751 11750
f 11758 11759 11751
f 11759 11752 11751
f 11759 11760 11752
f 11760 11745 11752
f 11760 11753 11745
f 11761 11763 11764
f 11762 11796 11795
f 11761 11764 11765
f 11762 11797 11796
f 11761 11765 11766
f 11762 11798 11797
f 11761 11766 11767
f 11762 11799 11798
f 11761 11767 11768
f 11762 11800 11799
f 11761 11768 11769
f 11762 11801 11800
f 11761 11769 11770
f 11762 11802 11801
f 11761 11770 11763
f 11762 11795 11802
f 11771 11764 11763
f 11771 11772 11764
f 11772 11765 11764
f 11772 11773 11765
f 11773 11766 11765
f 11773 11774 11766
f 11774 11767 11766
f 11774 11775 11767
f 11775 11768 11767
f 11775 11776 11768
f 11776 11769 11768
f 11776 11777 11769
f 11777 11770 11769
f 11777 11778 11770
f 11778 11763 11770
f 11778 11771 11763
f 11779 11772 11771
f 11779 11780 11772
f 11780 11773 11772
f 11780 11781 11773
f 11781 11774 11773
f 11781 11782 11774
f 11782 11775 11774
f 11782 11783 11775
f 11783 11776 11775
f 11783 11784 11776
f 11784 11777 11776
f 11784 11785 11777
f 11785 11778 11777
f 11785 11786 11778
f 11786 11771 11778
f 11786 11779 11771
f 11787 11780 11779
f 11787 11788 11780
f 11788 11781 11780
f 11788 11789 11781
f 11789 11782 11781
f 11789 11790 11782
f 11790 11783 11782
f 11790 11791 11783
f 11791 11784 11783
f 11791 11792 11784
f 11792 11785 11784
f 11792 11793 11785
f 11793 11786 11785
f 11793 11794 11786
f 11794 11779 11786
f 11794 11787 11779
f 11795 11788 11787
f 11795 11796 11788
f 11796 11789 11788
f 11796 11797 11789
f 11797 11790 11789
f 11797 11798 11790
f 11798 11791 11790
f 11798 11799 11791
f 11799 11792 11791
f 11799 11800 11792
f 11800 11793 11792
f 11800 11801 11793
f 11801 11794 11793
f 11801 11802 11794
f 11802 11787 11794
f 11802 11795 11787
f 11803 11805 11806
f 11804 11838 11837
f 11803 11806 11807
f 11804 11839 11838
f 11803 11807 11808
f 11804 11840 11839
f 11803 11808 11809
f 11804 11841 11840
f 11803 11809 11810
f 11804 11842 11841
f 11803 11810 11811
f 11804 11843 11842
f 11803 11811 11812
f 11804 11844 11843
f 11803 11812 11805
f 11804 11837 11844
f 11813 11806 11805
f 11813 11814 11806
f 11814 11807 11806
f 11814 11815 11807
f 11815 11808 11807
f 11815 11816 11808
f 11816 11809 11808
f 11816 11817 11809
f 11817 11810 11809
f 11817 11818 11810
f 11818 11811 11810
f 11818 11819 11811
f 11819 11812 11811
f 11819 11820 11812
f 11820 11805 11812
f 11820 11813 11805
f 11821 11814 11813
f 11821 11822 11814
f 11822 11815 11814
f 11822 11823 11815
f 11823 11816 11815
f 11823 11824 11816
f 11824 11817 11816
f 11824 11825 11817
f 11825 11818 11817
f 11825 11826 11818
f 11826 11819 11818
f 11826 11827 11819
f 11827 11820 11819
f 11827 11828 11820
f 11828 11813 11820
f 11828 11821 11813
f 11829 11822 11821
f 11829 11830 11822
f 11830 11823 11822
f 11830 11831 11823
f 11831 11824 11823
f 11831 11832 11824
f 11832 11825 11824
f 11832 11833 11825
f 11833 11826 11825
f 11833 11834 11826
f 11834 11827 11826
f 11834 11835 11827
f 11835 11828 11827
f 11835 11836 11828
f 11836 11821 11828
f 11836 11829 11821
f 11837 11830 11829
f 11837 11838 11830
f 11838 11831 11830
f 11838 11839 11831
f 11839 11832 11831
f 11839 11840 11832
f 11840 11833 11832
f 11840 11841 11833
f 11841 11834 11833
f 11841 11842 11834
f 11842 11835 11834
f 11842 11843 11835
f 11843 11836 11835
f 11843 11844 11836
f 11844 11829 11836
f 11844 11837 11829
f 11845 11847 11848
f 11846 11880 11879
f 11845 11848 11849
f 11846 11881 11880
f 11845 11849 11850
f 11846 11882 11881
f 11845 11850 11851
f 11846 11883 11882
f 11845 11851 11852
f 11846 11884 11883
f 11845 11852 11853
f 11846 11885 11884
f 11845 11853 11854
f 11846 11886 11885
f 11845 11854 11847
f 11846 11879 11886
f 11855 11848 11847
f 11855 11856 11848
f 11856 11849 11848
f 11856 11857 11849
f 11857 11850 11849
f 11857 11858 11850
f 11858 11851 11850
f 11858 11859 11851
f 11859 11852 11851
f 11859 11860 11852
f 11860 11853 11852
f 11860 11861 11853
f 11861 11854 11853
f 11861 11862 11854
f 11862 11847 11854
f 11862 11855 11847
f 11863 11856 11855
f 11863 11864 11856
f 11864 11857 11856
f 11864 11865 11857
f 11865 11858 11857
f 11865 11866 11858
f 11866 11859 11858
f 11866 11867 11859
f 11867 11860 11859
f 11867 11868 11860
f 11868 11861 11860
f 11868 11869 11861
f 11869 11862 11861
f 11869 11870 11862
f 11870 11855 11862
f 11870 11863 11855
f 11871 11864 11863
f 11871 11872 11864
f 11872 11865 11864
f 11872 11873 11865
f 11873 11866 11865
f 11873 11874 11866
f 11874 11867 11866
f 11874 11875 11867
f 11875 11868 11867
f 11875 11876 11868
f 11876 11869 11868
f 11876 11877 11869
f 11877 11870 11869
f 11877 11878 11870
f 11878 11863 11870
f 11878 11871 11863
f 11879 11872 11871
f 11879 11880 11872
f 11880 11873 11872
f 11880 11881 11873
f 11881 11874 11873
f 11881 11882 11874
f 11882 11875 11874
f 11882 11883 11875
f 11883 11876 11875
f 11883 11884 11876
f 11884 11877 11876
f 11884 11885 11877
f 11885 11878 11877
f 11885 11886 11878
f 11886 11871 11878
f 11886 11879 11871
f 11887 11889 11890
f 11888 11922 11921
f 11887 11890 11891
f 11888 11923 11922
f 11887 11891 11892
f 11888 11924 11923
f 11887 11892 11893
f 11888 11925 11924
f 11887 11893 11894
f 11888 11926 11925
f 11887 11894 11895
f 11888 11927 11926
f 11887 11895 11896
f 11888 11928 11927
f 11887 11896 11889
f 11888 11921 11928
f 11897 11890 11889
f 11897 11898 11890
f 11898 11891 11890
f 11898 11899 11891
f 11899 11892 11891
f 11899 11900 11892
f 11900 11893 11892
f 11900 11901 11893
f 11901 11894 11893
f 11901 11902 11894
f 11902 11895 11894
f 11902 11903 11895
f 11903 11896 11895
f 11903 11904 11896
f 11904 11889 11896
f 11904 11897 11889
f 11905 11898 11897
f 11905 11906 11898
f 11906 11899 11898
f 11906 11907 11899
f 11907 11900 11899
f 11907 11908 11900
f 11908 11901 11900
f 11908 11909 11901
f 11909 11902 11901
f 11909 11910 11902
f 11910 11903 11902
f 11910 11911 11903
f 11911 11904 11903
f 11911 11912 11904
f 11912 11897 11904
f 11912 11905 11897
f 11913 11906 11905
f 11913 11914 11906
f 11914 11907 11906
f 11914 11915 11907
f 11915 11908 11907
f 11915 11916 11908
f 11916 11909 11908
f 11916 11917 11909
f 11917 11910 11909
f 11917 11918 11910
f 11918 11911 11910
f 11918 11919 11911
f 11919 11912 11911
f 11919 11920 11912
f 11920 11905 11912
f 11920 11913 11905
f 11921 11914 11913
f 11921 11922 11914
f 11922 11915 11914
f 11922 11923 11915
f 11923 11916 11915
f 11923 11924 11916
f 11924 11917 11916
f 11924 11925 11917
f 11925 11918 11917
f 11925 11926 11918
f 11926 11919 11918
f 11926 11927 11919
f 11927 11920 11919
f 11927 11928 11920
f 11928 11913 11920
f 11928 11921 11913
f 11929 11931 11932
f 11930 11964 11963
f 11929 11932 11933
f 11930 11965 11964
f 11929 11933 11934
f 11930 11966 11965
f 11929 11934 11935
f 11930 11967 11966
f 11929 11935 11936
f 11930 11968 11967
f 11929 11936 11937
f 11930 11969 11968
f 11929 11937 11938
f 11930 11970 11969
f 11929 11938 11931
f 11930 11963 11970
f 11939 11932 11931
f 11939 11940 11932
f 11940 11933 11932
f 11940 11941 11933
f 11941 11934 11933
f 11941 11942 11934
f 11942 11935 11934
f 11942 11943 11935
f 11943 11936 11935
f 11943 11944 11936
f 11944 11937 11936
f 11944 11945 11937
f 11945 11938 11937
f 11945 11946 11938
f 11946 11931 11938
f 11946 11939 11931
f 11947 11940 11939
f 11947 11948 11940
f 11948 11941 11940
f 11948 11949 11941
f 11949 11942 11941
f 11949 11950 11942
f 11950 11943 11942
f 11950 11951 11943
f 11951 11944 11943
f 11951 11952 11944
f 11952 11945 11944
f 11952 11953 11945
f 11953 11946 11945
f 11953 11954 11946
f 11954 11939 11946
f 11954 11947 11939
f 11955 11948 11947
f 11955 11956 11948
f 11956 11949 11948
f 11956 11957 11949
f 11957 11950 11949
f 11957 11958 11950
f 11958 11951 11950
f 11958 11959 11951
f 11959 11952 11951
f 11959 11960 11952
f 11960 11953 11952
f 11960 11961 11953
f 11961 11954 11953
f 11961 11962 11954
f 11962 11947 11954
f 11962 11955 11947
f 11963 11956 11955
f 11963 11964 11956
f 11964 11957 11956
f 11964 11965 11957
f 11965 11958 11957
f 11965 11966 11958
f 11966 11959 11958
f 11966 11967 11959
f 11967 11960 11959
f 11967 11968 11960
f 11968 11961 11960
f 11968 11969 11961
f 11969 11962 11961
f 11969 11970 11962
f 11970 11955 11962
f 11970 11963 11955
f 11971 11973 11974
f 11972 12006 12005
f 11971 11974 11975
f 11972 12007 12006
f 11971 11975 11976
f 11972 12008 12007
f 11971 11976 11977
f 11972 12009 12008
f 11971 11977 11978
f 11972 12010 12009
f 11971 11978 11979
f 11972 12011 12010
f 11971 11979 11980
f 11972 12012 12011
f 11971 11980 11973
f 11972 12005 12012
f 11981 11974 11973
f 11981 11982 11974
f 11982 11975 11974
f 11982 11983 11975
f 11983 11976 11975
f 11983 11984 11976
f 11984 11977 11976
f 11984 11985 11977
f 11985 11978 11977
f 11985 11986 11978
f 11986 11979 11978
f 11986 11987 11979
f 11987 11980 11979
f 11987 11988 11980
f 11988 11973 11980
f 11988 11981 11973
f 11989 11982 11981
f 11989 11990 11982
f 11990 11983 11982
f 11990 11991 11983
f 11991 11984 11983
f 11991 11992 11984
f 11992 11985 11984
f 11992 11993 11985
f 11993 11986 11985
f 11993 11994 11986
f 11994 11987 11986
f 11994 11995 11987
f 11995 11988 11987
f 11995 11996 11988
f 11996 11981 11988
f 11996 11989 11981
f 11997 11990 11989
f 11997 11998 11990
f 11998 11991 11990
f 11998 11999 11991
f 11999 11992 11991
f 11999 12000 11992
f 12000 11993 11992
f 12000 12001 11993
f 12001 11994 11993
f 12001 12002 11994
f 12002 11995 11994
f 12002 12003 11995
f 12003 11996 11995
f 12003 12004 11996
f 12004 11989 11996
f 12004 11997 11989
f 12005 11998 11997
f 12005 12006 11998
f 12006 11999 11998
f 12006 12007 11999
f 12007 12000 11999
f 12007 12008 12000
f 12008 12001 12000
f 12008 12009 12001
f 12009 12002 12001
f 12009 12010 12002
f 12010 12003 12002
f 12010 12011 12003
f 12011 12004 12003
f 12011 12012 12004
f 12012 11997 12004
f 12012 12005 11997
f 12013 12015 12016
f 12014 12048 12047
f 12013 12016 12017
f 12014 12049 12048
f 12013 12017 12018
f 12014 12050 12049
f 12013 12018 12019
f 12014 12051 12050
f 12013 12019 12020
f 12014 12052 12051
f 12013 12020 12021
f 12014 12053 12052
f 12013 12021 12022
f 12014 12054 12053
f 12013 12022 12015
f 12014 12047 12054
f 12023 12016 12015
f 12023 12024 12016
f 12024 12017 12016
f 12024 12025 12017
f 12025 12018 12017
f 12025 12026 12018
f 12026 12019 12018
f 12026 12027 12019
f 12027 12020 12019
f 12027 12028 12020
f 12028 12021 12020
f 12028 12029 12021
f 12029 12022 12021
f 12029 12030 12022
f 12030 12015 12022
f 12030 12023 12015
f 12031 12024 12023
f 12031 12032 12024
f 12032 12025 12024
f 12032 12033 12025
f 12033 12026 12025
f 12033 12034 12026
f 12034 12027 12026
f 12034 12035 12027
f 12035 12028 12027
f 12035 12036 12028
f 12036 12029 12028
f 12036 12037 12029
f 12037 12030 12029
f 12037 12038 12030
f 12038 12023 12030
f 12038 12031 12023
f 12039 12032 12031
f 12039 12040 12032
f 12040 12033 12032
f 12040 12041 12033
f 12041 12034 12033
f 12041 12042 12034
f 12042 12035 12034
f 12042 12043 12035
f 12043 12036 12035
f 12043 12044 12036
f 12044 12037 12036
f 12044 12045 12037
f 12045 12038 12037
f 12045 12046 12038
f 12046 12031 12038
f 12046 12039 12031
f 12047 12040 12039
f 12047 12048 12040
f 12048 12041 12040
f 12048 12049 12041
f 12049 12042 12041
f 12049 12050 12042
f 12050 12043 12042
f 12050 12051 12043
f 12051 12044 12043
f 12051 12052 12044
f 12052 12045 12044
f 12052 12053 12045
f 12053 12046 12045
f 12053 12054 12046
f 12054 12039 12046
f 12054 12047 12039
f 12055 12057 12058
f 12056 12090 12089
f 12055 12058 12059
f 12056 12091 12090
f 12055 12059 12060
f 12056 12092 12091
f 12055 12060 12061
f 12056 12093 12092
f 12055 12061 12062
f 12056 12094 12093
f 12055 12062 12063
f 12056 12095 12094
f 12055 12063 12064
f 12056 12096 12095
f 12055 12064 12057
f 12056 12089 12096
f 12065 12058 12057
f 12065 12066 12058
f 12066 12059 12058
f 12066 12067 12059
f 12067 12060 12059
f 12067 12068 12060
f 12068 12061 12060
f 12068 12069 12061
f 12069 12062 12061
f 12069 12070 12062
f 12070 12063 12062
f 12070 12071 12063
f 12071 12064 12063
f 12071 12072 12064
f 12072 12057 12064
f 12072 12065 12057
f 12073 12066 12065
f 12073 12074 12066
f 12074 12067 12066
f 12074 12075 12067
f 12075 12068 12067
f 12075 12076 12068
f 12076 12069 12068
f 12076 12077 12069
f 12077 12070 12069
f 12077 12078 12070
f 12078 12071 12070
f 12078 12079 12071
f 12079 12072 12071
f 12079 12080 12072
f 12080 12065 12072
f 12080 12073 12065
f 12081 12074 12073
f 12081 12082 12074
f 12082 12075 12074
f 12082 12083 12075
f 12083 12076 12075
f 12083 12084 12076
f 12084 12077 12076
f 12084 12085 12077
f 12085 12078 12077
f 12085 12086 12078
f 12086 12079 12078
f 12086 12087 12079
f 12087 12080 12079
f 12087 12088 12080
f 12088 12073 12080
f 12088 12081 12073
f 12089 12082 12081
f 12089 12090 12082
f 12090 12083 12082
f 12090 12091 12083
f 12091 12084 12083
f 12091 12092 12084
f 12092 12085 12084
f 12092 12093 12085
f 12093 12086 12085
f 12093 12094 12086
f 12094 12087 12086
f 12094 12095 12087
f 12095 12088 12087
f 12095 12096 12088
f 12096 12081 12088
f 12096 12089 12081
f 12097 12099 12100
f 12098 12132 12131
f 12097 12100 12101
f 12098 12133 12132
f 12097 12101 12102
f 12098 12134 12133
f 12097 12102 12103
f 12098 12135 12134
f 12097 12103 12104
f 12098 12136 12135
f 12097 12104 12105
f 12098 12137 12136
f 12097 12105 12106
f 12098 12138 12137
f 12097 12106 12099
f 12098 12131 12138
f 12107 12100 12099
f 12107 12108 12100
f 12108 12101 12100
f 12108 12109 12101
f 12109 12102 12101
f 12109 12110 12102
f 12110 12103 12102
f 12110 12111 12103
f 12111 12104 12103
f 12111 12112 12104
f 12112 12105 12104
f 12112 12113 12105
f 12113 12106 12105
f 12113 12114 12106
f 12114 12099 12106
f 12114 12107 12099
f 12115 12108 12107
f 12115 12116 12108
f 12116 12109 12108
f 12116 12117 12109
f 12117 12110 12109
f 12117 12118 12110
f 12118 12111 12110
f 12118 12119 12111
f 12119 12112 12111
f 12119 12120 12112
f 12120 12113 12112
f 12120 12121 12113
f 12121 12114 12113
f 12121 12122 12114
f 12122 12107 12114
f 12122 12115 12107
f 12123 12116 12115
f 12123 12124 12116
f 12124 12117 12116
f 12124 12125 12117
f 12125 12118 12117
f 12125 12126 12118
f 12126 12119 12118
f 12126 12127 12119
f 12127 12120 12119
f 12127 12128 12120
f 12128 12121 12120
f 12128 12129 12121
f 12129 12122 12121
f 12129 12130 12122
f 12130 12115 12122
f 12130 12123 12115
f 12131 12124 12123
f 12131 12132 12124
f 12132 12125 12124
f 12132 12133 12125
f 12133 12126 12125
f 12133 12134 12126
f 12134 12127 12126
f 12134 12135 12127
f 12135 12128 12127
f 12135 12136 12128
f 12136 12129 12128
f 12136 12137 12129
f 12137 12130 12129
f 12137 12138 12130
f 12138 12123 12130
f 12138 12131 12123
f 12139 12141 12142
f 12140 12174 12173
f 12139 12142 12143
f 12140 12175 12174
f 12139 12143 12144
f 12140 12176 12175
f 12139 12144 12145
f 12140 12177 12176
f 12139 12145 12146
f 12140 12178 12177
f 12139 12146 12147
f 12140 12179 12178
f 12139 12147 12148
f 12140 12180 12179
f 12139 12148 12141
f 12140 12173 12180
f 12149 12142 12141
f 12149 12150 12142
f 12150 12143 12142
f 12150 12151 12143
f 12151 12144 12143
f 12151 12152 12144
f 12152 12145 12144
f 12152 12153 12145
f 12153 12146 12145
f 12153 12154 12146
f 12154 12147 12146
f 12154 12155 12147
f 12155 12148 12147
f 12155 12156 12148
f 12156 12141 12148
f 12156 12149 12141
f 12157 12150 12149
f 12157 12158 12150
f 12158 12151 12150
f 12158 12159 12151
f 12159 12152 12151
f 12159 12160 12152
f 12160 12153 12152
f 12160 12161 12153
f 12161 12154 12153
f 12161 12162 12154
f 12162 12155 12154
f 12162 12163 12155
f 12163 12156 12155
f 12163 12164 12156
f 12164 12149 12156
f 12164 12157 12149
f 12165 12158 12157
f 12165 12166 12158
f 12166 12159 12158
f 12166 12167 12159
f 12167 12160 12159
f 12167 12168 12160
f 12168 12161 12160
f 12168 12169 12161
f 12169 12162 12161
f 12169 12170 12162
f 12170 12163 12162
f 12170 12171 12163
f 12171 12164 12163
f 12171 12172 12164
f 12172 12157 12164
f 12172 12165 12157
f 12173 12166 12165
f 12173 12174 12166
f 12174 12167 12166
f 12174 12175 12167
f 12175 12168 12167
f 12175 12176 12168
f 12176 12169 12168
f 12176 12177 12169
f 12177 12170 12169
f 12177 12178 12170
f 12178 12171 12170
f 12178 12179 12171
f 12179 12172 12171
f 12179 12180 12172
f 12180 12165 12172
f 12180 12173 12165
f 12181 12183 12184
f 12182 12216 12215
f 12181 12184 12185
f 12182 12217 12216
f 12181 12185 12186
f 12182 12218 12217
f 12181 12186 12187
f 12182 12219 12218
f 12181 12187 12188
f 12182 12220 12219
f 12181 12188 12189
f 12182 12221 12220
f 12181 12189 12190
f 12182 12222 12221
f 12181 12190 12183
f 12182 12215 12222
f 12191 12184 12183
f 12191 12192 12184
f 12192 12185 12184
f 12192 12193 12185
f 12193 12186 12185
f 12193 12194 12186
f 12194 12187 12186
f 12194 12195 12187
f 12195 12188 12187
f 12195 12196 12188
f 12196 12189 12188
f 12196 12197 12189
f 12197 12190 12189
f 12197 12198 12190
f 12198 12183 12190
f 12198 12191 12183
f 12199 12192 12191
f 12199 12200 12192
f 12200 12193 12192
f 12200 12201 12193
f 12201 12194 12193
f 12201 12202 12194
f 12202 12195 12194
f 12202 12203 12195
f 12203 12196 12195
f 12203 12204 12196
f 12204 12197 12196
f 12204 12205 12197
f 12205 12198 12197
f 12205 12206 12198
f 12206 12191 12198
f 12206 12199 12191
f 12207 12200 12199
f 12207 12208 12200
f 12208 12201 12200
f 12208 12209 12201
f 12209 12202 12201
f 12209 12210 12202
f 12210 12203 12202
f 12210 12211 12203
f 12211 12204 12203
f 12211 12212 12204
f 12212 12205 12204
f 12212 12213 12205
f 12213 12206 12205
f 12213 12214 12206
f 12214 12199 12206
f 12214 12207 12199
f 12215 12208 12207
f 12215 12216 12208
f 12216 12209 12208
f 12216 12217 12209
f 12217 12210 12209
f 12217 12218 12210
f 12218 12211 12210
f 12218 12219 12211
f 12219 12212 12211
f 12219 12220 12212
f 12220 12213 12212
f 12220 12221 12213
f 12221 12214 12213
f 12221 12222 12214
f 12222 12207 12214
f 12222 12215 12207
f 12223 12225 12226
f 12224 12258 12257
f 12223 12226 12227
f 12224 12259 12258
f 12223 12227 12228
f 12224 12260 12259
f 12223 12228 12229
f 12224 12261 12260
f 12223 12229 12230
f 12224 12262 12261
f 12223 12230 12231
f 12224 12263 12262
f 12223 12231 12232
f 12224 12264 12263
f 12223 12232 12225
f 12224 12257 12264
f 12233 12226 12225
f 12233 12234 12226
f 12234 12227 12226
f 12234 12235 12227
f 12235 12228 12227
f 12235 12236 12228
f 12236 12229 12228
f 12236 12237 12229
f 12237 12230 12229
f 12237 12238 12230
f 12238 12231 12230
f 12238 12239 12231
f 12239 12232 12231
f 12239 12240 12232
f 12240 12225 12232
f 12240 12233 12225
f 12241 12234 12233
f 12241 12242 12234
f 12242 12235 12234
f 12242 12243 12235
f 12243 12236 12235
f 12243 12244 12236
f 12244 12237 12236
f 12244 12245 12237
f 12245 12238 12237
f 12245 12246 12238
f 12246 12239 12238
f 12246 12247 12239
f 12247 12240 12239
f 12247 12248 12240
f 12248 12233 12240
f 12248 12241 12233
f 12249 12242 12241
f 12249 12250 12242
f 12250 12243 12242
f 12250 12251 12243
f 12251 12244 12243
f 12251 12252 12244
f 12252 12245 12244
f 12252 12253 12245
f 12253 12246 12245
f 12253 12254 12246
f 12254 12247 12246
f 12254 12255 12247
f 12255 12248 12247
f 12255 12256 12248
f 12256 12241 12248
f 12256 12249 12241
f 12257 12250 12249
f 12257 12258 12250
f 12258 12251 12250
f 12258 12259 12251
f 12259 12252 12251
f 12259 12260 12252
f 12260 12253 12252
f 12260 12261 12253
f 12261 12254 12253
f 12261 12262 12254
f 12262 12255 12254
f 12262 12263 12255
f 12263 12256 12255
f 12263 12264 12256
f 12264 12249 12256
f 12264 12257 12249
f 12265 12267 12268
f 12266 12300 12299
f 12265 12268 12269
f 12266 12301 12300
f 12265 12269 12270
f 12266 12302 12301
f 12265 12270 12271
f 12266 12303 12302
f 12265 12271 12272
f 12266 12304 12303
f 12265 12272 12273
f 12266 12305 12304
f 12265 12273 12274
f 12266 12306 12305
f 12265 12274 12267
f 12266 12299 12306
f 12275 12268 12267
f 12275 12276 12268
f 12276 12269 12268
f 12276 12277 12269
f 12277 12270 12269
f 12277 12278 12270
f 12278 12271 12270
f 12278 12279 12271
f 12279 12272 12271
f 12279 12280 12272
f 12280 12273 12272
f 12280 12281 12273
f 12281 12274 12273
f 12281 12282 12274
f 12282 12267 12274
f 12282 12275 12267
f 12283 12276 12275
f 12283 12284 12276
f 12284 12277 12276
f 12284 12285 12277
f 12285 12278 12277
f 12285 12286 12278
f 12286 12279 12278
f 12286 12287 12279
f 12287 12280 12279
f 12287 12288 12280
f 12288 12281 12280
f 12288 12289 12281
f 12289 12282 12281
f 12289 12290 12282
f 12290 12275 12282
f 12290 12283 12275
f 12291 12284 12283
f 12291 12292 12284
f 12292 12285 12284
f 12292 12293 12285
f 12293 12286 12285
f 12293 12294 12286
f 12294 12287 12286
f 12294 12295 12287
f 12295 12288 12287
f 12295 12296 12288
f 12296 12289 12288
f 12296 12297 12289
f 12297 12290 12289
f 12297 12298 12290
f 12298 12283 12290
f 12298 12291 12283
f 12299 12292 12291
f 12299 12300 12292
f 12300 12293 12292
f 12300 12301 12293
f 12301 12294 12293
f 12301 12302 12294
f 12302 12295 12294
f 12302 12303 12295
f 12303 12296 12295
f 12303 12304 12296
f 12304 12297 12296
f 12304 12305 12297
f 12305 12298 12297
f 12305 12306 12298
f 12306 12291 12298
f 12306 12299 12291
f 12307 12309 12310
f 12308 12342 12341
f 12307 12310 12311
f 12308 12343 12342
f 12307 12311 12312
f 12308 12344 12343
f 12307 12312 12313
f 12308 12345 12344
f 12307 12313 12314
f 12308 12346 12345
f 12307 12314 12315
f 12308 12347 12346
f 12307 12315 12316
f 12308 12348 12347
f 12307 12316 12309
f 12308 12341 12348
f 12317 12310 12309
f 12317 12318 12310
f 12318 12311 12310
f 12318 12319 12311
f 12319 12312 12311
f 12319 12320 12312
f 12320 12313 12312
f 12320 12321 12313
f 12321 12314 12313
f 12321 12322 12314
f 12322 12315 12314
f 12322 12323 12315
f 12323 12316 12315
f 12323 12324 12316
f 12324 12309 12316
f 12324 12317 12309
f 12325 12318 12317
f 12325 12326 12318
f 12326 12319 12318
f 12326 12327 12319
f 12327 12320 12319
f 12327 12328 12320
f 12328 12321 12320
f 12328 12329 12321
f 12329 12322 12321
f 12329 12330 12322
f 12330 12323 12322
f 12330 12331 12323
f 12331 12324 12323
f 12331 12332 12324
f 12332 12317 12324
f 12332 12325 12317
f 12333 12326 12325
f 12333 12334 12326
f 12334 12327 12326
f 12334 12335 12327
f 12335 12328 12327
f 12335 12336 12328
f 12336 12329 12328
f 12336 12337 12329
f 12337 12330 12329
f 12337 12338 12330
f 12338 12331 12330
f 12338 12339 12331
f 12339 12332 12331
f 12339 12340 12332
f 12340 12325 12332
f 12340 12333 12325
f 12341 12334 12333
f 12341 12342 12334
f 12342 12335 12334
f 12342 12343 12335
f 12343 12336 12335
f 12343 12344 12336
f 12344 12337 12336
f 12344 12345 12337
f 12345 12338 12337
f 12345 12346 12338
f 12346 12339 12338
f 12346 12347 12339
f 12347 12340 12339
f 12347 12348 12340
f 12348 12333 12340
f 12348 12341 12333
f 12349 12351 12352
f 12350 12384 12383
f 12349 12352 12353
f 12350 12385 12384
f 12349 12353 12354
f 12350 12386 12385
f 12349 12354 12355
f 12350 12387 12386
f 12349 12355 12356
f 12350 12388 12387
f 12349 12356 12357
f 12350 12389 12388
f 12349 12357 12358
f 12350 12390 12389
f 12349 12358 12351
f 12350 12383 12390
f 12359 12352 12351
f 12359 12360 12352
f 12360 12353 12352
f 12360 12361 12353
f 12361 12354 12353
f 12361 12362 12354
f 12362 12355 12354
f 12362 12363 12355
f 12363 12356 12355
f 12363 12364 12356
f 12364 12357 12356
f 12364 12365 12357
f 12365 12358 12357
f 12365 12366 12358
f 12366 12351 12358
f 12366 12359 12351
f 12367 12360 12359
f 12367 12368 12360
f 12368 12361 12360
f 12368 12369 12361
f 12369 12362 12361
f 12369 12370 12362
f 12370 12363 12362
f 12370 12371 12363
f 12371 12364 12363
f 12371 12372 12364
f 12372 12365 12364
f 12372 12373 12365
f 12373 12366 12365
f 12373 12374 12366
f 12374 12359 12366
f 12374 12367 12359
f 12375 12368 12367
f 12375 12376 12368
f 12376 12369 12368
f 12376 12377 12369
f 12377 12370 12369
f 12377 12378 12370
f 12378 12371 12370
f 12378 12379 12371
f 12379 12372 12371
f 12379 12380 12372
f 12380 12373 12372
f 12380 12381 12373
f 12381 12374 12373
f 12381 12382 12374
f 12382 12367 12374
f 12382 12375 12367
f 12383 12376 12375
f 12383 12384 12376
f 12384 12377 12376
f 12384 12385 12377
f 12385 12378 12377
f 12385 12386 12378
f 12386 12379 12378
f 12386 12387 12379
f 12387 12380 12379
f 12387 12388 12380
f 12388 12381 12380
f 12388 12389 12381
f 12389 12382 12381
f 12389 12390 12382
f 12390 12375 12382
f 12390 12383 12375
f 12391 12393 12394
f 12392 12426 12425
f 12391 12394 12395
f 12392 12427 12426
f 12391 12395 12396
f 12392 12428 12427
f 12391 12396 12397
f 12392 12429 12428
f 12391 12397 12398
f 12392 12430 12429
f 12391 12398 12399
f 12392 12431 12430
f 12391 12399 12400
f 12392 12432 12431
f 12391 12400 12393
f 12392 12425 12432
f 12401 12394 12393
f 12401 12402 12394
f 12402 12395 12394
f 12402 12403 12395
f 12403 12396 12395
f 12403 12404 12396
f 12404 12397 12396
f 12404 12405 12397
f 12405 12398 12397
f 12405 12406 12398
f 12406 12399 12398
f 12406 12407 12399
f 12407 12400 12399
f 12407 12408 12400
f 12408 12393 12400
f 12408 12401 12393
f 12409 12402 12401
f 12409 12410 12402
f 12410 12403 12402
f 12410 12411 12403
f 12411 12404 12403
f 12411 12412 12404
f 12412 12405 12404
f 12412 12413 12405
f 12413 12406 12405
f 12413 12414 12406
f 12414 12407 12406
f 12414 12415 12407
f 12415 12408 12407
f 12415 12416 12408
f 12416 12401 12408
f 12416 12409 12401
f 12417 12410 12409
f 12417 12418 12410
f 12418 12411 12410
f 12418 12419 12411
f 12419 12412 12411
f 12419 12420 12412
f 12420 12413 12412
f 12420 12421 12413
f 12421 12414 12413
f 12421 12422 12414
f 12422 12415 12414
f 12422 12423 12415
f 12423 12416 12415
f 12423 12424 12416
f 12424 12409 12416
f 12424 12417 12409
f 12425 12418 12417
f 12425 12426 12418
f 12426 12419 12418
f 12426 12427 12419
f 12427 12420 12419
f 12427 12428 12420
f 12428 12421 12420
f 12428 12429 12421
f 12429 12422 12421
f 12429 12430 12422
f 12430 12423 12422
f 12430 12431 12423
f 12431 12424 12423
f 12431 12432 12424
f 12432 12417 12424
f 12432 12425 12417
f 12433 12435 12436
f 12434 12468 12467
f 12433 12436 12437
f 12434 12469 12468
f 12433 12437 12438
f 12434 12470 12469
f 12433 12438 12439
f 12434 12471 12470
f 12433 12439 12440
f 12434 12472 12471
f 12433 12440 12441
f 12434 12473 12472
f 12433 12441 12442
f 12434 12474 12473
f 12433 12442 12435
f 12434 12467 12474
f 12443 12436 12435
f 12443 12444 12436
f 12444 12437 12436
f 12444 12445 12437
f 12445 12438 12437
f 12445 12446 12438
f 12446 12439 12438
f 12446 12447 12439
f 12447 12440 12439
f 12447 12448 12440
f 12448 12441 12440
f 12448 12449 12441
f 12449 12442 12441
f 12449 12450 12442
f 12450 12435 12442
f 12450 12443 12435
f 12451 12444 12443
f 12451 12452 12444
f 12452 12445 12444
f 12452 12453 12445
f 12453 12446 12445
f 12453 12454 12446
f 12454 12447 12446
f 12454 12455 12447
f 12455 12448 12447
f 12455 12456 12448
f 12456 12449 12448
f 12456 12457 12449
f 12457 12450 12449
f 12457 12458 12450
f 12458 12443 12450
f 12458 12451 12443
f 12459 12452 12451
f 12459 12460 12452
f 12460 12453 12452
f 12460 12461 12453
f 12461 12454 12453
f 12461 12462 12454
f 12462 12455 12454
f 12462 12463 12455
f 12463 12456 12455
f 12463 12464 12456
f 12464 12457 12456
f 12464 12465 12457
f 12465 12458 12457
f 12465 12466 12458
f 12466 12451 12458
f 12466 12459 12451
f 12467 12460 12459
f 12467 12468 12460
f 12468 12461 12460
f 12468 12469 12461
f 12469 12462 12461
f 12469 12470 12462
f 12470 12463 12462
f 12470 12471 12463
f 12471 12464 12463
f 12471 12472 12464
f 12472 12465 12464
f 12472 12473 12465
f 12473 12466 12465
f 12473 12474 12466
f 12474 12459 12466
f 12474 12467 12459
f 12475 12477 12478
f 12476 12510 12509
f 12475 12478 12479
f 12476 12511 12510
f 12475 12479 12480
f 12476 12512 12511
f 12475 12480 12481
f 12476 12513 12512
f 12475 12481 12482
f 12476 12514 12513
f 12475 12482 12483
f 12476 12515 12514
f 12475 12483 12484
f 12476 12516 12515
f 12475 12484 12477
f 12476 12509 12516
f 12485 12478 12477
f 12485 12486 12478
f 12486 12479 12478
f 12486 12487 12479
f 12487 12480 12479
f 12487 12488 12480
f 12488 12481 12480
f 12488 12489 12481
f 12489 12482 12481
f 12489 12490 12482
f 12490 12483 12482
f 12490 12491 12483
f 12491 12484 12483
f 12491 12492 12484
f 12492 12477 12484
f 12492 12485 12477
f 12493 12486 12485
f 12493 12494 12486
f 12494 12487 12486
f 12494 12495 12487
f 12495 12488 12487
f 12495 12496 12488
f 12496 12489 12488
f 12496 12497 12489
f 12497 12490 12489
f 12497 12498 12490
f 12498 12491 12490
f 12498 12499 12491
f 12499 12492 12491
f 12499 12500 12492
f 12500 12485 12492
f 12500 12493 12485
f 12501 12494 12493
f 12501 12502 12494
f 12502 12495 12494
f 12502 12503 12495
f 12503 12496 12495
f 12503 12504 12496
f 12504 12497 12496
f 12504 12505 12497
f 12505 12498 12497
f 12505 12506 12498
f 12506 12499 12498
f 12506 12507 12499
f 12507 12500 12499
f 12507 12508 12500
f 12508 12493 12500
f 12508 12501 12493
f 12509 12502 12501
f 12509 12510 12502
f 12510 12503 12502
f 12510 12511 12503
f 12511 12504 12503
f 12511 12512 12504
f 12512 12505 12504
f 12512 12513 12505
f 12513 12506 12505
f 12513 12514 12506
f 12514 12507 12506
f 12514 12515 12507
f 12515 12508 12507
f 12515 12516 12508
f 12516 12501 12508
f 12516 12509 12501
f 12517 12519 12520
f 12518 12552 12551
f 12517 12520 12521
f 12518 12553 12552
f 12517 12521 12522
f 12518 12554 12553
f 12517 12522 12523
f 12518 12555 12554
f 12517 12523 12524
f 12518 12556 12555
f 12517 12524 12525
f 12518 12557 12556
f 12517 12525 12526
f 12518 12558 12557
f 12517 12526 12519
f 12518 12551 12558
f 12527 12520 12519
f 12527 12528 12520
f 12528 12521 12520
f 12528 12529 12521
f 12529 12522 12521
f 12529 12530 12522
f 12530 12523 12522
f 12530 12531 12523
f 12531 12524 12523
f 12531 12532 12524
f 12532 12525 12524
f 12532 12533 12525
f 12533 12526 12525
f 12533 12534 12526
f 12534 12519 12526
f 12534 12527 12519
f 12535 12528 12527
f 12535 12536 12528
f 12536 12529 12528
f 12536 12537 12529
f 12537 12530 12529
f 12537 12538 12530
f 12538 12531 12530
f 12538 12539 12531
f 12539 12532 12531
f 12539 12540 12532
f 12540 12533 12532
f 12540 12541 12533
f 12541 12534 12533
f 12541 12542 12534
f 12542 12527 12534
f 12542 12535 12527
f 12543 12536 12535
f 12543 12544 12536
f 12544 12537 12536
f 12544 12545 12537
f 12545 12538 12537
f 12545 12546 12538
f 12546 12539 12538
f 12546 12547 12539
f 12547 12540 12539
f 12547 12548 12540
f 12548 12541 12540
f 12548 12549 12541
f 12549 12542 12541
f 12549 12550 12542
f 12550 12535 12542
f 12550 12543 12535
f 12551 12544 12543
f 12551 12552 12544
f 12552 12545 12544
f 12552 12553 12545
f 12553 12546 12545
f 12553 12554 12546
f 12554 12547 12546
f 12554 12555 12547
f 12555 12548 12547
f 12555 12556 12548
f 12556 12549 12548
f 12556 12557 12549
f 12557 12550 12549
f 12557 12558 12550
f 12558 12543 12550
f 12558 12551 12543
f 12559 12561 12562
f 12560 12594 12593
f 12559 12562 12563
f 12560 12595 12594
f 12559 12563 12564
f 12560 12596 12595
f 12559 12564 12565
f 12560 12597 12596
f 12559 12565 12566
f 12560 12598 12597
f 12559 12566 12567
f 12560 12599 12598
f 12559 12567 12568
f 12560 12600 12599
f 12559 12568 12561
f 12560 12593 12600
f 12569 12562 12561
f 12569 12570 12562
f 12570 12563 12562
f 12570 12571 12563
f 12571 12564 12563
f 12571 12572 12564
f 12572 12565 12564
f 12572 12573 12565
f 12573 12566 12565
f 12573 12574 12566
f 12574 12567 12566
f 12574 12575 12567
f 12575 12568 12567
f 12575 12576 12568
f 12576 12561 12568
f 12576 12569 12561
f 12577 12570 12569
f 12577 12578 12570
f 12578 12571 12570
f 12578 12579 12571
f 12579 12572 12571
f 12579 12580 12572
f 12580 12573 12572
f 12580 12581 12573
f 12581 12574 12573
f 12581 12582 12574
f 12582 12575 12574
f 12582 12583 12575
f 12583 12576 12575
f 12583 12584 12576
f 12584 12569 12576
f 12584 12577 12569
f 12585 12578 12577
f 12585 12586 12578
f 12586 12579 12578
f 12586 12587 12579
f 12587 12580 12579
f 12587 12588 12580
f 12588 12581 12580
f 12588 12589 12581
f 12589 12582 12581
f 12589 12590 12582
f 12590 12583 12582
f 12590 12591 12583
f 12591 12584 12583
f 12591 12592 12584
f 12592 12577 12584
f 12592 12585 12577
f 12593 12586 12585
f 12593 12594 12586
f 12594 12587 12586
f 12594 12595 12587
f 12595 12588 12587
f 12595 12596 12588
f 12596 12589 12588
f 12596 12597 12589
f 12597 12590 12589
f 12597 12598 12590
f 12598 12591 12590
f 12598 12599 12591
f 12599 12592 12591
f 12599 12600 12592
f 12600 12585 12592
f 12600 12593 12585
f 12601 12603 12604
f 12602 12636 12635
f 12601 12604 12605
f 12602 12637 12636
f 12601 12605 12606
f 12602 12638 12637
f 12601 12606 12607
f 12602 12639 12638
f 12601 12607 12608
f 12602 12640 12639
f 12601 12608 12609
f 12602 12641 12640
f 12601 12609 12610
f 12602 12642 12641
f 12601 12610 12603
f 12602 12635 12642
f 12611 12604 12603
f 12611 12612 12604
f 12612 12605 12604
f 12612 12613 12605
f 12613 12606 12605
f 12613 12614 12606
f 12614 12607 12606
f 12614 12615 12607
f 12615 12608 12607
f 12615 12616 12608
f 12616 12609 12608
f 12616 12617 12609
f 12617 12610 12609
f 12617 12618 12610
f 12618 12603 12610
f 12618 12611 12603
f 12619 12612 12611
f 12619 12620 12612
f 12620 12613 12612
f 12620 12621 12613
f 12621 12614 12613
f 12621 12622 12614
f 12622 12615 12614
f 12622 12623 12615
f 12623 12616 12615
f 12623 12624 12616
f 12624 12617 12616
f 12624 12625 12617
f 12625 12618 12617
f 12625 12626 12618
f 12626 12611 12618
f 12626 12619 12611
f 12627 12620 12619
f 12627 12628 12620
f 12628 12621 12620
f 12628 12629 12621
f 12629 12622 12621
f 12629 12630 12622
f 12630 12623 12622
f 12630 12631 12623
f 12631 12624 12623
f 12631 12632 12624
f 12632 12625 12624
f 12632 12633 12625
f 12633 12626 12625
f 12633 12634 12626
f 12634 12619 12626
f 12634 12627 12619
f 12635 12628 12627
f 12635 12636 12628
f 12636 12629 12628
f 12636 12637 12629
f 12637 12630 12629
f 12637 12638 12630
f 12638 12631 12630
f 12638 12639 12631
f 12639 12632 12631
f 12639 12640 12632
f 12640 12633 12632
f 12640 12641 12633
f 12641 12634 12633
f 12641 12642 12634
f 12642 12627 12634
f 12642 12635 12627
f 12643 12645 12646
f 12644 12678 12677
f 12643 12646 12647
f 12644 12679 12678
f 12643 12647 12648
f 12644 12680 12679
f 12643 12648 12649
f 12644 12681 12680
f 12643 12649 12650
f 12644 12682 12681
f 12643 12650 12651
f 12644 12683 12682
f 12643 12651 12652
f 12644 12684 12683
f 12643 12652 12645
f 12644 12677 12684
f 12653 12646 12645
f 12653 12654 12646
f 12654 12647 12646
f 12654 12655 12647
f 12655 12648 12647
f 12655 12656 12648
f 12656 12649 12648
f 12656 12657 12649
f 12657 12650 12649
f 12657 12658 12650
f 12658 12651 12650
f 12658 12659 12651
f 12659 12652 12651
f 12659 12660 12652
f 12660 12645 12652
f 12660 12653 12645
f 12661 12654 12653
f 12661 12662 12654
f 12662 12655 12654
f 12662 12663 12655
f 12663 12656 12655
f 12663 12664 12656
f 12664 12657 12656
f 12664 12665 12657
f 12665 12658 12657
f 12665 12666 12658
f 12666 12659 12658
f 12666 12667 12659
f 12667 12660 12659
f 12667 12668 12660
f 12668 12653 12660
f 12668 12661 12653
f 12669 12662 12661
f 12669 12670 12662
f 12670 12663 12662
f 12670 12671 12663
f 12671 12664 12663
f 12671 12672 12664
f 12672 12665 12664
f 12672 12673 12665
f 12673 12666 12665
f 12673 12674 12666
f 12674 12667 12666
f 12674 12675 12667
f 12675 12668 12667
f 12675 12676 12668
f 12676 12661 12668
f 12676 12669 12661
f 12677 12670 12669
f 12677 12678 12670
f 12678 12671 12670
f 12678 12679 12671
f 12679 12672 12671
f 12679 12680 12672
f 12680 12673 12672
f 12680 12681 12673
f 12681 12674 12673
f 12681 12682 12674
f 12682 12675 12674
f 12682 12683 12675
f 12683 12676 12675
f 12683 12684 12676
f 12684 12669 12676
f 12684 12677 12669
f 12685 12687 12688
f 12686 12720 12719
f 12685 12688 12689
f 12686 12721 12720
f 12685 12689 12690
f 12686 12722 12721
f 12685 12690 12691
f 12686 12723 12722
f 12685 12691 12692
f 12686 12724 12723
f 12685 12692 12693
f 12686 12725 12724
f 12685 12693 12694
f 12686 12726 12725
f 12685 12694 12687
f 12686 12719 12726
f 12695 12688 12687
f 12695 12696 12688
f 12696 12689 12688
f 12696 12697 12689
f 12697 12690 12689
f 12697 12698 12690
f 12698 12691 12690
f 12698 12699 12691
f 12699 12692 12691
f 12699 12700 12692
f 12700 12693 12692
f 12700 12701 12693
f 12701 12694 12693
f 12701 12702 12694
f 12702 12687 12694
f 12702 12695 12687
f 12703 12696 12695
f 12703 12704 12696
f 12704 12697 12696
f 12704 12705 12697
f 12705 12698 12697
f 12705 12706 12698
f 12706 12699 12698
f 12706 12707 12699
f 12707 12700 12699
f 12707 12708 12700
f 12708 12701 12700
f 12708 12709 12701
f 12709 12702 12701
f 12709 12710 12702
f 12710 12695 12702
f 12710 12703 12695
f 12711 12704 12703
f 12711 12712 12704
f 12712 12705 12704
f 12712 12713 12705
f 12713 12706 12705
f 12713 12714 12706
f 12714 12707 12706
f 12714 12715 12707
f 12715 12708 12707
f 12715 12716 12708
f 12716 12709 12708
f 12716 12717 12709
f 12717 12710 12709
f 12717 12718 12710
f 12718 12703 12710
f 12718 12711 12703
f 12719 12712 12711
f 12719 12720 12712
f 12720 12713 12712
f 12720 12721 12713
f 12721 12714 12713
f 12721 12722 12714
f 12722 12715 12714
f 12722 12723 12715
f 12723 12716 12715
f 12723 12724 12716
f 12724 12717 12716
f 12724 12725 12717
f 12725 12718 12717
f 12725 12726 12718
f 12726 12711 12718
f 12726 12719 12711
f 12727 12729 12730
f 12728 12762 12761
f 12727 12730 12731
f 12728 12763 12762
f 12727 12731 12732
f 12728 12764 12763
f 12727 12732 12733
f 12728 12765 12764
f 12727 12733 12734
f 12728 12766 12765
f 12727 12734 12735
f 12728 12767 12766
f 12727 12735 12736
f 12728 12768 12767
f 12727 12736 12729
f 12728 12761 12768
f 12737 12730 12729
f 12737 12738 12730
f 12738 12731 12730
f 12738 12739 12731
f 12739 12732 12731
f 12739 12740 12732
f 12740 12733 12732
f 12740 12741 12733
f 12741 12734 12733
f 12741 12742 12734
f 12742 12735 12734
f 12742 12743 12735
f 12743 12736 12735
f 12743 12744 12736
f 12744 12729 12736
f 12744 12737 12729
f 12745 12738 12737
f 12745 12746 12738
f 12746 12739 12738
f 12746 12747 12739
f 12747 12740 12739
f 12747 12748 12740
f 12748 12741 12740
f 12748 12749 12741
f 12749 12742 12741
f 12749 12750 12742
f 12750 12743 12742
f 12750 12751 12743
f 12751 12744 12743
f 12751 12752 12744
f 12752 12737 12744
f 12752 12745 12737
f 12753 12746 12745
f 12753 12754 12746
f 12754 12747 12746
f 12754 12755 12747
f 12755 12748 12747
f 12755 12756 12748
f 12756 12749 12748
f 12756 12757 12749
f 12757 12750 12749
f 12757 12758 12750
f 12758 12751 12750
f 12758 12759 12751
f 12759 12752 12751
f 12759 12760 12752
f 12760 12745 12752
f 12760 12753 12745
f 12761 12754 12753
f 12761 12762 12754
f 12762 12755 12754
f 12762 12763 12755
f 12763 12756 12755
f 12763 12764 12756
f 12764 12757 12756
f 12764 12765 12757
f 12765 12758 12757
f 12765 12766 12758
f 12766 12759 12758
f 12766 12767 12759
f 12767 12760 12759
f 12767 12768 12760
f 12768 12753 12760
f 12768 12761 12753
f 12769 12771 12772
f 12770 12804 12803
f 12769 12772 12773
f 12770 12805 12804
f 12769 12773 12774
f 12770 12806 12805
f 12769 12774 12775
f 12770 12807 12806
f 12769 12775 12776
f 12770 12808 12807
f 12769 12776 12777
f 12770 12809 12808
f 12769 12777 12778
f 12770 12810 12809
f 12769 12778 12771
f 12770 12803 12810
f 12779 12772 12771
f 12779 12780 12772
f 12780 12773 12772
f 12780 12781 12773
f 12781 12774 12773
f 12781 12782 12774
f 12782 12775 12774
f 12782 12783 12775
f 12783 12776 12775
f 12783 12784 12776
f 12784 12777 12776
f 12784 12785 12777
f 12785 12778 12777
f 12785 12786 12778
f 12786 12771 12778
f 12786 12779 12771
f 12787 12780 12779
f 12787 12788 12780
f 12788 12781 12780
f 12788 12789 12781
f 12789 12782 12781
f 12789 12790 12782
f 12790 12783 12782
f 12790 12791 12783
f 12791 12784 12783
f 12791 12792 12784
f 12792 12785 12784
f 12792 12793 12785
f 12793 12786 12785
f 12793 12794 12786
f 12794 12779 12786
f 12794 12787 12779
f 12795 12788 12787
f 12795 12796 12788
f 12796 12789 12788
f 12796 12797 12789
f 12797 12790 12789
f 12797 12798 12790
f 12798 12791 12790
f 12798 12799 12791
f 12799 12792 12791
f 12799 12800 12792
f 12800 12793 12792
f 12800 12801 12793
f 12801 12794 12793
f 12801 12802 12794
f 12802 12787 12794
f 12802 12795 12787
f 12803 12796 12795
f 12803 12804 12796
f 12804 12797 12796
f 12804 12805 12797
f 12805 12798 12797
f 12805 12806 12798
f 12806 12799 12798
f 12806 12807 12799
f 12807 12800 12799
f 12807 12808 12800
f 12808 12801 12800
f 12808 12809 12801
f 12809 12802 12801
f 12809 12810 12802
f 12810 12795 12802
f 12810 12803 12795
f 12811 12813 12814
f 12812 12846 12845
f 12811 12814 12815
f 12812 12847 12846
f 12811 12815 12816
f 12812 12848 12847
f 12811 12816 12817
f 12812 12849 12848
f 12811 12817 12818
f 12812 12850 12849
f 12811 12818 12819
f 12812 12851 12850
f 12811 12819 12820
f 12812 12852 12851
f 12811 12820 12813
f 12812 12845 12852
f 12821 12814 12813
f 12821 12822 12814
f 12822 12815 12814
f 12822 12823 12815
f 12823 12816 12815
f 12823 12824 12816
f 12824 12817 12816
f 12824 12825 12817
f 12825 12818 12817
f 12825 12826 12818
f 12826 12819 12818
f 12826 12827 12819
f 12827 12820 12819
f 12827 12828 12820
f 12828 12813 12820
f 12828 12821 12813
f 12829 12822 12821
f 12829 12830 12822
f 12830 12823 12822
f 12830 12831 12823
f 12831 12824 12823
f 12831 12832 12824
f 12832 12825 12824
f 12832 12833 12825
f 12833 12826 12825
f 12833 12834 12826
f 12834 12827 12826
f 12834 12835 12827
f 12835 12828 12827
f 12835 12836 12828
f 12836 12821 12828
f 12836 12829 12821
f 12837 12830 12829
f 12837 12838 12830
f 12838 12831 12830
f 12838 12839 12831
f 12839 12832 12831
f 12839 12840 12832
f 12840 12833 12832
f 12840 12841 12833
f 12841 12834 12833
f 12841 12842 12834
f 12842 12835 12834
f 12842 12843 12835
f 12843 12836 12835
f 12843 12844 12836
f 12844 12829 12836
f 12844 12837 12829
f 12845 12838 12837
f 12845 12846 12838
f 12846 12839 12838
f 12846 12847 12839
f 12847 12840 12839
f 12847 12848 12840
f 12848 12841 12840
f 12848 12849 12841
f 12849 12842 12841
f 12849 12850 12842
f 12850 12843 12842
f 12850 12851 12843
f 12851 12844 12843
f 12851 12852 12844
f 12852 12837 12844
f 12852 12845 12837
f 12853 12855 12856
f 12854 12888 12887
f 12853 12856 12857
f 12854 12889 12888
f 12853 12857 12858
f 12854 12890 12889
f 12853 12858 12859
f 12854 12891 12890
f 12853 12859 12860
f 12854 12892 12891
f 12853 12860 12861
f 12854 12893 12892
f 12853 12861 12862
f 12854 12894 12893
f 12853 12862 12855
f 12854 12887 12894
f 12863 12856 12855
f 12863 12864 12856
f 12864 12857 12856
f 12864 12865 12857
f 12865 12858 12857
f 12865 12866 12858
f 12866 12859 12858
f 12866 12867 12859
f 12867 12860 12859
f 12867 12868 12860
f 12868 12861 12860
f 12868 12869 12861
f 12869 12862 12861
f 12869 12870 12862
f 12870 12855 12862
f 12870 12863 12855
f 12871 12864 12863
f 12871 12872 12864
f 12872 12865 12864
f 12872 12873 12865
f 12873 12866 12865
f 12873 12874 12866
f 12874 12867 12866
f 12874 12875 12867
f 12875 12868 12867
f 12875 12876 12868
f 12876 12869 12868
f 12876 12877 12869
f 12877 12870 12869
f 12877 12878 12870
f 12878 12863 12870
f 12878 12871 12863
f 12879 12872 12871
f 12879 12880 12872
f 12880 12873 12872
f 12880 12881 12873
f 12881 12874 12873
f 12881 12882 12874
f 12882 12875 12874
f 12882 12883 12875
f 12883 12876 12875
f 12883 12884 12876
f 12884 12877 12876
f 12884 12885 12877
f 12885 12878 12877
f 12885 12886 12878
f 12886 12871 12878
f 12886 12879 12871
f 12887 12880 12879
f 12887 12888 12880
f 12888 12881 12880
f 12888 12889 12881
f 12889 12882 12881
f 12889 12890 12882
f 12890 12883 12882
f 12890 12891 12883
f 12891 12884 12883
f 12891 12892 12884
f 12892 12885 12884
f 12892 12893 12885
f 12893 12886 12885
f 12893 12894 12886
f 12894 12879 12886
f 12894 12887 12879
f 12895 12897 12898
f 12896 12930 12929
f 12895 12898 12899
f 12896 12931 12930
f 12895 12899 12900
f 12896 12932 12931
f 12895 12900 12901
f 12896 12933 12932
f 12895 12901 12902
f 12896 12934 12933
f 12895 12902 12903
f 12896 12935 12934
f 12895 12903 12904
f 12896 12936 12935
f 12895 12904 12897
f 12896 12929 12936
f 12905 12898 12897
f 12905 12906 12898
f 12906 12899 12898
f 12906 12907 12899
f 12907 12900 12899
f 12907 12908 12900
f 12908 12901 12900
f 12908 12909 12901
f 12909 12902 12901
f 12909 12910 12902
f 12910 12903 12902
f 12910 12911 12903
f 12911 12904 12903
f 12911 12912 12904
f 12912 12897 12904
f 12912 12905 12897
f 12913 12906 12905
f 12913 12914 12906
f 12914 12907 12906
f 12914 12915 12907
f 12915 12908 12907
f 12915 12916 12908
f 12916 12909 12908
f 12916 12917 12909
f 12917 12910 12909
f 12917 12918 12910
f 12918 12911 12910
f 12918 12919 12911
f 12919 12912 12911
f 12919 12920 12912
f 12920 12905 12912
f 12920 12913 12905
f 12921 12914 12913
f 12921 12922 12914
f 12922 12915 12914
f 12922 12923 12915
f 12923 12916 12915
f 12923 12924 12916
f 12924 12917 12916
f 12924 12925 12917
f 12925 12918 12917
f 12925 12926 12918
f 12926 12919 12918
f 12926 12927 12919
f 12927 12920 12919
f 12927 12928 12920
f 12928 12913 12920
f 12928 12921 12913
f 12929 12922 12921
f 12929 12930 12922
f 12930 12923 12922
f 12930 12931 12923
f 12931 12924 12923
f 12931 12932 12924
f 12932 12925 12924
f 12932 12933 12925
f 12933 12926 12925
f 12933 12934 12926
f 12934 12927 12926
f 12934 12935 12927
f 12935 12928 12927
f 12935 12936 12928
f 12936 12921 12928
f 12936 12929 12921
f 12937 12939 12940
f 12938 12972 12971
f 12937 12940 12941
f 12938 12973 12972
f 12937 12941 12942
f 12938 12974 12973
f 12937 12942 12943
f 12938 12975 12974
f 12937 12943 12944
f 12938 12976 12975
f 12937 12944 12945
f 12938 12977 12976
f 12937 12945 12946
f 12938 12978 12977
f 12937 12946 12939
f 12938 12971 12978
f 12947 12940 12939
f 12947 12948 12940
f 12948 12941 12940
f 12948 12949 12941
f 12949 12942 12941
f 12949 12950 12942
f 12950 12943 12942
f 12950 12951 12943
f 12951 12944 12943
f 12951 12952 12944
f 12952 12945 12944
f 12952 12953 12945
f 12953 12946 12945
f 12953 12954 12946
f 12954 12939 12946
f 12954 12947 12939
f 12955 12948 12947
f 12955 12956 12948
f 12956 12949 12948
f 12956 12957 12949
f 12957 12950 12949
f 12957 12958 12950
f 12958 12951 12950
f 12958 12959 12951
f 12959 12952 12951
f 12959 12960 12952
f 12960 12953 12952
f 12960 12961 12953
f 12961 12954 12953
f 12961 12962 12954
f 12962 12947 12954
f 12962 12955 12947
f 12963 12956 12955
f 12963 12964 12956
f 12964 12957 12956
f 12964 12965 12957
f 12965 12958 12957
f 12965 12966 12958
f 12966 12959 12958
f 12966 12967 12959
f 12967 12960 12959
f 12967 12968 12960
f 12968 12961 12960
f 12968 12969 12961
f 12969 12962 12961
f 12969 12970 12962
f 12970 12955 12962
f 12970 12963 12955
f 12971 12964 12963
f 12971 12972 12964
f 12972 12965 12964
f 12972 12973 12965
f 12973 12966 12965
f 12973 12974 12966
f 12974 12967 12966
f 12974 12975 12967
f 12975 12968 12967
f 12975 12976 12968
f 12976 12969 12968
f 12976 12977 12969
f 12977 12970 12969
f 12977 12978 12970
f 12978 12963 12970
f 12978 12971 12963
f 12979 12981 12982
f 12980 13014 13013
f 12979 12982 12983
f 12980 13015 13014
f 12979 12983 12984
f 12980 13016 13015
f 12979 12984 12985
f 12980 13017 13016
f 12979 12985 12986
f 12980 13018 13017
f 12979 12986 12987
f 12980 13019 13018
f 12979 12987 12988
f 12980 13020 13019
f 12979 12988 12981
f 12980 13013 13020
f 12989 12982 12981
f 12989 12990 12982
f 12990 12983 12982
f 12990 12991 12983
f 12991 12984 12983
f 12991 12992 12984
f 12992 12985 12984
f 12992 12993 12985
f 12993 12986 12985
f 12993 12994 12986
f 12994 12987 12986
f 12994 12995 12987
f 12995 12988 12987
f 12995 12996 12988
f 12996 12981 12988
f 12996 12989 12981
f 12997 12990 12989
f 12997 12998 12990
f 12998 12991 12990
f 12998 12999 12991
f 12999 12992 12991
f 12999 13000 12992
f 13000 12993 12992
f 13000 13001 12993
f 13001 12994 12993
f 13001 13002 12994
f 13002 12995 12994
f 13002 13003 12995
f 13003 12996 12995
f 13003 13004 12996
f 13004 12989 12996
f 13004 12997 12989
f 13005 12998 12997
f 13005 13006 12998
f 13006 12999 12998
f 13006 13007 12999
f 13007 13000 12999
f 13007 13008 13000
f 13008 13001 13000
f 13008 13009 13001
f 13009 13002 13001
f 13009 13010 13002
f 13010 13003 13002
f 13010 13011 13003
f 13011 13004 13003
f 13011 13012 13004
f 13012 12997 13004
f 13012 13005 12997
f 13013 13006 13005
f 13013 13014 13006
f 13014 13007 13006
f 13014 13015 13007
f 13015 13008 13007
f 13015 13016 13008
f 13016 13009 13008
f 13016 13017 13009
f 13017 13010 13009
f 13017 13018 13010
f 13018 13011 13010
f 13018 13019 13011
f 13019 13012 13011
f 13019 13020 13012
f 13020 13005 13012
f 13020 13013 13005
f 13021 13023 13024
f 13022 13056 13055
f 13021 13024 13025
f 13022 13057 13056
f 13021 13025 13026
f 13022 13058 13057
f 13021 13026 13027
f 13022 13059 13058
f 13021 13027 13028
f 13022 13060 13059
f 13021 13028 13029
f 13022 13061 13060
f 13021 13029 13030
f 13022 13062 13061
f 13021 13030 13023
f 13022 13055 13062
f 13031 13024 13023
f 13031 13032 13024
f 13032 13025 13024
f 13032 13033 13025
f 13033 13026 13025
f 13033 13034 13026
f 13034 13027 13026
f 13034 13035 13027
f 13035 13028 13027
f 13035 13036 13028
f 13036 13029 13028
f 13036 13037 13029
f 13037 13030 13029
f 13037 13038 13030
f 13038 13023 13030
f 13038 13031 13023
f 13039 13032 13031
f 13039 13040 13032
f 13040 13033 13032
f 13040 13041 13033
f 13041 13034 13033
f 13041 13042 13034
f 13042 13035 13034
f 13042 13043 13035
f 13043 13036 13035
f 13043 13044 13036
f 13044 13037 13036
f 13044 13045 13037
f 13045 13038 13037
f 13045 13046 13038
f 13046 13031 13038
f 13046 13039 13031
f 13047 13040 13039
f 13047 13048 13040
f 13048 13041 13040
f 13048 13049 13041
f 13049 13042 13041
f 13049 13050 13042
f 13050 13043 13042
f 13050 13051 13043
f 13051 13044 13043
f 13051 13052 13044
f 13052 13045 13044
f 13052 13053 13045
f 13053 13046 13045
f 13053 13054 13046
f 13054 13039 13046
f 13054 13047 13039
f 13055 13048 13047
f 13055 13056 13048
f 13056 13049 13048
f 13056 13057 13049
f 13057 13050 13049
f 13057 13058 13050
f 13058 13051 13050
f 13058 13059 13051
f 13059 13052 13051
f 13059 13060 13052
f 13060 13053 13052
f 13060 13061 13053
f 13061 13054 13053
f 13061 13062 13054
f 13062 13047 13054
f 13062 13055 13047
f 13063 13065 13066
f 13064 13098 13097
f 13063 13066 13067
f 13064 13099 13098
f 13063 13067 13068
f 13064 13100 13099
f 13063 13068 13069
f 13064 13101 13100
f 13063 13069 13070
f 13064 13102 13101
f 13063 13070 13071
f 13064 13103 13102
f 13063 13071 13072
f 13064 13104 13103
f 13063 13072 13065
f 13064 13097 13104
f 13073 13066 13065
f 13073 13074 13066
f 13074 13067 13066
f 13074 13075 13067
f 13075 13068 13067
f 13075 13076 13068
f 13076 13069 13068
f 13076 13077 13069
f 13077 13070 13069
f 13077 13078 13070
f 13078 13071 13070
f 13078 13079 13071
f 13079 13072 13071
f 13079 13080 13072
f 13080 13065 13072
f 13080 13073 13065
f 13081 13074 13073
f 13081 13082 13074
f 13082 13075 13074
f 13082 13083 13075
f 13083 13076 13075
f 13083 13084 13076
f 13084 13077 13076
f 13084 13085 13077
f 13085 13078 13077
f 13085 13086 13078
f 13086 13079 13078
f 13086 13087 13079
f 13087 13080 13079
f 13087 13088 13080
f 13088 13073 13080
f 13088 13081 13073
f 13089 13082 13081
f 13089 13090 13082
f 13090 13083 13082
f 13090 13091 13083
f 13091 13084 13083
f 13091 13092 13084
f 13092 13085 13084
f 13092 13093 13085
f 13093 13086 13085
f 13093 13094 13086
f 13094 13087 13086
f 13094 13095 13087
f 13095 13088 13087
f 13095 13096 13088
f 13096 13081 13088
f 13096 13089 13081
f 13097 13090 13089
f 13097 13098 13090
f 13098 13091 13090
f 13098 13099 13091
f 13099 13092 13091
f 13099 13100 13092
f 13100 13093 13092
f 13100 13101 13093
f 13101 13094 13093
f 13101 13102 13094
f 13102 13095 13094
f 13102 13103 13095
f 13103 13096 13095
f 13103 13104 13096
f 13104 13089 13096
f 13104 13097 13089
f 13105 13107 13108
f 13106 13140 13139
f 13105 13108 13109
f 13106 13141 13140
f 13105 13109 13110
f 13106 13142 13141
f 13105 13110 13111
f 13106 13143 13142
f 13105 13111 13112
f 13106 13144 13143
f 13105 13112 13113
f 13106 13145 13144
f 13105 13113 13114
f 13106 13146 13145
f 13105 13114 13107
f 13106 13139 13146
f 13115 13108 13107
f 13115 13116 13108
f 13116 13109 13108
f 13116 13117 13109
f 13117 13110 13109
f 13117 13118 13110
f 13118 13111 13110
f 13118 13119 13111
f 13119 13112 13111
f 13119 13120 13112
f 13120 13113 13112
f 13120 13121 13113
f 13121 13114 13113
f 13121 13122 13114
f 13122 13107 13114
f 13122 13115 13107
f 13123 13116 13115
f 13123 13124 13116
f 13124 13117 13116
f 13124 13125 13117
f 13125 13118 13117
f 13125 13126 13118
f 13126 13119 13118
f 13126 13127 13119
f 13127 13120 13119
f 13127 13128 13120
f 13128 13121 13120
f 13128 13129 13121
f 13129 13122 13121
f 13129 13130 13122
f 13130 13115 13122
f 13130 13123 13115
f 13131 13124 13123
f 13131 13132 13124
f 13132 13125 13124
f 13132 13133 13125
f 13133 13126 13125
f 13133 13134 13126
f 13134 13127 13126
f 13134 13135 13127
f 13135 13128 13127
f 13135 13136 13128
f 13136 13129 13128
f 13136 13137 13129
f 13137 13130 13129
f 13137 13138 13130
f 13138 13123 13130
f 13138 13131 13123
f 13139 13132 13131
f 13139 13140 13132
f 13140 13133 13132
f 13140 13141 13133
f 13141 13134 13133
f 13141 13142 13134
f 13142 13135 13134
f 13142 13143 13135
f 13143 13136 13135
f 13143 13144 13136
f 13144 13137 13136
f 13144 13145 13137
f 13145 13138 13137
f 13145 13146 13138
f 13146 13131 13138
f 13146 13139 13131
f 13147 13149 13150
f 13148 13182 13181
f 13147 13150 13151
f 13148 13183 13182
f 13147 13151 13152
f 13148 13184 13183
f 13147 13152 13153
f 13148 13185 13184
f 13147 13153 13154
f 13148 13186 13185
f 13147 13154 13155
f 13148 13187 13186
f 13147 13155 13156
f 13148 13188 13187
f 13147 13156 13149
f 13148 13181 13188
f 13157 13150 13149
f 13157 13158 13150
f 13158 13151 13150
f 13158 13159 13151
f 13159 13152 13151
f 13159 13160 13152
f 13160 13153 13152
f 13160 13161 13153
f 13161 13154 13153
f 13161 13162 13154
f 13162 13155 13154
f 13162 13163 13155
f 13163 13156 13155
f 13163 13164 13156
f 13164 13149 13156
f 13164 13157 13149
f 13165 13158 13157
f 13165 13166 13158
f 13166 13159 13158
f 13166 13167 13159
f 13167 13160 13159
f 13167 13168 13160
f 13168 13161 13160
f 13168 13169 13161
f 13169 13162 13161
f 13169 13170 13162
f 13170 13163 13162
f 13170 13171 13163
f 13171 13164 13163
f 13171 13172 13164
f 13172 13157 13164
f 13172 13165 13157
f 13173 13166 13165
f 13173 13174 13166
f 13174 13167 13166
f 13174 13175 13167
f 13175 13168 13167
f 13175 13176 13168
f 13176 13169 13168
f 13176 13177 13169
f 13177 13170 13169
f 13177 13178 13170
f 13178 13171 13170
f 13178 13179 13171
f 13179 13172 13171
f 13179 13180 13172
f 13180 13165 13172
f 13180 13173 13165
f 13181 13174 13173
f 13181 13182 13174
f 13182 13175 13174
f 13182 13183 13175
f 13183 13176 13175
f 13183 13184 13176
f 13184 13177 13176
f 13184 13185 13177
f 13185 13178 13177
f 13185 13186 13178
f 13186 13179 13178
f 13186 13187 13179
f 13187 13180 13179
f 13187 13188 13180
f 13188 13173 13180
f 13188 13181 13173
