# Created by Open3D 
# object name: points
# number of vertices: 6096
# number of triangles: 12160
v 0.998701 0.20261 0.46206 1 0 0
v 0.998701 0.20261 0.44206 1 0 0
v 1.00027 0.20261 0.461937 1 0 0
v 1.00025 0.202855 0.461937 1 0 0
v 1.00019 0.203093 0.461937 1 0 0
v 1.00009 0.20332 0.461937 1 0 0
v 0.999967 0.203529 0.461937 1 0 0
v 0.999807 0.203716 0.461937 1 0 0
v 0.99962 0.203875 0.461937 1 0 0
v 0.999411 0.204004 0.461937 1 0 0
v 0.999184 0.204098 0.461937 1 0 0
v 0.998946 0.204155 0.461937 1 0 0
v 0.998701 0.204174 0.461937 1 0 0
v 0.998456 0.204155 0.461937 1 0 0
v 0.998218 0.204098 0.461937 1 0 0
v 0.997991 0.204004 0.461937 1 0 0
v 0.997781 0.203875 0.461937 1 0 0
v 0.997595 0.203716 0.461937 1 0 0
v 0.997435 0.203529 0.461937 1 0 0
v 0.997307 0.20332 0.461937 1 0 0
v 0.997213 0.203093 0.461937 1 0 0
v 0.997156 0.202855 0.461937 1 0 0
v 0.997137 0.20261 0.461937 1 0 0
v 0.997156 0.202365 0.461937 1 0 0
v 0.997213 0.202126 0.461937 1 0 0
v 0.997307 0.2019 0.461937 1 0 0
v 0.997435 0.20169 0.461937 1 0 0
v 0.997595 0.201504 0.461937 1 0 0
v 0.997781 0.201344 0.461937 1 0 0
v 0.997991 0.201216 0.461937 1 0 0
v 0.998218 0.201122 0.461937 1 0 0
v 0.998456 0.201065 0.461937 1 0 0
v 0.998701 0.201045 0.461937 1 0 0
v 0.998946 0.201065 0.461937 1 0 0
v 0.999184 0.201122 0.461937 1 0 0
v 0.999411 0.201216 0.461937 1 0 0
v 0.99962 0.201344 0.461937 1 0 0
v 0.999807 0.201504 0.461937 1 0 0
v 0.999967 0.20169 0.461937 1 0 0
v 1.00009 0.2019 0.461937 1 0 0
v 1.00019 0.202126 0.461937 1 0 0
v 1.00025 0.202365 0.461937 1 0 0
v 1.00179 0.20261 0.461571 1 0 0
v 1.00175 0.203093 0.461571 1 0 0
v 1.00164 0.203565 0.461571 1 0 0
v 1.00145 0.204013 0.461571 1 0 0
v 1.0012 0.204426 0.461571 1 0 0
v 1.00089 0.204795 0.461571 1 0 0
v 1.00052 0.20511 0.461571 1 0 0
v 1.0001 0.205363 0.461571 1 0 0
v 0.999656 0.205549 0.461571 1 0 0
v 0.999184 0.205662 0.461571 1 0 0
v 0.998701 0.2057 0.461571 1 0 0
v 0.998218 0.205662 0.461571 1 0 0
v 0.997746 0.205549 0.461571 1 0 0
v 0.997298 0.205363 0.461571 1 0 0
v 0.996885 0.20511 0.461571 1 0 0
v 0.996516 0.204795 0.461571 1 0 0
v 0.996201 0.204426 0.461571 1 0 0
v 0.995948 0.204013 0.461571 1 0 0
v 0.995762 0.203565 0.461571 1 0 0
v 0.995649 0.203093 0.461571 1 0 0
v 0.995611 0.20261 0.461571 1 0 0
v 0.995649 0.202126 0.461571 1 0 0
v 0.995762 0.201655 0.461571 1 0 0
v 0.995948 0.201207 0.461571 1 0 0
v 0.996201 0.200793 0.461571 1 0 0
v 0.996516 0.200425 0.461571 1 0 0
v 0.996885 0.20011 0.461571 1 0 0
v 0.997298 0.199856 0.461571 1 0 0
v 0.997746 0.199671 0.461571 1 0 0
v 0.998218 0.199558 0.461571 1 0 0
v 0.998701 0.19952 0.461571 1 0 0
v 0.999184 0.199558 0.461571 1 0 0
v 0.999656 0.199671 0.461571 1 0 0
v 1.0001 0.199856 0.461571 1 0 0
v 1.00052 0.20011 0.461571 1 0 0
v 1.00089 0.200425 0.461571 1 0 0
v 1.0012 0.200793 0.461571 1 0 0
v 1.00145 0.201207 0.461571 1 0 0
v 1.00164 0.201655 0.461571 1 0 0
v 1.00175 0.202126 0.461571 1 0 0
v 1.00324 0.20261 0.46097 1 0 0
v 1.00318 0.20332 0.46097 1 0 0
v 1.00302 0.204013 0.46097 1 0 0
v 1.00275 0.204671 0.46097 1 0 0
v 1.00237 0.205278 0.46097 1 0 0
v 1.00191 0.20582 0.46097 1 0 0
v 1.00137 0.206283 0.46097 1 0 0
v 1.00076 0.206655 0.46097 1 0 0
v 1.0001 0.206927 0.46097 1 0 0
v 0.999411 0.207094 0.46097 1 0 0
v 0.998701 0.20715 0.46097 1 0 0
v 0.997991 0.207094 0.46097 1 0 0
v 0.997298 0.206927 0.46097 1 0 0
v 0.99664 0.206655 0.46097 1 0 0
v 0.996032 0.206283 0.46097 1 0 0
v 0.995491 0.20582 0.46097 1 0 0
v 0.995028 0.205278 0.46097 1 0 0
v 0.994656 0.204671 0.46097 1 0 0
v 0.994383 0.204013 0.46097 1 0 0
v 0.994217 0.20332 0.46097 1 0 0
v 0.994161 0.20261 0.46097 1 0 0
v 0.994217 0.2019 0.46097 1 0 0
v 0.994383 0.201207 0.46097 1 0 0
v 0.994656 0.200549 0.46097 1 0 0
v 0.995028 0.199941 0.46097 1 0 0
v 0.995491 0.1994 0.46097 1 0 0
v 0.996032 0.198937 0.46097 1 0 0
v 0.99664 0.198565 0.46097 1 0 0
v 0.997298 0.198292 0.46097 1 0 0
v 0.997991 0.198126 0.46097 1 0 0
v 0.998701 0.19807 0.46097 1 0 0
v 0.999411 0.198126 0.46097 1 0 0
v 1.0001 0.198292 0.46097 1 0 0
v 1.00076 0.198565 0.46097 1 0 0
v 1.00137 0.198937 0.46097 1 0 0
v 1.00191 0.1994 0.46097 1 0 0
v 1.00237 0.199941 0.46097 1 0 0
v 1.00275 0.200549 0.46097 1 0 0
v 1.00302 0.201207 0.46097 1 0 0
v 1.00318 0.2019 0.46097 1 0 0
v 1.00458 0.20261 0.46015 1 0 0
v 1.00451 0.203529 0.46015 1 0 0
v 1.00429 0.204426 0.46015 1 0 0
v 1.00394 0.205278 0.46015 1 0 0
v 1.00346 0.206065 0.46015 1 0 0
v 1.00286 0.206766 0.46015 1 0 0
v 1.00216 0.207365 0.46015 1 0 0
v 1.00137 0.207847 0.46015 1 0 0
v 1.00052 0.2082 0.46015 1 0 0
v 0.99962 0.208415 0.46015 1 0 0
v 0.998701 0.208488 0.46015 1 0 0
v 0.997781 0.208415 0.46015 1 0 0
v 0.996885 0.2082 0.46015 1 0 0
v 0.996032 0.207847 0.46015 1 0 0
v 0.995246 0.207365 0.46015 1 0 0
v 0.994545 0.206766 0.46015 1 0 0
v 0.993946 0.206065 0.46015 1 0 0
v 0.993464 0.205278 0.46015 1 0 0
v 0.993111 0.204426 0.46015 1 0 0
v 0.992895 0.203529 0.46015 1 0 0
v 0.992823 0.20261 0.46015 1 0 0
v 0.992895 0.20169 0.46015 1 0 0
v 0.993111 0.200793 0.46015 1 0 0
v 0.993464 0.199941 0.46015 1 0 0
v 0.993946 0.199155 0.46015 1 0 0
v 0.994545 0.198454 0.46015 1 0 0
v 0.995246 0.197855 0.46015 1 0 0
v 0.996032 0.197373 0.46015 1 0 0
v 0.996885 0.19702 0.46015 1 0 0
v 0.997781 0.196804 0.46015 1 0 0
v 0.998701 0.196732 0.46015 1 0 0
v 0.99962 0.196804 0.46015 1 0 0
v 1.00052 0.19702 0.46015 1 0 0
v 1.00137 0.197373 0.46015 1 0 0
v 1.00216 0.197855 0.46015 1 0 0
v 1.00286 0.198454 0.46015 1 0 0
v 1.00346 0.199155 0.46015 1 0 0
v 1.00394 0.199941 0.46015 1 0 0
v 1.00429 0.200793 0.46015 1 0 0
v 1.00451 0.20169 0.46015 1 0 0
v 1.00577 0.20261 0.459131 1 0 0
v 1.00568 0.203716 0.459131 1 0 0
v 1.00543 0.204795 0.459131 1 0 0
v 1.005 0.20582 0.459131 1 0 0
v 1.00442 0.206766 0.459131 1 0 0
v 1.0037 0.20761 0.459131 1 0 0
v 1.00286 0.20833 0.459131 1 0 0
v 1.00191 0.20891 0.459131 1 0 0
v 1.00089 0.209335 0.459131 1 0 0
v 0.999807 0.209594 0.459131 1 0 0
v 0.998701 0.209681 0.459131 1 0 0
v 0.997595 0.209594 0.459131 1 0 0
v 0.996516 0.209335 0.459131 1 0 0
v 0.995491 0.20891 0.459131 1 0 0
v 0.994545 0.20833 0.459131 1 0 0
v 0.993701 0.20761 0.459131 1 0 0
v 0.99298 0.206766 0.459131 1 0 0
v 0.992401 0.20582 0.459131 1 0 0
v 0.991976 0.204795 0.459131 1 0 0
v 0.991717 0.203716 0.459131 1 0 0
v 0.99163 0.20261 0.459131 1 0 0
v 0.991717 0.201504 0.459131 1 0 0
v 0.991976 0.200425 0.459131 1 0 0
v 0.992401 0.1994 0.459131 1 0 0
v 0.99298 0.198454 0.459131 1 0 0
v 0.993701 0.19761 0.459131 1 0 0
v 0.994545 0.196889 0.459131 1 0 0
v 0.995491 0.196309 0.459131 1 0 0
v 0.996516 0.195885 0.459131 1 0 0
v 0.997595 0.195626 0.459131 1 0 0
v 0.998701 0.195539 0.459131 1 0 0
v 0.999807 0.195626 0.459131 1 0 0
v 1.00089 0.195885 0.459131 1 0 0
v 1.00191 0.196309 0.459131 1 0 0
v 1.00286 0.196889 0.459131 1 0 0
v 1.0037 0.19761 0.459131 1 0 0
v 1.00442 0.198454 0.459131 1 0 0
v 1.005 0.1994 0.459131 1 0 0
v 1.00543 0.200425 0.459131 1 0 0
v 1.00568 0.201504 0.459131 1 0 0
v 1.00679 0.20261 0.457938 1 0 0
v 1.00669 0.203875 0.457938 1 0 0
v 1.0064 0.20511 0.457938 1 0 0
v 1.00591 0.206283 0.457938 1 0 0
v 1.00525 0.207365 0.457938 1 0 0
v 1.00442 0.20833 0.457938 1 0 0
v 1.00346 0.209155 0.457938 1 0 0
v 1.00237 0.209818 0.457938 1 0 0
v 1.0012 0.210304 0.457938 1 0 0
v 0.999967 0.2106 0.457938 1 0 0
v 0.998701 0.2107 0.457938 1 0 0
v 0.997435 0.2106 0.457938 1 0 0
v 0.996201 0.210304 0.457938 1 0 0
v 0.995028 0.209818 0.457938 1 0 0
v 0.993946 0.209155 0.457938 1 0 0
v 0.99298 0.20833 0.457938 1 0 0
v 0.992156 0.207365 0.457938 1 0 0
v 0.991493 0.206283 0.457938 1 0 0
v 0.991007 0.20511 0.457938 1 0 0
v 0.99071 0.203875 0.457938 1 0 0
v 0.990611 0.20261 0.457938 1 0 0
v 0.99071 0.201344 0.457938 1 0 0
v 0.991007 0.20011 0.457938 1 0 0
v 0.991493 0.198937 0.457938 1 0 0
v 0.992156 0.197855 0.457938 1 0 0
v 0.99298 0.196889 0.457938 1 0 0
v 0.993946 0.196065 0.457938 1 0 0
v 0.995028 0.195401 0.457938 1 0 0
v 0.996201 0.194916 0.457938 1 0 0
v 0.997435 0.194619 0.457938 1 0 0
v 0.998701 0.19452 0.457938 1 0 0
v 0.999967 0.194619 0.457938 1 0 0
v 1.0012 0.194916 0.457938 1 0 0
v 1.00237 0.195401 0.457938 1 0 0
v 1.00346 0.196065 0.457938 1 0 0
v 1.00442 0.196889 0.457938 1 0 0
v 1.00525 0.197855 0.457938 1 0 0
v 1.00591 0.198937 0.457938 1 0 0
v 1.0064 0.20011 0.457938 1 0 0
v 1.00669 0.201344 0.457938 1 0 0
v 1.00761 0.20261 0.4566 1 0 0
v 1.0075 0.204004 0.4566 1 0 0
v 1.00717 0.205363 0.4566 1 0 0
v 1.00664 0.206655 0.4566 1 0 0
v 1.00591 0.207847 0.4566 1 0 0
v 1.005 0.20891 0.4566 1 0 0
v 1.00394 0.209818 0.4566 1 0 0
v 1.00275 0.210549 0.4566 1 0 0
v 1.00145 0.211084 0.4566 1 0 0
v 1.00009 0.21141 0.4566 1 0 0
v 0.998701 0.21152 0.4566 1 0 0
v 0.997307 0.21141 0.4566 1 0 0
v 0.995948 0.211084 0.4566 1 0 0
v 0.994656 0.210549 0.4566 1 0 0
v 0.993464 0.209818 0.4566 1 0 0
v 0.992401 0.20891 0.4566 1 0 0
v 0.991493 0.207847 0.4566 1 0 0
v 0.990762 0.206655 0.4566 1 0 0
v 0.990227 0.205363 0.4566 1 0 0
v 0.989901 0.204004 0.4566 1 0 0
v 0.989791 0.20261 0.4566 1 0 0
v 0.989901 0.201216 0.4566 1 0 0
v 0.990227 0.199856 0.4566 1 0 0
v 0.990762 0.198565 0.4566 1 0 0
v 0.991493 0.197373 0.4566 1 0 0
v 0.992401 0.196309 0.4566 1 0 0
v 0.993464 0.195401 0.4566 1 0 0
v 0.994656 0.194671 0.4566 1 0 0
v 0.995948 0.194136 0.4566 1 0 0
v 0.997307 0.193809 0.4566 1 0 0
v 0.998701 0.1937 0.4566 1 0 0
v 1.00009 0.193809 0.4566 1 0 0
v 1.00145 0.194136 0.4566 1 0 0
v 1.00275 0.194671 0.4566 1 0 0
v 1.00394 0.195401 0.4566 1 0 0
v 1.005 0.196309 0.4566 1 0 0
v 1.00591 0.197373 0.4566 1 0 0
v 1.00664 0.198565 0.4566 1 0 0
v 1.00717 0.199856 0.4566 1 0 0
v 1.0075 0.201216 0.4566 1 0 0
v 1.00821 0.20261 0.45515 1 0 0
v 1.00809 0.204098 0.45515 1 0 0
v 1.00775 0.205549 0.45515 1 0 0
v 1.00717 0.206927 0.45515 1 0 0
v 1.0064 0.2082 0.45515 1 0 0
v 1.00543 0.209335 0.45515 1 0 0
v 1.00429 0.210304 0.45515 1 0 0
v 1.00302 0.211084 0.45515 1 0 0
v 1.00164 0.211655 0.45515 1 0 0
v 1.00019 0.212003 0.45515 1 0 0
v 0.998701 0.21212 0.45515 1 0 0
v 0.997213 0.212003 0.45515 1 0 0
v 0.995762 0.211655 0.45515 1 0 0
v 0.994383 0.211084 0.45515 1 0 0
v 0.993111 0.210304 0.45515 1 0 0
v 0.991976 0.209335 0.45515 1 0 0
v 0.991007 0.2082 0.45515 1 0 0
v 0.990227 0.206927 0.45515 1 0 0
v 0.989656 0.205549 0.45515 1 0 0
v 0.989307 0.204098 0.45515 1 0 0
v 0.98919 0.20261 0.45515 1 0 0
v 0.989307 0.201122 0.45515 1 0 0
v 0.989656 0.199671 0.45515 1 0 0
v 0.990227 0.198292 0.45515 1 0 0
v 0.991007 0.19702 0.45515 1 0 0
v 0.991976 0.195885 0.45515 1 0 0
v 0.993111 0.194916 0.45515 1 0 0
v 0.994383 0.194136 0.45515 1 0 0
v 0.995762 0.193565 0.45515 1 0 0
v 0.997213 0.193216 0.45515 1 0 0
v 0.998701 0.193099 0.45515 1 0 0
v 1.00019 0.193216 0.45515 1 0 0
v 1.00164 0.193565 0.45515 1 0 0
v 1.00302 0.194136 0.45515 1 0 0
v 1.00429 0.194916 0.45515 1 0 0
v 1.00543 0.195885 0.45515 1 0 0
v 1.0064 0.19702 0.45515 1 0 0
v 1.00717 0.198292 0.45515 1 0 0
v 1.00775 0.199671 0.45515 1 0 0
v 1.00809 0.201122 0.45515 1 0 0
v 1.00858 0.20261 0.453624 1 0 0
v 1.00846 0.204155 0.453624 1 0 0
v 1.00809 0.205662 0.453624 1 0 0
v 1.0075 0.207094 0.453624 1 0 0
v 1.00669 0.208415 0.453624 1 0 0
v 1.00568 0.209594 0.453624 1 0 0
v 1.00451 0.2106 0.453624 1 0 0
v 1.00318 0.21141 0.453624 1 0 0
v 1.00175 0.212003 0.453624 1 0 0
v 1.00025 0.212365 0.453624 1 0 0
v 0.998701 0.212487 0.453624 1 0 0
v 0.997156 0.212365 0.453624 1 0 0
v 0.995649 0.212003 0.453624 1 0 0
v 0.994217 0.21141 0.453624 1 0 0
v 0.992895 0.2106 0.453624 1 0 0
v 0.991717 0.209594 0.453624 1 0 0
v 0.99071 0.208415 0.453624 1 0 0
v 0.989901 0.207094 0.453624 1 0 0
v 0.989307 0.205662 0.453624 1 0 0
v 0.988946 0.204155 0.453624 1 0 0
v 0.988824 0.20261 0.453624 1 0 0
v 0.988946 0.201065 0.453624 1 0 0
v 0.989307 0.199558 0.453624 1 0 0
v 0.989901 0.198126 0.453624 1 0 0
v 0.99071 0.196804 0.453624 1 0 0
v 0.991717 0.195626 0.453624 1 0 0
v 0.992895 0.194619 0.453624 1 0 0
v 0.994217 0.193809 0.453624 1 0 0
v 0.995649 0.193216 0.453624 1 0 0
v 0.997156 0.192855 0.453624 1 0 0
v 0.998701 0.192733 0.453624 1 0 0
v 1.00025 0.192855 0.453624 1 0 0
v 1.00175 0.193216 0.453624 1 0 0
v 1.00318 0.193809 0.453624 1 0 0
v 1.00451 0.194619 0.453624 1 0 0
v 1.00568 0.195626 0.453624 1 0 0
v 1.00669 0.196804 0.453624 1 0 0
v 1.0075 0.198126 0.453624 1 0 0
v 1.00809 0.199558 0.453624 1 0 0
v 1.00846 0.201065 0.453624 1 0 0
v 1.0087 0.20261 0.45206 1 0 0
v 1.00858 0.204174 0.45206 1 0 0
v 1.00821 0.2057 0.45206 1 0 0
v 1.00761 0.20715 0.45206 1 0 0
v 1.00679 0.208488 0.45206 1 0 0
v 1.00577 0.209681 0.45206 1 0 0
v 1.00458 0.2107 0.45206 1 0 0
v 1.00324 0.21152 0.45206 1 0 0
v 1.00179 0.21212 0.45206 1 0 0
v 1.00027 0.212487 0.45206 1 0 0
v 0.998701 0.21261 0.45206 1 0 0
v 0.997137 0.212487 0.45206 1 0 0
v 0.995611 0.21212 0.45206 1 0 0
v 0.994161 0.21152 0.45206 1 0 0
v 0.992823 0.2107 0.45206 1 0 0
v 0.99163 0.209681 0.45206 1 0 0
v 0.990611 0.208488 0.45206 1 0 0
v 0.989791 0.20715 0.45206 1 0 0
v 0.98919 0.2057 0.45206 1 0 0
v 0.988824 0.204174 0.45206 1 0 0
v 0.988701 0.20261 0.45206 1 0 0
v 0.988824 0.201045 0.45206 1 0 0
v 0.98919 0.19952 0.45206 1 0 0
v 0.989791 0.19807 0.45206 1 0 0
v 0.990611 0.196732 0.45206 1 0 0
v 0.99163 0.195539 0.45206 1 0 0
v 0.992823 0.19452 0.45206 1 0 0
v 0.994161 0.1937 0.45206 1 0 0
v 0.995611 0.193099 0.45206 1 0 0
v 0.997137 0.192733 0.45206 1 0 0
v 0.998701 0.19261 0.45206 1 0 0
v 1.00027 0.192733 0.45206 1 0 0
v 1.00179 0.193099 0.45206 1 0 0
v 1.00324 0.1937 0.45206 1 0 0
v 1.00458 0.19452 0.45206 1 0 0
v 1.00577 0.195539 0.45206 1 0 0
v 1.00679 0.196732 0.45206 1 0 0
v 1.00761 0.19807 0.45206 1 0 0
v 1.00821 0.19952 0.45206 1 0 0
v 1.00858 0.201045 0.45206 1 0 0
v 1.00858 0.20261 0.450496 1 0 0
v 1.00846 0.204155 0.450496 1 0 0
v 1.00809 0.205662 0.450496 1 0 0
v 1.0075 0.207094 0.450496 1 0 0
v 1.00669 0.208415 0.450496 1 0 0
v 1.00568 0.209594 0.450496 1 0 0
v 1.00451 0.2106 0.450496 1 0 0
v 1.00318 0.21141 0.450496 1 0 0
v 1.00175 0.212003 0.450496 1 0 0
v 1.00025 0.212365 0.450496 1 0 0
v 0.998701 0.212487 0.450496 1 0 0
v 0.997156 0.212365 0.450496 1 0 0
v 0.995649 0.212003 0.450496 1 0 0
v 0.994217 0.21141 0.450496 1 0 0
v 0.992895 0.2106 0.450496 1 0 0
v 0.991717 0.209594 0.450496 1 0 0
v 0.99071 0.208415 0.450496 1 0 0
v 0.989901 0.207094 0.450496 1 0 0
v 0.989307 0.205662 0.450496 1 0 0
v 0.988946 0.204155 0.450496 1 0 0
v 0.988824 0.20261 0.450496 1 0 0
v 0.988946 0.201065 0.450496 1 0 0
v 0.989307 0.199558 0.450496 1 0 0
v 0.989901 0.198126 0.450496 1 0 0
v 0.99071 0.196804 0.450496 1 0 0
v 0.991717 0.195626 0.450496 1 0 0
v 0.992895 0.194619 0.450496 1 0 0
v 0.994217 0.193809 0.450496 1 0 0
v 0.995649 0.193216 0.450496 1 0 0
v 0.997156 0.192855 0.450496 1 0 0
v 0.998701 0.192733 0.450496 1 0 0
v 1.00025 0.192855 0.450496 1 0 0
v 1.00175 0.193216 0.450496 1 0 0
v 1.00318 0.193809 0.450496 1 0 0
v 1.00451 0.194619 0.450496 1 0 0
v 1.00568 0.195626 0.450496 1 0 0
v 1.00669 0.196804 0.450496 1 0 0
v 1.0075 0.198126 0.450496 1 0 0
v 1.00809 0.199558 0.450496 1 0 0
v 1.00846 0.201065 0.450496 1 0 0
v 1.00821 0.20261 0.44897 1 0 0
v 1.00809 0.204098 0.44897 1 0 0
v 1.00775 0.205549 0.44897 1 0 0
v 1.00717 0.206927 0.44897 1 0 0
v 1.0064 0.2082 0.44897 1 0 0
v 1.00543 0.209335 0.44897 1 0 0
v 1.00429 0.210304 0.44897 1 0 0
v 1.00302 0.211084 0.44897 1 0 0
v 1.00164 0.211655 0.44897 1 0 0
v 1.00019 0.212003 0.44897 1 0 0
v 0.998701 0.21212 0.44897 1 0 0
v 0.997213 0.212003 0.44897 1 0 0
v 0.995762 0.211655 0.44897 1 0 0
v 0.994383 0.211084 0.44897 1 0 0
v 0.993111 0.210304 0.44897 1 0 0
v 0.991976 0.209335 0.44897 1 0 0
v 0.991007 0.2082 0.44897 1 0 0
v 0.990227 0.206927 0.44897 1 0 0
v 0.989656 0.205549 0.44897 1 0 0
v 0.989307 0.204098 0.44897 1 0 0
v 0.98919 0.20261 0.44897 1 0 0
v 0.989307 0.201122 0.44897 1 0 0
v 0.989656 0.199671 0.44897 1 0 0
v 0.990227 0.198292 0.44897 1 0 0
v 0.991007 0.19702 0.44897 1 0 0
v 0.991976 0.195885 0.44897 1 0 0
v 0.993111 0.194916 0.44897 1 0 0
v 0.994383 0.194136 0.44897 1 0 0
v 0.995762 0.193565 0.44897 1 0 0
v 0.997213 0.193216 0.44897 1 0 0
v 0.998701 0.193099 0.44897 1 0 0
v 1.00019 0.193216 0.44897 1 0 0
v 1.00164 0.193565 0.44897 1 0 0
v 1.00302 0.194136 0.44897 1 0 0
v 1.00429 0.194916 0.44897 1 0 0
v 1.00543 0.195885 0.44897 1 0 0
v 1.0064 0.19702 0.44897 1 0 0
v 1.00717 0.198292 0.44897 1 0 0
v 1.00775 0.199671 0.44897 1 0 0
v 1.00809 0.201122 0.44897 1 0 0
v 1.00761 0.20261 0.44752 1 0 0
v 1.0075 0.204004 0.44752 1 0 0
v 1.00717 0.205363 0.44752 1 0 0
v 1.00664 0.206655 0.44752 1 0 0
v 1.00591 0.207847 0.44752 1 0 0
v 1.005 0.20891 0.44752 1 0 0
v 1.00394 0.209818 0.44752 1 0 0
v 1.00275 0.210549 0.44752 1 0 0
v 1.00145 0.211084 0.44752 1 0 0
v 1.00009 0.21141 0.44752 1 0 0
v 0.998701 0.21152 0.44752 1 0 0
v 0.997307 0.21141 0.44752 1 0 0
v 0.995948 0.211084 0.44752 1 0 0
v 0.994656 0.210549 0.44752 1 0 0
v 0.993464 0.209818 0.44752 1 0 0
v 0.992401 0.20891 0.44752 1 0 0
v 0.991493 0.207847 0.44752 1 0 0
v 0.990762 0.206655 0.44752 1 0 0
v 0.990227 0.205363 0.44752 1 0 0
v 0.989901 0.204004 0.44752 1 0 0
v 0.989791 0.20261 0.44752 1 0 0
v 0.989901 0.201216 0.44752 1 0 0
v 0.990227 0.199856 0.44752 1 0 0
v 0.990762 0.198565 0.44752 1 0 0
v 0.991493 0.197373 0.44752 1 0 0
v 0.992401 0.196309 0.44752 1 0 0
v 0.993464 0.195401 0.44752 1 0 0
v 0.994656 0.194671 0.44752 1 0 0
v 0.995948 0.194136 0.44752 1 0 0
v 0.997307 0.193809 0.44752 1 0 0
v 0.998701 0.1937 0.44752 1 0 0
v 1.00009 0.193809 0.44752 1 0 0
v 1.00145 0.194136 0.44752 1 0 0
v 1.00275 0.194671 0.44752 1 0 0
v 1.00394 0.195401 0.44752 1 0 0
v 1.005 0.196309 0.44752 1 0 0
v 1.00591 0.197373 0.44752 1 0 0
v 1.00664 0.198565 0.44752 1 0 0
v 1.00717 0.199856 0.44752 1 0 0
v 1.0075 0.201216 0.44752 1 0 0
v 1.00679 0.20261 0.446182 1 0 0
v 1.00669 0.203875 0.446182 1 0 0
v 1.0064 0.20511 0.446182 1 0 0
v 1.00591 0.206283 0.446182 1 0 0
v 1.00525 0.207365 0.446182 1 0 0
v 1.00442 0.20833 0.446182 1 0 0
v 1.00346 0.209155 0.446182 1 0 0
v 1.00237 0.209818 0.446182 1 0 0
v 1.0012 0.210304 0.446182 1 0 0
v 0.999967 0.2106 0.446182 1 0 0
v 0.998701 0.2107 0.446182 1 0 0
v 0.997435 0.2106 0.446182 1 0 0
v 0.996201 0.210304 0.446182 1 0 0
v 0.995028 0.209818 0.446182 1 0 0
v 0.993946 0.209155 0.446182 1 0 0
v 0.99298 0.20833 0.446182 1 0 0
v 0.992156 0.207365 0.446182 1 0 0
v 0.991493 0.206283 0.446182 1 0 0
v 0.991007 0.20511 0.446182 1 0 0
v 0.99071 0.203875 0.446182 1 0 0
v 0.990611 0.20261 0.446182 1 0 0
v 0.99071 0.201344 0.446182 1 0 0
v 0.991007 0.20011 0.446182 1 0 0
v 0.991493 0.198937 0.446182 1 0 0
v 0.992156 0.197855 0.446182 1 0 0
v 0.99298 0.196889 0.446182 1 0 0
v 0.993946 0.196065 0.446182 1 0 0
v 0.995028 0.195401 0.446182 1 0 0
v 0.996201 0.194916 0.446182 1 0 0
v 0.997435 0.194619 0.446182 1 0 0
v 0.998701 0.19452 0.446182 1 0 0
v 0.999967 0.194619 0.446182 1 0 0
v 1.0012 0.194916 0.446182 1 0 0
v 1.00237 0.195401 0.446182 1 0 0
v 1.00346 0.196065 0.446182 1 0 0
v 1.00442 0.196889 0.446182 1 0 0
v 1.00525 0.197855 0.446182 1 0 0
v 1.00591 0.198937 0.446182 1 0 0
v 1.0064 0.20011 0.446182 1 0 0
v 1.00669 0.201344 0.446182 1 0 0
v 1.00577 0.20261 0.444989 1 0 0
v 1.00568 0.203716 0.444989 1 0 0
v 1.00543 0.204795 0.444989 1 0 0
v 1.005 0.20582 0.444989 1 0 0
v 1.00442 0.206766 0.444989 1 0 0
v 1.0037 0.20761 0.444989 1 0 0
v 1.00286 0.20833 0.444989 1 0 0
v 1.00191 0.20891 0.444989 1 0 0
v 1.00089 0.209335 0.444989 1 0 0
v 0.999807 0.209594 0.444989 1 0 0
v 0.998701 0.209681 0.444989 1 0 0
v 0.997595 0.209594 0.444989 1 0 0
v 0.996516 0.209335 0.444989 1 0 0
v 0.995491 0.20891 0.444989 1 0 0
v 0.994545 0.20833 0.444989 1 0 0
v 0.993701 0.20761 0.444989 1 0 0
v 0.99298 0.206766 0.444989 1 0 0
v 0.992401 0.20582 0.444989 1 0 0
v 0.991976 0.204795 0.444989 1 0 0
v 0.991717 0.203716 0.444989 1 0 0
v 0.99163 0.20261 0.444989 1 0 0
v 0.991717 0.201504 0.444989 1 0 0
v 0.991976 0.200425 0.444989 1 0 0
v 0.992401 0.1994 0.444989 1 0 0
v 0.99298 0.198454 0.444989 1 0 0
v 0.993701 0.19761 0.444989 1 0 0
v 0.994545 0.196889 0.444989 1 0 0
v 0.995491 0.196309 0.444989 1 0 0
v 0.996516 0.195885 0.444989 1 0 0
v 0.997595 0.195626 0.444989 1 0 0
v 0.998701 0.195539 0.444989 1 0 0
v 0.999807 0.195626 0.444989 1 0 0
v 1.00089 0.195885 0.444989 1 0 0
v 1.00191 0.196309 0.444989 1 0 0
v 1.00286 0.196889 0.444989 1 0 0
v 1.0037 0.19761 0.444989 1 0 0
v 1.00442 0.198454 0.444989 1 0 0
v 1.005 0.1994 0.444989 1 0 0
v 1.00543 0.200425 0.444989 1 0 0
v 1.00568 0.201504 0.444989 1 0 0
v 1.00458 0.20261 0.44397 1 0 0
v 1.00451 0.203529 0.44397 1 0 0
v 1.00429 0.204426 0.44397 1 0 0
v 1.00394 0.205278 0.44397 1 0 0
v 1.00346 0.206065 0.44397 1 0 0
v 1.00286 0.206766 0.44397 1 0 0
v 1.00216 0.207365 0.44397 1 0 0
v 1.00137 0.207847 0.44397 1 0 0
v 1.00052 0.2082 0.44397 1 0 0
v 0.99962 0.208415 0.44397 1 0 0
v 0.998701 0.208488 0.44397 1 0 0
v 0.997781 0.208415 0.44397 1 0 0
v 0.996885 0.2082 0.44397 1 0 0
v 0.996032 0.207847 0.44397 1 0 0
v 0.995246 0.207365 0.44397 1 0 0
v 0.994545 0.206766 0.44397 1 0 0
v 0.993946 0.206065 0.44397 1 0 0
v 0.993464 0.205278 0.44397 1 0 0
v 0.993111 0.204426 0.44397 1 0 0
v 0.992895 0.203529 0.44397 1 0 0
v 0.992823 0.20261 0.44397 1 0 0
v 0.992895 0.20169 0.44397 1 0 0
v 0.993111 0.200793 0.44397 1 0 0
v 0.993464 0.199941 0.44397 1 0 0
v 0.993946 0.199155 0.44397 1 0 0
v 0.994545 0.198454 0.44397 1 0 0
v 0.995246 0.197855 0.44397 1 0 0
v 0.996032 0.197373 0.44397 1 0 0
v 0.996885 0.19702 0.44397 1 0 0
v 0.997781 0.196804 0.44397 1 0 0
v 0.998701 0.196732 0.44397 1 0 0
v 0.99962 0.196804 0.44397 1 0 0
v 1.00052 0.19702 0.44397 1 0 0
v 1.00137 0.197373 0.44397 1 0 0
v 1.00216 0.197855 0.44397 1 0 0
v 1.00286 0.198454 0.44397 1 0 0
v 1.00346 0.199155 0.44397 1 0 0
v 1.00394 0.199941 0.44397 1 0 0
v 1.00429 0.200793 0.44397 1 0 0
v 1.00451 0.20169 0.44397 1 0 0
v 1.00324 0.20261 0.44315 1 0 0
v 1.00318 0.20332 0.44315 1 0 0
v 1.00302 0.204013 0.44315 1 0 0
v 1.00275 0.204671 0.44315 1 0 0
v 1.00237 0.205278 0.44315 1 0 0
v 1.00191 0.20582 0.44315 1 0 0
v 1.00137 0.206283 0.44315 1 0 0
v 1.00076 0.206655 0.44315 1 0 0
v 1.0001 0.206927 0.44315 1 0 0
v 0.999411 0.207094 0.44315 1 0 0
v 0.998701 0.20715 0.44315 1 0 0
v 0.997991 0.207094 0.44315 1 0 0
v 0.997298 0.206927 0.44315 1 0 0
v 0.99664 0.206655 0.44315 1 0 0
v 0.996032 0.206283 0.44315 1 0 0
v 0.995491 0.20582 0.44315 1 0 0
v 0.995028 0.205278 0.44315 1 0 0
v 0.994656 0.204671 0.44315 1 0 0
v 0.994383 0.204013 0.44315 1 0 0
v 0.994217 0.20332 0.44315 1 0 0
v 0.994161 0.20261 0.44315 1 0 0
v 0.994217 0.2019 0.44315 1 0 0
v 0.994383 0.201207 0.44315 1 0 0
v 0.994656 0.200549 0.44315 1 0 0
v 0.995028 0.199941 0.44315 1 0 0
v 0.995491 0.1994 0.44315 1 0 0
v 0.996032 0.198937 0.44315 1 0 0
v 0.99664 0.198565 0.44315 1 0 0
v 0.997298 0.198292 0.44315 1 0 0
v 0.997991 0.198126 0.44315 1 0 0
v 0.998701 0.19807 0.44315 1 0 0
v 0.999411 0.198126 0.44315 1 0 0
v 1.0001 0.198292 0.44315 1 0 0
v 1.00076 0.198565 0.44315 1 0 0
v 1.00137 0.198937 0.44315 1 0 0
v 1.00191 0.1994 0.44315 1 0 0
v 1.00237 0.199941 0.44315 1 0 0
v 1.00275 0.200549 0.44315 1 0 0
v 1.00302 0.201207 0.44315 1 0 0
v 1.00318 0.2019 0.44315 1 0 0
v 1.00179 0.20261 0.44255 1 0 0
v 1.00175 0.203093 0.44255 1 0 0
v 1.00164 0.203565 0.44255 1 0 0
v 1.00145 0.204013 0.44255 1 0 0
v 1.0012 0.204426 0.44255 1 0 0
v 1.00089 0.204795 0.44255 1 0 0
v 1.00052 0.20511 0.44255 1 0 0
v 1.0001 0.205363 0.44255 1 0 0
v 0.999656 0.205549 0.44255 1 0 0
v 0.999184 0.205662 0.44255 1 0 0
v 0.998701 0.2057 0.44255 1 0 0
v 0.998218 0.205662 0.44255 1 0 0
v 0.997746 0.205549 0.44255 1 0 0
v 0.997298 0.205363 0.44255 1 0 0
v 0.996885 0.20511 0.44255 1 0 0
v 0.996516 0.204795 0.44255 1 0 0
v 0.996201 0.204426 0.44255 1 0 0
v 0.995948 0.204013 0.44255 1 0 0
v 0.995762 0.203565 0.44255 1 0 0
v 0.995649 0.203093 0.44255 1 0 0
v 0.995611 0.20261 0.44255 1 0 0
v 0.995649 0.202126 0.44255 1 0 0
v 0.995762 0.201655 0.44255 1 0 0
v 0.995948 0.201207 0.44255 1 0 0
v 0.996201 0.200793 0.44255 1 0 0
v 0.996516 0.200425 0.44255 1 0 0
v 0.996885 0.20011 0.44255 1 0 0
v 0.997298 0.199856 0.44255 1 0 0
v 0.997746 0.199671 0.44255 1 0 0
v 0.998218 0.199558 0.44255 1 0 0
v 0.998701 0.19952 0.44255 1 0 0
v 0.999184 0.199558 0.44255 1 0 0
v 0.999656 0.199671 0.44255 1 0 0
v 1.0001 0.199856 0.44255 1 0 0
v 1.00052 0.20011 0.44255 1 0 0
v 1.00089 0.200425 0.44255 1 0 0
v 1.0012 0.200793 0.44255 1 0 0
v 1.00145 0.201207 0.44255 1 0 0
v 1.00164 0.201655 0.44255 1 0 0
v 1.00175 0.202126 0.44255 1 0 0
v 1.00027 0.20261 0.442183 1 0 0
v 1.00025 0.202855 0.442183 1 0 0
v 1.00019 0.203093 0.442183 1 0 0
v 1.00009 0.20332 0.442183 1 0 0
v 0.999967 0.203529 0.442183 1 0 0
v 0.999807 0.203716 0.442183 1 0 0
v 0.99962 0.203875 0.442183 1 0 0
v 0.999411 0.204004 0.442183 1 0 0
v 0.999184 0.204098 0.442183 1 0 0
v 0.998946 0.204155 0.442183 1 0 0
v 0.998701 0.204174 0.442183 1 0 0
v 0.998456 0.204155 0.442183 1 0 0
v 0.998218 0.204098 0.442183 1 0 0
v 0.997991 0.204004 0.442183 1 0 0
v 0.997781 0.203875 0.442183 1 0 0
v 0.997595 0.203716 0.442183 1 0 0
v 0.997435 0.203529 0.442183 1 0 0
v 0.997307 0.20332 0.442183 1 0 0
v 0.997213 0.203093 0.442183 1 0 0
v 0.997156 0.202855 0.442183 1 0 0
v 0.997137 0.20261 0.442183 1 0 0
v 0.997156 0.202365 0.442183 1 0 0
v 0.997213 0.202126 0.442183 1 0 0
v 0.997307 0.2019 0.442183 1 0 0
v 0.997435 0.20169 0.442183 1 0 0
v 0.997595 0.201504 0.442183 1 0 0
v 0.997781 0.201344 0.442183 1 0 0
v 0.997991 0.201216 0.442183 1 0 0
v 0.998218 0.201122 0.442183 1 0 0
v 0.998456 0.201065 0.442183 1 0 0
v 0.998701 0.201045 0.442183 1 0 0
v 0.998946 0.201065 0.442183 1 0 0
v 0.999184 0.201122 0.442183 1 0 0
v 0.999411 0.201216 0.442183 1 0 0
v 0.99962 0.201344 0.442183 1 0 0
v 0.999807 0.201504 0.442183 1 0 0
v 0.999967 0.20169 0.442183 1 0 0
v 1.00009 0.2019 0.442183 1 0 0
v 1.00019 0.202126 0.442183 1 0 0
v 1.00025 0.202365 0.442183 1 0 0
v 1.00085 0.791307 0.463193 1 0 0
v 1.00085 0.791307 0.443193 1 0 0
v 1.00242 0.791307 0.46307 1 0 0
v 1.0024 0.791552 0.46307 1 0 0
v 1.00234 0.791791 0.46307 1 0 0
v 1.00224 0.792017 0.46307 1 0 0
v 1.00212 0.792227 0.46307 1 0 0
v 1.00196 0.792413 0.46307 1 0 0
v 1.00177 0.792573 0.46307 1 0 0
v 1.00156 0.792701 0.46307 1 0 0
v 1.00133 0.792795 0.46307 1 0 0
v 1.0011 0.792852 0.46307 1 0 0
v 1.00085 0.792871 0.46307 1 0 0
v 1.00061 0.792852 0.46307 1 0 0
v 1.00037 0.792795 0.46307 1 0 0
v 1.00014 0.792701 0.46307 1 0 0
v 0.999932 0.792573 0.46307 1 0 0
v 0.999745 0.792413 0.46307 1 0 0
v 0.999586 0.792227 0.46307 1 0 0
v 0.999457 0.792017 0.46307 1 0 0
v 0.999363 0.791791 0.46307 1 0 0
v 0.999306 0.791552 0.46307 1 0 0
v 0.999287 0.791307 0.46307 1 0 0
v 0.999306 0.791062 0.46307 1 0 0
v 0.999363 0.790824 0.46307 1 0 0
v 0.999457 0.790597 0.46307 1 0 0
v 0.999586 0.790388 0.46307 1 0 0
v 0.999745 0.790201 0.46307 1 0 0
v 0.999932 0.790042 0.46307 1 0 0
v 1.00014 0.789913 0.46307 1 0 0
v 1.00037 0.789819 0.46307 1 0 0
v 1.00061 0.789762 0.46307 1 0 0
v 1.00085 0.789743 0.46307 1 0 0
v 1.0011 0.789762 0.46307 1 0 0
v 1.00133 0.789819 0.46307 1 0 0
v 1.00156 0.789913 0.46307 1 0 0
v 1.00177 0.790042 0.46307 1 0 0
v 1.00196 0.790201 0.46307 1 0 0
v 1.00212 0.790388 0.46307 1 0 0
v 1.00224 0.790597 0.46307 1 0 0
v 1.00234 0.790824 0.46307 1 0 0
v 1.0024 0.791062 0.46307 1 0 0
v 1.00394 0.791307 0.462704 1 0 0
v 1.0039 0.791791 0.462704 1 0 0
v 1.00379 0.792262 0.462704 1 0 0
v 1.0036 0.79271 0.462704 1 0 0
v 1.00335 0.793124 0.462704 1 0 0
v 1.00304 0.793492 0.462704 1 0 0
v 1.00267 0.793807 0.462704 1 0 0
v 1.00225 0.794061 0.462704 1 0 0
v 1.00181 0.794246 0.462704 1 0 0
v 1.00133 0.794359 0.462704 1 0 0
v 1.00085 0.794397 0.462704 1 0 0
v 1.00037 0.794359 0.462704 1 0 0
v 0.999896 0.794246 0.462704 1 0 0
v 0.999448 0.794061 0.462704 1 0 0
v 0.999035 0.793807 0.462704 1 0 0
v 0.998666 0.793492 0.462704 1 0 0
v 0.998351 0.793124 0.462704 1 0 0
v 0.998098 0.79271 0.462704 1 0 0
v 0.997912 0.792262 0.462704 1 0 0
v 0.997799 0.791791 0.462704 1 0 0
v 0.997761 0.791307 0.462704 1 0 0
v 0.997799 0.790824 0.462704 1 0 0
v 0.997912 0.790352 0.462704 1 0 0
v 0.998098 0.789904 0.462704 1 0 0
v 0.998351 0.789491 0.462704 1 0 0
v 0.998666 0.789122 0.462704 1 0 0
v 0.999035 0.788807 0.462704 1 0 0
v 0.999448 0.788554 0.462704 1 0 0
v 0.999896 0.788368 0.462704 1 0 0
v 1.00037 0.788255 0.462704 1 0 0
v 1.00085 0.788217 0.462704 1 0 0
v 1.00133 0.788255 0.462704 1 0 0
v 1.00181 0.788368 0.462704 1 0 0
v 1.00225 0.788554 0.462704 1 0 0
v 1.00267 0.788807 0.462704 1 0 0
v 1.00304 0.789122 0.462704 1 0 0
v 1.00335 0.789491 0.462704 1 0 0
v 1.0036 0.789904 0.462704 1 0 0
v 1.00379 0.790352 0.462704 1 0 0
v 1.0039 0.790824 0.462704 1 0 0
v 1.00539 0.791307 0.462103 1 0 0
v 1.00534 0.792017 0.462103 1 0 0
v 1.00517 0.79271 0.462103 1 0 0
v 1.0049 0.793368 0.462103 1 0 0
v 1.00452 0.793976 0.462103 1 0 0
v 1.00406 0.794517 0.462103 1 0 0
v 1.00352 0.79498 0.462103 1 0 0
v 1.00291 0.795352 0.462103 1 0 0
v 1.00225 0.795625 0.462103 1 0 0
v 1.00156 0.795791 0.462103 1 0 0
v 1.00085 0.795847 0.462103 1 0 0
v 1.00014 0.795791 0.462103 1 0 0
v 0.999448 0.795625 0.462103 1 0 0
v 0.99879 0.795352 0.462103 1 0 0
v 0.998183 0.79498 0.462103 1 0 0
v 0.997641 0.794517 0.462103 1 0 0
v 0.997178 0.793976 0.462103 1 0 0
v 0.996806 0.793368 0.462103 1 0 0
v 0.996533 0.79271 0.462103 1 0 0
v 0.996367 0.792017 0.462103 1 0 0
v 0.996311 0.791307 0.462103 1 0 0
v 0.996367 0.790597 0.462103 1 0 0
v 0.996533 0.789904 0.462103 1 0 0
v 0.996806 0.789246 0.462103 1 0 0
v 0.997178 0.788639 0.462103 1 0 0
v 0.997641 0.788097 0.462103 1 0 0
v 0.998183 0.787634 0.462103 1 0 0
v 0.99879 0.787262 0.462103 1 0 0
v 0.999448 0.786989 0.462103 1 0 0
v 1.00014 0.786823 0.462103 1 0 0
v 1.00085 0.786767 0.462103 1 0 0
v 1.00156 0.786823 0.462103 1 0 0
v 1.00225 0.786989 0.462103 1 0 0
v 1.00291 0.787262 0.462103 1 0 0
v 1.00352 0.787634 0.462103 1 0 0
v 1.00406 0.788097 0.462103 1 0 0
v 1.00452 0.788639 0.462103 1 0 0
v 1.0049 0.789246 0.462103 1 0 0
v 1.00517 0.789904 0.462103 1 0 0
v 1.00534 0.790597 0.462103 1 0 0
v 1.00673 0.791307 0.461283 1 0 0
v 1.00666 0.792227 0.461283 1 0 0
v 1.00644 0.793124 0.461283 1 0 0
v 1.00609 0.793976 0.461283 1 0 0
v 1.00561 0.794762 0.461283 1 0 0
v 1.00501 0.795463 0.461283 1 0 0
v 1.00431 0.796062 0.461283 1 0 0
v 1.00352 0.796544 0.461283 1 0 0
v 1.00267 0.796897 0.461283 1 0 0
v 1.00177 0.797113 0.461283 1 0 0
v 1.00085 0.797185 0.461283 1 0 0
v 0.999932 0.797113 0.461283 1 0 0
v 0.999035 0.796897 0.461283 1 0 0
v 0.998183 0.796544 0.461283 1 0 0
v 0.997396 0.796062 0.461283 1 0 0
v 0.996695 0.795463 0.461283 1 0 0
v 0.996096 0.794762 0.461283 1 0 0
v 0.995614 0.793976 0.461283 1 0 0
v 0.995261 0.793124 0.461283 1 0 0
v 0.995046 0.792227 0.461283 1 0 0
v 0.994973 0.791307 0.461283 1 0 0
v 0.995046 0.790388 0.461283 1 0 0
v 0.995261 0.789491 0.461283 1 0 0
v 0.995614 0.788639 0.461283 1 0 0
v 0.996096 0.787852 0.461283 1 0 0
v 0.996695 0.787151 0.461283 1 0 0
v 0.997396 0.786552 0.461283 1 0 0
v 0.998183 0.78607 0.461283 1 0 0
v 0.999035 0.785717 0.461283 1 0 0
v 0.999932 0.785502 0.461283 1 0 0
v 1.00085 0.785429 0.461283 1 0 0
v 1.00177 0.785502 0.461283 1 0 0
v 1.00267 0.785717 0.461283 1 0 0
v 1.00352 0.78607 0.461283 1 0 0
v 1.00431 0.786552 0.461283 1 0 0
v 1.00501 0.787151 0.461283 1 0 0
v 1.00561 0.787852 0.461283 1 0 0
v 1.00609 0.788639 0.461283 1 0 0
v 1.00644 0.789491 0.461283 1 0 0
v 1.00666 0.790388 0.461283 1 0 0
v 1.00792 0.791307 0.460264 1 0 0
v 1.00784 0.792413 0.460264 1 0 0
v 1.00758 0.793492 0.460264 1 0 0
v 1.00715 0.794517 0.460264 1 0 0
v 1.00657 0.795463 0.460264 1 0 0
v 1.00585 0.796307 0.460264 1 0 0
v 1.00501 0.797028 0.460264 1 0 0
v 1.00406 0.797608 0.460264 1 0 0
v 1.00304 0.798032 0.460264 1 0 0
v 1.00196 0.798291 0.460264 1 0 0
v 1.00085 0.798378 0.460264 1 0 0
v 0.999745 0.798291 0.460264 1 0 0
v 0.998666 0.798032 0.460264 1 0 0
v 0.997641 0.797608 0.460264 1 0 0
v 0.996695 0.797028 0.460264 1 0 0
v 0.995851 0.796307 0.460264 1 0 0
v 0.99513 0.795463 0.460264 1 0 0
v 0.994551 0.794517 0.460264 1 0 0
v 0.994126 0.793492 0.460264 1 0 0
v 0.993867 0.792413 0.460264 1 0 0
v 0.99378 0.791307 0.460264 1 0 0
v 0.993867 0.790201 0.460264 1 0 0
v 0.994126 0.789122 0.460264 1 0 0
v 0.994551 0.788097 0.460264 1 0 0
v 0.99513 0.787151 0.460264 1 0 0
v 0.995851 0.786307 0.460264 1 0 0
v 0.996695 0.785587 0.460264 1 0 0
v 0.997641 0.785007 0.460264 1 0 0
v 0.998666 0.784582 0.460264 1 0 0
v 0.999745 0.784323 0.460264 1 0 0
v 1.00085 0.784236 0.460264 1 0 0
v 1.00196 0.784323 0.460264 1 0 0
v 1.00304 0.784582 0.460264 1 0 0
v 1.00406 0.785007 0.460264 1 0 0
v 1.00501 0.785587 0.460264 1 0 0
v 1.00585 0.786307 0.460264 1 0 0
v 1.00657 0.787151 0.460264 1 0 0
v 1.00715 0.788097 0.460264 1 0 0
v 1.00758 0.789122 0.460264 1 0 0
v 1.00784 0.790201 0.460264 1 0 0
v 1.00894 0.791307 0.459071 1 0 0
v 1.00884 0.792573 0.459071 1 0 0
v 1.00855 0.793807 0.459071 1 0 0
v 1.00806 0.79498 0.459071 1 0 0
v 1.0074 0.796062 0.459071 1 0 0
v 1.00657 0.797028 0.459071 1 0 0
v 1.00561 0.797852 0.459071 1 0 0
v 1.00452 0.798516 0.459071 1 0 0
v 1.00335 0.799001 0.459071 1 0 0
v 1.00212 0.799298 0.459071 1 0 0
v 1.00085 0.799397 0.459071 1 0 0
v 0.999586 0.799298 0.459071 1 0 0
v 0.998351 0.799001 0.459071 1 0 0
v 0.997178 0.798516 0.459071 1 0 0
v 0.996096 0.797852 0.459071 1 0 0
v 0.99513 0.797028 0.459071 1 0 0
v 0.994306 0.796062 0.459071 1 0 0
v 0.993643 0.79498 0.459071 1 0 0
v 0.993157 0.793807 0.459071 1 0 0
v 0.992861 0.792573 0.459071 1 0 0
v 0.992761 0.791307 0.459071 1 0 0
v 0.992861 0.790042 0.459071 1 0 0
v 0.993157 0.788807 0.459071 1 0 0
v 0.993643 0.787634 0.459071 1 0 0
v 0.994306 0.786552 0.459071 1 0 0
v 0.99513 0.785587 0.459071 1 0 0
v 0.996096 0.784762 0.459071 1 0 0
v 0.997178 0.784099 0.459071 1 0 0
v 0.998351 0.783613 0.459071 1 0 0
v 0.999586 0.783317 0.459071 1 0 0
v 1.00085 0.783217 0.459071 1 0 0
v 1.00212 0.783317 0.459071 1 0 0
v 1.00335 0.783613 0.459071 1 0 0
v 1.00452 0.784099 0.459071 1 0 0
v 1.00561 0.784762 0.459071 1 0 0
v 1.00657 0.785587 0.459071 1 0 0
v 1.0074 0.786552 0.459071 1 0 0
v 1.00806 0.787634 0.459071 1 0 0
v 1.00855 0.788807 0.459071 1 0 0
v 1.00884 0.790042 0.459071 1 0 0
v 1.00976 0.791307 0.457733 1 0 0
v 1.00965 0.792701 0.457733 1 0 0
v 1.00933 0.794061 0.457733 1 0 0
v 1.00879 0.795352 0.457733 1 0 0
v 1.00806 0.796544 0.457733 1 0 0
v 1.00715 0.797608 0.457733 1 0 0
v 1.00609 0.798516 0.457733 1 0 0
v 1.0049 0.799246 0.457733 1 0 0
v 1.0036 0.799781 0.457733 1 0 0
v 1.00224 0.800108 0.457733 1 0 0
v 1.00085 0.800217 0.457733 1 0 0
v 0.999457 0.800108 0.457733 1 0 0
v 0.998098 0.799781 0.457733 1 0 0
v 0.996806 0.799246 0.457733 1 0 0
v 0.995614 0.798516 0.457733 1 0 0
v 0.994551 0.797608 0.457733 1 0 0
v 0.993643 0.796544 0.457733 1 0 0
v 0.992912 0.795352 0.457733 1 0 0
v 0.992377 0.794061 0.457733 1 0 0
v 0.992051 0.792701 0.457733 1 0 0
v 0.991941 0.791307 0.457733 1 0 0
v 0.992051 0.789913 0.457733 1 0 0
v 0.992377 0.788554 0.457733 1 0 0
v 0.992912 0.787262 0.457733 1 0 0
v 0.993643 0.78607 0.457733 1 0 0
v 0.994551 0.785007 0.457733 1 0 0
v 0.995614 0.784099 0.457733 1 0 0
v 0.996806 0.783368 0.457733 1 0 0
v 0.998098 0.782833 0.457733 1 0 0
v 0.999457 0.782507 0.457733 1 0 0
v 1.00085 0.782397 0.457733 1 0 0
v 1.00224 0.782507 0.457733 1 0 0
v 1.0036 0.782833 0.457733 1 0 0
v 1.0049 0.783368 0.457733 1 0 0
v 1.00609 0.784099 0.457733 1 0 0
v 1.00715 0.785007 0.457733 1 0 0
v 1.00806 0.78607 0.457733 1 0 0
v 1.00879 0.787262 0.457733 1 0 0
v 1.00933 0.788554 0.457733 1 0 0
v 1.00965 0.789913 0.457733 1 0 0
v 1.01036 0.791307 0.456283 1 0 0
v 1.01024 0.792795 0.456283 1 0 0
v 1.0099 0.794246 0.456283 1 0 0
v 1.00933 0.795625 0.456283 1 0 0
v 1.00855 0.796897 0.456283 1 0 0
v 1.00758 0.798032 0.456283 1 0 0
v 1.00644 0.799001 0.456283 1 0 0
v 1.00517 0.799781 0.456283 1 0 0
v 1.00379 0.800352 0.456283 1 0 0
v 1.00234 0.800701 0.456283 1 0 0
v 1.00085 0.800818 0.456283 1 0 0
v 0.999363 0.800701 0.456283 1 0 0
v 0.997912 0.800352 0.456283 1 0 0
v 0.996533 0.799781 0.456283 1 0 0
v 0.995261 0.799001 0.456283 1 0 0
v 0.994126 0.798032 0.456283 1 0 0
v 0.993157 0.796897 0.456283 1 0 0
v 0.992377 0.795625 0.456283 1 0 0
v 0.991806 0.794246 0.456283 1 0 0
v 0.991458 0.792795 0.456283 1 0 0
v 0.991341 0.791307 0.456283 1 0 0
v 0.991458 0.789819 0.456283 1 0 0
v 0.991806 0.788368 0.456283 1 0 0
v 0.992377 0.786989 0.456283 1 0 0
v 0.993157 0.785717 0.456283 1 0 0
v 0.994126 0.784582 0.456283 1 0 0
v 0.995261 0.783613 0.456283 1 0 0
v 0.996533 0.782833 0.456283 1 0 0
v 0.997912 0.782262 0.456283 1 0 0
v 0.999363 0.781914 0.456283 1 0 0
v 1.00085 0.781797 0.456283 1 0 0
v 1.00234 0.781914 0.456283 1 0 0
v 1.00379 0.782262 0.456283 1 0 0
v 1.00517 0.782833 0.456283 1 0 0
v 1.00644 0.783613 0.456283 1 0 0
v 1.00758 0.784582 0.456283 1 0 0
v 1.00855 0.785717 0.456283 1 0 0
v 1.00933 0.786989 0.456283 1 0 0
v 1.0099 0.788368 0.456283 1 0 0
v 1.01024 0.789819 0.456283 1 0 0
v 1.01073 0.791307 0.454758 1 0 0
v 1.01061 0.792852 0.454758 1 0 0
v 1.01024 0.794359 0.454758 1 0 0
v 1.00965 0.795791 0.454758 1 0 0
v 1.00884 0.797113 0.454758 1 0 0
v 1.00784 0.798291 0.454758 1 0 0
v 1.00666 0.799298 0.454758 1 0 0
v 1.00534 0.800108 0.454758 1 0 0
v 1.0039 0.800701 0.454758 1 0 0
v 1.0024 0.801062 0.454758 1 0 0
v 1.00085 0.801184 0.454758 1 0 0
v 0.999306 0.801062 0.454758 1 0 0
v 0.997799 0.800701 0.454758 1 0 0
v 0.996367 0.800108 0.454758 1 0 0
v 0.995046 0.799298 0.454758 1 0 0
v 0.993867 0.798291 0.454758 1 0 0
v 0.992861 0.797113 0.454758 1 0 0
v 0.992051 0.795791 0.454758 1 0 0
v 0.991458 0.794359 0.454758 1 0 0
v 0.991096 0.792852 0.454758 1 0 0
v 0.990974 0.791307 0.454758 1 0 0
v 0.991096 0.789762 0.454758 1 0 0
v 0.991458 0.788255 0.454758 1 0 0
v 0.992051 0.786823 0.454758 1 0 0
v 0.992861 0.785502 0.454758 1 0 0
v 0.993867 0.784323 0.454758 1 0 0
v 0.995046 0.783317 0.454758 1 0 0
v 0.996367 0.782507 0.454758 1 0 0
v 0.997799 0.781914 0.454758 1 0 0
v 0.999306 0.781552 0.454758 1 0 0
v 1.00085 0.78143 0.454758 1 0 0
v 1.0024 0.781552 0.454758 1 0 0
v 1.0039 0.781914 0.454758 1 0 0
v 1.00534 0.782507 0.454758 1 0 0
v 1.00666 0.783317 0.454758 1 0 0
v 1.00784 0.784323 0.454758 1 0 0
v 1.00884 0.785502 0.454758 1 0 0
v 1.00965 0.786823 0.454758 1 0 0
v 1.01024 0.788255 0.454758 1 0 0
v 1.01061 0.789762 0.454758 1 0 0
v 1.01085 0.791307 0.453193 1 0 0
v 1.01073 0.792871 0.453193 1 0 0
v 1.01036 0.794397 0.453193 1 0 0
v 1.00976 0.795847 0.453193 1 0 0
v 1.00894 0.797185 0.453193 1 0 0
v 1.00792 0.798378 0.453193 1 0 0
v 1.00673 0.799397 0.453193 1 0 0
v 1.00539 0.800217 0.453193 1 0 0
v 1.00394 0.800818 0.453193 1 0 0
v 1.00242 0.801184 0.453193 1 0 0
v 1.00085 0.801307 0.453193 1 0 0
v 0.999287 0.801184 0.453193 1 0 0
v 0.997761 0.800818 0.453193 1 0 0
v 0.996311 0.800217 0.453193 1 0 0
v 0.994973 0.799397 0.453193 1 0 0
v 0.99378 0.798378 0.453193 1 0 0
v 0.992761 0.797185 0.453193 1 0 0
v 0.991941 0.795847 0.453193 1 0 0
v 0.991341 0.794397 0.453193 1 0 0
v 0.990974 0.792871 0.453193 1 0 0
v 0.990851 0.791307 0.453193 1 0 0
v 0.990974 0.789743 0.453193 1 0 0
v 0.991341 0.788217 0.453193 1 0 0
v 0.991941 0.786767 0.453193 1 0 0
v 0.992761 0.785429 0.453193 1 0 0
v 0.99378 0.784236 0.453193 1 0 0
v 0.994973 0.783217 0.453193 1 0 0
v 0.996311 0.782397 0.453193 1 0 0
v 0.997761 0.781797 0.453193 1 0 0
v 0.999287 0.78143 0.453193 1 0 0
v 1.00085 0.781307 0.453193 1 0 0
v 1.00242 0.78143 0.453193 1 0 0
v 1.00394 0.781797 0.453193 1 0 0
v 1.00539 0.782397 0.453193 1 0 0
v 1.00673 0.783217 0.453193 1 0 0
v 1.00792 0.784236 0.453193 1 0 0
v 1.00894 0.785429 0.453193 1 0 0
v 1.00976 0.786767 0.453193 1 0 0
v 1.01036 0.788217 0.453193 1 0 0
v 1.01073 0.789743 0.453193 1 0 0
v 1.01073 0.791307 0.451629 1 0 0
v 1.01061 0.792852 0.451629 1 0 0
v 1.01024 0.794359 0.451629 1 0 0
v 1.00965 0.795791 0.451629 1 0 0
v 1.00884 0.797113 0.451629 1 0 0
v 1.00784 0.798291 0.451629 1 0 0
v 1.00666 0.799298 0.451629 1 0 0
v 1.00534 0.800108 0.451629 1 0 0
v 1.0039 0.800701 0.451629 1 0 0
v 1.0024 0.801062 0.451629 1 0 0
v 1.00085 0.801184 0.451629 1 0 0
v 0.999306 0.801062 0.451629 1 0 0
v 0.997799 0.800701 0.451629 1 0 0
v 0.996367 0.800108 0.451629 1 0 0
v 0.995046 0.799298 0.451629 1 0 0
v 0.993867 0.798291 0.451629 1 0 0
v 0.992861 0.797113 0.451629 1 0 0
v 0.992051 0.795791 0.451629 1 0 0
v 0.991458 0.794359 0.451629 1 0 0
v 0.991096 0.792852 0.451629 1 0 0
v 0.990974 0.791307 0.451629 1 0 0
v 0.991096 0.789762 0.451629 1 0 0
v 0.991458 0.788255 0.451629 1 0 0
v 0.992051 0.786823 0.451629 1 0 0
v 0.992861 0.785502 0.451629 1 0 0
v 0.993867 0.784323 0.451629 1 0 0
v 0.995046 0.783317 0.451629 1 0 0
v 0.996367 0.782507 0.451629 1 0 0
v 0.997799 0.781914 0.451629 1 0 0
v 0.999306 0.781552 0.451629 1 0 0
v 1.00085 0.78143 0.451629 1 0 0
v 1.0024 0.781552 0.451629 1 0 0
v 1.0039 0.781914 0.451629 1 0 0
v 1.00534 0.782507 0.451629 1 0 0
v 1.00666 0.783317 0.451629 1 0 0
v 1.00784 0.784323 0.451629 1 0 0
v 1.00884 0.785502 0.451629 1 0 0
v 1.00965 0.786823 0.451629 1 0 0
v 1.01024 0.788255 0.451629 1 0 0
v 1.01061 0.789762 0.451629 1 0 0
v 1.01036 0.791307 0.450103 1 0 0
v 1.01024 0.792795 0.450103 1 0 0
v 1.0099 0.794246 0.450103 1 0 0
v 1.00933 0.795625 0.450103 1 0 0
v 1.00855 0.796897 0.450103 1 0 0
v 1.00758 0.798032 0.450103 1 0 0
v 1.00644 0.799001 0.450103 1 0 0
v 1.00517 0.799781 0.450103 1 0 0
v 1.00379 0.800352 0.450103 1 0 0
v 1.00234 0.800701 0.450103 1 0 0
v 1.00085 0.800818 0.450103 1 0 0
v 0.999363 0.800701 0.450103 1 0 0
v 0.997912 0.800352 0.450103 1 0 0
v 0.996533 0.799781 0.450103 1 0 0
v 0.995261 0.799001 0.450103 1 0 0
v 0.994126 0.798032 0.450103 1 0 0
v 0.993157 0.796897 0.450103 1 0 0
v 0.992377 0.795625 0.450103 1 0 0
v 0.991806 0.794246 0.450103 1 0 0
v 0.991458 0.792795 0.450103 1 0 0
v 0.991341 0.791307 0.450103 1 0 0
v 0.991458 0.789819 0.450103 1 0 0
v 0.991806 0.788368 0.450103 1 0 0
v 0.992377 0.786989 0.450103 1 0 0
v 0.993157 0.785717 0.450103 1 0 0
v 0.994126 0.784582 0.450103 1 0 0
v 0.995261 0.783613 0.450103 1 0 0
v 0.996533 0.782833 0.450103 1 0 0
v 0.997912 0.782262 0.450103 1 0 0
v 0.999363 0.781914 0.450103 1 0 0
v 1.00085 0.781797 0.450103 1 0 0
v 1.00234 0.781914 0.450103 1 0 0
v 1.00379 0.782262 0.450103 1 0 0
v 1.00517 0.782833 0.450103 1 0 0
v 1.00644 0.783613 0.450103 1 0 0
v 1.00758 0.784582 0.450103 1 0 0
v 1.00855 0.785717 0.450103 1 0 0
v 1.00933 0.786989 0.450103 1 0 0
v 1.0099 0.788368 0.450103 1 0 0
v 1.01024 0.789819 0.450103 1 0 0
v 1.00976 0.791307 0.448653 1 0 0
v 1.00965 0.792701 0.448653 1 0 0
v 1.00933 0.794061 0.448653 1 0 0
v 1.00879 0.795352 0.448653 1 0 0
v 1.00806 0.796544 0.448653 1 0 0
v 1.00715 0.797608 0.448653 1 0 0
v 1.00609 0.798516 0.448653 1 0 0
v 1.0049 0.799246 0.448653 1 0 0
v 1.0036 0.799781 0.448653 1 0 0
v 1.00224 0.800108 0.448653 1 0 0
v 1.00085 0.800217 0.448653 1 0 0
v 0.999457 0.800108 0.448653 1 0 0
v 0.998098 0.799781 0.448653 1 0 0
v 0.996806 0.799246 0.448653 1 0 0
v 0.995614 0.798516 0.448653 1 0 0
v 0.994551 0.797608 0.448653 1 0 0
v 0.993643 0.796544 0.448653 1 0 0
v 0.992912 0.795352 0.448653 1 0 0
v 0.992377 0.794061 0.448653 1 0 0
v 0.992051 0.792701 0.448653 1 0 0
v 0.991941 0.791307 0.448653 1 0 0
v 0.992051 0.789913 0.448653 1 0 0
v 0.992377 0.788554 0.448653 1 0 0
v 0.992912 0.787262 0.448653 1 0 0
v 0.993643 0.78607 0.448653 1 0 0
v 0.994551 0.785007 0.448653 1 0 0
v 0.995614 0.784099 0.448653 1 0 0
v 0.996806 0.783368 0.448653 1 0 0
v 0.998098 0.782833 0.448653 1 0 0
v 0.999457 0.782507 0.448653 1 0 0
v 1.00085 0.782397 0.448653 1 0 0
v 1.00224 0.782507 0.448653 1 0 0
v 1.0036 0.782833 0.448653 1 0 0
v 1.0049 0.783368 0.448653 1 0 0
v 1.00609 0.784099 0.448653 1 0 0
v 1.00715 0.785007 0.448653 1 0 0
v 1.00806 0.78607 0.448653 1 0 0
v 1.00879 0.787262 0.448653 1 0 0
v 1.00933 0.788554 0.448653 1 0 0
v 1.00965 0.789913 0.448653 1 0 0
v 1.00894 0.791307 0.447315 1 0 0
v 1.00884 0.792573 0.447315 1 0 0
v 1.00855 0.793807 0.447315 1 0 0
v 1.00806 0.79498 0.447315 1 0 0
v 1.0074 0.796062 0.447315 1 0 0
v 1.00657 0.797028 0.447315 1 0 0
v 1.00561 0.797852 0.447315 1 0 0
v 1.00452 0.798516 0.447315 1 0 0
v 1.00335 0.799001 0.447315 1 0 0
v 1.00212 0.799298 0.447315 1 0 0
v 1.00085 0.799397 0.447315 1 0 0
v 0.999586 0.799298 0.447315 1 0 0
v 0.998351 0.799001 0.447315 1 0 0
v 0.997178 0.798516 0.447315 1 0 0
v 0.996096 0.797852 0.447315 1 0 0
v 0.99513 0.797028 0.447315 1 0 0
v 0.994306 0.796062 0.447315 1 0 0
v 0.993643 0.79498 0.447315 1 0 0
v 0.993157 0.793807 0.447315 1 0 0
v 0.992861 0.792573 0.447315 1 0 0
v 0.992761 0.791307 0.447315 1 0 0
v 0.992861 0.790042 0.447315 1 0 0
v 0.993157 0.788807 0.447315 1 0 0
v 0.993643 0.787634 0.447315 1 0 0
v 0.994306 0.786552 0.447315 1 0 0
v 0.99513 0.785587 0.447315 1 0 0
v 0.996096 0.784762 0.447315 1 0 0
v 0.997178 0.784099 0.447315 1 0 0
v 0.998351 0.783613 0.447315 1 0 0
v 0.999586 0.783317 0.447315 1 0 0
v 1.00085 0.783217 0.447315 1 0 0
v 1.00212 0.783317 0.447315 1 0 0
v 1.00335 0.783613 0.447315 1 0 0
v 1.00452 0.784099 0.447315 1 0 0
v 1.00561 0.784762 0.447315 1 0 0
v 1.00657 0.785587 0.447315 1 0 0
v 1.0074 0.786552 0.447315 1 0 0
v 1.00806 0.787634 0.447315 1 0 0
v 1.00855 0.788807 0.447315 1 0 0
v 1.00884 0.790042 0.447315 1 0 0
v 1.00792 0.791307 0.446122 1 0 0
v 1.00784 0.792413 0.446122 1 0 0
v 1.00758 0.793492 0.446122 1 0 0
v 1.00715 0.794517 0.446122 1 0 0
v 1.00657 0.795463 0.446122 1 0 0
v 1.00585 0.796307 0.446122 1 0 0
v 1.00501 0.797028 0.446122 1 0 0
v 1.00406 0.797608 0.446122 1 0 0
v 1.00304 0.798032 0.446122 1 0 0
v 1.00196 0.798291 0.446122 1 0 0
v 1.00085 0.798378 0.446122 1 0 0
v 0.999745 0.798291 0.446122 1 0 0
v 0.998666 0.798032 0.446122 1 0 0
v 0.997641 0.797608 0.446122 1 0 0
v 0.996695 0.797028 0.446122 1 0 0
v 0.995851 0.796307 0.446122 1 0 0
v 0.99513 0.795463 0.446122 1 0 0
v 0.994551 0.794517 0.446122 1 0 0
v 0.994126 0.793492 0.446122 1 0 0
v 0.993867 0.792413 0.446122 1 0 0
v 0.99378 0.791307 0.446122 1 0 0
v 0.993867 0.790201 0.446122 1 0 0
v 0.994126 0.789122 0.446122 1 0 0
v 0.994551 0.788097 0.446122 1 0 0
v 0.99513 0.787151 0.446122 1 0 0
v 0.995851 0.786307 0.446122 1 0 0
v 0.996695 0.785587 0.446122 1 0 0
v 0.997641 0.785007 0.446122 1 0 0
v 0.998666 0.784582 0.446122 1 0 0
v 0.999745 0.784323 0.446122 1 0 0
v 1.00085 0.784236 0.446122 1 0 0
v 1.00196 0.784323 0.446122 1 0 0
v 1.00304 0.784582 0.446122 1 0 0
v 1.00406 0.785007 0.446122 1 0 0
v 1.00501 0.785587 0.446122 1 0 0
v 1.00585 0.786307 0.446122 1 0 0
v 1.00657 0.787151 0.446122 1 0 0
v 1.00715 0.788097 0.446122 1 0 0
v 1.00758 0.789122 0.446122 1 0 0
v 1.00784 0.790201 0.446122 1 0 0
v 1.00673 0.791307 0.445103 1 0 0
v 1.00666 0.792227 0.445103 1 0 0
v 1.00644 0.793124 0.445103 1 0 0
v 1.00609 0.793976 0.445103 1 0 0
v 1.00561 0.794762 0.445103 1 0 0
v 1.00501 0.795463 0.445103 1 0 0
v 1.00431 0.796062 0.445103 1 0 0
v 1.00352 0.796544 0.445103 1 0 0
v 1.00267 0.796897 0.445103 1 0 0
v 1.00177 0.797113 0.445103 1 0 0
v 1.00085 0.797185 0.445103 1 0 0
v 0.999932 0.797113 0.445103 1 0 0
v 0.999035 0.796897 0.445103 1 0 0
v 0.998183 0.796544 0.445103 1 0 0
v 0.997396 0.796062 0.445103 1 0 0
v 0.996695 0.795463 0.445103 1 0 0
v 0.996096 0.794762 0.445103 1 0 0
v 0.995614 0.793976 0.445103 1 0 0
v 0.995261 0.793124 0.445103 1 0 0
v 0.995046 0.792227 0.445103 1 0 0
v 0.994973 0.791307 0.445103 1 0 0
v 0.995046 0.790388 0.445103 1 0 0
v 0.995261 0.789491 0.445103 1 0 0
v 0.995614 0.788639 0.445103 1 0 0
v 0.996096 0.787852 0.445103 1 0 0
v 0.996695 0.787151 0.445103 1 0 0
v 0.997396 0.786552 0.445103 1 0 0
v 0.998183 0.78607 0.445103 1 0 0
v 0.999035 0.785717 0.445103 1 0 0
v 0.999932 0.785502 0.445103 1 0 0
v 1.00085 0.785429 0.445103 1 0 0
v 1.00177 0.785502 0.445103 1 0 0
v 1.00267 0.785717 0.445103 1 0 0
v 1.00352 0.78607 0.445103 1 0 0
v 1.00431 0.786552 0.445103 1 0 0
v 1.00501 0.787151 0.445103 1 0 0
v 1.00561 0.787852 0.445103 1 0 0
v 1.00609 0.788639 0.445103 1 0 0
v 1.00644 0.789491 0.445103 1 0 0
v 1.00666 0.790388 0.445103 1 0 0
v 1.00539 0.791307 0.444283 1 0 0
v 1.00534 0.792017 0.444283 1 0 0
v 1.00517 0.79271 0.444283 1 0 0
v 1.0049 0.793368 0.444283 1 0 0
v 1.00452 0.793976 0.444283 1 0 0
v 1.00406 0.794517 0.444283 1 0 0
v 1.00352 0.79498 0.444283 1 0 0
v 1.00291 0.795352 0.444283 1 0 0
v 1.00225 0.795625 0.444283 1 0 0
v 1.00156 0.795791 0.444283 1 0 0
v 1.00085 0.795847 0.444283 1 0 0
v 1.00014 0.795791 0.444283 1 0 0
v 0.999448 0.795625 0.444283 1 0 0
v 0.99879 0.795352 0.444283 1 0 0
v 0.998183 0.79498 0.444283 1 0 0
v 0.997641 0.794517 0.444283 1 0 0
v 0.997178 0.793976 0.444283 1 0 0
v 0.996806 0.793368 0.444283 1 0 0
v 0.996533 0.79271 0.444283 1 0 0
v 0.996367 0.792017 0.444283 1 0 0
v 0.996311 0.791307 0.444283 1 0 0
v 0.996367 0.790597 0.444283 1 0 0
v 0.996533 0.789904 0.444283 1 0 0
v 0.996806 0.789246 0.444283 1 0 0
v 0.997178 0.788639 0.444283 1 0 0
v 0.997641 0.788097 0.444283 1 0 0
v 0.998183 0.787634 0.444283 1 0 0
v 0.99879 0.787262 0.444283 1 0 0
v 0.999448 0.786989 0.444283 1 0 0
v 1.00014 0.786823 0.444283 1 0 0
v 1.00085 0.786767 0.444283 1 0 0
v 1.00156 0.786823 0.444283 1 0 0
v 1.00225 0.786989 0.444283 1 0 0
v 1.00291 0.787262 0.444283 1 0 0
v 1.00352 0.787634 0.444283 1 0 0
v 1.00406 0.788097 0.444283 1 0 0
v 1.00452 0.788639 0.444283 1 0 0
v 1.0049 0.789246 0.444283 1 0 0
v 1.00517 0.789904 0.444283 1 0 0
v 1.00534 0.790597 0.444283 1 0 0
v 1.00394 0.791307 0.443683 1 0 0
v 1.0039 0.791791 0.443683 1 0 0
v 1.00379 0.792262 0.443683 1 0 0
v 1.0036 0.79271 0.443683 1 0 0
v 1.00335 0.793124 0.443683 1 0 0
v 1.00304 0.793492 0.443683 1 0 0
v 1.00267 0.793807 0.443683 1 0 0
v 1.00225 0.794061 0.443683 1 0 0
v 1.00181 0.794246 0.443683 1 0 0
v 1.00133 0.794359 0.443683 1 0 0
v 1.00085 0.794397 0.443683 1 0 0
v 1.00037 0.794359 0.443683 1 0 0
v 0.999896 0.794246 0.443683 1 0 0
v 0.999448 0.794061 0.443683 1 0 0
v 0.999035 0.793807 0.443683 1 0 0
v 0.998666 0.793492 0.443683 1 0 0
v 0.998351 0.793124 0.443683 1 0 0
v 0.998098 0.79271 0.443683 1 0 0
v 0.997912 0.792262 0.443683 1 0 0
v 0.997799 0.791791 0.443683 1 0 0
v 0.997761 0.791307 0.443683 1 0 0
v 0.997799 0.790824 0.443683 1 0 0
v 0.997912 0.790352 0.443683 1 0 0
v 0.998098 0.789904 0.443683 1 0 0
v 0.998351 0.789491 0.443683 1 0 0
v 0.998666 0.789122 0.443683 1 0 0
v 0.999035 0.788807 0.443683 1 0 0
v 0.999448 0.788554 0.443683 1 0 0
v 0.999896 0.788368 0.443683 1 0 0
v 1.00037 0.788255 0.443683 1 0 0
v 1.00085 0.788217 0.443683 1 0 0
v 1.00133 0.788255 0.443683 1 0 0
v 1.00181 0.788368 0.443683 1 0 0
v 1.00225 0.788554 0.443683 1 0 0
v 1.00267 0.788807 0.443683 1 0 0
v 1.00304 0.789122 0.443683 1 0 0
v 1.00335 0.789491 0.443683 1 0 0
v 1.0036 0.789904 0.443683 1 0 0
v 1.00379 0.790352 0.443683 1 0 0
v 1.0039 0.790824 0.443683 1 0 0
v 1.00242 0.791307 0.443316 1 0 0
v 1.0024 0.791552 0.443316 1 0 0
v 1.00234 0.791791 0.443316 1 0 0
v 1.00224 0.792017 0.443316 1 0 0
v 1.00212 0.792227 0.443316 1 0 0
v 1.00196 0.792413 0.443316 1 0 0
v 1.00177 0.792573 0.443316 1 0 0
v 1.00156 0.792701 0.443316 1 0 0
v 1.00133 0.792795 0.443316 1 0 0
v 1.0011 0.792852 0.443316 1 0 0
v 1.00085 0.792871 0.443316 1 0 0
v 1.00061 0.792852 0.443316 1 0 0
v 1.00037 0.792795 0.443316 1 0 0
v 1.00014 0.792701 0.443316 1 0 0
v 0.999932 0.792573 0.443316 1 0 0
v 0.999745 0.792413 0.443316 1 0 0
v 0.999586 0.792227 0.443316 1 0 0
v 0.999457 0.792017 0.443316 1 0 0
v 0.999363 0.791791 0.443316 1 0 0
v 0.999306 0.791552 0.443316 1 0 0
v 0.999287 0.791307 0.443316 1 0 0
v 0.999306 0.791062 0.443316 1 0 0
v 0.999363 0.790824 0.443316 1 0 0
v 0.999457 0.790597 0.443316 1 0 0
v 0.999586 0.790388 0.443316 1 0 0
v 0.999745 0.790201 0.443316 1 0 0
v 0.999932 0.790042 0.443316 1 0 0
v 1.00014 0.789913 0.443316 1 0 0
v 1.00037 0.789819 0.443316 1 0 0
v 1.00061 0.789762 0.443316 1 0 0
v 1.00085 0.789743 0.443316 1 0 0
v 1.0011 0.789762 0.443316 1 0 0
v 1.00133 0.789819 0.443316 1 0 0
v 1.00156 0.789913 0.443316 1 0 0
v 1.00177 0.790042 0.443316 1 0 0
v 1.00196 0.790201 0.443316 1 0 0
v 1.00212 0.790388 0.443316 1 0 0
v 1.00224 0.790597 0.443316 1 0 0
v 1.00234 0.790824 0.443316 1 0 0
v 1.0024 0.791062 0.443316 1 0 0
v 0.985383 0.201068 0.555771 1 0 0
v 0.985383 0.201068 0.535771 1 0 0
v 0.986948 0.201068 0.555648 1 0 0
v 0.986928 0.201313 0.555648 1 0 0
v 0.986871 0.201551 0.555648 1 0 0
v 0.986777 0.201778 0.555648 1 0 0
v 0.986649 0.201987 0.555648 1 0 0
v 0.986489 0.202174 0.555648 1 0 0
v 0.986303 0.202333 0.555648 1 0 0
v 0.986093 0.202462 0.555648 1 0 0
v 0.985867 0.202556 0.555648 1 0 0
v 0.985628 0.202613 0.555648 1 0 0
v 0.985383 0.202632 0.555648 1 0 0
v 0.985138 0.202613 0.555648 1 0 0
v 0.9849 0.202556 0.555648 1 0 0
v 0.984673 0.202462 0.555648 1 0 0
v 0.984464 0.202333 0.555648 1 0 0
v 0.984277 0.202174 0.555648 1 0 0
v 0.984118 0.201987 0.555648 1 0 0
v 0.983989 0.201778 0.555648 1 0 0
v 0.983895 0.201551 0.555648 1 0 0
v 0.983838 0.201313 0.555648 1 0 0
v 0.983819 0.201068 0.555648 1 0 0
v 0.983838 0.200823 0.555648 1 0 0
v 0.983895 0.200584 0.555648 1 0 0
v 0.983989 0.200358 0.555648 1 0 0
v 0.984118 0.200148 0.555648 1 0 0
v 0.984277 0.199962 0.555648 1 0 0
v 0.984464 0.199802 0.555648 1 0 0
v 0.984673 0.199674 0.555648 1 0 0
v 0.9849 0.19958 0.555648 1 0 0
v 0.985138 0.199523 0.555648 1 0 0
v 0.985383 0.199503 0.555648 1 0 0
v 0.985628 0.199523 0.555648 1 0 0
v 0.985867 0.19958 0.555648 1 0 0
v 0.986093 0.199674 0.555648 1 0 0
v 0.986303 0.199802 0.555648 1 0 0
v 0.986489 0.199962 0.555648 1 0 0
v 0.986649 0.200148 0.555648 1 0 0
v 0.986777 0.200358 0.555648 1 0 0
v 0.986871 0.200584 0.555648 1 0 0
v 0.986928 0.200823 0.555648 1 0 0
v 0.988473 0.201068 0.555281 1 0 0
v 0.988435 0.201551 0.555281 1 0 0
v 0.988322 0.202023 0.555281 1 0 0
v 0.988137 0.202471 0.555281 1 0 0
v 0.987883 0.202884 0.555281 1 0 0
v 0.987568 0.203253 0.555281 1 0 0
v 0.9872 0.203568 0.555281 1 0 0
v 0.986786 0.203821 0.555281 1 0 0
v 0.986338 0.204007 0.555281 1 0 0
v 0.985867 0.20412 0.555281 1 0 0
v 0.985383 0.204158 0.555281 1 0 0
v 0.9849 0.20412 0.555281 1 0 0
v 0.984428 0.204007 0.555281 1 0 0
v 0.98398 0.203821 0.555281 1 0 0
v 0.983567 0.203568 0.555281 1 0 0
v 0.983198 0.203253 0.555281 1 0 0
v 0.982883 0.202884 0.555281 1 0 0
v 0.98263 0.202471 0.555281 1 0 0
v 0.982444 0.202023 0.555281 1 0 0
v 0.982331 0.201551 0.555281 1 0 0
v 0.982293 0.201068 0.555281 1 0 0
v 0.982331 0.200584 0.555281 1 0 0
v 0.982444 0.200113 0.555281 1 0 0
v 0.98263 0.199665 0.555281 1 0 0
v 0.982883 0.199251 0.555281 1 0 0
v 0.983198 0.198883 0.555281 1 0 0
v 0.983567 0.198568 0.555281 1 0 0
v 0.98398 0.198314 0.555281 1 0 0
v 0.984428 0.198129 0.555281 1 0 0
v 0.9849 0.198016 0.555281 1 0 0
v 0.985383 0.197978 0.555281 1 0 0
v 0.985867 0.198016 0.555281 1 0 0
v 0.986338 0.198129 0.555281 1 0 0
v 0.986786 0.198314 0.555281 1 0 0
v 0.9872 0.198568 0.555281 1 0 0
v 0.987568 0.198883 0.555281 1 0 0
v 0.987883 0.199251 0.555281 1 0 0
v 0.988137 0.199665 0.555281 1 0 0
v 0.988322 0.200113 0.555281 1 0 0
v 0.988435 0.200584 0.555281 1 0 0
v 0.989923 0.201068 0.554681 1 0 0
v 0.989867 0.201778 0.554681 1 0 0
v 0.989701 0.202471 0.554681 1 0 0
v 0.989428 0.203129 0.554681 1 0 0
v 0.989056 0.203736 0.554681 1 0 0
v 0.988593 0.204278 0.554681 1 0 0
v 0.988052 0.204741 0.554681 1 0 0
v 0.987444 0.205113 0.554681 1 0 0
v 0.986786 0.205386 0.554681 1 0 0
v 0.986093 0.205552 0.554681 1 0 0
v 0.985383 0.205608 0.554681 1 0 0
v 0.984673 0.205552 0.554681 1 0 0
v 0.98398 0.205386 0.554681 1 0 0
v 0.983322 0.205113 0.554681 1 0 0
v 0.982715 0.204741 0.554681 1 0 0
v 0.982173 0.204278 0.554681 1 0 0
v 0.98171 0.203736 0.554681 1 0 0
v 0.981338 0.203129 0.554681 1 0 0
v 0.981065 0.202471 0.554681 1 0 0
v 0.980899 0.201778 0.554681 1 0 0
v 0.980843 0.201068 0.554681 1 0 0
v 0.980899 0.200358 0.554681 1 0 0
v 0.981065 0.199665 0.554681 1 0 0
v 0.981338 0.199007 0.554681 1 0 0
v 0.98171 0.198399 0.554681 1 0 0
v 0.982173 0.197858 0.554681 1 0 0
v 0.982715 0.197395 0.554681 1 0 0
v 0.983322 0.197023 0.554681 1 0 0
v 0.98398 0.19675 0.554681 1 0 0
v 0.984673 0.196584 0.554681 1 0 0
v 0.985383 0.196528 0.554681 1 0 0
v 0.986093 0.196584 0.554681 1 0 0
v 0.986786 0.19675 0.554681 1 0 0
v 0.987444 0.197023 0.554681 1 0 0
v 0.988052 0.197395 0.554681 1 0 0
v 0.988593 0.197858 0.554681 1 0 0
v 0.989056 0.198399 0.554681 1 0 0
v 0.989428 0.199007 0.554681 1 0 0
v 0.989701 0.199665 0.554681 1 0 0
v 0.989867 0.200358 0.554681 1 0 0
v 0.991261 0.201068 0.553861 1 0 0
v 0.991189 0.201987 0.553861 1 0 0
v 0.990973 0.202884 0.553861 1 0 0
v 0.99062 0.203736 0.553861 1 0 0
v 0.990138 0.204523 0.553861 1 0 0
v 0.989539 0.205224 0.553861 1 0 0
v 0.988838 0.205823 0.553861 1 0 0
v 0.988052 0.206305 0.553861 1 0 0
v 0.9872 0.206658 0.553861 1 0 0
v 0.986303 0.206873 0.553861 1 0 0
v 0.985383 0.206946 0.553861 1 0 0
v 0.984464 0.206873 0.553861 1 0 0
v 0.983567 0.206658 0.553861 1 0 0
v 0.982715 0.206305 0.553861 1 0 0
v 0.981928 0.205823 0.553861 1 0 0
v 0.981227 0.205224 0.553861 1 0 0
v 0.980628 0.204523 0.553861 1 0 0
v 0.980146 0.203736 0.553861 1 0 0
v 0.979793 0.202884 0.553861 1 0 0
v 0.979578 0.201987 0.553861 1 0 0
v 0.979505 0.201068 0.553861 1 0 0
v 0.979578 0.200148 0.553861 1 0 0
v 0.979793 0.199251 0.553861 1 0 0
v 0.980146 0.198399 0.553861 1 0 0
v 0.980628 0.197613 0.553861 1 0 0
v 0.981227 0.196912 0.553861 1 0 0
v 0.981928 0.196313 0.553861 1 0 0
v 0.982715 0.195831 0.553861 1 0 0
v 0.983567 0.195478 0.553861 1 0 0
v 0.984464 0.195262 0.553861 1 0 0
v 0.985383 0.19519 0.553861 1 0 0
v 0.986303 0.195262 0.553861 1 0 0
v 0.9872 0.195478 0.553861 1 0 0
v 0.988052 0.195831 0.553861 1 0 0
v 0.988838 0.196313 0.553861 1 0 0
v 0.989539 0.196912 0.553861 1 0 0
v 0.990138 0.197613 0.553861 1 0 0
v 0.99062 0.198399 0.553861 1 0 0
v 0.990973 0.199251 0.553861 1 0 0
v 0.991189 0.200148 0.553861 1 0 0
v 0.992454 0.201068 0.552842 1 0 0
v 0.992367 0.202174 0.552842 1 0 0
v 0.992108 0.203253 0.552842 1 0 0
v 0.991684 0.204278 0.552842 1 0 0
v 0.991104 0.205224 0.552842 1 0 0
v 0.990383 0.206068 0.552842 1 0 0
v 0.989539 0.206788 0.552842 1 0 0
v 0.988593 0.207368 0.552842 1 0 0
v 0.987568 0.207793 0.552842 1 0 0
v 0.986489 0.208052 0.552842 1 0 0
v 0.985383 0.208139 0.552842 1 0 0
v 0.984277 0.208052 0.552842 1 0 0
v 0.983198 0.207793 0.552842 1 0 0
v 0.982173 0.207368 0.552842 1 0 0
v 0.981227 0.206788 0.552842 1 0 0
v 0.980383 0.206068 0.552842 1 0 0
v 0.979663 0.205224 0.552842 1 0 0
v 0.979083 0.204278 0.552842 1 0 0
v 0.978658 0.203253 0.552842 1 0 0
v 0.978399 0.202174 0.552842 1 0 0
v 0.978312 0.201068 0.552842 1 0 0
v 0.978399 0.199962 0.552842 1 0 0
v 0.978658 0.198883 0.552842 1 0 0
v 0.979083 0.197858 0.552842 1 0 0
v 0.979663 0.196912 0.552842 1 0 0
v 0.980383 0.196068 0.552842 1 0 0
v 0.981227 0.195347 0.552842 1 0 0
v 0.982173 0.194767 0.552842 1 0 0
v 0.983198 0.194343 0.552842 1 0 0
v 0.984277 0.194084 0.552842 1 0 0
v 0.985383 0.193997 0.552842 1 0 0
v 0.986489 0.194084 0.552842 1 0 0
v 0.987568 0.194343 0.552842 1 0 0
v 0.988593 0.194767 0.552842 1 0 0
v 0.989539 0.195347 0.552842 1 0 0
v 0.990383 0.196068 0.552842 1 0 0
v 0.991104 0.196912 0.552842 1 0 0
v 0.991684 0.197858 0.552842 1 0 0
v 0.992108 0.198883 0.552842 1 0 0
v 0.992367 0.199962 0.552842 1 0 0
v 0.993473 0.201068 0.551649 1 0 0
v 0.993374 0.202333 0.551649 1 0 0
v 0.993077 0.203568 0.551649 1 0 0
v 0.992592 0.204741 0.551649 1 0 0
v 0.991928 0.205823 0.551649 1 0 0
v 0.991104 0.206788 0.551649 1 0 0
v 0.990138 0.207613 0.551649 1 0 0
v 0.989056 0.208276 0.551649 1 0 0
v 0.987883 0.208762 0.551649 1 0 0
v 0.986649 0.209058 0.551649 1 0 0
v 0.985383 0.209158 0.551649 1 0 0
v 0.984118 0.209058 0.551649 1 0 0
v 0.982883 0.208762 0.551649 1 0 0
v 0.98171 0.208276 0.551649 1 0 0
v 0.980628 0.207613 0.551649 1 0 0
v 0.979663 0.206788 0.551649 1 0 0
v 0.978838 0.205823 0.551649 1 0 0
v 0.978175 0.204741 0.551649 1 0 0
v 0.977689 0.203568 0.551649 1 0 0
v 0.977393 0.202333 0.551649 1 0 0
v 0.977293 0.201068 0.551649 1 0 0
v 0.977393 0.199802 0.551649 1 0 0
v 0.977689 0.198568 0.551649 1 0 0
v 0.978175 0.197395 0.551649 1 0 0
v 0.978838 0.196313 0.551649 1 0 0
v 0.979663 0.195347 0.551649 1 0 0
v 0.980628 0.194523 0.551649 1 0 0
v 0.98171 0.193859 0.551649 1 0 0
v 0.982883 0.193374 0.551649 1 0 0
v 0.984118 0.193077 0.551649 1 0 0
v 0.985383 0.192978 0.551649 1 0 0
v 0.986649 0.193077 0.551649 1 0 0
v 0.987883 0.193374 0.551649 1 0 0
v 0.989056 0.193859 0.551649 1 0 0
v 0.990138 0.194523 0.551649 1 0 0
v 0.991104 0.195347 0.551649 1 0 0
v 0.991928 0.196313 0.551649 1 0 0
v 0.992592 0.197395 0.551649 1 0 0
v 0.993077 0.198568 0.551649 1 0 0
v 0.993374 0.199802 0.551649 1 0 0
v 0.994293 0.201068 0.550311 1 0 0
v 0.994184 0.202462 0.550311 1 0 0
v 0.993857 0.203821 0.550311 1 0 0
v 0.993322 0.205113 0.550311 1 0 0
v 0.992592 0.206305 0.550311 1 0 0
v 0.991684 0.207368 0.550311 1 0 0
v 0.99062 0.208276 0.550311 1 0 0
v 0.989428 0.209007 0.550311 1 0 0
v 0.988137 0.209542 0.550311 1 0 0
v 0.986777 0.209868 0.550311 1 0 0
v 0.985383 0.209978 0.550311 1 0 0
v 0.983989 0.209868 0.550311 1 0 0
v 0.98263 0.209542 0.550311 1 0 0
v 0.981338 0.209007 0.550311 1 0 0
v 0.980146 0.208276 0.550311 1 0 0
v 0.979083 0.207368 0.550311 1 0 0
v 0.978175 0.206305 0.550311 1 0 0
v 0.977444 0.205113 0.550311 1 0 0
v 0.976909 0.203821 0.550311 1 0 0
v 0.976583 0.202462 0.550311 1 0 0
v 0.976473 0.201068 0.550311 1 0 0
v 0.976583 0.199674 0.550311 1 0 0
v 0.976909 0.198314 0.550311 1 0 0
v 0.977444 0.197023 0.550311 1 0 0
v 0.978175 0.195831 0.550311 1 0 0
v 0.979083 0.194767 0.550311 1 0 0
v 0.980146 0.193859 0.550311 1 0 0
v 0.981338 0.193129 0.550311 1 0 0
v 0.98263 0.192594 0.550311 1 0 0
v 0.983989 0.192267 0.550311 1 0 0
v 0.985383 0.192158 0.550311 1 0 0
v 0.986777 0.192267 0.550311 1 0 0
v 0.988137 0.192594 0.550311 1 0 0
v 0.989428 0.193129 0.550311 1 0 0
v 0.99062 0.193859 0.550311 1 0 0
v 0.991684 0.194767 0.550311 1 0 0
v 0.992592 0.195831 0.550311 1 0 0
v 0.993322 0.197023 0.550311 1 0 0
v 0.993857 0.198314 0.550311 1 0 0
v 0.994184 0.199674 0.550311 1 0 0
v 0.994894 0.201068 0.548861 1 0 0
v 0.994777 0.202556 0.548861 1 0 0
v 0.994428 0.204007 0.548861 1 0 0
v 0.993857 0.205386 0.548861 1 0 0
v 0.993077 0.206658 0.548861 1 0 0
v 0.992108 0.207793 0.548861 1 0 0
v 0.990973 0.208762 0.548861 1 0 0
v 0.989701 0.209542 0.548861 1 0 0
v 0.988322 0.210113 0.548861 1 0 0
v 0.986871 0.210461 0.548861 1 0 0
v 0.985383 0.210578 0.548861 1 0 0
v 0.983895 0.210461 0.548861 1 0 0
v 0.982444 0.210113 0.548861 1 0 0
v 0.981065 0.209542 0.548861 1 0 0
v 0.979793 0.208762 0.548861 1 0 0
v 0.978658 0.207793 0.548861 1 0 0
v 0.977689 0.206658 0.548861 1 0 0
v 0.976909 0.205386 0.548861 1 0 0
v 0.976338 0.204007 0.548861 1 0 0
v 0.97599 0.202556 0.548861 1 0 0
v 0.975873 0.201068 0.548861 1 0 0
v 0.97599 0.19958 0.548861 1 0 0
v 0.976338 0.198129 0.548861 1 0 0
v 0.976909 0.19675 0.548861 1 0 0
v 0.977689 0.195478 0.548861 1 0 0
v 0.978658 0.194343 0.548861 1 0 0
v 0.979793 0.193374 0.548861 1 0 0
v 0.981065 0.192594 0.548861 1 0 0
v 0.982444 0.192023 0.548861 1 0 0
v 0.983895 0.191674 0.548861 1 0 0
v 0.985383 0.191557 0.548861 1 0 0
v 0.986871 0.191674 0.548861 1 0 0
v 0.988322 0.192023 0.548861 1 0 0
v 0.989701 0.192594 0.548861 1 0 0
v 0.990973 0.193374 0.548861 1 0 0
v 0.992108 0.194343 0.548861 1 0 0
v 0.993077 0.195478 0.548861 1 0 0
v 0.993857 0.19675 0.548861 1 0 0
v 0.994428 0.198129 0.548861 1 0 0
v 0.994777 0.19958 0.548861 1 0 0
v 0.99526 0.201068 0.547335 1 0 0
v 0.995138 0.202613 0.547335 1 0 0
v 0.994777 0.20412 0.547335 1 0 0
v 0.994184 0.205552 0.547335 1 0 0
v 0.993374 0.206873 0.547335 1 0 0
v 0.992367 0.208052 0.547335 1 0 0
v 0.991189 0.209058 0.547335 1 0 0
v 0.989867 0.209868 0.547335 1 0 0
v 0.988435 0.210461 0.547335 1 0 0
v 0.986928 0.210823 0.547335 1 0 0
v 0.985383 0.210945 0.547335 1 0 0
v 0.983838 0.210823 0.547335 1 0 0
v 0.982331 0.210461 0.547335 1 0 0
v 0.980899 0.209868 0.547335 1 0 0
v 0.979578 0.209058 0.547335 1 0 0
v 0.978399 0.208052 0.547335 1 0 0
v 0.977393 0.206873 0.547335 1 0 0
v 0.976583 0.205552 0.547335 1 0 0
v 0.97599 0.20412 0.547335 1 0 0
v 0.975628 0.202613 0.547335 1 0 0
v 0.975506 0.201068 0.547335 1 0 0
v 0.975628 0.199523 0.547335 1 0 0
v 0.97599 0.198016 0.547335 1 0 0
v 0.976583 0.196584 0.547335 1 0 0
v 0.977393 0.195262 0.547335 1 0 0
v 0.978399 0.194084 0.547335 1 0 0
v 0.979578 0.193077 0.547335 1 0 0
v 0.980899 0.192267 0.547335 1 0 0
v 0.982331 0.191674 0.547335 1 0 0
v 0.983838 0.191313 0.547335 1 0 0
v 0.985383 0.191191 0.547335 1 0 0
v 0.986928 0.191313 0.547335 1 0 0
v 0.988435 0.191674 0.547335 1 0 0
v 0.989867 0.192267 0.547335 1 0 0
v 0.991189 0.193077 0.547335 1 0 0
v 0.992367 0.194084 0.547335 1 0 0
v 0.993374 0.195262 0.547335 1 0 0
v 0.994184 0.196584 0.547335 1 0 0
v 0.994777 0.198016 0.547335 1 0 0
v 0.995138 0.199523 0.547335 1 0 0
v 0.995383 0.201068 0.545771 1 0 0
v 0.99526 0.202632 0.545771 1 0 0
v 0.994894 0.204158 0.545771 1 0 0
v 0.994293 0.205608 0.545771 1 0 0
v 0.993473 0.206946 0.545771 1 0 0
v 0.992454 0.208139 0.545771 1 0 0
v 0.991261 0.209158 0.545771 1 0 0
v 0.989923 0.209978 0.545771 1 0 0
v 0.988473 0.210578 0.545771 1 0 0
v 0.986948 0.210945 0.545771 1 0 0
v 0.985383 0.211068 0.545771 1 0 0
v 0.983819 0.210945 0.545771 1 0 0
v 0.982293 0.210578 0.545771 1 0 0
v 0.980843 0.209978 0.545771 1 0 0
v 0.979505 0.209158 0.545771 1 0 0
v 0.978312 0.208139 0.545771 1 0 0
v 0.977293 0.206946 0.545771 1 0 0
v 0.976473 0.205608 0.545771 1 0 0
v 0.975873 0.204158 0.545771 1 0 0
v 0.975506 0.202632 0.545771 1 0 0
v 0.975383 0.201068 0.545771 1 0 0
v 0.975506 0.199503 0.545771 1 0 0
v 0.975873 0.197978 0.545771 1 0 0
v 0.976473 0.196528 0.545771 1 0 0
v 0.977293 0.19519 0.545771 1 0 0
v 0.978312 0.193997 0.545771 1 0 0
v 0.979505 0.192978 0.545771 1 0 0
v 0.980843 0.192158 0.545771 1 0 0
v 0.982293 0.191557 0.545771 1 0 0
v 0.983819 0.191191 0.545771 1 0 0
v 0.985383 0.191068 0.545771 1 0 0
v 0.986948 0.191191 0.545771 1 0 0
v 0.988473 0.191557 0.545771 1 0 0
v 0.989923 0.192158 0.545771 1 0 0
v 0.991261 0.192978 0.545771 1 0 0
v 0.992454 0.193997 0.545771 1 0 0
v 0.993473 0.19519 0.545771 1 0 0
v 0.994293 0.196528 0.545771 1 0 0
v 0.994894 0.197978 0.545771 1 0 0
v 0.99526 0.199503 0.545771 1 0 0
v 0.99526 0.201068 0.544206 1 0 0
v 0.995138 0.202613 0.544206 1 0 0
v 0.994777 0.20412 0.544206 1 0 0
v 0.994184 0.205552 0.544206 1 0 0
v 0.993374 0.206873 0.544206 1 0 0
v 0.992367 0.208052 0.544206 1 0 0
v 0.991189 0.209058 0.544206 1 0 0
v 0.989867 0.209868 0.544206 1 0 0
v 0.988435 0.210461 0.544206 1 0 0
v 0.986928 0.210823 0.544206 1 0 0
v 0.985383 0.210945 0.544206 1 0 0
v 0.983838 0.210823 0.544206 1 0 0
v 0.982331 0.210461 0.544206 1 0 0
v 0.980899 0.209868 0.544206 1 0 0
v 0.979578 0.209058 0.544206 1 0 0
v 0.978399 0.208052 0.544206 1 0 0
v 0.977393 0.206873 0.544206 1 0 0
v 0.976583 0.205552 0.544206 1 0 0
v 0.97599 0.20412 0.544206 1 0 0
v 0.975628 0.202613 0.544206 1 0 0
v 0.975506 0.201068 0.544206 1 0 0
v 0.975628 0.199523 0.544206 1 0 0
v 0.97599 0.198016 0.544206 1 0 0
v 0.976583 0.196584 0.544206 1 0 0
v 0.977393 0.195262 0.544206 1 0 0
v 0.978399 0.194084 0.544206 1 0 0
v 0.979578 0.193077 0.544206 1 0 0
v 0.980899 0.192267 0.544206 1 0 0
v 0.982331 0.191674 0.544206 1 0 0
v 0.983838 0.191313 0.544206 1 0 0
v 0.985383 0.191191 0.544206 1 0 0
v 0.986928 0.191313 0.544206 1 0 0
v 0.988435 0.191674 0.544206 1 0 0
v 0.989867 0.192267 0.544206 1 0 0
v 0.991189 0.193077 0.544206 1 0 0
v 0.992367 0.194084 0.544206 1 0 0
v 0.993374 0.195262 0.544206 1 0 0
v 0.994184 0.196584 0.544206 1 0 0
v 0.994777 0.198016 0.544206 1 0 0
v 0.995138 0.199523 0.544206 1 0 0
v 0.994894 0.201068 0.542681 1 0 0
v 0.994777 0.202556 0.542681 1 0 0
v 0.994428 0.204007 0.542681 1 0 0
v 0.993857 0.205386 0.542681 1 0 0
v 0.993077 0.206658 0.542681 1 0 0
v 0.992108 0.207793 0.542681 1 0 0
v 0.990973 0.208762 0.542681 1 0 0
v 0.989701 0.209542 0.542681 1 0 0
v 0.988322 0.210113 0.542681 1 0 0
v 0.986871 0.210461 0.542681 1 0 0
v 0.985383 0.210578 0.542681 1 0 0
v 0.983895 0.210461 0.542681 1 0 0
v 0.982444 0.210113 0.542681 1 0 0
v 0.981065 0.209542 0.542681 1 0 0
v 0.979793 0.208762 0.542681 1 0 0
v 0.978658 0.207793 0.542681 1 0 0
v 0.977689 0.206658 0.542681 1 0 0
v 0.976909 0.205386 0.542681 1 0 0
v 0.976338 0.204007 0.542681 1 0 0
v 0.97599 0.202556 0.542681 1 0 0
v 0.975873 0.201068 0.542681 1 0 0
v 0.97599 0.19958 0.542681 1 0 0
v 0.976338 0.198129 0.542681 1 0 0
v 0.976909 0.19675 0.542681 1 0 0
v 0.977689 0.195478 0.542681 1 0 0
v 0.978658 0.194343 0.542681 1 0 0
v 0.979793 0.193374 0.542681 1 0 0
v 0.981065 0.192594 0.542681 1 0 0
v 0.982444 0.192023 0.542681 1 0 0
v 0.983895 0.191674 0.542681 1 0 0
v 0.985383 0.191557 0.542681 1 0 0
v 0.986871 0.191674 0.542681 1 0 0
v 0.988322 0.192023 0.542681 1 0 0
v 0.989701 0.192594 0.542681 1 0 0
v 0.990973 0.193374 0.542681 1 0 0
v 0.992108 0.194343 0.542681 1 0 0
v 0.993077 0.195478 0.542681 1 0 0
v 0.993857 0.19675 0.542681 1 0 0
v 0.994428 0.198129 0.542681 1 0 0
v 0.994777 0.19958 0.542681 1 0 0
v 0.994293 0.201068 0.541231 1 0 0
v 0.994184 0.202462 0.541231 1 0 0
v 0.993857 0.203821 0.541231 1 0 0
v 0.993322 0.205113 0.541231 1 0 0
v 0.992592 0.206305 0.541231 1 0 0
v 0.991684 0.207368 0.541231 1 0 0
v 0.99062 0.208276 0.541231 1 0 0
v 0.989428 0.209007 0.541231 1 0 0
v 0.988137 0.209542 0.541231 1 0 0
v 0.986777 0.209868 0.541231 1 0 0
v 0.985383 0.209978 0.541231 1 0 0
v 0.983989 0.209868 0.541231 1 0 0
v 0.98263 0.209542 0.541231 1 0 0
v 0.981338 0.209007 0.541231 1 0 0
v 0.980146 0.208276 0.541231 1 0 0
v 0.979083 0.207368 0.541231 1 0 0
v 0.978175 0.206305 0.541231 1 0 0
v 0.977444 0.205113 0.541231 1 0 0
v 0.976909 0.203821 0.541231 1 0 0
v 0.976583 0.202462 0.541231 1 0 0
v 0.976473 0.201068 0.541231 1 0 0
v 0.976583 0.199674 0.541231 1 0 0
v 0.976909 0.198314 0.541231 1 0 0
v 0.977444 0.197023 0.541231 1 0 0
v 0.978175 0.195831 0.541231 1 0 0
v 0.979083 0.194767 0.541231 1 0 0
v 0.980146 0.193859 0.541231 1 0 0
v 0.981338 0.193129 0.541231 1 0 0
v 0.98263 0.192594 0.541231 1 0 0
v 0.983989 0.192267 0.541231 1 0 0
v 0.985383 0.192158 0.541231 1 0 0
v 0.986777 0.192267 0.541231 1 0 0
v 0.988137 0.192594 0.541231 1 0 0
v 0.989428 0.193129 0.541231 1 0 0
v 0.99062 0.193859 0.541231 1 0 0
v 0.991684 0.194767 0.541231 1 0 0
v 0.992592 0.195831 0.541231 1 0 0
v 0.993322 0.197023 0.541231 1 0 0
v 0.993857 0.198314 0.541231 1 0 0
v 0.994184 0.199674 0.541231 1 0 0
v 0.993473 0.201068 0.539893 1 0 0
v 0.993374 0.202333 0.539893 1 0 0
v 0.993077 0.203568 0.539893 1 0 0
v 0.992592 0.204741 0.539893 1 0 0
v 0.991928 0.205823 0.539893 1 0 0
v 0.991104 0.206788 0.539893 1 0 0
v 0.990138 0.207613 0.539893 1 0 0
v 0.989056 0.208276 0.539893 1 0 0
v 0.987883 0.208762 0.539893 1 0 0
v 0.986649 0.209058 0.539893 1 0 0
v 0.985383 0.209158 0.539893 1 0 0
v 0.984118 0.209058 0.539893 1 0 0
v 0.982883 0.208762 0.539893 1 0 0
v 0.98171 0.208276 0.539893 1 0 0
v 0.980628 0.207613 0.539893 1 0 0
v 0.979663 0.206788 0.539893 1 0 0
v 0.978838 0.205823 0.539893 1 0 0
v 0.978175 0.204741 0.539893 1 0 0
v 0.977689 0.203568 0.539893 1 0 0
v 0.977393 0.202333 0.539893 1 0 0
v 0.977293 0.201068 0.539893 1 0 0
v 0.977393 0.199802 0.539893 1 0 0
v 0.977689 0.198568 0.539893 1 0 0
v 0.978175 0.197395 0.539893 1 0 0
v 0.978838 0.196313 0.539893 1 0 0
v 0.979663 0.195347 0.539893 1 0 0
v 0.980628 0.194523 0.539893 1 0 0
v 0.98171 0.193859 0.539893 1 0 0
v 0.982883 0.193374 0.539893 1 0 0
v 0.984118 0.193077 0.539893 1 0 0
v 0.985383 0.192978 0.539893 1 0 0
v 0.986649 0.193077 0.539893 1 0 0
v 0.987883 0.193374 0.539893 1 0 0
v 0.989056 0.193859 0.539893 1 0 0
v 0.990138 0.194523 0.539893 1 0 0
v 0.991104 0.195347 0.539893 1 0 0
v 0.991928 0.196313 0.539893 1 0 0
v 0.992592 0.197395 0.539893 1 0 0
v 0.993077 0.198568 0.539893 1 0 0
v 0.993374 0.199802 0.539893 1 0 0
v 0.992454 0.201068 0.5387 1 0 0
v 0.992367 0.202174 0.5387 1 0 0
v 0.992108 0.203253 0.5387 1 0 0
v 0.991684 0.204278 0.5387 1 0 0
v 0.991104 0.205224 0.5387 1 0 0
v 0.990383 0.206068 0.5387 1 0 0
v 0.989539 0.206788 0.5387 1 0 0
v 0.988593 0.207368 0.5387 1 0 0
v 0.987568 0.207793 0.5387 1 0 0
v 0.986489 0.208052 0.5387 1 0 0
v 0.985383 0.208139 0.5387 1 0 0
v 0.984277 0.208052 0.5387 1 0 0
v 0.983198 0.207793 0.5387 1 0 0
v 0.982173 0.207368 0.5387 1 0 0
v 0.981227 0.206788 0.5387 1 0 0
v 0.980383 0.206068 0.5387 1 0 0
v 0.979663 0.205224 0.5387 1 0 0
v 0.979083 0.204278 0.5387 1 0 0
v 0.978658 0.203253 0.5387 1 0 0
v 0.978399 0.202174 0.5387 1 0 0
v 0.978312 0.201068 0.5387 1 0 0
v 0.978399 0.199962 0.5387 1 0 0
v 0.978658 0.198883 0.5387 1 0 0
v 0.979083 0.197858 0.5387 1 0 0
v 0.979663 0.196912 0.5387 1 0 0
v 0.980383 0.196068 0.5387 1 0 0
v 0.981227 0.195347 0.5387 1 0 0
v 0.982173 0.194767 0.5387 1 0 0
v 0.983198 0.194343 0.5387 1 0 0
v 0.984277 0.194084 0.5387 1 0 0
v 0.985383 0.193997 0.5387 1 0 0
v 0.986489 0.194084 0.5387 1 0 0
v 0.987568 0.194343 0.5387 1 0 0
v 0.988593 0.194767 0.5387 1 0 0
v 0.989539 0.195347 0.5387 1 0 0
v 0.990383 0.196068 0.5387 1 0 0
v 0.991104 0.196912 0.5387 1 0 0
v 0.991684 0.197858 0.5387 1 0 0
v 0.992108 0.198883 0.5387 1 0 0
v 0.992367 0.199962 0.5387 1 0 0
v 0.991261 0.201068 0.537681 1 0 0
v 0.991189 0.201987 0.537681 1 0 0
v 0.990973 0.202884 0.537681 1 0 0
v 0.99062 0.203736 0.537681 1 0 0
v 0.990138 0.204523 0.537681 1 0 0
v 0.989539 0.205224 0.537681 1 0 0
v 0.988838 0.205823 0.537681 1 0 0
v 0.988052 0.206305 0.537681 1 0 0
v 0.9872 0.206658 0.537681 1 0 0
v 0.986303 0.206873 0.537681 1 0 0
v 0.985383 0.206946 0.537681 1 0 0
v 0.984464 0.206873 0.537681 1 0 0
v 0.983567 0.206658 0.537681 1 0 0
v 0.982715 0.206305 0.537681 1 0 0
v 0.981928 0.205823 0.537681 1 0 0
v 0.981227 0.205224 0.537681 1 0 0
v 0.980628 0.204523 0.537681 1 0 0
v 0.980146 0.203736 0.537681 1 0 0
v 0.979793 0.202884 0.537681 1 0 0
v 0.979578 0.201987 0.537681 1 0 0
v 0.979505 0.201068 0.537681 1 0 0
v 0.979578 0.200148 0.537681 1 0 0
v 0.979793 0.199251 0.537681 1 0 0
v 0.980146 0.198399 0.537681 1 0 0
v 0.980628 0.197613 0.537681 1 0 0
v 0.981227 0.196912 0.537681 1 0 0
v 0.981928 0.196313 0.537681 1 0 0
v 0.982715 0.195831 0.537681 1 0 0
v 0.983567 0.195478 0.537681 1 0 0
v 0.984464 0.195262 0.537681 1 0 0
v 0.985383 0.19519 0.537681 1 0 0
v 0.986303 0.195262 0.537681 1 0 0
v 0.9872 0.195478 0.537681 1 0 0
v 0.988052 0.195831 0.537681 1 0 0
v 0.988838 0.196313 0.537681 1 0 0
v 0.989539 0.196912 0.537681 1 0 0
v 0.990138 0.197613 0.537681 1 0 0
v 0.99062 0.198399 0.537681 1 0 0
v 0.990973 0.199251 0.537681 1 0 0
v 0.991189 0.200148 0.537681 1 0 0
v 0.989923 0.201068 0.536861 1 0 0
v 0.989867 0.201778 0.536861 1 0 0
v 0.989701 0.202471 0.536861 1 0 0
v 0.989428 0.203129 0.536861 1 0 0
v 0.989056 0.203736 0.536861 1 0 0
v 0.988593 0.204278 0.536861 1 0 0
v 0.988052 0.204741 0.536861 1 0 0
v 0.987444 0.205113 0.536861 1 0 0
v 0.986786 0.205386 0.536861 1 0 0
v 0.986093 0.205552 0.536861 1 0 0
v 0.985383 0.205608 0.536861 1 0 0
v 0.984673 0.205552 0.536861 1 0 0
v 0.98398 0.205386 0.536861 1 0 0
v 0.983322 0.205113 0.536861 1 0 0
v 0.982715 0.204741 0.536861 1 0 0
v 0.982173 0.204278 0.536861 1 0 0
v 0.98171 0.203736 0.536861 1 0 0
v 0.981338 0.203129 0.536861 1 0 0
v 0.981065 0.202471 0.536861 1 0 0
v 0.980899 0.201778 0.536861 1 0 0
v 0.980843 0.201068 0.536861 1 0 0
v 0.980899 0.200358 0.536861 1 0 0
v 0.981065 0.199665 0.536861 1 0 0
v 0.981338 0.199007 0.536861 1 0 0
v 0.98171 0.198399 0.536861 1 0 0
v 0.982173 0.197858 0.536861 1 0 0
v 0.982715 0.197395 0.536861 1 0 0
v 0.983322 0.197023 0.536861 1 0 0
v 0.98398 0.19675 0.536861 1 0 0
v 0.984673 0.196584 0.536861 1 0 0
v 0.985383 0.196528 0.536861 1 0 0
v 0.986093 0.196584 0.536861 1 0 0
v 0.986786 0.19675 0.536861 1 0 0
v 0.987444 0.197023 0.536861 1 0 0
v 0.988052 0.197395 0.536861 1 0 0
v 0.988593 0.197858 0.536861 1 0 0
v 0.989056 0.198399 0.536861 1 0 0
v 0.989428 0.199007 0.536861 1 0 0
v 0.989701 0.199665 0.536861 1 0 0
v 0.989867 0.200358 0.536861 1 0 0
v 0.988473 0.201068 0.53626 1 0 0
v 0.988435 0.201551 0.53626 1 0 0
v 0.988322 0.202023 0.53626 1 0 0
v 0.988137 0.202471 0.53626 1 0 0
v 0.987883 0.202884 0.53626 1 0 0
v 0.987568 0.203253 0.53626 1 0 0
v 0.9872 0.203568 0.53626 1 0 0
v 0.986786 0.203821 0.53626 1 0 0
v 0.986338 0.204007 0.53626 1 0 0
v 0.985867 0.20412 0.53626 1 0 0
v 0.985383 0.204158 0.53626 1 0 0
v 0.9849 0.20412 0.53626 1 0 0
v 0.984428 0.204007 0.53626 1 0 0
v 0.98398 0.203821 0.53626 1 0 0
v 0.983567 0.203568 0.53626 1 0 0
v 0.983198 0.203253 0.53626 1 0 0
v 0.982883 0.202884 0.53626 1 0 0
v 0.98263 0.202471 0.53626 1 0 0
v 0.982444 0.202023 0.53626 1 0 0
v 0.982331 0.201551 0.53626 1 0 0
v 0.982293 0.201068 0.53626 1 0 0
v 0.982331 0.200584 0.53626 1 0 0
v 0.982444 0.200113 0.53626 1 0 0
v 0.98263 0.199665 0.53626 1 0 0
v 0.982883 0.199251 0.53626 1 0 0
v 0.983198 0.198883 0.53626 1 0 0
v 0.983567 0.198568 0.53626 1 0 0
v 0.98398 0.198314 0.53626 1 0 0
v 0.984428 0.198129 0.53626 1 0 0
v 0.9849 0.198016 0.53626 1 0 0
v 0.985383 0.197978 0.53626 1 0 0
v 0.985867 0.198016 0.53626 1 0 0
v 0.986338 0.198129 0.53626 1 0 0
v 0.986786 0.198314 0.53626 1 0 0
v 0.9872 0.198568 0.53626 1 0 0
v 0.987568 0.198883 0.53626 1 0 0
v 0.987883 0.199251 0.53626 1 0 0
v 0.988137 0.199665 0.53626 1 0 0
v 0.988322 0.200113 0.53626 1 0 0
v 0.988435 0.200584 0.53626 1 0 0
v 0.986948 0.201068 0.535894 1 0 0
v 0.986928 0.201313 0.535894 1 0 0
v 0.986871 0.201551 0.535894 1 0 0
v 0.986777 0.201778 0.535894 1 0 0
v 0.986649 0.201987 0.535894 1 0 0
v 0.986489 0.202174 0.535894 1 0 0
v 0.986303 0.202333 0.535894 1 0 0
v 0.986093 0.202462 0.535894 1 0 0
v 0.985867 0.202556 0.535894 1 0 0
v 0.985628 0.202613 0.535894 1 0 0
v 0.985383 0.202632 0.535894 1 0 0
v 0.985138 0.202613 0.535894 1 0 0
v 0.9849 0.202556 0.535894 1 0 0
v 0.984673 0.202462 0.535894 1 0 0
v 0.984464 0.202333 0.535894 1 0 0
v 0.984277 0.202174 0.535894 1 0 0
v 0.984118 0.201987 0.535894 1 0 0
v 0.983989 0.201778 0.535894 1 0 0
v 0.983895 0.201551 0.535894 1 0 0
v 0.983838 0.201313 0.535894 1 0 0
v 0.983819 0.201068 0.535894 1 0 0
v 0.983838 0.200823 0.535894 1 0 0
v 0.983895 0.200584 0.535894 1 0 0
v 0.983989 0.200358 0.535894 1 0 0
v 0.984118 0.200148 0.535894 1 0 0
v 0.984277 0.199962 0.535894 1 0 0
v 0.984464 0.199802 0.535894 1 0 0
v 0.984673 0.199674 0.535894 1 0 0
v 0.9849 0.19958 0.535894 1 0 0
v 0.985138 0.199523 0.535894 1 0 0
v 0.985383 0.199503 0.535894 1 0 0
v 0.985628 0.199523 0.535894 1 0 0
v 0.985867 0.19958 0.535894 1 0 0
v 0.986093 0.199674 0.535894 1 0 0
v 0.986303 0.199802 0.535894 1 0 0
v 0.986489 0.199962 0.535894 1 0 0
v 0.986649 0.200148 0.535894 1 0 0
v 0.986777 0.200358 0.535894 1 0 0
v 0.986871 0.200584 0.535894 1 0 0
v 0.986928 0.200823 0.535894 1 0 0
v 0.987897 0.792685 0.554424 1 0 0
v 0.987897 0.792685 0.534424 1 0 0
v 0.989461 0.792685 0.554301 1 0 0
v 0.989442 0.79293 0.554301 1 0 0
v 0.989385 0.793169 0.554301 1 0 0
v 0.989291 0.793395 0.554301 1 0 0
v 0.989163 0.793605 0.554301 1 0 0
v 0.989003 0.793791 0.554301 1 0 0
v 0.988817 0.793951 0.554301 1 0 0
v 0.988607 0.794079 0.554301 1 0 0
v 0.98838 0.794173 0.554301 1 0 0
v 0.988142 0.79423 0.554301 1 0 0
v 0.987897 0.79425 0.554301 1 0 0
v 0.987652 0.79423 0.554301 1 0 0
v 0.987414 0.794173 0.554301 1 0 0
v 0.987187 0.794079 0.554301 1 0 0
v 0.986978 0.793951 0.554301 1 0 0
v 0.986791 0.793791 0.554301 1 0 0
v 0.986631 0.793605 0.554301 1 0 0
v 0.986503 0.793395 0.554301 1 0 0
v 0.986409 0.793169 0.554301 1 0 0
v 0.986352 0.79293 0.554301 1 0 0
v 0.986333 0.792685 0.554301 1 0 0
v 0.986352 0.79244 0.554301 1 0 0
v 0.986409 0.792202 0.554301 1 0 0
v 0.986503 0.791975 0.554301 1 0 0
v 0.986631 0.791766 0.554301 1 0 0
v 0.986791 0.791579 0.554301 1 0 0
v 0.986978 0.79142 0.554301 1 0 0
v 0.987187 0.791291 0.554301 1 0 0
v 0.987414 0.791197 0.554301 1 0 0
v 0.987652 0.79114 0.554301 1 0 0
v 0.987897 0.791121 0.554301 1 0 0
v 0.988142 0.79114 0.554301 1 0 0
v 0.98838 0.791197 0.554301 1 0 0
v 0.988607 0.791291 0.554301 1 0 0
v 0.988817 0.79142 0.554301 1 0 0
v 0.989003 0.791579 0.554301 1 0 0
v 0.989163 0.791766 0.554301 1 0 0
v 0.989291 0.791975 0.554301 1 0 0
v 0.989385 0.792202 0.554301 1 0 0
v 0.989442 0.79244 0.554301 1 0 0
v 0.990987 0.792685 0.553935 1 0 0
v 0.990949 0.793169 0.553935 1 0 0
v 0.990836 0.79364 0.553935 1 0 0
v 0.99065 0.794088 0.553935 1 0 0
v 0.990397 0.794502 0.553935 1 0 0
v 0.990082 0.79487 0.553935 1 0 0
v 0.989713 0.795185 0.553935 1 0 0
v 0.9893 0.795439 0.553935 1 0 0
v 0.988852 0.795624 0.553935 1 0 0
v 0.98838 0.795737 0.553935 1 0 0
v 0.987897 0.795775 0.553935 1 0 0
v 0.987414 0.795737 0.553935 1 0 0
v 0.986942 0.795624 0.553935 1 0 0
v 0.986494 0.795439 0.553935 1 0 0
v 0.986081 0.795185 0.553935 1 0 0
v 0.985712 0.79487 0.553935 1 0 0
v 0.985397 0.794502 0.553935 1 0 0
v 0.985144 0.794088 0.553935 1 0 0
v 0.984958 0.79364 0.553935 1 0 0
v 0.984845 0.793169 0.553935 1 0 0
v 0.984807 0.792685 0.553935 1 0 0
v 0.984845 0.792202 0.553935 1 0 0
v 0.984958 0.79173 0.553935 1 0 0
v 0.985144 0.791282 0.553935 1 0 0
v 0.985397 0.790869 0.553935 1 0 0
v 0.985712 0.7905 0.553935 1 0 0
v 0.986081 0.790185 0.553935 1 0 0
v 0.986494 0.789932 0.553935 1 0 0
v 0.986942 0.789746 0.553935 1 0 0
v 0.987414 0.789633 0.553935 1 0 0
v 0.987897 0.789595 0.553935 1 0 0
v 0.98838 0.789633 0.553935 1 0 0
v 0.988852 0.789746 0.553935 1 0 0
v 0.9893 0.789932 0.553935 1 0 0
v 0.989713 0.790185 0.553935 1 0 0
v 0.990082 0.7905 0.553935 1 0 0
v 0.990397 0.790869 0.553935 1 0 0
v 0.99065 0.791282 0.553935 1 0 0
v 0.990836 0.79173 0.553935 1 0 0
v 0.990949 0.792202 0.553935 1 0 0
v 0.992437 0.792685 0.553334 1 0 0
v 0.992381 0.793395 0.553334 1 0 0
v 0.992215 0.794088 0.553334 1 0 0
v 0.991942 0.794746 0.553334 1 0 0
v 0.99157 0.795354 0.553334 1 0 0
v 0.991107 0.795895 0.553334 1 0 0
v 0.990566 0.796358 0.553334 1 0 0
v 0.989958 0.79673 0.553334 1 0 0
v 0.9893 0.797003 0.553334 1 0 0
v 0.988607 0.797169 0.553334 1 0 0
v 0.987897 0.797225 0.553334 1 0 0
v 0.987187 0.797169 0.553334 1 0 0
v 0.986494 0.797003 0.553334 1 0 0
v 0.985836 0.79673 0.553334 1 0 0
v 0.985229 0.796358 0.553334 1 0 0
v 0.984687 0.795895 0.553334 1 0 0
v 0.984224 0.795354 0.553334 1 0 0
v 0.983852 0.794746 0.553334 1 0 0
v 0.983579 0.794088 0.553334 1 0 0
v 0.983413 0.793395 0.553334 1 0 0
v 0.983357 0.792685 0.553334 1 0 0
v 0.983413 0.791975 0.553334 1 0 0
v 0.983579 0.791282 0.553334 1 0 0
v 0.983852 0.790624 0.553334 1 0 0
v 0.984224 0.790017 0.553334 1 0 0
v 0.984687 0.789475 0.553334 1 0 0
v 0.985229 0.789012 0.553334 1 0 0
v 0.985836 0.78864 0.553334 1 0 0
v 0.986494 0.788367 0.553334 1 0 0
v 0.987187 0.788201 0.553334 1 0 0
v 0.987897 0.788145 0.553334 1 0 0
v 0.988607 0.788201 0.553334 1 0 0
v 0.9893 0.788367 0.553334 1 0 0
v 0.989958 0.78864 0.553334 1 0 0
v 0.990566 0.789012 0.553334 1 0 0
v 0.991107 0.789475 0.553334 1 0 0
v 0.99157 0.790017 0.553334 1 0 0
v 0.991942 0.790624 0.553334 1 0 0
v 0.992215 0.791282 0.553334 1 0 0
v 0.992381 0.791975 0.553334 1 0 0
v 0.993775 0.792685 0.552514 1 0 0
v 0.993703 0.793605 0.552514 1 0 0
v 0.993487 0.794502 0.552514 1 0 0
v 0.993134 0.795354 0.552514 1 0 0
v 0.992652 0.79614 0.552514 1 0 0
v 0.992053 0.796841 0.552514 1 0 0
v 0.991352 0.79744 0.552514 1 0 0
v 0.990566 0.797922 0.552514 1 0 0
v 0.989713 0.798275 0.552514 1 0 0
v 0.988817 0.798491 0.552514 1 0 0
v 0.987897 0.798563 0.552514 1 0 0
v 0.986978 0.798491 0.552514 1 0 0
v 0.986081 0.798275 0.552514 1 0 0
v 0.985229 0.797922 0.552514 1 0 0
v 0.984442 0.79744 0.552514 1 0 0
v 0.983741 0.796841 0.552514 1 0 0
v 0.983142 0.79614 0.552514 1 0 0
v 0.98266 0.795354 0.552514 1 0 0
v 0.982307 0.794502 0.552514 1 0 0
v 0.982092 0.793605 0.552514 1 0 0
v 0.982019 0.792685 0.552514 1 0 0
v 0.982092 0.791766 0.552514 1 0 0
v 0.982307 0.790869 0.552514 1 0 0
v 0.98266 0.790017 0.552514 1 0 0
v 0.983142 0.78923 0.552514 1 0 0
v 0.983741 0.788529 0.552514 1 0 0
v 0.984442 0.78793 0.552514 1 0 0
v 0.985229 0.787448 0.552514 1 0 0
v 0.986081 0.787095 0.552514 1 0 0
v 0.986978 0.78688 0.552514 1 0 0
v 0.987897 0.786807 0.552514 1 0 0
v 0.988817 0.78688 0.552514 1 0 0
v 0.989713 0.787095 0.552514 1 0 0
v 0.990566 0.787448 0.552514 1 0 0
v 0.991352 0.78793 0.552514 1 0 0
v 0.992053 0.788529 0.552514 1 0 0
v 0.992652 0.78923 0.552514 1 0 0
v 0.993134 0.790017 0.552514 1 0 0
v 0.993487 0.790869 0.552514 1 0 0
v 0.993703 0.791766 0.552514 1 0 0
v 0.994968 0.792685 0.551495 1 0 0
v 0.994881 0.793791 0.551495 1 0 0
v 0.994622 0.79487 0.551495 1 0 0
v 0.994197 0.795895 0.551495 1 0 0
v 0.993618 0.796841 0.551495 1 0 0
v 0.992897 0.797685 0.551495 1 0 0
v 0.992053 0.798406 0.551495 1 0 0
v 0.991107 0.798986 0.551495 1 0 0
v 0.990082 0.79941 0.551495 1 0 0
v 0.989003 0.799669 0.551495 1 0 0
v 0.987897 0.799756 0.551495 1 0 0
v 0.986791 0.799669 0.551495 1 0 0
v 0.985712 0.79941 0.551495 1 0 0
v 0.984687 0.798986 0.551495 1 0 0
v 0.983741 0.798406 0.551495 1 0 0
v 0.982897 0.797685 0.551495 1 0 0
v 0.982176 0.796841 0.551495 1 0 0
v 0.981597 0.795895 0.551495 1 0 0
v 0.981172 0.79487 0.551495 1 0 0
v 0.980913 0.793791 0.551495 1 0 0
v 0.980826 0.792685 0.551495 1 0 0
v 0.980913 0.791579 0.551495 1 0 0
v 0.981172 0.7905 0.551495 1 0 0
v 0.981597 0.789475 0.551495 1 0 0
v 0.982176 0.788529 0.551495 1 0 0
v 0.982897 0.787685 0.551495 1 0 0
v 0.983741 0.786965 0.551495 1 0 0
v 0.984687 0.786385 0.551495 1 0 0
v 0.985712 0.78596 0.551495 1 0 0
v 0.986791 0.785701 0.551495 1 0 0
v 0.987897 0.785614 0.551495 1 0 0
v 0.989003 0.785701 0.551495 1 0 0
v 0.990082 0.78596 0.551495 1 0 0
v 0.991107 0.786385 0.551495 1 0 0
v 0.992053 0.786965 0.551495 1 0 0
v 0.992897 0.787685 0.551495 1 0 0
v 0.993618 0.788529 0.551495 1 0 0
v 0.994197 0.789475 0.551495 1 0 0
v 0.994622 0.7905 0.551495 1 0 0
v 0.994881 0.791579 0.551495 1 0 0
v 0.995987 0.792685 0.550302 1 0 0
v 0.995888 0.793951 0.550302 1 0 0
v 0.995591 0.795185 0.550302 1 0 0
v 0.995105 0.796358 0.550302 1 0 0
v 0.994442 0.79744 0.550302 1 0 0
v 0.993618 0.798406 0.550302 1 0 0
v 0.992652 0.79923 0.550302 1 0 0
v 0.99157 0.799894 0.550302 1 0 0
v 0.990397 0.800379 0.550302 1 0 0
v 0.989163 0.800676 0.550302 1 0 0
v 0.987897 0.800775 0.550302 1 0 0
v 0.986631 0.800676 0.550302 1 0 0
v 0.985397 0.800379 0.550302 1 0 0
v 0.984224 0.799894 0.550302 1 0 0
v 0.983142 0.79923 0.550302 1 0 0
v 0.982176 0.798406 0.550302 1 0 0
v 0.981352 0.79744 0.550302 1 0 0
v 0.980689 0.796358 0.550302 1 0 0
v 0.980203 0.795185 0.550302 1 0 0
v 0.979906 0.793951 0.550302 1 0 0
v 0.979807 0.792685 0.550302 1 0 0
v 0.979906 0.79142 0.550302 1 0 0
v 0.980203 0.790185 0.550302 1 0 0
v 0.980689 0.789012 0.550302 1 0 0
v 0.981352 0.78793 0.550302 1 0 0
v 0.982176 0.786965 0.550302 1 0 0
v 0.983142 0.78614 0.550302 1 0 0
v 0.984224 0.785477 0.550302 1 0 0
v 0.985397 0.784991 0.550302 1 0 0
v 0.986631 0.784695 0.550302 1 0 0
v 0.987897 0.784595 0.550302 1 0 0
v 0.989163 0.784695 0.550302 1 0 0
v 0.990397 0.784991 0.550302 1 0 0
v 0.99157 0.785477 0.550302 1 0 0
v 0.992652 0.78614 0.550302 1 0 0
v 0.993618 0.786965 0.550302 1 0 0
v 0.994442 0.78793 0.550302 1 0 0
v 0.995105 0.789012 0.550302 1 0 0
v 0.995591 0.790185 0.550302 1 0 0
v 0.995888 0.79142 0.550302 1 0 0
v 0.996807 0.792685 0.548964 1 0 0
v 0.996697 0.794079 0.548964 1 0 0
v 0.996371 0.795439 0.548964 1 0 0
v 0.995836 0.79673 0.548964 1 0 0
v 0.995105 0.797922 0.548964 1 0 0
v 0.994197 0.798986 0.548964 1 0 0
v 0.993134 0.799894 0.548964 1 0 0
v 0.991942 0.800624 0.548964 1 0 0
v 0.99065 0.801159 0.548964 1 0 0
v 0.989291 0.801486 0.548964 1 0 0
v 0.987897 0.801595 0.548964 1 0 0
v 0.986503 0.801486 0.548964 1 0 0
v 0.985144 0.801159 0.548964 1 0 0
v 0.983852 0.800624 0.548964 1 0 0
v 0.98266 0.799894 0.548964 1 0 0
v 0.981597 0.798986 0.548964 1 0 0
v 0.980689 0.797922 0.548964 1 0 0
v 0.979958 0.79673 0.548964 1 0 0
v 0.979423 0.795439 0.548964 1 0 0
v 0.979097 0.794079 0.548964 1 0 0
v 0.978987 0.792685 0.548964 1 0 0
v 0.979097 0.791291 0.548964 1 0 0
v 0.979423 0.789932 0.548964 1 0 0
v 0.979958 0.78864 0.548964 1 0 0
v 0.980689 0.787448 0.548964 1 0 0
v 0.981597 0.786385 0.548964 1 0 0
v 0.98266 0.785477 0.548964 1 0 0
v 0.983852 0.784746 0.548964 1 0 0
v 0.985144 0.784211 0.548964 1 0 0
v 0.986503 0.783885 0.548964 1 0 0
v 0.987897 0.783775 0.548964 1 0 0
v 0.989291 0.783885 0.548964 1 0 0
v 0.99065 0.784211 0.548964 1 0 0
v 0.991942 0.784746 0.548964 1 0 0
v 0.993134 0.785477 0.548964 1 0 0
v 0.994197 0.786385 0.548964 1 0 0
v 0.995105 0.787448 0.548964 1 0 0
v 0.995836 0.78864 0.548964 1 0 0
v 0.996371 0.789932 0.548964 1 0 0
v 0.996697 0.791291 0.548964 1 0 0
v 0.997408 0.792685 0.547514 1 0 0
v 0.997291 0.794173 0.547514 1 0 0
v 0.996942 0.795624 0.547514 1 0 0
v 0.996371 0.797003 0.547514 1 0 0
v 0.995591 0.798275 0.547514 1 0 0
v 0.994622 0.79941 0.547514 1 0 0
v 0.993487 0.800379 0.547514 1 0 0
v 0.992215 0.801159 0.547514 1 0 0
v 0.990836 0.80173 0.547514 1 0 0
v 0.989385 0.802079 0.547514 1 0 0
v 0.987897 0.802196 0.547514 1 0 0
v 0.986409 0.802079 0.547514 1 0 0
v 0.984958 0.80173 0.547514 1 0 0
v 0.983579 0.801159 0.547514 1 0 0
v 0.982307 0.800379 0.547514 1 0 0
v 0.981172 0.79941 0.547514 1 0 0
v 0.980203 0.798275 0.547514 1 0 0
v 0.979423 0.797003 0.547514 1 0 0
v 0.978852 0.795624 0.547514 1 0 0
v 0.978504 0.794173 0.547514 1 0 0
v 0.978386 0.792685 0.547514 1 0 0
v 0.978504 0.791197 0.547514 1 0 0
v 0.978852 0.789746 0.547514 1 0 0
v 0.979423 0.788367 0.547514 1 0 0
v 0.980203 0.787095 0.547514 1 0 0
v 0.981172 0.78596 0.547514 1 0 0
v 0.982307 0.784991 0.547514 1 0 0
v 0.983579 0.784211 0.547514 1 0 0
v 0.984958 0.78364 0.547514 1 0 0
v 0.986409 0.783292 0.547514 1 0 0
v 0.987897 0.783175 0.547514 1 0 0
v 0.989385 0.783292 0.547514 1 0 0
v 0.990836 0.78364 0.547514 1 0 0
v 0.992215 0.784211 0.547514 1 0 0
v 0.993487 0.784991 0.547514 1 0 0
v 0.994622 0.78596 0.547514 1 0 0
v 0.995591 0.787095 0.547514 1 0 0
v 0.996371 0.788367 0.547514 1 0 0
v 0.996942 0.789746 0.547514 1 0 0
v 0.997291 0.791197 0.547514 1 0 0
v 0.997774 0.792685 0.545988 1 0 0
v 0.997652 0.79423 0.545988 1 0 0
v 0.997291 0.795737 0.545988 1 0 0
v 0.996697 0.797169 0.545988 1 0 0
v 0.995888 0.798491 0.545988 1 0 0
v 0.994881 0.799669 0.545988 1 0 0
v 0.993703 0.800676 0.545988 1 0 0
v 0.992381 0.801486 0.545988 1 0 0
v 0.990949 0.802079 0.545988 1 0 0
v 0.989442 0.80244 0.545988 1 0 0
v 0.987897 0.802562 0.545988 1 0 0
v 0.986352 0.80244 0.545988 1 0 0
v 0.984845 0.802079 0.545988 1 0 0
v 0.983413 0.801486 0.545988 1 0 0
v 0.982092 0.800676 0.545988 1 0 0
v 0.980913 0.799669 0.545988 1 0 0
v 0.979906 0.798491 0.545988 1 0 0
v 0.979097 0.797169 0.545988 1 0 0
v 0.978504 0.795737 0.545988 1 0 0
v 0.978142 0.79423 0.545988 1 0 0
v 0.97802 0.792685 0.545988 1 0 0
v 0.978142 0.79114 0.545988 1 0 0
v 0.978504 0.789633 0.545988 1 0 0
v 0.979097 0.788201 0.545988 1 0 0
v 0.979906 0.78688 0.545988 1 0 0
v 0.980913 0.785701 0.545988 1 0 0
v 0.982092 0.784695 0.545988 1 0 0
v 0.983413 0.783885 0.545988 1 0 0
v 0.984845 0.783292 0.545988 1 0 0
v 0.986352 0.78293 0.545988 1 0 0
v 0.987897 0.782808 0.545988 1 0 0
v 0.989442 0.78293 0.545988 1 0 0
v 0.990949 0.783292 0.545988 1 0 0
v 0.992381 0.783885 0.545988 1 0 0
v 0.993703 0.784695 0.545988 1 0 0
v 0.994881 0.785701 0.545988 1 0 0
v 0.995888 0.78688 0.545988 1 0 0
v 0.996697 0.788201 0.545988 1 0 0
v 0.997291 0.789633 0.545988 1 0 0
v 0.997652 0.79114 0.545988 1 0 0
v 0.997897 0.792685 0.544424 1 0 0
v 0.997774 0.79425 0.544424 1 0 0
v 0.997408 0.795775 0.544424 1 0 0
v 0.996807 0.797225 0.544424 1 0 0
v 0.995987 0.798563 0.544424 1 0 0
v 0.994968 0.799756 0.544424 1 0 0
v 0.993775 0.800775 0.544424 1 0 0
v 0.992437 0.801595 0.544424 1 0 0
v 0.990987 0.802196 0.544424 1 0 0
v 0.989461 0.802562 0.544424 1 0 0
v 0.987897 0.802685 0.544424 1 0 0
v 0.986333 0.802562 0.544424 1 0 0
v 0.984807 0.802196 0.544424 1 0 0
v 0.983357 0.801595 0.544424 1 0 0
v 0.982019 0.800775 0.544424 1 0 0
v 0.980826 0.799756 0.544424 1 0 0
v 0.979807 0.798563 0.544424 1 0 0
v 0.978987 0.797225 0.544424 1 0 0
v 0.978386 0.795775 0.544424 1 0 0
v 0.97802 0.79425 0.544424 1 0 0
v 0.977897 0.792685 0.544424 1 0 0
v 0.97802 0.791121 0.544424 1 0 0
v 0.978386 0.789595 0.544424 1 0 0
v 0.978987 0.788145 0.544424 1 0 0
v 0.979807 0.786807 0.544424 1 0 0
v 0.980826 0.785614 0.544424 1 0 0
v 0.982019 0.784595 0.544424 1 0 0
v 0.983357 0.783775 0.544424 1 0 0
v 0.984807 0.783175 0.544424 1 0 0
v 0.986333 0.782808 0.544424 1 0 0
v 0.987897 0.782685 0.544424 1 0 0
v 0.989461 0.782808 0.544424 1 0 0
v 0.990987 0.783175 0.544424 1 0 0
v 0.992437 0.783775 0.544424 1 0 0
v 0.993775 0.784595 0.544424 1 0 0
v 0.994968 0.785614 0.544424 1 0 0
v 0.995987 0.786807 0.544424 1 0 0
v 0.996807 0.788145 0.544424 1 0 0
v 0.997408 0.789595 0.544424 1 0 0
v 0.997774 0.791121 0.544424 1 0 0
v 0.997774 0.792685 0.54286 1 0 0
v 0.997652 0.79423 0.54286 1 0 0
v 0.997291 0.795737 0.54286 1 0 0
v 0.996697 0.797169 0.54286 1 0 0
v 0.995888 0.798491 0.54286 1 0 0
v 0.994881 0.799669 0.54286 1 0 0
v 0.993703 0.800676 0.54286 1 0 0
v 0.992381 0.801486 0.54286 1 0 0
v 0.990949 0.802079 0.54286 1 0 0
v 0.989442 0.80244 0.54286 1 0 0
v 0.987897 0.802562 0.54286 1 0 0
v 0.986352 0.80244 0.54286 1 0 0
v 0.984845 0.802079 0.54286 1 0 0
v 0.983413 0.801486 0.54286 1 0 0
v 0.982092 0.800676 0.54286 1 0 0
v 0.980913 0.799669 0.54286 1 0 0
v 0.979906 0.798491 0.54286 1 0 0
v 0.979097 0.797169 0.54286 1 0 0
v 0.978504 0.795737 0.54286 1 0 0
v 0.978142 0.79423 0.54286 1 0 0
v 0.97802 0.792685 0.54286 1 0 0
v 0.978142 0.79114 0.54286 1 0 0
v 0.978504 0.789633 0.54286 1 0 0
v 0.979097 0.788201 0.54286 1 0 0
v 0.979906 0.78688 0.54286 1 0 0
v 0.980913 0.785701 0.54286 1 0 0
v 0.982092 0.784695 0.54286 1 0 0
v 0.983413 0.783885 0.54286 1 0 0
v 0.984845 0.783292 0.54286 1 0 0
v 0.986352 0.78293 0.54286 1 0 0
v 0.987897 0.782808 0.54286 1 0 0
v 0.989442 0.78293 0.54286 1 0 0
v 0.990949 0.783292 0.54286 1 0 0
v 0.992381 0.783885 0.54286 1 0 0
v 0.993703 0.784695 0.54286 1 0 0
v 0.994881 0.785701 0.54286 1 0 0
v 0.995888 0.78688 0.54286 1 0 0
v 0.996697 0.788201 0.54286 1 0 0
v 0.997291 0.789633 0.54286 1 0 0
v 0.997652 0.79114 0.54286 1 0 0
v 0.997408 0.792685 0.541334 1 0 0
v 0.997291 0.794173 0.541334 1 0 0
v 0.996942 0.795624 0.541334 1 0 0
v 0.996371 0.797003 0.541334 1 0 0
v 0.995591 0.798275 0.541334 1 0 0
v 0.994622 0.79941 0.541334 1 0 0
v 0.993487 0.800379 0.541334 1 0 0
v 0.992215 0.801159 0.541334 1 0 0
v 0.990836 0.80173 0.541334 1 0 0
v 0.989385 0.802079 0.541334 1 0 0
v 0.987897 0.802196 0.541334 1 0 0
v 0.986409 0.802079 0.541334 1 0 0
v 0.984958 0.80173 0.541334 1 0 0
v 0.983579 0.801159 0.541334 1 0 0
v 0.982307 0.800379 0.541334 1 0 0
v 0.981172 0.79941 0.541334 1 0 0
v 0.980203 0.798275 0.541334 1 0 0
v 0.979423 0.797003 0.541334 1 0 0
v 0.978852 0.795624 0.541334 1 0 0
v 0.978504 0.794173 0.541334 1 0 0
v 0.978386 0.792685 0.541334 1 0 0
v 0.978504 0.791197 0.541334 1 0 0
v 0.978852 0.789746 0.541334 1 0 0
v 0.979423 0.788367 0.541334 1 0 0
v 0.980203 0.787095 0.541334 1 0 0
v 0.981172 0.78596 0.541334 1 0 0
v 0.982307 0.784991 0.541334 1 0 0
v 0.983579 0.784211 0.541334 1 0 0
v 0.984958 0.78364 0.541334 1 0 0
v 0.986409 0.783292 0.541334 1 0 0
v 0.987897 0.783175 0.541334 1 0 0
v 0.989385 0.783292 0.541334 1 0 0
v 0.990836 0.78364 0.541334 1 0 0
v 0.992215 0.784211 0.541334 1 0 0
v 0.993487 0.784991 0.541334 1 0 0
v 0.994622 0.78596 0.541334 1 0 0
v 0.995591 0.787095 0.541334 1 0 0
v 0.996371 0.788367 0.541334 1 0 0
v 0.996942 0.789746 0.541334 1 0 0
v 0.997291 0.791197 0.541334 1 0 0
v 0.996807 0.792685 0.539884 1 0 0
v 0.996697 0.794079 0.539884 1 0 0
v 0.996371 0.795439 0.539884 1 0 0
v 0.995836 0.79673 0.539884 1 0 0
v 0.995105 0.797922 0.539884 1 0 0
v 0.994197 0.798986 0.539884 1 0 0
v 0.993134 0.799894 0.539884 1 0 0
v 0.991942 0.800624 0.539884 1 0 0
v 0.99065 0.801159 0.539884 1 0 0
v 0.989291 0.801486 0.539884 1 0 0
v 0.987897 0.801595 0.539884 1 0 0
v 0.986503 0.801486 0.539884 1 0 0
v 0.985144 0.801159 0.539884 1 0 0
v 0.983852 0.800624 0.539884 1 0 0
v 0.98266 0.799894 0.539884 1 0 0
v 0.981597 0.798986 0.539884 1 0 0
v 0.980689 0.797922 0.539884 1 0 0
v 0.979958 0.79673 0.539884 1 0 0
v 0.979423 0.795439 0.539884 1 0 0
v 0.979097 0.794079 0.539884 1 0 0
v 0.978987 0.792685 0.539884 1 0 0
v 0.979097 0.791291 0.539884 1 0 0
v 0.979423 0.789932 0.539884 1 0 0
v 0.979958 0.78864 0.539884 1 0 0
v 0.980689 0.787448 0.539884 1 0 0
v 0.981597 0.786385 0.539884 1 0 0
v 0.98266 0.785477 0.539884 1 0 0
v 0.983852 0.784746 0.539884 1 0 0
v 0.985144 0.784211 0.539884 1 0 0
v 0.986503 0.783885 0.539884 1 0 0
v 0.987897 0.783775 0.539884 1 0 0
v 0.989291 0.783885 0.539884 1 0 0
v 0.99065 0.784211 0.539884 1 0 0
v 0.991942 0.784746 0.539884 1 0 0
v 0.993134 0.785477 0.539884 1 0 0
v 0.994197 0.786385 0.539884 1 0 0
v 0.995105 0.787448 0.539884 1 0 0
v 0.995836 0.78864 0.539884 1 0 0
v 0.996371 0.789932 0.539884 1 0 0
v 0.996697 0.791291 0.539884 1 0 0
v 0.995987 0.792685 0.538546 1 0 0
v 0.995888 0.793951 0.538546 1 0 0
v 0.995591 0.795185 0.538546 1 0 0
v 0.995105 0.796358 0.538546 1 0 0
v 0.994442 0.79744 0.538546 1 0 0
v 0.993618 0.798406 0.538546 1 0 0
v 0.992652 0.79923 0.538546 1 0 0
v 0.99157 0.799894 0.538546 1 0 0
v 0.990397 0.800379 0.538546 1 0 0
v 0.989163 0.800676 0.538546 1 0 0
v 0.987897 0.800775 0.538546 1 0 0
v 0.986631 0.800676 0.538546 1 0 0
v 0.985397 0.800379 0.538546 1 0 0
v 0.984224 0.799894 0.538546 1 0 0
v 0.983142 0.79923 0.538546 1 0 0
v 0.982176 0.798406 0.538546 1 0 0
v 0.981352 0.79744 0.538546 1 0 0
v 0.980689 0.796358 0.538546 1 0 0
v 0.980203 0.795185 0.538546 1 0 0
v 0.979906 0.793951 0.538546 1 0 0
v 0.979807 0.792685 0.538546 1 0 0
v 0.979906 0.79142 0.538546 1 0 0
v 0.980203 0.790185 0.538546 1 0 0
v 0.980689 0.789012 0.538546 1 0 0
v 0.981352 0.78793 0.538546 1 0 0
v 0.982176 0.786965 0.538546 1 0 0
v 0.983142 0.78614 0.538546 1 0 0
v 0.984224 0.785477 0.538546 1 0 0
v 0.985397 0.784991 0.538546 1 0 0
v 0.986631 0.784695 0.538546 1 0 0
v 0.987897 0.784595 0.538546 1 0 0
v 0.989163 0.784695 0.538546 1 0 0
v 0.990397 0.784991 0.538546 1 0 0
v 0.99157 0.785477 0.538546 1 0 0
v 0.992652 0.78614 0.538546 1 0 0
v 0.993618 0.786965 0.538546 1 0 0
v 0.994442 0.78793 0.538546 1 0 0
v 0.995105 0.789012 0.538546 1 0 0
v 0.995591 0.790185 0.538546 1 0 0
v 0.995888 0.79142 0.538546 1 0 0
v 0.994968 0.792685 0.537353 1 0 0
v 0.994881 0.793791 0.537353 1 0 0
v 0.994622 0.79487 0.537353 1 0 0
v 0.994197 0.795895 0.537353 1 0 0
v 0.993618 0.796841 0.537353 1 0 0
v 0.992897 0.797685 0.537353 1 0 0
v 0.992053 0.798406 0.537353 1 0 0
v 0.991107 0.798986 0.537353 1 0 0
v 0.990082 0.79941 0.537353 1 0 0
v 0.989003 0.799669 0.537353 1 0 0
v 0.987897 0.799756 0.537353 1 0 0
v 0.986791 0.799669 0.537353 1 0 0
v 0.985712 0.79941 0.537353 1 0 0
v 0.984687 0.798986 0.537353 1 0 0
v 0.983741 0.798406 0.537353 1 0 0
v 0.982897 0.797685 0.537353 1 0 0
v 0.982176 0.796841 0.537353 1 0 0
v 0.981597 0.795895 0.537353 1 0 0
v 0.981172 0.79487 0.537353 1 0 0
v 0.980913 0.793791 0.537353 1 0 0
v 0.980826 0.792685 0.537353 1 0 0
v 0.980913 0.791579 0.537353 1 0 0
v 0.981172 0.7905 0.537353 1 0 0
v 0.981597 0.789475 0.537353 1 0 0
v 0.982176 0.788529 0.537353 1 0 0
v 0.982897 0.787685 0.537353 1 0 0
v 0.983741 0.786965 0.537353 1 0 0
v 0.984687 0.786385 0.537353 1 0 0
v 0.985712 0.78596 0.537353 1 0 0
v 0.986791 0.785701 0.537353 1 0 0
v 0.987897 0.785614 0.537353 1 0 0
v 0.989003 0.785701 0.537353 1 0 0
v 0.990082 0.78596 0.537353 1 0 0
v 0.991107 0.786385 0.537353 1 0 0
v 0.992053 0.786965 0.537353 1 0 0
v 0.992897 0.787685 0.537353 1 0 0
v 0.993618 0.788529 0.537353 1 0 0
v 0.994197 0.789475 0.537353 1 0 0
v 0.994622 0.7905 0.537353 1 0 0
v 0.994881 0.791579 0.537353 1 0 0
v 0.993775 0.792685 0.536334 1 0 0
v 0.993703 0.793605 0.536334 1 0 0
v 0.993487 0.794502 0.536334 1 0 0
v 0.993134 0.795354 0.536334 1 0 0
v 0.992652 0.79614 0.536334 1 0 0
v 0.992053 0.796841 0.536334 1 0 0
v 0.991352 0.79744 0.536334 1 0 0
v 0.990566 0.797922 0.536334 1 0 0
v 0.989713 0.798275 0.536334 1 0 0
v 0.988817 0.798491 0.536334 1 0 0
v 0.987897 0.798563 0.536334 1 0 0
v 0.986978 0.798491 0.536334 1 0 0
v 0.986081 0.798275 0.536334 1 0 0
v 0.985229 0.797922 0.536334 1 0 0
v 0.984442 0.79744 0.536334 1 0 0
v 0.983741 0.796841 0.536334 1 0 0
v 0.983142 0.79614 0.536334 1 0 0
v 0.98266 0.795354 0.536334 1 0 0
v 0.982307 0.794502 0.536334 1 0 0
v 0.982092 0.793605 0.536334 1 0 0
v 0.982019 0.792685 0.536334 1 0 0
v 0.982092 0.791766 0.536334 1 0 0
v 0.982307 0.790869 0.536334 1 0 0
v 0.98266 0.790017 0.536334 1 0 0
v 0.983142 0.78923 0.536334 1 0 0
v 0.983741 0.788529 0.536334 1 0 0
v 0.984442 0.78793 0.536334 1 0 0
v 0.985229 0.787448 0.536334 1 0 0
v 0.986081 0.787095 0.536334 1 0 0
v 0.986978 0.78688 0.536334 1 0 0
v 0.987897 0.786807 0.536334 1 0 0
v 0.988817 0.78688 0.536334 1 0 0
v 0.989713 0.787095 0.536334 1 0 0
v 0.990566 0.787448 0.536334 1 0 0
v 0.991352 0.78793 0.536334 1 0 0
v 0.992053 0.788529 0.536334 1 0 0
v 0.992652 0.78923 0.536334 1 0 0
v 0.993134 0.790017 0.536334 1 0 0
v 0.993487 0.790869 0.536334 1 0 0
v 0.993703 0.791766 0.536334 1 0 0
v 0.992437 0.792685 0.535514 1 0 0
v 0.992381 0.793395 0.535514 1 0 0
v 0.992215 0.794088 0.535514 1 0 0
v 0.991942 0.794746 0.535514 1 0 0
v 0.99157 0.795354 0.535514 1 0 0
v 0.991107 0.795895 0.535514 1 0 0
v 0.990566 0.796358 0.535514 1 0 0
v 0.989958 0.79673 0.535514 1 0 0
v 0.9893 0.797003 0.535514 1 0 0
v 0.988607 0.797169 0.535514 1 0 0
v 0.987897 0.797225 0.535514 1 0 0
v 0.987187 0.797169 0.535514 1 0 0
v 0.986494 0.797003 0.535514 1 0 0
v 0.985836 0.79673 0.535514 1 0 0
v 0.985229 0.796358 0.535514 1 0 0
v 0.984687 0.795895 0.535514 1 0 0
v 0.984224 0.795354 0.535514 1 0 0
v 0.983852 0.794746 0.535514 1 0 0
v 0.983579 0.794088 0.535514 1 0 0
v 0.983413 0.793395 0.535514 1 0 0
v 0.983357 0.792685 0.535514 1 0 0
v 0.983413 0.791975 0.535514 1 0 0
v 0.983579 0.791282 0.535514 1 0 0
v 0.983852 0.790624 0.535514 1 0 0
v 0.984224 0.790017 0.535514 1 0 0
v 0.984687 0.789475 0.535514 1 0 0
v 0.985229 0.789012 0.535514 1 0 0
v 0.985836 0.78864 0.535514 1 0 0
v 0.986494 0.788367 0.535514 1 0 0
v 0.987187 0.788201 0.535514 1 0 0
v 0.987897 0.788145 0.535514 1 0 0
v 0.988607 0.788201 0.535514 1 0 0
v 0.9893 0.788367 0.535514 1 0 0
v 0.989958 0.78864 0.535514 1 0 0
v 0.990566 0.789012 0.535514 1 0 0
v 0.991107 0.789475 0.535514 1 0 0
v 0.99157 0.790017 0.535514 1 0 0
v 0.991942 0.790624 0.535514 1 0 0
v 0.992215 0.791282 0.535514 1 0 0
v 0.992381 0.791975 0.535514 1 0 0
v 0.990987 0.792685 0.534914 1 0 0
v 0.990949 0.793169 0.534914 1 0 0
v 0.990836 0.79364 0.534914 1 0 0
v 0.99065 0.794088 0.534914 1 0 0
v 0.990397 0.794502 0.534914 1 0 0
v 0.990082 0.79487 0.534914 1 0 0
v 0.989713 0.795185 0.534914 1 0 0
v 0.9893 0.795439 0.534914 1 0 0
v 0.988852 0.795624 0.534914 1 0 0
v 0.98838 0.795737 0.534914 1 0 0
v 0.987897 0.795775 0.534914 1 0 0
v 0.987414 0.795737 0.534914 1 0 0
v 0.986942 0.795624 0.534914 1 0 0
v 0.986494 0.795439 0.534914 1 0 0
v 0.986081 0.795185 0.534914 1 0 0
v 0.985712 0.79487 0.534914 1 0 0
v 0.985397 0.794502 0.534914 1 0 0
v 0.985144 0.794088 0.534914 1 0 0
v 0.984958 0.79364 0.534914 1 0 0
v 0.984845 0.793169 0.534914 1 0 0
v 0.984807 0.792685 0.534914 1 0 0
v 0.984845 0.792202 0.534914 1 0 0
v 0.984958 0.79173 0.534914 1 0 0
v 0.985144 0.791282 0.534914 1 0 0
v 0.985397 0.790869 0.534914 1 0 0
v 0.985712 0.7905 0.534914 1 0 0
v 0.986081 0.790185 0.534914 1 0 0
v 0.986494 0.789932 0.534914 1 0 0
v 0.986942 0.789746 0.534914 1 0 0
v 0.987414 0.789633 0.534914 1 0 0
v 0.987897 0.789595 0.534914 1 0 0
v 0.98838 0.789633 0.534914 1 0 0
v 0.988852 0.789746 0.534914 1 0 0
v 0.9893 0.789932 0.534914 1 0 0
v 0.989713 0.790185 0.534914 1 0 0
v 0.990082 0.7905 0.534914 1 0 0
v 0.990397 0.790869 0.534914 1 0 0
v 0.99065 0.791282 0.534914 1 0 0
v 0.990836 0.79173 0.534914 1 0 0
v 0.990949 0.792202 0.534914 1 0 0
v 0.989461 0.792685 0.534547 1 0 0
v 0.989442 0.79293 0.534547 1 0 0
v 0.989385 0.793169 0.534547 1 0 0
v 0.989291 0.793395 0.534547 1 0 0
v 0.989163 0.793605 0.534547 1 0 0
v 0.989003 0.793791 0.534547 1 0 0
v 0.988817 0.793951 0.534547 1 0 0
v 0.988607 0.794079 0.534547 1 0 0
v 0.98838 0.794173 0.534547 1 0 0
v 0.988142 0.79423 0.534547 1 0 0
v 0.987897 0.79425 0.534547 1 0 0
v 0.987652 0.79423 0.534547 1 0 0
v 0.987414 0.794173 0.534547 1 0 0
v 0.987187 0.794079 0.534547 1 0 0
v 0.986978 0.793951 0.534547 1 0 0
v 0.986791 0.793791 0.534547 1 0 0
v 0.986631 0.793605 0.534547 1 0 0
v 0.986503 0.793395 0.534547 1 0 0
v 0.986409 0.793169 0.534547 1 0 0
v 0.986352 0.79293 0.534547 1 0 0
v 0.986333 0.792685 0.534547 1 0 0
v 0.986352 0.79244 0.534547 1 0 0
v 0.986409 0.792202 0.534547 1 0 0
v 0.986503 0.791975 0.534547 1 0 0
v 0.986631 0.791766 0.534547 1 0 0
v 0.986791 0.791579 0.534547 1 0 0
v 0.986978 0.79142 0.534547 1 0 0
v 0.987187 0.791291 0.534547 1 0 0
v 0.987414 0.791197 0.534547 1 0 0
v 0.987652 0.79114 0.534547 1 0 0
v 0.987897 0.791121 0.534547 1 0 0
v 0.988142 0.79114 0.534547 1 0 0
v 0.98838 0.791197 0.534547 1 0 0
v 0.988607 0.791291 0.534547 1 0 0
v 0.988817 0.79142 0.534547 1 0 0
v 0.989003 0.791579 0.534547 1 0 0
v 0.989163 0.791766 0.534547 1 0 0
v 0.989291 0.791975 0.534547 1 0 0
v 0.989385 0.792202 0.534547 1 0 0
v 0.989442 0.79244 0.534547 1 0 0
v 0.00457482 0.203752 0.463498 1 0 0
v 0.00457482 0.203752 0.443498 1 0 0
v 0.00613917 0.203752 0.463375 1 0 0
v 0.00611991 0.203996 0.463375 1 0 0
v 0.0060626 0.204235 0.463375 1 0 0
v 0.00596866 0.204462 0.463375 1 0 0
v 0.0058404 0.204671 0.463375 1 0 0
v 0.00568098 0.204858 0.463375 1 0 0
v 0.00549432 0.205017 0.463375 1 0 0
v 0.00528502 0.205145 0.463375 1 0 0
v 0.00505823 0.205239 0.463375 1 0 0
v 0.00481954 0.205297 0.463375 1 0 0
v 0.00457482 0.205316 0.463375 1 0 0
v 0.0043301 0.205297 0.463375 1 0 0
v 0.00409141 0.205239 0.463375 1 0 0
v 0.00386462 0.205145 0.463375 1 0 0
v 0.00365532 0.205017 0.463375 1 0 0
v 0.00346866 0.204858 0.463375 1 0 0
v 0.00330924 0.204671 0.463375 1 0 0
v 0.00318098 0.204462 0.463375 1 0 0
v 0.00308704 0.204235 0.463375 1 0 0
v 0.00302974 0.203996 0.463375 1 0 0
v 0.00301048 0.203752 0.463375 1 0 0
v 0.00302974 0.203507 0.463375 1 0 0
v 0.00308704 0.203268 0.463375 1 0 0
v 0.00318098 0.203041 0.463375 1 0 0
v 0.00330924 0.202832 0.463375 1 0 0
v 0.00346866 0.202645 0.463375 1 0 0
v 0.00365532 0.202486 0.463375 1 0 0
v 0.00386462 0.202358 0.463375 1 0 0
v 0.00409141 0.202264 0.463375 1 0 0
v 0.0043301 0.202206 0.463375 1 0 0
v 0.00457482 0.202187 0.463375 1 0 0
v 0.00481954 0.202206 0.463375 1 0 0
v 0.00505823 0.202264 0.463375 1 0 0
v 0.00528502 0.202358 0.463375 1 0 0
v 0.00549432 0.202486 0.463375 1 0 0
v 0.00568098 0.202645 0.463375 1 0 0
v 0.0058404 0.202832 0.463375 1 0 0
v 0.00596866 0.203041 0.463375 1 0 0
v 0.0060626 0.203268 0.463375 1 0 0
v 0.00611991 0.203507 0.463375 1 0 0
v 0.00766499 0.203752 0.463009 1 0 0
v 0.00762695 0.204235 0.463009 1 0 0
v 0.00751375 0.204706 0.463009 1 0 0
v 0.00732818 0.205154 0.463009 1 0 0
v 0.00707482 0.205568 0.463009 1 0 0
v 0.0067599 0.205937 0.463009 1 0 0
v 0.00639118 0.206252 0.463009 1 0 0
v 0.00597773 0.206505 0.463009 1 0 0
v 0.00552974 0.20669 0.463009 1 0 0
v 0.00505823 0.206804 0.463009 1 0 0
v 0.00457482 0.206842 0.463009 1 0 0
v 0.00409141 0.206804 0.463009 1 0 0
v 0.00361991 0.20669 0.463009 1 0 0
v 0.00317191 0.206505 0.463009 1 0 0
v 0.00275847 0.206252 0.463009 1 0 0
v 0.00238974 0.205937 0.463009 1 0 0
v 0.00207482 0.205568 0.463009 1 0 0
v 0.00182146 0.205154 0.463009 1 0 0
v 0.0016359 0.204706 0.463009 1 0 0
v 0.0015227 0.204235 0.463009 1 0 0
v 0.00148465 0.203752 0.463009 1 0 0
v 0.0015227 0.203268 0.463009 1 0 0
v 0.0016359 0.202797 0.463009 1 0 0
v 0.00182146 0.202349 0.463009 1 0 0
v 0.00207482 0.201935 0.463009 1 0 0
v 0.00238974 0.201566 0.463009 1 0 0
v 0.00275847 0.201252 0.463009 1 0 0
v 0.00317191 0.200998 0.463009 1 0 0
v 0.00361991 0.200813 0.463009 1 0 0
v 0.00409141 0.200699 0.463009 1 0 0
v 0.00457482 0.200661 0.463009 1 0 0
v 0.00505823 0.200699 0.463009 1 0 0
v 0.00552974 0.200813 0.463009 1 0 0
v 0.00597773 0.200998 0.463009 1 0 0
v 0.00639118 0.201252 0.463009 1 0 0
v 0.0067599 0.201566 0.463009 1 0 0
v 0.00707482 0.201935 0.463009 1 0 0
v 0.00732818 0.202349 0.463009 1 0 0
v 0.00751375 0.202797 0.463009 1 0 0
v 0.00762695 0.203268 0.463009 1 0 0
v 0.00911473 0.203752 0.462408 1 0 0
v 0.00905883 0.204462 0.462408 1 0 0
v 0.00889253 0.205154 0.462408 1 0 0
v 0.00861991 0.205813 0.462408 1 0 0
v 0.00824768 0.20642 0.462408 1 0 0
v 0.00778502 0.206962 0.462408 1 0 0
v 0.00724331 0.207424 0.462408 1 0 0
v 0.0066359 0.207797 0.462408 1 0 0
v 0.00597773 0.208069 0.462408 1 0 0
v 0.00528502 0.208236 0.462408 1 0 0
v 0.00457482 0.208291 0.462408 1 0 0
v 0.00386462 0.208236 0.462408 1 0 0
v 0.00317191 0.208069 0.462408 1 0 0
v 0.00251375 0.207797 0.462408 1 0 0
v 0.00190633 0.207424 0.462408 1 0 0
v 0.00136462 0.206962 0.462408 1 0 0
v 0.000901961 0.20642 0.462408 1 0 0
v 0.000529737 0.205813 0.462408 1 0 0
v 0.000257115 0.205154 0.462408 1 0 0
v 9.08105e-05 0.204462 0.462408 1 0 0
v 3.49167e-05 0.203752 0.462408 1 0 0
v 9.08105e-05 0.203041 0.462408 1 0 0
v 0.000257115 0.202349 0.462408 1 0 0
v 0.000529737 0.20169 0.462408 1 0 0
v 0.000901961 0.201083 0.462408 1 0 0
v 0.00136462 0.200541 0.462408 1 0 0
v 0.00190633 0.200079 0.462408 1 0 0
v 0.00251375 0.199706 0.462408 1 0 0
v 0.00317191 0.199434 0.462408 1 0 0
v 0.00386462 0.199268 0.462408 1 0 0
v 0.00457482 0.199212 0.462408 1 0 0
v 0.00528502 0.199268 0.462408 1 0 0
v 0.00597773 0.199434 0.462408 1 0 0
v 0.0066359 0.199706 0.462408 1 0 0
v 0.00724331 0.200079 0.462408 1 0 0
v 0.00778502 0.200541 0.462408 1 0 0
v 0.00824768 0.201083 0.462408 1 0 0
v 0.00861991 0.20169 0.462408 1 0 0
v 0.00889253 0.202349 0.462408 1 0 0
v 0.00905883 0.203041 0.462408 1 0 0
v 0.0104527 0.203752 0.461588 1 0 0
v 0.0103803 0.204671 0.461588 1 0 0
v 0.010165 0.205568 0.461588 1 0 0
v 0.00981203 0.20642 0.461588 1 0 0
v 0.0093301 0.207206 0.461588 1 0 0
v 0.00873109 0.207908 0.461588 1 0 0
v 0.00802974 0.208507 0.461588 1 0 0
v 0.00724331 0.208989 0.461588 1 0 0
v 0.00639118 0.209342 0.461588 1 0 0
v 0.00549432 0.209557 0.461588 1 0 0
v 0.00457482 0.209629 0.461588 1 0 0
v 0.00365532 0.209557 0.461588 1 0 0
v 0.00275847 0.209342 0.461588 1 0 0
v 0.00190633 0.208989 0.461588 1 0 0
v 0.00111991 0.208507 0.461588 1 0 0
v 0.000418552 0.207908 0.461588 1 0 0
v -0.000180461 0.207206 0.461588 1 0 0
v -0.000662383 0.20642 0.461588 1 0 0
v -0.00101535 0.205568 0.461588 1 0 0
v -0.00123066 0.204671 0.461588 1 0 0
v -0.00130303 0.203752 0.461588 1 0 0
v -0.00123066 0.202832 0.461588 1 0 0
v -0.00101535 0.201935 0.461588 1 0 0
v -0.000662383 0.201083 0.461588 1 0 0
v -0.000180461 0.200297 0.461588 1 0 0
v 0.000418552 0.199595 0.461588 1 0 0
v 0.00111991 0.198996 0.461588 1 0 0
v 0.00190633 0.198514 0.461588 1 0 0
v 0.00275847 0.198161 0.461588 1 0 0
v 0.00365532 0.197946 0.461588 1 0 0
v 0.00457482 0.197874 0.461588 1 0 0
v 0.00549432 0.197946 0.461588 1 0 0
v 0.00639118 0.198161 0.461588 1 0 0
v 0.00724331 0.198514 0.461588 1 0 0
v 0.00802974 0.198996 0.461588 1 0 0
v 0.00873109 0.199595 0.461588 1 0 0
v 0.0093301 0.200297 0.461588 1 0 0
v 0.00981203 0.201083 0.461588 1 0 0
v 0.010165 0.201935 0.461588 1 0 0
v 0.0103803 0.202832 0.461588 1 0 0
v 0.0116459 0.203752 0.460569 1 0 0
v 0.0115588 0.204858 0.460569 1 0 0
v 0.0112998 0.205937 0.460569 1 0 0
v 0.0108752 0.206962 0.460569 1 0 0
v 0.0102954 0.207908 0.460569 1 0 0
v 0.00957482 0.208752 0.460569 1 0 0
v 0.00873109 0.209472 0.460569 1 0 0
v 0.00778502 0.210052 0.460569 1 0 0
v 0.0067599 0.210477 0.460569 1 0 0
v 0.00568098 0.210736 0.460569 1 0 0
v 0.00457482 0.210823 0.460569 1 0 0
v 0.00346866 0.210736 0.460569 1 0 0
v 0.00238974 0.210477 0.460569 1 0 0
v 0.00136462 0.210052 0.460569 1 0 0
v 0.000418552 0.209472 0.460569 1 0 0
v -0.000425178 0.208752 0.460569 1 0 0
v -0.00114579 0.207908 0.460569 1 0 0
v -0.00172555 0.206962 0.460569 1 0 0
v -0.00215016 0.205937 0.460569 1 0 0
v -0.00240919 0.204858 0.460569 1 0 0
v -0.00249625 0.203752 0.460569 1 0 0
v -0.00240919 0.202645 0.460569 1 0 0
v -0.00215016 0.201566 0.460569 1 0 0
v -0.00172555 0.200541 0.460569 1 0 0
v -0.00114579 0.199595 0.460569 1 0 0
v -0.000425178 0.198752 0.460569 1 0 0
v 0.000418552 0.198031 0.460569 1 0 0
v 0.00136462 0.197451 0.460569 1 0 0
v 0.00238974 0.197027 0.460569 1 0 0
v 0.00346866 0.196768 0.460569 1 0 0
v 0.00457482 0.19668 0.460569 1 0 0
v 0.00568098 0.196768 0.460569 1 0 0
v 0.0067599 0.197027 0.460569 1 0 0
v 0.00778502 0.197451 0.460569 1 0 0
v 0.00873109 0.198031 0.460569 1 0 0
v 0.00957482 0.198752 0.460569 1 0 0
v 0.0102954 0.199595 0.460569 1 0 0
v 0.0108752 0.200541 0.460569 1 0 0
v 0.0112998 0.201566 0.460569 1 0 0
v 0.0115588 0.202645 0.460569 1 0 0
v 0.012665 0.203752 0.459376 1 0 0
v 0.0125654 0.205017 0.459376 1 0 0
v 0.012269 0.206252 0.459376 1 0 0
v 0.0117832 0.207424 0.459376 1 0 0
v 0.0111199 0.208507 0.459376 1 0 0
v 0.0102954 0.209472 0.459376 1 0 0
v 0.0093301 0.210297 0.459376 1 0 0
v 0.00824768 0.21096 0.459376 1 0 0
v 0.00707482 0.211446 0.459376 1 0 0
v 0.0058404 0.211742 0.459376 1 0 0
v 0.00457482 0.211842 0.459376 1 0 0
v 0.00330924 0.211742 0.459376 1 0 0
v 0.00207482 0.211446 0.459376 1 0 0
v 0.000901961 0.21096 0.459376 1 0 0
v -0.000180461 0.210297 0.459376 1 0 0
v -0.00114579 0.209472 0.459376 1 0 0
v -0.00197026 0.208507 0.459376 1 0 0
v -0.00263357 0.207424 0.459376 1 0 0
v -0.00311939 0.206252 0.459376 1 0 0
v -0.00341574 0.205017 0.459376 1 0 0
v -0.00351535 0.203752 0.459376 1 0 0
v -0.00341574 0.202486 0.459376 1 0 0
v -0.00311939 0.201252 0.459376 1 0 0
v -0.00263357 0.200079 0.459376 1 0 0
v -0.00197026 0.198996 0.459376 1 0 0
v -0.00114579 0.198031 0.459376 1 0 0
v -0.000180461 0.197206 0.459376 1 0 0
v 0.000901961 0.196543 0.459376 1 0 0
v 0.00207482 0.196057 0.459376 1 0 0
v 0.00330924 0.195761 0.459376 1 0 0
v 0.00457482 0.195661 0.459376 1 0 0
v 0.0058404 0.195761 0.459376 1 0 0
v 0.00707482 0.196057 0.459376 1 0 0
v 0.00824768 0.196543 0.459376 1 0 0
v 0.0093301 0.197206 0.459376 1 0 0
v 0.0102954 0.198031 0.459376 1 0 0
v 0.0111199 0.198996 0.459376 1 0 0
v 0.0117832 0.200079 0.459376 1 0 0
v 0.012269 0.201252 0.459376 1 0 0
v 0.0125654 0.202486 0.459376 1 0 0
v 0.0134849 0.203752 0.458038 1 0 0
v 0.0133752 0.205145 0.458038 1 0 0
v 0.0130488 0.206505 0.458038 1 0 0
v 0.0125137 0.207797 0.458038 1 0 0
v 0.0117832 0.208989 0.458038 1 0 0
v 0.0108752 0.210052 0.458038 1 0 0
v 0.00981203 0.21096 0.458038 1 0 0
v 0.00861991 0.21169 0.458038 1 0 0
v 0.00732818 0.212226 0.458038 1 0 0
v 0.00596866 0.212552 0.458038 1 0 0
v 0.00457482 0.212662 0.458038 1 0 0
v 0.00318098 0.212552 0.458038 1 0 0
v 0.00182146 0.212226 0.458038 1 0 0
v 0.000529737 0.21169 0.458038 1 0 0
v -0.000662383 0.21096 0.458038 1 0 0
v -0.00172555 0.210052 0.458038 1 0 0
v -0.00263357 0.208989 0.458038 1 0 0
v -0.0033641 0.207797 0.458038 1 0 0
v -0.00389915 0.206505 0.458038 1 0 0
v -0.00422555 0.205145 0.458038 1 0 0
v -0.00433524 0.203752 0.458038 1 0 0
v -0.00422555 0.202358 0.458038 1 0 0
v -0.00389915 0.200998 0.458038 1 0 0
v -0.0033641 0.199706 0.458038 1 0 0
v -0.00263357 0.198514 0.458038 1 0 0
v -0.00172555 0.197451 0.458038 1 0 0
v -0.000662383 0.196543 0.458038 1 0 0
v 0.000529737 0.195813 0.458038 1 0 0
v 0.00182146 0.195278 0.458038 1 0 0
v 0.00318098 0.194951 0.458038 1 0 0
v 0.00457482 0.194841 0.458038 1 0 0
v 0.00596866 0.194951 0.458038 1 0 0
v 0.00732818 0.195278 0.458038 1 0 0
v 0.00861991 0.195813 0.458038 1 0 0
v 0.00981203 0.196543 0.458038 1 0 0
v 0.0108752 0.197451 0.458038 1 0 0
v 0.0117832 0.198514 0.458038 1 0 0
v 0.0125137 0.199706 0.458038 1 0 0
v 0.0130488 0.200998 0.458038 1 0 0
v 0.0133752 0.202358 0.458038 1 0 0
v 0.0140854 0.203752 0.456588 1 0 0
v 0.0139683 0.205239 0.456588 1 0 0
v 0.0136199 0.20669 0.456588 1 0 0
v 0.0130488 0.208069 0.456588 1 0 0
v 0.012269 0.209342 0.456588 1 0 0
v 0.0112998 0.210477 0.456588 1 0 0
v 0.010165 0.211446 0.456588 1 0 0
v 0.00889253 0.212226 0.456588 1 0 0
v 0.00751375 0.212797 0.456588 1 0 0
v 0.0060626 0.213145 0.456588 1 0 0
v 0.00457482 0.213262 0.456588 1 0 0
v 0.00308704 0.213145 0.456588 1 0 0
v 0.0016359 0.212797 0.456588 1 0 0
v 0.000257115 0.212226 0.456588 1 0 0
v -0.00101535 0.211446 0.456588 1 0 0
v -0.00215016 0.210477 0.456588 1 0 0
v -0.00311939 0.209342 0.456588 1 0 0
v -0.00389915 0.208069 0.456588 1 0 0
v -0.00447026 0.20669 0.456588 1 0 0
v -0.00481865 0.205239 0.456588 1 0 0
v -0.00493574 0.203752 0.456588 1 0 0
v -0.00481865 0.202264 0.456588 1 0 0
v -0.00447026 0.200813 0.456588 1 0 0
v -0.00389915 0.199434 0.456588 1 0 0
v -0.00311939 0.198161 0.456588 1 0 0
v -0.00215016 0.197027 0.456588 1 0 0
v -0.00101535 0.196057 0.456588 1 0 0
v 0.000257115 0.195278 0.456588 1 0 0
v 0.0016359 0.194706 0.456588 1 0 0
v 0.00308704 0.194358 0.456588 1 0 0
v 0.00457482 0.194241 0.456588 1 0 0
v 0.0060626 0.194358 0.456588 1 0 0
v 0.00751375 0.194706 0.456588 1 0 0
v 0.00889253 0.195278 0.456588 1 0 0
v 0.010165 0.196057 0.456588 1 0 0
v 0.0112998 0.197027 0.456588 1 0 0
v 0.012269 0.198161 0.456588 1 0 0
v 0.0130488 0.199434 0.456588 1 0 0
v 0.0136199 0.200813 0.456588 1 0 0
v 0.0139683 0.202264 0.456588 1 0 0
v 0.0144517 0.203752 0.455062 1 0 0
v 0.0143301 0.205297 0.455062 1 0 0
v 0.0139683 0.206804 0.455062 1 0 0
v 0.0133752 0.208236 0.455062 1 0 0
v 0.0125654 0.209557 0.455062 1 0 0
v 0.0115588 0.210736 0.455062 1 0 0
v 0.0103803 0.211742 0.455062 1 0 0
v 0.00905883 0.212552 0.455062 1 0 0
v 0.00762695 0.213145 0.455062 1 0 0
v 0.00611991 0.213507 0.455062 1 0 0
v 0.00457482 0.213628 0.455062 1 0 0
v 0.00302974 0.213507 0.455062 1 0 0
v 0.0015227 0.213145 0.455062 1 0 0
v 9.08105e-05 0.212552 0.455062 1 0 0
v -0.00123066 0.211742 0.455062 1 0 0
v -0.00240919 0.210736 0.455062 1 0 0
v -0.00341574 0.209557 0.455062 1 0 0
v -0.00422555 0.208236 0.455062 1 0 0
v -0.00481865 0.206804 0.455062 1 0 0
v -0.00518046 0.205297 0.455062 1 0 0
v -0.00530206 0.203752 0.455062 1 0 0
v -0.00518046 0.202206 0.455062 1 0 0
v -0.00481865 0.200699 0.455062 1 0 0
v -0.00422555 0.199268 0.455062 1 0 0
v -0.00341574 0.197946 0.455062 1 0 0
v -0.00240919 0.196768 0.455062 1 0 0
v -0.00123066 0.195761 0.455062 1 0 0
v 9.08105e-05 0.194951 0.455062 1 0 0
v 0.0015227 0.194358 0.455062 1 0 0
v 0.00302974 0.193996 0.455062 1 0 0
v 0.00457482 0.193875 0.455062 1 0 0
v 0.00611991 0.193996 0.455062 1 0 0
v 0.00762695 0.194358 0.455062 1 0 0
v 0.00905883 0.194951 0.455062 1 0 0
v 0.0103803 0.195761 0.455062 1 0 0
v 0.0115588 0.196768 0.455062 1 0 0
v 0.0125654 0.197946 0.455062 1 0 0
v 0.0133752 0.199268 0.455062 1 0 0
v 0.0139683 0.200699 0.455062 1 0 0
v 0.0143301 0.202206 0.455062 1 0 0
v 0.0145748 0.203752 0.453498 1 0 0
v 0.0144517 0.205316 0.453498 1 0 0
v 0.0140854 0.206842 0.453498 1 0 0
v 0.0134849 0.208291 0.453498 1 0 0
v 0.012665 0.209629 0.453498 1 0 0
v 0.0116459 0.210823 0.453498 1 0 0
v 0.0104527 0.211842 0.453498 1 0 0
v 0.00911473 0.212662 0.453498 1 0 0
v 0.00766499 0.213262 0.453498 1 0 0
v 0.00613917 0.213628 0.453498 1 0 0
v 0.00457482 0.213752 0.453498 1 0 0
v 0.00301048 0.213628 0.453498 1 0 0
v 0.00148465 0.213262 0.453498 1 0 0
v 3.49167e-05 0.212662 0.453498 1 0 0
v -0.00130303 0.211842 0.453498 1 0 0
v -0.00249625 0.210823 0.453498 1 0 0
v -0.00351535 0.209629 0.453498 1 0 0
v -0.00433524 0.208291 0.453498 1 0 0
v -0.00493574 0.206842 0.453498 1 0 0
v -0.00530206 0.205316 0.453498 1 0 0
v -0.00542518 0.203752 0.453498 1 0 0
v -0.00530206 0.202187 0.453498 1 0 0
v -0.00493574 0.200661 0.453498 1 0 0
v -0.00433524 0.199212 0.453498 1 0 0
v -0.00351535 0.197874 0.453498 1 0 0
v -0.00249625 0.19668 0.453498 1 0 0
v -0.00130303 0.195661 0.453498 1 0 0
v 3.49167e-05 0.194841 0.453498 1 0 0
v 0.00148465 0.194241 0.453498 1 0 0
v 0.00301048 0.193875 0.453498 1 0 0
v 0.00457482 0.193752 0.453498 1 0 0
v 0.00613917 0.193875 0.453498 1 0 0
v 0.00766499 0.194241 0.453498 1 0 0
v 0.00911473 0.194841 0.453498 1 0 0
v 0.0104527 0.195661 0.453498 1 0 0
v 0.0116459 0.19668 0.453498 1 0 0
v 0.012665 0.197874 0.453498 1 0 0
v 0.0134849 0.199212 0.453498 1 0 0
v 0.0140854 0.200661 0.453498 1 0 0
v 0.0144517 0.202187 0.453498 1 0 0
v 0.0144517 0.203752 0.451934 1 0 0
v 0.0143301 0.205297 0.451934 1 0 0
v 0.0139683 0.206804 0.451934 1 0 0
v 0.0133752 0.208236 0.451934 1 0 0
v 0.0125654 0.209557 0.451934 1 0 0
v 0.0115588 0.210736 0.451934 1 0 0
v 0.0103803 0.211742 0.451934 1 0 0
v 0.00905883 0.212552 0.451934 1 0 0
v 0.00762695 0.213145 0.451934 1 0 0
v 0.00611991 0.213507 0.451934 1 0 0
v 0.00457482 0.213628 0.451934 1 0 0
v 0.00302974 0.213507 0.451934 1 0 0
v 0.0015227 0.213145 0.451934 1 0 0
v 9.08105e-05 0.212552 0.451934 1 0 0
v -0.00123066 0.211742 0.451934 1 0 0
v -0.00240919 0.210736 0.451934 1 0 0
v -0.00341574 0.209557 0.451934 1 0 0
v -0.00422555 0.208236 0.451934 1 0 0
v -0.00481865 0.206804 0.451934 1 0 0
v -0.00518046 0.205297 0.451934 1 0 0
v -0.00530206 0.203752 0.451934 1 0 0
v -0.00518046 0.202206 0.451934 1 0 0
v -0.00481865 0.200699 0.451934 1 0 0
v -0.00422555 0.199268 0.451934 1 0 0
v -0.00341574 0.197946 0.451934 1 0 0
v -0.00240919 0.196768 0.451934 1 0 0
v -0.00123066 0.195761 0.451934 1 0 0
v 9.08105e-05 0.194951 0.451934 1 0 0
v 0.0015227 0.194358 0.451934 1 0 0
v 0.00302974 0.193996 0.451934 1 0 0
v 0.00457482 0.193875 0.451934 1 0 0
v 0.00611991 0.193996 0.451934 1 0 0
v 0.00762695 0.194358 0.451934 1 0 0
v 0.00905883 0.194951 0.451934 1 0 0
v 0.0103803 0.195761 0.451934 1 0 0
v 0.0115588 0.196768 0.451934 1 0 0
v 0.0125654 0.197946 0.451934 1 0 0
v 0.0133752 0.199268 0.451934 1 0 0
v 0.0139683 0.200699 0.451934 1 0 0
v 0.0143301 0.202206 0.451934 1 0 0
v 0.0140854 0.203752 0.450408 1 0 0
v 0.0139683 0.205239 0.450408 1 0 0
v 0.0136199 0.20669 0.450408 1 0 0
v 0.0130488 0.208069 0.450408 1 0 0
v 0.012269 0.209342 0.450408 1 0 0
v 0.0112998 0.210477 0.450408 1 0 0
v 0.010165 0.211446 0.450408 1 0 0
v 0.00889253 0.212226 0.450408 1 0 0
v 0.00751375 0.212797 0.450408 1 0 0
v 0.0060626 0.213145 0.450408 1 0 0
v 0.00457482 0.213262 0.450408 1 0 0
v 0.00308704 0.213145 0.450408 1 0 0
v 0.0016359 0.212797 0.450408 1 0 0
v 0.000257115 0.212226 0.450408 1 0 0
v -0.00101535 0.211446 0.450408 1 0 0
v -0.00215016 0.210477 0.450408 1 0 0
v -0.00311939 0.209342 0.450408 1 0 0
v -0.00389915 0.208069 0.450408 1 0 0
v -0.00447026 0.20669 0.450408 1 0 0
v -0.00481865 0.205239 0.450408 1 0 0
v -0.00493574 0.203752 0.450408 1 0 0
v -0.00481865 0.202264 0.450408 1 0 0
v -0.00447026 0.200813 0.450408 1 0 0
v -0.00389915 0.199434 0.450408 1 0 0
v -0.00311939 0.198161 0.450408 1 0 0
v -0.00215016 0.197027 0.450408 1 0 0
v -0.00101535 0.196057 0.450408 1 0 0
v 0.000257115 0.195278 0.450408 1 0 0
v 0.0016359 0.194706 0.450408 1 0 0
v 0.00308704 0.194358 0.450408 1 0 0
v 0.00457482 0.194241 0.450408 1 0 0
v 0.0060626 0.194358 0.450408 1 0 0
v 0.00751375 0.194706 0.450408 1 0 0
v 0.00889253 0.195278 0.450408 1 0 0
v 0.010165 0.196057 0.450408 1 0 0
v 0.0112998 0.197027 0.450408 1 0 0
v 0.012269 0.198161 0.450408 1 0 0
v 0.0130488 0.199434 0.450408 1 0 0
v 0.0136199 0.200813 0.450408 1 0 0
v 0.0139683 0.202264 0.450408 1 0 0
v 0.0134849 0.203752 0.448958 1 0 0
v 0.0133752 0.205145 0.448958 1 0 0
v 0.0130488 0.206505 0.448958 1 0 0
v 0.0125137 0.207797 0.448958 1 0 0
v 0.0117832 0.208989 0.448958 1 0 0
v 0.0108752 0.210052 0.448958 1 0 0
v 0.00981203 0.21096 0.448958 1 0 0
v 0.00861991 0.21169 0.448958 1 0 0
v 0.00732818 0.212226 0.448958 1 0 0
v 0.00596866 0.212552 0.448958 1 0 0
v 0.00457482 0.212662 0.448958 1 0 0
v 0.00318098 0.212552 0.448958 1 0 0
v 0.00182146 0.212226 0.448958 1 0 0
v 0.000529737 0.21169 0.448958 1 0 0
v -0.000662383 0.21096 0.448958 1 0 0
v -0.00172555 0.210052 0.448958 1 0 0
v -0.00263357 0.208989 0.448958 1 0 0
v -0.0033641 0.207797 0.448958 1 0 0
v -0.00389915 0.206505 0.448958 1 0 0
v -0.00422555 0.205145 0.448958 1 0 0
v -0.00433524 0.203752 0.448958 1 0 0
v -0.00422555 0.202358 0.448958 1 0 0
v -0.00389915 0.200998 0.448958 1 0 0
v -0.0033641 0.199706 0.448958 1 0 0
v -0.00263357 0.198514 0.448958 1 0 0
v -0.00172555 0.197451 0.448958 1 0 0
v -0.000662383 0.196543 0.448958 1 0 0
v 0.000529737 0.195813 0.448958 1 0 0
v 0.00182146 0.195278 0.448958 1 0 0
v 0.00318098 0.194951 0.448958 1 0 0
v 0.00457482 0.194841 0.448958 1 0 0
v 0.00596866 0.194951 0.448958 1 0 0
v 0.00732818 0.195278 0.448958 1 0 0
v 0.00861991 0.195813 0.448958 1 0 0
v 0.00981203 0.196543 0.448958 1 0 0
v 0.0108752 0.197451 0.448958 1 0 0
v 0.0117832 0.198514 0.448958 1 0 0
v 0.0125137 0.199706 0.448958 1 0 0
v 0.0130488 0.200998 0.448958 1 0 0
v 0.0133752 0.202358 0.448958 1 0 0
v 0.012665 0.203752 0.44762 1 0 0
v 0.0125654 0.205017 0.44762 1 0 0
v 0.012269 0.206252 0.44762 1 0 0
v 0.0117832 0.207424 0.44762 1 0 0
v 0.0111199 0.208507 0.44762 1 0 0
v 0.0102954 0.209472 0.44762 1 0 0
v 0.0093301 0.210297 0.44762 1 0 0
v 0.00824768 0.21096 0.44762 1 0 0
v 0.00707482 0.211446 0.44762 1 0 0
v 0.0058404 0.211742 0.44762 1 0 0
v 0.00457482 0.211842 0.44762 1 0 0
v 0.00330924 0.211742 0.44762 1 0 0
v 0.00207482 0.211446 0.44762 1 0 0
v 0.000901961 0.21096 0.44762 1 0 0
v -0.000180461 0.210297 0.44762 1 0 0
v -0.00114579 0.209472 0.44762 1 0 0
v -0.00197026 0.208507 0.44762 1 0 0
v -0.00263357 0.207424 0.44762 1 0 0
v -0.00311939 0.206252 0.44762 1 0 0
v -0.00341574 0.205017 0.44762 1 0 0
v -0.00351535 0.203752 0.44762 1 0 0
v -0.00341574 0.202486 0.44762 1 0 0
v -0.00311939 0.201252 0.44762 1 0 0
v -0.00263357 0.200079 0.44762 1 0 0
v -0.00197026 0.198996 0.44762 1 0 0
v -0.00114579 0.198031 0.44762 1 0 0
v -0.000180461 0.197206 0.44762 1 0 0
v 0.000901961 0.196543 0.44762 1 0 0
v 0.00207482 0.196057 0.44762 1 0 0
v 0.00330924 0.195761 0.44762 1 0 0
v 0.00457482 0.195661 0.44762 1 0 0
v 0.0058404 0.195761 0.44762 1 0 0
v 0.00707482 0.196057 0.44762 1 0 0
v 0.00824768 0.196543 0.44762 1 0 0
v 0.0093301 0.197206 0.44762 1 0 0
v 0.0102954 0.198031 0.44762 1 0 0
v 0.0111199 0.198996 0.44762 1 0 0
v 0.0117832 0.200079 0.44762 1 0 0
v 0.012269 0.201252 0.44762 1 0 0
v 0.0125654 0.202486 0.44762 1 0 0
v 0.0116459 0.203752 0.446427 1 0 0
v 0.0115588 0.204858 0.446427 1 0 0
v 0.0112998 0.205937 0.446427 1 0 0
v 0.0108752 0.206962 0.446427 1 0 0
v 0.0102954 0.207908 0.446427 1 0 0
v 0.00957482 0.208752 0.446427 1 0 0
v 0.00873109 0.209472 0.446427 1 0 0
v 0.00778502 0.210052 0.446427 1 0 0
v 0.0067599 0.210477 0.446427 1 0 0
v 0.00568098 0.210736 0.446427 1 0 0
v 0.00457482 0.210823 0.446427 1 0 0
v 0.00346866 0.210736 0.446427 1 0 0
v 0.00238974 0.210477 0.446427 1 0 0
v 0.00136462 0.210052 0.446427 1 0 0
v 0.000418552 0.209472 0.446427 1 0 0
v -0.000425178 0.208752 0.446427 1 0 0
v -0.00114579 0.207908 0.446427 1 0 0
v -0.00172555 0.206962 0.446427 1 0 0
v -0.00215016 0.205937 0.446427 1 0 0
v -0.00240919 0.204858 0.446427 1 0 0
v -0.00249625 0.203752 0.446427 1 0 0
v -0.00240919 0.202645 0.446427 1 0 0
v -0.00215016 0.201566 0.446427 1 0 0
v -0.00172555 0.200541 0.446427 1 0 0
v -0.00114579 0.199595 0.446427 1 0 0
v -0.000425178 0.198752 0.446427 1 0 0
v 0.000418552 0.198031 0.446427 1 0 0
v 0.00136462 0.197451 0.446427 1 0 0
v 0.00238974 0.197027 0.446427 1 0 0
v 0.00346866 0.196768 0.446427 1 0 0
v 0.00457482 0.19668 0.446427 1 0 0
v 0.00568098 0.196768 0.446427 1 0 0
v 0.0067599 0.197027 0.446427 1 0 0
v 0.00778502 0.197451 0.446427 1 0 0
v 0.00873109 0.198031 0.446427 1 0 0
v 0.00957482 0.198752 0.446427 1 0 0
v 0.0102954 0.199595 0.446427 1 0 0
v 0.0108752 0.200541 0.446427 1 0 0
v 0.0112998 0.201566 0.446427 1 0 0
v 0.0115588 0.202645 0.446427 1 0 0
v 0.0104527 0.203752 0.445408 1 0 0
v 0.0103803 0.204671 0.445408 1 0 0
v 0.010165 0.205568 0.445408 1 0 0
v 0.00981203 0.20642 0.445408 1 0 0
v 0.0093301 0.207206 0.445408 1 0 0
v 0.00873109 0.207908 0.445408 1 0 0
v 0.00802974 0.208507 0.445408 1 0 0
v 0.00724331 0.208989 0.445408 1 0 0
v 0.00639118 0.209342 0.445408 1 0 0
v 0.00549432 0.209557 0.445408 1 0 0
v 0.00457482 0.209629 0.445408 1 0 0
v 0.00365532 0.209557 0.445408 1 0 0
v 0.00275847 0.209342 0.445408 1 0 0
v 0.00190633 0.208989 0.445408 1 0 0
v 0.00111991 0.208507 0.445408 1 0 0
v 0.000418552 0.207908 0.445408 1 0 0
v -0.000180461 0.207206 0.445408 1 0 0
v -0.000662383 0.20642 0.445408 1 0 0
v -0.00101535 0.205568 0.445408 1 0 0
v -0.00123066 0.204671 0.445408 1 0 0
v -0.00130303 0.203752 0.445408 1 0 0
v -0.00123066 0.202832 0.445408 1 0 0
v -0.00101535 0.201935 0.445408 1 0 0
v -0.000662383 0.201083 0.445408 1 0 0
v -0.000180461 0.200297 0.445408 1 0 0
v 0.000418552 0.199595 0.445408 1 0 0
v 0.00111991 0.198996 0.445408 1 0 0
v 0.00190633 0.198514 0.445408 1 0 0
v 0.00275847 0.198161 0.445408 1 0 0
v 0.00365532 0.197946 0.445408 1 0 0
v 0.00457482 0.197874 0.445408 1 0 0
v 0.00549432 0.197946 0.445408 1 0 0
v 0.00639118 0.198161 0.445408 1 0 0
v 0.00724331 0.198514 0.445408 1 0 0
v 0.00802974 0.198996 0.445408 1 0 0
v 0.00873109 0.199595 0.445408 1 0 0
v 0.0093301 0.200297 0.445408 1 0 0
v 0.00981203 0.201083 0.445408 1 0 0
v 0.010165 0.201935 0.445408 1 0 0
v 0.0103803 0.202832 0.445408 1 0 0
v 0.00911473 0.203752 0.444588 1 0 0
v 0.00905883 0.204462 0.444588 1 0 0
v 0.00889253 0.205154 0.444588 1 0 0
v 0.00861991 0.205813 0.444588 1 0 0
v 0.00824768 0.20642 0.444588 1 0 0
v 0.00778502 0.206962 0.444588 1 0 0
v 0.00724331 0.207424 0.444588 1 0 0
v 0.0066359 0.207797 0.444588 1 0 0
v 0.00597773 0.208069 0.444588 1 0 0
v 0.00528502 0.208236 0.444588 1 0 0
v 0.00457482 0.208291 0.444588 1 0 0
v 0.00386462 0.208236 0.444588 1 0 0
v 0.00317191 0.208069 0.444588 1 0 0
v 0.00251375 0.207797 0.444588 1 0 0
v 0.00190633 0.207424 0.444588 1 0 0
v 0.00136462 0.206962 0.444588 1 0 0
v 0.000901961 0.20642 0.444588 1 0 0
v 0.000529737 0.205813 0.444588 1 0 0
v 0.000257115 0.205154 0.444588 1 0 0
v 9.08105e-05 0.204462 0.444588 1 0 0
v 3.49167e-05 0.203752 0.444588 1 0 0
v 9.08105e-05 0.203041 0.444588 1 0 0
v 0.000257115 0.202349 0.444588 1 0 0
v 0.000529737 0.20169 0.444588 1 0 0
v 0.000901961 0.201083 0.444588 1 0 0
v 0.00136462 0.200541 0.444588 1 0 0
v 0.00190633 0.200079 0.444588 1 0 0
v 0.00251375 0.199706 0.444588 1 0 0
v 0.00317191 0.199434 0.444588 1 0 0
v 0.00386462 0.199268 0.444588 1 0 0
v 0.00457482 0.199212 0.444588 1 0 0
v 0.00528502 0.199268 0.444588 1 0 0
v 0.00597773 0.199434 0.444588 1 0 0
v 0.0066359 0.199706 0.444588 1 0 0
v 0.00724331 0.200079 0.444588 1 0 0
v 0.00778502 0.200541 0.444588 1 0 0
v 0.00824768 0.201083 0.444588 1 0 0
v 0.00861991 0.20169 0.444588 1 0 0
v 0.00889253 0.202349 0.444588 1 0 0
v 0.00905883 0.203041 0.444588 1 0 0
v 0.00766499 0.203752 0.443987 1 0 0
v 0.00762695 0.204235 0.443987 1 0 0
v 0.00751375 0.204706 0.443987 1 0 0
v 0.00732818 0.205154 0.443987 1 0 0
v 0.00707482 0.205568 0.443987 1 0 0
v 0.0067599 0.205937 0.443987 1 0 0
v 0.00639118 0.206252 0.443987 1 0 0
v 0.00597773 0.206505 0.443987 1 0 0
v 0.00552974 0.20669 0.443987 1 0 0
v 0.00505823 0.206804 0.443987 1 0 0
v 0.00457482 0.206842 0.443987 1 0 0
v 0.00409141 0.206804 0.443987 1 0 0
v 0.00361991 0.20669 0.443987 1 0 0
v 0.00317191 0.206505 0.443987 1 0 0
v 0.00275847 0.206252 0.443987 1 0 0
v 0.00238974 0.205937 0.443987 1 0 0
v 0.00207482 0.205568 0.443987 1 0 0
v 0.00182146 0.205154 0.443987 1 0 0
v 0.0016359 0.204706 0.443987 1 0 0
v 0.0015227 0.204235 0.443987 1 0 0
v 0.00148465 0.203752 0.443987 1 0 0
v 0.0015227 0.203268 0.443987 1 0 0
v 0.0016359 0.202797 0.443987 1 0 0
v 0.00182146 0.202349 0.443987 1 0 0
v 0.00207482 0.201935 0.443987 1 0 0
v 0.00238974 0.201566 0.443987 1 0 0
v 0.00275847 0.201252 0.443987 1 0 0
v 0.00317191 0.200998 0.443987 1 0 0
v 0.00361991 0.200813 0.443987 1 0 0
v 0.00409141 0.200699 0.443987 1 0 0
v 0.00457482 0.200661 0.443987 1 0 0
v 0.00505823 0.200699 0.443987 1 0 0
v 0.00552974 0.200813 0.443987 1 0 0
v 0.00597773 0.200998 0.443987 1 0 0
v 0.00639118 0.201252 0.443987 1 0 0
v 0.0067599 0.201566 0.443987 1 0 0
v 0.00707482 0.201935 0.443987 1 0 0
v 0.00732818 0.202349 0.443987 1 0 0
v 0.00751375 0.202797 0.443987 1 0 0
v 0.00762695 0.203268 0.443987 1 0 0
v 0.00613917 0.203752 0.443621 1 0 0
v 0.00611991 0.203996 0.443621 1 0 0
v 0.0060626 0.204235 0.443621 1 0 0
v 0.00596866 0.204462 0.443621 1 0 0
v 0.0058404 0.204671 0.443621 1 0 0
v 0.00568098 0.204858 0.443621 1 0 0
v 0.00549432 0.205017 0.443621 1 0 0
v 0.00528502 0.205145 0.443621 1 0 0
v 0.00505823 0.205239 0.443621 1 0 0
v 0.00481954 0.205297 0.443621 1 0 0
v 0.00457482 0.205316 0.443621 1 0 0
v 0.0043301 0.205297 0.443621 1 0 0
v 0.00409141 0.205239 0.443621 1 0 0
v 0.00386462 0.205145 0.443621 1 0 0
v 0.00365532 0.205017 0.443621 1 0 0
v 0.00346866 0.204858 0.443621 1 0 0
v 0.00330924 0.204671 0.443621 1 0 0
v 0.00318098 0.204462 0.443621 1 0 0
v 0.00308704 0.204235 0.443621 1 0 0
v 0.00302974 0.203996 0.443621 1 0 0
v 0.00301048 0.203752 0.443621 1 0 0
v 0.00302974 0.203507 0.443621 1 0 0
v 0.00308704 0.203268 0.443621 1 0 0
v 0.00318098 0.203041 0.443621 1 0 0
v 0.00330924 0.202832 0.443621 1 0 0
v 0.00346866 0.202645 0.443621 1 0 0
v 0.00365532 0.202486 0.443621 1 0 0
v 0.00386462 0.202358 0.443621 1 0 0
v 0.00409141 0.202264 0.443621 1 0 0
v 0.0043301 0.202206 0.443621 1 0 0
v 0.00457482 0.202187 0.443621 1 0 0
v 0.00481954 0.202206 0.443621 1 0 0
v 0.00505823 0.202264 0.443621 1 0 0
v 0.00528502 0.202358 0.443621 1 0 0
v 0.00549432 0.202486 0.443621 1 0 0
v 0.00568098 0.202645 0.443621 1 0 0
v 0.0058404 0.202832 0.443621 1 0 0
v 0.00596866 0.203041 0.443621 1 0 0
v 0.0060626 0.203268 0.443621 1 0 0
v 0.00611991 0.203507 0.443621 1 0 0
v 0.00840529 0.795661 0.464635 1 0 0
v 0.00840529 0.795661 0.444635 1 0 0
v 0.00996963 0.795661 0.464512 1 0 0
v 0.00995037 0.795906 0.464512 1 0 0
v 0.00989307 0.796144 0.464512 1 0 0
v 0.00979913 0.796371 0.464512 1 0 0
v 0.00967087 0.796581 0.464512 1 0 0
v 0.00951145 0.796767 0.464512 1 0 0
v 0.00932479 0.796927 0.464512 1 0 0
v 0.00911549 0.797055 0.464512 1 0 0
v 0.0088887 0.797149 0.464512 1 0 0
v 0.00865001 0.797206 0.464512 1 0 0
v 0.00840529 0.797225 0.464512 1 0 0
v 0.00816057 0.797206 0.464512 1 0 0
v 0.00792188 0.797149 0.464512 1 0 0
v 0.00769509 0.797055 0.464512 1 0 0
v 0.00748579 0.796927 0.464512 1 0 0
v 0.00729913 0.796767 0.464512 1 0 0
v 0.00713971 0.796581 0.464512 1 0 0
v 0.00701145 0.796371 0.464512 1 0 0
v 0.00691751 0.796144 0.464512 1 0 0
v 0.0068602 0.795906 0.464512 1 0 0
v 0.00684094 0.795661 0.464512 1 0 0
v 0.0068602 0.795416 0.464512 1 0 0
v 0.00691751 0.795178 0.464512 1 0 0
v 0.00701145 0.794951 0.464512 1 0 0
v 0.00713971 0.794742 0.464512 1 0 0
v 0.00729913 0.794555 0.464512 1 0 0
v 0.00748579 0.794395 0.464512 1 0 0
v 0.00769509 0.794267 0.464512 1 0 0
v 0.00792188 0.794173 0.464512 1 0 0
v 0.00816057 0.794116 0.464512 1 0 0
v 0.00840529 0.794097 0.464512 1 0 0
v 0.00865001 0.794116 0.464512 1 0 0
v 0.0088887 0.794173 0.464512 1 0 0
v 0.00911549 0.794267 0.464512 1 0 0
v 0.00932479 0.794395 0.464512 1 0 0
v 0.00951145 0.794555 0.464512 1 0 0
v 0.00967087 0.794742 0.464512 1 0 0
v 0.00979913 0.794951 0.464512 1 0 0
v 0.00989307 0.795178 0.464512 1 0 0
v 0.00995037 0.795416 0.464512 1 0 0
v 0.0114955 0.795661 0.464145 1 0 0
v 0.0114574 0.796144 0.464145 1 0 0
v 0.0113442 0.796616 0.464145 1 0 0
v 0.0111586 0.797064 0.464145 1 0 0
v 0.0109053 0.797477 0.464145 1 0 0
v 0.0105904 0.797846 0.464145 1 0 0
v 0.0102216 0.798161 0.464145 1 0 0
v 0.0098082 0.798414 0.464145 1 0 0
v 0.0093602 0.7986 0.464145 1 0 0
v 0.0088887 0.798713 0.464145 1 0 0
v 0.00840529 0.798751 0.464145 1 0 0
v 0.00792188 0.798713 0.464145 1 0 0
v 0.00745037 0.7986 0.464145 1 0 0
v 0.00700238 0.798414 0.464145 1 0 0
v 0.00658893 0.798161 0.464145 1 0 0
v 0.00622021 0.797846 0.464145 1 0 0
v 0.00590529 0.797477 0.464145 1 0 0
v 0.00565193 0.797064 0.464145 1 0 0
v 0.00546636 0.796616 0.464145 1 0 0
v 0.00535316 0.796144 0.464145 1 0 0
v 0.00531512 0.795661 0.464145 1 0 0
v 0.00535316 0.795178 0.464145 1 0 0
v 0.00546636 0.794706 0.464145 1 0 0
v 0.00565193 0.794258 0.464145 1 0 0
v 0.00590529 0.793845 0.464145 1 0 0
v 0.00622021 0.793476 0.464145 1 0 0
v 0.00658893 0.793161 0.464145 1 0 0
v 0.00700238 0.792908 0.464145 1 0 0
v 0.00745037 0.792722 0.464145 1 0 0
v 0.00792188 0.792609 0.464145 1 0 0
v 0.00840529 0.792571 0.464145 1 0 0
v 0.0088887 0.792609 0.464145 1 0 0
v 0.0093602 0.792722 0.464145 1 0 0
v 0.0098082 0.792908 0.464145 1 0 0
v 0.0102216 0.793161 0.464145 1 0 0
v 0.0105904 0.793476 0.464145 1 0 0
v 0.0109053 0.793845 0.464145 1 0 0
v 0.0111586 0.794258 0.464145 1 0 0
v 0.0113442 0.794706 0.464145 1 0 0
v 0.0114574 0.795178 0.464145 1 0 0
v 0.0129452 0.795661 0.463545 1 0 0
v 0.0128893 0.796371 0.463545 1 0 0
v 0.012723 0.797064 0.463545 1 0 0
v 0.0124504 0.797722 0.463545 1 0 0
v 0.0120781 0.79833 0.463545 1 0 0
v 0.0116155 0.798871 0.463545 1 0 0
v 0.0110738 0.799334 0.463545 1 0 0
v 0.0104664 0.799706 0.463545 1 0 0
v 0.0098082 0.799979 0.463545 1 0 0
v 0.00911549 0.800145 0.463545 1 0 0
v 0.00840529 0.800201 0.463545 1 0 0
v 0.00769509 0.800145 0.463545 1 0 0
v 0.00700238 0.799979 0.463545 1 0 0
v 0.00634421 0.799706 0.463545 1 0 0
v 0.0057368 0.799334 0.463545 1 0 0
v 0.00519509 0.798871 0.463545 1 0 0
v 0.00473243 0.79833 0.463545 1 0 0
v 0.0043602 0.797722 0.463545 1 0 0
v 0.00408758 0.797064 0.463545 1 0 0
v 0.00392128 0.796371 0.463545 1 0 0
v 0.00386538 0.795661 0.463545 1 0 0
v 0.00392128 0.794951 0.463545 1 0 0
v 0.00408758 0.794258 0.463545 1 0 0
v 0.0043602 0.7936 0.463545 1 0 0
v 0.00473243 0.792993 0.463545 1 0 0
v 0.00519509 0.792451 0.463545 1 0 0
v 0.0057368 0.791988 0.463545 1 0 0
v 0.00634421 0.791616 0.463545 1 0 0
v 0.00700238 0.791343 0.463545 1 0 0
v 0.00769509 0.791177 0.463545 1 0 0
v 0.00840529 0.791121 0.463545 1 0 0
v 0.00911549 0.791177 0.463545 1 0 0
v 0.0098082 0.791343 0.463545 1 0 0
v 0.0104664 0.791616 0.463545 1 0 0
v 0.0110738 0.791988 0.463545 1 0 0
v 0.0116155 0.792451 0.463545 1 0 0
v 0.0120781 0.792993 0.463545 1 0 0
v 0.0124504 0.7936 0.463545 1 0 0
v 0.012723 0.794258 0.463545 1 0 0
v 0.0128893 0.794951 0.463545 1 0 0
v 0.0142831 0.795661 0.462725 1 0 0
v 0.0142108 0.796581 0.462725 1 0 0
v 0.0139955 0.797477 0.462725 1 0 0
v 0.0136425 0.79833 0.462725 1 0 0
v 0.0131606 0.799116 0.462725 1 0 0
v 0.0125616 0.799817 0.462725 1 0 0
v 0.0118602 0.800416 0.462725 1 0 0
v 0.0110738 0.800898 0.462725 1 0 0
v 0.0102216 0.801251 0.462725 1 0 0
v 0.00932479 0.801467 0.462725 1 0 0
v 0.00840529 0.801539 0.462725 1 0 0
v 0.00748579 0.801467 0.462725 1 0 0
v 0.00658893 0.801251 0.462725 1 0 0
v 0.0057368 0.800898 0.462725 1 0 0
v 0.00495037 0.800416 0.462725 1 0 0
v 0.00424902 0.799817 0.462725 1 0 0
v 0.00365001 0.799116 0.462725 1 0 0
v 0.00316808 0.79833 0.462725 1 0 0
v 0.00281512 0.797477 0.462725 1 0 0
v 0.0025998 0.796581 0.462725 1 0 0
v 0.00252744 0.795661 0.462725 1 0 0
v 0.0025998 0.794742 0.462725 1 0 0
v 0.00281512 0.793845 0.462725 1 0 0
v 0.00316808 0.792993 0.462725 1 0 0
v 0.00365001 0.792206 0.462725 1 0 0
v 0.00424902 0.791505 0.462725 1 0 0
v 0.00495037 0.790906 0.462725 1 0 0
v 0.0057368 0.790424 0.462725 1 0 0
v 0.00658893 0.790071 0.462725 1 0 0
v 0.00748579 0.789856 0.462725 1 0 0
v 0.00840529 0.789783 0.462725 1 0 0
v 0.00932479 0.789856 0.462725 1 0 0
v 0.0102216 0.790071 0.462725 1 0 0
v 0.0110738 0.790424 0.462725 1 0 0
v 0.0118602 0.790906 0.462725 1 0 0
v 0.0125616 0.791505 0.462725 1 0 0
v 0.0131606 0.792206 0.462725 1 0 0
v 0.0136425 0.792993 0.462725 1 0 0
v 0.0139955 0.793845 0.462725 1 0 0
v 0.0142108 0.794742 0.462725 1 0 0
v 0.0154764 0.795661 0.461706 1 0 0
v 0.0153893 0.796767 0.461706 1 0 0
v 0.0151303 0.797846 0.461706 1 0 0
v 0.0147057 0.798871 0.461706 1 0 0
v 0.0141259 0.799817 0.461706 1 0 0
v 0.0134053 0.800661 0.461706 1 0 0
v 0.0125616 0.801382 0.461706 1 0 0
v 0.0116155 0.801961 0.461706 1 0 0
v 0.0105904 0.802386 0.461706 1 0 0
v 0.00951145 0.802645 0.461706 1 0 0
v 0.00840529 0.802732 0.461706 1 0 0
v 0.00729913 0.802645 0.461706 1 0 0
v 0.00622021 0.802386 0.461706 1 0 0
v 0.00519509 0.801961 0.461706 1 0 0
v 0.00424902 0.801382 0.461706 1 0 0
v 0.00340529 0.800661 0.461706 1 0 0
v 0.00268467 0.799817 0.461706 1 0 0
v 0.00210492 0.798871 0.461706 1 0 0
v 0.0016803 0.797846 0.461706 1 0 0
v 0.00142128 0.796767 0.461706 1 0 0
v 0.00133422 0.795661 0.461706 1 0 0
v 0.00142128 0.794555 0.461706 1 0 0
v 0.0016803 0.793476 0.461706 1 0 0
v 0.00210492 0.792451 0.461706 1 0 0
v 0.00268467 0.791505 0.461706 1 0 0
v 0.00340529 0.790661 0.461706 1 0 0
v 0.00424902 0.78994 0.461706 1 0 0
v 0.00519509 0.789361 0.461706 1 0 0
v 0.00622021 0.788936 0.461706 1 0 0
v 0.00729913 0.788677 0.461706 1 0 0
v 0.00840529 0.78859 0.461706 1 0 0
v 0.00951145 0.788677 0.461706 1 0 0
v 0.0105904 0.788936 0.461706 1 0 0
v 0.0116155 0.789361 0.461706 1 0 0
v 0.0125616 0.78994 0.461706 1 0 0
v 0.0134053 0.790661 0.461706 1 0 0
v 0.0141259 0.791505 0.461706 1 0 0
v 0.0147057 0.792451 0.461706 1 0 0
v 0.0151303 0.793476 0.461706 1 0 0
v 0.0153893 0.794555 0.461706 1 0 0
v 0.0164955 0.795661 0.460513 1 0 0
v 0.0163959 0.796927 0.460513 1 0 0
v 0.0160995 0.798161 0.460513 1 0 0
v 0.0156137 0.799334 0.460513 1 0 0
v 0.0149504 0.800416 0.460513 1 0 0
v 0.0141259 0.801382 0.460513 1 0 0
v 0.0131606 0.802206 0.460513 1 0 0
v 0.0120781 0.802869 0.460513 1 0 0
v 0.0109053 0.803355 0.460513 1 0 0
v 0.00967087 0.803652 0.460513 1 0 0
v 0.00840529 0.803751 0.460513 1 0 0
v 0.00713971 0.803652 0.460513 1 0 0
v 0.00590529 0.803355 0.460513 1 0 0
v 0.00473243 0.802869 0.460513 1 0 0
v 0.00365001 0.802206 0.460513 1 0 0
v 0.00268467 0.801382 0.460513 1 0 0
v 0.0018602 0.800416 0.460513 1 0 0
v 0.00119689 0.799334 0.460513 1 0 0
v 0.000711079 0.798161 0.460513 1 0 0
v 0.000414721 0.796927 0.460513 1 0 0
v 0.000315118 0.795661 0.460513 1 0 0
v 0.000414721 0.794395 0.460513 1 0 0
v 0.000711079 0.793161 0.460513 1 0 0
v 0.00119689 0.791988 0.460513 1 0 0
v 0.0018602 0.790906 0.460513 1 0 0
v 0.00268467 0.78994 0.460513 1 0 0
v 0.00365001 0.789116 0.460513 1 0 0
v 0.00473243 0.788453 0.460513 1 0 0
v 0.00590529 0.787967 0.460513 1 0 0
v 0.00713971 0.787671 0.460513 1 0 0
v 0.00840529 0.787571 0.460513 1 0 0
v 0.00967087 0.787671 0.460513 1 0 0
v 0.0109053 0.787967 0.460513 1 0 0
v 0.0120781 0.788453 0.460513 1 0 0
v 0.0131606 0.789116 0.460513 1 0 0
v 0.0141259 0.78994 0.460513 1 0 0
v 0.0149504 0.790906 0.460513 1 0 0
v 0.0156137 0.791988 0.460513 1 0 0
v 0.0160995 0.793161 0.460513 1 0 0
v 0.0163959 0.794395 0.460513 1 0 0
v 0.0173154 0.795661 0.459175 1 0 0
v 0.0172057 0.797055 0.459175 1 0 0
v 0.0168793 0.798414 0.459175 1 0 0
v 0.0163442 0.799706 0.459175 1 0 0
v 0.0156137 0.800898 0.459175 1 0 0
v 0.0147057 0.801961 0.459175 1 0 0
v 0.0136425 0.802869 0.459175 1 0 0
v 0.0124504 0.8036 0.459175 1 0 0
v 0.0111586 0.804135 0.459175 1 0 0
v 0.00979913 0.804461 0.459175 1 0 0
v 0.00840529 0.804571 0.459175 1 0 0
v 0.00701145 0.804461 0.459175 1 0 0
v 0.00565193 0.804135 0.459175 1 0 0
v 0.0043602 0.8036 0.459175 1 0 0
v 0.00316808 0.802869 0.459175 1 0 0
v 0.00210492 0.801961 0.459175 1 0 0
v 0.00119689 0.800898 0.459175 1 0 0
v 0.000466361 0.799706 0.459175 1 0 0
v -6.8688e-05 0.798414 0.459175 1 0 0
v -0.00039508 0.797055 0.459175 1 0 0
v -0.000504778 0.795661 0.459175 1 0 0
v -0.00039508 0.794267 0.459175 1 0 0
v -6.8688e-05 0.792908 0.459175 1 0 0
v 0.000466361 0.791616 0.459175 1 0 0
v 0.00119689 0.790424 0.459175 1 0 0
v 0.00210492 0.789361 0.459175 1 0 0
v 0.00316808 0.788453 0.459175 1 0 0
v 0.0043602 0.787722 0.459175 1 0 0
v 0.00565193 0.787187 0.459175 1 0 0
v 0.00701145 0.786861 0.459175 1 0 0
v 0.00840529 0.786751 0.459175 1 0 0
v 0.00979913 0.786861 0.459175 1 0 0
v 0.0111586 0.787187 0.459175 1 0 0
v 0.0124504 0.787722 0.459175 1 0 0
v 0.0136425 0.788453 0.459175 1 0 0
v 0.0147057 0.789361 0.459175 1 0 0
v 0.0156137 0.790424 0.459175 1 0 0
v 0.0163442 0.791616 0.459175 1 0 0
v 0.0168793 0.792908 0.459175 1 0 0
v 0.0172057 0.794267 0.459175 1 0 0
v 0.0179159 0.795661 0.457725 1 0 0
v 0.0177988 0.797149 0.457725 1 0 0
v 0.0174504 0.7986 0.457725 1 0 0
v 0.0168793 0.799979 0.457725 1 0 0
v 0.0160995 0.801251 0.457725 1 0 0
v 0.0151303 0.802386 0.457725 1 0 0
v 0.0139955 0.803355 0.457725 1 0 0
v 0.012723 0.804135 0.457725 1 0 0
v 0.0113442 0.804706 0.457725 1 0 0
v 0.00989307 0.805055 0.457725 1 0 0
v 0.00840529 0.805172 0.457725 1 0 0
v 0.00691751 0.805055 0.457725 1 0 0
v 0.00546636 0.804706 0.457725 1 0 0
v 0.00408758 0.804135 0.457725 1 0 0
v 0.00281512 0.803355 0.457725 1 0 0
v 0.0016803 0.802386 0.457725 1 0 0
v 0.000711079 0.801251 0.457725 1 0 0
v -6.8688e-05 0.799979 0.457725 1 0 0
v -0.000639797 0.7986 0.457725 1 0 0
v -0.000988187 0.797149 0.457725 1 0 0
v -0.00110528 0.795661 0.457725 1 0 0
v -0.000988187 0.794173 0.457725 1 0 0
v -0.000639797 0.792722 0.457725 1 0 0
v -6.8688e-05 0.791343 0.457725 1 0 0
v 0.000711079 0.790071 0.457725 1 0 0
v 0.0016803 0.788936 0.457725 1 0 0
v 0.00281512 0.787967 0.457725 1 0 0
v 0.00408758 0.787187 0.457725 1 0 0
v 0.00546636 0.786616 0.457725 1 0 0
v 0.00691751 0.786268 0.457725 1 0 0
v 0.00840529 0.786151 0.457725 1 0 0
v 0.00989307 0.786268 0.457725 1 0 0
v 0.0113442 0.786616 0.457725 1 0 0
v 0.012723 0.787187 0.457725 1 0 0
v 0.0139955 0.787967 0.457725 1 0 0
v 0.0151303 0.788936 0.457725 1 0 0
v 0.0160995 0.790071 0.457725 1 0 0
v 0.0168793 0.791343 0.457725 1 0 0
v 0.0174504 0.792722 0.457725 1 0 0
v 0.0177988 0.794173 0.457725 1 0 0
v 0.0182822 0.795661 0.456199 1 0 0
v 0.0181606 0.797206 0.456199 1 0 0
v 0.0177988 0.798713 0.456199 1 0 0
v 0.0172057 0.800145 0.456199 1 0 0
v 0.0163959 0.801467 0.456199 1 0 0
v 0.0153893 0.802645 0.456199 1 0 0
v 0.0142108 0.803652 0.456199 1 0 0
v 0.0128893 0.804461 0.456199 1 0 0
v 0.0114574 0.805055 0.456199 1 0 0
v 0.00995037 0.805416 0.456199 1 0 0
v 0.00840529 0.805538 0.456199 1 0 0
v 0.0068602 0.805416 0.456199 1 0 0
v 0.00535316 0.805055 0.456199 1 0 0
v 0.00392128 0.804461 0.456199 1 0 0
v 0.0025998 0.803652 0.456199 1 0 0
v 0.00142128 0.802645 0.456199 1 0 0
v 0.000414721 0.801467 0.456199 1 0 0
v -0.00039508 0.800145 0.456199 1 0 0
v -0.000988187 0.798713 0.456199 1 0 0
v -0.00134999 0.797206 0.456199 1 0 0
v -0.0014716 0.795661 0.456199 1 0 0
v -0.00134999 0.794116 0.456199 1 0 0
v -0.000988187 0.792609 0.456199 1 0 0
v -0.00039508 0.791177 0.456199 1 0 0
v 0.000414721 0.789856 0.456199 1 0 0
v 0.00142128 0.788677 0.456199 1 0 0
v 0.0025998 0.787671 0.456199 1 0 0
v 0.00392128 0.786861 0.456199 1 0 0
v 0.00535316 0.786268 0.456199 1 0 0
v 0.0068602 0.785906 0.456199 1 0 0
v 0.00840529 0.785784 0.456199 1 0 0
v 0.00995037 0.785906 0.456199 1 0 0
v 0.0114574 0.786268 0.456199 1 0 0
v 0.0128893 0.786861 0.456199 1 0 0
v 0.0142108 0.787671 0.456199 1 0 0
v 0.0153893 0.788677 0.456199 1 0 0
v 0.0163959 0.789856 0.456199 1 0 0
v 0.0172057 0.791177 0.456199 1 0 0
v 0.0177988 0.792609 0.456199 1 0 0
v 0.0181606 0.794116 0.456199 1 0 0
v 0.0184053 0.795661 0.454635 1 0 0
v 0.0182822 0.797225 0.454635 1 0 0
v 0.0179159 0.798751 0.454635 1 0 0
v 0.0173154 0.800201 0.454635 1 0 0
v 0.0164955 0.801539 0.454635 1 0 0
v 0.0154764 0.802732 0.454635 1 0 0
v 0.0142831 0.803751 0.454635 1 0 0
v 0.0129452 0.804571 0.454635 1 0 0
v 0.0114955 0.805172 0.454635 1 0 0
v 0.00996963 0.805538 0.454635 1 0 0
v 0.00840529 0.805661 0.454635 1 0 0
v 0.00684094 0.805538 0.454635 1 0 0
v 0.00531512 0.805172 0.454635 1 0 0
v 0.00386538 0.804571 0.454635 1 0 0
v 0.00252744 0.803751 0.454635 1 0 0
v 0.00133422 0.802732 0.454635 1 0 0
v 0.000315118 0.801539 0.454635 1 0 0
v -0.000504778 0.800201 0.454635 1 0 0
v -0.00110528 0.798751 0.454635 1 0 0
v -0.0014716 0.797225 0.454635 1 0 0
v -0.00159471 0.795661 0.454635 1 0 0
v -0.0014716 0.794097 0.454635 1 0 0
v -0.00110528 0.792571 0.454635 1 0 0
v -0.000504778 0.791121 0.454635 1 0 0
v 0.000315118 0.789783 0.454635 1 0 0
v 0.00133422 0.78859 0.454635 1 0 0
v 0.00252744 0.787571 0.454635 1 0 0
v 0.00386538 0.786751 0.454635 1 0 0
v 0.00531512 0.786151 0.454635 1 0 0
v 0.00684094 0.785784 0.454635 1 0 0
v 0.00840529 0.785661 0.454635 1 0 0
v 0.00996963 0.785784 0.454635 1 0 0
v 0.0114955 0.786151 0.454635 1 0 0
v 0.0129452 0.786751 0.454635 1 0 0
v 0.0142831 0.787571 0.454635 1 0 0
v 0.0154764 0.78859 0.454635 1 0 0
v 0.0164955 0.789783 0.454635 1 0 0
v 0.0173154 0.791121 0.454635 1 0 0
v 0.0179159 0.792571 0.454635 1 0 0
v 0.0182822 0.794097 0.454635 1 0 0
v 0.0182822 0.795661 0.453071 1 0 0
v 0.0181606 0.797206 0.453071 1 0 0
v 0.0177988 0.798713 0.453071 1 0 0
v 0.0172057 0.800145 0.453071 1 0 0
v 0.0163959 0.801467 0.453071 1 0 0
v 0.0153893 0.802645 0.453071 1 0 0
v 0.0142108 0.803652 0.453071 1 0 0
v 0.0128893 0.804461 0.453071 1 0 0
v 0.0114574 0.805055 0.453071 1 0 0
v 0.00995037 0.805416 0.453071 1 0 0
v 0.00840529 0.805538 0.453071 1 0 0
v 0.0068602 0.805416 0.453071 1 0 0
v 0.00535316 0.805055 0.453071 1 0 0
v 0.00392128 0.804461 0.453071 1 0 0
v 0.0025998 0.803652 0.453071 1 0 0
v 0.00142128 0.802645 0.453071 1 0 0
v 0.000414721 0.801467 0.453071 1 0 0
v -0.00039508 0.800145 0.453071 1 0 0
v -0.000988187 0.798713 0.453071 1 0 0
v -0.00134999 0.797206 0.453071 1 0 0
v -0.0014716 0.795661 0.453071 1 0 0
v -0.00134999 0.794116 0.453071 1 0 0
v -0.000988187 0.792609 0.453071 1 0 0
v -0.00039508 0.791177 0.453071 1 0 0
v 0.000414721 0.789856 0.453071 1 0 0
v 0.00142128 0.788677 0.453071 1 0 0
v 0.0025998 0.787671 0.453071 1 0 0
v 0.00392128 0.786861 0.453071 1 0 0
v 0.00535316 0.786268 0.453071 1 0 0
v 0.0068602 0.785906 0.453071 1 0 0
v 0.00840529 0.785784 0.453071 1 0 0
v 0.00995037 0.785906 0.453071 1 0 0
v 0.0114574 0.786268 0.453071 1 0 0
v 0.0128893 0.786861 0.453071 1 0 0
v 0.0142108 0.787671 0.453071 1 0 0
v 0.0153893 0.788677 0.453071 1 0 0
v 0.0163959 0.789856 0.453071 1 0 0
v 0.0172057 0.791177 0.453071 1 0 0
v 0.0177988 0.792609 0.453071 1 0 0
v 0.0181606 0.794116 0.453071 1 0 0
v 0.0179159 0.795661 0.451545 1 0 0
v 0.0177988 0.797149 0.451545 1 0 0
v 0.0174504 0.7986 0.451545 1 0 0
v 0.0168793 0.799979 0.451545 1 0 0
v 0.0160995 0.801251 0.451545 1 0 0
v 0.0151303 0.802386 0.451545 1 0 0
v 0.0139955 0.803355 0.451545 1 0 0
v 0.012723 0.804135 0.451545 1 0 0
v 0.0113442 0.804706 0.451545 1 0 0
v 0.00989307 0.805055 0.451545 1 0 0
v 0.00840529 0.805172 0.451545 1 0 0
v 0.00691751 0.805055 0.451545 1 0 0
v 0.00546636 0.804706 0.451545 1 0 0
v 0.00408758 0.804135 0.451545 1 0 0
v 0.00281512 0.803355 0.451545 1 0 0
v 0.0016803 0.802386 0.451545 1 0 0
v 0.000711079 0.801251 0.451545 1 0 0
v -6.8688e-05 0.799979 0.451545 1 0 0
v -0.000639797 0.7986 0.451545 1 0 0
v -0.000988187 0.797149 0.451545 1 0 0
v -0.00110528 0.795661 0.451545 1 0 0
v -0.000988187 0.794173 0.451545 1 0 0
v -0.000639797 0.792722 0.451545 1 0 0
v -6.8688e-05 0.791343 0.451545 1 0 0
v 0.000711079 0.790071 0.451545 1 0 0
v 0.0016803 0.788936 0.451545 1 0 0
v 0.00281512 0.787967 0.451545 1 0 0
v 0.00408758 0.787187 0.451545 1 0 0
v 0.00546636 0.786616 0.451545 1 0 0
v 0.00691751 0.786268 0.451545 1 0 0
v 0.00840529 0.786151 0.451545 1 0 0
v 0.00989307 0.786268 0.451545 1 0 0
v 0.0113442 0.786616 0.451545 1 0 0
v 0.012723 0.787187 0.451545 1 0 0
v 0.0139955 0.787967 0.451545 1 0 0
v 0.0151303 0.788936 0.451545 1 0 0
v 0.0160995 0.790071 0.451545 1 0 0
v 0.0168793 0.791343 0.451545 1 0 0
v 0.0174504 0.792722 0.451545 1 0 0
v 0.0177988 0.794173 0.451545 1 0 0
v 0.0173154 0.795661 0.450095 1 0 0
v 0.0172057 0.797055 0.450095 1 0 0
v 0.0168793 0.798414 0.450095 1 0 0
v 0.0163442 0.799706 0.450095 1 0 0
v 0.0156137 0.800898 0.450095 1 0 0
v 0.0147057 0.801961 0.450095 1 0 0
v 0.0136425 0.802869 0.450095 1 0 0
v 0.0124504 0.8036 0.450095 1 0 0
v 0.0111586 0.804135 0.450095 1 0 0
v 0.00979913 0.804461 0.450095 1 0 0
v 0.00840529 0.804571 0.450095 1 0 0
v 0.00701145 0.804461 0.450095 1 0 0
v 0.00565193 0.804135 0.450095 1 0 0
v 0.0043602 0.8036 0.450095 1 0 0
v 0.00316808 0.802869 0.450095 1 0 0
v 0.00210492 0.801961 0.450095 1 0 0
v 0.00119689 0.800898 0.450095 1 0 0
v 0.000466361 0.799706 0.450095 1 0 0
v -6.8688e-05 0.798414 0.450095 1 0 0
v -0.00039508 0.797055 0.450095 1 0 0
v -0.000504778 0.795661 0.450095 1 0 0
v -0.00039508 0.794267 0.450095 1 0 0
v -6.8688e-05 0.792908 0.450095 1 0 0
v 0.000466361 0.791616 0.450095 1 0 0
v 0.00119689 0.790424 0.450095 1 0 0
v 0.00210492 0.789361 0.450095 1 0 0
v 0.00316808 0.788453 0.450095 1 0 0
v 0.0043602 0.787722 0.450095 1 0 0
v 0.00565193 0.787187 0.450095 1 0 0
v 0.00701145 0.786861 0.450095 1 0 0
v 0.00840529 0.786751 0.450095 1 0 0
v 0.00979913 0.786861 0.450095 1 0 0
v 0.0111586 0.787187 0.450095 1 0 0
v 0.0124504 0.787722 0.450095 1 0 0
v 0.0136425 0.788453 0.450095 1 0 0
v 0.0147057 0.789361 0.450095 1 0 0
v 0.0156137 0.790424 0.450095 1 0 0
v 0.0163442 0.791616 0.450095 1 0 0
v 0.0168793 0.792908 0.450095 1 0 0
v 0.0172057 0.794267 0.450095 1 0 0
v 0.0164955 0.795661 0.448757 1 0 0
v 0.0163959 0.796927 0.448757 1 0 0
v 0.0160995 0.798161 0.448757 1 0 0
v 0.0156137 0.799334 0.448757 1 0 0
v 0.0149504 0.800416 0.448757 1 0 0
v 0.0141259 0.801382 0.448757 1 0 0
v 0.0131606 0.802206 0.448757 1 0 0
v 0.0120781 0.802869 0.448757 1 0 0
v 0.0109053 0.803355 0.448757 1 0 0
v 0.00967087 0.803652 0.448757 1 0 0
v 0.00840529 0.803751 0.448757 1 0 0
v 0.00713971 0.803652 0.448757 1 0 0
v 0.00590529 0.803355 0.448757 1 0 0
v 0.00473243 0.802869 0.448757 1 0 0
v 0.00365001 0.802206 0.448757 1 0 0
v 0.00268467 0.801382 0.448757 1 0 0
v 0.0018602 0.800416 0.448757 1 0 0
v 0.00119689 0.799334 0.448757 1 0 0
v 0.000711079 0.798161 0.448757 1 0 0
v 0.000414721 0.796927 0.448757 1 0 0
v 0.000315118 0.795661 0.448757 1 0 0
v 0.000414721 0.794395 0.448757 1 0 0
v 0.000711079 0.793161 0.448757 1 0 0
v 0.00119689 0.791988 0.448757 1 0 0
v 0.0018602 0.790906 0.448757 1 0 0
v 0.00268467 0.78994 0.448757 1 0 0
v 0.00365001 0.789116 0.448757 1 0 0
v 0.00473243 0.788453 0.448757 1 0 0
v 0.00590529 0.787967 0.448757 1 0 0
v 0.00713971 0.787671 0.448757 1 0 0
v 0.00840529 0.787571 0.448757 1 0 0
v 0.00967087 0.787671 0.448757 1 0 0
v 0.0109053 0.787967 0.448757 1 0 0
v 0.0120781 0.788453 0.448757 1 0 0
v 0.0131606 0.789116 0.448757 1 0 0
v 0.0141259 0.78994 0.448757 1 0 0
v 0.0149504 0.790906 0.448757 1 0 0
v 0.0156137 0.791988 0.448757 1 0 0
v 0.0160995 0.793161 0.448757 1 0 0
v 0.0163959 0.794395 0.448757 1 0 0
v 0.0154764 0.795661 0.447564 1 0 0
v 0.0153893 0.796767 0.447564 1 0 0
v 0.0151303 0.797846 0.447564 1 0 0
v 0.0147057 0.798871 0.447564 1 0 0
v 0.0141259 0.799817 0.447564 1 0 0
v 0.0134053 0.800661 0.447564 1 0 0
v 0.0125616 0.801382 0.447564 1 0 0
v 0.0116155 0.801961 0.447564 1 0 0
v 0.0105904 0.802386 0.447564 1 0 0
v 0.00951145 0.802645 0.447564 1 0 0
v 0.00840529 0.802732 0.447564 1 0 0
v 0.00729913 0.802645 0.447564 1 0 0
v 0.00622021 0.802386 0.447564 1 0 0
v 0.00519509 0.801961 0.447564 1 0 0
v 0.00424902 0.801382 0.447564 1 0 0
v 0.00340529 0.800661 0.447564 1 0 0
v 0.00268467 0.799817 0.447564 1 0 0
v 0.00210492 0.798871 0.447564 1 0 0
v 0.0016803 0.797846 0.447564 1 0 0
v 0.00142128 0.796767 0.447564 1 0 0
v 0.00133422 0.795661 0.447564 1 0 0
v 0.00142128 0.794555 0.447564 1 0 0
v 0.0016803 0.793476 0.447564 1 0 0
v 0.00210492 0.792451 0.447564 1 0 0
v 0.00268467 0.791505 0.447564 1 0 0
v 0.00340529 0.790661 0.447564 1 0 0
v 0.00424902 0.78994 0.447564 1 0 0
v 0.00519509 0.789361 0.447564 1 0 0
v 0.00622021 0.788936 0.447564 1 0 0
v 0.00729913 0.788677 0.447564 1 0 0
v 0.00840529 0.78859 0.447564 1 0 0
v 0.00951145 0.788677 0.447564 1 0 0
v 0.0105904 0.788936 0.447564 1 0 0
v 0.0116155 0.789361 0.447564 1 0 0
v 0.0125616 0.78994 0.447564 1 0 0
v 0.0134053 0.790661 0.447564 1 0 0
v 0.0141259 0.791505 0.447564 1 0 0
v 0.0147057 0.792451 0.447564 1 0 0
v 0.0151303 0.793476 0.447564 1 0 0
v 0.0153893 0.794555 0.447564 1 0 0
v 0.0142831 0.795661 0.446545 1 0 0
v 0.0142108 0.796581 0.446545 1 0 0
v 0.0139955 0.797477 0.446545 1 0 0
v 0.0136425 0.79833 0.446545 1 0 0
v 0.0131606 0.799116 0.446545 1 0 0
v 0.0125616 0.799817 0.446545 1 0 0
v 0.0118602 0.800416 0.446545 1 0 0
v 0.0110738 0.800898 0.446545 1 0 0
v 0.0102216 0.801251 0.446545 1 0 0
v 0.00932479 0.801467 0.446545 1 0 0
v 0.00840529 0.801539 0.446545 1 0 0
v 0.00748579 0.801467 0.446545 1 0 0
v 0.00658893 0.801251 0.446545 1 0 0
v 0.0057368 0.800898 0.446545 1 0 0
v 0.00495037 0.800416 0.446545 1 0 0
v 0.00424902 0.799817 0.446545 1 0 0
v 0.00365001 0.799116 0.446545 1 0 0
v 0.00316808 0.79833 0.446545 1 0 0
v 0.00281512 0.797477 0.446545 1 0 0
v 0.0025998 0.796581 0.446545 1 0 0
v 0.00252744 0.795661 0.446545 1 0 0
v 0.0025998 0.794742 0.446545 1 0 0
v 0.00281512 0.793845 0.446545 1 0 0
v 0.00316808 0.792993 0.446545 1 0 0
v 0.00365001 0.792206 0.446545 1 0 0
v 0.00424902 0.791505 0.446545 1 0 0
v 0.00495037 0.790906 0.446545 1 0 0
v 0.0057368 0.790424 0.446545 1 0 0
v 0.00658893 0.790071 0.446545 1 0 0
v 0.00748579 0.789856 0.446545 1 0 0
v 0.00840529 0.789783 0.446545 1 0 0
v 0.00932479 0.789856 0.446545 1 0 0
v 0.0102216 0.790071 0.446545 1 0 0
v 0.0110738 0.790424 0.446545 1 0 0
v 0.0118602 0.790906 0.446545 1 0 0
v 0.0125616 0.791505 0.446545 1 0 0
v 0.0131606 0.792206 0.446545 1 0 0
v 0.0136425 0.792993 0.446545 1 0 0
v 0.0139955 0.793845 0.446545 1 0 0
v 0.0142108 0.794742 0.446545 1 0 0
v 0.0129452 0.795661 0.445725 1 0 0
v 0.0128893 0.796371 0.445725 1 0 0
v 0.012723 0.797064 0.445725 1 0 0
v 0.0124504 0.797722 0.445725 1 0 0
v 0.0120781 0.79833 0.445725 1 0 0
v 0.0116155 0.798871 0.445725 1 0 0
v 0.0110738 0.799334 0.445725 1 0 0
v 0.0104664 0.799706 0.445725 1 0 0
v 0.0098082 0.799979 0.445725 1 0 0
v 0.00911549 0.800145 0.445725 1 0 0
v 0.00840529 0.800201 0.445725 1 0 0
v 0.00769509 0.800145 0.445725 1 0 0
v 0.00700238 0.799979 0.445725 1 0 0
v 0.00634421 0.799706 0.445725 1 0 0
v 0.0057368 0.799334 0.445725 1 0 0
v 0.00519509 0.798871 0.445725 1 0 0
v 0.00473243 0.79833 0.445725 1 0 0
v 0.0043602 0.797722 0.445725 1 0 0
v 0.00408758 0.797064 0.445725 1 0 0
v 0.00392128 0.796371 0.445725 1 0 0
v 0.00386538 0.795661 0.445725 1 0 0
v 0.00392128 0.794951 0.445725 1 0 0
v 0.00408758 0.794258 0.445725 1 0 0
v 0.0043602 0.7936 0.445725 1 0 0
v 0.00473243 0.792993 0.445725 1 0 0
v 0.00519509 0.792451 0.445725 1 0 0
v 0.0057368 0.791988 0.445725 1 0 0
v 0.00634421 0.791616 0.445725 1 0 0
v 0.00700238 0.791343 0.445725 1 0 0
v 0.00769509 0.791177 0.445725 1 0 0
v 0.00840529 0.791121 0.445725 1 0 0
v 0.00911549 0.791177 0.445725 1 0 0
v 0.0098082 0.791343 0.445725 1 0 0
v 0.0104664 0.791616 0.445725 1 0 0
v 0.0110738 0.791988 0.445725 1 0 0
v 0.0116155 0.792451 0.445725 1 0 0
v 0.0120781 0.792993 0.445725 1 0 0
v 0.0124504 0.7936 0.445725 1 0 0
v 0.012723 0.794258 0.445725 1 0 0
v 0.0128893 0.794951 0.445725 1 0 0
v 0.0114955 0.795661 0.445124 1 0 0
v 0.0114574 0.796144 0.445124 1 0 0
v 0.0113442 0.796616 0.445124 1 0 0
v 0.0111586 0.797064 0.445124 1 0 0
v 0.0109053 0.797477 0.445124 1 0 0
v 0.0105904 0.797846 0.445124 1 0 0
v 0.0102216 0.798161 0.445124 1 0 0
v 0.0098082 0.798414 0.445124 1 0 0
v 0.0093602 0.7986 0.445124 1 0 0
v 0.0088887 0.798713 0.445124 1 0 0
v 0.00840529 0.798751 0.445124 1 0 0
v 0.00792188 0.798713 0.445124 1 0 0
v 0.00745037 0.7986 0.445124 1 0 0
v 0.00700238 0.798414 0.445124 1 0 0
v 0.00658893 0.798161 0.445124 1 0 0
v 0.00622021 0.797846 0.445124 1 0 0
v 0.00590529 0.797477 0.445124 1 0 0
v 0.00565193 0.797064 0.445124 1 0 0
v 0.00546636 0.796616 0.445124 1 0 0
v 0.00535316 0.796144 0.445124 1 0 0
v 0.00531512 0.795661 0.445124 1 0 0
v 0.00535316 0.795178 0.445124 1 0 0
v 0.00546636 0.794706 0.445124 1 0 0
v 0.00565193 0.794258 0.445124 1 0 0
v 0.00590529 0.793845 0.445124 1 0 0
v 0.00622021 0.793476 0.445124 1 0 0
v 0.00658893 0.793161 0.445124 1 0 0
v 0.00700238 0.792908 0.445124 1 0 0
v 0.00745037 0.792722 0.445124 1 0 0
v 0.00792188 0.792609 0.445124 1 0 0
v 0.00840529 0.792571 0.445124 1 0 0
v 0.0088887 0.792609 0.445124 1 0 0
v 0.0093602 0.792722 0.445124 1 0 0
v 0.0098082 0.792908 0.445124 1 0 0
v 0.0102216 0.793161 0.445124 1 0 0
v 0.0105904 0.793476 0.445124 1 0 0
v 0.0109053 0.793845 0.445124 1 0 0
v 0.0111586 0.794258 0.445124 1 0 0
v 0.0113442 0.794706 0.445124 1 0 0
v 0.0114574 0.795178 0.445124 1 0 0
v 0.00996963 0.795661 0.444758 1 0 0
v 0.00995037 0.795906 0.444758 1 0 0
v 0.00989307 0.796144 0.444758 1 0 0
v 0.00979913 0.796371 0.444758 1 0 0
v 0.00967087 0.796581 0.444758 1 0 0
v 0.00951145 0.796767 0.444758 1 0 0
v 0.00932479 0.796927 0.444758 1 0 0
v 0.00911549 0.797055 0.444758 1 0 0
v 0.0088887 0.797149 0.444758 1 0 0
v 0.00865001 0.797206 0.444758 1 0 0
v 0.00840529 0.797225 0.444758 1 0 0
v 0.00816057 0.797206 0.444758 1 0 0
v 0.00792188 0.797149 0.444758 1 0 0
v 0.00769509 0.797055 0.444758 1 0 0
v 0.00748579 0.796927 0.444758 1 0 0
v 0.00729913 0.796767 0.444758 1 0 0
v 0.00713971 0.796581 0.444758 1 0 0
v 0.00701145 0.796371 0.444758 1 0 0
v 0.00691751 0.796144 0.444758 1 0 0
v 0.0068602 0.795906 0.444758 1 0 0
v 0.00684094 0.795661 0.444758 1 0 0
v 0.0068602 0.795416 0.444758 1 0 0
v 0.00691751 0.795178 0.444758 1 0 0
v 0.00701145 0.794951 0.444758 1 0 0
v 0.00713971 0.794742 0.444758 1 0 0
v 0.00729913 0.794555 0.444758 1 0 0
v 0.00748579 0.794395 0.444758 1 0 0
v 0.00769509 0.794267 0.444758 1 0 0
v 0.00792188 0.794173 0.444758 1 0 0
v 0.00816057 0.794116 0.444758 1 0 0
v 0.00840529 0.794097 0.444758 1 0 0
v 0.00865001 0.794116 0.444758 1 0 0
v 0.0088887 0.794173 0.444758 1 0 0
v 0.00911549 0.794267 0.444758 1 0 0
v 0.00932479 0.794395 0.444758 1 0 0
v 0.00951145 0.794555 0.444758 1 0 0
v 0.00967087 0.794742 0.444758 1 0 0
v 0.00979913 0.794951 0.444758 1 0 0
v 0.00989307 0.795178 0.444758 1 0 0
v 0.00995037 0.795416 0.444758 1 0 0
v 0.00511572 0.201937 0.572632 1 0 0
v 0.00511572 0.201937 0.552632 1 0 0
v 0.00668007 0.201937 0.572509 1 0 0
v 0.00666081 0.202182 0.572509 1 0 0
v 0.0066035 0.20242 0.572509 1 0 0
v 0.00650956 0.202647 0.572509 1 0 0
v 0.0063813 0.202856 0.572509 1 0 0
v 0.00622188 0.203043 0.572509 1 0 0
v 0.00603522 0.203203 0.572509 1 0 0
v 0.00582592 0.203331 0.572509 1 0 0
v 0.00559913 0.203425 0.572509 1 0 0
v 0.00536044 0.203482 0.572509 1 0 0
v 0.00511572 0.203501 0.572509 1 0 0
v 0.004871 0.203482 0.572509 1 0 0
v 0.00463231 0.203425 0.572509 1 0 0
v 0.00440552 0.203331 0.572509 1 0 0
v 0.00419622 0.203203 0.572509 1 0 0
v 0.00400956 0.203043 0.572509 1 0 0
v 0.00385014 0.202856 0.572509 1 0 0
v 0.00372188 0.202647 0.572509 1 0 0
v 0.00362794 0.20242 0.572509 1 0 0
v 0.00357064 0.202182 0.572509 1 0 0
v 0.00355138 0.201937 0.572509 1 0 0
v 0.00357064 0.201692 0.572509 1 0 0
v 0.00362794 0.201454 0.572509 1 0 0
v 0.00372188 0.201227 0.572509 1 0 0
v 0.00385014 0.201017 0.572509 1 0 0
v 0.00400956 0.200831 0.572509 1 0 0
v 0.00419622 0.200671 0.572509 1 0 0
v 0.00440552 0.200543 0.572509 1 0 0
v 0.00463231 0.200449 0.572509 1 0 0
v 0.004871 0.200392 0.572509 1 0 0
v 0.00511572 0.200373 0.572509 1 0 0
v 0.00536044 0.200392 0.572509 1 0 0
v 0.00559913 0.200449 0.572509 1 0 0
v 0.00582592 0.200543 0.572509 1 0 0
v 0.00603522 0.200671 0.572509 1 0 0
v 0.00622188 0.200831 0.572509 1 0 0
v 0.0063813 0.201017 0.572509 1 0 0
v 0.00650956 0.201227 0.572509 1 0 0
v 0.0066035 0.201454 0.572509 1 0 0
v 0.00666081 0.201692 0.572509 1 0 0
v 0.00820589 0.201937 0.572143 1 0 0
v 0.00816785 0.20242 0.572143 1 0 0
v 0.00805465 0.202892 0.572143 1 0 0
v 0.00786908 0.20334 0.572143 1 0 0
v 0.00761572 0.203753 0.572143 1 0 0
v 0.0073008 0.204122 0.572143 1 0 0
v 0.00693208 0.204437 0.572143 1 0 0
v 0.00651863 0.20469 0.572143 1 0 0
v 0.00607064 0.204876 0.572143 1 0 0
v 0.00559913 0.204989 0.572143 1 0 0
v 0.00511572 0.205027 0.572143 1 0 0
v 0.00463231 0.204989 0.572143 1 0 0
v 0.00416081 0.204876 0.572143 1 0 0
v 0.00371281 0.20469 0.572143 1 0 0
v 0.00329936 0.204437 0.572143 1 0 0
v 0.00293064 0.204122 0.572143 1 0 0
v 0.00261572 0.203753 0.572143 1 0 0
v 0.00236236 0.20334 0.572143 1 0 0
v 0.00217679 0.202892 0.572143 1 0 0
v 0.0020636 0.20242 0.572143 1 0 0
v 0.00202555 0.201937 0.572143 1 0 0
v 0.0020636 0.201454 0.572143 1 0 0
v 0.00217679 0.200982 0.572143 1 0 0
v 0.00236236 0.200534 0.572143 1 0 0
v 0.00261572 0.200121 0.572143 1 0 0
v 0.00293064 0.199752 0.572143 1 0 0
v 0.00329936 0.199437 0.572143 1 0 0
v 0.00371281 0.199184 0.572143 1 0 0
v 0.00416081 0.198998 0.572143 1 0 0
v 0.00463231 0.198885 0.572143 1 0 0
v 0.00511572 0.198847 0.572143 1 0 0
v 0.00559913 0.198885 0.572143 1 0 0
v 0.00607064 0.198998 0.572143 1 0 0
v 0.00651863 0.199184 0.572143 1 0 0
v 0.00693208 0.199437 0.572143 1 0 0
v 0.0073008 0.199752 0.572143 1 0 0
v 0.00761572 0.200121 0.572143 1 0 0
v 0.00786908 0.200534 0.572143 1 0 0
v 0.00805465 0.200982 0.572143 1 0 0
v 0.00816785 0.201454 0.572143 1 0 0
v 0.00965563 0.201937 0.571542 1 0 0
v 0.00959973 0.202647 0.571542 1 0 0
v 0.00943343 0.20334 0.571542 1 0 0
v 0.00916081 0.203998 0.571542 1 0 0
v 0.00878858 0.204605 0.571542 1 0 0
v 0.00832592 0.205147 0.571542 1 0 0
v 0.00778421 0.20561 0.571542 1 0 0
v 0.00717679 0.205982 0.571542 1 0 0
v 0.00651863 0.206255 0.571542 1 0 0
v 0.00582592 0.206421 0.571542 1 0 0
v 0.00511572 0.206477 0.571542 1 0 0
v 0.00440552 0.206421 0.571542 1 0 0
v 0.00371281 0.206255 0.571542 1 0 0
v 0.00305465 0.205982 0.571542 1 0 0
v 0.00244723 0.20561 0.571542 1 0 0
v 0.00190552 0.205147 0.571542 1 0 0
v 0.00144286 0.204605 0.571542 1 0 0
v 0.00107064 0.203998 0.571542 1 0 0
v 0.000798014 0.20334 0.571542 1 0 0
v 0.000631709 0.202647 0.571542 1 0 0
v 0.000575816 0.201937 0.571542 1 0 0
v 0.000631709 0.201227 0.571542 1 0 0
v 0.000798014 0.200534 0.571542 1 0 0
v 0.00107064 0.199876 0.571542 1 0 0
v 0.00144286 0.199268 0.571542 1 0 0
v 0.00190552 0.198727 0.571542 1 0 0
v 0.00244723 0.198264 0.571542 1 0 0
v 0.00305465 0.197892 0.571542 1 0 0
v 0.00371281 0.197619 0.571542 1 0 0
v 0.00440552 0.197453 0.571542 1 0 0
v 0.00511572 0.197397 0.571542 1 0 0
v 0.00582592 0.197453 0.571542 1 0 0
v 0.00651863 0.197619 0.571542 1 0 0
v 0.00717679 0.197892 0.571542 1 0 0
v 0.00778421 0.198264 0.571542 1 0 0
v 0.00832592 0.198727 0.571542 1 0 0
v 0.00878858 0.199268 0.571542 1 0 0
v 0.00916081 0.199876 0.571542 1 0 0
v 0.00943343 0.200534 0.571542 1 0 0
v 0.00959973 0.201227 0.571542 1 0 0
v 0.0109936 0.201937 0.570722 1 0 0
v 0.0109212 0.202856 0.570722 1 0 0
v 0.0107059 0.203753 0.570722 1 0 0
v 0.0103529 0.204605 0.570722 1 0 0
v 0.009871 0.205392 0.570722 1 0 0
v 0.00927199 0.206093 0.570722 1 0 0
v 0.00857064 0.206692 0.570722 1 0 0
v 0.00778421 0.207174 0.570722 1 0 0
v 0.00693208 0.207527 0.570722 1 0 0
v 0.00603522 0.207742 0.570722 1 0 0
v 0.00511572 0.207815 0.570722 1 0 0
v 0.00419622 0.207742 0.570722 1 0 0
v 0.00329936 0.207527 0.570722 1 0 0
v 0.00244723 0.207174 0.570722 1 0 0
v 0.00166081 0.206692 0.570722 1 0 0
v 0.000959451 0.206093 0.570722 1 0 0
v 0.000360438 0.205392 0.570722 1 0 0
v -0.000121484 0.204605 0.570722 1 0 0
v -0.000474449 0.203753 0.570722 1 0 0
v -0.000689766 0.202856 0.570722 1 0 0
v -0.000762132 0.201937 0.570722 1 0 0
v -0.000689766 0.201017 0.570722 1 0 0
v -0.000474449 0.200121 0.570722 1 0 0
v -0.000121484 0.199268 0.570722 1 0 0
v 0.000360438 0.198482 0.570722 1 0 0
v 0.000959451 0.197781 0.570722 1 0 0
v 0.00166081 0.197182 0.570722 1 0 0
v 0.00244723 0.1967 0.570722 1 0 0
v 0.00329936 0.196347 0.570722 1 0 0
v 0.00419622 0.196131 0.570722 1 0 0
v 0.00511572 0.196059 0.570722 1 0 0
v 0.00603522 0.196131 0.570722 1 0 0
v 0.00693208 0.196347 0.570722 1 0 0
v 0.00778421 0.1967 0.570722 1 0 0
v 0.00857064 0.197182 0.570722 1 0 0
v 0.00927199 0.197781 0.570722 1 0 0
v 0.009871 0.198482 0.570722 1 0 0
v 0.0103529 0.199268 0.570722 1 0 0
v 0.0107059 0.200121 0.570722 1 0 0
v 0.0109212 0.201017 0.570722 1 0 0
v 0.0121868 0.201937 0.569703 1 0 0
v 0.0120997 0.203043 0.569703 1 0 0
v 0.0118407 0.204122 0.569703 1 0 0
v 0.0114161 0.205147 0.569703 1 0 0
v 0.0108363 0.206093 0.569703 1 0 0
v 0.0101157 0.206937 0.569703 1 0 0
v 0.00927199 0.207658 0.569703 1 0 0
v 0.00832592 0.208237 0.569703 1 0 0
v 0.0073008 0.208662 0.569703 1 0 0
v 0.00622188 0.208921 0.569703 1 0 0
v 0.00511572 0.209008 0.569703 1 0 0
v 0.00400956 0.208921 0.569703 1 0 0
v 0.00293064 0.208662 0.569703 1 0 0
v 0.00190552 0.208237 0.569703 1 0 0
v 0.000959451 0.207658 0.569703 1 0 0
v 0.000115721 0.206937 0.569703 1 0 0
v -0.000604893 0.206093 0.569703 1 0 0
v -0.00118465 0.205147 0.569703 1 0 0
v -0.00160926 0.204122 0.569703 1 0 0
v -0.00186829 0.203043 0.569703 1 0 0
v -0.00195535 0.201937 0.569703 1 0 0
v -0.00186829 0.200831 0.569703 1 0 0
v -0.00160926 0.199752 0.569703 1 0 0
v -0.00118465 0.198727 0.569703 1 0 0
v -0.000604893 0.197781 0.569703 1 0 0
v 0.000115721 0.196937 0.569703 1 0 0
v 0.000959451 0.196216 0.569703 1 0 0
v 0.00190552 0.195637 0.569703 1 0 0
v 0.00293064 0.195212 0.569703 1 0 0
v 0.00400956 0.194953 0.569703 1 0 0
v 0.00511572 0.194866 0.569703 1 0 0
v 0.00622188 0.194953 0.569703 1 0 0
v 0.0073008 0.195212 0.569703 1 0 0
v 0.00832592 0.195637 0.569703 1 0 0
v 0.00927199 0.196216 0.569703 1 0 0
v 0.0101157 0.196937 0.569703 1 0 0
v 0.0108363 0.197781 0.569703 1 0 0
v 0.0114161 0.198727 0.569703 1 0 0
v 0.0118407 0.199752 0.569703 1 0 0
v 0.0120997 0.200831 0.569703 1 0 0
v 0.0132059 0.201937 0.56851 1 0 0
v 0.0131063 0.203203 0.56851 1 0 0
v 0.0128099 0.204437 0.56851 1 0 0
v 0.0123241 0.20561 0.56851 1 0 0
v 0.0116608 0.206692 0.56851 1 0 0
v 0.0108363 0.207658 0.56851 1 0 0
v 0.009871 0.208482 0.56851 1 0 0
v 0.00878858 0.209145 0.56851 1 0 0
v 0.00761572 0.209631 0.56851 1 0 0
v 0.0063813 0.209927 0.56851 1 0 0
v 0.00511572 0.210027 0.56851 1 0 0
v 0.00385014 0.209927 0.56851 1 0 0
v 0.00261572 0.209631 0.56851 1 0 0
v 0.00144286 0.209145 0.56851 1 0 0
v 0.000360438 0.208482 0.56851 1 0 0
v -0.000604893 0.207658 0.56851 1 0 0
v -0.00142936 0.206692 0.56851 1 0 0
v -0.00209267 0.20561 0.56851 1 0 0
v -0.00257849 0.204437 0.56851 1 0 0
v -0.00287485 0.203203 0.56851 1 0 0
v -0.00297445 0.201937 0.56851 1 0 0
v -0.00287485 0.200671 0.56851 1 0 0
v -0.00257849 0.199437 0.56851 1 0 0
v -0.00209267 0.198264 0.56851 1 0 0
v -0.00142936 0.197182 0.56851 1 0 0
v -0.000604893 0.196216 0.56851 1 0 0
v 0.000360438 0.195392 0.56851 1 0 0
v 0.00144286 0.194729 0.56851 1 0 0
v 0.00261572 0.194243 0.56851 1 0 0
v 0.00385014 0.193946 0.56851 1 0 0
v 0.00511572 0.193847 0.56851 1 0 0
v 0.0063813 0.193946 0.56851 1 0 0
v 0.00761572 0.194243 0.56851 1 0 0
v 0.00878858 0.194729 0.56851 1 0 0
v 0.009871 0.195392 0.56851 1 0 0
v 0.0108363 0.196216 0.56851 1 0 0
v 0.0116608 0.197182 0.56851 1 0 0
v 0.0123241 0.198264 0.56851 1 0 0
v 0.0128099 0.199437 0.56851 1 0 0
v 0.0131063 0.200671 0.56851 1 0 0
v 0.0140258 0.201937 0.567172 1 0 0
v 0.0139161 0.203331 0.567172 1 0 0
v 0.0135897 0.20469 0.567172 1 0 0
v 0.0130546 0.205982 0.567172 1 0 0
v 0.0123241 0.207174 0.567172 1 0 0
v 0.0114161 0.208237 0.567172 1 0 0
v 0.0103529 0.209145 0.567172 1 0 0
v 0.00916081 0.209876 0.567172 1 0 0
v 0.00786908 0.210411 0.567172 1 0 0
v 0.00650956 0.210737 0.567172 1 0 0
v 0.00511572 0.210847 0.567172 1 0 0
v 0.00372188 0.210737 0.567172 1 0 0
v 0.00236236 0.210411 0.567172 1 0 0
v 0.00107064 0.209876 0.567172 1 0 0
v -0.000121484 0.209145 0.567172 1 0 0
v -0.00118465 0.208237 0.567172 1 0 0
v -0.00209267 0.207174 0.567172 1 0 0
v -0.00282321 0.205982 0.567172 1 0 0
v -0.00335825 0.20469 0.567172 1 0 0
v -0.00368465 0.203331 0.567172 1 0 0
v -0.00379434 0.201937 0.567172 1 0 0
v -0.00368465 0.200543 0.567172 1 0 0
v -0.00335825 0.199184 0.567172 1 0 0
v -0.00282321 0.197892 0.567172 1 0 0
v -0.00209267 0.1967 0.567172 1 0 0
v -0.00118465 0.195637 0.567172 1 0 0
v -0.000121484 0.194729 0.567172 1 0 0
v 0.00107064 0.193998 0.567172 1 0 0
v 0.00236236 0.193463 0.567172 1 0 0
v 0.00372188 0.193137 0.567172 1 0 0
v 0.00511572 0.193027 0.567172 1 0 0
v 0.00650956 0.193137 0.567172 1 0 0
v 0.00786908 0.193463 0.567172 1 0 0
v 0.00916081 0.193998 0.567172 1 0 0
v 0.0103529 0.194729 0.567172 1 0 0
v 0.0114161 0.195637 0.567172 1 0 0
v 0.0123241 0.1967 0.567172 1 0 0
v 0.0130546 0.197892 0.567172 1 0 0
v 0.0135897 0.199184 0.567172 1 0 0
v 0.0139161 0.200543 0.567172 1 0 0
v 0.0146263 0.201937 0.565722 1 0 0
v 0.0145092 0.203425 0.565722 1 0 0
v 0.0141608 0.204876 0.565722 1 0 0
v 0.0135897 0.206255 0.565722 1 0 0
v 0.0128099 0.207527 0.565722 1 0 0
v 0.0118407 0.208662 0.565722 1 0 0
v 0.0107059 0.209631 0.565722 1 0 0
v 0.00943343 0.210411 0.565722 1 0 0
v 0.00805465 0.210982 0.565722 1 0 0
v 0.0066035 0.21133 0.565722 1 0 0
v 0.00511572 0.211447 0.565722 1 0 0
v 0.00362794 0.21133 0.565722 1 0 0
v 0.00217679 0.210982 0.565722 1 0 0
v 0.000798014 0.210411 0.565722 1 0 0
v -0.000474449 0.209631 0.565722 1 0 0
v -0.00160926 0.208662 0.565722 1 0 0
v -0.00257849 0.207527 0.565722 1 0 0
v -0.00335825 0.206255 0.565722 1 0 0
v -0.00392936 0.204876 0.565722 1 0 0
v -0.00427775 0.203425 0.565722 1 0 0
v -0.00439484 0.201937 0.565722 1 0 0
v -0.00427775 0.200449 0.565722 1 0 0
v -0.00392936 0.198998 0.565722 1 0 0
v -0.00335825 0.197619 0.565722 1 0 0
v -0.00257849 0.196347 0.565722 1 0 0
v -0.00160926 0.195212 0.565722 1 0 0
v -0.000474449 0.194243 0.565722 1 0 0
v 0.000798014 0.193463 0.565722 1 0 0
v 0.00217679 0.192892 0.565722 1 0 0
v 0.00362794 0.192543 0.565722 1 0 0
v 0.00511572 0.192426 0.565722 1 0 0
v 0.0066035 0.192543 0.565722 1 0 0
v 0.00805465 0.192892 0.565722 1 0 0
v 0.00943343 0.193463 0.565722 1 0 0
v 0.0107059 0.194243 0.565722 1 0 0
v 0.0118407 0.195212 0.565722 1 0 0
v 0.0128099 0.196347 0.565722 1 0 0
v 0.0135897 0.197619 0.565722 1 0 0
v 0.0141608 0.198998 0.565722 1 0 0
v 0.0145092 0.200449 0.565722 1 0 0
v 0.0149926 0.201937 0.564196 1 0 0
v 0.014871 0.203482 0.564196 1 0 0
v 0.0145092 0.204989 0.564196 1 0 0
v 0.0139161 0.206421 0.564196 1 0 0
v 0.0131063 0.207742 0.564196 1 0 0
v 0.0120997 0.208921 0.564196 1 0 0
v 0.0109212 0.209927 0.564196 1 0 0
v 0.00959973 0.210737 0.564196 1 0 0
v 0.00816785 0.21133 0.564196 1 0 0
v 0.00666081 0.211692 0.564196 1 0 0
v 0.00511572 0.211814 0.564196 1 0 0
v 0.00357064 0.211692 0.564196 1 0 0
v 0.0020636 0.21133 0.564196 1 0 0
v 0.000631709 0.210737 0.564196 1 0 0
v -0.000689766 0.209927 0.564196 1 0 0
v -0.00186829 0.208921 0.564196 1 0 0
v -0.00287485 0.207742 0.564196 1 0 0
v -0.00368465 0.206421 0.564196 1 0 0
v -0.00427775 0.204989 0.564196 1 0 0
v -0.00463956 0.203482 0.564196 1 0 0
v -0.00476116 0.201937 0.564196 1 0 0
v -0.00463956 0.200392 0.564196 1 0 0
v -0.00427775 0.198885 0.564196 1 0 0
v -0.00368465 0.197453 0.564196 1 0 0
v -0.00287485 0.196131 0.564196 1 0 0
v -0.00186829 0.194953 0.564196 1 0 0
v -0.000689766 0.193946 0.564196 1 0 0
v 0.000631709 0.193137 0.564196 1 0 0
v 0.0020636 0.192543 0.564196 1 0 0
v 0.00357064 0.192182 0.564196 1 0 0
v 0.00511572 0.19206 0.564196 1 0 0
v 0.00666081 0.192182 0.564196 1 0 0
v 0.00816785 0.192543 0.564196 1 0 0
v 0.00959973 0.193137 0.564196 1 0 0
v 0.0109212 0.193946 0.564196 1 0 0
v 0.0120997 0.194953 0.564196 1 0 0
v 0.0131063 0.196131 0.564196 1 0 0
v 0.0139161 0.197453 0.564196 1 0 0
v 0.0145092 0.198885 0.564196 1 0 0
v 0.014871 0.200392 0.564196 1 0 0
v 0.0151157 0.201937 0.562632 1 0 0
v 0.0149926 0.203501 0.562632 1 0 0
v 0.0146263 0.205027 0.562632 1 0 0
v 0.0140258 0.206477 0.562632 1 0 0
v 0.0132059 0.207815 0.562632 1 0 0
v 0.0121868 0.209008 0.562632 1 0 0
v 0.0109936 0.210027 0.562632 1 0 0
v 0.00965563 0.210847 0.562632 1 0 0
v 0.00820589 0.211447 0.562632 1 0 0
v 0.00668007 0.211814 0.562632 1 0 0
v 0.00511572 0.211937 0.562632 1 0 0
v 0.00355138 0.211814 0.562632 1 0 0
v 0.00202555 0.211447 0.562632 1 0 0
v 0.000575816 0.210847 0.562632 1 0 0
v -0.000762132 0.210027 0.562632 1 0 0
v -0.00195535 0.209008 0.562632 1 0 0
v -0.00297445 0.207815 0.562632 1 0 0
v -0.00379434 0.206477 0.562632 1 0 0
v -0.00439484 0.205027 0.562632 1 0 0
v -0.00476116 0.203501 0.562632 1 0 0
v -0.00488428 0.201937 0.562632 1 0 0
v -0.00476116 0.200373 0.562632 1 0 0
v -0.00439484 0.198847 0.562632 1 0 0
v -0.00379434 0.197397 0.562632 1 0 0
v -0.00297445 0.196059 0.562632 1 0 0
v -0.00195535 0.194866 0.562632 1 0 0
v -0.000762132 0.193847 0.562632 1 0 0
v 0.000575816 0.193027 0.562632 1 0 0
v 0.00202555 0.192426 0.562632 1 0 0
v 0.00355138 0.19206 0.562632 1 0 0
v 0.00511572 0.191937 0.562632 1 0 0
v 0.00668007 0.19206 0.562632 1 0 0
v 0.00820589 0.192426 0.562632 1 0 0
v 0.00965563 0.193027 0.562632 1 0 0
v 0.0109936 0.193847 0.562632 1 0 0
v 0.0121868 0.194866 0.562632 1 0 0
v 0.0132059 0.196059 0.562632 1 0 0
v 0.0140258 0.197397 0.562632 1 0 0
v 0.0146263 0.198847 0.562632 1 0 0
v 0.0149926 0.200373 0.562632 1 0 0
v 0.0149926 0.201937 0.561068 1 0 0
v 0.014871 0.203482 0.561068 1 0 0
v 0.0145092 0.204989 0.561068 1 0 0
v 0.0139161 0.206421 0.561068 1 0 0
v 0.0131063 0.207742 0.561068 1 0 0
v 0.0120997 0.208921 0.561068 1 0 0
v 0.0109212 0.209927 0.561068 1 0 0
v 0.00959973 0.210737 0.561068 1 0 0
v 0.00816785 0.21133 0.561068 1 0 0
v 0.00666081 0.211692 0.561068 1 0 0
v 0.00511572 0.211814 0.561068 1 0 0
v 0.00357064 0.211692 0.561068 1 0 0
v 0.0020636 0.21133 0.561068 1 0 0
v 0.000631709 0.210737 0.561068 1 0 0
v -0.000689766 0.209927 0.561068 1 0 0
v -0.00186829 0.208921 0.561068 1 0 0
v -0.00287485 0.207742 0.561068 1 0 0
v -0.00368465 0.206421 0.561068 1 0 0
v -0.00427775 0.204989 0.561068 1 0 0
v -0.00463956 0.203482 0.561068 1 0 0
v -0.00476116 0.201937 0.561068 1 0 0
v -0.00463956 0.200392 0.561068 1 0 0
v -0.00427775 0.198885 0.561068 1 0 0
v -0.00368465 0.197453 0.561068 1 0 0
v -0.00287485 0.196131 0.561068 1 0 0
v -0.00186829 0.194953 0.561068 1 0 0
v -0.000689766 0.193946 0.561068 1 0 0
v 0.000631709 0.193137 0.561068 1 0 0
v 0.0020636 0.192543 0.561068 1 0 0
v 0.00357064 0.192182 0.561068 1 0 0
v 0.00511572 0.19206 0.561068 1 0 0
v 0.00666081 0.192182 0.561068 1 0 0
v 0.00816785 0.192543 0.561068 1 0 0
v 0.00959973 0.193137 0.561068 1 0 0
v 0.0109212 0.193946 0.561068 1 0 0
v 0.0120997 0.194953 0.561068 1 0 0
v 0.0131063 0.196131 0.561068 1 0 0
v 0.0139161 0.197453 0.561068 1 0 0
v 0.0145092 0.198885 0.561068 1 0 0
v 0.014871 0.200392 0.561068 1 0 0
v 0.0146263 0.201937 0.559542 1 0 0
v 0.0145092 0.203425 0.559542 1 0 0
v 0.0141608 0.204876 0.559542 1 0 0
v 0.0135897 0.206255 0.559542 1 0 0
v 0.0128099 0.207527 0.559542 1 0 0
v 0.0118407 0.208662 0.559542 1 0 0
v 0.0107059 0.209631 0.559542 1 0 0
v 0.00943343 0.210411 0.559542 1 0 0
v 0.00805465 0.210982 0.559542 1 0 0
v 0.0066035 0.21133 0.559542 1 0 0
v 0.00511572 0.211447 0.559542 1 0 0
v 0.00362794 0.21133 0.559542 1 0 0
v 0.00217679 0.210982 0.559542 1 0 0
v 0.000798014 0.210411 0.559542 1 0 0
v -0.000474449 0.209631 0.559542 1 0 0
v -0.00160926 0.208662 0.559542 1 0 0
v -0.00257849 0.207527 0.559542 1 0 0
v -0.00335825 0.206255 0.559542 1 0 0
v -0.00392936 0.204876 0.559542 1 0 0
v -0.00427775 0.203425 0.559542 1 0 0
v -0.00439484 0.201937 0.559542 1 0 0
v -0.00427775 0.200449 0.559542 1 0 0
v -0.00392936 0.198998 0.559542 1 0 0
v -0.00335825 0.197619 0.559542 1 0 0
v -0.00257849 0.196347 0.559542 1 0 0
v -0.00160926 0.195212 0.559542 1 0 0
v -0.000474449 0.194243 0.559542 1 0 0
v 0.000798014 0.193463 0.559542 1 0 0
v 0.00217679 0.192892 0.559542 1 0 0
v 0.00362794 0.192543 0.559542 1 0 0
v 0.00511572 0.192426 0.559542 1 0 0
v 0.0066035 0.192543 0.559542 1 0 0
v 0.00805465 0.192892 0.559542 1 0 0
v 0.00943343 0.193463 0.559542 1 0 0
v 0.0107059 0.194243 0.559542 1 0 0
v 0.0118407 0.195212 0.559542 1 0 0
v 0.0128099 0.196347 0.559542 1 0 0
v 0.0135897 0.197619 0.559542 1 0 0
v 0.0141608 0.198998 0.559542 1 0 0
v 0.0145092 0.200449 0.559542 1 0 0
v 0.0140258 0.201937 0.558092 1 0 0
v 0.0139161 0.203331 0.558092 1 0 0
v 0.0135897 0.20469 0.558092 1 0 0
v 0.0130546 0.205982 0.558092 1 0 0
v 0.0123241 0.207174 0.558092 1 0 0
v 0.0114161 0.208237 0.558092 1 0 0
v 0.0103529 0.209145 0.558092 1 0 0
v 0.00916081 0.209876 0.558092 1 0 0
v 0.00786908 0.210411 0.558092 1 0 0
v 0.00650956 0.210737 0.558092 1 0 0
v 0.00511572 0.210847 0.558092 1 0 0
v 0.00372188 0.210737 0.558092 1 0 0
v 0.00236236 0.210411 0.558092 1 0 0
v 0.00107064 0.209876 0.558092 1 0 0
v -0.000121484 0.209145 0.558092 1 0 0
v -0.00118465 0.208237 0.558092 1 0 0
v -0.00209267 0.207174 0.558092 1 0 0
v -0.00282321 0.205982 0.558092 1 0 0
v -0.00335825 0.20469 0.558092 1 0 0
v -0.00368465 0.203331 0.558092 1 0 0
v -0.00379434 0.201937 0.558092 1 0 0
v -0.00368465 0.200543 0.558092 1 0 0
v -0.00335825 0.199184 0.558092 1 0 0
v -0.00282321 0.197892 0.558092 1 0 0
v -0.00209267 0.1967 0.558092 1 0 0
v -0.00118465 0.195637 0.558092 1 0 0
v -0.000121484 0.194729 0.558092 1 0 0
v 0.00107064 0.193998 0.558092 1 0 0
v 0.00236236 0.193463 0.558092 1 0 0
v 0.00372188 0.193137 0.558092 1 0 0
v 0.00511572 0.193027 0.558092 1 0 0
v 0.00650956 0.193137 0.558092 1 0 0
v 0.00786908 0.193463 0.558092 1 0 0
v 0.00916081 0.193998 0.558092 1 0 0
v 0.0103529 0.194729 0.558092 1 0 0
v 0.0114161 0.195637 0.558092 1 0 0
v 0.0123241 0.1967 0.558092 1 0 0
v 0.0130546 0.197892 0.558092 1 0 0
v 0.0135897 0.199184 0.558092 1 0 0
v 0.0139161 0.200543 0.558092 1 0 0
v 0.0132059 0.201937 0.556754 1 0 0
v 0.0131063 0.203203 0.556754 1 0 0
v 0.0128099 0.204437 0.556754 1 0 0
v 0.0123241 0.20561 0.556754 1 0 0
v 0.0116608 0.206692 0.556754 1 0 0
v 0.0108363 0.207658 0.556754 1 0 0
v 0.009871 0.208482 0.556754 1 0 0
v 0.00878858 0.209145 0.556754 1 0 0
v 0.00761572 0.209631 0.556754 1 0 0
v 0.0063813 0.209927 0.556754 1 0 0
v 0.00511572 0.210027 0.556754 1 0 0
v 0.00385014 0.209927 0.556754 1 0 0
v 0.00261572 0.209631 0.556754 1 0 0
v 0.00144286 0.209145 0.556754 1 0 0
v 0.000360438 0.208482 0.556754 1 0 0
v -0.000604893 0.207658 0.556754 1 0 0
v -0.00142936 0.206692 0.556754 1 0 0
v -0.00209267 0.20561 0.556754 1 0 0
v -0.00257849 0.204437 0.556754 1 0 0
v -0.00287485 0.203203 0.556754 1 0 0
v -0.00297445 0.201937 0.556754 1 0 0
v -0.00287485 0.200671 0.556754 1 0 0
v -0.00257849 0.199437 0.556754 1 0 0
v -0.00209267 0.198264 0.556754 1 0 0
v -0.00142936 0.197182 0.556754 1 0 0
v -0.000604893 0.196216 0.556754 1 0 0
v 0.000360438 0.195392 0.556754 1 0 0
v 0.00144286 0.194729 0.556754 1 0 0
v 0.00261572 0.194243 0.556754 1 0 0
v 0.00385014 0.193946 0.556754 1 0 0
v 0.00511572 0.193847 0.556754 1 0 0
v 0.0063813 0.193946 0.556754 1 0 0
v 0.00761572 0.194243 0.556754 1 0 0
v 0.00878858 0.194729 0.556754 1 0 0
v 0.009871 0.195392 0.556754 1 0 0
v 0.0108363 0.196216 0.556754 1 0 0
v 0.0116608 0.197182 0.556754 1 0 0
v 0.0123241 0.198264 0.556754 1 0 0
v 0.0128099 0.199437 0.556754 1 0 0
v 0.0131063 0.200671 0.556754 1 0 0
v 0.0121868 0.201937 0.555561 1 0 0
v 0.0120997 0.203043 0.555561 1 0 0
v 0.0118407 0.204122 0.555561 1 0 0
v 0.0114161 0.205147 0.555561 1 0 0
v 0.0108363 0.206093 0.555561 1 0 0
v 0.0101157 0.206937 0.555561 1 0 0
v 0.00927199 0.207658 0.555561 1 0 0
v 0.00832592 0.208237 0.555561 1 0 0
v 0.0073008 0.208662 0.555561 1 0 0
v 0.00622188 0.208921 0.555561 1 0 0
v 0.00511572 0.209008 0.555561 1 0 0
v 0.00400956 0.208921 0.555561 1 0 0
v 0.00293064 0.208662 0.555561 1 0 0
v 0.00190552 0.208237 0.555561 1 0 0
v 0.000959451 0.207658 0.555561 1 0 0
v 0.000115721 0.206937 0.555561 1 0 0
v -0.000604893 0.206093 0.555561 1 0 0
v -0.00118465 0.205147 0.555561 1 0 0
v -0.00160926 0.204122 0.555561 1 0 0
v -0.00186829 0.203043 0.555561 1 0 0
v -0.00195535 0.201937 0.555561 1 0 0
v -0.00186829 0.200831 0.555561 1 0 0
v -0.00160926 0.199752 0.555561 1 0 0
v -0.00118465 0.198727 0.555561 1 0 0
v -0.000604893 0.197781 0.555561 1 0 0
v 0.000115721 0.196937 0.555561 1 0 0
v 0.000959451 0.196216 0.555561 1 0 0
v 0.00190552 0.195637 0.555561 1 0 0
v 0.00293064 0.195212 0.555561 1 0 0
v 0.00400956 0.194953 0.555561 1 0 0
v 0.00511572 0.194866 0.555561 1 0 0
v 0.00622188 0.194953 0.555561 1 0 0
v 0.0073008 0.195212 0.555561 1 0 0
v 0.00832592 0.195637 0.555561 1 0 0
v 0.00927199 0.196216 0.555561 1 0 0
v 0.0101157 0.196937 0.555561 1 0 0
v 0.0108363 0.197781 0.555561 1 0 0
v 0.0114161 0.198727 0.555561 1 0 0
v 0.0118407 0.199752 0.555561 1 0 0
v 0.0120997 0.200831 0.555561 1 0 0
v 0.0109936 0.201937 0.554542 1 0 0
v 0.0109212 0.202856 0.554542 1 0 0
v 0.0107059 0.203753 0.554542 1 0 0
v 0.0103529 0.204605 0.554542 1 0 0
v 0.009871 0.205392 0.554542 1 0 0
v 0.00927199 0.206093 0.554542 1 0 0
v 0.00857064 0.206692 0.554542 1 0 0
v 0.00778421 0.207174 0.554542 1 0 0
v 0.00693208 0.207527 0.554542 1 0 0
v 0.00603522 0.207742 0.554542 1 0 0
v 0.00511572 0.207815 0.554542 1 0 0
v 0.00419622 0.207742 0.554542 1 0 0
v 0.00329936 0.207527 0.554542 1 0 0
v 0.00244723 0.207174 0.554542 1 0 0
v 0.00166081 0.206692 0.554542 1 0 0
v 0.000959451 0.206093 0.554542 1 0 0
v 0.000360438 0.205392 0.554542 1 0 0
v -0.000121484 0.204605 0.554542 1 0 0
v -0.000474449 0.203753 0.554542 1 0 0
v -0.000689766 0.202856 0.554542 1 0 0
v -0.000762132 0.201937 0.554542 1 0 0
v -0.000689766 0.201017 0.554542 1 0 0
v -0.000474449 0.200121 0.554542 1 0 0
v -0.000121484 0.199268 0.554542 1 0 0
v 0.000360438 0.198482 0.554542 1 0 0
v 0.000959451 0.197781 0.554542 1 0 0
v 0.00166081 0.197182 0.554542 1 0 0
v 0.00244723 0.1967 0.554542 1 0 0
v 0.00329936 0.196347 0.554542 1 0 0
v 0.00419622 0.196131 0.554542 1 0 0
v 0.00511572 0.196059 0.554542 1 0 0
v 0.00603522 0.196131 0.554542 1 0 0
v 0.00693208 0.196347 0.554542 1 0 0
v 0.00778421 0.1967 0.554542 1 0 0
v 0.00857064 0.197182 0.554542 1 0 0
v 0.00927199 0.197781 0.554542 1 0 0
v 0.009871 0.198482 0.554542 1 0 0
v 0.0103529 0.199268 0.554542 1 0 0
v 0.0107059 0.200121 0.554542 1 0 0
v 0.0109212 0.201017 0.554542 1 0 0
v 0.00965563 0.201937 0.553722 1 0 0
v 0.00959973 0.202647 0.553722 1 0 0
v 0.00943343 0.20334 0.553722 1 0 0
v 0.00916081 0.203998 0.553722 1 0 0
v 0.00878858 0.204605 0.553722 1 0 0
v 0.00832592 0.205147 0.553722 1 0 0
v 0.00778421 0.20561 0.553722 1 0 0
v 0.00717679 0.205982 0.553722 1 0 0
v 0.00651863 0.206255 0.553722 1 0 0
v 0.00582592 0.206421 0.553722 1 0 0
v 0.00511572 0.206477 0.553722 1 0 0
v 0.00440552 0.206421 0.553722 1 0 0
v 0.00371281 0.206255 0.553722 1 0 0
v 0.00305465 0.205982 0.553722 1 0 0
v 0.00244723 0.20561 0.553722 1 0 0
v 0.00190552 0.205147 0.553722 1 0 0
v 0.00144286 0.204605 0.553722 1 0 0
v 0.00107064 0.203998 0.553722 1 0 0
v 0.000798014 0.20334 0.553722 1 0 0
v 0.000631709 0.202647 0.553722 1 0 0
v 0.000575816 0.201937 0.553722 1 0 0
v 0.000631709 0.201227 0.553722 1 0 0
v 0.000798014 0.200534 0.553722 1 0 0
v 0.00107064 0.199876 0.553722 1 0 0
v 0.00144286 0.199268 0.553722 1 0 0
v 0.00190552 0.198727 0.553722 1 0 0
v 0.00244723 0.198264 0.553722 1 0 0
v 0.00305465 0.197892 0.553722 1 0 0
v 0.00371281 0.197619 0.553722 1 0 0
v 0.00440552 0.197453 0.553722 1 0 0
v 0.00511572 0.197397 0.553722 1 0 0
v 0.00582592 0.197453 0.553722 1 0 0
v 0.00651863 0.197619 0.553722 1 0 0
v 0.00717679 0.197892 0.553722 1 0 0
v 0.00778421 0.198264 0.553722 1 0 0
v 0.00832592 0.198727 0.553722 1 0 0
v 0.00878858 0.199268 0.553722 1 0 0
v 0.00916081 0.199876 0.553722 1 0 0
v 0.00943343 0.200534 0.553722 1 0 0
v 0.00959973 0.201227 0.553722 1 0 0
v 0.00820589 0.201937 0.553121 1 0 0
v 0.00816785 0.20242 0.553121 1 0 0
v 0.00805465 0.202892 0.553121 1 0 0
v 0.00786908 0.20334 0.553121 1 0 0
v 0.00761572 0.203753 0.553121 1 0 0
v 0.0073008 0.204122 0.553121 1 0 0
v 0.00693208 0.204437 0.553121 1 0 0
v 0.00651863 0.20469 0.553121 1 0 0
v 0.00607064 0.204876 0.553121 1 0 0
v 0.00559913 0.204989 0.553121 1 0 0
v 0.00511572 0.205027 0.553121 1 0 0
v 0.00463231 0.204989 0.553121 1 0 0
v 0.00416081 0.204876 0.553121 1 0 0
v 0.00371281 0.20469 0.553121 1 0 0
v 0.00329936 0.204437 0.553121 1 0 0
v 0.00293064 0.204122 0.553121 1 0 0
v 0.00261572 0.203753 0.553121 1 0 0
v 0.00236236 0.20334 0.553121 1 0 0
v 0.00217679 0.202892 0.553121 1 0 0
v 0.0020636 0.20242 0.553121 1 0 0
v 0.00202555 0.201937 0.553121 1 0 0
v 0.0020636 0.201454 0.553121 1 0 0
v 0.00217679 0.200982 0.553121 1 0 0
v 0.00236236 0.200534 0.553121 1 0 0
v 0.00261572 0.200121 0.553121 1 0 0
v 0.00293064 0.199752 0.553121 1 0 0
v 0.00329936 0.199437 0.553121 1 0 0
v 0.00371281 0.199184 0.553121 1 0 0
v 0.00416081 0.198998 0.553121 1 0 0
v 0.00463231 0.198885 0.553121 1 0 0
v 0.00511572 0.198847 0.553121 1 0 0
v 0.00559913 0.198885 0.553121 1 0 0
v 0.00607064 0.198998 0.553121 1 0 0
v 0.00651863 0.199184 0.553121 1 0 0
v 0.00693208 0.199437 0.553121 1 0 0
v 0.0073008 0.199752 0.553121 1 0 0
v 0.00761572 0.200121 0.553121 1 0 0
v 0.00786908 0.200534 0.553121 1 0 0
v 0.00805465 0.200982 0.553121 1 0 0
v 0.00816785 0.201454 0.553121 1 0 0
v 0.00668007 0.201937 0.552755 1 0 0
v 0.00666081 0.202182 0.552755 1 0 0
v 0.0066035 0.20242 0.552755 1 0 0
v 0.00650956 0.202647 0.552755 1 0 0
v 0.0063813 0.202856 0.552755 1 0 0
v 0.00622188 0.203043 0.552755 1 0 0
v 0.00603522 0.203203 0.552755 1 0 0
v 0.00582592 0.203331 0.552755 1 0 0
v 0.00559913 0.203425 0.552755 1 0 0
v 0.00536044 0.203482 0.552755 1 0 0
v 0.00511572 0.203501 0.552755 1 0 0
v 0.004871 0.203482 0.552755 1 0 0
v 0.00463231 0.203425 0.552755 1 0 0
v 0.00440552 0.203331 0.552755 1 0 0
v 0.00419622 0.203203 0.552755 1 0 0
v 0.00400956 0.203043 0.552755 1 0 0
v 0.00385014 0.202856 0.552755 1 0 0
v 0.00372188 0.202647 0.552755 1 0 0
v 0.00362794 0.20242 0.552755 1 0 0
v 0.00357064 0.202182 0.552755 1 0 0
v 0.00355138 0.201937 0.552755 1 0 0
v 0.00357064 0.201692 0.552755 1 0 0
v 0.00362794 0.201454 0.552755 1 0 0
v 0.00372188 0.201227 0.552755 1 0 0
v 0.00385014 0.201017 0.552755 1 0 0
v 0.00400956 0.200831 0.552755 1 0 0
v 0.00419622 0.200671 0.552755 1 0 0
v 0.00440552 0.200543 0.552755 1 0 0
v 0.00463231 0.200449 0.552755 1 0 0
v 0.004871 0.200392 0.552755 1 0 0
v 0.00511572 0.200373 0.552755 1 0 0
v 0.00536044 0.200392 0.552755 1 0 0
v 0.00559913 0.200449 0.552755 1 0 0
v 0.00582592 0.200543 0.552755 1 0 0
v 0.00603522 0.200671 0.552755 1 0 0
v 0.00622188 0.200831 0.552755 1 0 0
v 0.0063813 0.201017 0.552755 1 0 0
v 0.00650956 0.201227 0.552755 1 0 0
v 0.0066035 0.201454 0.552755 1 0 0
v 0.00666081 0.201692 0.552755 1 0 0
v 0.00895514 0.797203 0.571255 1 0 0
v 0.00895514 0.797203 0.551255 1 0 0
v 0.0105195 0.797203 0.571132 1 0 0
v 0.0105002 0.797448 0.571132 1 0 0
v 0.0104429 0.797686 0.571132 1 0 0
v 0.010349 0.797913 0.571132 1 0 0
v 0.0102207 0.798123 0.571132 1 0 0
v 0.0100613 0.798309 0.571132 1 0 0
v 0.00987464 0.798469 0.571132 1 0 0
v 0.00966534 0.798597 0.571132 1 0 0
v 0.00943855 0.798691 0.571132 1 0 0
v 0.00919986 0.798748 0.571132 1 0 0
v 0.00895514 0.798767 0.571132 1 0 0
v 0.00871043 0.798748 0.571132 1 0 0
v 0.00847173 0.798691 0.571132 1 0 0
v 0.00824495 0.798597 0.571132 1 0 0
v 0.00803565 0.798469 0.571132 1 0 0
v 0.00784899 0.798309 0.571132 1 0 0
v 0.00768956 0.798123 0.571132 1 0 0
v 0.0075613 0.797913 0.571132 1 0 0
v 0.00746736 0.797686 0.571132 1 0 0
v 0.00741006 0.797448 0.571132 1 0 0
v 0.0073908 0.797203 0.571132 1 0 0
v 0.00741006 0.796958 0.571132 1 0 0
v 0.00746736 0.79672 0.571132 1 0 0
v 0.0075613 0.796493 0.571132 1 0 0
v 0.00768956 0.796284 0.571132 1 0 0
v 0.00784899 0.796097 0.571132 1 0 0
v 0.00803565 0.795937 0.571132 1 0 0
v 0.00824495 0.795809 0.571132 1 0 0
v 0.00847173 0.795715 0.571132 1 0 0
v 0.00871043 0.795658 0.571132 1 0 0
v 0.00895514 0.795639 0.571132 1 0 0
v 0.00919986 0.795658 0.571132 1 0 0
v 0.00943855 0.795715 0.571132 1 0 0
v 0.00966534 0.795809 0.571132 1 0 0
v 0.00987464 0.795937 0.571132 1 0 0
v 0.0100613 0.796097 0.571132 1 0 0
v 0.0102207 0.796284 0.571132 1 0 0
v 0.010349 0.796493 0.571132 1 0 0
v 0.0104429 0.79672 0.571132 1 0 0
v 0.0105002 0.796958 0.571132 1 0 0
v 0.0120453 0.797203 0.570765 1 0 0
v 0.0120073 0.797686 0.570765 1 0 0
v 0.0118941 0.798158 0.570765 1 0 0
v 0.0117085 0.798606 0.570765 1 0 0
v 0.0114551 0.799019 0.570765 1 0 0
v 0.0111402 0.799388 0.570765 1 0 0
v 0.0107715 0.799703 0.570765 1 0 0
v 0.0103581 0.799956 0.570765 1 0 0
v 0.00991006 0.800142 0.570765 1 0 0
v 0.00943855 0.800255 0.570765 1 0 0
v 0.00895514 0.800293 0.570765 1 0 0
v 0.00847173 0.800255 0.570765 1 0 0
v 0.00800023 0.800142 0.570765 1 0 0
v 0.00755224 0.799956 0.570765 1 0 0
v 0.00713879 0.799703 0.570765 1 0 0
v 0.00677006 0.799388 0.570765 1 0 0
v 0.00645514 0.799019 0.570765 1 0 0
v 0.00620178 0.798606 0.570765 1 0 0
v 0.00601622 0.798158 0.570765 1 0 0
v 0.00590302 0.797686 0.570765 1 0 0
v 0.00586497 0.797203 0.570765 1 0 0
v 0.00590302 0.79672 0.570765 1 0 0
v 0.00601622 0.796248 0.570765 1 0 0
v 0.00620178 0.7958 0.570765 1 0 0
v 0.00645514 0.795387 0.570765 1 0 0
v 0.00677006 0.795018 0.570765 1 0 0
v 0.00713879 0.794703 0.570765 1 0 0
v 0.00755224 0.79445 0.570765 1 0 0
v 0.00800023 0.794264 0.570765 1 0 0
v 0.00847173 0.794151 0.570765 1 0 0
v 0.00895514 0.794113 0.570765 1 0 0
v 0.00943855 0.794151 0.570765 1 0 0
v 0.00991006 0.794264 0.570765 1 0 0
v 0.0103581 0.79445 0.570765 1 0 0
v 0.0107715 0.794703 0.570765 1 0 0
v 0.0111402 0.795018 0.570765 1 0 0
v 0.0114551 0.795387 0.570765 1 0 0
v 0.0117085 0.7958 0.570765 1 0 0
v 0.0118941 0.796248 0.570765 1 0 0
v 0.0120073 0.79672 0.570765 1 0 0
v 0.013495 0.797203 0.570165 1 0 0
v 0.0134392 0.797913 0.570165 1 0 0
v 0.0132729 0.798606 0.570165 1 0 0
v 0.0130002 0.799264 0.570165 1 0 0
v 0.012628 0.799872 0.570165 1 0 0
v 0.0121653 0.800413 0.570165 1 0 0
v 0.0116236 0.800876 0.570165 1 0 0
v 0.0110162 0.801248 0.570165 1 0 0
v 0.0103581 0.801521 0.570165 1 0 0
v 0.00966534 0.801687 0.570165 1 0 0
v 0.00895514 0.801743 0.570165 1 0 0
v 0.00824495 0.801687 0.570165 1 0 0
v 0.00755224 0.801521 0.570165 1 0 0
v 0.00689407 0.801248 0.570165 1 0 0
v 0.00628665 0.800876 0.570165 1 0 0
v 0.00574495 0.800413 0.570165 1 0 0
v 0.00528228 0.799872 0.570165 1 0 0
v 0.00491006 0.799264 0.570165 1 0 0
v 0.00463744 0.798606 0.570165 1 0 0
v 0.00447113 0.797913 0.570165 1 0 0
v 0.00441524 0.797203 0.570165 1 0 0
v 0.00447113 0.796493 0.570165 1 0 0
v 0.00463744 0.7958 0.570165 1 0 0
v 0.00491006 0.795142 0.570165 1 0 0
v 0.00528228 0.794535 0.570165 1 0 0
v 0.00574495 0.793993 0.570165 1 0 0
v 0.00628665 0.79353 0.570165 1 0 0
v 0.00689407 0.793158 0.570165 1 0 0
v 0.00755224 0.792885 0.570165 1 0 0
v 0.00824495 0.792719 0.570165 1 0 0
v 0.00895514 0.792663 0.570165 1 0 0
v 0.00966534 0.792719 0.570165 1 0 0
v 0.0103581 0.792885 0.570165 1 0 0
v 0.0110162 0.793158 0.570165 1 0 0
v 0.0116236 0.79353 0.570165 1 0 0
v 0.0121653 0.793993 0.570165 1 0 0
v 0.012628 0.794535 0.570165 1 0 0
v 0.0130002 0.795142 0.570165 1 0 0
v 0.0132729 0.7958 0.570165 1 0 0
v 0.0134392 0.796493 0.570165 1 0 0
v 0.014833 0.797203 0.569345 1 0 0
v 0.0147606 0.798123 0.569345 1 0 0
v 0.0145453 0.799019 0.569345 1 0 0
v 0.0141923 0.799872 0.569345 1 0 0
v 0.0137104 0.800658 0.569345 1 0 0
v 0.0131114 0.801359 0.569345 1 0 0
v 0.0124101 0.801958 0.569345 1 0 0
v 0.0116236 0.80244 0.569345 1 0 0
v 0.0107715 0.802793 0.569345 1 0 0
v 0.00987464 0.803009 0.569345 1 0 0
v 0.00895514 0.803081 0.569345 1 0 0
v 0.00803565 0.803009 0.569345 1 0 0
v 0.00713879 0.802793 0.569345 1 0 0
v 0.00628665 0.80244 0.569345 1 0 0
v 0.00550023 0.801958 0.569345 1 0 0
v 0.00479887 0.801359 0.569345 1 0 0
v 0.00419986 0.800658 0.569345 1 0 0
v 0.00371794 0.799872 0.569345 1 0 0
v 0.00336497 0.799019 0.569345 1 0 0
v 0.00314966 0.798123 0.569345 1 0 0
v 0.00307729 0.797203 0.569345 1 0 0
v 0.00314966 0.796284 0.569345 1 0 0
v 0.00336497 0.795387 0.569345 1 0 0
v 0.00371794 0.794535 0.569345 1 0 0
v 0.00419986 0.793748 0.569345 1 0 0
v 0.00479887 0.793047 0.569345 1 0 0
v 0.00550023 0.792448 0.569345 1 0 0
v 0.00628665 0.791966 0.569345 1 0 0
v 0.00713879 0.791613 0.569345 1 0 0
v 0.00803565 0.791398 0.569345 1 0 0
v 0.00895514 0.791325 0.569345 1 0 0
v 0.00987464 0.791398 0.569345 1 0 0
v 0.0107715 0.791613 0.569345 1 0 0
v 0.0116236 0.791966 0.569345 1 0 0
v 0.0124101 0.792448 0.569345 1 0 0
v 0.0131114 0.793047 0.569345 1 0 0
v 0.0137104 0.793748 0.569345 1 0 0
v 0.0141923 0.794535 0.569345 1 0 0
v 0.0145453 0.795387 0.569345 1 0 0
v 0.0147606 0.796284 0.569345 1 0 0
v 0.0160262 0.797203 0.568326 1 0 0
v 0.0159392 0.798309 0.568326 1 0 0
v 0.0156801 0.799388 0.568326 1 0 0
v 0.0152555 0.800413 0.568326 1 0 0
v 0.0146758 0.801359 0.568326 1 0 0
v 0.0139551 0.802203 0.568326 1 0 0
v 0.0131114 0.802924 0.568326 1 0 0
v 0.0121653 0.803503 0.568326 1 0 0
v 0.0111402 0.803928 0.568326 1 0 0
v 0.0100613 0.804187 0.568326 1 0 0
v 0.00895514 0.804274 0.568326 1 0 0
v 0.00784899 0.804187 0.568326 1 0 0
v 0.00677006 0.803928 0.568326 1 0 0
v 0.00574495 0.803503 0.568326 1 0 0
v 0.00479887 0.802924 0.568326 1 0 0
v 0.00395514 0.802203 0.568326 1 0 0
v 0.00323453 0.801359 0.568326 1 0 0
v 0.00265478 0.800413 0.568326 1 0 0
v 0.00223016 0.799388 0.568326 1 0 0
v 0.00197113 0.798309 0.568326 1 0 0
v 0.00188408 0.797203 0.568326 1 0 0
v 0.00197113 0.796097 0.568326 1 0 0
v 0.00223016 0.795018 0.568326 1 0 0
v 0.00265478 0.793993 0.568326 1 0 0
v 0.00323453 0.793047 0.568326 1 0 0
v 0.00395514 0.792203 0.568326 1 0 0
v 0.00479887 0.791482 0.568326 1 0 0
v 0.00574495 0.790903 0.568326 1 0 0
v 0.00677006 0.790478 0.568326 1 0 0
v 0.00784899 0.790219 0.568326 1 0 0
v 0.00895514 0.790132 0.568326 1 0 0
v 0.0100613 0.790219 0.568326 1 0 0
v 0.0111402 0.790478 0.568326 1 0 0
v 0.0121653 0.790903 0.568326 1 0 0
v 0.0131114 0.791482 0.568326 1 0 0
v 0.0139551 0.792203 0.568326 1 0 0
v 0.0146758 0.793047 0.568326 1 0 0
v 0.0152555 0.793993 0.568326 1 0 0
v 0.0156801 0.795018 0.568326 1 0 0
v 0.0159392 0.796097 0.568326 1 0 0
v 0.0170453 0.797203 0.567132 1 0 0
v 0.0169457 0.798469 0.567132 1 0 0
v 0.0166494 0.799703 0.567132 1 0 0
v 0.0161635 0.800876 0.567132 1 0 0
v 0.0155002 0.801958 0.567132 1 0 0
v 0.0146758 0.802924 0.567132 1 0 0
v 0.0137104 0.803748 0.567132 1 0 0
v 0.012628 0.804411 0.567132 1 0 0
v 0.0114551 0.804897 0.567132 1 0 0
v 0.0102207 0.805194 0.567132 1 0 0
v 0.00895514 0.805293 0.567132 1 0 0
v 0.00768956 0.805194 0.567132 1 0 0
v 0.00645514 0.804897 0.567132 1 0 0
v 0.00528228 0.804411 0.567132 1 0 0
v 0.00419986 0.803748 0.567132 1 0 0
v 0.00323453 0.802924 0.567132 1 0 0
v 0.00241006 0.801958 0.567132 1 0 0
v 0.00174675 0.800876 0.567132 1 0 0
v 0.00126094 0.799703 0.567132 1 0 0
v 0.000964577 0.798469 0.567132 1 0 0
v 0.000864974 0.797203 0.567132 1 0 0
v 0.000964577 0.795937 0.567132 1 0 0
v 0.00126094 0.794703 0.567132 1 0 0
v 0.00174675 0.79353 0.567132 1 0 0
v 0.00241006 0.792448 0.567132 1 0 0
v 0.00323453 0.791482 0.567132 1 0 0
v 0.00419986 0.790658 0.567132 1 0 0
v 0.00528228 0.789995 0.567132 1 0 0
v 0.00645514 0.789509 0.567132 1 0 0
v 0.00768956 0.789212 0.567132 1 0 0
v 0.00895514 0.789113 0.567132 1 0 0
v 0.0102207 0.789212 0.567132 1 0 0
v 0.0114551 0.789509 0.567132 1 0 0
v 0.012628 0.789995 0.567132 1 0 0
v 0.0137104 0.790658 0.567132 1 0 0
v 0.0146758 0.791482 0.567132 1 0 0
v 0.0155002 0.792448 0.567132 1 0 0
v 0.0161635 0.79353 0.567132 1 0 0
v 0.0166494 0.794703 0.567132 1 0 0
v 0.0169457 0.795937 0.567132 1 0 0
v 0.0178652 0.797203 0.565795 1 0 0
v 0.0177555 0.798597 0.565795 1 0 0
v 0.0174291 0.799956 0.565795 1 0 0
v 0.0168941 0.801248 0.565795 1 0 0
v 0.0161635 0.80244 0.565795 1 0 0
v 0.0152555 0.803503 0.565795 1 0 0
v 0.0141923 0.804411 0.565795 1 0 0
v 0.0130002 0.805142 0.565795 1 0 0
v 0.0117085 0.805677 0.565795 1 0 0
v 0.010349 0.806003 0.565795 1 0 0
v 0.00895514 0.806113 0.565795 1 0 0
v 0.0075613 0.806003 0.565795 1 0 0
v 0.00620178 0.805677 0.565795 1 0 0
v 0.00491006 0.805142 0.565795 1 0 0
v 0.00371794 0.804411 0.565795 1 0 0
v 0.00265478 0.803503 0.565795 1 0 0
v 0.00174675 0.80244 0.565795 1 0 0
v 0.00101622 0.801248 0.565795 1 0 0
v 0.000481168 0.799956 0.565795 1 0 0
v 0.000154776 0.798597 0.565795 1 0 0
v 4.50787e-05 0.797203 0.565795 1 0 0
v 0.000154776 0.795809 0.565795 1 0 0
v 0.000481168 0.79445 0.565795 1 0 0
v 0.00101622 0.793158 0.565795 1 0 0
v 0.00174675 0.791966 0.565795 1 0 0
v 0.00265478 0.790903 0.565795 1 0 0
v 0.00371794 0.789995 0.565795 1 0 0
v 0.00491006 0.789264 0.565795 1 0 0
v 0.00620178 0.788729 0.565795 1 0 0
v 0.0075613 0.788403 0.565795 1 0 0
v 0.00895514 0.788293 0.565795 1 0 0
v 0.010349 0.788403 0.565795 1 0 0
v 0.0117085 0.788729 0.565795 1 0 0
v 0.0130002 0.789264 0.565795 1 0 0
v 0.0141923 0.789995 0.565795 1 0 0
v 0.0152555 0.790903 0.565795 1 0 0
v 0.0161635 0.791966 0.565795 1 0 0
v 0.0168941 0.793158 0.565795 1 0 0
v 0.0174291 0.79445 0.565795 1 0 0
v 0.0177555 0.795809 0.565795 1 0 0
v 0.0184657 0.797203 0.564345 1 0 0
v 0.0183486 0.798691 0.564345 1 0 0
v 0.0180002 0.800142 0.564345 1 0 0
v 0.0174291 0.801521 0.564345 1 0 0
v 0.0166494 0.802793 0.564345 1 0 0
v 0.0156801 0.803928 0.564345 1 0 0
v 0.0145453 0.804897 0.564345 1 0 0
v 0.0132729 0.805677 0.564345 1 0 0
v 0.0118941 0.806248 0.564345 1 0 0
v 0.0104429 0.806597 0.564345 1 0 0
v 0.00895514 0.806714 0.564345 1 0 0
v 0.00746736 0.806597 0.564345 1 0 0
v 0.00601622 0.806248 0.564345 1 0 0
v 0.00463744 0.805677 0.564345 1 0 0
v 0.00336497 0.804897 0.564345 1 0 0
v 0.00223016 0.803928 0.564345 1 0 0
v 0.00126094 0.802793 0.564345 1 0 0
v 0.000481168 0.801521 0.564345 1 0 0
v -8.9941e-05 0.800142 0.564345 1 0 0
v -0.00043833 0.798691 0.564345 1 0 0
v -0.000555421 0.797203 0.564345 1 0 0
v -0.00043833 0.795715 0.564345 1 0 0
v -8.9941e-05 0.794264 0.564345 1 0 0
v 0.000481168 0.792885 0.564345 1 0 0
v 0.00126094 0.791613 0.564345 1 0 0
v 0.00223016 0.790478 0.564345 1 0 0
v 0.00336497 0.789509 0.564345 1 0 0
v 0.00463744 0.788729 0.564345 1 0 0
v 0.00601622 0.788158 0.564345 1 0 0
v 0.00746736 0.78781 0.564345 1 0 0
v 0.00895514 0.787692 0.564345 1 0 0
v 0.0104429 0.78781 0.564345 1 0 0
v 0.0118941 0.788158 0.564345 1 0 0
v 0.0132729 0.788729 0.564345 1 0 0
v 0.0145453 0.789509 0.564345 1 0 0
v 0.0156801 0.790478 0.564345 1 0 0
v 0.0166494 0.791613 0.564345 1 0 0
v 0.0174291 0.792885 0.564345 1 0 0
v 0.0180002 0.794264 0.564345 1 0 0
v 0.0183486 0.795715 0.564345 1 0 0
v 0.018832 0.797203 0.562819 1 0 0
v 0.0187104 0.798748 0.562819 1 0 0
v 0.0183486 0.800255 0.562819 1 0 0
v 0.0177555 0.801687 0.562819 1 0 0
v 0.0169457 0.803009 0.562819 1 0 0
v 0.0159392 0.804187 0.562819 1 0 0
v 0.0147606 0.805194 0.562819 1 0 0
v 0.0134392 0.806003 0.562819 1 0 0
v 0.0120073 0.806597 0.562819 1 0 0
v 0.0105002 0.806958 0.562819 1 0 0
v 0.00895514 0.80708 0.562819 1 0 0
v 0.00741006 0.806958 0.562819 1 0 0
v 0.00590302 0.806597 0.562819 1 0 0
v 0.00447113 0.806003 0.562819 1 0 0
v 0.00314966 0.805194 0.562819 1 0 0
v 0.00197113 0.804187 0.562819 1 0 0
v 0.000964577 0.803009 0.562819 1 0 0
v 0.000154776 0.801687 0.562819 1 0 0
v -0.00043833 0.800255 0.562819 1 0 0
v -0.000800139 0.798748 0.562819 1 0 0
v -0.000921739 0.797203 0.562819 1 0 0
v -0.000800139 0.795658 0.562819 1 0 0
v -0.00043833 0.794151 0.562819 1 0 0
v 0.000154776 0.792719 0.562819 1 0 0
v 0.000964577 0.791398 0.562819 1 0 0
v 0.00197113 0.790219 0.562819 1 0 0
v 0.00314966 0.789212 0.562819 1 0 0
v 0.00447113 0.788403 0.562819 1 0 0
v 0.00590302 0.78781 0.562819 1 0 0
v 0.00741006 0.787448 0.562819 1 0 0
v 0.00895514 0.787326 0.562819 1 0 0
v 0.0105002 0.787448 0.562819 1 0 0
v 0.0120073 0.78781 0.562819 1 0 0
v 0.0134392 0.788403 0.562819 1 0 0
v 0.0147606 0.789212 0.562819 1 0 0
v 0.0159392 0.790219 0.562819 1 0 0
v 0.0169457 0.791398 0.562819 1 0 0
v 0.0177555 0.792719 0.562819 1 0 0
v 0.0183486 0.794151 0.562819 1 0 0
v 0.0187104 0.795658 0.562819 1 0 0
v 0.0189551 0.797203 0.561255 1 0 0
v 0.018832 0.798767 0.561255 1 0 0
v 0.0184657 0.800293 0.561255 1 0 0
v 0.0178652 0.801743 0.561255 1 0 0
v 0.0170453 0.803081 0.561255 1 0 0
v 0.0160262 0.804274 0.561255 1 0 0
v 0.014833 0.805293 0.561255 1 0 0
v 0.013495 0.806113 0.561255 1 0 0
v 0.0120453 0.806714 0.561255 1 0 0
v 0.0105195 0.80708 0.561255 1 0 0
v 0.00895514 0.807203 0.561255 1 0 0
v 0.0073908 0.80708 0.561255 1 0 0
v 0.00586497 0.806714 0.561255 1 0 0
v 0.00441524 0.806113 0.561255 1 0 0
v 0.00307729 0.805293 0.561255 1 0 0
v 0.00188408 0.804274 0.561255 1 0 0
v 0.000864974 0.803081 0.561255 1 0 0
v 4.50787e-05 0.801743 0.561255 1 0 0
v -0.000555421 0.800293 0.561255 1 0 0
v -0.000921739 0.798767 0.561255 1 0 0
v -0.00104486 0.797203 0.561255 1 0 0
v -0.000921739 0.795639 0.561255 1 0 0
v -0.000555421 0.794113 0.561255 1 0 0
v 4.50787e-05 0.792663 0.561255 1 0 0
v 0.000864974 0.791325 0.561255 1 0 0
v 0.00188408 0.790132 0.561255 1 0 0
v 0.00307729 0.789113 0.561255 1 0 0
v 0.00441524 0.788293 0.561255 1 0 0
v 0.00586497 0.787692 0.561255 1 0 0
v 0.0073908 0.787326 0.561255 1 0 0
v 0.00895514 0.787203 0.561255 1 0 0
v 0.0105195 0.787326 0.561255 1 0 0
v 0.0120453 0.787692 0.561255 1 0 0
v 0.013495 0.788293 0.561255 1 0 0
v 0.014833 0.789113 0.561255 1 0 0
v 0.0160262 0.790132 0.561255 1 0 0
v 0.0170453 0.791325 0.561255 1 0 0
v 0.0178652 0.792663 0.561255 1 0 0
v 0.0184657 0.794113 0.561255 1 0 0
v 0.018832 0.795639 0.561255 1 0 0
v 0.018832 0.797203 0.55969 1 0 0
v 0.0187104 0.798748 0.55969 1 0 0
v 0.0183486 0.800255 0.55969 1 0 0
v 0.0177555 0.801687 0.55969 1 0 0
v 0.0169457 0.803009 0.55969 1 0 0
v 0.0159392 0.804187 0.55969 1 0 0
v 0.0147606 0.805194 0.55969 1 0 0
v 0.0134392 0.806003 0.55969 1 0 0
v 0.0120073 0.806597 0.55969 1 0 0
v 0.0105002 0.806958 0.55969 1 0 0
v 0.00895514 0.80708 0.55969 1 0 0
v 0.00741006 0.806958 0.55969 1 0 0
v 0.00590302 0.806597 0.55969 1 0 0
v 0.00447113 0.806003 0.55969 1 0 0
v 0.00314966 0.805194 0.55969 1 0 0
v 0.00197113 0.804187 0.55969 1 0 0
v 0.000964577 0.803009 0.55969 1 0 0
v 0.000154776 0.801687 0.55969 1 0 0
v -0.00043833 0.800255 0.55969 1 0 0
v -0.000800139 0.798748 0.55969 1 0 0
v -0.000921739 0.797203 0.55969 1 0 0
v -0.000800139 0.795658 0.55969 1 0 0
v -0.00043833 0.794151 0.55969 1 0 0
v 0.000154776 0.792719 0.55969 1 0 0
v 0.000964577 0.791398 0.55969 1 0 0
v 0.00197113 0.790219 0.55969 1 0 0
v 0.00314966 0.789212 0.55969 1 0 0
v 0.00447113 0.788403 0.55969 1 0 0
v 0.00590302 0.78781 0.55969 1 0 0
v 0.00741006 0.787448 0.55969 1 0 0
v 0.00895514 0.787326 0.55969 1 0 0
v 0.0105002 0.787448 0.55969 1 0 0
v 0.0120073 0.78781 0.55969 1 0 0
v 0.0134392 0.788403 0.55969 1 0 0
v 0.0147606 0.789212 0.55969 1 0 0
v 0.0159392 0.790219 0.55969 1 0 0
v 0.0169457 0.791398 0.55969 1 0 0
v 0.0177555 0.792719 0.55969 1 0 0
v 0.0183486 0.794151 0.55969 1 0 0
v 0.0187104 0.795658 0.55969 1 0 0
v 0.0184657 0.797203 0.558164 1 0 0
v 0.0183486 0.798691 0.558164 1 0 0
v 0.0180002 0.800142 0.558164 1 0 0
v 0.0174291 0.801521 0.558164 1 0 0
v 0.0166494 0.802793 0.558164 1 0 0
v 0.0156801 0.803928 0.558164 1 0 0
v 0.0145453 0.804897 0.558164 1 0 0
v 0.0132729 0.805677 0.558164 1 0 0
v 0.0118941 0.806248 0.558164 1 0 0
v 0.0104429 0.806597 0.558164 1 0 0
v 0.00895514 0.806714 0.558164 1 0 0
v 0.00746736 0.806597 0.558164 1 0 0
v 0.00601622 0.806248 0.558164 1 0 0
v 0.00463744 0.805677 0.558164 1 0 0
v 0.00336497 0.804897 0.558164 1 0 0
v 0.00223016 0.803928 0.558164 1 0 0
v 0.00126094 0.802793 0.558164 1 0 0
v 0.000481168 0.801521 0.558164 1 0 0
v -8.9941e-05 0.800142 0.558164 1 0 0
v -0.00043833 0.798691 0.558164 1 0 0
v -0.000555421 0.797203 0.558164 1 0 0
v -0.00043833 0.795715 0.558164 1 0 0
v -8.9941e-05 0.794264 0.558164 1 0 0
v 0.000481168 0.792885 0.558164 1 0 0
v 0.00126094 0.791613 0.558164 1 0 0
v 0.00223016 0.790478 0.558164 1 0 0
v 0.00336497 0.789509 0.558164 1 0 0
v 0.00463744 0.788729 0.558164 1 0 0
v 0.00601622 0.788158 0.558164 1 0 0
v 0.00746736 0.78781 0.558164 1 0 0
v 0.00895514 0.787692 0.558164 1 0 0
v 0.0104429 0.78781 0.558164 1 0 0
v 0.0118941 0.788158 0.558164 1 0 0
v 0.0132729 0.788729 0.558164 1 0 0
v 0.0145453 0.789509 0.558164 1 0 0
v 0.0156801 0.790478 0.558164 1 0 0
v 0.0166494 0.791613 0.558164 1 0 0
v 0.0174291 0.792885 0.558164 1 0 0
v 0.0180002 0.794264 0.558164 1 0 0
v 0.0183486 0.795715 0.558164 1 0 0
v 0.0178652 0.797203 0.556715 1 0 0
v 0.0177555 0.798597 0.556715 1 0 0
v 0.0174291 0.799956 0.556715 1 0 0
v 0.0168941 0.801248 0.556715 1 0 0
v 0.0161635 0.80244 0.556715 1 0 0
v 0.0152555 0.803503 0.556715 1 0 0
v 0.0141923 0.804411 0.556715 1 0 0
v 0.0130002 0.805142 0.556715 1 0 0
v 0.0117085 0.805677 0.556715 1 0 0
v 0.010349 0.806003 0.556715 1 0 0
v 0.00895514 0.806113 0.556715 1 0 0
v 0.0075613 0.806003 0.556715 1 0 0
v 0.00620178 0.805677 0.556715 1 0 0
v 0.00491006 0.805142 0.556715 1 0 0
v 0.00371794 0.804411 0.556715 1 0 0
v 0.00265478 0.803503 0.556715 1 0 0
v 0.00174675 0.80244 0.556715 1 0 0
v 0.00101622 0.801248 0.556715 1 0 0
v 0.000481168 0.799956 0.556715 1 0 0
v 0.000154776 0.798597 0.556715 1 0 0
v 4.50787e-05 0.797203 0.556715 1 0 0
v 0.000154776 0.795809 0.556715 1 0 0
v 0.000481168 0.79445 0.556715 1 0 0
v 0.00101622 0.793158 0.556715 1 0 0
v 0.00174675 0.791966 0.556715 1 0 0
v 0.00265478 0.790903 0.556715 1 0 0
v 0.00371794 0.789995 0.556715 1 0 0
v 0.00491006 0.789264 0.556715 1 0 0
v 0.00620178 0.788729 0.556715 1 0 0
v 0.0075613 0.788403 0.556715 1 0 0
v 0.00895514 0.788293 0.556715 1 0 0
v 0.010349 0.788403 0.556715 1 0 0
v 0.0117085 0.788729 0.556715 1 0 0
v 0.0130002 0.789264 0.556715 1 0 0
v 0.0141923 0.789995 0.556715 1 0 0
v 0.0152555 0.790903 0.556715 1 0 0
v 0.0161635 0.791966 0.556715 1 0 0
v 0.0168941 0.793158 0.556715 1 0 0
v 0.0174291 0.79445 0.556715 1 0 0
v 0.0177555 0.795809 0.556715 1 0 0
v 0.0170453 0.797203 0.555377 1 0 0
v 0.0169457 0.798469 0.555377 1 0 0
v 0.0166494 0.799703 0.555377 1 0 0
v 0.0161635 0.800876 0.555377 1 0 0
v 0.0155002 0.801958 0.555377 1 0 0
v 0.0146758 0.802924 0.555377 1 0 0
v 0.0137104 0.803748 0.555377 1 0 0
v 0.012628 0.804411 0.555377 1 0 0
v 0.0114551 0.804897 0.555377 1 0 0
v 0.0102207 0.805194 0.555377 1 0 0
v 0.00895514 0.805293 0.555377 1 0 0
v 0.00768956 0.805194 0.555377 1 0 0
v 0.00645514 0.804897 0.555377 1 0 0
v 0.00528228 0.804411 0.555377 1 0 0
v 0.00419986 0.803748 0.555377 1 0 0
v 0.00323453 0.802924 0.555377 1 0 0
v 0.00241006 0.801958 0.555377 1 0 0
v 0.00174675 0.800876 0.555377 1 0 0
v 0.00126094 0.799703 0.555377 1 0 0
v 0.000964577 0.798469 0.555377 1 0 0
v 0.000864974 0.797203 0.555377 1 0 0
v 0.000964577 0.795937 0.555377 1 0 0
v 0.00126094 0.794703 0.555377 1 0 0
v 0.00174675 0.79353 0.555377 1 0 0
v 0.00241006 0.792448 0.555377 1 0 0
v 0.00323453 0.791482 0.555377 1 0 0
v 0.00419986 0.790658 0.555377 1 0 0
v 0.00528228 0.789995 0.555377 1 0 0
v 0.00645514 0.789509 0.555377 1 0 0
v 0.00768956 0.789212 0.555377 1 0 0
v 0.00895514 0.789113 0.555377 1 0 0
v 0.0102207 0.789212 0.555377 1 0 0
v 0.0114551 0.789509 0.555377 1 0 0
v 0.012628 0.789995 0.555377 1 0 0
v 0.0137104 0.790658 0.555377 1 0 0
v 0.0146758 0.791482 0.555377 1 0 0
v 0.0155002 0.792448 0.555377 1 0 0
v 0.0161635 0.79353 0.555377 1 0 0
v 0.0166494 0.794703 0.555377 1 0 0
v 0.0169457 0.795937 0.555377 1 0 0
v 0.0160262 0.797203 0.554184 1 0 0
v 0.0159392 0.798309 0.554184 1 0 0
v 0.0156801 0.799388 0.554184 1 0 0
v 0.0152555 0.800413 0.554184 1 0 0
v 0.0146758 0.801359 0.554184 1 0 0
v 0.0139551 0.802203 0.554184 1 0 0
v 0.0131114 0.802924 0.554184 1 0 0
v 0.0121653 0.803503 0.554184 1 0 0
v 0.0111402 0.803928 0.554184 1 0 0
v 0.0100613 0.804187 0.554184 1 0 0
v 0.00895514 0.804274 0.554184 1 0 0
v 0.00784899 0.804187 0.554184 1 0 0
v 0.00677006 0.803928 0.554184 1 0 0
v 0.00574495 0.803503 0.554184 1 0 0
v 0.00479887 0.802924 0.554184 1 0 0
v 0.00395514 0.802203 0.554184 1 0 0
v 0.00323453 0.801359 0.554184 1 0 0
v 0.00265478 0.800413 0.554184 1 0 0
v 0.00223016 0.799388 0.554184 1 0 0
v 0.00197113 0.798309 0.554184 1 0 0
v 0.00188408 0.797203 0.554184 1 0 0
v 0.00197113 0.796097 0.554184 1 0 0
v 0.00223016 0.795018 0.554184 1 0 0
v 0.00265478 0.793993 0.554184 1 0 0
v 0.00323453 0.793047 0.554184 1 0 0
v 0.00395514 0.792203 0.554184 1 0 0
v 0.00479887 0.791482 0.554184 1 0 0
v 0.00574495 0.790903 0.554184 1 0 0
v 0.00677006 0.790478 0.554184 1 0 0
v 0.00784899 0.790219 0.554184 1 0 0
v 0.00895514 0.790132 0.554184 1 0 0
v 0.0100613 0.790219 0.554184 1 0 0
v 0.0111402 0.790478 0.554184 1 0 0
v 0.0121653 0.790903 0.554184 1 0 0
v 0.0131114 0.791482 0.554184 1 0 0
v 0.0139551 0.792203 0.554184 1 0 0
v 0.0146758 0.793047 0.554184 1 0 0
v 0.0152555 0.793993 0.554184 1 0 0
v 0.0156801 0.795018 0.554184 1 0 0
v 0.0159392 0.796097 0.554184 1 0 0
v 0.014833 0.797203 0.553164 1 0 0
v 0.0147606 0.798123 0.553164 1 0 0
v 0.0145453 0.799019 0.553164 1 0 0
v 0.0141923 0.799872 0.553164 1 0 0
v 0.0137104 0.800658 0.553164 1 0 0
v 0.0131114 0.801359 0.553164 1 0 0
v 0.0124101 0.801958 0.553164 1 0 0
v 0.0116236 0.80244 0.553164 1 0 0
v 0.0107715 0.802793 0.553164 1 0 0
v 0.00987464 0.803009 0.553164 1 0 0
v 0.00895514 0.803081 0.553164 1 0 0
v 0.00803565 0.803009 0.553164 1 0 0
v 0.00713879 0.802793 0.553164 1 0 0
v 0.00628665 0.80244 0.553164 1 0 0
v 0.00550023 0.801958 0.553164 1 0 0
v 0.00479887 0.801359 0.553164 1 0 0
v 0.00419986 0.800658 0.553164 1 0 0
v 0.00371794 0.799872 0.553164 1 0 0
v 0.00336497 0.799019 0.553164 1 0 0
v 0.00314966 0.798123 0.553164 1 0 0
v 0.00307729 0.797203 0.553164 1 0 0
v 0.00314966 0.796284 0.553164 1 0 0
v 0.00336497 0.795387 0.553164 1 0 0
v 0.00371794 0.794535 0.553164 1 0 0
v 0.00419986 0.793748 0.553164 1 0 0
v 0.00479887 0.793047 0.553164 1 0 0
v 0.00550023 0.792448 0.553164 1 0 0
v 0.00628665 0.791966 0.553164 1 0 0
v 0.00713879 0.791613 0.553164 1 0 0
v 0.00803565 0.791398 0.553164 1 0 0
v 0.00895514 0.791325 0.553164 1 0 0
v 0.00987464 0.791398 0.553164 1 0 0
v 0.0107715 0.791613 0.553164 1 0 0
v 0.0116236 0.791966 0.553164 1 0 0
v 0.0124101 0.792448 0.553164 1 0 0
v 0.0131114 0.793047 0.553164 1 0 0
v 0.0137104 0.793748 0.553164 1 0 0
v 0.0141923 0.794535 0.553164 1 0 0
v 0.0145453 0.795387 0.553164 1 0 0
v 0.0147606 0.796284 0.553164 1 0 0
v 0.013495 0.797203 0.552345 1 0 0
v 0.0134392 0.797913 0.552345 1 0 0
v 0.0132729 0.798606 0.552345 1 0 0
v 0.0130002 0.799264 0.552345 1 0 0
v 0.012628 0.799872 0.552345 1 0 0
v 0.0121653 0.800413 0.552345 1 0 0
v 0.0116236 0.800876 0.552345 1 0 0
v 0.0110162 0.801248 0.552345 1 0 0
v 0.0103581 0.801521 0.552345 1 0 0
v 0.00966534 0.801687 0.552345 1 0 0
v 0.00895514 0.801743 0.552345 1 0 0
v 0.00824495 0.801687 0.552345 1 0 0
v 0.00755224 0.801521 0.552345 1 0 0
v 0.00689407 0.801248 0.552345 1 0 0
v 0.00628665 0.800876 0.552345 1 0 0
v 0.00574495 0.800413 0.552345 1 0 0
v 0.00528228 0.799872 0.552345 1 0 0
v 0.00491006 0.799264 0.552345 1 0 0
v 0.00463744 0.798606 0.552345 1 0 0
v 0.00447113 0.797913 0.552345 1 0 0
v 0.00441524 0.797203 0.552345 1 0 0
v 0.00447113 0.796493 0.552345 1 0 0
v 0.00463744 0.7958 0.552345 1 0 0
v 0.00491006 0.795142 0.552345 1 0 0
v 0.00528228 0.794535 0.552345 1 0 0
v 0.00574495 0.793993 0.552345 1 0 0
v 0.00628665 0.79353 0.552345 1 0 0
v 0.00689407 0.793158 0.552345 1 0 0
v 0.00755224 0.792885 0.552345 1 0 0
v 0.00824495 0.792719 0.552345 1 0 0
v 0.00895514 0.792663 0.552345 1 0 0
v 0.00966534 0.792719 0.552345 1 0 0
v 0.0103581 0.792885 0.552345 1 0 0
v 0.0110162 0.793158 0.552345 1 0 0
v 0.0116236 0.79353 0.552345 1 0 0
v 0.0121653 0.793993 0.552345 1 0 0
v 0.012628 0.794535 0.552345 1 0 0
v 0.0130002 0.795142 0.552345 1 0 0
v 0.0132729 0.7958 0.552345 1 0 0
v 0.0134392 0.796493 0.552345 1 0 0
v 0.0120453 0.797203 0.551744 1 0 0
v 0.0120073 0.797686 0.551744 1 0 0
v 0.0118941 0.798158 0.551744 1 0 0
v 0.0117085 0.798606 0.551744 1 0 0
v 0.0114551 0.799019 0.551744 1 0 0
v 0.0111402 0.799388 0.551744 1 0 0
v 0.0107715 0.799703 0.551744 1 0 0
v 0.0103581 0.799956 0.551744 1 0 0
v 0.00991006 0.800142 0.551744 1 0 0
v 0.00943855 0.800255 0.551744 1 0 0
v 0.00895514 0.800293 0.551744 1 0 0
v 0.00847173 0.800255 0.551744 1 0 0
v 0.00800023 0.800142 0.551744 1 0 0
v 0.00755224 0.799956 0.551744 1 0 0
v 0.00713879 0.799703 0.551744 1 0 0
v 0.00677006 0.799388 0.551744 1 0 0
v 0.00645514 0.799019 0.551744 1 0 0
v 0.00620178 0.798606 0.551744 1 0 0
v 0.00601622 0.798158 0.551744 1 0 0
v 0.00590302 0.797686 0.551744 1 0 0
v 0.00586497 0.797203 0.551744 1 0 0
v 0.00590302 0.79672 0.551744 1 0 0
v 0.00601622 0.796248 0.551744 1 0 0
v 0.00620178 0.7958 0.551744 1 0 0
v 0.00645514 0.795387 0.551744 1 0 0
v 0.00677006 0.795018 0.551744 1 0 0
v 0.00713879 0.794703 0.551744 1 0 0
v 0.00755224 0.79445 0.551744 1 0 0
v 0.00800023 0.794264 0.551744 1 0 0
v 0.00847173 0.794151 0.551744 1 0 0
v 0.00895514 0.794113 0.551744 1 0 0
v 0.00943855 0.794151 0.551744 1 0 0
v 0.00991006 0.794264 0.551744 1 0 0
v 0.0103581 0.79445 0.551744 1 0 0
v 0.0107715 0.794703 0.551744 1 0 0
v 0.0111402 0.795018 0.551744 1 0 0
v 0.0114551 0.795387 0.551744 1 0 0
v 0.0117085 0.7958 0.551744 1 0 0
v 0.0118941 0.796248 0.551744 1 0 0
v 0.0120073 0.79672 0.551744 1 0 0
v 0.0105195 0.797203 0.551378 1 0 0
v 0.0105002 0.797448 0.551378 1 0 0
v 0.0104429 0.797686 0.551378 1 0 0
v 0.010349 0.797913 0.551378 1 0 0
v 0.0102207 0.798123 0.551378 1 0 0
v 0.0100613 0.798309 0.551378 1 0 0
v 0.00987464 0.798469 0.551378 1 0 0
v 0.00966534 0.798597 0.551378 1 0 0
v 0.00943855 0.798691 0.551378 1 0 0
v 0.00919986 0.798748 0.551378 1 0 0
v 0.00895514 0.798767 0.551378 1 0 0
v 0.00871043 0.798748 0.551378 1 0 0
v 0.00847173 0.798691 0.551378 1 0 0
v 0.00824495 0.798597 0.551378 1 0 0
v 0.00803565 0.798469 0.551378 1 0 0
v 0.00784899 0.798309 0.551378 1 0 0
v 0.00768956 0.798123 0.551378 1 0 0
v 0.0075613 0.797913 0.551378 1 0 0
v 0.00746736 0.797686 0.551378 1 0 0
v 0.00741006 0.797448 0.551378 1 0 0
v 0.0073908 0.797203 0.551378 1 0 0
v 0.00741006 0.796958 0.551378 1 0 0
v 0.00746736 0.79672 0.551378 1 0 0
v 0.0075613 0.796493 0.551378 1 0 0
v 0.00768956 0.796284 0.551378 1 0 0
v 0.00784899 0.796097 0.551378 1 0 0
v 0.00803565 0.795937 0.551378 1 0 0
v 0.00824495 0.795809 0.551378 1 0 0
v 0.00847173 0.795715 0.551378 1 0 0
v 0.00871043 0.795658 0.551378 1 0 0
v 0.00895514 0.795639 0.551378 1 0 0
v 0.00919986 0.795658 0.551378 1 0 0
v 0.00943855 0.795715 0.551378 1 0 0
v 0.00966534 0.795809 0.551378 1 0 0
v 0.00987464 0.795937 0.551378 1 0 0
v 0.0100613 0.796097 0.551378 1 0 0
v 0.0102207 0.796284 0.551378 1 0 0
v 0.010349 0.796493 0.551378 1 0 0
v 0.0104429 0.79672 0.551378 1 0 0
v 0.0105002 0.796958 0.551378 1 0 0
f 1 3 4
f 2 724 723
f 1 4 5
f 2 725 724
f 1 5 6
f 2 726 725
f 1 6 7
f 2 727 726
f 1 7 8
f 2 728 727
f 1 8 9
f 2 729 728
f 1 9 10
f 2 730 729
f 1 10 11
f 2 731 730
f 1 11 12
f 2 732 731
f 1 12 13
f 2 733 732
f 1 13 14
f 2 734 733
f 1 14 15
f 2 735 734
f 1 15 16
f 2 736 735
f 1 16 17
f 2 737 736
f 1 17 18
f 2 738 737
f 1 18 19
f 2 739 738
f 1 19 20
f 2 740 739
f 1 20 21
f 2 741 740
f 1 21 22
f 2 742 741
f 1 22 23
f 2 743 742
f 1 23 24
f 2 744 743
f 1 24 25
f 2 745 744
f 1 25 26
f 2 746 745
f 1 26 27
f 2 747 746
f 1 27 28
f 2 748 747
f 1 28 29
f 2 749 748
f 1 29 30
f 2 750 749
f 1 30 31
f 2 751 750
f 1 31 32
f 2 752 751
f 1 32 33
f 2 753 752
f 1 33 34
f 2 754 753
f 1 34 35
f 2 755 754
f 1 35 36
f 2 756 755
f 1 36 37
f 2 757 756
f 1 37 38
f 2 758 757
f 1 38 39
f 2 759 758
f 1 39 40
f 2 760 759
f 1 40 41
f 2 761 760
f 1 41 42
f 2 762 761
f 1 42 3
f 2 723 762
f 43 4 3
f 43 44 4
f 44 5 4
f 44 45 5
f 45 6 5
f 45 46 6
f 46 7 6
f 46 47 7
f 47 8 7
f 47 48 8
f 48 9 8
f 48 49 9
f 49 10 9
f 49 50 10
f 50 11 10
f 50 51 11
f 51 12 11
f 51 52 12
f 52 13 12
f 52 53 13
f 53 14 13
f 53 54 14
f 54 15 14
f 54 55 15
f 55 16 15
f 55 56 16
f 56 17 16
f 56 57 17
f 57 18 17
f 57 58 18
f 58 19 18
f 58 59 19
f 59 20 19
f 59 60 20
f 60 21 20
f 60 61 21
f 61 22 21
f 61 62 22
f 62 23 22
f 62 63 23
f 63 24 23
f 63 64 24
f 64 25 24
f 64 65 25
f 65 26 25
f 65 66 26
f 66 27 26
f 66 67 27
f 67 28 27
f 67 68 28
f 68 29 28
f 68 69 29
f 69 30 29
f 69 70 30
f 70 31 30
f 70 71 31
f 71 32 31
f 71 72 32
f 72 33 32
f 72 73 33
f 73 34 33
f 73 74 34
f 74 35 34
f 74 75 35
f 75 36 35
f 75 76 36
f 76 37 36
f 76 77 37
f 77 38 37
f 77 78 38
f 78 39 38
f 78 79 39
f 79 40 39
f 79 80 40
f 80 41 40
f 80 81 41
f 81 42 41
f 81 82 42
f 82 3 42
f 82 43 3
f 83 44 43
f 83 84 44
f 84 45 44
f 84 85 45
f 85 46 45
f 85 86 46
f 86 47 46
f 86 87 47
f 87 48 47
f 87 88 48
f 88 49 48
f 88 89 49
f 89 50 49
f 89 90 50
f 90 51 50
f 90 91 51
f 91 52 51
f 91 92 52
f 92 53 52
f 92 93 53
f 93 54 53
f 93 94 54
f 94 55 54
f 94 95 55
f 95 56 55
f 95 96 56
f 96 57 56
f 96 97 57
f 97 58 57
f 97 98 58
f 98 59 58
f 98 99 59
f 99 60 59
f 99 100 60
f 100 61 60
f 100 101 61
f 101 62 61
f 101 102 62
f 102 63 62
f 102 103 63
f 103 64 63
f 103 104 64
f 104 65 64
f 104 105 65
f 105 66 65
f 105 106 66
f 106 67 66
f 106 107 67
f 107 68 67
f 107 108 68
f 108 69 68
f 108 109 69
f 109 70 69
f 109 110 70
f 110 71 70
f 110 111 71
f 111 72 71
f 111 112 72
f 112 73 72
f 112 113 73
f 113 74 73
f 113 114 74
f 114 75 74
f 114 115 75
f 115 76 75
f 115 116 76
f 116 77 76
f 116 117 77
f 117 78 77
f 117 118 78
f 118 79 78
f 118 119 79
f 119 80 79
f 119 120 80
f 120 81 80
f 120 121 81
f 121 82 81
f 121 122 82
f 122 43 82
f 122 83 43
f 123 84 83
f 123 124 84
f 124 85 84
f 124 125 85
f 125 86 85
f 125 126 86
f 126 87 86
f 126 127 87
f 127 88 87
f 127 128 88
f 128 89 88
f 128 129 89
f 129 90 89
f 129 130 90
f 130 91 90
f 130 131 91
f 131 92 91
f 131 132 92
f 132 93 92
f 132 133 93
f 133 94 93
f 133 134 94
f 134 95 94
f 134 135 95
f 135 96 95
f 135 136 96
f 136 97 96
f 136 137 97
f 137 98 97
f 137 138 98
f 138 99 98
f 138 139 99
f 139 100 99
f 139 140 100
f 140 101 100
f 140 141 101
f 141 102 101
f 141 142 102
f 142 103 102
f 142 143 103
f 143 104 103
f 143 144 104
f 144 105 104
f 144 145 105
f 145 106 105
f 145 146 106
f 146 107 106
f 146 147 107
f 147 108 107
f 147 148 108
f 148 109 108
f 148 149 109
f 149 110 109
f 149 150 110
f 150 111 110
f 150 151 111
f 151 112 111
f 151 152 112
f 152 113 112
f 152 153 113
f 153 114 113
f 153 154 114
f 154 115 114
f 154 155 115
f 155 116 115
f 155 156 116
f 156 117 116
f 156 157 117
f 157 118 117
f 157 158 118
f 158 119 118
f 158 159 119
f 159 120 119
f 159 160 120
f 160 121 120
f 160 161 121
f 161 122 121
f 161 162 122
f 162 83 122
f 162 123 83
f 163 124 123
f 163 164 124
f 164 125 124
f 164 165 125
f 165 126 125
f 165 166 126
f 166 127 126
f 166 167 127
f 167 128 127
f 167 168 128
f 168 129 128
f 168 169 129
f 169 130 129
f 169 170 130
f 170 131 130
f 170 171 131
f 171 132 131
f 171 172 132
f 172 133 132
f 172 173 133
f 173 134 133
f 173 174 134
f 174 135 134
f 174 175 135
f 175 136 135
f 175 176 136
f 176 137 136
f 176 177 137
f 177 138 137
f 177 178 138
f 178 139 138
f 178 179 139
f 179 140 139
f 179 180 140
f 180 141 140
f 180 181 141
f 181 142 141
f 181 182 142
f 182 143 142
f 182 183 143
f 183 144 143
f 183 184 144
f 184 145 144
f 184 185 145
f 185 146 145
f 185 186 146
f 186 147 146
f 186 187 147
f 187 148 147
f 187 188 148
f 188 149 148
f 188 189 149
f 189 150 149
f 189 190 150
f 190 151 150
f 190 191 151
f 191 152 151
f 191 192 152
f 192 153 152
f 192 193 153
f 193 154 153
f 193 194 154
f 194 155 154
f 194 195 155
f 195 156 155
f 195 196 156
f 196 157 156
f 196 197 157
f 197 158 157
f 197 198 158
f 198 159 158
f 198 199 159
f 199 160 159
f 199 200 160
f 200 161 160
f 200 201 161
f 201 162 161
f 201 202 162
f 202 123 162
f 202 163 123
f 203 164 163
f 203 204 164
f 204 165 164
f 204 205 165
f 205 166 165
f 205 206 166
f 206 167 166
f 206 207 167
f 207 168 167
f 207 208 168
f 208 169 168
f 208 209 169
f 209 170 169
f 209 210 170
f 210 171 170
f 210 211 171
f 211 172 171
f 211 212 172
f 212 173 172
f 212 213 173
f 213 174 173
f 213 214 174
f 214 175 174
f 214 215 175
f 215 176 175
f 215 216 176
f 216 177 176
f 216 217 177
f 217 178 177
f 217 218 178
f 218 179 178
f 218 219 179
f 219 180 179
f 219 220 180
f 220 181 180
f 220 221 181
f 221 182 181
f 221 222 182
f 222 183 182
f 222 223 183
f 223 184 183
f 223 224 184
f 224 185 184
f 224 225 185
f 225 186 185
f 225 226 186
f 226 187 186
f 226 227 187
f 227 188 187
f 227 228 188
f 228 189 188
f 228 229 189
f 229 190 189
f 229 230 190
f 230 191 190
f 230 231 191
f 231 192 191
f 231 232 192
f 232 193 192
f 232 233 193
f 233 194 193
f 233 234 194
f 234 195 194
f 234 235 195
f 235 196 195
f 235 236 196
f 236 197 196
f 236 237 197
f 237 198 197
f 237 238 198
f 238 199 198
f 238 239 199
f 239 200 199
f 239 240 200
f 240 201 200
f 240 241 201
f 241 202 201
f 241 242 202
f 242 163 202
f 242 203 163
f 243 204 203
f 243 244 204
f 244 205 204
f 244 245 205
f 245 206 205
f 245 246 206
f 246 207 206
f 246 247 207
f 247 208 207
f 247 248 208
f 248 209 208
f 248 249 209
f 249 210 209
f 249 250 210
f 250 211 210
f 250 251 211
f 251 212 211
f 251 252 212
f 252 213 212
f 252 253 213
f 253 214 213
f 253 254 214
f 254 215 214
f 254 255 215
f 255 216 215
f 255 256 216
f 256 217 216
f 256 257 217
f 257 218 217
f 257 258 218
f 258 219 218
f 258 259 219
f 259 220 219
f 259 260 220
f 260 221 220
f 260 261 221
f 261 222 221
f 261 262 222
f 262 223 222
f 262 263 223
f 263 224 223
f 263 264 224
f 264 225 224
f 264 265 225
f 265 226 225
f 265 266 226
f 266 227 226
f 266 267 227
f 267 228 227
f 267 268 228
f 268 229 228
f 268 269 229
f 269 230 229
f 269 270 230
f 270 231 230
f 270 271 231
f 271 232 231
f 271 272 232
f 272 233 232
f 272 273 233
f 273 234 233
f 273 274 234
f 274 235 234
f 274 275 235
f 275 236 235
f 275 276 236
f 276 237 236
f 276 277 237
f 277 238 237
f 277 278 238
f 278 239 238
f 278 279 239
f 279 240 239
f 279 280 240
f 280 241 240
f 280 281 241
f 281 242 241
f 281 282 242
f 282 203 242
f 282 243 203
f 283 244 243
f 283 284 244
f 284 245 244
f 284 285 245
f 285 246 245
f 285 286 246
f 286 247 246
f 286 287 247
f 287 248 247
f 287 288 248
f 288 249 248
f 288 289 249
f 289 250 249
f 289 290 250
f 290 251 250
f 290 291 251
f 291 252 251
f 291 292 252
f 292 253 252
f 292 293 253
f 293 254 253
f 293 294 254
f 294 255 254
f 294 295 255
f 295 256 255
f 295 296 256
f 296 257 256
f 296 297 257
f 297 258 257
f 297 298 258
f 298 259 258
f 298 299 259
f 299 260 259
f 299 300 260
f 300 261 260
f 300 301 261
f 301 262 261
f 301 302 262
f 302 263 262
f 302 303 263
f 303 264 263
f 303 304 264
f 304 265 264
f 304 305 265
f 305 266 265
f 305 306 266
f 306 267 266
f 306 307 267
f 307 268 267
f 307 308 268
f 308 269 268
f 308 309 269
f 309 270 269
f 309 310 270
f 310 271 270
f 310 311 271
f 311 272 271
f 311 312 272
f 312 273 272
f 312 313 273
f 313 274 273
f 313 314 274
f 314 275 274
f 314 315 275
f 315 276 275
f 315 316 276
f 316 277 276
f 316 317 277
f 317 278 277
f 317 318 278
f 318 279 278
f 318 319 279
f 319 280 279
f 319 320 280
f 320 281 280
f 320 321 281
f 321 282 281
f 321 322 282
f 322 243 282
f 322 283 243
f 323 284 283
f 323 324 284
f 324 285 284
f 324 325 285
f 325 286 285
f 325 326 286
f 326 287 286
f 326 327 287
f 327 288 287
f 327 328 288
f 328 289 288
f 328 329 289
f 329 290 289
f 329 330 290
f 330 291 290
f 330 331 291
f 331 292 291
f 331 332 292
f 332 293 292
f 332 333 293
f 333 294 293
f 333 334 294
f 334 295 294
f 334 335 295
f 335 296 295
f 335 336 296
f 336 297 296
f 336 337 297
f 337 298 297
f 337 338 298
f 338 299 298
f 338 339 299
f 339 300 299
f 339 340 300
f 340 301 300
f 340 341 301
f 341 302 301
f 341 342 302
f 342 303 302
f 342 343 303
f 343 304 303
f 343 344 304
f 344 305 304
f 344 345 305
f 345 306 305
f 345 346 306
f 346 307 306
f 346 347 307
f 347 308 307
f 347 348 308
f 348 309 308
f 348 349 309
f 349 310 309
f 349 350 310
f 350 311 310
f 350 351 311
f 351 312 311
f 351 352 312
f 352 313 312
f 352 353 313
f 353 314 313
f 353 354 314
f 354 315 314
f 354 355 315
f 355 316 315
f 355 356 316
f 356 317 316
f 356 357 317
f 357 318 317
f 357 358 318
f 358 319 318
f 358 359 319
f 359 320 319
f 359 360 320
f 360 321 320
f 360 361 321
f 361 322 321
f 361 362 322
f 362 283 322
f 362 323 283
f 363 324 323
f 363 364 324
f 364 325 324
f 364 365 325
f 365 326 325
f 365 366 326
f 366 327 326
f 366 367 327
f 367 328 327
f 367 368 328
f 368 329 328
f 368 369 329
f 369 330 329
f 369 370 330
f 370 331 330
f 370 371 331
f 371 332 331
f 371 372 332
f 372 333 332
f 372 373 333
f 373 334 333
f 373 374 334
f 374 335 334
f 374 375 335
f 375 336 335
f 375 376 336
f 376 337 336
f 376 377 337
f 377 338 337
f 377 378 338
f 378 339 338
f 378 379 339
f 379 340 339
f 379 380 340
f 380 341 340
f 380 381 341
f 381 342 341
f 381 382 342
f 382 343 342
f 382 383 343
f 383 344 343
f 383 384 344
f 384 345 344
f 384 385 345
f 385 346 345
f 385 386 346
f 386 347 346
f 386 387 347
f 387 348 347
f 387 388 348
f 388 349 348
f 388 389 349
f 389 350 349
f 389 390 350
f 390 351 350
f 390 391 351
f 391 352 351
f 391 392 352
f 392 353 352
f 392 393 353
f 393 354 353
f 393 394 354
f 394 355 354
f 394 395 355
f 395 356 355
f 395 396 356
f 396 357 356
f 396 397 357
f 397 358 357
f 397 398 358
f 398 359 358
f 398 399 359
f 399 360 359
f 399 400 360
f 400 361 360
f 400 401 361
f 401 362 361
f 401 402 362
f 402 323 362
f 402 363 323
f 403 364 363
f 403 404 364
f 404 365 364
f 404 405 365
f 405 366 365
f 405 406 366
f 406 367 366
f 406 407 367
f 407 368 367
f 407 408 368
f 408 369 368
f 408 409 369
f 409 370 369
f 409 410 370
f 410 371 370
f 410 411 371
f 411 372 371
f 411 412 372
f 412 373 372
f 412 413 373
f 413 374 373
f 413 414 374
f 414 375 374
f 414 415 375
f 415 376 375
f 415 416 376
f 416 377 376
f 416 417 377
f 417 378 377
f 417 418 378
f 418 379 378
f 418 419 379
f 419 380 379
f 419 420 380
f 420 381 380
f 420 421 381
f 421 382 381
f 421 422 382
f 422 383 382
f 422 423 383
f 423 384 383
f 423 424 384
f 424 385 384
f 424 425 385
f 425 386 385
f 425 426 386
f 426 387 386
f 426 427 387
f 427 388 387
f 427 428 388
f 428 389 388
f 428 429 389
f 429 390 389
f 429 430 390
f 430 391 390
f 430 431 391
f 431 392 391
f 431 432 392
f 432 393 392
f 432 433 393
f 433 394 393
f 433 434 394
f 434 395 394
f 434 435 395
f 435 396 395
f 435 436 396
f 436 397 396
f 436 437 397
f 437 398 397
f 437 438 398
f 438 399 398
f 438 439 399
f 439 400 399
f 439 440 400
f 440 401 400
f 440 441 401
f 441 402 401
f 441 442 402
f 442 363 402
f 442 403 363
f 443 404 403
f 443 444 404
f 444 405 404
f 444 445 405
f 445 406 405
f 445 446 406
f 446 407 406
f 446 447 407
f 447 408 407
f 447 448 408
f 448 409 408
f 448 449 409
f 449 410 409
f 449 450 410
f 450 411 410
f 450 451 411
f 451 412 411
f 451 452 412
f 452 413 412
f 452 453 413
f 453 414 413
f 453 454 414
f 454 415 414
f 454 455 415
f 455 416 415
f 455 456 416
f 456 417 416
f 456 457 417
f 457 418 417
f 457 458 418
f 458 419 418
f 458 459 419
f 459 420 419
f 459 460 420
f 460 421 420
f 460 461 421
f 461 422 421
f 461 462 422
f 462 423 422
f 462 463 423
f 463 424 423
f 463 464 424
f 464 425 424
f 464 465 425
f 465 426 425
f 465 466 426
f 466 427 426
f 466 467 427
f 467 428 427
f 467 468 428
f 468 429 428
f 468 469 429
f 469 430 429
f 469 470 430
f 470 431 430
f 470 471 431
f 471 432 431
f 471 472 432
f 472 433 432
f 472 473 433
f 473 434 433
f 473 474 434
f 474 435 434
f 474 475 435
f 475 436 435
f 475 476 436
f 476 437 436
f 476 477 437
f 477 438 437
f 477 478 438
f 478 439 438
f 478 479 439
f 479 440 439
f 479 480 440
f 480 441 440
f 480 481 441
f 481 442 441
f 481 482 442
f 482 403 442
f 482 443 403
f 483 444 443
f 483 484 444
f 484 445 444
f 484 485 445
f 485 446 445
f 485 486 446
f 486 447 446
f 486 487 447
f 487 448 447
f 487 488 448
f 488 449 448
f 488 489 449
f 489 450 449
f 489 490 450
f 490 451 450
f 490 491 451
f 491 452 451
f 491 492 452
f 492 453 452
f 492 493 453
f 493 454 453
f 493 494 454
f 494 455 454
f 494 495 455
f 495 456 455
f 495 496 456
f 496 457 456
f 496 497 457
f 497 458 457
f 497 498 458
f 498 459 458
f 498 499 459
f 499 460 459
f 499 500 460
f 500 461 460
f 500 501 461
f 501 462 461
f 501 502 462
f 502 463 462
f 502 503 463
f 503 464 463
f 503 504 464
f 504 465 464
f 504 505 465
f 505 466 465
f 505 506 466
f 506 467 466
f 506 507 467
f 507 468 467
f 507 508 468
f 508 469 468
f 508 509 469
f 509 470 469
f 509 510 470
f 510 471 470
f 510 511 471
f 511 472 471
f 511 512 472
f 512 473 472
f 512 513 473
f 513 474 473
f 513 514 474
f 514 475 474
f 514 515 475
f 515 476 475
f 515 516 476
f 516 477 476
f 516 517 477
f 517 478 477
f 517 518 478
f 518 479 478
f 518 519 479
f 519 480 479
f 519 520 480
f 520 481 480
f 520 521 481
f 521 482 481
f 521 522 482
f 522 443 482
f 522 483 443
f 523 484 483
f 523 524 484
f 524 485 484
f 524 525 485
f 525 486 485
f 525 526 486
f 526 487 486
f 526 527 487
f 527 488 487
f 527 528 488
f 528 489 488
f 528 529 489
f 529 490 489
f 529 530 490
f 530 491 490
f 530 531 491
f 531 492 491
f 531 532 492
f 532 493 492
f 532 533 493
f 533 494 493
f 533 534 494
f 534 495 494
f 534 535 495
f 535 496 495
f 535 536 496
f 536 497 496
f 536 537 497
f 537 498 497
f 537 538 498
f 538 499 498
f 538 539 499
f 539 500 499
f 539 540 500
f 540 501 500
f 540 541 501
f 541 502 501
f 541 542 502
f 542 503 502
f 542 543 503
f 543 504 503
f 543 544 504
f 544 505 504
f 544 545 505
f 545 506 505
f 545 546 506
f 546 507 506
f 546 547 507
f 547 508 507
f 547 548 508
f 548 509 508
f 548 549 509
f 549 510 509
f 549 550 510
f 550 511 510
f 550 551 511
f 551 512 511
f 551 552 512
f 552 513 512
f 552 553 513
f 553 514 513
f 553 554 514
f 554 515 514
f 554 555 515
f 555 516 515
f 555 556 516
f 556 517 516
f 556 557 517
f 557 518 517
f 557 558 518
f 558 519 518
f 558 559 519
f 559 520 519
f 559 560 520
f 560 521 520
f 560 561 521
f 561 522 521
f 561 562 522
f 562 483 522
f 562 523 483
f 563 524 523
f 563 564 524
f 564 525 524
f 564 565 525
f 565 526 525
f 565 566 526
f 566 527 526
f 566 567 527
f 567 528 527
f 567 568 528
f 568 529 528
f 568 569 529
f 569 530 529
f 569 570 530
f 570 531 530
f 570 571 531
f 571 532 531
f 571 572 532
f 572 533 532
f 572 573 533
f 573 534 533
f 573 574 534
f 574 535 534
f 574 575 535
f 575 536 535
f 575 576 536
f 576 537 536
f 576 577 537
f 577 538 537
f 577 578 538
f 578 539 538
f 578 579 539
f 579 540 539
f 579 580 540
f 580 541 540
f 580 581 541
f 581 542 541
f 581 582 542
f 582 543 542
f 582 583 543
f 583 544 543
f 583 584 544
f 584 545 544
f 584 585 545
f 585 546 545
f 585 586 546
f 586 547 546
f 586 587 547
f 587 548 547
f 587 588 548
f 588 549 548
f 588 589 549
f 589 550 549
f 589 590 550
f 590 551 550
f 590 591 551
f 591 552 551
f 591 592 552
f 592 553 552
f 592 593 553
f 593 554 553
f 593 594 554
f 594 555 554
f 594 595 555
f 595 556 555
f 595 596 556
f 596 557 556
f 596 597 557
f 597 558 557
f 597 598 558
f 598 559 558
f 598 599 559
f 599 560 559
f 599 600 560
f 600 561 560
f 600 601 561
f 601 562 561
f 601 602 562
f 602 523 562
f 602 563 523
f 603 564 563
f 603 604 564
f 604 565 564
f 604 605 565
f 605 566 565
f 605 606 566
f 606 567 566
f 606 607 567
f 607 568 567
f 607 608 568
f 608 569 568
f 608 609 569
f 609 570 569
f 609 610 570
f 610 571 570
f 610 611 571
f 611 572 571
f 611 612 572
f 612 573 572
f 612 613 573
f 613 574 573
f 613 614 574
f 614 575 574
f 614 615 575
f 615 576 575
f 615 616 576
f 616 577 576
f 616 617 577
f 617 578 577
f 617 618 578
f 618 579 578
f 618 619 579
f 619 580 579
f 619 620 580
f 620 581 580
f 620 621 581
f 621 582 581
f 621 622 582
f 622 583 582
f 622 623 583
f 623 584 583
f 623 624 584
f 624 585 584
f 624 625 585
f 625 586 585
f 625 626 586
f 626 587 586
f 626 627 587
f 627 588 587
f 627 628 588
f 628 589 588
f 628 629 589
f 629 590 589
f 629 630 590
f 630 591 590
f 630 631 591
f 631 592 591
f 631 632 592
f 632 593 592
f 632 633 593
f 633 594 593
f 633 634 594
f 634 595 594
f 634 635 595
f 635 596 595
f 635 636 596
f 636 597 596
f 636 637 597
f 637 598 597
f 637 638 598
f 638 599 598
f 638 639 599
f 639 600 599
f 639 640 600
f 640 601 600
f 640 641 601
f 641 602 601
f 641 642 602
f 642 563 602
f 642 603 563
f 643 604 603
f 643 644 604
f 644 605 604
f 644 645 605
f 645 606 605
f 645 646 606
f 646 607 606
f 646 647 607
f 647 608 607
f 647 648 608
f 648 609 608
f 648 649 609
f 649 610 609
f 649 650 610
f 650 611 610
f 650 651 611
f 651 612 611
f 651 652 612
f 652 613 612
f 652 653 613
f 653 614 613
f 653 654 614
f 654 615 614
f 654 655 615
f 655 616 615
f 655 656 616
f 656 617 616
f 656 657 617
f 657 618 617
f 657 658 618
f 658 619 618
f 658 659 619
f 659 620 619
f 659 660 620
f 660 621 620
f 660 661 621
f 661 622 621
f 661 662 622
f 662 623 622
f 662 663 623
f 663 624 623
f 663 664 624
f 664 625 624
f 664 665 625
f 665 626 625
f 665 666 626
f 666 627 626
f 666 667 627
f 667 628 627
f 667 668 628
f 668 629 628
f 668 669 629
f 669 630 629
f 669 670 630
f 670 631 630
f 670 671 631
f 671 632 631
f 671 672 632
f 672 633 632
f 672 673 633
f 673 634 633
f 673 674 634
f 674 635 634
f 674 675 635
f 675 636 635
f 675 676 636
f 676 637 636
f 676 677 637
f 677 638 637
f 677 678 638
f 678 639 638
f 678 679 639
f 679 640 639
f 679 680 640
f 680 641 640
f 680 681 641
f 681 642 641
f 681 682 642
f 682 603 642
f 682 643 603
f 683 644 643
f 683 684 644
f 684 645 644
f 684 685 645
f 685 646 645
f 685 686 646
f 686 647 646
f 686 687 647
f 687 648 647
f 687 688 648
f 688 649 648
f 688 689 649
f 689 650 649
f 689 690 650
f 690 651 650
f 690 691 651
f 691 652 651
f 691 692 652
f 692 653 652
f 692 693 653
f 693 654 653
f 693 694 654
f 694 655 654
f 694 695 655
f 695 656 655
f 695 696 656
f 696 657 656
f 696 697 657
f 697 658 657
f 697 698 658
f 698 659 658
f 698 699 659
f 699 660 659
f 699 700 660
f 700 661 660
f 700 701 661
f 701 662 661
f 701 702 662
f 702 663 662
f 702 703 663
f 703 664 663
f 703 704 664
f 704 665 664
f 704 705 665
f 705 666 665
f 705 706 666
f 706 667 666
f 706 707 667
f 707 668 667
f 707 708 668
f 708 669 668
f 708 709 669
f 709 670 669
f 709 710 670
f 710 671 670
f 710 711 671
f 711 672 671
f 711 712 672
f 712 673 672
f 712 713 673
f 713 674 673
f 713 714 674
f 714 675 674
f 714 715 675
f 715 676 675
f 715 716 676
f 716 677 676
f 716 717 677
f 717 678 677
f 717 718 678
f 718 679 678
f 718 719 679
f 719 680 679
f 719 720 680
f 720 681 680
f 720 721 681
f 721 682 681
f 721 722 682
f 722 643 682
f 722 683 643
f 723 684 683
f 723 724 684
f 724 685 684
f 724 725 685
f 725 686 685
f 725 726 686
f 726 687 686
f 726 727 687
f 727 688 687
f 727 728 688
f 728 689 688
f 728 729 689
f 729 690 689
f 729 730 690
f 730 691 690
f 730 731 691
f 731 692 691
f 731 732 692
f 732 693 692
f 732 733 693
f 733 694 693
f 733 734 694
f 734 695 694
f 734 735 695
f 735 696 695
f 735 736 696
f 736 697 696
f 736 737 697
f 737 698 697
f 737 738 698
f 738 699 698
f 738 739 699
f 739 700 699
f 739 740 700
f 740 701 700
f 740 741 701
f 741 702 701
f 741 742 702
f 742 703 702
f 742 743 703
f 743 704 703
f 743 744 704
f 744 705 704
f 744 745 705
f 745 706 705
f 745 746 706
f 746 707 706
f 746 747 707
f 747 708 707
f 747 748 708
f 748 709 708
f 748 749 709
f 749 710 709
f 749 750 710
f 750 711 710
f 750 751 711
f 751 712 711
f 751 752 712
f 752 713 712
f 752 753 713
f 753 714 713
f 753 754 714
f 754 715 714
f 754 755 715
f 755 716 715
f 755 756 716
f 756 717 716
f 756 757 717
f 757 718 717
f 757 758 718
f 758 719 718
f 758 759 719
f 759 720 719
f 759 760 720
f 760 721 720
f 760 761 721
f 761 722 721
f 761 762 722
f 762 683 722
f 762 723 683
f 763 765 766
f 764 1486 1485
f 763 766 767
f 764 1487 1486
f 763 767 768
f 764 1488 1487
f 763 768 769
f 764 1489 1488
f 763 769 770
f 764 1490 1489
f 763 770 771
f 764 1491 1490
f 763 771 772
f 764 1492 1491
f 763 772 773
f 764 1493 1492
f 763 773 774
f 764 1494 1493
f 763 774 775
f 764 1495 1494
f 763 775 776
f 764 1496 1495
f 763 776 777
f 764 1497 1496
f 763 777 778
f 764 1498 1497
f 763 778 779
f 764 1499 1498
f 763 779 780
f 764 1500 1499
f 763 780 781
f 764 1501 1500
f 763 781 782
f 764 1502 1501
f 763 782 783
f 764 1503 1502
f 763 783 784
f 764 1504 1503
f 763 784 785
f 764 1505 1504
f 763 785 786
f 764 1506 1505
f 763 786 787
f 764 1507 1506
f 763 787 788
f 764 1508 1507
f 763 788 789
f 764 1509 1508
f 763 789 790
f 764 1510 1509
f 763 790 791
f 764 1511 1510
f 763 791 792
f 764 1512 1511
f 763 792 793
f 764 1513 1512
f 763 793 794
f 764 1514 1513
f 763 794 795
f 764 1515 1514
f 763 795 796
f 764 1516 1515
f 763 796 797
f 764 1517 1516
f 763 797 798
f 764 1518 1517
f 763 798 799
f 764 1519 1518
f 763 799 800
f 764 1520 1519
f 763 800 801
f 764 1521 1520
f 763 801 802
f 764 1522 1521
f 763 802 803
f 764 1523 1522
f 763 803 804
f 764 1524 1523
f 763 804 765
f 764 1485 1524
f 805 766 765
f 805 806 766
f 806 767 766
f 806 807 767
f 807 768 767
f 807 808 768
f 808 769 768
f 808 809 769
f 809 770 769
f 809 810 770
f 810 771 770
f 810 811 771
f 811 772 771
f 811 812 772
f 812 773 772
f 812 813 773
f 813 774 773
f 813 814 774
f 814 775 774
f 814 815 775
f 815 776 775
f 815 816 776
f 816 777 776
f 816 817 777
f 817 778 777
f 817 818 778
f 818 779 778
f 818 819 779
f 819 780 779
f 819 820 780
f 820 781 780
f 820 821 781
f 821 782 781
f 821 822 782
f 822 783 782
f 822 823 783
f 823 784 783
f 823 824 784
f 824 785 784
f 824 825 785
f 825 786 785
f 825 826 786
f 826 787 786
f 826 827 787
f 827 788 787
f 827 828 788
f 828 789 788
f 828 829 789
f 829 790 789
f 829 830 790
f 830 791 790
f 830 831 791
f 831 792 791
f 831 832 792
f 832 793 792
f 832 833 793
f 833 794 793
f 833 834 794
f 834 795 794
f 834 835 795
f 835 796 795
f 835 836 796
f 836 797 796
f 836 837 797
f 837 798 797
f 837 838 798
f 838 799 798
f 838 839 799
f 839 800 799
f 839 840 800
f 840 801 800
f 840 841 801
f 841 802 801
f 841 842 802
f 842 803 802
f 842 843 803
f 843 804 803
f 843 844 804
f 844 765 804
f 844 805 765
f 845 806 805
f 845 846 806
f 846 807 806
f 846 847 807
f 847 808 807
f 847 848 808
f 848 809 808
f 848 849 809
f 849 810 809
f 849 850 810
f 850 811 810
f 850 851 811
f 851 812 811
f 851 852 812
f 852 813 812
f 852 853 813
f 853 814 813
f 853 854 814
f 854 815 814
f 854 855 815
f 855 816 815
f 855 856 816
f 856 817 816
f 856 857 817
f 857 818 817
f 857 858 818
f 858 819 818
f 858 859 819
f 859 820 819
f 859 860 820
f 860 821 820
f 860 861 821
f 861 822 821
f 861 862 822
f 862 823 822
f 862 863 823
f 863 824 823
f 863 864 824
f 864 825 824
f 864 865 825
f 865 826 825
f 865 866 826
f 866 827 826
f 866 867 827
f 867 828 827
f 867 868 828
f 868 829 828
f 868 869 829
f 869 830 829
f 869 870 830
f 870 831 830
f 870 871 831
f 871 832 831
f 871 872 832
f 872 833 832
f 872 873 833
f 873 834 833
f 873 874 834
f 874 835 834
f 874 875 835
f 875 836 835
f 875 876 836
f 876 837 836
f 876 877 837
f 877 838 837
f 877 878 838
f 878 839 838
f 878 879 839
f 879 840 839
f 879 880 840
f 880 841 840
f 880 881 841
f 881 842 841
f 881 882 842
f 882 843 842
f 882 883 843
f 883 844 843
f 883 884 844
f 884 805 844
f 884 845 805
f 885 846 845
f 885 886 846
f 886 847 846
f 886 887 847
f 887 848 847
f 887 888 848
f 888 849 848
f 888 889 849
f 889 850 849
f 889 890 850
f 890 851 850
f 890 891 851
f 891 852 851
f 891 892 852
f 892 853 852
f 892 893 853
f 893 854 853
f 893 894 854
f 894 855 854
f 894 895 855
f 895 856 855
f 895 896 856
f 896 857 856
f 896 897 857
f 897 858 857
f 897 898 858
f 898 859 858
f 898 899 859
f 899 860 859
f 899 900 860
f 900 861 860
f 900 901 861
f 901 862 861
f 901 902 862
f 902 863 862
f 902 903 863
f 903 864 863
f 903 904 864
f 904 865 864
f 904 905 865
f 905 866 865
f 905 906 866
f 906 867 866
f 906 907 867
f 907 868 867
f 907 908 868
f 908 869 868
f 908 909 869
f 909 870 869
f 909 910 870
f 910 871 870
f 910 911 871
f 911 872 871
f 911 912 872
f 912 873 872
f 912 913 873
f 913 874 873
f 913 914 874
f 914 875 874
f 914 915 875
f 915 876 875
f 915 916 876
f 916 877 876
f 916 917 877
f 917 878 877
f 917 918 878
f 918 879 878
f 918 919 879
f 919 880 879
f 919 920 880
f 920 881 880
f 920 921 881
f 921 882 881
f 921 922 882
f 922 883 882
f 922 923 883
f 923 884 883
f 923 924 884
f 924 845 884
f 924 885 845
f 925 886 885
f 925 926 886
f 926 887 886
f 926 927 887
f 927 888 887
f 927 928 888
f 928 889 888
f 928 929 889
f 929 890 889
f 929 930 890
f 930 891 890
f 930 931 891
f 931 892 891
f 931 932 892
f 932 893 892
f 932 933 893
f 933 894 893
f 933 934 894
f 934 895 894
f 934 935 895
f 935 896 895
f 935 936 896
f 936 897 896
f 936 937 897
f 937 898 897
f 937 938 898
f 938 899 898
f 938 939 899
f 939 900 899
f 939 940 900
f 940 901 900
f 940 941 901
f 941 902 901
f 941 942 902
f 942 903 902
f 942 943 903
f 943 904 903
f 943 944 904
f 944 905 904
f 944 945 905
f 945 906 905
f 945 946 906
f 946 907 906
f 946 947 907
f 947 908 907
f 947 948 908
f 948 909 908
f 948 949 909
f 949 910 909
f 949 950 910
f 950 911 910
f 950 951 911
f 951 912 911
f 951 952 912
f 952 913 912
f 952 953 913
f 953 914 913
f 953 954 914
f 954 915 914
f 954 955 915
f 955 916 915
f 955 956 916
f 956 917 916
f 956 957 917
f 957 918 917
f 957 958 918
f 958 919 918
f 958 959 919
f 959 920 919
f 959 960 920
f 960 921 920
f 960 961 921
f 961 922 921
f 961 962 922
f 962 923 922
f 962 963 923
f 963 924 923
f 963 964 924
f 964 885 924
f 964 925 885
f 965 926 925
f 965 966 926
f 966 927 926
f 966 967 927
f 967 928 927
f 967 968 928
f 968 929 928
f 968 969 929
f 969 930 929
f 969 970 930
f 970 931 930
f 970 971 931
f 971 932 931
f 971 972 932
f 972 933 932
f 972 973 933
f 973 934 933
f 973 974 934
f 974 935 934
f 974 975 935
f 975 936 935
f 975 976 936
f 976 937 936
f 976 977 937
f 977 938 937
f 977 978 938
f 978 939 938
f 978 979 939
f 979 940 939
f 979 980 940
f 980 941 940
f 980 981 941
f 981 942 941
f 981 982 942
f 982 943 942
f 982 983 943
f 983 944 943
f 983 984 944
f 984 945 944
f 984 985 945
f 985 946 945
f 985 986 946
f 986 947 946
f 986 987 947
f 987 948 947
f 987 988 948
f 988 949 948
f 988 989 949
f 989 950 949
f 989 990 950
f 990 951 950
f 990 991 951
f 991 952 951
f 991 992 952
f 992 953 952
f 992 993 953
f 993 954 953
f 993 994 954
f 994 955 954
f 994 995 955
f 995 956 955
f 995 996 956
f 996 957 956
f 996 997 957
f 997 958 957
f 997 998 958
f 998 959 958
f 998 999 959
f 999 960 959
f 999 1000 960
f 1000 961 960
f 1000 1001 961
f 1001 962 961
f 1001 1002 962
f 1002 963 962
f 1002 1003 963
f 1003 964 963
f 1003 1004 964
f 1004 925 964
f 1004 965 925
f 1005 966 965
f 1005 1006 966
f 1006 967 966
f 1006 1007 967
f 1007 968 967
f 1007 1008 968
f 1008 969 968
f 1008 1009 969
f 1009 970 969
f 1009 1010 970
f 1010 971 970
f 1010 1011 971
f 1011 972 971
f 1011 1012 972
f 1012 973 972
f 1012 1013 973
f 1013 974 973
f 1013 1014 974
f 1014 975 974
f 1014 1015 975
f 1015 976 975
f 1015 1016 976
f 1016 977 976
f 1016 1017 977
f 1017 978 977
f 1017 1018 978
f 1018 979 978
f 1018 1019 979
f 1019 980 979
f 1019 1020 980
f 1020 981 980
f 1020 1021 981
f 1021 982 981
f 1021 1022 982
f 1022 983 982
f 1022 1023 983
f 1023 984 983
f 1023 1024 984
f 1024 985 984
f 1024 1025 985
f 1025 986 985
f 1025 1026 986
f 1026 987 986
f 1026 1027 987
f 1027 988 987
f 1027 1028 988
f 1028 989 988
f 1028 1029 989
f 1029 990 989
f 1029 1030 990
f 1030 991 990
f 1030 1031 991
f 1031 992 991
f 1031 1032 992
f 1032 993 992
f 1032 1033 993
f 1033 994 993
f 1033 1034 994
f 1034 995 994
f 1034 1035 995
f 1035 996 995
f 1035 1036 996
f 1036 997 996
f 1036 1037 997
f 1037 998 997
f 1037 1038 998
f 1038 999 998
f 1038 1039 999
f 1039 1000 999
f 1039 1040 1000
f 1040 1001 1000
f 1040 1041 1001
f 1041 1002 1001
f 1041 1042 1002
f 1042 1003 1002
f 1042 1043 1003
f 1043 1004 1003
f 1043 1044 1004
f 1044 965 1004
f 1044 1005 965
f 1045 1006 1005
f 1045 1046 1006
f 1046 1007 1006
f 1046 1047 1007
f 1047 1008 1007
f 1047 1048 1008
f 1048 1009 1008
f 1048 1049 1009
f 1049 1010 1009
f 1049 1050 1010
f 1050 1011 1010
f 1050 1051 1011
f 1051 1012 1011
f 1051 1052 1012
f 1052 1013 1012
f 1052 1053 1013
f 1053 1014 1013
f 1053 1054 1014
f 1054 1015 1014
f 1054 1055 1015
f 1055 1016 1015
f 1055 1056 1016
f 1056 1017 1016
f 1056 1057 1017
f 1057 1018 1017
f 1057 1058 1018
f 1058 1019 1018
f 1058 1059 1019
f 1059 1020 1019
f 1059 1060 1020
f 1060 1021 1020
f 1060 1061 1021
f 1061 1022 1021
f 1061 1062 1022
f 1062 1023 1022
f 1062 1063 1023
f 1063 1024 1023
f 1063 1064 1024
f 1064 1025 1024
f 1064 1065 1025
f 1065 1026 1025
f 1065 1066 1026
f 1066 1027 1026
f 1066 1067 1027
f 1067 1028 1027
f 1067 1068 1028
f 1068 1029 1028
f 1068 1069 1029
f 1069 1030 1029
f 1069 1070 1030
f 1070 1031 1030
f 1070 1071 1031
f 1071 1032 1031
f 1071 1072 1032
f 1072 1033 1032
f 1072 1073 1033
f 1073 1034 1033
f 1073 1074 1034
f 1074 1035 1034
f 1074 1075 1035
f 1075 1036 1035
f 1075 1076 1036
f 1076 1037 1036
f 1076 1077 1037
f 1077 1038 1037
f 1077 1078 1038
f 1078 1039 1038
f 1078 1079 1039
f 1079 1040 1039
f 1079 1080 1040
f 1080 1041 1040
f 1080 1081 1041
f 1081 1042 1041
f 1081 1082 1042
f 1082 1043 1042
f 1082 1083 1043
f 1083 1044 1043
f 1083 1084 1044
f 1084 1005 1044
f 1084 1045 1005
f 1085 1046 1045
f 1085 1086 1046
f 1086 1047 1046
f 1086 1087 1047
f 1087 1048 1047
f 1087 1088 1048
f 1088 1049 1048
f 1088 1089 1049
f 1089 1050 1049
f 1089 1090 1050
f 1090 1051 1050
f 1090 1091 1051
f 1091 1052 1051
f 1091 1092 1052
f 1092 1053 1052
f 1092 1093 1053
f 1093 1054 1053
f 1093 1094 1054
f 1094 1055 1054
f 1094 1095 1055
f 1095 1056 1055
f 1095 1096 1056
f 1096 1057 1056
f 1096 1097 1057
f 1097 1058 1057
f 1097 1098 1058
f 1098 1059 1058
f 1098 1099 1059
f 1099 1060 1059
f 1099 1100 1060
f 1100 1061 1060
f 1100 1101 1061
f 1101 1062 1061
f 1101 1102 1062
f 1102 1063 1062
f 1102 1103 1063
f 1103 1064 1063
f 1103 1104 1064
f 1104 1065 1064
f 1104 1105 1065
f 1105 1066 1065
f 1105 1106 1066
f 1106 1067 1066
f 1106 1107 1067
f 1107 1068 1067
f 1107 1108 1068
f 1108 1069 1068
f 1108 1109 1069
f 1109 1070 1069
f 1109 1110 1070
f 1110 1071 1070
f 1110 1111 1071
f 1111 1072 1071
f 1111 1112 1072
f 1112 1073 1072
f 1112 1113 1073
f 1113 1074 1073
f 1113 1114 1074
f 1114 1075 1074
f 1114 1115 1075
f 1115 1076 1075
f 1115 1116 1076
f 1116 1077 1076
f 1116 1117 1077
f 1117 1078 1077
f 1117 1118 1078
f 1118 1079 1078
f 1118 1119 1079
f 1119 1080 1079
f 1119 1120 1080
f 1120 1081 1080
f 1120 1121 1081
f 1121 1082 1081
f 1121 1122 1082
f 1122 1083 1082
f 1122 1123 1083
f 1123 1084 1083
f 1123 1124 1084
f 1124 1045 1084
f 1124 1085 1045
f 1125 1086 1085
f 1125 1126 1086
f 1126 1087 1086
f 1126 1127 1087
f 1127 1088 1087
f 1127 1128 1088
f 1128 1089 1088
f 1128 1129 1089
f 1129 1090 1089
f 1129 1130 1090
f 1130 1091 1090
f 1130 1131 1091
f 1131 1092 1091
f 1131 1132 1092
f 1132 1093 1092
f 1132 1133 1093
f 1133 1094 1093
f 1133 1134 1094
f 1134 1095 1094
f 1134 1135 1095
f 1135 1096 1095
f 1135 1136 1096
f 1136 1097 1096
f 1136 1137 1097
f 1137 1098 1097
f 1137 1138 1098
f 1138 1099 1098
f 1138 1139 1099
f 1139 1100 1099
f 1139 1140 1100
f 1140 1101 1100
f 1140 1141 1101
f 1141 1102 1101
f 1141 1142 1102
f 1142 1103 1102
f 1142 1143 1103
f 1143 1104 1103
f 1143 1144 1104
f 1144 1105 1104
f 1144 1145 1105
f 1145 1106 1105
f 1145 1146 1106
f 1146 1107 1106
f 1146 1147 1107
f 1147 1108 1107
f 1147 1148 1108
f 1148 1109 1108
f 1148 1149 1109
f 1149 1110 1109
f 1149 1150 1110
f 1150 1111 1110
f 1150 1151 1111
f 1151 1112 1111
f 1151 1152 1112
f 1152 1113 1112
f 1152 1153 1113
f 1153 1114 1113
f 1153 1154 1114
f 1154 1115 1114
f 1154 1155 1115
f 1155 1116 1115
f 1155 1156 1116
f 1156 1117 1116
f 1156 1157 1117
f 1157 1118 1117
f 1157 1158 1118
f 1158 1119 1118
f 1158 1159 1119
f 1159 1120 1119
f 1159 1160 1120
f 1160 1121 1120
f 1160 1161 1121
f 1161 1122 1121
f 1161 1162 1122
f 1162 1123 1122
f 1162 1163 1123
f 1163 1124 1123
f 1163 1164 1124
f 1164 1085 1124
f 1164 1125 1085
f 1165 1126 1125
f 1165 1166 1126
f 1166 1127 1126
f 1166 1167 1127
f 1167 1128 1127
f 1167 1168 1128
f 1168 1129 1128
f 1168 1169 1129
f 1169 1130 1129
f 1169 1170 1130
f 1170 1131 1130
f 1170 1171 1131
f 1171 1132 1131
f 1171 1172 1132
f 1172 1133 1132
f 1172 1173 1133
f 1173 1134 1133
f 1173 1174 1134
f 1174 1135 1134
f 1174 1175 1135
f 1175 1136 1135
f 1175 1176 1136
f 1176 1137 1136
f 1176 1177 1137
f 1177 1138 1137
f 1177 1178 1138
f 1178 1139 1138
f 1178 1179 1139
f 1179 1140 1139
f 1179 1180 1140
f 1180 1141 1140
f 1180 1181 1141
f 1181 1142 1141
f 1181 1182 1142
f 1182 1143 1142
f 1182 1183 1143
f 1183 1144 1143
f 1183 1184 1144
f 1184 1145 1144
f 1184 1185 1145
f 1185 1146 1145
f 1185 1186 1146
f 1186 1147 1146
f 1186 1187 1147
f 1187 1148 1147
f 1187 1188 1148
f 1188 1149 1148
f 1188 1189 1149
f 1189 1150 1149
f 1189 1190 1150
f 1190 1151 1150
f 1190 1191 1151
f 1191 1152 1151
f 1191 1192 1152
f 1192 1153 1152
f 1192 1193 1153
f 1193 1154 1153
f 1193 1194 1154
f 1194 1155 1154
f 1194 1195 1155
f 1195 1156 1155
f 1195 1196 1156
f 1196 1157 1156
f 1196 1197 1157
f 1197 1158 1157
f 1197 1198 1158
f 1198 1159 1158
f 1198 1199 1159
f 1199 1160 1159
f 1199 1200 1160
f 1200 1161 1160
f 1200 1201 1161
f 1201 1162 1161
f 1201 1202 1162
f 1202 1163 1162
f 1202 1203 1163
f 1203 1164 1163
f 1203 1204 1164
f 1204 1125 1164
f 1204 1165 1125
f 1205 1166 1165
f 1205 1206 1166
f 1206 1167 1166
f 1206 1207 1167
f 1207 1168 1167
f 1207 1208 1168
f 1208 1169 1168
f 1208 1209 1169
f 1209 1170 1169
f 1209 1210 1170
f 1210 1171 1170
f 1210 1211 1171
f 1211 1172 1171
f 1211 1212 1172
f 1212 1173 1172
f 1212 1213 1173
f 1213 1174 1173
f 1213 1214 1174
f 1214 1175 1174
f 1214 1215 1175
f 1215 1176 1175
f 1215 1216 1176
f 1216 1177 1176
f 1216 1217 1177
f 1217 1178 1177
f 1217 1218 1178
f 1218 1179 1178
f 1218 1219 1179
f 1219 1180 1179
f 1219 1220 1180
f 1220 1181 1180
f 1220 1221 1181
f 1221 1182 1181
f 1221 1222 1182
f 1222 1183 1182
f 1222 1223 1183
f 1223 1184 1183
f 1223 1224 1184
f 1224 1185 1184
f 1224 1225 1185
f 1225 1186 1185
f 1225 1226 1186
f 1226 1187 1186
f 1226 1227 1187
f 1227 1188 1187
f 1227 1228 1188
f 1228 1189 1188
f 1228 1229 1189
f 1229 1190 1189
f 1229 1230 1190
f 1230 1191 1190
f 1230 1231 1191
f 1231 1192 1191
f 1231 1232 1192
f 1232 1193 1192
f 1232 1233 1193
f 1233 1194 1193
f 1233 1234 1194
f 1234 1195 1194
f 1234 1235 1195
f 1235 1196 1195
f 1235 1236 1196
f 1236 1197 1196
f 1236 1237 1197
f 1237 1198 1197
f 1237 1238 1198
f 1238 1199 1198
f 1238 1239 1199
f 1239 1200 1199
f 1239 1240 1200
f 1240 1201 1200
f 1240 1241 1201
f 1241 1202 1201
f 1241 1242 1202
f 1242 1203 1202
f 1242 1243 1203
f 1243 1204 1203
f 1243 1244 1204
f 1244 1165 1204
f 1244 1205 1165
f 1245 1206 1205
f 1245 1246 1206
f 1246 1207 1206
f 1246 1247 1207
f 1247 1208 1207
f 1247 1248 1208
f 1248 1209 1208
f 1248 1249 1209
f 1249 1210 1209
f 1249 1250 1210
f 1250 1211 1210
f 1250 1251 1211
f 1251 1212 1211
f 1251 1252 1212
f 1252 1213 1212
f 1252 1253 1213
f 1253 1214 1213
f 1253 1254 1214
f 1254 1215 1214
f 1254 1255 1215
f 1255 1216 1215
f 1255 1256 1216
f 1256 1217 1216
f 1256 1257 1217
f 1257 1218 1217
f 1257 1258 1218
f 1258 1219 1218
f 1258 1259 1219
f 1259 1220 1219
f 1259 1260 1220
f 1260 1221 1220
f 1260 1261 1221
f 1261 1222 1221
f 1261 1262 1222
f 1262 1223 1222
f 1262 1263 1223
f 1263 1224 1223
f 1263 1264 1224
f 1264 1225 1224
f 1264 1265 1225
f 1265 1226 1225
f 1265 1266 1226
f 1266 1227 1226
f 1266 1267 1227
f 1267 1228 1227
f 1267 1268 1228
f 1268 1229 1228
f 1268 1269 1229
f 1269 1230 1229
f 1269 1270 1230
f 1270 1231 1230
f 1270 1271 1231
f 1271 1232 1231
f 1271 1272 1232
f 1272 1233 1232
f 1272 1273 1233
f 1273 1234 1233
f 1273 1274 1234
f 1274 1235 1234
f 1274 1275 1235
f 1275 1236 1235
f 1275 1276 1236
f 1276 1237 1236
f 1276 1277 1237
f 1277 1238 1237
f 1277 1278 1238
f 1278 1239 1238
f 1278 1279 1239
f 1279 1240 1239
f 1279 1280 1240
f 1280 1241 1240
f 1280 1281 1241
f 1281 1242 1241
f 1281 1282 1242
f 1282 1243 1242
f 1282 1283 1243
f 1283 1244 1243
f 1283 1284 1244
f 1284 1205 1244
f 1284 1245 1205
f 1285 1246 1245
f 1285 1286 1246
f 1286 1247 1246
f 1286 1287 1247
f 1287 1248 1247
f 1287 1288 1248
f 1288 1249 1248
f 1288 1289 1249
f 1289 1250 1249
f 1289 1290 1250
f 1290 1251 1250
f 1290 1291 1251
f 1291 1252 1251
f 1291 1292 1252
f 1292 1253 1252
f 1292 1293 1253
f 1293 1254 1253
f 1293 1294 1254
f 1294 1255 1254
f 1294 1295 1255
f 1295 1256 1255
f 1295 1296 1256
f 1296 1257 1256
f 1296 1297 1257
f 1297 1258 1257
f 1297 1298 1258
f 1298 1259 1258
f 1298 1299 1259
f 1299 1260 1259
f 1299 1300 1260
f 1300 1261 1260
f 1300 1301 1261
f 1301 1262 1261
f 1301 1302 1262
f 1302 1263 1262
f 1302 1303 1263
f 1303 1264 1263
f 1303 1304 1264
f 1304 1265 1264
f 1304 1305 1265
f 1305 1266 1265
f 1305 1306 1266
f 1306 1267 1266
f 1306 1307 1267
f 1307 1268 1267
f 1307 1308 1268
f 1308 1269 1268
f 1308 1309 1269
f 1309 1270 1269
f 1309 1310 1270
f 1310 1271 1270
f 1310 1311 1271
f 1311 1272 1271
f 1311 1312 1272
f 1312 1273 1272
f 1312 1313 1273
f 1313 1274 1273
f 1313 1314 1274
f 1314 1275 1274
f 1314 1315 1275
f 1315 1276 1275
f 1315 1316 1276
f 1316 1277 1276
f 1316 1317 1277
f 1317 1278 1277
f 1317 1318 1278
f 1318 1279 1278
f 1318 1319 1279
f 1319 1280 1279
f 1319 1320 1280
f 1320 1281 1280
f 1320 1321 1281
f 1321 1282 1281
f 1321 1322 1282
f 1322 1283 1282
f 1322 1323 1283
f 1323 1284 1283
f 1323 1324 1284
f 1324 1245 1284
f 1324 1285 1245
f 1325 1286 1285
f 1325 1326 1286
f 1326 1287 1286
f 1326 1327 1287
f 1327 1288 1287
f 1327 1328 1288
f 1328 1289 1288
f 1328 1329 1289
f 1329 1290 1289
f 1329 1330 1290
f 1330 1291 1290
f 1330 1331 1291
f 1331 1292 1291
f 1331 1332 1292
f 1332 1293 1292
f 1332 1333 1293
f 1333 1294 1293
f 1333 1334 1294
f 1334 1295 1294
f 1334 1335 1295
f 1335 1296 1295
f 1335 1336 1296
f 1336 1297 1296
f 1336 1337 1297
f 1337 1298 1297
f 1337 1338 1298
f 1338 1299 1298
f 1338 1339 1299
f 1339 1300 1299
f 1339 1340 1300
f 1340 1301 1300
f 1340 1341 1301
f 1341 1302 1301
f 1341 1342 1302
f 1342 1303 1302
f 1342 1343 1303
f 1343 1304 1303
f 1343 1344 1304
f 1344 1305 1304
f 1344 1345 1305
f 1345 1306 1305
f 1345 1346 1306
f 1346 1307 1306
f 1346 1347 1307
f 1347 1308 1307
f 1347 1348 1308
f 1348 1309 1308
f 1348 1349 1309
f 1349 1310 1309
f 1349 1350 1310
f 1350 1311 1310
f 1350 1351 1311
f 1351 1312 1311
f 1351 1352 1312
f 1352 1313 1312
f 1352 1353 1313
f 1353 1314 1313
f 1353 1354 1314
f 1354 1315 1314
f 1354 1355 1315
f 1355 1316 1315
f 1355 1356 1316
f 1356 1317 1316
f 1356 1357 1317
f 1357 1318 1317
f 1357 1358 1318
f 1358 1319 1318
f 1358 1359 1319
f 1359 1320 1319
f 1359 1360 1320
f 1360 1321 1320
f 1360 1361 1321
f 1361 1322 1321
f 1361 1362 1322
f 1362 1323 1322
f 1362 1363 1323
f 1363 1324 1323
f 1363 1364 1324
f 1364 1285 1324
f 1364 1325 1285
f 1365 1326 1325
f 1365 1366 1326
f 1366 1327 1326
f 1366 1367 1327
f 1367 1328 1327
f 1367 1368 1328
f 1368 1329 1328
f 1368 1369 1329
f 1369 1330 1329
f 1369 1370 1330
f 1370 1331 1330
f 1370 1371 1331
f 1371 1332 1331
f 1371 1372 1332
f 1372 1333 1332
f 1372 1373 1333
f 1373 1334 1333
f 1373 1374 1334
f 1374 1335 1334
f 1374 1375 1335
f 1375 1336 1335
f 1375 1376 1336
f 1376 1337 1336
f 1376 1377 1337
f 1377 1338 1337
f 1377 1378 1338
f 1378 1339 1338
f 1378 1379 1339
f 1379 1340 1339
f 1379 1380 1340
f 1380 1341 1340
f 1380 1381 1341
f 1381 1342 1341
f 1381 1382 1342
f 1382 1343 1342
f 1382 1383 1343
f 1383 1344 1343
f 1383 1384 1344
f 1384 1345 1344
f 1384 1385 1345
f 1385 1346 1345
f 1385 1386 1346
f 1386 1347 1346
f 1386 1387 1347
f 1387 1348 1347
f 1387 1388 1348
f 1388 1349 1348
f 1388 1389 1349
f 1389 1350 1349
f 1389 1390 1350
f 1390 1351 1350
f 1390 1391 1351
f 1391 1352 1351
f 1391 1392 1352
f 1392 1353 1352
f 1392 1393 1353
f 1393 1354 1353
f 1393 1394 1354
f 1394 1355 1354
f 1394 1395 1355
f 1395 1356 1355
f 1395 1396 1356
f 1396 1357 1356
f 1396 1397 1357
f 1397 1358 1357
f 1397 1398 1358
f 1398 1359 1358
f 1398 1399 1359
f 1399 1360 1359
f 1399 1400 1360
f 1400 1361 1360
f 1400 1401 1361
f 1401 1362 1361
f 1401 1402 1362
f 1402 1363 1362
f 1402 1403 1363
f 1403 1364 1363
f 1403 1404 1364
f 1404 1325 1364
f 1404 1365 1325
f 1405 1366 1365
f 1405 1406 1366
f 1406 1367 1366
f 1406 1407 1367
f 1407 1368 1367
f 1407 1408 1368
f 1408 1369 1368
f 1408 1409 1369
f 1409 1370 1369
f 1409 1410 1370
f 1410 1371 1370
f 1410 1411 1371
f 1411 1372 1371
f 1411 1412 1372
f 1412 1373 1372
f 1412 1413 1373
f 1413 1374 1373
f 1413 1414 1374
f 1414 1375 1374
f 1414 1415 1375
f 1415 1376 1375
f 1415 1416 1376
f 1416 1377 1376
f 1416 1417 1377
f 1417 1378 1377
f 1417 1418 1378
f 1418 1379 1378
f 1418 1419 1379
f 1419 1380 1379
f 1419 1420 1380
f 1420 1381 1380
f 1420 1421 1381
f 1421 1382 1381
f 1421 1422 1382
f 1422 1383 1382
f 1422 1423 1383
f 1423 1384 1383
f 1423 1424 1384
f 1424 1385 1384
f 1424 1425 1385
f 1425 1386 1385
f 1425 1426 1386
f 1426 1387 1386
f 1426 1427 1387
f 1427 1388 1387
f 1427 1428 1388
f 1428 1389 1388
f 1428 1429 1389
f 1429 1390 1389
f 1429 1430 1390
f 1430 1391 1390
f 1430 1431 1391
f 1431 1392 1391
f 1431 1432 1392
f 1432 1393 1392
f 1432 1433 1393
f 1433 1394 1393
f 1433 1434 1394
f 1434 1395 1394
f 1434 1435 1395
f 1435 1396 1395
f 1435 1436 1396
f 1436 1397 1396
f 1436 1437 1397
f 1437 1398 1397
f 1437 1438 1398
f 1438 1399 1398
f 1438 1439 1399
f 1439 1400 1399
f 1439 1440 1400
f 1440 1401 1400
f 1440 1441 1401
f 1441 1402 1401
f 1441 1442 1402
f 1442 1403 1402
f 1442 1443 1403
f 1443 1404 1403
f 1443 1444 1404
f 1444 1365 1404
f 1444 1405 1365
f 1445 1406 1405
f 1445 1446 1406
f 1446 1407 1406
f 1446 1447 1407
f 1447 1408 1407
f 1447 1448 1408
f 1448 1409 1408
f 1448 1449 1409
f 1449 1410 1409
f 1449 1450 1410
f 1450 1411 1410
f 1450 1451 1411
f 1451 1412 1411
f 1451 1452 1412
f 1452 1413 1412
f 1452 1453 1413
f 1453 1414 1413
f 1453 1454 1414
f 1454 1415 1414
f 1454 1455 1415
f 1455 1416 1415
f 1455 1456 1416
f 1456 1417 1416
f 1456 1457 1417
f 1457 1418 1417
f 1457 1458 1418
f 1458 1419 1418
f 1458 1459 1419
f 1459 1420 1419
f 1459 1460 1420
f 1460 1421 1420
f 1460 1461 1421
f 1461 1422 1421
f 1461 1462 1422
f 1462 1423 1422
f 1462 1463 1423
f 1463 1424 1423
f 1463 1464 1424
f 1464 1425 1424
f 1464 1465 1425
f 1465 1426 1425
f 1465 1466 1426
f 1466 1427 1426
f 1466 1467 1427
f 1467 1428 1427
f 1467 1468 1428
f 1468 1429 1428
f 1468 1469 1429
f 1469 1430 1429
f 1469 1470 1430
f 1470 1431 1430
f 1470 1471 1431
f 1471 1432 1431
f 1471 1472 1432
f 1472 1433 1432
f 1472 1473 1433
f 1473 1434 1433
f 1473 1474 1434
f 1474 1435 1434
f 1474 1475 1435
f 1475 1436 1435
f 1475 1476 1436
f 1476 1437 1436
f 1476 1477 1437
f 1477 1438 1437
f 1477 1478 1438
f 1478 1439 1438
f 1478 1479 1439
f 1479 1440 1439
f 1479 1480 1440
f 1480 1441 1440
f 1480 1481 1441
f 1481 1442 1441
f 1481 1482 1442
f 1482 1443 1442
f 1482 1483 1443
f 1483 1444 1443
f 1483 1484 1444
f 1484 1405 1444
f 1484 1445 1405
f 1485 1446 1445
f 1485 1486 1446
f 1486 1447 1446
f 1486 1487 1447
f 1487 1448 1447
f 1487 1488 1448
f 1488 1449 1448
f 1488 1489 1449
f 1489 1450 1449
f 1489 1490 1450
f 1490 1451 1450
f 1490 1491 1451
f 1491 1452 1451
f 1491 1492 1452
f 1492 1453 1452
f 1492 1493 1453
f 1493 1454 1453
f 1493 1494 1454
f 1494 1455 1454
f 1494 1495 1455
f 1495 1456 1455
f 1495 1496 1456
f 1496 1457 1456
f 1496 1497 1457
f 1497 1458 1457
f 1497 1498 1458
f 1498 1459 1458
f 1498 1499 1459
f 1499 1460 1459
f 1499 1500 1460
f 1500 1461 1460
f 1500 1501 1461
f 1501 1462 1461
f 1501 1502 1462
f 1502 1463 1462
f 1502 1503 1463
f 1503 1464 1463
f 1503 1504 1464
f 1504 1465 1464
f 1504 1505 1465
f 1505 1466 1465
f 1505 1506 1466
f 1506 1467 1466
f 1506 1507 1467
f 1507 1468 1467
f 1507 1508 1468
f 1508 1469 1468
f 1508 1509 1469
f 1509 1470 1469
f 1509 1510 1470
f 1510 1471 1470
f 1510 1511 1471
f 1511 1472 1471
f 1511 1512 1472
f 1512 1473 1472
f 1512 1513 1473
f 1513 1474 1473
f 1513 1514 1474
f 1514 1475 1474
f 1514 1515 1475
f 1515 1476 1475
f 1515 1516 1476
f 1516 1477 1476
f 1516 1517 1477
f 1517 1478 1477
f 1517 1518 1478
f 1518 1479 1478
f 1518 1519 1479
f 1519 1480 1479
f 1519 1520 1480
f 1520 1481 1480
f 1520 1521 1481
f 1521 1482 1481
f 1521 1522 1482
f 1522 1483 1482
f 1522 1523 1483
f 1523 1484 1483
f 1523 1524 1484
f 1524 1445 1484
f 1524 1485 1445
f 1525 1527 1528
f 1526 2248 2247
f 1525 1528 1529
f 1526 2249 2248
f 1525 1529 1530
f 1526 2250 2249
f 1525 1530 1531
f 1526 2251 2250
f 1525 1531 1532
f 1526 2252 2251
f 1525 1532 1533
f 1526 2253 2252
f 1525 1533 1534
f 1526 2254 2253
f 1525 1534 1535
f 1526 2255 2254
f 1525 1535 1536
f 1526 2256 2255
f 1525 1536 1537
f 1526 2257 2256
f 1525 1537 1538
f 1526 2258 2257
f 1525 1538 1539
f 1526 2259 2258
f 1525 1539 1540
f 1526 2260 2259
f 1525 1540 1541
f 1526 2261 2260
f 1525 1541 1542
f 1526 2262 2261
f 1525 1542 1543
f 1526 2263 2262
f 1525 1543 1544
f 1526 2264 2263
f 1525 1544 1545
f 1526 2265 2264
f 1525 1545 1546
f 1526 2266 2265
f 1525 1546 1547
f 1526 2267 2266
f 1525 1547 1548
f 1526 2268 2267
f 1525 1548 1549
f 1526 2269 2268
f 1525 1549 1550
f 1526 2270 2269
f 1525 1550 1551
f 1526 2271 2270
f 1525 1551 1552
f 1526 2272 2271
f 1525 1552 1553
f 1526 2273 2272
f 1525 1553 1554
f 1526 2274 2273
f 1525 1554 1555
f 1526 2275 2274
f 1525 1555 1556
f 1526 2276 2275
f 1525 1556 1557
f 1526 2277 2276
f 1525 1557 1558
f 1526 2278 2277
f 1525 1558 1559
f 1526 2279 2278
f 1525 1559 1560
f 1526 2280 2279
f 1525 1560 1561
f 1526 2281 2280
f 1525 1561 1562
f 1526 2282 2281
f 1525 1562 1563
f 1526 2283 2282
f 1525 1563 1564
f 1526 2284 2283
f 1525 1564 1565
f 1526 2285 2284
f 1525 1565 1566
f 1526 2286 2285
f 1525 1566 1527
f 1526 2247 2286
f 1567 1528 1527
f 1567 1568 1528
f 1568 1529 1528
f 1568 1569 1529
f 1569 1530 1529
f 1569 1570 1530
f 1570 1531 1530
f 1570 1571 1531
f 1571 1532 1531
f 1571 1572 1532
f 1572 1533 1532
f 1572 1573 1533
f 1573 1534 1533
f 1573 1574 1534
f 1574 1535 1534
f 1574 1575 1535
f 1575 1536 1535
f 1575 1576 1536
f 1576 1537 1536
f 1576 1577 1537
f 1577 1538 1537
f 1577 1578 1538
f 1578 1539 1538
f 1578 1579 1539
f 1579 1540 1539
f 1579 1580 1540
f 1580 1541 1540
f 1580 1581 1541
f 1581 1542 1541
f 1581 1582 1542
f 1582 1543 1542
f 1582 1583 1543
f 1583 1544 1543
f 1583 1584 1544
f 1584 1545 1544
f 1584 1585 1545
f 1585 1546 1545
f 1585 1586 1546
f 1586 1547 1546
f 1586 1587 1547
f 1587 1548 1547
f 1587 1588 1548
f 1588 1549 1548
f 1588 1589 1549
f 1589 1550 1549
f 1589 1590 1550
f 1590 1551 1550
f 1590 1591 1551
f 1591 1552 1551
f 1591 1592 1552
f 1592 1553 1552
f 1592 1593 1553
f 1593 1554 1553
f 1593 1594 1554
f 1594 1555 1554
f 1594 1595 1555
f 1595 1556 1555
f 1595 1596 1556
f 1596 1557 1556
f 1596 1597 1557
f 1597 1558 1557
f 1597 1598 1558
f 1598 1559 1558
f 1598 1599 1559
f 1599 1560 1559
f 1599 1600 1560
f 1600 1561 1560
f 1600 1601 1561
f 1601 1562 1561
f 1601 1602 1562
f 1602 1563 1562
f 1602 1603 1563
f 1603 1564 1563
f 1603 1604 1564
f 1604 1565 1564
f 1604 1605 1565
f 1605 1566 1565
f 1605 1606 1566
f 1606 1527 1566
f 1606 1567 1527
f 1607 1568 1567
f 1607 1608 1568
f 1608 1569 1568
f 1608 1609 1569
f 1609 1570 1569
f 1609 1610 1570
f 1610 1571 1570
f 1610 1611 1571
f 1611 1572 1571
f 1611 1612 1572
f 1612 1573 1572
f 1612 1613 1573
f 1613 1574 1573
f 1613 1614 1574
f 1614 1575 1574
f 1614 1615 1575
f 1615 1576 1575
f 1615 1616 1576
f 1616 1577 1576
f 1616 1617 1577
f 1617 1578 1577
f 1617 1618 1578
f 1618 1579 1578
f 1618 1619 1579
f 1619 1580 1579
f 1619 1620 1580
f 1620 1581 1580
f 1620 1621 1581
f 1621 1582 1581
f 1621 1622 1582
f 1622 1583 1582
f 1622 1623 1583
f 1623 1584 1583
f 1623 1624 1584
f 1624 1585 1584
f 1624 1625 1585
f 1625 1586 1585
f 1625 1626 1586
f 1626 1587 1586
f 1626 1627 1587
f 1627 1588 1587
f 1627 1628 1588
f 1628 1589 1588
f 1628 1629 1589
f 1629 1590 1589
f 1629 1630 1590
f 1630 1591 1590
f 1630 1631 1591
f 1631 1592 1591
f 1631 1632 1592
f 1632 1593 1592
f 1632 1633 1593
f 1633 1594 1593
f 1633 1634 1594
f 1634 1595 1594
f 1634 1635 1595
f 1635 1596 1595
f 1635 1636 1596
f 1636 1597 1596
f 1636 1637 1597
f 1637 1598 1597
f 1637 1638 1598
f 1638 1599 1598
f 1638 1639 1599
f 1639 1600 1599
f 1639 1640 1600
f 1640 1601 1600
f 1640 1641 1601
f 1641 1602 1601
f 1641 1642 1602
f 1642 1603 1602
f 1642 1643 1603
f 1643 1604 1603
f 1643 1644 1604
f 1644 1605 1604
f 1644 1645 1605
f 1645 1606 1605
f 1645 1646 1606
f 1646 1567 1606
f 1646 1607 1567
f 1647 1608 1607
f 1647 1648 1608
f 1648 1609 1608
f 1648 1649 1609
f 1649 1610 1609
f 1649 1650 1610
f 1650 1611 1610
f 1650 1651 1611
f 1651 1612 1611
f 1651 1652 1612
f 1652 1613 1612
f 1652 1653 1613
f 1653 1614 1613
f 1653 1654 1614
f 1654 1615 1614
f 1654 1655 1615
f 1655 1616 1615
f 1655 1656 1616
f 1656 1617 1616
f 1656 1657 1617
f 1657 1618 1617
f 1657 1658 1618
f 1658 1619 1618
f 1658 1659 1619
f 1659 1620 1619
f 1659 1660 1620
f 1660 1621 1620
f 1660 1661 1621
f 1661 1622 1621
f 1661 1662 1622
f 1662 1623 1622
f 1662 1663 1623
f 1663 1624 1623
f 1663 1664 1624
f 1664 1625 1624
f 1664 1665 1625
f 1665 1626 1625
f 1665 1666 1626
f 1666 1627 1626
f 1666 1667 1627
f 1667 1628 1627
f 1667 1668 1628
f 1668 1629 1628
f 1668 1669 1629
f 1669 1630 1629
f 1669 1670 1630
f 1670 1631 1630
f 1670 1671 1631
f 1671 1632 1631
f 1671 1672 1632
f 1672 1633 1632
f 1672 1673 1633
f 1673 1634 1633
f 1673 1674 1634
f 1674 1635 1634
f 1674 1675 1635
f 1675 1636 1635
f 1675 1676 1636
f 1676 1637 1636
f 1676 1677 1637
f 1677 1638 1637
f 1677 1678 1638
f 1678 1639 1638
f 1678 1679 1639
f 1679 1640 1639
f 1679 1680 1640
f 1680 1641 1640
f 1680 1681 1641
f 1681 1642 1641
f 1681 1682 1642
f 1682 1643 1642
f 1682 1683 1643
f 1683 1644 1643
f 1683 1684 1644
f 1684 1645 1644
f 1684 1685 1645
f 1685 1646 1645
f 1685 1686 1646
f 1686 1607 1646
f 1686 1647 1607
f 1687 1648 1647
f 1687 1688 1648
f 1688 1649 1648
f 1688 1689 1649
f 1689 1650 1649
f 1689 1690 1650
f 1690 1651 1650
f 1690 1691 1651
f 1691 1652 1651
f 1691 1692 1652
f 1692 1653 1652
f 1692 1693 1653
f 1693 1654 1653
f 1693 1694 1654
f 1694 1655 1654
f 1694 1695 1655
f 1695 1656 1655
f 1695 1696 1656
f 1696 1657 1656
f 1696 1697 1657
f 1697 1658 1657
f 1697 1698 1658
f 1698 1659 1658
f 1698 1699 1659
f 1699 1660 1659
f 1699 1700 1660
f 1700 1661 1660
f 1700 1701 1661
f 1701 1662 1661
f 1701 1702 1662
f 1702 1663 1662
f 1702 1703 1663
f 1703 1664 1663
f 1703 1704 1664
f 1704 1665 1664
f 1704 1705 1665
f 1705 1666 1665
f 1705 1706 1666
f 1706 1667 1666
f 1706 1707 1667
f 1707 1668 1667
f 1707 1708 1668
f 1708 1669 1668
f 1708 1709 1669
f 1709 1670 1669
f 1709 1710 1670
f 1710 1671 1670
f 1710 1711 1671
f 1711 1672 1671
f 1711 1712 1672
f 1712 1673 1672
f 1712 1713 1673
f 1713 1674 1673
f 1713 1714 1674
f 1714 1675 1674
f 1714 1715 1675
f 1715 1676 1675
f 1715 1716 1676
f 1716 1677 1676
f 1716 1717 1677
f 1717 1678 1677
f 1717 1718 1678
f 1718 1679 1678
f 1718 1719 1679
f 1719 1680 1679
f 1719 1720 1680
f 1720 1681 1680
f 1720 1721 1681
f 1721 1682 1681
f 1721 1722 1682
f 1722 1683 1682
f 1722 1723 1683
f 1723 1684 1683
f 1723 1724 1684
f 1724 1685 1684
f 1724 1725 1685
f 1725 1686 1685
f 1725 1726 1686
f 1726 1647 1686
f 1726 1687 1647
f 1727 1688 1687
f 1727 1728 1688
f 1728 1689 1688
f 1728 1729 1689
f 1729 1690 1689
f 1729 1730 1690
f 1730 1691 1690
f 1730 1731 1691
f 1731 1692 1691
f 1731 1732 1692
f 1732 1693 1692
f 1732 1733 1693
f 1733 1694 1693
f 1733 1734 1694
f 1734 1695 1694
f 1734 1735 1695
f 1735 1696 1695
f 1735 1736 1696
f 1736 1697 1696
f 1736 1737 1697
f 1737 1698 1697
f 1737 1738 1698
f 1738 1699 1698
f 1738 1739 1699
f 1739 1700 1699
f 1739 1740 1700
f 1740 1701 1700
f 1740 1741 1701
f 1741 1702 1701
f 1741 1742 1702
f 1742 1703 1702
f 1742 1743 1703
f 1743 1704 1703
f 1743 1744 1704
f 1744 1705 1704
f 1744 1745 1705
f 1745 1706 1705
f 1745 1746 1706
f 1746 1707 1706
f 1746 1747 1707
f 1747 1708 1707
f 1747 1748 1708
f 1748 1709 1708
f 1748 1749 1709
f 1749 1710 1709
f 1749 1750 1710
f 1750 1711 1710
f 1750 1751 1711
f 1751 1712 1711
f 1751 1752 1712
f 1752 1713 1712
f 1752 1753 1713
f 1753 1714 1713
f 1753 1754 1714
f 1754 1715 1714
f 1754 1755 1715
f 1755 1716 1715
f 1755 1756 1716
f 1756 1717 1716
f 1756 1757 1717
f 1757 1718 1717
f 1757 1758 1718
f 1758 1719 1718
f 1758 1759 1719
f 1759 1720 1719
f 1759 1760 1720
f 1760 1721 1720
f 1760 1761 1721
f 1761 1722 1721
f 1761 1762 1722
f 1762 1723 1722
f 1762 1763 1723
f 1763 1724 1723
f 1763 1764 1724
f 1764 1725 1724
f 1764 1765 1725
f 1765 1726 1725
f 1765 1766 1726
f 1766 1687 1726
f 1766 1727 1687
f 1767 1728 1727
f 1767 1768 1728
f 1768 1729 1728
f 1768 1769 1729
f 1769 1730 1729
f 1769 1770 1730
f 1770 1731 1730
f 1770 1771 1731
f 1771 1732 1731
f 1771 1772 1732
f 1772 1733 1732
f 1772 1773 1733
f 1773 1734 1733
f 1773 1774 1734
f 1774 1735 1734
f 1774 1775 1735
f 1775 1736 1735
f 1775 1776 1736
f 1776 1737 1736
f 1776 1777 1737
f 1777 1738 1737
f 1777 1778 1738
f 1778 1739 1738
f 1778 1779 1739
f 1779 1740 1739
f 1779 1780 1740
f 1780 1741 1740
f 1780 1781 1741
f 1781 1742 1741
f 1781 1782 1742
f 1782 1743 1742
f 1782 1783 1743
f 1783 1744 1743
f 1783 1784 1744
f 1784 1745 1744
f 1784 1785 1745
f 1785 1746 1745
f 1785 1786 1746
f 1786 1747 1746
f 1786 1787 1747
f 1787 1748 1747
f 1787 1788 1748
f 1788 1749 1748
f 1788 1789 1749
f 1789 1750 1749
f 1789 1790 1750
f 1790 1751 1750
f 1790 1791 1751
f 1791 1752 1751
f 1791 1792 1752
f 1792 1753 1752
f 1792 1793 1753
f 1793 1754 1753
f 1793 1794 1754
f 1794 1755 1754
f 1794 1795 1755
f 1795 1756 1755
f 1795 1796 1756
f 1796 1757 1756
f 1796 1797 1757
f 1797 1758 1757
f 1797 1798 1758
f 1798 1759 1758
f 1798 1799 1759
f 1799 1760 1759
f 1799 1800 1760
f 1800 1761 1760
f 1800 1801 1761
f 1801 1762 1761
f 1801 1802 1762
f 1802 1763 1762
f 1802 1803 1763
f 1803 1764 1763
f 1803 1804 1764
f 1804 1765 1764
f 1804 1805 1765
f 1805 1766 1765
f 1805 1806 1766
f 1806 1727 1766
f 1806 1767 1727
f 1807 1768 1767
f 1807 1808 1768
f 1808 1769 1768
f 1808 1809 1769
f 1809 1770 1769
f 1809 1810 1770
f 1810 1771 1770
f 1810 1811 1771
f 1811 1772 1771
f 1811 1812 1772
f 1812 1773 1772
f 1812 1813 1773
f 1813 1774 1773
f 1813 1814 1774
f 1814 1775 1774
f 1814 1815 1775
f 1815 1776 1775
f 1815 1816 1776
f 1816 1777 1776
f 1816 1817 1777
f 1817 1778 1777
f 1817 1818 1778
f 1818 1779 1778
f 1818 1819 1779
f 1819 1780 1779
f 1819 1820 1780
f 1820 1781 1780
f 1820 1821 1781
f 1821 1782 1781
f 1821 1822 1782
f 1822 1783 1782
f 1822 1823 1783
f 1823 1784 1783
f 1823 1824 1784
f 1824 1785 1784
f 1824 1825 1785
f 1825 1786 1785
f 1825 1826 1786
f 1826 1787 1786
f 1826 1827 1787
f 1827 1788 1787
f 1827 1828 1788
f 1828 1789 1788
f 1828 1829 1789
f 1829 1790 1789
f 1829 1830 1790
f 1830 1791 1790
f 1830 1831 1791
f 1831 1792 1791
f 1831 1832 1792
f 1832 1793 1792
f 1832 1833 1793
f 1833 1794 1793
f 1833 1834 1794
f 1834 1795 1794
f 1834 1835 1795
f 1835 1796 1795
f 1835 1836 1796
f 1836 1797 1796
f 1836 1837 1797
f 1837 1798 1797
f 1837 1838 1798
f 1838 1799 1798
f 1838 1839 1799
f 1839 1800 1799
f 1839 1840 1800
f 1840 1801 1800
f 1840 1841 1801
f 1841 1802 1801
f 1841 1842 1802
f 1842 1803 1802
f 1842 1843 1803
f 1843 1804 1803
f 1843 1844 1804
f 1844 1805 1804
f 1844 1845 1805
f 1845 1806 1805
f 1845 1846 1806
f 1846 1767 1806
f 1846 1807 1767
f 1847 1808 1807
f 1847 1848 1808
f 1848 1809 1808
f 1848 1849 1809
f 1849 1810 1809
f 1849 1850 1810
f 1850 1811 1810
f 1850 1851 1811
f 1851 1812 1811
f 1851 1852 1812
f 1852 1813 1812
f 1852 1853 1813
f 1853 1814 1813
f 1853 1854 1814
f 1854 1815 1814
f 1854 1855 1815
f 1855 1816 1815
f 1855 1856 1816
f 1856 1817 1816
f 1856 1857 1817
f 1857 1818 1817
f 1857 1858 1818
f 1858 1819 1818
f 1858 1859 1819
f 1859 1820 1819
f 1859 1860 1820
f 1860 1821 1820
f 1860 1861 1821
f 1861 1822 1821
f 1861 1862 1822
f 1862 1823 1822
f 1862 1863 1823
f 1863 1824 1823
f 1863 1864 1824
f 1864 1825 1824
f 1864 1865 1825
f 1865 1826 1825
f 1865 1866 1826
f 1866 1827 1826
f 1866 1867 1827
f 1867 1828 1827
f 1867 1868 1828
f 1868 1829 1828
f 1868 1869 1829
f 1869 1830 1829
f 1869 1870 1830
f 1870 1831 1830
f 1870 1871 1831
f 1871 1832 1831
f 1871 1872 1832
f 1872 1833 1832
f 1872 1873 1833
f 1873 1834 1833
f 1873 1874 1834
f 1874 1835 1834
f 1874 1875 1835
f 1875 1836 1835
f 1875 1876 1836
f 1876 1837 1836
f 1876 1877 1837
f 1877 1838 1837
f 1877 1878 1838
f 1878 1839 1838
f 1878 1879 1839
f 1879 1840 1839
f 1879 1880 1840
f 1880 1841 1840
f 1880 1881 1841
f 1881 1842 1841
f 1881 1882 1842
f 1882 1843 1842
f 1882 1883 1843
f 1883 1844 1843
f 1883 1884 1844
f 1884 1845 1844
f 1884 1885 1845
f 1885 1846 1845
f 1885 1886 1846
f 1886 1807 1846
f 1886 1847 1807
f 1887 1848 1847
f 1887 1888 1848
f 1888 1849 1848
f 1888 1889 1849
f 1889 1850 1849
f 1889 1890 1850
f 1890 1851 1850
f 1890 1891 1851
f 1891 1852 1851
f 1891 1892 1852
f 1892 1853 1852
f 1892 1893 1853
f 1893 1854 1853
f 1893 1894 1854
f 1894 1855 1854
f 1894 1895 1855
f 1895 1856 1855
f 1895 1896 1856
f 1896 1857 1856
f 1896 1897 1857
f 1897 1858 1857
f 1897 1898 1858
f 1898 1859 1858
f 1898 1899 1859
f 1899 1860 1859
f 1899 1900 1860
f 1900 1861 1860
f 1900 1901 1861
f 1901 1862 1861
f 1901 1902 1862
f 1902 1863 1862
f 1902 1903 1863
f 1903 1864 1863
f 1903 1904 1864
f 1904 1865 1864
f 1904 1905 1865
f 1905 1866 1865
f 1905 1906 1866
f 1906 1867 1866
f 1906 1907 1867
f 1907 1868 1867
f 1907 1908 1868
f 1908 1869 1868
f 1908 1909 1869
f 1909 1870 1869
f 1909 1910 1870
f 1910 1871 1870
f 1910 1911 1871
f 1911 1872 1871
f 1911 1912 1872
f 1912 1873 1872
f 1912 1913 1873
f 1913 1874 1873
f 1913 1914 1874
f 1914 1875 1874
f 1914 1915 1875
f 1915 1876 1875
f 1915 1916 1876
f 1916 1877 1876
f 1916 1917 1877
f 1917 1878 1877
f 1917 1918 1878
f 1918 1879 1878
f 1918 1919 1879
f 1919 1880 1879
f 1919 1920 1880
f 1920 1881 1880
f 1920 1921 1881
f 1921 1882 1881
f 1921 1922 1882
f 1922 1883 1882
f 1922 1923 1883
f 1923 1884 1883
f 1923 1924 1884
f 1924 1885 1884
f 1924 1925 1885
f 1925 1886 1885
f 1925 1926 1886
f 1926 1847 1886
f 1926 1887 1847
f 1927 1888 1887
f 1927 1928 1888
f 1928 1889 1888
f 1928 1929 1889
f 1929 1890 1889
f 1929 1930 1890
f 1930 1891 1890
f 1930 1931 1891
f 1931 1892 1891
f 1931 1932 1892
f 1932 1893 1892
f 1932 1933 1893
f 1933 1894 1893
f 1933 1934 1894
f 1934 1895 1894
f 1934 1935 1895
f 1935 1896 1895
f 1935 1936 1896
f 1936 1897 1896
f 1936 1937 1897
f 1937 1898 1897
f 1937 1938 1898
f 1938 1899 1898
f 1938 1939 1899
f 1939 1900 1899
f 1939 1940 1900
f 1940 1901 1900
f 1940 1941 1901
f 1941 1902 1901
f 1941 1942 1902
f 1942 1903 1902
f 1942 1943 1903
f 1943 1904 1903
f 1943 1944 1904
f 1944 1905 1904
f 1944 1945 1905
f 1945 1906 1905
f 1945 1946 1906
f 1946 1907 1906
f 1946 1947 1907
f 1947 1908 1907
f 1947 1948 1908
f 1948 1909 1908
f 1948 1949 1909
f 1949 1910 1909
f 1949 1950 1910
f 1950 1911 1910
f 1950 1951 1911
f 1951 1912 1911
f 1951 1952 1912
f 1952 1913 1912
f 1952 1953 1913
f 1953 1914 1913
f 1953 1954 1914
f 1954 1915 1914
f 1954 1955 1915
f 1955 1916 1915
f 1955 1956 1916
f 1956 1917 1916
f 1956 1957 1917
f 1957 1918 1917
f 1957 1958 1918
f 1958 1919 1918
f 1958 1959 1919
f 1959 1920 1919
f 1959 1960 1920
f 1960 1921 1920
f 1960 1961 1921
f 1961 1922 1921
f 1961 1962 1922
f 1962 1923 1922
f 1962 1963 1923
f 1963 1924 1923
f 1963 1964 1924
f 1964 1925 1924
f 1964 1965 1925
f 1965 1926 1925
f 1965 1966 1926
f 1966 1887 1926
f 1966 1927 1887
f 1967 1928 1927
f 1967 1968 1928
f 1968 1929 1928
f 1968 1969 1929
f 1969 1930 1929
f 1969 1970 1930
f 1970 1931 1930
f 1970 1971 1931
f 1971 1932 1931
f 1971 1972 1932
f 1972 1933 1932
f 1972 1973 1933
f 1973 1934 1933
f 1973 1974 1934
f 1974 1935 1934
f 1974 1975 1935
f 1975 1936 1935
f 1975 1976 1936
f 1976 1937 1936
f 1976 1977 1937
f 1977 1938 1937
f 1977 1978 1938
f 1978 1939 1938
f 1978 1979 1939
f 1979 1940 1939
f 1979 1980 1940
f 1980 1941 1940
f 1980 1981 1941
f 1981 1942 1941
f 1981 1982 1942
f 1982 1943 1942
f 1982 1983 1943
f 1983 1944 1943
f 1983 1984 1944
f 1984 1945 1944
f 1984 1985 1945
f 1985 1946 1945
f 1985 1986 1946
f 1986 1947 1946
f 1986 1987 1947
f 1987 1948 1947
f 1987 1988 1948
f 1988 1949 1948
f 1988 1989 1949
f 1989 1950 1949
f 1989 1990 1950
f 1990 1951 1950
f 1990 1991 1951
f 1991 1952 1951
f 1991 1992 1952
f 1992 1953 1952
f 1992 1993 1953
f 1993 1954 1953
f 1993 1994 1954
f 1994 1955 1954
f 1994 1995 1955
f 1995 1956 1955
f 1995 1996 1956
f 1996 1957 1956
f 1996 1997 1957
f 1997 1958 1957
f 1997 1998 1958
f 1998 1959 1958
f 1998 1999 1959
f 1999 1960 1959
f 1999 2000 1960
f 2000 1961 1960
f 2000 2001 1961
f 2001 1962 1961
f 2001 2002 1962
f 2002 1963 1962
f 2002 2003 1963
f 2003 1964 1963
f 2003 2004 1964
f 2004 1965 1964
f 2004 2005 1965
f 2005 1966 1965
f 2005 2006 1966
f 2006 1927 1966
f 2006 1967 1927
f 2007 1968 1967
f 2007 2008 1968
f 2008 1969 1968
f 2008 2009 1969
f 2009 1970 1969
f 2009 2010 1970
f 2010 1971 1970
f 2010 2011 1971
f 2011 1972 1971
f 2011 2012 1972
f 2012 1973 1972
f 2012 2013 1973
f 2013 1974 1973
f 2013 2014 1974
f 2014 1975 1974
f 2014 2015 1975
f 2015 1976 1975
f 2015 2016 1976
f 2016 1977 1976
f 2016 2017 1977
f 2017 1978 1977
f 2017 2018 1978
f 2018 1979 1978
f 2018 2019 1979
f 2019 1980 1979
f 2019 2020 1980
f 2020 1981 1980
f 2020 2021 1981
f 2021 1982 1981
f 2021 2022 1982
f 2022 1983 1982
f 2022 2023 1983
f 2023 1984 1983
f 2023 2024 1984
f 2024 1985 1984
f 2024 2025 1985
f 2025 1986 1985
f 2025 2026 1986
f 2026 1987 1986
f 2026 2027 1987
f 2027 1988 1987
f 2027 2028 1988
f 2028 1989 1988
f 2028 2029 1989
f 2029 1990 1989
f 2029 2030 1990
f 2030 1991 1990
f 2030 2031 1991
f 2031 1992 1991
f 2031 2032 1992
f 2032 1993 1992
f 2032 2033 1993
f 2033 1994 1993
f 2033 2034 1994
f 2034 1995 1994
f 2034 2035 1995
f 2035 1996 1995
f 2035 2036 1996
f 2036 1997 1996
f 2036 2037 1997
f 2037 1998 1997
f 2037 2038 1998
f 2038 1999 1998
f 2038 2039 1999
f 2039 2000 1999
f 2039 2040 2000
f 2040 2001 2000
f 2040 2041 2001
f 2041 2002 2001
f 2041 2042 2002
f 2042 2003 2002
f 2042 2043 2003
f 2043 2004 2003
f 2043 2044 2004
f 2044 2005 2004
f 2044 2045 2005
f 2045 2006 2005
f 2045 2046 2006
f 2046 1967 2006
f 2046 2007 1967
f 2047 2008 2007
f 2047 2048 2008
f 2048 2009 2008
f 2048 2049 2009
f 2049 2010 2009
f 2049 2050 2010
f 2050 2011 2010
f 2050 2051 2011
f 2051 2012 2011
f 2051 2052 2012
f 2052 2013 2012
f 2052 2053 2013
f 2053 2014 2013
f 2053 2054 2014
f 2054 2015 2014
f 2054 2055 2015
f 2055 2016 2015
f 2055 2056 2016
f 2056 2017 2016
f 2056 2057 2017
f 2057 2018 2017
f 2057 2058 2018
f 2058 2019 2018
f 2058 2059 2019
f 2059 2020 2019
f 2059 2060 2020
f 2060 2021 2020
f 2060 2061 2021
f 2061 2022 2021
f 2061 2062 2022
f 2062 2023 2022
f 2062 2063 2023
f 2063 2024 2023
f 2063 2064 2024
f 2064 2025 2024
f 2064 2065 2025
f 2065 2026 2025
f 2065 2066 2026
f 2066 2027 2026
f 2066 2067 2027
f 2067 2028 2027
f 2067 2068 2028
f 2068 2029 2028
f 2068 2069 2029
f 2069 2030 2029
f 2069 2070 2030
f 2070 2031 2030
f 2070 2071 2031
f 2071 2032 2031
f 2071 2072 2032
f 2072 2033 2032
f 2072 2073 2033
f 2073 2034 2033
f 2073 2074 2034
f 2074 2035 2034
f 2074 2075 2035
f 2075 2036 2035
f 2075 2076 2036
f 2076 2037 2036
f 2076 2077 2037
f 2077 2038 2037
f 2077 2078 2038
f 2078 2039 2038
f 2078 2079 2039
f 2079 2040 2039
f 2079 2080 2040
f 2080 2041 2040
f 2080 2081 2041
f 2081 2042 2041
f 2081 2082 2042
f 2082 2043 2042
f 2082 2083 2043
f 2083 2044 2043
f 2083 2084 2044
f 2084 2045 2044
f 2084 2085 2045
f 2085 2046 2045
f 2085 2086 2046
f 2086 2007 2046
f 2086 2047 2007
f 2087 2048 2047
f 2087 2088 2048
f 2088 2049 2048
f 2088 2089 2049
f 2089 2050 2049
f 2089 2090 2050
f 2090 2051 2050
f 2090 2091 2051
f 2091 2052 2051
f 2091 2092 2052
f 2092 2053 2052
f 2092 2093 2053
f 2093 2054 2053
f 2093 2094 2054
f 2094 2055 2054
f 2094 2095 2055
f 2095 2056 2055
f 2095 2096 2056
f 2096 2057 2056
f 2096 2097 2057
f 2097 2058 2057
f 2097 2098 2058
f 2098 2059 2058
f 2098 2099 2059
f 2099 2060 2059
f 2099 2100 2060
f 2100 2061 2060
f 2100 2101 2061
f 2101 2062 2061
f 2101 2102 2062
f 2102 2063 2062
f 2102 2103 2063
f 2103 2064 2063
f 2103 2104 2064
f 2104 2065 2064
f 2104 2105 2065
f 2105 2066 2065
f 2105 2106 2066
f 2106 2067 2066
f 2106 2107 2067
f 2107 2068 2067
f 2107 2108 2068
f 2108 2069 2068
f 2108 2109 2069
f 2109 2070 2069
f 2109 2110 2070
f 2110 2071 2070
f 2110 2111 2071
f 2111 2072 2071
f 2111 2112 2072
f 2112 2073 2072
f 2112 2113 2073
f 2113 2074 2073
f 2113 2114 2074
f 2114 2075 2074
f 2114 2115 2075
f 2115 2076 2075
f 2115 2116 2076
f 2116 2077 2076
f 2116 2117 2077
f 2117 2078 2077
f 2117 2118 2078
f 2118 2079 2078
f 2118 2119 2079
f 2119 2080 2079
f 2119 2120 2080
f 2120 2081 2080
f 2120 2121 2081
f 2121 2082 2081
f 2121 2122 2082
f 2122 2083 2082
f 2122 2123 2083
f 2123 2084 2083
f 2123 2124 2084
f 2124 2085 2084
f 2124 2125 2085
f 2125 2086 2085
f 2125 2126 2086
f 2126 2047 2086
f 2126 2087 2047
f 2127 2088 2087
f 2127 2128 2088
f 2128 2089 2088
f 2128 2129 2089
f 2129 2090 2089
f 2129 2130 2090
f 2130 2091 2090
f 2130 2131 2091
f 2131 2092 2091
f 2131 2132 2092
f 2132 2093 2092
f 2132 2133 2093
f 2133 2094 2093
f 2133 2134 2094
f 2134 2095 2094
f 2134 2135 2095
f 2135 2096 2095
f 2135 2136 2096
f 2136 2097 2096
f 2136 2137 2097
f 2137 2098 2097
f 2137 2138 2098
f 2138 2099 2098
f 2138 2139 2099
f 2139 2100 2099
f 2139 2140 2100
f 2140 2101 2100
f 2140 2141 2101
f 2141 2102 2101
f 2141 2142 2102
f 2142 2103 2102
f 2142 2143 2103
f 2143 2104 2103
f 2143 2144 2104
f 2144 2105 2104
f 2144 2145 2105
f 2145 2106 2105
f 2145 2146 2106
f 2146 2107 2106
f 2146 2147 2107
f 2147 2108 2107
f 2147 2148 2108
f 2148 2109 2108
f 2148 2149 2109
f 2149 2110 2109
f 2149 2150 2110
f 2150 2111 2110
f 2150 2151 2111
f 2151 2112 2111
f 2151 2152 2112
f 2152 2113 2112
f 2152 2153 2113
f 2153 2114 2113
f 2153 2154 2114
f 2154 2115 2114
f 2154 2155 2115
f 2155 2116 2115
f 2155 2156 2116
f 2156 2117 2116
f 2156 2157 2117
f 2157 2118 2117
f 2157 2158 2118
f 2158 2119 2118
f 2158 2159 2119
f 2159 2120 2119
f 2159 2160 2120
f 2160 2121 2120
f 2160 2161 2121
f 2161 2122 2121
f 2161 2162 2122
f 2162 2123 2122
f 2162 2163 2123
f 2163 2124 2123
f 2163 2164 2124
f 2164 2125 2124
f 2164 2165 2125
f 2165 2126 2125
f 2165 2166 2126
f 2166 2087 2126
f 2166 2127 2087
f 2167 2128 2127
f 2167 2168 2128
f 2168 2129 2128
f 2168 2169 2129
f 2169 2130 2129
f 2169 2170 2130
f 2170 2131 2130
f 2170 2171 2131
f 2171 2132 2131
f 2171 2172 2132
f 2172 2133 2132
f 2172 2173 2133
f 2173 2134 2133
f 2173 2174 2134
f 2174 2135 2134
f 2174 2175 2135
f 2175 2136 2135
f 2175 2176 2136
f 2176 2137 2136
f 2176 2177 2137
f 2177 2138 2137
f 2177 2178 2138
f 2178 2139 2138
f 2178 2179 2139
f 2179 2140 2139
f 2179 2180 2140
f 2180 2141 2140
f 2180 2181 2141
f 2181 2142 2141
f 2181 2182 2142
f 2182 2143 2142
f 2182 2183 2143
f 2183 2144 2143
f 2183 2184 2144
f 2184 2145 2144
f 2184 2185 2145
f 2185 2146 2145
f 2185 2186 2146
f 2186 2147 2146
f 2186 2187 2147
f 2187 2148 2147
f 2187 2188 2148
f 2188 2149 2148
f 2188 2189 2149
f 2189 2150 2149
f 2189 2190 2150
f 2190 2151 2150
f 2190 2191 2151
f 2191 2152 2151
f 2191 2192 2152
f 2192 2153 2152
f 2192 2193 2153
f 2193 2154 2153
f 2193 2194 2154
f 2194 2155 2154
f 2194 2195 2155
f 2195 2156 2155
f 2195 2196 2156
f 2196 2157 2156
f 2196 2197 2157
f 2197 2158 2157
f 2197 2198 2158
f 2198 2159 2158
f 2198 2199 2159
f 2199 2160 2159
f 2199 2200 2160
f 2200 2161 2160
f 2200 2201 2161
f 2201 2162 2161
f 2201 2202 2162
f 2202 2163 2162
f 2202 2203 2163
f 2203 2164 2163
f 2203 2204 2164
f 2204 2165 2164
f 2204 2205 2165
f 2205 2166 2165
f 2205 2206 2166
f 2206 2127 2166
f 2206 2167 2127
f 2207 2168 2167
f 2207 2208 2168
f 2208 2169 2168
f 2208 2209 2169
f 2209 2170 2169
f 2209 2210 2170
f 2210 2171 2170
f 2210 2211 2171
f 2211 2172 2171
f 2211 2212 2172
f 2212 2173 2172
f 2212 2213 2173
f 2213 2174 2173
f 2213 2214 2174
f 2214 2175 2174
f 2214 2215 2175
f 2215 2176 2175
f 2215 2216 2176
f 2216 2177 2176
f 2216 2217 2177
f 2217 2178 2177
f 2217 2218 2178
f 2218 2179 2178
f 2218 2219 2179
f 2219 2180 2179
f 2219 2220 2180
f 2220 2181 2180
f 2220 2221 2181
f 2221 2182 2181
f 2221 2222 2182
f 2222 2183 2182
f 2222 2223 2183
f 2223 2184 2183
f 2223 2224 2184
f 2224 2185 2184
f 2224 2225 2185
f 2225 2186 2185
f 2225 2226 2186
f 2226 2187 2186
f 2226 2227 2187
f 2227 2188 2187
f 2227 2228 2188
f 2228 2189 2188
f 2228 2229 2189
f 2229 2190 2189
f 2229 2230 2190
f 2230 2191 2190
f 2230 2231 2191
f 2231 2192 2191
f 2231 2232 2192
f 2232 2193 2192
f 2232 2233 2193
f 2233 2194 2193
f 2233 2234 2194
f 2234 2195 2194
f 2234 2235 2195
f 2235 2196 2195
f 2235 2236 2196
f 2236 2197 2196
f 2236 2237 2197
f 2237 2198 2197
f 2237 2238 2198
f 2238 2199 2198
f 2238 2239 2199
f 2239 2200 2199
f 2239 2240 2200
f 2240 2201 2200
f 2240 2241 2201
f 2241 2202 2201
f 2241 2242 2202
f 2242 2203 2202
f 2242 2243 2203
f 2243 2204 2203
f 2243 2244 2204
f 2244 2205 2204
f 2244 2245 2205
f 2245 2206 2205
f 2245 2246 2206
f 2246 2167 2206
f 2246 2207 2167
f 2247 2208 2207
f 2247 2248 2208
f 2248 2209 2208
f 2248 2249 2209
f 2249 2210 2209
f 2249 2250 2210
f 2250 2211 2210
f 2250 2251 2211
f 2251 2212 2211
f 2251 2252 2212
f 2252 2213 2212
f 2252 2253 2213
f 2253 2214 2213
f 2253 2254 2214
f 2254 2215 2214
f 2254 2255 2215
f 2255 2216 2215
f 2255 2256 2216
f 2256 2217 2216
f 2256 2257 2217
f 2257 2218 2217
f 2257 2258 2218
f 2258 2219 2218
f 2258 2259 2219
f 2259 2220 2219
f 2259 2260 2220
f 2260 2221 2220
f 2260 2261 2221
f 2261 2222 2221
f 2261 2262 2222
f 2262 2223 2222
f 2262 2263 2223
f 2263 2224 2223
f 2263 2264 2224
f 2264 2225 2224
f 2264 2265 2225
f 2265 2226 2225
f 2265 2266 2226
f 2266 2227 2226
f 2266 2267 2227
f 2267 2228 2227
f 2267 2268 2228
f 2268 2229 2228
f 2268 2269 2229
f 2269 2230 2229
f 2269 2270 2230
f 2270 2231 2230
f 2270 2271 2231
f 2271 2232 2231
f 2271 2272 2232
f 2272 2233 2232
f 2272 2273 2233
f 2273 2234 2233
f 2273 2274 2234
f 2274 2235 2234
f 2274 2275 2235
f 2275 2236 2235
f 2275 2276 2236
f 2276 2237 2236
f 2276 2277 2237
f 2277 2238 2237
f 2277 2278 2238
f 2278 2239 2238
f 2278 2279 2239
f 2279 2240 2239
f 2279 2280 2240
f 2280 2241 2240
f 2280 2281 2241
f 2281 2242 2241
f 2281 2282 2242
f 2282 2243 2242
f 2282 2283 2243
f 2283 2244 2243
f 2283 2284 2244
f 2284 2245 2244
f 2284 2285 2245
f 2285 2246 2245
f 2285 2286 2246
f 2286 2207 2246
f 2286 2247 2207
f 2287 2289 2290
f 2288 3010 3009
f 2287 2290 2291
f 2288 3011 3010
f 2287 2291 2292
f 2288 3012 3011
f 2287 2292 2293
f 2288 3013 3012
f 2287 2293 2294
f 2288 3014 3013
f 2287 2294 2295
f 2288 3015 3014
f 2287 2295 2296
f 2288 3016 3015
f 2287 2296 2297
f 2288 3017 3016
f 2287 2297 2298
f 2288 3018 3017
f 2287 2298 2299
f 2288 3019 3018
f 2287 2299 2300
f 2288 3020 3019
f 2287 2300 2301
f 2288 3021 3020
f 2287 2301 2302
f 2288 3022 3021
f 2287 2302 2303
f 2288 3023 3022
f 2287 2303 2304
f 2288 3024 3023
f 2287 2304 2305
f 2288 3025 3024
f 2287 2305 2306
f 2288 3026 3025
f 2287 2306 2307
f 2288 3027 3026
f 2287 2307 2308
f 2288 3028 3027
f 2287 2308 2309
f 2288 3029 3028
f 2287 2309 2310
f 2288 3030 3029
f 2287 2310 2311
f 2288 3031 3030
f 2287 2311 2312
f 2288 3032 3031
f 2287 2312 2313
f 2288 3033 3032
f 2287 2313 2314
f 2288 3034 3033
f 2287 2314 2315
f 2288 3035 3034
f 2287 2315 2316
f 2288 3036 3035
f 2287 2316 2317
f 2288 3037 3036
f 2287 2317 2318
f 2288 3038 3037
f 2287 2318 2319
f 2288 3039 3038
f 2287 2319 2320
f 2288 3040 3039
f 2287 2320 2321
f 2288 3041 3040
f 2287 2321 2322
f 2288 3042 3041
f 2287 2322 2323
f 2288 3043 3042
f 2287 2323 2324
f 2288 3044 3043
f 2287 2324 2325
f 2288 3045 3044
f 2287 2325 2326
f 2288 3046 3045
f 2287 2326 2327
f 2288 3047 3046
f 2287 2327 2328
f 2288 3048 3047
f 2287 2328 2289
f 2288 3009 3048
f 2329 2290 2289
f 2329 2330 2290
f 2330 2291 2290
f 2330 2331 2291
f 2331 2292 2291
f 2331 2332 2292
f 2332 2293 2292
f 2332 2333 2293
f 2333 2294 2293
f 2333 2334 2294
f 2334 2295 2294
f 2334 2335 2295
f 2335 2296 2295
f 2335 2336 2296
f 2336 2297 2296
f 2336 2337 2297
f 2337 2298 2297
f 2337 2338 2298
f 2338 2299 2298
f 2338 2339 2299
f 2339 2300 2299
f 2339 2340 2300
f 2340 2301 2300
f 2340 2341 2301
f 2341 2302 2301
f 2341 2342 2302
f 2342 2303 2302
f 2342 2343 2303
f 2343 2304 2303
f 2343 2344 2304
f 2344 2305 2304
f 2344 2345 2305
f 2345 2306 2305
f 2345 2346 2306
f 2346 2307 2306
f 2346 2347 2307
f 2347 2308 2307
f 2347 2348 2308
f 2348 2309 2308
f 2348 2349 2309
f 2349 2310 2309
f 2349 2350 2310
f 2350 2311 2310
f 2350 2351 2311
f 2351 2312 2311
f 2351 2352 2312
f 2352 2313 2312
f 2352 2353 2313
f 2353 2314 2313
f 2353 2354 2314
f 2354 2315 2314
f 2354 2355 2315
f 2355 2316 2315
f 2355 2356 2316
f 2356 2317 2316
f 2356 2357 2317
f 2357 2318 2317
f 2357 2358 2318
f 2358 2319 2318
f 2358 2359 2319
f 2359 2320 2319
f 2359 2360 2320
f 2360 2321 2320
f 2360 2361 2321
f 2361 2322 2321
f 2361 2362 2322
f 2362 2323 2322
f 2362 2363 2323
f 2363 2324 2323
f 2363 2364 2324
f 2364 2325 2324
f 2364 2365 2325
f 2365 2326 2325
f 2365 2366 2326
f 2366 2327 2326
f 2366 2367 2327
f 2367 2328 2327
f 2367 2368 2328
f 2368 2289 2328
f 2368 2329 2289
f 2369 2330 2329
f 2369 2370 2330
f 2370 2331 2330
f 2370 2371 2331
f 2371 2332 2331
f 2371 2372 2332
f 2372 2333 2332
f 2372 2373 2333
f 2373 2334 2333
f 2373 2374 2334
f 2374 2335 2334
f 2374 2375 2335
f 2375 2336 2335
f 2375 2376 2336
f 2376 2337 2336
f 2376 2377 2337
f 2377 2338 2337
f 2377 2378 2338
f 2378 2339 2338
f 2378 2379 2339
f 2379 2340 2339
f 2379 2380 2340
f 2380 2341 2340
f 2380 2381 2341
f 2381 2342 2341
f 2381 2382 2342
f 2382 2343 2342
f 2382 2383 2343
f 2383 2344 2343
f 2383 2384 2344
f 2384 2345 2344
f 2384 2385 2345
f 2385 2346 2345
f 2385 2386 2346
f 2386 2347 2346
f 2386 2387 2347
f 2387 2348 2347
f 2387 2388 2348
f 2388 2349 2348
f 2388 2389 2349
f 2389 2350 2349
f 2389 2390 2350
f 2390 2351 2350
f 2390 2391 2351
f 2391 2352 2351
f 2391 2392 2352
f 2392 2353 2352
f 2392 2393 2353
f 2393 2354 2353
f 2393 2394 2354
f 2394 2355 2354
f 2394 2395 2355
f 2395 2356 2355
f 2395 2396 2356
f 2396 2357 2356
f 2396 2397 2357
f 2397 2358 2357
f 2397 2398 2358
f 2398 2359 2358
f 2398 2399 2359
f 2399 2360 2359
f 2399 2400 2360
f 2400 2361 2360
f 2400 2401 2361
f 2401 2362 2361
f 2401 2402 2362
f 2402 2363 2362
f 2402 2403 2363
f 2403 2364 2363
f 2403 2404 2364
f 2404 2365 2364
f 2404 2405 2365
f 2405 2366 2365
f 2405 2406 2366
f 2406 2367 2366
f 2406 2407 2367
f 2407 2368 2367
f 2407 2408 2368
f 2408 2329 2368
f 2408 2369 2329
f 2409 2370 2369
f 2409 2410 2370
f 2410 2371 2370
f 2410 2411 2371
f 2411 2372 2371
f 2411 2412 2372
f 2412 2373 2372
f 2412 2413 2373
f 2413 2374 2373
f 2413 2414 2374
f 2414 2375 2374
f 2414 2415 2375
f 2415 2376 2375
f 2415 2416 2376
f 2416 2377 2376
f 2416 2417 2377
f 2417 2378 2377
f 2417 2418 2378
f 2418 2379 2378
f 2418 2419 2379
f 2419 2380 2379
f 2419 2420 2380
f 2420 2381 2380
f 2420 2421 2381
f 2421 2382 2381
f 2421 2422 2382
f 2422 2383 2382
f 2422 2423 2383
f 2423 2384 2383
f 2423 2424 2384
f 2424 2385 2384
f 2424 2425 2385
f 2425 2386 2385
f 2425 2426 2386
f 2426 2387 2386
f 2426 2427 2387
f 2427 2388 2387
f 2427 2428 2388
f 2428 2389 2388
f 2428 2429 2389
f 2429 2390 2389
f 2429 2430 2390
f 2430 2391 2390
f 2430 2431 2391
f 2431 2392 2391
f 2431 2432 2392
f 2432 2393 2392
f 2432 2433 2393
f 2433 2394 2393
f 2433 2434 2394
f 2434 2395 2394
f 2434 2435 2395
f 2435 2396 2395
f 2435 2436 2396
f 2436 2397 2396
f 2436 2437 2397
f 2437 2398 2397
f 2437 2438 2398
f 2438 2399 2398
f 2438 2439 2399
f 2439 2400 2399
f 2439 2440 2400
f 2440 2401 2400
f 2440 2441 2401
f 2441 2402 2401
f 2441 2442 2402
f 2442 2403 2402
f 2442 2443 2403
f 2443 2404 2403
f 2443 2444 2404
f 2444 2405 2404
f 2444 2445 2405
f 2445 2406 2405
f 2445 2446 2406
f 2446 2407 2406
f 2446 2447 2407
f 2447 2408 2407
f 2447 2448 2408
f 2448 2369 2408
f 2448 2409 2369
f 2449 2410 2409
f 2449 2450 2410
f 2450 2411 2410
f 2450 2451 2411
f 2451 2412 2411
f 2451 2452 2412
f 2452 2413 2412
f 2452 2453 2413
f 2453 2414 2413
f 2453 2454 2414
f 2454 2415 2414
f 2454 2455 2415
f 2455 2416 2415
f 2455 2456 2416
f 2456 2417 2416
f 2456 2457 2417
f 2457 2418 2417
f 2457 2458 2418
f 2458 2419 2418
f 2458 2459 2419
f 2459 2420 2419
f 2459 2460 2420
f 2460 2421 2420
f 2460 2461 2421
f 2461 2422 2421
f 2461 2462 2422
f 2462 2423 2422
f 2462 2463 2423
f 2463 2424 2423
f 2463 2464 2424
f 2464 2425 2424
f 2464 2465 2425
f 2465 2426 2425
f 2465 2466 2426
f 2466 2427 2426
f 2466 2467 2427
f 2467 2428 2427
f 2467 2468 2428
f 2468 2429 2428
f 2468 2469 2429
f 2469 2430 2429
f 2469 2470 2430
f 2470 2431 2430
f 2470 2471 2431
f 2471 2432 2431
f 2471 2472 2432
f 2472 2433 2432
f 2472 2473 2433
f 2473 2434 2433
f 2473 2474 2434
f 2474 2435 2434
f 2474 2475 2435
f 2475 2436 2435
f 2475 2476 2436
f 2476 2437 2436
f 2476 2477 2437
f 2477 2438 2437
f 2477 2478 2438
f 2478 2439 2438
f 2478 2479 2439
f 2479 2440 2439
f 2479 2480 2440
f 2480 2441 2440
f 2480 2481 2441
f 2481 2442 2441
f 2481 2482 2442
f 2482 2443 2442
f 2482 2483 2443
f 2483 2444 2443
f 2483 2484 2444
f 2484 2445 2444
f 2484 2485 2445
f 2485 2446 2445
f 2485 2486 2446
f 2486 2447 2446
f 2486 2487 2447
f 2487 2448 2447
f 2487 2488 2448
f 2488 2409 2448
f 2488 2449 2409
f 2489 2450 2449
f 2489 2490 2450
f 2490 2451 2450
f 2490 2491 2451
f 2491 2452 2451
f 2491 2492 2452
f 2492 2453 2452
f 2492 2493 2453
f 2493 2454 2453
f 2493 2494 2454
f 2494 2455 2454
f 2494 2495 2455
f 2495 2456 2455
f 2495 2496 2456
f 2496 2457 2456
f 2496 2497 2457
f 2497 2458 2457
f 2497 2498 2458
f 2498 2459 2458
f 2498 2499 2459
f 2499 2460 2459
f 2499 2500 2460
f 2500 2461 2460
f 2500 2501 2461
f 2501 2462 2461
f 2501 2502 2462
f 2502 2463 2462
f 2502 2503 2463
f 2503 2464 2463
f 2503 2504 2464
f 2504 2465 2464
f 2504 2505 2465
f 2505 2466 2465
f 2505 2506 2466
f 2506 2467 2466
f 2506 2507 2467
f 2507 2468 2467
f 2507 2508 2468
f 2508 2469 2468
f 2508 2509 2469
f 2509 2470 2469
f 2509 2510 2470
f 2510 2471 2470
f 2510 2511 2471
f 2511 2472 2471
f 2511 2512 2472
f 2512 2473 2472
f 2512 2513 2473
f 2513 2474 2473
f 2513 2514 2474
f 2514 2475 2474
f 2514 2515 2475
f 2515 2476 2475
f 2515 2516 2476
f 2516 2477 2476
f 2516 2517 2477
f 2517 2478 2477
f 2517 2518 2478
f 2518 2479 2478
f 2518 2519 2479
f 2519 2480 2479
f 2519 2520 2480
f 2520 2481 2480
f 2520 2521 2481
f 2521 2482 2481
f 2521 2522 2482
f 2522 2483 2482
f 2522 2523 2483
f 2523 2484 2483
f 2523 2524 2484
f 2524 2485 2484
f 2524 2525 2485
f 2525 2486 2485
f 2525 2526 2486
f 2526 2487 2486
f 2526 2527 2487
f 2527 2488 2487
f 2527 2528 2488
f 2528 2449 2488
f 2528 2489 2449
f 2529 2490 2489
f 2529 2530 2490
f 2530 2491 2490
f 2530 2531 2491
f 2531 2492 2491
f 2531 2532 2492
f 2532 2493 2492
f 2532 2533 2493
f 2533 2494 2493
f 2533 2534 2494
f 2534 2495 2494
f 2534 2535 2495
f 2535 2496 2495
f 2535 2536 2496
f 2536 2497 2496
f 2536 2537 2497
f 2537 2498 2497
f 2537 2538 2498
f 2538 2499 2498
f 2538 2539 2499
f 2539 2500 2499
f 2539 2540 2500
f 2540 2501 2500
f 2540 2541 2501
f 2541 2502 2501
f 2541 2542 2502
f 2542 2503 2502
f 2542 2543 2503
f 2543 2504 2503
f 2543 2544 2504
f 2544 2505 2504
f 2544 2545 2505
f 2545 2506 2505
f 2545 2546 2506
f 2546 2507 2506
f 2546 2547 2507
f 2547 2508 2507
f 2547 2548 2508
f 2548 2509 2508
f 2548 2549 2509
f 2549 2510 2509
f 2549 2550 2510
f 2550 2511 2510
f 2550 2551 2511
f 2551 2512 2511
f 2551 2552 2512
f 2552 2513 2512
f 2552 2553 2513
f 2553 2514 2513
f 2553 2554 2514
f 2554 2515 2514
f 2554 2555 2515
f 2555 2516 2515
f 2555 2556 2516
f 2556 2517 2516
f 2556 2557 2517
f 2557 2518 2517
f 2557 2558 2518
f 2558 2519 2518
f 2558 2559 2519
f 2559 2520 2519
f 2559 2560 2520
f 2560 2521 2520
f 2560 2561 2521
f 2561 2522 2521
f 2561 2562 2522
f 2562 2523 2522
f 2562 2563 2523
f 2563 2524 2523
f 2563 2564 2524
f 2564 2525 2524
f 2564 2565 2525
f 2565 2526 2525
f 2565 2566 2526
f 2566 2527 2526
f 2566 2567 2527
f 2567 2528 2527
f 2567 2568 2528
f 2568 2489 2528
f 2568 2529 2489
f 2569 2530 2529
f 2569 2570 2530
f 2570 2531 2530
f 2570 2571 2531
f 2571 2532 2531
f 2571 2572 2532
f 2572 2533 2532
f 2572 2573 2533
f 2573 2534 2533
f 2573 2574 2534
f 2574 2535 2534
f 2574 2575 2535
f 2575 2536 2535
f 2575 2576 2536
f 2576 2537 2536
f 2576 2577 2537
f 2577 2538 2537
f 2577 2578 2538
f 2578 2539 2538
f 2578 2579 2539
f 2579 2540 2539
f 2579 2580 2540
f 2580 2541 2540
f 2580 2581 2541
f 2581 2542 2541
f 2581 2582 2542
f 2582 2543 2542
f 2582 2583 2543
f 2583 2544 2543
f 2583 2584 2544
f 2584 2545 2544
f 2584 2585 2545
f 2585 2546 2545
f 2585 2586 2546
f 2586 2547 2546
f 2586 2587 2547
f 2587 2548 2547
f 2587 2588 2548
f 2588 2549 2548
f 2588 2589 2549
f 2589 2550 2549
f 2589 2590 2550
f 2590 2551 2550
f 2590 2591 2551
f 2591 2552 2551
f 2591 2592 2552
f 2592 2553 2552
f 2592 2593 2553
f 2593 2554 2553
f 2593 2594 2554
f 2594 2555 2554
f 2594 2595 2555
f 2595 2556 2555
f 2595 2596 2556
f 2596 2557 2556
f 2596 2597 2557
f 2597 2558 2557
f 2597 2598 2558
f 2598 2559 2558
f 2598 2599 2559
f 2599 2560 2559
f 2599 2600 2560
f 2600 2561 2560
f 2600 2601 2561
f 2601 2562 2561
f 2601 2602 2562
f 2602 2563 2562
f 2602 2603 2563
f 2603 2564 2563
f 2603 2604 2564
f 2604 2565 2564
f 2604 2605 2565
f 2605 2566 2565
f 2605 2606 2566
f 2606 2567 2566
f 2606 2607 2567
f 2607 2568 2567
f 2607 2608 2568
f 2608 2529 2568
f 2608 2569 2529
f 2609 2570 2569
f 2609 2610 2570
f 2610 2571 2570
f 2610 2611 2571
f 2611 2572 2571
f 2611 2612 2572
f 2612 2573 2572
f 2612 2613 2573
f 2613 2574 2573
f 2613 2614 2574
f 2614 2575 2574
f 2614 2615 2575
f 2615 2576 2575
f 2615 2616 2576
f 2616 2577 2576
f 2616 2617 2577
f 2617 2578 2577
f 2617 2618 2578
f 2618 2579 2578
f 2618 2619 2579
f 2619 2580 2579
f 2619 2620 2580
f 2620 2581 2580
f 2620 2621 2581
f 2621 2582 2581
f 2621 2622 2582
f 2622 2583 2582
f 2622 2623 2583
f 2623 2584 2583
f 2623 2624 2584
f 2624 2585 2584
f 2624 2625 2585
f 2625 2586 2585
f 2625 2626 2586
f 2626 2587 2586
f 2626 2627 2587
f 2627 2588 2587
f 2627 2628 2588
f 2628 2589 2588
f 2628 2629 2589
f 2629 2590 2589
f 2629 2630 2590
f 2630 2591 2590
f 2630 2631 2591
f 2631 2592 2591
f 2631 2632 2592
f 2632 2593 2592
f 2632 2633 2593
f 2633 2594 2593
f 2633 2634 2594
f 2634 2595 2594
f 2634 2635 2595
f 2635 2596 2595
f 2635 2636 2596
f 2636 2597 2596
f 2636 2637 2597
f 2637 2598 2597
f 2637 2638 2598
f 2638 2599 2598
f 2638 2639 2599
f 2639 2600 2599
f 2639 2640 2600
f 2640 2601 2600
f 2640 2641 2601
f 2641 2602 2601
f 2641 2642 2602
f 2642 2603 2602
f 2642 2643 2603
f 2643 2604 2603
f 2643 2644 2604
f 2644 2605 2604
f 2644 2645 2605
f 2645 2606 2605
f 2645 2646 2606
f 2646 2607 2606
f 2646 2647 2607
f 2647 2608 2607
f 2647 2648 2608
f 2648 2569 2608
f 2648 2609 2569
f 2649 2610 2609
f 2649 2650 2610
f 2650 2611 2610
f 2650 2651 2611
f 2651 2612 2611
f 2651 2652 2612
f 2652 2613 2612
f 2652 2653 2613
f 2653 2614 2613
f 2653 2654 2614
f 2654 2615 2614
f 2654 2655 2615
f 2655 2616 2615
f 2655 2656 2616
f 2656 2617 2616
f 2656 2657 2617
f 2657 2618 2617
f 2657 2658 2618
f 2658 2619 2618
f 2658 2659 2619
f 2659 2620 2619
f 2659 2660 2620
f 2660 2621 2620
f 2660 2661 2621
f 2661 2622 2621
f 2661 2662 2622
f 2662 2623 2622
f 2662 2663 2623
f 2663 2624 2623
f 2663 2664 2624
f 2664 2625 2624
f 2664 2665 2625
f 2665 2626 2625
f 2665 2666 2626
f 2666 2627 2626
f 2666 2667 2627
f 2667 2628 2627
f 2667 2668 2628
f 2668 2629 2628
f 2668 2669 2629
f 2669 2630 2629
f 2669 2670 2630
f 2670 2631 2630
f 2670 2671 2631
f 2671 2632 2631
f 2671 2672 2632
f 2672 2633 2632
f 2672 2673 2633
f 2673 2634 2633
f 2673 2674 2634
f 2674 2635 2634
f 2674 2675 2635
f 2675 2636 2635
f 2675 2676 2636
f 2676 2637 2636
f 2676 2677 2637
f 2677 2638 2637
f 2677 2678 2638
f 2678 2639 2638
f 2678 2679 2639
f 2679 2640 2639
f 2679 2680 2640
f 2680 2641 2640
f 2680 2681 2641
f 2681 2642 2641
f 2681 2682 2642
f 2682 2643 2642
f 2682 2683 2643
f 2683 2644 2643
f 2683 2684 2644
f 2684 2645 2644
f 2684 2685 2645
f 2685 2646 2645
f 2685 2686 2646
f 2686 2647 2646
f 2686 2687 2647
f 2687 2648 2647
f 2687 2688 2648
f 2688 2609 2648
f 2688 2649 2609
f 2689 2650 2649
f 2689 2690 2650
f 2690 2651 2650
f 2690 2691 2651
f 2691 2652 2651
f 2691 2692 2652
f 2692 2653 2652
f 2692 2693 2653
f 2693 2654 2653
f 2693 2694 2654
f 2694 2655 2654
f 2694 2695 2655
f 2695 2656 2655
f 2695 2696 2656
f 2696 2657 2656
f 2696 2697 2657
f 2697 2658 2657
f 2697 2698 2658
f 2698 2659 2658
f 2698 2699 2659
f 2699 2660 2659
f 2699 2700 2660
f 2700 2661 2660
f 2700 2701 2661
f 2701 2662 2661
f 2701 2702 2662
f 2702 2663 2662
f 2702 2703 2663
f 2703 2664 2663
f 2703 2704 2664
f 2704 2665 2664
f 2704 2705 2665
f 2705 2666 2665
f 2705 2706 2666
f 2706 2667 2666
f 2706 2707 2667
f 2707 2668 2667
f 2707 2708 2668
f 2708 2669 2668
f 2708 2709 2669
f 2709 2670 2669
f 2709 2710 2670
f 2710 2671 2670
f 2710 2711 2671
f 2711 2672 2671
f 2711 2712 2672
f 2712 2673 2672
f 2712 2713 2673
f 2713 2674 2673
f 2713 2714 2674
f 2714 2675 2674
f 2714 2715 2675
f 2715 2676 2675
f 2715 2716 2676
f 2716 2677 2676
f 2716 2717 2677
f 2717 2678 2677
f 2717 2718 2678
f 2718 2679 2678
f 2718 2719 2679
f 2719 2680 2679
f 2719 2720 2680
f 2720 2681 2680
f 2720 2721 2681
f 2721 2682 2681
f 2721 2722 2682
f 2722 2683 2682
f 2722 2723 2683
f 2723 2684 2683
f 2723 2724 2684
f 2724 2685 2684
f 2724 2725 2685
f 2725 2686 2685
f 2725 2726 2686
f 2726 2687 2686
f 2726 2727 2687
f 2727 2688 2687
f 2727 2728 2688
f 2728 2649 2688
f 2728 2689 2649
f 2729 2690 2689
f 2729 2730 2690
f 2730 2691 2690
f 2730 2731 2691
f 2731 2692 2691
f 2731 2732 2692
f 2732 2693 2692
f 2732 2733 2693
f 2733 2694 2693
f 2733 2734 2694
f 2734 2695 2694
f 2734 2735 2695
f 2735 2696 2695
f 2735 2736 2696
f 2736 2697 2696
f 2736 2737 2697
f 2737 2698 2697
f 2737 2738 2698
f 2738 2699 2698
f 2738 2739 2699
f 2739 2700 2699
f 2739 2740 2700
f 2740 2701 2700
f 2740 2741 2701
f 2741 2702 2701
f 2741 2742 2702
f 2742 2703 2702
f 2742 2743 2703
f 2743 2704 2703
f 2743 2744 2704
f 2744 2705 2704
f 2744 2745 2705
f 2745 2706 2705
f 2745 2746 2706
f 2746 2707 2706
f 2746 2747 2707
f 2747 2708 2707
f 2747 2748 2708
f 2748 2709 2708
f 2748 2749 2709
f 2749 2710 2709
f 2749 2750 2710
f 2750 2711 2710
f 2750 2751 2711
f 2751 2712 2711
f 2751 2752 2712
f 2752 2713 2712
f 2752 2753 2713
f 2753 2714 2713
f 2753 2754 2714
f 2754 2715 2714
f 2754 2755 2715
f 2755 2716 2715
f 2755 2756 2716
f 2756 2717 2716
f 2756 2757 2717
f 2757 2718 2717
f 2757 2758 2718
f 2758 2719 2718
f 2758 2759 2719
f 2759 2720 2719
f 2759 2760 2720
f 2760 2721 2720
f 2760 2761 2721
f 2761 2722 2721
f 2761 2762 2722
f 2762 2723 2722
f 2762 2763 2723
f 2763 2724 2723
f 2763 2764 2724
f 2764 2725 2724
f 2764 2765 2725
f 2765 2726 2725
f 2765 2766 2726
f 2766 2727 2726
f 2766 2767 2727
f 2767 2728 2727
f 2767 2768 2728
f 2768 2689 2728
f 2768 2729 2689
f 2769 2730 2729
f 2769 2770 2730
f 2770 2731 2730
f 2770 2771 2731
f 2771 2732 2731
f 2771 2772 2732
f 2772 2733 2732
f 2772 2773 2733
f 2773 2734 2733
f 2773 2774 2734
f 2774 2735 2734
f 2774 2775 2735
f 2775 2736 2735
f 2775 2776 2736
f 2776 2737 2736
f 2776 2777 2737
f 2777 2738 2737
f 2777 2778 2738
f 2778 2739 2738
f 2778 2779 2739
f 2779 2740 2739
f 2779 2780 2740
f 2780 2741 2740
f 2780 2781 2741
f 2781 2742 2741
f 2781 2782 2742
f 2782 2743 2742
f 2782 2783 2743
f 2783 2744 2743
f 2783 2784 2744
f 2784 2745 2744
f 2784 2785 2745
f 2785 2746 2745
f 2785 2786 2746
f 2786 2747 2746
f 2786 2787 2747
f 2787 2748 2747
f 2787 2788 2748
f 2788 2749 2748
f 2788 2789 2749
f 2789 2750 2749
f 2789 2790 2750
f 2790 2751 2750
f 2790 2791 2751
f 2791 2752 2751
f 2791 2792 2752
f 2792 2753 2752
f 2792 2793 2753
f 2793 2754 2753
f 2793 2794 2754
f 2794 2755 2754
f 2794 2795 2755
f 2795 2756 2755
f 2795 2796 2756
f 2796 2757 2756
f 2796 2797 2757
f 2797 2758 2757
f 2797 2798 2758
f 2798 2759 2758
f 2798 2799 2759
f 2799 2760 2759
f 2799 2800 2760
f 2800 2761 2760
f 2800 2801 2761
f 2801 2762 2761
f 2801 2802 2762
f 2802 2763 2762
f 2802 2803 2763
f 2803 2764 2763
f 2803 2804 2764
f 2804 2765 2764
f 2804 2805 2765
f 2805 2766 2765
f 2805 2806 2766
f 2806 2767 2766
f 2806 2807 2767
f 2807 2768 2767
f 2807 2808 2768
f 2808 2729 2768
f 2808 2769 2729
f 2809 2770 2769
f 2809 2810 2770
f 2810 2771 2770
f 2810 2811 2771
f 2811 2772 2771
f 2811 2812 2772
f 2812 2773 2772
f 2812 2813 2773
f 2813 2774 2773
f 2813 2814 2774
f 2814 2775 2774
f 2814 2815 2775
f 2815 2776 2775
f 2815 2816 2776
f 2816 2777 2776
f 2816 2817 2777
f 2817 2778 2777
f 2817 2818 2778
f 2818 2779 2778
f 2818 2819 2779
f 2819 2780 2779
f 2819 2820 2780
f 2820 2781 2780
f 2820 2821 2781
f 2821 2782 2781
f 2821 2822 2782
f 2822 2783 2782
f 2822 2823 2783
f 2823 2784 2783
f 2823 2824 2784
f 2824 2785 2784
f 2824 2825 2785
f 2825 2786 2785
f 2825 2826 2786
f 2826 2787 2786
f 2826 2827 2787
f 2827 2788 2787
f 2827 2828 2788
f 2828 2789 2788
f 2828 2829 2789
f 2829 2790 2789
f 2829 2830 2790
f 2830 2791 2790
f 2830 2831 2791
f 2831 2792 2791
f 2831 2832 2792
f 2832 2793 2792
f 2832 2833 2793
f 2833 2794 2793
f 2833 2834 2794
f 2834 2795 2794
f 2834 2835 2795
f 2835 2796 2795
f 2835 2836 2796
f 2836 2797 2796
f 2836 2837 2797
f 2837 2798 2797
f 2837 2838 2798
f 2838 2799 2798
f 2838 2839 2799
f 2839 2800 2799
f 2839 2840 2800
f 2840 2801 2800
f 2840 2841 2801
f 2841 2802 2801
f 2841 2842 2802
f 2842 2803 2802
f 2842 2843 2803
f 2843 2804 2803
f 2843 2844 2804
f 2844 2805 2804
f 2844 2845 2805
f 2845 2806 2805
f 2845 2846 2806
f 2846 2807 2806
f 2846 2847 2807
f 2847 2808 2807
f 2847 2848 2808
f 2848 2769 2808
f 2848 2809 2769
f 2849 2810 2809
f 2849 2850 2810
f 2850 2811 2810
f 2850 2851 2811
f 2851 2812 2811
f 2851 2852 2812
f 2852 2813 2812
f 2852 2853 2813
f 2853 2814 2813
f 2853 2854 2814
f 2854 2815 2814
f 2854 2855 2815
f 2855 2816 2815
f 2855 2856 2816
f 2856 2817 2816
f 2856 2857 2817
f 2857 2818 2817
f 2857 2858 2818
f 2858 2819 2818
f 2858 2859 2819
f 2859 2820 2819
f 2859 2860 2820
f 2860 2821 2820
f 2860 2861 2821
f 2861 2822 2821
f 2861 2862 2822
f 2862 2823 2822
f 2862 2863 2823
f 2863 2824 2823
f 2863 2864 2824
f 2864 2825 2824
f 2864 2865 2825
f 2865 2826 2825
f 2865 2866 2826
f 2866 2827 2826
f 2866 2867 2827
f 2867 2828 2827
f 2867 2868 2828
f 2868 2829 2828
f 2868 2869 2829
f 2869 2830 2829
f 2869 2870 2830
f 2870 2831 2830
f 2870 2871 2831
f 2871 2832 2831
f 2871 2872 2832
f 2872 2833 2832
f 2872 2873 2833
f 2873 2834 2833
f 2873 2874 2834
f 2874 2835 2834
f 2874 2875 2835
f 2875 2836 2835
f 2875 2876 2836
f 2876 2837 2836
f 2876 2877 2837
f 2877 2838 2837
f 2877 2878 2838
f 2878 2839 2838
f 2878 2879 2839
f 2879 2840 2839
f 2879 2880 2840
f 2880 2841 2840
f 2880 2881 2841
f 2881 2842 2841
f 2881 2882 2842
f 2882 2843 2842
f 2882 2883 2843
f 2883 2844 2843
f 2883 2884 2844
f 2884 2845 2844
f 2884 2885 2845
f 2885 2846 2845
f 2885 2886 2846
f 2886 2847 2846
f 2886 2887 2847
f 2887 2848 2847
f 2887 2888 2848
f 2888 2809 2848
f 2888 2849 2809
f 2889 2850 2849
f 2889 2890 2850
f 2890 2851 2850
f 2890 2891 2851
f 2891 2852 2851
f 2891 2892 2852
f 2892 2853 2852
f 2892 2893 2853
f 2893 2854 2853
f 2893 2894 2854
f 2894 2855 2854
f 2894 2895 2855
f 2895 2856 2855
f 2895 2896 2856
f 2896 2857 2856
f 2896 2897 2857
f 2897 2858 2857
f 2897 2898 2858
f 2898 2859 2858
f 2898 2899 2859
f 2899 2860 2859
f 2899 2900 2860
f 2900 2861 2860
f 2900 2901 2861
f 2901 2862 2861
f 2901 2902 2862
f 2902 2863 2862
f 2902 2903 2863
f 2903 2864 2863
f 2903 2904 2864
f 2904 2865 2864
f 2904 2905 2865
f 2905 2866 2865
f 2905 2906 2866
f 2906 2867 2866
f 2906 2907 2867
f 2907 2868 2867
f 2907 2908 2868
f 2908 2869 2868
f 2908 2909 2869
f 2909 2870 2869
f 2909 2910 2870
f 2910 2871 2870
f 2910 2911 2871
f 2911 2872 2871
f 2911 2912 2872
f 2912 2873 2872
f 2912 2913 2873
f 2913 2874 2873
f 2913 2914 2874
f 2914 2875 2874
f 2914 2915 2875
f 2915 2876 2875
f 2915 2916 2876
f 2916 2877 2876
f 2916 2917 2877
f 2917 2878 2877
f 2917 2918 2878
f 2918 2879 2878
f 2918 2919 2879
f 2919 2880 2879
f 2919 2920 2880
f 2920 2881 2880
f 2920 2921 2881
f 2921 2882 2881
f 2921 2922 2882
f 2922 2883 2882
f 2922 2923 2883
f 2923 2884 2883
f 2923 2924 2884
f 2924 2885 2884
f 2924 2925 2885
f 2925 2886 2885
f 2925 2926 2886
f 2926 2887 2886
f 2926 2927 2887
f 2927 2888 2887
f 2927 2928 2888
f 2928 2849 2888
f 2928 2889 2849
f 2929 2890 2889
f 2929 2930 2890
f 2930 2891 2890
f 2930 2931 2891
f 2931 2892 2891
f 2931 2932 2892
f 2932 2893 2892
f 2932 2933 2893
f 2933 2894 2893
f 2933 2934 2894
f 2934 2895 2894
f 2934 2935 2895
f 2935 2896 2895
f 2935 2936 2896
f 2936 2897 2896
f 2936 2937 2897
f 2937 2898 2897
f 2937 2938 2898
f 2938 2899 2898
f 2938 2939 2899
f 2939 2900 2899
f 2939 2940 2900
f 2940 2901 2900
f 2940 2941 2901
f 2941 2902 2901
f 2941 2942 2902
f 2942 2903 2902
f 2942 2943 2903
f 2943 2904 2903
f 2943 2944 2904
f 2944 2905 2904
f 2944 2945 2905
f 2945 2906 2905
f 2945 2946 2906
f 2946 2907 2906
f 2946 2947 2907
f 2947 2908 2907
f 2947 2948 2908
f 2948 2909 2908
f 2948 2949 2909
f 2949 2910 2909
f 2949 2950 2910
f 2950 2911 2910
f 2950 2951 2911
f 2951 2912 2911
f 2951 2952 2912
f 2952 2913 2912
f 2952 2953 2913
f 2953 2914 2913
f 2953 2954 2914
f 2954 2915 2914
f 2954 2955 2915
f 2955 2916 2915
f 2955 2956 2916
f 2956 2917 2916
f 2956 2957 2917
f 2957 2918 2917
f 2957 2958 2918
f 2958 2919 2918
f 2958 2959 2919
f 2959 2920 2919
f 2959 2960 2920
f 2960 2921 2920
f 2960 2961 2921
f 2961 2922 2921
f 2961 2962 2922
f 2962 2923 2922
f 2962 2963 2923
f 2963 2924 2923
f 2963 2964 2924
f 2964 2925 2924
f 2964 2965 2925
f 2965 2926 2925
f 2965 2966 2926
f 2966 2927 2926
f 2966 2967 2927
f 2967 2928 2927
f 2967 2968 2928
f 2968 2889 2928
f 2968 2929 2889
f 2969 2930 2929
f 2969 2970 2930
f 2970 2931 2930
f 2970 2971 2931
f 2971 2932 2931
f 2971 2972 2932
f 2972 2933 2932
f 2972 2973 2933
f 2973 2934 2933
f 2973 2974 2934
f 2974 2935 2934
f 2974 2975 2935
f 2975 2936 2935
f 2975 2976 2936
f 2976 2937 2936
f 2976 2977 2937
f 2977 2938 2937
f 2977 2978 2938
f 2978 2939 2938
f 2978 2979 2939
f 2979 2940 2939
f 2979 2980 2940
f 2980 2941 2940
f 2980 2981 2941
f 2981 2942 2941
f 2981 2982 2942
f 2982 2943 2942
f 2982 2983 2943
f 2983 2944 2943
f 2983 2984 2944
f 2984 2945 2944
f 2984 2985 2945
f 2985 2946 2945
f 2985 2986 2946
f 2986 2947 2946
f 2986 2987 2947
f 2987 2948 2947
f 2987 2988 2948
f 2988 2949 2948
f 2988 2989 2949
f 2989 2950 2949
f 2989 2990 2950
f 2990 2951 2950
f 2990 2991 2951
f 2991 2952 2951
f 2991 2992 2952
f 2992 2953 2952
f 2992 2993 2953
f 2993 2954 2953
f 2993 2994 2954
f 2994 2955 2954
f 2994 2995 2955
f 2995 2956 2955
f 2995 2996 2956
f 2996 2957 2956
f 2996 2997 2957
f 2997 2958 2957
f 2997 2998 2958
f 2998 2959 2958
f 2998 2999 2959
f 2999 2960 2959
f 2999 3000 2960
f 3000 2961 2960
f 3000 3001 2961
f 3001 2962 2961
f 3001 3002 2962
f 3002 2963 2962
f 3002 3003 2963
f 3003 2964 2963
f 3003 3004 2964
f 3004 2965 2964
f 3004 3005 2965
f 3005 2966 2965
f 3005 3006 2966
f 3006 2967 2966
f 3006 3007 2967
f 3007 2968 2967
f 3007 3008 2968
f 3008 2929 2968
f 3008 2969 2929
f 3009 2970 2969
f 3009 3010 2970
f 3010 2971 2970
f 3010 3011 2971
f 3011 2972 2971
f 3011 3012 2972
f 3012 2973 2972
f 3012 3013 2973
f 3013 2974 2973
f 3013 3014 2974
f 3014 2975 2974
f 3014 3015 2975
f 3015 2976 2975
f 3015 3016 2976
f 3016 2977 2976
f 3016 3017 2977
f 3017 2978 2977
f 3017 3018 2978
f 3018 2979 2978
f 3018 3019 2979
f 3019 2980 2979
f 3019 3020 2980
f 3020 2981 2980
f 3020 3021 2981
f 3021 2982 2981
f 3021 3022 2982
f 3022 2983 2982
f 3022 3023 2983
f 3023 2984 2983
f 3023 3024 2984
f 3024 2985 2984
f 3024 3025 2985
f 3025 2986 2985
f 3025 3026 2986
f 3026 2987 2986
f 3026 3027 2987
f 3027 2988 2987
f 3027 3028 2988
f 3028 2989 2988
f 3028 3029 2989
f 3029 2990 2989
f 3029 3030 2990
f 3030 2991 2990
f 3030 3031 2991
f 3031 2992 2991
f 3031 3032 2992
f 3032 2993 2992
f 3032 3033 2993
f 3033 2994 2993
f 3033 3034 2994
f 3034 2995 2994
f 3034 3035 2995
f 3035 2996 2995
f 3035 3036 2996
f 3036 2997 2996
f 3036 3037 2997
f 3037 2998 2997
f 3037 3038 2998
f 3038 2999 2998
f 3038 3039 2999
f 3039 3000 2999
f 3039 3040 3000
f 3040 3001 3000
f 3040 3041 3001
f 3041 3002 3001
f 3041 3042 3002
f 3042 3003 3002
f 3042 3043 3003
f 3043 3004 3003
f 3043 3044 3004
f 3044 3005 3004
f 3044 3045 3005
f 3045 3006 3005
f 3045 3046 3006
f 3046 3007 3006
f 3046 3047 3007
f 3047 3008 3007
f 3047 3048 3008
f 3048 2969 3008
f 3048 3009 2969
f 3049 3051 3052
f 3050 3772 3771
f 3049 3052 3053
f 3050 3773 3772
f 3049 3053 3054
f 3050 3774 3773
f 3049 3054 3055
f 3050 3775 3774
f 3049 3055 3056
f 3050 3776 3775
f 3049 3056 3057
f 3050 3777 3776
f 3049 3057 3058
f 3050 3778 3777
f 3049 3058 3059
f 3050 3779 3778
f 3049 3059 3060
f 3050 3780 3779
f 3049 3060 3061
f 3050 3781 3780
f 3049 3061 3062
f 3050 3782 3781
f 3049 3062 3063
f 3050 3783 3782
f 3049 3063 3064
f 3050 3784 3783
f 3049 3064 3065
f 3050 3785 3784
f 3049 3065 3066
f 3050 3786 3785
f 3049 3066 3067
f 3050 3787 3786
f 3049 3067 3068
f 3050 3788 3787
f 3049 3068 3069
f 3050 3789 3788
f 3049 3069 3070
f 3050 3790 3789
f 3049 3070 3071
f 3050 3791 3790
f 3049 3071 3072
f 3050 3792 3791
f 3049 3072 3073
f 3050 3793 3792
f 3049 3073 3074
f 3050 3794 3793
f 3049 3074 3075
f 3050 3795 3794
f 3049 3075 3076
f 3050 3796 3795
f 3049 3076 3077
f 3050 3797 3796
f 3049 3077 3078
f 3050 3798 3797
f 3049 3078 3079
f 3050 3799 3798
f 3049 3079 3080
f 3050 3800 3799
f 3049 3080 3081
f 3050 3801 3800
f 3049 3081 3082
f 3050 3802 3801
f 3049 3082 3083
f 3050 3803 3802
f 3049 3083 3084
f 3050 3804 3803
f 3049 3084 3085
f 3050 3805 3804
f 3049 3085 3086
f 3050 3806 3805
f 3049 3086 3087
f 3050 3807 3806
f 3049 3087 3088
f 3050 3808 3807
f 3049 3088 3089
f 3050 3809 3808
f 3049 3089 3090
f 3050 3810 3809
f 3049 3090 3051
f 3050 3771 3810
f 3091 3052 3051
f 3091 3092 3052
f 3092 3053 3052
f 3092 3093 3053
f 3093 3054 3053
f 3093 3094 3054
f 3094 3055 3054
f 3094 3095 3055
f 3095 3056 3055
f 3095 3096 3056
f 3096 3057 3056
f 3096 3097 3057
f 3097 3058 3057
f 3097 3098 3058
f 3098 3059 3058
f 3098 3099 3059
f 3099 3060 3059
f 3099 3100 3060
f 3100 3061 3060
f 3100 3101 3061
f 3101 3062 3061
f 3101 3102 3062
f 3102 3063 3062
f 3102 3103 3063
f 3103 3064 3063
f 3103 3104 3064
f 3104 3065 3064
f 3104 3105 3065
f 3105 3066 3065
f 3105 3106 3066
f 3106 3067 3066
f 3106 3107 3067
f 3107 3068 3067
f 3107 3108 3068
f 3108 3069 3068
f 3108 3109 3069
f 3109 3070 3069
f 3109 3110 3070
f 3110 3071 3070
f 3110 3111 3071
f 3111 3072 3071
f 3111 3112 3072
f 3112 3073 3072
f 3112 3113 3073
f 3113 3074 3073
f 3113 3114 3074
f 3114 3075 3074
f 3114 3115 3075
f 3115 3076 3075
f 3115 3116 3076
f 3116 3077 3076
f 3116 3117 3077
f 3117 3078 3077
f 3117 3118 3078
f 3118 3079 3078
f 3118 3119 3079
f 3119 3080 3079
f 3119 3120 3080
f 3120 3081 3080
f 3120 3121 3081
f 3121 3082 3081
f 3121 3122 3082
f 3122 3083 3082
f 3122 3123 3083
f 3123 3084 3083
f 3123 3124 3084
f 3124 3085 3084
f 3124 3125 3085
f 3125 3086 3085
f 3125 3126 3086
f 3126 3087 3086
f 3126 3127 3087
f 3127 3088 3087
f 3127 3128 3088
f 3128 3089 3088
f 3128 3129 3089
f 3129 3090 3089
f 3129 3130 3090
f 3130 3051 3090
f 3130 3091 3051
f 3131 3092 3091
f 3131 3132 3092
f 3132 3093 3092
f 3132 3133 3093
f 3133 3094 3093
f 3133 3134 3094
f 3134 3095 3094
f 3134 3135 3095
f 3135 3096 3095
f 3135 3136 3096
f 3136 3097 3096
f 3136 3137 3097
f 3137 3098 3097
f 3137 3138 3098
f 3138 3099 3098
f 3138 3139 3099
f 3139 3100 3099
f 3139 3140 3100
f 3140 3101 3100
f 3140 3141 3101
f 3141 3102 3101
f 3141 3142 3102
f 3142 3103 3102
f 3142 3143 3103
f 3143 3104 3103
f 3143 3144 3104
f 3144 3105 3104
f 3144 3145 3105
f 3145 3106 3105
f 3145 3146 3106
f 3146 3107 3106
f 3146 3147 3107
f 3147 3108 3107
f 3147 3148 3108
f 3148 3109 3108
f 3148 3149 3109
f 3149 3110 3109
f 3149 3150 3110
f 3150 3111 3110
f 3150 3151 3111
f 3151 3112 3111
f 3151 3152 3112
f 3152 3113 3112
f 3152 3153 3113
f 3153 3114 3113
f 3153 3154 3114
f 3154 3115 3114
f 3154 3155 3115
f 3155 3116 3115
f 3155 3156 3116
f 3156 3117 3116
f 3156 3157 3117
f 3157 3118 3117
f 3157 3158 3118
f 3158 3119 3118
f 3158 3159 3119
f 3159 3120 3119
f 3159 3160 3120
f 3160 3121 3120
f 3160 3161 3121
f 3161 3122 3121
f 3161 3162 3122
f 3162 3123 3122
f 3162 3163 3123
f 3163 3124 3123
f 3163 3164 3124
f 3164 3125 3124
f 3164 3165 3125
f 3165 3126 3125
f 3165 3166 3126
f 3166 3127 3126
f 3166 3167 3127
f 3167 3128 3127
f 3167 3168 3128
f 3168 3129 3128
f 3168 3169 3129
f 3169 3130 3129
f 3169 3170 3130
f 3170 3091 3130
f 3170 3131 3091
f 3171 3132 3131
f 3171 3172 3132
f 3172 3133 3132
f 3172 3173 3133
f 3173 3134 3133
f 3173 3174 3134
f 3174 3135 3134
f 3174 3175 3135
f 3175 3136 3135
f 3175 3176 3136
f 3176 3137 3136
f 3176 3177 3137
f 3177 3138 3137
f 3177 3178 3138
f 3178 3139 3138
f 3178 3179 3139
f 3179 3140 3139
f 3179 3180 3140
f 3180 3141 3140
f 3180 3181 3141
f 3181 3142 3141
f 3181 3182 3142
f 3182 3143 3142
f 3182 3183 3143
f 3183 3144 3143
f 3183 3184 3144
f 3184 3145 3144
f 3184 3185 3145
f 3185 3146 3145
f 3185 3186 3146
f 3186 3147 3146
f 3186 3187 3147
f 3187 3148 3147
f 3187 3188 3148
f 3188 3149 3148
f 3188 3189 3149
f 3189 3150 3149
f 3189 3190 3150
f 3190 3151 3150
f 3190 3191 3151
f 3191 3152 3151
f 3191 3192 3152
f 3192 3153 3152
f 3192 3193 3153
f 3193 3154 3153
f 3193 3194 3154
f 3194 3155 3154
f 3194 3195 3155
f 3195 3156 3155
f 3195 3196 3156
f 3196 3157 3156
f 3196 3197 3157
f 3197 3158 3157
f 3197 3198 3158
f 3198 3159 3158
f 3198 3199 3159
f 3199 3160 3159
f 3199 3200 3160
f 3200 3161 3160
f 3200 3201 3161
f 3201 3162 3161
f 3201 3202 3162
f 3202 3163 3162
f 3202 3203 3163
f 3203 3164 3163
f 3203 3204 3164
f 3204 3165 3164
f 3204 3205 3165
f 3205 3166 3165
f 3205 3206 3166
f 3206 3167 3166
f 3206 3207 3167
f 3207 3168 3167
f 3207 3208 3168
f 3208 3169 3168
f 3208 3209 3169
f 3209 3170 3169
f 3209 3210 3170
f 3210 3131 3170
f 3210 3171 3131
f 3211 3172 3171
f 3211 3212 3172
f 3212 3173 3172
f 3212 3213 3173
f 3213 3174 3173
f 3213 3214 3174
f 3214 3175 3174
f 3214 3215 3175
f 3215 3176 3175
f 3215 3216 3176
f 3216 3177 3176
f 3216 3217 3177
f 3217 3178 3177
f 3217 3218 3178
f 3218 3179 3178
f 3218 3219 3179
f 3219 3180 3179
f 3219 3220 3180
f 3220 3181 3180
f 3220 3221 3181
f 3221 3182 3181
f 3221 3222 3182
f 3222 3183 3182
f 3222 3223 3183
f 3223 3184 3183
f 3223 3224 3184
f 3224 3185 3184
f 3224 3225 3185
f 3225 3186 3185
f 3225 3226 3186
f 3226 3187 3186
f 3226 3227 3187
f 3227 3188 3187
f 3227 3228 3188
f 3228 3189 3188
f 3228 3229 3189
f 3229 3190 3189
f 3229 3230 3190
f 3230 3191 3190
f 3230 3231 3191
f 3231 3192 3191
f 3231 3232 3192
f 3232 3193 3192
f 3232 3233 3193
f 3233 3194 3193
f 3233 3234 3194
f 3234 3195 3194
f 3234 3235 3195
f 3235 3196 3195
f 3235 3236 3196
f 3236 3197 3196
f 3236 3237 3197
f 3237 3198 3197
f 3237 3238 3198
f 3238 3199 3198
f 3238 3239 3199
f 3239 3200 3199
f 3239 3240 3200
f 3240 3201 3200
f 3240 3241 3201
f 3241 3202 3201
f 3241 3242 3202
f 3242 3203 3202
f 3242 3243 3203
f 3243 3204 3203
f 3243 3244 3204
f 3244 3205 3204
f 3244 3245 3205
f 3245 3206 3205
f 3245 3246 3206
f 3246 3207 3206
f 3246 3247 3207
f 3247 3208 3207
f 3247 3248 3208
f 3248 3209 3208
f 3248 3249 3209
f 3249 3210 3209
f 3249 3250 3210
f 3250 3171 3210
f 3250 3211 3171
f 3251 3212 3211
f 3251 3252 3212
f 3252 3213 3212
f 3252 3253 3213
f 3253 3214 3213
f 3253 3254 3214
f 3254 3215 3214
f 3254 3255 3215
f 3255 3216 3215
f 3255 3256 3216
f 3256 3217 3216
f 3256 3257 3217
f 3257 3218 3217
f 3257 3258 3218
f 3258 3219 3218
f 3258 3259 3219
f 3259 3220 3219
f 3259 3260 3220
f 3260 3221 3220
f 3260 3261 3221
f 3261 3222 3221
f 3261 3262 3222
f 3262 3223 3222
f 3262 3263 3223
f 3263 3224 3223
f 3263 3264 3224
f 3264 3225 3224
f 3264 3265 3225
f 3265 3226 3225
f 3265 3266 3226
f 3266 3227 3226
f 3266 3267 3227
f 3267 3228 3227
f 3267 3268 3228
f 3268 3229 3228
f 3268 3269 3229
f 3269 3230 3229
f 3269 3270 3230
f 3270 3231 3230
f 3270 3271 3231
f 3271 3232 3231
f 3271 3272 3232
f 3272 3233 3232
f 3272 3273 3233
f 3273 3234 3233
f 3273 3274 3234
f 3274 3235 3234
f 3274 3275 3235
f 3275 3236 3235
f 3275 3276 3236
f 3276 3237 3236
f 3276 3277 3237
f 3277 3238 3237
f 3277 3278 3238
f 3278 3239 3238
f 3278 3279 3239
f 3279 3240 3239
f 3279 3280 3240
f 3280 3241 3240
f 3280 3281 3241
f 3281 3242 3241
f 3281 3282 3242
f 3282 3243 3242
f 3282 3283 3243
f 3283 3244 3243
f 3283 3284 3244
f 3284 3245 3244
f 3284 3285 3245
f 3285 3246 3245
f 3285 3286 3246
f 3286 3247 3246
f 3286 3287 3247
f 3287 3248 3247
f 3287 3288 3248
f 3288 3249 3248
f 3288 3289 3249
f 3289 3250 3249
f 3289 3290 3250
f 3290 3211 3250
f 3290 3251 3211
f 3291 3252 3251
f 3291 3292 3252
f 3292 3253 3252
f 3292 3293 3253
f 3293 3254 3253
f 3293 3294 3254
f 3294 3255 3254
f 3294 3295 3255
f 3295 3256 3255
f 3295 3296 3256
f 3296 3257 3256
f 3296 3297 3257
f 3297 3258 3257
f 3297 3298 3258
f 3298 3259 3258
f 3298 3299 3259
f 3299 3260 3259
f 3299 3300 3260
f 3300 3261 3260
f 3300 3301 3261
f 3301 3262 3261
f 3301 3302 3262
f 3302 3263 3262
f 3302 3303 3263
f 3303 3264 3263
f 3303 3304 3264
f 3304 3265 3264
f 3304 3305 3265
f 3305 3266 3265
f 3305 3306 3266
f 3306 3267 3266
f 3306 3307 3267
f 3307 3268 3267
f 3307 3308 3268
f 3308 3269 3268
f 3308 3309 3269
f 3309 3270 3269
f 3309 3310 3270
f 3310 3271 3270
f 3310 3311 3271
f 3311 3272 3271
f 3311 3312 3272
f 3312 3273 3272
f 3312 3313 3273
f 3313 3274 3273
f 3313 3314 3274
f 3314 3275 3274
f 3314 3315 3275
f 3315 3276 3275
f 3315 3316 3276
f 3316 3277 3276
f 3316 3317 3277
f 3317 3278 3277
f 3317 3318 3278
f 3318 3279 3278
f 3318 3319 3279
f 3319 3280 3279
f 3319 3320 3280
f 3320 3281 3280
f 3320 3321 3281
f 3321 3282 3281
f 3321 3322 3282
f 3322 3283 3282
f 3322 3323 3283
f 3323 3284 3283
f 3323 3324 3284
f 3324 3285 3284
f 3324 3325 3285
f 3325 3286 3285
f 3325 3326 3286
f 3326 3287 3286
f 3326 3327 3287
f 3327 3288 3287
f 3327 3328 3288
f 3328 3289 3288
f 3328 3329 3289
f 3329 3290 3289
f 3329 3330 3290
f 3330 3251 3290
f 3330 3291 3251
f 3331 3292 3291
f 3331 3332 3292
f 3332 3293 3292
f 3332 3333 3293
f 3333 3294 3293
f 3333 3334 3294
f 3334 3295 3294
f 3334 3335 3295
f 3335 3296 3295
f 3335 3336 3296
f 3336 3297 3296
f 3336 3337 3297
f 3337 3298 3297
f 3337 3338 3298
f 3338 3299 3298
f 3338 3339 3299
f 3339 3300 3299
f 3339 3340 3300
f 3340 3301 3300
f 3340 3341 3301
f 3341 3302 3301
f 3341 3342 3302
f 3342 3303 3302
f 3342 3343 3303
f 3343 3304 3303
f 3343 3344 3304
f 3344 3305 3304
f 3344 3345 3305
f 3345 3306 3305
f 3345 3346 3306
f 3346 3307 3306
f 3346 3347 3307
f 3347 3308 3307
f 3347 3348 3308
f 3348 3309 3308
f 3348 3349 3309
f 3349 3310 3309
f 3349 3350 3310
f 3350 3311 3310
f 3350 3351 3311
f 3351 3312 3311
f 3351 3352 3312
f 3352 3313 3312
f 3352 3353 3313
f 3353 3314 3313
f 3353 3354 3314
f 3354 3315 3314
f 3354 3355 3315
f 3355 3316 3315
f 3355 3356 3316
f 3356 3317 3316
f 3356 3357 3317
f 3357 3318 3317
f 3357 3358 3318
f 3358 3319 3318
f 3358 3359 3319
f 3359 3320 3319
f 3359 3360 3320
f 3360 3321 3320
f 3360 3361 3321
f 3361 3322 3321
f 3361 3362 3322
f 3362 3323 3322
f 3362 3363 3323
f 3363 3324 3323
f 3363 3364 3324
f 3364 3325 3324
f 3364 3365 3325
f 3365 3326 3325
f 3365 3366 3326
f 3366 3327 3326
f 3366 3367 3327
f 3367 3328 3327
f 3367 3368 3328
f 3368 3329 3328
f 3368 3369 3329
f 3369 3330 3329
f 3369 3370 3330
f 3370 3291 3330
f 3370 3331 3291
f 3371 3332 3331
f 3371 3372 3332
f 3372 3333 3332
f 3372 3373 3333
f 3373 3334 3333
f 3373 3374 3334
f 3374 3335 3334
f 3374 3375 3335
f 3375 3336 3335
f 3375 3376 3336
f 3376 3337 3336
f 3376 3377 3337
f 3377 3338 3337
f 3377 3378 3338
f 3378 3339 3338
f 3378 3379 3339
f 3379 3340 3339
f 3379 3380 3340
f 3380 3341 3340
f 3380 3381 3341
f 3381 3342 3341
f 3381 3382 3342
f 3382 3343 3342
f 3382 3383 3343
f 3383 3344 3343
f 3383 3384 3344
f 3384 3345 3344
f 3384 3385 3345
f 3385 3346 3345
f 3385 3386 3346
f 3386 3347 3346
f 3386 3387 3347
f 3387 3348 3347
f 3387 3388 3348
f 3388 3349 3348
f 3388 3389 3349
f 3389 3350 3349
f 3389 3390 3350
f 3390 3351 3350
f 3390 3391 3351
f 3391 3352 3351
f 3391 3392 3352
f 3392 3353 3352
f 3392 3393 3353
f 3393 3354 3353
f 3393 3394 3354
f 3394 3355 3354
f 3394 3395 3355
f 3395 3356 3355
f 3395 3396 3356
f 3396 3357 3356
f 3396 3397 3357
f 3397 3358 3357
f 3397 3398 3358
f 3398 3359 3358
f 3398 3399 3359
f 3399 3360 3359
f 3399 3400 3360
f 3400 3361 3360
f 3400 3401 3361
f 3401 3362 3361
f 3401 3402 3362
f 3402 3363 3362
f 3402 3403 3363
f 3403 3364 3363
f 3403 3404 3364
f 3404 3365 3364
f 3404 3405 3365
f 3405 3366 3365
f 3405 3406 3366
f 3406 3367 3366
f 3406 3407 3367
f 3407 3368 3367
f 3407 3408 3368
f 3408 3369 3368
f 3408 3409 3369
f 3409 3370 3369
f 3409 3410 3370
f 3410 3331 3370
f 3410 3371 3331
f 3411 3372 3371
f 3411 3412 3372
f 3412 3373 3372
f 3412 3413 3373
f 3413 3374 3373
f 3413 3414 3374
f 3414 3375 3374
f 3414 3415 3375
f 3415 3376 3375
f 3415 3416 3376
f 3416 3377 3376
f 3416 3417 3377
f 3417 3378 3377
f 3417 3418 3378
f 3418 3379 3378
f 3418 3419 3379
f 3419 3380 3379
f 3419 3420 3380
f 3420 3381 3380
f 3420 3421 3381
f 3421 3382 3381
f 3421 3422 3382
f 3422 3383 3382
f 3422 3423 3383
f 3423 3384 3383
f 3423 3424 3384
f 3424 3385 3384
f 3424 3425 3385
f 3425 3386 3385
f 3425 3426 3386
f 3426 3387 3386
f 3426 3427 3387
f 3427 3388 3387
f 3427 3428 3388
f 3428 3389 3388
f 3428 3429 3389
f 3429 3390 3389
f 3429 3430 3390
f 3430 3391 3390
f 3430 3431 3391
f 3431 3392 3391
f 3431 3432 3392
f 3432 3393 3392
f 3432 3433 3393
f 3433 3394 3393
f 3433 3434 3394
f 3434 3395 3394
f 3434 3435 3395
f 3435 3396 3395
f 3435 3436 3396
f 3436 3397 3396
f 3436 3437 3397
f 3437 3398 3397
f 3437 3438 3398
f 3438 3399 3398
f 3438 3439 3399
f 3439 3400 3399
f 3439 3440 3400
f 3440 3401 3400
f 3440 3441 3401
f 3441 3402 3401
f 3441 3442 3402
f 3442 3403 3402
f 3442 3443 3403
f 3443 3404 3403
f 3443 3444 3404
f 3444 3405 3404
f 3444 3445 3405
f 3445 3406 3405
f 3445 3446 3406
f 3446 3407 3406
f 3446 3447 3407
f 3447 3408 3407
f 3447 3448 3408
f 3448 3409 3408
f 3448 3449 3409
f 3449 3410 3409
f 3449 3450 3410
f 3450 3371 3410
f 3450 3411 3371
f 3451 3412 3411
f 3451 3452 3412
f 3452 3413 3412
f 3452 3453 3413
f 3453 3414 3413
f 3453 3454 3414
f 3454 3415 3414
f 3454 3455 3415
f 3455 3416 3415
f 3455 3456 3416
f 3456 3417 3416
f 3456 3457 3417
f 3457 3418 3417
f 3457 3458 3418
f 3458 3419 3418
f 3458 3459 3419
f 3459 3420 3419
f 3459 3460 3420
f 3460 3421 3420
f 3460 3461 3421
f 3461 3422 3421
f 3461 3462 3422
f 3462 3423 3422
f 3462 3463 3423
f 3463 3424 3423
f 3463 3464 3424
f 3464 3425 3424
f 3464 3465 3425
f 3465 3426 3425
f 3465 3466 3426
f 3466 3427 3426
f 3466 3467 3427
f 3467 3428 3427
f 3467 3468 3428
f 3468 3429 3428
f 3468 3469 3429
f 3469 3430 3429
f 3469 3470 3430
f 3470 3431 3430
f 3470 3471 3431
f 3471 3432 3431
f 3471 3472 3432
f 3472 3433 3432
f 3472 3473 3433
f 3473 3434 3433
f 3473 3474 3434
f 3474 3435 3434
f 3474 3475 3435
f 3475 3436 3435
f 3475 3476 3436
f 3476 3437 3436
f 3476 3477 3437
f 3477 3438 3437
f 3477 3478 3438
f 3478 3439 3438
f 3478 3479 3439
f 3479 3440 3439
f 3479 3480 3440
f 3480 3441 3440
f 3480 3481 3441
f 3481 3442 3441
f 3481 3482 3442
f 3482 3443 3442
f 3482 3483 3443
f 3483 3444 3443
f 3483 3484 3444
f 3484 3445 3444
f 3484 3485 3445
f 3485 3446 3445
f 3485 3486 3446
f 3486 3447 3446
f 3486 3487 3447
f 3487 3448 3447
f 3487 3488 3448
f 3488 3449 3448
f 3488 3489 3449
f 3489 3450 3449
f 3489 3490 3450
f 3490 3411 3450
f 3490 3451 3411
f 3491 3452 3451
f 3491 3492 3452
f 3492 3453 3452
f 3492 3493 3453
f 3493 3454 3453
f 3493 3494 3454
f 3494 3455 3454
f 3494 3495 3455
f 3495 3456 3455
f 3495 3496 3456
f 3496 3457 3456
f 3496 3497 3457
f 3497 3458 3457
f 3497 3498 3458
f 3498 3459 3458
f 3498 3499 3459
f 3499 3460 3459
f 3499 3500 3460
f 3500 3461 3460
f 3500 3501 3461
f 3501 3462 3461
f 3501 3502 3462
f 3502 3463 3462
f 3502 3503 3463
f 3503 3464 3463
f 3503 3504 3464
f 3504 3465 3464
f 3504 3505 3465
f 3505 3466 3465
f 3505 3506 3466
f 3506 3467 3466
f 3506 3507 3467
f 3507 3468 3467
f 3507 3508 3468
f 3508 3469 3468
f 3508 3509 3469
f 3509 3470 3469
f 3509 3510 3470
f 3510 3471 3470
f 3510 3511 3471
f 3511 3472 3471
f 3511 3512 3472
f 3512 3473 3472
f 3512 3513 3473
f 3513 3474 3473
f 3513 3514 3474
f 3514 3475 3474
f 3514 3515 3475
f 3515 3476 3475
f 3515 3516 3476
f 3516 3477 3476
f 3516 3517 3477
f 3517 3478 3477
f 3517 3518 3478
f 3518 3479 3478
f 3518 3519 3479
f 3519 3480 3479
f 3519 3520 3480
f 3520 3481 3480
f 3520 3521 3481
f 3521 3482 3481
f 3521 3522 3482
f 3522 3483 3482
f 3522 3523 3483
f 3523 3484 3483
f 3523 3524 3484
f 3524 3485 3484
f 3524 3525 3485
f 3525 3486 3485
f 3525 3526 3486
f 3526 3487 3486
f 3526 3527 3487
f 3527 3488 3487
f 3527 3528 3488
f 3528 3489 3488
f 3528 3529 3489
f 3529 3490 3489
f 3529 3530 3490
f 3530 3451 3490
f 3530 3491 3451
f 3531 3492 3491
f 3531 3532 3492
f 3532 3493 3492
f 3532 3533 3493
f 3533 3494 3493
f 3533 3534 3494
f 3534 3495 3494
f 3534 3535 3495
f 3535 3496 3495
f 3535 3536 3496
f 3536 3497 3496
f 3536 3537 3497
f 3537 3498 3497
f 3537 3538 3498
f 3538 3499 3498
f 3538 3539 3499
f 3539 3500 3499
f 3539 3540 3500
f 3540 3501 3500
f 3540 3541 3501
f 3541 3502 3501
f 3541 3542 3502
f 3542 3503 3502
f 3542 3543 3503
f 3543 3504 3503
f 3543 3544 3504
f 3544 3505 3504
f 3544 3545 3505
f 3545 3506 3505
f 3545 3546 3506
f 3546 3507 3506
f 3546 3547 3507
f 3547 3508 3507
f 3547 3548 3508
f 3548 3509 3508
f 3548 3549 3509
f 3549 3510 3509
f 3549 3550 3510
f 3550 3511 3510
f 3550 3551 3511
f 3551 3512 3511
f 3551 3552 3512
f 3552 3513 3512
f 3552 3553 3513
f 3553 3514 3513
f 3553 3554 3514
f 3554 3515 3514
f 3554 3555 3515
f 3555 3516 3515
f 3555 3556 3516
f 3556 3517 3516
f 3556 3557 3517
f 3557 3518 3517
f 3557 3558 3518
f 3558 3519 3518
f 3558 3559 3519
f 3559 3520 3519
f 3559 3560 3520
f 3560 3521 3520
f 3560 3561 3521
f 3561 3522 3521
f 3561 3562 3522
f 3562 3523 3522
f 3562 3563 3523
f 3563 3524 3523
f 3563 3564 3524
f 3564 3525 3524
f 3564 3565 3525
f 3565 3526 3525
f 3565 3566 3526
f 3566 3527 3526
f 3566 3567 3527
f 3567 3528 3527
f 3567 3568 3528
f 3568 3529 3528
f 3568 3569 3529
f 3569 3530 3529
f 3569 3570 3530
f 3570 3491 3530
f 3570 3531 3491
f 3571 3532 3531
f 3571 3572 3532
f 3572 3533 3532
f 3572 3573 3533
f 3573 3534 3533
f 3573 3574 3534
f 3574 3535 3534
f 3574 3575 3535
f 3575 3536 3535
f 3575 3576 3536
f 3576 3537 3536
f 3576 3577 3537
f 3577 3538 3537
f 3577 3578 3538
f 3578 3539 3538
f 3578 3579 3539
f 3579 3540 3539
f 3579 3580 3540
f 3580 3541 3540
f 3580 3581 3541
f 3581 3542 3541
f 3581 3582 3542
f 3582 3543 3542
f 3582 3583 3543
f 3583 3544 3543
f 3583 3584 3544
f 3584 3545 3544
f 3584 3585 3545
f 3585 3546 3545
f 3585 3586 3546
f 3586 3547 3546
f 3586 3587 3547
f 3587 3548 3547
f 3587 3588 3548
f 3588 3549 3548
f 3588 3589 3549
f 3589 3550 3549
f 3589 3590 3550
f 3590 3551 3550
f 3590 3591 3551
f 3591 3552 3551
f 3591 3592 3552
f 3592 3553 3552
f 3592 3593 3553
f 3593 3554 3553
f 3593 3594 3554
f 3594 3555 3554
f 3594 3595 3555
f 3595 3556 3555
f 3595 3596 3556
f 3596 3557 3556
f 3596 3597 3557
f 3597 3558 3557
f 3597 3598 3558
f 3598 3559 3558
f 3598 3599 3559
f 3599 3560 3559
f 3599 3600 3560
f 3600 3561 3560
f 3600 3601 3561
f 3601 3562 3561
f 3601 3602 3562
f 3602 3563 3562
f 3602 3603 3563
f 3603 3564 3563
f 3603 3604 3564
f 3604 3565 3564
f 3604 3605 3565
f 3605 3566 3565
f 3605 3606 3566
f 3606 3567 3566
f 3606 3607 3567
f 3607 3568 3567
f 3607 3608 3568
f 3608 3569 3568
f 3608 3609 3569
f 3609 3570 3569
f 3609 3610 3570
f 3610 3531 3570
f 3610 3571 3531
f 3611 3572 3571
f 3611 3612 3572
f 3612 3573 3572
f 3612 3613 3573
f 3613 3574 3573
f 3613 3614 3574
f 3614 3575 3574
f 3614 3615 3575
f 3615 3576 3575
f 3615 3616 3576
f 3616 3577 3576
f 3616 3617 3577
f 3617 3578 3577
f 3617 3618 3578
f 3618 3579 3578
f 3618 3619 3579
f 3619 3580 3579
f 3619 3620 3580
f 3620 3581 3580
f 3620 3621 3581
f 3621 3582 3581
f 3621 3622 3582
f 3622 3583 3582
f 3622 3623 3583
f 3623 3584 3583
f 3623 3624 3584
f 3624 3585 3584
f 3624 3625 3585
f 3625 3586 3585
f 3625 3626 3586
f 3626 3587 3586
f 3626 3627 3587
f 3627 3588 3587
f 3627 3628 3588
f 3628 3589 3588
f 3628 3629 3589
f 3629 3590 3589
f 3629 3630 3590
f 3630 3591 3590
f 3630 3631 3591
f 3631 3592 3591
f 3631 3632 3592
f 3632 3593 3592
f 3632 3633 3593
f 3633 3594 3593
f 3633 3634 3594
f 3634 3595 3594
f 3634 3635 3595
f 3635 3596 3595
f 3635 3636 3596
f 3636 3597 3596
f 3636 3637 3597
f 3637 3598 3597
f 3637 3638 3598
f 3638 3599 3598
f 3638 3639 3599
f 3639 3600 3599
f 3639 3640 3600
f 3640 3601 3600
f 3640 3641 3601
f 3641 3602 3601
f 3641 3642 3602
f 3642 3603 3602
f 3642 3643 3603
f 3643 3604 3603
f 3643 3644 3604
f 3644 3605 3604
f 3644 3645 3605
f 3645 3606 3605
f 3645 3646 3606
f 3646 3607 3606
f 3646 3647 3607
f 3647 3608 3607
f 3647 3648 3608
f 3648 3609 3608
f 3648 3649 3609
f 3649 3610 3609
f 3649 3650 3610
f 3650 3571 3610
f 3650 3611 3571
f 3651 3612 3611
f 3651 3652 3612
f 3652 3613 3612
f 3652 3653 3613
f 3653 3614 3613
f 3653 3654 3614
f 3654 3615 3614
f 3654 3655 3615
f 3655 3616 3615
f 3655 3656 3616
f 3656 3617 3616
f 3656 3657 3617
f 3657 3618 3617
f 3657 3658 3618
f 3658 3619 3618
f 3658 3659 3619
f 3659 3620 3619
f 3659 3660 3620
f 3660 3621 3620
f 3660 3661 3621
f 3661 3622 3621
f 3661 3662 3622
f 3662 3623 3622
f 3662 3663 3623
f 3663 3624 3623
f 3663 3664 3624
f 3664 3625 3624
f 3664 3665 3625
f 3665 3626 3625
f 3665 3666 3626
f 3666 3627 3626
f 3666 3667 3627
f 3667 3628 3627
f 3667 3668 3628
f 3668 3629 3628
f 3668 3669 3629
f 3669 3630 3629
f 3669 3670 3630
f 3670 3631 3630
f 3670 3671 3631
f 3671 3632 3631
f 3671 3672 3632
f 3672 3633 3632
f 3672 3673 3633
f 3673 3634 3633
f 3673 3674 3634
f 3674 3635 3634
f 3674 3675 3635
f 3675 3636 3635
f 3675 3676 3636
f 3676 3637 3636
f 3676 3677 3637
f 3677 3638 3637
f 3677 3678 3638
f 3678 3639 3638
f 3678 3679 3639
f 3679 3640 3639
f 3679 3680 3640
f 3680 3641 3640
f 3680 3681 3641
f 3681 3642 3641
f 3681 3682 3642
f 3682 3643 3642
f 3682 3683 3643
f 3683 3644 3643
f 3683 3684 3644
f 3684 3645 3644
f 3684 3685 3645
f 3685 3646 3645
f 3685 3686 3646
f 3686 3647 3646
f 3686 3687 3647
f 3687 3648 3647
f 3687 3688 3648
f 3688 3649 3648
f 3688 3689 3649
f 3689 3650 3649
f 3689 3690 3650
f 3690 3611 3650
f 3690 3651 3611
f 3691 3652 3651
f 3691 3692 3652
f 3692 3653 3652
f 3692 3693 3653
f 3693 3654 3653
f 3693 3694 3654
f 3694 3655 3654
f 3694 3695 3655
f 3695 3656 3655
f 3695 3696 3656
f 3696 3657 3656
f 3696 3697 3657
f 3697 3658 3657
f 3697 3698 3658
f 3698 3659 3658
f 3698 3699 3659
f 3699 3660 3659
f 3699 3700 3660
f 3700 3661 3660
f 3700 3701 3661
f 3701 3662 3661
f 3701 3702 3662
f 3702 3663 3662
f 3702 3703 3663
f 3703 3664 3663
f 3703 3704 3664
f 3704 3665 3664
f 3704 3705 3665
f 3705 3666 3665
f 3705 3706 3666
f 3706 3667 3666
f 3706 3707 3667
f 3707 3668 3667
f 3707 3708 3668
f 3708 3669 3668
f 3708 3709 3669
f 3709 3670 3669
f 3709 3710 3670
f 3710 3671 3670
f 3710 3711 3671
f 3711 3672 3671
f 3711 3712 3672
f 3712 3673 3672
f 3712 3713 3673
f 3713 3674 3673
f 3713 3714 3674
f 3714 3675 3674
f 3714 3715 3675
f 3715 3676 3675
f 3715 3716 3676
f 3716 3677 3676
f 3716 3717 3677
f 3717 3678 3677
f 3717 3718 3678
f 3718 3679 3678
f 3718 3719 3679
f 3719 3680 3679
f 3719 3720 3680
f 3720 3681 3680
f 3720 3721 3681
f 3721 3682 3681
f 3721 3722 3682
f 3722 3683 3682
f 3722 3723 3683
f 3723 3684 3683
f 3723 3724 3684
f 3724 3685 3684
f 3724 3725 3685
f 3725 3686 3685
f 3725 3726 3686
f 3726 3687 3686
f 3726 3727 3687
f 3727 3688 3687
f 3727 3728 3688
f 3728 3689 3688
f 3728 3729 3689
f 3729 3690 3689
f 3729 3730 3690
f 3730 3651 3690
f 3730 3691 3651
f 3731 3692 3691
f 3731 3732 3692
f 3732 3693 3692
f 3732 3733 3693
f 3733 3694 3693
f 3733 3734 3694
f 3734 3695 3694
f 3734 3735 3695
f 3735 3696 3695
f 3735 3736 3696
f 3736 3697 3696
f 3736 3737 3697
f 3737 3698 3697
f 3737 3738 3698
f 3738 3699 3698
f 3738 3739 3699
f 3739 3700 3699
f 3739 3740 3700
f 3740 3701 3700
f 3740 3741 3701
f 3741 3702 3701
f 3741 3742 3702
f 3742 3703 3702
f 3742 3743 3703
f 3743 3704 3703
f 3743 3744 3704
f 3744 3705 3704
f 3744 3745 3705
f 3745 3706 3705
f 3745 3746 3706
f 3746 3707 3706
f 3746 3747 3707
f 3747 3708 3707
f 3747 3748 3708
f 3748 3709 3708
f 3748 3749 3709
f 3749 3710 3709
f 3749 3750 3710
f 3750 3711 3710
f 3750 3751 3711
f 3751 3712 3711
f 3751 3752 3712
f 3752 3713 3712
f 3752 3753 3713
f 3753 3714 3713
f 3753 3754 3714
f 3754 3715 3714
f 3754 3755 3715
f 3755 3716 3715
f 3755 3756 3716
f 3756 3717 3716
f 3756 3757 3717
f 3757 3718 3717
f 3757 3758 3718
f 3758 3719 3718
f 3758 3759 3719
f 3759 3720 3719
f 3759 3760 3720
f 3760 3721 3720
f 3760 3761 3721
f 3761 3722 3721
f 3761 3762 3722
f 3762 3723 3722
f 3762 3763 3723
f 3763 3724 3723
f 3763 3764 3724
f 3764 3725 3724
f 3764 3765 3725
f 3765 3726 3725
f 3765 3766 3726
f 3766 3727 3726
f 3766 3767 3727
f 3767 3728 3727
f 3767 3768 3728
f 3768 3729 3728
f 3768 3769 3729
f 3769 3730 3729
f 3769 3770 3730
f 3770 3691 3730
f 3770 3731 3691
f 3771 3732 3731
f 3771 3772 3732
f 3772 3733 3732
f 3772 3773 3733
f 3773 3734 3733
f 3773 3774 3734
f 3774 3735 3734
f 3774 3775 3735
f 3775 3736 3735
f 3775 3776 3736
f 3776 3737 3736
f 3776 3777 3737
f 3777 3738 3737
f 3777 3778 3738
f 3778 3739 3738
f 3778 3779 3739
f 3779 3740 3739
f 3779 3780 3740
f 3780 3741 3740
f 3780 3781 3741
f 3781 3742 3741
f 3781 3782 3742
f 3782 3743 3742
f 3782 3783 3743
f 3783 3744 3743
f 3783 3784 3744
f 3784 3745 3744
f 3784 3785 3745
f 3785 3746 3745
f 3785 3786 3746
f 3786 3747 3746
f 3786 3787 3747
f 3787 3748 3747
f 3787 3788 3748
f 3788 3749 3748
f 3788 3789 3749
f 3789 3750 3749
f 3789 3790 3750
f 3790 3751 3750
f 3790 3791 3751
f 3791 3752 3751
f 3791 3792 3752
f 3792 3753 3752
f 3792 3793 3753
f 3793 3754 3753
f 3793 3794 3754
f 3794 3755 3754
f 3794 3795 3755
f 3795 3756 3755
f 3795 3796 3756
f 3796 3757 3756
f 3796 3797 3757
f 3797 3758 3757
f 3797 3798 3758
f 3798 3759 3758
f 3798 3799 3759
f 3799 3760 3759
f 3799 3800 3760
f 3800 3761 3760
f 3800 3801 3761
f 3801 3762 3761
f 3801 3802 3762
f 3802 3763 3762
f 3802 3803 3763
f 3803 3764 3763
f 3803 3804 3764
f 3804 3765 3764
f 3804 3805 3765
f 3805 3766 3765
f 3805 3806 3766
f 3806 3767 3766
f 3806 3807 3767
f 3807 3768 3767
f 3807 3808 3768
f 3808 3769 3768
f 3808 3809 3769
f 3809 3770 3769
f 3809 3810 3770
f 3810 3731 3770
f 3810 3771 3731
f 3811 3813 3814
f 3812 4534 4533
f 3811 3814 3815
f 3812 4535 4534
f 3811 3815 3816
f 3812 4536 4535
f 3811 3816 3817
f 3812 4537 4536
f 3811 3817 3818
f 3812 4538 4537
f 3811 3818 3819
f 3812 4539 4538
f 3811 3819 3820
f 3812 4540 4539
f 3811 3820 3821
f 3812 4541 4540
f 3811 3821 3822
f 3812 4542 4541
f 3811 3822 3823
f 3812 4543 4542
f 3811 3823 3824
f 3812 4544 4543
f 3811 3824 3825
f 3812 4545 4544
f 3811 3825 3826
f 3812 4546 4545
f 3811 3826 3827
f 3812 4547 4546
f 3811 3827 3828
f 3812 4548 4547
f 3811 3828 3829
f 3812 4549 4548
f 3811 3829 3830
f 3812 4550 4549
f 3811 3830 3831
f 3812 4551 4550
f 3811 3831 3832
f 3812 4552 4551
f 3811 3832 3833
f 3812 4553 4552
f 3811 3833 3834
f 3812 4554 4553
f 3811 3834 3835
f 3812 4555 4554
f 3811 3835 3836
f 3812 4556 4555
f 3811 3836 3837
f 3812 4557 4556
f 3811 3837 3838
f 3812 4558 4557
f 3811 3838 3839
f 3812 4559 4558
f 3811 3839 3840
f 3812 4560 4559
f 3811 3840 3841
f 3812 4561 4560
f 3811 3841 3842
f 3812 4562 4561
f 3811 3842 3843
f 3812 4563 4562
f 3811 3843 3844
f 3812 4564 4563
f 3811 3844 3845
f 3812 4565 4564
f 3811 3845 3846
f 3812 4566 4565
f 3811 3846 3847
f 3812 4567 4566
f 3811 3847 3848
f 3812 4568 4567
f 3811 3848 3849
f 3812 4569 4568
f 3811 3849 3850
f 3812 4570 4569
f 3811 3850 3851
f 3812 4571 4570
f 3811 3851 3852
f 3812 4572 4571
f 3811 3852 3813
f 3812 4533 4572
f 3853 3814 3813
f 3853 3854 3814
f 3854 3815 3814
f 3854 3855 3815
f 3855 3816 3815
f 3855 3856 3816
f 3856 3817 3816
f 3856 3857 3817
f 3857 3818 3817
f 3857 3858 3818
f 3858 3819 3818
f 3858 3859 3819
f 3859 3820 3819
f 3859 3860 3820
f 3860 3821 3820
f 3860 3861 3821
f 3861 3822 3821
f 3861 3862 3822
f 3862 3823 3822
f 3862 3863 3823
f 3863 3824 3823
f 3863 3864 3824
f 3864 3825 3824
f 3864 3865 3825
f 3865 3826 3825
f 3865 3866 3826
f 3866 3827 3826
f 3866 3867 3827
f 3867 3828 3827
f 3867 3868 3828
f 3868 3829 3828
f 3868 3869 3829
f 3869 3830 3829
f 3869 3870 3830
f 3870 3831 3830
f 3870 3871 3831
f 3871 3832 3831
f 3871 3872 3832
f 3872 3833 3832
f 3872 3873 3833
f 3873 3834 3833
f 3873 3874 3834
f 3874 3835 3834
f 3874 3875 3835
f 3875 3836 3835
f 3875 3876 3836
f 3876 3837 3836
f 3876 3877 3837
f 3877 3838 3837
f 3877 3878 3838
f 3878 3839 3838
f 3878 3879 3839
f 3879 3840 3839
f 3879 3880 3840
f 3880 3841 3840
f 3880 3881 3841
f 3881 3842 3841
f 3881 3882 3842
f 3882 3843 3842
f 3882 3883 3843
f 3883 3844 3843
f 3883 3884 3844
f 3884 3845 3844
f 3884 3885 3845
f 3885 3846 3845
f 3885 3886 3846
f 3886 3847 3846
f 3886 3887 3847
f 3887 3848 3847
f 3887 3888 3848
f 3888 3849 3848
f 3888 3889 3849
f 3889 3850 3849
f 3889 3890 3850
f 3890 3851 3850
f 3890 3891 3851
f 3891 3852 3851
f 3891 3892 3852
f 3892 3813 3852
f 3892 3853 3813
f 3893 3854 3853
f 3893 3894 3854
f 3894 3855 3854
f 3894 3895 3855
f 3895 3856 3855
f 3895 3896 3856
f 3896 3857 3856
f 3896 3897 3857
f 3897 3858 3857
f 3897 3898 3858
f 3898 3859 3858
f 3898 3899 3859
f 3899 3860 3859
f 3899 3900 3860
f 3900 3861 3860
f 3900 3901 3861
f 3901 3862 3861
f 3901 3902 3862
f 3902 3863 3862
f 3902 3903 3863
f 3903 3864 3863
f 3903 3904 3864
f 3904 3865 3864
f 3904 3905 3865
f 3905 3866 3865
f 3905 3906 3866
f 3906 3867 3866
f 3906 3907 3867
f 3907 3868 3867
f 3907 3908 3868
f 3908 3869 3868
f 3908 3909 3869
f 3909 3870 3869
f 3909 3910 3870
f 3910 3871 3870
f 3910 3911 3871
f 3911 3872 3871
f 3911 3912 3872
f 3912 3873 3872
f 3912 3913 3873
f 3913 3874 3873
f 3913 3914 3874
f 3914 3875 3874
f 3914 3915 3875
f 3915 3876 3875
f 3915 3916 3876
f 3916 3877 3876
f 3916 3917 3877
f 3917 3878 3877
f 3917 3918 3878
f 3918 3879 3878
f 3918 3919 3879
f 3919 3880 3879
f 3919 3920 3880
f 3920 3881 3880
f 3920 3921 3881
f 3921 3882 3881
f 3921 3922 3882
f 3922 3883 3882
f 3922 3923 3883
f 3923 3884 3883
f 3923 3924 3884
f 3924 3885 3884
f 3924 3925 3885
f 3925 3886 3885
f 3925 3926 3886
f 3926 3887 3886
f 3926 3927 3887
f 3927 3888 3887
f 3927 3928 3888
f 3928 3889 3888
f 3928 3929 3889
f 3929 3890 3889
f 3929 3930 3890
f 3930 3891 3890
f 3930 3931 3891
f 3931 3892 3891
f 3931 3932 3892
f 3932 3853 3892
f 3932 3893 3853
f 3933 3894 3893
f 3933 3934 3894
f 3934 3895 3894
f 3934 3935 3895
f 3935 3896 3895
f 3935 3936 3896
f 3936 3897 3896
f 3936 3937 3897
f 3937 3898 3897
f 3937 3938 3898
f 3938 3899 3898
f 3938 3939 3899
f 3939 3900 3899
f 3939 3940 3900
f 3940 3901 3900
f 3940 3941 3901
f 3941 3902 3901
f 3941 3942 3902
f 3942 3903 3902
f 3942 3943 3903
f 3943 3904 3903
f 3943 3944 3904
f 3944 3905 3904
f 3944 3945 3905
f 3945 3906 3905
f 3945 3946 3906
f 3946 3907 3906
f 3946 3947 3907
f 3947 3908 3907
f 3947 3948 3908
f 3948 3909 3908
f 3948 3949 3909
f 3949 3910 3909
f 3949 3950 3910
f 3950 3911 3910
f 3950 3951 3911
f 3951 3912 3911
f 3951 3952 3912
f 3952 3913 3912
f 3952 3953 3913
f 3953 3914 3913
f 3953 3954 3914
f 3954 3915 3914
f 3954 3955 3915
f 3955 3916 3915
f 3955 3956 3916
f 3956 3917 3916
f 3956 3957 3917
f 3957 3918 3917
f 3957 3958 3918
f 3958 3919 3918
f 3958 3959 3919
f 3959 3920 3919
f 3959 3960 3920
f 3960 3921 3920
f 3960 3961 3921
f 3961 3922 3921
f 3961 3962 3922
f 3962 3923 3922
f 3962 3963 3923
f 3963 3924 3923
f 3963 3964 3924
f 3964 3925 3924
f 3964 3965 3925
f 3965 3926 3925
f 3965 3966 3926
f 3966 3927 3926
f 3966 3967 3927
f 3967 3928 3927
f 3967 3968 3928
f 3968 3929 3928
f 3968 3969 3929
f 3969 3930 3929
f 3969 3970 3930
f 3970 3931 3930
f 3970 3971 3931
f 3971 3932 3931
f 3971 3972 3932
f 3972 3893 3932
f 3972 3933 3893
f 3973 3934 3933
f 3973 3974 3934
f 3974 3935 3934
f 3974 3975 3935
f 3975 3936 3935
f 3975 3976 3936
f 3976 3937 3936
f 3976 3977 3937
f 3977 3938 3937
f 3977 3978 3938
f 3978 3939 3938
f 3978 3979 3939
f 3979 3940 3939
f 3979 3980 3940
f 3980 3941 3940
f 3980 3981 3941
f 3981 3942 3941
f 3981 3982 3942
f 3982 3943 3942
f 3982 3983 3943
f 3983 3944 3943
f 3983 3984 3944
f 3984 3945 3944
f 3984 3985 3945
f 3985 3946 3945
f 3985 3986 3946
f 3986 3947 3946
f 3986 3987 3947
f 3987 3948 3947
f 3987 3988 3948
f 3988 3949 3948
f 3988 3989 3949
f 3989 3950 3949
f 3989 3990 3950
f 3990 3951 3950
f 3990 3991 3951
f 3991 3952 3951
f 3991 3992 3952
f 3992 3953 3952
f 3992 3993 3953
f 3993 3954 3953
f 3993 3994 3954
f 3994 3955 3954
f 3994 3995 3955
f 3995 3956 3955
f 3995 3996 3956
f 3996 3957 3956
f 3996 3997 3957
f 3997 3958 3957
f 3997 3998 3958
f 3998 3959 3958
f 3998 3999 3959
f 3999 3960 3959
f 3999 4000 3960
f 4000 3961 3960
f 4000 4001 3961
f 4001 3962 3961
f 4001 4002 3962
f 4002 3963 3962
f 4002 4003 3963
f 4003 3964 3963
f 4003 4004 3964
f 4004 3965 3964
f 4004 4005 3965
f 4005 3966 3965
f 4005 4006 3966
f 4006 3967 3966
f 4006 4007 3967
f 4007 3968 3967
f 4007 4008 3968
f 4008 3969 3968
f 4008 4009 3969
f 4009 3970 3969
f 4009 4010 3970
f 4010 3971 3970
f 4010 4011 3971
f 4011 3972 3971
f 4011 4012 3972
f 4012 3933 3972
f 4012 3973 3933
f 4013 3974 3973
f 4013 4014 3974
f 4014 3975 3974
f 4014 4015 3975
f 4015 3976 3975
f 4015 4016 3976
f 4016 3977 3976
f 4016 4017 3977
f 4017 3978 3977
f 4017 4018 3978
f 4018 3979 3978
f 4018 4019 3979
f 4019 3980 3979
f 4019 4020 3980
f 4020 3981 3980
f 4020 4021 3981
f 4021 3982 3981
f 4021 4022 3982
f 4022 3983 3982
f 4022 4023 3983
f 4023 3984 3983
f 4023 4024 3984
f 4024 3985 3984
f 4024 4025 3985
f 4025 3986 3985
f 4025 4026 3986
f 4026 3987 3986
f 4026 4027 3987
f 4027 3988 3987
f 4027 4028 3988
f 4028 3989 3988
f 4028 4029 3989
f 4029 3990 3989
f 4029 4030 3990
f 4030 3991 3990
f 4030 4031 3991
f 4031 3992 3991
f 4031 4032 3992
f 4032 3993 3992
f 4032 4033 3993
f 4033 3994 3993
f 4033 4034 3994
f 4034 3995 3994
f 4034 4035 3995
f 4035 3996 3995
f 4035 4036 3996
f 4036 3997 3996
f 4036 4037 3997
f 4037 3998 3997
f 4037 4038 3998
f 4038 3999 3998
f 4038 4039 3999
f 4039 4000 3999
f 4039 4040 4000
f 4040 4001 4000
f 4040 4041 4001
f 4041 4002 4001
f 4041 4042 4002
f 4042 4003 4002
f 4042 4043 4003
f 4043 4004 4003
f 4043 4044 4004
f 4044 4005 4004
f 4044 4045 4005
f 4045 4006 4005
f 4045 4046 4006
f 4046 4007 4006
f 4046 4047 4007
f 4047 4008 4007
f 4047 4048 4008
f 4048 4009 4008
f 4048 4049 4009
f 4049 4010 4009
f 4049 4050 4010
f 4050 4011 4010
f 4050 4051 4011
f 4051 4012 4011
f 4051 4052 4012
f 4052 3973 4012
f 4052 4013 3973
f 4053 4014 4013
f 4053 4054 4014
f 4054 4015 4014
f 4054 4055 4015
f 4055 4016 4015
f 4055 4056 4016
f 4056 4017 4016
f 4056 4057 4017
f 4057 4018 4017
f 4057 4058 4018
f 4058 4019 4018
f 4058 4059 4019
f 4059 4020 4019
f 4059 4060 4020
f 4060 4021 4020
f 4060 4061 4021
f 4061 4022 4021
f 4061 4062 4022
f 4062 4023 4022
f 4062 4063 4023
f 4063 4024 4023
f 4063 4064 4024
f 4064 4025 4024
f 4064 4065 4025
f 4065 4026 4025
f 4065 4066 4026
f 4066 4027 4026
f 4066 4067 4027
f 4067 4028 4027
f 4067 4068 4028
f 4068 4029 4028
f 4068 4069 4029
f 4069 4030 4029
f 4069 4070 4030
f 4070 4031 4030
f 4070 4071 4031
f 4071 4032 4031
f 4071 4072 4032
f 4072 4033 4032
f 4072 4073 4033
f 4073 4034 4033
f 4073 4074 4034
f 4074 4035 4034
f 4074 4075 4035
f 4075 4036 4035
f 4075 4076 4036
f 4076 4037 4036
f 4076 4077 4037
f 4077 4038 4037
f 4077 4078 4038
f 4078 4039 4038
f 4078 4079 4039
f 4079 4040 4039
f 4079 4080 4040
f 4080 4041 4040
f 4080 4081 4041
f 4081 4042 4041
f 4081 4082 4042
f 4082 4043 4042
f 4082 4083 4043
f 4083 4044 4043
f 4083 4084 4044
f 4084 4045 4044
f 4084 4085 4045
f 4085 4046 4045
f 4085 4086 4046
f 4086 4047 4046
f 4086 4087 4047
f 4087 4048 4047
f 4087 4088 4048
f 4088 4049 4048
f 4088 4089 4049
f 4089 4050 4049
f 4089 4090 4050
f 4090 4051 4050
f 4090 4091 4051
f 4091 4052 4051
f 4091 4092 4052
f 4092 4013 4052
f 4092 4053 4013
f 4093 4054 4053
f 4093 4094 4054
f 4094 4055 4054
f 4094 4095 4055
f 4095 4056 4055
f 4095 4096 4056
f 4096 4057 4056
f 4096 4097 4057
f 4097 4058 4057
f 4097 4098 4058
f 4098 4059 4058
f 4098 4099 4059
f 4099 4060 4059
f 4099 4100 4060
f 4100 4061 4060
f 4100 4101 4061
f 4101 4062 4061
f 4101 4102 4062
f 4102 4063 4062
f 4102 4103 4063
f 4103 4064 4063
f 4103 4104 4064
f 4104 4065 4064
f 4104 4105 4065
f 4105 4066 4065
f 4105 4106 4066
f 4106 4067 4066
f 4106 4107 4067
f 4107 4068 4067
f 4107 4108 4068
f 4108 4069 4068
f 4108 4109 4069
f 4109 4070 4069
f 4109 4110 4070
f 4110 4071 4070
f 4110 4111 4071
f 4111 4072 4071
f 4111 4112 4072
f 4112 4073 4072
f 4112 4113 4073
f 4113 4074 4073
f 4113 4114 4074
f 4114 4075 4074
f 4114 4115 4075
f 4115 4076 4075
f 4115 4116 4076
f 4116 4077 4076
f 4116 4117 4077
f 4117 4078 4077
f 4117 4118 4078
f 4118 4079 4078
f 4118 4119 4079
f 4119 4080 4079
f 4119 4120 4080
f 4120 4081 4080
f 4120 4121 4081
f 4121 4082 4081
f 4121 4122 4082
f 4122 4083 4082
f 4122 4123 4083
f 4123 4084 4083
f 4123 4124 4084
f 4124 4085 4084
f 4124 4125 4085
f 4125 4086 4085
f 4125 4126 4086
f 4126 4087 4086
f 4126 4127 4087
f 4127 4088 4087
f 4127 4128 4088
f 4128 4089 4088
f 4128 4129 4089
f 4129 4090 4089
f 4129 4130 4090
f 4130 4091 4090
f 4130 4131 4091
f 4131 4092 4091
f 4131 4132 4092
f 4132 4053 4092
f 4132 4093 4053
f 4133 4094 4093
f 4133 4134 4094
f 4134 4095 4094
f 4134 4135 4095
f 4135 4096 4095
f 4135 4136 4096
f 4136 4097 4096
f 4136 4137 4097
f 4137 4098 4097
f 4137 4138 4098
f 4138 4099 4098
f 4138 4139 4099
f 4139 4100 4099
f 4139 4140 4100
f 4140 4101 4100
f 4140 4141 4101
f 4141 4102 4101
f 4141 4142 4102
f 4142 4103 4102
f 4142 4143 4103
f 4143 4104 4103
f 4143 4144 4104
f 4144 4105 4104
f 4144 4145 4105
f 4145 4106 4105
f 4145 4146 4106
f 4146 4107 4106
f 4146 4147 4107
f 4147 4108 4107
f 4147 4148 4108
f 4148 4109 4108
f 4148 4149 4109
f 4149 4110 4109
f 4149 4150 4110
f 4150 4111 4110
f 4150 4151 4111
f 4151 4112 4111
f 4151 4152 4112
f 4152 4113 4112
f 4152 4153 4113
f 4153 4114 4113
f 4153 4154 4114
f 4154 4115 4114
f 4154 4155 4115
f 4155 4116 4115
f 4155 4156 4116
f 4156 4117 4116
f 4156 4157 4117
f 4157 4118 4117
f 4157 4158 4118
f 4158 4119 4118
f 4158 4159 4119
f 4159 4120 4119
f 4159 4160 4120
f 4160 4121 4120
f 4160 4161 4121
f 4161 4122 4121
f 4161 4162 4122
f 4162 4123 4122
f 4162 4163 4123
f 4163 4124 4123
f 4163 4164 4124
f 4164 4125 4124
f 4164 4165 4125
f 4165 4126 4125
f 4165 4166 4126
f 4166 4127 4126
f 4166 4167 4127
f 4167 4128 4127
f 4167 4168 4128
f 4168 4129 4128
f 4168 4169 4129
f 4169 4130 4129
f 4169 4170 4130
f 4170 4131 4130
f 4170 4171 4131
f 4171 4132 4131
f 4171 4172 4132
f 4172 4093 4132
f 4172 4133 4093
f 4173 4134 4133
f 4173 4174 4134
f 4174 4135 4134
f 4174 4175 4135
f 4175 4136 4135
f 4175 4176 4136
f 4176 4137 4136
f 4176 4177 4137
f 4177 4138 4137
f 4177 4178 4138
f 4178 4139 4138
f 4178 4179 4139
f 4179 4140 4139
f 4179 4180 4140
f 4180 4141 4140
f 4180 4181 4141
f 4181 4142 4141
f 4181 4182 4142
f 4182 4143 4142
f 4182 4183 4143
f 4183 4144 4143
f 4183 4184 4144
f 4184 4145 4144
f 4184 4185 4145
f 4185 4146 4145
f 4185 4186 4146
f 4186 4147 4146
f 4186 4187 4147
f 4187 4148 4147
f 4187 4188 4148
f 4188 4149 4148
f 4188 4189 4149
f 4189 4150 4149
f 4189 4190 4150
f 4190 4151 4150
f 4190 4191 4151
f 4191 4152 4151
f 4191 4192 4152
f 4192 4153 4152
f 4192 4193 4153
f 4193 4154 4153
f 4193 4194 4154
f 4194 4155 4154
f 4194 4195 4155
f 4195 4156 4155
f 4195 4196 4156
f 4196 4157 4156
f 4196 4197 4157
f 4197 4158 4157
f 4197 4198 4158
f 4198 4159 4158
f 4198 4199 4159
f 4199 4160 4159
f 4199 4200 4160
f 4200 4161 4160
f 4200 4201 4161
f 4201 4162 4161
f 4201 4202 4162
f 4202 4163 4162
f 4202 4203 4163
f 4203 4164 4163
f 4203 4204 4164
f 4204 4165 4164
f 4204 4205 4165
f 4205 4166 4165
f 4205 4206 4166
f 4206 4167 4166
f 4206 4207 4167
f 4207 4168 4167
f 4207 4208 4168
f 4208 4169 4168
f 4208 4209 4169
f 4209 4170 4169
f 4209 4210 4170
f 4210 4171 4170
f 4210 4211 4171
f 4211 4172 4171
f 4211 4212 4172
f 4212 4133 4172
f 4212 4173 4133
f 4213 4174 4173
f 4213 4214 4174
f 4214 4175 4174
f 4214 4215 4175
f 4215 4176 4175
f 4215 4216 4176
f 4216 4177 4176
f 4216 4217 4177
f 4217 4178 4177
f 4217 4218 4178
f 4218 4179 4178
f 4218 4219 4179
f 4219 4180 4179
f 4219 4220 4180
f 4220 4181 4180
f 4220 4221 4181
f 4221 4182 4181
f 4221 4222 4182
f 4222 4183 4182
f 4222 4223 4183
f 4223 4184 4183
f 4223 4224 4184
f 4224 4185 4184
f 4224 4225 4185
f 4225 4186 4185
f 4225 4226 4186
f 4226 4187 4186
f 4226 4227 4187
f 4227 4188 4187
f 4227 4228 4188
f 4228 4189 4188
f 4228 4229 4189
f 4229 4190 4189
f 4229 4230 4190
f 4230 4191 4190
f 4230 4231 4191
f 4231 4192 4191
f 4231 4232 4192
f 4232 4193 4192
f 4232 4233 4193
f 4233 4194 4193
f 4233 4234 4194
f 4234 4195 4194
f 4234 4235 4195
f 4235 4196 4195
f 4235 4236 4196
f 4236 4197 4196
f 4236 4237 4197
f 4237 4198 4197
f 4237 4238 4198
f 4238 4199 4198
f 4238 4239 4199
f 4239 4200 4199
f 4239 4240 4200
f 4240 4201 4200
f 4240 4241 4201
f 4241 4202 4201
f 4241 4242 4202
f 4242 4203 4202
f 4242 4243 4203
f 4243 4204 4203
f 4243 4244 4204
f 4244 4205 4204
f 4244 4245 4205
f 4245 4206 4205
f 4245 4246 4206
f 4246 4207 4206
f 4246 4247 4207
f 4247 4208 4207
f 4247 4248 4208
f 4248 4209 4208
f 4248 4249 4209
f 4249 4210 4209
f 4249 4250 4210
f 4250 4211 4210
f 4250 4251 4211
f 4251 4212 4211
f 4251 4252 4212
f 4252 4173 4212
f 4252 4213 4173
f 4253 4214 4213
f 4253 4254 4214
f 4254 4215 4214
f 4254 4255 4215
f 4255 4216 4215
f 4255 4256 4216
f 4256 4217 4216
f 4256 4257 4217
f 4257 4218 4217
f 4257 4258 4218
f 4258 4219 4218
f 4258 4259 4219
f 4259 4220 4219
f 4259 4260 4220
f 4260 4221 4220
f 4260 4261 4221
f 4261 4222 4221
f 4261 4262 4222
f 4262 4223 4222
f 4262 4263 4223
f 4263 4224 4223
f 4263 4264 4224
f 4264 4225 4224
f 4264 4265 4225
f 4265 4226 4225
f 4265 4266 4226
f 4266 4227 4226
f 4266 4267 4227
f 4267 4228 4227
f 4267 4268 4228
f 4268 4229 4228
f 4268 4269 4229
f 4269 4230 4229
f 4269 4270 4230
f 4270 4231 4230
f 4270 4271 4231
f 4271 4232 4231
f 4271 4272 4232
f 4272 4233 4232
f 4272 4273 4233
f 4273 4234 4233
f 4273 4274 4234
f 4274 4235 4234
f 4274 4275 4235
f 4275 4236 4235
f 4275 4276 4236
f 4276 4237 4236
f 4276 4277 4237
f 4277 4238 4237
f 4277 4278 4238
f 4278 4239 4238
f 4278 4279 4239
f 4279 4240 4239
f 4279 4280 4240
f 4280 4241 4240
f 4280 4281 4241
f 4281 4242 4241
f 4281 4282 4242
f 4282 4243 4242
f 4282 4283 4243
f 4283 4244 4243
f 4283 4284 4244
f 4284 4245 4244
f 4284 4285 4245
f 4285 4246 4245
f 4285 4286 4246
f 4286 4247 4246
f 4286 4287 4247
f 4287 4248 4247
f 4287 4288 4248
f 4288 4249 4248
f 4288 4289 4249
f 4289 4250 4249
f 4289 4290 4250
f 4290 4251 4250
f 4290 4291 4251
f 4291 4252 4251
f 4291 4292 4252
f 4292 4213 4252
f 4292 4253 4213
f 4293 4254 4253
f 4293 4294 4254
f 4294 4255 4254
f 4294 4295 4255
f 4295 4256 4255
f 4295 4296 4256
f 4296 4257 4256
f 4296 4297 4257
f 4297 4258 4257
f 4297 4298 4258
f 4298 4259 4258
f 4298 4299 4259
f 4299 4260 4259
f 4299 4300 4260
f 4300 4261 4260
f 4300 4301 4261
f 4301 4262 4261
f 4301 4302 4262
f 4302 4263 4262
f 4302 4303 4263
f 4303 4264 4263
f 4303 4304 4264
f 4304 4265 4264
f 4304 4305 4265
f 4305 4266 4265
f 4305 4306 4266
f 4306 4267 4266
f 4306 4307 4267
f 4307 4268 4267
f 4307 4308 4268
f 4308 4269 4268
f 4308 4309 4269
f 4309 4270 4269
f 4309 4310 4270
f 4310 4271 4270
f 4310 4311 4271
f 4311 4272 4271
f 4311 4312 4272
f 4312 4273 4272
f 4312 4313 4273
f 4313 4274 4273
f 4313 4314 4274
f 4314 4275 4274
f 4314 4315 4275
f 4315 4276 4275
f 4315 4316 4276
f 4316 4277 4276
f 4316 4317 4277
f 4317 4278 4277
f 4317 4318 4278
f 4318 4279 4278
f 4318 4319 4279
f 4319 4280 4279
f 4319 4320 4280
f 4320 4281 4280
f 4320 4321 4281
f 4321 4282 4281
f 4321 4322 4282
f 4322 4283 4282
f 4322 4323 4283
f 4323 4284 4283
f 4323 4324 4284
f 4324 4285 4284
f 4324 4325 4285
f 4325 4286 4285
f 4325 4326 4286
f 4326 4287 4286
f 4326 4327 4287
f 4327 4288 4287
f 4327 4328 4288
f 4328 4289 4288
f 4328 4329 4289
f 4329 4290 4289
f 4329 4330 4290
f 4330 4291 4290
f 4330 4331 4291
f 4331 4292 4291
f 4331 4332 4292
f 4332 4253 4292
f 4332 4293 4253
f 4333 4294 4293
f 4333 4334 4294
f 4334 4295 4294
f 4334 4335 4295
f 4335 4296 4295
f 4335 4336 4296
f 4336 4297 4296
f 4336 4337 4297
f 4337 4298 4297
f 4337 4338 4298
f 4338 4299 4298
f 4338 4339 4299
f 4339 4300 4299
f 4339 4340 4300
f 4340 4301 4300
f 4340 4341 4301
f 4341 4302 4301
f 4341 4342 4302
f 4342 4303 4302
f 4342 4343 4303
f 4343 4304 4303
f 4343 4344 4304
f 4344 4305 4304
f 4344 4345 4305
f 4345 4306 4305
f 4345 4346 4306
f 4346 4307 4306
f 4346 4347 4307
f 4347 4308 4307
f 4347 4348 4308
f 4348 4309 4308
f 4348 4349 4309
f 4349 4310 4309
f 4349 4350 4310
f 4350 4311 4310
f 4350 4351 4311
f 4351 4312 4311
f 4351 4352 4312
f 4352 4313 4312
f 4352 4353 4313
f 4353 4314 4313
f 4353 4354 4314
f 4354 4315 4314
f 4354 4355 4315
f 4355 4316 4315
f 4355 4356 4316
f 4356 4317 4316
f 4356 4357 4317
f 4357 4318 4317
f 4357 4358 4318
f 4358 4319 4318
f 4358 4359 4319
f 4359 4320 4319
f 4359 4360 4320
f 4360 4321 4320
f 4360 4361 4321
f 4361 4322 4321
f 4361 4362 4322
f 4362 4323 4322
f 4362 4363 4323
f 4363 4324 4323
f 4363 4364 4324
f 4364 4325 4324
f 4364 4365 4325
f 4365 4326 4325
f 4365 4366 4326
f 4366 4327 4326
f 4366 4367 4327
f 4367 4328 4327
f 4367 4368 4328
f 4368 4329 4328
f 4368 4369 4329
f 4369 4330 4329
f 4369 4370 4330
f 4370 4331 4330
f 4370 4371 4331
f 4371 4332 4331
f 4371 4372 4332
f 4372 4293 4332
f 4372 4333 4293
f 4373 4334 4333
f 4373 4374 4334
f 4374 4335 4334
f 4374 4375 4335
f 4375 4336 4335
f 4375 4376 4336
f 4376 4337 4336
f 4376 4377 4337
f 4377 4338 4337
f 4377 4378 4338
f 4378 4339 4338
f 4378 4379 4339
f 4379 4340 4339
f 4379 4380 4340
f 4380 4341 4340
f 4380 4381 4341
f 4381 4342 4341
f 4381 4382 4342
f 4382 4343 4342
f 4382 4383 4343
f 4383 4344 4343
f 4383 4384 4344
f 4384 4345 4344
f 4384 4385 4345
f 4385 4346 4345
f 4385 4386 4346
f 4386 4347 4346
f 4386 4387 4347
f 4387 4348 4347
f 4387 4388 4348
f 4388 4349 4348
f 4388 4389 4349
f 4389 4350 4349
f 4389 4390 4350
f 4390 4351 4350
f 4390 4391 4351
f 4391 4352 4351
f 4391 4392 4352
f 4392 4353 4352
f 4392 4393 4353
f 4393 4354 4353
f 4393 4394 4354
f 4394 4355 4354
f 4394 4395 4355
f 4395 4356 4355
f 4395 4396 4356
f 4396 4357 4356
f 4396 4397 4357
f 4397 4358 4357
f 4397 4398 4358
f 4398 4359 4358
f 4398 4399 4359
f 4399 4360 4359
f 4399 4400 4360
f 4400 4361 4360
f 4400 4401 4361
f 4401 4362 4361
f 4401 4402 4362
f 4402 4363 4362
f 4402 4403 4363
f 4403 4364 4363
f 4403 4404 4364
f 4404 4365 4364
f 4404 4405 4365
f 4405 4366 4365
f 4405 4406 4366
f 4406 4367 4366
f 4406 4407 4367
f 4407 4368 4367
f 4407 4408 4368
f 4408 4369 4368
f 4408 4409 4369
f 4409 4370 4369
f 4409 4410 4370
f 4410 4371 4370
f 4410 4411 4371
f 4411 4372 4371
f 4411 4412 4372
f 4412 4333 4372
f 4412 4373 4333
f 4413 4374 4373
f 4413 4414 4374
f 4414 4375 4374
f 4414 4415 4375
f 4415 4376 4375
f 4415 4416 4376
f 4416 4377 4376
f 4416 4417 4377
f 4417 4378 4377
f 4417 4418 4378
f 4418 4379 4378
f 4418 4419 4379
f 4419 4380 4379
f 4419 4420 4380
f 4420 4381 4380
f 4420 4421 4381
f 4421 4382 4381
f 4421 4422 4382
f 4422 4383 4382
f 4422 4423 4383
f 4423 4384 4383
f 4423 4424 4384
f 4424 4385 4384
f 4424 4425 4385
f 4425 4386 4385
f 4425 4426 4386
f 4426 4387 4386
f 4426 4427 4387
f 4427 4388 4387
f 4427 4428 4388
f 4428 4389 4388
f 4428 4429 4389
f 4429 4390 4389
f 4429 4430 4390
f 4430 4391 4390
f 4430 4431 4391
f 4431 4392 4391
f 4431 4432 4392
f 4432 4393 4392
f 4432 4433 4393
f 4433 4394 4393
f 4433 4434 4394
f 4434 4395 4394
f 4434 4435 4395
f 4435 4396 4395
f 4435 4436 4396
f 4436 4397 4396
f 4436 4437 4397
f 4437 4398 4397
f 4437 4438 4398
f 4438 4399 4398
f 4438 4439 4399
f 4439 4400 4399
f 4439 4440 4400
f 4440 4401 4400
f 4440 4441 4401
f 4441 4402 4401
f 4441 4442 4402
f 4442 4403 4402
f 4442 4443 4403
f 4443 4404 4403
f 4443 4444 4404
f 4444 4405 4404
f 4444 4445 4405
f 4445 4406 4405
f 4445 4446 4406
f 4446 4407 4406
f 4446 4447 4407
f 4447 4408 4407
f 4447 4448 4408
f 4448 4409 4408
f 4448 4449 4409
f 4449 4410 4409
f 4449 4450 4410
f 4450 4411 4410
f 4450 4451 4411
f 4451 4412 4411
f 4451 4452 4412
f 4452 4373 4412
f 4452 4413 4373
f 4453 4414 4413
f 4453 4454 4414
f 4454 4415 4414
f 4454 4455 4415
f 4455 4416 4415
f 4455 4456 4416
f 4456 4417 4416
f 4456 4457 4417
f 4457 4418 4417
f 4457 4458 4418
f 4458 4419 4418
f 4458 4459 4419
f 4459 4420 4419
f 4459 4460 4420
f 4460 4421 4420
f 4460 4461 4421
f 4461 4422 4421
f 4461 4462 4422
f 4462 4423 4422
f 4462 4463 4423
f 4463 4424 4423
f 4463 4464 4424
f 4464 4425 4424
f 4464 4465 4425
f 4465 4426 4425
f 4465 4466 4426
f 4466 4427 4426
f 4466 4467 4427
f 4467 4428 4427
f 4467 4468 4428
f 4468 4429 4428
f 4468 4469 4429
f 4469 4430 4429
f 4469 4470 4430
f 4470 4431 4430
f 4470 4471 4431
f 4471 4432 4431
f 4471 4472 4432
f 4472 4433 4432
f 4472 4473 4433
f 4473 4434 4433
f 4473 4474 4434
f 4474 4435 4434
f 4474 4475 4435
f 4475 4436 4435
f 4475 4476 4436
f 4476 4437 4436
f 4476 4477 4437
f 4477 4438 4437
f 4477 4478 4438
f 4478 4439 4438
f 4478 4479 4439
f 4479 4440 4439
f 4479 4480 4440
f 4480 4441 4440
f 4480 4481 4441
f 4481 4442 4441
f 4481 4482 4442
f 4482 4443 4442
f 4482 4483 4443
f 4483 4444 4443
f 4483 4484 4444
f 4484 4445 4444
f 4484 4485 4445
f 4485 4446 4445
f 4485 4486 4446
f 4486 4447 4446
f 4486 4487 4447
f 4487 4448 4447
f 4487 4488 4448
f 4488 4449 4448
f 4488 4489 4449
f 4489 4450 4449
f 4489 4490 4450
f 4490 4451 4450
f 4490 4491 4451
f 4491 4452 4451
f 4491 4492 4452
f 4492 4413 4452
f 4492 4453 4413
f 4493 4454 4453
f 4493 4494 4454
f 4494 4455 4454
f 4494 4495 4455
f 4495 4456 4455
f 4495 4496 4456
f 4496 4457 4456
f 4496 4497 4457
f 4497 4458 4457
f 4497 4498 4458
f 4498 4459 4458
f 4498 4499 4459
f 4499 4460 4459
f 4499 4500 4460
f 4500 4461 4460
f 4500 4501 4461
f 4501 4462 4461
f 4501 4502 4462
f 4502 4463 4462
f 4502 4503 4463
f 4503 4464 4463
f 4503 4504 4464
f 4504 4465 4464
f 4504 4505 4465
f 4505 4466 4465
f 4505 4506 4466
f 4506 4467 4466
f 4506 4507 4467
f 4507 4468 4467
f 4507 4508 4468
f 4508 4469 4468
f 4508 4509 4469
f 4509 4470 4469
f 4509 4510 4470
f 4510 4471 4470
f 4510 4511 4471
f 4511 4472 4471
f 4511 4512 4472
f 4512 4473 4472
f 4512 4513 4473
f 4513 4474 4473
f 4513 4514 4474
f 4514 4475 4474
f 4514 4515 4475
f 4515 4476 4475
f 4515 4516 4476
f 4516 4477 4476
f 4516 4517 4477
f 4517 4478 4477
f 4517 4518 4478
f 4518 4479 4478
f 4518 4519 4479
f 4519 4480 4479
f 4519 4520 4480
f 4520 4481 4480
f 4520 4521 4481
f 4521 4482 4481
f 4521 4522 4482
f 4522 4483 4482
f 4522 4523 4483
f 4523 4484 4483
f 4523 4524 4484
f 4524 4485 4484
f 4524 4525 4485
f 4525 4486 4485
f 4525 4526 4486
f 4526 4487 4486
f 4526 4527 4487
f 4527 4488 4487
f 4527 4528 4488
f 4528 4489 4488
f 4528 4529 4489
f 4529 4490 4489
f 4529 4530 4490
f 4530 4491 4490
f 4530 4531 4491
f 4531 4492 4491
f 4531 4532 4492
f 4532 4453 4492
f 4532 4493 4453
f 4533 4494 4493
f 4533 4534 4494
f 4534 4495 4494
f 4534 4535 4495
f 4535 4496 4495
f 4535 4536 4496
f 4536 4497 4496
f 4536 4537 4497
f 4537 4498 4497
f 4537 4538 4498
f 4538 4499 4498
f 4538 4539 4499
f 4539 4500 4499
f 4539 4540 4500
f 4540 4501 4500
f 4540 4541 4501
f 4541 4502 4501
f 4541 4542 4502
f 4542 4503 4502
f 4542 4543 4503
f 4543 4504 4503
f 4543 4544 4504
f 4544 4505 4504
f 4544 4545 4505
f 4545 4506 4505
f 4545 4546 4506
f 4546 4507 4506
f 4546 4547 4507
f 4547 4508 4507
f 4547 4548 4508
f 4548 4509 4508
f 4548 4549 4509
f 4549 4510 4509
f 4549 4550 4510
f 4550 4511 4510
f 4550 4551 4511
f 4551 4512 4511
f 4551 4552 4512
f 4552 4513 4512
f 4552 4553 4513
f 4553 4514 4513
f 4553 4554 4514
f 4554 4515 4514
f 4554 4555 4515
f 4555 4516 4515
f 4555 4556 4516
f 4556 4517 4516
f 4556 4557 4517
f 4557 4518 4517
f 4557 4558 4518
f 4558 4519 4518
f 4558 4559 4519
f 4559 4520 4519
f 4559 4560 4520
f 4560 4521 4520
f 4560 4561 4521
f 4561 4522 4521
f 4561 4562 4522
f 4562 4523 4522
f 4562 4563 4523
f 4563 4524 4523
f 4563 4564 4524
f 4564 4525 4524
f 4564 4565 4525
f 4565 4526 4525
f 4565 4566 4526
f 4566 4527 4526
f 4566 4567 4527
f 4567 4528 4527
f 4567 4568 4528
f 4568 4529 4528
f 4568 4569 4529
f 4569 4530 4529
f 4569 4570 4530
f 4570 4531 4530
f 4570 4571 4531
f 4571 4532 4531
f 4571 4572 4532
f 4572 4493 4532
f 4572 4533 4493
f 4573 4575 4576
f 4574 5296 5295
f 4573 4576 4577
f 4574 5297 5296
f 4573 4577 4578
f 4574 5298 5297
f 4573 4578 4579
f 4574 5299 5298
f 4573 4579 4580
f 4574 5300 5299
f 4573 4580 4581
f 4574 5301 5300
f 4573 4581 4582
f 4574 5302 5301
f 4573 4582 4583
f 4574 5303 5302
f 4573 4583 4584
f 4574 5304 5303
f 4573 4584 4585
f 4574 5305 5304
f 4573 4585 4586
f 4574 5306 5305
f 4573 4586 4587
f 4574 5307 5306
f 4573 4587 4588
f 4574 5308 5307
f 4573 4588 4589
f 4574 5309 5308
f 4573 4589 4590
f 4574 5310 5309
f 4573 4590 4591
f 4574 5311 5310
f 4573 4591 4592
f 4574 5312 5311
f 4573 4592 4593
f 4574 5313 5312
f 4573 4593 4594
f 4574 5314 5313
f 4573 4594 4595
f 4574 5315 5314
f 4573 4595 4596
f 4574 5316 5315
f 4573 4596 4597
f 4574 5317 5316
f 4573 4597 4598
f 4574 5318 5317
f 4573 4598 4599
f 4574 5319 5318
f 4573 4599 4600
f 4574 5320 5319
f 4573 4600 4601
f 4574 5321 5320
f 4573 4601 4602
f 4574 5322 5321
f 4573 4602 4603
f 4574 5323 5322
f 4573 4603 4604
f 4574 5324 5323
f 4573 4604 4605
f 4574 5325 5324
f 4573 4605 4606
f 4574 5326 5325
f 4573 4606 4607
f 4574 5327 5326
f 4573 4607 4608
f 4574 5328 5327
f 4573 4608 4609
f 4574 5329 5328
f 4573 4609 4610
f 4574 5330 5329
f 4573 4610 4611
f 4574 5331 5330
f 4573 4611 4612
f 4574 5332 5331
f 4573 4612 4613
f 4574 5333 5332
f 4573 4613 4614
f 4574 5334 5333
f 4573 4614 4575
f 4574 5295 5334
f 4615 4576 4575
f 4615 4616 4576
f 4616 4577 4576
f 4616 4617 4577
f 4617 4578 4577
f 4617 4618 4578
f 4618 4579 4578
f 4618 4619 4579
f 4619 4580 4579
f 4619 4620 4580
f 4620 4581 4580
f 4620 4621 4581
f 4621 4582 4581
f 4621 4622 4582
f 4622 4583 4582
f 4622 4623 4583
f 4623 4584 4583
f 4623 4624 4584
f 4624 4585 4584
f 4624 4625 4585
f 4625 4586 4585
f 4625 4626 4586
f 4626 4587 4586
f 4626 4627 4587
f 4627 4588 4587
f 4627 4628 4588
f 4628 4589 4588
f 4628 4629 4589
f 4629 4590 4589
f 4629 4630 4590
f 4630 4591 4590
f 4630 4631 4591
f 4631 4592 4591
f 4631 4632 4592
f 4632 4593 4592
f 4632 4633 4593
f 4633 4594 4593
f 4633 4634 4594
f 4634 4595 4594
f 4634 4635 4595
f 4635 4596 4595
f 4635 4636 4596
f 4636 4597 4596
f 4636 4637 4597
f 4637 4598 4597
f 4637 4638 4598
f 4638 4599 4598
f 4638 4639 4599
f 4639 4600 4599
f 4639 4640 4600
f 4640 4601 4600
f 4640 4641 4601
f 4641 4602 4601
f 4641 4642 4602
f 4642 4603 4602
f 4642 4643 4603
f 4643 4604 4603
f 4643 4644 4604
f 4644 4605 4604
f 4644 4645 4605
f 4645 4606 4605
f 4645 4646 4606
f 4646 4607 4606
f 4646 4647 4607
f 4647 4608 4607
f 4647 4648 4608
f 4648 4609 4608
f 4648 4649 4609
f 4649 4610 4609
f 4649 4650 4610
f 4650 4611 4610
f 4650 4651 4611
f 4651 4612 4611
f 4651 4652 4612
f 4652 4613 4612
f 4652 4653 4613
f 4653 4614 4613
f 4653 4654 4614
f 4654 4575 4614
f 4654 4615 4575
f 4655 4616 4615
f 4655 4656 4616
f 4656 4617 4616
f 4656 4657 4617
f 4657 4618 4617
f 4657 4658 4618
f 4658 4619 4618
f 4658 4659 4619
f 4659 4620 4619
f 4659 4660 4620
f 4660 4621 4620
f 4660 4661 4621
f 4661 4622 4621
f 4661 4662 4622
f 4662 4623 4622
f 4662 4663 4623
f 4663 4624 4623
f 4663 4664 4624
f 4664 4625 4624
f 4664 4665 4625
f 4665 4626 4625
f 4665 4666 4626
f 4666 4627 4626
f 4666 4667 4627
f 4667 4628 4627
f 4667 4668 4628
f 4668 4629 4628
f 4668 4669 4629
f 4669 4630 4629
f 4669 4670 4630
f 4670 4631 4630
f 4670 4671 4631
f 4671 4632 4631
f 4671 4672 4632
f 4672 4633 4632
f 4672 4673 4633
f 4673 4634 4633
f 4673 4674 4634
f 4674 4635 4634
f 4674 4675 4635
f 4675 4636 4635
f 4675 4676 4636
f 4676 4637 4636
f 4676 4677 4637
f 4677 4638 4637
f 4677 4678 4638
f 4678 4639 4638
f 4678 4679 4639
f 4679 4640 4639
f 4679 4680 4640
f 4680 4641 4640
f 4680 4681 4641
f 4681 4642 4641
f 4681 4682 4642
f 4682 4643 4642
f 4682 4683 4643
f 4683 4644 4643
f 4683 4684 4644
f 4684 4645 4644
f 4684 4685 4645
f 4685 4646 4645
f 4685 4686 4646
f 4686 4647 4646
f 4686 4687 4647
f 4687 4648 4647
f 4687 4688 4648
f 4688 4649 4648
f 4688 4689 4649
f 4689 4650 4649
f 4689 4690 4650
f 4690 4651 4650
f 4690 4691 4651
f 4691 4652 4651
f 4691 4692 4652
f 4692 4653 4652
f 4692 4693 4653
f 4693 4654 4653
f 4693 4694 4654
f 4694 4615 4654
f 4694 4655 4615
f 4695 4656 4655
f 4695 4696 4656
f 4696 4657 4656
f 4696 4697 4657
f 4697 4658 4657
f 4697 4698 4658
f 4698 4659 4658
f 4698 4699 4659
f 4699 4660 4659
f 4699 4700 4660
f 4700 4661 4660
f 4700 4701 4661
f 4701 4662 4661
f 4701 4702 4662
f 4702 4663 4662
f 4702 4703 4663
f 4703 4664 4663
f 4703 4704 4664
f 4704 4665 4664
f 4704 4705 4665
f 4705 4666 4665
f 4705 4706 4666
f 4706 4667 4666
f 4706 4707 4667
f 4707 4668 4667
f 4707 4708 4668
f 4708 4669 4668
f 4708 4709 4669
f 4709 4670 4669
f 4709 4710 4670
f 4710 4671 4670
f 4710 4711 4671
f 4711 4672 4671
f 4711 4712 4672
f 4712 4673 4672
f 4712 4713 4673
f 4713 4674 4673
f 4713 4714 4674
f 4714 4675 4674
f 4714 4715 4675
f 4715 4676 4675
f 4715 4716 4676
f 4716 4677 4676
f 4716 4717 4677
f 4717 4678 4677
f 4717 4718 4678
f 4718 4679 4678
f 4718 4719 4679
f 4719 4680 4679
f 4719 4720 4680
f 4720 4681 4680
f 4720 4721 4681
f 4721 4682 4681
f 4721 4722 4682
f 4722 4683 4682
f 4722 4723 4683
f 4723 4684 4683
f 4723 4724 4684
f 4724 4685 4684
f 4724 4725 4685
f 4725 4686 4685
f 4725 4726 4686
f 4726 4687 4686
f 4726 4727 4687
f 4727 4688 4687
f 4727 4728 4688
f 4728 4689 4688
f 4728 4729 4689
f 4729 4690 4689
f 4729 4730 4690
f 4730 4691 4690
f 4730 4731 4691
f 4731 4692 4691
f 4731 4732 4692
f 4732 4693 4692
f 4732 4733 4693
f 4733 4694 4693
f 4733 4734 4694
f 4734 4655 4694
f 4734 4695 4655
f 4735 4696 4695
f 4735 4736 4696
f 4736 4697 4696
f 4736 4737 4697
f 4737 4698 4697
f 4737 4738 4698
f 4738 4699 4698
f 4738 4739 4699
f 4739 4700 4699
f 4739 4740 4700
f 4740 4701 4700
f 4740 4741 4701
f 4741 4702 4701
f 4741 4742 4702
f 4742 4703 4702
f 4742 4743 4703
f 4743 4704 4703
f 4743 4744 4704
f 4744 4705 4704
f 4744 4745 4705
f 4745 4706 4705
f 4745 4746 4706
f 4746 4707 4706
f 4746 4747 4707
f 4747 4708 4707
f 4747 4748 4708
f 4748 4709 4708
f 4748 4749 4709
f 4749 4710 4709
f 4749 4750 4710
f 4750 4711 4710
f 4750 4751 4711
f 4751 4712 4711
f 4751 4752 4712
f 4752 4713 4712
f 4752 4753 4713
f 4753 4714 4713
f 4753 4754 4714
f 4754 4715 4714
f 4754 4755 4715
f 4755 4716 4715
f 4755 4756 4716
f 4756 4717 4716
f 4756 4757 4717
f 4757 4718 4717
f 4757 4758 4718
f 4758 4719 4718
f 4758 4759 4719
f 4759 4720 4719
f 4759 4760 4720
f 4760 4721 4720
f 4760 4761 4721
f 4761 4722 4721
f 4761 4762 4722
f 4762 4723 4722
f 4762 4763 4723
f 4763 4724 4723
f 4763 4764 4724
f 4764 4725 4724
f 4764 4765 4725
f 4765 4726 4725
f 4765 4766 4726
f 4766 4727 4726
f 4766 4767 4727
f 4767 4728 4727
f 4767 4768 4728
f 4768 4729 4728
f 4768 4769 4729
f 4769 4730 4729
f 4769 4770 4730
f 4770 4731 4730
f 4770 4771 4731
f 4771 4732 4731
f 4771 4772 4732
f 4772 4733 4732
f 4772 4773 4733
f 4773 4734 4733
f 4773 4774 4734
f 4774 4695 4734
f 4774 4735 4695
f 4775 4736 4735
f 4775 4776 4736
f 4776 4737 4736
f 4776 4777 4737
f 4777 4738 4737
f 4777 4778 4738
f 4778 4739 4738
f 4778 4779 4739
f 4779 4740 4739
f 4779 4780 4740
f 4780 4741 4740
f 4780 4781 4741
f 4781 4742 4741
f 4781 4782 4742
f 4782 4743 4742
f 4782 4783 4743
f 4783 4744 4743
f 4783 4784 4744
f 4784 4745 4744
f 4784 4785 4745
f 4785 4746 4745
f 4785 4786 4746
f 4786 4747 4746
f 4786 4787 4747
f 4787 4748 4747
f 4787 4788 4748
f 4788 4749 4748
f 4788 4789 4749
f 4789 4750 4749
f 4789 4790 4750
f 4790 4751 4750
f 4790 4791 4751
f 4791 4752 4751
f 4791 4792 4752
f 4792 4753 4752
f 4792 4793 4753
f 4793 4754 4753
f 4793 4794 4754
f 4794 4755 4754
f 4794 4795 4755
f 4795 4756 4755
f 4795 4796 4756
f 4796 4757 4756
f 4796 4797 4757
f 4797 4758 4757
f 4797 4798 4758
f 4798 4759 4758
f 4798 4799 4759
f 4799 4760 4759
f 4799 4800 4760
f 4800 4761 4760
f 4800 4801 4761
f 4801 4762 4761
f 4801 4802 4762
f 4802 4763 4762
f 4802 4803 4763
f 4803 4764 4763
f 4803 4804 4764
f 4804 4765 4764
f 4804 4805 4765
f 4805 4766 4765
f 4805 4806 4766
f 4806 4767 4766
f 4806 4807 4767
f 4807 4768 4767
f 4807 4808 4768
f 4808 4769 4768
f 4808 4809 4769
f 4809 4770 4769
f 4809 4810 4770
f 4810 4771 4770
f 4810 4811 4771
f 4811 4772 4771
f 4811 4812 4772
f 4812 4773 4772
f 4812 4813 4773
f 4813 4774 4773
f 4813 4814 4774
f 4814 4735 4774
f 4814 4775 4735
f 4815 4776 4775
f 4815 4816 4776
f 4816 4777 4776
f 4816 4817 4777
f 4817 4778 4777
f 4817 4818 4778
f 4818 4779 4778
f 4818 4819 4779
f 4819 4780 4779
f 4819 4820 4780
f 4820 4781 4780
f 4820 4821 4781
f 4821 4782 4781
f 4821 4822 4782
f 4822 4783 4782
f 4822 4823 4783
f 4823 4784 4783
f 4823 4824 4784
f 4824 4785 4784
f 4824 4825 4785
f 4825 4786 4785
f 4825 4826 4786
f 4826 4787 4786
f 4826 4827 4787
f 4827 4788 4787
f 4827 4828 4788
f 4828 4789 4788
f 4828 4829 4789
f 4829 4790 4789
f 4829 4830 4790
f 4830 4791 4790
f 4830 4831 4791
f 4831 4792 4791
f 4831 4832 4792
f 4832 4793 4792
f 4832 4833 4793
f 4833 4794 4793
f 4833 4834 4794
f 4834 4795 4794
f 4834 4835 4795
f 4835 4796 4795
f 4835 4836 4796
f 4836 4797 4796
f 4836 4837 4797
f 4837 4798 4797
f 4837 4838 4798
f 4838 4799 4798
f 4838 4839 4799
f 4839 4800 4799
f 4839 4840 4800
f 4840 4801 4800
f 4840 4841 4801
f 4841 4802 4801
f 4841 4842 4802
f 4842 4803 4802
f 4842 4843 4803
f 4843 4804 4803
f 4843 4844 4804
f 4844 4805 4804
f 4844 4845 4805
f 4845 4806 4805
f 4845 4846 4806
f 4846 4807 4806
f 4846 4847 4807
f 4847 4808 4807
f 4847 4848 4808
f 4848 4809 4808
f 4848 4849 4809
f 4849 4810 4809
f 4849 4850 4810
f 4850 4811 4810
f 4850 4851 4811
f 4851 4812 4811
f 4851 4852 4812
f 4852 4813 4812
f 4852 4853 4813
f 4853 4814 4813
f 4853 4854 4814
f 4854 4775 4814
f 4854 4815 4775
f 4855 4816 4815
f 4855 4856 4816
f 4856 4817 4816
f 4856 4857 4817
f 4857 4818 4817
f 4857 4858 4818
f 4858 4819 4818
f 4858 4859 4819
f 4859 4820 4819
f 4859 4860 4820
f 4860 4821 4820
f 4860 4861 4821
f 4861 4822 4821
f 4861 4862 4822
f 4862 4823 4822
f 4862 4863 4823
f 4863 4824 4823
f 4863 4864 4824
f 4864 4825 4824
f 4864 4865 4825
f 4865 4826 4825
f 4865 4866 4826
f 4866 4827 4826
f 4866 4867 4827
f 4867 4828 4827
f 4867 4868 4828
f 4868 4829 4828
f 4868 4869 4829
f 4869 4830 4829
f 4869 4870 4830
f 4870 4831 4830
f 4870 4871 4831
f 4871 4832 4831
f 4871 4872 4832
f 4872 4833 4832
f 4872 4873 4833
f 4873 4834 4833
f 4873 4874 4834
f 4874 4835 4834
f 4874 4875 4835
f 4875 4836 4835
f 4875 4876 4836
f 4876 4837 4836
f 4876 4877 4837
f 4877 4838 4837
f 4877 4878 4838
f 4878 4839 4838
f 4878 4879 4839
f 4879 4840 4839
f 4879 4880 4840
f 4880 4841 4840
f 4880 4881 4841
f 4881 4842 4841
f 4881 4882 4842
f 4882 4843 4842
f 4882 4883 4843
f 4883 4844 4843
f 4883 4884 4844
f 4884 4845 4844
f 4884 4885 4845
f 4885 4846 4845
f 4885 4886 4846
f 4886 4847 4846
f 4886 4887 4847
f 4887 4848 4847
f 4887 4888 4848
f 4888 4849 4848
f 4888 4889 4849
f 4889 4850 4849
f 4889 4890 4850
f 4890 4851 4850
f 4890 4891 4851
f 4891 4852 4851
f 4891 4892 4852
f 4892 4853 4852
f 4892 4893 4853
f 4893 4854 4853
f 4893 4894 4854
f 4894 4815 4854
f 4894 4855 4815
f 4895 4856 4855
f 4895 4896 4856
f 4896 4857 4856
f 4896 4897 4857
f 4897 4858 4857
f 4897 4898 4858
f 4898 4859 4858
f 4898 4899 4859
f 4899 4860 4859
f 4899 4900 4860
f 4900 4861 4860
f 4900 4901 4861
f 4901 4862 4861
f 4901 4902 4862
f 4902 4863 4862
f 4902 4903 4863
f 4903 4864 4863
f 4903 4904 4864
f 4904 4865 4864
f 4904 4905 4865
f 4905 4866 4865
f 4905 4906 4866
f 4906 4867 4866
f 4906 4907 4867
f 4907 4868 4867
f 4907 4908 4868
f 4908 4869 4868
f 4908 4909 4869
f 4909 4870 4869
f 4909 4910 4870
f 4910 4871 4870
f 4910 4911 4871
f 4911 4872 4871
f 4911 4912 4872
f 4912 4873 4872
f 4912 4913 4873
f 4913 4874 4873
f 4913 4914 4874
f 4914 4875 4874
f 4914 4915 4875
f 4915 4876 4875
f 4915 4916 4876
f 4916 4877 4876
f 4916 4917 4877
f 4917 4878 4877
f 4917 4918 4878
f 4918 4879 4878
f 4918 4919 4879
f 4919 4880 4879
f 4919 4920 4880
f 4920 4881 4880
f 4920 4921 4881
f 4921 4882 4881
f 4921 4922 4882
f 4922 4883 4882
f 4922 4923 4883
f 4923 4884 4883
f 4923 4924 4884
f 4924 4885 4884
f 4924 4925 4885
f 4925 4886 4885
f 4925 4926 4886
f 4926 4887 4886
f 4926 4927 4887
f 4927 4888 4887
f 4927 4928 4888
f 4928 4889 4888
f 4928 4929 4889
f 4929 4890 4889
f 4929 4930 4890
f 4930 4891 4890
f 4930 4931 4891
f 4931 4892 4891
f 4931 4932 4892
f 4932 4893 4892
f 4932 4933 4893
f 4933 4894 4893
f 4933 4934 4894
f 4934 4855 4894
f 4934 4895 4855
f 4935 4896 4895
f 4935 4936 4896
f 4936 4897 4896
f 4936 4937 4897
f 4937 4898 4897
f 4937 4938 4898
f 4938 4899 4898
f 4938 4939 4899
f 4939 4900 4899
f 4939 4940 4900
f 4940 4901 4900
f 4940 4941 4901
f 4941 4902 4901
f 4941 4942 4902
f 4942 4903 4902
f 4942 4943 4903
f 4943 4904 4903
f 4943 4944 4904
f 4944 4905 4904
f 4944 4945 4905
f 4945 4906 4905
f 4945 4946 4906
f 4946 4907 4906
f 4946 4947 4907
f 4947 4908 4907
f 4947 4948 4908
f 4948 4909 4908
f 4948 4949 4909
f 4949 4910 4909
f 4949 4950 4910
f 4950 4911 4910
f 4950 4951 4911
f 4951 4912 4911
f 4951 4952 4912
f 4952 4913 4912
f 4952 4953 4913
f 4953 4914 4913
f 4953 4954 4914
f 4954 4915 4914
f 4954 4955 4915
f 4955 4916 4915
f 4955 4956 4916
f 4956 4917 4916
f 4956 4957 4917
f 4957 4918 4917
f 4957 4958 4918
f 4958 4919 4918
f 4958 4959 4919
f 4959 4920 4919
f 4959 4960 4920
f 4960 4921 4920
f 4960 4961 4921
f 4961 4922 4921
f 4961 4962 4922
f 4962 4923 4922
f 4962 4963 4923
f 4963 4924 4923
f 4963 4964 4924
f 4964 4925 4924
f 4964 4965 4925
f 4965 4926 4925
f 4965 4966 4926
f 4966 4927 4926
f 4966 4967 4927
f 4967 4928 4927
f 4967 4968 4928
f 4968 4929 4928
f 4968 4969 4929
f 4969 4930 4929
f 4969 4970 4930
f 4970 4931 4930
f 4970 4971 4931
f 4971 4932 4931
f 4971 4972 4932
f 4972 4933 4932
f 4972 4973 4933
f 4973 4934 4933
f 4973 4974 4934
f 4974 4895 4934
f 4974 4935 4895
f 4975 4936 4935
f 4975 4976 4936
f 4976 4937 4936
f 4976 4977 4937
f 4977 4938 4937
f 4977 4978 4938
f 4978 4939 4938
f 4978 4979 4939
f 4979 4940 4939
f 4979 4980 4940
f 4980 4941 4940
f 4980 4981 4941
f 4981 4942 4941
f 4981 4982 4942
f 4982 4943 4942
f 4982 4983 4943
f 4983 4944 4943
f 4983 4984 4944
f 4984 4945 4944
f 4984 4985 4945
f 4985 4946 4945
f 4985 4986 4946
f 4986 4947 4946
f 4986 4987 4947
f 4987 4948 4947
f 4987 4988 4948
f 4988 4949 4948
f 4988 4989 4949
f 4989 4950 4949
f 4989 4990 4950
f 4990 4951 4950
f 4990 4991 4951
f 4991 4952 4951
f 4991 4992 4952
f 4992 4953 4952
f 4992 4993 4953
f 4993 4954 4953
f 4993 4994 4954
f 4994 4955 4954
f 4994 4995 4955
f 4995 4956 4955
f 4995 4996 4956
f 4996 4957 4956
f 4996 4997 4957
f 4997 4958 4957
f 4997 4998 4958
f 4998 4959 4958
f 4998 4999 4959
f 4999 4960 4959
f 4999 5000 4960
f 5000 4961 4960
f 5000 5001 4961
f 5001 4962 4961
f 5001 5002 4962
f 5002 4963 4962
f 5002 5003 4963
f 5003 4964 4963
f 5003 5004 4964
f 5004 4965 4964
f 5004 5005 4965
f 5005 4966 4965
f 5005 5006 4966
f 5006 4967 4966
f 5006 5007 4967
f 5007 4968 4967
f 5007 5008 4968
f 5008 4969 4968
f 5008 5009 4969
f 5009 4970 4969
f 5009 5010 4970
f 5010 4971 4970
f 5010 5011 4971
f 5011 4972 4971
f 5011 5012 4972
f 5012 4973 4972
f 5012 5013 4973
f 5013 4974 4973
f 5013 5014 4974
f 5014 4935 4974
f 5014 4975 4935
f 5015 4976 4975
f 5015 5016 4976
f 5016 4977 4976
f 5016 5017 4977
f 5017 4978 4977
f 5017 5018 4978
f 5018 4979 4978
f 5018 5019 4979
f 5019 4980 4979
f 5019 5020 4980
f 5020 4981 4980
f 5020 5021 4981
f 5021 4982 4981
f 5021 5022 4982
f 5022 4983 4982
f 5022 5023 4983
f 5023 4984 4983
f 5023 5024 4984
f 5024 4985 4984
f 5024 5025 4985
f 5025 4986 4985
f 5025 5026 4986
f 5026 4987 4986
f 5026 5027 4987
f 5027 4988 4987
f 5027 5028 4988
f 5028 4989 4988
f 5028 5029 4989
f 5029 4990 4989
f 5029 5030 4990
f 5030 4991 4990
f 5030 5031 4991
f 5031 4992 4991
f 5031 5032 4992
f 5032 4993 4992
f 5032 5033 4993
f 5033 4994 4993
f 5033 5034 4994
f 5034 4995 4994
f 5034 5035 4995
f 5035 4996 4995
f 5035 5036 4996
f 5036 4997 4996
f 5036 5037 4997
f 5037 4998 4997
f 5037 5038 4998
f 5038 4999 4998
f 5038 5039 4999
f 5039 5000 4999
f 5039 5040 5000
f 5040 5001 5000
f 5040 5041 5001
f 5041 5002 5001
f 5041 5042 5002
f 5042 5003 5002
f 5042 5043 5003
f 5043 5004 5003
f 5043 5044 5004
f 5044 5005 5004
f 5044 5045 5005
f 5045 5006 5005
f 5045 5046 5006
f 5046 5007 5006
f 5046 5047 5007
f 5047 5008 5007
f 5047 5048 5008
f 5048 5009 5008
f 5048 5049 5009
f 5049 5010 5009
f 5049 5050 5010
f 5050 5011 5010
f 5050 5051 5011
f 5051 5012 5011
f 5051 5052 5012
f 5052 5013 5012
f 5052 5053 5013
f 5053 5014 5013
f 5053 5054 5014
f 5054 4975 5014
f 5054 5015 4975
f 5055 5016 5015
f 5055 5056 5016
f 5056 5017 5016
f 5056 5057 5017
f 5057 5018 5017
f 5057 5058 5018
f 5058 5019 5018
f 5058 5059 5019
f 5059 5020 5019
f 5059 5060 5020
f 5060 5021 5020
f 5060 5061 5021
f 5061 5022 5021
f 5061 5062 5022
f 5062 5023 5022
f 5062 5063 5023
f 5063 5024 5023
f 5063 5064 5024
f 5064 5025 5024
f 5064 5065 5025
f 5065 5026 5025
f 5065 5066 5026
f 5066 5027 5026
f 5066 5067 5027
f 5067 5028 5027
f 5067 5068 5028
f 5068 5029 5028
f 5068 5069 5029
f 5069 5030 5029
f 5069 5070 5030
f 5070 5031 5030
f 5070 5071 5031
f 5071 5032 5031
f 5071 5072 5032
f 5072 5033 5032
f 5072 5073 5033
f 5073 5034 5033
f 5073 5074 5034
f 5074 5035 5034
f 5074 5075 5035
f 5075 5036 5035
f 5075 5076 5036
f 5076 5037 5036
f 5076 5077 5037
f 5077 5038 5037
f 5077 5078 5038
f 5078 5039 5038
f 5078 5079 5039
f 5079 5040 5039
f 5079 5080 5040
f 5080 5041 5040
f 5080 5081 5041
f 5081 5042 5041
f 5081 5082 5042
f 5082 5043 5042
f 5082 5083 5043
f 5083 5044 5043
f 5083 5084 5044
f 5084 5045 5044
f 5084 5085 5045
f 5085 5046 5045
f 5085 5086 5046
f 5086 5047 5046
f 5086 5087 5047
f 5087 5048 5047
f 5087 5088 5048
f 5088 5049 5048
f 5088 5089 5049
f 5089 5050 5049
f 5089 5090 5050
f 5090 5051 5050
f 5090 5091 5051
f 5091 5052 5051
f 5091 5092 5052
f 5092 5053 5052
f 5092 5093 5053
f 5093 5054 5053
f 5093 5094 5054
f 5094 5015 5054
f 5094 5055 5015
f 5095 5056 5055
f 5095 5096 5056
f 5096 5057 5056
f 5096 5097 5057
f 5097 5058 5057
f 5097 5098 5058
f 5098 5059 5058
f 5098 5099 5059
f 5099 5060 5059
f 5099 5100 5060
f 5100 5061 5060
f 5100 5101 5061
f 5101 5062 5061
f 5101 5102 5062
f 5102 5063 5062
f 5102 5103 5063
f 5103 5064 5063
f 5103 5104 5064
f 5104 5065 5064
f 5104 5105 5065
f 5105 5066 5065
f 5105 5106 5066
f 5106 5067 5066
f 5106 5107 5067
f 5107 5068 5067
f 5107 5108 5068
f 5108 5069 5068
f 5108 5109 5069
f 5109 5070 5069
f 5109 5110 5070
f 5110 5071 5070
f 5110 5111 5071
f 5111 5072 5071
f 5111 5112 5072
f 5112 5073 5072
f 5112 5113 5073
f 5113 5074 5073
f 5113 5114 5074
f 5114 5075 5074
f 5114 5115 5075
f 5115 5076 5075
f 5115 5116 5076
f 5116 5077 5076
f 5116 5117 5077
f 5117 5078 5077
f 5117 5118 5078
f 5118 5079 5078
f 5118 5119 5079
f 5119 5080 5079
f 5119 5120 5080
f 5120 5081 5080
f 5120 5121 5081
f 5121 5082 5081
f 5121 5122 5082
f 5122 5083 5082
f 5122 5123 5083
f 5123 5084 5083
f 5123 5124 5084
f 5124 5085 5084
f 5124 5125 5085
f 5125 5086 5085
f 5125 5126 5086
f 5126 5087 5086
f 5126 5127 5087
f 5127 5088 5087
f 5127 5128 5088
f 5128 5089 5088
f 5128 5129 5089
f 5129 5090 5089
f 5129 5130 5090
f 5130 5091 5090
f 5130 5131 5091
f 5131 5092 5091
f 5131 5132 5092
f 5132 5093 5092
f 5132 5133 5093
f 5133 5094 5093
f 5133 5134 5094
f 5134 5055 5094
f 5134 5095 5055
f 5135 5096 5095
f 5135 5136 5096
f 5136 5097 5096
f 5136 5137 5097
f 5137 5098 5097
f 5137 5138 5098
f 5138 5099 5098
f 5138 5139 5099
f 5139 5100 5099
f 5139 5140 5100
f 5140 5101 5100
f 5140 5141 5101
f 5141 5102 5101
f 5141 5142 5102
f 5142 5103 5102
f 5142 5143 5103
f 5143 5104 5103
f 5143 5144 5104
f 5144 5105 5104
f 5144 5145 5105
f 5145 5106 5105
f 5145 5146 5106
f 5146 5107 5106
f 5146 5147 5107
f 5147 5108 5107
f 5147 5148 5108
f 5148 5109 5108
f 5148 5149 5109
f 5149 5110 5109
f 5149 5150 5110
f 5150 5111 5110
f 5150 5151 5111
f 5151 5112 5111
f 5151 5152 5112
f 5152 5113 5112
f 5152 5153 5113
f 5153 5114 5113
f 5153 5154 5114
f 5154 5115 5114
f 5154 5155 5115
f 5155 5116 5115
f 5155 5156 5116
f 5156 5117 5116
f 5156 5157 5117
f 5157 5118 5117
f 5157 5158 5118
f 5158 5119 5118
f 5158 5159 5119
f 5159 5120 5119
f 5159 5160 5120
f 5160 5121 5120
f 5160 5161 5121
f 5161 5122 5121
f 5161 5162 5122
f 5162 5123 5122
f 5162 5163 5123
f 5163 5124 5123
f 5163 5164 5124
f 5164 5125 5124
f 5164 5165 5125
f 5165 5126 5125
f 5165 5166 5126
f 5166 5127 5126
f 5166 5167 5127
f 5167 5128 5127
f 5167 5168 5128
f 5168 5129 5128
f 5168 5169 5129
f 5169 5130 5129
f 5169 5170 5130
f 5170 5131 5130
f 5170 5171 5131
f 5171 5132 5131
f 5171 5172 5132
f 5172 5133 5132
f 5172 5173 5133
f 5173 5134 5133
f 5173 5174 5134
f 5174 5095 5134
f 5174 5135 5095
f 5175 5136 5135
f 5175 5176 5136
f 5176 5137 5136
f 5176 5177 5137
f 5177 5138 5137
f 5177 5178 5138
f 5178 5139 5138
f 5178 5179 5139
f 5179 5140 5139
f 5179 5180 5140
f 5180 5141 5140
f 5180 5181 5141
f 5181 5142 5141
f 5181 5182 5142
f 5182 5143 5142
f 5182 5183 5143
f 5183 5144 5143
f 5183 5184 5144
f 5184 5145 5144
f 5184 5185 5145
f 5185 5146 5145
f 5185 5186 5146
f 5186 5147 5146
f 5186 5187 5147
f 5187 5148 5147
f 5187 5188 5148
f 5188 5149 5148
f 5188 5189 5149
f 5189 5150 5149
f 5189 5190 5150
f 5190 5151 5150
f 5190 5191 5151
f 5191 5152 5151
f 5191 5192 5152
f 5192 5153 5152
f 5192 5193 5153
f 5193 5154 5153
f 5193 5194 5154
f 5194 5155 5154
f 5194 5195 5155
f 5195 5156 5155
f 5195 5196 5156
f 5196 5157 5156
f 5196 5197 5157
f 5197 5158 5157
f 5197 5198 5158
f 5198 5159 5158
f 5198 5199 5159
f 5199 5160 5159
f 5199 5200 5160
f 5200 5161 5160
f 5200 5201 5161
f 5201 5162 5161
f 5201 5202 5162
f 5202 5163 5162
f 5202 5203 5163
f 5203 5164 5163
f 5203 5204 5164
f 5204 5165 5164
f 5204 5205 5165
f 5205 5166 5165
f 5205 5206 5166
f 5206 5167 5166
f 5206 5207 5167
f 5207 5168 5167
f 5207 5208 5168
f 5208 5169 5168
f 5208 5209 5169
f 5209 5170 5169
f 5209 5210 5170
f 5210 5171 5170
f 5210 5211 5171
f 5211 5172 5171
f 5211 5212 5172
f 5212 5173 5172
f 5212 5213 5173
f 5213 5174 5173
f 5213 5214 5174
f 5214 5135 5174
f 5214 5175 5135
f 5215 5176 5175
f 5215 5216 5176
f 5216 5177 5176
f 5216 5217 5177
f 5217 5178 5177
f 5217 5218 5178
f 5218 5179 5178
f 5218 5219 5179
f 5219 5180 5179
f 5219 5220 5180
f 5220 5181 5180
f 5220 5221 5181
f 5221 5182 5181
f 5221 5222 5182
f 5222 5183 5182
f 5222 5223 5183
f 5223 5184 5183
f 5223 5224 5184
f 5224 5185 5184
f 5224 5225 5185
f 5225 5186 5185
f 5225 5226 5186
f 5226 5187 5186
f 5226 5227 5187
f 5227 5188 5187
f 5227 5228 5188
f 5228 5189 5188
f 5228 5229 5189
f 5229 5190 5189
f 5229 5230 5190
f 5230 5191 5190
f 5230 5231 5191
f 5231 5192 5191
f 5231 5232 5192
f 5232 5193 5192
f 5232 5233 5193
f 5233 5194 5193
f 5233 5234 5194
f 5234 5195 5194
f 5234 5235 5195
f 5235 5196 5195
f 5235 5236 5196
f 5236 5197 5196
f 5236 5237 5197
f 5237 5198 5197
f 5237 5238 5198
f 5238 5199 5198
f 5238 5239 5199
f 5239 5200 5199
f 5239 5240 5200
f 5240 5201 5200
f 5240 5241 5201
f 5241 5202 5201
f 5241 5242 5202
f 5242 5203 5202
f 5242 5243 5203
f 5243 5204 5203
f 5243 5244 5204
f 5244 5205 5204
f 5244 5245 5205
f 5245 5206 5205
f 5245 5246 5206
f 5246 5207 5206
f 5246 5247 5207
f 5247 5208 5207
f 5247 5248 5208
f 5248 5209 5208
f 5248 5249 5209
f 5249 5210 5209
f 5249 5250 5210
f 5250 5211 5210
f 5250 5251 5211
f 5251 5212 5211
f 5251 5252 5212
f 5252 5213 5212
f 5252 5253 5213
f 5253 5214 5213
f 5253 5254 5214
f 5254 5175 5214
f 5254 5215 5175
f 5255 5216 5215
f 5255 5256 5216
f 5256 5217 5216
f 5256 5257 5217
f 5257 5218 5217
f 5257 5258 5218
f 5258 5219 5218
f 5258 5259 5219
f 5259 5220 5219
f 5259 5260 5220
f 5260 5221 5220
f 5260 5261 5221
f 5261 5222 5221
f 5261 5262 5222
f 5262 5223 5222
f 5262 5263 5223
f 5263 5224 5223
f 5263 5264 5224
f 5264 5225 5224
f 5264 5265 5225
f 5265 5226 5225
f 5265 5266 5226
f 5266 5227 5226
f 5266 5267 5227
f 5267 5228 5227
f 5267 5268 5228
f 5268 5229 5228
f 5268 5269 5229
f 5269 5230 5229
f 5269 5270 5230
f 5270 5231 5230
f 5270 5271 5231
f 5271 5232 5231
f 5271 5272 5232
f 5272 5233 5232
f 5272 5273 5233
f 5273 5234 5233
f 5273 5274 5234
f 5274 5235 5234
f 5274 5275 5235
f 5275 5236 5235
f 5275 5276 5236
f 5276 5237 5236
f 5276 5277 5237
f 5277 5238 5237
f 5277 5278 5238
f 5278 5239 5238
f 5278 5279 5239
f 5279 5240 5239
f 5279 5280 5240
f 5280 5241 5240
f 5280 5281 5241
f 5281 5242 5241
f 5281 5282 5242
f 5282 5243 5242
f 5282 5283 5243
f 5283 5244 5243
f 5283 5284 5244
f 5284 5245 5244
f 5284 5285 5245
f 5285 5246 5245
f 5285 5286 5246
f 5286 5247 5246
f 5286 5287 5247
f 5287 5248 5247
f 5287 5288 5248
f 5288 5249 5248
f 5288 5289 5249
f 5289 5250 5249
f 5289 5290 5250
f 5290 5251 5250
f 5290 5291 5251
f 5291 5252 5251
f 5291 5292 5252
f 5292 5253 5252
f 5292 5293 5253
f 5293 5254 5253
f 5293 5294 5254
f 5294 5215 5254
f 5294 5255 5215
f 5295 5256 5255
f 5295 5296 5256
f 5296 5257 5256
f 5296 5297 5257
f 5297 5258 5257
f 5297 5298 5258
f 5298 5259 5258
f 5298 5299 5259
f 5299 5260 5259
f 5299 5300 5260
f 5300 5261 5260
f 5300 5301 5261
f 5301 5262 5261
f 5301 5302 5262
f 5302 5263 5262
f 5302 5303 5263
f 5303 5264 5263
f 5303 5304 5264
f 5304 5265 5264
f 5304 5305 5265
f 5305 5266 5265
f 5305 5306 5266
f 5306 5267 5266
f 5306 5307 5267
f 5307 5268 5267
f 5307 5308 5268
f 5308 5269 5268
f 5308 5309 5269
f 5309 5270 5269
f 5309 5310 5270
f 5310 5271 5270
f 5310 5311 5271
f 5311 5272 5271
f 5311 5312 5272
f 5312 5273 5272
f 5312 5313 5273
f 5313 5274 5273
f 5313 5314 5274
f 5314 5275 5274
f 5314 5315 5275
f 5315 5276 5275
f 5315 5316 5276
f 5316 5277 5276
f 5316 5317 5277
f 5317 5278 5277
f 5317 5318 5278
f 5318 5279 5278
f 5318 5319 5279
f 5319 5280 5279
f 5319 5320 5280
f 5320 5281 5280
f 5320 5321 5281
f 5321 5282 5281
f 5321 5322 5282
f 5322 5283 5282
f 5322 5323 5283
f 5323 5284 5283
f 5323 5324 5284
f 5324 5285 5284
f 5324 5325 5285
f 5325 5286 5285
f 5325 5326 5286
f 5326 5287 5286
f 5326 5327 5287
f 5327 5288 5287
f 5327 5328 5288
f 5328 5289 5288
f 5328 5329 5289
f 5329 5290 5289
f 5329 5330 5290
f 5330 5291 5290
f 5330 5331 5291
f 5331 5292 5291
f 5331 5332 5292
f 5332 5293 5292
f 5332 5333 5293
f 5333 5294 5293
f 5333 5334 5294
f 5334 5255 5294
f 5334 5295 5255
f 5335 5337 5338
f 5336 6058 6057
f 5335 5338 5339
f 5336 6059 6058
f 5335 5339 5340
f 5336 6060 6059
f 5335 5340 5341
f 5336 6061 6060
f 5335 5341 5342
f 5336 6062 6061
f 5335 5342 5343
f 5336 6063 6062
f 5335 5343 5344
f 5336 6064 6063
f 5335 5344 5345
f 5336 6065 6064
f 5335 5345 5346
f 5336 6066 6065
f 5335 5346 5347
f 5336 6067 6066
f 5335 5347 5348
f 5336 6068 6067
f 5335 5348 5349
f 5336 6069 6068
f 5335 5349 5350
f 5336 6070 6069
f 5335 5350 5351
f 5336 6071 6070
f 5335 5351 5352
f 5336 6072 6071
f 5335 5352 5353
f 5336 6073 6072
f 5335 5353 5354
f 5336 6074 6073
f 5335 5354 5355
f 5336 6075 6074
f 5335 5355 5356
f 5336 6076 6075
f 5335 5356 5357
f 5336 6077 6076
f 5335 5357 5358
f 5336 6078 6077
f 5335 5358 5359
f 5336 6079 6078
f 5335 5359 5360
f 5336 6080 6079
f 5335 5360 5361
f 5336 6081 6080
f 5335 5361 5362
f 5336 6082 6081
f 5335 5362 5363
f 5336 6083 6082
f 5335 5363 5364
f 5336 6084 6083
f 5335 5364 5365
f 5336 6085 6084
f 5335 5365 5366
f 5336 6086 6085
f 5335 5366 5367
f 5336 6087 6086
f 5335 5367 5368
f 5336 6088 6087
f 5335 5368 5369
f 5336 6089 6088
f 5335 5369 5370
f 5336 6090 6089
f 5335 5370 5371
f 5336 6091 6090
f 5335 5371 5372
f 5336 6092 6091
f 5335 5372 5373
f 5336 6093 6092
f 5335 5373 5374
f 5336 6094 6093
f 5335 5374 5375
f 5336 6095 6094
f 5335 5375 5376
f 5336 6096 6095
f 5335 5376 5337
f 5336 6057 6096
f 5377 5338 5337
f 5377 5378 5338
f 5378 5339 5338
f 5378 5379 5339
f 5379 5340 5339
f 5379 5380 5340
f 5380 5341 5340
f 5380 5381 5341
f 5381 5342 5341
f 5381 5382 5342
f 5382 5343 5342
f 5382 5383 5343
f 5383 5344 5343
f 5383 5384 5344
f 5384 5345 5344
f 5384 5385 5345
f 5385 5346 5345
f 5385 5386 5346
f 5386 5347 5346
f 5386 5387 5347
f 5387 5348 5347
f 5387 5388 5348
f 5388 5349 5348
f 5388 5389 5349
f 5389 5350 5349
f 5389 5390 5350
f 5390 5351 5350
f 5390 5391 5351
f 5391 5352 5351
f 5391 5392 5352
f 5392 5353 5352
f 5392 5393 5353
f 5393 5354 5353
f 5393 5394 5354
f 5394 5355 5354
f 5394 5395 5355
f 5395 5356 5355
f 5395 5396 5356
f 5396 5357 5356
f 5396 5397 5357
f 5397 5358 5357
f 5397 5398 5358
f 5398 5359 5358
f 5398 5399 5359
f 5399 5360 5359
f 5399 5400 5360
f 5400 5361 5360
f 5400 5401 5361
f 5401 5362 5361
f 5401 5402 5362
f 5402 5363 5362
f 5402 5403 5363
f 5403 5364 5363
f 5403 5404 5364
f 5404 5365 5364
f 5404 5405 5365
f 5405 5366 5365
f 5405 5406 5366
f 5406 5367 5366
f 5406 5407 5367
f 5407 5368 5367
f 5407 5408 5368
f 5408 5369 5368
f 5408 5409 5369
f 5409 5370 5369
f 5409 5410 5370
f 5410 5371 5370
f 5410 5411 5371
f 5411 5372 5371
f 5411 5412 5372
f 5412 5373 5372
f 5412 5413 5373
f 5413 5374 5373
f 5413 5414 5374
f 5414 5375 5374
f 5414 5415 5375
f 5415 5376 5375
f 5415 5416 5376
f 5416 5337 5376
f 5416 5377 5337
f 5417 5378 5377
f 5417 5418 5378
f 5418 5379 5378
f 5418 5419 5379
f 5419 5380 5379
f 5419 5420 5380
f 5420 5381 5380
f 5420 5421 5381
f 5421 5382 5381
f 5421 5422 5382
f 5422 5383 5382
f 5422 5423 5383
f 5423 5384 5383
f 5423 5424 5384
f 5424 5385 5384
f 5424 5425 5385
f 5425 5386 5385
f 5425 5426 5386
f 5426 5387 5386
f 5426 5427 5387
f 5427 5388 5387
f 5427 5428 5388
f 5428 5389 5388
f 5428 5429 5389
f 5429 5390 5389
f 5429 5430 5390
f 5430 5391 5390
f 5430 5431 5391
f 5431 5392 5391
f 5431 5432 5392
f 5432 5393 5392
f 5432 5433 5393
f 5433 5394 5393
f 5433 5434 5394
f 5434 5395 5394
f 5434 5435 5395
f 5435 5396 5395
f 5435 5436 5396
f 5436 5397 5396
f 5436 5437 5397
f 5437 5398 5397
f 5437 5438 5398
f 5438 5399 5398
f 5438 5439 5399
f 5439 5400 5399
f 5439 5440 5400
f 5440 5401 5400
f 5440 5441 5401
f 5441 5402 5401
f 5441 5442 5402
f 5442 5403 5402
f 5442 5443 5403
f 5443 5404 5403
f 5443 5444 5404
f 5444 5405 5404
f 5444 5445 5405
f 5445 5406 5405
f 5445 5446 5406
f 5446 5407 5406
f 5446 5447 5407
f 5447 5408 5407
f 5447 5448 5408
f 5448 5409 5408
f 5448 5449 5409
f 5449 5410 5409
f 5449 5450 5410
f 5450 5411 5410
f 5450 5451 5411
f 5451 5412 5411
f 5451 5452 5412
f 5452 5413 5412
f 5452 5453 5413
f 5453 5414 5413
f 5453 5454 5414
f 5454 5415 5414
f 5454 5455 5415
f 5455 5416 5415
f 5455 5456 5416
f 5456 5377 5416
f 5456 5417 5377
f 5457 5418 5417
f 5457 5458 5418
f 5458 5419 5418
f 5458 5459 5419
f 5459 5420 5419
f 5459 5460 5420
f 5460 5421 5420
f 5460 5461 5421
f 5461 5422 5421
f 5461 5462 5422
f 5462 5423 5422
f 5462 5463 5423
f 5463 5424 5423
f 5463 5464 5424
f 5464 5425 5424
f 5464 5465 5425
f 5465 5426 5425
f 5465 5466 5426
f 5466 5427 5426
f 5466 5467 5427
f 5467 5428 5427
f 5467 5468 5428
f 5468 5429 5428
f 5468 5469 5429
f 5469 5430 5429
f 5469 5470 5430
f 5470 5431 5430
f 5470 5471 5431
f 5471 5432 5431
f 5471 5472 5432
f 5472 5433 5432
f 5472 5473 5433
f 5473 5434 5433
f 5473 5474 5434
f 5474 5435 5434
f 5474 5475 5435
f 5475 5436 5435
f 5475 5476 5436
f 5476 5437 5436
f 5476 5477 5437
f 5477 5438 5437
f 5477 5478 5438
f 5478 5439 5438
f 5478 5479 5439
f 5479 5440 5439
f 5479 5480 5440
f 5480 5441 5440
f 5480 5481 5441
f 5481 5442 5441
f 5481 5482 5442
f 5482 5443 5442
f 5482 5483 5443
f 5483 5444 5443
f 5483 5484 5444
f 5484 5445 5444
f 5484 5485 5445
f 5485 5446 5445
f 5485 5486 5446
f 5486 5447 5446
f 5486 5487 5447
f 5487 5448 5447
f 5487 5488 5448
f 5488 5449 5448
f 5488 5489 5449
f 5489 5450 5449
f 5489 5490 5450
f 5490 5451 5450
f 5490 5491 5451
f 5491 5452 5451
f 5491 5492 5452
f 5492 5453 5452
f 5492 5493 5453
f 5493 5454 5453
f 5493 5494 5454
f 5494 5455 5454
f 5494 5495 5455
f 5495 5456 5455
f 5495 5496 5456
f 5496 5417 5456
f 5496 5457 5417
f 5497 5458 5457
f 5497 5498 5458
f 5498 5459 5458
f 5498 5499 5459
f 5499 5460 5459
f 5499 5500 5460
f 5500 5461 5460
f 5500 5501 5461
f 5501 5462 5461
f 5501 5502 5462
f 5502 5463 5462
f 5502 5503 5463
f 5503 5464 5463
f 5503 5504 5464
f 5504 5465 5464
f 5504 5505 5465
f 5505 5466 5465
f 5505 5506 5466
f 5506 5467 5466
f 5506 5507 5467
f 5507 5468 5467
f 5507 5508 5468
f 5508 5469 5468
f 5508 5509 5469
f 5509 5470 5469
f 5509 5510 5470
f 5510 5471 5470
f 5510 5511 5471
f 5511 5472 5471
f 5511 5512 5472
f 5512 5473 5472
f 5512 5513 5473
f 5513 5474 5473
f 5513 5514 5474
f 5514 5475 5474
f 5514 5515 5475
f 5515 5476 5475
f 5515 5516 5476
f 5516 5477 5476
f 5516 5517 5477
f 5517 5478 5477
f 5517 5518 5478
f 5518 5479 5478
f 5518 5519 5479
f 5519 5480 5479
f 5519 5520 5480
f 5520 5481 5480
f 5520 5521 5481
f 5521 5482 5481
f 5521 5522 5482
f 5522 5483 5482
f 5522 5523 5483
f 5523 5484 5483
f 5523 5524 5484
f 5524 5485 5484
f 5524 5525 5485
f 5525 5486 5485
f 5525 5526 5486
f 5526 5487 5486
f 5526 5527 5487
f 5527 5488 5487
f 5527 5528 5488
f 5528 5489 5488
f 5528 5529 5489
f 5529 5490 5489
f 5529 5530 5490
f 5530 5491 5490
f 5530 5531 5491
f 5531 5492 5491
f 5531 5532 5492
f 5532 5493 5492
f 5532 5533 5493
f 5533 5494 5493
f 5533 5534 5494
f 5534 5495 5494
f 5534 5535 5495
f 5535 5496 5495
f 5535 5536 5496
f 5536 5457 5496
f 5536 5497 5457
f 5537 5498 5497
f 5537 5538 5498
f 5538 5499 5498
f 5538 5539 5499
f 5539 5500 5499
f 5539 5540 5500
f 5540 5501 5500
f 5540 5541 5501
f 5541 5502 5501
f 5541 5542 5502
f 5542 5503 5502
f 5542 5543 5503
f 5543 5504 5503
f 5543 5544 5504
f 5544 5505 5504
f 5544 5545 5505
f 5545 5506 5505
f 5545 5546 5506
f 5546 5507 5506
f 5546 5547 5507
f 5547 5508 5507
f 5547 5548 5508
f 5548 5509 5508
f 5548 5549 5509
f 5549 5510 5509
f 5549 5550 5510
f 5550 5511 5510
f 5550 5551 5511
f 5551 5512 5511
f 5551 5552 5512
f 5552 5513 5512
f 5552 5553 5513
f 5553 5514 5513
f 5553 5554 5514
f 5554 5515 5514
f 5554 5555 5515
f 5555 5516 5515
f 5555 5556 5516
f 5556 5517 5516
f 5556 5557 5517
f 5557 5518 5517
f 5557 5558 5518
f 5558 5519 5518
f 5558 5559 5519
f 5559 5520 5519
f 5559 5560 5520
f 5560 5521 5520
f 5560 5561 5521
f 5561 5522 5521
f 5561 5562 5522
f 5562 5523 5522
f 5562 5563 5523
f 5563 5524 5523
f 5563 5564 5524
f 5564 5525 5524
f 5564 5565 5525
f 5565 5526 5525
f 5565 5566 5526
f 5566 5527 5526
f 5566 5567 5527
f 5567 5528 5527
f 5567 5568 5528
f 5568 5529 5528
f 5568 5569 5529
f 5569 5530 5529
f 5569 5570 5530
f 5570 5531 5530
f 5570 5571 5531
f 5571 5532 5531
f 5571 5572 5532
f 5572 5533 5532
f 5572 5573 5533
f 5573 5534 5533
f 5573 5574 5534
f 5574 5535 5534
f 5574 5575 5535
f 5575 5536 5535
f 5575 5576 5536
f 5576 5497 5536
f 5576 5537 5497
f 5577 5538 5537
f 5577 5578 5538
f 5578 5539 5538
f 5578 5579 5539
f 5579 5540 5539
f 5579 5580 5540
f 5580 5541 5540
f 5580 5581 5541
f 5581 5542 5541
f 5581 5582 5542
f 5582 5543 5542
f 5582 5583 5543
f 5583 5544 5543
f 5583 5584 5544
f 5584 5545 5544
f 5584 5585 5545
f 5585 5546 5545
f 5585 5586 5546
f 5586 5547 5546
f 5586 5587 5547
f 5587 5548 5547
f 5587 5588 5548
f 5588 5549 5548
f 5588 5589 5549
f 5589 5550 5549
f 5589 5590 5550
f 5590 5551 5550
f 5590 5591 5551
f 5591 5552 5551
f 5591 5592 5552
f 5592 5553 5552
f 5592 5593 5553
f 5593 5554 5553
f 5593 5594 5554
f 5594 5555 5554
f 5594 5595 5555
f 5595 5556 5555
f 5595 5596 5556
f 5596 5557 5556
f 5596 5597 5557
f 5597 5558 5557
f 5597 5598 5558
f 5598 5559 5558
f 5598 5599 5559
f 5599 5560 5559
f 5599 5600 5560
f 5600 5561 5560
f 5600 5601 5561
f 5601 5562 5561
f 5601 5602 5562
f 5602 5563 5562
f 5602 5603 5563
f 5603 5564 5563
f 5603 5604 5564
f 5604 5565 5564
f 5604 5605 5565
f 5605 5566 5565
f 5605 5606 5566
f 5606 5567 5566
f 5606 5607 5567
f 5607 5568 5567
f 5607 5608 5568
f 5608 5569 5568
f 5608 5609 5569
f 5609 5570 5569
f 5609 5610 5570
f 5610 5571 5570
f 5610 5611 5571
f 5611 5572 5571
f 5611 5612 5572
f 5612 5573 5572
f 5612 5613 5573
f 5613 5574 5573
f 5613 5614 5574
f 5614 5575 5574
f 5614 5615 5575
f 5615 5576 5575
f 5615 5616 5576
f 5616 5537 5576
f 5616 5577 5537
f 5617 5578 5577
f 5617 5618 5578
f 5618 5579 5578
f 5618 5619 5579
f 5619 5580 5579
f 5619 5620 5580
f 5620 5581 5580
f 5620 5621 5581
f 5621 5582 5581
f 5621 5622 5582
f 5622 5583 5582
f 5622 5623 5583
f 5623 5584 5583
f 5623 5624 5584
f 5624 5585 5584
f 5624 5625 5585
f 5625 5586 5585
f 5625 5626 5586
f 5626 5587 5586
f 5626 5627 5587
f 5627 5588 5587
f 5627 5628 5588
f 5628 5589 5588
f 5628 5629 5589
f 5629 5590 5589
f 5629 5630 5590
f 5630 5591 5590
f 5630 5631 5591
f 5631 5592 5591
f 5631 5632 5592
f 5632 5593 5592
f 5632 5633 5593
f 5633 5594 5593
f 5633 5634 5594
f 5634 5595 5594
f 5634 5635 5595
f 5635 5596 5595
f 5635 5636 5596
f 5636 5597 5596
f 5636 5637 5597
f 5637 5598 5597
f 5637 5638 5598
f 5638 5599 5598
f 5638 5639 5599
f 5639 5600 5599
f 5639 5640 5600
f 5640 5601 5600
f 5640 5641 5601
f 5641 5602 5601
f 5641 5642 5602
f 5642 5603 5602
f 5642 5643 5603
f 5643 5604 5603
f 5643 5644 5604
f 5644 5605 5604
f 5644 5645 5605
f 5645 5606 5605
f 5645 5646 5606
f 5646 5607 5606
f 5646 5647 5607
f 5647 5608 5607
f 5647 5648 5608
f 5648 5609 5608
f 5648 5649 5609
f 5649 5610 5609
f 5649 5650 5610
f 5650 5611 5610
f 5650 5651 5611
f 5651 5612 5611
f 5651 5652 5612
f 5652 5613 5612
f 5652 5653 5613
f 5653 5614 5613
f 5653 5654 5614
f 5654 5615 5614
f 5654 5655 5615
f 5655 5616 5615
f 5655 5656 5616
f 5656 5577 5616
f 5656 5617 5577
f 5657 5618 5617
f 5657 5658 5618
f 5658 5619 5618
f 5658 5659 5619
f 5659 5620 5619
f 5659 5660 5620
f 5660 5621 5620
f 5660 5661 5621
f 5661 5622 5621
f 5661 5662 5622
f 5662 5623 5622
f 5662 5663 5623
f 5663 5624 5623
f 5663 5664 5624
f 5664 5625 5624
f 5664 5665 5625
f 5665 5626 5625
f 5665 5666 5626
f 5666 5627 5626
f 5666 5667 5627
f 5667 5628 5627
f 5667 5668 5628
f 5668 5629 5628
f 5668 5669 5629
f 5669 5630 5629
f 5669 5670 5630
f 5670 5631 5630
f 5670 5671 5631
f 5671 5632 5631
f 5671 5672 5632
f 5672 5633 5632
f 5672 5673 5633
f 5673 5634 5633
f 5673 5674 5634
f 5674 5635 5634
f 5674 5675 5635
f 5675 5636 5635
f 5675 5676 5636
f 5676 5637 5636
f 5676 5677 5637
f 5677 5638 5637
f 5677 5678 5638
f 5678 5639 5638
f 5678 5679 5639
f 5679 5640 5639
f 5679 5680 5640
f 5680 5641 5640
f 5680 5681 5641
f 5681 5642 5641
f 5681 5682 5642
f 5682 5643 5642
f 5682 5683 5643
f 5683 5644 5643
f 5683 5684 5644
f 5684 5645 5644
f 5684 5685 5645
f 5685 5646 5645
f 5685 5686 5646
f 5686 5647 5646
f 5686 5687 5647
f 5687 5648 5647
f 5687 5688 5648
f 5688 5649 5648
f 5688 5689 5649
f 5689 5650 5649
f 5689 5690 5650
f 5690 5651 5650
f 5690 5691 5651
f 5691 5652 5651
f 5691 5692 5652
f 5692 5653 5652
f 5692 5693 5653
f 5693 5654 5653
f 5693 5694 5654
f 5694 5655 5654
f 5694 5695 5655
f 5695 5656 5655
f 5695 5696 5656
f 5696 5617 5656
f 5696 5657 5617
f 5697 5658 5657
f 5697 5698 5658
f 5698 5659 5658
f 5698 5699 5659
f 5699 5660 5659
f 5699 5700 5660
f 5700 5661 5660
f 5700 5701 5661
f 5701 5662 5661
f 5701 5702 5662
f 5702 5663 5662
f 5702 5703 5663
f 5703 5664 5663
f 5703 5704 5664
f 5704 5665 5664
f 5704 5705 5665
f 5705 5666 5665
f 5705 5706 5666
f 5706 5667 5666
f 5706 5707 5667
f 5707 5668 5667
f 5707 5708 5668
f 5708 5669 5668
f 5708 5709 5669
f 5709 5670 5669
f 5709 5710 5670
f 5710 5671 5670
f 5710 5711 5671
f 5711 5672 5671
f 5711 5712 5672
f 5712 5673 5672
f 5712 5713 5673
f 5713 5674 5673
f 5713 5714 5674
f 5714 5675 5674
f 5714 5715 5675
f 5715 5676 5675
f 5715 5716 5676
f 5716 5677 5676
f 5716 5717 5677
f 5717 5678 5677
f 5717 5718 5678
f 5718 5679 5678
f 5718 5719 5679
f 5719 5680 5679
f 5719 5720 5680
f 5720 5681 5680
f 5720 5721 5681
f 5721 5682 5681
f 5721 5722 5682
f 5722 5683 5682
f 5722 5723 5683
f 5723 5684 5683
f 5723 5724 5684
f 5724 5685 5684
f 5724 5725 5685
f 5725 5686 5685
f 5725 5726 5686
f 5726 5687 5686
f 5726 5727 5687
f 5727 5688 5687
f 5727 5728 5688
f 5728 5689 5688
f 5728 5729 5689
f 5729 5690 5689
f 5729 5730 5690
f 5730 5691 5690
f 5730 5731 5691
f 5731 5692 5691
f 5731 5732 5692
f 5732 5693 5692
f 5732 5733 5693
f 5733 5694 5693
f 5733 5734 5694
f 5734 5695 5694
f 5734 5735 5695
f 5735 5696 5695
f 5735 5736 5696
f 5736 5657 5696
f 5736 5697 5657
f 5737 5698 5697
f 5737 5738 5698
f 5738 5699 5698
f 5738 5739 5699
f 5739 5700 5699
f 5739 5740 5700
f 5740 5701 5700
f 5740 5741 5701
f 5741 5702 5701
f 5741 5742 5702
f 5742 5703 5702
f 5742 5743 5703
f 5743 5704 5703
f 5743 5744 5704
f 5744 5705 5704
f 5744 5745 5705
f 5745 5706 5705
f 5745 5746 5706
f 5746 5707 5706
f 5746 5747 5707
f 5747 5708 5707
f 5747 5748 5708
f 5748 5709 5708
f 5748 5749 5709
f 5749 5710 5709
f 5749 5750 5710
f 5750 5711 5710
f 5750 5751 5711
f 5751 5712 5711
f 5751 5752 5712
f 5752 5713 5712
f 5752 5753 5713
f 5753 5714 5713
f 5753 5754 5714
f 5754 5715 5714
f 5754 5755 5715
f 5755 5716 5715
f 5755 5756 5716
f 5756 5717 5716
f 5756 5757 5717
f 5757 5718 5717
f 5757 5758 5718
f 5758 5719 5718
f 5758 5759 5719
f 5759 5720 5719
f 5759 5760 5720
f 5760 5721 5720
f 5760 5761 5721
f 5761 5722 5721
f 5761 5762 5722
f 5762 5723 5722
f 5762 5763 5723
f 5763 5724 5723
f 5763 5764 5724
f 5764 5725 5724
f 5764 5765 5725
f 5765 5726 5725
f 5765 5766 5726
f 5766 5727 5726
f 5766 5767 5727
f 5767 5728 5727
f 5767 5768 5728
f 5768 5729 5728
f 5768 5769 5729
f 5769 5730 5729
f 5769 5770 5730
f 5770 5731 5730
f 5770 5771 5731
f 5771 5732 5731
f 5771 5772 5732
f 5772 5733 5732
f 5772 5773 5733
f 5773 5734 5733
f 5773 5774 5734
f 5774 5735 5734
f 5774 5775 5735
f 5775 5736 5735
f 5775 5776 5736
f 5776 5697 5736
f 5776 5737 5697
f 5777 5738 5737
f 5777 5778 5738
f 5778 5739 5738
f 5778 5779 5739
f 5779 5740 5739
f 5779 5780 5740
f 5780 5741 5740
f 5780 5781 5741
f 5781 5742 5741
f 5781 5782 5742
f 5782 5743 5742
f 5782 5783 5743
f 5783 5744 5743
f 5783 5784 5744
f 5784 5745 5744
f 5784 5785 5745
f 5785 5746 5745
f 5785 5786 5746
f 5786 5747 5746
f 5786 5787 5747
f 5787 5748 5747
f 5787 5788 5748
f 5788 5749 5748
f 5788 5789 5749
f 5789 5750 5749
f 5789 5790 5750
f 5790 5751 5750
f 5790 5791 5751
f 5791 5752 5751
f 5791 5792 5752
f 5792 5753 5752
f 5792 5793 5753
f 5793 5754 5753
f 5793 5794 5754
f 5794 5755 5754
f 5794 5795 5755
f 5795 5756 5755
f 5795 5796 5756
f 5796 5757 5756
f 5796 5797 5757
f 5797 5758 5757
f 5797 5798 5758
f 5798 5759 5758
f 5798 5799 5759
f 5799 5760 5759
f 5799 5800 5760
f 5800 5761 5760
f 5800 5801 5761
f 5801 5762 5761
f 5801 5802 5762
f 5802 5763 5762
f 5802 5803 5763
f 5803 5764 5763
f 5803 5804 5764
f 5804 5765 5764
f 5804 5805 5765
f 5805 5766 5765
f 5805 5806 5766
f 5806 5767 5766
f 5806 5807 5767
f 5807 5768 5767
f 5807 5808 5768
f 5808 5769 5768
f 5808 5809 5769
f 5809 5770 5769
f 5809 5810 5770
f 5810 5771 5770
f 5810 5811 5771
f 5811 5772 5771
f 5811 5812 5772
f 5812 5773 5772
f 5812 5813 5773
f 5813 5774 5773
f 5813 5814 5774
f 5814 5775 5774
f 5814 5815 5775
f 5815 5776 5775
f 5815 5816 5776
f 5816 5737 5776
f 5816 5777 5737
f 5817 5778 5777
f 5817 5818 5778
f 5818 5779 5778
f 5818 5819 5779
f 5819 5780 5779
f 5819 5820 5780
f 5820 5781 5780
f 5820 5821 5781
f 5821 5782 5781
f 5821 5822 5782
f 5822 5783 5782
f 5822 5823 5783
f 5823 5784 5783
f 5823 5824 5784
f 5824 5785 5784
f 5824 5825 5785
f 5825 5786 5785
f 5825 5826 5786
f 5826 5787 5786
f 5826 5827 5787
f 5827 5788 5787
f 5827 5828 5788
f 5828 5789 5788
f 5828 5829 5789
f 5829 5790 5789
f 5829 5830 5790
f 5830 5791 5790
f 5830 5831 5791
f 5831 5792 5791
f 5831 5832 5792
f 5832 5793 5792
f 5832 5833 5793
f 5833 5794 5793
f 5833 5834 5794
f 5834 5795 5794
f 5834 5835 5795
f 5835 5796 5795
f 5835 5836 5796
f 5836 5797 5796
f 5836 5837 5797
f 5837 5798 5797
f 5837 5838 5798
f 5838 5799 5798
f 5838 5839 5799
f 5839 5800 5799
f 5839 5840 5800
f 5840 5801 5800
f 5840 5841 5801
f 5841 5802 5801
f 5841 5842 5802
f 5842 5803 5802
f 5842 5843 5803
f 5843 5804 5803
f 5843 5844 5804
f 5844 5805 5804
f 5844 5845 5805
f 5845 5806 5805
f 5845 5846 5806
f 5846 5807 5806
f 5846 5847 5807
f 5847 5808 5807
f 5847 5848 5808
f 5848 5809 5808
f 5848 5849 5809
f 5849 5810 5809
f 5849 5850 5810
f 5850 5811 5810
f 5850 5851 5811
f 5851 5812 5811
f 5851 5852 5812
f 5852 5813 5812
f 5852 5853 5813
f 5853 5814 5813
f 5853 5854 5814
f 5854 5815 5814
f 5854 5855 5815
f 5855 5816 5815
f 5855 5856 5816
f 5856 5777 5816
f 5856 5817 5777
f 5857 5818 5817
f 5857 5858 5818
f 5858 5819 5818
f 5858 5859 5819
f 5859 5820 5819
f 5859 5860 5820
f 5860 5821 5820
f 5860 5861 5821
f 5861 5822 5821
f 5861 5862 5822
f 5862 5823 5822
f 5862 5863 5823
f 5863 5824 5823
f 5863 5864 5824
f 5864 5825 5824
f 5864 5865 5825
f 5865 5826 5825
f 5865 5866 5826
f 5866 5827 5826
f 5866 5867 5827
f 5867 5828 5827
f 5867 5868 5828
f 5868 5829 5828
f 5868 5869 5829
f 5869 5830 5829
f 5869 5870 5830
f 5870 5831 5830
f 5870 5871 5831
f 5871 5832 5831
f 5871 5872 5832
f 5872 5833 5832
f 5872 5873 5833
f 5873 5834 5833
f 5873 5874 5834
f 5874 5835 5834
f 5874 5875 5835
f 5875 5836 5835
f 5875 5876 5836
f 5876 5837 5836
f 5876 5877 5837
f 5877 5838 5837
f 5877 5878 5838
f 5878 5839 5838
f 5878 5879 5839
f 5879 5840 5839
f 5879 5880 5840
f 5880 5841 5840
f 5880 5881 5841
f 5881 5842 5841
f 5881 5882 5842
f 5882 5843 5842
f 5882 5883 5843
f 5883 5844 5843
f 5883 5884 5844
f 5884 5845 5844
f 5884 5885 5845
f 5885 5846 5845
f 5885 5886 5846
f 5886 5847 5846
f 5886 5887 5847
f 5887 5848 5847
f 5887 5888 5848
f 5888 5849 5848
f 5888 5889 5849
f 5889 5850 5849
f 5889 5890 5850
f 5890 5851 5850
f 5890 5891 5851
f 5891 5852 5851
f 5891 5892 5852
f 5892 5853 5852
f 5892 5893 5853
f 5893 5854 5853
f 5893 5894 5854
f 5894 5855 5854
f 5894 5895 5855
f 5895 5856 5855
f 5895 5896 5856
f 5896 5817 5856
f 5896 5857 5817
f 5897 5858 5857
f 5897 5898 5858
f 5898 5859 5858
f 5898 5899 5859
f 5899 5860 5859
f 5899 5900 5860
f 5900 5861 5860
f 5900 5901 5861
f 5901 5862 5861
f 5901 5902 5862
f 5902 5863 5862
f 5902 5903 5863
f 5903 5864 5863
f 5903 5904 5864
f 5904 5865 5864
f 5904 5905 5865
f 5905 5866 5865
f 5905 5906 5866
f 5906 5867 5866
f 5906 5907 5867
f 5907 5868 5867
f 5907 5908 5868
f 5908 5869 5868
f 5908 5909 5869
f 5909 5870 5869
f 5909 5910 5870
f 5910 5871 5870
f 5910 5911 5871
f 5911 5872 5871
f 5911 5912 5872
f 5912 5873 5872
f 5912 5913 5873
f 5913 5874 5873
f 5913 5914 5874
f 5914 5875 5874
f 5914 5915 5875
f 5915 5876 5875
f 5915 5916 5876
f 5916 5877 5876
f 5916 5917 5877
f 5917 5878 5877
f 5917 5918 5878
f 5918 5879 5878
f 5918 5919 5879
f 5919 5880 5879
f 5919 5920 5880
f 5920 5881 5880
f 5920 5921 5881
f 5921 5882 5881
f 5921 5922 5882
f 5922 5883 5882
f 5922 5923 5883
f 5923 5884 5883
f 5923 5924 5884
f 5924 5885 5884
f 5924 5925 5885
f 5925 5886 5885
f 5925 5926 5886
f 5926 5887 5886
f 5926 5927 5887
f 5927 5888 5887
f 5927 5928 5888
f 5928 5889 5888
f 5928 5929 5889
f 5929 5890 5889
f 5929 5930 5890
f 5930 5891 5890
f 5930 5931 5891
f 5931 5892 5891
f 5931 5932 5892
f 5932 5893 5892
f 5932 5933 5893
f 5933 5894 5893
f 5933 5934 5894
f 5934 5895 5894
f 5934 5935 5895
f 5935 5896 5895
f 5935 5936 5896
f 5936 5857 5896
f 5936 5897 5857
f 5937 5898 5897
f 5937 5938 5898
f 5938 5899 5898
f 5938 5939 5899
f 5939 5900 5899
f 5939 5940 5900
f 5940 5901 5900
f 5940 5941 5901
f 5941 5902 5901
f 5941 5942 5902
f 5942 5903 5902
f 5942 5943 5903
f 5943 5904 5903
f 5943 5944 5904
f 5944 5905 5904
f 5944 5945 5905
f 5945 5906 5905
f 5945 5946 5906
f 5946 5907 5906
f 5946 5947 5907
f 5947 5908 5907
f 5947 5948 5908
f 5948 5909 5908
f 5948 5949 5909
f 5949 5910 5909
f 5949 5950 5910
f 5950 5911 5910
f 5950 5951 5911
f 5951 5912 5911
f 5951 5952 5912
f 5952 5913 5912
f 5952 5953 5913
f 5953 5914 5913
f 5953 5954 5914
f 5954 5915 5914
f 5954 5955 5915
f 5955 5916 5915
f 5955 5956 5916
f 5956 5917 5916
f 5956 5957 5917
f 5957 5918 5917
f 5957 5958 5918
f 5958 5919 5918
f 5958 5959 5919
f 5959 5920 5919
f 5959 5960 5920
f 5960 5921 5920
f 5960 5961 5921
f 5961 5922 5921
f 5961 5962 5922
f 5962 5923 5922
f 5962 5963 5923
f 5963 5924 5923
f 5963 5964 5924
f 5964 5925 5924
f 5964 5965 5925
f 5965 5926 5925
f 5965 5966 5926
f 5966 5927 5926
f 5966 5967 5927
f 5967 5928 5927
f 5967 5968 5928
f 5968 5929 5928
f 5968 5969 5929
f 5969 5930 5929
f 5969 5970 5930
f 5970 5931 5930
f 5970 5971 5931
f 5971 5932 5931
f 5971 5972 5932
f 5972 5933 5932
f 5972 5973 5933
f 5973 5934 5933
f 5973 5974 5934
f 5974 5935 5934
f 5974 5975 5935
f 5975 5936 5935
f 5975 5976 5936
f 5976 5897 5936
f 5976 5937 5897
f 5977 5938 5937
f 5977 5978 5938
f 5978 5939 5938
f 5978 5979 5939
f 5979 5940 5939
f 5979 5980 5940
f 5980 5941 5940
f 5980 5981 5941
f 5981 5942 5941
f 5981 5982 5942
f 5982 5943 5942
f 5982 5983 5943
f 5983 5944 5943
f 5983 5984 5944
f 5984 5945 5944
f 5984 5985 5945
f 5985 5946 5945
f 5985 5986 5946
f 5986 5947 5946
f 5986 5987 5947
f 5987 5948 5947
f 5987 5988 5948
f 5988 5949 5948
f 5988 5989 5949
f 5989 5950 5949
f 5989 5990 5950
f 5990 5951 5950
f 5990 5991 5951
f 5991 5952 5951
f 5991 5992 5952
f 5992 5953 5952
f 5992 5993 5953
f 5993 5954 5953
f 5993 5994 5954
f 5994 5955 5954
f 5994 5995 5955
f 5995 5956 5955
f 5995 5996 5956
f 5996 5957 5956
f 5996 5997 5957
f 5997 5958 5957
f 5997 5998 5958
f 5998 5959 5958
f 5998 5999 5959
f 5999 5960 5959
f 5999 6000 5960
f 6000 5961 5960
f 6000 6001 5961
f 6001 5962 5961
f 6001 6002 5962
f 6002 5963 5962
f 6002 6003 5963
f 6003 5964 5963
f 6003 6004 5964
f 6004 5965 5964
f 6004 6005 5965
f 6005 5966 5965
f 6005 6006 5966
f 6006 5967 5966
f 6006 6007 5967
f 6007 5968 5967
f 6007 6008 5968
f 6008 5969 5968
f 6008 6009 5969
f 6009 5970 5969
f 6009 6010 5970
f 6010 5971 5970
f 6010 6011 5971
f 6011 5972 5971
f 6011 6012 5972
f 6012 5973 5972
f 6012 6013 5973
f 6013 5974 5973
f 6013 6014 5974
f 6014 5975 5974
f 6014 6015 5975
f 6015 5976 5975
f 6015 6016 5976
f 6016 5937 5976
f 6016 5977 5937
f 6017 5978 5977
f 6017 6018 5978
f 6018 5979 5978
f 6018 6019 5979
f 6019 5980 5979
f 6019 6020 5980
f 6020 5981 5980
f 6020 6021 5981
f 6021 5982 5981
f 6021 6022 5982
f 6022 5983 5982
f 6022 6023 5983
f 6023 5984 5983
f 6023 6024 5984
f 6024 5985 5984
f 6024 6025 5985
f 6025 5986 5985
f 6025 6026 5986
f 6026 5987 5986
f 6026 6027 5987
f 6027 5988 5987
f 6027 6028 5988
f 6028 5989 5988
f 6028 6029 5989
f 6029 5990 5989
f 6029 6030 5990
f 6030 5991 5990
f 6030 6031 5991
f 6031 5992 5991
f 6031 6032 5992
f 6032 5993 5992
f 6032 6033 5993
f 6033 5994 5993
f 6033 6034 5994
f 6034 5995 5994
f 6034 6035 5995
f 6035 5996 5995
f 6035 6036 5996
f 6036 5997 5996
f 6036 6037 5997
f 6037 5998 5997
f 6037 6038 5998
f 6038 5999 5998
f 6038 6039 5999
f 6039 6000 5999
f 6039 6040 6000
f 6040 6001 6000
f 6040 6041 6001
f 6041 6002 6001
f 6041 6042 6002
f 6042 6003 6002
f 6042 6043 6003
f 6043 6004 6003
f 6043 6044 6004
f 6044 6005 6004
f 6044 6045 6005
f 6045 6006 6005
f 6045 6046 6006
f 6046 6007 6006
f 6046 6047 6007
f 6047 6008 6007
f 6047 6048 6008
f 6048 6009 6008
f 6048 6049 6009
f 6049 6010 6009
f 6049 6050 6010
f 6050 6011 6010
f 6050 6051 6011
f 6051 6012 6011
f 6051 6052 6012
f 6052 6013 6012
f 6052 6053 6013
f 6053 6014 6013
f 6053 6054 6014
f 6054 6015 6014
f 6054 6055 6015
f 6055 6016 6015
f 6055 6056 6016
f 6056 5977 6016
f 6056 6017 5977
f 6057 6018 6017
f 6057 6058 6018
f 6058 6019 6018
f 6058 6059 6019
f 6059 6020 6019
f 6059 6060 6020
f 6060 6021 6020
f 6060 6061 6021
f 6061 6022 6021
f 6061 6062 6022
f 6062 6023 6022
f 6062 6063 6023
f 6063 6024 6023
f 6063 6064 6024
f 6064 6025 6024
f 6064 6065 6025
f 6065 6026 6025
f 6065 6066 6026
f 6066 6027 6026
f 6066 6067 6027
f 6067 6028 6027
f 6067 6068 6028
f 6068 6029 6028
f 6068 6069 6029
f 6069 6030 6029
f 6069 6070 6030
f 6070 6031 6030
f 6070 6071 6031
f 6071 6032 6031
f 6071 6072 6032
f 6072 6033 6032
f 6072 6073 6033
f 6073 6034 6033
f 6073 6074 6034
f 6074 6035 6034
f 6074 6075 6035
f 6075 6036 6035
f 6075 6076 6036
f 6076 6037 6036
f 6076 6077 6037
f 6077 6038 6037
f 6077 6078 6038
f 6078 6039 6038
f 6078 6079 6039
f 6079 6040 6039
f 6079 6080 6040
f 6080 6041 6040
f 6080 6081 6041
f 6081 6042 6041
f 6081 6082 6042
f 6082 6043 6042
f 6082 6083 6043
f 6083 6044 6043
f 6083 6084 6044
f 6084 6045 6044
f 6084 6085 6045
f 6085 6046 6045
f 6085 6086 6046
f 6086 6047 6046
f 6086 6087 6047
f 6087 6048 6047
f 6087 6088 6048
f 6088 6049 6048
f 6088 6089 6049
f 6089 6050 6049
f 6089 6090 6050
f 6090 6051 6050
f 6090 6091 6051
f 6091 6052 6051
f 6091 6092 6052
f 6092 6053 6052
f 6092 6093 6053
f 6093 6054 6053
f 6093 6094 6054
f 6094 6055 6054
f 6094 6095 6055
f 6095 6056 6055
f 6095 6096 6056
f 6096 6017 6056
f 6096 6057 6017
