# .PCD v0.7 - Point Cloud Data file
VERSION 0.7
FIELDS x y z label edge
SIZE 4 4 4 4 4
TYPE F F F I F
COUNT 1 1 1 1 1
WIDTH 19329
HEIGHT 1
VIEWPOINT 0 0 0 1 0 0 0
POINTS 19329
DATA ascii
0.10276 0.141872 0.041908 3 0.99998
0.416021 0.062426 0.094839 9 0.0
0.340359 0.064691 0.093056 9 0.0
0.415338 0.061495 0.122641 9 0.0
0.491683 0.06016 0.096621 9 0.0
0.416704 0.063357 0.067036 9 0.0
0.519142 0.088213 0.82268 8 0.0
0.528209 0.090425 0.778127 8 0.0
0.635553 0.076016 0.845767 8 0.0
0.510074 0.086001 0.867234 8 0.0
0.40273 0.10041 0.799593 8 0.0
0.848451 0.15184 0.75869 8 0.000368
0.817866 0.175693 0.76433 8 0.000368
0.853016 0.140428 0.831722 8 0.000368
0.879036 0.127988 0.753051 8 0.000368
0.843885 0.163253 0.685659 8 0.000368
0.508882 0.03279 0.770643 8 0.0
0.525287 0.035218 0.706544 8 0.0
0.615495 0.031157 0.797866 8 0.0
0.492478 0.030362 0.834742 8 0.0
0.402269 0.034424 0.74342 8 0.0
0.681349 0.97238 0.825518 23 0.0
0.757447 0.973451 0.8415 23 0.0
0.670624 0.97446 0.876447 23 0.0
0.605251 0.971308 0.809537 23 0.0
0.692074 0.970299 0.774589 23 0.0
0.908538 0.099657 0.009602 10 0.999999
0.610391 0.023457 0.967503 8 0.0
0.321133 0.13419 0.070624 9 2e-06
0.321901 0.141409 0.087908 9 2e-06
0.379193 0.131836 0.069025 9 2e-06
0.320364 0.126971 0.05334 9 2e-06
0.263072 0.136544 0.072222 9 2e-06
0.6286 0.040169 0.60661 8 0.0
0.63681 0.04467 0.483936 8 0.0
0.719107 0.041385 0.612711 8 0.0
0.62039 0.035668 0.729283 8 0.0
0.538094 0.038953 0.600508 8 0.0
0.619888 0.027427 0.831852 8 0.0
0.715198 0.027334 0.84861 8 0.0
0.61099 0.025295 0.882446 8 0.0
0.524578 0.027521 0.815095 8 0.0
0.628786 0.029559 0.781259 8 0.0
0.948684 0.444639 0.222909 11 0.0
0.949776 0.536382 0.223326 11 0.0
0.954582 0.444258 0.291404 11 0.0
0.947591 0.352897 0.222492 11 0.0
0.942785 0.445021 0.154414 11 0.0
0.065574 0.390014 0.104551 15 0.01357
0.066656 0.463663 0.085678 15 0.01357
0.063931 0.396922 0.131413 15 0.01357
0.064491 0.316365 0.123424 15 0.01357
0.067216 0.383106 0.077689 15 0.01357
0.290293 0.062528 0.18875 6 0.0
0.232652 0.063896 0.189918 6 0.0
0.291411 0.058653 0.248441 6 0.0
0.347935 0.061161 0.187581 6 0.0
0.289175 0.066404 0.129058 6 0.0
0.583733 0.104457 0.733334 8 0.0
0.476817 0.098592 0.700944 8 0.0
0.562325 0.10686 0.803566 8 0.0
0.69065 0.110322 0.765725 8 0.0
0.605142 0.102054 0.663103 8 0.0
0.312197 0.200695 -0.000432 1 0.0
0.387687 0.215293 -0.001863 1 0.0
0.304619 0.23988 -0.000487 1 0.0
0.236707 0.186098 0.000999 1 0.0
0.319775 0.161511 -0.000377 1 0.0
0.255043 0.8705 0.309171 20 0.0
0.206862 0.872505 0.314289 20 0.0
0.26439 0.85675 0.402552 20 0.0
0.303223 0.868496 0.304053 20 0.0
0.245695 0.88425 0.21579 20 0.0
0.775113 0.884382 0.238928 20 0.0
0.723816 0.882554 0.241602 20 0.0
0.778127 0.895798 0.304541 20 0.0
0.82641 0.88621 0.236254 20 0.0
0.772099 0.872966 0.173315 20 0.0
0.386086 0.062226 0.13398 6 0.0
0.469718 0.061341 0.132802 6 0.0
0.386642 0.059486 0.17551 6 0.0
0.302454 0.063112 0.135157 6 0.0
0.38553 0.064966 0.092449 6 0.0
0.757161 0.064286 0.062513 9 0.005669
0.715905 0.062814 0.066594 9 0.005669
0.75919 0.062664 0.082439 9 0.005669
0.798416 0.065758 0.058432 9 0.005669
0.755132 0.065908 0.042588 9 0.005669
0.491212 0.17094 0.427128 7 0.0
0.572079 0.161842 0.364084 7 0.0
0.568093 0.178653 0.524631 7 0.0
0.410344 0.180037 0.490172 7 0.0
0.414331 0.163226 0.329625 7 0.0
0.576228 0.067239 0.060657 9 0.0
0.404197 0.693267 0.010142 1 0.0
0.405014 0.768167 0.014199 1 0.0
0.300826 0.694409 0.009879 1 0.0
0.40338 0.618368 0.006085 1 0.0
0.507568 0.692125 0.010406 1 0.0
0.36609 0.26934 0.612106 1 0.000372
0.453703 0.386984 0.631979 1 0.000372
0.766573 0.060768 0.897066 8 0.0
0.703622 0.055392 0.898741 8 0.0
0.767511 0.059786 0.929165 8 0.0
0.829523 0.066144 0.895391 8 0.0
0.765635 0.06175 0.864966 8 0.0
0.027034 0.80983 0.932994 15 0.0
0.028786 0.850412 0.928262 15 0.0
0.026318 0.812162 0.952722 15 0.0
0.025281 0.769249 0.937727 15 0.0
0.027749 0.807499 0.913267 15 0.0
0.348931 0.101708 0.539413 8 0.0
0.401193 0.097286 0.452303 8 0.0
0.419199 0.092886 0.582019 8 0.0
0.296669 0.10613 0.626522 8 0.0
0.278663 0.11053 0.496807 8 0.0
0.077579 0.1974 0.373931 15 0.0
0.088397 0.181281 0.277745 15 0.0
0.076516 0.235495 0.367427 15 0.0
0.066762 0.213519 0.470116 15 0.0
0.078643 0.159305 0.380435 15 0.0
0.572561 0.05 0.392443 6 0.0
0.476178 0.050492 0.415905 6 0.0
0.599669 0.042211 0.50397 6 0.0
0.668944 0.049508 0.368982 6 0.0
0.545453 0.057789 0.280917 6 0.0
0.791825 0.895265 0.808145 17 1e-06
0.809639 0.894665 0.787804 17 1e-06
0.841315 0.890856 0.851619 17 1e-06
0.77401 0.895865 0.828486 17 1e-06
0.742334 0.899674 0.764671 17 1e-06
0.2319 0.088328 0.617637 8 0.0
0.28578 0.083231 0.610093 8 0.0
0.245936 0.071752 0.729088 8 0.0
0.17802 0.093426 0.62518 8 0.0
0.217864 0.104904 0.506185 8 0.0
0.360458 0.298945 0.325842 1 6.2e-05
0.317974 0.348924 0.245519 1 6.2e-05
0.282457 0.334018 0.388921 1 6.2e-05
0.402941 0.248967 0.406165 1 6.2e-05
0.438458 0.263873 0.262764 1 6.2e-05
0.754742 0.952927 0.464329 21 0.0
0.795722 0.953005 0.452869 21 0.0
0.779857 0.95755 0.554168 21 0.0
0.713763 0.952849 0.475789 21 0.0
0.729627 0.948304 0.37449 21 0.0
0.144565 0.475086 0.522973 15 0.0
0.1577 0.568347 0.471898 15 0.0
0.128798 0.530878 0.620791 15 0.0
0.575585 0.189992 0.487512 7 0.0
0.673906 0.209983 0.440017 7 0.0
0.63931 0.190736 0.619747 7 0.0
0.477263 0.170001 0.535007 7 0.0
0.511859 0.189248 0.355277 7 0.0
0.825993 0.09757 0.551465 7 0.0
0.798072 0.100049 0.106365 6 1.2e-05
0.830171 0.094037 0.135623 6 1.2e-05
0.781047 0.099071 0.124841 6 1.2e-05
0.765972 0.106061 0.077106 6 1.2e-05
0.815096 0.101027 0.087889 6 1.2e-05
0.348894 0.936797 0.232627 21 0.0
0.271036 0.936614 0.22473 21 0.0
0.341716 0.938816 0.303351 21 0.0
0.426752 0.936979 0.240523 21 0.0
0.356071 0.934777 0.161902 21 0.0
0.5127 0.059917 0.865363 8 0.0
0.630222 0.065919 0.874906 8 0.0
0.509615 0.057608 0.904814 8 0.0
0.395179 0.053914 0.855819 8 0.0
0.515786 0.062226 0.825911 8 0.0
0.483456 0.163315 0.407969 7 0.0
0.377024 0.15947 0.396029 7 0.0
0.469962 0.15693 0.530305 7 0.0
0.589887 0.167159 0.419908 7 0.0
0.496949 0.1697 0.285633 7 0.0
0.280053 0.056866 0.306659 6 0.0
0.223488 0.058259 0.305201 6 0.0
0.277443 0.051254 0.402496 6 0.0
0.336618 0.055474 0.308118 6 0.0
0.282663 0.062478 0.210823 6 0.0
0.069308 0.205762 0.097996 15 0.004879
0.067428 0.221711 0.126531 15 0.004879
0.069944 0.176692 0.114285 15 0.004879
0.071188 0.189813 0.06946 15 0.004879
0.068672 0.234832 0.081706 15 0.004879
0.931061 0.514871 0.02485 11 1e-06
0.13667 0.094645 0.431547 7 0.000278
0.151448 0.105471 0.434243 7 0.000278
0.133409 0.087637 0.47757 7 0.000278
0.121892 0.08382 0.428852 7 0.000278
0.139931 0.101654 0.385524 7 0.000278
0.295093 0.113857 0.717193 8 0.0
0.343895 0.118726 0.743876 8 0.0
0.256508 0.117321 0.78713 8 0.0
0.246291 0.108988 0.690509 8 0.0
0.333678 0.110393 0.647255 8 0.0
0.405946 0.846427 0.736464 20 1e-06
0.391389 0.852196 0.811092 20 1e-06
0.51338 0.861165 0.756282 20 1e-06
0.420503 0.840658 0.661837 20 1e-06
0.298511 0.831688 0.716647 20 1e-06
0.302342 0.04837 0.834213 8 0.0
0.384628 0.04657 0.829216 8 0.0
0.305507 0.048921 0.886116 8 0.0
0.220057 0.05017 0.839211 8 0.0
0.299178 0.04782 0.782311 8 0.0
0.959372 0.07312 0.822802 10 0.998999
0.548234 0.067523 0.036622 9 0.0
0.537352 0.586051 0.176474 1 0.000151
0.557827 0.582418 0.228287 1 0.000151
0.531158 0.492761 0.17238 1 0.000151
0.516877 0.589685 0.124662 1 0.000151
0.543546 0.679342 0.180569 1 0.000151
0.101556 0.122752 0.002843 2 8e-06
0.108015 0.126208 0.004073 2 8e-06
0.093459 0.1382 0.001945 2 8e-06
0.095097 0.119295 0.001612 2 8e-06
0.109653 0.107303 0.00374 2 8e-06
0.493369 0.909927 0.138681 20 0.0
0.597654 0.907672 0.140618 20 0.0
0.492581 0.912124 0.183681 20 0.0
0.389084 0.912183 0.136745 20 0.0
0.494157 0.907731 0.093682 20 0.0
0.043884 0.799944 0.446892 16 0.0
0.439515 0.033003 0.750659 6 0.0
0.460489 0.035511 0.679282 6 0.0
0.54993 0.030569 0.783018 6 0.0
0.418541 0.030494 0.822036 6 0.0
0.3291 0.035437 0.7183 6 0.0
0.049774 0.805538 0.336018 16 0.0
0.066202 0.499324 0.102201 15 0.0
0.064439 0.589087 0.101433 15 0.0
0.063672 0.49956 0.13555 15 0.0
0.067964 0.409561 0.10297 15 0.0
0.068731 0.499088 0.068853 15 0.0
0.666701 0.023086 0.979021 6 0.99971
0.191987 0.606948 0.22932 15 5.4e-05
0.209083 0.704177 0.259735 15 5.4e-05
0.211995 0.584153 0.290944 15 5.4e-05
0.17489 0.509718 0.198906 15 5.4e-05
0.171979 0.629742 0.167697 15 5.4e-05
0.814615 0.162748 0.228049 9 6e-06
0.779468 0.162672 0.238771 9 6e-06
0.833713 0.179544 0.290776 9 6e-06
0.849762 0.162824 0.217328 9 6e-06
0.795517 0.145951 0.165322 9 6e-06
0.148316 0.09837 0.877972 5 0.000418
0.162107 0.098839 0.91037 5 0.000418
0.129769 0.083924 0.886077 5 0.000418
0.134524 0.0979 0.845575 5 0.000418
0.166862 0.112815 0.869868 5 0.000418
0.365964 0.144632 0.371888 8 0.0
0.412633 0.151611 0.294246 8 0.0
0.438565 0.122502 0.413538 8 0.0
0.319295 0.137653 0.44953 8 0.0
0.293363 0.166762 0.330238 9 0.0
0.308872 0.084477 0.793396 8 0.0
0.303101 0.084439 0.735432 8 0.0
0.391268 0.07313 0.7852 8 0.0
0.314642 0.084515 0.85136 8 0.0
0.226476 0.095823 0.801591 8 0.0
0.250019 0.697789 0.10258 1 2e-06
0.287341 0.757621 0.094601 1 2e-06
0.283085 0.680313 0.126195 1 2e-06
0.212696 0.637958 0.11056 1 2e-06
0.216953 0.715266 0.078966 1 2e-06
0.038695 0.523553 0.672731 15 0.0
0.035327 0.540237 0.773628 15 0.0
0.038823 0.409318 0.691625 15 0.0
0.042064 0.506868 0.571834 15 0.0
0.038568 0.637787 0.653837 15 0.0
0.452036 0.091568 0.067747 9 0.955051
0.498502 0.093431 0.077744 9 0.955051
0.448516 0.083889 0.085535 9 0.955051
0.405569 0.089705 0.057749 9 0.955051
0.455555 0.099247 0.049958 9 0.955051
0.851592 0.109247 0.391341 7 3e-06
0.232298 0.970049 0.881123 20 0.0
0.284559 0.970634 0.880958 20 0.0
0.232406 0.970815 0.91806 20 0.0
0.180037 0.969464 0.881288 20 0.0
0.23219 0.969283 0.844186 20 0.0
0.255503 0.162824 0.185522 9 2.4e-05
0.236136 0.169611 0.189765 9 2.4e-05
0.275612 0.186705 0.23911 9 2.4e-05
0.27487 0.156038 0.181279 9 2.4e-05
0.235394 0.138943 0.131934 9 2.4e-05
0.067861 0.501828 0.053286 15 0.002752
0.825831 0.93687 0.089021 18 0.984364
0.828751 0.935303 0.094372 18 0.984364
0.819999 0.939517 0.092979 18 0.984364
0.822911 0.938438 0.083671 18 0.984364
0.831662 0.934224 0.085064 18 0.984364
0.336739 0.127861 0.675058 8 0.0
0.388451 0.118726 0.595114 8 0.0
0.409066 0.114423 0.723379 8 0.0
0.285026 0.136996 0.755003 8 0.0
0.264411 0.141298 0.626738 8 0.0
0.69082 0.075856 0.825268 8 0.0
0.606217 0.072062 0.803622 8 0.0
0.678956 0.071016 0.872485 8 0.0
0.775422 0.079651 0.846913 8 0.0
0.702683 0.080696 0.77805 8 0.0
0.628488 0.069398 0.08426 9 4e-06
0.061905 0.495379 0.198852 15 0.0
0.061524 0.61622 0.191854 15 0.0
0.058462 0.498958 0.26084 15 0.0
0.062286 0.374538 0.205851 15 0.0
0.065348 0.4918 0.136865 15 0.0
0.437764 0.052891 0.329836 6 0.0
0.517036 0.049061 0.33946 6 0.0
0.427686 0.04909 0.411329 6 0.0
0.358492 0.056721 0.320212 6 0.0
0.447841 0.056692 0.248343 6 0.0
0.438829 0.807777 0.210618 20 2e-06
0.462421 0.834378 0.164285 20 2e-06
0.539163 0.796745 0.255373 20 2e-06
0.415237 0.781176 0.256951 20 2e-06
0.338496 0.818809 0.165864 20 2e-06
0.069068 0.31458 0.056949 15 0.0002
0.070107 0.315255 0.037516 15 0.0002
0.068366 0.378649 0.059137 15 0.0002
0.068029 0.313905 0.076382 15 0.0002
0.06977 0.250511 0.054761 15 0.0002
0.043534 0.690517 0.760564 15 0.0
0.042987 0.75307 0.737939 15 0.0
0.042208 0.717023 0.833881 15 0.0
0.044081 0.627964 0.783188 15 0.0
0.04486 0.664011 0.687247 15 0.0
0.117991 0.610564 0.40871 15 0.0
0.107712 0.65162 0.491167 15 0.0
0.105372 0.52198 0.451244 15 0.0
0.12827 0.569507 0.326253 15 0.0
0.130609 0.699147 0.366176 15 0.0
0.10426 0.087281 0.013028 3 0.835233
0.364633 0.109355 0.264952 7 0.0
0.421164 0.117996 0.190235 7 0.0
0.412537 0.106893 0.300912 7 0.0
0.308102 0.100713 0.33967 7 0.0
0.316728 0.111816 0.228993 7 0.0
0.119168 0.549494 0.662557 15 0.0
0.13217 0.621249 0.745007 15 0.0
0.125507 0.478507 0.723336 15 0.0
0.106166 0.477739 0.580107 15 0.0
0.112829 0.620481 0.601778 15 0.0
0.621382 0.142169 0.485494 7 0.0
0.616505 0.153621 0.360922 7 0.0
0.704727 0.145635 0.482549 7 0.0
0.62626 0.130716 0.610066 7 0.0
0.538038 0.138702 0.488439 7 0.0
0.630853 0.058532 0.800439 8 0.0
0.732507 0.062898 0.798631 8 0.0
0.631919 0.058997 0.861556 8 0.0
0.529198 0.054167 0.802247 8 0.0
0.629786 0.058068 0.739323 8 0.0
0.282808 0.051271 0.435114 6 0.0
0.223225 0.053586 0.432275 6 0.0
0.276293 0.044038 0.565902 6 0.0
0.34239 0.048955 0.437954 6 0.0
0.289322 0.058504 0.304327 6 0.0
0.79262 0.088977 0.837014 8 0.0
0.840205 0.098599 0.80832 8 0.0
0.815576 0.08446 0.873569 8 0.0
0.745034 0.079355 0.865709 8 0.0
0.769663 0.093494 0.80046 8 0.0
0.115969 0.432655 0.538467 15 0.0
0.105648 0.52523 0.498006 15 0.0
0.110331 0.476891 0.641118 15 0.0
0.126291 0.34008 0.578927 15 0.0
0.121608 0.38842 0.435816 15 0.0
0.65808 0.049976 0.907034 8 0.0
0.851154 0.069109 0.044193 9 0.013118
0.858184 0.070814 0.030683 9 0.013118
0.863035 0.070392 0.050537 9 0.013118
0.844125 0.067404 0.057704 9 0.013118
0.839274 0.067827 0.03785 9 0.013118
0.024198 0.106334 0.971938 15 0.0
0.022869 0.107932 0.981067 15 0.0
0.023631 0.092376 0.974299 15 0.0
0.025526 0.104735 0.96281 15 0.0
0.024764 0.120291 0.969577 15 0.0
0.74381 0.889436 0.168118 20 0.0
0.798343 0.893054 0.198064 20 0.0
0.720086 0.893453 0.210834 20 0.0
0.689277 0.885819 0.138171 20 0.0
0.767534 0.88542 0.125401 20 0.0
0.420741 0.096 0.778572 8 0.0
0.517651 0.100947 0.783492 8 0.0
0.417373 0.097674 0.843215 8 0.0
0.32383 0.091053 0.773651 8 0.0
0.424108 0.094327 0.713928 8 0.0
0.292654 0.053612 0.378412 6 0.0
0.354382 0.051749 0.374204 6 0.0
0.300399 0.046443 0.495189 6 0.0
0.230927 0.055474 0.38262 6 0.0
0.28491 0.06078 0.261635 6 0.0
0.059092 0.497343 0.238586 15 0.0
0.058233 0.614306 0.238529 15 0.0
0.054829 0.497348 0.313043 15 0.0
0.059952 0.38038 0.238643 15 0.0
0.063356 0.497338 0.164129 15 0.0
0.62708 0.120956 0.859213 8 0.000118
0.681986 0.147153 0.843308 8 0.000118
0.642888 0.10877 0.893712 8 0.000118
0.572173 0.09476 0.875118 8 0.000118
0.611272 0.133143 0.824714 8 0.000118
0.568227 0.122388 0.558266 8 0.0
0.636952 0.123972 0.653043 8 0.0
0.489393 0.120752 0.615458 8 0.0
0.499502 0.120804 0.463489 8 0.0
0.307934 0.873492 0.194472 20 0.0
0.330033 0.877263 0.155934 20 0.0
0.240764 0.877726 0.156368 20 0.0
0.285835 0.86972 0.233009 20 0.0
0.375104 0.869258 0.232576 20 0.0
0.758659 0.160759 0.181011 9 0.925125
0.790444 0.165095 0.199234 9 0.925125
0.726114 0.190105 0.230795 9 0.925125
0.726875 0.156424 0.162789 9 0.925125
0.791204 0.131414 0.131228 9 0.925125
0.711181 0.901486 0.53082 20 0.0
0.781984 0.904142 0.521237 20 0.0
0.726931 0.914663 0.65083 20 0.0
0.640379 0.898831 0.540404 20 0.0
0.695432 0.88831 0.410811 20 0.0
0.741443 0.108825 0.267897 7 0.0
0.68769 0.110704 0.283791 7 0.0
0.765686 0.091566 0.351926 7 0.0
0.795196 0.106946 0.252003 7 0.0
0.7172 0.126084 0.183868 7 0.0
0.082387 0.738878 0.49761 15 0.0
0.084931 0.797195 0.515951 15 0.0
0.075787 0.714693 0.575423 15 0.0
0.079844 0.680562 0.479268 15 0.0
0.088987 0.763064 0.419797 15 0.0
0.283735 0.036647 0.740402 8 0.0
0.305487 0.032416 0.816549 8 0.0
0.2282 0.037775 0.756328 8 0.0
0.261983 0.040878 0.664254 8 0.0
0.339269 0.035518 0.724475 8 0.0
0.83841 0.963733 0.682464 24 0.0
0.060905 0.334001 0.249364 15 0.0
0.061073 0.396962 0.213639 15 0.0
0.05653 0.373297 0.318597 15 0.0
0.060737 0.271041 0.285089 15 0.0
0.06528 0.294706 0.180131 15 0.0
0.423714 0.935818 0.201861 21 0.0
0.525181 0.936891 0.207348 21 0.0
0.420382 0.938774 0.262905 21 0.0
0.322246 0.934744 0.196375 21 0.0
0.427046 0.932862 0.140818 21 0.0
0.57387 0.034177 0.675584 6 0.0
0.632091 0.036769 0.598598 6 0.0
0.656732 0.031276 0.73815 6 0.0
0.51565 0.031584 0.75257 6 0.0
0.491008 0.037078 0.613017 6 0.0
0.820463 0.041084 0.559352 7 0.0
0.772643 0.816615 0.247831 20 5.3e-05
0.782857 0.795245 0.327184 20 5.3e-05
0.722831 0.80435 0.250939 20 5.3e-05
0.762429 0.837985 0.168478 20 5.3e-05
0.822455 0.82888 0.244723 20 5.3e-05
0.040722 0.495516 0.599026 15 0.0
0.041133 0.62027 0.579395 15 0.0
0.035503 0.514587 0.720103 15 0.0
0.040311 0.370763 0.618658 15 0.0
0.045941 0.476446 0.47795 15 0.0
0.911966 0.873615 0.436705 11 0.997837
0.083331 0.95812 0.756868 14 1e-06
0.680131 0.081339 0.718031 8 0.0
0.614271 0.07162 0.771247 8 0.0
0.734983 0.079908 0.785654 8 0.0
0.745991 0.091058 0.664815 8 0.0
0.625279 0.08277 0.650408 8 0.0
0.474011 0.053139 0.51992 7 0.0
0.580205 0.051479 0.574804 7 0.0
0.421439 0.049165 0.621521 7 0.0
0.367817 0.054799 0.465036 7 0.0
0.526583 0.057113 0.418319 7 0.0
0.583082 0.145128 0.2516 7 0.0
0.492633 0.13904 0.289207 7 0.0
0.611087 0.13607 0.31749 7 0.0
0.67353 0.151217 0.213993 7 0.0
0.555076 0.154187 0.18571 7 0.0
0.67838 0.100488 0.737134 8 0.0
0.760444 0.109798 0.778722 8 0.0
0.647833 0.095511 0.798525 8 0.0
0.596315 0.091178 0.695546 8 0.0
0.708926 0.105465 0.675743 8 0.0
0.355984 0.9399 0.374608 21 0.0
0.294172 0.941406 0.413693 21 0.0
0.409874 0.940838 0.459799 21 0.0
0.417796 0.938394 0.335524 21 0.0
0.302094 0.938962 0.289418 21 0.0
0.220651 0.937222 0.209222 21 0.0
0.184315 0.937851 0.207124 21 0.0
0.216817 0.940998 0.276758 21 0.0
0.256987 0.936592 0.21132 21 0.0
0.224484 0.933445 0.141686 21 0.0
0.087552 0.489116 0.260951 15 0.0
0.085478 0.58561 0.26902 15 0.0
0.079952 0.482435 0.338894 15 0.0
0.089626 0.392622 0.252882 15 0.0
0.095152 0.495797 0.183008 15 0.0
0.141071 0.695518 0.688038 15 6.2e-05
0.133021 0.767902 0.673989 15 6.2e-05
0.11919 0.710218 0.776313 15 6.2e-05
0.149121 0.623133 0.702087 15 6.2e-05
0.162952 0.680817 0.599763 15 6.2e-05
0.170797 0.77731 0.362405 15 2.8e-05
0.148973 0.830199 0.354367 15 2.8e-05
0.149656 0.783241 0.458834 15 2.8e-05
0.192621 0.724421 0.370442 15 2.8e-05
0.311566 0.599284 0.548481 1 3.3e-05
0.37128 0.504985 0.509682 1 3.3e-05
0.667032 0.881724 0.425203 20 0.0
0.746887 0.88482 0.43173 20 0.0
0.659903 0.886255 0.510271 20 0.0
0.587177 0.878628 0.418676 20 0.0
0.674161 0.877193 0.340134 20 0.0
0.569915 0.136354 0.328908 7 0.0
0.645021 0.131055 0.377657 7 0.0
0.507742 0.112998 0.422159 7 0.0
0.494809 0.141652 0.28016 7 0.0
0.632088 0.159709 0.235658 7 0.0
0.859972 0.917066 0.924656 23 0.993923
0.881966 0.936625 0.941663 23 0.993923
0.851124 0.91918 0.933667 23 0.993923
0.837978 0.897507 0.907649 23 0.993923
0.86882 0.914952 0.915644 23 0.993923
0.39385 0.893466 0.749932 20 0.0
0.48484 0.887206 0.794463 20 0.0
0.364119 0.895728 0.811001 20 0.0
0.30286 0.899727 0.705402 20 0.0
0.423581 0.891204 0.688864 20 0.0
0.908262 0.225676 0.132798 11 0.0
0.907325 0.25936 0.107703 11 0.0
0.912577 0.247662 0.162148 11 0.0
0.9092 0.191993 0.157893 11 0.0
0.903948 0.20369 0.103448 11 0.0
0.062119 0.44469 0.255771 15 0.0
0.060821 0.453269 0.303996 15 0.0
0.061055 0.377872 0.267628 15 0.0
0.063416 0.436112 0.207546 15 0.0
0.063182 0.511509 0.243913 15 0.0
0.818671 0.055863 0.297973 7 0.0
0.849198 0.05821 0.296669 7 0.0
0.823244 0.048739 0.39219 7 0.0
0.788143 0.053517 0.299278 7 0.0
0.814097 0.062988 0.203757 7 0.0
0.079071 0.970307 0.87471 14 0.00249
0.724481 0.841395 0.195288 20 1e-06
0.770587 0.860334 0.146644 20 1e-06
0.763306 0.832838 0.228756 20 1e-06
0.678374 0.822457 0.243932 20 1e-06
0.685656 0.849953 0.16182 20 1e-06
0.287286 0.046596 0.50974 6 0.0
0.348713 0.044794 0.504974 6 0.0
0.298655 0.038639 0.659291 6 0.0
0.225858 0.048398 0.514506 6 0.0
0.275916 0.054553 0.360189 6 0.0
0.314443 0.12543 0.088827 9 4e-06
0.323285 0.126139 0.076174 9 4e-06
0.344893 0.127174 0.110203 9 4e-06
0.305601 0.124721 0.10148 9 4e-06
0.283993 0.123686 0.067451 9 4e-06
0.728254 0.868407 0.604644 20 0.0
0.788904 0.876098 0.618454 20 0.0
0.702138 0.87597 0.715129 20 0.0
0.667605 0.860716 0.590834 20 0.0
0.75437 0.860844 0.494159 20 0.0
0.106148 0.246581 0.353645 15 0.0
0.089991 0.275382 0.456575 15 0.0
0.108807 0.198945 0.367391 15 0.0
0.122306 0.21778 0.250715 15 0.0
0.10349 0.294217 0.339899 15 0.0
0.727016 0.098848 0.536742 7 0.0
0.798783 0.106927 0.52535 7 0.0
0.747943 0.093735 0.664946 7 0.0
0.655249 0.090768 0.548135 7 0.0
0.706089 0.10396 0.408538 7 0.0
0.750961 0.941232 0.798696 20 0.0
0.793214 0.939003 0.827785 20 0.0
0.713708 0.940098 0.85272 20 0.0
0.708707 0.943461 0.769607 20 0.0
0.788213 0.942366 0.744672 20 0.0
0.633497 0.031212 0.716449 6 0.0
0.569141 0.033324 0.646045 6 0.0
0.570592 0.028435 0.773867 6 0.0
0.697853 0.0291 0.786852 6 0.0
0.097096 0.595151 0.093131 15 0.996966
0.098454 0.604352 0.108209 15 0.996966
0.106899 0.550485 0.119506 15 0.996966
0.095738 0.585949 0.078053 15 0.996966
0.087292 0.639816 0.066756 15 0.996966
0.579534 0.029552 0.768128 8 0.0
0.476892 0.030498 0.74077 8 0.0
0.561787 0.027177 0.834628 8 0.0
0.682176 0.028606 0.795486 8 0.0
0.59728 0.031928 0.701628 8 0.0
0.934895 0.970292 0.986442 18 0.046371
0.93304 0.973665 0.990158 18 0.046371
0.937547 0.967987 0.989858 18 0.046371
0.936751 0.966919 0.982725 18 0.046371
0.932243 0.972597 0.983026 18 0.046371
0.65229 0.187965 0.207085 9 4.2e-05
0.602334 0.194595 0.266595 9 4.2e-05
0.625203 0.159535 0.187514 9 4.2e-05
0.702246 0.181334 0.147574 9 4.2e-05
0.679377 0.216394 0.226656 9 4.2e-05
0.493605 0.956909 0.641028 21 0.0
0.376729 0.953097 0.586523 21 0.0
0.459461 0.961819 0.713899 21 0.0
0.61048 0.96072 0.695534 21 0.0
0.527749 0.951998 0.568157 21 0.0
0.629366 0.850005 0.334455 20 0.0
0.539185 0.845926 0.309807 20 0.0
0.602724 0.85515 0.431081 20 0.0
0.719548 0.854084 0.359103 20 0.0
0.656009 0.84486 0.237829 20 0.0
0.266078 0.146853 0.264488 9 0.0
0.307369 0.146672 0.290364 9 0.0
0.219161 0.157516 0.339427 9 0.0
0.224787 0.147034 0.238611 9 0.0
0.312995 0.136191 0.189548 9 0.0
0.434257 0.954535 0.758392 20 0.0
0.31899 0.952676 0.73812 20 0.0
0.421897 0.956682 0.828476 20 0.0
0.549523 0.956393 0.778663 20 0.0
0.446617 0.952387 0.688307 20 0.0
0.37589 0.901323 0.077587 20 1e-06
0.054521 0.724206 0.299485 15 0.0
0.048464 0.725671 0.394408 15 0.0
0.054158 0.670278 0.300295 15 0.0
0.060577 0.72274 0.204563 15 0.0
0.054883 0.778133 0.298676 15 0.0
0.540881 0.099957 0.41117 7 0.0
0.644928 0.096291 0.458284 7 0.0
0.49119 0.103128 0.521153 7 0.0
0.436835 0.103623 0.364056 7 0.0
0.590572 0.096786 0.301186 7 0.0
0.042375 0.52527 0.843738 15 0.0
0.040704 0.639062 0.862226 15 0.0
0.040664 0.518137 0.88749 15 0.0
0.044046 0.411478 0.825249 15 0.0
0.044086 0.532404 0.799986 15 0.0
0.570856 0.131283 0.695323 8 0.0
0.665443 0.139452 0.676662 8 0.0
0.586803 0.143509 0.781503 8 0.0
0.47627 0.123113 0.713984 8 0.0
0.55491 0.119056 0.609142 8 0.0
0.252322 0.578879 0.499576 1 7.8e-05
0.285783 0.512195 0.530748 1 7.8e-05
0.287073 0.527673 0.352732 1 7.8e-05
0.742685 0.972781 0.865619 24 0.0
0.741952 0.973726 0.906785 24 0.0
0.684402 0.973256 0.86457 24 0.0
0.743419 0.971836 0.824452 24 0.0
0.800969 0.972305 0.866668 24 0.0
0.847747 0.102868 0.788767 7 5.1e-05
0.822941 0.110715 0.796124 7 5.1e-05
0.861001 0.086581 0.850819 7 5.1e-05
0.872552 0.095021 0.781409 7 5.1e-05
0.834493 0.119154 0.726714 7 5.1e-05
0.490762 0.430646 0.159043 1 0.000292
0.50073 0.44138 0.210846 1 0.000292
0.477215 0.36328 0.175608 1 0.000292
0.480794 0.419913 0.10724 1 0.000292
0.504308 0.498013 0.142478 1 0.000292
0.525502 0.613777 0.158209 1 5e-06
0.648729 0.648303 0.198905 1 5e-06
0.544093 0.553845 0.152761 1 5e-06
0.402275 0.579251 0.117513 1 5e-06
0.506911 0.673709 0.163656 1 5e-06
0.077638 0.103822 0.930635 15 0.000164
0.06856 0.109675 0.943286 15 0.000164
0.073586 0.083905 0.936942 15 0.000164
0.086716 0.097969 0.917984 15 0.000164
0.08169 0.123739 0.924328 15 0.000164
0.07528 0.88709 0.197996 14 2.3e-05
0.838676 0.165876 0.225426 9 3.5e-05
0.831244 0.180938 0.227081 9 3.5e-05
0.869318 0.18244 0.212275 9 3.5e-05
0.846108 0.150814 0.22377 9 3.5e-05
0.808034 0.149311 0.238577 9 3.5e-05
0.68009 0.024929 0.910047 8 0.0
0.057729 0.531332 0.280368 15 0.0
0.059068 0.631272 0.255124 15 0.0
0.052658 0.552522 0.363992 15 0.0
0.05639 0.431391 0.305612 15 0.0
0.0628 0.510141 0.196744 15 0.0
0.806009 0.625858 0.464756 11 0.0
0.800021 0.711145 0.473264 11 0.0
0.839835 0.614896 0.598463 11 0.0
0.811997 0.540571 0.456249 11 0.0
0.371757 0.948326 0.517302 21 0.0
0.333892 0.940877 0.414416 21 0.0
0.292432 0.950162 0.546362 21 0.0
0.409621 0.955776 0.620189 21 0.0
0.451081 0.946491 0.488242 21 0.0
0.075272 0.882439 0.718058 15 3e-05
0.077049 0.898369 0.710072 15 3e-05
0.083476 0.902365 0.759634 15 3e-05
0.073495 0.866508 0.726044 15 3e-05
0.067067 0.862512 0.676483 15 3e-05
0.518601 0.122822 0.266801 7 0.0
0.48249 0.130941 0.196012 7 0.0
0.431578 0.115447 0.310346 7 0.0
0.554711 0.114704 0.337589 7 0.0
0.605623 0.130197 0.223255 7 0.0
0.028096 0.615186 0.804896 15 0.0
0.030468 0.628664 0.748745 15 0.0
0.027012 0.708161 0.827167 15 0.0
0.025725 0.601708 0.861046 15 0.0
0.029181 0.522211 0.782624 15 0.0
0.043726 0.160888 0.692257 15 0.0
0.042083 0.175809 0.644363 15 0.0
0.044856 0.184378 0.699536 15 0.0
0.045368 0.145966 0.74015 15 0.0
0.042595 0.137398 0.684977 15 0.0
0.803908 0.602088 0.595764 11 2e-06
0.809878 0.583607 0.708703 11 2e-06
0.848074 0.503188 0.577246 11 2e-06
0.797938 0.620569 0.482825 11 2e-06
0.1704 0.805263 0.11529 2 0.990449
0.162214 0.847152 0.077723 2 0.990449
0.152508 0.807437 0.121613 2 0.990449
0.178587 0.763374 0.152858 2 0.990449
0.188293 0.803089 0.108968 2 0.990449
0.559799 0.895645 0.003645 1 0.0
0.841354 0.16284 0.75932 8 0.000322
0.817969 0.193064 0.767297 8 0.000322
0.86314 0.160537 0.831916 8 0.000322
0.864739 0.132617 0.751344 8 0.000322
0.819569 0.165143 0.686725 8 0.000322
0.556671 0.043322 0.558487 7 0.0
0.484929 0.048625 0.436564 7 0.0
0.472977 0.041247 0.607644 7 0.0
0.628413 0.038018 0.68041 7 0.0
0.640365 0.045397 0.50933 7 0.0
0.405584 0.113559 0.838614 8 1.4e-05
0.3906 0.115887 0.861699 8 1.4e-05
0.458795 0.09416 0.875108 8 1.4e-05
0.420568 0.111232 0.815529 8 1.4e-05
0.352374 0.132959 0.80212 8 1.4e-05
0.244077 0.773109 0.253738 2 0.000102
0.196077 0.80274 0.256351 2 0.000102
0.292077 0.743477 0.251125 2 0.000102
0.253866 0.796264 0.170982 2 0.000102
0.13446 0.168511 0.648272 15 9e-06
0.142469 0.15961 0.760712 15 9e-06
0.13422 0.128301 0.645106 15 9e-06
0.126451 0.177411 0.535832 15 9e-06
0.1347 0.20872 0.651438 15 9e-06
0.732186 0.89851 0.298642 20 0.0
0.788342 0.897717 0.279424 20 0.0
0.762796 0.906644 0.387748 20 0.0
0.67603 0.899304 0.31786 20 0.0
0.701576 0.890377 0.209536 20 0.0
0.638016 0.955916 0.608917 21 0.0
0.565012 0.956035 0.638488 21 0.0
0.6795 0.961999 0.71131 21 0.0
0.71102 0.955796 0.579347 21 0.0
0.596531 0.949832 0.506524 21 0.0
0.280028 0.140904 0.689355 8 1e-06
0.252649 0.163366 0.606906 8 1e-06
0.336833 0.14124 0.670583 8 1e-06
0.307407 0.118442 0.771804 8 1e-06
0.223224 0.140568 0.708126 8 1e-06
0.113954 0.21712 0.630181 4 0.0
0.111905 0.204453 0.723589 4 0.0
0.133049 0.162257 0.62316 4 0.0
0.116003 0.229788 0.536774 4 0.0
0.094858 0.271983 0.637202 4 0.0
0.472828 0.066986 0.042595 9 0.009489
0.290202 0.08508 0.600901 6 0.0
0.364343 0.080118 0.596743 6 0.0
0.296261 0.079219 0.715916 6 0.0
0.216061 0.090043 0.605059 6 0.0
0.284144 0.090942 0.485886 6 0.0
0.932683 0.652818 0.032448 19 2e-06
0.62561 0.066552 0.07487 9 5.7e-05
0.596649 0.210822 0.289646 9 1.2e-05
0.557025 0.237509 0.252736 9 1.2e-05
0.636272 0.184136 0.326556 9 1.2e-05
0.666775 0.202779 0.208549 9 1.2e-05
0.297045 0.129181 0.774779 8 2e-06
0.225936 0.127026 0.813567 8 2e-06
0.321779 0.131627 0.820261 8 2e-06
0.368153 0.131337 0.735992 8 2e-06
0.27231 0.126736 0.729298 8 2e-06
0.396677 0.816824 0.632311 20 1e-06
0.47893 0.811981 0.548668 20 1e-06
0.469143 0.803404 0.704349 20 1e-06
0.314424 0.821666 0.715955 20 1e-06
0.324211 0.830243 0.560274 20 1e-06
0.761373 0.189922 0.399516 7 1.6e-05
0.725994 0.209527 0.402323 7 1.6e-05
0.787389 0.218893 0.525096 7 1.6e-05
0.796752 0.170318 0.39671 7 1.6e-05
0.735357 0.160951 0.273937 7 1.6e-05
0.192315 0.390476 0.513942 15 0.0
0.189046 0.478488 0.501832 15 0.0
0.164942 0.406315 0.63645 15 0.0
0.195584 0.302464 0.526051 15 0.0
0.927735 0.642429 0.02231 19 1e-05
0.243338 0.851798 0.212145 20 0.0
0.190997 0.848014 0.216247 20 0.0
0.24808 0.853054 0.273814 20 0.0
0.29568 0.855581 0.208044 20 0.0
0.238597 0.850541 0.150477 20 0.0
0.976386 0.846077 0.849838 11 0.0
0.975052 0.870705 0.846061 11 0.0
0.976408 0.853131 0.895827 11 0.0
0.97772 0.821449 0.853615 11 0.0
0.976364 0.839023 0.80385 11 0.0
0.062902 0.387877 0.188952 15 0.0
0.060216 0.479221 0.191087 15 0.0
0.059534 0.386398 0.248006 15 0.0
0.065589 0.296534 0.186816 15 0.0
0.066271 0.389357 0.129898 15 0.0
0.08641 0.106435 0.024738 3 1.6e-05
0.08286 0.110969 0.029888 3 1.6e-05
0.091849 0.101624 0.032722 3 1.6e-05
0.08996 0.101901 0.019588 3 1.6e-05
0.080971 0.111246 0.016753 3 1.6e-05
0.467013 0.162284 0.233499 7 0.0
0.575069 0.158996 0.240374 7 0.0
0.462488 0.156517 0.301861 7 0.0
0.358957 0.165573 0.226623 7 0.0
0.471539 0.168051 0.165137 7 0.0
0.46865 0.030572 0.803272 6 0.0
0.347932 0.031947 0.781443 6 0.0
0.45839 0.02796 0.859847 6 0.0
0.589367 0.029197 0.825101 6 0.0
0.47891 0.033184 0.746697 6 0.0
0.974888 0.118792 0.962708 11 0.0
0.976321 0.137076 0.970076 11 0.0
0.975305 0.114519 0.97323 11 0.0
0.973456 0.100507 0.95534 11 0.0
0.974472 0.123064 0.952186 11 0.0
0.480991 0.959378 0.684161 21 0.0
0.371176 0.95705 0.637859 21 0.0
0.445903 0.965208 0.767084 21 0.0
0.590805 0.961706 0.730463 21 0.0
0.516078 0.953547 0.601237 21 0.0
0.128191 0.108501 0.236227 6 0.000241
0.115832 0.119832 0.234998 6 0.000241
0.116022 0.098578 0.26713 6 0.000241
0.140549 0.097169 0.237455 6 0.000241
0.14036 0.118423 0.205323 6 0.000241
0.310248 0.773626 0.146885 2 0.000124
0.265402 0.807374 0.120085 2 0.000124
0.273312 0.747305 0.175546 2 0.000124
0.355094 0.739879 0.173685 2 0.000124
0.347183 0.799948 0.118223 2 0.000124
0.126702 0.41974 0.737692 15 1e-06
0.127741 0.52975 0.709614 15 1e-06
0.122444 0.437809 0.808329 15 1e-06
0.125663 0.30973 0.76577 15 1e-06
0.13096 0.401671 0.667055 15 1e-06
0.078929 0.824142 0.894659 15 0.000101
0.068816 0.830681 0.931209 15 0.000101
0.079671 0.789235 0.901108 15 0.000101
0.089042 0.817604 0.858108 15 0.000101
0.078187 0.85905 0.888209 15 0.000101
0.448202 0.831643 0.352347 20 0.0
0.396677 0.826121 0.446943 20 0.0
0.538031 0.826455 0.400974 20 0.0
0.499727 0.837164 0.257752 20 0.0
0.358373 0.83683 0.303721 20 0.0
0.377612 0.044928 0.522155 6 0.0
0.447278 0.044062 0.512829 6 0.0
0.391446 0.037927 0.626148 6 0.0
0.307946 0.045795 0.531481 6 0.0
0.363778 0.05193 0.418162 6 0.0
0.367509 0.100201 0.8872 8 1e-06
0.78828 0.085872 0.351123 6 0.0
0.745992 0.084052 0.355646 6 0.0
0.80047 0.070794 0.459043 6 0.0
0.830568 0.087692 0.346601 6 0.0
0.77609 0.100949 0.243203 6 0.0
0.68056 0.087707 0.215961 9 0.0
0.608833 0.086075 0.216877 9 0.0
0.681245 0.084917 0.264665 9 0.0
0.752287 0.089339 0.215046 9 0.0
0.679875 0.090496 0.167258 9 0.0
0.907286 0.975368 0.967766 22 0.0
0.899653 0.975524 0.973841 22 0.0
0.914113 0.975199 0.976347 22 0.0
0.914918 0.975212 0.96169 22 0.0
0.900458 0.975538 0.959185 22 0.0
0.909605 0.090886 0.143119 10 3e-06
0.429322 0.059393 0.693927 8 0.0
0.544083 0.054975 0.733987 8 0.0
0.399159 0.056698 0.780038 8 0.0
0.314561 0.063811 0.653867 8 0.0
0.459485 0.062089 0.607816 8 0.0
0.289281 0.783582 0.16853 2 7.1e-05
0.336021 0.788335 0.165454 2 7.1e-05
0.295551 0.753633 0.21753 2 7.1e-05
0.242541 0.778829 0.171605 2 7.1e-05
0.283011 0.813531 0.119529 2 7.1e-05
0.206481 0.972913 0.977066 22 0.0
0.513148 0.687795 0.137795 1 0.0
0.493998 0.74357 0.145951 1 0.0
0.629353 0.73152 0.111616 1 0.0
0.532298 0.632019 0.129638 1 0.0
0.396944 0.644069 0.163973 1 0.0
0.576812 0.067769 0.093104 9 0.0
0.050584 0.395122 0.430736 15 0.0
0.049251 0.488651 0.41003 15 0.0
0.042714 0.424007 0.561719 15 0.0
0.051917 0.301593 0.451442 15 0.0
0.058454 0.366236 0.299753 15 0.0
0.379117 0.832143 0.498725 20 0.0
0.29927 0.837004 0.528527 20 0.0
0.425466 0.826801 0.623778 20 0.0
0.458963 0.827281 0.468923 20 0.0
0.332767 0.837485 0.373672 20 0.0
0.566335 0.906971 0.821223 20 0.0
0.460433 0.914708 0.793136 20 0.0
0.555402 0.910019 0.863284 20 0.0
0.672237 0.899234 0.84931 20 0.0
0.577268 0.903922 0.779162 20 0.0
0.055606 0.493231 0.338369 15 0.0
0.05551 0.595141 0.313167 15 0.0
0.04941 0.51831 0.439806 15 0.0
0.055701 0.391321 0.363572 15 0.0
0.061802 0.468151 0.236933 15 0.0
0.48398 0.058874 0.188312 6 0.0
0.599917 0.056852 0.200113 6 0.0
0.478166 0.05509 0.244785 6 0.0
0.368043 0.060897 0.17651 6 0.0
0.489795 0.062659 0.131838 6 0.0
0.630834 0.065462 0.075213 9 2e-06
0.618557 0.316216 0.400773 1 2.6e-05
0.591526 0.39828 0.425864 1 2.6e-05
0.538793 0.318692 0.306745 1 2.6e-05
0.130275 0.658443 0.110895 15 0.000499
0.135859 0.691816 0.098111 15 0.000499
0.12243 0.671783 0.142293 15 0.000499
0.12469 0.625071 0.123678 15 0.000499
0.138119 0.645104 0.079497 15 0.000499
0.644336 0.06986 0.033949 9 1.1e-05
0.054783 0.307623 0.821342 4 0.0
0.057205 0.298665 0.771223 4 0.0
0.047235 0.38958 0.806328 4 0.0
0.05236 0.316581 0.871461 4 0.0
0.062331 0.225667 0.836355 4 0.0
0.431969 0.081485 0.131204 7 0.0
0.346374 0.079901 0.143767 7 0.0
0.438042 0.079313 0.172304 7 0.0
0.517565 0.08307 0.118641 7 0.0
0.425897 0.083658 0.090104 7 0.0
0.742435 0.095752 0.921556 8 1.6e-05
0.824707 0.88931 0.265274 17 0.0
0.855728 0.888952 0.262522 17 0.0
0.83215 0.910042 0.346479 17 0.0
0.793685 0.889668 0.268026 17 0.0
0.817264 0.868577 0.184069 17 0.0
0.226263 0.035985 0.730752 6 0.0
0.23609 0.039655 0.646009 6 0.0
0.27431 0.033457 0.736214 6 0.0
0.216435 0.032316 0.815495 6 0.0
0.178216 0.038514 0.72529 6 0.0
0.336923 0.062185 0.151351 6 0.0
0.266278 0.064055 0.146185 6 0.0
0.333387 0.059286 0.198648 6 0.0
0.407568 0.060315 0.156518 6 0.0
0.340458 0.065085 0.104055 6 0.0
0.076482 0.90565 0.292763 14 0.0
0.323649 0.190449 0.339195 7 0.0
0.398449 0.188723 0.328171 7 0.0
0.336107 0.148663 0.430276 7 0.0
0.248848 0.192175 0.350218 7 0.0
0.31119 0.232235 0.248114 7 0.0
0.951083 0.582093 0.384519 11 0.0
0.941924 0.602129 0.275482 11 0.0
0.946665 0.688243 0.404396 11 0.0
0.960243 0.562057 0.493556 11 0.0
0.955502 0.475943 0.364643 11 0.0
0.110436 0.838953 0.739693 15 9.5e-05
0.10338 0.874293 0.735932 15 9.5e-05
0.101449 0.845169 0.814978 15 9.5e-05
0.117492 0.803612 0.743453 15 9.5e-05
0.119423 0.832736 0.664407 15 9.5e-05
0.563767 0.090667 0.674922 8 0.0
0.447351 0.082271 0.64436 8 0.0
0.540929 0.08856 0.762499 8 0.0
0.680184 0.099062 0.705484 8 0.0
0.586606 0.092774 0.587346 8 0.0
0.601769 0.129057 0.157732 9 0.0
0.546663 0.065265 0.219447 7 0.0
0.43803 0.064254 0.220352 7 0.0
0.547252 0.062205 0.286804 7 0.0
0.655296 0.066276 0.218542 7 0.0
0.546074 0.068325 0.15209 7 0.0
0.732678 0.069479 0.021902 9 9.2e-05
0.314113 0.062003 0.121902 6 3.2e-05
0.254184 0.0624 0.109223 6 3.2e-05
0.306632 0.060258 0.15721 6 3.2e-05
0.374043 0.061606 0.134581 6 3.2e-05
0.321595 0.063748 0.086594 6 3.2e-05
0.667854 0.067155 0.048471 9 5.2e-05
0.243948 0.164574 0.059695 2 3.2e-05
0.21752 0.17477 0.0629 2 3.2e-05
0.233494 0.139197 0.054223 2 3.2e-05
0.270377 0.154377 0.056489 2 3.2e-05
0.254403 0.189951 0.065166 2 3.2e-05
0.069372 0.252802 0.234036 4 0.0
0.064601 0.30568 0.247064 4 0.0
0.065795 0.235197 0.304185 4 0.0
0.074143 0.199924 0.221008 4 0.0
0.072948 0.270408 0.163887 4 0.0
0.161241 0.066975 0.053012 6 0.0
0.164903 0.065053 0.070598 6 0.0
0.144987 0.068376 0.056549 6 0.0
0.157579 0.068896 0.035425 6 0.0
0.177494 0.065573 0.049474 6 0.0
0.919087 0.10747 0.183019 10 0.079474
0.819426 0.083408 0.937483 6 4.8e-05
0.817902 0.091999 0.935971 6 4.8e-05
0.808317 0.082806 0.945258 6 4.8e-05
0.82095 0.074817 0.938996 6 4.8e-05
0.830535 0.08401 0.929709 6 4.8e-05
0.070566 0.974332 0.927441 14 0.999988
0.27686 0.136972 0.186369 9 1e-06
0.305084 0.132634 0.142526 9 1e-06
0.331236 0.138845 0.221189 9 1e-06
0.248635 0.141309 0.230212 9 1e-06
0.222483 0.135099 0.151549 9 1e-06
0.020328 0.704772 0.931189 15 0.0
0.019753 0.767103 0.927755 15 0.0
0.020238 0.705959 0.952748 15 0.0
0.020903 0.642442 0.934623 15 0.0
0.020418 0.703586 0.90963 15 0.0
0.3863 0.588552 0.214285 1 8.7e-05
0.383911 0.65606 0.229824 1 8.7e-05
0.277566 0.581324 0.228967 1 8.7e-05
0.388689 0.521043 0.198747 1 8.7e-05
0.495033 0.595779 0.199604 1 8.7e-05
0.370797 0.125392 0.696855 8 0.0
0.292643 0.132058 0.656371 8 0.0
0.331634 0.138168 0.774564 8 0.0
0.448951 0.118726 0.737338 8 0.0
0.40996 0.112616 0.619145 8 0.0
0.874966 0.13552 0.502739 6 0.000129
0.28383 0.15328 0.13273 9 3.7e-05
0.302922 0.159668 0.140126 9 3.7e-05
0.263487 0.169438 0.171282 9 3.7e-05
0.264738 0.146891 0.125333 9 3.7e-05
0.304173 0.137121 0.094178 9 3.7e-05
0.306588 0.388212 0.300497 1 0.00043
0.29387 0.430267 0.372293 1 0.00043
0.27027 0.322064 0.33281 1 0.00043
0.319305 0.346158 0.228701 1 0.00043
0.342905 0.454361 0.268183 1 0.00043
0.549543 0.13131 0.288196 7 0.0
0.452328 0.133556 0.286455 7 0.0
0.547518 0.114858 0.380028 7 0.0
0.646759 0.129064 0.289937 7 0.0
0.551568 0.147762 0.196364 7 0.0
0.74683 0.486241 0.305903 1 3.5e-05
0.71159 0.486705 0.384829 1 3.5e-05
0.799437 0.066665 0.033358 7 0.005515
0.768431 0.064128 0.037235 7 0.005515
0.800925 0.065507 0.044504 7 0.005515
0.830444 0.069202 0.029481 7 0.005515
0.797949 0.067823 0.022212 7 0.005515
0.457719 0.583642 0.167158 1 0.001093
0.462113 0.675943 0.151811 1 0.001093
0.482318 0.589427 0.208998 1 0.001093
0.453326 0.491341 0.182505 1 0.001093
0.43312 0.577856 0.125318 1 0.001093
0.701402 0.704557 0.437875 20 6.9e-05
0.736001 0.755582 0.468839 20 6.9e-05
0.666802 0.653531 0.40691 20 6.9e-05
0.749138 0.755423 0.300715 20 6.9e-05
0.621838 0.055803 0.239531 6 0.0
0.538213 0.056001 0.254816 6 0.0
0.634906 0.052757 0.31107 6 0.0
0.705463 0.055605 0.224246 6 0.0
0.608769 0.058849 0.167992 6 0.0
0.562192 0.061094 0.334798 7 0.0
0.663975 0.060876 0.377128 7 0.0
0.523723 0.055137 0.427264 7 0.0
0.460409 0.061312 0.292467 7 0.0
0.600661 0.067051 0.242331 7 0.0
0.192396 0.387531 0.208402 15 5.6e-05
0.193117 0.403097 0.163085 15 5.6e-05
0.164295 0.472759 0.237229 15 5.6e-05
0.191674 0.371965 0.253719 15 5.6e-05
0.696032 0.076205 0.668823 8 0.0
0.763199 0.081234 0.723417 8 0.0
0.647903 0.071153 0.7285 8 0.0
0.628864 0.071175 0.614228 8 0.0
0.74416 0.081257 0.609145 8 0.0
0.289038 0.864741 0.553096 20 0.0
0.218308 0.870007 0.546778 20 0.0
0.278601 0.879447 0.6822 20 0.0
0.359767 0.859475 0.559414 20 0.0
0.299474 0.850035 0.423992 20 0.0
0.949252 0.052951 0.871855 10 0.000395
0.885824 0.060358 0.835936 7 2e-06
0.908593 0.060933 0.838261 7 2e-06
0.881446 0.054117 0.880348 7 2e-06
0.863056 0.059783 0.83361 7 2e-06
0.890202 0.066599 0.791523 7 2e-06
0.113351 0.91858 0.838244 20 4e-06
0.091885 0.918235 0.830153 20 4e-06
0.096496 0.914335 0.883143 20 4e-06
0.134816 0.918925 0.846335 20 4e-06
0.130206 0.922825 0.793346 20 4e-06
0.657116 0.048112 0.446926 8 0.0
0.663844 0.05514 0.306904 9 0.0
0.650389 0.041084 0.586949 8 0.0
0.575463 0.046192 0.442907 8 0.0
0.772281 0.02801 0.861877 8 0.0
0.721843 0.025469 0.876396 8 0.0
0.784558 0.027046 0.904358 8 0.0
0.822718 0.030551 0.847358 8 0.0
0.760003 0.028973 0.819395 8 0.0
0.361708 0.098165 0.562541 8 0.0
0.438449 0.093797 0.518889 8 0.0
0.423007 0.078358 0.672288 8 0.0
0.284967 0.102534 0.606194 8 0.0
0.300408 0.117973 0.452795 8 0.0
0.92097 0.91331 0.808533 11 0.057238
0.917036 0.930366 0.80694 11 0.057238
0.928862 0.917987 0.839092 11 0.057238
0.924904 0.896255 0.810127 11 0.057238
0.913078 0.908634 0.777975 11 0.057238
0.463641 0.838484 0.34756 20 0.0
0.565745 0.838142 0.34896 20 0.0
0.462218 0.862451 0.45708 20 0.0
0.361536 0.838825 0.346159 20 0.0
0.465063 0.814516 0.238039 20 0.0
0.564955 0.23777 0.466939 7 7.1e-05
0.689332 0.255326 0.460568 7 7.1e-05
0.440578 0.220215 0.473309 7 7.1e-05
0.564314 0.192031 0.328383 7 7.1e-05
0.096114 0.580293 0.43502 15 0.0
0.086282 0.629433 0.536352 15 0.0
0.088743 0.479696 0.483088 15 0.0
0.105945 0.531153 0.333687 15 0.0
0.103484 0.68089 0.386951 15 0.0
0.625479 0.064931 0.660661 8 0.0
0.728181 0.070106 0.678003 8 0.0
0.608292 0.063155 0.762978 8 0.0
0.522778 0.059756 0.643319 8 0.0
0.642667 0.066707 0.558344 8 0.0
0.031593 0.111148 0.84078 15 0.0
0.03119 0.124032 0.841608 15 0.0
0.033848 0.109239 0.87157 15 0.0
0.031996 0.098265 0.839951 15 0.0
0.029339 0.113057 0.809989 15 0.0
0.62925 0.133559 0.189073 6 0.0
0.319405 0.720367 0.150362 2 3.3e-05
0.282606 0.791994 0.138441 2 3.3e-05
0.277894 0.70432 0.182084 2 3.3e-05
0.360916 0.736414 0.118641 2 3.3e-05
0.34316 0.031146 0.76556 6 0.0
0.261511 0.032168 0.769334 6 0.0
0.346459 0.027494 0.837916 6 0.0
0.424808 0.030124 0.761785 6 0.0
0.339861 0.034798 0.693204 6 0.0
0.066737 0.835216 0.082794 15 3.9e-05
0.067933 0.853767 0.08331 15 3.9e-05
0.063558 0.83463 0.111213 15 3.9e-05
0.065541 0.816665 0.082278 15 3.9e-05
0.069916 0.835802 0.054375 15 3.9e-05
0.138974 0.747083 0.398832 16 0.0
0.141512 0.804894 0.401388 16 0.0
0.136437 0.689272 0.396275 16 0.0
0.192173 0.121379 0.692252 8 0.0
0.155516 0.12264 0.681634 8 0.0
0.167629 0.130437 0.778062 8 0.0
0.228831 0.120117 0.702871 8 0.0
0.216718 0.112321 0.606442 8 0.0
0.697153 0.772846 0.471567 20 5e-05
0.32672 0.432204 0.202641 1 7.8e-05
0.305256 0.546739 0.240072 1 7.8e-05
0.406159 0.427922 0.261297 1 7.8e-05
0.348184 0.317669 0.16521 1 7.8e-05
0.247282 0.436486 0.143986 1 7.8e-05
0.078978 0.619246 0.245198 15 0.0
0.075019 0.680062 0.286284 15 0.0
0.070586 0.574631 0.310429 15 0.0
0.082938 0.558431 0.204112 15 0.0
0.08737 0.663862 0.179967 15 0.0
0.976018 0.653946 0.987773 19 0.0
0.363547 0.131992 0.293481 7 0.0
0.445063 0.13158 0.286744 7 0.0
0.37109 0.112713 0.385934 7 0.0
0.28203 0.132403 0.300218 7 0.0
0.356004 0.151271 0.201028 7 0.0
0.775012 0.023458 0.957988 8 0.0
0.045256 0.144588 0.600338 15 0.0
0.702095 0.158711 0.50303 7 0.0
0.628537 0.141914 0.496158 7 0.0
0.693101 0.139483 0.646292 7 0.0
0.775652 0.175507 0.509902 7 0.0
0.711088 0.177938 0.359768 7 0.0
0.095236 0.810574 0.892953 15 0.005644
0.088685 0.853957 0.903054 15 0.005644
0.076007 0.801013 0.921546 15 0.005644
0.101787 0.767192 0.882852 15 0.005644
0.114464 0.820135 0.86436 15 0.005644
0.939678 0.063334 0.696873 10 0.0
0.50602 0.428705 0.291715 1 8.1e-05
0.573312 0.502873 0.258313 1 8.1e-05
0.597769 0.374761 0.356769 1 8.1e-05
0.438729 0.354537 0.325117 1 8.1e-05
0.414272 0.48265 0.22666 1 8.1e-05
0.505482 0.496455 0.510739 1 0.000181
0.526261 0.548174 0.38502 1 0.000181
0.484703 0.444736 0.636458 1 0.000181
0.529477 0.365769 0.460943 1 0.000181
0.092883 0.348557 0.236398 15 0.0
0.085717 0.362427 0.308719 15 0.0
0.097737 0.260925 0.253685 15 0.0
0.100048 0.334688 0.164077 15 0.0
0.088029 0.43619 0.219111 15 0.0
0.262926 0.252784 0.330688 1 0.000206
0.227844 0.286714 0.273425 1 0.000206
0.263992 0.305324 0.361167 1 0.000206
0.298008 0.218854 0.387951 1 0.000206
0.26186 0.200244 0.30021 1 0.000206
0.603514 0.145045 0.190908 7 0.0
0.618756 0.138511 0.239227 7 0.0
0.693856 0.15578 0.163861 7 0.0
0.588271 0.151579 0.142588 7 0.0
0.513171 0.13431 0.217955 7 0.0
0.653654 0.141757 0.361022 7 0.0
0.728728 0.153556 0.321059 7 0.0
0.703591 0.149474 0.457112 7 0.0
0.578579 0.129959 0.400985 7 0.0
0.603717 0.134041 0.264932 7 0.0
0.468158 0.272045 0.473842 1 0.000122
0.43315 0.319542 0.529688 1 0.000122
0.51988 0.239304 0.53411 1 0.000122
0.503166 0.224548 0.417995 1 0.000122
0.416436 0.304786 0.413574 1 0.000122
0.043902 0.659469 0.671003 15 0.0
0.041406 0.689104 0.773284 15 0.0
0.040896 0.580187 0.6939 15 0.0
0.046398 0.629835 0.568722 15 0.0
0.046908 0.738752 0.648105 15 0.0
0.492091 0.06496 0.073655 6 0.0
0.786023 0.136534 0.786853 8 1.9e-05
0.758343 0.168287 0.79948 8 1.9e-05
0.811421 0.133173 0.85098 8 1.9e-05
0.813703 0.104782 0.774226 8 1.9e-05
0.760626 0.139896 0.722726 8 1.9e-05
0.393042 0.831674 0.544643 20 0.0
0.301277 0.842478 0.560956 20 0.0
0.415708 0.837671 0.66818 20 0.0
0.484807 0.820871 0.528331 20 0.0
0.370376 0.825677 0.421106 20 0.0
0.418288 0.152145 0.433629 8 0.0
0.519671 0.145642 0.409837 8 0.0
0.443729 0.139764 0.545425 8 0.0
0.316904 0.158647 0.45742 8 0.0
0.392846 0.164525 0.321832 8 0.0
0.697887 0.966881 0.752707 20 0.0
0.656667 0.965207 0.689781 20 0.0
0.638771 0.969352 0.791366 20 0.0
0.739107 0.968554 0.815634 20 0.0
0.757003 0.96441 0.714049 20 0.0
0.937188 0.67554 0.078558 19 0.0
0.934032 0.674201 0.053966 19 0.0
0.935783 0.739745 0.075242 19 0.0
0.940345 0.676879 0.103149 19 0.0
0.938594 0.611336 0.081873 19 0.0
0.330597 0.065679 0.114351 7 0.0
0.400468 0.06361 0.108874 7 0.0
0.333288 0.063871 0.149355 7 0.0
0.260727 0.067748 0.119828 7 0.0
0.327907 0.067487 0.079347 7 0.0
0.703552 0.177674 0.297621 9 2.4e-05
0.633702 0.190451 0.319042 9 2.4e-05
0.773402 0.164897 0.2762 9 2.4e-05
0.672558 0.159517 0.207385 9 2.4e-05
0.634524 0.886137 0.146891 20 0.0
0.640515 0.884429 0.103363 20 0.0
0.698988 0.883438 0.155869 20 0.0
0.628533 0.887844 0.190418 20 0.0
0.57006 0.888835 0.137912 20 0.0
0.617366 0.911057 0.822127 20 0.0
0.721139 0.902971 0.83847 20 0.0
0.610042 0.914285 0.870234 20 0.0
0.513594 0.919142 0.805785 20 0.0
0.624691 0.907829 0.774021 20 0.0
0.861632 0.75981 0.674572 11 3e-05
0.865304 0.82143 0.672924 11 3e-05
0.84976 0.76322 0.775637 11 3e-05
0.857959 0.698191 0.676219 11 3e-05
0.399772 0.038847 0.649353 8 0.0
0.467075 0.037921 0.612126 8 0.0
0.443048 0.035229 0.727682 8 0.0
0.332468 0.039772 0.686581 8 0.0
0.356496 0.042465 0.571025 8 0.0
0.547385 0.874479 0.778633 20 0.0
0.538535 0.879241 0.837986 20 0.0
0.6669 0.873539 0.796528 20 0.0
0.556234 0.869717 0.71928 20 0.0
0.427869 0.87542 0.760738 20 0.0
0.828626 0.813971 0.396404 20 7.1e-05
0.572169 0.051705 0.321574 6 0.0
0.653368 0.054804 0.266458 6 0.0
0.62728 0.04618 0.402455 6 0.0
0.49097 0.048606 0.376689 6 0.0
0.517059 0.05723 0.240693 6 0.0
0.279378 0.893356 0.11286 20 3.7e-05
0.290655 0.893719 0.140714 20 3.7e-05
0.259077 0.893361 0.121078 20 3.7e-05
0.268101 0.892993 0.085006 20 3.7e-05
0.299679 0.893351 0.104641 20 3.7e-05
0.805577 0.926595 0.684542 17 0.0
0.759887 0.92869 0.68222 17 0.0
0.801325 0.937258 0.777821 17 0.0
0.851266 0.9245 0.686864 17 0.0
0.809829 0.915932 0.591264 17 0.0
0.529411 0.951629 0.54322 21 0.0
0.618377 0.958028 0.599245 21 0.0
0.494964 0.953507 0.597706 21 0.0
0.440445 0.94523 0.487195 21 0.0
0.563858 0.949751 0.488734 21 0.0
0.129781 0.97079 0.933529 23 0.0
0.10933 0.970463 0.943408 23 0.0
0.138347 0.971263 0.951276 23 0.0
0.150232 0.971116 0.923649 23 0.0
0.121215 0.970317 0.915781 23 0.0
0.78696 0.10881 0.253771 9 0.0
0.772293 0.122421 0.331411 9 0.0
0.818374 0.106888 0.260043 9 0.0
0.801627 0.0952 0.176132 9 0.0
0.755546 0.110733 0.2475 9 0.0
0.37718 0.488031 0.344762 1 0.000301
0.372761 0.523765 0.451665 1 0.000301
0.463405 0.353273 0.393371 1 0.000301
0.381599 0.452296 0.237858 1 0.000301
0.290955 0.622789 0.296152 1 0.000301
0.04507 0.563786 0.525962 15 0.0
0.04163 0.643952 0.590427 15 0.0
0.040497 0.493416 0.613227 15 0.0
0.04851 0.48362 0.461496 15 0.0
0.049643 0.634156 0.438696 15 0.0
0.951442 0.678056 0.550217 11 0.0
0.94255 0.760443 0.540723 11 0.0
0.957191 0.694896 0.690984 11 0.0
0.960334 0.595668 0.55971 11 0.0
0.945693 0.661215 0.409449 11 0.0
0.782106 0.912021 0.12413 17 0.0
0.795121 0.911484 0.087656 17 0.0
0.817924 0.913709 0.136886 17 0.0
0.76909 0.912559 0.160603 17 0.0
0.746287 0.910334 0.111373 17 0.0
0.516626 0.098438 0.476687 7 0.0
0.611996 0.104528 0.413355 7 0.0
0.577391 0.096718 0.568025 7 0.0
0.421256 0.092348 0.540018 7 0.0
0.455861 0.100158 0.385348 7 0.0
0.707537 0.880377 0.811795 17 2e-06
0.737208 0.889624 0.783099 17 2e-06
0.756404 0.876551 0.861088 17 2e-06
0.677867 0.871129 0.840491 17 2e-06
0.658671 0.884202 0.762502 17 2e-06
0.355511 0.104247 0.217076 7 0.0
0.388264 0.099208 0.251502 7 0.0
0.29825 0.103275 0.271411 7 0.0
0.322759 0.109286 0.182649 7 0.0
0.412773 0.10522 0.16274 7 0.0
0.1211 0.93058 0.23525 14 1e-06
0.028309 0.542219 0.798411 15 0.0
0.025318 0.549819 0.858402 15 0.0
0.028739 0.432758 0.812301 15 0.0
0.0313 0.534618 0.738421 15 0.0
0.027879 0.65168 0.784521 15 0.0
0.325302 0.059644 0.221351 6 0.0
0.392068 0.059048 0.205858 6 0.0
0.34082 0.055269 0.288392 6 0.0
0.258537 0.060241 0.236843 6 0.0
0.309785 0.064019 0.154309 6 0.0
0.211871 0.159059 0.136467 9 7.1e-05
0.226969 0.165816 0.12392 9 7.1e-05
0.233973 0.180408 0.17456 9 7.1e-05
0.196773 0.152302 0.149014 9 7.1e-05
0.189769 0.13771 0.098375 9 7.1e-05
0.261322 0.201899 0.313423 9 5e-05
0.527862 0.189505 0.641602 8 1e-06
0.433144 0.207138 0.715018 8 1e-06
0.570316 0.182931 0.697953 8 1e-06
0.62258 0.171872 0.568187 8 1e-06
0.485409 0.196079 0.585252 8 1e-06
0.327769 0.150178 0.355388 7 0.0
0.32789 0.168567 0.245125 7 0.0
0.406112 0.141736 0.354066 7 0.0
0.327648 0.131789 0.465651 7 0.0
0.249427 0.15862 0.35671 7 0.0
0.5043 0.11718 0.222497 7 0.0
0.506377 0.112724 0.292238 7 0.0
0.601692 0.123052 0.219972 7 0.0
0.502224 0.121636 0.152757 7 0.0
0.406909 0.111308 0.225022 7 0.0
0.348915 0.417743 0.53985 1 0.001261
0.383097 0.288299 0.55895 1 0.001261
0.426311 0.4181 0.403756 1 0.001261
0.314734 0.547188 0.52075 1 0.001261
0.076047 0.912824 0.386185 14 0.0
0.797211 0.055842 0.2135 6 0.0
0.767475 0.055117 0.21054 6 0.0
0.790579 0.050557 0.281433 6 0.0
0.826948 0.056566 0.216459 6 0.0
0.803843 0.061126 0.145566 6 0.0
0.465092 0.936264 0.1564 21 0.0
0.577391 0.937703 0.169041 21 0.0
0.459878 0.938144 0.202514 21 0.0
0.352794 0.934826 0.14376 21 0.0
0.470307 0.934384 0.110286 21 0.0
0.463343 0.022562 0.981755 6 0.0
0.846811 0.93566 0.907163 17 3e-06
0.869448 0.945313 0.928456 17 3e-06
0.825628 0.944591 0.925634 17 3e-06
0.824174 0.926007 0.88587 17 3e-06
0.867994 0.926729 0.888692 17 3e-06
0.609872 0.062126 0.162606 6 0.0
0.696842 0.062334 0.150495 6 0.0
0.616776 0.058847 0.212129 6 0.0
0.522901 0.061917 0.174717 6 0.0
0.602968 0.065405 0.113083 6 0.0
0.971379 0.903284 0.87613 11 0.0
0.968922 0.915539 0.875266 11 0.0
0.972236 0.906238 0.915611 11 0.0
0.973836 0.89103 0.876993 11 0.0
0.970522 0.900331 0.836649 11 0.0
0.444313 0.796291 0.084366 2 4e-06
0.358306 0.793814 0.101565 2 4e-06
0.446202 0.753631 0.087664 2 4e-06
0.530321 0.798769 0.067167 2 4e-06
0.442425 0.838952 0.081068 2 4e-06
0.708985 0.067547 0.040191 9 0.002235
0.869212 0.024579 0.937945 8 0.0
0.857785 0.024808 0.919777 8 0.0
0.850735 0.02365 0.949554 8 0.0
0.880638 0.02435 0.956113 8 0.0
0.887688 0.025509 0.926336 8 0.0
0.766156 0.261678 0.495461 11 1.7e-05
0.481446 0.023188 0.966306 8 0.0
0.579588 0.823872 0.414147 20 0.0
0.476729 0.827629 0.446459 20 0.0
0.61417 0.82434 0.524178 20 0.0
0.682448 0.820115 0.381835 20 0.0
0.545006 0.823405 0.304116 20 0.0
0.495281 0.067939 0.028457 9 0.0
0.059649 0.827353 0.167261 15 2.9e-05
0.06066 0.847696 0.166648 15 2.9e-05
0.055338 0.829179 0.220746 15 2.9e-05
0.058637 0.80701 0.167874 15 2.9e-05
0.06396 0.825526 0.113776 15 2.9e-05
0.552985 0.093459 0.642584 8 0.0
0.641818 0.092953 0.588268 8 0.0
0.61018 0.091417 0.736143 8 0.0
0.464153 0.093965 0.6969 8 0.0
0.495791 0.0955 0.549025 8 0.0
0.330954 0.036647 0.667107 6 0.0
0.403445 0.036437 0.645654 6 0.0
0.359833 0.032196 0.764734 6 0.0
0.258463 0.036858 0.68856 6 0.0
0.302075 0.041099 0.56948 6 0.0
0.737319 0.023818 0.928663 8 0.0
0.674467 0.022871 0.923553 8 0.0
0.735481 0.022674 0.951487 8 0.0
0.800171 0.024765 0.933774 8 0.0
0.739158 0.024962 0.90584 8 0.0
0.774567 0.029189 0.760092 7 0.0
0.727437 0.028523 0.76665 7 0.0
0.785172 0.028157 0.836205 7 0.0
0.821696 0.029854 0.753535 7 0.0
0.763961 0.030221 0.68398 7 0.0
0.355323 0.866063 0.231433 20 0.0
0.441307 0.86707 0.222813 20 0.0
0.362421 0.869462 0.302638 20 0.0
0.269339 0.865057 0.240053 20 0.0
0.348225 0.862664 0.160228 20 0.0
0.931784 0.824953 0.880717 11 0.0
0.924885 0.864985 0.862078 11 0.0
0.933014 0.839089 0.91062 11 0.0
0.938682 0.784922 0.899356 11 0.0
0.930553 0.810818 0.850814 11 0.0
0.062563 0.183036 0.238724 15 0.0
0.609802 0.880038 0.094025 20 6e-06
0.601291 0.883188 0.115397 20 6e-06
0.65342 0.888115 0.110203 20 6e-06
0.618313 0.876889 0.072652 20 6e-06
0.566184 0.871962 0.077846 20 6e-06
0.06738 0.49835 0.066582 16 5.9e-05
0.865971 0.348956 0.38727 11 0.0
0.869339 0.418145 0.3482 11 0.0
0.89727 0.406445 0.491777 11 0.0
0.862604 0.279766 0.42634 11 0.0
0.834672 0.291466 0.282762 11 0.0
0.850165 0.115049 0.891341 8 0.097183
0.829844 0.135777 0.867902 8 0.097183
0.83649 0.125058 0.912048 8 0.097183
0.870486 0.094321 0.91478 8 0.097183
0.86384 0.10504 0.870633 8 0.097183
0.082651 0.49912 0.596842 15 0.0
0.084388 0.529817 0.715948 15 0.0
0.083125 0.400148 0.622343 15 0.0
0.080913 0.468423 0.477736 15 0.0
0.082176 0.598092 0.571341 15 0.0
0.057338 0.331954 0.611774 15 0.0
0.056685 0.30001 0.727046 15 0.0
0.061605 0.250177 0.589136 15 0.0
0.05799 0.363898 0.496503 15 0.0
0.053071 0.413732 0.634412 15 0.0
0.791963 0.899082 0.173795 17 0.0
0.828937 0.896674 0.159661 17 0.0
0.812669 0.906865 0.226634 17 0.0
0.754989 0.90149 0.187929 17 0.0
0.771257 0.8913 0.120956 17 0.0
0.028063 0.10946 0.893517 15 0.0
0.027953 0.121344 0.894502 15 0.0
0.031762 0.108116 0.910141 15 0.0
0.028172 0.097575 0.892532 15 0.0
0.024364 0.110804 0.876893 15 0.0
0.319951 0.964547 0.790369 23 0.0
0.242674 0.963636 0.771997 23 0.0
0.305991 0.965962 0.849021 23 0.0
0.397229 0.965457 0.80874 23 0.0
0.333912 0.963131 0.731717 23 0.0
0.083662 0.628186 0.204407 15 0.0
0.087844 0.693966 0.186847 15 0.0
0.078372 0.64496 0.265983 15 0.0
0.079481 0.562406 0.221966 15 0.0
0.088953 0.611412 0.142831 15 0.0
0.781832 0.097615 0.611597 7 0.0
0.837515 0.101704 0.606791 7 0.0
0.790285 0.104843 0.715695 7 0.0
0.726149 0.093527 0.616402 7 0.0
0.773379 0.090388 0.507498 7 0.0
0.93884 0.061362 0.724752 10 0.00116
0.573183 0.130128 0.785171 8 9e-06
0.543595 0.153612 0.740833 8 9e-06
0.511539 0.133677 0.828189 8 9e-06
0.602772 0.106643 0.82951 8 9e-06
0.634828 0.126578 0.742154 8 9e-06
0.956652 0.049915 0.990381 10 0.044217
0.816439 0.046929 0.369267 7 0.0
0.315167 0.514277 0.197034 1 9.5e-05
0.383996 0.507708 0.228851 1 9.5e-05
0.297687 0.401009 0.211463 1 9.5e-05
0.246339 0.520846 0.165217 1 9.5e-05
0.332647 0.627544 0.182605 1 9.5e-05
0.934804 0.626589 0.059417 11 0.0
0.501725 0.04778 0.439996 6 0.0
0.581045 0.049909 0.394116 6 0.0
0.559367 0.042186 0.539392 6 0.0
0.422405 0.045651 0.485876 6 0.0
0.444083 0.053374 0.3406 6 0.0
0.150508 0.257623 0.499076 15 0.000123
0.424504 0.893604 0.141976 20 0.0
0.326247 0.89903 0.14215 20 0.0
0.42468 0.895386 0.185871 20 0.0
0.522761 0.888177 0.141803 20 0.0
0.424328 0.891821 0.098082 20 0.0
0.322096 0.886902 0.012767 2 1e-06
0.754298 0.112026 0.804422 8 0.0
0.816044 0.130013 0.753013 8 0.0
0.779361 0.109367 0.833594 8 0.0
0.692553 0.094039 0.85583 8 0.0
0.729235 0.114686 0.775249 8 0.0
0.038379 0.703783 0.613468 15 0.0
0.031298 0.735039 0.724201 15 0.0
0.03719 0.646957 0.629432 15 0.0
0.045461 0.672527 0.502736 15 0.0
0.039569 0.760609 0.597505 15 0.0
0.266302 0.182016 0.394009 7 1.4e-05
0.325225 0.192791 0.41157 7 1.4e-05
0.237273 0.14934 0.511461 7 1.4e-05
0.207379 0.171241 0.376448 7 1.4e-05
0.295332 0.214692 0.276557 7 1.4e-05
0.679944 0.031897 0.711307 8 0.0
0.740481 0.033755 0.678484 8 0.0
0.725694 0.029565 0.795557 8 0.0
0.619406 0.030039 0.744129 8 0.0
0.634193 0.03423 0.627057 8 0.0
0.083872 0.057524 0.936272 15 0.000131
0.069988 0.058946 0.939504 15 0.000131
0.087735 0.056417 0.953359 15 0.000131
0.097755 0.056103 0.933041 15 0.000131
0.080008 0.058632 0.919186 15 0.000131
0.713917 0.171176 0.157845 9 0.92933
0.720118 0.162065 0.203658 9 0.92933
0.66229 0.16922 0.164444 9 0.92933
0.707716 0.180287 0.112032 9 0.92933
0.765544 0.173132 0.151245 9 0.92933
0.105954 0.769895 0.1535 15 0.0
0.113662 0.813328 0.109196 15 0.0
0.105439 0.788837 0.17198 15 0.0
0.098246 0.726462 0.197803 15 0.0
0.106469 0.750953 0.135019 15 0.0
0.800517 0.137937 0.673426 7 1e-05
0.84149 0.149298 0.704756 7 1e-05
0.765285 0.118089 0.726698 7 1e-05
0.759544 0.126576 0.642096 7 1e-05
0.835748 0.157785 0.620154 7 1e-05
0.134804 0.640655 0.767268 15 0.0
0.155132 0.731937 0.751745 15 0.0
0.135001 0.652732 0.838541 15 0.0
0.114475 0.549374 0.782792 15 0.0
0.134607 0.628578 0.695996 15 0.0
0.977721 0.293456 0.821301 11 0.0
0.980022 0.360151 0.812104 11 0.0
0.976987 0.300944 0.875419 11 0.0
0.97542 0.226762 0.830498 11 0.0
0.978455 0.285968 0.767184 11 0.0
0.663112 0.056639 0.247103 6 0.0
0.591002 0.057112 0.233017 6 0.0
0.648146 0.050563 0.323517 6 0.0
0.735223 0.056167 0.261189 6 0.0
0.678078 0.062716 0.170689 6 0.0
0.148607 0.491674 0.486217 15 0.0
0.153115 0.602647 0.461332 15 0.0
0.133236 0.518172 0.601601 15 0.0
0.144099 0.380701 0.511102 15 0.0
0.163978 0.465176 0.370834 15 0.0
0.370283 0.934549 0.156617 21 0.0
0.454067 0.935174 0.16118 21 0.0
0.367699 0.93636 0.203811 21 0.0
0.2865 0.933925 0.152054 21 0.0
0.372867 0.932738 0.109423 21 0.0
0.830494 0.669955 0.480651 11 0.0
0.856637 0.510234 0.452476 11 0.0
0.871338 0.509903 0.288855 11 0.0
0.845194 0.669624 0.317031 11 0.0
0.884388 0.625694 0.179504 11 0.0
0.877024 0.637179 0.128565 11 0.0
0.884909 0.717964 0.200232 11 0.0
0.891752 0.614209 0.230443 11 0.0
0.883867 0.533424 0.158776 11 0.0
0.499946 0.029074 0.861561 8 0.0
0.968281 0.395941 0.576952 11 0.0
0.970313 0.483242 0.55805 11 0.0
0.971928 0.423237 0.703417 11 0.0
0.966249 0.308641 0.595853 11 0.0
0.964634 0.368646 0.450486 11 0.0
0.706327 0.685058 0.146937 1 5e-06
0.749281 0.746729 0.146346 1 5e-06
0.759037 0.648627 0.176258 1 5e-06
0.663373 0.623386 0.147528 1 5e-06
0.653617 0.721489 0.117615 1 5e-06
0.428206 0.06005 0.211708 6 0.0
0.509101 0.057194 0.21573 6 0.0
0.425417 0.058533 0.266719 6 0.0
0.347312 0.062906 0.207685 6 0.0
0.430995 0.061567 0.156696 6 0.0
0.556947 0.2175 0.557442 8 1.5e-05
0.655207 0.223834 0.605981 8 1.5e-05
0.496082 0.24393 0.677206 8 1.5e-05
0.458686 0.211166 0.508904 8 1.5e-05
0.808218 0.238102 0.376106 11 2.7e-05
0.7828 0.288249 0.377305 11 2.7e-05
0.795278 0.228958 0.484148 11 2.7e-05
0.833636 0.187955 0.374906 11 2.7e-05
0.821158 0.247245 0.268063 11 2.7e-05
0.558859 0.181817 0.31427 7 0.0
0.657445 0.197899 0.269078 7 0.0
0.596881 0.175478 0.394958 7 0.0
0.460273 0.165734 0.359463 7 0.0
0.520837 0.188156 0.233583 7 0.0
0.043251 0.764498 0.471252 15 0.0
0.044206 0.808379 0.471486 15 0.0
0.036205 0.763938 0.605076 15 0.0
0.042296 0.720617 0.471018 15 0.0
0.050297 0.765058 0.337429 15 0.0
0.838013 0.664598 0.301086 11 0.0
0.854573 0.736587 0.321227 11 0.0
0.821453 0.59261 0.280946 11 0.0
0.222935 0.091589 0.293205 7 0.0
0.266002 0.089618 0.289537 7 0.0
0.229675 0.079087 0.379051 7 0.0
0.179869 0.09356 0.296874 7 0.0
0.216196 0.104091 0.20736 7 0.0
0.911352 0.976401 0.947065 22 0.0
0.918452 0.976068 0.945281 22 0.0
0.915749 0.977276 0.964397 22 0.0
0.904252 0.976734 0.94885 22 0.0
0.906955 0.975527 0.929734 22 0.0
0.099986 0.80352 0.094787 15 2.1e-05
0.099313 0.818585 0.106868 15 2.1e-05
0.107468 0.780007 0.124525 15 2.1e-05
0.100659 0.788455 0.082706 15 2.1e-05
0.092504 0.827033 0.065049 15 2.1e-05
0.569077 0.945509 0.437105 21 0.0
0.615236 0.942505 0.374028 21 0.0
0.66417 0.950507 0.506455 21 0.0
0.522918 0.948513 0.500182 21 0.0
0.473984 0.940511 0.367755 21 0.0
0.112513 0.819504 0.805418 14 0.000258
0.107406 0.845164 0.863097 14 0.000258
0.129244 0.78989 0.820074 14 0.000258
0.11762 0.793844 0.747739 14 0.000258
0.095782 0.849118 0.790762 14 0.000258
0.088533 0.716466 0.418836 15 0.0
0.094239 0.789126 0.409396 15 0.0
0.083417 0.732126 0.536285 15 0.0
0.082827 0.643806 0.428275 15 0.0
0.09365 0.700806 0.301386 15 0.0
0.468976 0.409615 0.257811 1 0.000449
0.481392 0.432272 0.172346 1 0.000449
0.459521 0.501728 0.280858 1 0.000449
0.456561 0.386957 0.343277 1 0.000449
0.478432 0.317501 0.234765 1 0.000449
0.10704 0.779062 0.112984 15 0.015794
0.104064 0.813811 0.119172 15 0.015794
0.106591 0.773083 0.146341 15 0.015794
0.110017 0.744313 0.106797 15 0.015794
0.10749 0.78504 0.079628 15 0.015794
0.463506 0.864799 0.16549 20 0.0
0.371614 0.866877 0.19217 20 0.0
0.474918 0.869747 0.204413 20 0.0
0.555397 0.86272 0.13881 20 0.0
0.452093 0.85985 0.126568 20 0.0
0.505535 0.785785 0.45031 20 1e-06
0.345219 0.780023 0.507958 20 1e-06
0.486753 0.748595 0.285018 20 1e-06
0.822977 0.83381 0.003513 1 0.0
0.854545 0.846489 0.003705 1 0.0
0.834387 0.805394 0.003823 1 0.0
0.791408 0.821131 0.003321 1 0.0
0.811566 0.862226 0.003202 1 0.0
0.777859 0.102832 0.188559 7 0.0
0.755319 0.102314 0.203257 7 0.0
0.813847 0.102958 0.24375 7 0.0
0.800398 0.10335 0.17386 7 0.0
0.74187 0.102706 0.133367 7 0.0
0.057295 0.585035 0.242664 16 0.0
0.057576 0.67979 0.237919 16 0.0
0.052605 0.588859 0.318774 16 0.0
0.057014 0.490279 0.247408 16 0.0
0.061985 0.58121 0.166553 16 0.0
0.040445 0.737207 0.539387 15 0.0
0.033914 0.748476 0.681294 15 0.0
0.039785 0.683012 0.543661 15 0.0
0.046975 0.725937 0.397481 15 0.0
0.041105 0.791401 0.535114 15 0.0
0.815994 0.185187 0.50269 6 3.1e-05
0.657994 0.119837 0.605501 8 0.0
0.743732 0.132952 0.622414 8 0.0
0.638983 0.119628 0.70204 8 0.0
0.572256 0.106721 0.588589 8 0.0
0.474332 0.69322 0.146414 1 2e-06
0.595125 0.726941 0.169243 1 2e-06
0.484978 0.651679 0.151446 1 2e-06
0.353539 0.659499 0.123585 1 2e-06
0.463687 0.734761 0.141383 1 2e-06
0.341116 0.140164 0.06747 9 0.000281
0.350111 0.150173 0.062824 9 0.000281
0.319989 0.165956 0.082129 9 0.000281
0.33212 0.130155 0.072117 9 0.000281
0.362243 0.114371 0.052812 9 0.000281
0.673902 0.025875 0.880641 8 0.0
0.594082 0.02627 0.867761 8 0.0
0.668121 0.024482 0.916423 8 0.0
0.753721 0.025479 0.893521 8 0.0
0.679683 0.027267 0.844859 8 0.0
0.403361 0.492606 0.388849 1 0.000423
0.423801 0.528974 0.488641 1 0.000423
0.374554 0.366189 0.440822 1 0.000423
0.38292 0.456238 0.289058 1 0.000423
0.46202 0.082398 0.126605 9 0.0
0.386151 0.084392 0.121659 9 0.0
0.459434 0.079349 0.165043 9 0.0
0.537889 0.080403 0.131552 9 0.0
0.464606 0.085447 0.088168 9 0.0
0.978625 0.229572 0.878851 11 0.0
0.978748 0.240274 0.913349 11 0.0
0.977498 0.18302 0.893297 11 0.0
0.978502 0.21887 0.844353 11 0.0
0.979752 0.276123 0.864406 11 0.0
0.061256 0.201406 0.277709 15 0.0
0.060722 0.228581 0.273314 15 0.0
0.057641 0.21532 0.364189 15 0.0
0.061791 0.174231 0.282104 15 0.0
0.064871 0.187491 0.191228 15 0.0
0.434178 0.064054 0.82144 8 0.0
0.549861 0.06086 0.82902 8 0.0
0.430772 0.063457 0.873158 8 0.0
0.318494 0.067247 0.813859 8 0.0
0.437583 0.06465 0.769721 8 0.0
0.864611 0.345231 0.239038 11 0.0
0.881873 0.428648 0.245175 11 0.0
0.86759 0.34216 0.272393 11 0.0
0.847348 0.261813 0.232901 11 0.0
0.861632 0.348301 0.205683 11 0.0
0.876409 0.678693 0.996447 12 0.0
0.884306 0.771787 0.996018 12 0.0
0.907917 0.676021 0.9966 12 0.0
0.868511 0.585599 0.996876 12 0.0
0.8449 0.681365 0.996293 12 0.0
0.328381 0.8501 0.294555 20 0.0
0.372132 0.851231 0.22702 20 0.0
0.389945 0.843094 0.334321 20 0.0
0.28463 0.848968 0.362091 20 0.0
0.266817 0.857105 0.25479 20 0.0
0.672816 0.064745 0.088062 9 0.0
0.606047 0.064631 0.093585 9 0.0
0.675187 0.062869 0.116686 9 0.0
0.739585 0.064859 0.082539 9 0.0
0.670445 0.066621 0.059438 9 0.0
0.161993 0.678978 0.164699 15 8e-05
0.175181 0.685635 0.214283 15 8e-05
0.169112 0.610438 0.172007 15 8e-05
0.148805 0.672322 0.115114 15 8e-05
0.154874 0.747519 0.15739 15 8e-05
0.086191 0.736596 0.292406 15 0.0
0.092209 0.800529 0.286873 15 0.0
0.078661 0.744841 0.379478 15 0.0
0.080173 0.672663 0.29794 15 0.0
0.093721 0.728351 0.205335 15 0.0
0.299213 0.875617 0.218551 20 0.0
0.309373 0.870974 0.158467 20 0.0
0.356567 0.878712 0.22801 20 0.0
0.289052 0.88026 0.278634 20 0.0
0.241858 0.872522 0.209091 20 0.0
0.242769 0.144511 0.748681 6 0.000121
0.262261 0.499639 0.282993 1 0.000166
0.266179 0.637619 0.345317 1 0.000166
0.318038 0.468618 0.348165 1 0.000166
0.258342 0.36166 0.22067 1 0.000166
0.206483 0.530661 0.217821 1 0.000166
0.826843 0.058311 0.822171 7 0.0
0.809165 0.066209 0.769297 7 0.0
0.796401 0.058138 0.832324 7 0.0
0.844522 0.050414 0.875046 7 0.0
0.857286 0.058485 0.812018 7 0.0
0.183445 0.140128 0.200396 6 0.000887
0.18789 0.162157 0.200497 6 0.000887
0.178705 0.140976 0.224035 6 0.000887
0.178999 0.118099 0.200294 6 0.000887
0.188184 0.139281 0.176756 6 0.000887
0.850098 0.470035 0.25162 11 0.0
0.866061 0.584171 0.266426 11 0.0
0.855652 0.460614 0.318258 11 0.0
0.834135 0.355899 0.236813 11 0.0
0.844544 0.479456 0.184981 11 0.0
0.079682 0.846447 0.912178 15 8.6e-05
0.07844 0.878146 0.903224 15 8.6e-05
0.063343 0.852942 0.937439 15 8.6e-05
0.080924 0.814748 0.921131 15 8.6e-05
0.096021 0.839952 0.886916 15 8.6e-05
0.347996 0.382864 0.365487 1 0.000937
0.391523 0.437639 0.328411 1 0.000937
0.344348 0.435552 0.439044 1 0.000937
0.30447 0.32809 0.402563 1 0.000937
0.351644 0.330176 0.29193 1 0.000937
0.25914 0.040796 0.64773 6 0.0
0.201138 0.043161 0.647551 6 0.0
0.258588 0.035557 0.757252 6 0.0
0.317142 0.038431 0.64791 6 0.0
0.259692 0.046035 0.538209 6 0.0
0.429671 0.358856 0.255055 1 0.000223
0.425157 0.423046 0.278475 1 0.000223
0.305593 0.326817 0.318955 1 0.000223
0.434184 0.294665 0.231634 1 0.000223
0.553749 0.390894 0.191154 1 0.000223
0.744979 0.035668 0.685736 7 0.0
0.802973 0.037465 0.679432 7 0.0
0.75577 0.031229 0.783762 7 0.0
0.686985 0.033872 0.692039 7 0.0
0.734187 0.040108 0.587709 7 0.0
0.503409 0.195772 0.661519 8 1.1e-05
0.370189 0.209505 0.67125 8 1.1e-05
0.508134 0.178599 0.750438 8 1.1e-05
0.636629 0.18204 0.651789 8 1.1e-05
0.498684 0.212945 0.572601 8 1.1e-05
0.089857 0.468575 0.465051 15 0.0
0.07984 0.505118 0.593134 15 0.0
0.086377 0.360916 0.495494 15 0.0
0.099874 0.432033 0.336967 15 0.0
0.093336 0.576234 0.434608 15 0.0
0.915949 0.087115 0.21467 10 5e-06
0.493345 0.130219 0.746028 8 0.0
0.609421 0.117127 0.725127 8 0.0
0.505453 0.13056 0.813057 8 0.0
0.37727 0.14331 0.766928 8 0.0
0.481237 0.129877 0.678998 8 0.0
0.139612 0.768152 0.875147 15 0.000656
0.168383 0.788156 0.853857 15 0.000656
0.117159 0.821719 0.895134 15 0.000656
0.11084 0.748149 0.896437 15 0.000656
0.162064 0.714585 0.855159 15 0.000656
0.878376 0.933761 0.208376 18 0.0
0.438953 0.309422 0.528073 1 8.8e-05
0.418831 0.390885 0.53403 1 8.8e-05
0.459074 0.227959 0.522117 1 8.8e-05
0.41314 0.315019 0.364335 1 8.8e-05
0.317851 0.057943 0.264519 6 0.0
0.375992 0.057879 0.2408 6 0.0
0.3493 0.052631 0.341623 6 0.0
0.25971 0.058006 0.288238 6 0.0
0.286402 0.063254 0.187415 6 0.0
0.512967 0.057108 0.246508 6 0.0
0.39711 0.057226 0.246779 6 0.0
0.513142 0.051407 0.323934 6 0.0
0.628824 0.056989 0.246238 6 0.0
0.512792 0.062809 0.169082 6 0.0
0.527751 0.713102 0.139679 1 1e-06
0.420989 0.679143 0.170229 1 1e-06
0.513002 0.766344 0.147318 1 1e-06
0.634513 0.747061 0.109129 1 1e-06
0.5425 0.65986 0.13204 1 1e-06
0.925185 0.100617 0.991724 12 0.0
0.932173 0.125611 0.99161 12 0.0
0.908965 0.105142 0.989442 12 0.0
0.918196 0.075623 0.991838 12 0.0
0.941404 0.096092 0.994006 12 0.0
0.722562 0.85643 0.302396 20 0.0
0.7873 0.856901 0.304192 20 0.0
0.7202 0.858709 0.38689 20 0.0
0.657823 0.855958 0.300599 20 0.0
0.724923 0.85415 0.217902 20 0.0
0.539118 0.031546 0.779965 8 0.0
0.654172 0.030325 0.794686 8 0.0
0.5306 0.029163 0.846342 8 0.0
0.424064 0.032766 0.765245 8 0.0
0.547636 0.033928 0.713589 8 0.0
0.244925 0.103966 0.364402 7 0.0
0.189403 0.108348 0.366089 7 0.0
0.247021 0.089419 0.471175 7 0.0
0.300447 0.099584 0.362716 7 0.0
0.24283 0.118512 0.257629 7 0.0
0.82167 0.218284 0.808562 8 0.000671
0.680666 0.111202 0.069996 9 0.983855
0.693743 0.121978 0.051993 9 0.983855
0.704618 0.109135 0.086157 9 0.983855
0.667589 0.100426 0.087999 9 0.983855
0.656714 0.113269 0.053835 9 0.983855
0.456839 0.101416 0.109178 7 0.0
0.37731 0.095509 0.115994 7 0.0
0.459755 0.098583 0.140742 7 0.0
0.536369 0.107324 0.102362 7 0.0
0.453924 0.104249 0.077614 7 0.0
0.385398 0.804253 0.098018 2 1.5e-05
0.320387 0.828101 0.114969 2 1.5e-05
0.376492 0.772688 0.108269 2 1.5e-05
0.450409 0.780405 0.081068 2 1.5e-05
0.394304 0.835818 0.087767 2 1.5e-05
0.820429 0.103185 0.148266 7 0.000155
0.842147 0.103317 0.134809 7 0.000155
0.847753 0.108566 0.192413 7 0.000155
0.798712 0.103054 0.161724 7 0.000155
0.793105 0.097805 0.10412 7 0.000155
0.070689 0.120974 0.223969 3 0.0
0.537078 0.781372 0.152405 20 2e-05
0.629303 0.803862 0.150085 20 2e-05
0.54325 0.760545 0.195881 20 2e-05
0.444852 0.758883 0.154725 20 2e-05
0.530905 0.8022 0.108928 20 2e-05
0.118863 0.428447 0.614858 15 0.0
0.113156 0.527372 0.649522 15 0.0
0.124744 0.39134 0.721725 15 0.0
0.12457 0.329523 0.580195 15 0.0
0.112982 0.465555 0.507991 15 0.0
0.056836 0.896549 0.712512 15 5e-06
0.059923 0.903158 0.750612 15 5e-06
0.054179 0.882151 0.715225 15 5e-06
0.053749 0.88994 0.674411 15 5e-06
0.059493 0.910947 0.709799 15 5e-06
0.463444 0.946513 0.527597 21 0.0
0.414738 0.949967 0.595062 21 0.0
0.554804 0.949557 0.593397 21 0.0
0.512151 0.943058 0.460131 21 0.0
0.372084 0.943469 0.461796 21 0.0
0.622399 0.169406 0.564363 8 0.0
0.515354 0.149304 0.579913 8 0.0
0.640866 0.168989 0.690943 8 0.0
0.729445 0.189507 0.548812 8 0.0
0.368492 0.900393 0.289643 20 0.0
0.452015 0.906712 0.341373 20 0.0
0.326663 0.901311 0.357068 20 0.0
0.28497 0.894074 0.237914 20 0.0
0.410322 0.899476 0.222218 20 0.0
0.746921 0.768213 0.644107 20 3.3e-05
0.797324 0.802983 0.628828 20 3.3e-05
0.696518 0.733443 0.659386 20 3.3e-05
0.707632 0.780546 0.542562 20 3.3e-05
0.756079 0.099635 0.604815 7 0.0
0.821797 0.107737 0.60314 7 0.0
0.760143 0.091456 0.724746 7 0.0
0.690361 0.091532 0.606489 7 0.0
0.752014 0.107813 0.484884 7 0.0
0.978409 0.670472 0.82845 11 0.0
0.975617 0.75001 0.839725 11 0.0
0.977488 0.663158 0.879818 11 0.0
0.981202 0.590935 0.817175 11 0.0
0.979331 0.677786 0.777082 11 0.0
0.061417 0.235387 0.781546 15 0.0
0.056735 0.289614 0.723399 15 0.0
0.057266 0.268456 0.81272 15 0.0
0.066098 0.18116 0.839694 15 0.0
0.065567 0.202318 0.750373 15 0.0
0.74132 0.940685 0.216936 21 0.0
0.694247 0.941153 0.221079 21 0.0
0.74704 0.943773 0.281586 21 0.0
0.788394 0.940218 0.212794 21 0.0
0.735601 0.937598 0.152287 21 0.0
0.83747 0.975156 0.944676 22 0.0
0.805168 0.976018 0.941063 22 0.0
0.835588 0.975574 0.961603 22 0.0
0.869772 0.974294 0.948288 22 0.0
0.839352 0.974738 0.927748 22 0.0
0.678054 0.939733 0.247912 21 0.0
0.721073 0.939019 0.213132 21 0.0
0.73201 0.943051 0.314581 21 0.0
0.635036 0.940447 0.282693 21 0.0
0.624099 0.936415 0.181244 21 0.0
0.938436 0.480654 0.090927 11 3e-06
0.560337 0.02693 0.878864 8 0.0
0.664959 0.027365 0.882503 8 0.0
0.559024 0.025359 0.916821 8 0.0
0.455716 0.026495 0.875225 8 0.0
0.561651 0.028502 0.840907 8 0.0
0.067538 0.211509 0.144285 4 0.0
0.064979 0.24379 0.151423 4 0.0
0.065944 0.201335 0.189725 4 0.0
0.070097 0.179228 0.137148 4 0.0
0.069131 0.221682 0.098846 4 0.0
0.438844 0.063971 0.072282 9 2e-06
0.683267 0.505468 0.449649 1 3.1e-05
0.637128 0.399121 0.436965 1 3.1e-05
0.723051 0.504101 0.31639 1 3.1e-05
0.249313 0.931517 0.075233 21 0.0
0.251875 0.931633 0.052727 21 0.0
0.293221 0.932718 0.080238 21 0.0
0.246751 0.931402 0.097739 21 0.0
0.205404 0.930317 0.070229 21 0.0
0.495691 0.134855 0.663277 8 0.0
0.601145 0.134029 0.696312 8 0.0
0.468673 0.13818 0.749605 8 0.0
0.390237 0.135682 0.630241 8 0.0
0.522709 0.131531 0.576948 8 0.0
0.974468 0.903634 0.962532 19 0.0
0.973165 0.913471 0.955274 19 0.0
0.974668 0.910761 0.972157 19 0.0
0.97577 0.893796 0.969791 19 0.0
0.974268 0.896506 0.952908 19 0.0
0.170262 0.701194 0.65933 16 8.8e-05
0.146755 0.766712 0.672265 16 8.8e-05
0.193769 0.635677 0.646395 16 8.8e-05
0.729749 0.060356 0.738086 8 0.0
0.790274 0.068407 0.704955 8 0.0
0.769983 0.058704 0.811186 8 0.0
0.669223 0.052305 0.771217 8 0.0
0.689514 0.062008 0.664986 8 0.0
0.205284 0.132888 0.575662 7 0.0
0.84211 0.130015 0.358827 6 0.017668
0.835118 0.149424 0.366619 6 0.017668
0.858139 0.113218 0.415047 6 0.017668
0.849102 0.110605 0.351034 6 0.017668
0.826081 0.146811 0.302607 6 0.017668
0.597974 0.068094 0.841541 8 0.0
0.600613 0.066164 0.888155 8 0.0
0.493036 0.063237 0.847281 8 0.0
0.595335 0.070024 0.794927 8 0.0
0.702913 0.072951 0.835801 8 0.0
0.528589 0.396609 0.556806 1 0.000225
0.578589 0.500866 0.51875 1 0.000225
0.478589 0.292352 0.594861 1 0.000225
0.431626 0.402421 0.445331 1 0.000225
0.073646 0.80644 0.414137 15 0.0
0.075777 0.84413 0.43391 15 0.0
0.063587 0.781146 0.463436 15 0.0
0.071516 0.76875 0.394364 15 0.0
0.083705 0.831735 0.364838 15 0.0
0.521309 0.06063 0.157212 6 0.0
0.431079 0.060423 0.155344 6 0.0
0.520396 0.057066 0.201711 6 0.0
0.611539 0.060837 0.15908 6 0.0
0.522222 0.064195 0.112713 6 0.0
0.528012 0.064908 0.07994 6 0.0
0.67104 0.114088 0.380751 7 0.0
0.753085 0.121749 0.395869 7 0.0
0.651872 0.102073 0.49086 7 0.0
0.588996 0.106426 0.365632 7 0.0
0.690209 0.126102 0.270642 7 0.0
0.526789 0.747442 0.070048 1 0.0
0.525493 0.805509 0.075619 1 0.0
0.414816 0.745038 0.06906 1 0.0
0.528085 0.689375 0.064477 1 0.0
0.638762 0.749846 0.071036 1 0.0
0.388913 0.794959 0.130087 2 0.000225
0.369534 0.82054 0.140649 2 0.000225
0.394251 0.788856 0.154663 2 0.000225
0.408292 0.769379 0.119526 2 0.000225
0.383576 0.801062 0.105511 2 0.000225
0.648979 0.086434 0.08855 9 0.0
0.946108 0.48116 0.214746 11 0.0
0.948913 0.591898 0.237905 11 0.0
0.952646 0.468153 0.276147 11 0.0
0.943304 0.370421 0.191587 11 0.0
0.939571 0.494166 0.153346 11 0.0
0.218556 0.473137 0.311463 1 2.6e-05
0.264703 0.363322 0.320889 1 2.6e-05
0.238114 0.472792 0.211701 1 2.6e-05
0.024915 0.210214 0.94267 15 0.0
0.025726 0.210602 0.923733 15 0.0
0.023708 0.257214 0.94358 15 0.0
0.024105 0.209827 0.961608 15 0.0
0.026123 0.163215 0.941761 15 0.0
0.797875 0.910674 0.508928 23 0.0
0.844656 0.909715 0.508585 23 0.0
0.798923 0.923413 0.616143 23 0.0
0.751095 0.911633 0.509271 23 0.0
0.796828 0.897935 0.401713 23 0.0
0.78212 0.074809 0.802331 8 0.0
0.836733 0.076977 0.821597 8 0.0
0.761477 0.065791 0.861864 8 0.0
0.727508 0.072642 0.783066 8 0.0
0.802764 0.083828 0.742798 8 0.0
0.796973 0.037025 0.627692 7 0.0
0.756936 0.034785 0.63177 7 0.0
0.809167 0.032055 0.744693 7 0.0
0.83701 0.039264 0.623614 7 0.0
0.784778 0.041994 0.51069 7 0.0
0.530162 0.941234 0.356913 21 0.0
0.634173 0.946248 0.434982 21 0.0
0.489066 0.942882 0.41156 21 0.0
0.426152 0.936221 0.278844 21 0.0
0.571259 0.939587 0.302266 21 0.0
0.115296 0.443869 0.293988 15 0.0
0.115853 0.536858 0.284652 15 0.0
0.09633 0.452804 0.381851 15 0.0
0.114738 0.35088 0.303323 15 0.0
0.134261 0.434935 0.206125 15 0.0
0.529972 0.190892 0.606971 7 3.7e-05
0.619568 0.200869 0.526171 7 3.7e-05
0.5676 0.196297 0.649363 7 3.7e-05
0.492344 0.185487 0.564579 7 3.7e-05
0.199096 0.081349 0.786205 8 0.0
0.150909 0.087949 0.80227 8 0.0
0.217955 0.067312 0.848539 8 0.0
0.247283 0.074749 0.770139 8 0.0
0.180237 0.095386 0.723871 8 0.0
0.057263 0.222424 0.736798 15 0.0
0.053529 0.262631 0.760457 15 0.0
0.058599 0.179712 0.809594 15 0.0
0.060997 0.182216 0.713139 15 0.0
0.055926 0.265135 0.664002 15 0.0
0.847178 0.029051 0.769258 7 0.0
0.821103 0.027072 0.771744 7 0.0
0.85426 0.026323 0.841368 7 0.0
0.873253 0.031031 0.766772 7 0.0
0.840096 0.03178 0.697148 7 0.0
0.333393 0.948829 0.608903 23 0.0
0.395941 0.94669 0.567829 23 0.0
0.38823 0.956494 0.692008 23 0.0
0.270846 0.950968 0.649978 23 0.0
0.278557 0.941165 0.525798 23 0.0
0.033351 0.60137 0.701735 15 0.0
0.033507 0.697142 0.694972 15 0.0
0.029182 0.607902 0.794134 15 0.0
0.033195 0.505598 0.708499 15 0.0
0.03752 0.594838 0.609337 15 0.0
0.36613 0.135502 0.649382 8 0.0
0.446043 0.117428 0.688734 8 0.0
0.319571 0.131443 0.742066 8 0.0
0.286216 0.153575 0.610029 8 0.0
0.412689 0.139561 0.556698 8 0.0
0.257797 0.162216 0.570826 7 2e-06
0.188987 0.163833 0.573081 7 2e-06
0.326607 0.160598 0.56857 7 2e-06
0.254415 0.200165 0.440411 7 2e-06
0.526079 0.110966 0.185807 7 0.0
0.54135 0.119144 0.13207 7 0.0
0.603253 0.103901 0.206663 7 0.0
0.510808 0.102787 0.239545 7 0.0
0.448904 0.11803 0.164952 7 0.0
0.063798 0.967852 0.994728 14 0.158491
0.06703 0.972225 0.995596 14 0.158491
0.061558 0.969125 0.996658 14 0.158491
0.060565 0.963479 0.99386 14 0.158491
0.066038 0.966579 0.992798 14 0.158491
0.690067 0.038079 0.607803 7 0.0
0.618583 0.036824 0.619714 7 0.0
0.710771 0.03114 0.73132 7 0.0
0.761551 0.039333 0.595891 7 0.0
0.669364 0.045017 0.484286 7 0.0
0.415057 0.052355 0.390116 6 0.0
0.341602 0.054001 0.409532 6 0.0
0.441953 0.046704 0.49235 6 0.0
0.488512 0.050709 0.3707 6 0.0
0.388161 0.058007 0.287882 6 0.0
0.27986 0.94704 0.482694 21 0.0
0.297448 0.950364 0.560683 21 0.0
0.324424 0.944558 0.47275 21 0.0
0.262272 0.943715 0.404706 21 0.0
0.235296 0.949521 0.492638 21 0.0
0.212484 0.289568 0.486671 15 6.4e-05
0.175353 0.217627 0.487173 15 6.4e-05
0.709895 0.025716 0.872138 8 0.0
0.640197 0.025688 0.85574 8 0.0
0.700872 0.024131 0.910492 8 0.0
0.779594 0.025744 0.888535 8 0.0
0.718918 0.027301 0.833784 8 0.0
0.492337 0.93788 0.249269 21 0.0
0.376869 0.935468 0.203232 21 0.0
0.467784 0.939585 0.310763 21 0.0
0.607804 0.940293 0.295305 21 0.0
0.51689 0.936176 0.187774 21 0.0
0.35789 0.319935 0.472764 1 0.000137
0.385416 0.408076 0.457547 1 0.000137
0.410817 0.327821 0.614179 1 0.000137
0.304963 0.312049 0.331348 1 0.000137
0.067397 0.211322 0.133569 15 0.00087
0.065553 0.243339 0.14367 15 0.00087
0.066128 0.198129 0.175153 15 0.00087
0.069241 0.179306 0.123467 15 0.00087
0.068665 0.224516 0.091985 15 0.00087
0.903828 0.295923 0.50883 11 0.0
0.917344 0.37555 0.508572 11 0.0
0.905908 0.296041 0.653611 11 0.0
0.890312 0.216297 0.509089 11 0.0
0.901749 0.295806 0.364049 11 0.0
0.060723 0.31303 0.266737 15 0.0
0.060784 0.371893 0.240888 15 0.0
0.054758 0.348432 0.34734 15 0.0
0.060661 0.254167 0.292586 15 0.0
0.066687 0.277628 0.186133 15 0.0
0.393107 0.354277 0.315795 1 0.000863
0.400736 0.420476 0.268486 1 0.000863
0.412539 0.41018 0.397154 1 0.000863
0.385479 0.288077 0.363104 1 0.000863
0.373675 0.298373 0.234436 1 0.000863
0.650549 0.112861 0.496071 7 0.0
0.74304 0.121068 0.477792 7 0.0
0.677288 0.10358 0.627204 7 0.0
0.558057 0.104654 0.51435 7 0.0
0.623809 0.122142 0.364938 7 0.0
0.552652 0.970672 0.83699 23 0.0
0.666114 0.971341 0.843472 23 0.0
0.549739 0.973124 0.887728 23 0.0
0.439189 0.970003 0.830509 23 0.0
0.555564 0.968221 0.786253 23 0.0
0.123393 0.562188 0.594582 15 0.0
0.122039 0.652928 0.54697 15 0.0
0.11915 0.588592 0.645023 15 0.0
0.124747 0.471449 0.642193 15 0.0
0.127636 0.535785 0.544141 15 0.0
0.93005 0.507 0.022416 19 2.7e-05
0.163471 0.0529 0.547831 7 0.0
0.61221 0.14671 0.419193 7 0.0
0.711347 0.151613 0.404036 7 0.0
0.632942 0.125451 0.547919 7 0.0
0.513073 0.141808 0.43435 7 0.0
0.591478 0.167969 0.290467 7 0.0
0.402282 0.22594 0.104815 2 0.000367
0.45346 0.222765 0.094976 2 0.000367
0.406046 0.264861 0.111832 2 0.000367
0.351103 0.229116 0.114654 2 0.000367
0.398518 0.18702 0.097799 2 0.000367
0.404129 0.488687 0.386616 1 0.000448
0.492854 0.499153 0.471898 1 0.000448
0.360803 0.36813 0.446486 1 0.000448
0.315403 0.478221 0.301334 1 0.000448
0.604278 0.377218 0.498264 1 6.7e-05
0.623047 0.491581 0.480557 1 6.7e-05
0.585508 0.262856 0.51597 1 6.7e-05
0.519979 0.36982 0.361118 1 6.7e-05
0.360014 0.027198 0.866158 6 0.0
0.447007 0.027395 0.855174 6 0.0
0.365193 0.025367 0.907145 6 0.0
0.273021 0.027002 0.877141 6 0.0
0.354835 0.029029 0.82517 6 0.0
0.400754 0.937577 0.29935 21 0.0
0.352703 0.93949 0.365319 21 0.0
0.48226 0.939733 0.358655 21 0.0
0.448804 0.935665 0.233381 21 0.0
0.319248 0.935421 0.240045 21 0.0
0.591331 0.91652 0.851399 20 0.0
0.684269 0.912223 0.845491 20 0.0
0.593959 0.916507 0.89274 20 0.0
0.498393 0.920818 0.857307 20 0.0
0.588704 0.916533 0.810057 20 0.0
0.025555 0.862994 0.818362 15 0.0
0.027258 0.883165 0.816627 15 0.0
0.023738 0.867991 0.874691 15 0.0
0.023852 0.842823 0.820096 15 0.0
0.027373 0.857997 0.762032 15 0.0
0.058349 0.613057 0.287143 15 0.0
0.058493 0.692397 0.285244 15 0.0
0.053508 0.61523 0.377508 15 0.0
0.058206 0.533718 0.289043 15 0.0
0.063191 0.610885 0.196778 15 0.0
0.135327 0.345766 0.699593 4 0.0
0.135113 0.377831 0.747267 4 0.0
0.156138 0.257738 0.758893 4 0.0
0.135541 0.313701 0.651919 4 0.0
0.689977 0.030999 0.77078 8 0.0
0.618735 0.030725 0.750656 8 0.0
0.670536 0.027779 0.839648 8 0.0
0.761219 0.031274 0.790904 8 0.0
0.709418 0.034219 0.701912 8 0.0
0.065775 0.255757 0.143178 15 0.0
0.063389 0.273936 0.184952 15 0.0
0.06612 0.213175 0.161728 15 0.0
0.06816 0.237579 0.101404 15 0.0
0.065429 0.29834 0.124628 15 0.0
0.63215 0.135318 0.786808 8 0.0
0.645613 0.135792 0.73804 8 0.0
0.73573 0.150768 0.815555 8 0.0
0.618686 0.134844 0.835577 8 0.0
0.528569 0.119868 0.758062 8 0.0
0.564545 0.161054 0.166642 7 0.0
0.552485 0.164031 0.120898 7 0.0
0.463556 0.149627 0.192523 7 0.0
0.576605 0.158076 0.212386 7 0.0
0.665533 0.17248 0.140761 7 0.0
0.886445 0.75795 0.756988 19 0.0
0.857389 0.816146 0.787504 19 0.0
0.896884 0.730539 0.819199 19 0.0
0.915501 0.699754 0.726471 19 0.0
0.876006 0.78536 0.694776 19 0.0
0.372817 0.493546 0.554907 1 0.000495
0.378397 0.610589 0.467345 1 0.000495
0.367237 0.376504 0.642469 1 0.000495
0.330428 0.425476 0.461217 1 0.000495
0.56635 0.644715 0.049804 1 0.0
0.676002 0.658829 0.046966 1 0.0
0.577131 0.560296 0.046509 1 0.0
0.456697 0.630601 0.052642 1 0.0
0.555569 0.729134 0.0531 1 0.0
0.063472 0.928626 0.587011 14 0.0
0.185911 0.06128 0.247347 7 0.0
0.211749 0.060599 0.247491 7 0.0
0.185406 0.05796 0.322276 7 0.0
0.160073 0.061962 0.247204 7 0.0
0.186415 0.064601 0.172418 7 0.0
0.031544 0.278444 0.801588 15 0.0
0.027977 0.309859 0.850797 15 0.0
0.030832 0.219288 0.839303 15 0.0
0.03511 0.247028 0.75238 15 0.0
0.032255 0.3376 0.763873 15 0.0
0.026122 0.692825 0.819103 15 0.0
0.027559 0.76214 0.802757 15 0.0
0.024187 0.705544 0.872864 15 0.0
0.024684 0.62351 0.835449 15 0.0
0.028057 0.680107 0.765342 15 0.0
0.912025 0.940023 0.512565 18 0.999324
0.90623 0.945898 0.521472 18 0.999324
0.923946 0.934942 0.523674 18 0.999324
0.917821 0.934147 0.503659 18 0.999324
0.900105 0.945104 0.501456 18 0.999324
0.738848 0.891301 0.436402 20 0.0
0.799432 0.898292 0.432574 20 0.0
0.742956 0.907976 0.531889 20 0.0
0.678263 0.88431 0.440229 20 0.0
0.73474 0.874626 0.340914 20 0.0
0.230226 0.032213 0.788042 6 0.0
0.280821 0.030441 0.785407 6 0.0
0.233637 0.028639 0.855948 6 0.0
0.179632 0.033986 0.790676 6 0.0
0.226815 0.035787 0.720135 6 0.0
0.055094 0.538358 0.315716 15 0.0
0.061418 0.56801 0.223182 15 0.0
0.052141 0.641078 0.34843 15 0.0
0.04877 0.508706 0.40825 15 0.0
0.058047 0.435638 0.283002 15 0.0
0.511937 0.406939 0.310107 1 0.001278
0.531051 0.497758 0.336597 1 0.001278
0.592142 0.38364 0.332111 1 0.001278
0.492822 0.316121 0.283616 1 0.001278
0.431731 0.430238 0.288102 1 0.001278
0.104921 0.606273 0.608877 15 0.0
0.111348 0.706688 0.617403 15 0.0
0.100332 0.597414 0.716673 15 0.0
0.098494 0.505859 0.600351 15 0.0
0.109509 0.615133 0.501081 15 0.0
0.484076 0.131891 0.638885 8 0.0
0.430954 0.135597 0.705557 8 0.0
0.57979 0.139559 0.714721 8 0.0
0.537198 0.128186 0.572214 8 0.0
0.388362 0.124223 0.563049 8 0.0
0.05026 0.053165 0.869666 3 0.425853
0.043209 0.05509 0.860765 3 0.425853
0.045787 0.058855 0.87444 3 0.425853
0.05731 0.05124 0.878568 3 0.425853
0.054733 0.047474 0.864893 3 0.425853
0.495234 0.094713 0.696142 8 0.0
0.532482 0.088365 0.618932 8 0.0
0.590143 0.093703 0.74201 8 0.0
0.457987 0.101061 0.773351 8 0.0
0.400326 0.095723 0.650273 8 0.0
0.459201 0.943534 0.427794 21 0.0
0.419946 0.946222 0.473811 21 0.0
0.53864 0.944909 0.495478 21 0.0
0.498455 0.940846 0.381777 21 0.0
0.379762 0.942159 0.36011 21 0.0
0.837054 0.627239 0.245944 19 1e-06
0.824567 0.72076 0.273195 19 1e-06
0.826272 0.606592 0.311862 19 1e-06
0.847836 0.647886 0.180027 19 1e-06
0.094325 0.600401 0.182804 15 0.0
0.099116 0.696996 0.167573 15 0.0
0.090916 0.608668 0.234162 15 0.0
0.089535 0.503806 0.198035 15 0.0
0.097734 0.592133 0.131445 15 0.0
0.696807 0.10029 0.403083 7 0.0
0.770024 0.107516 0.386443 7 0.0
0.725747 0.092439 0.527009 7 0.0
0.62359 0.093063 0.419722 7 0.0
0.667868 0.108141 0.279156 7 0.0
0.838594 0.105079 0.18154 7 2e-06
0.841363 0.093827 0.127035 7 2e-06
0.81796 0.105168 0.180473 7 2e-06
0.835825 0.116331 0.236044 7 2e-06
0.859228 0.10499 0.182606 7 2e-06
0.421253 0.088064 0.748526 8 0.0
0.323216 0.083723 0.709166 8 0.0
0.398241 0.085223 0.806156 8 0.0
0.51929 0.092404 0.787885 8 0.0
0.444264 0.090904 0.690895 8 0.0
0.523132 0.46058 0.273754 1 0.000332
0.571142 0.560666 0.251324 1 0.000332
0.505981 0.486398 0.352244 1 0.000332
0.475122 0.360495 0.296184 1 0.000332
0.540283 0.434763 0.195264 1 0.000332
0.750013 0.916621 0.85662 17 0.0
0.753561 0.918943 0.894672 17 0.0
0.68293 0.925848 0.862311 17 0.0
0.746465 0.914299 0.818567 17 0.0
0.817096 0.907394 0.850928 17 0.0
0.975608 0.899219 0.955873 19 0.0
0.974827 0.908693 0.948825 19 0.0
0.975134 0.908453 0.968339 19 0.0
0.976389 0.889745 0.962921 19 0.0
0.976082 0.889984 0.943408 19 0.0
0.264703 0.795094 0.105455 2 0.989389
0.282106 0.813618 0.100333 2 0.989389
0.31362 0.758361 0.138806 2 0.989389
0.247301 0.776571 0.110576 2 0.989389
0.215787 0.831828 0.072104 2 0.989389
0.920455 0.133468 0.014286 10 2.8e-05
0.921021 0.134381 0.018133 10 2.8e-05
0.917551 0.121438 0.017569 10 2.8e-05
0.919888 0.132555 0.010439 10 2.8e-05
0.923359 0.145498 0.011003 10 2.8e-05
0.521157 0.880525 0.434008 20 0.0
0.429395 0.867374 0.333771 20 0.0
0.443903 0.886219 0.503984 20 0.0
0.61292 0.893676 0.534245 20 0.0
0.598412 0.874831 0.364032 20 0.0
0.476823 0.366069 0.525699 1 0.000155
0.59071 0.439764 0.467006 1 0.000155
0.515885 0.40058 0.644826 1 0.000155
0.362936 0.292374 0.584392 1 0.000155
0.437761 0.331558 0.406572 1 0.000155
0.601581 0.938422 0.28787 21 0.0
0.685398 0.941888 0.35502 21 0.0
0.559539 0.939968 0.340267 21 0.0
0.517763 0.934955 0.22072 21 0.0
0.643622 0.936875 0.235473 21 0.0
0.320944 0.062608 0.128245 7 0.0
0.2573 0.063732 0.124294 7 0.0
0.318884 0.062205 0.16131 7 0.0
0.384587 0.061483 0.132195 7 0.0
0.323003 0.06301 0.09518 7 0.0
0.128096 0.050733 0.484561 6 0.0
0.355177 0.497366 0.249285 1 0.0005
0.339996 0.629775 0.26035 1 0.0005
0.381831 0.493773 0.328845 1 0.0005
0.370358 0.364956 0.238221 1 0.0005
0.328523 0.500958 0.169725 1 0.0005
0.736186 0.051187 0.956013 6 0.012801
0.737501 0.061962 0.942162 6 0.012801
0.693158 0.053672 0.953861 6 0.012801
0.734871 0.040413 0.969864 6 0.012801
0.779213 0.048702 0.958164 6 0.012801
0.068114 0.35321 0.061482 16 0.0
0.040798 0.567406 0.584507 15 0.0
0.034524 0.592019 0.711412 15 0.0
0.039782 0.464647 0.604386 15 0.0
0.047072 0.542792 0.457601 15 0.0
0.041814 0.670164 0.564627 15 0.0
0.280151 0.803938 0.525605 20 2e-06
0.531097 0.423395 0.445138 1 0.000184
0.604828 0.42216 0.561268 1 0.000184
0.463935 0.347732 0.486975 1 0.000184
0.457365 0.42463 0.329009 1 0.000184
0.040792 0.437359 0.586324 15 0.0
0.034446 0.471261 0.709837 15 0.0
0.04131 0.333226 0.614933 15 0.0
0.047139 0.403456 0.462811 15 0.0
0.040275 0.541491 0.557714 15 0.0
0.440863 0.147423 0.038372 6 0.002679
0.443115 0.169532 0.038616 6 0.002679
0.369215 0.154731 0.037619 6 0.002679
0.438611 0.125315 0.038129 6 0.002679
0.512511 0.140116 0.039126 6 0.002679
0.251025 0.093245 0.504351 8 0.0
0.232401 0.091984 0.619385 8 0.0
0.308919 0.085357 0.513638 8 0.0
0.26965 0.094506 0.389316 8 0.0
0.193132 0.101133 0.495064 8 0.0
0.689105 0.855835 0.194502 20 0.0
0.763723 0.862455 0.179693 20 0.0
0.699952 0.860503 0.251248 20 0.0
0.614486 0.849216 0.20931 20 0.0
0.678257 0.851167 0.137755 20 0.0
0.855807 0.282149 0.6133 11 3e-06
0.874438 0.329877 0.525583 11 3e-06
0.875528 0.339975 0.648952 11 3e-06
0.836085 0.224324 0.577647 11 3e-06
0.107133 0.44299 0.825023 15 3e-06
0.097177 0.559647 0.816246 15 3e-06
0.105205 0.446436 0.873015 15 3e-06
0.117089 0.326333 0.8338 15 3e-06
0.109061 0.439543 0.777031 15 3e-06
0.969309 0.399882 0.799679 11 0.0
0.969837 0.388586 0.740159 11 0.0
0.97225 0.501889 0.780345 11 0.0
0.968782 0.411179 0.8592 11 0.0
0.966369 0.297876 0.819014 11 0.0
0.064324 0.287731 0.184549 15 0.0
0.064246 0.338232 0.152931 15 0.0
0.060914 0.318495 0.233693 15 0.0
0.064403 0.237231 0.216168 15 0.0
0.067735 0.256967 0.135405 15 0.0
0.878939 0.743414 0.503743 11 1e-06
0.895262 0.752733 0.589821 11 1e-06
0.888975 0.683955 0.508277 11 1e-06
0.862617 0.734095 0.417664 11 1e-06
0.868904 0.802873 0.499209 11 1e-06
0.666688 0.342335 0.137006 2 9e-06
0.850025 0.681173 0.001806 1 0.0
0.874988 0.682663 0.002434 1 0.0
0.854709 0.603432 6e-05 1 0.0
0.825063 0.679684 0.001177 1 0.0
0.845342 0.758915 0.003552 1 0.0
0.377113 0.062975 0.105555 6 0.0
0.376432 0.061364 0.130228 6 0.0
0.317656 0.065482 0.104079 6 0.0
0.377793 0.064587 0.080882 6 0.0
0.436569 0.060469 0.107031 6 0.0
0.134561 0.136308 0.003721 2 0.0
0.118293 0.154225 0.003857 2 0.0
0.147925 0.148431 0.005132 2 0.0
0.15083 0.11839 0.003585 2 0.0
0.121198 0.124184 0.00231 2 0.0
0.253177 0.155317 0.394123 7 1.9e-05
0.290115 0.172446 0.328275 7 1.9e-05
0.292955 0.157074 0.416894 7 1.9e-05
0.216239 0.138189 0.459971 7 1.9e-05
0.213399 0.15356 0.371353 7 1.9e-05
0.943789 0.476417 0.14122 11 0.0
0.944745 0.58136 0.144639 11 0.0
0.948638 0.474938 0.185256 11 0.0
0.942833 0.371474 0.137801 11 0.0
0.93894 0.477896 0.097184 11 0.0
0.534469 0.810828 0.746572 20 5e-06
0.432259 0.791367 0.751061 20 5e-06
0.537995 0.807985 0.814519 20 5e-06
0.636679 0.830289 0.742082 20 5e-06
0.530943 0.81367 0.678624 20 5e-06
0.407685 0.546755 0.44682 1 0.000321
0.399226 0.664867 0.431271 1 0.000321
0.416144 0.428643 0.46237 1 0.000321
0.325202 0.525078 0.327038 1 0.000321
0.432182 0.102658 0.609702 8 0.0
0.508937 0.106253 0.56913 8 0.0
0.488223 0.093035 0.714869 8 0.0
0.355427 0.099063 0.650274 8 0.0
0.376141 0.112281 0.504534 8 0.0
0.814938 0.94245 0.764585 17 0.0
0.773212 0.946053 0.760383 17 0.0
0.808352 0.949936 0.836416 17 0.0
0.856664 0.938847 0.768786 17 0.0
0.821524 0.934964 0.692753 17 0.0
0.236454 0.107602 0.611172 8 0.0
0.207738 0.100002 0.706331 8 0.0
0.291772 0.099119 0.627188 8 0.0
0.265171 0.115202 0.516013 8 0.0
0.181137 0.116085 0.595156 8 0.0
0.486118 0.067987 0.037878 9 0.0
0.675663 0.138554 0.600338 8 0.0
0.592087 0.12515 0.622676 8 0.0
0.706751 0.140623 0.717892 8 0.0
0.75924 0.151959 0.578 8 0.0
0.642076 0.070373 0.041462 9 9.8e-05
0.213336 0.830402 0.04304 1 0.0
0.1774 0.855968 0.029528 1 0.0
0.22299 0.844427 0.043903 1 0.0
0.249273 0.804835 0.056553 1 0.0
0.203683 0.816376 0.042177 1 0.0
0.120256 0.834875 0.115083 1 0.944059
0.126565 0.855425 0.120266 1 0.944059
0.134215 0.821582 0.150791 1 0.944059
0.113947 0.814325 0.109899 1 0.944059
0.106297 0.848168 0.079374 1 0.944059
0.422103 0.125916 0.570695 8 0.0
0.397872 0.124394 0.441635 8 0.0
0.330117 0.132959 0.587882 8 0.0
0.446334 0.127439 0.699754 8 0.0
0.51409 0.118874 0.553507 8 0.0
0.780631 0.135679 0.128239 9 0.800413
0.752571 0.155272 0.164226 9 0.800413
0.800099 0.138152 0.142072 9 0.800413
0.808692 0.116087 0.092252 9 0.800413
0.761164 0.133207 0.114406 9 0.800413
0.925113 0.126405 0.041603 11 0.999995
0.743506 0.104604 0.737136 8 0.0
0.67968 0.091502 0.760001 8 0.0
0.77315 0.09418 0.81391 8 0.0
0.807333 0.117706 0.714271 8 0.0
0.713863 0.115029 0.660362 8 0.0
0.173865 0.186042 0.002466 1 0.0
0.156871 0.220257 0.001952 1 0.0
0.201799 0.199906 0.001736 1 0.0
0.190859 0.151827 0.00298 1 0.0
0.145931 0.172179 0.003195 1 0.0
0.829796 0.154626 0.237432 9 3e-06
0.794715 0.143511 0.24046 9 3e-06
0.833158 0.164105 0.311182 9 3e-06
0.864877 0.165741 0.234404 9 3e-06
0.826433 0.145146 0.163682 9 3e-06
0.335463 0.13945 0.101337 9 1e-06
0.329942 0.139945 0.129344 9 1e-06
0.412976 0.131937 0.116751 9 1e-06
0.340985 0.138956 0.073329 9 1e-06
0.257951 0.146963 0.085922 9 1e-06
0.063057 0.521295 0.193728 15 0.0
0.061191 0.611609 0.198054 15 0.0
0.058832 0.518274 0.254977 15 0.0
0.064923 0.43098 0.189402 15 0.0
0.067282 0.524316 0.132479 15 0.0
0.050186 0.7794 0.335816 15 0.0
0.051035 0.80693 0.341023 15 0.0
0.046883 0.765124 0.411835 15 0.0
0.049336 0.75187 0.330609 15 0.0
0.053489 0.793676 0.259796 15 0.0
0.977352 0.878975 0.984593 19 0.0
0.318199 0.865031 0.001826 1 0.0
0.220509 0.116981 0.118517 9 0.998906
0.183223 0.12117 0.111573 9 0.998906
0.215167 0.110001 0.142986 9 0.998906
0.257794 0.112791 0.125461 9 0.998906
0.22585 0.12396 0.094048 9 0.998906
0.621015 0.855556 0.192102 20 0.0
0.693497 0.851262 0.181612 20 0.0
0.629335 0.853335 0.250499 20 0.0
0.548533 0.85985 0.202592 20 0.0
0.612695 0.857777 0.133705 20 0.0
0.281102 0.382786 0.226262 1 2.9e-05
0.33883 0.415771 0.23619 1 2.9e-05
0.313779 0.313987 0.264843 1 2.9e-05
0.223375 0.349801 0.216334 1 2.9e-05
0.248426 0.451586 0.18768 1 2.9e-05
0.06744 0.553586 0.075482 15 0.014521
0.220158 0.029568 0.859563 8 0.0
0.268533 0.027168 0.868266 8 0.0
0.212128 0.028082 0.903791 8 0.0
0.171784 0.031969 0.850861 8 0.0
0.228188 0.031055 0.815336 8 0.0
0.277976 0.113324 0.685194 8 0.0
0.290435 0.098091 0.772263 8 0.0
0.209776 0.124385 0.696889 8 0.0
0.265516 0.128558 0.598126 8 0.0
0.346176 0.102264 0.6735 8 0.0
0.069332 0.315151 0.036621 15 1.4e-05
0.070916 0.972899 0.914475 14 0.028363
0.778762 0.072068 0.776193 7 0.0
0.724466 0.067956 0.792152 7 0.0
0.797997 0.069306 0.840918 7 0.0
0.833059 0.07618 0.760233 7 0.0
0.759528 0.07483 0.711467 7 0.0
0.583423 0.067406 0.069884 9 0.0
0.115787 0.669919 0.826526 15 0.0
0.130358 0.761435 0.865837 15 0.0
0.113719 0.655874 0.859988 15 0.0
0.101217 0.578404 0.787214 15 0.0
0.117856 0.683964 0.793063 15 0.0
0.57035 0.874796 0.245607 20 0.0
0.648888 0.879249 0.242404 20 0.0
0.57342 0.876757 0.323622 20 0.0
0.491812 0.870342 0.24881 20 0.0
0.56728 0.872835 0.167592 20 0.0
0.796201 0.817017 0.496639 20 3.1e-05
0.7943 0.828374 0.40389 20 3.1e-05
0.836812 0.834025 0.497889 20 3.1e-05
0.798101 0.805661 0.589387 20 3.1e-05
0.755589 0.80001 0.495388 20 3.1e-05
0.11287 0.362098 0.000349 1 0.0
0.10249 0.34371 0.476991 15 0.0
0.091041 0.432947 0.490101 15 0.0
0.100216 0.32434 0.606851 15 0.0
0.113939 0.254472 0.46388 15 0.0
0.104764 0.36308 0.347131 15 0.0
0.412822 0.12961 0.634528 8 0.0
0.490554 0.121883 0.703455 8 0.0
0.349313 0.137982 0.707088 8 0.0
0.335089 0.137336 0.5656 8 0.0
0.476331 0.121238 0.561967 8 0.0
0.066506 0.499164 0.078492 15 0.000332
0.313754 0.602695 0.55463 1 0.000129
0.293873 0.506692 0.586777 1 0.000129
0.320561 0.554722 0.415576 1 0.000129
0.177396 0.634405 0.164717 15 9e-06
0.195126 0.718152 0.163425 15 9e-06
0.169785 0.636635 0.204785 15 9e-06
0.159667 0.550659 0.16601 15 9e-06
0.185008 0.632176 0.124649 15 9e-06
0.377394 0.962553 0.705949 21 0.0
0.300127 0.958642 0.644126 21 0.0
0.325362 0.966184 0.770749 21 0.0
0.454662 0.966464 0.767773 21 0.0
0.429426 0.958923 0.64115 21 0.0
0.609195 0.071627 0.072024 9 0.999982
0.614536 0.074436 0.058905 9 0.999982
0.647574 0.075583 0.088498 9 0.999982
0.603853 0.068817 0.085143 9 0.999982
0.570815 0.06767 0.05555 9 0.999982
0.608584 0.112223 0.095419 9 3e-06
0.615063 0.116822 0.071243 9 3e-06
0.662102 0.116706 0.110615 9 3e-06
0.602105 0.107623 0.119596 9 3e-06
0.555067 0.10774 0.080223 9 3e-06
0.943624 0.07842 0.929543 10 0.00021
0.947885 0.085782 0.928994 10 0.00021
0.952846 0.074687 0.951043 10 0.00021
0.939363 0.071058 0.930093 10 0.00021
0.934402 0.082153 0.908043 10 0.00021
0.298529 0.043421 0.567298 6 0.0
0.366188 0.041006 0.566761 6 0.0
0.299296 0.036462 0.695304 6 0.0
0.230871 0.045837 0.567834 6 0.0
0.297763 0.050381 0.439292 6 0.0
0.072842 0.167135 0.446821 15 0.0
0.059332 0.717672 0.16905 15 0.0
0.062749 0.759932 0.122187 15 0.0
0.057653 0.748808 0.197005 15 0.0
0.055914 0.675412 0.215913 15 0.0
0.06101 0.686536 0.141095 15 0.0
0.825379 0.025306 0.902442 8 0.0
0.794502 0.025404 0.88359 8 0.0
0.809504 0.023781 0.928435 8 0.0
0.856256 0.025207 0.921294 8 0.0
0.841254 0.02683 0.87645 8 0.0
0.304133 0.069814 0.492809 7 0.0
0.22888 0.0747 0.494997 7 0.0
0.307827 0.06696 0.62622 7 0.0
0.379386 0.064927 0.49062 7 0.0
0.300439 0.072667 0.359397 7 0.0
0.828961 0.274735 0.034136 2 0.0
0.577092 0.132603 0.110104 9 1.3e-05
0.632944 0.134247 0.105334 9 1.3e-05
0.579439 0.131336 0.137155 9 1.3e-05
0.521239 0.13096 0.114874 9 1.3e-05
0.574744 0.133871 0.083053 9 1.3e-05
0.468054 0.106066 0.755396 8 0.0
0.489813 0.102922 0.811267 8 0.0
0.355692 0.10155 0.798903 8 0.0
0.446294 0.109211 0.699526 8 0.0
0.580415 0.110583 0.71189 8 0.0
0.62768 0.880025 0.549095 20 0.0
0.553197 0.902436 0.68374 20 0.0
0.431484 0.893253 0.587403 20 0.0
0.505967 0.870842 0.452758 20 0.0
0.066593 0.404849 0.111695 15 0.0
0.068382 0.406754 0.076335 15 0.0
0.066609 0.475579 0.115505 15 0.0
0.064804 0.402945 0.147056 15 0.0
0.066577 0.33412 0.107885 15 0.0
0.393628 0.92859 0.037612 20 3e-06
0.068813 0.205378 0.097389 15 0.008738
0.068756 0.232307 0.075456 15 0.008738
0.066829 0.224898 0.12136 15 0.008738
0.06887 0.178449 0.119322 15 0.008738
0.070798 0.185858 0.073418 15 0.008738
0.346793 0.438724 0.440024 1 0.000381
0.339834 0.535996 0.516744 1 0.000381
0.323311 0.371963 0.52254 1 0.000381
0.353753 0.341452 0.363304 1 0.000381
0.370276 0.505485 0.357509 1 0.000381
0.747886 0.172799 0.202616 9 6.1e-05
0.803117 0.148045 0.212324 9 6.1e-05
0.742011 0.184959 0.267046 9 6.1e-05
0.692656 0.197552 0.192908 9 6.1e-05
0.753762 0.160638 0.138186 9 6.1e-05
0.459561 0.042941 0.587731 7 0.0
0.364132 0.041223 0.639047 7 0.0
0.554989 0.04466 0.536416 7 0.0
0.395701 0.049461 0.469195 7 0.0
0.825407 0.491722 0.20222 11 0.0
0.83935 0.605639 0.191389 11 0.0
0.825257 0.497208 0.259725 11 0.0
0.811464 0.377805 0.21305 11 0.0
0.825557 0.486237 0.144715 11 0.0
0.707434 0.864409 0.779596 20 1e-06
0.692686 0.850881 0.8426 20 1e-06
0.781947 0.871589 0.798579 20 1e-06
0.722182 0.877938 0.716592 20 1e-06
0.632922 0.85723 0.760613 20 1e-06
0.776864 0.025757 0.862507 6 0.0
0.732326 0.026199 0.831208 6 0.0
0.754745 0.023643 0.893954 6 0.0
0.821403 0.025316 0.893805 6 0.0
0.798984 0.027872 0.831059 6 0.0
0.77085 0.777046 0.419923 20 9.9e-05
0.816209 0.811883 0.422947 20 9.9e-05
0.767194 0.771838 0.534771 20 9.9e-05
0.725491 0.742209 0.4169 20 9.9e-05
0.774506 0.782253 0.305076 20 9.9e-05
0.066534 0.765256 0.082972 15 0.029773
0.068191 0.764435 0.056106 15 0.029773
0.067012 0.803483 0.081833 15 0.029773
0.064877 0.766077 0.109838 15 0.029773
0.066056 0.727029 0.084111 15 0.029773
0.751499 0.052926 0.330187 6 0.0
0.800658 0.053939 0.331561 6 0.0
0.748745 0.046206 0.433661 6 0.0
0.70234 0.051913 0.328813 6 0.0
0.754252 0.059647 0.226713 6 0.0
0.067616 0.460637 0.07074 16 0.0
0.629666 0.874368 0.234916 20 0.0
0.711372 0.879059 0.263687 20 0.0
0.60857 0.876802 0.294429 20 0.0
0.547961 0.869676 0.206145 20 0.0
0.650763 0.871933 0.175403 20 0.0
0.454782 0.047585 0.441338 6 0.0
0.549573 0.049328 0.406498 6 0.0
0.501297 0.039967 0.567515 6 0.0
0.35999 0.045843 0.476178 6 0.0
0.408266 0.055203 0.315161 6 0.0
0.406032 0.287206 0.379602 1 0.000238
0.383819 0.325086 0.308456 1 0.000238
0.357493 0.335612 0.420529 1 0.000238
0.428245 0.249326 0.450747 1 0.000238
0.454571 0.2388 0.338674 1 0.000238
0.644494 0.908039 0.690222 20 0.0
0.575975 0.913036 0.759466 20 0.0
0.70119 0.916937 0.745681 20 0.0
0.713013 0.903042 0.620978 20 0.0
0.587799 0.899141 0.634762 20 0.0
0.562373 0.095035 0.883536 8 0.0
0.471658 0.228764 0.487114 1 0.000137
0.446361 0.272869 0.511844 1 0.000137
0.572264 0.24116 0.567918 1 0.000137
0.496956 0.184658 0.462383 1 0.000137
0.371052 0.216367 0.40631 1 0.000137
0.058999 0.441246 0.253765 15 0.0
0.057832 0.547233 0.253151 15 0.0
0.054504 0.441654 0.332803 15 0.0
0.060167 0.335258 0.254378 15 0.0
0.063495 0.440838 0.174726 15 0.0
0.563186 0.109868 0.082911 9 2e-06
0.566368 0.111287 0.061036 9 2e-06
0.629612 0.119403 0.093193 9 2e-06
0.560003 0.108448 0.104785 9 2e-06
0.496759 0.100333 0.072629 9 2e-06
0.26693 0.932561 0.123464 21 0.0
0.27171 0.931965 0.084684 21 0.0
0.317681 0.933804 0.129701 21 0.0
0.26215 0.933157 0.162245 21 0.0
0.216179 0.931318 0.117228 21 0.0
0.694995 0.944145 0.339848 21 0.0
0.758202 0.945066 0.341419 21 0.0
0.692833 0.948046 0.424552 21 0.0
0.631788 0.943224 0.338277 21 0.0
0.697157 0.940244 0.255143 21 0.0
0.493637 0.068147 0.031826 9 0.0
0.642547 0.126641 0.651382 8 0.0
0.5728 0.119971 0.582617 8 0.0
0.579529 0.118129 0.716124 8 0.0
0.712293 0.133311 0.720148 8 0.0
0.705564 0.135153 0.58664 8 0.0
0.488087 0.178977 0.298937 7 0.0
0.374582 0.188823 0.298053 7 0.0
0.486262 0.165791 0.386384 7 0.0
0.601592 0.169131 0.29982 7 0.0
0.489911 0.192163 0.21149 7 0.0
0.744573 0.894713 0.627938 17 0.0
0.680689 0.891815 0.630256 17 0.0
0.747739 0.91026 0.734622 17 0.0
0.808458 0.897611 0.62562 17 0.0
0.5787 0.537658 0.206602 1 5e-06
0.490351 0.662617 0.232736 1 5e-06
0.487615 0.484602 0.152363 1 5e-06
0.945311 0.647335 0.179674 11 0.0
0.940138 0.646784 0.127756 11 0.0
0.942236 0.724712 0.17916 11 0.0
0.950485 0.647885 0.231591 11 0.0
0.948386 0.569957 0.180188 11 0.0
0.916697 0.086117 0.251426 10 0.0
0.087051 0.089556 0.183526 3 0.0
0.956841 0.227313 0.517973 11 0.0
0.962238 0.270983 0.511924 11 0.0
0.963898 0.24186 0.629293 11 0.0
0.951444 0.183644 0.524022 11 0.0
0.949783 0.212766 0.406653 11 0.0
0.735451 0.056525 0.223998 9 0.0
0.784721 0.056768 0.229952 9 0.0
0.726914 0.051615 0.294838 9 0.0
0.68618 0.056282 0.218044 9 0.0
0.743987 0.061435 0.153159 9 0.0
0.94257 0.438097 0.103461 11 0.0
0.063307 0.509389 0.151542 15 0.0
0.062535 0.609745 0.152241 15 0.0
0.060376 0.509033 0.199293 15 0.0
0.064079 0.409032 0.150843 15 0.0
0.066238 0.509744 0.103792 15 0.0
0.039932 0.150851 0.693546 15 0.0
0.041814 0.163761 0.675871 15 0.0
0.039887 0.166862 0.705236 15 0.0
0.038049 0.137941 0.711221 15 0.0
0.039976 0.13484 0.681856 15 0.0
0.937869 0.86226 0.22089 19 0.0
0.931224 0.799376 0.034957 19 0.0
0.932483 0.799358 0.0465 19 0.0
0.932951 0.769562 0.034721 19 0.0
0.929965 0.799394 0.023414 19 0.0
0.929496 0.82919 0.035193 19 0.0
0.978701 0.763119 0.866515 11 0.0
0.977058 0.812064 0.870675 11 0.0
0.978977 0.75968 0.907084 11 0.0
0.980345 0.714175 0.862354 11 0.0
0.978426 0.766559 0.825946 11 0.0
0.082559 0.108522 0.172281 3 0.0
0.950957 0.08169 0.625351 10 0.998286
0.953831 0.057137 0.889973 10 0.037331
0.028427 0.177899 0.891061 15 0.0
0.027875 0.21359 0.894229 15 0.0
0.027305 0.174737 0.926486 15 0.0
0.028979 0.142209 0.887892 15 0.0
0.029549 0.181061 0.855635 15 0.0
0.940932 0.05958 0.74348 10 0.999592
0.89602 0.975602 0.974664 22 0.0
0.89819 0.97532 0.968115 22 0.0
0.910983 0.974394 0.979672 22 0.0
0.893851 0.975884 0.981214 22 0.0
0.881058 0.97681 0.969656 22 0.0
0.886634 0.172261 0.001232 1 0.0
0.89195 0.20384 0.001756 1 0.0
0.873209 0.174526 0.000926 1 0.0
0.881317 0.140681 0.000707 1 0.0
0.900059 0.169995 0.001538 1 0.0
0.934007 0.339264 0.037222 11 0.001668
0.978348 0.775879 0.891734 11 0.0
0.976461 0.824014 0.896287 11 0.0
0.977819 0.772719 0.924922 11 0.0
0.980234 0.727744 0.88718 11 0.0
0.978876 0.779039 0.858545 11 0.0
0.959977 0.057056 0.993971 10 0.000392
0.056276 0.6206 0.253899 15 0.0
0.054335 0.696661 0.271322 15 0.0
0.051777 0.60262 0.331884 15 0.0
0.058216 0.544539 0.236475 15 0.0
0.060774 0.638579 0.175913 15 0.0
0.959495 0.888521 0.62705 11 0.0
0.111067 0.754461 0.005209 1 0.0
0.108881 0.791582 0.007801 1 0.0
0.124546 0.755249 0.0053 1 0.0
0.113254 0.71734 0.002616 1 0.0
0.097589 0.753674 0.005117 1 0.0
0.81273 0.773769 0.000448 1 0.0
0.828319 0.82228 0.001949 1 0.0
0.845867 0.763101 0.001065 1 0.0
0.79714 0.725258 -0.001054 1 0.0
0.779592 0.784437 -0.00017 1 0.0
0.081818 0.887662 0.130868 14 3.7e-05
0.089138 0.901378 0.13156 14 3.7e-05
0.075954 0.888586 0.174578 14 3.7e-05
0.074498 0.873947 0.130176 14 3.7e-05
0.087682 0.886739 0.087159 14 3.7e-05
0.059889 0.364747 0.31066 15 0.0
0.060017 0.442447 0.276454 15 0.0
0.05224 0.405739 0.403745 15 0.0
0.05976 0.287047 0.344866 15 0.0
0.067537 0.323755 0.217574 15 0.0
0.074073 0.118225 0.123226 3 7e-06
0.070371 0.337631 0.032229 15 3e-06
0.055405 0.311766 0.357925 15 0.0
0.053422 0.382516 0.352943 15 0.0
0.049263 0.3195 0.470187 15 0.0
0.057388 0.241016 0.362908 15 0.0
0.061547 0.304033 0.245664 15 0.0
0.937861 0.877084 0.224605 19 0.001552
0.064417 0.433465 0.115953 15 0.0
0.061659 0.433057 0.153113 15 0.0
0.065989 0.335965 0.115 15 0.0
0.067176 0.433873 0.078792 15 0.0
0.062846 0.530965 0.116905 15 0.0
0.944086 0.041258 0.994853 10 1e-06
0.051614 0.049765 0.952373 3 2e-06
0.049702 0.055484 0.937506 3 2e-06
0.041547 0.056692 0.956333 3 2e-06
0.053526 0.044045 0.96724 3 2e-06
0.061681 0.042838 0.948413 3 2e-06
0.894862 0.926226 0.204818 18 0.000101
0.804913 0.605128 0.001056 1 0.0
0.843614 0.60231 0.001222 1 0.0
0.797581 0.504429 0.000704 1 0.0
0.766213 0.607946 0.000889 1 0.0
0.812245 0.705827 0.001408 1 0.0
0.032678 0.094952 0.871395 15 0.0
0.883629 0.069096 0.066154 10 0.999992
0.827061 0.975653 0.9952 24 0.999478
0.958679 0.125388 0.630219 11 0.0
0.960837 0.137342 0.62601 11 0.0
0.965931 0.137121 0.667256 11 0.0
0.956522 0.113434 0.634428 11 0.0
0.951427 0.113655 0.593182 11 0.0
0.058998 0.619549 0.199956 16 0.0
0.062918 0.636495 0.141903 16 0.0
0.057999 0.703053 0.224265 16 0.0
0.055078 0.602602 0.25801 16 0.0
0.059997 0.536044 0.175648 16 0.0
0.086803 0.898092 0.028639 14 0.999906
0.091932 0.90334 0.019863 14 0.999906
0.093468 0.905041 0.036689 14 0.999906
0.081675 0.892845 0.037414 14 0.999906
0.080138 0.891143 0.020588 14 0.999906
0.500786 0.540547 0.000848 1 0.0
0.381282 0.604443 0.001073 1 0.0
0.554724 0.641425 0.001142 1 0.0
0.620291 0.476652 0.000623 1 0.0
0.446849 0.439669 0.000554 1 0.0
0.959159 0.49555 0.451916 11 0.0
0.955541 0.592974 0.386524 11 0.0
0.964955 0.569893 0.562356 11 0.0
0.962777 0.398126 0.517307 11 0.0
0.953363 0.421207 0.341476 11 0.0
0.060624 0.145856 0.277903 15 0.0
0.974963 0.781142 0.782444 11 0.0
0.972112 0.826647 0.778097 11 0.0
0.976152 0.787639 0.849671 11 0.0
0.977813 0.735637 0.786792 11 0.0
0.973773 0.774646 0.715218 11 0.0
0.46504 0.499945 -0.000178 1 0.0
0.406708 0.616282 8.5e-05 1 0.0
0.359479 0.447016 -6.7e-05 1 0.0
0.523372 0.383608 -0.000441 1 0.0
0.5706 0.552874 -0.000289 1 0.0
0.328014 0.029161 0.811968 6 0.0
0.39885 0.028453 0.822983 6 0.0
0.319401 0.027409 0.867245 6 0.0
0.257178 0.029868 0.800952 6 0.0
0.336627 0.030913 0.756691 6 0.0
0.487961 0.063063 0.115289 6 0.0
0.964184 0.413387 0.466113 11 0.0
0.964658 0.509211 0.452804 11 0.0
0.970615 0.427163 0.565524 11 0.0
0.963711 0.317564 0.479421 11 0.0
0.957753 0.399612 0.366701 11 0.0
0.074486 0.112767 0.326255 3 0.0
0.059783 0.572585 0.189326 15 0.0
0.060489 0.669963 0.177099 15 0.0
0.056082 0.579982 0.248031 15 0.0
0.059077 0.475206 0.201553 15 0.0
0.063484 0.565187 0.130622 15 0.0
0.160954 0.058541 0.388332 7 0.0
0.027311 0.63865 0.790494 16 0.0
0.02529 0.657131 0.850158 16 0.0
0.026034 0.558336 0.815328 16 0.0
0.029333 0.620169 0.73083 16 0.0
0.074969 0.631969 0.034811 15 0.0
0.952197 0.588884 0.272842 11 0.0
0.950269 0.684953 0.286736 11 0.0
0.961775 0.577105 0.355615 11 0.0
0.954125 0.492814 0.258947 11 0.0
0.942619 0.600663 0.190068 11 0.0
0.12487 0.929111 0.092555 14 0.002208
0.967683 0.521676 0.574713 11 0.0
0.96433 0.629277 0.525127 11 0.0
0.971897 0.57531 0.690812 11 0.0
0.971036 0.414076 0.624298 11 0.0
0.963468 0.468043 0.458613 11 0.0
0.638036 0.827922 -8.3e-05 1 0.0
0.635473 0.858753 0.000781 1 0.0
0.549381 0.820543 0.000176 1 0.0
0.6406 0.79709 -0.000948 1 0.0
0.726692 0.8353 -0.000343 1 0.0
0.852213 0.220722 0.518416 11 1e-06
0.850157 0.271464 0.52132 11 1e-06
0.854268 0.169981 0.515512 11 1e-06
0.872482 0.060483 0.232781 6 0.001897
0.230214 0.131306 0.993528 12 0.0
0.224594 0.165633 0.994378 12 0.0
0.164159 0.120509 0.992766 12 0.0
0.235835 0.096979 0.992678 12 0.0
0.296269 0.142102 0.994291 12 0.0
0.941439 0.623383 0.128163 11 0.0
0.936872 0.624994 0.08767 11 0.0
0.940121 0.70493 0.131555 11 0.0
0.946005 0.621773 0.168655 11 0.0
0.942756 0.541836 0.124771 11 0.0
0.921064 0.114539 0.094408 10 0.954168
0.022675 0.735747 0.872381 15 0.0
0.023624 0.794232 0.868869 15 0.0
0.021782 0.738127 0.911763 15 0.0
0.021726 0.677262 0.875894 15 0.0
0.023568 0.733367 0.833 15 0.0
0.945585 0.055142 0.808579 10 0.0
0.381211 0.280936 -0.000337 1 0.0
0.4773 0.294839 -0.001111 1 0.0
0.371975 0.344732 -0.00088 1 0.0
0.285121 0.267033 0.000438 1 0.0
0.390446 0.217139 0.000207 1 0.0
0.082194 0.144286 0.655012 4 1e-06
0.069543 0.159971 0.691987 4 1e-06
0.083143 0.120853 0.665277 4 1e-06
0.094845 0.128601 0.618037 4 1e-06
0.081246 0.16772 0.644747 4 1e-06
0.029359 0.157878 0.913794 15 0.0
0.028784 0.172108 0.929794 15 0.0
0.027102 0.131904 0.936813 15 0.0
0.029933 0.143648 0.897794 15 0.0
0.031616 0.183852 0.890775 15 0.0
0.947023 0.331883 0.15482 11 0.0
0.95144 0.398468 0.167042 11 0.0
0.95212 0.323249 0.200019 11 0.0
0.942606 0.265298 0.142598 11 0.0
0.941926 0.340518 0.109621 11 0.0
0.085417 0.088127 0.212637 3 0.0
0.598491 0.028672 0.978335 8 0.0
0.027647 0.133523 0.906637 15 0.0
0.026448 0.136626 0.937243 15 0.0
0.027887 0.111617 0.908868 15 0.0
0.028845 0.130419 0.876032 15 0.0
0.027406 0.155428 0.904407 15 0.0
0.021269 0.930374 0.993955 14 1.0
0.044899 0.875702 0.540976 15 0.0
0.948239 0.037692 0.998274 10 0.999999
0.923151 0.077396 0.403159 10 0.0
0.227528 0.969755 0.859779 23 0.0
0.176997 0.969336 0.878142 23 0.0
0.241989 0.971183 0.899606 23 0.0
0.278058 0.970175 0.841416 23 0.0
0.213067 0.968328 0.819952 23 0.0
0.026669 0.386565 0.863245 15 0.0
0.025081 0.470613 0.862435 15 0.0
0.025109 0.386954 0.906696 15 0.0
0.028257 0.302517 0.864054 15 0.0
0.02823 0.386176 0.819793 15 0.0
0.933496 0.247045 0.032153 11 0.046414
0.906305 0.89764 0.996844 12 0.0
0.927897 0.906125 0.996359 12 0.0
0.91571 0.87377 0.997933 12 0.0
0.884713 0.889154 0.997329 12 0.0
0.8969 0.921509 0.995754 12 0.0
0.94065 0.882114 0.286972 11 1.8e-05
0.963801 0.882231 0.7588 11 0.0
0.945121 0.079582 0.665648 10 4e-06
0.075999 0.910019 0.311091 14 0.0
0.493509 0.066977 0.028558 9 0.0
0.974187 0.699086 0.986546 11 2e-06
0.930496 0.067882 0.57352 10 0.0
0.055157 0.793293 0.242778 15 0.0
0.049586 0.789507 0.317786 15 0.0
0.0551 0.762706 0.241231 15 0.0
0.060729 0.797078 0.167771 15 0.0
0.055214 0.823879 0.244326 15 0.0
0.122824 0.926037 0.231683 20 0.0
0.933087 0.137737 0.087968 11 0.0
0.930843 0.137683 0.059668 11 0.0
0.934191 0.147295 0.087862 11 0.0
0.935331 0.137791 0.116267 11 0.0
0.931984 0.128179 0.088074 11 0.0
0.031629 0.066353 0.981028 3 0.0
0.0279 0.073994 0.978244 3 0.0
0.028808 0.067147 0.986986 3 0.0
0.035358 0.058712 0.983812 3 0.0
0.03445 0.065559 0.97507 3 0.0
0.059075 0.735575 0.169352 15 0.0
0.058988 0.782222 0.178483 15 0.0
0.054905 0.725065 0.222998 15 0.0
0.059162 0.688929 0.16022 15 0.0
0.063246 0.746085 0.115705 15 0.0
0.930536 0.105776 0.993719 12 0.0
0.937276 0.132649 0.996005 12 0.0
0.944973 0.102075 0.994658 12 0.0
0.923797 0.078903 0.991433 12 0.0
0.916099 0.109476 0.992781 12 0.0
0.962478 0.884357 0.769048 11 0.0
0.068283 0.353141 0.061426 16 5.6e-05
0.076744 0.802229 0.002912 14 0.999994
0.820535 0.794493 0.00292 1 0.0
0.833835 0.836633 0.002713 1 0.0
0.851979 0.784568 0.002824 1 0.0
0.807234 0.752354 0.003126 1 0.0
0.78909 0.804419 0.003015 1 0.0
0.93731 0.398659 0.062863 11 0.001175
0.938547 0.456769 0.076989 11 0.000135
0.114584 0.919775 0.050115 14 0.189223
0.547962 0.091779 0.048196 9 0.0
0.977085 0.330756 0.759757 11 0.0
0.978572 0.378721 0.806804 11 0.0
0.976001 0.274348 0.817298 11 0.0
0.975598 0.282792 0.712709 11 0.0
0.97817 0.387164 0.702215 11 0.0
0.057682 0.240505 0.348603 15 0.0
0.058474 0.282526 0.343596 15 0.0
0.053884 0.252443 0.448191 15 0.0
0.05689 0.198483 0.35361 15 0.0
0.06148 0.228567 0.249015 15 0.0
0.894473 0.933658 0.257184 18 0.000994
0.161185 0.92073 0.565676 20 0.0
0.87761 0.270143 0.995083 12 0.0
0.875723 0.349682 0.997277 12 0.0
0.844351 0.269368 0.994559 12 0.0
0.879497 0.190603 0.99289 12 0.0
0.910869 0.270917 0.995608 12 0.0
0.979085 0.571806 0.785922 11 0.0
0.976579 0.679336 0.801567 11 0.0
0.978626 0.562518 0.849682 11 0.0
0.981591 0.464276 0.770277 11 0.0
0.979545 0.581093 0.722162 11 0.0
0.929203 0.497896 0.019706 11 0.000168
0.266423 0.056495 0.311673 6 0.0
0.214767 0.057351 0.3147 6 0.0
0.272122 0.050476 0.410629 6 0.0
0.318079 0.055638 0.308645 6 0.0
0.260724 0.062514 0.212717 6 0.0
0.074515 0.789825 0.362079 15 0.0
0.076976 0.834567 0.365074 15 0.0
0.061424 0.782818 0.477493 15 0.0
0.072053 0.745083 0.359083 15 0.0
0.087605 0.796832 0.246665 15 0.0
0.921143 0.527021 0.013468 11 3.4e-05
0.258409 0.955154 0.585512 21 0.0
0.313483 0.954666 0.584432 21 0.0
0.260538 0.960186 0.691756 21 0.0
0.203334 0.955642 0.586593 21 0.0
0.25628 0.950122 0.479269 21 0.0
0.047877 0.934483 0.787346 14 2.1e-05
0.947359 0.088527 0.98044 13 0.999964
0.953588 0.094412 0.974238 13 0.999964
0.946753 0.095652 0.986592 13 0.999964
0.941131 0.082642 0.986642 13 0.999964
0.947966 0.081401 0.974289 13 0.999964
0.03222 0.086383 0.897335 3 0.0
0.065898 0.233792 0.191448 15 0.0
0.064163 0.27647 0.19811 15 0.0
0.063808 0.224316 0.251603 15 0.0
0.067633 0.191114 0.184785 15 0.0
0.067988 0.243268 0.131292 15 0.0
0.152297 0.268168 0.002698 1 0.0
0.147752 0.330042 0.001882 1 0.0
0.177405 0.270016 0.002964 1 0.0
0.156843 0.206293 0.003514 1 0.0
0.12719 0.26632 0.002432 1 0.0
0.29807 0.785455 0.000525 1 0.0
0.366791 0.763831 0.00029 1 0.0
0.285784 0.746409 0.000711 1 0.0
0.229348 0.807079 0.00076 1 0.0
0.310355 0.824501 0.000338 1 0.0
0.069183 0.973213 0.984224 14 1e-06
0.82209 0.947001 0.924463 23 0.0
0.824938 0.948033 0.943923 23 0.0
0.779676 0.952759 0.930367 23 0.0
0.819241 0.945969 0.905003 23 0.0
0.864503 0.941243 0.91856 23 0.0
0.139898 0.286331 0.002243 1 0.0
0.118884 0.289094 0.001483 1 0.0
0.131597 0.223643 0.003924 1 0.0
0.160912 0.283569 0.003004 1 0.0
0.148199 0.34902 0.000563 1 0.0
0.954325 0.671631 0.275206 11 0.0
0.948924 0.704967 0.223336 11 0.0
0.954107 0.735537 0.3163 11 0.0
0.959725 0.638295 0.327077 11 0.0
0.954542 0.607726 0.234113 11 0.0
0.957541 0.304384 0.313529 11 0.0
0.958262 0.353622 0.294184 11 0.0
0.966855 0.341227 0.407655 11 0.0
0.95682 0.255146 0.332873 11 0.0
0.948227 0.267541 0.219403 11 0.0
0.979105 0.703597 0.899719 11 0.0
0.979244 0.772901 0.912097 11 0.0
0.979196 0.698594 0.927731 11 0.0
0.978967 0.634294 0.88734 11 0.0
0.979015 0.708601 0.871706 11 0.0
0.034777 0.915658 0.841531 15 5e-06
0.3093 0.967101 0.7619 24 0.0
0.246515 0.968573 0.799029 24 0.0
0.346336 0.96938 0.824438 24 0.0
0.372084 0.965629 0.724771 24 0.0
0.272263 0.964822 0.699362 24 0.0
0.928892 0.871953 0.059454 19 0.225275
0.128537 0.136428 0.995334 12 0.0
0.109718 0.168596 0.994935 12 0.0
0.158574 0.154004 0.995624 12 0.0
0.147356 0.104259 0.995733 12 0.0
0.0985 0.118852 0.995044 12 0.0
0.978642 0.726468 0.830669 11 0.0
0.976544 0.788028 0.827512 11 0.0
0.977417 0.729112 0.883018 11 0.0
0.980739 0.664909 0.833826 11 0.0
0.979866 0.723825 0.77832 11 0.0
0.073891 0.149167 0.002827 2 0.999999
0.594696 0.071194 0.027203 9 0.0
0.849648 0.922103 0.411204 17 0.0
0.939309 0.157734 0.705007 11 0.0
0.945702 0.190966 0.692445 11 0.0
0.942622 0.172371 0.745416 11 0.0
0.932915 0.124501 0.717569 11 0.0
0.935995 0.143096 0.664599 11 0.0
0.870806 0.975281 0.947254 22 0.0
0.875029 0.975576 0.931396 22 0.0
0.890749 0.975234 0.952563 22 0.0
0.866584 0.974986 0.963111 22 0.0
0.850864 0.975329 0.941944 22 0.0
0.781413 0.288018 8.1e-05 1 0.0
0.76523 0.355459 -0.000422 1 0.0
0.737816 0.277549 -0.001041 1 0.0
0.797595 0.220578 0.000583 1 0.0
0.825009 0.298488 0.001203 1 0.0
0.09126 0.903235 0.404025 14 0.000142
0.949557 0.04352 0.990611 10 0.000426
0.153093 0.781595 0.002421 1 0.0
0.148653 0.828372 0.002717 1 0.0
0.179161 0.784066 0.003072 1 0.0
0.157534 0.734818 0.002124 1 0.0
0.127025 0.779125 0.001769 1 0.0
0.854438 0.589686 0.002265 1 0.0
0.065736 0.502875 0.095235 15 2.1e-05
0.913894 0.105248 0.99325 12 0.0
0.927699 0.098629 0.994105 12 0.0
0.901594 0.079919 0.995746 12 0.0
0.900088 0.111868 0.992395 12 0.0
0.926193 0.130577 0.990754 12 0.0
0.97761 0.866522 0.913864 19 0.0
0.977013 0.882873 0.905531 19 0.0
0.977897 0.87971 0.939722 19 0.0
0.978207 0.85017 0.922197 19 0.0
0.977323 0.853334 0.888006 19 0.0
0.719215 0.546957 -0.001056 1 0.0
0.783701 0.554292 1.4e-05 1 0.0
0.732513 0.430156 -0.001876 1 0.0
0.654729 0.539623 -0.002127 1 0.0
0.705917 0.663759 -0.000236 1 0.0
0.071386 0.752187 0.533451 15 0.0
0.073872 0.810726 0.524411 15 0.0
0.069041 0.769348 0.643933 15 0.0
0.0689 0.693648 0.542491 15 0.0
0.073731 0.735026 0.422969 15 0.0
0.039344 0.082755 0.821025 3 0.0
0.282907 0.027696 0.867805 6 0.0
0.351079 0.026567 0.862361 6 0.0
0.286264 0.02584 0.910236 6 0.0
0.214735 0.028826 0.873249 6 0.0
0.279549 0.029553 0.825374 6 0.0
0.292535 0.6805 0.000787 1 0.0
0.248851 0.750784 0.001867 1 0.0
0.347939 0.714952 -0.000313 1 0.0
0.336218 0.610216 -0.000293 1 0.0
0.23713 0.646048 0.001887 1 0.0
0.974782 0.731112 0.741967 11 0.0
0.970963 0.79233 0.736324 11 0.0
0.974445 0.738452 0.82183 11 0.0
0.978602 0.669894 0.747609 11 0.0
0.975119 0.723772 0.662104 11 0.0
0.91935 0.082263 0.319178 10 0.0
0.065782 0.113522 0.292062 3 0.0
0.1218 0.066092 0.298188 6 5e-06
0.027603 0.899015 0.868714 15 0.0
0.027022 0.899794 0.843664 15 0.0
0.029926 0.908865 0.868967 15 0.0
0.028184 0.898235 0.893764 15 0.0
0.02528 0.889164 0.868461 15 0.0
0.976657 0.14783 0.908782 11 0.0
0.978073 0.171253 0.917249 11 0.0
0.976464 0.137879 0.936344 11 0.0
0.975241 0.124406 0.900315 11 0.0
0.976851 0.157781 0.88122 11 0.0
0.682186 0.023814 0.979339 8 0.0
0.160795 0.965977 0.787745 23 0.0
0.191099 0.966457 0.787638 23 0.0
0.160994 0.968208 0.854168 23 0.0
0.130491 0.965498 0.787852 23 0.0
0.160595 0.963747 0.721322 23 0.0
0.609651 0.795068 0.000179 1 0.0
0.606652 0.83618 0.001723 1 0.0
0.525385 0.788882 0.001162 1 0.0
0.612651 0.753956 -0.001365 1 0.0
0.693918 0.801254 -0.000805 1 0.0
0.265084 0.251426 0.999567 12 0.0
0.28814 0.318621 1.000705 12 0.0
0.192889 0.276199 0.999489 12 0.0
0.242029 0.184232 0.998429 12 0.0
0.33728 0.226654 0.999645 12 0.0
0.950643 0.440837 0.203903 11 0.0
0.950981 0.535334 0.200076 11 0.0
0.956704 0.443264 0.264386 11 0.0
0.950305 0.346339 0.20773 11 0.0
0.944582 0.438409 0.14342 11 0.0
0.335129 0.131848 0.994838 12 0.0
0.236448 0.13313 0.99376 12 0.0
0.334669 0.095904 0.994223 12 0.0
0.43381 0.130567 0.995917 12 0.0
0.335589 0.167793 0.995454 12 0.0
0.888754 0.835308 0.011731 1 0.0
0.889611 0.860742 0.014455 1 0.0
0.874873 0.835699 0.012443 1 0.0
0.887896 0.809873 0.009007 1 0.0
0.902634 0.834916 0.011019 1 0.0
0.572577 0.495119 0.880895 12 0.0
0.612677 0.600601 0.884804 12 0.0
0.478507 0.531335 0.868652 12 0.0
0.666647 0.458904 0.893139 12 0.0
0.160391 0.670379 0.00494 1 0.0
0.188995 0.67267 0.004906 1 0.0
0.166769 0.590733 0.005385 1 0.0
0.131787 0.668089 0.004974 1 0.0
0.154013 0.750026 0.004495 1 0.0
0.707709 0.722078 0.99492 12 0.0
0.684219 0.791078 0.993745 12 0.0
0.784741 0.748294 0.99441 12 0.0
0.7312 0.653077 0.996096 12 0.0
0.630678 0.695862 0.995431 12 0.0
0.337655 0.631121 0.998526 12 0.0
0.424022 0.671458 0.998295 12 0.0
0.291618 0.72969 0.998094 12 0.0
0.251289 0.590785 0.998758 12 0.0
0.383692 0.532553 0.998959 12 0.0
0.630315 0.474884 0.124367 1 0.0
0.595457 0.585935 0.153638 1 0.0
0.558154 0.449584 0.134416 1 0.0
0.665173 0.363833 0.095095 1 0.0
0.702475 0.500183 0.114317 1 0.0
0.665525 0.493815 0.03313 1 0.0
0.661567 0.60618 0.032862 1 0.0
0.580451 0.490811 0.030247 1 0.0
0.669483 0.38145 0.033398 1 0.0
0.750599 0.496819 0.036013 1 0.0
0.598111 0.407901 0.996975 12 0.0
0.680899 0.484998 0.99743 12 0.0
0.682476 0.317314 0.996067 12 0.0
0.515323 0.330803 0.99652 12 0.0
0.513746 0.498487 0.997883 12 0.0
0.919128 0.808268 0.698204 19 0.0
0.91026 0.857631 0.704006 19 0.0
0.936283 0.800009 0.794692 19 0.0
0.927995 0.758906 0.692402 19 0.0
0.901972 0.816528 0.601715 19 0.0
0.065323 0.191083 0.177086 4 0.0
0.064908 0.21856 0.179965 4 0.0
0.063304 0.18518 0.233146 4 0.0
0.065739 0.163605 0.174208 4 0.0
0.067343 0.196986 0.121027 4 0.0
0.299003 0.611956 0.902505 12 0.0
0.281423 0.716959 0.907861 12 0.0
0.316583 0.506952 0.897148 12 0.0
0.383319 0.625482 0.914057 12 0.0
0.973606 0.5828 0.593804 11 0.0
0.968409 0.601713 0.506386 11 0.0
0.970841 0.685488 0.616186 11 0.0
0.978804 0.563886 0.681222 11 0.0
0.976372 0.480111 0.571422 11 0.0
0.636391 0.33127 -0.001665 1 0.0
0.644881 0.413182 -0.001802 1 0.0
0.546373 0.340598 -0.00223 1 0.0
0.627901 0.249357 -0.001528 1 0.0
0.726409 0.321941 -0.0011 1 0.0
0.789565 0.607689 0.996707 12 0.0
0.79985 0.722503 0.99566 12 0.0
0.85013 0.602259 0.996231 12 0.0
0.77928 0.492874 0.997754 12 0.0
0.728999 0.613118 0.997182 12 0.0
0.632625 0.292685 0.995627 12 0.0
0.642504 0.370376 0.997411 12 0.0
0.525391 0.306319 0.995653 12 0.0
0.622747 0.214994 0.993843 12 0.0
0.73986 0.27905 0.995601 12 0.0
0.851271 0.421921 0.002206 1 0.0
0.847459 0.47428 0.698045 11 0.0
0.872496 0.593927 0.697124 11 0.0
0.846748 0.475071 0.781413 11 0.0
0.822423 0.354633 0.698967 11 0.0
0.848171 0.473489 0.614677 11 0.0
0.907669 0.596367 0.712723 11 0.0
0.896843 0.706586 0.704705 11 0.0
0.901755 0.602084 0.799293 11 0.0
0.918495 0.486148 0.720741 11 0.0
0.913583 0.59065 0.626153 11 0.0
0.493739 0.217186 0.000112 1 0.0
0.492943 0.263338 -0.000395 1 0.0
0.397532 0.215541 0.001487 1 0.0
0.494535 0.171033 0.00062 1 0.0
0.589945 0.21883 -0.001262 1 0.0
0.726455 0.974495 0.945579 23 0.0
0.502967 0.674368 0.001519 1 0.0
0.494739 0.75195 0.002687 1 0.0
0.634079 0.688272 0.001546 1 0.0
0.511194 0.596786 0.000351 1 0.0
0.371855 0.660465 0.001492 1 0.0
0.501497 0.353268 0.000756 2 0.0
0.640612 0.460111 0.001067 2 0.0
0.362523 0.523609 0.081859 1 0.0
0.38268 0.637615 0.076744 1 0.0
0.451156 0.507437 0.070671 1 0.0
0.27389 0.539782 0.093047 1 0.0
0.032689 0.520674 0.729151 15 0.0
0.033169 0.640151 0.710963 15 0.0
0.029381 0.533105 0.810725 15 0.0
0.032208 0.401197 0.747339 15 0.0
0.035996 0.508243 0.647578 15 0.0
0.608345 0.490374 -0.001403 1 0.0
0.614586 0.620438 -0.001268 1 0.0
0.515057 0.494851 -0.001223 1 0.0
0.602103 0.360311 -0.001538 1 0.0
0.701632 0.485898 -0.001583 1 0.0
0.141411 0.761463 0.023663 1 0.0
0.131881 0.795521 0.02442 1 0.0
0.154089 0.764999 0.024188 1 0.0
0.150941 0.727405 0.022906 1 0.0
0.128733 0.757927 0.023138 1 0.0
0.089594 0.448788 0.009835 16 0.99965
0.358851 0.970449 0.852269 23 0.0
0.434369 0.97214 0.857275 23 0.0
0.355777 0.972316 0.89802 23 0.0
0.283332 0.968758 0.847264 23 0.0
0.361925 0.968582 0.806519 23 0.0
0.278664 0.726448 0.998417 12 0.0
0.262324 0.802968 0.997594 12 0.0
0.201342 0.709948 0.99946 12 0.0
0.295004 0.649927 0.99924 12 0.0
0.355986 0.742948 0.997375 12 0.0
0.06264 0.466597 0.171224 16 0.0
0.063107 0.558514 0.168499 16 0.0
0.059201 0.468225 0.225527 16 0.0
0.066079 0.46497 0.116922 16 0.0
0.402636 0.487979 0.996501 12 0.0
0.285175 0.473729 0.995922 12 0.0
0.420091 0.344128 0.995902 12 0.0
0.520097 0.502229 0.997079 12 0.0
0.385181 0.63183 0.997099 12 0.0
0.366338 0.254324 0.998766 12 0.0
0.344245 0.315904 0.999027 12 0.0
0.262297 0.216997 0.998815 12 0.0
0.388431 0.192745 0.998506 12 0.0
0.470379 0.291652 0.998718 12 0.0
0.045578 0.310307 0.548661 15 0.0
0.042796 0.385017 0.555033 15 0.0
0.039022 0.298027 0.689775 15 0.0
0.04836 0.235597 0.542289 15 0.0
0.052134 0.322586 0.407547 15 0.0
0.682771 0.275094 -0.002638 1 0.0
0.701522 0.335032 -0.002855 1 0.0
0.757089 0.251847 -0.001625 1 0.0
0.664019 0.215156 -0.002421 1 0.0
0.608452 0.29834 -0.003651 1 0.0
0.39786 0.67546 -0.001035 1 0.0
0.407985 0.752975 -0.000347 1 0.0
0.499275 0.662226 -0.002413 1 0.0
0.387735 0.597946 -0.001723 1 0.0
0.296446 0.688695 0.000344 1 0.0
0.955422 0.501844 0.303431 11 0.0
0.946513 0.520006 0.216187 11 0.0
0.955679 0.607596 0.325419 11 0.0
0.96433 0.483683 0.390675 11 0.0
0.955164 0.396093 0.281443 11 0.0
0.931157 0.763518 0.05245 19 0.0
0.928343 0.804511 0.051478 19 0.0
0.932472 0.764007 0.069275 19 0.0
0.933971 0.722524 0.053422 19 0.0
0.929842 0.763028 0.035625 19 0.0
0.502682 0.547717 0.997186 12 0.0
0.514432 0.677819 0.996595 12 0.0
0.649093 0.534495 0.997436 12 0.0
0.490932 0.417615 0.997777 12 0.0
0.356271 0.560938 0.996936 12 0.0
0.972211 0.498703 0.789151 11 0.0
0.972399 0.627233 0.78761 11 0.0
0.972505 0.499485 0.854446 11 0.0
0.972024 0.370173 0.790693 11 0.0
0.971918 0.49792 0.723856 11 0.0
0.057606 0.181359 0.353269 15 0.0
0.975893 0.540959 0.713982 11 0.0
0.976402 0.544821 0.801662 11 0.0
0.978312 0.422986 0.719164 11 0.0
0.975383 0.537096 0.626302 11 0.0
0.973474 0.658931 0.708799 11 0.0
0.97118 0.601702 0.556131 11 0.0
0.971613 0.679968 0.632606 11 0.0
0.977057 0.541981 0.617217 11 0.0
0.970748 0.523437 0.479656 11 0.0
0.965304 0.661423 0.495045 11 0.0
0.038377 0.266606 0.675157 15 0.0
0.043069 0.266055 0.573207 15 0.0
0.037207 0.327599 0.674773 15 0.0
0.033686 0.267157 0.777106 15 0.0
0.039548 0.205613 0.67554 15 0.0
0.073588 0.949767 0.775 14 0.0
0.293252 0.950497 0.995495 12 1e-06
0.097527 0.811167 0.34524 15 0.0
0.098134 0.849086 0.349579 15 0.0
0.080778 0.799757 0.447287 15 0.0
0.09692 0.773249 0.3409 15 0.0
0.114276 0.822577 0.243192 15 0.0
0.977483 0.468403 0.889652 11 0.0
0.700189 0.713863 -0.001122 1 0.0
0.771943 0.717789 -0.00025 1 0.0
0.703856 0.64703 -0.001901 1 0.0
0.628436 0.709937 -0.001994 1 0.0
0.696523 0.780696 -0.000342 1 0.0
0.395843 0.806853 0.000182 1 0.0
0.297205 0.814725 0.000866 1 0.0
0.398821 0.844105 0.000782 1 0.0
0.494481 0.79898 -0.000501 1 0.0
0.392866 0.7696 -0.000417 1 0.0
0.339373 0.025978 0.921725 8 0.0
0.961924 0.420283 0.619506 11 0.0
0.963027 0.51996 0.576427 11 0.0
0.966651 0.465949 0.72529 11 0.0
0.960821 0.320605 0.662586 11 0.0
0.957197 0.374616 0.513723 11 0.0
0.052492 0.3777 0.400431 15 0.0
0.048722 0.455149 0.401224 15 0.0
0.04627 0.376144 0.522832 15 0.0
0.056263 0.300251 0.399638 15 0.0
0.058714 0.379257 0.27803 15 0.0
0.946191 0.517729 0.176402 11 0.0
0.940739 0.518487 0.122244 11 0.0
0.945326 0.625324 0.177996 11 0.0
0.951643 0.516971 0.23056 11 0.0
0.947056 0.410134 0.174808 11 0.0
0.935469 0.512377 0.060198 11 4e-06
0.047857 0.881771 0.535376 15 1e-06
0.049392 0.713336 0.979274 12 2.9e-05
0.80938 0.602725 0.001349 1 0.0
0.820951 0.704863 0.004446 1 0.0
0.773807 0.606785 0.000364 1 0.0
0.797809 0.500588 -0.001748 1 0.0
0.844954 0.598665 0.002334 1 0.0
0.976586 0.663965 0.738138 11 0.0
0.972948 0.732915 0.801276 11 0.0
0.979083 0.617816 0.78868 11 0.0
0.980223 0.595015 0.675 11 0.0
0.974088 0.710115 0.687596 11 0.0
0.973476 0.508564 0.707482 11 0.0
0.974883 0.628265 0.744258 11 0.0
0.974748 0.484256 0.786552 11 0.0
0.972068 0.388863 0.670707 11 0.0
0.972203 0.532872 0.628413 11 0.0
0.404577 0.025731 0.905539 8 0.0
0.969153 0.148569 0.739235 11 0.0
0.041809 0.116119 0.706134 15 0.0
0.050304 0.606709 0.376232 16 0.0
0.051404 0.695466 0.36469 16 0.0
0.057431 0.591309 0.258484 16 0.0
0.826103 0.976748 0.984056 22 0.0
0.580001 0.621849 -0.000964 1 0.0
0.680733 0.573734 -0.000836 1 0.0
0.541302 0.540825 -0.0015 1 0.0
0.479269 0.669963 -0.001091 1 0.0
0.618701 0.702872 -0.000427 1 0.0
0.024413 0.560108 0.894012 15 0.0
0.022289 0.645707 0.987596 15 4e-06
0.088752 0.807329 0.53542 15 0.0
0.09393 0.85285 0.530709 15 0.0
0.078762 0.817826 0.625861 15 0.0
0.083573 0.761809 0.540131 15 0.0
0.098741 0.796833 0.444979 15 0.0
0.213737 0.394762 0.938819 12 0.0
0.155476 0.407332 0.936309 12 0.0
0.190466 0.284873 0.928649 12 0.0
0.271999 0.382192 0.941329 12 0.0
0.237008 0.504651 0.94899 12 0.0
0.607094 0.510362 -0.000616 1 0.0
0.587691 0.637812 -0.000448 1 0.0
0.509324 0.495479 -0.000911 1 0.0
0.626496 0.382912 -0.000783 1 0.0
0.704863 0.525246 -0.000321 1 0.0
0.846101 0.501417 0.002221 2 0.0
0.730576 0.673617 0.885419 12 1e-06
0.780564 0.747683 0.909484 12 1e-06
0.685307 0.703803 0.886545 12 1e-06
0.680589 0.59955 0.861354 12 1e-06
0.775846 0.64343 0.884293 12 1e-06
0.342317 0.490662 -0.000534 1 0.0
0.426103 0.489931 -0.000976 1 0.0
0.34117 0.359127 -0.000526 1 0.0
0.25853 0.491393 -9.3e-05 1 0.0
0.343464 0.622197 -0.000542 1 0.0
0.760063 0.585875 0.99677 12 0.0
0.753972 0.706509 0.996165 12 0.0
0.83009 0.589405 0.99571 12 0.0
0.766153 0.46524 0.997376 12 0.0
0.690035 0.582345 0.99783 12 0.0
0.232697 0.563008 0.999751 12 0.0
0.298391 0.563929 1.000012 12 0.0
0.230892 0.692033 0.998837 12 0.0
0.167004 0.562087 0.999491 12 0.0
0.234503 0.433983 1.000665 12 0.0
0.974069 0.28131 0.692038 11 0.0
0.978545 0.342371 0.702692 11 0.0
0.973892 0.264871 0.786332 11 0.0
0.969593 0.220248 0.681384 11 0.0
0.974246 0.297749 0.597744 11 0.0
0.502646 0.500358 0.002629 1 0.0
0.581923 0.605335 0.00312 1 0.0
0.398593 0.57894 0.002148 1 0.0
0.423369 0.395381 0.002139 1 0.0
0.606699 0.421777 0.00311 1 0.0
0.71582 0.47003 0.996832 12 0.0
0.798932 0.4697 0.995919 12 0.0
0.715271 0.332236 0.996619 12 0.0
0.632707 0.47036 0.997744 12 0.0
0.716368 0.607824 0.997044 12 0.0
0.848864 0.723393 0.570887 19 0.0
0.846827 0.784559 0.583519 19 0.0
0.877413 0.698408 0.696462 19 0.0
0.8509 0.662227 0.558254 19 0.0
0.040761 0.304099 0.73821 15 0.0
0.037979 0.381417 0.732662 15 0.0
0.038504 0.310036 0.822074 15 0.0
0.043543 0.226781 0.743758 15 0.0
0.043019 0.298162 0.654346 15 0.0
0.947485 0.785698 0.322778 19 0.0
0.943774 0.821443 0.328485 19 0.0
0.955707 0.770725 0.421913 19 0.0
0.951196 0.749954 0.317071 19 0.0
0.939263 0.800672 0.223642 19 0.0
0.717866 0.959178 0.635936 21 0.0
0.77188 0.959163 0.620706 21 0.0
0.748173 0.965048 0.743418 21 0.0
0.663851 0.959193 0.651165 21 0.0
0.687559 0.953308 0.528453 21 0.0
0.877874 0.712639 0.444181 11 0.0
0.862276 0.707616 0.318616 11 0.0
0.868108 0.775958 0.442862 11 0.0
0.893473 0.717662 0.569747 11 0.0
0.88764 0.649319 0.445501 11 0.0
0.046553 0.06205 0.817107 3 0.0
0.199943 0.942646 0.368242 21 0.0
0.170511 0.9434 0.365084 21 0.0
0.190742 0.948798 0.455454 21 0.0
0.229375 0.941893 0.3714 21 0.0
0.209143 0.936495 0.28103 21 0.0
0.821336 0.195125 -0.000106 1 0.0
0.850646 0.208511 0.00035 1 0.0
0.804353 0.232306 4e-05 1 0.0
0.792027 0.181739 -0.000562 1 0.0
0.838319 0.157943 -0.000252 1 0.0
0.826318 0.691956 0.996727 12 0.0
0.843188 0.781009 0.995878 12 0.0
0.871159 0.683464 0.996986 12 0.0
0.809448 0.602903 0.997575 12 0.0
0.781477 0.700448 0.996467 12 0.0
0.754594 0.501764 0.953663 12 0.0
0.777913 0.644897 0.949051 12 0.0
0.820501 0.490879 0.949101 12 0.0
0.731275 0.358631 0.958274 12 0.0
0.688687 0.512649 0.958225 12 0.0
0.878175 0.336775 0.995151 12 0.0
0.179839 0.096048 0.156549 9 0.0
0.200836 0.095057 0.162556 9 0.0
0.166218 0.103202 0.205338 9 0.0
0.158841 0.097039 0.150541 9 0.0
0.193459 0.088894 0.107759 9 0.0
0.819828 0.51058 0.739583 11 0.0
0.850973 0.636458 0.725068 11 0.0
0.829658 0.51719 0.818001 11 0.0
0.788684 0.384702 0.754098 11 0.0
0.809999 0.503969 0.661165 11 0.0
0.681857 0.973595 0.888447 23 0.0
0.678207 0.974679 0.922409 23 0.0
0.605685 0.973206 0.880272 23 0.0
0.685508 0.972512 0.854485 23 0.0
0.75803 0.973985 0.896622 23 0.0
0.967677 0.620681 0.870359 11 0.0
0.962676 0.714764 0.867342 11 0.0
0.967113 0.621967 0.9114 11 0.0
0.972679 0.526598 0.873377 11 0.0
0.968241 0.619395 0.829318 11 0.0
0.617026 0.9648 0.728406 23 0.0
0.695934 0.967533 0.771017 23 0.0
0.585882 0.968126 0.785867 23 0.0
0.64817 0.961474 0.670945 23 0.0
0.915636 0.870966 0.724881 11 0.0
0.908815 0.897186 0.721442 11 0.0
0.921764 0.88018 0.782969 11 0.0
0.922456 0.844746 0.728321 11 0.0
0.909508 0.861752 0.666794 11 0.0
0.659603 0.232731 0.091349 2 0.0
0.671374 0.279715 0.098538 2 0.0
0.585084 0.248231 0.112063 2 0.0
0.647831 0.185747 0.084159 2 0.0
0.734121 0.217231 0.070634 2 0.0
0.511203 0.486912 0.074216 1 0.0
0.634637 0.482195 0.066521 1 0.0
0.506632 0.367661 0.07399 1 0.0
0.387769 0.49163 0.08191 1 0.0
0.515775 0.606164 0.074441 1 0.0
0.523706 0.521906 0.007779 1 0.0
0.641918 0.540918 0.007215 1 0.0
0.543642 0.397936 0.007087 1 0.0
0.405495 0.502893 0.008342 1 0.0
0.503771 0.645875 0.008471 1 0.0
0.190263 0.939039 0.296231 21 0.0
0.192642 0.943579 0.365737 21 0.0
0.21472 0.939553 0.29536 21 0.0
0.187884 0.934499 0.226724 21 0.0
0.165806 0.938525 0.297101 21 0.0
0.496275 0.502199 0.87852 12 0.0
0.620598 0.535656 0.893293 12 0.0
0.371952 0.468742 0.863746 12 0.0
0.35419 0.678485 0.995607 12 0.0
0.451894 0.633375 0.997419 12 0.0
0.391307 0.758829 0.994442 12 0.0
0.256487 0.723596 0.993796 12 0.0
0.317073 0.598142 0.996773 12 0.0
0.203844 0.309442 0.968379 12 0.0
0.148086 0.323616 0.964731 12 0.0
0.183079 0.226498 0.963479 12 0.0
0.259602 0.295268 0.972026 12 0.0
0.224609 0.392386 0.973278 12 0.0
0.061697 0.494698 0.172117 15 0.0
0.061033 0.611375 0.167769 15 0.0
0.058406 0.496669 0.225523 15 0.0
0.062362 0.37802 0.176465 15 0.0
0.064989 0.492726 0.118711 15 0.0
0.320991 0.456078 0.930149 12 0.0
0.313694 0.585543 0.933282 12 0.0
0.225486 0.451015 0.916936 12 0.0
0.328289 0.326614 0.927016 12 0.0
0.416496 0.461142 0.943362 12 0.0
0.83333 0.966357 0.746266 17 0.0
0.86031 0.965298 0.741352 17 0.0
0.847658 0.970191 0.824107 17 0.0
0.806351 0.967417 0.75118 17 0.0
0.819002 0.962524 0.668425 17 0.0
0.343127 0.602064 -0.000893 1 0.0
0.415002 0.635804 -0.001356 1 0.0
0.387937 0.506592 -0.001852 1 0.0
0.271251 0.568324 -0.00043 1 0.0
0.298316 0.697537 6.6e-05 1 0.0
0.932865 0.095165 0.341006 10 0.95561
0.964439 0.71364 0.72307 11 0.0
0.956898 0.781713 0.716708 11 0.0
0.965353 0.721756 0.808828 11 0.0
0.971979 0.645567 0.729432 11 0.0
0.963525 0.705524 0.637312 11 0.0
0.951447 0.711091 0.312152 11 0.0
0.946948 0.767431 0.299073 11 0.0
0.957883 0.732922 0.403976 11 0.0
0.955946 0.654751 0.325232 11 0.0
0.945011 0.68926 0.220329 11 0.0
0.959759 0.514774 0.389615 11 0.0
0.950893 0.546985 0.277636 11 0.0
0.960578 0.621857 0.420353 11 0.0
0.968624 0.482562 0.501593 11 0.0
0.958939 0.407691 0.358876 11 0.0
0.493387 0.38597 0.00047 1 0.0
0.465095 0.475893 7.7e-05 1 0.0
0.372003 0.347782 0.001061 1 0.0
0.521679 0.296047 0.000862 1 0.0
0.614772 0.424158 -0.000121 1 0.0
0.569421 0.624671 0.997088 12 0.0
0.5705 0.733505 0.996079 12 0.0
0.696448 0.623412 0.997083 12 0.0
0.568343 0.515836 0.998097 12 0.0
0.442395 0.62593 0.997093 12 0.0
0.974542 0.636603 0.665573 11 0.0
0.973618 0.700133 0.759408 11 0.0
0.979198 0.572937 0.708724 11 0.0
0.975466 0.573073 0.571738 11 0.0
0.969885 0.70027 0.622423 11 0.0
0.506486 0.456584 0.996715 12 0.0
0.480424 0.586085 0.99706 12 0.0
0.64874 0.48521 0.997851 12 0.0
0.532548 0.327083 0.996371 12 0.0
0.364231 0.427958 0.99558 12 0.0
0.033429 0.111847 0.802447 15 0.0
0.202927 0.063093 0.150691 6 0.0
0.173744 0.063721 0.152369 6 0.0
0.205591 0.060844 0.197856 6 0.0
0.23211 0.062466 0.149013 6 0.0
0.200264 0.065343 0.103525 6 0.0
0.564247 0.621679 0.000266 1 0.0
0.674301 0.638939 0.000839 1 0.0
0.578805 0.528871 -0.00039 1 0.0
0.454194 0.60442 -0.000307 1 0.0
0.549689 0.714488 0.000922 1 0.0
0.046884 0.560454 0.475468 15 0.0
0.047943 0.663429 0.454688 15 0.0
0.038346 0.590035 0.62162 15 0.0
0.045825 0.457478 0.496249 15 0.0
0.055421 0.530872 0.329316 15 0.0
0.963705 0.441354 0.503795 11 0.0
0.9638 0.523166 0.468265 11 0.0
0.969384 0.499081 0.636732 11 0.0
0.96361 0.359543 0.539325 11 0.0
0.958026 0.383628 0.370859 11 0.0
0.527355 0.571901 0.001366 1 0.0
0.645835 0.591132 0.000838 1 0.0
0.544834 0.4642 0.00084 1 0.0
0.408875 0.55267 0.001895 1 0.0
0.509876 0.679602 0.001892 1 0.0
0.427023 0.488573 -0.000139 1 0.0
0.423051 0.609668 -0.000444 1 0.0
0.536086 0.492149 -0.000516 1 0.0
0.430994 0.367478 0.000167 1 0.0
0.317959 0.484997 0.000238 1 0.0
0.045547 0.382443 0.516789 15 0.0
0.043559 0.477597 0.516582 15 0.0
0.0373 0.382594 0.666018 15 0.0
0.047536 0.287289 0.516995 15 0.0
0.053795 0.382292 0.36756 15 0.0
0.944687 0.508086 0.176702 11 0.0
0.939891 0.51201 0.123984 11 0.0
0.944718 0.620719 0.185081 11 0.0
0.949482 0.504163 0.229421 11 0.0
0.944656 0.395453 0.168323 11 0.0
0.053147 0.896571 0.464275 16 0.0
0.043526 0.192237 0.616185 15 0.0
0.042885 0.229153 0.617091 15 0.0
0.039323 0.189498 0.724825 15 0.0
0.044168 0.155322 0.615279 15 0.0
0.04773 0.194977 0.507545 15 0.0
0.285984 0.314241 0.000558 1 0.0
0.329847 0.383318 -0.000409 1 0.0
0.338786 0.280701 -0.000283 1 0.0
0.24212 0.245164 0.001524 1 0.0
0.233181 0.347782 0.001398 1 0.0
0.625416 0.403273 0.981556 12 0.0
0.573661 0.51141 0.984065 12 0.0
0.525644 0.355523 0.981534 12 0.0
0.67717 0.295136 0.979046 12 0.0
0.725187 0.451023 0.981577 12 0.0
0.821087 0.952301 0.436827 23 0.0
0.503048 0.497287 0.992821 12 0.0
0.39946 0.601431 0.992319 12 0.0
0.606424 0.600118 0.994189 12 0.0
0.606636 0.393143 0.993323 12 0.0
0.399672 0.394456 0.991453 12 0.0
0.838108 0.53469 0.001459 2 0.0
0.979097 0.673755 0.806245 11 0.0
0.977566 0.749097 0.835373 11 0.0
0.979184 0.653682 0.858172 11 0.0
0.980628 0.598413 0.777118 11 0.0
0.97901 0.693828 0.754319 11 0.0
0.049716 0.248776 0.490159 15 0.0
0.056572 0.248122 0.349728 15 0.0
0.048068 0.302059 0.489831 15 0.0
0.042861 0.249431 0.630591 15 0.0
0.051365 0.195494 0.490488 15 0.0
0.887583 0.462137 0.643924 11 0.0
0.887202 0.497921 0.744459 11 0.0
0.873205 0.343863 0.685967 11 0.0
0.887963 0.426353 0.543388 11 0.0
0.90196 0.580411 0.60188 11 0.0
0.043696 0.230729 0.584651 15 0.0
0.04981 0.239571 0.461075 15 0.0
0.043168 0.277448 0.587968 15 0.0
0.037581 0.221886 0.708227 15 0.0
0.044223 0.18401 0.581334 15 0.0
0.900652 0.840183 0.809722 11 0.0
0.904074 0.877964 0.808824 11 0.0
0.884485 0.842873 0.861269 11 0.0
0.897229 0.802403 0.81062 11 0.0
0.916818 0.837494 0.758175 11 0.0
0.506147 0.490314 0.996517 12 0.0
0.426683 0.606765 0.996158 12 0.0
0.627836 0.573354 0.997016 12 0.0
0.585611 0.373864 0.996876 12 0.0
0.384459 0.407275 0.996018 12 0.0
0.038557 0.198116 0.708422 15 0.0
0.038122 0.237283 0.707365 15 0.0
0.034181 0.200519 0.799253 15 0.0
0.038993 0.158948 0.709479 15 0.0
0.042933 0.195713 0.617591 15 0.0
0.508679 0.49822 0.995965 12 0.0
0.606738 0.621673 0.994844 12 0.0
0.415649 0.57213 0.997706 12 0.0
0.410619 0.374766 0.997086 12 0.0
0.601709 0.42431 0.994224 12 0.0
0.029534 0.853548 0.732597 15 0.0
0.499779 0.710826 0.000532 1 0.0
0.629641 0.702731 0.00021 1 0.0
0.495561 0.643187 -0.000262 1 0.0
0.369917 0.718921 0.000855 1 0.0
0.503997 0.778465 0.001327 1 0.0
0.873937 0.711082 0.988124 13 0.0
0.873816 0.791983 0.985341 13 0.0
0.906788 0.711134 0.988197 13 0.0
0.874059 0.630181 0.990907 13 0.0
0.841087 0.71103 0.988051 13 0.0
0.915363 0.085257 0.250007 10 0.0
0.953239 0.274629 0.244592 11 0.0
0.956688 0.326454 0.230324 11 0.0
0.961883 0.294473 0.318765 11 0.0
0.94979 0.222804 0.258859 11 0.0
0.944595 0.254785 0.170418 11 0.0
0.024251 0.162085 0.98844 15 0.321018
0.900014 0.924835 0.280128 18 0.999596
0.024151 0.384479 0.898874 15 0.0
0.926908 0.973111 0.944417 18 0.17631
0.078708 0.88651 0.104198 14 0.020073
0.085089 0.898891 0.105594 14 0.020073
0.073028 0.885281 0.141061 14 0.020073
0.072328 0.874129 0.102802 14 0.020073
0.084389 0.887739 0.067335 14 0.020073
0.936965 0.384049 0.052829 11 0.021267
0.935094 0.790593 0.087967 19 0.0
0.933986 0.822438 0.096684 19 0.0
0.937409 0.783549 0.113996 19 0.0
0.936202 0.758749 0.07925 19 0.0
0.932779 0.797637 0.061938 19 0.0
0.934777 0.87506 0.192291 19 0.001284
0.974405 0.856534 0.808373 11 0.0
0.973038 0.878492 0.807325 11 0.0
0.975267 0.859425 0.867818 11 0.0
0.975771 0.834575 0.809422 11 0.0
0.973542 0.853642 0.748929 11 0.0
0.073931 0.625597 0.008096 15 0.9997
0.901538 0.099035 0.093018 10 0.0
0.073514 0.900575 0.328419 14 0.0
0.02196 0.383234 0.962808 15 0.0
0.068949 0.571985 0.058283 15 0.00011
0.055768 0.139851 0.364733 15 0.0
0.863239 0.317123 0.002002 1 0.0
0.081982 0.923674 0.300934 14 0.977232
0.090195 0.932193 0.303373 14 0.977232
0.076623 0.921313 0.327219 14 0.977232
0.073769 0.915154 0.298495 14 0.977232
0.08734 0.926034 0.274648 14 0.977232
0.977068 0.759279 0.938453 11 0.0
0.974871 0.814097 0.938144 11 0.0
0.976753 0.759376 0.957903 11 0.0
0.979266 0.70446 0.938762 11 0.0
0.977383 0.759182 0.919002 11 0.0
0.068443 0.638975 0.038493 15 0.0
0.062067 0.763246 0.120384 15 0.0
0.062285 0.802347 0.127037 15 0.0
0.058388 0.756604 0.159537 15 0.0
0.061848 0.724145 0.11373 15 0.0
0.065745 0.769888 0.08123 15 0.0
0.974935 0.555644 0.976814 19 0.0
0.819608 0.133854 -0.000224 1 0.0
0.817446 0.154998 3.8e-05 1 0.0
0.853903 0.13736 -0.00028 1 0.0
0.821769 0.112709 -0.000486 1 0.0
0.785313 0.130347 -0.000168 1 0.0
0.056204 0.424393 0.326095 15 0.0
0.059186 0.479738 0.277408 15 0.0
0.053445 0.473814 0.382106 15 0.0
0.053222 0.369048 0.374781 15 0.0
0.058963 0.374972 0.270083 15 0.0
0.895567 0.9303 0.262964 18 0.229325
0.931703 0.516807 0.027358 11 0.0
0.062469 0.368062 0.190013 15 0.0
0.058957 0.377237 0.248144 15 0.0
0.063512 0.28632 0.202978 15 0.0
0.065981 0.358886 0.131881 15 0.0
0.061427 0.449804 0.177047 15 0.0
0.058651 0.938723 0.664613 14 0.999311
0.683313 0.023319 0.979885 8 0.0
0.658481 0.91734 0.002582 2 0.99858
0.024759 0.861201 0.987419 16 0.0
0.966034 0.899772 0.807762 11 0.0
0.045856 0.943838 0.889826 14 0.0
0.053652 0.953679 0.888617 14 0.0
0.047366 0.947005 0.925338 14 0.0
0.038061 0.933997 0.891035 14 0.0
0.044346 0.940672 0.854314 14 0.0
0.974749 0.147865 0.978208 11 0.0
0.030067 0.091583 0.904087 15 0.0
0.029877 0.101385 0.903912 15 0.0
0.030195 0.092147 0.93553 15 0.0
0.030257 0.08178 0.904262 15 0.0
0.029939 0.091018 0.872644 15 0.0
0.063899 0.167718 0.213815 15 0.0
0.198685 0.199614 0.001671 1 0.0
0.164453 0.221648 0.003011 1 0.0
0.220605 0.233648 0.002023 1 0.0
0.232917 0.177581 0.000331 1 0.0
0.176765 0.16558 0.001319 1 0.0
0.264653 0.828178 0.001488 1 0.0
0.325417 0.815857 0.000635 1 0.0
0.258473 0.797677 0.001793 1 0.0
0.20389 0.840499 0.002341 1 0.0
0.270834 0.85868 0.001184 1 0.0
0.069612 0.977924 0.964871 14 0.999833
0.066876 0.622042 0.063479 15 2e-06
0.021263 0.888968 0.979308 16 0.000276
0.021685 0.904582 0.979441 16 0.000276
0.020631 0.888925 0.986269 16 0.000276
0.020841 0.873353 0.979174 16 0.000276
0.021894 0.88901 0.972346 16 0.000276
0.934325 0.836277 0.128195 19 0.0
0.932717 0.855123 0.126281 19 0.0
0.935844 0.840392 0.167422 19 0.0
0.935934 0.817432 0.13011 19 0.0
0.932807 0.832162 0.088968 19 0.0
0.974694 0.374821 0.962563 11 0.0
0.087751 0.95419 0.681875 14 0.0
0.073418 0.919716 0.419468 14 0.0
0.060399 0.967303 0.997256 14 0.999925
0.058701 0.968993 0.998717 14 0.999925
0.065779 0.972933 0.996995 14 0.999925
0.062097 0.965612 0.995795 14 0.999925
0.055019 0.961673 0.997517 14 0.999925
0.689886 0.248146 0.995355 12 0.0
0.778938 0.228717 0.994687 12 0.0
0.675255 0.181136 0.993782 12 0.0
0.600835 0.267574 0.996022 12 0.0
0.704517 0.315155 0.996928 12 0.0
0.166176 0.848372 0.002966 1 0.0
0.167073 0.874366 0.003018 1 0.0
0.196742 0.847318 0.003074 1 0.0
0.165279 0.822379 0.002914 1 0.0
0.13561 0.849427 0.002858 1 0.0
0.934551 0.102247 0.244064 10 0.999916
0.589011 0.933555 0.101891 20 0.0
0.678669 0.934394 0.09409 20 0.0
0.591812 0.935089 0.134248 20 0.0
0.499353 0.932716 0.109691 20 0.0
0.58621 0.932021 0.069533 20 0.0
0.836855 0.88179 0.967697 12 0.0
0.834013 0.910949 0.967029 12 0.0
0.793697 0.87737 0.958435 12 0.0
0.839698 0.85263 0.968365 12 0.0
0.880013 0.886209 0.976959 12 0.0
0.650013 0.023386 0.987602 8 1.1e-05
0.047746 0.932461 0.821724 14 0.078974
0.976194 0.127916 0.924398 11 0.0
0.977138 0.143608 0.933183 11 0.0
0.975754 0.115329 0.94693 11 0.0
0.97525 0.112224 0.915614 11 0.0
0.976634 0.140503 0.901867 11 0.0
0.067223 0.148405 0.176132 15 9e-06
0.926246 0.128225 0.582224 11 2e-06
0.93043 0.14589 0.568449 11 2e-06
0.931475 0.144259 0.604374 11 2e-06
0.922062 0.11056 0.596 11 2e-06
0.921018 0.11219 0.560075 11 2e-06
0.079555 0.644336 0.027524 15 1e-06
0.922057 0.254049 0.822316 11 0.0
0.935364 0.322029 0.78514 11 0.0
0.922418 0.274921 0.860612 11 0.0
0.908751 0.186069 0.859492 11 0.0
0.921697 0.233177 0.78402 11 0.0
0.979256 0.773614 0.874228 11 0.0
0.977436 0.820248 0.898693 11 0.0
0.979573 0.757725 0.904539 11 0.0
0.981077 0.726981 0.849763 11 0.0
0.97894 0.789504 0.843917 11 0.0
0.918517 0.08135 0.312233 10 1e-06
0.942534 0.166847 0.997252 12 0.0
0.025506 0.883618 0.857936 15 0.0
0.947763 0.05672 0.831325 10 4e-06
0.515879 0.029537 0.92865 8 0.0
0.061172 0.568284 0.153902 15 0.0
0.06065 0.666397 0.16345 15 0.0
0.058037 0.563651 0.201338 15 0.0
0.061694 0.470171 0.144354 15 0.0
0.064307 0.572917 0.106466 15 0.0
0.859623 0.753139 0.996496 12 0.0
0.894476 0.760254 0.996356 12 0.0
0.873423 0.685573 0.998093 12 0.0
0.824769 0.746023 0.996636 12 0.0
0.845823 0.820704 0.994899 12 0.0
0.941771 0.882725 0.299748 19 7e-06
0.896999 0.076957 0.137116 10 0.0
0.926181 0.081864 0.383153 10 0.0
0.934764 0.924914 0.545223 18 0.0
0.090901 0.718562 0.004044 1 0.005199
0.930446 0.882554 0.097881 11 0.033957
0.077356 0.883791 0.063512 14 0.024417
0.08183 0.892404 0.065034 14 0.024417
0.07407 0.88132 0.087146 14 0.024417
0.072882 0.875178 0.061989 14 0.024417
0.080642 0.886262 0.039877 14 0.024417
0.907927 0.090262 0.127911 10 0.0
0.917006 0.099453 0.127474 10 0.0
0.911971 0.088214 0.168852 10 0.0
0.898849 0.081072 0.128348 10 0.0
0.903883 0.09231 0.08697 10 0.0
0.047821 0.114532 0.937724 4 0.0
0.208057 0.260111 0.002432 1 0.0
0.211488 0.314977 0.001128 1 0.0
0.248471 0.257549 0.000952 1 0.0
0.204625 0.205245 0.003735 1 0.0
0.167643 0.262674 0.003911 1 0.0
0.39027 0.870977 0.002682 1 0.0
0.127252 0.362905 -0.00074 1 0.0
0.901604 0.094351 0.017597 10 0.337915
0.912453 0.104196 0.019367 10 0.337915
0.901026 0.093908 0.023603 10 0.337915
0.890755 0.084506 0.015826 10 0.337915
0.902182 0.094794 0.011591 10 0.337915
0.037379 0.084535 0.973084 3 1e-06
0.03631 0.084117 0.977783 3 1e-06
0.03899 0.079072 0.972964 3 1e-06
0.038448 0.084953 0.968385 3 1e-06
0.035768 0.089998 0.973204 3 1e-06
0.032421 0.917611 0.773181 14 0.999997
0.933596 0.123617 0.111057 11 0.001646
0.979818 0.660079 0.857225 11 0.0
0.978265 0.741628 0.870157 11 0.0
0.979151 0.653344 0.899611 11 0.0
0.981372 0.578529 0.844293 11 0.0
0.980486 0.666813 0.814839 11 0.0
0.164479 0.961683 0.689117 23 0.0
0.193931 0.962374 0.690908 23 0.0
0.158544 0.967288 0.784503 23 0.0
0.135026 0.960991 0.687325 23 0.0
0.170414 0.956077 0.593731 23 0.0
0.924781 0.150899 0.700163 11 0.0
0.933193 0.178976 0.684304 11 0.0
0.92818 0.168893 0.733822 11 0.0
0.916368 0.122822 0.716023 11 0.0
0.921381 0.132906 0.666505 11 0.0
0.960316 0.861006 0.588407 11 0.0
0.106815 0.90861 0.026877 14 0.989799
0.109444 0.916002 0.02289 14 0.989799
0.111454 0.912223 0.036637 14 0.989799
0.104186 0.901217 0.030864 14 0.989799
0.102176 0.904996 0.017117 14 0.989799
0.921356 0.245267 0.997163 12 0.0
0.062997 0.783254 0.996887 12 0.0
0.047423 0.924345 0.813362 14 5e-06
0.6291 0.193917 0.997134 12 0.0
0.633724 0.247025 0.997164 12 0.0
0.738268 0.184412 0.996732 12 0.0
0.624476 0.140809 0.997103 12 0.0
0.519931 0.203422 0.997535 12 0.0
0.796071 0.458281 0.000423 1 0.0
0.795246 0.57584 0.000394 1 0.0
0.838521 0.45858 0.0022 1 0.0
0.796896 0.340723 0.000451 1 0.0
0.753622 0.457983 -0.001355 1 0.0
0.541647 0.02478 0.968419 8 0.0
0.634321 0.082519 0.031729 9 0.000152
0.972267 0.311045 0.978868 11 0.0
0.038812 0.810672 0.58442 15 0.0
0.039355 0.842838 0.581664 15 0.0
0.035674 0.818444 0.674506 15 0.0
0.038268 0.778506 0.587177 15 0.0
0.041949 0.802899 0.494335 15 0.0
0.945277 0.187323 0.261525 11 0.0
0.938647 0.183223 0.182711 11 0.0
0.949777 0.215989 0.259655 11 0.0
0.951908 0.191424 0.340338 11 0.0
0.940778 0.158657 0.263395 11 0.0
0.358538 0.349759 0.999218 12 0.0
0.39771 0.443126 0.99965 12 0.0
0.262698 0.389967 0.999532 12 0.0
0.319365 0.256391 0.998787 12 0.0
0.454377 0.30955 0.998905 12 0.0
0.141693 0.684901 0.076735 16 0.0
0.145453 0.752149 0.073301 16 0.0
0.142146 0.686162 0.101917 16 0.0
0.137934 0.617654 0.080169 16 0.0
0.141241 0.683641 0.051552 16 0.0
0.822456 0.527655 0.001636 1 0.0
0.660223 0.023332 0.978162 8 0.0
0.069749 0.07073 0.516231 3 0.0
0.083491 0.286002 0.023636 15 0.0
0.909207 0.96483 0.741863 20 0.0
0.45426 0.024553 0.928288 8 0.0
0.86542 0.049405 0.788148 7 0.0
0.840613 0.048712 0.783612 7 0.0
0.853728 0.041194 0.853343 7 0.0
0.890226 0.050099 0.792684 7 0.0
0.877111 0.057617 0.722953 7 0.0
0.748149 0.882995 0.002834 1 0.0
0.110766 0.339954 0.492037 15 0.0
0.116453 0.3409 0.377355 15 0.0
0.095899 0.43006 0.492043 15 0.0
0.105079 0.339007 0.606719 15 0.0
0.125633 0.249847 0.492031 15 0.0
0.977269 0.84506 0.925621 19 0.0
0.976715 0.871547 0.938794 19 0.0
0.978182 0.835146 0.945591 19 0.0
0.977822 0.818573 0.912447 19 0.0
0.976355 0.854973 0.905651 19 0.0
0.214317 0.964149 0.749634 23 0.0
0.258894 0.964807 0.744693 23 0.0
0.222386 0.967547 0.822879 23 0.0
0.169739 0.963491 0.754576 23 0.0
0.206247 0.96075 0.67639 23 0.0
0.041022 0.903829 0.750664 15 0.0
0.890577 0.103258 0.183909 10 0.999303
0.431648 0.718832 -0.000855 1 0.0
0.32058 0.724526 9.3e-05 1 0.0
0.434995 0.783981 3e-05 1 0.0
0.542716 0.713139 -0.001803 1 0.0
0.4283 0.653684 -0.00174 1 0.0
0.290038 0.554244 0.999524 12 0.0
0.370732 0.567782 0.999653 12 0.0
0.268539 0.682396 0.99898 12 0.0
0.209344 0.540706 0.999396 12 0.0
0.311537 0.426092 1.000068 12 0.0
0.074752 0.162178 0.196558 4 0.0
0.075018 0.18356 0.19494 4 0.0
0.067399 0.166843 0.257028 4 0.0
0.074487 0.140796 0.198175 4 0.0
0.082106 0.157513 0.136088 4 0.0
0.71486 0.668393 0.997058 12 0.0
0.643371 0.638243 0.997073 12 0.0
0.676683 0.758911 0.996646 12 0.0
0.786349 0.698544 0.997044 12 0.0
0.753036 0.577876 0.997471 12 0.0
0.979796 0.557995 0.890195 11 0.0
0.076655 0.211373 0.003866 15 0.96012
0.780844 0.903594 0.372861 23 0.0
0.797321 0.916512 0.480201 23 0.0
0.827929 0.901598 0.365873 23 0.0
0.733759 0.905591 0.379849 23 0.0
0.881329 0.968226 0.762845 20 0.0
0.033384 0.1958 0.786211 15 0.0
0.033078 0.234522 0.790867 15 0.0
0.029729 0.188268 0.848624 15 0.0
0.03369 0.157079 0.781556 15 0.0
0.037039 0.203332 0.723799 15 0.0
0.075898 0.267416 0.997106 12 0.0
0.047925 0.899731 0.699128 15 5e-06
0.750949 0.804125 0.996734 12 0.0
0.733626 0.850613 0.995994 12 0.0
0.682081 0.778481 0.99791 12 0.0
0.768272 0.757637 0.997474 12 0.0
0.819817 0.829769 0.995557 12 0.0
0.457017 0.744246 0.99702 12 0.0
0.575301 0.748222 0.997933 12 0.0
0.454608 0.816007 0.996482 12 0.0
0.338732 0.74027 0.996108 12 0.0
0.459425 0.672485 0.997559 12 0.0
0.044569 0.644672 0.473416 15 0.0
0.044866 0.725299 0.466088 15 0.0
0.036042 0.657708 0.616508 15 0.0
0.044272 0.564045 0.480743 15 0.0
0.053096 0.631637 0.330323 15 0.0
0.426774 0.0232 0.952977 8 0.0
0.953573 0.367069 0.236925 11 0.0
0.954833 0.444412 0.227733 11 0.0
0.961217 0.375341 0.307572 11 0.0
0.952313 0.289727 0.246117 11 0.0
0.945929 0.358797 0.166278 11 0.0
0.026759 0.474264 0.839277 15 0.0
0.025886 0.598479 0.837668 15 0.0
0.025121 0.474899 0.889243 15 0.0
0.027632 0.350049 0.840886 15 0.0
0.028397 0.473628 0.789311 15 0.0
0.326267 0.364306 0.000124 1 0.0
0.344233 0.454072 -0.000262 1 0.0
0.403126 0.348922 -0.000196 1 0.0
0.308302 0.27454 0.000509 1 0.0
0.249409 0.379689 0.000444 1 0.0
0.751813 0.497429 0.004157 1 0.0
0.748203 0.629241 0.003597 1 0.0
0.697152 0.495926 0.002722 1 0.0
0.755423 0.365616 0.004717 1 0.0
0.806474 0.498932 0.005592 1 0.0
0.076048 0.889773 0.126949 14 0.04304
0.918725 0.525381 0.665621 11 0.0
0.918565 0.653591 0.656534 11 0.0
0.914639 0.532701 0.768971 11 0.0
0.918886 0.397171 0.674708 11 0.0
0.922811 0.518061 0.56227 11 0.0
0.977511 0.322578 0.913438 11 0.0
0.97725 0.396818 0.914281 11 0.0
0.97716 0.322265 0.940892 11 0.0
0.977771 0.248338 0.912595 11 0.0
0.977862 0.322891 0.885984 11 0.0
0.901007 0.715167 0.384829 11 0.0
0.89413 0.783455 0.378041 11 0.0
0.912434 0.727666 0.499006 11 0.0
0.907884 0.646878 0.391617 11 0.0
0.889581 0.702667 0.270652 11 0.0
0.970838 0.459944 0.664468 11 0.0
0.970664 0.567018 0.663594 11 0.0
0.973864 0.460781 0.766343 11 0.0
0.971011 0.352869 0.665343 11 0.0
0.967811 0.459107 0.562593 11 0.0
0.776469 0.046904 0.449155 7 0.0
0.821927 0.049066 0.446227 7 0.0
0.785979 0.038472 0.590597 7 0.0
0.731011 0.044743 0.452082 7 0.0
0.766958 0.055336 0.307713 7 0.0
0.165597 0.48723 0.004362 1 0.0
0.043049 0.905439 0.631897 15 0.000325
0.976825 0.239284 0.811186 11 0.0
0.976364 0.24224 0.869511 11 0.0
0.974408 0.188941 0.813719 11 0.0
0.977286 0.236327 0.75286 11 0.0
0.979241 0.289626 0.808653 11 0.0
0.301055 0.970757 0.986307 22 0.0
0.936374 0.610914 0.095338 11 0.0
0.935103 0.69768 0.095935 11 0.0
0.939676 0.61075 0.126297 11 0.0
0.937645 0.524149 0.094741 11 0.0
0.933072 0.611079 0.064379 11 0.0
0.069085 0.060675 0.687167 5 0.000204
0.057875 0.069305 0.686334 5 0.000204
0.067075 0.061473 0.722503 5 0.000204
0.080295 0.052045 0.687999 5 0.000204
0.071095 0.059876 0.65183 5 0.000204
0.127062 0.160498 0.963446 12 0.0
0.095267 0.164876 0.961886 12 0.0
0.122053 0.122871 0.959917 12 0.0
0.158856 0.156119 0.965005 12 0.0
0.13207 0.198124 0.966975 12 0.0
0.319125 0.262674 0.07918 2 0.0
0.685859 0.779198 0.996508 12 0.0
0.682662 0.840733 0.996273 12 0.0
0.777436 0.783952 0.995455 12 0.0
0.689056 0.717664 0.996744 12 0.0
0.594282 0.774445 0.997562 12 0.0
0.971387 0.287529 0.705638 11 0.0
0.976529 0.349384 0.728915 11 0.0
0.970499 0.254502 0.793598 11 0.0
0.966245 0.225674 0.682361 11 0.0
0.972275 0.320556 0.617677 11 0.0
0.510472 0.025141 0.91899 8 0.0
0.515846 0.500253 0.000504 1 0.0
0.622979 0.552737 0.000737 1 0.0
0.573577 0.38241 0.000238 1 0.0
0.408712 0.447769 0.000271 1 0.0
0.458115 0.618096 0.000771 1 0.0
0.740102 0.748379 0.996877 12 0.0
0.764634 0.811208 0.996082 12 0.0
0.671134 0.775298 0.996016 12 0.0
0.715569 0.68555 0.997673 12 0.0
0.809069 0.721461 0.997739 12 0.0
0.917997 0.851293 0.577761 11 0.0
0.9163 0.880196 0.578305 11 0.0
0.928956 0.850803 0.638005 11 0.0
0.919693 0.822389 0.577217 11 0.0
0.907037 0.851783 0.517517 11 0.0
0.936136 0.603338 0.067824 11 0.0
0.148844 0.700956 0.461381 15 0.0
0.161767 0.768532 0.443931 15 0.0
0.155802 0.730654 0.581544 15 0.0
0.135922 0.633379 0.478831 15 0.0
0.141887 0.671257 0.341218 15 0.0
0.430087 0.392146 0.997061 12 0.0
0.426989 0.505308 0.997415 12 0.0
0.555091 0.395567 0.9974 12 0.0
0.433185 0.278983 0.996708 12 0.0
0.305084 0.388724 0.996723 12 0.0
0.965367 0.580103 0.892772 11 0.0
0.963376 0.658806 0.902843 11 0.0
0.964346 0.57579 0.926281 11 0.0
0.967357 0.501401 0.882702 11 0.0
0.966387 0.584417 0.859264 11 0.0
0.367732 0.497864 0.998644 12 0.0
0.472925 0.504617 0.998687 12 0.0
0.358395 0.643316 0.998604 12 0.0
0.262539 0.491112 0.998601 12 0.0
0.377069 0.352413 0.998684 12 0.0
0.903418 0.953006 0.83641 24 1e-06
0.031949 0.625343 0.961987 15 0.0
0.496932 0.656805 0.977253 12 0.0
0.487842 0.74892 0.975326 12 0.0
0.3548 0.642808 0.978637 12 0.0
0.506022 0.56469 0.97918 12 0.0
0.639065 0.670802 0.975869 12 0.0
0.599937 0.288178 0.996316 12 0.0
0.611523 0.368553 0.995991 12 0.0
0.483066 0.305026 0.996551 12 0.0
0.588351 0.207803 0.996641 12 0.0
0.716808 0.27133 0.996082 12 0.0
0.154964 0.649811 0.997072 12 0.0
0.195186 0.655141 0.995905 12 0.0
0.142342 0.745005 0.996883 12 0.0
0.114743 0.64448 0.998239 12 0.0
0.167587 0.554616 0.997262 12 0.0
0.571722 0.612486 0.997145 12 0.0
0.577544 0.722221 0.997131 12 0.0
0.69692 0.605844 0.996256 12 0.0
0.5659 0.502751 0.997159 12 0.0
0.446524 0.619128 0.998034 12 0.0
0.056511 0.124621 0.539713 15 0.0
0.949059 0.530178 0.205488 11 0.0
0.947865 0.638493 0.215455 11 0.0
0.955691 0.524564 0.267288 11 0.0
0.950252 0.421863 0.195521 11 0.0
0.942427 0.535791 0.143688 11 0.0
0.499608 0.360457 0.997503 12 0.0
0.497473 0.464929 0.998617 12 0.0
0.64573 0.363438 0.997935 12 0.0
0.501742 0.255985 0.996388 12 0.0
0.353486 0.357477 0.99707 12 0.0
0.034802 0.108891 0.989049 3 2e-06
0.9752 0.380391 0.967089 11 0.0
0.398312 0.501121 0.99782 12 0.0
0.513819 0.50984 0.99732 12 0.0
0.387576 0.643328 0.997464 12 0.0
0.282804 0.492402 0.99832 12 0.0
0.409048 0.358915 0.998176 12 0.0
0.901518 0.955014 0.738606 20 0.000363
0.053757 0.884772 0.834248 15 0.0
0.059041 0.909102 0.830491 15 0.0
0.048543 0.893219 0.88161 15 0.0
0.048472 0.860442 0.838005 15 0.0
0.058971 0.876325 0.786886 15 0.0
0.925257 0.689469 0.805744 11 0.0
0.922622 0.775585 0.80762 11 0.0
0.923697 0.688203 0.861619 11 0.0
0.927892 0.603353 0.803867 11 0.0
0.926817 0.690734 0.749869 11 0.0
0.89652 0.410103 0.994186 12 0.0
0.974409 0.41213 0.980016 11 0.0
0.549855 0.716382 6.1e-05 1 0.0
0.666593 0.717585 0.000123 1 0.0
0.550537 0.650194 -0.000627 1 0.0
0.433116 0.71518 -1e-06 1 0.0
0.549173 0.782571 0.000749 1 0.0
0.848719 0.450633 0.9954 12 0.0
0.524515 0.312674 0.99721 12 0.0
0.541125 0.399332 0.998016 12 0.0
0.664079 0.285933 0.996295 12 0.0
0.507905 0.226017 0.996404 12 0.0
0.384952 0.339416 0.998124 12 0.0
0.269786 0.504911 0.998716 12 0.0
0.274881 0.649971 0.998864 12 0.0
0.192605 0.507622 0.998268 12 0.0
0.264691 0.359851 0.998568 12 0.0
0.346967 0.502199 0.999164 12 0.0
0.455206 0.07132 0.035976 9 1e-06
0.691351 0.119483 0.996611 12 0.0
0.693514 0.151023 0.99597 12 0.0
0.601367 0.125673 0.997465 12 0.0
0.689187 0.087944 0.997252 12 0.0
0.781334 0.113294 0.995758 12 0.0
0.581916 0.35696 0.940933 12 0.0
0.693258 0.374569 0.937508 12 0.0
0.596457 0.262879 0.929977 12 0.0
0.470573 0.339352 0.944357 12 0.0
0.567374 0.451042 0.951888 12 0.0
0.716362 0.504635 0.996918 12 0.0
0.725499 0.648264 0.996328 12 0.0
0.798223 0.499424 0.996004 12 0.0
0.707226 0.361006 0.997508 12 0.0
0.634502 0.509846 0.997833 12 0.0
0.262604 0.347989 0.998719 12 0.0
0.187777 0.356036 0.998007 12 0.0
0.251728 0.246831 0.998533 12 0.0
0.337431 0.339942 0.999431 12 0.0
0.27348 0.449147 0.998906 12 0.0
0.64219 0.860484 0.996574 12 0.0
0.639177 0.895824 0.99581 12 0.0
0.538193 0.85164 0.997616 12 0.0
0.645203 0.825145 0.997338 12 0.0
0.746187 0.869329 0.995532 12 0.0
0.496849 0.777905 -0.000269 1 0.0
0.617421 0.771907 -0.001505 1 0.0
0.494505 0.730982 -0.001202 1 0.0
0.376278 0.783903 0.000966 1 0.0
0.499193 0.824828 0.000663 1 0.0
0.499637 0.408167 0.000504 1 0.0
0.472901 0.507606 1.8e-05 1 0.0
0.369904 0.373286 0.000762 1 0.0
0.526374 0.308727 0.000989 1 0.0
0.629371 0.443047 0.000245 1 0.0
0.146795 0.707642 0.998235 12 0.0
0.185123 0.713547 0.999157 12 0.0
0.134445 0.787836 0.998042 12 0.0
0.108467 0.701737 0.997312 12 0.0
0.159146 0.627448 0.998427 12 0.0
0.978244 0.532817 0.876384 11 0.0
0.450189 0.969168 0.981918 22 0.0
0.239902 0.621318 0.976507 12 0.0
0.301982 0.6375 0.980214 12 0.0
0.213175 0.72542 0.96968 12 0.0
0.177821 0.605137 0.9728 12 0.0
0.266628 0.517216 0.983335 12 0.0
0.965488 0.796507 0.578321 11 0.0
0.962887 0.831781 0.573377 11 0.0
0.972941 0.812493 0.688449 11 0.0
0.968088 0.761233 0.583265 11 0.0
0.958034 0.780521 0.468193 11 0.0
0.065415 0.864285 0.44618 15 0.0
0.483937 0.350994 -0.000529 1 0.0
0.46422 0.43398 -0.000773 1 0.0
0.359517 0.321434 0.000177 1 0.0
0.503655 0.268009 -0.000286 1 0.0
0.608358 0.380554 -0.001235 1 0.0
0.947409 0.472528 0.748811 11 0.0
0.953646 0.603778 0.769165 11 0.0
0.947455 0.460569 0.825914 11 0.0
0.941173 0.341279 0.728457 11 0.0
0.947363 0.484488 0.671708 11 0.0
0.617246 0.967838 0.975513 22 0.0
0.968735 0.72748 0.596774 11 0.0
0.964703 0.784074 0.588262 11 0.0
0.973983 0.744203 0.705478 11 0.0
0.972767 0.670886 0.605286 11 0.0
0.963487 0.710757 0.48807 11 0.0
0.053766 0.627822 0.995279 12 0.0
0.971699 0.199498 0.743107 11 0.0
0.971792 0.186684 0.821719 11 0.0
0.967387 0.159869 0.736652 11 0.0
0.971605 0.212312 0.664495 11 0.0
0.97601 0.239127 0.749562 11 0.0
0.035196 0.168375 0.768844 15 0.0
0.038104 0.176209 0.694874 15 0.0
0.034555 0.199581 0.772124 15 0.0
0.032288 0.160542 0.842814 15 0.0
0.035837 0.13717 0.765565 15 0.0
0.97168 0.467126 0.984118 12 0.306726
0.199418 0.284923 0.998478 12 0.0
0.256289 0.280353 0.999434 12 0.0
0.205962 0.366546 0.999403 12 0.0
0.142547 0.289493 0.997522 12 0.0
0.192874 0.2033 0.997553 12 0.0
0.224802 0.027798 0.912587 8 0.0
0.173614 0.029306 0.920126 8 0.0
0.228743 0.026882 0.939533 8 0.0
0.275989 0.026289 0.905049 8 0.0
0.22086 0.028713 0.885642 8 0.0
0.942036 0.060373 0.728891 10 0.0
0.870966 0.837836 0.61316 24 1e-06
0.069106 0.452485 0.040659 15 0.0
0.031697 0.404344 0.767662 15 0.0
0.030256 0.505962 0.782122 15 0.0
0.029693 0.394133 0.839224 15 0.0
0.033138 0.302727 0.753202 15 0.0
0.0337 0.414556 0.696101 15 0.0
0.834764 0.549152 0.011377 1 0.0
0.891897 0.507753 0.536961 11 0.0
0.887573 0.635983 0.49686 11 0.0
0.896683 0.550086 0.671814 11 0.0
0.896222 0.379522 0.577063 11 0.0
0.887111 0.465419 0.402109 11 0.0
0.0435 0.86465 0.582482 15 0.0
0.927625 0.743847 0.524945 11 0.0
0.921529 0.804522 0.521993 11 0.0
0.942167 0.751915 0.660744 11 0.0
0.933722 0.683172 0.527897 11 0.0
0.913083 0.735779 0.389146 11 0.0
0.974598 0.449234 0.754699 11 0.0
0.975796 0.558829 0.76138 11 0.0
0.975658 0.444678 0.82924 11 0.0
0.9734 0.339639 0.748018 11 0.0
0.973538 0.45379 0.680158 11 0.0
0.066817 0.885425 0.165051 14 0.197916
0.938301 0.050887 0.778548 10 0.0
0.540627 0.023368 0.963166 8 0.0
0.131904 0.349406 0.001266 1 0.0
0.972289 0.177182 0.750726 11 0.0
0.973241 0.170787 0.825877 11 0.0
0.968708 0.145851 0.748105 11 0.0
0.971337 0.183578 0.675576 11 0.0
0.97587 0.208513 0.753347 11 0.0
0.722547 0.504905 -0.002138 1 0.0
0.712744 0.634494 -0.002296 1 0.0
0.786104 0.509715 -0.000804 1 0.0
0.73235 0.375316 -0.00198 1 0.0
0.65899 0.500096 -0.003472 1 0.0
0.154478 0.263988 0.997017 12 0.0
0.111042 0.259893 0.995506 12 0.0
0.161681 0.188139 0.995519 12 0.0
0.197915 0.268082 0.998527 12 0.0
0.147276 0.339836 0.998514 12 0.0
0.666565 0.711656 0.996978 12 0.0
0.663577 0.794303 0.995789 12 0.0
0.763127 0.715147 0.996858 12 0.0
0.669554 0.62901 0.998167 12 0.0
0.570004 0.708166 0.997099 12 0.0
0.671368 0.494288 0.923812 12 0.0
0.691195 0.61756 0.923233 12 0.0
0.763457 0.479434 0.914782 12 0.0
0.651541 0.371016 0.924391 12 0.0
0.579278 0.509142 0.932842 12 0.0
0.973697 0.37827 0.683999 11 0.0
0.975894 0.466681 0.672533 11 0.0
0.975465 0.39064 0.779721 11 0.0
0.971499 0.289858 0.695465 11 0.0
0.971929 0.3659 0.588277 11 0.0
0.686052 0.322067 0.996635 12 0.0
0.636631 0.401327 0.99797 12 0.0
0.759853 0.36807 0.997461 12 0.0
0.735474 0.242807 0.995301 12 0.0
0.612251 0.276063 0.99581 12 0.0
0.788277 0.408747 0.996061 12 0.0
0.77987 0.530492 0.997067 12 0.0
0.849242 0.412965 0.995009 12 0.0
0.796684 0.287001 0.995055 12 0.0
0.727312 0.404528 0.997113 12 0.0
0.898317 0.774651 0.984093 12 0.0
0.925365 0.775682 0.980523 12 0.0
0.901913 0.709118 0.992412 12 0.0
0.871268 0.77362 0.987662 12 0.0
0.89472 0.840184 0.975773 12 0.0
0.500723 0.500661 0.000645 1 0.0
0.60026 0.41399 0.000554 1 0.0
0.415972 0.403328 0.000564 1 0.0
0.401186 0.587331 0.000737 1 0.0
0.585474 0.597993 0.000726 1 0.0
0.784874 0.494445 0.996945 12 0.0
0.781051 0.641605 0.996597 12 0.0
0.846616 0.496047 0.996288 12 0.0
0.788696 0.347285 0.997294 12 0.0
0.723132 0.492843 0.997603 12 0.0
0.689008 0.643839 0.84541 12 0.0
0.397866 0.877844 0.00106 1 0.0
0.947962 0.791486 0.559713 11 0.0
0.944632 0.834878 0.556754 11 0.0
0.953679 0.801564 0.701064 11 0.0
0.951293 0.748094 0.562672 11 0.0
0.942246 0.781407 0.418362 11 0.0
0.446253 0.368725 -0.001335 1 0.0
0.447979 0.459863 -0.001793 1 0.0
0.350098 0.37056 0.001393 1 0.0
0.444527 0.277586 -0.000877 1 0.0
0.542408 0.36689 -0.004062 1 0.0
0.501816 0.284867 0.997206 12 0.0
0.508969 0.365758 0.998186 12 0.0
0.355068 0.297839 0.997613 12 0.0
0.494663 0.203976 0.996226 12 0.0
0.648564 0.271895 0.996798 12 0.0
0.080646 0.624464 0.995262 12 0.0
0.037349 0.726803 0.988595 12 0.000373
0.496266 0.339206 0.984327 12 0.0
0.51207 0.434898 0.987832 12 0.0
0.644436 0.314658 0.986429 12 0.0
0.480462 0.243515 0.980823 12 0.0
0.348097 0.363754 0.982226 12 0.0
0.434604 0.500262 0.996801 12 0.0
0.559523 0.509175 0.997107 12 0.0
0.424287 0.644884 0.996031 12 0.0
0.309686 0.491349 0.996495 12 0.0
0.444922 0.355641 0.997571 12 0.0
0.555237 0.842974 0.001377 1 0.0
0.418432 0.190728 0.995438 12 0.0
0.415176 0.242767 0.996702 12 0.0
0.29628 0.183084 0.995467 12 0.0
0.421688 0.138689 0.994175 12 0.0
0.540584 0.198372 0.995409 12 0.0
0.415568 0.768066 -0.000227 1 0.0
0.521335 0.752543 -0.001774 1 0.0
0.408593 0.720616 -0.001009 1 0.0
0.309801 0.783589 0.001321 1 0.0
0.422543 0.815516 0.000556 1 0.0
0.195754 0.476038 0.002543 1 0.0
0.668482 0.327457 0.995973 12 0.0
0.623677 0.407817 0.997559 12 0.0
0.586502 0.28176 0.995363 12 0.0
0.713288 0.247097 0.994386 12 0.0
0.750463 0.373155 0.996582 12 0.0
0.406429 0.83165 0.035638 1 0.0
0.413115 0.858774 0.038203 1 0.0
0.335904 0.84844 0.041908 1 0.0
0.399744 0.804526 0.033072 1 0.0
0.476954 0.814861 0.029367 1 0.0
0.891474 0.066525 0.988997 12 0.0
0.89277 0.082315 0.986536 12 0.0
0.911996 0.065066 0.990439 12 0.0
0.890178 0.050735 0.991457 12 0.0
0.870952 0.067985 0.987555 12 0.0
0.563805 0.588615 0.997378 12 0.0
0.576946 0.707415 0.996204 12 0.0
0.69175 0.574457 0.996806 12 0.0
0.550664 0.469816 0.998552 12 0.0
0.43586 0.602773 0.99795 12 0.0
0.707555 0.971136 0.983212 22 0.0
0.933885 0.502186 0.034096 11 0.0
0.50254 0.366594 0.997107 12 0.0
0.484442 0.470398 0.998333 12 0.0
0.64524 0.39147 0.997376 12 0.0
0.520638 0.26279 0.995881 12 0.0
0.359839 0.341718 0.996838 12 0.0
0.430551 0.609579 0.997019 12 0.0
0.537546 0.650994 0.996054 12 0.0
0.394697 0.702244 0.998575 12 0.0
0.323556 0.568164 0.997984 12 0.0
0.466405 0.516914 0.995463 12 0.0
0.034149 0.909452 0.857503 14 0.0
0.828663 0.695824 0.889268 12 0.0
0.830654 0.77094 0.905898 12 0.0
0.871348 0.689667 0.911967 12 0.0
0.826672 0.620707 0.872638 12 0.0
0.785979 0.70198 0.866569 12 0.0
0.863896 0.369476 0.995079 12 0.0
0.82755 0.367212 0.994567 12 0.0
0.857062 0.478953 0.996158 12 0.0
0.900242 0.37174 0.99559 12 0.0
0.870731 0.259999 0.994 12 0.0
0.971642 0.695641 0.645998 11 0.0
0.965929 0.768021 0.637339 11 0.0
0.974101 0.707022 0.73951 11 0.0
0.977356 0.62326 0.654656 11 0.0
0.969183 0.68426 0.552485 11 0.0
0.86075 0.50023 0.995654 12 0.0
0.722188 0.643346 0.818196 12 2e-06
0.803652 0.499387 0.867889 12 2e-06
0.764033 0.529567 0.996181 12 0.0
0.780764 0.666257 0.995136 12 0.0
0.830169 0.521468 0.99575 12 0.0
0.747302 0.392877 0.997226 12 0.0
0.697897 0.537665 0.996612 12 0.0
0.299197 0.512315 0.988865 12 0.0
0.299038 0.654612 0.987893 12 0.0
0.211498 0.512194 0.985415 12 0.0
0.299356 0.370018 0.989837 12 0.0
0.386895 0.512437 0.992315 12 0.0
0.025778 0.513894 0.853115 15 0.0
0.024199 0.515293 0.897833 15 0.0
0.02615 0.390243 0.856995 15 0.0
0.027356 0.512496 0.808398 15 0.0
0.025405 0.637546 0.849236 15 0.0
0.905909 0.139326 0.994134 13 0.0
0.911825 0.175912 0.992617 13 0.0
0.882573 0.143051 0.992976 13 0.0
0.899994 0.10274 0.99565 13 0.0
0.929246 0.135601 0.995291 13 0.0
0.679149 0.495945 0.996867 12 0.0
0.67628 0.641901 0.996603 12 0.0
0.773058 0.497789 0.995562 12 0.0
0.682017 0.34999 0.997131 12 0.0
0.585239 0.494102 0.998172 12 0.0
0.189347 0.70292 0.017818 1 0.0
0.189029 0.774863 0.02241 1 0.0
0.220834 0.703056 0.017867 1 0.0
0.189664 0.630978 0.013226 1 0.0
0.157859 0.702785 0.017769 1 0.0
0.504373 0.715879 0.99749 12 0.0
0.502885 0.796671 0.996322 12 0.0
0.357033 0.713172 0.997983 12 0.0
0.505861 0.635087 0.998657 12 0.0
0.651714 0.718586 0.996997 12 0.0
0.271051 0.278578 0.913951 12 0.0
0.208589 0.224081 0.896155 12 0.0
0.312426 0.230711 0.915314 12 0.0
0.333513 0.333075 0.931748 12 0.0
0.229676 0.326445 0.912589 12 0.0
0.025684 0.420886 0.951396 15 0.0
0.609331 0.706583 0.99728 12 0.0
0.612917 0.787501 0.996277 12 0.0
0.497905 0.711517 0.997092 12 0.0
0.605746 0.625665 0.998282 12 0.0
0.720758 0.701648 0.997467 12 0.0
0.373868 0.748917 -0.001177 1 0.0
0.465571 0.726257 -0.001822 1 0.0
0.361154 0.697475 -0.001611 1 0.0
0.282165 0.771577 -0.000532 1 0.0
0.386582 0.800359 -0.000743 1 0.0
0.37964 0.494742 -0.000763 1 0.0
0.383117 0.624036 -0.000732 1 0.0
0.473754 0.492211 -0.001346 1 0.0
0.376163 0.365449 -0.000794 1 0.0
0.285526 0.497273 -0.00018 1 0.0
0.944822 0.458417 0.14719 11 0.0
0.947009 0.556269 0.162064 11 0.0
0.9495 0.451993 0.188767 11 0.0
0.942635 0.360566 0.132315 11 0.0
0.940145 0.464842 0.105612 11 0.0
0.205307 0.606281 0.99277 12 0.0
0.261536 0.614648 0.9939 12 0.0
0.188655 0.71814 0.993087 12 0.0
0.149078 0.597914 0.99164 12 0.0
0.221959 0.494421 0.992453 12 0.0
0.714065 0.792585 0.001533 1 0.0
0.707364 0.834969 0.002497 1 0.0
0.64725 0.782074 -0.000739 1 0.0
0.720765 0.750201 0.000568 1 0.0
0.78088 0.803097 0.003805 1 0.0
0.499248 0.624828 0.000798 1 0.0
0.630385 0.641918 0.000655 1 0.0
0.511259 0.532659 -0.000142 1 0.0
0.368111 0.607738 0.00094 1 0.0
0.487237 0.716997 0.001737 1 0.0
0.886776 0.283295 0.930318 12 0.0
0.967347 0.687163 0.594236 11 0.0
0.96175 0.760592 0.592827 11 0.0
0.970241 0.689701 0.715007 11 0.0
0.972945 0.613735 0.595644 11 0.0
0.964454 0.684626 0.473464 11 0.0
0.690268 0.768204 0.996245 12 0.0
0.689031 0.83115 0.994986 12 0.0
0.601307 0.766439 0.995408 12 0.0
0.691506 0.705259 0.997503 12 0.0
0.77923 0.76997 0.997081 12 0.0
0.941309 0.824408 0.355731 19 0.0
0.499408 0.466339 0.000825 1 0.0
0.559596 0.55964 0.0009 1 0.0
0.386565 0.539132 0.002128 1 0.0
0.43922 0.373038 0.00075 1 0.0
0.612251 0.393545 -0.000478 1 0.0
0.70199 0.869002 0.001133 1 0.0
0.068709 0.16095 0.106106 15 0.009281
0.069982 0.167985 0.070786 15 0.009281
0.067704 0.178752 0.109616 15 0.009281
0.067437 0.153916 0.141427 15 0.009281
0.069714 0.143149 0.102597 15 0.009281
0.975871 0.503904 0.83811 11 0.0
0.974788 0.604566 0.835263 11 0.0
0.97505 0.505318 0.888424 11 0.0
0.976954 0.403241 0.840958 11 0.0
0.976692 0.502489 0.787796 11 0.0
0.969151 0.207942 0.707979 11 0.0
0.971203 0.203622 0.797722 11 0.0
0.964432 0.165518 0.706045 11 0.0
0.967099 0.212262 0.618235 11 0.0
0.97387 0.250366 0.709913 11 0.0
0.959572 0.764368 0.478759 11 0.0
0.955928 0.811228 0.477952 11 0.0
0.968374 0.767115 0.59843 11 0.0
0.963216 0.717509 0.479567 11 0.0
0.950771 0.761622 0.359088 11 0.0
0.978062 0.528026 0.913108 11 0.0
0.538757 0.141807 0.995374 12 0.0
0.103172 0.479397 0.864441 15 0.0
0.100392 0.576807 0.877587 15 0.0
0.099807 0.473915 0.904348 15 0.0
0.105951 0.381986 0.851295 15 0.0
0.106536 0.484879 0.824534 15 0.0
0.911353 0.087035 0.203464 10 0.0
0.085107 0.928995 0.456097 14 0.0
0.975852 0.701217 0.972026 11 0.0
0.088272 0.896936 0.073602 14 0.881887
0.089844 0.898969 0.066147 14 0.881887
0.092047 0.902522 0.075922 14 0.881887
0.086701 0.894902 0.081057 14 0.881887
0.084498 0.891349 0.071283 14 0.881887
0.021981 0.313301 0.950807 15 0.0
0.02801 0.12188 0.89426 15 0.0
0.027939 0.12219 0.930545 15 0.0
0.02802 0.103671 0.894416 15 0.0
0.028081 0.121569 0.857974 15 0.0
0.028 0.140088 0.894104 15 0.0
0.066572 0.828357 0.642525 15 0.0
0.066199 0.820774 0.576196 15 0.0
0.071732 0.869465 0.637797 15 0.0
0.066945 0.83594 0.708855 15 0.0
0.061411 0.787249 0.647254 15 0.0
0.214292 0.926881 0.799164 20 0.0
0.168358 0.92714 0.822528 20 0.0
0.243162 0.926406 0.85593 20 0.0
0.260226 0.926621 0.7758 20 0.0
0.185421 0.927355 0.742399 20 0.0
0.943519 0.270301 0.142693 11 0.0
0.944349 0.318962 0.132778 11 0.0
0.948629 0.279066 0.186138 11 0.0
0.942689 0.22164 0.152608 11 0.0
0.938409 0.261536 0.099247 11 0.0
0.039655 0.950936 0.997007 14 0.999996
0.124217 0.067215 0.167099 6 2.7e-05
0.909315 0.091675 0.141085 10 0.0
0.75141 0.970694 0.807069 23 0.0
0.801731 0.971038 0.79167 23 0.0
0.766221 0.971758 0.855492 23 0.0
0.701088 0.970349 0.822467 23 0.0
0.736599 0.969629 0.758645 23 0.0
0.073615 0.89581 0.243217 14 1e-06
0.967362 0.067475 0.927524 10 0.290727
0.025748 0.256737 0.91813 15 0.0
0.025364 0.316477 0.910807 15 0.0
0.024835 0.25993 0.94423 15 0.0
0.026132 0.196996 0.925453 15 0.0
0.026661 0.253543 0.89203 15 0.0
0.069193 0.5739 0.042307 15 2e-05
0.884445 0.930739 0.075619 18 0.999999
0.067682 0.183411 0.393689 15 0.0
0.8506 0.216557 0.001255 1 0.0
0.847691 0.262789 0.001161 1 0.0
0.825714 0.214991 0.001132 1 0.0
0.853508 0.170325 0.00135 1 0.0
0.875485 0.218122 0.001379 1 0.0
0.061091 0.702731 0.147655 15 0.0
0.060984 0.75999 0.151398 15 0.0
0.057945 0.699658 0.194572 15 0.0
0.061198 0.645472 0.143912 15 0.0
0.064237 0.705804 0.100737 15 0.0
0.893355 0.242393 0.995519 12 0.0
0.921822 0.243526 0.996307 12 0.0
0.896088 0.175223 0.993374 12 0.0
0.864888 0.24126 0.994732 12 0.0
0.890622 0.309563 0.997665 12 0.0
0.965773 0.86418 0.740793 11 0.0
0.977619 0.599655 0.925715 11 0.0
0.102546 0.849026 0.005502 2 0.0
0.108294 0.872593 0.007433 2 0.0
0.112561 0.846564 0.005746 2 0.0
0.096799 0.825459 0.003571 2 0.0
0.092532 0.851488 0.005258 2 0.0
0.111817 0.92238 0.069195 14 0.004118
0.978455 0.241483 0.853286 11 0.0
0.979029 0.261358 0.890804 11 0.0
0.976998 0.193935 0.878498 11 0.0
0.977882 0.221608 0.815769 11 0.0
0.979912 0.289032 0.828075 11 0.0
0.910079 0.097867 0.088898 10 3.6e-05
0.917851 0.107128 0.091236 10 3.6e-05
0.908349 0.092208 0.117068 10 3.6e-05
0.902308 0.088606 0.08656 10 3.6e-05
0.911809 0.103527 0.060728 10 3.6e-05
0.067135 0.498877 0.081697 15 7e-06
0.925538 0.566755 0.018739 19 0.000176
0.593277 0.028724 0.988181 8 3e-06
0.196806 0.032416 0.809447 8 0.0
0.237068 0.030124 0.814953 8 0.0
0.188366 0.029704 0.870043 8 0.0
0.156544 0.034709 0.803942 8 0.0
0.205246 0.035129 0.748852 8 0.0
0.052098 0.051036 0.917523 3 2e-06
0.045094 0.056475 0.909752 3 2e-06
0.045616 0.058626 0.928678 3 2e-06
0.059103 0.045598 0.925294 3 2e-06
0.058581 0.043447 0.906368 3 2e-06
0.880958 0.925032 0.028154 18 0.991087
0.431371 0.062401 0.127431 6 0.0
0.334264 0.063547 0.12026 6 0.0
0.428459 0.059781 0.166456 6 0.0
0.528478 0.061256 0.134602 6 0.0
0.434284 0.065022 0.088406 6 0.0
0.315233 0.202649 -0.000215 1 0.0
0.239988 0.180766 0.000821 1 0.0
0.304712 0.238817 -0.000343 1 0.0
0.390478 0.224531 -0.001252 1 0.0
0.325753 0.16648 -8.7e-05 1 0.0
0.965515 0.897946 0.815019 11 0.0
0.298151 0.784938 0.000671 1 0.0
0.368017 0.765275 -0.000409 1 0.0
0.286615 0.743947 0.000662 1 0.0
0.228284 0.8046 0.001751 1 0.0
0.309686 0.825928 0.000681 1 0.0
0.969132 0.120462 0.939436 11 0.140014
0.968613 0.122549 0.9448 11 0.140014
0.967187 0.110608 0.943082 11 0.140014
0.969651 0.118375 0.934072 11 0.140014
0.971077 0.130315 0.935791 11 0.140014
0.082809 0.087679 0.25308 3 0.99824
0.077109 0.094351 0.259479 3 0.99824
0.086526 0.081393 0.262945 3 0.99824
0.088509 0.081007 0.24668 3 0.99824
0.079092 0.093965 0.243214 3 0.99824
0.047418 0.106869 0.957833 15 2.7e-05
0.021163 0.88375 0.97494 15 0.0
0.022152 0.901133 0.973943 15 0.0
0.020837 0.884234 0.983055 15 0.0
0.020174 0.866367 0.975937 15 0.0
0.021489 0.883266 0.966825 15 0.0
0.040863 0.340265 0.630165 15 0.0
0.045378 0.376486 0.517385 15 0.0
0.037647 0.418433 0.65514 15 0.0
0.036347 0.304045 0.742945 15 0.0
0.044079 0.262097 0.605189 15 0.0
0.965362 0.068869 0.994262 10 1.2e-05
0.969585 0.076257 0.994895 10 1.2e-05
0.968961 0.066671 0.995908 10 1.2e-05
0.961138 0.06148 0.993629 10 1.2e-05
0.961763 0.071067 0.992615 10 1.2e-05
0.929194 0.048652 0.964163 10 0.999993
0.936553 0.050309 0.976574 10 0.999993
0.922115 0.035948 0.970057 10 0.999993
0.921835 0.046996 0.951753 10 0.999993
0.936273 0.061357 0.958269 10 0.999993
0.081094 0.884147 0.150434 14 1.8e-05
0.088555 0.899742 0.149495 14 1.8e-05
0.077148 0.888977 0.199334 14 1.8e-05
0.073633 0.868551 0.151372 14 1.8e-05
0.08504 0.879316 0.101534 14 1.8e-05
0.077904 0.915725 0.362401 14 0.0
0.977289 0.753064 0.91601 11 0.0
0.974687 0.810039 0.929276 11 0.0
0.976959 0.747776 0.938654 11 0.0
0.979891 0.696088 0.902744 11 0.0
0.977619 0.758351 0.893365 11 0.0
0.880386 0.166338 0.994517 12 0.0
0.91261 0.167407 0.995373 12 0.0
0.881922 0.121074 0.993252 12 0.0
0.848162 0.165268 0.993661 12 0.0
0.878851 0.211601 0.995782 12 0.0
0.965664 0.819802 0.681521 11 0.0
0.960319 0.812466 0.581998 11 0.0
0.962931 0.853185 0.679207 11 0.0
0.971009 0.827139 0.781045 11 0.0
0.968396 0.78642 0.683835 11 0.0
0.905514 0.08914 0.119107 10 0.0
0.915299 0.096537 0.120981 10 0.0
0.902936 0.082884 0.157256 10 0.0
0.895729 0.081742 0.117232 10 0.0
0.908092 0.095396 0.080958 10 0.0
0.887167 0.071084 0.129196 10 0.312756
0.133632 0.50148 0.004032 1 0.0
0.849892 0.946562 0.994306 13 0.0
0.926303 0.654036 0.034396 19 0.583967
0.922279 0.692834 0.032634 19 0.583967
0.930216 0.655008 0.04685 19 0.583967
0.930327 0.615239 0.036158 19 0.583967
0.92239 0.653065 0.021942 19 0.583967
0.976019 0.164053 0.861743 11 0.0
0.977988 0.191481 0.869446 11 0.0
0.97599 0.152257 0.90375 11 0.0
0.974051 0.136626 0.85404 11 0.0
0.976048 0.175849 0.819736 11 0.0
0.979002 0.717995 0.814014 11 0.0
0.977914 0.776351 0.852481 11 0.0
0.980107 0.689351 0.8575 11 0.0
0.98009 0.659639 0.775547 11 0.0
0.977898 0.746639 0.770529 11 0.0
0.548742 0.029859 0.948236 8 0.0
0.967721 0.897813 0.830379 11 0.0
0.066725 0.939937 0.973666 14 9e-06
0.069841 0.949228 0.974485 14 9e-06
0.063999 0.94069 0.975501 14 9e-06
0.063608 0.930647 0.972847 14 9e-06
0.069451 0.939184 0.971831 14 9e-06
0.033929 0.935059 0.948599 14 0.003741
0.02961 0.930472 0.949279 14 0.003741
0.035557 0.936093 0.965908 14 0.003741
0.038248 0.939646 0.947918 14 0.003741
0.032301 0.934025 0.931289 14 0.003741
0.498379 0.067138 0.046241 9 0.0
0.060288 0.13891 0.3901 15 0.0
0.101694 0.906818 0.016957 14 0.004627
0.112524 0.916253 0.017064 14 0.004627
0.102102 0.906279 0.023213 14 0.004627
0.090863 0.897383 0.01685 14 0.004627
0.101286 0.907357 0.010701 14 0.004627
0.07159 0.974252 0.990123 14 1.6e-05
0.071633 0.976802 0.988241 14 1.6e-05
0.068525 0.978119 0.995294 14 1.6e-05
0.071548 0.971702 0.992005 14 1.6e-05
0.074656 0.970385 0.984953 14 1.6e-05
0.928487 0.154701 0.007135 11 0.999999
0.932945 0.975022 0.996699 18 0.999633
0.933937 0.976651 0.998447 18 0.999633
0.937189 0.972788 0.996374 18 0.999633
0.931954 0.973393 0.994951 18 0.999633
0.928702 0.977256 0.997024 18 0.999633
0.566799 0.071393 0.033789 9 0.0
0.066429 0.92755 0.819199 14 0.0
0.513232 0.933433 0.07419 20 0.0
0.581218 0.024385 0.978727 8 0.0
0.052113 0.93466 0.725282 14 0.0
0.93023 0.588427 0.029629 19 2e-06
0.407003 0.126474 0.992342 12 0.0
0.508748 0.021756 0.98376 8 0.0
0.920062 0.086451 0.266507 10 0.0
0.918649 0.059764 0.965821 10 0.996029
0.918533 0.072708 0.963937 10 0.996029
0.927698 0.059399 0.962758 10 0.996029
0.918765 0.046821 0.967705 10 0.996029
0.9096 0.060129 0.968884 10 0.996029
0.025786 0.073142 0.938929 15 0.999992
0.139754 0.968836 0.973332 24 0.0
0.074661 0.491236 0.016001 15 0.0
0.05752 0.054355 0.833509 3 0.0
0.939683 0.802953 0.222198 19 0.0
0.936106 0.833753 0.218088 19 0.0
0.943181 0.812243 0.288783 19 0.0
0.943261 0.772152 0.226307 19 0.0
0.936186 0.793662 0.155612 19 0.0
0.860284 0.066544 0.666132 7 0.0
0.277391 0.974527 0.937496 24 0.0
0.396251 0.854385 0.001873 1 0.0
0.493959 0.06559 0.075358 6 0.0
0.716664 0.023182 0.972967 8 0.0
0.688225 0.024168 0.935381 8 0.0
0.210426 0.386771 0.999214 12 0.0
0.267721 0.379964 0.999891 12 0.0
0.223759 0.499024 0.99948 12 0.0
0.153131 0.393578 0.998538 12 0.0
0.197093 0.274518 0.998948 12 0.0
0.935904 0.092197 0.521553 11 0.000593
0.507575 0.874385 0.003885 1 0.0
0.206306 0.950774 0.492412 20 0.0
0.091161 0.087251 0.13023 3 0.004285
0.023907 0.286405 0.94091 15 0.0
0.028033 0.925086 0.881613 14 0.999972
0.973961 0.247532 0.973561 11 1e-06
0.628135 0.067861 0.04575 9 0.000108
0.049303 0.94765 0.994565 14 1e-06
0.914761 0.96537 0.790844 20 0.0
0.082935 0.903764 0.201581 14 0.0
0.788662 0.116688 0.000965 1 0.0
0.745339 0.114005 -0.00054 1 0.0
0.787712 0.132652 -0.000167 1 0.0
0.831984 0.11937 0.002471 1 0.0
0.789611 0.100724 0.002097 1 0.0
0.93039 0.966644 0.915345 18 0.003906
0.617891 0.073835 0.04826 9 0.0
0.718667 0.025179 0.92693 8 0.0
0.040289 0.931505 0.849935 14 1.7e-05
0.097046 0.895506 0.000538 2 0.999867
0.926659 0.243499 0.001862 2 0.999998
0.140956 0.022175 0.996269 3 0.541657
0.973454 0.877838 0.845462 11 0.0
0.971494 0.895344 0.845602 11 0.0
0.973378 0.877443 0.893471 11 0.0
0.975415 0.860332 0.845321 11 0.0
0.973531 0.878233 0.797452 11 0.0
0.91542 0.083107 0.31358 10 0.0
0.086066 0.922772 0.548195 14 0.0
0.169613 0.815597 0.998374 12 0.0
0.151053 0.86235 0.997833 12 0.0
0.130012 0.799876 0.998294 12 0.0
0.188172 0.768844 0.998914 12 0.0
0.209213 0.831318 0.998453 12 0.0
0.75782 0.216938 -0.001086 1 0.0
0.704971 0.207824 -0.001898 1 0.0
0.749983 0.262453 -0.001878 1 0.0
0.81067 0.226052 -0.000275 1 0.0
0.765657 0.171423 -0.000295 1 0.0
0.116931 0.92413 0.016604 14 0.999995
0.117479 0.926481 0.016196 14 0.999995
0.116339 0.925652 0.024564 14 0.999995
0.116383 0.921779 0.017013 14 0.999995
0.117523 0.922609 0.008645 14 0.999995
0.040785 0.121653 0.995777 12 0.001953
0.94492 0.152814 0.956486 11 4.8e-05
0.945436 0.170801 0.955381 11 4.8e-05
0.945058 0.153433 0.966616 11 4.8e-05
0.944404 0.134827 0.957591 11 4.8e-05
0.944782 0.152196 0.946356 11 4.8e-05
0.077653 0.208439 0.00729 16 1.0
0.966489 0.253218 0.828102 11 0.0
0.971091 0.313053 0.841493 11 0.0
0.965894 0.241481 0.880751 11 0.0
0.961887 0.193383 0.814711 11 0.0
0.967084 0.264955 0.775453 11 0.0
0.891577 0.021887 0.998509 10 0.995976
0.923633 0.204219 0.296227 11 0.0
0.916318 0.195183 0.206436 11 0.0
0.929353 0.244872 0.29167 11 0.0
0.930947 0.213254 0.386018 11 0.0
0.917912 0.163565 0.300784 11 0.0
0.074359 0.973846 0.986493 14 0.004677
0.077966 0.972601 0.984574 14 0.004677
0.075645 0.972155 0.990007 14 0.004677
0.070752 0.975091 0.988412 14 0.004677
0.073073 0.975537 0.982979 14 0.004677
0.069197 0.49713 0.046511 16 3.2e-05
0.775457 0.97332 0.892266 23 0.0
0.824713 0.972442 0.889494 23 0.0
0.777351 0.974236 0.925633 23 0.0
0.726202 0.974198 0.895037 23 0.0
0.773564 0.972404 0.858898 23 0.0
0.020243 0.363647 0.98199 15 0.0
0.238125 0.973577 0.984721 22 0.0
0.076325 0.895294 0.885842 15 0.000144
0.370843 0.027176 0.903478 8 0.0
0.44177 0.025998 0.899381 8 0.0
0.372586 0.026782 0.93377 8 0.0
0.299915 0.028355 0.907575 8 0.0
0.369099 0.027571 0.873186 8 0.0
0.357949 0.159315 -0.000132 1 0.0
0.975875 0.258325 0.953182 11 0.0
0.863817 0.528344 0.003142 2 0.0
0.826452 0.065002 0.852416 6 0.0
0.793224 0.06135 0.87797 6 0.0
0.852478 0.061402 0.885743 6 0.0
0.859681 0.068655 0.826862 6 0.0
0.800427 0.068602 0.819089 6 0.0
0.68202 0.023856 0.986133 8 1e-06
0.442742 0.971873 0.985389 22 0.0
0.975886 0.576287 0.964664 19 0.0
0.927759 0.099545 0.259121 10 0.984937
0.920367 0.041046 0.844714 10 0.9847
0.71049 0.911451 0.007082 2 0.998888
0.045042 0.94278 0.874344 14 0.0
0.052856 0.952646 0.874938 14 0.0
0.042947 0.941942 0.91582 14 0.0
0.037229 0.932914 0.87375 14 0.0
0.047138 0.943618 0.832868 14 0.0
0.049158 0.256862 0.995242 12 1e-06
0.174383 0.889442 0.685455 20 0.0
0.134944 0.881918 0.687111 20 0.0
0.176952 0.89415 0.768018 20 0.0
0.213822 0.896966 0.683799 20 0.0
0.171814 0.884735 0.602892 20 0.0
0.939566 0.533742 0.091905 11 0.0
0.86516 0.332623 0.042127 2 0.0
0.880718 0.367117 0.046478 2 0.0
0.853058 0.338138 0.041676 2 0.0
0.849601 0.298128 0.037776 2 0.0
0.877261 0.327108 0.042577 2 0.0
0.908638 0.051419 0.732383 10 0.514281
0.052888 0.130641 0.961235 4 2e-06
0.055294 0.14846 0.960832 4 2e-06
0.050805 0.131159 0.971683 4 2e-06
0.050482 0.112823 0.961638 4 2e-06
0.054971 0.130124 0.950787 4 2e-06
0.290249 0.030708 0.879795 8 0.0
0.288406 0.031253 0.842039 8 0.0
0.360028 0.030546 0.876388 8 0.0
0.292091 0.030164 0.917551 8 0.0
0.220469 0.030871 0.883202 8 0.0
0.16471 0.942253 0.380946 20 0.0
0.068706 0.89216 0.280302 14 0.0
0.761383 0.503745 -0.000908 1 0.0
0.711978 0.510646 -0.001903 1 0.0
0.743339 0.374533 -0.001033 1 0.0
0.810789 0.496845 8.8e-05 1 0.0
0.779428 0.632958 -0.000782 1 0.0
0.745188 0.499261 -0.001682 2 0.0
0.80195 0.497088 -0.000487 2 0.0
0.688426 0.501435 -0.002877 2 0.0
0.760337 0.968879 0.97755 22 0.0
0.027319 0.396382 0.895727 15 0.0
0.02502 0.462399 0.890957 15 0.0
0.026754 0.398338 0.923062 15 0.0
0.029617 0.330366 0.900498 15 0.0
0.027883 0.394427 0.868393 15 0.0
0.886525 0.104435 0.007059 2 0.0
0.872423 0.092753 0.007018 2 0.0
0.88219 0.10967 0.006405 2 0.0
0.900627 0.116117 0.007099 2 0.0
0.89086 0.0992 0.007712 2 0.0
0.887399 0.917458 0.680772 20 0.0
0.146898 0.057812 0.34898 7 0.0
0.947817 0.80576 0.640277 11 0.0
0.942308 0.849116 0.634341 11 0.0
0.947597 0.821434 0.754966 11 0.0
0.953325 0.762403 0.646213 11 0.0
0.948036 0.790085 0.525588 11 0.0
0.520194 0.140275 0.004373 1 0.0
0.713788 0.872462 0.002983 1 0.0
0.062259 0.58742 0.996336 12 0.0
0.040275 0.11824 0.724452 15 0.0
0.978057 0.298067 0.885462 11 0.0
0.979702 0.368231 0.885389 11 0.0
0.97753 0.298117 0.921267 11 0.0
0.976412 0.227903 0.885536 11 0.0
0.978584 0.298017 0.849657 11 0.0
0.930372 0.497807 0.026769 11 0.0
0.426597 0.135808 0.003793 1 0.0
0.85065 0.846079 0.390031 20 6e-06
0.871346 0.861588 0.385082 20 6e-06
0.871318 0.839618 0.456206 20 6e-06
0.829954 0.83057 0.394981 20 6e-06
0.829982 0.852541 0.323857 20 6e-06
0.103093 0.631022 0.005428 1 0.0
0.868552 0.051887 0.372835 7 0.0
0.243753 0.026143 0.937225 6 0.0
0.301209 0.024839 0.938244 6 0.0
0.243381 0.025173 0.956938 6 0.0
0.186297 0.027448 0.936207 6 0.0
0.244124 0.027113 0.917513 6 0.0
0.034671 0.224499 0.76617 15 0.0
0.037792 0.219207 0.692568 15 0.0
0.034332 0.271847 0.762751 15 0.0
0.031551 0.229791 0.839771 15 0.0
0.035011 0.177151 0.769588 15 0.0
0.974629 0.157692 0.814625 11 0.0
0.976873 0.18282 0.820916 11 0.0
0.973966 0.144023 0.869459 11 0.0
0.972385 0.132563 0.808334 11 0.0
0.975292 0.171361 0.759791 11 0.0
0.053715 0.045988 0.896024 3 0.346363
0.043522 0.055285 0.896162 3 0.346363
0.054977 0.047304 0.900631 3 0.346363
0.063908 0.036692 0.895886 3 0.346363
0.052452 0.044672 0.891417 3 0.346363
0.06779 0.387236 0.069271 16 1e-06
0.313522 0.955853 0.625967 23 0.0
0.302568 0.950047 0.527018 23 0.0
0.384668 0.95443 0.618175 23 0.0
0.324475 0.961659 0.724916 23 0.0
0.242376 0.957276 0.633759 23 0.0
0.053964 0.672435 0.523229 15 0.0
0.056873 0.749634 0.512369 15 0.0
0.048501 0.69301 0.668023 15 0.0
0.051055 0.595236 0.53409 15 0.0
0.059427 0.651859 0.378436 15 0.0
0.975032 0.377264 0.958011 11 0.0
0.347014 0.044458 0.835756 8 0.0
0.441704 0.040506 0.842702 8 0.0
0.343308 0.044273 0.886162 8 0.0
0.252323 0.048409 0.82881 8 0.0
0.350719 0.044642 0.78535 8 0.0
0.938842 0.052024 0.799708 10 0.0
0.582166 0.879411 0.003852 1 0.0
0.277264 0.973838 0.966325 22 0.0
0.756947 0.971314 0.985206 22 0.0
0.402538 0.82607 6.1e-05 1 0.0
0.047514 0.295465 0.536089 15 0.0
0.046462 0.345532 0.537546 15 0.0
0.042751 0.292308 0.641153 15 0.0
0.048565 0.245398 0.534632 15 0.0
0.052276 0.298622 0.431025 15 0.0
0.285559 0.065467 0.944382 8 8e-06
0.933969 0.579061 0.044983 19 3e-06
0.088137 0.727126 0.995728 12 0.0
0.847397 0.0432 0.52338 7 0.0
0.759815 0.210544 0.9385 12 0.0
0.696974 0.207223 0.951859 12 0.0
0.762689 0.15343 0.937821 12 0.0
0.822656 0.213865 0.925142 12 0.0
0.756941 0.267658 0.93918 12 0.0
0.093544 0.936966 0.422308 14 0.0
0.573145 0.909219 0.003782 1 0.000749
0.096236 0.14726 0.986773 12 0.0
0.120473 0.145387 0.987347 12 0.0
0.099147 0.185328 0.988069 12 0.0
0.071999 0.149133 0.986198 12 0.0
0.093325 0.109191 0.985476 12 0.0
0.401818 0.068237 0.038039 9 1e-06
0.023192 0.56143 0.886048 15 0.0
0.022237 0.562242 0.921225 15 0.0
0.023508 0.452454 0.888573 15 0.0
0.024146 0.560618 0.85087 15 0.0
0.022875 0.670407 0.883523 15 0.0
0.025928 0.41297 0.941399 15 0.0
0.128173 0.051092 0.561435 6 0.0
0.433006 0.806917 0.996419 12 0.0
0.430995 0.859636 0.99609 12 0.0
0.328826 0.80294 0.99612 12 0.0
0.435017 0.754198 0.996748 12 0.0
0.537186 0.810893 0.996718 12 0.0
0.088778 0.073656 0.632645 15 1.1e-05
0.252869 0.088201 0.994619 12 0.0
0.635637 0.801469 -0.000321 1 0.0
0.63481 0.841621 0.001123 1 0.0
0.552438 0.799735 0.000292 1 0.0
0.636463 0.761318 -0.001766 1 0.0
0.718836 0.803204 -0.000935 1 0.0
0.0575 0.874109 0.485705 15 0.0
0.863704 0.954488 0.512238 17 0.0
0.148597 0.141921 0.224331 6 2e-05
0.174156 0.147586 0.227801 6 2e-05
0.135969 0.16062 0.286805 6 2e-05
0.123037 0.136255 0.22086 6 2e-05
0.161224 0.123221 0.161857 6 2e-05
0.248472 0.026738 0.898461 6 0.0
0.19192 0.027076 0.902572 6 0.0
0.250868 0.025264 0.931545 6 0.0
0.305025 0.026401 0.89435 6 0.0
0.246076 0.028212 0.865378 6 0.0
0.751848 0.041391 0.554334 7 0.0
0.69831 0.039687 0.560533 7 0.0
0.768356 0.034447 0.694993 7 0.0
0.805385 0.043095 0.548135 7 0.0
0.735339 0.048336 0.413674 7 0.0
0.032588 0.239981 0.946945 4 0.0
0.05522 0.111727 0.673426 3 0.0
0.973346 0.143957 0.804389 11 0.0
0.973287 0.134715 0.86374 11 0.0
0.971184 0.122426 0.801034 11 0.0
0.973405 0.153199 0.745038 11 0.0
0.975508 0.165488 0.807744 11 0.0
0.940654 0.46443 0.108661 11 0.0
0.184939 0.064738 0.071339 6 0.0
0.162075 0.065582 0.072587 6 0.0
0.186141 0.063391 0.094263 6 0.0
0.207804 0.063894 0.070091 6 0.0
0.183737 0.066085 0.048414 6 0.0
0.203197 0.96608 0.975213 20 0.0
0.111015 0.247688 0.330026 15 0.0
0.114746 0.251734 0.243671 15 0.0
0.099259 0.306456 0.332272 15 0.0
0.107285 0.243641 0.41638 15 0.0
0.122772 0.188919 0.32778 15 0.0
0.069783 0.496034 0.031847 15 0.0
0.066176 0.120763 0.261236 3 1e-06
0.44837 0.241625 0.996638 12 0.0
0.451121 0.310398 0.997403 12 0.0
0.319018 0.246791 0.99723 12 0.0
0.44562 0.172851 0.995872 12 0.0
0.577723 0.236458 0.996046 12 0.0
0.443369 0.879121 0.003494 1 0.0
0.963263 0.610737 0.391389 11 0.0
0.962787 0.693093 0.443828 11 0.0
0.971733 0.563003 0.466431 11 0.0
0.963739 0.528381 0.338949 11 0.0
0.954792 0.658471 0.316346 11 0.0
0.040366 0.898188 0.733677 15 0.0
0.131868 0.080062 0.870671 5 0.0
0.156624 0.080149 0.864803 5 0.0
0.139352 0.070343 0.902109 5 0.0
0.107111 0.079975 0.876538 5 0.0
0.124383 0.089781 0.839233 5 0.0
0.503552 0.897642 0.00374 2 0.0
0.976342 0.71263 0.977497 11 0.0
0.81376 0.974591 0.920655 23 0.0
0.852385 0.974323 0.922165 23 0.0
0.812864 0.975718 0.943791 23 0.0
0.775136 0.974858 0.919146 23 0.0
0.814656 0.973464 0.89752 23 0.0
0.945048 0.848067 0.317633 19 0.0
0.043683 0.117394 0.679527 15 0.0
0.975323 0.505848 0.972202 11 0.0
0.03645 0.068058 0.867685 3 0.0
0.352011 0.932403 0.103718 21 0.0
0.430509 0.934196 0.109964 21 0.0
0.349468 0.933354 0.135404 21 0.0
0.273512 0.930609 0.097471 21 0.0
0.354554 0.931451 0.072031 21 0.0
0.020948 0.460871 0.972877 15 0.0
0.436734 0.293367 0.997391 12 0.0
0.430854 0.376154 0.997975 12 0.0
0.308749 0.284276 0.997556 12 0.0
0.442614 0.210579 0.996807 12 0.0
0.564719 0.302457 0.997225 12 0.0
0.13972 0.736761 0.997536 12 0.0
0.130216 0.81028 0.997469 12 0.0
0.103019 0.732015 0.996654 12 0.0
0.149224 0.663241 0.997602 12 0.0
0.176421 0.741506 0.998417 12 0.0
0.976167 0.498081 0.974395 11 0.0
0.499258 0.267395 0.996399 12 0.0
0.352136 0.269244 0.997069 12 0.0
0.498301 0.191278 0.996232 12 0.0
0.64638 0.265546 0.99573 12 0.0
0.500215 0.343511 0.996566 12 0.0
0.944685 0.10226 0.686371 11 0.0
0.491997 0.13687 -0.00098 2 0.0
0.791599 0.501743 8.3e-05 1 0.0
0.834404 0.501694 0.000414 1 0.0
0.791744 0.631907 0.000836 1 0.0
0.748794 0.501793 -0.000247 1 0.0
0.791454 0.371579 -0.00067 1 0.0
0.113185 0.223393 0.532296 15 0.0
0.117842 0.222212 0.430924 15 0.0
0.096545 0.276913 0.530908 15 0.0
0.108528 0.224574 0.633668 15 0.0
0.129826 0.169873 0.533684 15 0.0
0.967836 0.775346 0.673104 11 0.0
0.962809 0.823504 0.671013 11 0.0
0.971173 0.78013 0.77529 11 0.0
0.972862 0.727189 0.675194 11 0.0
0.964498 0.770563 0.570917 11 0.0
0.241153 0.941438 0.995041 12 0.0
0.081938 0.033379 0.831721 3 0.0
0.903802 0.179153 0.512128 11 0.0
0.503901 0.871101 0.000877 1 0.0
0.567395 0.111473 0.995025 12 0.0
0.04807 0.208525 0.99613 12 0.0
0.357755 0.585701 0.000744 1 0.0
0.32267 0.686949 0.000706 1 0.0
0.439484 0.614022 0.000211 1 0.0
0.392839 0.484454 0.000782 1 0.0
0.276026 0.557381 0.001276 1 0.0
0.028206 0.617044 0.983404 15 0.0
0.953436 0.790072 0.402097 11 0.0
0.934703 0.657307 0.053046 19 4.3e-05
0.973648 0.468509 0.851563 11 0.0
0.974191 0.589083 0.850497 11 0.0
0.973601 0.468915 0.897405 11 0.0
0.973104 0.347935 0.852628 11 0.0
0.973695 0.468104 0.80572 11 0.0
0.079822 0.549694 0.90558 15 0.0
0.073782 0.877103 0.350892 15 1e-06
0.389564 0.069514 0.02392 6 0.0
0.936271 0.516809 0.072718 11 0.0
0.106037 0.651052 0.885515 16 2e-06
0.108925 0.724284 0.881849 16 2e-06
0.088639 0.653324 0.917184 16 2e-06
0.103149 0.577821 0.889182 16 2e-06
0.123436 0.648781 0.853847 16 2e-06
0.950824 0.881304 0.498057 11 0.0
0.393094 0.930939 0.063022 20 0.0
0.282156 0.497781 0.000773 1 0.0
0.273527 0.628962 0.000733 1 0.0
0.216994 0.493495 0.001827 1 0.0
0.290786 0.3666 0.000814 1 0.0
0.347318 0.502067 -0.000281 1 0.0
0.086439 0.052293 0.55653 3 0.400786
0.977759 0.760744 0.938685 11 0.0
0.97696 0.814181 0.938941 11 0.0
0.977917 0.760655 0.957775 11 0.0
0.978558 0.707307 0.93843 11 0.0
0.977601 0.760833 0.919595 11 0.0
0.503251 0.64755 0.99764 12 0.0
0.356487 0.636754 0.997879 12 0.0
0.495803 0.748779 0.996726 12 0.0
0.650015 0.658347 0.9974 12 0.0
0.510699 0.546322 0.998553 12 0.0
0.668332 0.197681 0.995837 12 0.0
0.662726 0.252304 0.996407 12 0.0
0.764215 0.207526 0.995508 12 0.0
0.673938 0.143058 0.995267 12 0.0
0.572449 0.187837 0.996166 12 0.0
0.104252 0.054158 0.681745 7 0.0
0.484661 0.175003 -0.002699 1 0.0
0.439152 0.027862 0.988364 8 0.0
0.055277 0.91815 0.625509 14 0.0
0.941497 0.46775 0.12067 11 0.0
0.943696 0.57305 0.133232 11 0.0
0.945655 0.46343 0.156147 11 0.0
0.939298 0.362449 0.108107 11 0.0
0.937338 0.472069 0.085192 11 0.0
0.723119 0.97388 0.906521 24 0.0
0.787379 0.972335 0.910386 24 0.0
0.721347 0.974393 0.936192 24 0.0
0.658859 0.975425 0.902657 24 0.0
0.724891 0.973368 0.876851 24 0.0
0.035109 0.094601 0.846563 15 0.0
0.051136 0.116599 0.703874 15 0.0
0.968211 0.152134 0.656336 11 0.0
0.235639 0.223805 0.996907 12 0.0
0.238577 0.287484 0.998714 12 0.0
0.167303 0.226977 0.996229 12 0.0
0.232701 0.160126 0.995099 12 0.0
0.303974 0.220633 0.997584 12 0.0
0.353372 0.767753 -0.00048 1 0.0
0.440035 0.748774 -0.001853 1 0.0
0.343042 0.720622 -0.001057 1 0.0
0.266709 0.786732 0.000893 1 0.0
0.363703 0.814883 9.6e-05 1 0.0
0.96483 0.586599 0.431062 11 0.0
0.962974 0.67369 0.477065 11 0.0
0.972461 0.540987 0.517722 11 0.0
0.966686 0.499508 0.385059 11 0.0
0.957199 0.632211 0.344402 11 0.0
0.906489 0.129291 0.993172 12 0.0
0.911036 0.163983 0.995521 12 0.0
0.929886 0.126144 0.994364 12 0.0
0.901942 0.094598 0.990823 12 0.0
0.883093 0.132438 0.99198 12 0.0
0.975738 0.700371 0.945746 11 0.0
0.262931 0.889592 0.714896 20 0.0
0.29413 0.880762 0.628528 20 0.0
0.324482 0.890402 0.737048 20 0.0
0.231731 0.898421 0.801265 20 0.0
0.20138 0.888782 0.692744 20 0.0
0.941397 0.795628 0.226782 19 0.0
0.937219 0.829067 0.224283 19 0.0
0.946336 0.801206 0.293149 19 0.0
0.945576 0.762189 0.229281 19 0.0
0.936459 0.79005 0.160415 19 0.0
0.958758 0.749384 0.495268 11 0.0
0.953475 0.803214 0.494291 11 0.0
0.965618 0.752124 0.609124 11 0.0
0.964041 0.695553 0.496245 11 0.0
0.951898 0.746643 0.381413 11 0.0
0.281576 0.971204 0.984106 22 0.0
0.859113 0.94636 0.317969 17 0.0
0.250465 0.025435 0.939204 8 0.0
0.97664 0.485367 0.985894 11 0.0
0.345396 0.775246 -0.000318 1 0.0
0.430375 0.76377 -0.001502 1 0.0
0.339075 0.728505 -0.000901 1 0.0
0.260417 0.786723 0.000867 1 0.0
0.351716 0.821988 0.000266 1 0.0
0.488875 0.15512 0.000218 1 0.0
0.909067 0.504615 0.972834 12 0.0
0.598465 0.216747 0.997316 12 0.0
0.48156 0.225526 0.996763 12 0.0
0.594084 0.158384 0.997033 12 0.0
0.71537 0.207968 0.99787 12 0.0
0.602847 0.27511 0.997599 12 0.0
0.145926 0.198714 0.528519 4 0.0
0.126197 0.2083 0.426564 4 0.0
0.143849 0.23683 0.532505 4 0.0
0.165654 0.189129 0.630475 4 0.0
0.148003 0.160599 0.524534 4 0.0
0.901697 0.812705 0.480312 11 0.0
0.897565 0.855718 0.477894 11 0.0
0.905217 0.819546 0.595968 11 0.0
0.905828 0.769693 0.482731 11 0.0
0.898176 0.805864 0.364657 11 0.0
0.810904 0.935232 0.99527 12 0.0
0.541707 0.975189 0.947681 23 0.0
0.394746 0.779358 0.996367 12 0.0
0.39315 0.839656 0.995721 12 0.0
0.287177 0.776506 0.995889 12 0.0
0.396341 0.719059 0.997013 12 0.0
0.502314 0.78221 0.996845 12 0.0
0.133443 0.041681 0.637722 6 0.0
0.974406 0.567791 0.974025 19 0.0
0.508892 0.869918 0.00063 1 0.0
0.241219 0.445488 0.998441 12 0.0
0.173639 0.453653 0.997801 12 0.0
0.225454 0.315009 0.998526 12 0.0
0.308798 0.437323 0.999082 12 0.0
0.256983 0.575966 0.998357 12 0.0
0.17298 0.50117 0.003582 1 0.0
0.169489 0.593769 0.004898 1 0.0
0.205779 0.502417 0.002887 1 0.0
0.176471 0.408572 0.002266 1 0.0
0.140181 0.499924 0.004277 1 0.0
0.593908 0.275364 -0.000824 1 0.0
0.586916 0.339249 -0.001043 1 0.0
0.491332 0.264137 -0.001034 1 0.0
0.6009 0.21148 -0.000604 1 0.0
0.696485 0.286592 -0.000613 1 0.0
0.081573 0.083987 0.763785 15 0.0
0.029425 0.569454 0.98425 15 0.0
0.941884 0.784293 0.364883 19 0.0
0.936961 0.826923 0.361689 19 0.0
0.947637 0.793336 0.476712 19 0.0
0.946808 0.741663 0.368077 19 0.0
0.936131 0.77525 0.253053 19 0.0
0.894805 0.35681 0.843649 11 0.0
0.901712 0.451289 0.818049 11 0.0
0.894214 0.366861 0.880585 11 0.0
0.887899 0.26233 0.86925 11 0.0
0.895396 0.346758 0.806713 11 0.0
0.030011 0.42968 0.965236 15 0.0
0.087146 0.048021 0.560958 3 0.939158
0.970644 0.442212 0.918731 11 0.0
0.939239 0.610832 0.093547 11 0.0
0.083955 0.861172 0.279082 15 1e-06
0.553648 0.717941 0.997077 12 0.0
0.545366 0.796482 0.996516 12 0.0
0.429899 0.704902 0.998545 12 0.0
0.56193 0.6394 0.997638 12 0.0
0.677398 0.73098 0.99561 12 0.0
0.034897 0.085388 0.921965 15 0.999697
0.931139 0.858135 0.098345 19 2.3e-05
0.930125 0.869964 0.096065 19 2.3e-05
0.932117 0.864341 0.130105 19 2.3e-05
0.932153 0.846306 0.100626 19 2.3e-05
0.930161 0.851929 0.066586 19 2.3e-05
0.733397 0.858999 0.99618 12 0.0
0.657539 0.861121 0.996279 12 0.0
0.73441 0.895204 0.995891 12 0.0
0.809255 0.856877 0.99608 12 0.0
0.732385 0.822794 0.996468 12 0.0
0.95682 0.495699 0.998642 12 0.0
0.023296 0.576985 0.976619 15 0.0
0.055802 0.882102 0.327885 15 0.0
0.206607 0.499385 0.99909 12 0.0
0.14986 0.502824 0.999029 12 0.0
0.197959 0.356693 0.998767 12 0.0
0.263354 0.495945 0.999152 12 0.0
0.215255 0.642076 0.999414 12 0.0
0.690808 0.10654 0.022775 9 0.0
0.41839 0.121059 0.002726 2 0.0
0.797081 0.462062 0.000322 1 0.0
0.839039 0.462852 0.001838 1 0.0
0.794825 0.583583 -0.000607 1 0.0
0.755123 0.461271 -0.001193 1 0.0
0.799337 0.340541 0.001252 1 0.0
0.93289 0.09919 0.271441 10 0.18161
0.068731 0.196968 0.640447 15 0.0
0.07015 0.163836 0.738911 15 0.0
0.072236 0.158003 0.627286 15 0.0
0.067313 0.230099 0.541984 15 0.0
0.065227 0.235932 0.653609 15 0.0
0.946764 0.226491 0.179707 11 0.0
0.94944 0.263751 0.175869 11 0.0
0.952509 0.231793 0.235195 11 0.0
0.944088 0.189232 0.183544 11 0.0
0.941019 0.221189 0.124218 11 0.0
0.116282 0.077933 0.031617 3 0.999759
0.11254 0.082121 0.031227 3 0.999759
0.115829 0.0787 0.044195 3 0.999759
0.120024 0.073746 0.032007 3 0.999759
0.116735 0.077166 0.019038 3 0.999759
0.975913 0.728073 0.945198 11 0.0
0.024788 0.326129 0.913941 15 0.0
0.10384 0.79529 0.033752 16 0.0
0.109887 0.817665 0.039361 16 0.0
0.103809 0.793053 0.042708 16 0.0
0.097793 0.772916 0.028142 16 0.0
0.103871 0.797528 0.024795 16 0.0
0.921745 0.077509 0.388143 10 0.0
0.166295 0.97096 0.899179 20 0.0
0.135557 0.971063 0.911486 20 0.0
0.17802 0.971872 0.928455 20 0.0
0.197033 0.970857 0.886872 20 0.0
0.154571 0.970048 0.869902 20 0.0
0.029678 0.368365 0.814455 15 0.0
0.027317 0.454534 0.817719 15 0.0
0.027151 0.366077 0.87305 15 0.0
0.032038 0.282197 0.811191 15 0.0
0.032204 0.370654 0.75586 15 0.0
0.495139 0.067938 0.04732 9 0.0
0.060478 0.70186 0.154412 16 0.0
0.060432 0.759318 0.16784 16 0.0
0.056694 0.690877 0.201396 16 0.0
0.060525 0.644403 0.140984 16 0.0
0.064263 0.712844 0.107427 16 0.0
0.043522 0.953181 0.997792 14 0.999669
0.910016 0.102048 0.033569 10 0.008057
0.918228 0.111912 0.038991 10 0.008057
0.907274 0.099238 0.042832 10 0.008057
0.901803 0.092185 0.028146 10 0.008057
0.912757 0.104858 0.024305 10 0.008057
0.122645 0.149918 0.995483 12 0.0
0.089659 0.153694 0.995264 12 0.0
0.118029 0.10954 0.994575 12 0.0
0.155631 0.146141 0.995701 12 0.0
0.127262 0.190296 0.99639 12 0.0
0.838267 0.972194 0.850859 23 0.0
0.866691 0.971552 0.849072 23 0.0
0.841198 0.974295 0.89671 23 0.0
0.809844 0.972835 0.852646 23 0.0
0.835337 0.970093 0.805008 23 0.0
0.953099 0.055236 0.899829 10 1.3e-05
0.955161 0.056122 0.931832 10 1.3e-05
0.944904 0.045925 0.900615 10 1.3e-05
0.951037 0.054349 0.867826 10 1.3e-05
0.961294 0.064546 0.899043 10 1.3e-05
0.027596 0.28645 0.881958 15 0.0
0.028204 0.353908 0.879321 15 0.0
0.025933 0.287956 0.920105 15 0.0
0.026988 0.218992 0.884595 15 0.0
0.029258 0.284944 0.843811 15 0.0
0.864596 0.179327 0.000982 1 0.0
0.867858 0.214264 0.001118 1 0.0
0.843868 0.181264 0.000622 1 0.0
0.861334 0.14439 0.000846 1 0.0
0.885325 0.17739 0.001343 1 0.0
0.055618 0.85042 0.2606 15 0.0
0.938928 0.266274 0.077792 11 0.0
0.936279 0.271859 0.056821 11 0.0
0.942068 0.312762 0.089777 11 0.0
0.941578 0.260688 0.098762 11 0.0
0.935789 0.219785 0.065806 11 0.0
0.941522 0.048982 0.826319 10 0.0
0.05304 0.640818 0.322978 15 0.0
0.052463 0.719361 0.333916 15 0.0
0.046437 0.626657 0.424319 15 0.0
0.053618 0.562276 0.31204 15 0.0
0.059644 0.65498 0.221637 15 0.0
0.955825 0.881096 0.661033 19 0.0
0.114934 0.921041 0.00514 2 0.911835
0.059033 0.406538 0.257679 15 0.0
0.054044 0.439317 0.323935 15 0.0
0.057719 0.318196 0.301285 15 0.0
0.064021 0.37376 0.191423 15 0.0
0.060347 0.49488 0.214073 15 0.0
0.057656 0.040397 0.940053 3 0.053541
0.05103 0.044009 0.936127 3 0.053541
0.055992 0.045416 0.94748 3 0.053541
0.064282 0.036786 0.943978 3 0.053541
0.059321 0.035378 0.932626 3 0.053541
0.866041 0.903912 0.005615 1 0.00031
0.868525 0.910547 0.004916 1 0.00031
0.848263 0.910299 0.003073 1 0.00031
0.863557 0.897277 0.006313 1 0.00031
0.883819 0.897524 0.008157 1 0.00031
0.022123 0.845379 0.978429 15 0.0
0.048428 0.931938 0.808517 14 0.007852
0.338196 0.374906 1.7e-05 1 0.0
0.348512 0.469076 -0.000398 1 0.0
0.420177 0.365925 -0.000279 1 0.0
0.327881 0.280737 0.000431 1 0.0
0.256216 0.383888 0.000312 1 0.0
0.073038 0.845235 0.020168 16 0.113491
0.074101 0.860965 0.022145 16 0.113491
0.072827 0.844317 0.027584 16 0.113491
0.071976 0.829506 0.01819 16 0.113491
0.07325 0.846153 0.012752 16 0.113491
0.071214 0.903736 0.239411 14 0.999948
0.028106 0.149779 0.927495 15 0.0
0.027644 0.14812 0.93721 15 0.0
0.030369 0.1192 0.922379 15 0.0
0.028568 0.151439 0.917781 15 0.0
0.025843 0.180358 0.932612 15 0.0
0.033804 0.925832 0.876094 14 0.001839
0.067597 0.938743 0.772735 14 0.0
0.084349 0.894596 0.253519 15 3e-06
0.931274 0.974796 0.989092 18 0.992863
0.932027 0.97733 0.98919 18 0.992863
0.931246 0.974629 0.993588 18 0.992863
0.930522 0.972261 0.988993 18 0.992863
0.931303 0.974962 0.984595 18 0.992863
0.929943 0.038368 0.827103 10 2e-06
0.752189 0.246757 0.995127 12 0.0
0.807877 0.290858 0.994023 12 0.0
0.795827 0.191627 0.994016 12 0.0
0.696502 0.202655 0.996231 12 0.0
0.708552 0.301886 0.996237 12 0.0
0.967988 0.860604 0.705771 11 0.0
0.14864 0.836234 0.004539 1 0.0
0.145596 0.866083 0.004911 1 0.0
0.174164 0.838834 0.004765 1 0.0
0.151683 0.806386 0.004167 1 0.0
0.123115 0.833635 0.004313 1 0.0
0.930417 0.597747 0.026668 11 0.0
0.05358 0.927545 0.695854 14 0.0
0.767016 0.844188 0.996686 12 0.0
0.767893 0.886008 0.995493 12 0.0
0.70046 0.845602 0.997358 12 0.0
0.766139 0.802367 0.99788 12 0.0
0.833572 0.842773 0.996014 12 0.0
0.921219 0.220168 0.680779 11 0.0
0.929139 0.269831 0.671106 11 0.0
0.927925 0.235043 0.762639 11 0.0
0.9133 0.170504 0.690453 11 0.0
0.914513 0.205292 0.59892 11 0.0
0.062889 0.14812 0.791962 15 0.0
0.06325 0.177416 0.78862 15 0.0
0.04871 0.155698 0.856876 15 0.0
0.062528 0.118824 0.795303 15 0.0
0.077069 0.140542 0.727048 15 0.0
0.021057 0.678528 0.912053 16 0.0
0.021012 0.75049 0.908458 16 0.0
0.020706 0.679941 0.940335 16 0.0
0.021103 0.606566 0.915648 16 0.0
0.021408 0.677115 0.883771 16 0.0
0.975091 0.580753 0.973068 19 0.0
0.02629 0.115327 0.934388 15 0.0
0.02601 0.115366 0.957547 15 0.0
0.026983 0.098105 0.934425 15 0.0
0.02657 0.115288 0.911229 15 0.0
0.025597 0.132549 0.934351 15 0.0
0.023275 0.933548 0.996061 14 1.0
0.024935 0.934962 0.994319 14 1.0
0.0223 0.935105 0.996397 14 1.0
0.021614 0.932133 0.997804 14 1.0
0.024249 0.93199 0.995725 14 1.0
0.922892 0.907812 0.240456 18 0.0
0.910521 0.097093 0.379471 10 0.029088
0.93697 0.85689 0.244464 19 0.0
0.976599 0.238765 0.99891 11 0.999999
0.94876 0.661857 0.742466 11 0.0
0.942082 0.751266 0.727175 11 0.0
0.946412 0.675321 0.822218 11 0.0
0.955438 0.572448 0.757757 11 0.0
0.951108 0.648392 0.662714 11 0.0
0.8956 0.086731 0.039638 10 0.0
0.902472 0.093857 0.037209 10 0.0
0.899985 0.08701 0.052858 10 0.0
0.888727 0.079606 0.042068 10 0.0
0.891215 0.086453 0.026418 10 0.0
0.031813 0.208911 0.81001 15 0.0
0.031068 0.253451 0.812061 15 0.0
0.028703 0.206099 0.869956 15 0.0
0.032557 0.164372 0.807959 15 0.0
0.034922 0.211724 0.750064 15 0.0
0.300285 0.941583 0.391309 21 0.0
0.365789 0.94072 0.385739 21 0.0
0.30931 0.94774 0.496493 21 0.0
0.23478 0.942445 0.396879 21 0.0
0.291259 0.935426 0.286125 21 0.0
0.087519 0.900195 0.058729 14 0.993989
0.096122 0.907851 0.05745 14 0.993989
0.08936 0.900796 0.074714 14 0.993989
0.078915 0.89254 0.060007 14 0.993989
0.085678 0.899595 0.042743 14 0.993989
0.337331 0.358946 -0.000378 1 0.0
0.328 0.44782 -0.0008 1 0.0
0.419014 0.367517 -0.001509 1 0.0
0.346663 0.270071 4.3e-05 1 0.0
0.255648 0.350375 0.000752 1 0.0
0.475255 0.138789 -0.001398 1 0.0
0.052345 0.077631 0.973248 3 1e-06
0.047956 0.073682 0.980031 3 1e-06
0.060569 0.06731 0.97256 3 1e-06
0.056735 0.081581 0.966465 3 1e-06
0.044122 0.087953 0.973936 3 1e-06
0.946839 0.859732 0.35665 11 0.0
0.941926 0.892481 0.677366 11 0.0
0.52941 0.935132 0.138996 20 0.0
0.637084 0.934993 0.134579 20 0.0
0.531094 0.936455 0.179991 20 0.0
0.421737 0.935271 0.143413 20 0.0
0.527727 0.93381 0.098001 20 0.0
0.923153 0.139416 0.994712 12 0.0
0.941528 0.137682 0.995829 12 0.0
0.919653 0.103071 0.995866 12 0.0
0.904777 0.14115 0.993596 12 0.0
0.926652 0.175761 0.993559 12 0.0
0.076178 0.038155 0.835487 3 0.999963
0.976399 0.882617 0.948023 19 0.0
0.97592 0.89842 0.942539 19 0.0
0.976143 0.888159 0.964013 19 0.0
0.976879 0.866815 0.953508 19 0.0
0.976656 0.877076 0.932033 19 0.0
0.922719 0.140355 0.996007 12 0.0
0.93149 0.17746 0.995959 12 0.0
0.938674 0.136586 0.997535 12 0.0
0.913949 0.10325 0.996055 12 0.0
0.906765 0.144124 0.994479 12 0.0
0.175472 0.070007 0.442969 6 0.0
0.147583 0.071162 0.445951 6 0.0
0.184016 0.058831 0.527217 6 0.0
0.203361 0.068853 0.439988 6 0.0
0.166928 0.081184 0.358721 6 0.0
0.608083 0.027315 0.984745 8 0.0
0.798635 0.975034 0.96982 22 0.0
0.925913 0.059385 0.762085 10 0.0
0.049527 0.097418 0.817907 3 0.0
0.371383 0.028015 0.857181 6 0.0
0.278218 0.028793 0.855031 6 0.0
0.370342 0.026217 0.901615 6 0.0
0.464548 0.027236 0.859332 6 0.0
0.372424 0.029812 0.812748 6 0.0
0.062686 0.254962 0.996458 12 0.0
0.146862 0.772172 0.796771 15 5e-06
0.129227 0.831025 0.800377 15 5e-06
0.11615 0.759444 0.854319 15 5e-06
0.164497 0.713319 0.793165 15 5e-06
0.177574 0.784901 0.739222 15 5e-06
0.111857 0.074264 0.103902 3 0.999987
0.117466 0.261909 0.153849 15 0.0
0.108007 0.316393 0.18711 15 0.0
0.116093 0.244373 0.182185 15 0.0
0.126925 0.207426 0.120589 15 0.0
0.118839 0.279446 0.125514 15 0.0
0.151623 0.912619 0.001594 2 0.018053
0.169203 0.914067 0.000194 2 0.018053
0.152138 0.905967 0.001174 2 0.018053
0.134043 0.911171 0.002994 2 0.018053
0.151109 0.919271 0.002015 2 0.018053
0.898304 0.164276 0.00196 2 8e-06
0.901802 0.190484 0.001123 2 8e-06
0.887923 0.165626 0.000844 2 8e-06
0.894806 0.138069 0.002797 2 8e-06
0.908685 0.162926 0.003076 2 8e-06
0.967453 0.731891 0.633065 11 0.0
0.962834 0.726338 0.523547 11 0.0
0.962365 0.791726 0.630246 11 0.0
0.972072 0.737445 0.742583 11 0.0
0.972541 0.672057 0.635885 11 0.0
0.632424 0.022383 0.984383 8 0.0
0.235271 0.864515 0.580714 20 0.0
0.294967 0.866199 0.589017 20 0.0
0.217509 0.884951 0.70427 20 0.0
0.175575 0.862831 0.572411 20 0.0
0.253033 0.844078 0.457157 20 0.0
0.738413 0.133963 0.994777 12 0.0
0.738212 0.169582 0.994836 12 0.0
0.814251 0.134392 0.993942 12 0.0
0.738614 0.098344 0.994717 12 0.0
0.662576 0.133534 0.995612 12 0.0
0.941591 0.875918 0.29478 19 0.0
0.500717 0.067145 0.06253 9 0.0
0.130296 0.829354 0.236142 15 0.0
0.896302 0.121683 0.993872 12 0.0
0.911392 0.152375 0.995195 12 0.0
0.918054 0.110925 0.995331 12 0.0
0.881211 0.090992 0.992549 12 0.0
0.874549 0.132442 0.992413 12 0.0
0.319081 0.968637 0.976372 22 0.0
0.871962 0.805793 0.677382 11 1e-06
0.874869 0.853569 0.672017 11 1e-06
0.876124 0.815822 0.768951 11 1e-06
0.869055 0.758016 0.682747 11 1e-06
0.867799 0.795763 0.585813 11 1e-06
0.374801 0.078734 0.032124 9 0.0
0.867892 0.069392 0.2978 9 2e-06
0.754859 0.96874 0.77186 24 0.0
0.806521 0.966963 0.756787 24 0.0
0.775111 0.97102 0.841003 24 0.0
0.703197 0.970518 0.786933 24 0.0
0.734607 0.966461 0.702718 24 0.0
0.932827 0.044268 0.790167 10 0.0
0.048193 0.164596 0.505024 15 0.0
0.24953 0.97589 0.979168 22 0.0
0.488358 0.068682 0.036515 9 0.0
0.055732 0.557344 0.955302 15 2e-06
0.215672 0.064603 0.10268 6 1e-06
0.183271 0.066637 0.095042 6 1e-06
0.208245 0.063579 0.133912 6 1e-06
0.248074 0.06257 0.110318 6 1e-06
0.223099 0.065628 0.071448 6 1e-06
0.046516 0.123076 0.569775 15 0.0
0.062229 0.202405 0.246911 15 0.0
0.065607 0.20981 0.170258 15 0.0
0.061733 0.234431 0.249984 15 0.0
0.058851 0.194999 0.323564 15 0.0
0.062725 0.170379 0.243839 15 0.0
0.111844 0.744726 0.004269 1 0.0
0.03378 0.345999 0.740015 15 0.0
0.036733 0.342135 0.657655 15 0.0
0.032858 0.430956 0.735996 15 0.0
0.030827 0.349864 0.822376 15 0.0
0.034703 0.261043 0.744035 15 0.0
0.936839 0.081473 0.825534 10 1e-06
0.538424 0.973536 0.945098 22 0.0
0.867006 0.969159 0.766984 20 0.0
0.337142 0.966096 0.980221 22 0.0
0.954866 0.87803 0.655014 11 0.0
0.898401 0.090134 0.192798 10 0.0
0.061941 0.251471 0.910443 4 0.0
0.05776 0.316681 0.899751 4 0.0
0.060995 0.255565 0.935783 4 0.0
0.066122 0.186261 0.921134 4 0.0
0.062888 0.247377 0.885102 4 0.0
0.827521 0.03421 0.674934 7 0.0
0.975255 0.242481 0.953277 11 0.0
0.962818 0.809787 0.657149 11 0.0
0.956657 0.816583 0.554592 11 0.0
0.959445 0.845772 0.659736 11 0.0
0.968979 0.802991 0.759706 11 0.0
0.966192 0.773802 0.654562 11 0.0
0.840671 0.115094 0.271966 9 0.0
0.872318 0.117935 0.269306 9 0.0
0.84629 0.128349 0.352971 9 0.0
0.809024 0.112253 0.274627 9 0.0
0.835051 0.101839 0.190962 9 0.0
0.975833 0.883536 0.88008 11 0.0
0.974975 0.898158 0.878172 11 0.0
0.977534 0.888533 0.917599 11 0.0
0.976691 0.868914 0.881989 11 0.0
0.974131 0.878539 0.842562 11 0.0
0.579308 0.152686 -0.001903 1 0.0
0.919794 0.868306 0.117846 11 0.999645
0.925765 0.873712 0.131064 11 0.999645
0.918707 0.861545 0.121103 11 0.999645
0.913822 0.8629 0.104629 11 0.999645
0.92088 0.875068 0.11459 11 0.999645
0.495862 0.896694 0.002712 1 0.0
0.9786 0.623974 0.922123 11 0.0
0.535348 0.068824 0.035219 9 0.0
0.926331 0.021558 0.966733 10 0.999547
0.067091 0.24108 0.134678 4 0.0
0.064609 0.283278 0.147287 4 0.0
0.065939 0.2286 0.176215 4 0.0
0.069573 0.198883 0.122068 4 0.0
0.068242 0.25356 0.093141 4 0.0
0.079777 0.912037 0.512717 14 0.0
0.884871 0.844399 0.2532 11 0.0
0.913986 0.92815 0.591836 18 0.998352
0.052881 0.164143 0.995257 12 6e-06
0.977452 0.40637 0.913314 11 0.0
0.413595 0.929004 0.996344 12 0.0
0.08457 0.245042 0.997124 12 0.0
0.106029 0.244435 0.996987 12 0.0
0.086536 0.314484 0.997412 12 0.0
0.063111 0.245649 0.997261 12 0.0
0.082604 0.1756 0.996837 12 0.0
0.681124 0.077885 0.996087 13 0.0
0.111379 0.082932 0.00488 3 1.0
0.907401 0.168715 0.27758 11 0.0
0.907117 0.158182 0.210331 11 0.0
0.909053 0.194707 0.273502 11 0.0
0.907684 0.179248 0.344829 11 0.0
0.905748 0.142722 0.281658 11 0.0
0.469243 0.155638 0.046014 1 1.8e-05
0.86351 0.057445 0.272261 7 0.0
0.885599 0.896324 0.994137 12 0.0
0.881041 0.921959 0.994139 12 0.0
0.856243 0.891106 0.993311 12 0.0
0.890156 0.870689 0.994135 12 0.0
0.914954 0.901543 0.994963 12 0.0
0.906108 0.072478 0.991351 12 0.0
0.90104 0.08782 0.98903 12 0.0
0.928885 0.080171 0.992465 12 0.0
0.911177 0.057136 0.993673 12 0.0
0.883332 0.064784 0.990237 12 0.0
0.5513 0.304019 -1.6e-05 1 0.0
0.568342 0.371266 -9e-05 1 0.0
0.435493 0.333366 -0.000225 1 0.0
0.534258 0.236771 5.8e-05 1 0.0
0.667108 0.274671 0.000194 1 0.0
0.064739 0.140727 0.220355 15 0.0
0.969371 0.220312 0.610282 11 0.0
0.974688 0.264897 0.6166 11 0.0
0.972264 0.20511 0.715124 11 0.0
0.964053 0.175726 0.603964 11 0.0
0.966477 0.235513 0.50544 11 0.0
0.61755 0.024502 0.907754 8 0.0
0.974961 0.462886 0.779187 11 0.0
0.976244 0.565152 0.782706 11 0.0
0.975695 0.460556 0.846652 11 0.0
0.973678 0.36062 0.775669 11 0.0
0.974227 0.465217 0.711723 11 0.0
0.058151 0.055804 0.79949 3 0.0
0.916827 0.054837 0.548677 10 0.0
0.436465 0.966872 0.978648 22 0.0
0.970504 0.302566 0.603146 11 0.0
0.975243 0.369981 0.604689 11 0.0
0.972462 0.299734 0.720838 11 0.0
0.965764 0.23515 0.601603 11 0.0
0.968545 0.305397 0.485454 11 0.0
0.50333 0.972174 0.98447 22 0.0
0.439934 0.201424 -0.001451 1 0.0
0.437944 0.242692 -0.001968 1 0.0
0.551532 0.206786 -0.00294 1 0.0
0.441923 0.160156 -0.000934 1 0.0
0.328335 0.196062 3.8e-05 1 0.0
0.022252 0.59826 0.903858 16 0.0
0.952488 0.139231 0.458398 11 0.0
0.1338 0.576534 0.003734 1 0.0
0.123769 0.066021 0.141734 6 0.0
0.379032 0.95064 0.949566 22 0.0
0.056976 0.359692 0.997201 12 0.0
0.109454 0.848745 0.323539 15 0.0
0.109976 0.869419 0.319473 15 0.0
0.100601 0.861336 0.386433 15 0.0
0.108931 0.828072 0.327604 15 0.0
0.118306 0.836155 0.260644 15 0.0
0.069594 0.119646 0.303266 3 0.0
0.405692 0.807362 0.000899 1 0.0
0.411005 0.842515 0.001743 1 0.0
0.303092 0.822857 0.001413 1 0.0
0.400379 0.772209 5.5e-05 1 0.0
0.508292 0.791867 0.000386 1 0.0
0.858119 0.964738 0.687781 24 0.0
0.912271 0.640991 0.0026 1 1.6e-05
0.200101 0.09408 0.814074 8 0.0
0.152184 0.107508 0.802695 8 0.0
0.188553 0.097834 0.867128 8 0.0
0.248018 0.080652 0.825453 8 0.0
0.211648 0.090326 0.76102 8 0.0
0.196624 0.025167 0.977518 6 0.0
0.022755 0.69028 0.984828 15 4e-06
0.38509 0.830442 0.055984 1 0.0
0.940605 0.147211 0.692261 11 0.0
0.942444 0.173258 0.691985 11 0.0
0.95094 0.14735 0.774284 11 0.0
0.938765 0.121164 0.692537 11 0.0
0.930269 0.147072 0.610237 11 0.0
0.493649 0.308214 -0.000309 2 0.0
0.495015 0.382607 -0.000474 2 0.0
0.365033 0.310578 0.000147 2 0.0
0.492282 0.233822 -0.000144 2 0.0
0.949002 0.583237 0.882508 11 0.0
0.451591 0.97304 0.906935 24 0.0
0.93094 0.329091 0.996877 12 0.0
0.023199 0.373185 0.971048 15 0.0
0.045929 0.08545 0.693046 3 0.0
0.024299 0.41617 0.960929 15 0.0
0.026059 0.329208 0.871992 15 0.0
0.02568 0.410037 0.868076 15 0.0
0.02447 0.331169 0.912605 15 0.0
0.026438 0.248379 0.875909 15 0.0
0.027647 0.327248 0.83138 15 0.0
0.058335 0.64164 0.99542 12 0.0
0.023277 0.170986 0.980565 15 0.0
0.227064 0.060742 0.224813 6 0.0
0.18932 0.062106 0.226724 6 0.0
0.230424 0.058009 0.29312 6 0.0
0.264808 0.059379 0.222902 6 0.0
0.223704 0.063476 0.156506 6 0.0
0.049629 0.189819 0.825052 4 0.0
0.051704 0.200387 0.772191 4 0.0
0.044306 0.236511 0.834177 4 0.0
0.047554 0.179252 0.877913 4 0.0
0.054952 0.143128 0.815927 4 0.0
0.118493 0.339896 0.701053 15 0.0
0.105295 0.430733 0.699562 15 0.0
0.123954 0.342069 0.785145 15 0.0
0.13169 0.249058 0.702544 15 0.0
0.113031 0.337722 0.616962 15 0.0
0.053657 0.14262 0.400964 15 0.0
0.939886 0.830262 0.326992 19 0.0
0.771207 0.963058 0.674195 21 0.0
0.814467 0.962971 0.667845 21 0.0
0.785453 0.96811 0.771192 21 0.0
0.727946 0.963145 0.680544 21 0.0
0.75696 0.958006 0.577197 21 0.0
0.925134 0.159192 0.003417 2 0.999958
0.131549 0.447813 0.004613 1 0.0
0.924918 0.767522 0.266447 19 0.0
0.916579 0.813517 0.252238 19 0.0
0.929897 0.7935 0.34762 19 0.0
0.933257 0.721526 0.280655 19 0.0
0.919939 0.741543 0.185274 19 0.0
0.103525 0.041401 0.92211 5 0.0
0.097515 0.04143 0.923476 5 0.0
0.106445 0.04178 0.93495 5 0.0
0.109535 0.041372 0.920744 5 0.0
0.100605 0.041021 0.90927 5 0.0
0.55795 0.97342 0.97288 22 0.0
0.21121 0.049197 0.46474 6 0.0
0.270367 0.083857 0.999012 13 0.0
0.434046 0.124881 0.997676 13 0.0
0.058786 0.572563 0.946348 15 2e-06
0.943844 0.296998 0.995593 12 0.0
0.919202 0.055509 0.742966 10 0.999987
0.928941 0.364469 0.975878 12 0.0
0.037928 0.840864 0.61985 15 0.0
0.326655 0.888533 0.01771 1 0.0
0.067885 0.421234 0.071973 16 0.0
0.96237 0.703578 0.483574 11 0.0
0.957854 0.765605 0.483752 11 0.0
0.970346 0.703777 0.617228 11 0.0
0.966885 0.641551 0.483397 11 0.0
0.954393 0.70338 0.34992 11 0.0
0.037925 0.328921 0.688594 15 0.0
0.037827 0.384002 0.672478 15 0.0
0.032676 0.352603 0.769562 15 0.0
0.038024 0.273841 0.70471 15 0.0
0.043175 0.30524 0.607625 15 0.0
0.609203 0.879309 0.001603 1 0.0
0.090877 0.811199 0.414928 15 0.0
0.092006 0.849198 0.417393 15 0.0
0.078902 0.80565 0.505939 15 0.0
0.089749 0.773199 0.412463 15 0.0
0.102853 0.816747 0.323917 15 0.0
0.698681 0.97175 0.976941 22 0.0
0.364299 0.78817 0.00092 1 0.0
0.367821 0.832233 0.001439 1 0.0
0.433637 0.782642 -0.000434 1 0.0
0.360776 0.744107 0.0004 1 0.0
0.29496 0.793697 0.002274 1 0.0
0.559117 0.218691 0.998159 12 0.0
0.689851 0.204991 0.997541 12 0.0
0.565418 0.278813 0.998215 12 0.0
0.428383 0.232391 0.998776 12 0.0
0.552816 0.158569 0.998102 12 0.0
0.350766 0.029142 0.953447 8 0.0
0.443972 0.041674 0.945377 8 0.0
0.09664 0.051456 0.768963 5 1.4e-05
0.787522 0.551016 0.996918 12 0.0
0.782961 0.683531 0.997235 12 0.0
0.849054 0.553137 0.995811 12 0.0
0.792083 0.418501 0.996601 12 0.0
0.72599 0.548896 0.998025 12 0.0
0.021406 0.656528 0.983415 15 0.0
0.941809 0.262139 0.99244 12 0.0
0.953731 0.860954 0.488376 11 0.0
0.137927 0.148289 0.214315 15 2e-06
0.082109 0.248165 0.495803 15 0.0
0.075654 0.309881 0.494985 15 0.0
0.071398 0.248862 0.63292 15 0.0
0.088563 0.18645 0.496621 15 0.0
0.09282 0.247468 0.358686 15 0.0
0.657666 0.972272 0.872397 20 0.0
0.735946 0.973608 0.881635 20 0.0
0.653016 0.973513 0.911623 20 0.0
0.579386 0.970936 0.863159 20 0.0
0.662317 0.971032 0.833171 20 0.0
0.950312 0.583179 0.989418 12 0.0
0.060526 0.294748 0.995673 12 0.0
0.071109 0.516428 0.996589 12 0.0
0.410092 0.780578 0.998481 12 0.0
0.413663 0.840073 0.99779 12 0.0
0.292814 0.787616 0.99831 12 0.0
0.40652 0.721084 0.999171 12 0.0
0.52737 0.77354 0.998651 12 0.0
0.127694 0.835994 0.402219 15 0.0
0.9185 0.560056 0.995075 12 0.0
0.14975 0.478285 0.997573 12 0.0
0.049329 0.684031 0.996519 12 0.0
0.977372 0.542546 0.942132 11 0.0
0.559637 0.137366 0.996028 12 0.0
0.42354 0.110849 0.004148 2 0.0
0.020766 0.739557 0.979746 15 0.0
0.787678 0.965731 0.710044 23 0.0
0.829455 0.965096 0.71056 23 0.0
0.786658 0.970365 0.798216 23 0.0
0.745901 0.966365 0.709528 23 0.0
0.788697 0.961097 0.621872 23 0.0
0.079526 0.391406 0.042001 15 0.0
0.405982 0.286098 -0.000458 1 0.0
0.391386 0.349375 -0.001305 1 0.0
0.492444 0.306041 -0.000488 1 0.0
0.420578 0.222821 0.000389 1 0.0
0.31952 0.266154 -0.000428 1 0.0
0.034586 0.299957 0.747651 15 0.0
0.034788 0.348529 0.726545 15 0.0
0.03119 0.327111 0.81011 15 0.0
0.034384 0.251385 0.768757 15 0.0
0.037983 0.272803 0.685193 15 0.0
0.653398 0.972812 0.914479 24 0.0
0.969383 0.256714 0.585652 11 0.0
0.975165 0.310355 0.587172 11 0.0
0.971794 0.253276 0.697761 11 0.0
0.963601 0.203074 0.584131 11 0.0
0.966972 0.260153 0.473542 11 0.0
0.550839 0.974792 0.993304 12 1e-06
0.078754 0.045615 0.704801 3 0.805701
0.351059 0.456898 -0.000347 1 0.0
0.3494 0.575108 -0.000763 1 0.0
0.436825 0.458099 -0.001179 1 0.0
0.352719 0.338688 6.9e-05 1 0.0
0.265294 0.455697 0.000484 1 0.0
0.972446 0.495907 0.981744 11 0.000672
0.748235 0.955085 0.543827 21 0.0
0.794518 0.954967 0.538142 21 0.0
0.760944 0.960682 0.647178 21 0.0
0.701952 0.955203 0.549512 21 0.0
0.735526 0.949488 0.440476 21 0.0
0.07376 0.049697 0.704937 3 6e-05
0.978768 0.628254 0.870186 11 0.0
0.976835 0.623948 0.909137 11 0.0
0.980579 0.533846 0.859837 11 0.0
0.980701 0.632561 0.831235 11 0.0
0.976957 0.722662 0.880534 11 0.0
0.066532 0.385859 0.939134 15 2.2e-05
0.070243 0.417062 0.929236 15 2.2e-05
0.054525 0.390613 0.949619 15 2.2e-05
0.062821 0.354655 0.949032 15 2.2e-05
0.078538 0.381105 0.928649 15 2.2e-05
0.976766 0.443265 0.940642 11 0.0
0.92583 0.877942 0.218908 11 0.99982
0.151487 0.241348 0.508606 15 0.0
0.158528 0.293806 0.505475 15 0.0
0.144446 0.188891 0.511737 15 0.0
0.15401 0.233549 0.383598 15 0.0
0.468971 0.972379 0.981443 22 0.0
0.915472 0.510212 0.954903 12 0.0
0.952142 0.159347 0.522339 11 0.0
0.488392 0.755964 0.996993 12 0.0
0.49147 0.824068 0.996266 12 0.0
0.345992 0.762398 0.996916 12 0.0
0.485314 0.687859 0.997721 12 0.0
0.630792 0.749529 0.99707 12 0.0
0.474725 0.971074 0.850268 23 0.0
0.368336 0.969393 0.841887 23 0.0
0.471087 0.973314 0.895998 23 0.0
0.581114 0.972754 0.858649 23 0.0
0.478363 0.968833 0.804538 23 0.0
0.955669 0.164391 0.428821 11 0.0
0.046075 0.841849 0.561823 15 0.112758
0.504096 0.964425 0.753292 21 0.0
0.627394 0.967851 0.800189 21 0.0
0.483313 0.968226 0.807657 21 0.0
0.380799 0.960998 0.706395 21 0.0
0.52488 0.960624 0.698928 21 0.0
0.930966 0.171197 0.39747 11 0.0
0.933929 0.19799 0.394159 11 0.0
0.94018 0.180138 0.478075 11 0.0
0.928003 0.144405 0.40078 11 0.0
0.921752 0.162256 0.316865 11 0.0
0.169799 0.438312 1.001711 12 0.0
0.123418 0.441234 1.001121 12 0.0
0.161915 0.313171 1.001652 12 0.0
0.216179 0.43539 1.0023 12 0.0
0.177682 0.563453 1.00177 12 0.0
0.885321 0.46924 0.995907 12 0.0
0.444826 0.217966 0.997161 12 0.0
0.44422 0.275335 0.99746 12 0.0
0.572907 0.219319 0.997004 12 0.0
0.445432 0.160597 0.996863 12 0.0
0.316745 0.216613 0.997318 12 0.0
0.907977 0.117773 0.104303 10 0.997155
0.913215 0.122853 0.104893 10 0.997155
0.908354 0.115118 0.123806 10 0.997155
0.902739 0.112693 0.103713 10 0.997155
0.9076 0.120428 0.0848 10 0.997155
0.07163 0.923406 0.486136 14 0.0
0.071518 0.139547 0.015391 3 0.885195
0.071406 0.141182 0.022029 3 0.885195
0.072051 0.128051 0.018232 3 0.885195
0.071629 0.137912 0.008753 3 0.885195
0.070984 0.151042 0.01255 3 0.885195
0.024152 0.240065 0.942229 15 0.0
0.059157 0.861358 0.625897 15 0.0
0.065283 0.876158 0.598106 15 0.0
0.062628 0.882969 0.638171 15 0.0
0.05303 0.846559 0.653689 15 0.0
0.055686 0.839747 0.613624 15 0.0
0.898744 0.917072 0.2246 18 0.99936
0.112016 0.964702 0.758169 24 0.0
0.939458 0.134547 0.22368 11 0.0
0.053636 0.538843 0.350609 15 0.0
0.04971 0.632079 0.414374 15 0.0
0.048091 0.478724 0.438171 15 0.0
0.057562 0.445608 0.286843 15 0.0
0.059181 0.598963 0.263046 15 0.0
0.934905 0.728402 0.047932 19 0.0
0.976481 0.276777 0.950652 11 0.0
0.910246 0.098889 0.087496 10 0.000165
0.918298 0.108734 0.085837 10 0.000165
0.91356 0.100791 0.114869 10 0.000165
0.902194 0.089044 0.089155 10 0.000165
0.906931 0.096987 0.060122 10 0.000165
0.80894 0.971655 0.833851 21 0.0
0.845999 0.969613 0.826106 21 0.0
0.819292 0.972704 0.883105 21 0.0
0.771882 0.973697 0.841597 21 0.0
0.798588 0.970606 0.784598 21 0.0
0.976382 0.727492 0.952141 11 0.0
0.959147 0.07365 0.819685 10 0.998138
0.933346 0.084602 0.437113 10 0.0
0.075063 0.947934 0.64683 14 0.0
0.052447 0.212879 0.437201 15 0.0
0.951658 0.073704 0.727302 10 0.0
0.062419 0.875645 0.221618 15 0.0
0.09351 0.914186 0.194148 14 1e-06
0.93171 0.390802 0.027008 11 0.003876
0.95605 0.06069 0.878212 10 0.0
0.037392 0.058537 0.979894 3 1.7e-05
0.036987 0.061685 0.97364 3 1.7e-05
0.030501 0.063411 0.982793 3 1.7e-05
0.037796 0.05539 0.986149 3 1.7e-05
0.044282 0.053664 0.976996 3 1.7e-05
0.056724 0.681397 0.230717 15 0.0
0.056074 0.743954 0.249551 15 0.0
0.052098 0.660186 0.301011 15 0.0
0.057373 0.61884 0.211883 15 0.0
0.061349 0.702609 0.160423 15 0.0
0.967611 0.793865 0.680464 11 0.0
0.964175 0.778142 0.583071 11 0.0
0.962916 0.834179 0.674121 11 0.0
0.971048 0.809588 0.777857 11 0.0
0.972306 0.753551 0.686806 11 0.0
0.914963 0.092379 0.168708 10 0.0
0.070784 0.341847 0.025839 16 0.000652
0.930413 0.140385 0.028795 11 0.00021
0.932922 0.149035 0.036592 11 0.00021
0.930318 0.134265 0.035615 11 0.00021
0.927904 0.131735 0.020998 11 0.00021
0.930508 0.146506 0.021975 11 0.00021
0.922934 0.114076 0.122942 10 0.999869
0.927716 0.118005 0.12287 10 0.999869
0.924569 0.11243 0.141602 10 0.999869
0.918153 0.110146 0.123015 10 0.999869
0.921299 0.115721 0.104282 10 0.999869
0.120019 0.929984 0.03333 14 0.999993
0.451194 0.138555 0.000376 1 0.0
0.933604 0.855159 0.153152 19 0.0
0.971909 0.314391 0.980579 11 0.0
0.053611 0.926741 0.709342 14 0.0
0.077136 0.875885 0.168427 14 0.0
0.089718 0.909639 0.219069 14 0.0
0.959734 0.810826 0.512523 11 0.0
0.922386 0.558731 0.058673 19 0.999529
0.168758 0.960242 0.666292 24 0.0
0.787164 0.024616 0.922593 8 0.0
0.739299 0.023424 0.917534 8 0.0
0.784451 0.023255 0.94858 8 0.0
0.835028 0.025808 0.927652 8 0.0
0.789877 0.025977 0.896606 8 0.0
0.975058 0.197207 0.977646 11 0.0
0.064659 0.209632 0.209988 15 0.0
0.064356 0.242796 0.214591 15 0.0
0.062362 0.200468 0.27585 15 0.0
0.064961 0.176469 0.205384 15 0.0
0.066956 0.218797 0.144125 15 0.0
0.037706 0.097642 0.829602 3 0.0
0.060161 0.891747 0.868103 15 0.0
0.06455 0.896719 0.831602 15 0.0
0.061679 0.9106 0.870853 15 0.0
0.055771 0.886776 0.904603 15 0.0
0.058642 0.872895 0.865352 15 0.0
0.052318 0.092361 0.749936 15 0.0
0.840881 0.056662 0.252288 7 0.0
0.067423 0.119479 0.264476 3 0.0
0.084716 0.044492 0.863968 3 0.999199
0.97642 0.674386 0.987394 11 1e-06
0.903874 0.78053 0.997416 12 0.0
0.926626 0.783974 0.995642 12 0.0
0.913633 0.718098 1.001397 12 0.0
0.881122 0.777087 0.99919 12 0.0
0.894114 0.842963 0.993435 12 0.0
0.93778 0.79928 0.145944 19 0.0
0.935616 0.829312 0.145367 19 0.0
0.940588 0.800352 0.191179 19 0.0
0.939944 0.769247 0.146522 19 0.0
0.934972 0.798207 0.10071 19 0.0
0.036285 0.056848 0.984657 3 0.999984
0.033194 0.262972 0.78545 15 0.0
0.031625 0.322882 0.794292 15 0.0
0.030538 0.253022 0.852397 15 0.0
0.034764 0.203062 0.776608 15 0.0
0.035851 0.272922 0.718503 15 0.0
0.085338 0.15928 0.353452 15 0.0
0.090813 0.163257 0.301754 15 0.0
0.081216 0.191229 0.355473 15 0.0
0.079863 0.155303 0.405149 15 0.0
0.08946 0.127331 0.35143 15 0.0
0.078401 0.924591 0.347523 14 0.99947
0.06782 0.892942 0.186452 14 0.999347
0.063521 0.948501 0.976764 14 0.0
0.067702 0.953446 0.9789 14 0.0
0.061327 0.94768 0.982958 14 0.0
0.05934 0.943555 0.974628 14 0.0
0.065715 0.949321 0.970571 14 0.0
0.024517 0.094228 0.987144 15 0.0
0.023615 0.094243 0.991379 15 0.0
0.026657 0.079984 0.987652 15 0.0
0.02542 0.094212 0.98291 15 0.0
0.022377 0.108471 0.986637 15 0.0
0.065652 0.958918 0.959694 14 4e-06
0.068212 0.961642 0.960827 14 4e-06
0.061609 0.958258 0.970424 14 4e-06
0.063092 0.956195 0.958562 14 4e-06
0.069695 0.959579 0.948964 14 4e-06
0.942385 0.879205 0.342536 19 0.0
0.892669 0.086262 0.026646 10 0.0
0.901684 0.093084 0.02742 10 0.0
0.891964 0.086188 0.03551 10 0.0
0.883655 0.079441 0.025871 10 0.0
0.893375 0.086336 0.017781 10 0.0
0.962401 0.826675 0.571993 11 0.0
0.59739 0.026553 0.988333 8 0.0
0.975774 0.155285 0.965537 11 0.0
0.976806 0.185852 0.969001 11 0.0
0.976242 0.153947 0.977203 11 0.0
0.974743 0.124717 0.962074 11 0.0
0.975307 0.156622 0.953872 11 0.0
0.070081 0.549903 0.02245 15 0.0
0.875326 0.079243 0.456166 6 0.0
0.053901 0.048507 0.89957 3 1.8e-05
0.045437 0.05654 0.901262 3 1.8e-05
0.057433 0.046635 0.926117 3 1.8e-05
0.062365 0.040474 0.897877 3 1.8e-05
0.05037 0.05038 0.873022 3 1.8e-05
0.660886 0.025036 0.910118 8 0.0
0.579284 0.025279 0.905049 8 0.0
0.659112 0.023439 0.938609 8 0.0
0.742489 0.024793 0.915187 8 0.0
0.662661 0.026633 0.881627 8 0.0
0.039235 0.901419 0.926876 16 0.0
0.040595 0.911726 0.924066 16 0.0
0.032646 0.908503 0.949673 16 0.0
0.037875 0.891112 0.929685 16 0.0
0.045824 0.894335 0.904078 16 0.0
0.076153 0.912915 0.614023 14 0.0
0.265054 0.033231 0.927222 8 0.0
0.332343 0.031175 0.926878 8 0.0
0.265152 0.03251 0.950741 8 0.0
0.197765 0.035287 0.927565 8 0.0
0.264956 0.033952 0.903703 8 0.0
0.60365 0.072766 0.049611 9 0.0
0.87281 0.973905 0.877849 17 0.0
0.889826 0.973164 0.873583 17 0.0
0.882447 0.97564 0.915988 17 0.0
0.855795 0.974647 0.882114 17 0.0
0.863173 0.972171 0.839709 17 0.0
0.918321 0.060657 0.497185 10 0.0
0.073769 0.889505 0.138219 14 0.00102
0.116821 0.928813 0.056014 14 0.999938
0.948908 0.051438 0.97785 10 0.999992
0.947518 0.054329 0.97967 10 0.999992
0.940731 0.047947 0.977151 10 0.999992
0.950298 0.048547 0.976031 10 0.999992
0.957086 0.054929 0.97855 10 0.999992
0.936601 0.844327 0.185576 19 0.0
0.934953 0.860952 0.184137 19 0.0
0.938925 0.849221 0.239446 19 0.0
0.938248 0.827702 0.187015 19 0.0
0.934276 0.839433 0.131706 19 0.0
0.44263 0.063762 0.052642 6 0.043622
0.88905 0.064437 0.152837 10 1.0
0.134296 0.25079 0.002203 1 0.0
0.113337 0.251575 0.00234 1 0.0
0.132197 0.194067 0.006121 1 0.0
0.155256 0.250005 0.002066 1 0.0
0.136396 0.307513 -0.001716 1 0.0
0.937034 0.878763 0.275471 19 1e-06
0.974815 0.077266 0.934628 10 0.00028
0.562324 0.067087 0.052003 9 0.0
0.958899 0.38689 0.376628 11 0.0
0.95164 0.378615 0.270732 11 0.0
0.960876 0.477186 0.369437 11 0.0
0.966158 0.395165 0.482525 11 0.0
0.956923 0.296594 0.38382 11 0.0
0.895881 0.87724 0.003631 2 0.112367
0.889128 0.873254 0.00483 2 0.112367
0.905599 0.861083 0.004658 2 0.112367
0.902635 0.881225 0.002432 2 0.112367
0.886164 0.893396 0.002605 2 0.112367
0.977204 0.686618 0.985644 11 0.0
0.041566 0.174834 0.667679 15 0.0
0.595933 0.07677 0.030033 9 0.0
0.932535 0.069347 0.568426 10 0.0
0.062943 0.146193 0.605544 15 0.0
0.079718 0.635065 0.995966 12 0.0
0.836084 0.940962 0.994135 12 0.0
0.026914 0.538229 0.979633 15 0.0
0.069482 0.887029 0.515515 15 0.0
0.433674 0.963967 0.908961 20 0.0
0.08675 0.719194 0.002713 2 0.6423
0.953243 0.849699 0.481552 11 0.0
0.577007 0.024157 0.939926 8 0.0
0.852225 0.969319 0.993723 22 0.981312
0.192238 0.550354 0.002561 1 0.0
0.673095 0.892766 0.997218 13 0.0
0.923353 0.467618 0.032567 19 0.0
0.416165 0.069211 0.033973 9 0.0
0.024637 0.534604 0.875179 16 0.0
0.023167 0.535252 0.912198 16 0.0
0.024308 0.442272 0.876783 4 0.0
0.026106 0.533956 0.838161 16 0.0
0.024965 0.626937 0.873576 16 0.0
0.381296 0.964716 0.963739 22 0.0
0.956931 0.893332 0.64611 11 0.0
0.036603 0.098005 0.888644 15 0.0
0.042131 0.100198 0.898932 15 0.0
0.037715 0.089438 0.889873 15 0.0
0.031075 0.095812 0.878357 15 0.0
0.035491 0.106572 0.887415 15 0.0
0.873895 0.398261 0.002084 1 0.0
0.048917 0.931298 0.749532 14 1e-06
0.920216 0.114771 0.005337 10 1.0
0.924886 0.120755 0.005704 10 1.0
0.919454 0.115205 0.007961 10 1.0
0.915546 0.108788 0.00497 10 1.0
0.920978 0.114338 0.002713 10 1.0
0.932293 0.096684 0.293177 10 0.001385
0.962759 0.897259 0.740023 11 0.0
0.414593 0.027671 0.97669 8 0.0
0.412648 0.064593 0.080493 9 0.0
0.42876 0.89457 0.000555 1 0.0
0.93733 0.878584 0.259391 11 0.228617
0.035567 0.65803 0.996246 12 6e-06
0.023836 0.847984 0.949336 15 0.0
0.024373 0.876016 0.946769 15 0.0
0.024051 0.849476 0.965678 15 0.0
0.023298 0.819951 0.951903 15 0.0
0.02362 0.846491 0.932993 15 0.0
0.132379 0.933405 0.085221 21 0.999843
0.137969 0.932327 0.085049 21 0.999843
0.131794 0.932727 0.070431 21 0.999843
0.12679 0.934483 0.085392 21 0.999843
0.132965 0.934084 0.10001 21 0.999843
0.762443 0.131172 0.994893 12 0.0
0.76908 0.164041 0.99526 12 0.0
0.82757 0.11801 0.995889 12 0.0
0.755806 0.098303 0.994527 12 0.0
0.697316 0.144333 0.993898 12 0.0
0.050181 0.443875 0.953444 15 0.0
0.048904 0.865535 0.445832 15 0.0
0.054056 0.050712 0.88684 3 0.0
0.045215 0.058998 0.885875 3 0.0
0.050364 0.050834 0.921694 3 0.0
0.062897 0.042426 0.887806 3 0.0
0.057748 0.05059 0.851987 3 0.0
0.084345 0.133543 0.476529 3 0.0
0.462061 0.972829 0.973415 22 0.0
0.300998 0.166416 0.99557 12 0.0
0.299935 0.212584 0.996508 12 0.0
0.21459 0.164433 0.995327 12 0.0
0.30206 0.120248 0.994633 12 0.0
0.387405 0.1684 0.995814 12 0.0
0.36492 0.879756 0.001946 1 0.0
0.798771 0.972558 0.986713 22 1e-05
0.50982 0.974576 0.982275 22 0.0
0.700571 0.828989 0.996352 12 0.0
0.699228 0.873919 0.995841 12 0.0
0.615255 0.826442 0.9967 12 0.0
0.701914 0.784058 0.996863 12 0.0
0.785887 0.831536 0.996003 12 0.0
0.764597 0.950926 0.85069 17 0.0
0.823855 0.944137 0.83201 17 0.0
0.777648 0.953293 0.891232 17 0.0
0.705339 0.957714 0.869371 17 0.0
0.751545 0.948558 0.810149 17 0.0
0.041516 0.9256 0.75012 14 0.999976
0.113509 0.926474 0.241594 14 0.0
0.926245 0.960354 0.770214 18 0.028484
0.975686 0.284703 0.7846 11 0.0
0.978055 0.344204 0.810428 11 0.0
0.973756 0.25808 0.846108 11 0.0
0.973317 0.225202 0.758772 11 0.0
0.977616 0.311326 0.723092 11 0.0
0.028304 0.771606 0.766462 15 0.0
0.031533 0.782274 0.694721 15 0.0
0.028688 0.815717 0.773039 15 0.0
0.025076 0.760938 0.838203 15 0.0
0.027921 0.727495 0.759885 15 0.0
0.977719 0.683121 0.890729 11 0.0
0.975793 0.76105 0.89823 11 0.0
0.976937 0.6799 0.923995 11 0.0
0.979645 0.605192 0.883228 11 0.0
0.978501 0.686343 0.857462 11 0.0
0.941345 0.803429 0.215236 19 0.0
0.938092 0.83355 0.211545 19 0.0
0.94491 0.811774 0.280192 19 0.0
0.944597 0.773308 0.218927 19 0.0
0.93778 0.795084 0.15028 19 0.0
0.956455 0.847593 0.912677 19 0.0
0.95694 0.87793 0.908198 19 0.0
0.957192 0.851333 0.938089 19 0.0
0.955971 0.817256 0.917156 19 0.0
0.955719 0.843853 0.887265 19 0.0
0.112148 0.433346 -0.003907 1 0.0
0.975854 0.561529 0.969188 19 0.0
0.947188 0.828219 0.320397 19 0.0
0.704357 0.144776 -0.000739 1 0.0
0.635061 0.148734 -0.001421 1 0.0
0.705758 0.169187 -0.001417 1 0.0
0.773653 0.140817 -5.6e-05 1 0.0
0.702956 0.120364 -6e-05 1 0.0
0.815586 0.895231 0.5323 23 0.0
0.169825 0.060401 0.286346 7 0.0
0.418697 0.066855 0.050063 9 0.0
0.853601 0.051012 0.413687 7 0.0
0.065296 0.893821 0.739664 14 0.0
0.957345 0.068991 0.815623 10 3e-06
0.672953 0.025806 0.860319 8 0.0
0.591121 0.025046 0.833987 8 0.0
0.661464 0.024134 0.896073 8 0.0
0.754785 0.026566 0.886651 8 0.0
0.684442 0.027477 0.824565 8 0.0
0.046946 0.074997 0.715324 3 0.0
0.774728 0.973229 0.892997 24 0.0
0.767789 0.974204 0.923024 24 0.0
0.723969 0.974451 0.881226 24 0.0
0.781668 0.972254 0.86297 24 0.0
0.825488 0.972007 0.904768 24 0.0
0.605425 0.309451 -0.00101 1 0.0
0.62332 0.380987 -0.001029 1 0.0
0.507389 0.333975 -0.001397 1 0.0
0.587531 0.237915 -0.00099 1 0.0
0.703461 0.284927 -0.000622 1 0.0
0.928084 0.872298 0.414071 19 8.4e-05
0.452333 0.974491 0.933543 20 0.0
0.679573 0.024666 0.950719 8 0.0
0.975293 0.516089 0.971187 11 0.0
0.103587 0.235677 0.827141 15 0.0
0.116238 0.246268 0.792937 15 0.0
0.090381 0.300663 0.842378 15 0.0
0.090935 0.225087 0.861344 15 0.0
0.116792 0.170692 0.811903 15 0.0
0.966056 0.133568 0.718477 11 0.0
0.163616 0.705074 0.002559 1 0.0
0.134469 0.702612 0.00237 1 0.0
0.169503 0.635409 0.001987 1 0.0
0.192762 0.707536 0.002749 1 0.0
0.157729 0.774739 0.003131 1 0.0
0.920529 0.054677 0.55374 10 0.0
0.181712 0.394794 0.068443 1 0.0
0.93987 0.064274 0.683818 10 0.0
0.039202 0.112295 0.660954 3 0.0
0.04086 0.132692 0.766273 15 0.0
0.046776 0.477123 0.994758 12 1e-06
0.559757 0.178415 0.002922 1 0.0
0.559482 0.212006 0.002191 1 0.0
0.647093 0.179107 0.001907 1 0.0
0.560031 0.144824 0.003653 1 0.0
0.47242 0.177723 0.003937 1 0.0
0.949339 0.112911 0.967076 11 2e-06
0.08016 0.832801 0.22399 15 0.0
0.082135 0.859992 0.220652 15 0.0
0.076276 0.839416 0.275584 15 0.0
0.078184 0.805611 0.227327 15 0.0
0.084043 0.826187 0.172395 15 0.0
0.430221 0.972737 0.89955 20 0.0
0.040201 0.145071 0.703017 15 0.0
0.379718 0.073621 0.993349 12 0.0
0.347902 0.925944 0.996479 12 0.0
0.73117 0.861847 0.9963 12 0.0
0.728535 0.897944 0.996261 12 0.0
0.656063 0.856364 0.995167 12 0.0
0.733805 0.825751 0.99634 12 0.0
0.806277 0.867331 0.997434 12 0.0
0.460136 0.730406 -0.000514 1 0.0
0.569582 0.72784 -0.001624 1 0.0
0.458734 0.670635 -0.000613 1 0.0
0.35069 0.732971 0.000595 1 0.0
0.461538 0.790177 -0.000416 1 0.0
0.589415 0.097965 0.995339 12 0.0
0.951655 0.860128 0.435964 11 0.0
0.427865 0.024617 0.941389 8 0.0
0.977277 0.419218 0.87759 11 0.0
0.977744 0.524421 0.874958 11 0.0
0.977361 0.42014 0.914467 11 0.0
0.97681 0.314015 0.880222 11 0.0
0.977192 0.418296 0.840713 11 0.0
0.868992 0.796365 0.348933 19 0.0
0.869327 0.828263 0.33902 19 0.0
0.866076 0.819022 0.421739 19 0.0
0.868657 0.764466 0.358846 19 0.0
0.871909 0.773707 0.276127 19 0.0
0.951645 0.879027 0.492815 11 0.0
0.948233 0.557559 0.979178 12 0.0
0.041269 0.233785 0.997222 12 0.0
0.844521 0.372374 0.867206 12 0.0
0.879233 0.366033 0.889762 12 0.0
0.809809 0.378715 0.84465 12 0.0
0.845566 0.480186 0.895907 12 0.0
0.923391 0.629505 0.044823 19 0.984799
0.974914 0.435081 0.947421 11 0.0
0.861976 0.531105 0.995622 12 0.0
0.397675 0.95806 0.995617 12 0.0
0.04985 0.43383 0.996602 12 0.0
0.035468 0.615892 0.833322 15 0.0
0.035006 0.71455 0.86096 15 0.0
0.033639 0.603437 0.877749 15 0.0
0.035931 0.517233 0.805683 15 0.0
0.037298 0.628346 0.788894 15 0.0
0.289595 0.968117 0.993034 12 0.999314
0.507953 0.186451 0.997762 12 0.0
0.645117 0.183709 0.998478 12 0.0
0.508936 0.235674 0.998103 12 0.0
0.37079 0.189193 0.997045 12 0.0
0.506971 0.137228 0.99742 12 0.0
0.97067 0.47051 0.93816 11 0.0
0.976599 0.417211 0.928877 11 0.0
0.114569 0.670043 0.997022 12 0.0
0.144355 0.672326 0.997461 12 0.0
0.107674 0.76005 0.996849 12 0.0
0.084782 0.667761 0.996583 12 0.0
0.121463 0.580036 0.997195 12 0.0
0.968496 0.685489 0.880251 11 0.0
0.967857 0.681041 0.917156 11 0.0
0.973171 0.608203 0.871017 11 0.0
0.969135 0.689937 0.843345 11 0.0
0.963821 0.762776 0.889484 11 0.0
0.949294 0.133937 0.994465 12 0.0
0.94695 0.161004 0.995575 12 0.0
0.959363 0.134727 0.996464 12 0.0
0.951639 0.10687 0.993355 12 0.0
0.939225 0.133147 0.992466 12 0.0
0.040882 0.293935 0.995754 12 0.0
0.126029 0.162024 0.317946 4 0.0
0.137023 0.163352 0.249894 4 0.0
0.12699 0.190415 0.318655 4 0.0
0.115035 0.160696 0.385998 4 0.0
0.125068 0.133634 0.317237 4 0.0
0.775215 0.521667 -0.000567 1 0.0
0.729428 0.527198 -0.002773 1 0.0
0.760263 0.397692 -0.001075 1 0.0
0.821002 0.516136 0.001639 1 0.0
0.790166 0.645643 -5.8e-05 1 0.0
0.074429 0.95029 0.776082 14 5e-05
0.068297 0.963296 0.916751 14 0.0
0.920888 0.108057 0.251527 10 0.000407
0.976567 0.339917 0.930699 11 0.0
0.070865 0.346155 0.026832 15 0.000592
0.034276 0.120367 0.829622 15 0.0
0.033349 0.139346 0.829928 15 0.0
0.031798 0.11938 0.883163 15 0.0
0.035204 0.101388 0.829315 15 0.0
0.036755 0.121353 0.77608 15 0.0
0.917918 0.482637 0.083767 11 0.0
0.07579 0.074697 0.425077 3 0.0
0.920924 0.327734 0.996071 12 0.0
0.873029 0.131027 0.273931 7 0.0
0.619801 0.261176 -0.001654 1 0.0
0.634646 0.317127 -0.002025 1 0.0
0.537686 0.282961 -0.001968 1 0.0
0.604956 0.205225 -0.001283 1 0.0
0.701916 0.239391 -0.00134 1 0.0
0.080561 0.845994 0.430592 15 0.000594
0.08538 0.872903 0.425298 15 0.000594
0.079253 0.85942 0.497634 15 0.000594
0.075742 0.819085 0.435887 15 0.000594
0.081869 0.832568 0.36355 15 0.000594
0.121182 0.105855 0.649334 7 2.1e-05
0.21339 0.044833 0.563305 7 0.0
0.252998 0.044135 0.563203 7 0.0
0.213669 0.041419 0.69494 7 0.0
0.173782 0.045531 0.563406 7 0.0
0.213112 0.048246 0.431669 7 0.0
0.525661 0.192937 -0.002571 1 0.0
0.614789 0.809981 -4.6e-05 1 0.0
0.711008 0.818118 -8.7e-05 1 0.0
0.617839 0.773908 -0.000779 1 0.0
0.51857 0.801844 -5e-06 1 0.0
0.611739 0.846054 0.000688 1 0.0
0.753785 0.90482 0.002994 1 1e-05
0.090943 0.665285 0.00339 1 0.996415
0.053778 0.881761 0.386177 15 0.0
0.078133 0.879565 0.330923 15 0.000159
0.973647 0.600466 0.979643 19 0.0
0.091165 0.956944 0.721025 14 0.0
0.910715 0.109439 0.107267 10 6e-06
0.029113 0.110634 0.883794 15 0.0
0.027677 0.127497 0.885462 15 0.0
0.028335 0.106735 0.922543 15 0.0
0.030549 0.093771 0.882126 15 0.0
0.029891 0.114533 0.845045 15 0.0
0.93085 0.568126 0.026333 11 0.0
0.347203 0.974665 0.924049 24 0.0
0.032373 0.854137 0.683149 15 0.0
0.914474 0.480709 0.995906 12 0.0
0.867835 0.162221 0.240241 6 0.0
0.857308 0.187591 0.242616 6 0.0
0.870881 0.158615 0.292274 6 0.0
0.878363 0.13685 0.237867 6 0.0
0.864789 0.165827 0.188209 6 0.0
0.055837 0.883129 0.379668 15 0.001623
0.895225 0.252136 0.441939 11 0.0
0.86834 0.226876 0.302694 11 0.0
0.898535 0.310676 0.430681 11 0.0
0.92211 0.277396 0.581184 11 0.0
0.891914 0.193597 0.453198 11 0.0
0.056038 0.063116 0.716857 3 0.0
0.943898 0.202851 0.878154 11 0.0
0.951243 0.257342 0.879891 11 0.0
0.945269 0.201434 0.916808 11 0.0
0.936553 0.14836 0.876418 11 0.0
0.942527 0.204268 0.839501 11 0.0
0.57923 0.976351 0.980855 22 0.0
0.97269 0.472014 0.996913 11 0.99984
0.567266 0.88748 0.00355 1 0.0
0.488203 0.892908 0.006355 1 0.000171
0.221669 0.077818 0.486051 6 0.0
0.267121 0.074763 0.493803 6 0.0
0.200839 0.063347 0.602485 6 0.0
0.176218 0.080873 0.478299 6 0.0
0.2425 0.09229 0.369618 6 0.0
0.186121 0.640226 0.002689 1 0.0
0.153142 0.63475 0.002948 1 0.0
0.200824 0.551623 0.001609 1 0.0
0.219099 0.645702 0.002429 1 0.0
0.171418 0.728829 0.003768 1 0.0
0.960466 0.20467 0.573626 11 0.0
0.965626 0.205059 0.677104 11 0.0
0.954508 0.16384 0.574077 11 0.0
0.955306 0.204281 0.470148 11 0.0
0.966424 0.245501 0.573175 11 0.0
0.056023 0.797431 0.493509 15 0.0
0.058897 0.837732 0.492911 15 0.0
0.052331 0.799152 0.591726 15 0.0
0.053149 0.75713 0.494107 15 0.0
0.059715 0.79571 0.395291 15 0.0
0.976637 0.492946 0.954211 11 0.0
0.109636 0.049509 0.821252 5 0.0
0.944719 0.260148 0.142492 11 0.0
0.946888 0.304708 0.139833 11 0.0
0.94994 0.262462 0.185535 11 0.0
0.942549 0.215587 0.14515 11 0.0
0.939497 0.257834 0.099448 11 0.0
0.076314 0.123566 0.060682 3 1.2e-05
0.076238 0.120578 0.083211 3 1.2e-05
0.078699 0.11434 0.059467 3 1.2e-05
0.076391 0.126555 0.038154 3 1.2e-05
0.073929 0.132793 0.061898 3 1.2e-05
0.977113 0.718674 0.929883 11 0.0
0.087014 0.856437 0.013232 14 0.003787
0.036234 0.833843 0.588133 15 0.0
0.124022 0.972467 0.943115 20 0.0
0.104808 0.972447 0.950295 20 0.0
0.130013 0.973313 0.959151 20 0.0
0.143236 0.972487 0.935936 20 0.0
0.118031 0.971621 0.92708 20 0.0
0.937988 0.157744 0.138762 11 0.0
0.939861 0.173191 0.13752 11 0.0
0.941522 0.160695 0.180791 11 0.0
0.936115 0.142296 0.140004 11 0.0
0.934454 0.154793 0.096734 11 0.0
0.929363 0.501106 0.018754 11 0.0
0.954068 0.049783 0.968339 10 0.0
0.963285 0.060041 0.966661 10 0.0
0.956474 0.049409 0.97927 10 0.0
0.944851 0.039525 0.970017 10 0.0
0.951661 0.050157 0.957408 10 0.0
0.976076 0.374565 0.947064 11 0.0
0.896966 0.099107 0.087651 10 3e-06
0.903678 0.108114 0.086055 10 3e-06
0.901417 0.100596 0.114773 10 3e-06
0.890254 0.090101 0.089247 10 3e-06
0.892514 0.097619 0.060529 10 3e-06
0.044571 0.049487 0.98799 3 0.103036
0.074313 0.91264 0.361798 14 0.0
0.975298 0.671618 0.977236 19 0.0
0.568528 0.040577 0.940306 8 0.0
0.950312 0.052961 0.879563 10 1e-05
0.92633 0.085644 0.470929 10 0.0
0.93915 0.057332 0.760431 10 0.0
0.059997 0.857756 0.212172 15 0.0
0.0866 0.901027 0.182191 14 8e-06
0.928182 0.118886 0.146664 11 0.99998
0.928979 0.122784 0.14531 11 0.99998
0.933795 0.119437 0.151551 11 0.99998
0.927386 0.114988 0.148019 11 0.99998
0.922569 0.118335 0.141777 11 0.99998
0.944781 0.05323 0.830506 10 0.0
0.059487 0.772998 0.166135 15 0.0
0.059946 0.808929 0.172634 15 0.0
0.055251 0.763561 0.218609 15 0.0
0.059028 0.737066 0.159636 15 0.0
0.063723 0.782435 0.113662 15 0.0
0.10503 0.093505 0.164182 3 0.000116
0.933689 0.766763 0.05403 19 1e-06
0.935301 0.7681 0.071113 19 1e-06
0.935356 0.728703 0.056851 19 1e-06
0.932077 0.765426 0.036947 19 1e-06
0.932021 0.804823 0.051209 19 1e-06
0.067169 0.249747 0.127232 15 0.000643
0.065088 0.264316 0.164486 15 0.000643
0.067478 0.206033 0.144345 15 0.000643
0.06925 0.235179 0.089978 15 0.000643
0.066859 0.293462 0.11012 15 0.000643
0.891353 0.806708 0.003657 1 0.006399
0.045383 0.942423 0.865407 14 0.0
0.169726 0.064274 0.140092 6 0.0
0.150686 0.064919 0.139239 6 0.0
0.167691 0.062226 0.183978 6 0.0
0.188767 0.06363 0.140946 6 0.0
0.171762 0.066323 0.096207 6 0.0
0.050872 0.106861 0.901233 15 0.0
0.050275 0.12391 0.90584 15 0.0
0.057742 0.099082 0.930908 15 0.0
0.051469 0.089813 0.896625 15 0.0
0.044002 0.114641 0.871558 15 0.0
0.065541 0.159334 0.176897 15 0.0
0.065596 0.176864 0.178331 15 0.0
0.062454 0.154705 0.233594 15 0.0
0.065485 0.141803 0.175462 15 0.0
0.068627 0.163963 0.120199 15 0.0
0.96936 0.116837 0.947299 11 0.068309
0.9691 0.118289 0.953792 11 0.068309
0.96934 0.09716 0.951699 11 0.068309
0.969621 0.115385 0.940807 11 0.068309
0.969381 0.136514 0.9429 11 0.068309
0.126305 0.13272 0.003644 2 0.0
0.113617 0.152399 0.002117 2 0.0
0.113207 0.124317 0.004175 2 0.0
0.138992 0.113041 0.005172 2 0.0
0.139403 0.141123 0.003114 2 0.0
0.070519 0.868317 0.061352 15 0.122685
0.072345 0.877259 0.060955 15 0.122685
0.068198 0.869814 0.084423 15 0.122685
0.068694 0.859375 0.061749 15 0.122685
0.072841 0.86682 0.038281 15 0.122685
0.931468 0.832365 0.057372 19 0.0
0.931967 0.839978 0.074323 19 0.0
0.933712 0.813622 0.065722 19 0.0
0.930969 0.824753 0.04042 19 0.0
0.929224 0.851109 0.049021 19 0.0
0.085976 0.918109 0.260355 14 0.0
0.065466 0.941804 0.809851 14 0.0
0.059596 0.825252 0.175125 16 0.0
0.055547 0.831699 0.229899 16 0.0
0.058102 0.804613 0.177444 16 0.0
0.063646 0.818805 0.12035 16 0.0
0.06109 0.845891 0.172806 16 0.0
0.068356 0.92561 0.495532 14 0.0
0.927398 0.041563 0.845647 10 2e-06
0.957174 0.051116 0.988509 10 0.014332
0.959669 0.874604 0.593615 11 0.0
0.921807 0.95921 0.740103 18 0.012778
0.703142 0.02525 0.982017 8 0.0
0.872149 0.796713 0.003492 1 0.0
0.890234 0.798161 0.003412 1 0.0
0.868744 0.839354 0.005475 1 0.0
0.854065 0.795266 0.003572 1 0.0
0.875554 0.754073 0.001509 1 0.0
0.970019 0.081462 0.888441 10 0.0
0.034376 0.074644 0.902743 3 0.0
0.954569 0.163759 0.558282 11 0.0
0.823345 0.884946 0.202254 17 0.0
0.790203 0.887244 0.199626 17 0.0
0.81839 0.880388 0.26076 17 0.0
0.856488 0.882647 0.204882 17 0.0
0.8283 0.889503 0.143748 17 0.0
0.036163 0.094797 0.817712 3 0.0
0.04977 0.128847 0.83397 15 0.0
0.048913 0.152961 0.839849 15 0.0
0.05071 0.117812 0.879367 15 0.0
0.050627 0.104732 0.828091 15 0.0
0.04883 0.139881 0.788574 15 0.0
0.087358 0.959735 0.749471 14 0.000326
0.07082 0.884824 0.124853 14 0.051074
0.93807 0.860801 0.22111 19 0.0
0.034392 0.927404 0.869545 14 0.000779
0.062949 0.899403 0.388831 14 8e-06
0.077558 0.91931 0.335069 14 0.0
0.975227 0.386572 0.727579 11 0.0
0.976835 0.471882 0.754244 11 0.0
0.974666 0.361633 0.807401 11 0.0
0.973618 0.301263 0.700914 11 0.0
0.975788 0.411512 0.647757 11 0.0
0.522653 0.835672 0.001322 1 0.0
0.024315 0.917754 0.992137 14 1.0
0.319 0.892328 0.004452 1 0.0
0.195974 0.107122 0.002946 2 0.0
0.045911 0.941146 0.885777 14 1e-06
0.053448 0.951599 0.88468 14 1e-06
0.047852 0.943577 0.922299 14 1e-06
0.038374 0.930692 0.886873 14 1e-06
0.043969 0.938714 0.849254 14 1e-06
0.933044 0.07098 0.992416 12 2e-06
0.923879 0.078507 0.990292 12 2e-06
0.920949 0.056249 0.992401 12 2e-06
0.942209 0.063454 0.99454 12 2e-06
0.945139 0.085712 0.99243 12 2e-06
0.945382 0.875652 0.400704 11 0.0
0.920909 0.115166 0.130732 10 0.920458
0.095779 0.911959 0.224543 14 0.95067
0.106819 0.922796 0.227639 14 0.95067
0.085653 0.912532 0.258638 14 0.95067
0.084739 0.901122 0.221446 14 0.95067
0.105905 0.911386 0.190447 14 0.95067
0.957995 0.076128 0.803918 10 0.999609
0.957016 0.874976 0.587582 11 0.0
0.135132 0.823897 0.00378 1 0.0
0.136529 0.857965 0.004425 1 0.0
0.156228 0.823021 0.00436 1 0.0
0.133735 0.789829 0.003134 1 0.0
0.114036 0.824773 0.003199 1 0.0
0.70789 0.026116 0.968889 8 0.0
0.977887 0.829584 0.897251 11 0.0
0.977175 0.84908 0.878065 11 0.0
0.977119 0.854555 0.922655 11 0.0
0.9786 0.810087 0.916437 11 0.0
0.978656 0.804612 0.871846 11 0.0
0.203425 0.733673 0.998631 12 0.0
0.193219 0.8052 0.99728 12 0.0
0.148527 0.725844 0.998842 12 0.0
0.213631 0.662146 0.999983 12 0.0
0.258323 0.741502 0.998421 12 0.0
0.114821 0.925104 0.036833 14 0.992975
0.116082 0.927554 0.034199 14 0.992975
0.11514 0.927869 0.039557 14 0.992975
0.113561 0.922654 0.039467 14 0.992975
0.114502 0.922339 0.034109 14 0.992975
0.924763 0.076185 0.993459 12 0.0
0.915961 0.084726 0.994142 12 0.0
0.940646 0.092396 0.995456 12 0.0
0.933566 0.067645 0.992777 12 0.0
0.90888 0.059975 0.991462 12 0.0
0.024211 0.893811 0.894048 15 0.0
0.025362 0.896868 0.85985 15 0.0
0.025282 0.905534 0.895132 15 0.0
0.023059 0.890754 0.928246 15 0.0
0.02314 0.882088 0.892964 15 0.0
0.041136 0.904973 0.866138 15 7.6e-05
0.855269 0.941952 0.262524 17 0.0
0.035706 0.88276 0.781163 15 0.0
0.03812 0.899293 0.779675 15 0.0
0.034998 0.886024 0.816291 15 0.0
0.033293 0.866226 0.782651 15 0.0
0.036415 0.879495 0.746035 15 0.0
0.925803 0.291313 0.995969 12 0.0
0.091907 0.425739 0.080678 16 0.0
0.10555 0.955846 0.616773 20 0.0
0.024654 0.898629 0.987452 16 0.0
0.050324 0.955854 0.993987 14 0.135154
0.902763 0.971631 0.862646 20 0.0
0.153189 0.316277 0.00229 1 0.0
0.127982 0.319408 0.002741 1 0.0
0.144246 0.244352 0.001677 1 0.0
0.178396 0.313147 0.00184 1 0.0
0.162132 0.388202 0.002904 1 0.0
0.084559 0.805995 0.178887 15 0.594881
0.088772 0.831884 0.164439 15 0.594881
0.084283 0.813319 0.191929 15 0.594881
0.080346 0.780107 0.193335 15 0.594881
0.084835 0.798672 0.165845 15 0.594881
0.098051 0.938347 0.663449 20 0.0
0.106069 0.938807 0.667943 20 0.0
0.084216 0.932778 0.688703 20 0.0
0.090033 0.937887 0.658955 20 0.0
0.111886 0.943916 0.638196 20 0.0
0.874883 0.910689 0.00309 2 0.789991
0.079166 0.498311 0.053079 16 9e-06
0.245361 0.971833 0.985635 22 0.0
0.831354 0.169689 0.322094 9 7e-06
0.864625 0.199576 0.328343 9 7e-06
0.840281 0.15066 0.365571 9 7e-06
0.798083 0.139802 0.315844 9 7e-06
0.822427 0.188718 0.278617 9 7e-06
0.941387 0.833412 0.279833 19 0.0
0.462868 0.071636 0.042323 9 0.0
0.105069 0.171127 0.997154 12 0.0
0.11102 0.216858 0.996604 12 0.0
0.131813 0.167645 0.997058 12 0.0
0.099118 0.125396 0.997704 12 0.0
0.078324 0.174609 0.997251 12 0.0
0.519379 0.858661 0.006349 1 0.0
0.092935 0.87043 0.50767 16 2e-06
0.034211 0.901308 0.882022 15 0.0
0.902986 0.5852 0.002956 1 0.000108
0.976319 0.649405 0.960529 19 0.0
0.915512 0.052587 0.592243 10 0.0
0.384469 0.976193 0.977483 22 0.0
0.919391 0.059015 0.626462 10 0.0
0.038301 0.512998 0.992087 12 0.000175
0.116067 0.456589 0.020605 2 2e-06
0.912881 0.951978 0.994657 13 1e-06
0.915006 0.959975 0.995896 13 1e-06
0.897289 0.956024 0.995283 13 1e-06
0.910755 0.94398 0.993418 13 1e-06
0.928473 0.947931 0.994032 13 1e-06
0.784996 0.941077 0.898023 20 0.0
0.729228 0.945966 0.896291 20 0.0
0.784203 0.942479 0.927492 20 0.0
0.840763 0.936189 0.899755 20 0.0
0.785788 0.939676 0.868555 20 0.0
0.954703 0.830691 0.508408 11 0.0
0.199566 0.69065 0.002206 1 0.0
0.194435 0.763965 0.001823 1 0.0
0.159359 0.687837 0.002436 1 0.0
0.204698 0.617335 0.00259 1 0.0
0.239774 0.693463 0.001977 1 0.0
0.577553 0.075512 0.989637 12 0.0
0.488157 0.023965 0.970081 8 0.0
0.978456 0.293566 0.884506 11 0.0
0.979877 0.352863 0.872142 11 0.0
0.977635 0.30044 0.91738 11 0.0
0.977035 0.234269 0.896871 11 0.0
0.979278 0.286692 0.851633 11 0.0
0.923364 0.036117 0.794853 10 0.549928
0.785768 0.042843 0.466961 7 0.0
0.768995 0.975303 0.988732 22 0.0
0.072322 0.927649 0.487788 14 0.0
0.138012 0.945255 0.624207 20 0.0
0.083891 0.128427 0.187306 15 0.0
0.080397 0.146251 0.191445 15 0.0
0.087445 0.118708 0.23216 15 0.0
0.087385 0.110602 0.183167 15 0.0
0.080338 0.138145 0.142452 15 0.0
0.930199 0.882085 0.10953 11 1.0
0.536847 0.870072 0.0027 2 0.0
0.465994 0.889384 0.008495 1 0.0
0.881134 0.295347 0.994767 12 0.0
0.878926 0.380045 0.996821 12 0.0
0.913174 0.296161 0.995654 12 0.0
0.883343 0.210649 0.992714 12 0.0
0.849094 0.294533 0.993881 12 0.0
0.904599 0.97433 0.925326 22 0.0
0.894143 0.975354 0.925405 22 0.0
0.90477 0.974231 0.949209 22 0.0
0.915054 0.973306 0.925247 22 0.0
0.904428 0.974429 0.901444 22 0.0
0.390504 0.974392 0.987057 22 0.0
0.517738 0.024178 0.957454 8 0.0
0.244634 0.973412 0.954969 23 0.0
0.406314 0.129373 0.001967 1 0.0
0.406953 0.021941 0.98773 5 0.0
0.056636 0.055456 0.800703 3 0.0
0.02834 0.512658 0.967468 15 0.0
0.930805 0.304551 0.974926 13 0.0
0.045143 0.372001 0.997822 12 0.0
0.941684 0.826176 0.247292 19 0.0
0.939715 0.848586 0.245026 19 0.0
0.946092 0.834079 0.321632 19 0.0
0.943653 0.803766 0.249558 19 0.0
0.937275 0.818273 0.172952 19 0.0
0.026501 0.58842 0.82493 15 0.0
0.027039 0.686091 0.824418 15 0.0
0.024291 0.588714 0.87875 15 0.0
0.025964 0.490749 0.825442 15 0.0
0.028712 0.588126 0.771111 15 0.0
0.025282 0.471849 0.986004 15 0.0
0.63794 0.100143 0.994911 12 0.0
0.545471 0.781061 0.996653 12 0.0
0.419698 0.784375 0.996728 12 0.0
0.547079 0.842105 0.995891 12 0.0
0.671245 0.777748 0.996579 12 0.0
0.543863 0.720018 0.997415 12 0.0
0.854294 0.972266 0.832581 24 0.0
0.874868 0.971316 0.828409 24 0.0
0.864567 0.973436 0.882976 24 0.0
0.83372 0.973217 0.836753 24 0.0
0.844022 0.971097 0.782186 24 0.0
0.306518 0.974125 0.931075 20 0.0
0.758289 0.947195 0.344535 23 0.0
0.800321 0.947111 0.338421 23 0.0
0.77258 0.952662 0.442709 23 0.0
0.716258 0.94728 0.350648 23 0.0
0.087316 0.087289 0.887251 5 2.7e-05
0.076822 0.097503 0.882208 5 2.7e-05
0.075101 0.088906 0.915942 5 2.7e-05
0.09781 0.077075 0.892295 5 2.7e-05
0.099532 0.085672 0.858561 5 2.7e-05
0.621899 0.971683 0.975067 22 0.0
0.440201 0.05534 0.979513 12 0.0
0.56714 0.782907 0.94624 12 0.0
0.564011 0.841185 0.944229 12 0.0
0.467017 0.77759 0.947917 12 0.0
0.570269 0.724629 0.948251 12 0.0
0.667263 0.788225 0.944562 12 0.0
0.466798 0.960316 0.99679 12 0.0
0.116068 0.160531 0.866399 15 0.0
0.135166 0.173012 0.825674 15 0.0
0.113837 0.195598 0.8761 15 0.0
0.09697 0.14805 0.907123 15 0.0
0.118299 0.125465 0.856698 15 0.0
0.941536 0.247941 0.110381 11 0.0
0.943473 0.288479 0.109298 11 0.0
0.945618 0.248644 0.143987 11 0.0
0.939599 0.207403 0.111464 11 0.0
0.937453 0.247238 0.076775 11 0.0
0.085861 0.939972 0.826714 14 0.0
0.974873 0.512016 0.975916 11 0.0
0.94844 0.751626 0.273422 11 0.0
0.9454 0.793479 0.283342 11 0.0
0.954565 0.732746 0.354954 11 0.0
0.95148 0.709773 0.263502 11 0.0
0.942315 0.770506 0.19189 11 0.0
0.062307 0.122853 0.295729 15 0.0
0.306789 0.106277 0.992743 12 0.0
0.434091 0.903343 0.050715 20 1e-06
0.662051 0.96962 0.807754 24 0.0
0.747176 0.968788 0.816632 24 0.0
0.655809 0.972072 0.867837 24 0.0
0.576926 0.970451 0.798877 24 0.0
0.668293 0.967167 0.747671 24 0.0
0.160398 0.060731 0.271848 6 0.0
0.777004 0.974927 0.955389 20 0.0
0.958412 0.18581 0.580816 11 0.0
0.43165 0.974756 0.967169 22 0.0
0.272203 0.950298 0.995658 12 0.0
0.472615 0.309133 -0.001251 1 0.0
0.594766 0.306688 -0.001982 1 0.0
0.474097 0.383329 -0.00174 1 0.0
0.350464 0.311577 -0.00052 1 0.0
0.471133 0.234936 -0.000761 1 0.0
0.643664 0.746178 0.9971 12 0.0
0.628361 0.81329 0.996374 12 0.0
0.54243 0.723094 0.997117 12 0.0
0.658967 0.679065 0.997827 12 0.0
0.744899 0.769261 0.997084 12 0.0
0.849613 0.960718 0.640378 17 0.0
0.674814 0.95019 0.458489 21 0.0
0.606968 0.949477 0.47132 21 0.0
0.695673 0.955046 0.569055 21 0.0
0.74266 0.950904 0.445658 21 0.0
0.653955 0.945335 0.347923 21 0.0
0.102553 0.168563 0.996356 12 0.0
0.07558 0.170988 0.996279 12 0.0
0.098419 0.122556 0.995308 12 0.0
0.129525 0.166138 0.996433 12 0.0
0.106687 0.21457 0.997404 12 0.0
0.947616 0.602861 0.96578 19 0.0
0.937242 0.15734 0.41727 11 0.0
0.927389 0.105143 0.206291 10 0.002433
0.92745 0.096497 0.431724 10 0.0
0.06909 0.959674 0.854488 14 0.0
0.095346 0.925443 0.313012 14 3e-06
0.05522 0.935685 0.723078 14 0.0
0.054389 0.9072 0.574905 14 0.292879
0.181029 0.872919 0.002966 1 0.0
0.21671 0.875461 0.00163 1 0.0
0.182382 0.854387 0.003833 1 0.0
0.145349 0.870377 0.004301 1 0.0
0.179677 0.891451 0.002099 1 0.0
0.122406 0.759233 0.998278 12 0.0
0.121013 0.823909 0.998149 12 0.0
0.089467 0.758522 0.997525 12 0.0
0.123798 0.694557 0.998407 12 0.0
0.155344 0.759944 0.999031 12 0.0
0.176468 0.370956 0.001956 1 0.0
0.14331 0.372514 0.001951 1 0.0
0.172096 0.277939 0.002339 1 0.0
0.209625 0.369397 0.00196 1 0.0
0.180839 0.463973 0.001572 1 0.0
0.086087 0.191191 0.943225 4 4e-06
0.099432 0.19288 0.930088 4 4e-06
0.081887 0.229273 0.943857 4 4e-06
0.072742 0.189501 0.956362 4 4e-06
0.090287 0.153108 0.942593 4 4e-06
0.066539 0.928897 0.530532 14 0.0
0.714369 0.181837 0.996815 12 0.0
0.719397 0.231949 0.99618 12 0.0
0.797809 0.173452 0.995795 12 0.0
0.709341 0.131726 0.99745 12 0.0
0.630929 0.190222 0.997835 12 0.0
0.615828 0.0759 0.033631 9 0.0
0.235705 0.236755 0.997104 12 0.0
0.188963 0.284019 0.997905 12 0.0
0.185869 0.187503 0.995195 12 0.0
0.282447 0.18949 0.996304 12 0.0
0.285541 0.286007 0.999014 12 0.0
0.407818 0.125595 0.867893 8 0.0
0.320285 0.133178 0.861964 8 0.0
0.404487 0.11631 0.905195 8 0.0
0.49535 0.118012 0.873821 8 0.0
0.411149 0.134881 0.83059 8 0.0
0.349068 0.059345 0.99462 13 0.0
0.417187 0.027275 0.873695 8 0.0
0.3075 0.028549 0.862556 8 0.0
0.413216 0.02585 0.912635 8 0.0
0.526874 0.026001 0.884834 8 0.0
0.421158 0.0287 0.834755 8 0.0
0.841149 0.953514 0.496165 23 0.0
0.828369 0.91226 0.142087 17 0.0
0.807074 0.911641 0.14081 17 0.0
0.825951 0.909139 0.183913 17 0.0
0.849663 0.912878 0.143364 17 0.0
0.830787 0.91538 0.100261 17 0.0
0.819336 0.075621 0.770478 7 0.0
0.851457 0.077661 0.760392 7 0.0
0.842785 0.058762 0.841745 7 0.0
0.787216 0.073581 0.780564 7 0.0
0.795887 0.09248 0.69921 7 0.0
0.567359 0.861891 0.01276 1 0.04484
0.693748 0.97457 0.98147 22 0.0
0.646286 0.197211 0.972401 12 0.0
0.646946 0.251832 0.974598 12 0.0
0.75134 0.196005 0.970819 12 0.0
0.645626 0.142589 0.970203 12 0.0
0.541232 0.198417 0.973982 12 0.0
0.964679 0.110402 0.713105 11 0.0
0.346092 0.228222 0.999464 12 0.0
0.326114 0.280801 1.000388 12 0.0
0.24946 0.191501 0.999715 12 0.0
0.36607 0.175643 0.99854 12 0.0
0.442724 0.264943 0.999213 12 0.0
0.977796 0.424744 0.977617 11 0.0
0.883326 0.109309 0.001894 2 9.6e-05
0.869113 0.097563 0.002597 2 9.6e-05
0.877774 0.116016 0.001688 2 9.6e-05
0.89754 0.121055 0.001192 2 9.6e-05
0.888879 0.102603 0.002101 2 9.6e-05
0.199957 0.958743 0.622454 23 0.0
0.232257 0.959025 0.623436 23 0.0
0.197302 0.960393 0.709371 23 0.0
0.167657 0.95846 0.621473 23 0.0
0.202612 0.957093 0.535538 23 0.0
0.901517 0.953744 0.677992 20 0.000701
0.06637 0.383706 0.678696 15 0.0
0.061805 0.463533 0.72081 15 0.0
0.071397 0.338123 0.765642 15 0.0
0.070936 0.30388 0.636581 15 0.0
0.061343 0.42929 0.591749 15 0.0
0.975459 0.449981 0.96731 11 0.0
0.357861 0.768553 0.901542 12 0.0
0.375743 0.823461 0.897208 12 0.0
0.339979 0.713644 0.905877 12 0.0
0.451077 0.740277 0.927917 12 0.0
0.929653 0.783687 0.392563 11 0.0
0.923555 0.831956 0.393002 11 0.0
0.94137 0.784064 0.514101 11 0.0
0.93575 0.735418 0.392125 11 0.0
0.917935 0.78331 0.271026 11 0.0
0.500977 0.026965 0.876739 6 0.0
0.94231 0.081308 0.536835 10 0.0
0.071191 0.074796 0.479125 3 0.0
0.927451 0.827079 0.541222 19 0.0
0.406374 0.929466 0.996112 12 0.0
0.96409 0.515421 0.872254 11 0.0
0.942257 0.56674 0.905564 19 0.0
0.206423 0.89651 0.791758 20 0.0
0.242844 0.890569 0.805007 20 0.0
0.184277 0.89223 0.850715 20 0.0
0.170003 0.902451 0.778508 20 0.0
0.22857 0.90079 0.7328 20 0.0
0.103256 0.15641 0.820917 15 0.0
0.107053 0.192374 0.81646 15 0.0
0.091627 0.164605 0.87713 15 0.0
0.099459 0.120446 0.825375 15 0.0
0.114886 0.148215 0.764705 15 0.0
0.62635 0.024105 0.945662 8 0.0
0.85888 0.359072 0.995632 12 0.0
0.853127 0.464753 0.996844 12 0.0
0.897164 0.361151 0.995979 12 0.0
0.864632 0.25339 0.994419 12 0.0
0.820595 0.356992 0.995284 12 0.0
0.486771 0.931154 0.034715 20 0.0
0.976345 0.379882 0.877588 11 0.0
0.976699 0.473622 0.872602 11 0.0
0.976376 0.381875 0.915051 11 0.0
0.975992 0.286142 0.882575 11 0.0
0.976315 0.377889 0.840126 11 0.0
0.956464 0.127323 0.525907 11 0.0
0.061518 0.951753 0.757749 14 0.0
0.931904 0.111342 0.173483 10 0.76906
0.134228 0.939414 0.357805 20 0.0
0.056138 0.843944 0.53877 15 0.0
0.264864 0.974979 0.957975 24 0.0
0.940825 0.593276 0.110519 11 0.0
0.93879 0.677852 0.100434 11 0.0
0.944715 0.597025 0.141177 11 0.0
0.94286 0.508699 0.120604 11 0.0
0.936934 0.589526 0.079861 11 0.0
0.025762 0.383277 0.927983 15 0.0
0.812496 0.475769 0.001352 1 0.0
0.07876 0.117084 0.266027 15 0.0
0.449746 0.781258 0.002542 1 0.0
0.451037 0.827822 0.004444 1 0.0
0.55978 0.778231 0.001982 1 0.0
0.448456 0.734694 0.00064 1 0.0
0.339713 0.784285 0.003101 1 0.0
0.95863 0.151965 0.528658 11 0.0
0.880262 0.54238 0.996757 12 0.0
0.030976 0.456047 0.772764 15 0.0
0.030241 0.573832 0.769305 15 0.0
0.028137 0.458087 0.842835 15 0.0
0.03171 0.338261 0.776223 15 0.0
0.033814 0.454007 0.702692 15 0.0
0.067417 0.352472 0.745693 4 0.0
0.06359 0.366673 0.821213 4 0.0
0.076042 0.260166 0.763488 4 0.0
0.071244 0.33827 0.670172 4 0.0
0.507383 0.135132 -0.001117 1 0.0
0.721324 0.412525 -0.001279 1 0.0
0.713809 0.519285 -0.001346 1 0.0
0.656246 0.407944 -0.002051 1 0.0
0.728838 0.305765 -0.001212 1 0.0
0.786401 0.417106 -0.000507 1 0.0
0.112534 0.733152 0.998486 12 0.0
0.139969 0.729961 0.999653 12 0.0
0.12134 0.808454 0.997398 12 0.0
0.085099 0.736344 0.99732 12 0.0
0.103728 0.65785 0.999575 12 0.0
0.96693 0.762251 0.926968 11 0.0
0.962982 0.819848 0.929373 11 0.0
0.966283 0.761304 0.94858 11 0.0
0.970877 0.704654 0.924562 11 0.0
0.967577 0.763198 0.905355 11 0.0
0.584564 0.9078 0.057696 20 0.0
0.054137 0.131787 0.451818 15 0.0
0.874902 0.521552 0.081186 19 0.0
0.037558 0.496358 0.685052 15 0.0
0.034319 0.590109 0.699431 15 0.0
0.034459 0.481621 0.780439 15 0.0
0.040797 0.402607 0.670672 15 0.0
0.040657 0.511095 0.589664 15 0.0
0.931887 0.599509 0.048243 19 0.997058
0.931752 0.632747 0.050889 19 0.997058
0.932609 0.598264 0.063909 19 0.997058
0.932021 0.56627 0.045597 19 0.997058
0.931164 0.600753 0.032577 19 0.997058
0.46666 0.125348 0.002331 1 0.0
0.233686 0.112467 0.312443 6 0.0
0.285622 0.105714 0.325618 6 0.0
0.21125 0.117286 0.403357 6 0.0
0.181749 0.119221 0.299268 6 0.0
0.256121 0.107649 0.221529 6 0.0
0.169341 0.408126 0.998409 12 0.0
0.122278 0.40814 0.997938 12 0.0
0.169312 0.289187 0.997812 12 0.0
0.216403 0.408112 0.998881 12 0.0
0.169369 0.527065 0.999007 12 0.0
0.972602 0.554754 0.982974 19 0.0
0.320684 0.975735 0.966981 22 0.0
0.93056 0.110291 0.234918 10 0.004088
0.939219 0.154189 0.248876 11 0.0
0.127552 0.926014 0.448738 14 0.0
0.552658 0.268644 0.000366 1 0.0
0.557504 0.330888 -0.000116 1 0.0
0.437742 0.277588 4.2e-05 1 0.0
0.547813 0.206401 0.000847 1 0.0
0.667575 0.259701 0.000689 1 0.0
0.132613 0.062901 0.502666 7 0.0
0.023234 0.748636 0.983339 15 2e-06
0.040096 0.396808 0.660716 15 0.0
0.037415 0.492479 0.692333 15 0.0
0.037286 0.363147 0.762334 15 0.0
0.042776 0.301138 0.629099 15 0.0
0.042906 0.43047 0.559098 15 0.0
0.929274 0.591622 0.04277 19 0.000436
0.912209 0.137905 0.428058 11 0.0
0.826883 0.956583 0.591175 21 0.0
0.225638 0.061455 0.232983 6 0.0
0.260512 0.06067 0.225934 6 0.0
0.240323 0.056836 0.306145 6 0.0
0.190765 0.06224 0.240033 6 0.0
0.210954 0.066074 0.159821 6 0.0
0.180042 0.069515 0.759 5 0.0
0.135679 0.074994 0.752539 5 0.0
0.168695 0.061111 0.829786 5 0.0
0.224405 0.064036 0.76546 5 0.0
0.191389 0.077918 0.688213 5 0.0
0.964409 0.278024 0.466265 11 0.0
0.969984 0.335225 0.462996 11 0.0
0.970587 0.284274 0.586184 11 0.0
0.958834 0.220823 0.469533 11 0.0
0.95823 0.271775 0.346345 11 0.0
0.79127 0.499029 0.000788 2 0.0
0.971816 0.647837 0.977134 19 0.0
0.456215 0.863421 0.002545 1 0.0
0.975927 0.528863 0.958574 11 0.0
0.974325 0.240289 0.716035 11 0.0
0.978468 0.288078 0.724636 11 0.0
0.974053 0.224556 0.803581 11 0.0
0.970183 0.192501 0.707434 11 0.0
0.974597 0.256023 0.628489 11 0.0
0.111646 0.926237 0.172988 14 0.009814
0.070496 0.922731 0.513101 14 0.0
0.043167 0.254348 0.598519 15 0.0
0.037825 0.254764 0.714797 15 0.0
0.044893 0.197746 0.598801 15 0.0
0.048509 0.253932 0.482241 15 0.0
0.041441 0.310951 0.598237 15 0.0
0.97642 0.666797 0.92096 11 0.0
0.024177 0.120212 0.980524 15 0.0
0.022996 0.121179 0.986545 15 0.0
0.023187 0.101966 0.98326 15 0.0
0.025358 0.119245 0.974502 15 0.0
0.025167 0.138458 0.977787 15 0.0
0.592812 0.024387 0.977604 8 0.0
0.930774 0.07028 0.504525 10 0.0
0.947657 0.086219 0.685493 11 0.963089
0.954304 0.091039 0.685221 11 0.963089
0.948653 0.085907 0.704317 11 0.963089
0.941011 0.081399 0.685764 11 0.963089
0.946661 0.08653 0.666668 11 0.963089
0.090691 0.805099 0.273095 15 0.0
0.090126 0.819612 0.353265 15 0.0
0.086061 0.762373 0.280797 15 0.0
0.091255 0.790586 0.192926 15 0.0
0.095321 0.847825 0.265393 15 0.0
0.930241 0.923535 0.746716 18 0.000368
0.920712 0.935138 0.740575 18 0.000368
0.923333 0.935431 0.779912 18 0.000368
0.93977 0.911932 0.752856 18 0.000368
0.93715 0.91164 0.713519 18 0.000368
0.932864 0.461043 0.037214 11 0.010362
0.951687 0.08101 0.839699 10 0.0
0.063286 0.771951 0.111355 15 2.3e-05
0.061636 0.794293 0.131576 15 2.3e-05
0.060486 0.74382 0.142208 15 2.3e-05
0.064936 0.74961 0.091134 15 2.3e-05
0.066085 0.800083 0.080502 15 2.3e-05
0.054141 0.705523 0.277601 16 0.0
0.05415 0.763362 0.284357 16 0.0
0.048317 0.695229 0.365736 16 0.0
0.054132 0.647684 0.270845 16 0.0
0.059965 0.715817 0.189465 16 0.0
0.960127 0.897452 0.770234 11 0.0
0.098715 0.740106 0.003611 1 1e-06
0.069378 0.128358 0.146796 3 0.000173
0.046386 0.942072 0.888895 14 0.0
0.053501 0.951982 0.886845 14 0.0
0.049825 0.946937 0.924345 14 0.0
0.039271 0.932161 0.890946 14 0.0
0.042947 0.937206 0.853445 14 0.0
0.932979 0.075524 0.508885 10 0.99986
0.109947 0.701823 0.12404 15 0.960986
0.111917 0.743124 0.11348 15 0.960986
0.109524 0.706905 0.14384 15 0.960986
0.107977 0.660522 0.134601 15 0.960986
0.11037 0.696741 0.104241 15 0.960986
0.024496 0.143355 0.973468 15 0.0
0.936466 0.843923 0.185394 19 0.0
0.934269 0.860889 0.183164 19 0.0
0.938656 0.851434 0.240386 19 0.0
0.938663 0.826957 0.187624 19 0.0
0.934276 0.836412 0.130401 19 0.0
0.974951 0.301712 0.943945 11 0.0
0.118494 0.078756 0.04898 6 0.999952
0.115037 0.083711 0.049999 6 0.999952
0.118303 0.075107 0.066079 6 0.999952
0.121951 0.0738 0.047961 6 0.999952
0.118684 0.082405 0.031881 6 0.999952
0.754732 0.167291 0.994701 12 0.0
0.82488 0.150662 0.994215 12 0.0
0.744388 0.123693 0.993578 12 0.0
0.684583 0.183921 0.995187 12 0.0
0.765075 0.210889 0.995824 12 0.0
0.946305 0.871967 0.554539 11 0.0
0.051418 0.049387 0.948543 3 2.5e-05
0.050442 0.053677 0.932312 3 2.5e-05
0.041598 0.056228 0.950941 3 2.5e-05
0.052393 0.045098 0.964775 3 2.5e-05
0.061238 0.042546 0.946146 3 2.5e-05
0.297636 0.937394 0.282994 21 0.0
0.313346 0.940074 0.36851 21 0.0
0.245105 0.938897 0.292598 21 0.0
0.281926 0.934714 0.197478 21 0.0
0.350167 0.935892 0.273391 21 0.0
0.976159 0.89649 0.981898 19 0.0
0.974781 0.911422 0.980591 19 0.0
0.976556 0.897084 0.988271 19 0.0
0.977537 0.881558 0.983204 19 0.0
0.975762 0.895896 0.975525 19 0.0
0.975116 0.194312 0.986154 11 3.9e-05
0.288974 0.08159 0.003498 2 1.0
0.911377 0.20525 0.599343 11 0.0
0.923357 0.256803 0.601124 11 0.0
0.912964 0.201474 0.697925 11 0.0
0.899398 0.153697 0.597561 11 0.0
0.909791 0.209026 0.500761 11 0.0
0.976648 0.153264 0.852084 11 0.0
0.978565 0.175349 0.857936 11 0.0
0.976761 0.141285 0.897258 11 0.0
0.97473 0.131178 0.846232 11 0.0
0.976535 0.165243 0.80691 11 0.0
0.620406 0.029762 0.975049 8 0.0
0.032101 0.9119 0.919924 15 0.513897
0.95482 0.043091 0.998347 10 1.0
0.934209 0.083304 0.992541 12 0.0
0.943974 0.103242 0.991733 12 0.0
0.946058 0.077569 0.994238 12 0.0
0.924443 0.063366 0.993349 12 0.0
0.92236 0.089039 0.990844 12 0.0
0.087395 0.761991 0.003675 2 0.021699
0.261169 0.128508 0.00081 1 0.0
0.028379 0.932699 0.980958 14 0.197493
0.031833 0.93358 0.981358 14 0.197493
0.027467 0.933032 0.988114 14 0.197493
0.024925 0.931818 0.980559 14 0.197493
0.029291 0.932366 0.973802 14 0.197493
0.957134 0.223742 0.995932 13 0.5048
0.921552 0.844285 0.347809 19 0.0
0.91753 0.872108 0.348712 19 0.0
0.92703 0.842811 0.417569 19 0.0
0.925575 0.816461 0.346905 19 0.0
0.916074 0.845758 0.278049 19 0.0
0.965844 0.803271 0.657827 11 0.0
0.961907 0.794321 0.553645 11 0.0
0.962813 0.84026 0.654764 11 0.0
0.969781 0.812221 0.762009 11 0.0
0.968876 0.766281 0.66089 11 0.0
0.879708 0.925595 0.001387 2 1.0
0.132303 0.758058 0.997915 12 0.0
0.128388 0.819632 0.998241 12 0.0
0.096723 0.755799 0.997425 12 0.0
0.136218 0.696485 0.997588 12 0.0
0.167883 0.760318 0.998404 12 0.0
0.160614 0.494713 0.003499 1 0.0
0.892813 0.066626 0.995709 12 0.0
0.88598 0.076767 0.995411 12 0.0
0.910079 0.078277 0.99627 12 0.0
0.899647 0.056485 0.996007 12 0.0
0.875547 0.054975 0.995148 12 0.0
0.178533 0.061006 0.316711 7 0.0
0.702751 0.024345 0.959716 8 0.0
0.662998 0.972349 0.983769 22 0.0
0.902958 0.057301 0.391141 10 0.472972
0.226293 0.972976 0.935079 23 0.0
0.175983 0.972671 0.932097 23 0.0
0.225128 0.973903 0.954632 23 0.0
0.276602 0.973281 0.938061 23 0.0
0.227457 0.972048 0.915526 23 0.0
0.068217 0.824745 0.730677 15 0.0
0.073841 0.860146 0.721693 15 0.0
0.071193 0.83965 0.791273 15 0.0
0.062593 0.789344 0.739661 15 0.0
0.065241 0.80984 0.670081 15 0.0
0.053794 0.945291 0.7758 14 0.0
0.076719 0.912244 0.626613 14 0.0
0.896503 0.970825 0.829831 20 0.0
0.092913 0.952679 0.636171 14 0.0
0.89239 0.844396 0.831804 11 2e-06
0.875562 0.883776 0.843665 11 2e-06
0.906059 0.835588 0.880438 11 2e-06
0.909218 0.805016 0.819943 11 2e-06
0.878722 0.853204 0.78317 11 2e-06
0.095339 0.902726 0.009549 14 0.939587
0.042897 0.054825 0.974371 3 0.0
0.040913 0.058865 0.967398 3 0.0
0.034672 0.059999 0.979709 3 0.0
0.044881 0.050786 0.981343 3 0.0
0.051122 0.049652 0.969033 3 0.0
0.285236 0.313273 0.00051 1 0.0
0.292427 0.38932 -0.000405 1 0.0
0.351764 0.306973 -0.00023 1 0.0
0.278045 0.237225 0.001425 1 0.0
0.218707 0.319573 0.00125 1 0.0
0.542907 0.023124 0.985081 8 0.0
0.936279 0.868163 0.305549 19 0.0
0.05074 0.84904 0.350257 15 0.0
0.084388 0.036436 0.825673 3 0.952687
0.483322 0.066605 0.039089 9 1e-06
0.9208 0.731337 0.997429 13 0.0
0.068674 0.43769 0.055164 15 0.0
0.298478 0.893932 0.00248 1 0.0
0.887682 0.621985 0.002949 1 0.0
0.1194 0.250859 0.996295 12 0.0
0.152472 0.24992 0.997209 12 0.0
0.121425 0.322929 0.997048 12 0.0
0.086328 0.251798 0.995381 12 0.0
0.117375 0.178789 0.995543 12 0.0
0.398598 0.135607 0.001938 1 0.0
0.710729 0.969016 0.902622 23 0.0
0.704243 0.969348 0.928799 23 0.0
0.64867 0.968786 0.887249 23 0.0
0.717215 0.968685 0.876444 23 0.0
0.772789 0.969247 0.917994 23 0.0
0.027219 0.55113 0.977265 15 0.0
0.43247 0.967324 0.947624 20 0.0
0.751057 0.975355 0.948849 21 0.0
0.951101 0.887858 0.527951 11 0.0
0.071186 0.038483 0.848971 3 0.968604
0.485925 0.025232 0.937026 8 0.0
0.504593 0.974102 0.956232 24 0.0
0.592008 0.791156 0.048313 1 0.0
0.587037 0.836676 0.054278 1 0.0
0.494772 0.78095 0.045165 1 0.0
0.596978 0.745635 0.042349 1 0.0
0.689244 0.801361 0.051461 1 0.0
0.207417 0.530802 0.002314 1 0.0
0.212997 0.65341 0.002145 1 0.0
0.165399 0.532715 0.002815 1 0.0
0.201838 0.408194 0.002483 1 0.0
0.249436 0.528889 0.001812 1 0.0
0.095172 0.140894 0.995561 12 0.0
0.11962 0.140249 0.994961 12 0.0
0.096206 0.179115 0.996577 12 0.0
0.070724 0.14154 0.996161 12 0.0
0.094137 0.102674 0.994544 12 0.0
0.06487 0.199497 0.203234 4 0.0
0.063936 0.230189 0.207774 4 0.0
0.062024 0.190084 0.266278 4 0.0
0.065803 0.168805 0.198693 4 0.0
0.067715 0.20891 0.14019 4 0.0
0.032818 0.062855 0.983579 15 0.997783
0.028397 0.063423 0.988135 15 0.997783
0.032417 0.060159 0.983525 15 0.997783
0.037239 0.062287 0.979023 15 0.997783
0.033219 0.065551 0.983632 15 0.997783
0.960535 0.849426 0.619757 11 0.0
0.50104 0.79642 0.002349 1 0.0
0.503745 0.838021 0.003673 1 0.0
0.383555 0.804033 0.003155 1 0.0
0.498336 0.75482 0.001026 1 0.0
0.618525 0.788808 0.001544 1 0.0
0.082361 0.137395 0.175696 15 0.0
0.079278 0.155274 0.182127 15 0.0
0.086031 0.122653 0.218439 15 0.0
0.085445 0.119515 0.169265 15 0.0
0.078692 0.152136 0.132952 15 0.0
0.973597 0.358911 0.984905 11 0.0
0.292635 0.025081 0.979783 5 1e-06
0.921893 0.066928 0.992961 12 0.0
0.915267 0.078222 0.991056 12 0.0
0.939328 0.077236 0.993439 12 0.0
0.928518 0.055633 0.994866 12 0.0
0.904458 0.05662 0.992482 12 0.0
0.271704 0.92618 0.997069 12 0.0
0.085248 0.038711 0.737315 3 0.979671
0.235818 0.969798 0.98241 22 0.0
0.027814 0.545619 0.990235 15 0.000978
0.929882 0.614534 0.025131 11 2e-06
0.927007 0.130899 0.703502 11 0.0
0.929448 0.152656 0.710011 11 0.0
0.927323 0.115837 0.753721 11 0.0
0.924566 0.109143 0.696992 11 0.0
0.926691 0.145961 0.653282 11 0.0
0.160366 0.356914 0.002245 1 0.0
0.933301 0.119266 0.812582 11 0.0
0.938507 0.145025 0.817889 11 0.0
0.933254 0.108974 0.862586 11 0.0
0.928095 0.093506 0.807275 11 0.0
0.933348 0.129557 0.762578 11 0.0
0.403557 0.024923 0.942369 8 0.0
0.19228 0.730677 0.997544 12 0.0
0.186652 0.80539 0.997059 12 0.0
0.138652 0.726631 0.996752 12 0.0
0.197909 0.655963 0.998029 12 0.0
0.245909 0.734722 0.998336 12 0.0
0.098916 0.308294 0.010617 2 0.0
0.732151 0.944079 0.745333 17 0.0
0.680919 0.948309 0.780526 17 0.0
0.779096 0.944668 0.813602 17 0.0
0.783384 0.93985 0.710139 17 0.0
0.685206 0.943491 0.677064 17 0.0
0.030482 0.390501 0.946879 15 0.0
0.857761 0.917427 0.772694 21 0.0
0.880422 0.917097 0.76309 21 0.0
0.885961 0.909293 0.839522 21 0.0
0.835099 0.917758 0.782297 21 0.0
0.82956 0.925562 0.705866 21 0.0
0.950742 0.794221 0.323691 11 0.0
0.948695 0.825213 0.320063 11 0.0
0.956254 0.805341 0.415586 11 0.0
0.95279 0.763229 0.327319 11 0.0
0.945231 0.7831 0.231796 11 0.0
0.523015 0.148504 0.032781 1 0.0
0.300473 0.174579 0.995939 12 0.0
0.292735 0.221379 0.997546 12 0.0
0.213118 0.160145 0.995684 12 0.0
0.308211 0.12778 0.994333 12 0.0
0.387828 0.189014 0.996194 12 0.0
0.60317 0.819891 0.996801 12 0.0
0.488059 0.821538 0.998026 12 0.0
0.603858 0.868589 0.995979 12 0.0
0.718281 0.818244 0.995576 12 0.0
0.602482 0.771193 0.997623 12 0.0
0.026773 0.247591 0.995018 15 0.979146
0.808404 0.974554 0.971875 22 0.0
0.271656 0.080613 0.992109 13 0.0
0.288902 0.9718 0.986602 22 0.0
0.974428 0.578538 0.791337 11 0.0
0.969016 0.685941 0.792386 11 0.0
0.973491 0.577865 0.855338 11 0.0
0.97984 0.471135 0.790287 11 0.0
0.975365 0.579211 0.727335 11 0.0
0.026362 0.364587 0.87175 15 0.0
0.026778 0.45512 0.864878 15 0.0
0.024693 0.367619 0.911585 15 0.0
0.025946 0.274054 0.878623 15 0.0
0.02803 0.361555 0.831916 15 0.0
0.909994 0.897996 0.994344 12 0.0
0.931037 0.903416 0.994917 12 0.0
0.903688 0.922484 0.994315 12 0.0
0.888951 0.892577 0.993772 12 0.0
0.9163 0.873509 0.994374 12 0.0
0.975509 0.186914 0.791913 11 0.0
0.978713 0.220279 0.796354 11 0.0
0.9748 0.178439 0.856092 11 0.0
0.972305 0.153549 0.787471 11 0.0
0.976219 0.195389 0.727733 11 0.0
0.198287 0.055002 0.374751 6 0.0
0.108909 0.696495 0.003684 1 0.0
0.048087 0.142146 0.720443 15 0.0
0.962339 0.177178 0.570046 11 0.0
0.967426 0.207842 0.56985 11 0.0
0.968335 0.176824 0.670425 11 0.0
0.957252 0.146513 0.570242 11 0.0
0.956344 0.177531 0.469667 11 0.0
0.500618 0.093573 0.99806 12 0.0
0.113549 0.056106 0.658141 5 0.0
0.855519 0.975348 0.972043 22 0.0
0.932673 0.556784 0.031455 11 0.0
0.338024 0.063631 0.984417 12 0.0
0.06676 0.088438 0.422566 3 0.0
0.576998 0.850431 0.982153 12 0.0
0.478172 0.8503 0.980072 12 0.0
0.576969 0.889787 0.981052 12 0.0
0.675824 0.850561 0.984234 12 0.0
0.577027 0.811074 0.983254 12 0.0
0.927457 0.865865 0.529841 11 0.0
0.05722 0.867701 0.650685 15 0.0
0.058378 0.889059 0.649268 15 0.0
0.056677 0.870892 0.698361 15 0.0
0.056063 0.846342 0.652101 15 0.0
0.057764 0.864509 0.603009 15 0.0
0.906217 0.063523 0.384049 10 1.7e-05
0.91121 0.09361 0.136914 10 0.0
0.078183 0.90907 0.286295 14 0.0
0.906139 0.7944 0.322705 19 0.0
0.902872 0.838091 0.319133 19 0.0
0.901924 0.802086 0.420572 19 0.0
0.909405 0.750708 0.326277 19 0.0
0.910353 0.786714 0.224838 19 0.0
0.062845 0.129221 0.269072 3 0.0
0.579536 0.879271 0.090583 20 0.0
0.591714 0.088766 0.99489 12 0.0
0.859011 0.080087 0.000449 2 0.999897
0.052918 0.942644 0.935311 14 1.1e-05
0.059512 0.951115 0.93908 14 1.1e-05
0.04394 0.940886 0.954969 14 1.1e-05
0.046324 0.934173 0.931542 14 1.1e-05
0.061895 0.944402 0.915653 14 1.1e-05
0.127309 0.705613 0.007647 1 0.0
0.94402 0.08021 0.554267 10 0.0
0.146932 0.560278 0.998077 12 0.0
0.185719 0.56322 0.99823 12 0.0
0.137725 0.681691 0.997627 12 0.0
0.108146 0.557336 0.997924 12 0.0
0.15614 0.438865 0.998528 12 0.0
0.423454 0.930053 0.02992 20 0.0
0.911468 0.156514 0.264069 11 0.0
0.915763 0.183284 0.26111 11 0.0
0.921846 0.160791 0.317838 11 0.0
0.907172 0.129744 0.267027 11 0.0
0.901089 0.152237 0.210299 11 0.0
0.057779 0.129626 0.868938 15 0.0
0.057655 0.14369 0.866626 15 0.0
0.049248 0.136122 0.908919 15 0.0
0.057903 0.115562 0.87125 15 0.0
0.06631 0.12313 0.828957 15 0.0
0.901783 0.196891 0.161833 11 0.0
0.90646 0.233965 0.162252 11 0.0
0.897902 0.196814 0.212008 11 0.0
0.897106 0.159817 0.161414 11 0.0
0.905664 0.196968 0.111658 11 0.0
0.977214 0.729383 0.916728 11 0.0
0.974681 0.79323 0.921837 11 0.0
0.976711 0.727327 0.942173 11 0.0
0.979748 0.665537 0.911619 11 0.0
0.977717 0.731439 0.891282 11 0.0
0.620957 0.070254 0.035236 9 7e-06
0.91496 0.051599 0.532609 10 0.0
0.061409 0.926109 0.588811 14 0.0
0.099842 0.186373 0.174196 15 0.0
0.092767 0.223592 0.171742 15 0.0
0.099135 0.189365 0.221624 15 0.0
0.106917 0.149154 0.17665 15 0.0
0.100549 0.18338 0.126768 15 0.0
0.148751 0.962136 0.704267 23 0.0
0.891295 0.757051 0.299781 11 0.0
0.886905 0.811769 0.309475 11 0.0
0.914659 0.742294 0.393659 11 0.0
0.895685 0.702334 0.290087 11 0.0
0.509521 0.892943 0.002355 2 0.0
0.358015 0.854381 0.002393 1 0.0
0.036479 0.924184 0.933779 14 0.0
0.056675 0.922466 0.818099 14 3e-06
0.079088 0.093658 0.995491 12 0.0
0.09582 0.102414 0.994691 12 0.0
0.067666 0.11543 0.994883 12 0.0
0.062356 0.084902 0.996292 12 0.0
0.09051 0.071886 0.996099 12 0.0
0.443911 0.305111 -0.001443 1 0.0
0.441479 0.377943 -0.002104 1 0.0
0.545977 0.308502 -0.003301 1 0.0
0.446343 0.232279 -0.000781 1 0.0
0.341844 0.30172 0.000416 1 0.0
0.389602 0.714448 0.997392 12 0.0
0.504027 0.710323 0.996996 12 0.0
0.392506 0.795029 0.997103 12 0.0
0.275177 0.718574 0.997789 12 0.0
0.386697 0.633867 0.997682 12 0.0
0.054296 0.138416 0.404744 15 0.0
0.094319 0.934855 0.442016 14 0.0
0.350707 0.0702 0.992724 13 0.0
0.921718 0.117131 0.780584 11 0.0
0.927561 0.135894 0.784879 11 0.0
0.925868 0.103552 0.834263 11 0.0
0.915875 0.098369 0.776289 11 0.0
0.917568 0.130711 0.726904 11 0.0
0.975133 0.696919 0.956109 11 0.0
0.352605 0.109217 0.99632 12 0.0
0.26583 0.121645 0.996313 12 0.0
0.18704 0.118853 0.995787 12 0.0
0.266959 0.089897 0.995836 12 0.0
0.344621 0.124437 0.996838 12 0.0
0.264702 0.153393 0.996789 12 0.0
0.565033 0.975227 0.963916 22 0.0
0.340092 0.154932 -3.3e-05 1 0.0
0.338573 0.18165 -0.001383 1 0.0
0.258133 0.150381 0.002146 1 0.0
0.341611 0.128213 0.001318 1 0.0
0.422051 0.159482 -0.002211 1 0.0
0.024611 0.418034 0.966703 15 0.0
0.099233 0.860917 0.533968 16 1.6e-05
0.111829 0.876137 0.532993 16 1.6e-05
0.097935 0.864966 0.580443 16 1.6e-05
0.086637 0.845697 0.534942 16 1.6e-05
0.100531 0.856867 0.487492 16 1.6e-05
0.97585 0.233467 0.96095 11 0.0
0.073606 0.159184 0.203895 15 0.0
0.073898 0.174929 0.207445 15 0.0
0.068986 0.149017 0.249364 15 0.0
0.073315 0.143438 0.200344 15 0.0
0.078227 0.169351 0.158425 15 0.0
0.883732 0.095328 0.324122 10 0.0
0.528157 0.973739 0.904122 24 0.0
0.118516 0.58563 0.997486 12 0.0
0.844282 0.971973 0.840623 17 0.0
0.86653 0.971122 0.833735 17 0.0
0.859654 0.974139 0.890007 17 0.0
0.822034 0.972824 0.84751 17 0.0
0.828911 0.969808 0.791239 17 0.0
0.8607 0.975567 0.984389 22 0.0
0.310126 0.96773 0.836349 24 0.0
0.235259 0.967306 0.828645 24 0.0
0.305075 0.969017 0.885368 24 0.0
0.384993 0.968154 0.844053 24 0.0
0.315177 0.966443 0.787329 24 0.0
0.941459 0.590601 0.942527 19 0.0
0.068922 0.308555 0.981577 12 0.0
0.719585 0.180082 0.987199 12 0.0
0.801707 0.169611 0.985696 12 0.0
0.725946 0.229684 0.989207 12 0.0
0.637464 0.190552 0.988701 12 0.0
0.713224 0.130479 0.98519 12 0.0
0.351946 0.044766 0.991718 13 0.0
0.516576 0.02392 0.98153 8 0.0
0.118313 0.058291 0.345634 6 0.0
0.022714 0.325824 0.971935 4 0.0
0.828248 0.97211 0.986574 22 0.0
0.978959 0.426627 0.858009 11 0.0
0.97881 0.422663 0.815164 11 0.0
0.979573 0.531684 0.848288 11 0.0
0.979109 0.430591 0.900855 11 0.0
0.978345 0.32157 0.867731 11 0.0
0.198394 0.493394 0.002348 1 0.0
0.978448 0.536441 0.850664 11 0.0
0.976708 0.656741 0.862678 11 0.0
0.977998 0.532011 0.894957 11 0.0
0.980187 0.416141 0.83865 11 0.0
0.978897 0.540871 0.806372 11 0.0
0.697617 0.970966 0.969336 22 0.0
0.049101 0.199994 0.479266 15 0.0
0.943596 0.186323 0.26972 11 0.0
0.949039 0.215811 0.274595 11 0.0
0.947847 0.171856 0.352477 11 0.0
0.938153 0.156836 0.264845 11 0.0
0.939345 0.20079 0.186964 11 0.0
0.956204 0.205702 0.495987 11 0.0
0.948097 0.190804 0.402087 11 0.0
0.961369 0.242793 0.489656 11 0.0
0.964311 0.220601 0.589886 11 0.0
0.951039 0.168611 0.502317 11 0.0
0.648289 0.764827 -0.001761 2 0.0
0.733399 0.77857 -0.000908 2 0.0
0.656105 0.716479 -0.002643 2 0.0
0.563179 0.751084 -0.002615 2 0.0
0.640473 0.813175 -0.00088 2 0.0
0.937882 0.24067 0.713385 11 0.0
0.947514 0.243098 0.799294 11 0.0
0.93191 0.183686 0.715665 11 0.0
0.928249 0.238242 0.627476 11 0.0
0.943853 0.297655 0.711105 11 0.0
0.965312 0.274375 0.995569 11 0.0
0.970422 0.361665 0.542884 11 0.0
0.973452 0.442229 0.555496 11 0.0
0.973964 0.343353 0.659007 11 0.0
0.967392 0.281102 0.530272 11 0.0
0.96688 0.379978 0.426761 11 0.0
0.86175 0.640274 0.99606 12 0.0
0.867155 0.745194 0.995199 12 0.0
0.899793 0.638313 0.995964 12 0.0
0.856344 0.535354 0.996921 12 0.0
0.823707 0.642235 0.996156 12 0.0
0.948456 0.170258 0.32145 11 0.0
0.974451 0.204984 0.995571 11 0.996031
0.975812 0.142938 0.87671 11 0.0
0.977895 0.165311 0.882712 11 0.0
0.975699 0.132831 0.914419 11 0.0
0.973729 0.120565 0.870707 11 0.0
0.975925 0.153044 0.839001 11 0.0
0.950578 0.885669 0.54516 11 0.0
0.940466 0.554633 0.1235 11 0.0
0.938836 0.658947 0.120753 11 0.0
0.944867 0.555743 0.163042 11 0.0
0.942096 0.450319 0.126248 11 0.0
0.936066 0.553522 0.083958 11 0.0
0.977172 0.499056 0.915437 11 0.0
0.068474 0.914541 0.472703 14 0.0
0.907763 0.090863 0.56092 10 0.0
0.036222 0.195172 0.735732 15 0.0
0.035882 0.229838 0.743504 15 0.0
0.032077 0.176639 0.818214 15 0.0
0.036563 0.160505 0.72796 15 0.0
0.040367 0.213704 0.653251 15 0.0
0.977815 0.302739 0.835359 11 0.0
0.979659 0.3702 0.826818 11 0.0
0.977376 0.309147 0.885874 11 0.0
0.975971 0.235278 0.8439 11 0.0
0.978253 0.296331 0.784843 11 0.0
0.961548 0.859924 0.63026 11 0.0
0.974454 0.36181 0.886188 11 0.0
0.974606 0.449437 0.888439 11 0.0
0.973883 0.360902 0.921572 11 0.0
0.974301 0.274183 0.883938 11 0.0
0.975024 0.362718 0.850805 11 0.0
0.141756 0.722115 0.527443 15 0.0
0.146215 0.785367 0.515652 15 0.0
0.152166 0.742118 0.638683 15 0.0
0.137298 0.658864 0.539234 15 0.0
0.131347 0.702112 0.416203 15 0.0
0.671871 0.074721 0.992389 13 0.0
0.048618 0.762643 0.37148 15 0.0
0.049305 0.806215 0.371347 15 0.0
0.04139 0.763115 0.488584 15 0.0
0.04793 0.719071 0.371613 15 0.0
0.055846 0.762171 0.254376 15 0.0
0.499393 0.637022 0.0005 1 0.0
0.368286 0.643441 0.000585 1 0.0
0.503771 0.726437 0.001429 1 0.0
0.630499 0.630602 0.000414 1 0.0
0.495014 0.547606 -0.000429 1 0.0
0.037143 0.894317 0.705402 16 0.0
0.140053 0.123929 0.198034 9 0.0
0.902729 0.335668 0.995495 12 0.0
0.058821 0.170752 0.770384 15 0.0
0.056743 0.196435 0.760397 15 0.0
0.053202 0.198167 0.842055 15 0.0
0.060899 0.145069 0.78037 15 0.0
0.06444 0.143337 0.698713 15 0.0
0.933761 0.589155 0.039513 11 0.000118
0.087005 0.12324 0.271168 15 0.0
0.101511 0.05292 0.661716 5 1e-06
0.024613 0.686613 0.856014 15 0.0
0.024146 0.749758 0.857154 15 0.0
0.022963 0.685789 0.900976 15 0.0
0.025079 0.623468 0.854874 15 0.0
0.026262 0.687438 0.811052 15 0.0
0.976112 0.411879 0.995771 13 6.2e-05
0.969082 0.128865 0.757529 11 0.0
0.714095 0.176916 0.995273 12 0.0
0.717683 0.225752 0.995314 12 0.0
0.795291 0.170952 0.994924 12 0.0
0.710508 0.128081 0.995233 12 0.0
0.6329 0.18288 0.995623 12 0.0
0.456797 0.575562 -5.3e-05 1 0.0
0.342835 0.607129 0.000946 1 0.0
0.485236 0.678227 8.6e-05 1 0.0
0.570758 0.543995 -0.001053 1 0.0
0.428358 0.472897 -0.000193 1 0.0
0.026712 0.777939 0.797243 15 0.0
0.024245 0.787639 0.859168 15 0.0
0.025498 0.733873 0.804097 15 0.0
0.029179 0.768239 0.735319 15 0.0
0.027925 0.822005 0.790389 15 0.0
0.034964 0.725087 0.653839 15 0.0
0.035496 0.783876 0.656706 15 0.0
0.030689 0.719984 0.759274 15 0.0
0.034431 0.666297 0.650972 15 0.0
0.039238 0.730189 0.548404 15 0.0
0.437141 0.972349 0.989099 22 2e-06
0.945754 0.58598 0.169272 11 0.0
0.942897 0.67983 0.168429 11 0.0
0.951781 0.58664 0.222222 11 0.0
0.948612 0.492131 0.170115 11 0.0
0.939728 0.585321 0.116322 11 0.0
0.021585 0.773802 0.983187 15 0.0
0.975222 0.482373 0.960257 11 0.0
0.940312 0.137625 0.240363 11 0.0
0.974851 0.651019 0.966082 19 0.0
0.055261 0.146458 0.94293 15 0.0
0.053497 0.150504 0.957664 15 0.0
0.054803 0.131442 0.946999 15 0.0
0.057026 0.142412 0.928197 15 0.0
0.05572 0.161474 0.938862 15 0.0
0.052689 0.929119 0.946526 14 0.999977
0.05625 0.941086 0.936095 14 0.999977
0.053472 0.938185 0.957194 14 0.999977
0.049128 0.917153 0.956958 14 0.999977
0.051906 0.920053 0.935859 14 0.999977
0.931683 0.147112 0.088431 11 0.0
0.9325 0.158666 0.088003 11 0.0
0.932977 0.148061 0.116543 11 0.0
0.930866 0.135558 0.088859 11 0.0
0.930389 0.146163 0.060319 11 0.0
0.06085 0.704373 0.149621 15 0.0
0.058601 0.726705 0.186516 15 0.0
0.05838 0.651507 0.18147 15 0.0
0.063098 0.68204 0.112725 15 0.0
0.063319 0.757239 0.117771 15 0.0
0.881777 0.108488 0.054415 10 0.007933
0.89511 0.115242 0.048587 10 0.007933
0.883387 0.119439 0.07079 10 0.007933
0.868445 0.101734 0.060242 10 0.007933
0.880168 0.097538 0.03804 10 0.007933
0.878937 0.967152 0.810963 20 0.0
0.93602 0.044223 0.922363 10 0.999991
0.943146 0.051452 0.938723 10 0.999991
0.926515 0.039554 0.928566 10 0.999991
0.928894 0.036993 0.906002 10 0.999991
0.945525 0.048892 0.916159 10 0.999991
0.887054 0.102672 0.434724 10 0.0
0.027516 0.301457 0.86316 15 0.0
0.026807 0.374124 0.863973 15 0.0
0.026089 0.300945 0.907677 15 0.0
0.028225 0.228791 0.862346 15 0.0
0.028943 0.301969 0.818642 15 0.0
0.057523 0.925785 0.654327 14 0.0
0.053245 0.832892 0.29921 15 0.0
0.057894 0.218989 0.333691 15 0.0
0.063593 0.220265 0.231755 15 0.0
0.056748 0.259551 0.334135 15 0.0
0.052196 0.217712 0.435628 15 0.0
0.059041 0.178426 0.333248 15 0.0
0.96607 0.833398 0.706798 11 0.0
0.068772 0.260486 0.234889 15 0.0
0.06621 0.315065 0.223904 15 0.0
0.063085 0.274317 0.304937 15 0.0
0.071335 0.205906 0.245875 15 0.0
0.07446 0.246654 0.164842 15 0.0
0.914011 0.087071 0.210518 10 0.0
0.861339 0.913938 0.098566 17 0.0
0.85014 0.912907 0.098703 17 0.0
0.862083 0.909961 0.129428 17 0.0
0.872539 0.91497 0.098429 17 0.0
0.860596 0.917916 0.067704 17 0.0
0.071222 0.032383 0.923802 3 0.999195
0.067576 0.939581 0.934452 14 0.561231
0.078445 0.949548 0.938708 14 0.561231
0.057715 0.942438 0.952943 14 0.561231
0.056707 0.929614 0.930195 14 0.561231
0.077438 0.936724 0.91596 14 0.561231
0.975766 0.133804 0.93098 11 0.0
0.97572 0.151511 0.912868 11 0.0
0.976426 0.14693 0.943811 11 0.0
0.975812 0.116098 0.949092 11 0.0
0.975106 0.120679 0.91815 11 0.0
0.032623 0.08315 0.902306 3 0.0
0.063743 0.257389 0.217924 15 0.0
0.06136 0.309235 0.22253 15 0.0
0.060884 0.251195 0.286171 15 0.0
0.066125 0.205543 0.213318 15 0.0
0.066601 0.263584 0.149677 15 0.0
0.068402 0.97544 0.991172 14 0.015767
0.067617 0.978583 0.99082 14 0.015767
0.06667 0.975522 0.995774 14 0.015767
0.069187 0.972296 0.991523 14 0.015767
0.070134 0.975357 0.986569 14 0.015767
0.081572 0.094766 0.178348 4 0.956122
0.076424 0.096624 0.181236 4 0.956122
0.085023 0.091826 0.186389 4 0.956122
0.08672 0.092908 0.175459 4 0.956122
0.078121 0.097706 0.170307 4 0.956122
0.868419 0.107204 0.529216 6 1e-06
0.887218 0.126664 0.521891 6 1e-06
0.885188 0.099945 0.552971 6 1e-06
0.849619 0.087743 0.53654 6 1e-06
0.85165 0.114462 0.50546 6 1e-06
0.901697 0.901745 0.000245 1 1.0
0.097943 0.098154 0.042701 3 0.001035
0.090134 0.104501 0.047668 3 0.001035
0.103703 0.094959 0.055839 3 0.001035
0.105753 0.091807 0.037734 3 0.001035
0.092184 0.10135 0.029563 3 0.001035
0.021103 0.882692 0.950079 15 0.0
0.021293 0.898087 0.954066 15 0.0
0.020743 0.87872 0.965434 15 0.0
0.020913 0.867297 0.946093 15 0.0
0.021463 0.886664 0.934724 15 0.0
0.937391 0.031437 0.984053 10 0.026281
0.938713 0.030734 0.991101 10 0.026281
0.933565 0.026919 0.98432 10 0.026281
0.936069 0.03214 0.977004 10 0.026281
0.941217 0.035955 0.983786 10 0.026281
0.025302 0.252576 0.921519 15 0.0
0.025372 0.309102 0.921021 15 0.0
0.024284 0.252802 0.946936 15 0.0
0.025232 0.196051 0.922018 15 0.0
0.02632 0.252351 0.896103 15 0.0
0.95577 0.05224 0.976523 10 2e-06
0.96497 0.06296 0.977692 10 2e-06
0.95592 0.051224 0.984661 10 2e-06
0.946571 0.04152 0.975353 10 2e-06
0.955621 0.053256 0.968384 10 2e-06
0.071452 0.438933 0.041351 15 0.0
0.919779 0.084577 0.271967 10 0.0
0.120112 0.062392 0.366616 6 0.0
0.976849 0.14826 0.908927 11 0.0
0.978314 0.172325 0.916875 11 0.0
0.976642 0.139086 0.936743 11 0.0
0.975384 0.124194 0.900979 11 0.0
0.977057 0.157433 0.881111 11 0.0
0.025292 0.144537 0.960841 15 0.0
0.024085 0.143258 0.974275 15 0.0
0.024946 0.119349 0.958413 15 0.0
0.026499 0.145815 0.947407 15 0.0
0.025638 0.169724 0.963269 15 0.0
0.939777 0.119185 0.996917 12 0.999437
0.068315 0.834282 0.730724 15 0.0
0.07037 0.869315 0.71964 15 0.0
0.07061 0.856335 0.800855 15 0.0
0.066259 0.799248 0.741808 15 0.0
0.066019 0.812228 0.660594 15 0.0
0.939739 0.868126 0.277428 19 0.0
0.892531 0.101773 0.077565 10 0.995723
0.902615 0.103424 0.070905 10 0.995723
0.904177 0.114844 0.098439 10 0.995723
0.882447 0.100122 0.084225 10 0.995723
0.880885 0.088702 0.056692 10 0.995723
0.49659 0.067533 0.03382 9 0.0
0.929477 0.146033 0.015261 11 0.384326
0.927943 0.145226 0.00994 11 0.384326
0.930613 0.157846 0.013142 11 0.384326
0.931011 0.146839 0.020582 11 0.384326
0.92834 0.134219 0.01738 11 0.384326
0.933979 0.177301 0.045621 11 0.020782
0.936023 0.197001 0.052542 11 0.020782
0.935206 0.172694 0.05837 11 0.020782
0.931935 0.157601 0.0387 11 0.020782
0.932752 0.181907 0.032871 11 0.020782
0.03857 0.937157 0.908922 14 2e-06
0.044023 0.945809 0.907397 14 2e-06
0.040889 0.941005 0.939045 14 2e-06
0.033116 0.928504 0.910447 14 2e-06
0.03625 0.933309 0.878798 14 2e-06
0.946282 0.085093 0.742913 10 0.999999
0.921213 0.855498 0.64693 19 0.0
0.509899 0.023942 0.980223 8 0.0
0.931761 0.107703 0.208614 10 0.999994
0.077722 0.503208 0.036226 15 0.0
0.911456 0.052853 0.994434 12 0.0
0.908975 0.063005 0.993061 12 0.0
0.92889 0.057232 0.995316 12 0.0
0.913937 0.0427 0.995807 12 0.0
0.894023 0.048474 0.993552 12 0.0
0.076535 0.851649 0.775902 15 0.0
0.078229 0.882581 0.777588 15 0.0
0.065475 0.849157 0.832697 15 0.0
0.074842 0.820716 0.774215 15 0.0
0.087596 0.85414 0.719106 15 0.0
0.370508 0.713593 0.998018 12 0.0
0.477548 0.701155 0.997927 12 0.0
0.379785 0.793428 0.997224 12 0.0
0.263469 0.726031 0.998109 12 0.0
0.361232 0.633758 0.998812 12 0.0
0.851485 0.973098 0.867311 20 0.0
0.875617 0.972449 0.862912 20 0.0
0.859025 0.974815 0.908423 20 0.0
0.827354 0.973746 0.871709 20 0.0
0.843946 0.97138 0.826198 20 0.0
0.725611 0.144198 -0.000633 1 0.0
0.664324 0.14835 -0.000638 1 0.0
0.727216 0.167891 -0.001173 1 0.0
0.786898 0.140047 -0.000627 1 0.0
0.724006 0.120505 -9.3e-05 1 0.0
0.079143 0.11117 0.123359 3 0.0
0.935786 0.049117 0.97917 10 0.999999
0.931703 0.054103 0.985382 10 0.999999
0.922535 0.039633 0.978072 10 0.999999
0.939869 0.044131 0.972957 10 0.999999
0.949037 0.058601 0.980268 10 0.999999
0.082813 0.07338 0.926618 3 1.1e-05
0.49582 0.144082 -0.001716 1 0.0
0.049929 0.046616 0.987887 3 0.032305
0.051881 0.048174 0.983988 3 0.032305
0.040599 0.056175 0.987037 3 0.032305
0.047977 0.045057 0.991786 3 0.032305
0.059258 0.037056 0.988737 3 0.032305
0.076253 0.082421 0.391757 3 0.00268
0.411721 0.850498 0.003921 1 0.0
0.411591 0.875665 0.004011 1 0.0
0.333649 0.850099 0.00251 1 0.0
0.411852 0.825331 0.00383 1 0.0
0.489794 0.850897 0.005331 1 0.0
0.664279 0.037673 0.940425 8 0.0
0.894454 0.0968 0.993559 12 0.0
0.889186 0.120884 0.992785 12 0.0
0.920736 0.102587 0.994749 12 0.0
0.899721 0.072716 0.994334 12 0.0
0.868171 0.091014 0.99237 12 0.0
0.402122 0.844714 0.000752 1 0.0
0.905523 0.834416 0.004898 1 0.049033
0.705843 0.023729 0.951359 8 0.0
0.139989 0.276714 0.996831 12 0.0
0.179529 0.278457 0.9983 12 0.0
0.136485 0.355599 0.997556 12 0.0
0.10045 0.274971 0.995362 12 0.0
0.143494 0.19783 0.996106 12 0.0
0.519666 0.881139 0.003368 2 0.0
0.559174 0.061937 0.952456 8 0.0
0.050912 0.506315 0.965148 15 4e-06
0.100858 0.354517 0.000636 2 0.0
0.528864 0.031361 0.983695 8 0.0
0.113304 0.083681 0.003186 2 1.0
0.38042 0.243674 -0.000845 1 0.0
0.379598 0.298026 -0.001498 1 0.0
0.284117 0.242242 0.001227 1 0.0
0.381242 0.189322 -0.000193 1 0.0
0.476723 0.245106 -0.002918 1 0.0
0.458546 0.967492 0.967613 22 0.0
0.408941 0.027099 0.976737 8 0.0
0.378753 0.944099 0.996155 12 0.0
0.205274 0.597483 0.001582 1 0.0
0.207294 0.700442 0.001756 1 0.0
0.164277 0.598287 0.001706 1 0.0
0.203254 0.494523 0.001407 1 0.0
0.246271 0.596678 0.001457 1 0.0
0.051913 0.18205 0.995569 12 0.0
0.828875 0.90963 0.802249 20 0.0
0.792579 0.905933 0.815819 20 0.0
0.850099 0.899464 0.856249 20 0.0
0.865172 0.913326 0.78868 20 0.0
0.807652 0.919795 0.74825 20 0.0
0.924048 0.075685 0.438798 10 0.0
0.915833 0.950702 0.994788 13 0.0
0.918323 0.958629 0.995899 13 0.0
0.900031 0.95573 0.994335 13 0.0
0.913343 0.942775 0.993678 13 0.0
0.931635 0.945674 0.995242 13 0.0
0.078736 0.567661 0.035523 15 0.0
0.807101 0.975316 0.964154 22 0.0
0.106233 0.709522 0.998401 12 0.0
0.098311 0.786656 0.998978 12 0.0
0.079968 0.706825 0.998291 12 0.0
0.114155 0.632388 0.997823 12 0.0
0.132498 0.712218 0.998511 12 0.0
0.084163 0.107489 0.170038 3 0.0
0.91168 0.051604 0.994057 12 0.0
0.913444 0.061965 0.992846 12 0.0
0.924286 0.049663 0.99581 12 0.0
0.909916 0.041242 0.995268 12 0.0
0.899075 0.053545 0.992303 12 0.0
0.417896 0.914258 0.997099 12 0.0
0.571658 0.975119 0.958964 24 0.0
0.779049 0.118743 0.995016 13 0.0
0.783422 0.149088 0.995035 13 0.0
0.840179 0.109934 0.995848 13 0.0
0.774677 0.088399 0.994998 13 0.0
0.71792 0.127553 0.994185 13 0.0
0.959671 0.080937 0.900496 10 0.0
0.8665 0.028821 0.995685 12 0.0
0.029787 0.440476 0.960353 15 0.0
0.097637 0.704279 0.004493 1 0.993228
0.252442 0.124943 0.001141 1 0.0
0.251528 0.143399 -0.000333 1 0.0
0.197138 0.122375 0.003281 1 0.0
0.253356 0.106487 0.002614 1 0.0
0.307747 0.127511 -0.001 1 0.0
0.354126 0.973726 0.975219 22 0.0
0.316601 0.024579 0.993741 6 0.999579
0.052961 0.32553 0.934417 15 0.0
0.885201 0.960964 0.959402 22 0.0
0.870985 0.957278 0.954702 22 0.0
0.882418 0.96089 0.967877 22 0.0
0.899417 0.964649 0.964101 22 0.0
0.887984 0.961037 0.950926 22 0.0
0.581349 0.973454 0.981581 22 0.0
0.187872 0.642616 0.999127 12 0.0
0.177401 0.738572 0.99837 12 0.0
0.137688 0.637139 0.999029 12 0.0
0.198343 0.546661 0.999884 12 0.0
0.238057 0.648093 0.999224 12 0.0
0.54094 0.107379 0.99074 13 0.0
0.276834 0.158926 0.995515 12 0.0
0.267178 0.197721 0.996746 12 0.0
0.196451 0.13892 0.995437 12 0.0
0.286491 0.120131 0.994285 12 0.0
0.357218 0.178932 0.995594 12 0.0
0.808926 0.872254 0.994992 12 0.0
0.811645 0.904595 0.995406 12 0.0
0.758331 0.876512 0.994594 12 0.0
0.806207 0.839913 0.994578 12 0.0
0.859521 0.867995 0.99539 12 0.0
0.940304 0.856678 0.254241 19 0.0
0.025215 0.344679 0.962781 15 0.0
0.753501 0.97058 0.979261 22 0.0
0.027719 0.181325 0.976185 15 0.0
0.359129 0.21471 0.053754 2 0.0
0.43805 0.228226 0.053621 2 0.0
0.351449 0.259496 0.047814 2 0.0
0.280208 0.201195 0.053888 2 0.0
0.366809 0.169925 0.059695 2 0.0
0.065187 0.886167 0.720693 16 0.000198
0.073184 0.894107 0.720037 16 0.000198
0.06659 0.887748 0.756903 16 0.000198
0.05719 0.878226 0.72135 16 0.000198
0.063783 0.884585 0.684484 16 0.000198
0.971093 0.186059 0.689532 11 0.0
0.972372 0.170797 0.784059 11 0.0
0.967242 0.154654 0.684513 11 0.0
0.969813 0.201322 0.595004 11 0.0
0.974944 0.217465 0.69455 11 0.0
0.041009 0.433626 0.917681 15 0.0
0.039515 0.432266 0.942355 15 0.0
0.046773 0.354179 0.913653 15 0.0
0.042503 0.434985 0.893007 15 0.0
0.035245 0.513073 0.921709 15 0.0
0.094998 0.382685 0.997732 12 0.0
0.402218 0.082652 0.9921 12 0.0
0.058757 0.442583 0.99512 12 0.0
0.313787 0.142711 0.009315 1 0.0
0.03509 0.266017 0.997295 12 0.0
0.082769 0.488863 0.996907 12 0.0
0.857159 0.139056 0.156341 9 0.0
0.881645 0.151498 0.153196 9 0.0
0.85778 0.148398 0.198128 9 0.0
0.832674 0.126614 0.159487 9 0.0
0.856539 0.129714 0.114555 9 0.0
0.555774 0.158051 -0.003342 2 0.0
0.877536 0.952259 0.499324 23 0.0
0.890465 0.952985 0.585025 20 0.0
0.314942 0.107875 0.984244 12 0.0
0.881192 0.96462 0.707623 20 0.0
0.078986 0.690709 0.994738 12 0.0
0.969642 0.144799 0.879592 11 0.0
0.97154 0.170202 0.884389 11 0.0
0.970132 0.137702 0.916983 11 0.0
0.967745 0.119397 0.874795 11 0.0
0.969153 0.151897 0.842201 11 0.0
0.976062 0.60665 0.938726 19 0.0
0.471092 0.112968 0.997784 12 0.0
0.904274 0.483929 0.293593 11 0.0
0.909052 0.606158 0.308122 11 0.0
0.920377 0.472466 0.38473 11 0.0
0.899496 0.3617 0.279064 11 0.0
0.888171 0.495392 0.202455 11 0.0
0.041431 0.128837 0.670506 15 0.0
0.107645 0.880893 0.044233 14 0.00068
0.114686 0.89097 0.045558 14 0.00068
0.111089 0.8761 0.062391 14 0.00068
0.100604 0.870816 0.042909 14 0.00068
0.104201 0.885686 0.026075 14 0.00068
0.747512 0.3115 0.995288 12 0.0
0.752392 0.400071 0.996032 12 0.0
0.820977 0.307458 0.994668 12 0.0
0.742632 0.22293 0.994543 12 0.0
0.674047 0.315543 0.995907 12 0.0
0.039306 0.131667 0.71039 15 0.0
0.657239 0.760026 -0.000654 1 0.0
0.655637 0.811727 -0.000129 1 0.0
0.573109 0.757425 -0.001223 1 0.0
0.658841 0.708326 -0.001179 1 0.0
0.741369 0.762628 -8.6e-05 1 0.0
0.10476 0.08022 0.953112 3 0.997512
0.081341 0.085983 0.961835 3 0.997512
0.109199 0.08544 0.961583 3 0.997512
0.12818 0.074457 0.94439 3 0.997512
0.100321 0.075 0.944642 3 0.997512
0.937026 0.86493 0.239988 11 0.0
0.213346 0.106992 0.94115 6 1e-06
0.265867 0.114653 0.945006 6 1e-06
0.215721 0.087615 0.947295 6 1e-06
0.160825 0.099332 0.937293 6 1e-06
0.210971 0.12637 0.935004 6 1e-06
0.892773 0.096896 0.760917 10 0.0
0.067172 0.623906 0.07005 15 0.0
0.697553 0.023884 0.91663 8 0.0
0.62432 0.023589 0.907398 8 0.0
0.69426 0.023214 0.942772 8 0.0
0.770785 0.024179 0.925863 8 0.0
0.700846 0.024554 0.890489 8 0.0
0.942529 0.073719 0.605513 10 0.0
0.675174 0.974188 0.925298 23 0.0
0.975735 0.402803 0.950214 11 0.0
0.881087 0.135355 0.752813 8 0.0
0.902956 0.140098 0.750966 8 0.0
0.885382 0.140746 0.81751 8 0.0
0.859219 0.130612 0.75466 8 0.0
0.876792 0.129964 0.688117 8 0.0
0.072725 0.123812 0.192779 3 0.53594
0.406426 0.023681 0.967097 8 0.0
0.335357 0.969446 0.832373 24 0.0
0.418864 0.969014 0.816178 24 0.0
0.344539 0.972878 0.879624 24 0.0
0.25185 0.969877 0.848569 24 0.0
0.326176 0.966013 0.785123 24 0.0
0.026924 0.517373 0.980944 15 1e-06
0.480975 0.18772 0.995385 12 0.0
0.340848 0.18431 0.995692 12 0.0
0.482246 0.135403 0.994567 12 0.0
0.621101 0.191131 0.995079 12 0.0
0.479703 0.240038 0.996204 12 0.0
0.023266 0.180778 0.9737 4 0.0
0.059812 0.902951 0.773441 16 0.247984
0.054884 0.052369 0.855294 3 0.0
0.200678 0.217129 0.030727 2 0.0
0.186046 0.223133 0.031087 2 0.0
0.192167 0.196372 0.030968 2 0.0
0.21531 0.211126 0.030368 2 0.0
0.20919 0.237887 0.030487 2 0.0
0.668265 0.941414 0.888982 20 0.0
0.929955 0.497566 0.020115 11 0.0
0.064478 0.134173 0.300793 4 0.0
0.098137 0.931058 0.335607 14 0.0
0.881591 0.072384 0.057274 10 0.999962
0.545461 0.022612 0.97367 8 0.0
0.60056 0.918967 0.911217 20 0.0
0.876633 0.975219 0.961491 22 0.0
0.858734 0.974621 0.960604 22 0.0
0.876037 0.97531 0.973467 22 0.0
0.894533 0.975817 0.962379 22 0.0
0.87723 0.975127 0.949516 22 0.0
0.764028 0.971421 0.985163 22 0.0
0.047567 0.192437 0.541029 15 0.0
0.242814 0.916401 0.997992 12 0.0
0.855252 0.492029 0.995911 12 0.0
0.934258 0.3419 0.986106 12 1e-06
0.937004 0.513579 0.999561 12 0.0
0.111707 0.943802 0.840076 24 0.0
0.126027 0.94367 0.838382 24 0.0
0.116469 0.935979 0.880925 24 0.0
0.097387 0.943933 0.841771 24 0.0
0.106945 0.951624 0.799227 24 0.0
0.892417 0.217427 0.89652 11 0.0
0.912245 0.274146 0.889156 11 0.0
0.901744 0.217018 0.918481 11 0.0
0.872589 0.160709 0.903883 11 0.0
0.88309 0.217837 0.874558 11 0.0
0.89704 0.247816 0.344362 11 0.0
0.90727 0.309063 0.3367 11 0.0
0.917022 0.257887 0.451534 11 0.0
0.886811 0.186568 0.352025 11 0.0
0.877059 0.237744 0.237191 11 0.0
0.97429 0.469447 0.945351 11 0.0
0.171192 0.125979 0.582438 8 0.0
0.139382 0.127151 0.576075 8 0.0
0.152673 0.119933 0.673913 8 0.0
0.203002 0.124807 0.588801 8 0.0
0.189712 0.132026 0.490963 8 0.0
0.046311 0.726032 0.433609 15 0.0
0.047051 0.781103 0.429478 15 0.0
0.038081 0.735048 0.552315 15 0.0
0.045571 0.670961 0.437741 15 0.0
0.054541 0.717016 0.314904 15 0.0
0.051171 0.92214 0.726638 14 0.0
0.863062 0.895254 0.541087 17 0.0
0.172324 0.035462 0.758645 6 0.0
0.204474 0.033621 0.760421 6 0.0
0.16789 0.031763 0.835057 6 0.0
0.140174 0.037302 0.756869 6 0.0
0.176757 0.03916 0.682233 6 0.0
0.9031 0.724271 0.002696 1 0.005057
0.972745 0.12457 0.80262 11 0.0
0.963702 0.199085 0.495313 11 0.0
0.494183 0.191856 -0.001117 1 0.0
0.493517 0.229098 -0.001607 1 0.0
0.373592 0.189705 -0.000859 1 0.0
0.494848 0.154614 -0.000627 1 0.0
0.614774 0.194008 -0.001375 1 0.0
0.090394 0.043353 0.690964 6 0.999984
0.49363 0.068307 0.031112 9 0.0
0.884253 0.326041 0.895549 11 0.0
0.891928 0.404689 0.89029 11 0.0
0.907989 0.325558 0.922977 11 0.0
0.876577 0.247393 0.900807 11 0.0
0.860516 0.326524 0.86812 11 0.0
0.930594 0.884864 0.152249 11 0.999999
0.02188 0.329695 0.979992 4 0.0
0.975792 0.680818 0.922477 11 0.0
0.470168 0.965791 0.788564 21 0.0
0.585653 0.967372 0.816584 21 0.0
0.455999 0.968342 0.846822 21 0.0
0.354683 0.964209 0.760545 21 0.0
0.484338 0.963239 0.730307 21 0.0
0.682 0.816258 0.996634 12 0.0
0.590656 0.816356 0.998237 12 0.0
0.682038 0.863531 0.995925 12 0.0
0.773343 0.816159 0.995031 12 0.0
0.681961 0.768984 0.997343 12 0.0
0.060346 0.874806 0.274525 15 2.6e-05
0.075878 0.070636 0.514569 3 0.0
0.088523 0.946724 0.574903 14 0.0
0.477116 0.127471 0.00116 2 0.0
0.892577 0.081875 0.063903 10 0.0
0.898391 0.087374 0.063014 10 0.0
0.896608 0.081125 0.085633 10 0.0
0.886762 0.076375 0.064792 10 0.0
0.888545 0.082624 0.042172 10 0.0
0.499748 0.067793 0.047553 6 0.0
0.036451 0.073337 0.876191 15 0.0
0.494644 0.067976 0.026718 9 0.0
0.962576 0.85045 0.719079 11 0.0
0.960249 0.875331 0.717015 11 0.0
0.96266 0.856148 0.78767 11 0.0
0.964902 0.82557 0.721143 11 0.0
0.962491 0.844752 0.650487 11 0.0
0.607794 0.974339 0.923424 24 0.0
0.804563 0.62954 -0.000458 1 0.0
0.843835 0.627924 4.7e-05 1 0.0
0.800729 0.53619 -0.00093 1 0.0
0.765291 0.631155 -0.000964 1 0.0
0.808396 0.72289 1.4e-05 1 0.0
0.090493 0.944825 0.817853 24 0.0
0.105597 0.947753 0.820619 24 0.0
0.08402 0.941192 0.857039 24 0.0
0.075388 0.941897 0.815087 24 0.0
0.096965 0.948458 0.778667 24 0.0
0.029182 0.618364 0.98194 15 2.5e-05
0.033339 0.234104 0.98809 15 0.999892
0.065284 0.106395 0.677612 3 0.0
0.532718 0.82838 0.996328 12 0.0
0.530827 0.874626 0.995918 12 0.0
0.419016 0.823724 0.995774 12 0.0
0.53461 0.782135 0.996739 12 0.0
0.646421 0.833036 0.996883 12 0.0
0.945969 0.114349 0.408688 11 0.0
0.907964 0.252254 0.257453 11 0.0
0.913385 0.311383 0.253912 11 0.0
0.926585 0.255325 0.33721 11 0.0
0.902544 0.193125 0.260995 11 0.0
0.889344 0.249184 0.177697 11 0.0
0.084024 0.103699 0.059192 3 0.0
0.077645 0.109835 0.060444 3 0.0
0.083986 0.099013 0.081978 3 0.0
0.090402 0.097563 0.057941 3 0.0
0.084062 0.108386 0.036407 3 0.0
0.073767 0.123589 0.026999 3 0.008039
0.072173 0.130148 0.027536 3 0.008039
0.074089 0.122739 0.038337 3 0.008039
0.075362 0.11703 0.026463 3 0.008039
0.073445 0.124439 0.015662 3 0.008039
0.026004 0.182616 0.961645 15 0.0
0.020825 0.928467 0.980045 14 0.999979
0.080203 0.845014 0.005428 2 0.997808
0.16026 0.111844 0.23371 5 2.4e-05
0.132935 0.112302 0.243675 5 2.4e-05
0.172997 0.124106 0.268071 5 2.4e-05
0.187586 0.111386 0.223744 5 2.4e-05
0.147524 0.099583 0.199349 5 2.4e-05
0.577584 0.068375 0.036917 9 1e-06
0.92201 0.075488 0.450495 10 0.0
0.186947 0.974141 0.95962 22 0.0
0.932947 0.96939 0.962797 18 0.034466
0.927461 0.972863 0.963342 18 0.034466
0.933718 0.968687 0.975033 18 0.034466
0.938433 0.965917 0.962252 18 0.034466
0.932176 0.970092 0.950561 18 0.034466
0.933125 0.192465 0.039529 11 0.0
0.93449 0.217654 0.040153 11 0.0
0.934808 0.192062 0.0521 11 0.0
0.931759 0.167277 0.038905 11 0.0
0.931442 0.192868 0.026958 11 0.0
0.876991 0.971195 0.834152 24 0.0
0.894575 0.969803 0.832883 24 0.0
0.880824 0.972525 0.885803 24 0.0
0.859408 0.972587 0.835421 24 0.0
0.873158 0.969864 0.782501 24 0.0
0.078139 0.914091 0.323566 14 0.0
0.954055 0.056598 0.899403 10 0.009336
0.924851 0.075963 0.406313 10 0.0
0.060804 0.206472 0.876905 15 0.0
0.053791 0.26079 0.881224 15 0.0
0.060529 0.203411 0.91496 15 0.0
0.067817 0.152154 0.872586 15 0.0
0.06108 0.209533 0.838851 15 0.0
0.079741 0.793914 0.079889 15 0.603198
0.082046 0.807487 0.093168 15 0.603198
0.082705 0.767207 0.106673 15 0.603198
0.077435 0.780341 0.06661 15 0.603198
0.076777 0.820622 0.053105 15 0.603198
0.935135 0.062639 0.656397 10 0.0
0.947917 0.055355 0.839839 10 1e-06
0.066012 0.629048 0.073708 15 0.0
0.625582 0.203416 -0.00262 1 0.0
0.532079 0.203791 -0.003501 1 0.0
0.625764 0.246181 -0.003784 1 0.0
0.719086 0.203042 -0.001739 1 0.0
0.6254 0.160652 -0.001456 1 0.0
0.973086 0.820647 0.754022 11 0.0
0.971152 0.809179 0.680445 11 0.0
0.970579 0.85196 0.749207 11 0.0
0.97502 0.832114 0.827598 11 0.0
0.975593 0.789333 0.758836 11 0.0
0.884222 0.901358 0.048235 18 0.990259
0.878671 0.904499 0.057994 18 0.990259
0.900751 0.89107 0.060947 18 0.990259
0.889773 0.898217 0.038475 18 0.990259
0.867692 0.911645 0.035523 18 0.990259
0.071242 0.26449 0.032365 15 0.000281
0.069292 0.968203 0.963493 14 4e-06
0.144743 0.064275 0.164768 6 0.0
0.044273 0.083684 0.93805 3 0.0
0.039658 0.093107 0.939539 3 0.0
0.037551 0.077282 0.957729 3 0.0
0.048888 0.074261 0.936561 3 0.0
0.050995 0.090086 0.91837 3 0.0
0.072875 0.174106 0.170563 15 0.0
0.069872 0.198039 0.179979 15 0.0
0.073584 0.153634 0.222822 15 0.0
0.075878 0.150173 0.161147 15 0.0
0.072166 0.194577 0.118303 15 0.0
0.081347 0.879719 0.082574 14 0.96316
0.084172 0.883967 0.096206 14 0.96316
0.075156 0.866018 0.088127 14 0.96316
0.078522 0.87547 0.068942 14 0.96316
0.087538 0.893419 0.077021 14 0.96316
0.062293 0.835884 0.136914 15 0.000105
0.063373 0.853992 0.136284 15 0.000105
0.058162 0.837679 0.181438 15 0.000105
0.061213 0.817777 0.137544 15 0.000105
0.066425 0.834089 0.09239 15 0.000105
0.100537 0.09658 0.03874 3 0.00029
0.091164 0.103043 0.044753 3 0.00029
0.105574 0.093231 0.050193 3 0.00029
0.109909 0.090117 0.032728 3 0.00029
0.095499 0.099929 0.027288 3 0.00029
0.957156 0.06723 0.964713 10 0.999797
0.964149 0.066656 0.975678 10 0.999797
0.952637 0.06468 0.967462 10 0.999797
0.950162 0.067804 0.953748 10 0.999797
0.961675 0.069779 0.961964 10 0.999797
0.913028 0.042438 0.844956 10 0.995972
0.93834 0.04298 0.985224 10 8e-06
0.943288 0.050682 0.983679 10 8e-06
0.941945 0.041662 0.9902 10 8e-06
0.933391 0.035279 0.986769 10 8e-06
0.934734 0.044299 0.980248 10 8e-06
0.078968 0.333779 0.023377 15 0.838174
0.68504 0.02363 0.982074 8 1.1e-05
0.047234 0.051317 0.959641 3 0.0
0.044817 0.055617 0.947115 3 0.0
0.038391 0.057763 0.963561 3 0.0
0.049652 0.047016 0.972166 3 0.0
0.056078 0.044871 0.955721 3 0.0
0.970417 0.082739 0.845103 10 3e-06
0.037178 0.812496 0.844409 15 0.0
0.038571 0.799608 0.798006 15 0.0
0.042159 0.854138 0.832992 15 0.0
0.035786 0.825384 0.890812 15 0.0
0.032198 0.770854 0.855825 15 0.0
0.900281 0.105864 0.811237 7 1.6e-05
0.919206 0.116721 0.81267 7 1.6e-05
0.903946 0.092399 0.864847 7 1.6e-05
0.881357 0.095008 0.809804 7 1.6e-05
0.896617 0.11933 0.757627 7 1.6e-05
0.02906 0.285245 0.854425 15 0.0
0.027035 0.293649 0.89848 15 0.0
0.029345 0.216659 0.86752 15 0.0
0.031085 0.276842 0.810369 15 0.0
0.028775 0.353832 0.84133 15 0.0
0.936233 0.86689 0.281572 19 0.0
0.910483 0.100491 0.062103 10 0.012525
0.919926 0.111065 0.063015 10 0.012525
0.912127 0.097206 0.083148 10 0.012525
0.90104 0.089917 0.06119 10 0.012525
0.908838 0.103775 0.041057 10 0.012525
0.071198 0.897494 0.349126 14 0.0
0.228283 0.083768 0.843689 8 0.0
0.167818 0.093292 0.850105 8 0.0
0.232683 0.081174 0.888997 8 0.0
0.288748 0.074243 0.837272 8 0.0
0.223884 0.086361 0.79838 8 0.0
0.028626 0.196426 0.861086 15 0.0
0.028585 0.236413 0.866457 15 0.0
0.026729 0.190391 0.906001 15 0.0
0.028667 0.156438 0.855716 15 0.0
0.030522 0.202461 0.816172 15 0.0
0.068443 0.913661 0.4108 14 0.999616
0.028544 0.089434 0.924223 15 0.0
0.027768 0.098918 0.923949 15 0.0
0.029104 0.090228 0.950113 15 0.0
0.02932 0.07995 0.924497 15 0.0
0.027984 0.088641 0.898333 15 0.0
0.930732 0.826416 0.003493 1 1.0
0.936574 0.972519 0.995106 18 0.98846
0.932896 0.976249 0.994447 18 0.98846
0.937616 0.97396 0.997449 18 0.98846
0.940252 0.968789 0.995765 18 0.98846
0.935532 0.971078 0.992762 18 0.98846
0.911661 0.905367 0.141768 18 0.997887
0.905517 0.910863 0.149901 18 0.997887
0.918184 0.90225 0.148801 18 0.997887
0.917804 0.899871 0.133634 18 0.997887
0.905137 0.908484 0.134734 18 0.997887
0.03418 0.89064 0.984899 15 0.266106
0.045684 0.947906 0.943212 14 0.0
0.054591 0.957308 0.943819 14 0.0
0.04556 0.946858 0.961274 14 0.0
0.036776 0.938504 0.942605 14 0.0
0.045808 0.948954 0.925151 14 0.0
0.89437 0.110498 0.002493 2 0.002256
0.905804 0.122812 0.002928 2 0.002256
0.889582 0.114919 0.003203 2 0.002256
0.882936 0.098184 0.002057 2 0.002256
0.899158 0.106077 0.001782 2 0.002256
0.032251 0.928214 0.871799 14 0.015419
0.954407 0.863206 0.492575 11 0.0
0.084 0.909841 0.231187 14 0.0
0.954571 0.884961 0.63643 11 0.0
0.976329 0.231019 0.992502 11 0.000544
0.129511 0.222186 0.066258 2 3e-06
0.079215 0.508643 0.034613 16 1e-06
0.92669 0.648807 0.022977 19 4e-06
0.908181 0.071106 0.297963 10 0.0
0.897132 0.095723 0.992305 12 0.0
0.887715 0.116192 0.989411 12 0.0
0.921225 0.106781 0.99212 12 0.0
0.906548 0.075255 0.9952 12 0.0
0.873039 0.084666 0.992491 12 0.0
0.687422 0.024345 0.970749 8 0.0
0.060047 0.045476 0.881353 3 2e-06
0.035859 0.831953 0.702798 15 0.0
0.037369 0.85946 0.703033 15 0.0
0.033617 0.831545 0.764793 15 0.0
0.03435 0.804447 0.702562 15 0.0
0.038101 0.832362 0.640802 15 0.0
0.376182 0.05073 0.889556 8 0.0
0.317294 0.895737 0.004582 1 0.0
0.047046 0.137187 0.534374 15 0.0
0.977986 0.23215 0.911473 11 0.0
0.979374 0.283124 0.911873 11 0.0
0.97756 0.231941 0.939652 11 0.0
0.976598 0.181175 0.911074 11 0.0
0.978412 0.232359 0.883294 11 0.0
0.900305 0.967617 0.785126 20 0.0
0.695672 0.15315 -0.001498 1 0.0
0.626164 0.159295 -0.001948 1 0.0
0.697962 0.17897 -0.002553 1 0.0
0.76518 0.147005 -0.001048 1 0.0
0.693383 0.127331 -0.000443 1 0.0
0.375601 0.107734 0.002233 2 2.9e-05
0.077888 0.082631 0.324933 3 0.0
0.941309 0.808003 0.230271 19 0.0
0.938956 0.835634 0.232682 19 0.0
0.94554 0.802234 0.300498 19 0.0
0.943661 0.780372 0.227859 19 0.0
0.937077 0.813771 0.160043 19 0.0
0.976338 0.814216 0.812233 11 0.0
0.974377 0.843828 0.801384 11 0.0
0.976117 0.834984 0.868958 11 0.0
0.978299 0.784604 0.823082 11 0.0
0.976558 0.793449 0.755508 11 0.0
0.499744 0.063334 0.082595 6 0.0
0.524419 0.132128 -0.001628 1 0.0
0.911216 0.794464 0.994539 12 0.0
0.91115 0.85244 0.993994 12 0.0
0.933318 0.794498 0.995464 12 0.0
0.911282 0.736487 0.995085 12 0.0
0.889114 0.79443 0.993615 12 0.0
0.931727 0.04959 0.759076 10 0.0
0.904401 0.622771 0.002796 1 0.00236
0.664998 0.023849 0.988579 8 0.0
0.195272 0.306181 0.996546 12 0.0
0.250869 0.303919 0.997269 12 0.0
0.198819 0.393904 0.99825 12 0.0
0.139675 0.308443 0.995823 12 0.0
0.191725 0.218458 0.994842 12 0.0
0.449333 0.025115 0.979843 8 0.0
0.95006 0.19788 0.274208 11 0.0
0.941385 0.187865 0.189759 11 0.0
0.953525 0.226676 0.270437 11 0.0
0.958735 0.207894 0.358656 11 0.0
0.946595 0.169084 0.277978 11 0.0
0.12209 0.352356 0.00906 2 0.999098
0.072782 0.845782 0.580995 15 0.0
0.96322 0.160165 0.649001 11 0.0
0.4914 0.023875 0.976147 8 0.0
0.2885 0.972295 0.987805 22 0.0
0.543383 0.973232 0.981096 22 0.0
0.908996 0.9632 0.784198 20 0.0
0.951527 0.885672 0.519472 11 0.0
0.638486 0.97638 0.967149 22 0.0
0.243274 0.024901 0.989497 6 0.996026
0.041594 0.161381 0.995305 12 7.7e-05
0.950872 0.26728 0.232129 11 0.0
0.953413 0.316783 0.220054 11 0.0
0.958056 0.284379 0.303744 11 0.0
0.948331 0.217776 0.244203 11 0.0
0.943688 0.25018 0.160513 11 0.0
0.064336 0.968552 0.993946 14 9e-06
0.066872 0.972663 0.995263 14 9e-06
0.062049 0.969263 0.996131 14 9e-06
0.0618 0.96444 0.99263 14 9e-06
0.066624 0.96784 0.991762 14 9e-06
0.076597 0.904069 0.267058 14 0.0
0.060652 0.180278 0.282889 4 0.0
0.974858 0.232813 0.958758 11 0.0
0.911779 0.952523 0.994886 13 0.0
0.913783 0.960358 0.995979 13 0.0
0.895315 0.956644 0.995529 13 0.0
0.909775 0.944689 0.993792 13 0.0
0.928243 0.948402 0.994242 13 0.0
0.098026 0.934199 0.395065 14 0.0
0.028419 0.06901 0.984447 3 0.999434
0.025452 0.068317 0.990191 3 0.999434
0.026745 0.066085 0.98323 3 0.999434
0.031386 0.069703 0.978704 3 0.999434
0.030093 0.071935 0.985665 3 0.999434
0.025308 0.880159 0.842877 15 0.0
0.07192 0.115782 0.186838 3 0.0
0.044973 0.258355 0.996845 12 0.0
0.730405 0.169259 0.99409 12 0.0
0.739169 0.214253 0.995497 12 0.0
0.807666 0.15422 0.993754 12 0.0
0.72164 0.124266 0.992683 12 0.0
0.653144 0.184299 0.994426 12 0.0
0.949615 0.243445 0.267704 11 0.0
0.9391 0.220264 0.186907 11 0.0
0.952399 0.28088 0.256601 11 0.0
0.960129 0.266626 0.3485 11 0.0
0.94683 0.206011 0.278806 11 0.0
0.976182 0.682751 0.975855 11 0.0
0.112356 0.619278 0.003198 1 0.0
0.032668 0.254627 0.789099 15 0.0
0.035356 0.258569 0.72267 15 0.0
0.031339 0.313175 0.79252 15 0.0
0.029979 0.250685 0.855527 15 0.0
0.033996 0.196079 0.785678 15 0.0
0.953746 0.535658 0.946585 19 0.0
0.021931 0.483285 0.95765 15 0.0
0.053296 0.878065 0.384361 15 0.0
0.0328 0.36175 0.99363 12 0.020826
0.899886 0.965269 0.747868 20 0.0
0.470331 0.96842 0.980389 22 0.0
0.246225 0.100708 0.992245 12 0.0
0.247661 0.125523 0.990675 12 0.0
0.173545 0.104844 0.99114 12 0.0
0.244789 0.075894 0.993814 12 0.0
0.318905 0.096573 0.99335 12 0.0
0.181271 0.036341 0.742237 6 0.0
0.21607 0.034544 0.743372 6 0.0
0.178421 0.032668 0.823778 6 0.0
0.146473 0.038137 0.741101 6 0.0
0.184122 0.040013 0.660695 6 0.0
0.927218 0.683194 0.995006 12 0.0
0.976451 0.882057 0.94682 19 0.0
0.976865 0.897172 0.961121 19 0.0
0.977244 0.87288 0.956497 19 0.0
0.976037 0.866942 0.932519 19 0.0
0.975659 0.891234 0.937144 19 0.0
0.079641 0.956047 0.711919 14 0.0
0.969525 0.131613 0.832483 11 0.0
0.97136 0.151272 0.832178 11 0.0
0.972858 0.132093 0.883475 11 0.0
0.96769 0.111954 0.832788 11 0.0
0.966192 0.131133 0.78149 11 0.0
0.615072 0.024174 0.940335 8 0.0
0.942557 0.877748 0.352858 11 0.0
0.813744 0.805907 0.996775 12 0.0
0.847637 0.835172 0.996789 12 0.0
0.775101 0.850661 0.996179 12 0.0
0.779851 0.776642 0.99676 12 0.0
0.852387 0.761152 0.99737 12 0.0
0.027158 0.324387 0.962127 15 0.0
0.795754 0.975057 0.976321 22 0.0
0.403827 0.974705 0.932478 24 0.0
0.506971 0.166905 0.051508 2 0.0
0.504231 0.19117 0.054726 2 0.0
0.574993 0.175202 0.046848 2 0.0
0.50971 0.142641 0.04829 2 0.0
0.438948 0.158608 0.056168 2 0.0
0.055427 0.910789 0.812539 15 0.001091
0.686043 0.97495 0.963582 22 0.0
0.557508 0.84563 0.997107 12 0.0
0.528375 0.115043 0.913246 8 0.0
0.044316 0.477845 0.996667 12 0.0
0.045196 0.340707 0.997003 12 0.0
0.945971 0.08399 0.567151 10 0.0
0.656339 0.139369 0.002284 1 0.0
0.419057 0.956838 0.813675 20 0.0
0.414891 0.958433 0.870327 20 0.0
0.339918 0.957157 0.807846 20 0.0
0.423224 0.955244 0.757023 20 0.0
0.498196 0.95652 0.819504 20 0.0
0.970377 0.758903 0.696881 11 0.0
0.96567 0.806015 0.683632 11 0.0
0.972301 0.784891 0.788607 11 0.0
0.975084 0.711791 0.71013 11 0.0
0.968453 0.732915 0.605154 11 0.0
0.052614 0.915979 0.90136 14 1e-06
0.709115 0.97046 0.992014 23 0.001105
0.15819 0.044708 0.5849 6 0.0
0.043128 0.13994 0.996956 12 1e-06
0.896607 0.694755 0.903649 19 0.0
0.880935 0.772769 0.905311 19 0.0
0.902515 0.695378 0.930103 19 0.0
0.912278 0.616741 0.901988 19 0.0
0.890698 0.694131 0.877195 19 0.0
0.044649 0.849492 0.507601 15 0.0
0.026226 0.071302 0.979214 3 0.976619
0.02389 0.070638 0.987272 3 0.976619
0.023837 0.069117 0.978341 3 0.976619
0.028562 0.071966 0.971155 3 0.976619
0.028615 0.073487 0.980086 3 0.976619
0.949676 0.879824 0.49313 11 0.0
0.454418 0.024553 0.958861 8 0.0
0.124995 0.059204 0.955139 5 1e-06
0.112027 0.062548 0.956395 5 1e-06
0.123981 0.054276 0.957789 5 1e-06
0.137963 0.05586 0.953883 5 1e-06
0.126009 0.064132 0.952489 5 1e-06
0.096673 0.323865 0.997298 12 0.0
0.404105 0.773423 0.025923 1 0.0
0.413178 0.815663 0.027148 1 0.0
0.308515 0.793955 0.025947 1 0.0
0.395032 0.731184 0.024698 1 0.0
0.499695 0.752891 0.025899 1 0.0
0.065392 0.370324 0.991953 12 0.0
0.975223 0.525659 0.948098 11 0.0
0.894438 0.955383 0.57535 24 0.0
0.02857 0.21348 0.872279 15 0.0
0.027237 0.260531 0.879251 15 0.0
0.026895 0.207437 0.912746 15 0.0
0.029903 0.166429 0.865308 15 0.0
0.030246 0.219524 0.831812 15 0.0
0.097687 0.67583 0.012471 1 2.3e-05
0.977016 0.324293 0.897072 11 0.0
0.978211 0.4028 0.894412 11 0.0
0.976355 0.325374 0.928677 11 0.0
0.97582 0.245786 0.899732 11 0.0
0.977676 0.323212 0.865467 11 0.0
0.874592 0.462328 0.18299 11 0.0
0.881319 0.567615 0.181805 11 0.0
0.887511 0.462121 0.237899 11 0.0
0.867865 0.357042 0.184175 11 0.0
0.861673 0.462536 0.12808 11 0.0
0.330431 0.890069 0.00512 1 0.0
0.92159 0.048489 0.87878 10 0.696556
0.023414 0.279158 0.947191 15 0.0
0.044144 0.05879 0.891219 3 0.0
0.037165 0.064413 0.890676 3 0.0
0.042904 0.059925 0.918892 3 0.0
0.051123 0.053167 0.891762 3 0.0
0.045383 0.057655 0.863546 3 0.0
0.798913 0.975315 0.956708 22 0.0
0.799649 0.975455 0.97053 22 0.0
0.75481 0.976168 0.959048 22 0.0
0.798177 0.975175 0.942886 22 0.0
0.843017 0.974462 0.954368 22 0.0
0.956208 0.163654 0.433182 11 0.0
0.093245 0.960805 0.84551 14 0.0
0.938879 0.61118 0.09412 11 0.0
0.937529 0.698013 0.091371 11 0.0
0.942384 0.612185 0.124135 11 0.0
0.94023 0.524348 0.096869 11 0.0
0.935375 0.610176 0.064105 11 0.0
0.063836 0.675054 0.230611 15 0.0
0.065072 0.74478 0.243029 15 0.0
0.059267 0.662347 0.30241 15 0.0
0.0626 0.605329 0.218192 15 0.0
0.068405 0.687761 0.158811 15 0.0
0.763073 0.0242 0.960125 8 0.0
0.871919 0.083925 0.085553 10 0.936864
0.886435 0.076306 0.033841 10 0.999989
0.956457 0.071485 0.772079 10 0.0
0.929437 0.071188 0.828896 10 3e-06
0.939483 0.080979 0.826697 10 3e-06
0.932927 0.07673 0.86952 10 3e-06
0.919391 0.061397 0.831094 10 3e-06
0.925947 0.065646 0.788271 10 3e-06
0.880295 0.057477 0.294963 6 0.002186
0.974508 0.26907 0.73898 11 0.0
0.974074 0.256236 0.818989 11 0.0
0.970906 0.208842 0.729299 11 0.0
0.974942 0.281903 0.65897 11 0.0
0.97811 0.329297 0.74866 11 0.0
0.603052 0.025841 0.875418 8 0.0
0.704388 0.025142 0.893242 8 0.0
0.596783 0.024523 0.911011 8 0.0
0.501716 0.02654 0.857594 8 0.0
0.609321 0.027159 0.839825 8 0.0
0.10663 0.180074 0.292127 15 0.0
0.117442 0.158776 0.225163 15 0.0
0.1063 0.208763 0.282949 15 0.0
0.095818 0.201372 0.35909 15 0.0
0.10696 0.151385 0.301305 15 0.0
0.329182 0.934035 0.824289 20 0.0
0.416648 0.93963 0.810369 20 0.0
0.337206 0.937394 0.876058 20 0.0
0.241716 0.928439 0.838209 20 0.0
0.321158 0.930676 0.772521 20 0.0
0.027058 0.528981 0.975658 15 0.0
0.935296 0.497142 0.066826 11 0.0
0.960786 0.163689 0.796746 11 0.0
0.962495 0.193659 0.794787 11 0.0
0.965844 0.16735 0.85717 11 0.0
0.959078 0.13372 0.798705 11 0.0
0.955729 0.160028 0.736323 11 0.0
0.795445 0.516071 0.98396 12 0.0
0.793404 0.660127 0.981211 12 0.0
0.854345 0.516876 0.982437 12 0.0
0.797486 0.372014 0.98671 12 0.0
0.736545 0.515265 0.985484 12 0.0
0.909984 0.461134 0.996555 12 0.0
0.16099 0.052248 0.427767 7 0.0
0.960923 0.252103 0.4217 11 0.0
0.95269 0.239368 0.31088 11 0.0
0.965416 0.300605 0.415793 11 0.0
0.969157 0.264838 0.532521 11 0.0
0.95643 0.203602 0.427608 11 0.0
0.88582 0.069603 0.105891 10 0.928553
0.892868 0.185568 0.959385 12 0.0
0.909978 0.188928 0.959978 12 0.0
0.901795 0.138448 0.968832 12 0.0
0.875758 0.182208 0.958793 12 0.0
0.883941 0.232688 0.949938 12 0.0
0.960635 0.164718 0.598738 11 0.0
0.104131 0.959924 0.662438 24 0.0
0.855623 0.025961 0.865846 8 0.0
0.833372 0.025265 0.870404 8 0.0
0.864513 0.024135 0.908961 8 0.0
0.877874 0.026656 0.861288 8 0.0
0.846734 0.027786 0.822731 8 0.0
0.072076 0.073131 0.506828 3 0.534271
0.945417 0.136232 0.346066 11 0.0
0.975941 0.221137 0.782616 11 0.0
0.97924 0.264577 0.793985 11 0.0
0.974882 0.203958 0.848561 11 0.0
0.972642 0.177697 0.771246 11 0.0
0.977 0.238316 0.716671 11 0.0
0.071148 0.885517 0.226064 14 0.0
0.079897 0.948882 0.891907 14 0.000128
0.11409 0.706018 0.612889 15 0.0
0.124327 0.742034 0.720357 15 0.0
0.103844 0.635711 0.637428 15 0.0
0.103853 0.670002 0.505421 15 0.0
0.124336 0.776326 0.588351 15 0.0
0.041584 0.902889 0.864758 15 4e-06
0.977801 0.388395 0.810658 11 0.0
0.979296 0.482761 0.7941 11 0.0
0.977771 0.398124 0.866103 11 0.0
0.976307 0.294028 0.827216 11 0.0
0.977832 0.378665 0.755213 11 0.0
0.421384 0.875851 0.003452 1 0.0
0.519376 0.203017 0.064964 2 0.0
0.509885 0.236947 0.066752 2 0.0
0.448087 0.182328 0.079154 2 0.0
0.528867 0.169088 0.063176 2 0.0
0.590664 0.223706 0.050773 2 0.0
0.115243 0.758341 0.011529 1 0.0
0.102256 0.760618 0.012005 1 0.0
0.109308 0.725429 0.007066 1 0.0
0.12823 0.756063 0.011054 1 0.0
0.121178 0.791253 0.015993 1 0.0
0.114645 0.971061 0.913577 24 0.0
0.130728 0.971291 0.912352 24 0.0
0.116651 0.971019 0.939903 24 0.0
0.098561 0.970831 0.914802 24 0.0
0.112639 0.971102 0.887251 24 0.0
0.029246 0.403232 0.809376 15 0.0
0.029052 0.504459 0.812649 15 0.0
0.026992 0.401291 0.869301 15 0.0
0.02944 0.302006 0.806104 15 0.0
0.0315 0.405174 0.749451 15 0.0
0.137744 0.915996 0.31285 20 0.0
0.032232 0.671599 0.711339 15 0.0
0.028262 0.687866 0.798947 15 0.0
0.031542 0.597837 0.725004 15 0.0
0.036201 0.655333 0.623731 15 0.0
0.032922 0.745362 0.697675 15 0.0
0.066799 0.931777 0.566469 14 0.0
0.975404 0.375448 0.84552 11 0.0
0.977685 0.469013 0.827308 11 0.0
0.974797 0.384036 0.889562 11 0.0
0.973123 0.281883 0.863732 11 0.0
0.976011 0.366861 0.801478 11 0.0
0.332498 0.924271 0.996957 12 0.0
0.029018 0.63711 0.982651 16 2e-06
0.942112 0.087095 0.503533 10 0.000173
0.945467 0.162323 0.311373 11 0.0
0.063981 0.087363 0.447408 3 0.0
0.070288 0.519647 0.784795 15 0.0
0.072153 0.624 0.78406 15 0.0
0.069189 0.520124 0.849692 15 0.0
0.068422 0.415293 0.785531 15 0.0
0.071386 0.51917 0.719898 15 0.0
0.058005 0.444937 0.996371 12 0.0
0.976668 0.36432 0.924137 11 0.0
0.057919 0.085942 0.514152 3 0.0
0.111328 0.925485 0.203193 14 5e-06
0.077755 0.203912 0.596898 15 0.0
0.063675 0.226536 0.710599 15 0.0
0.080245 0.162135 0.605519 15 0.0
0.091834 0.181289 0.483196 15 0.0
0.075264 0.24569 0.588277 15 0.0
0.948556 0.170886 0.253317 11 0.0
0.085144 0.891363 0.132612 14 0.0
0.090588 0.888912 0.08858 14 0.0
0.093662 0.905406 0.132883 14 0.0
0.079701 0.893813 0.176643 14 0.0
0.076627 0.87732 0.13234 14 0.0
0.028354 0.150023 0.975384 15 0.0
0.041788 0.883846 0.621555 15 0.0
0.08603 0.083777 0.234115 3 3e-06
0.062948 0.954388 0.804276 14 0.0
0.90867 0.091427 0.123198 10 0.0
0.917375 0.099984 0.12182 10 0.0
0.91418 0.092165 0.16258 10 0.0
0.899965 0.082871 0.124576 10 0.0
0.903161 0.090689 0.083816 10 0.0
0.925766 0.087136 0.409704 10 0.0
0.196604 0.973532 0.953578 24 0.0
0.53518 0.070987 0.029994 9 0.0
0.937437 0.257226 0.058049 11 0.01626
0.939249 0.30036 0.064553 11 0.01626
0.939676 0.254653 0.074487 11 0.01626
0.935625 0.214092 0.051545 11 0.01626
0.935197 0.259799 0.041612 11 0.01626
0.06639 0.49732 0.089846 15 0.0
0.928916 0.113928 0.125122 10 0.999481
0.051685 0.044609 0.984546 3 0.045514
0.040768 0.052763 0.985565 3 0.045514
0.050953 0.042963 0.989871 3 0.045514
0.062602 0.036456 0.983526 3 0.045514
0.052418 0.046256 0.97922 3 0.045514
0.037831 0.138344 0.754873 15 0.0
0.036807 0.161841 0.755146 15 0.0
0.032764 0.137237 0.831221 15 0.0
0.038856 0.114847 0.7546 15 0.0
0.042898 0.139451 0.678524 15 0.0
0.070458 0.709017 0.022334 15 2.4e-05
0.042755 0.166452 0.645228 4 0.0
0.861413 0.103633 0.338991 6 0.0
0.883855 0.114163 0.324657 6 0.0
0.877601 0.108056 0.367582 6 0.0
0.838972 0.093104 0.353326 6 0.0
0.845226 0.09921 0.310401 6 0.0
0.956215 0.068463 0.892612 10 0.0
0.499716 0.066202 0.081504 9 0.0
0.064283 0.714965 0.092711 15 0.0
0.065375 0.769687 0.090501 15 0.0
0.061801 0.716257 0.123463 15 0.0
0.063192 0.660243 0.094922 15 0.0
0.066765 0.713673 0.06196 15 0.0
0.59534 0.163383 -0.001803 2 0.0
0.942655 0.893974 0.732898 11 1e-06
0.104475 0.216704 0.093848 15 0.993999
0.098916 0.247832 0.094458 15 0.993999
0.097826 0.215114 0.114376 15 0.993999
0.110034 0.185575 0.093238 15 0.993999
0.111125 0.218293 0.07332 15 0.993999
0.600629 0.912858 0.004817 2 0.984844
0.089906 0.957815 0.731979 14 0.0
0.060955 0.963247 0.934835 14 0.0
0.066946 0.96807 0.934259 14 0.0
0.06251 0.963886 0.956362 14 0.0
0.054963 0.958424 0.935411 14 0.0
0.0594 0.962608 0.913307 14 0.0
0.146725 0.117091 0.04674 2 3e-06
0.129779 0.123099 0.046402 2 3e-06
0.150435 0.128396 0.061746 2 3e-06
0.163671 0.111082 0.047077 2 3e-06
0.143015 0.105785 0.031734 2 3e-06
0.131775 0.932933 0.228786 20 6e-06
0.953558 0.051969 0.932605 10 0.0
0.956603 0.051239 0.954103 10 0.0
0.945097 0.042201 0.933472 10 0.0
0.950513 0.052698 0.911106 10 0.0
0.962019 0.061736 0.931738 10 0.0
0.091556 0.919504 0.221244 14 0.0
0.934169 0.040637 0.839956 10 0.0
0.933499 0.148047 0.667764 11 0.0
0.934831 0.167918 0.661015 11 0.0
0.941941 0.167003 0.725247 11 0.0
0.932167 0.128176 0.674512 11 0.0
0.925057 0.129091 0.61028 11 0.0
0.099207 0.903191 0.00644 14 1.0
0.894679 0.103135 0.346276 10 0.0
0.18702 0.061071 0.354532 6 0.0
0.927515 0.504304 0.018537 19 9.2e-05
0.054319 0.928674 0.694406 14 0.0
0.928923 0.077516 0.959363 10 0.999824
0.932353 0.093311 0.969631 10 0.999824
0.934743 0.075131 0.961088 10 0.999824
0.925493 0.061721 0.949096 10 0.999824
0.923102 0.079901 0.957638 10 0.999824
0.034495 0.141286 0.781988 3 0.0
0.03435 0.155019 0.782591 3 0.0
0.039825 0.139659 0.820285 3 0.0
0.03464 0.127553 0.781384 3 0.0
0.029165 0.142913 0.74369 3 0.0
0.938791 0.265898 0.077956 11 0.0
0.936363 0.271315 0.057109 11 0.0
0.941848 0.311625 0.089481 11 0.0
0.94122 0.260481 0.098803 11 0.0
0.935735 0.220171 0.06643 11 0.0
0.047445 0.931793 0.798084 14 9.6e-05
0.067964 0.961957 0.978939 14 0.0
0.070208 0.964616 0.980371 14 0.0
0.066641 0.960523 0.983674 14 0.0
0.06572 0.959299 0.977506 14 0.0
0.069287 0.963392 0.974203 14 0.0
0.022797 0.096417 0.99007 15 0.879714
0.942364 0.037585 0.994626 10 0.490237
0.952978 0.832805 0.409417 11 0.0
0.190239 0.024444 0.994596 6 0.99829
0.083036 0.89515 0.150833 14 0.0
0.595553 0.023467 0.972799 8 0.0
0.930696 0.189979 0.99495 13 0.999411
0.930063 0.200221 0.994245 13 0.999411
0.9243 0.189835 0.998602 13 0.999411
0.93133 0.179737 0.995655 13 0.999411
0.937092 0.190123 0.991298 13 0.999411
0.862004 0.030357 0.994774 12 3e-06
0.724812 0.974226 0.985347 22 0.0
0.086629 0.066532 0.840853 15 3e-06
0.075336 0.073685 0.844676 15 3e-06
0.095584 0.064621 0.870883 15 3e-06
0.097923 0.059379 0.83703 15 3e-06
0.077675 0.068443 0.810823 15 3e-06
0.446233 0.042553 0.91231 8 0.0
0.047763 0.934941 0.826317 14 0.0
0.1292 0.953931 0.547818 23 0.0
0.023907 0.883084 0.982275 15 0.0
0.068707 0.96048 0.990681 14 4e-06
0.880821 0.971741 0.830816 20 0.0
0.896476 0.970561 0.829842 20 0.0
0.884184 0.974142 0.881977 20 0.0
0.865165 0.972922 0.83179 20 0.0
0.877457 0.96934 0.779655 20 0.0
0.167392 0.137157 0.001067 1 0.0
0.135583 0.141421 0.002457 1 0.0
0.164495 0.115716 0.000564 1 0.0
0.1992 0.132893 -0.000323 1 0.0
0.170288 0.158598 0.00157 1 0.0
0.952047 0.885117 0.527333 11 0.0
0.688623 0.024409 0.975652 8 0.0
0.226865 0.660686 0.999229 12 0.0
0.209884 0.754963 0.998731 12 0.0
0.165851 0.649695 0.998825 12 0.0
0.243845 0.56641 0.999727 12 0.0
0.287879 0.671677 0.999633 12 0.0
0.492404 0.066978 0.033205 9 0.0
0.883988 0.067181 0.100182 10 1.0
0.052607 0.868583 0.360166 15 0.0
0.711793 0.130137 0.054645 6 0.0
0.67846 0.121407 0.049786 6 0.0
0.707972 0.141694 0.060096 6 0.0
0.745127 0.138868 0.059504 6 0.0
0.715614 0.118581 0.049195 6 0.0
0.158711 0.347993 0.002925 1 0.0
0.16849 0.425479 0.003686 1 0.0
0.185389 0.34463 0.002594 1 0.0
0.148932 0.270507 0.002165 1 0.0
0.132033 0.351357 0.003257 1 0.0
0.069699 0.879998 0.172303 15 0.999501
0.191854 0.802358 0.998413 12 0.0
0.146104 0.829185 0.997371 12 0.0
0.219092 0.84879 0.997906 12 0.0
0.237604 0.775532 0.999456 12 0.0
0.164616 0.755927 0.99892 12 0.0
0.91373 0.631091 0.995597 12 0.0
0.656965 0.026803 0.960837 8 0.0
0.218192 0.306184 1.001218 12 0.0
0.276906 0.295255 1.001426 12 0.0
0.234437 0.393478 1.00239 12 0.0
0.159479 0.317112 1.001011 12 0.0
0.201948 0.218889 1.000047 12 0.0
0.898101 0.86107 0.153696 19 0.997996
0.893716 0.877555 0.140448 19 0.997996
0.90424 0.871957 0.16521 19 0.997996
0.902485 0.844586 0.166943 19 0.997996
0.891961 0.850184 0.142181 19 0.997996
0.64502 0.902428 0.025163 1 0.0
0.528186 0.044521 0.914515 8 0.0
0.501635 0.861404 0.000871 1 0.0
0.903735 0.895819 0.994571 12 0.0
0.927645 0.899383 0.995616 12 0.0
0.899901 0.921384 0.995075 12 0.0
0.879825 0.892254 0.993525 12 0.0
0.907569 0.870253 0.994066 12 0.0
0.805424 0.953146 0.940402 20 0.0
0.802375 0.953119 0.955186 20 0.0
0.760062 0.950952 0.931044 20 0.0
0.808472 0.953173 0.925619 20 0.0
0.850785 0.95534 0.949761 20 0.0
0.138248 0.047199 0.543887 6 0.0
0.027944 0.434684 0.979073 4 0.0
0.931883 0.53198 0.052213 19 0.0
0.495589 0.066794 0.046058 9 0.0
0.787347 0.975061 0.990457 22 0.0
0.700903 0.970458 0.983132 22 0.0
0.310781 0.150339 0.000287 1 0.0
0.30857 0.17571 -0.00084 1 0.0
0.236797 0.143979 0.002215 1 0.0
0.312991 0.124968 0.001413 1 0.0
0.384765 0.156699 -0.001641 1 0.0
0.60343 0.972539 0.982815 22 0.0
0.41525 0.024039 0.984647 6 0.0
0.13969 0.203673 0.995301 12 0.0
0.178951 0.197368 0.996657 12 0.0
0.148762 0.260581 0.997258 12 0.0
0.100429 0.209979 0.993946 12 0.0
0.130618 0.146766 0.993344 12 0.0
0.097685 0.306951 0.009782 2 0.0
0.93967 0.160634 0.168791 11 0.0
0.942306 0.178711 0.170055 11 0.0
0.943871 0.156371 0.220992 11 0.0
0.937035 0.142558 0.167527 11 0.0
0.93547 0.164897 0.11659 11 0.0
0.935508 0.088329 0.395515 10 0.000779
0.045866 0.053121 0.962648 3 0.0
0.04004 0.063386 0.956535 3 0.0
0.041147 0.055923 0.97185 3 0.0
0.051692 0.042856 0.96876 3 0.0
0.050585 0.05032 0.953446 3 0.0
0.894096 0.923554 0.195011 18 0.000318
0.107264 0.123206 0.991003 12 0.0
0.079447 0.130112 0.991843 12 0.0
0.099461 0.091502 0.993261 12 0.0
0.135081 0.1163 0.990164 12 0.0
0.115067 0.15491 0.988745 12 0.0
0.024683 0.127962 0.986927 15 1.5e-05
0.170993 0.652205 0.99942 12 0.0
0.162044 0.746234 0.99886 12 0.0
0.125861 0.647906 0.998808 12 0.0
0.179941 0.558176 0.999979 12 0.0
0.216125 0.656504 1.000032 12 0.0
0.107969 0.164853 0.13419 3 0.999611
0.108569 0.18935 0.131895 3 0.999611
0.120475 0.16843 0.175626 3 0.999611
0.107369 0.140357 0.136486 3 0.999611
0.095463 0.161277 0.092755 3 0.999611
0.860029 0.08783 0.877351 7 0.0
0.882341 0.084691 0.878685 7 0.0
0.85645 0.076439 0.910399 7 0.0
0.837718 0.090969 0.876017 7 0.0
0.863608 0.099222 0.844303 7 0.0
0.497266 0.877289 0.003909 1 0.0
0.936409 0.814812 0.995812 12 0.0
0.02662 0.481805 0.959416 15 0.0
0.118536 0.465309 0.004346 2 0.0
0.541789 0.937438 0.882308 20 0.0
0.187725 0.612355 0.00225 1 0.0
0.175923 0.708718 0.001518 1 0.0
0.154003 0.608227 0.002634 1 0.0
0.199528 0.515992 0.002982 1 0.0
0.221448 0.616482 0.001866 1 0.0
0.122249 0.05344 0.650679 7 0.0
0.14588 0.04777 0.651198 7 0.0
0.119298 0.047787 0.723272 7 0.0
0.098618 0.05911 0.65016 7 0.0
0.1252 0.059093 0.578086 7 0.0
0.028108 0.627138 0.986506 15 0.0
0.872375 0.960626 0.624826 17 0.0
0.898542 0.534183 0.002836 1 0.0
0.663322 0.973852 0.985357 22 0.0
0.457697 0.972826 0.983805 22 0.0
0.228539 0.108716 0.902103 8 0.0
0.230552 0.121597 0.882704 8 0.0
0.174374 0.125611 0.907702 8 0.0
0.226527 0.095835 0.921502 8 0.0
0.282704 0.09182 0.896503 8 0.0
0.440196 0.182829 0.994154 12 0.0
0.437089 0.232575 0.995283 12 0.0
0.319537 0.175274 0.99498 12 0.0
0.443303 0.133082 0.993024 12 0.0
0.560855 0.190384 0.993328 12 0.0
0.55544 0.025725 0.978024 8 0.0
0.091034 0.685361 0.003187 2 0.997254
0.772823 0.063472 0.085831 6 0.008472
0.808012 0.06551 0.072275 6 0.008472
0.782408 0.061798 0.11046 6 0.008472
0.737634 0.061435 0.099386 6 0.008472
0.763238 0.065146 0.061201 6 0.008472
0.145122 0.056524 0.936567 5 0.0
0.123218 0.049429 0.935598 5 0.0
0.14617 0.05102 0.953168 5 0.0
0.167026 0.063618 0.937536 5 0.0
0.144074 0.062027 0.919966 5 0.0
0.618417 0.800089 0.996799 12 0.0
0.508971 0.797959 0.997806 12 0.0
0.617345 0.854771 0.995934 12 0.0
0.727863 0.802219 0.995791 12 0.0
0.619489 0.745407 0.997663 12 0.0
0.069765 0.85536 0.263165 15 0.0
0.208415 0.094505 0.992727 12 0.0
0.208633 0.11828 0.991684 12 0.0
0.14773 0.095 0.99135 12 0.0
0.208198 0.070731 0.99377 12 0.0
0.269101 0.094011 0.994104 12 0.0
0.276857 0.260692 0.99945 12 0.0
0.304538 0.329028 1.000451 12 0.0
0.201906 0.291056 0.999179 12 0.0
0.249177 0.192356 0.998449 12 0.0
0.351809 0.230328 0.999721 12 0.0
0.321066 0.10302 0.991994 12 0.0
0.170594 0.51817 0.948398 12 0.0
0.127485 0.51525 0.944814 12 0.0
0.177658 0.415676 0.94692 12 0.0
0.213702 0.521089 0.951981 12 0.0
0.163529 0.620664 0.949875 12 0.0
0.938528 0.276435 0.977352 12 0.0
0.177407 0.657585 0.996073 12 0.0
0.13111 0.651798 0.995286 12 0.0
0.188422 0.569343 0.996922 12 0.0
0.223705 0.663372 0.99686 12 0.0
0.166393 0.745827 0.995224 12 0.0
0.944204 0.197354 0.95536 11 0.0
0.062245 0.195184 0.42679 4 0.0
0.425309 0.868381 0.996663 12 0.0
0.049504 0.521274 0.995448 12 0.0
0.109049 0.92914 0.287519 14 0.0
0.74589 0.97089 0.982306 22 0.0
0.276316 0.932537 0.997128 12 0.0
0.050373 0.137013 0.983985 12 0.0
0.059367 0.13722 0.983684 12 0.0
0.049898 0.163375 0.987904 12 0.0
0.041379 0.136806 0.984286 12 0.0
0.050848 0.11065 0.980067 12 0.0
0.093685 0.942691 0.639434 14 0.0
0.624657 0.159512 -0.000778 1 0.0
0.16179 0.040154 0.678577 6 0.0
0.287717 0.920677 0.996444 12 0.0
0.542454 0.870037 0.996201 12 0.0
0.110278 0.161889 0.964434 12 0.0
0.133358 0.16136 0.965122 12 0.0
0.111041 0.202575 0.970129 12 0.0
0.087197 0.162419 0.963747 12 0.0
0.109514 0.121203 0.95874 12 0.0
0.977169 0.557862 0.912669 11 0.0
0.052992 0.909437 0.880621 16 1e-06
0.976367 0.13783 0.882588 11 0.0
0.978028 0.157929 0.888492 11 0.0
0.976466 0.127255 0.918558 11 0.0
0.974705 0.117732 0.876683 11 0.0
0.976267 0.148406 0.846617 11 0.0
0.972699 0.556702 0.955722 11 0.0
0.077097 0.079711 0.293013 3 0.99997
0.06091 0.937533 0.631305 14 0.99971
0.97586 0.126168 0.857836 11 0.0
0.977677 0.143051 0.859259 11 0.0
0.976846 0.122402 0.901277 11 0.0
0.974042 0.109285 0.856414 11 0.0
0.974873 0.129934 0.814395 11 0.0
0.053121 0.273751 0.415333 15 0.0
0.060321 0.272556 0.284741 15 0.0
0.050985 0.334284 0.414661 15 0.0
0.045922 0.274946 0.545925 15 0.0
0.055258 0.213218 0.416005 15 0.0
0.104437 0.941261 0.483644 14 0.0
0.377257 0.180668 0.994384 12 0.0
0.369838 0.227651 0.995723 12 0.0
0.267569 0.163351 0.994259 12 0.0
0.384676 0.133685 0.993044 12 0.0
0.486944 0.197985 0.994508 12 0.0
0.091943 0.946454 0.563555 14 0.0
0.228059 0.4547 0.998414 12 0.0
0.165344 0.461055 0.998384 12 0.0
0.214635 0.322236 0.998423 12 0.0
0.290775 0.448344 0.998443 12 0.0
0.241483 0.587164 0.998405 12 0.0
0.121862 0.484324 0.997313 12 0.0
0.967031 0.514847 0.980098 11 0.0
0.437918 0.842723 0.995966 12 0.0
0.038166 0.198764 0.730425 15 0.0
0.036683 0.234894 0.739591 15 0.0
0.035901 0.178669 0.809275 15 0.0
0.039649 0.162635 0.72126 15 0.0
0.04043 0.21886 0.651576 15 0.0
0.049382 0.132102 0.873387 3 0.0
0.051317 0.151262 0.878337 3 0.0
0.039831 0.123386 0.910858 3 0.0
0.047447 0.112943 0.868437 3 0.0
0.058933 0.140818 0.835916 3 0.0
0.931612 0.883426 0.120619 11 0.999982
0.966 0.737168 0.960832 11 0.0
0.646661 0.041122 0.894993 8 0.0
0.03725 0.882456 0.719514 15 0.0
0.060881 0.855107 0.190938 15 0.0
0.973756 0.578872 0.978591 13 0.975359
0.053415 0.938456 0.747539 14 0.0
0.978866 0.657327 0.88798 11 0.0
0.977747 0.739763 0.892966 11 0.0
0.978165 0.655211 0.922801 11 0.0
0.979986 0.574891 0.882995 11 0.0
0.979567 0.659442 0.853159 11 0.0
0.033339 0.6781 0.974543 15 0.0
0.930153 0.042623 0.771919 10 0.0
0.887545 0.502767 0.002512 1 0.0
0.91838 0.072104 0.52388 10 0.0
0.964505 0.138473 0.633623 11 0.0
0.915769 0.057339 0.488202 10 0.0
0.562434 0.034505 0.840431 8 0.0
0.553946 0.03309 0.885649 8 0.0
0.44682 0.035472 0.818759 8 0.0
0.570922 0.035919 0.795213 8 0.0
0.678049 0.033538 0.862103 8 0.0
0.944673 0.881332 0.357467 11 1e-06
0.77509 0.022952 0.973473 8 0.0
0.047939 0.144672 0.523022 15 0.0
0.136841 0.969951 0.88266 24 0.0
0.159911 0.970553 0.878528 24 0.0
0.143289 0.971118 0.918837 24 0.0
0.11377 0.969348 0.886792 24 0.0
0.130392 0.968783 0.846482 24 0.0
0.190409 0.970188 0.979109 22 0.0
0.631783 0.022123 0.983877 8 0.0
0.917821 0.873116 0.916551 11 5.6e-05
0.923148 0.899368 0.91232 11 5.6e-05
0.914959 0.877355 0.939251 11 5.6e-05
0.912493 0.846864 0.920782 11 5.6e-05
0.920682 0.868876 0.893851 11 5.6e-05
0.914346 0.925013 0.670126 18 0.999735
0.899542 0.935511 0.660056 18 0.999735
0.909464 0.936323 0.689094 18 0.999735
0.92915 0.914515 0.680196 18 0.999735
0.919229 0.913703 0.651158 18 0.999735
0.684844 0.022164 0.98526 8 0.0
0.299565 0.022971 0.984905 5 2e-06
0.952855 0.67703 0.90518 11 0.0
0.820836 0.972717 0.970298 22 0.0
0.299222 0.928156 0.911816 24 0.0
0.976136 0.171986 0.824115 11 0.0
0.978147 0.195438 0.834979 11 0.0
0.975505 0.147602 0.876867 11 0.0
0.974125 0.148533 0.81325 11 0.0
0.976767 0.196369 0.771363 11 0.0
0.554396 0.056826 0.934147 8 0.0
0.058084 0.090313 0.730199 3 0.0
0.968475 0.454501 0.994496 11 0.0
0.027815 0.518282 0.965283 15 0.0
0.107803 0.725563 0.751144 15 0.0
0.109291 0.720151 0.824813 15 0.0
0.095743 0.65075 0.745891 15 0.0
0.106316 0.730975 0.677475 15 0.0
0.119863 0.800377 0.756396 15 0.0
0.065585 0.073183 0.61354 3 0.0
0.169832 0.770862 0.038721 1 0.0
0.139813 0.767931 0.033715 1 0.0
0.172255 0.749753 0.036547 1 0.0
0.199851 0.773792 0.043727 1 0.0
0.167409 0.79197 0.040896 1 0.0
0.185615 0.889195 0.371982 20 0.0
0.17311 0.882796 0.465086 20 0.0
0.223744 0.891454 0.377259 20 0.0
0.19812 0.895593 0.278879 20 0.0
0.147486 0.886935 0.366706 20 0.0
0.820536 0.481025 0.001301 1 0.0
0.074931 0.139086 0.878314 15 0.076307
0.084233 0.154942 0.885654 15 0.076307
0.065187 0.128509 0.91351 15 0.076307
0.065629 0.123231 0.870974 15 0.076307
0.084674 0.149664 0.843118 15 0.076307
0.146907 0.583688 0.447049 15 0.0
0.18297 0.605401 0.296692 15 0.0
0.930342 0.617888 0.046248 19 2.5e-05
0.569792 0.204284 0.997009 12 0.0
0.574727 0.260628 0.996306 12 0.0
0.692104 0.19356 0.996262 12 0.0
0.564856 0.14794 0.997713 12 0.0
0.447479 0.215008 0.997757 12 0.0
0.027313 0.445258 0.841832 15 0.0
0.026689 0.539738 0.843509 15 0.0
0.025517 0.444369 0.891266 15 0.0
0.027937 0.350778 0.840156 15 0.0
0.029109 0.446147 0.792398 15 0.0
0.937343 0.87294 0.554477 11 0.0
0.923713 0.126851 0.239329 11 0.0
0.678453 0.191029 0.021565 1 0.0
0.671889 0.219315 0.021577 1 0.0
0.606542 0.174341 0.020038 1 0.0
0.685018 0.162743 0.021553 1 0.0
0.750364 0.207717 0.023091 1 0.0
0.837151 0.495282 0.000738 1 0.0
0.076677 0.958687 0.816623 14 0.0
0.058919 0.867595 0.526821 15 0.0
0.064288 0.887244 0.524004 15 0.0
0.059688 0.873254 0.567754 15 0.0
0.05355 0.847946 0.529638 15 0.0
0.05815 0.861937 0.485889 15 0.0
0.976065 0.322832 0.933403 11 0.0
0.081587 0.596344 0.329968 15 0.0
0.074041 0.621763 0.424706 15 0.0
0.084227 0.506914 0.354172 15 0.0
0.089133 0.570925 0.235229 15 0.0
0.078947 0.685773 0.305763 15 0.0
0.932439 0.662398 0.034638 19 0.009448
0.662194 0.116049 0.996708 12 0.0
0.663611 0.146149 0.996251 12 0.0
0.760699 0.111412 0.99692 12 0.0
0.660776 0.085948 0.997164 12 0.0
0.563689 0.120685 0.996495 12 0.0
0.094794 0.640133 0.708607 16 0.0
0.100977 0.551549 0.802645 16 0.0
0.408352 0.967041 0.77857 21 0.0
0.508473 0.969058 0.796439 21 0.0
0.397029 0.970352 0.841636 21 0.0
0.30823 0.965023 0.7607 21 0.0
0.419674 0.96373 0.715503 21 0.0
0.926904 0.761333 0.717343 11 0.0
0.913633 0.822667 0.711942 11 0.0
0.922979 0.768228 0.805296 11 0.0
0.940175 0.699998 0.722744 11 0.0
0.93083 0.754437 0.629391 11 0.0
0.041598 0.094587 0.703381 15 0.0
0.97512 0.40495 0.96361 11 0.0
0.126753 0.926208 0.020114 14 0.022739
0.134471 0.928855 0.023604 14 0.022739
0.124329 0.925081 0.02633 14 0.022739
0.119034 0.923561 0.016625 14 0.022739
0.129176 0.927335 0.013898 14 0.022739
0.048304 0.192536 0.524742 4 0.0
0.042572 0.191485 0.594392 4 0.0
0.049181 0.163958 0.524384 4 0.0
0.054035 0.193586 0.455093 4 0.0
0.047426 0.221113 0.525101 4 0.0
0.937553 0.158753 0.137333 11 0.0
0.939671 0.174165 0.139818 11 0.0
0.940207 0.151571 0.179616 11 0.0
0.935435 0.143342 0.134848 11 0.0
0.934899 0.165936 0.095049 11 0.0
0.075984 0.116611 0.170614 3 0.0
0.042439 0.895145 0.948868 15 0.999566
0.044256 0.906712 0.943276 15 0.999566
0.034305 0.903681 0.963883 15 0.999566
0.040621 0.883577 0.95446 15 0.999566
0.050572 0.886608 0.933853 15 0.999566
0.041619 0.820843 0.50477 15 0.0
0.937527 0.134975 0.187086 11 0.0
0.023685 0.733336 0.868843 15 0.0
0.024095 0.780272 0.871536 15 0.0
0.022005 0.731051 0.908913 15 0.0
0.023274 0.6864 0.866149 15 0.0
0.025364 0.735621 0.828772 15 0.0
0.077526 0.917226 0.33328 14 0.0
0.55941 0.022506 0.986438 6 0.0
0.951242 0.048931 0.923036 10 0.0
0.951356 0.048311 0.947787 10 0.0
0.942452 0.04015 0.922856 10 0.0
0.951128 0.049551 0.898285 10 0.0
0.960031 0.057711 0.923215 10 0.0
0.025614 0.231376 0.932284 15 0.0
0.023871 0.284739 0.928408 15 0.0
0.024461 0.232924 0.954111 15 0.0
0.027357 0.178012 0.936161 15 0.0
0.026767 0.229828 0.910457 15 0.0
0.163057 0.961825 0.737487 20 0.0
0.194713 0.962492 0.736705 20 0.0
0.165006 0.965279 0.81927 20 0.0
0.1314 0.961158 0.73827 20 0.0
0.161107 0.95837 0.655704 20 0.0
0.117831 0.814429 0.173043 14 0.693098
0.120622 0.832807 0.17826 14 0.693098
0.126509 0.798782 0.223519 14 0.693098
0.11504 0.796052 0.167826 14 0.693098
0.109153 0.830077 0.122567 14 0.693098
0.057518 0.689092 0.212297 15 0.0
0.057056 0.750125 0.227714 15 0.0
0.053016 0.67255 0.27765 15 0.0
0.05798 0.62806 0.19688 15 0.0
0.062021 0.705635 0.146944 15 0.0
0.115796 0.08649 0.22108 3 3e-06
0.913122 0.101512 0.111347 10 0.832486
0.923819 0.116292 0.117836 10 0.832486
0.912083 0.09846 0.12001 10 0.832486
0.902425 0.086731 0.104857 10 0.832486
0.914162 0.104563 0.102683 10 0.832486
0.07629 0.11383 0.156185 3 0.0
0.873841 0.890461 0.127245 18 0.998654
0.868006 0.895661 0.13776 18 0.998654
0.885583 0.876219 0.140803 18 0.998654
0.879675 0.885262 0.11673 18 0.998654
0.862098 0.904704 0.113688 18 0.998654
0.97657 0.131821 0.994028 11 0.739302
0.032213 0.08837 0.894205 3 1e-06
0.081363 0.133915 0.161562 3 9e-06
0.076753 0.149609 0.166245 3 9e-06
0.080933 0.1185 0.212806 3 9e-06
0.085974 0.118222 0.15688 3 9e-06
0.081794 0.149331 0.110319 3 9e-06
0.912382 0.10338 0.117665 11 0.999997
0.088912 0.920954 0.323169 14 4.4e-05
0.939921 0.034795 0.973447 10 0.000481
0.943217 0.035355 0.983528 10 0.000481
0.935354 0.029334 0.975243 10 0.000481
0.936624 0.034235 0.963365 10 0.000481
0.944487 0.040257 0.97165 10 0.000481
0.946056 0.052377 0.844298 10 0.0
0.861814 0.245578 0.995316 12 0.0
0.900137 0.246035 0.995792 12 0.0
0.862676 0.175223 0.993469 12 0.0
0.823491 0.245121 0.994841 12 0.0
0.860952 0.315933 0.997164 12 0.0
0.975471 0.14594 0.977179 11 0.0
0.581129 0.028738 0.980477 8 0.0
0.074666 0.884958 0.127749 14 0.011342
0.104981 0.098543 0.992962 12 0.0
0.077687 0.105455 0.99234 12 0.0
0.09879 0.074256 0.994697 12 0.0
0.132274 0.09163 0.993583 12 0.0
0.111171 0.12283 0.991227 12 0.0
0.073343 0.975417 0.961357 14 3.8e-05
0.07798 0.90495 0.259561 14 0.0
0.929813 0.490307 0.023855 11 0.001947
0.121482 0.873638 0.076203 14 1.7e-05
0.126639 0.879911 0.074539 14 1.7e-05
0.133418 0.870326 0.100705 14 1.7e-05
0.116325 0.867365 0.077868 14 1.7e-05
0.109546 0.876951 0.051702 14 1.7e-05
0.826521 0.844614 0.206597 17 0.0
0.806163 0.84653 0.218349 17 0.0
0.850832 0.830903 0.250948 17 0.0
0.846879 0.842698 0.194846 17 0.0
0.80221 0.858325 0.162246 17 0.0
0.678052 0.025726 0.933971 8 0.0
0.048624 0.863011 0.858796 15 0.0
0.050551 0.867634 0.8157 15 0.0
0.05285 0.893028 0.862206 15 0.0
0.046697 0.858387 0.901892 15 0.0
0.044398 0.832993 0.855387 15 0.0
0.301411 0.026288 0.909996 6 0.0
0.373501 0.026768 0.90676 6 0.0
0.302702 0.024812 0.938547 6 0.0
0.229321 0.025808 0.913233 6 0.0
0.300119 0.027763 0.881446 6 0.0
0.786322 0.97503 0.951976 23 0.0
0.042025 0.796749 0.51004 15 0.0
0.314918 0.895674 0.002348 1 0.0
0.026643 0.932915 0.976241 14 0.999994
0.209466 0.967126 0.827981 23 0.0
0.166923 0.966951 0.843437 23 0.0
0.22821 0.968797 0.879593 23 0.0
0.252009 0.967302 0.812524 23 0.0
0.190722 0.965456 0.776368 23 0.0
0.700128 0.136826 0.000243 1 0.0
0.046895 0.050456 0.975901 3 0.0
0.049246 0.049896 0.968797 3 0.0
0.03827 0.060918 0.972222 3 0.0
0.044544 0.051016 0.983005 3 0.0
0.05552 0.039995 0.97958 3 0.0
0.045944 0.945777 0.844848 14 0.0
0.963782 0.841628 0.668162 11 0.0
0.626162 0.02515 0.950031 8 0.0
0.920513 0.101826 0.263284 10 1e-06
0.199246 0.09405 0.995478 12 0.0
0.14201 0.092187 0.99555 12 0.0
0.200024 0.070151 0.995221 12 0.0
0.256483 0.095913 0.995406 12 0.0
0.198469 0.117949 0.995735 12 0.0
0.884781 0.073032 0.0903 10 0.99401
0.052552 0.842052 0.312161 15 0.0
0.729994 0.128926 0.024725 9 0.999951
0.662294 0.143635 0.038943 9 0.999951
0.737116 0.152353 0.034401 9 0.999951
0.797694 0.114217 0.010508 9 0.999951
0.722872 0.105499 0.015049 9 0.999951
0.070951 0.037324 0.872139 3 0.999797
0.947728 0.883462 0.430023 11 0.0
0.527566 0.772226 0.002956 1 0.0
0.526504 0.822153 0.005563 1 0.0
0.434726 0.770236 0.003263 1 0.0
0.528627 0.722299 0.000348 1 0.0
0.620405 0.774216 0.002649 1 0.0
0.65601 0.022653 0.981714 8 0.0
0.170881 0.251131 0.997308 12 0.0
0.218826 0.254528 0.998448 12 0.0
0.165723 0.32357 0.998321 12 0.0
0.122936 0.247733 0.996168 12 0.0
0.176039 0.178692 0.996296 12 0.0
0.890768 0.855748 0.107007 19 0.000578
0.924899 0.034827 0.994052 10 0.000138
0.923464 0.04003 0.992005 10 0.000138
0.931276 0.036588 0.994059 10 0.000138
0.926334 0.029624 0.996099 10 0.000138
0.918522 0.033065 0.994045 10 0.000138
0.467987 0.025177 0.970335 8 0.0
0.05642 0.896365 0.52178 15 0.000975
0.134822 0.050267 0.493292 6 0.0
0.030286 0.457867 0.970832 15 0.0
0.627053 0.147083 0.995317 12 0.0
0.627985 0.186902 0.995865 12 0.0
0.517727 0.149627 0.99657 12 0.0
0.62612 0.107264 0.994769 12 0.0
0.736378 0.144539 0.994063 12 0.0
0.497327 0.067411 0.046206 9 0.0
0.783246 0.97386 0.978165 22 0.0
0.711667 0.968979 0.979596 22 0.0
0.225514 0.11453 0.005257 1 0.0
0.224951 0.130322 0.004106 1 0.0
0.179904 0.112963 0.006047 1 0.0
0.226076 0.098738 0.006408 1 0.0
0.271124 0.116097 0.004467 1 0.0
0.053421 0.156002 0.428116 15 0.0
0.05155 0.199111 0.997494 12 0.0
0.062794 0.654823 0.995849 12 0.0
0.976631 0.197291 0.958499 11 0.0
0.977363 0.239135 0.960359 11 0.0
0.976575 0.196657 0.972803 11 0.0
0.975898 0.155447 0.95664 11 0.0
0.976686 0.197926 0.944196 11 0.0
0.063405 0.145622 0.242084 15 0.0
0.88564 0.920184 0.178186 18 0.999882
0.876819 0.950144 0.986936 12 0.0
0.876243 0.956993 0.986949 12 0.0
0.854351 0.948262 0.983784 12 0.0
0.877394 0.943296 0.986923 12 0.0
0.899287 0.952027 0.990089 12 0.0
0.922111 0.92422 0.66099 18 0.999649
0.91296 0.931532 0.654356 18 0.999649
0.912773 0.938564 0.689683 18 0.999649
0.931262 0.916908 0.667623 18 0.999649
0.931448 0.909876 0.632297 18 0.999649
0.02447 0.173374 0.976836 15 0.0
0.454219 0.80668 0.003036 2 0.0
0.456612 0.844717 0.003706 2 0.0
0.451825 0.768644 0.002366 2 0.0
0.555259 0.800345 0.001767 2 0.0
0.839537 0.815381 0.373785 20 0.0
0.055463 0.732257 0.996769 12 0.0
0.068165 0.117928 0.19081 3 0.0
0.152229 0.971925 0.983364 22 0.0
0.921886 0.044115 0.680262 10 7.9e-05
0.104729 0.449169 0.996287 12 0.0
0.92959 0.496775 0.977186 13 0.0
0.070161 0.876552 0.418245 15 0.0
0.854358 0.969617 0.790055 23 0.0
0.874663 0.968477 0.785924 23 0.0
0.867649 0.972364 0.854634 23 0.0
0.834052 0.970756 0.794186 23 0.0
0.841066 0.96687 0.725477 23 0.0
0.326904 0.204289 0.995966 12 0.0
0.311411 0.253721 0.997415 12 0.0
0.232981 0.174872 0.99525 12 0.0
0.342397 0.154857 0.994517 12 0.0
0.420827 0.233705 0.996682 12 0.0
0.844291 0.884982 0.994235 12 0.0
0.837829 0.912407 0.994331 12 0.0
0.805829 0.875923 0.993299 12 0.0
0.850752 0.857557 0.994139 12 0.0
0.882752 0.89404 0.995172 12 0.0
0.626009 0.023239 0.969901 8 0.0
0.627895 0.023589 0.978383 8 0.0
0.912076 0.058877 0.511544 10 0.0
0.025798 0.455403 0.985254 15 0.999946
0.021959 0.218135 0.985339 15 0.0
0.378033 0.972721 0.927637 20 0.0
0.66349 0.878472 0.996219 12 0.0
0.825306 0.96278 0.649199 23 0.0
0.079905 0.47713 0.997032 12 0.0
0.518647 0.749283 0.002786 1 0.0
0.519002 0.805029 0.003701 1 0.0
0.393922 0.750087 0.002246 1 0.0
0.518292 0.693538 0.00187 1 0.0
0.643372 0.748479 0.003325 1 0.0
0.037022 0.34664 0.994258 12 6e-06
0.081597 0.118294 0.169948 3 2e-06
0.025252 0.289651 0.910346 15 0.0
0.024162 0.359766 0.911088 15 0.0
0.024497 0.289323 0.940287 15 0.0
0.026342 0.219536 0.909604 15 0.0
0.026006 0.28998 0.880405 15 0.0
0.120212 0.063453 0.190912 9 0.0
0.886865 0.255422 0.002484 1 0.0
0.072563 0.203971 0.997159 12 0.0
0.090148 0.204424 0.996977 12 0.0
0.071111 0.26064 0.997883 12 0.0
0.054977 0.203519 0.997341 12 0.0
0.074014 0.147303 0.996435 12 0.0
0.849234 0.964244 0.744006 17 0.0
0.870783 0.963567 0.740586 17 0.0
0.86054 0.967651 0.81458 17 0.0
0.827685 0.964922 0.747426 17 0.0
0.837928 0.960837 0.673432 17 0.0
0.948976 0.847609 0.530528 11 0.0
0.11127 0.182456 0.594731 15 0.0
0.105765 0.190729 0.494871 15 0.0
0.105639 0.230578 0.599028 15 0.0
0.116775 0.174183 0.694591 15 0.0
0.116902 0.134333 0.590434 15 0.0
0.933267 0.88544 0.305552 11 1.0
0.96051 0.872858 0.679036 11 0.0
0.895719 0.069984 0.244537 10 0.0
0.972735 0.556267 0.97557 19 0.0
0.813231 0.190215 0.253495 9 1e-06
0.843562 0.186879 0.246959 9 1e-06
0.831337 0.208708 0.328079 9 1e-06
0.7829 0.19355 0.260031 9 1e-06
0.795126 0.171721 0.178911 9 1e-06
0.203931 0.943915 0.946033 24 0.0
0.058283 0.936584 0.775775 14 0.0
0.153396 0.05175 0.722317 7 0.0
0.177943 0.049778 0.729136 7 0.0
0.132855 0.052434 0.796459 7 0.0
0.128848 0.053722 0.715498 7 0.0
0.173936 0.051066 0.648174 7 0.0
0.93449 0.066425 0.563516 10 0.0
0.055014 0.192495 0.501164 15 0.0
0.955654 0.891833 0.65753 11 0.0
0.030409 0.141039 0.854283 15 0.0
0.02975 0.165927 0.855878 15 0.0
0.029758 0.137929 0.902537 15 0.0
0.031067 0.116151 0.852687 15 0.0
0.03106 0.14415 0.806028 15 0.0
0.073003 0.162217 0.004484 2 1.0
0.38093 0.942011 0.995576 12 0.0
0.05596 0.826917 0.240624 15 0.0
0.955417 0.174077 0.462255 11 0.0
0.062495 0.965184 0.981452 14 0.0
0.067396 0.970168 0.982932 14 0.0
0.061576 0.96433 0.987372 14 0.0
0.057594 0.960199 0.979971 14 0.0
0.063414 0.966038 0.975532 14 0.0
0.930533 0.037166 0.845423 10 0.0
0.901441 0.838676 0.858409 11 0.0
0.899855 0.875035 0.853041 11 0.0
0.910604 0.845396 0.90122 11 0.0
0.903027 0.802318 0.863777 11 0.0
0.892278 0.831956 0.815599 11 0.0
0.827584 0.109718 0.319295 9 0.0
0.862771 0.111654 0.318034 9 0.0
0.832284 0.087881 0.416864 9 0.0
0.792397 0.107783 0.320557 9 0.0
0.822885 0.131556 0.221727 9 0.0
0.084615 0.920525 0.360777 14 0.0
0.161104 0.129546 0.287844 6 2e-06
0.046107 0.096347 0.624723 3 0.0
0.061312 0.128894 0.561999 15 0.0
0.037733 0.113972 0.743752 15 0.0
0.928522 0.686021 0.958168 19 0.0
0.07652 0.887521 0.052201 14 0.933139
0.080956 0.892093 0.053332 14 0.933139
0.075267 0.884555 0.069116 14 0.933139
0.072084 0.88295 0.051071 14 0.933139
0.077773 0.890487 0.035287 14 0.933139
0.041153 0.77187 0.578069 15 0.0
0.041182 0.814917 0.573765 15 0.0
0.037945 0.782083 0.680201 15 0.0
0.041125 0.728823 0.582373 15 0.0
0.044361 0.761657 0.475936 15 0.0
0.422104 0.14917 0.032376 1 0.0
0.420703 0.17393 0.032315 1 0.0
0.499615 0.153542 0.025894 1 0.0
0.423506 0.12441 0.032437 1 0.0
0.344593 0.144798 0.038859 1 0.0
0.089523 0.975504 0.992351 14 0.0
0.113038 0.406751 0.003292 2 0.0
0.489778 0.942599 0.939114 20 0.0
0.110082 0.490601 0.058325 16 0.0
0.933346 0.126228 0.165447 11 0.0
0.024094 0.474826 0.917227 15 0.0
0.966428 0.744659 0.913581 11 0.0
0.963308 0.80542 0.918996 11 0.0
0.965899 0.74227 0.940086 11 0.0
0.969548 0.683899 0.908165 11 0.0
0.966957 0.747049 0.887075 11 0.0
0.972724 0.340167 0.969127 11 0.0
0.083419 0.938337 0.572356 14 0.0
0.025662 0.352667 0.977693 4 0.0
0.539061 0.965561 0.846518 23 0.0
0.336693 0.971184 0.867227 23 0.0
0.253374 0.970313 0.864854 23 0.0
0.3355 0.972449 0.908636 23 0.0
0.420011 0.972055 0.8696 23 0.0
0.337885 0.969919 0.825819 23 0.0
0.955109 0.897072 0.641063 11 1.5e-05
0.071959 0.155938 0.521033 15 0.0
0.979709 0.651529 0.900116 11 0.0
0.038337 0.11509 0.765515 15 0.0
0.045346 0.090054 0.721291 3 0.0
0.910516 0.500929 0.003191 1 0.0
0.789563 0.533623 0.028251 1 0.0
0.835785 0.53752 0.030115 1 0.0
0.779022 0.65859 0.02832 1 0.0
0.743341 0.529725 0.026388 1 0.0
0.800104 0.408655 0.028183 1 0.0
0.976449 0.42389 0.913031 11 0.0
0.833214 0.970292 0.804529 24 0.0
0.861189 0.968722 0.797903 24 0.0
0.847508 0.971829 0.864508 24 0.0
0.80524 0.971862 0.811155 24 0.0
0.818921 0.968755 0.744549 24 0.0
0.04767 0.811224 0.557157 15 0.0
0.04905 0.841959 0.555186 15 0.0
0.047524 0.816288 0.636025 15 0.0
0.04629 0.780488 0.559128 15 0.0
0.047816 0.80616 0.478289 15 0.0
0.92456 0.439287 0.017713 11 0.002648
0.020856 0.634983 0.975408 15 0.0
0.974724 0.609411 0.993793 12 0.99977
0.113825 0.050321 0.543938 7 0.0
0.169463 0.078552 0.580697 6 0.0
0.208436 0.075474 0.581875 6 0.0
0.164783 0.061793 0.691815 6 0.0
0.130489 0.081629 0.57952 6 0.0
0.174142 0.09531 0.469579 6 0.0
0.860185 0.028724 0.809965 7 0.0
0.838984 0.027929 0.812186 7 0.0
0.866582 0.025867 0.870012 7 0.0
0.881386 0.029519 0.807744 7 0.0
0.853789 0.031582 0.749918 7 0.0
0.040721 0.875435 0.632538 15 0.0
0.049933 0.901928 0.730965 16 0.001394
0.936033 0.50338 0.054219 11 0.0
0.021279 0.588116 0.936744 15 0.0
0.957365 0.096976 0.699041 11 6.2e-05
0.940496 0.326799 0.996705 12 0.0
0.926386 0.161427 0.006931 11 0.997414
0.076251 0.890073 0.067364 14 0.978172
0.081203 0.894103 0.067854 14 0.978172
0.076254 0.888515 0.080144 14 0.978172
0.071298 0.886042 0.066874 14 0.978172
0.076248 0.89163 0.054585 14 0.978172
0.098619 0.903346 0.004279 14 1.0
0.088537 0.634377 0.022412 15 3e-06
0.922188 0.073867 0.439813 10 0.0
0.958597 0.082902 0.84165 10 0.999996
0.929242 0.06851 0.617257 10 0.0
0.9097 0.091605 0.142606 10 0.0
0.974705 0.660314 0.981683 19 0.0
0.525037 0.056082 0.954757 8 0.0
0.925466 0.075803 0.400129 10 0.0
0.590785 0.066306 0.095516 9 0.0
0.590284 0.068265 0.065465 9 0.0
0.671673 0.066366 0.09417 9 0.0
0.591287 0.064346 0.125567 9 0.0
0.509898 0.066246 0.096862 9 0.0
0.916973 0.953733 0.601224 18 0.93144
0.069279 0.851096 0.200298 15 2.8e-05
0.071624 0.86561 0.212346 15 2.8e-05
0.062947 0.833217 0.223068 15 2.8e-05
0.066933 0.836582 0.188249 15 2.8e-05
0.075611 0.868974 0.177527 15 2.8e-05
0.103871 0.748335 0.200337 15 0.0
0.105466 0.807072 0.215241 15 0.0
0.094235 0.733704 0.259026 15 0.0
0.102276 0.689597 0.185432 15 0.0
0.113508 0.762966 0.141647 15 0.0
0.909486 0.086903 0.162945 10 0.999997
0.919755 0.095322 0.166304 10 0.999997
0.906738 0.082338 0.182791 10 0.999997
0.899217 0.078483 0.159587 10 0.999997
0.912235 0.091467 0.1431 10 0.999997
0.064731 0.294914 0.157649 15 0.0
0.061853 0.30582 0.20603 15 0.0
0.065788 0.235146 0.171185 15 0.0
0.067609 0.284008 0.109269 15 0.0
0.063674 0.354681 0.144113 15 0.0
0.064948 0.127521 0.216019 3 0.0
0.021846 0.796693 0.980409 15 0.0
0.085186 0.918867 0.321934 14 0.0
0.932465 0.033312 0.907074 10 0.024486
0.915437 0.095558 0.886651 10 3e-05
0.927475 0.103571 0.884936 10 3e-05
0.929575 0.081822 0.921705 10 3e-05
0.9034 0.087546 0.888367 10 3e-05
0.9013 0.109294 0.851597 10 3e-05
0.141494 0.892866 0.713361 24 0.0
0.168857 0.892063 0.719368 24 0.0
0.121905 0.886361 0.801723 24 0.0
0.114132 0.893669 0.707354 24 0.0
0.161084 0.899371 0.624998 24 0.0
0.716057 0.024042 0.968014 8 0.0
0.977858 0.301812 0.780787 11 0.0
0.981091 0.364994 0.727221 11 0.0
0.979771 0.338111 0.823719 11 0.0
0.974625 0.238629 0.834352 11 0.0
0.975945 0.265512 0.737854 11 0.0
0.077802 0.896009 0.106965 14 0.988959
0.902636 0.074321 0.218946 10 0.0
0.034687 0.163952 0.772125 15 0.0
0.033872 0.180748 0.771636 15 0.0
0.039912 0.164888 0.795555 15 0.0
0.035502 0.147157 0.772613 15 0.0
0.029461 0.163017 0.748694 15 0.0
0.103286 0.884689 0.107387 15 0.437955
0.934385 0.902496 0.527885 18 0.000181
0.04956 0.952623 0.962473 14 0.0
0.059278 0.961446 0.962333 14 0.0
0.049601 0.95276 0.97398 14 0.0
0.039842 0.943799 0.962613 14 0.0
0.049519 0.952485 0.950967 14 0.0
0.394703 0.126212 0.002272 1 2e-05
0.941704 0.878751 0.336831 19 0.0
0.05238 0.935417 0.726839 14 0.0
0.924362 0.668253 0.016866 19 1.5e-05
0.35541 0.947752 0.996657 12 0.0
0.503977 0.899197 0.00245 1 0.0
0.912513 0.10269 0.291188 10 0.0
0.58823 0.066588 0.056698 9 0.0
0.973378 0.231385 0.986024 11 0.141012
0.917956 0.970697 0.894903 22 0.0
0.04162 0.948985 0.968132 14 0.999957
0.966507 0.91252 0.749164 11 0.35384
0.917284 0.114405 0.186958 10 1.4e-05
0.921481 0.815297 0.232966 19 0.0
0.916164 0.849639 0.235111 19 0.0
0.926076 0.811504 0.305079 19 0.0
0.926799 0.780955 0.230821 19 0.0
0.916887 0.81909 0.160853 19 0.0
0.500976 0.142335 -0.001773 1 0.0
0.019845 0.781332 0.956856 15 0.0
0.415613 0.880335 0.003778 1 0.0
0.094353 0.186477 0.997061 12 0.0
0.118176 0.184607 0.996702 12 0.0
0.098301 0.236866 0.996527 12 0.0
0.07053 0.188348 0.99742 12 0.0
0.090406 0.136089 0.997595 12 0.0
0.129578 0.064433 0.211574 6 0.0
0.502721 0.852934 0.000555 1 0.0
0.72812 0.973521 0.928492 23 0.0
0.72944 0.972545 0.951121 23 0.0
0.678735 0.974393 0.931412 23 0.0
0.726799 0.974496 0.905863 23 0.0
0.777504 0.972648 0.925572 23 0.0
0.023682 0.385168 0.961289 15 0.0
0.593709 0.053901 0.915953 8 0.0
0.085067 0.048129 0.636494 15 0.274541
0.063756 0.113659 0.45242 3 0.0
0.604087 0.974944 0.974193 22 0.0
0.080224 0.228557 0.99647 12 0.0
0.10041 0.229277 0.99646 12 0.0
0.077969 0.291783 0.997253 12 0.0
0.060039 0.227836 0.99648 12 0.0
0.08248 0.16533 0.995686 12 0.0
0.972003 0.354252 0.981932 11 0.0
0.906045 0.082215 0.192699 10 0.0
0.080816 0.771371 0.214428 15 0.0
0.079602 0.793849 0.27994 15 0.0
0.07445 0.725221 0.230145 15 0.0
0.082031 0.748893 0.148917 15 0.0
0.087183 0.817521 0.198711 15 0.0
0.60165 0.854372 0.003473 1 0.0
0.031475 0.098537 0.871299 15 0.0
0.958375 0.076956 0.810078 10 1.0
0.927631 0.587495 0.018508 11 0.000282
0.028632 0.930891 0.963138 14 0.999836
0.080074 0.715446 0.995811 12 0.0
0.086298 0.116848 0.196792 3 0.0
0.299526 0.970896 0.981398 22 0.0
0.525576 0.931063 0.042693 20 0.0
0.867149 0.945444 0.994003 12 0.0
0.867861 0.955665 0.994308 12 0.0
0.835525 0.947636 0.994342 12 0.0
0.866437 0.935223 0.993699 12 0.0
0.898773 0.943252 0.993664 12 0.0
0.116347 0.788823 0.00278 1 0.0
0.101092 0.788998 0.002469 1 0.0
0.115892 0.747735 0.001905 1 0.0
0.131603 0.788647 0.003092 1 0.0
0.116803 0.82991 0.003656 1 0.0
0.160975 0.933979 0.1761 20 0.0
0.141627 0.933716 0.175643 20 0.0
0.159592 0.937623 0.232635 20 0.0
0.180324 0.934242 0.176556 20 0.0
0.162359 0.930335 0.119564 20 0.0
0.549025 0.971572 0.982192 22 0.0
0.432722 0.933715 0.074049 21 0.0
0.60911 0.023699 0.965796 8 0.0
0.052715 0.072859 0.743982 3 0.0
0.901946 0.870318 0.83355 11 0.0
0.9008 0.883443 0.826077 11 0.0
0.897674 0.894723 0.877069 11 0.0
0.903092 0.857193 0.841023 11 0.0
0.906218 0.845914 0.79003 11 0.0
0.217882 0.974392 0.94701 24 0.0
0.171205 0.975542 0.948332 24 0.0
0.218369 0.974621 0.964013 24 0.0
0.264559 0.973242 0.945689 24 0.0
0.217395 0.974163 0.930008 24 0.0
0.814512 0.947561 0.349674 23 0.0
0.589973 0.893492 0.996265 13 0.0
0.100332 0.481082 0.997766 12 0.0
0.851828 0.07162 0.305456 6 0.0
0.465128 0.92946 0.017639 20 0.0
0.478746 0.918435 0.996695 12 0.0
0.918086 0.091203 0.976966 12 1e-06
0.927324 0.11228 0.970666 12 1e-06
0.909867 0.094564 0.976157 12 1e-06
0.908847 0.070126 0.983266 12 1e-06
0.926305 0.087842 0.977774 12 1e-06
0.021756 0.425987 0.969347 15 0.0
0.076844 0.040773 0.807996 3 0.999997
0.059915 0.960505 0.8941 14 0.0
0.922341 0.92202 0.349185 18 0.0
0.943544 0.819802 0.466804 11 0.0
0.078864 0.041563 0.765107 3 0.835024
0.962048 0.091923 0.863421 11 0.0
0.020267 0.772169 0.947688 15 0.0
0.019964 0.81419 0.951126 15 0.0
0.020285 0.770802 0.964396 15 0.0
0.020569 0.730148 0.944251 15 0.0
0.020249 0.773535 0.930981 15 0.0
0.07363 0.900249 0.295813 14 3e-06
0.754266 0.136212 -0.00042 1 0.0
0.699088 0.136373 -0.00148 1 0.0
0.754357 0.158747 -0.001743 1 0.0
0.809444 0.136051 0.000639 1 0.0
0.754174 0.113676 0.000902 1 0.0
0.157568 0.965678 0.969187 24 0.0
0.892783 0.951232 0.4992 20 0.0
0.024193 0.293596 0.93621 15 0.0
0.105407 0.390487 0.003845 2 0.0
0.388467 0.97499 0.962644 22 0.0
0.955225 0.182195 0.369216 11 0.0
0.632466 0.909747 0.042036 20 1e-05
0.17684 0.084206 0.462671 7 0.0
0.215378 0.079385 0.468354 7 0.0
0.161804 0.076827 0.558381 7 0.0
0.138302 0.089027 0.456989 7 0.0
0.191876 0.091584 0.366961 7 0.0
0.033416 0.120163 0.799382 15 0.0
0.134545 0.063076 0.655343 7 0.0
0.152381 0.062487 0.662353 7 0.0
0.115419 0.065998 0.704256 7 0.0
0.116709 0.063664 0.648334 7 0.0
0.15367 0.060153 0.606431 7 0.0
0.052371 0.932632 0.742236 14 1.3e-05
0.564088 0.074529 0.039955 9 0.0
0.490026 0.026219 0.890163 8 0.0
0.303603 0.967069 0.979672 22 0.0
0.176357 0.067557 0.473818 6 0.0
0.938417 0.06388 0.650963 10 0.0
0.962166 0.072499 0.857961 10 0.945949
0.139771 0.336446 0.99284 12 0.0
0.177114 0.340259 0.993565 12 0.0
0.129679 0.434988 0.99435 12 0.0
0.102429 0.332632 0.992115 12 0.0
0.149864 0.237903 0.991329 12 0.0
0.06486 0.167863 0.383791 4 0.0
0.457078 0.974922 0.978997 22 0.0
0.060447 0.207493 0.287805 15 0.0
0.063756 0.206382 0.197156 15 0.0
0.059542 0.242024 0.287349 15 0.0
0.057137 0.208604 0.378455 15 0.0
0.061351 0.172962 0.288262 15 0.0
0.974775 0.133431 0.836283 11 0.0
0.976795 0.151759 0.838853 11 0.0
0.975269 0.126379 0.886179 11 0.0
0.972754 0.115103 0.833712 11 0.0
0.97428 0.140484 0.786386 11 0.0
0.941939 0.551142 0.997485 12 0.0
0.977305 0.845113 0.92596 19 0.0
0.977039 0.871388 0.934718 19 0.0
0.977954 0.837846 0.947783 19 0.0
0.977571 0.818838 0.917202 19 0.0
0.976657 0.85238 0.904138 19 0.0
0.067962 0.970181 0.977169 14 1e-06
0.069452 0.972949 0.976567 14 1e-06
0.066285 0.972656 0.984398 14 1e-06
0.066473 0.967412 0.977771 14 1e-06
0.06964 0.967705 0.96994 14 1e-06
0.0577 0.87063 0.550823 15 0.0
0.929717 0.891236 0.826757 11 0.0
0.834554 0.954039 0.969643 22 0.0
0.961439 0.128816 0.621016 11 0.0
0.43243 0.964692 0.993603 12 1e-06
0.170383 0.74817 0.023524 2 0.0
0.146834 0.743134 0.023559 2 0.0
0.181901 0.694297 0.022197 2 0.0
0.193931 0.753205 0.023488 2 0.0
0.158864 0.802042 0.024851 2 0.0
0.949305 0.26289 0.968698 11 0.0
0.220057 0.881602 0.382383 20 0.0
0.256401 0.880098 0.389645 20 0.0
0.198234 0.882983 0.491894 20 0.0
0.183713 0.883107 0.375122 20 0.0
0.24188 0.880222 0.272872 20 0.0
0.13461 0.537763 0.003265 1 0.0
0.617496 0.971668 0.910086 23 0.0
0.959952 0.187918 0.457159 11 0.0
0.975674 0.523878 0.946091 11 0.0
0.919998 0.472572 0.996354 12 0.0
0.089303 0.138041 0.803397 15 0.0
0.096242 0.156916 0.802369 15 0.0
0.083408 0.143495 0.863739 15 0.0
0.082364 0.119166 0.804425 15 0.0
0.095198 0.132588 0.743055 15 0.0
0.901096 0.492589 0.131792 11 0.0
0.93485 0.284968 0.995155 12 0.0
0.957521 0.267495 0.314656 11 0.0
0.946878 0.248165 0.219286 11 0.0
0.961144 0.314519 0.30472 11 0.0
0.968163 0.286826 0.410026 11 0.0
0.953897 0.220472 0.324592 11 0.0
0.040537 0.864395 0.62401 15 0.0
0.042558 0.881294 0.627939 15 0.0
0.038493 0.858039 0.652396 15 0.0
0.038515 0.847496 0.620081 15 0.0
0.042581 0.870751 0.595624 15 0.0
0.408845 0.894637 0.000608 1 0.0
0.779407 0.068477 0.023207 9 0.004508
0.448659 0.933751 0.07699 21 0.0
0.912155 0.622534 0.002466 1 0.000219
0.064263 0.877528 0.539105 15 0.0
0.048517 0.840583 0.395651 16 0.0
0.921662 0.037539 0.788677 10 0.966597
0.707936 0.798746 0.006762 1 0.0
0.777061 0.802907 0.0089 1 0.0
0.710453 0.757332 0.005961 1 0.0
0.63881 0.794586 0.004624 1 0.0
0.705419 0.840161 0.007563 1 0.0
0.368308 0.215361 -2.3e-05 1 0.0
0.363808 0.259986 -0.000415 1 0.0
0.276749 0.206133 0.000585 1 0.0
0.372808 0.170737 0.00037 1 0.0
0.459867 0.22459 -0.000631 1 0.0
0.609119 0.824446 0.000446 1 0.0
0.874014 0.956947 0.60618 20 0.0
0.896479 0.580632 0.003749 2 1e-06
0.040476 0.097744 0.684143 4 0.0
0.051186 0.140219 0.470366 15 0.0
0.093777 0.587937 0.003068 2 0.999996
0.199153 0.966633 0.803307 23 0.0
0.15871 0.965787 0.814222 23 0.0
0.214825 0.969369 0.861586 23 0.0
0.239596 0.967479 0.792391 23 0.0
0.183481 0.963896 0.745027 23 0.0
0.937611 0.135743 0.187605 11 0.0
0.054585 0.061243 0.985875 3 0.0
0.031998 0.191404 0.811627 15 0.0
0.031547 0.230074 0.813067 15 0.0
0.028775 0.189154 0.871058 15 0.0
0.032449 0.152733 0.810188 15 0.0
0.035221 0.193654 0.752197 15 0.0
0.110824 0.87895 0.137245 14 5e-06
0.916363 0.050363 0.893125 6 0.999125
0.055249 0.775579 0.243864 16 0.0
0.056081 0.812623 0.244887 16 0.0
0.049793 0.77357 0.321073 16 0.0
0.054416 0.738535 0.242841 16 0.0
0.060704 0.777588 0.166654 16 0.0
0.515309 0.131832 -0.00146 1 0.0
0.884675 0.931482 0.182224 18 1e-06
0.933264 0.514521 0.041563 11 1e-06
0.499066 0.067111 0.044085 9 0.0
0.048419 0.056774 0.884666 3 0.0
0.894452 0.929494 0.271486 18 0.99982
0.168323 0.961981 0.855401 24 0.0
0.198819 0.963493 0.841795 24 0.0
0.187508 0.96342 0.898561 24 0.0
0.137827 0.960469 0.869008 24 0.0
0.149137 0.960543 0.812242 24 0.0
0.070052 0.798868 0.038467 15 6e-06
0.070711 0.827351 0.034715 15 6e-06
0.069418 0.800709 0.05233 15 6e-06
0.069393 0.770386 0.042218 15 6e-06
0.070686 0.797028 0.024604 15 6e-06
0.071043 0.116986 0.181486 3 0.0
0.066779 0.910584 0.462875 14 0.0
0.681754 0.022204 0.98433 8 0.0
0.048099 0.049625 0.961784 3 1e-06
0.046055 0.054034 0.949714 3 1e-06
0.038794 0.056411 0.965839 3 1e-06
0.050143 0.045216 0.973854 3 1e-06
0.057405 0.042839 0.957729 3 1e-06
0.89626 0.909468 0.02305 18 0.246323
0.885078 0.918365 0.028131 18 0.246323
0.898144 0.908241 0.029344 18 0.246323
0.907442 0.900571 0.017969 18 0.246323
0.894376 0.910695 0.016756 18 0.246323
0.139843 0.069125 0.012318 9 0.999625
0.128208 0.070961 0.011069 9 0.999625
0.139196 0.068447 0.017346 9 0.999625
0.151478 0.06729 0.013567 9 0.999625
0.14049 0.069804 0.00729 9 0.999625
0.911799 0.076525 0.282837 10 0.0
0.882056 0.098448 0.144193 10 0.988504
0.891633 0.071547 0.174348 10 1.8e-05
0.050919 0.940028 0.964858 14 0.816288
0.054842 0.95259 0.970968 14 0.816288
0.047471 0.936911 0.973481 14 0.816288
0.046997 0.927466 0.958749 14 0.816288
0.054367 0.943145 0.956235 14 0.816288
0.933173 0.500903 0.042758 11 2.7e-05
0.978075 0.204267 0.998084 11 0.999997
0.954315 0.809378 0.423702 11 0.0
0.952629 0.837409 0.418666 11 0.0
0.95937 0.823354 0.499811 11 0.0
0.956001 0.781346 0.428737 11 0.0
0.94926 0.795401 0.347593 11 0.0
0.914773 0.108048 0.028347 10 0.078807
0.921068 0.116275 0.031135 10 0.078807
0.912793 0.10655 0.037235 10 0.078807
0.908477 0.099821 0.025558 10 0.078807
0.916752 0.109545 0.019459 10 0.078807
0.081546 0.910047 0.281507 14 0.0
0.070167 0.881891 0.090715 14 0.998655
0.972803 0.242794 0.979194 11 2.2e-05
0.913224 0.868113 0.018145 18 0.0
0.910187 0.878713 0.019912 18 0.0
0.909256 0.865994 0.02404 18 0.0
0.916262 0.857513 0.016379 18 0.0
0.917193 0.870233 0.012251 18 0.0
0.08166 0.410819 0.015978 16 0.998516
0.753294 0.026639 0.978822 8 0.0
0.380897 0.029302 0.97259 8 0.0
0.925823 0.809293 0.003876 1 0.999931
0.920204 0.082288 0.314092 10 0.0
0.193622 0.970205 0.881366 23 0.0
0.152662 0.969552 0.899892 23 0.0
0.208351 0.97148 0.913975 23 0.0
0.234581 0.970858 0.86284 23 0.0
0.178892 0.96893 0.848757 23 0.0
0.094634 0.879497 0.072047 14 1.1e-05
0.099341 0.886774 0.068068 14 1.1e-05
0.093181 0.888223 0.086283 14 1.1e-05
0.089928 0.872221 0.076027 14 1.1e-05
0.096088 0.870772 0.057811 14 1.1e-05
0.930233 0.107167 0.246844 10 1.3e-05
0.231944 0.220452 0.997783 12 0.0
0.207356 0.276922 0.998455 12 0.0
0.169475 0.193283 0.995169 12 0.0
0.256532 0.163981 0.997112 12 0.0
0.294414 0.24762 1.000398 12 0.0
0.058288 0.888713 0.266207 15 0.999933
0.536207 0.136954 -0.002869 1 0.0
0.949621 0.833586 0.387006 19 0.0
0.109135 0.224949 0.997585 12 0.0
0.138021 0.222661 0.99794 12 0.0
0.114065 0.287307 0.998338 12 0.0
0.08025 0.227237 0.997231 12 0.0
0.104206 0.162591 0.996833 12 0.0
0.093453 0.819816 0.6651 15 0.0
0.096185 0.856012 0.653192 15 0.0
0.099084 0.846194 0.746573 15 0.0
0.090721 0.78362 0.677007 15 0.0
0.087823 0.793438 0.583626 15 0.0
0.053454 0.828991 0.283376 15 0.0
0.877472 0.947732 0.984912 12 0.0
0.877581 0.956526 0.985093 12 0.0
0.857045 0.947921 0.987995 12 0.0
0.877363 0.938937 0.98473 12 0.0
0.897898 0.947542 0.981828 12 0.0
0.404252 0.028082 0.94156 8 0.0
0.932034 0.056174 0.829065 10 0.0
0.878583 0.975505 0.979599 22 0.0
0.192266 0.131004 0.008828 1 0.0
0.194116 0.151439 0.008131 1 0.0
0.153218 0.134671 0.012715 1 0.0
0.190417 0.110568 0.009526 1 0.0
0.231315 0.127337 0.004942 1 0.0
0.343878 0.174492 0.000513 1 0.0
0.428469 0.180686 -0.000381 1 0.0
0.341503 0.20692 0.000452 1 0.0
0.259288 0.168297 0.001407 1 0.0
0.346254 0.142063 0.000574 1 0.0
0.570035 0.162443 0.03369 1 0.0
0.568702 0.187868 0.034674 1 0.0
0.496122 0.158271 0.041334 1 0.0
0.571369 0.137018 0.032707 1 0.0
0.643949 0.166616 0.026047 1 0.0
0.345927 0.96722 0.914917 20 0.0
0.032983 0.935989 0.965616 14 0.0
0.038396 0.943348 0.966479 14 0.0
0.033517 0.934192 0.977581 14 0.0
0.02757 0.928629 0.964752 14 0.0
0.032449 0.937785 0.95365 14 0.0
0.795646 0.943837 0.248075 21 0.0
0.826267 0.943438 0.24615 21 0.0
0.800369 0.947291 0.322501 21 0.0
0.765025 0.944236 0.249999 21 0.0
0.790923 0.940384 0.173648 21 0.0
0.037276 0.08405 0.808568 15 0.0
0.958378 0.896515 0.65618 11 0.0
0.945448 0.086234 0.764538 10 0.999993
0.826162 0.973801 0.901694 17 0.0
0.854527 0.972761 0.881974 17 0.0
0.841839 0.9747 0.924196 17 0.0
0.797798 0.974841 0.921414 17 0.0
0.810486 0.972902 0.879193 17 0.0
0.89588 0.126436 0.993884 12 0.0
0.907579 0.158768 0.99389 12 0.0
0.920237 0.117623 0.994521 12 0.0
0.884181 0.094105 0.993877 12 0.0
0.871523 0.13525 0.993246 12 0.0
0.45548 0.140218 -0.000629 2 0.0
0.128956 0.694338 0.003198 1 0.0
0.041393 0.162627 0.650788 15 0.0
0.462384 0.917662 0.854286 20 0.0
0.576932 0.916782 0.860795 20 0.0
0.460105 0.920858 0.894814 20 0.0
0.347836 0.918542 0.847776 20 0.0
0.464663 0.914466 0.813757 20 0.0
0.872307 0.956356 0.842548 17 0.0
0.893089 0.955532 0.845993 17 0.0
0.864945 0.961823 0.888263 17 0.0
0.851525 0.957179 0.839103 17 0.0
0.879668 0.950889 0.796832 17 0.0
0.831336 0.972745 0.985182 22 0.0
0.932129 0.705587 0.029184 19 0.0
0.463136 0.865082 0.985755 12 0.0
0.462445 0.900035 0.98477 12 0.0
0.37245 0.863187 0.982146 12 0.0
0.463827 0.830129 0.98674 12 0.0
0.553821 0.866978 0.989365 12 0.0
0.119949 0.057667 0.387563 6 0.0
0.397441 0.960303 0.87696 24 0.0
0.203749 0.474988 0.998651 12 0.0
0.14737 0.477104 0.998382 12 0.0
0.198571 0.336958 0.997986 12 0.0
0.260129 0.472871 0.998921 12 0.0
0.208928 0.613018 0.999317 12 0.0
0.445113 0.912577 0.996541 12 0.0
0.947281 0.232438 0.190804 11 0.0
0.94988 0.268526 0.181257 11 0.0
0.954054 0.247196 0.24843 11 0.0
0.944681 0.19635 0.200352 11 0.0
0.940508 0.21768 0.133179 11 0.0
0.753756 0.970359 0.983398 22 0.0
0.745519 0.137675 -0.00061 1 0.0
0.688458 0.138596 -0.00143 1 0.0
0.745899 0.160157 -0.001817 1 0.0
0.80258 0.136754 0.000211 1 0.0
0.745139 0.115193 0.000598 1 0.0
0.031437 0.770294 0.994726 12 0.000515
0.593942 0.969345 0.961112 24 0.0
0.068859 0.956622 0.829969 14 0.0
0.064126 0.156948 0.99512 12 0.0
0.079295 0.158107 0.99507 12 0.0
0.060879 0.199495 0.996267 12 0.0
0.048957 0.155789 0.99517 12 0.0
0.067373 0.114401 0.993973 12 0.0
0.067014 0.079741 0.487451 3 0.0
0.964073 0.308442 0.984228 11 0.0
0.941796 0.059022 0.737584 10 0.0
0.8991 0.083721 0.249998 10 0.0
0.97536 0.585397 0.976704 19 0.0
0.338745 0.176029 0.995225 12 0.0
0.338702 0.225271 0.996649 12 0.0
0.239656 0.175961 0.994612 12 0.0
0.338787 0.126788 0.993801 12 0.0
0.437833 0.176097 0.995838 12 0.0
0.591663 0.840074 0.051772 1 0.0
0.585718 0.865624 0.055653 1 0.0
0.526979 0.826733 0.040523 1 0.0
0.597608 0.814523 0.047891 1 0.0
0.656347 0.853415 0.063021 1 0.0
0.080003 0.048775 0.63488 3 0.037385
0.774599 0.886042 0.994953 12 0.0
0.77192 0.913731 0.994343 12 0.0
0.713313 0.880142 0.99631 12 0.0
0.777278 0.858353 0.995563 12 0.0
0.835884 0.891942 0.993596 12 0.0
0.916489 0.950656 0.994975 13 0.008768
0.914163 0.941853 0.993664 13 0.008768
0.902883 0.954328 0.994455 13 0.008768
0.918815 0.959459 0.996286 13 0.008768
0.930094 0.946984 0.995495 13 0.008768
0.060041 0.060142 0.744731 3 0.0
0.469548 0.855067 0.996268 12 0.0
0.035205 0.129548 0.787033 15 0.0
0.403585 0.021696 0.985815 6 0.0
0.446327 0.932407 0.041531 20 0.0
0.069498 0.892498 0.41442 15 0.998806
0.474308 0.235464 -0.001428 1 0.0
0.47449 0.287359 -0.001857 1 0.0
0.351653 0.235902 -0.000634 1 0.0
0.474125 0.183568 -0.000999 1 0.0
0.596962 0.235025 -0.002222 1 0.0
0.893435 0.704294 0.003079 1 0.000236
0.130465 0.420607 0.997665 12 0.0
0.095257 0.418898 0.995671 12 0.0
0.135022 0.328553 0.996136 12 0.0
0.165673 0.422317 0.999659 12 0.0
0.125909 0.512662 0.999195 12 0.0
0.027059 0.756216 0.979529 15 0.0
0.061474 0.949584 0.839012 14 0.0
0.866517 0.942371 0.434548 17 0.0
0.973833 0.625115 0.974935 19 0.0
0.975672 0.502307 0.978369 11 0.0
0.061529 0.155043 0.259301 4 0.0
0.957803 0.190257 0.994379 12 0.0
0.847041 0.940595 0.642663 23 0.0
0.045107 0.115053 0.600425 15 0.0
0.036232 0.916021 0.808619 14 0.498634
0.084011 0.062544 0.496603 3 0.000366
0.951139 0.380038 0.976179 12 7e-06
0.945854 0.19938 0.197185 11 0.0
0.947792 0.225693 0.191914 11 0.0
0.951923 0.211153 0.258192 11 0.0
0.943916 0.173067 0.202455 11 0.0
0.939784 0.187607 0.136177 11 0.0
0.145002 0.180102 0.174242 4 8.2e-05
0.145535 0.203083 0.171909 4 8.2e-05
0.169045 0.184908 0.227077 4 8.2e-05
0.14447 0.157121 0.176575 4 8.2e-05
0.120959 0.175296 0.121407 4 8.2e-05
0.070812 0.449669 0.022959 15 0.0
0.181486 0.964213 0.888491 24 0.0
0.143854 0.962749 0.889453 24 0.0
0.182323 0.964597 0.921821 24 0.0
0.219118 0.965676 0.887529 24 0.0
0.180649 0.963828 0.85516 24 0.0
0.282504 0.861939 0.997901 12 0.0
0.362303 0.855326 0.997909 12 0.0
0.285284 0.895484 0.997147 12 0.0
0.202706 0.868552 0.997892 12 0.0
0.279724 0.828394 0.998654 12 0.0
0.072603 0.86025 0.298708 15 0.0
0.573 0.798351 0.001551 1 0.0
0.57102 0.838495 0.002572 1 0.0
0.680924 0.803666 0.001908 1 0.0
0.574981 0.758207 0.00053 1 0.0
0.465077 0.793036 0.001194 1 0.0
0.178451 0.76319 0.040748 1 0.0
0.155838 0.755596 0.040726 1 0.0
0.195159 0.713441 0.03803 1 0.0
0.201063 0.770783 0.040769 1 0.0
0.161742 0.812938 0.043465 1 0.0
0.181258 0.130412 0.694062 8 0.0
0.148157 0.13152 0.683864 8 0.0
0.154232 0.135194 0.782304 8 0.0
0.214358 0.129305 0.70426 8 0.0
0.208283 0.12563 0.60582 8 0.0
0.498106 0.974623 0.952772 23 0.0
0.881193 0.604883 0.136132 19 0.0
0.884433 0.693947 0.132689 19 0.0
0.882702 0.606328 0.174915 19 0.0
0.877954 0.51582 0.139576 19 0.0
0.879685 0.603439 0.09735 19 0.0
0.058029 0.879579 0.783091 15 0.0
0.935198 0.659366 0.995826 12 0.0
0.037724 0.863789 0.646442 15 0.0
0.150079 0.192504 0.420821 15 0.0
0.595297 0.704631 -0.000926 1 0.0
0.699583 0.711209 -0.000398 1 0.0
0.599606 0.636365 -0.001662 1 0.0
0.49101 0.698054 -0.001453 1 0.0
0.590987 0.772897 -0.000189 1 0.0
0.877666 0.581953 0.003326 1 0.0
0.083977 0.170972 0.437065 15 0.0
0.082034 0.205154 0.435199 15 0.0
0.077591 0.175299 0.522989 15 0.0
0.085919 0.13679 0.43893 15 0.0
0.090362 0.166645 0.35114 15 0.0
0.890276 0.573541 0.964238 12 0.0
0.233998 0.165597 0.539612 8 0.0
0.194448 0.167241 0.537345 8 0.0
0.227031 0.164917 0.660661 8 0.0
0.273548 0.163954 0.54188 8 0.0
0.173397 0.886559 0.334047 20 0.0
0.211246 0.889182 0.336881 20 0.0
0.166583 0.879089 0.431968 20 0.0
0.135549 0.883935 0.331213 20 0.0
0.180212 0.894028 0.236125 20 0.0
0.068253 0.392364 0.056448 16 0.0
0.127805 0.522932 0.727036 15 0.0
0.130955 0.627611 0.729264 15 0.0
0.127654 0.521265 0.805541 15 0.0
0.124655 0.418252 0.724808 15 0.0
0.127956 0.524598 0.648531 15 0.0
0.871233 0.507885 0.002125 1 0.0
0.052524 0.871697 0.411706 15 0.0
0.176066 0.155326 0.654861 6 0.0
0.133889 0.162267 0.652469 6 0.0
0.167168 0.138787 0.763729 6 0.0
0.218243 0.148386 0.657254 6 0.0
0.184964 0.171865 0.545994 6 0.0
0.046952 0.896996 0.838485 15 0.0
0.051425 0.911741 0.835256 15 0.0
0.049403 0.902122 0.865294 15 0.0
0.04248 0.88225 0.841713 15 0.0
0.044502 0.891869 0.811676 15 0.0
0.03342 0.506234 0.760295 15 0.0
0.032694 0.599479 0.76453 15 0.0
0.031473 0.5028 0.83558 15 0.0
0.034146 0.412989 0.75606 15 0.0
0.035367 0.509668 0.68501 15 0.0
0.13795 0.646085 0.006242 1 0.0
0.083067 0.861975 0.001895 2 0.729788
0.056087 0.077977 0.662072 3 0.0
0.050379 0.139315 0.487574 15 0.0
0.042009 0.087963 0.742126 15 0.0
0.024195 0.821896 0.977032 16 0.0
0.118206 0.840739 0.103452 1 0.002891
0.121744 0.86254 0.105606 1 0.002891
0.128797 0.835642 0.137641 1 0.002891
0.114668 0.818938 0.101298 1 0.002891
0.107615 0.845836 0.069263 1 0.002891
0.091054 0.090841 0.124835 3 0.000469
0.081655 0.099958 0.124992 3 0.000469
0.088865 0.087892 0.165088 3 0.000469
0.100452 0.081723 0.124678 3 0.000469
0.093242 0.093789 0.084581 3 0.000469
0.069496 0.798755 0.563652 15 0.0
0.07487 0.798515 0.478301 15 0.0
0.075462 0.848432 0.563888 15 0.0
0.064122 0.798995 0.649003 15 0.0
0.06353 0.749078 0.563416 15 0.0
0.161813 0.971368 0.905997 23 0.0
0.131756 0.97146 0.916176 23 0.0
0.171304 0.972075 0.934015 23 0.0
0.191871 0.971275 0.895818 23 0.0
0.152323 0.970661 0.877979 23 0.0
0.485576 0.066183 0.032618 9 0.0
0.937687 0.20624 0.08077 11 0.0
0.939096 0.236092 0.078705 11 0.0
0.940385 0.207804 0.105222 11 0.0
0.936277 0.176389 0.082835 11 0.0
0.934988 0.204676 0.056319 11 0.0
0.925474 0.921363 0.443276 18 0.0
0.907206 0.11724 0.092749 10 0.0
0.044476 0.05295 0.981417 3 1e-06
0.036392 0.064202 0.978297 3 1e-06
0.042699 0.053097 0.986549 3 1e-06
0.052561 0.041699 0.984538 3 1e-06
0.046253 0.052804 0.976286 3 1e-06
0.096753 0.927313 0.325017 14 0.0
0.976541 0.753046 0.933454 11 0.0
0.974458 0.810187 0.934828 11 0.0
0.97584 0.752512 0.954576 11 0.0
0.978624 0.695905 0.932079 11 0.0
0.977242 0.753579 0.912331 11 0.0
0.887333 0.932645 0.126176 18 0.999997
0.082982 0.905346 0.204952 14 0.0
0.024047 0.121104 0.982739 15 0.0
0.05948 0.788015 0.162889 15 0.0
0.060023 0.819897 0.165073 15 0.0
0.055152 0.784521 0.214976 15 0.0
0.058937 0.756132 0.160705 15 0.0
0.063807 0.791509 0.110801 15 0.0
0.056448 0.923402 0.596081 14 0.999789
0.075019 0.070719 0.490499 15 0.995635
0.067909 0.078333 0.477163 15 0.995635
0.066974 0.075264 0.497384 15 0.995635
0.082129 0.063105 0.503835 15 0.995635
0.083065 0.066173 0.483615 15 0.995635
0.876716 0.925455 0.047854 18 0.98595
0.872799 0.929244 0.048414 18 0.98595
0.879096 0.926251 0.059109 18 0.98595
0.880633 0.921665 0.047293 18 0.98595
0.874337 0.924659 0.036598 18 0.98595
0.96831 0.062565 0.985999 10 0.009759
0.966966 0.064594 0.980903 10 0.009759
0.973234 0.067753 0.986766 10 0.009759
0.969654 0.060535 0.991095 10 0.009759
0.963386 0.057376 0.985232 10 0.009759
0.058398 0.069964 0.941738 3 0.0
0.056437 0.075602 0.935816 3 0.0
0.047979 0.080283 0.955011 3 0.0
0.060359 0.064326 0.94766 3 0.0
0.068817 0.059645 0.928465 3 0.0
0.116999 0.076125 0.041823 3 0.999037
0.959497 0.073772 0.843729 10 0.999301
0.823447 0.255198 0.995052 12 0.0
0.872487 0.248558 0.995349 12 0.0
0.813658 0.182831 0.993519 12 0.0
0.774407 0.261838 0.994755 12 0.0
0.833236 0.327564 0.996585 12 0.0
0.699322 0.026184 0.984537 8 0.011078
0.061749 0.036838 0.962654 3 0.112507
0.062878 0.0398 0.950118 3 0.112507
0.055773 0.042001 0.963335 3 0.112507
0.06062 0.033876 0.975189 3 0.112507
0.067726 0.031674 0.961972 3 0.112507
0.072068 0.599186 0.041978 15 0.0
0.877583 0.123009 0.139568 10 0.999204
0.893189 0.141143 0.141078 10 0.999204
0.866317 0.129184 0.181852 10 0.999204
0.861977 0.104874 0.138058 10 0.999204
0.88885 0.116834 0.097284 10 0.999204
0.190528 0.050369 0.544398 6 0.0
0.168436 0.051433 0.545028 6 0.0
0.192216 0.04263 0.616699 6 0.0
0.21262 0.049305 0.543769 6 0.0
0.18884 0.058108 0.472098 6 0.0
0.927449 0.083079 0.991312 12 0.0
0.941631 0.102385 0.991049 12 0.0
0.935546 0.077144 0.992291 12 0.0
0.913267 0.063773 0.991574 12 0.0
0.919352 0.089013 0.990333 12 0.0
0.037161 0.148757 0.743223 15 0.0
0.075808 0.922225 0.421327 14 0.0
0.045468 0.941688 0.880761 14 1e-06
0.053317 0.952059 0.880439 14 1e-06
0.045951 0.942529 0.919638 14 1e-06
0.037619 0.931317 0.881083 14 1e-06
0.044985 0.940847 0.841883 14 1e-06
0.071972 0.970995 0.963154 14 0.093634
0.111656 0.336698 0.000988 1 3e-06
0.100401 0.096507 0.003942 2 1.0
0.107564 0.930829 0.339046 14 0.0
0.638901 0.025477 0.967617 8 0.0
0.081979 0.814688 0.661901 15 0.0
0.080087 0.794623 0.575935 15 0.0
0.084113 0.856149 0.652176 15 0.0
0.083871 0.834754 0.747866 15 0.0
0.079844 0.773228 0.671625 15 0.0
0.830255 0.975372 0.974736 22 0.0
0.95262 0.721095 0.334895 11 0.0
0.948465 0.774444 0.330118 11 0.0
0.959932 0.730472 0.433237 11 0.0
0.956774 0.667747 0.339673 11 0.0
0.945307 0.711719 0.236553 11 0.0
0.155965 0.970511 0.985 22 0.0
0.378688 0.902954 0.004052 2 0.0
0.086117 0.814663 0.110178 15 0.419948
0.086625 0.829496 0.08472 15 0.419948
0.085918 0.82912 0.118597 15 0.419948
0.085609 0.799831 0.135636 15 0.419948
0.086316 0.800206 0.101759 15 0.419948
0.96776 0.850804 0.751495 11 0.0
0.965163 0.855999 0.674873 11 0.0
0.964174 0.87692 0.753387 11 0.0
0.970357 0.845609 0.828117 11 0.0
0.971346 0.824689 0.749603 11 0.0
0.918474 0.842114 0.194556 19 0.0
0.192151 0.197568 0.99571 12 0.0
0.225852 0.243616 0.997978 12 0.0
0.148012 0.229866 0.995842 12 0.0
0.15845 0.15152 0.993442 12 0.0
0.236291 0.16527 0.995578 12 0.0
0.185676 0.925196 0.272934 20 0.0
0.218477 0.925673 0.275348 20 0.0
0.179521 0.930788 0.355455 20 0.0
0.152874 0.92472 0.27052 20 0.0
0.19183 0.919605 0.190413 20 0.0
0.95369 0.049294 0.96968 10 0.0
0.953442 0.048052 0.98003 10 0.0
0.944106 0.039689 0.968298 10 0.0
0.953938 0.050536 0.959331 10 0.0
0.963275 0.058898 0.971063 10 0.0
0.976788 0.220714 0.993765 11 6.6e-05
0.927066 0.076962 0.991653 12 0.0
0.915961 0.085732 0.989358 12 0.0
0.939802 0.093267 0.992333 12 0.0
0.93817 0.068192 0.993947 12 0.0
0.91433 0.060657 0.990973 12 0.0
0.966016 0.897242 0.788858 11 0.0
0.056183 0.853491 0.661097 15 0.0
0.055848 0.863375 0.288005 16 0.0
0.132709 0.061212 0.295427 6 0.0
0.955952 0.186169 0.997384 12 0.0
0.538985 0.02326 0.971925 8 0.0
0.597578 0.971167 0.983591 22 0.0
0.856259 0.972933 0.990122 22 2.2e-05
0.451735 0.122545 0.002103 2 0.0
0.957332 0.897919 0.699654 11 0.0
0.152888 0.359039 0.038663 1 0.0
0.955745 0.148556 0.909684 11 1e-05
0.956886 0.170884 0.9066 11 1e-05
0.955498 0.152421 0.937581 11 1e-05
0.954605 0.126228 0.912767 11 1e-05
0.955993 0.14469 0.881786 11 1e-05
0.271845 0.971941 0.909155 24 0.0
0.206685 0.9713 0.917341 24 0.0
0.275254 0.972648 0.936348 24 0.0
0.337004 0.972581 0.900969 24 0.0
0.268435 0.971233 0.881962 24 0.0
0.909307 0.946189 0.642267 18 0.999809
0.897718 0.95279 0.638616 18 0.999809
0.907245 0.95184 0.659031 18 0.999809
0.920896 0.939587 0.645918 18 0.999809
0.911369 0.940537 0.625502 18 0.999809
0.267679 0.971005 0.887421 24 0.0
0.204531 0.97133 0.903609 24 0.0
0.275684 0.972105 0.918628 24 0.0
0.330826 0.970679 0.871234 24 0.0
0.259674 0.969904 0.856215 24 0.0
0.39324 0.024796 0.950106 8 0.0
0.737861 0.971304 0.87525 23 0.0
0.730119 0.972139 0.910055 23 0.0
0.675968 0.972137 0.861464 23 0.0
0.745602 0.970468 0.840445 23 0.0
0.799753 0.970471 0.889036 23 0.0
0.170881 0.632669 0.003518 1 0.0
0.051365 0.133478 0.656957 3 0.0
0.101856 0.835958 0.731345 16 1e-06
0.093712 0.86392 0.724172 16 1e-06
0.095789 0.852585 0.803052 16 1e-06
0.11 0.807995 0.738518 16 1e-06
0.107924 0.819331 0.659638 16 1e-06
0.900878 0.960991 0.686903 23 0.0
0.358882 0.115451 0.037257 9 0.0
0.021954 0.724435 0.977786 15 0.0
0.960767 0.716437 0.440156 11 0.0
0.957296 0.776137 0.444984 11 0.0
0.969098 0.70782 0.552685 11 0.0
0.964238 0.656737 0.435328 11 0.0
0.952437 0.725053 0.327627 11 0.0
0.599717 0.973266 0.978892 22 0.0
0.93276 0.500152 0.028811 11 2e-06
0.886969 0.929754 0.168483 18 0.169092
0.595875 0.026396 0.948093 8 0.0
0.093916 0.811141 0.704076 15 0.0
0.104423 0.858935 0.700146 15 0.0
0.096172 0.817437 0.786692 15 0.0
0.083409 0.763347 0.708005 15 0.0
0.091661 0.804845 0.621459 15 0.0
0.351338 0.022128 0.983909 6 0.0
0.90347 0.135296 0.223309 11 0.0
0.035242 0.323035 0.997525 12 5e-06
0.108766 0.343179 0.998198 12 0.0
0.416474 0.121757 0.003247 1 0.0
0.136508 0.083896 0.598683 7 0.0
0.45875 0.973661 0.982973 22 0.0
0.909739 0.087472 0.177984 10 0.0
0.103181 0.938136 0.392476 14 0.0
0.105532 0.88229 0.182722 15 1e-06
0.025333 0.370163 0.966555 15 0.0
0.055748 0.893844 0.544914 15 1.1e-05
0.938706 0.879853 0.307863 19 0.0
0.032217 0.632068 0.946965 15 0.0
0.921996 0.87526 0.310914 11 0.99999
0.055631 0.081171 0.565441 3 0.0
0.043136 0.842732 0.960226 15 0.0
0.976328 0.236176 0.793754 11 0.0
0.978826 0.283289 0.80476 11 0.0
0.974376 0.221505 0.856995 11 0.0
0.973831 0.189063 0.782747 11 0.0
0.978281 0.250847 0.730512 11 0.0
0.936393 0.900645 0.871631 11 0.809003
0.935412 0.909523 0.872532 11 0.809003
0.939642 0.899973 0.88179 11 0.809003
0.937375 0.891767 0.87073 11 0.809003
0.933145 0.901317 0.861472 11 0.809003
0.195937 0.04083 0.662237 6 0.0
0.232856 0.039826 0.665975 6 0.0
0.185968 0.036563 0.759558 6 0.0
0.159017 0.041833 0.658499 6 0.0
0.205906 0.045096 0.564916 6 0.0
0.441977 0.975611 0.972632 22 0.0
0.034728 0.088701 0.810564 3 0.0
0.045268 0.057877 0.87249 3 0.0
0.881481 0.080781 0.001667 2 0.999999
0.059565 0.872856 0.218809 15 0.0
0.940828 0.061839 0.701904 10 0.0
0.073558 0.346829 0.855599 15 0.0
0.067551 0.438793 0.837662 15 0.0
0.073765 0.354555 0.895141 15 0.0
0.079566 0.254865 0.873536 15 0.0
0.073352 0.339103 0.816057 15 0.0
0.305459 0.966989 0.935331 20 0.0
0.169768 0.766917 0.998652 12 0.0
0.147815 0.830307 0.998405 12 0.0
0.129197 0.752866 0.998413 12 0.0
0.191721 0.703528 0.998898 12 0.0
0.210338 0.780969 0.99889 12 0.0
0.913893 0.048715 0.642896 10 0.0
0.045849 0.926062 0.767116 14 0.0
0.916683 0.164476 0.934215 11 0.0
0.918889 0.186758 0.930006 11 0.0
0.93483 0.166428 0.95406 11 0.0
0.914478 0.142193 0.938424 11 0.0
0.898537 0.162523 0.91437 11 0.0
0.960744 0.248937 0.420772 11 0.0
0.958457 0.260056 0.317769 11 0.0
0.967833 0.29967 0.426092 11 0.0
0.963031 0.237818 0.523776 11 0.0
0.953656 0.198204 0.415453 11 0.0
0.85555 0.286693 0.987528 12 0.0
0.818784 0.288635 0.986793 12 0.0
0.859743 0.366101 0.987616 12 0.0
0.892317 0.284751 0.988263 12 0.0
0.851358 0.207285 0.98744 12 0.0
0.084926 0.896648 0.263561 14 0.0
0.959145 0.824557 0.526487 11 0.0
0.19668 0.892569 0.722046 20 0.0
0.243763 0.895769 0.71674 20 0.0
0.205769 0.893901 0.803492 20 0.0
0.149598 0.889369 0.727352 20 0.0
0.187592 0.891237 0.6406 20 0.0
0.977235 0.197002 0.901021 11 0.0
0.978412 0.235334 0.91211 11 0.0
0.976737 0.188639 0.929981 11 0.0
0.976058 0.15867 0.889931 11 0.0
0.977733 0.205365 0.87206 11 0.0
0.187329 0.179693 0.926051 12 0.0
0.16669 0.203398 0.925039 12 0.0
0.150212 0.147132 0.920276 12 0.0
0.207967 0.155988 0.927063 12 0.0
0.224445 0.212255 0.931825 12 0.0
0.757352 0.883763 0.772545 17 0.0
0.803277 0.868939 0.746447 17 0.0
0.79261 0.902091 0.824179 17 0.0
0.711427 0.898586 0.798644 17 0.0
0.722093 0.865434 0.720912 17 0.0
0.948668 0.146659 0.356329 11 0.0
0.510623 0.858921 0.015551 1 0.0
0.517479 0.200846 0.051354 2 0.0
0.51418 0.239016 0.052757 2 0.0
0.58267 0.207013 0.036865 2 0.0
0.520778 0.162676 0.049952 2 0.0
0.452288 0.19468 0.065843 2 0.0
0.927653 0.861193 0.865578 11 0.0
0.925992 0.886617 0.864028 11 0.0
0.938799 0.864152 0.902178 11 0.0
0.929313 0.835769 0.867127 11 0.0
0.916506 0.858234 0.828977 11 0.0
0.971316 0.573465 0.976835 19 0.0
0.529911 0.835342 0.945529 12 0.0
0.532163 0.87771 0.944286 12 0.0
0.628147 0.830041 0.942874 12 0.0
0.527659 0.792973 0.946772 12 0.0
0.431675 0.840642 0.948184 12 0.0
0.976701 0.175523 0.848423 11 0.0
0.978944 0.205423 0.858746 11 0.0
0.975995 0.159766 0.894218 11 0.0
0.974457 0.145623 0.838101 11 0.0
0.977407 0.19128 0.802628 11 0.0
0.083313 0.328867 0.997244 12 0.0
0.723897 0.829511 0.996022 12 0.0
0.718497 0.872403 0.995597 12 0.0
0.645473 0.819642 0.996556 12 0.0
0.729298 0.786619 0.996447 12 0.0
0.802321 0.83938 0.995488 12 0.0
0.955342 0.874451 0.595255 11 0.0
0.111356 0.842233 0.370783 16 4.7e-05
0.801406 0.955067 0.502328 23 0.0
0.889859 0.947317 0.530535 20 0.0
0.860898 0.110628 0.392841 7 0.0
0.877972 0.114205 0.400111 7 0.0
0.839841 0.101371 0.446852 7 0.0
0.843825 0.10705 0.385572 7 0.0
0.881956 0.119885 0.338831 7 0.0
0.941291 0.167366 0.169211 11 0.0
0.943949 0.186583 0.1681 11 0.0
0.945033 0.169802 0.22027 11 0.0
0.938632 0.148148 0.170323 11 0.0
0.937548 0.16493 0.118153 11 0.0
0.975695 0.437996 0.954523 11 0.0
0.576461 0.887685 0.071296 20 0.0
0.070112 0.03302 0.950762 3 5e-06
0.889658 0.559 0.993941 12 0.0
0.973493 0.493917 0.961362 11 0.0
0.046722 0.057454 0.940039 3 0.0
0.039406 0.06243 0.941776 3 0.0
0.048615 0.053686 0.958807 3 0.0
0.054038 0.052477 0.938302 3 0.0
0.044829 0.061222 0.921271 3 0.0
0.702346 0.932574 0.065025 20 0.0
0.702819 0.931624 0.043961 20 0.0
0.759862 0.931998 0.06634 20 0.0
0.701874 0.933524 0.086088 20 0.0
0.644831 0.93315 0.063709 20 0.0
0.620156 0.15399 0.030947 2 0.0
0.615738 0.177691 0.032803 2 0.0
0.684223 0.166326 0.025927 2 0.0
0.624574 0.130289 0.029091 2 0.0
0.556089 0.141654 0.035967 2 0.0
0.073376 0.051385 0.682658 3 0.001175
0.973908 0.50693 0.977834 19 0.0
0.90242 0.586277 0.995161 12 0.0
0.055011 0.106216 0.671409 15 0.0
0.06124 0.14053 0.593837 15 0.0
0.055297 0.157999 0.62693 15 0.0
0.062224 0.11958 0.605073 15 0.0
0.067183 0.123061 0.560745 15 0.0
0.060256 0.16148 0.582602 15 0.0
0.054957 0.830434 0.615358 15 0.0
0.063369 0.859261 0.574788 15 0.0
0.055218 0.84719 0.627319 15 0.0
0.046545 0.801606 0.655928 15 0.0
0.054696 0.813677 0.603398 15 0.0
0.088047 0.963725 0.765605 14 0.0
0.544824 0.068338 0.031167 9 0.0
0.09438 0.902284 0.016562 14 0.500573
0.103651 0.91231 0.017453 14 0.500573
0.094436 0.90163 0.023327 14 0.500573
0.085108 0.892258 0.015671 14 0.500573
0.094323 0.902938 0.009796 14 0.500573
0.4982 0.066787 0.06524 9 0.0
0.976156 0.707647 0.990517 11 1.5e-05
0.028448 0.214108 0.869513 15 0.0
0.027297 0.260763 0.874356 15 0.0
0.026873 0.209782 0.910805 15 0.0
0.029599 0.167452 0.864669 15 0.0
0.030023 0.218433 0.82822 15 0.0
0.120009 0.620622 0.118705 15 0.988846
0.072935 0.891467 0.203967 14 3e-06
0.110985 0.838204 0.1217 14 0.713801
0.114592 0.859327 0.131719 14 0.713801
0.1126 0.82166 0.155996 14 0.713801
0.107378 0.817081 0.111681 14 0.713801
0.10937 0.854747 0.087404 14 0.713801
0.028795 0.150916 0.984624 15 0.00048
0.052583 0.798049 0.294669 15 0.0
0.053305 0.828413 0.295902 15 0.0
0.046707 0.794423 0.387364 15 0.0
0.051862 0.767686 0.293435 15 0.0
0.058459 0.801675 0.201974 15 0.0
0.782615 0.116303 0.002266 1 0.0
0.738256 0.114429 0.000748 1 0.0
0.781959 0.132588 0.001296 1 0.0
0.826973 0.118178 0.003785 1 0.0
0.78327 0.100018 0.003237 1 0.0
0.088872 0.091082 0.225307 3 9e-06
0.069136 0.353536 0.03891 15 1e-06
0.075238 0.937713 0.596449 14 0.999982
0.084105 0.944407 0.599962 14 0.999982
0.068389 0.932856 0.622988 14 0.999982
0.066371 0.931018 0.592935 14 0.999982
0.082086 0.942569 0.569909 14 0.999982
0.072156 0.059052 0.936286 3 0.341149
0.069533 0.067001 0.919555 3 0.341149
0.066163 0.061009 0.938155 3 0.341149
0.074778 0.051104 0.953017 3 0.341149
0.078148 0.057095 0.934417 3 0.341149
0.071876 0.864645 0.313549 15 4e-06
0.029251 0.069834 0.963711 3 0.0
0.026414 0.072726 0.963244 3 0.0
0.028089 0.070673 0.975964 3 0.0
0.032088 0.066942 0.964178 3 0.0
0.030413 0.068995 0.951459 3 0.0
0.437309 0.064679 0.056434 9 0.0
0.073845 0.881632 0.068129 14 0.999938
0.04676 0.948782 0.931221 14 0.0
0.055567 0.957663 0.932611 14 0.0
0.045247 0.946798 0.953474 14 0.0
0.037953 0.939902 0.92983 14 0.0
0.048273 0.950766 0.908968 14 0.0
0.070367 0.674077 0.02017 15 2.6e-05
0.102777 0.087564 0.042302 3 0.008285
0.093454 0.094207 0.04616 3 0.008285
0.105056 0.082701 0.056185 3 0.008285
0.1121 0.08092 0.038445 3 0.008285
0.100499 0.092426 0.02842 3 0.008285
0.960384 0.078125 0.734513 10 0.999982
0.078785 0.925201 0.41273 14 0.984872
0.945882 0.075142 0.894642 10 4e-06
0.073045 0.884758 0.046062 14 0.997502
0.114462 0.810741 0.747991 15 0.0
0.116785 0.844967 0.750859 15 0.0
0.093523 0.806166 0.819541 15 0.0
0.112139 0.776515 0.745123 15 0.0
0.135401 0.815315 0.676441 15 0.0
0.046565 0.933657 0.826841 14 0.0
0.076751 0.881195 0.041556 14 0.038467
0.974964 0.175258 0.831571 11 0.0
0.977899 0.20811 0.837204 11 0.0
0.974738 0.166452 0.883035 11 0.0
0.972029 0.142406 0.825937 11 0.0
0.97519 0.184063 0.780106 11 0.0
0.894535 0.831066 0.141065 19 0.0
0.894789 0.85818 0.141274 19 0.0
0.886495 0.830807 0.184368 19 0.0
0.894282 0.803952 0.140856 19 0.0
0.902575 0.831324 0.097762 19 0.0
0.96075 0.354498 0.338332 11 0.0
0.96307 0.430135 0.33296 11 0.0
0.968324 0.361297 0.437319 11 0.0
0.958429 0.278862 0.343705 11 0.0
0.953175 0.3477 0.239345 11 0.0
0.026759 0.931478 0.958563 14 1.0
0.174138 0.023654 0.990905 3 0.35272
0.123537 0.079016 0.1601 5 0.999177
0.074384 0.222909 0.005232 2 1.0
0.726131 0.023686 0.94777 8 0.0
0.031888 0.168621 0.983934 15 0.0
0.927349 0.032477 0.854619 10 0.057147
0.076343 0.84885 0.335547 16 0.0
0.074851 0.86402 0.420953 16 0.0
0.069846 0.820183 0.340526 16 0.0
0.077835 0.83368 0.250141 16 0.0
0.08284 0.877517 0.330569 16 0.0
0.905601 0.062872 0.582154 10 2e-06
0.06461 0.664837 0.996186 12 0.0
0.051206 0.140337 0.473323 15 0.0
0.484924 0.025283 0.957442 8 0.0
0.564482 0.975609 0.98395 22 0.0
0.747965 0.90266 0.002345 1 0.0
0.127375 0.413202 0.00473 2 0.0
0.043994 0.145876 0.994505 12 0.003751
0.53486 0.028839 0.918873 8 0.0
0.073116 0.612529 0.053295 15 0.945248
0.071901 0.648916 0.044844 15 0.945248
0.074463 0.61639 0.069722 15 0.945248
0.07433 0.576143 0.061745 15 0.945248
0.071768 0.608669 0.036868 15 0.945248
0.042003 0.111563 0.911554 15 0.0
0.338673 0.218998 -2.1e-05 1 0.0
0.328215 0.261624 -5e-05 1 0.0
0.421241 0.239253 -0.001038 1 0.0
0.34913 0.176372 8e-06 1 0.0
0.256104 0.198743 0.000997 1 0.0
0.400172 0.022104 0.984776 5 0.0
0.431438 0.892374 0.002592 2 0.0
0.418638 0.971996 0.984211 22 0.0
0.590122 0.151607 0.016026 2 0.0
0.918985 0.263547 0.997329 12 0.0
0.613594 0.971193 0.991885 22 1e-06
0.669236 0.022116 0.984834 8 0.0
0.593759 0.974513 0.960396 24 0.0
0.023577 0.468148 0.968255 15 0.0
0.937914 0.60997 0.090265 11 0.0
0.937133 0.691929 0.093553 11 0.0
0.941415 0.608872 0.118487 11 0.0
0.938696 0.528011 0.086977 11 0.0
0.934414 0.611069 0.062043 11 0.0
0.24053 0.101386 0.992628 12 0.0
0.23966 0.127661 0.991091 12 0.0
0.170693 0.099025 0.991838 12 0.0
0.241401 0.07511 0.994165 12 0.0
0.310367 0.103746 0.993417 12 0.0
0.875428 0.957094 0.987465 12 0.0
0.031549 0.059034 0.992392 3 1.0
0.54349 0.028317 0.982165 8 0.0
0.879167 0.069777 0.028451 10 1.0
0.865201 0.157049 0.959174 12 0.0
0.860201 0.199354 0.949032 12 0.0
0.883362 0.15943 0.960153 12 0.0
0.8702 0.114744 0.969317 12 0.0
0.847039 0.154668 0.958196 12 0.0
0.024592 0.095026 0.9943 3 0.961644
0.477853 0.023573 0.978628 8 0.0
0.117798 0.921184 0.260043 14 0.51517
0.124416 0.400872 0.001649 2 0.0
0.291492 0.975179 0.956769 24 0.0
0.877426 0.9594 0.617921 23 0.0
0.410027 0.163702 0.02986 2 0.0
0.470347 0.170844 0.029313 2 0.0
0.406512 0.193006 0.024821 2 0.0
0.349707 0.156561 0.030406 2 0.0
0.413542 0.134399 0.034898 2 0.0
0.531944 0.973145 0.994796 12 1e-06
0.344259 0.917185 0.996201 12 0.0
0.030405 0.439216 0.992581 15 0.824512
0.470607 0.968633 0.938065 22 0.0
0.94035 0.156168 0.176014 11 0.0
0.351571 0.950527 0.995955 12 0.0
0.959172 0.091495 0.874174 10 1e-06
0.30333 0.971502 0.911678 23 0.0
0.377183 0.972296 0.920342 23 0.0
0.300302 0.972531 0.937396 23 0.0
0.229477 0.970708 0.903014 23 0.0
0.306358 0.970473 0.885961 23 0.0
0.948949 0.084261 0.764131 10 0.999995
0.606074 0.975137 0.947284 24 0.0
0.04706 0.838859 0.90357 15 0.0
0.046 0.873408 0.929201 15 0.0
0.046004 0.829287 0.916429 15 0.0
0.048119 0.80431 0.877939 15 0.0
0.048115 0.848431 0.890711 15 0.0
0.039589 0.707102 0.962785 15 0.0
0.075016 0.947735 0.737467 14 1e-06
0.105756 0.711518 0.003562 1 0.0
0.054854 0.928006 0.705808 14 8e-06
0.906977 0.060917 0.358859 10 0.0
0.894054 0.062387 0.455432 10 0.997224
0.067432 0.04488 0.800678 3 0.00025
0.074824 0.926035 0.84041 14 0.0
0.723055 0.02367 0.965069 8 0.0
0.10175 0.035017 0.811134 5 0.0
0.976673 0.621015 0.950485 19 0.0
0.9331 0.502516 0.035049 11 0.0
0.509103 0.94568 0.954804 20 0.0
0.021709 0.514533 0.983863 15 0.0
0.302067 0.109515 0.001836 2 0.0
0.940925 0.586248 0.996572 13 0.0
0.064611 0.877005 0.888217 15 1e-06
0.071293 0.891711 0.884982 15 1e-06
0.065296 0.883401 0.918706 15 1e-06
0.057928 0.862299 0.891453 15 1e-06
0.063925 0.870609 0.857729 15 1e-06
0.107996 0.054879 0.607546 7 0.0
0.970083 0.320922 0.964435 11 0.0
0.054265 0.863682 0.317652 15 0.0
0.12787 0.892704 0.759098 20 0.0
0.156778 0.891997 0.764559 20 0.0
0.115134 0.889048 0.82603 20 0.0
0.098962 0.89341 0.753636 20 0.0
0.140605 0.896359 0.692165 20 0.0
0.94404 0.892226 0.580116 11 4e-06
0.948532 0.391804 0.998261 12 0.0
0.118497 0.966797 0.800913 20 0.0
0.83691 0.960295 0.604091 17 0.0
0.121033 0.057991 0.55888 7 0.0
0.044299 0.911567 0.843913 14 3e-06
0.062692 0.943286 0.899658 14 0.002222
0.071805 0.95186 0.902464 14 0.002222
0.053305 0.943637 0.929067 14 0.002222
0.053579 0.934713 0.896852 14 0.002222
0.072079 0.942935 0.870249 14 0.002222
0.090177 0.798687 0.258017 15 0.0
0.079553 0.791312 0.337438 15 0.0
0.086324 0.753997 0.253352 15 0.0
0.100801 0.806063 0.178597 15 0.0
0.094031 0.843378 0.262683 15 0.0
0.583379 0.053204 0.949214 8 0.0
0.375664 0.088893 0.028041 9 2.5e-05
0.208293 0.651237 0.001789 1 0.0
0.19844 0.735851 0.001274 1 0.0
0.166497 0.646371 0.001954 1 0.0
0.218145 0.566623 0.002304 1 0.0
0.250088 0.656103 0.001624 1 0.0
0.691027 0.892215 0.996017 13 0.0
0.688827 0.917991 0.996766 13 0.0
0.773783 0.899351 0.993487 13 0.0
0.693227 0.866438 0.995267 13 0.0
0.608271 0.885078 0.998546 13 0.0
0.968508 0.156242 0.645539 11 0.0
0.024141 0.423119 0.888933 15 0.0
0.320066 0.100456 0.056294 6 0.0
0.332414 0.097566 0.048911 6 0.0
0.322651 0.106066 0.058421 6 0.0
0.307717 0.103347 0.063676 6 0.0
0.317481 0.094847 0.054166 6 0.0
0.889188 0.065296 0.200225 10 0.994392
0.059077 0.057255 0.787702 3 0.0
0.044916 0.919174 0.782583 14 4.1e-05
0.151632 0.073772 0.850752 5 0.0
0.182695 0.070662 0.859541 5 0.0
0.138326 0.063131 0.894013 5 0.0
0.12057 0.076882 0.841963 5 0.0
0.164939 0.084413 0.807491 5 0.0
0.922196 0.191847 0.406512 11 0.0
0.931945 0.233735 0.410765 11 0.0
0.923155 0.184608 0.475616 11 0.0
0.912446 0.149958 0.40226 11 0.0
0.921236 0.199086 0.337409 11 0.0
0.962356 0.689161 0.954326 11 0.0
0.960876 0.350203 0.38935 11 0.0
0.952741 0.312564 0.275991 11 0.0
0.960797 0.411755 0.368918 11 0.0
0.969012 0.387842 0.502708 11 0.0
0.960956 0.288652 0.409781 11 0.0
0.1159 0.062041 0.583084 3 0.0
0.97511 0.588077 0.964722 19 0.0
0.043626 0.892538 0.627257 15 0.0
0.021234 0.468883 0.978066 15 0.0
0.880264 0.688497 0.002383 1 0.0
0.927595 0.052496 0.653066 10 0.0
0.94921 0.338751 0.989542 13 0.0
0.067717 0.215995 0.123039 15 0.000489
0.06573 0.249621 0.131014 15 0.000489
0.066302 0.206523 0.162623 15 0.000489
0.069704 0.182369 0.115064 15 0.000489
0.069133 0.225466 0.083455 15 0.000489
0.974857 0.681124 0.966082 19 0.0
0.044231 0.871998 0.550078 15 0.0
0.035042 0.664295 0.829057 15 0.0
0.033571 0.661516 0.882787 15 0.0
0.033024 0.579628 0.824622 15 0.0
0.036513 0.667074 0.775327 15 0.0
0.03706 0.748962 0.833491 15 0.0
0.160626 0.686152 1.000384 12 0.0
0.148767 0.775191 0.999965 12 0.0
0.119502 0.680675 1.000389 12 0.0
0.172485 0.597113 1.000803 12 0.0
0.20175 0.69163 1.000379 12 0.0
0.481316 0.811167 0.99703 12 0.0
0.340299 0.814862 0.99647 12 0.0
0.482671 0.862853 0.996855 12 0.0
0.622334 0.807471 0.997591 12 0.0
0.479961 0.75948 0.997205 12 0.0
0.949746 0.069727 0.72595 10 0.0
0.935785 0.294823 0.985709 12 0.0
0.855576 0.893941 0.085096 17 2e-06
0.835893 0.89507 0.091655 17 2e-06
0.863765 0.882699 0.111609 17 2e-06
0.87526 0.892811 0.078537 17 2e-06
0.847387 0.905183 0.058583 17 2e-06
0.908295 0.092795 0.119917 10 0.0
0.915993 0.101356 0.118665 10 0.0
0.911887 0.09494 0.156681 10 0.0
0.900597 0.084233 0.121169 10 0.0
0.904703 0.090649 0.083153 10 0.0
0.498533 0.068711 0.028544 9 0.0
0.909734 0.098223 0.089498 10 0.0
0.917488 0.107394 0.092147 10 0.0
0.907402 0.0921 0.117522 10 0.0
0.901981 0.089051 0.086849 10 0.0
0.912067 0.104346 0.061474 10 0.0
0.975374 0.702201 0.945688 11 0.0
0.473455 0.027684 0.908086 8 0.0
0.951368 0.080387 0.757926 10 0.980263
0.925948 0.074668 0.435611 10 0.0
0.086598 0.829861 0.376693 15 0.0
0.087097 0.855421 0.381423 15 0.0
0.07504 0.814523 0.460794 15 0.0
0.086099 0.8043 0.371963 15 0.0
0.098156 0.845198 0.292591 15 0.0
0.057326 0.775974 0.200776 15 0.0
0.058103 0.812093 0.202802 15 0.0
0.052327 0.772498 0.264635 15 0.0
0.05655 0.739855 0.198749 15 0.0
0.062326 0.77945 0.136916 15 0.0
0.080949 0.096244 0.236113 3 0.0
0.07206 0.151104 0.030457 3 0.000558
0.071482 0.164884 0.026218 3 0.000558
0.071915 0.154474 0.041431 3 0.000558
0.072638 0.137324 0.034697 3 0.000558
0.072206 0.147734 0.019483 3 0.000558
0.085048 0.826316 0.839302 15 2e-06
0.087087 0.872324 0.83598 15 2e-06
0.094185 0.829384 0.887401 15 2e-06
0.083008 0.780308 0.842625 15 2e-06
0.07591 0.823248 0.791204 15 2e-06
0.068334 0.929824 0.591672 14 0.0
0.969515 0.075808 0.901434 10 0.99879
0.034439 0.078663 0.897831 3 0.0
0.975524 0.91807 0.980655 11 0.055788
0.975068 0.925367 0.982982 11 0.055788
0.976488 0.915983 0.987388 11 0.055788
0.975979 0.910774 0.978328 11 0.055788
0.974559 0.920157 0.973922 11 0.055788
0.05586 0.934285 0.954536 14 1.2e-05
0.060545 0.943932 0.958643 14 1.2e-05
0.050841 0.931357 0.967139 14 1.2e-05
0.051176 0.924638 0.950429 14 1.2e-05
0.06088 0.937213 0.941933 14 1.2e-05
0.954554 0.051129 0.949398 10 0.0
0.960012 0.053978 0.965539 10 0.0
0.946978 0.04169 0.953626 10 0.0
0.949095 0.04828 0.933257 10 0.0
0.96213 0.060569 0.94517 10 0.0
0.941011 0.058498 0.750875 10 0.0
0.918433 0.910787 0.923916 11 4.2e-05
0.909251 0.932533 0.919255 11 4.2e-05
0.914458 0.913338 0.943651 11 4.2e-05
0.927615 0.889042 0.928576 11 4.2e-05
0.922408 0.908236 0.90418 11 4.2e-05
0.057399 0.932129 0.665455 14 0.0
0.561775 0.021818 0.986873 8 1e-06
0.180184 0.115764 0.39523 6 0.0
0.150608 0.118204 0.397871 6 0.0
0.184522 0.094192 0.46375 6 0.0
0.20976 0.113325 0.39259 6 0.0
0.175846 0.137336 0.326711 6 0.0
0.970842 0.790915 0.771792 11 0.0
0.969941 0.795047 0.701731 11 0.0
0.965502 0.837148 0.774588 11 0.0
0.971743 0.786782 0.841854 11 0.0
0.976182 0.744681 0.768997 11 0.0
0.948402 0.884709 0.443374 11 0.0
0.919152 0.080137 0.319905 10 0.0
0.19359 0.086738 0.288508 7 0.0
0.162429 0.087558 0.288137 7 0.0
0.192522 0.079507 0.362254 7 0.0
0.22475 0.085919 0.288878 7 0.0
0.194657 0.09397 0.214761 7 0.0
0.772359 0.971805 0.957146 24 0.0
0.976697 0.380986 0.989985 11 0.0
0.107868 0.094817 0.002082 2 0.99995
0.977386 0.364542 0.898897 11 0.0
0.97679 0.448071 0.90024 11 0.0
0.976788 0.364025 0.930773 11 0.0
0.977981 0.281014 0.897553 11 0.0
0.977984 0.365059 0.86702 11 0.0
0.082887 0.708248 0.98402 12 0.0
0.101456 0.706195 0.984553 12 0.0
0.089663 0.769944 0.985612 12 0.0
0.064318 0.710301 0.983488 12 0.0
0.076111 0.646552 0.982429 12 0.0
0.601811 0.868504 0.004359 1 0.0
0.393275 0.02436 0.96543 8 0.0
0.037585 0.941926 0.991762 14 0.019948
0.044019 0.946554 0.991274 14 0.019948
0.0366 0.943618 0.99482 14 0.019948
0.031151 0.937299 0.99225 14 0.019948
0.03857 0.940234 0.988704 14 0.019948
0.457507 0.027412 0.980875 8 0.0
0.132512 0.942088 0.863454 22 0.0
0.157652 0.939735 0.859994 22 0.0
0.137995 0.942371 0.90309 22 0.0
0.107372 0.944441 0.866915 22 0.0
0.12703 0.941805 0.823819 22 0.0
0.06675 0.92828 0.664943 14 0.996347
0.078614 0.941219 0.663383 14 0.996347
0.068915 0.932265 0.714442 14 0.996347
0.054885 0.915341 0.666504 14 0.996347
0.064584 0.924295 0.615445 14 0.996347
0.87736 0.932168 0.138872 17 0.0
0.030692 0.088017 0.888407 15 0.0
0.928593 0.698314 0.023294 19 0.000661
0.454075 0.023234 0.986374 6 0.0
0.22142 0.972064 0.916608 24 0.0
0.270301 0.971317 0.908378 24 0.0
0.225612 0.972693 0.941449 24 0.0
0.172539 0.972811 0.924838 24 0.0
0.217228 0.971436 0.891767 24 0.0
0.060132 0.87513 0.477695 15 0.0
0.174467 0.559268 0.003669 1 0.0
0.173471 0.655863 0.003631 1 0.0
0.141932 0.558932 0.003356 1 0.0
0.175463 0.462672 0.003707 1 0.0
0.207003 0.559603 0.003982 1 0.0
0.756433 0.040319 0.975768 8 2e-06
0.179639 0.346389 1.000119 12 0.0
0.130221 0.349716 0.999275 12 0.0
0.172913 0.246265 0.999255 12 0.0
0.229057 0.343062 1.000962 12 0.0
0.186365 0.446512 1.000983 12 0.0
0.577223 0.150103 0.026063 2 0.0
0.435233 0.115472 0.992105 12 0.0
0.064397 0.037154 0.902544 3 0.121904
0.077689 0.25058 0.004086 15 0.999944
0.473158 0.119908 0.001809 2 0.0
0.086237 0.042251 0.69576 3 0.736907
0.378955 0.975098 0.976411 22 0.0
0.356357 0.97129 0.994818 12 0.999315
0.075251 0.074064 0.424083 3 0.0
0.04081 0.919547 0.782139 14 1.6e-05
0.582833 0.022237 0.981098 8 0.0
0.067326 0.115793 0.300166 3 0.0
0.075006 0.044393 0.762391 3 0.999993
0.391752 0.164656 0.997458 12 0.0
0.387123 0.20819 0.998141 12 0.0
0.278081 0.15256 0.998079 12 0.0
0.396381 0.121123 0.996774 12 0.0
0.505423 0.176753 0.996836 12 0.0
0.024462 0.263607 0.989333 15 0.980555
0.368857 0.071928 0.972079 12 0.0
0.641779 0.974313 0.965005 22 0.0
0.059404 0.280694 0.314377 15 0.0
0.064566 0.275659 0.21526 15 0.0
0.058785 0.338812 0.311393 15 0.0
0.054241 0.285728 0.413495 15 0.0
0.060022 0.222575 0.317362 15 0.0
0.025584 0.529024 0.990187 15 1.9e-05
0.031366 0.68964 0.972614 15 0.0
0.059137 0.832529 0.179987 15 0.0
0.905767 0.066161 0.365685 10 0.0
0.89007 0.940168 0.312894 18 0.000331
0.882371 0.072776 0.042396 10 0.998353
0.048421 0.110811 0.840316 4 0.0
0.046648 0.129291 0.844574 4 0.0
0.048937 0.102899 0.874862 4 0.0
0.050195 0.09233 0.836057 4 0.0
0.047906 0.118722 0.80577 4 0.0
0.146983 0.956409 0.594029 23 0.0
0.937846 0.07059 0.619632 10 0.0
0.033007 0.641418 0.975044 15 3e-06
0.083541 0.955106 0.690822 14 0.0
0.403463 0.976312 0.97919 22 0.0
0.049983 0.171018 0.640381 15 0.0
0.118969 0.061813 0.286818 6 0.0
0.908169 0.071846 0.587471 10 0.0
0.068351 0.968257 0.923043 14 0.0
0.039769 0.927054 0.894577 14 1e-06
0.046718 0.941054 0.891395 14 1e-06
0.044002 0.932789 0.929057 14 1e-06
0.032821 0.913053 0.897758 14 1e-06
0.035537 0.921319 0.860096 14 1e-06
0.973617 0.606761 0.991178 19 0.0
0.156779 0.892398 0.230292 20 0.0
0.183555 0.895982 0.234648 20 0.0
0.146971 0.887809 0.294344 20 0.0
0.130003 0.888814 0.225935 20 0.0
0.166587 0.896987 0.16624 20 0.0
0.126761 0.929529 0.626025 20 0.0
0.058171 0.065292 0.689757 3 0.0
0.141828 0.116684 0.227298 9 2.4e-05
0.141178 0.642801 0.989425 12 0.0
0.178478 0.647714 0.989474 12 0.0
0.128591 0.738362 0.988854 12 0.0
0.103879 0.637887 0.989376 12 0.0
0.153766 0.547239 0.989996 12 0.0
0.067937 0.874193 0.315744 16 0.0
0.102769 0.795284 0.582862 15 0.0
0.101916 0.811304 0.494333 15 0.0
0.100606 0.826409 0.588515 15 0.0
0.103622 0.779265 0.671391 15 0.0
0.104931 0.76416 0.57721 15 0.0
0.182519 0.935169 0.552785 20 0.0
0.077446 0.149624 0.278037 15 0.0
0.11311 0.953515 0.545981 23 0.0
0.066453 0.063597 0.616363 3 0.0
0.977815 0.334138 0.850284 11 0.0
0.977715 0.342309 0.894476 11 0.0
0.975675 0.256609 0.864614 11 0.0
0.977915 0.325967 0.806093 11 0.0
0.979954 0.411666 0.835954 11 0.0
0.31178 0.97456 0.949124 24 0.0
0.939226 0.178933 0.216672 11 0.0
0.943134 0.205359 0.215939 11 0.0
0.94547 0.179847 0.282846 11 0.0
0.935319 0.152507 0.217406 11 0.0
0.932983 0.178019 0.150499 11 0.0
0.192311 0.69703 0.002123 1 0.0
0.158929 0.688258 0.001908 1 0.0
0.21106 0.625673 0.002312 1 0.0
0.225694 0.705801 0.002339 1 0.0
0.173563 0.768386 0.001935 1 0.0
0.436186 0.946666 0.996044 12 0.0
0.025108 0.572442 0.979148 15 0.0
0.057594 0.117088 0.891881 15 0.0
0.117014 0.938768 0.844134 24 0.0
0.133346 0.939523 0.843331 24 0.0
0.119521 0.93109 0.88788 24 0.0
0.100683 0.938013 0.844937 24 0.0
0.114508 0.946446 0.800388 24 0.0
0.970532 0.075033 0.948102 10 0.999999
0.911172 0.672459 0.996093 12 0.0
0.941182 0.322093 0.926439 11 0.0
0.896338 0.262985 0.995216 12 0.0
0.923424 0.263276 0.996133 12 0.0
0.897238 0.189051 0.992092 12 0.0
0.869252 0.262694 0.9943 12 0.0
0.895438 0.336919 0.998341 12 0.0
0.918638 0.230507 0.944342 11 0.0
0.927587 0.279845 0.938611 11 0.0
0.928149 0.230527 0.959361 11 0.0
0.909689 0.18117 0.950072 11 0.0
0.909128 0.230488 0.929323 11 0.0
0.056247 0.874631 0.289162 15 0.0
0.946206 0.144555 0.514329 11 0.0
0.860207 0.334098 0.90478 12 0.0
0.923828 0.363498 0.957318 12 0.0
0.875426 0.944488 0.337752 17 0.0
0.033155 0.767264 0.68547 15 0.0
0.02785 0.785812 0.777891 15 0.0
0.032186 0.723638 0.69417 15 0.0
0.038461 0.748716 0.593049 15 0.0
0.034124 0.810891 0.67677 15 0.0
0.047844 0.873378 0.501487 15 0.0
0.975097 0.717636 0.891193 11 0.0
0.974574 0.712766 0.924397 11 0.0
0.979045 0.649715 0.881293 11 0.0
0.97562 0.722506 0.857988 11 0.0
0.971148 0.785557 0.901092 11 0.0
0.881598 0.941508 0.679672 20 0.0
0.056479 0.876693 0.307654 15 0.0
0.030232 0.67998 0.746367 15 0.0
0.026783 0.687077 0.823273 15 0.0
0.029856 0.607632 0.753027 15 0.0
0.03368 0.672883 0.669462 15 0.0
0.030607 0.752328 0.739707 15 0.0
0.91776 0.632138 0.829878 11 0.0
0.915186 0.634257 0.881835 11 0.0
0.916486 0.532492 0.833878 11 0.0
0.920334 0.63002 0.777922 11 0.0
0.919033 0.731785 0.825879 11 0.0
0.937302 0.116104 0.241872 11 0.000607
0.091122 0.377803 0.000299 2 2.5e-05
0.908238 0.957806 0.829828 20 0.000215
0.032264 0.085961 0.892462 3 0.0
0.944082 0.634394 0.964087 11 1e-06
0.930866 0.111403 0.151652 10 0.99995
0.951114 0.223079 0.235273 11 0.0
0.954296 0.259623 0.229456 11 0.0
0.958844 0.233972 0.307921 11 0.0
0.947932 0.186536 0.241091 11 0.0
0.943384 0.212187 0.162626 11 0.0
0.039067 0.892421 0.9637 16 0.0
0.039975 0.911693 0.967874 16 0.0
0.038036 0.890393 0.973287 16 0.0
0.03816 0.873149 0.959526 16 0.0
0.040099 0.894449 0.954113 16 0.0
0.902707 0.080106 0.170718 10 0.0
0.931637 0.164563 0.026232 11 0.008895
0.932993 0.181612 0.027803 11 0.008895
0.932903 0.163661 0.034931 11 0.008895
0.930281 0.147513 0.024661 11 0.008895
0.930372 0.165465 0.017532 11 0.008895
0.975807 0.701672 0.974572 11 0.0
0.029986 0.129625 0.862918 15 0.0
0.029162 0.151207 0.863779 15 0.0
0.028765 0.127744 0.908907 15 0.0
0.030809 0.108043 0.862057 15 0.0
0.031207 0.131506 0.81693 15 0.0
0.084358 0.822743 0.094175 15 0.949523
0.08408 0.834652 0.098328 15 0.949523
0.090462 0.813462 0.121195 15 0.949523
0.084636 0.810833 0.090021 15 0.949523
0.078253 0.832023 0.067155 15 0.949523
0.055406 0.738164 0.249948 15 0.0
0.055699 0.785467 0.255747 15 0.0
0.050376 0.728604 0.328179 15 0.0
0.055112 0.690862 0.244148 15 0.0
0.060435 0.747725 0.171716 15 0.0
0.048604 0.822094 0.375959 15 0.0
0.033694 0.084374 0.876202 3 0.0
0.061859 0.965286 0.992538 14 1e-06
0.913127 0.085296 0.285173 10 0.0
0.11238 0.080914 0.010114 3 0.997333
0.105951 0.086545 0.008665 3 0.997333
0.112719 0.082145 0.013393 3 0.997333
0.11881 0.075284 0.011563 3 0.997333
0.112042 0.079684 0.006836 3 0.997333
0.061807 0.906138 0.446564 14 0.0
0.074503 0.939067 0.670224 14 0.879928
0.077703 0.887881 0.134305 14 0.005352
0.084244 0.899546 0.133081 14 0.005352
0.075918 0.893489 0.178218 14 0.005352
0.071163 0.876215 0.135529 14 0.005352
0.079489 0.882272 0.090392 14 0.005352
0.953106 0.182639 0.995951 12 0.861224
0.101976 0.145613 0.299235 3 1e-06
0.06934 0.957503 0.833187 14 0.0
0.930636 0.880053 0.146251 19 0.02209
0.052809 0.935412 0.722332 14 0.0
0.166076 0.064848 0.316611 6 0.0
0.150933 0.064722 0.316011 6 0.0
0.164723 0.058701 0.352046 6 0.0
0.181219 0.064974 0.317211 6 0.0
0.167429 0.070995 0.281176 6 0.0
0.792064 0.953029 0.931659 20 0.0
0.747915 0.954264 0.925441 20 0.0
0.789612 0.953965 0.949252 20 0.0
0.836212 0.951795 0.937876 20 0.0
0.794515 0.952093 0.914066 20 0.0
0.6033 0.066658 0.054027 9 0.0
0.975012 0.351963 0.97081 11 0.0
0.867125 0.969757 0.796552 23 0.0
0.066239 0.918781 0.496927 14 0.0
0.143892 0.896836 0.599758 23 0.0
0.916851 0.110722 0.023484 10 0.126719
0.921513 0.117204 0.020671 10 0.126719
0.920161 0.11188 0.031641 10 0.126719
0.912189 0.104239 0.026296 10 0.126719
0.913542 0.109563 0.015327 10 0.126719
0.132878 0.966665 0.955869 20 0.0
0.151615 0.964356 0.966356 20 0.0
0.128709 0.966819 0.963353 20 0.0
0.114141 0.968974 0.945382 20 0.0
0.137048 0.966511 0.948386 20 0.0
0.402904 0.912826 0.002728 2 0.0
0.602162 0.853601 0.003378 1 0.0
0.60123 0.877989 0.003613 1 0.0
0.650105 0.855416 0.00497 1 0.0
0.603093 0.829213 0.003144 1 0.0
0.554218 0.851786 0.001787 1 0.0
0.042674 0.944864 0.986391 14 0.000573
0.05151 0.953482 0.985969 14 0.000573
0.042238 0.945514 0.990554 14 0.000573
0.033839 0.936245 0.986813 14 0.000573
0.043111 0.944213 0.982228 14 0.000573
0.533727 0.024631 0.965923 8 0.0
0.156778 0.893573 0.705177 20 0.0
0.190098 0.893338 0.712801 20 0.0
0.137828 0.886726 0.787788 20 0.0
0.123459 0.893809 0.697553 20 0.0
0.175729 0.900421 0.622566 20 0.0
0.839446 0.972292 0.974148 22 0.0
0.928458 0.164329 0.002109 1 1.0
0.260176 0.973558 0.933771 20 0.0
0.580968 0.967816 0.814721 24 0.0
0.690598 0.967672 0.839907 24 0.0
0.56933 0.96988 0.865393 24 0.0
0.471338 0.96796 0.789535 24 0.0
0.592606 0.965753 0.764049 24 0.0
0.927598 0.053262 0.868732 10 7e-06
0.440473 0.022954 0.957847 8 0.0
0.045724 0.299396 0.994681 12 0.0
0.277376 0.972655 0.962267 22 0.0
0.097408 0.954046 0.641233 14 0.0
0.067942 0.030747 0.959607 3 0.999981
0.065547 0.035015 0.960093 3 0.999981
0.069526 0.031071 0.96457 3 0.999981
0.070336 0.02648 0.959122 3 0.999981
0.066358 0.030424 0.954645 3 0.999981
0.660825 0.023535 0.957385 8 0.0
0.888215 0.94902 0.423712 23 0.0
0.024287 0.124883 0.990369 15 0.00371
0.896465 0.958649 0.627492 20 0.0
0.903109 0.069558 0.254024 10 0.0
0.901488 0.07614 0.693129 7 0.964764
0.712692 0.968043 0.971105 22 0.0
0.306827 0.922795 0.995175 12 0.0
0.887691 0.964696 0.714317 20 0.0
0.446667 0.023928 0.983113 6 0.0
0.876869 0.899749 0.51203 17 0.0
0.808857 0.950835 0.419954 23 0.0
0.076714 0.067575 0.822714 3 0.0
0.064161 0.076867 0.823917 3 0.0
0.078204 0.066073 0.849879 3 0.0
0.089266 0.058283 0.821512 3 0.0
0.075223 0.069077 0.795549 3 0.0
0.655536 0.975643 0.956209 24 0.0
0.279639 0.139862 0.017808 1 0.0
0.058881 0.923314 0.59746 14 0.0
0.941581 0.131502 0.39282 11 0.0
0.080926 0.413471 0.997696 12 0.0
0.071617 0.032687 0.905631 3 0.451522
0.918669 0.059614 0.524369 10 0.0
0.041563 0.107436 0.867442 3 0.0
0.041319 0.122319 0.870994 3 0.0
0.03859 0.097536 0.908722 3 0.0
0.041808 0.092553 0.86389 3 0.0
0.044537 0.117336 0.826162 3 0.0
0.876348 0.391262 0.994927 12 0.0
0.183896 0.087072 0.665678 6 0.0
0.230141 0.08422 0.668139 6 0.0
0.177479 0.067374 0.763469 6 0.0
0.137652 0.089924 0.663218 6 0.0
0.190314 0.10677 0.567888 6 0.0
0.950564 0.657893 0.986245 13 0.0
0.071641 0.969536 0.912711 14 0.999928
0.954502 0.212515 0.393294 11 0.0
0.945725 0.203009 0.302032 11 0.0
0.960779 0.25088 0.388694 11 0.0
0.963279 0.222022 0.484556 11 0.0
0.948225 0.17415 0.397894 11 0.0
0.910261 0.192499 0.36246 11 0.0
0.908133 0.208916 0.26607 11 0.0
0.915846 0.230628 0.368831 11 0.0
0.912389 0.176081 0.458851 11 0.0
0.904676 0.15437 0.356089 11 0.0
0.855729 0.105732 0.391463 7 0.0
0.885511 0.118619 0.382919 7 0.0
0.864276 0.104375 0.419208 7 0.0
0.825948 0.092844 0.400006 7 0.0
0.847183 0.107089 0.363717 7 0.0
0.143695 0.935261 0.699239 20 0.0
0.041662 0.907819 0.770178 15 0.0
0.958423 0.367545 0.996442 12 0.0
0.939229 0.114981 0.319197 11 0.0
0.881087 0.951183 0.484888 17 0.0
0.036087 0.942507 0.937581 14 0.317241
0.040413 0.945773 0.939414 14 0.317241
0.033978 0.940966 0.945302 14 0.317241
0.03176 0.939241 0.935747 14 0.317241
0.038195 0.944048 0.92986 14 0.317241
0.695631 0.11427 0.995936 12 0.0
0.696403 0.144231 0.995073 12 0.0
0.782805 0.112063 0.997265 12 0.0
0.694859 0.08431 0.996798 12 0.0
0.608457 0.116477 0.994607 12 0.0
0.047868 0.117126 0.520114 4 0.0
0.03196 0.894323 0.78663 15 0.0
0.124715 0.825909 0.310601 15 1e-05
0.131326 0.788566 0.998245 12 0.0
0.118271 0.847053 0.998156 12 0.0
0.098282 0.78119 0.998243 12 0.0
0.144381 0.730078 0.998334 12 0.0
0.16437 0.795941 0.998248 12 0.0
0.098589 0.128617 0.159891 3 8e-06
0.951767 0.048426 0.952012 10 0.0
0.956094 0.0525 0.967099 10 0.0
0.943158 0.040316 0.95667 10 0.0
0.94744 0.044353 0.936924 10 0.0
0.960376 0.056537 0.947353 10 0.0
0.918303 0.082728 0.294597 10 0.0
0.568407 0.895517 0.003515 1 0.0
0.926608 0.287088 0.995705 12 0.0
0.793126 0.831156 0.945689 13 0.0
0.796886 0.87501 0.948979 13 0.0
0.851247 0.82642 0.942416 13 0.0
0.789367 0.787302 0.9424 13 0.0
0.735006 0.835893 0.948963 13 0.0
0.890405 0.085872 0.203157 10 1e-06
0.89113 0.853939 0.231678 19 0.0
0.90145 0.853188 0.298878 19 0.0
0.897619 0.826054 0.230369 19 0.0
0.88081 0.854691 0.164478 19 0.0
0.88464 0.881825 0.232986 19 0.0
0.924548 0.159682 0.754001 11 0.0
0.930583 0.195562 0.762961 11 0.0
0.922912 0.143348 0.820515 11 0.0
0.918513 0.123802 0.745042 11 0.0
0.926185 0.176016 0.687488 11 0.0
0.958875 0.209397 0.402732 11 0.0
0.959616 0.224703 0.318736 11 0.0
0.96483 0.245366 0.409339 11 0.0
0.958135 0.19409 0.486729 11 0.0
0.952921 0.173428 0.396125 11 0.0
0.88376 0.649912 0.99653 12 0.0
0.161136 0.034141 0.792853 6 0.0
0.190389 0.032583 0.794195 6 0.0
0.157947 0.031493 0.859262 6 0.0
0.131884 0.035699 0.79151 6 0.0
0.164326 0.036789 0.726443 6 0.0
0.94031 0.127684 0.241176 11 0.0
0.050311 0.682403 0.3574 15 0.0
0.050863 0.750319 0.351895 15 0.0
0.042694 0.691434 0.46805 15 0.0
0.049758 0.614487 0.362905 15 0.0
0.057927 0.673372 0.24675 15 0.0
0.039929 0.391682 0.886626 4 0.0
0.494415 0.067489 0.051319 9 0.0
0.957783 0.898428 0.701782 11 9e-06
0.519406 0.131323 -0.000429 1 0.0
0.898455 0.089158 0.751778 10 0.0
0.926886 0.276731 0.012099 11 0.234995
0.047612 0.699235 0.40308 16 0.0
0.048368 0.763877 0.401776 16 0.0
0.039763 0.701866 0.528963 16 0.0
0.046856 0.634593 0.404383 16 0.0
0.055461 0.696604 0.277196 16 0.0
0.452557 0.964701 0.974956 22 0.0
0.952356 0.172856 0.383177 11 0.0
0.944561 0.882018 0.586923 11 0.0
0.41231 0.974905 0.955551 23 0.0
0.976163 0.422357 0.992168 12 0.000222
0.023726 0.71363 0.860556 15 0.0
0.024425 0.778258 0.857223 15 0.0
0.022617 0.715882 0.904013 15 0.0
0.023027 0.649001 0.863888 15 0.0
0.024835 0.711377 0.817098 15 0.0
0.944355 0.170992 0.209795 11 0.0
0.947229 0.191937 0.211752 11 0.0
0.948588 0.16455 0.272508 11 0.0
0.94148 0.150047 0.207837 11 0.0
0.940122 0.177435 0.147082 11 0.0
0.074555 0.112751 0.188579 3 0.0
0.050912 0.83463 0.583982 16 0.0
0.886828 0.084543 0.02745 10 0.107388
0.893893 0.089684 0.025349 10 0.107388
0.887829 0.086942 0.036683 10 0.107388
0.879763 0.079402 0.029552 10 0.107388
0.885828 0.082144 0.018218 10 0.107388
0.932671 0.138343 0.088441 11 0.0
0.933787 0.148074 0.088773 11 0.0
0.935519 0.137055 0.116637 11 0.0
0.931555 0.128613 0.088109 11 0.0
0.929823 0.139632 0.060244 11 0.0
0.948673 0.046809 0.935684 10 0.0
0.955476 0.049846 0.956159 10 0.0
0.940615 0.038653 0.939571 10 0.0
0.941871 0.043772 0.915208 10 0.0
0.956732 0.054966 0.931796 10 0.0
0.031199 0.178852 0.821629 15 0.0
0.030898 0.213646 0.82256 15 0.0
0.029023 0.177289 0.879335 15 0.0
0.0315 0.144057 0.820697 15 0.0
0.033374 0.180415 0.763922 15 0.0
0.097666 0.736325 0.113157 15 0.00054
0.101437 0.756856 0.12756 15 0.00054
0.104401 0.720106 0.134513 15 0.00054
0.093896 0.715794 0.098754 15 0.00054
0.090932 0.752544 0.091801 15 0.00054
0.057377 0.742253 0.202991 15 0.0
0.057649 0.78791 0.209558 15 0.0
0.052343 0.733087 0.266932 15 0.0
0.057105 0.696596 0.196425 15 0.0
0.06241 0.751419 0.13905 15 0.0
0.127195 0.121404 0.210724 9 4.4e-05
0.115268 0.139453 0.063053 3 2e-06
0.120371 0.147947 0.057156 3 2e-06
0.124347 0.146745 0.08141 3 2e-06
0.110166 0.130959 0.06895 3 2e-06
0.10619 0.132161 0.044695 3 2e-06
0.050083 0.061969 0.914197 3 0.0
0.044704 0.069641 0.887943 3 0.0
0.043628 0.070363 0.917972 3 0.0
0.055463 0.054298 0.94045 3 0.0
0.056539 0.053576 0.910421 3 0.0
0.931462 0.105231 0.271083 10 0.266757
0.083084 0.819484 0.21398 15 0.514646
0.083333 0.839231 0.225717 15 0.514646
0.077327 0.805061 0.238369 15 0.514646
0.082836 0.799737 0.202243 15 0.514646
0.088842 0.833907 0.189592 15 0.514646
0.080957 0.097509 0.149272 3 0.0
0.026576 0.918709 0.99197 16 0.0
0.168094 0.886864 0.291007 20 0.0
0.201157 0.889044 0.297845 20 0.0
0.152354 0.879099 0.369579 20 0.0
0.135031 0.884685 0.284168 20 0.0
0.183834 0.89463 0.212435 20 0.0
0.931879 0.051038 0.963606 10 0.999914
0.939057 0.047272 0.975766 10 0.999914
0.918977 0.040477 0.967951 10 0.999914
0.924701 0.054805 0.951447 10 0.999914
0.944781 0.0616 0.959262 10 0.999914
0.958247 0.070589 0.810678 10 0.251616
0.706592 0.024613 0.954691 8 0.0
0.973522 0.224395 0.979265 11 0.0
0.113587 0.097146 0.136946 3 0.997173
0.099195 0.101458 0.138463 3 0.997173
0.117495 0.096732 0.175194 3 0.997173
0.127979 0.092835 0.135429 3 0.997173
0.109679 0.09756 0.098697 3 0.997173
0.041745 0.937307 0.965781 14 0.999998
0.038624 0.940658 0.95748 14 0.999998
0.049435 0.947137 0.966857 14 0.999998
0.044867 0.933957 0.974083 14 0.999998
0.034056 0.927477 0.964706 14 0.999998
0.879533 0.101007 0.122085 10 0.999781
0.897255 0.108035 0.118074 10 0.999781
0.884331 0.110704 0.160269 10 0.999781
0.86181 0.093978 0.126097 10 0.999781
0.874735 0.09131 0.083902 10 0.999781
0.034967 0.934963 0.933537 14 8e-06
0.029826 0.928855 0.933701 14 8e-06
0.035535 0.935079 0.955697 14 8e-06
0.040108 0.941071 0.933373 14 8e-06
0.034398 0.934847 0.911377 14 8e-06
0.927607 0.046173 0.918724 10 0.998124
0.922762 0.044117 0.935901 10 0.998124
0.920012 0.046815 0.916659 10 0.998124
0.932453 0.048229 0.901548 10 0.998124
0.935202 0.045532 0.92079 10 0.998124
0.030441 0.237871 0.831981 15 0.0
0.028676 0.291996 0.839812 15 0.0
0.028034 0.230236 0.884209 15 0.0
0.032206 0.183747 0.82415 15 0.0
0.032848 0.245506 0.779753 15 0.0
0.084426 0.132881 0.042281 3 4e-06
0.082178 0.138335 0.041093 3 4e-06
0.088268 0.137611 0.056724 3 4e-06
0.086674 0.127428 0.04347 3 4e-06
0.080584 0.128151 0.027839 3 4e-06
0.186568 0.066897 0.264302 7 0.0
0.167057 0.06714 0.265968 7 0.0
0.191483 0.063901 0.322304 7 0.0
0.206079 0.066654 0.262636 7 0.0
0.181653 0.069893 0.2063 7 0.0
0.754082 0.974579 0.962823 22 0.0
0.184594 0.973013 0.950955 24 0.0
0.147 0.972925 0.947206 24 0.0
0.183058 0.973166 0.96635 24 0.0
0.222187 0.9731 0.954704 24 0.0
0.186129 0.97286 0.93556 24 0.0
0.07517 0.924017 0.482421 14 0.0
0.882213 0.969361 0.794756 20 0.0
0.108121 0.09373 0.33183 5 2.9e-05
0.094093 0.099867 0.342579 5 2.9e-05
0.12094 0.089007 0.351255 5 2.9e-05
0.122148 0.087593 0.321081 5 2.9e-05
0.095302 0.098453 0.312405 5 2.9e-05
0.070713 0.766298 0.023075 15 0.004111
0.40086 0.932934 0.034788 20 0.0
0.101487 0.108653 0.996499 12 0.0
0.08693 0.132864 0.996253 12 0.0
0.078876 0.095055 0.996208 12 0.0
0.116044 0.084442 0.996746 12 0.0
0.124098 0.122251 0.99679 12 0.0
0.489857 0.892157 0.003228 1 0.0
0.074712 0.895504 0.20872 14 5e-06
0.552135 0.023598 0.984897 6 0.0
0.033036 0.082026 0.861542 3 0.0
0.111493 0.870649 0.003884 2 0.0
0.121484 0.888323 0.005224 2 0.0
0.122116 0.864664 0.003615 2 0.0
0.101502 0.852975 0.002545 2 0.0
0.10087 0.876634 0.004154 2 0.0
0.038926 0.104404 0.941835 3 0.0
0.036197 0.106191 0.960208 3 0.0
0.038576 0.096478 0.942553 3 0.0
0.041655 0.102618 0.923462 3 0.0
0.039275 0.11233 0.941116 3 0.0
0.977537 0.551968 0.906363 11 0.0
0.052514 0.430012 0.984105 12 1e-06
0.094152 0.34711 0.000163 2 0.0
0.478585 0.138114 0.011068 2 1.5e-05
0.421976 0.960384 0.966442 22 0.0
0.02796 0.420323 0.961088 4 0.0
0.063497 0.917525 0.527435 14 0.0
0.570376 0.02633 0.979154 8 0.0
0.222362 0.141168 0.036924 2 0.0
0.217913 0.15824 0.039277 2 0.0
0.262563 0.150332 0.046448 2 0.0
0.226811 0.124095 0.034572 2 0.0
0.182161 0.132003 0.027401 2 0.0
0.495882 0.958839 0.962389 20 0.0
0.340177 0.157476 0.000583 1 0.0
0.423529 0.159626 -0.001538 1 0.0
0.339429 0.185428 -0.000487 1 0.0
0.256826 0.155326 0.002705 1 0.0
0.340926 0.129524 0.001653 1 0.0
0.103335 0.943567 0.706526 20 0.0
0.131863 0.967067 0.827593 24 0.0
0.153619 0.96805 0.825825 24 0.0
0.136206 0.968609 0.881879 24 0.0
0.110108 0.966085 0.829361 24 0.0
0.127521 0.965526 0.773308 24 0.0
0.095555 0.104771 0.991847 12 0.0
0.119883 0.106255 0.992191 12 0.0
0.093935 0.131825 0.989717 12 0.0
0.071228 0.103286 0.991503 12 0.0
0.097176 0.077716 0.993977 12 0.0
0.92717 0.55113 0.014898 19 1.2e-05
0.093949 0.113579 0.222063 15 4e-06
0.975037 0.400053 0.969077 11 0.0
0.944184 0.846604 0.985013 13 0.0
0.399466 0.071467 0.993378 12 0.0
0.021018 0.363248 0.990483 4 0.741995
0.950076 0.209893 0.337042 11 0.0
0.956473 0.249198 0.33592 11 0.0
0.957496 0.211579 0.438331 11 0.0
0.943679 0.170589 0.338165 11 0.0
0.942656 0.208208 0.235754 11 0.0
0.043088 0.148032 0.674567 15 0.0
0.155998 0.949321 0.540077 20 0.0
0.067599 0.239387 0.191396 4 0.0
0.06424 0.286817 0.200865 4 0.0
0.0653 0.227256 0.251343 4 0.0
0.070957 0.191958 0.181927 4 0.0
0.069897 0.251519 0.131449 4 0.0
0.032909 0.777514 0.974017 15 0.0
0.92906 0.125022 0.078448 11 1.0
0.059962 0.884029 0.23754 15 0.009088
0.952873 0.216588 0.313578 11 0.0
0.957935 0.256263 0.315029 11 0.0
0.959565 0.212281 0.407975 11 0.0
0.94781 0.176914 0.312126 11 0.0
0.94618 0.220896 0.21918 11 0.0
0.929446 0.129104 0.418814 11 0.0
0.963407 0.268303 0.968048 11 0.0
0.931954 0.076395 0.490907 10 0.0
0.964988 0.900992 0.925855 11 0.0
0.031295 0.930253 0.887605 14 0.211059
0.714847 0.026416 0.968926 8 0.0
0.903475 0.964606 0.712061 20 0.0
0.102544 0.044194 0.647398 3 2e-06
0.055089 0.10891 0.349273 3 0.0
0.187641 0.903663 0.485985 20 0.0
0.224709 0.902815 0.490155 20 0.0
0.174218 0.894125 0.603354 20 0.0
0.150573 0.904512 0.481815 20 0.0
0.201064 0.913202 0.368615 20 0.0
0.087647 0.965629 0.915626 14 0.0
0.649999 0.147556 -5.9e-05 1 0.0
0.067366 0.971547 0.966199 14 0.0
0.099554 0.865466 0.225399 15 1e-06
0.783077 0.949691 0.9114 23 0.0
0.726468 0.953331 0.906104 23 0.0
0.78081 0.951175 0.936652 23 0.0
0.839686 0.946052 0.916695 23 0.0
0.785344 0.948208 0.886148 23 0.0
0.063247 0.922905 0.543517 14 0.0
0.090331 0.941849 0.587068 14 0.0
0.913203 0.069527 0.403703 10 0.0
0.038585 0.811787 0.737521 15 0.0
0.039887 0.847965 0.735205 15 0.0
0.034087 0.815764 0.797105 15 0.0
0.037283 0.775609 0.739838 15 0.0
0.043082 0.80781 0.677938 15 0.0
0.059674 0.910578 0.548554 15 0.003563
0.112454 0.046836 0.562579 3 0.0
0.957769 0.837616 0.55023 11 0.0
0.042728 0.900103 0.856181 15 0.0
0.936204 0.03914 0.870367 10 0.0
0.951925 0.264179 0.238551 11 0.0
0.952176 0.298296 0.22325 11 0.0
0.96147 0.295669 0.308924 11 0.0
0.951675 0.230061 0.253852 11 0.0
0.94238 0.232688 0.168177 11 0.0
0.051226 0.067367 0.814263 3 0.0
0.878214 0.112549 0.792456 7 0.0
0.89827 0.119369 0.792002 7 0.0
0.886588 0.09193 0.852674 7 0.0
0.858158 0.10573 0.79291 7 0.0
0.869839 0.133169 0.732238 7 0.0
0.937984 0.873994 0.74179 11 0.0
0.915574 0.864614 0.155785 11 0.999935
0.91694 0.872676 0.153275 11 0.999935
0.925125 0.870272 0.179164 11 0.999935
0.914208 0.856551 0.158294 11 0.999935
0.906022 0.858955 0.132405 11 0.999935
0.099654 0.157741 0.492546 15 0.0
0.973281 0.485263 0.838601 11 0.0
0.974437 0.613346 0.839049 11 0.0
0.973306 0.485087 0.888839 11 0.0
0.972125 0.35718 0.838153 11 0.0
0.973256 0.485439 0.788364 11 0.0
0.831814 0.922176 0.691913 20 0.0
0.868288 0.921905 0.690382 20 0.0
0.835616 0.915752 0.783602 20 0.0
0.795341 0.922447 0.693444 20 0.0
0.828012 0.9286 0.600224 20 0.0
0.918379 0.852223 0.417083 11 0.0
0.082556 0.135361 0.882208 15 0.0
0.904786 0.594382 0.967065 12 0.0
0.106559 0.833028 0.801089 15 0.0
0.126476 0.856371 0.748787 15 0.0
0.106182 0.861918 0.81384 15 0.0
0.086643 0.809684 0.85339 15 0.0
0.106936 0.804137 0.788337 15 0.0
0.921961 0.133668 0.377499 11 0.0
0.053513 0.919262 0.84453 14 0.0
0.479288 0.134594 0.049574 9 1e-06
0.418325 0.973903 0.903019 23 0.0
0.970839 0.263587 0.942663 11 0.0
0.929913 0.666798 0.021427 19 9e-06
0.976277 0.457822 0.965531 11 0.0
0.947365 0.893 0.576921 11 0.001036
0.93881 0.457742 0.077073 11 0.0
0.132051 0.061035 0.680606 7 0.0
0.160121 0.054827 0.685988 7 0.0
0.119064 0.060737 0.748002 7 0.0
0.103981 0.067243 0.675225 7 0.0
0.145038 0.061333 0.61321 7 0.0
0.088179 0.9564 0.639074 14 0.999966
0.08488 0.094593 0.188789 3 0.0
0.023161 0.856665 0.979467 15 0.0
0.907241 0.101955 0.015431 10 7e-06
0.916123 0.112814 0.01443 10 7e-06
0.907234 0.102443 0.020667 10 7e-06
0.898359 0.091096 0.016432 10 7e-06
0.907249 0.101466 0.010194 10 7e-06
0.881192 0.070803 0.092827 10 0.998815
0.934973 0.14948 0.097944 11 0.0
0.936604 0.163023 0.097607 11 0.0
0.936895 0.150001 0.128221 11 0.0
0.933341 0.135938 0.09828 11 0.0
0.933051 0.14896 0.067667 11 0.0
0.963843 0.077355 0.813799 10 1.0
0.966295 0.075219 0.807714 10 1.0
0.966401 0.077566 0.814756 10 1.0
0.96139 0.07949 0.819885 10 1.0
0.961285 0.077143 0.812843 10 1.0
0.976123 0.321986 0.945277 11 0.0
0.961382 0.063369 0.90565 10 0.095089
0.063035 0.77034 0.111242 15 6.6e-05
0.063932 0.80766 0.108471 15 6.6e-05
0.059753 0.773115 0.147549 15 6.6e-05
0.062138 0.733021 0.114013 15 6.6e-05
0.066317 0.767565 0.074935 15 6.6e-05
0.959506 0.896975 0.692759 11 0.0
0.665654 0.183188 -0.002515 1 0.0
0.671188 0.21576 -0.00323 1 0.0
0.744232 0.169845 -0.002179 1 0.0
0.66012 0.150616 -0.0018 1 0.0
0.587075 0.196531 -0.00285 1 0.0
0.870468 0.941797 0.254229 17 0.0
0.057341 0.9199 0.555332 14 0.998235
0.08043 0.066547 0.912476 5 5.8e-05
0.070223 0.072434 0.900804 5 5.8e-05
0.063296 0.075097 0.931771 5 5.8e-05
0.090638 0.060661 0.924149 5 5.8e-05
0.097564 0.057997 0.893181 5 5.8e-05
0.036477 0.074365 0.884837 3 0.0
0.067471 0.867283 0.149411 15 2e-06
0.945406 0.085241 0.665168 10 0.999949
0.931033 0.976663 0.974266 18 0.999947
0.077246 0.973943 0.992693 14 0.0
0.09396 0.9322 0.395792 14 0.0
0.060475 0.962585 0.965721 14 0.0
0.065492 0.967628 0.96623 14 0.0
0.05979 0.962162 0.976686 14 0.0
0.055459 0.957542 0.965213 14 0.0
0.061161 0.963009 0.954756 14 0.0
0.116888 0.060729 0.370921 5 0.0
0.785013 0.964164 0.968172 22 0.0
0.538063 0.069472 0.029785 9 0.0
0.977099 0.274563 0.919196 11 0.0
0.978341 0.338751 0.917803 11 0.0
0.976653 0.275129 0.944871 11 0.0
0.975856 0.210375 0.92059 11 0.0
0.977544 0.273997 0.893521 11 0.0
0.031187 0.063366 0.991017 3 0.039978
0.033053 0.064755 0.987716 3 0.039978
0.026702 0.067759 0.990329 3 0.039978
0.029322 0.061978 0.994317 3 0.039978
0.035672 0.058974 0.991704 3 0.039978
0.077529 0.883303 0.163771 14 1e-06
0.085042 0.898249 0.162113 14 1e-06
0.074691 0.890611 0.216774 14 1e-06
0.070016 0.868356 0.16543 14 1e-06
0.080367 0.875995 0.110768 14 1e-06
0.893312 0.893901 0.004379 1 0.018233
0.89738 0.898066 0.002559 1 0.018233
0.881623 0.905264 0.00426 1 0.018233
0.889244 0.889735 0.006198 1 0.018233
0.905002 0.882537 0.004497 1 0.018233
0.93576 0.091444 0.990937 12 1.5e-05
0.930797 0.106931 0.988963 12 1.5e-05
0.922332 0.086932 0.989305 12 1.5e-05
0.940723 0.075957 0.992912 12 1.5e-05
0.949188 0.095955 0.99257 12 1.5e-05
0.976022 0.88733 0.99139 11 0.002406
0.05711 0.051433 0.831007 3 0.999971
0.049198 0.057998 0.822522 3 0.999971
0.049921 0.054909 0.840399 3 0.999971
0.065021 0.044868 0.839492 3 0.999971
0.064298 0.047956 0.821615 3 0.999971
0.431286 0.863138 0.012967 2 0.0
0.064527 0.656268 0.996285 12 0.0
0.120424 0.595656 0.015796 1 0.0
0.562661 0.971747 0.974675 22 0.0
0.053473 0.903701 0.96854 15 4.8e-05
0.94474 0.961842 0.994106 18 0.0
0.946285 0.963198 0.996221 18 0.0
0.938525 0.968171 0.994588 18 0.0
0.943195 0.960486 0.991992 18 0.0
0.950956 0.955513 0.993624 18 0.0
0.02625 0.089704 0.942023 15 0.0
0.0258 0.092083 0.961566 15 0.0
0.026828 0.080861 0.943113 15 0.0
0.0267 0.087325 0.922481 15 0.0
0.025673 0.098547 0.940933 15 0.0
0.948081 0.084218 0.745287 10 1.0
0.251909 0.974369 0.971267 22 0.0
0.624503 0.0721 0.036996 9 0.0
0.941438 0.227989 0.998108 12 0.0
0.916739 0.852461 0.265988 19 0.0
0.077476 0.212343 0.729099 15 0.0
0.068759 0.265648 0.723564 15 0.0
0.071764 0.219971 0.81155 15 0.0
0.086194 0.159039 0.734635 15 0.0
0.083189 0.204715 0.646649 15 0.0
0.136231 0.318456 0.997021 12 0.0
0.09969 0.31899 0.996211 12 0.0
0.13489 0.225575 0.996231 12 0.0
0.172772 0.317921 0.997831 12 0.0
0.137572 0.411337 0.997811 12 0.0
0.568858 0.960431 0.969007 22 0.0
0.383762 0.060839 0.980615 13 0.0
0.062939 0.921249 0.531459 14 0.0
0.072699 0.889216 0.229731 14 0.0
0.615449 0.02306 0.97954 8 0.0
0.288021 0.026292 0.904807 6 0.0
0.219708 0.027688 0.898066 6 0.0
0.285047 0.025186 0.93471 6 0.0
0.356333 0.024895 0.911548 6 0.0
0.290994 0.027397 0.874904 6 0.0
0.354979 0.032917 0.990468 13 0.0
0.158754 0.380876 0.997919 12 0.0
0.115187 0.379425 0.997411 12 0.0
0.162436 0.270322 0.997828 12 0.0
0.202322 0.382326 0.998426 12 0.0
0.155073 0.491429 0.998009 12 0.0
0.079812 0.452514 0.995419 12 0.0
0.520541 0.974865 0.968991 22 0.0
0.61605 0.976113 0.97059 22 0.0
0.260158 0.067616 0.009875 6 0.859113
0.782396 0.968426 0.988074 22 0.0
0.931208 0.799281 0.035017 19 1e-06
0.929733 0.828852 0.036134 19 1e-06
0.93251 0.798918 0.046324 19 1e-06
0.932684 0.769709 0.0339 19 1e-06
0.929907 0.799643 0.023711 19 1e-06
0.961345 0.342824 0.965213 11 0.0
0.96031 0.1344 0.685235 11 0.0
0.84772 0.119237 0.391575 6 0.0
0.909916 0.072015 0.314119 10 0.0
0.878724 0.071707 0.098453 10 1.0
0.930308 0.884128 0.076512 11 1.0
0.022649 0.449997 0.915127 15 0.0
0.78655 0.961075 0.642578 21 0.0
0.825491 0.961192 0.645801 21 0.0
0.777669 0.967012 0.749669 21 0.0
0.74761 0.960959 0.639355 21 0.0
0.795431 0.955139 0.535486 21 0.0
0.769358 0.826376 0.001845 1 0.0
0.763374 0.858346 0.002274 1 0.0
0.718984 0.816969 0.000317 1 0.0
0.775342 0.794406 0.001417 1 0.0
0.819731 0.835784 0.003374 1 0.0
0.035783 0.899144 0.73388 15 0.0
0.972607 0.80556 0.930079 11 0.0
0.933161 0.053288 0.990457 10 0.999995
0.872477 0.098584 0.238659 10 0.986307
0.897695 0.962987 0.706721 20 0.0
0.975147 0.23302 0.958703 11 0.0
0.070477 0.036522 0.848311 3 0.0
0.896119 0.075166 0.15829 10 0.0
0.933604 0.493911 0.03333 11 8e-06
0.931759 0.49096 0.027584 11 0.0
0.053773 0.787794 0.774535 15 0.0
0.058392 0.839256 0.78178 15 0.0
0.049215 0.778606 0.842704 15 0.0
0.049153 0.736333 0.76729 15 0.0
0.05833 0.796983 0.706366 15 0.0
0.092238 0.082698 0.254428 6 0.000146
0.085353 0.087616 0.258339 6 0.000146
0.099985 0.075042 0.277698 6 0.000146
0.099124 0.077781 0.250518 6 0.000146
0.084491 0.090354 0.231158 6 0.000146
0.012486 0.110157 1.007804 15 1.0
0.079319 0.90333 0.261822 14 0.0
0.201892 0.059226 0.309929 6 0.0
0.23421 0.05827 0.308654 6 0.0
0.205506 0.052567 0.406489 6 0.0
0.169574 0.060183 0.311205 6 0.0
0.198278 0.065885 0.21337 6 0.0
0.070025 0.941281 0.793583 14 2.2e-05
0.066228 0.130456 0.182291 3 0.0
0.730843 0.211032 0.040397 1 0.0
0.676653 0.189482 0.036862 1 0.0
0.716602 0.246292 0.043756 1 0.0
0.785033 0.232582 0.043933 1 0.0
0.745084 0.175772 0.037039 1 0.0
0.027591 0.501924 0.978146 15 0.0
0.945144 0.322524 0.97973 13 1e-06
0.100091 0.060157 0.395181 3 1e-05
0.147319 0.061702 0.780681 5 0.0
0.182583 0.057517 0.7827 5 0.0
0.143689 0.060897 0.84238 5 0.0
0.112054 0.065886 0.778661 5 0.0
0.150948 0.062506 0.718982 5 0.0
0.169241 0.914235 0.798441 20 0.0
0.206493 0.914592 0.792497 20 0.0
0.178326 0.904139 0.854769 20 0.0
0.131989 0.913878 0.804385 20 0.0
0.160156 0.924332 0.742113 20 0.0
0.039898 0.108821 0.687004 3 0.0
0.886693 0.843833 0.316967 11 0.0
0.209617 0.974066 0.963041 22 0.0
0.958432 0.11051 0.651549 11 0.0
0.397796 0.972532 0.97166 22 0.0
0.037312 0.231982 0.702527 15 0.0
0.035902 0.279993 0.71173 15 0.0
0.033683 0.214396 0.793708 15 0.0
0.038723 0.18397 0.693324 15 0.0
0.040942 0.249567 0.611346 15 0.0
0.711136 0.918348 0.002099 2 0.927036
0.158866 0.09318 0.815048 8 0.0
0.128935 0.097159 0.828866 8 0.0
0.178579 0.076367 0.862587 8 0.0
0.188797 0.089202 0.801229 8 0.0
0.139153 0.109994 0.767508 8 0.0
0.149158 0.077194 0.724951 8 0.0
0.176942 0.07653 0.719143 8 0.0
0.16502 0.064782 0.802255 8 0.0
0.121375 0.077859 0.730758 8 0.0
0.133296 0.089607 0.647647 8 0.0
0.606376 0.768562 1.8e-05 1 0.0
0.597956 0.814608 0.001207 1 0.0
0.509249 0.750811 -0.000383 1 0.0
0.614797 0.722516 -0.001172 1 0.0
0.703503 0.786314 0.000418 1 0.0
0.900475 0.938249 0.378959 18 0.000473
0.032686 0.137195 0.806616 15 0.0
0.032471 0.158731 0.80754 15 0.0
0.030674 0.134464 0.86976 15 0.0
0.032901 0.11566 0.805691 15 0.0
0.034698 0.139927 0.743471 15 0.0
0.021598 0.460475 0.921399 15 0.0
0.95054 0.890227 0.807835 11 0.0
0.943345 0.338819 0.997436 12 0.0
0.070461 0.386771 0.996524 12 0.0
0.962059 0.084211 0.790757 10 0.0
0.975059 0.512284 0.963242 11 0.0
0.969476 0.196031 0.829171 11 0.0
0.972559 0.237324 0.825738 11 0.0
0.971892 0.20015 0.880897 11 0.0
0.966394 0.154737 0.832603 11 0.0
0.967061 0.191912 0.777444 11 0.0
0.934979 0.900297 0.659256 19 0.241793
0.102742 0.048137 0.780272 5 0.000258
0.095583 0.532941 0.062144 15 0.0
0.939867 0.128503 0.23079 11 0.0
0.935361 0.1493 0.097459 11 0.0
0.93669 0.162308 0.096826 11 0.0
0.937651 0.150529 0.12749 11 0.0
0.934033 0.136291 0.098093 11 0.0
0.933071 0.14807 0.067428 11 0.0
0.046301 0.09332 0.640326 3 0.0
0.024132 0.376348 0.90989 15 0.0
0.90433 0.216922 0.91937 13 8e-06
0.187648 0.368773 0.944797 12 0.0
0.974026 0.607818 0.979833 19 0.0
0.921502 0.05243 0.745981 10 0.859293
0.172283 0.67823 0.002929 1 0.0
0.141465 0.675046 0.002803 1 0.0
0.18029 0.600765 0.002223 1 0.0
0.203102 0.681414 0.003056 1 0.0
0.164276 0.755695 0.003635 1 0.0
0.119807 0.082522 0.301741 6 0.000186
0.930004 0.200832 0.020541 11 0.0
0.087263 0.132149 0.559101 15 1e-06
0.043973 0.187103 0.604006 4 0.0
0.037304 0.191336 0.696866 4 0.0
0.043837 0.15314 0.605544 4 0.0
0.050643 0.182869 0.511146 4 0.0
0.04411 0.221065 0.602467 4 0.0
0.084181 0.846642 0.654314 15 0.0
0.079811 0.833695 0.589618 15 0.0
0.086872 0.877519 0.647953 15 0.0
0.088551 0.859588 0.71901 15 0.0
0.08149 0.815764 0.660675 15 0.0
0.937305 0.13956 0.176837 11 0.0
0.190019 0.025449 0.972106 6 0.0
0.938133 0.060346 0.692703 10 0.0
0.071502 0.922394 0.43173 14 0.0
0.931869 0.437421 0.033217 11 0.001598
0.027577 0.153046 0.964245 15 0.0
0.028462 0.155222 0.954497 15 0.0
0.024624 0.184597 0.971022 15 0.0
0.026692 0.150869 0.973994 15 0.0
0.030531 0.121495 0.957469 15 0.0
0.597897 0.856605 0.003463 1 0.0
0.891983 0.901402 0.015971 18 0.459368
0.879048 0.911365 0.016451 18 0.459368
0.889957 0.898505 0.021511 18 0.459368
0.904917 0.891439 0.015491 18 0.459368
0.894008 0.904299 0.01043 18 0.459368
0.124884 0.075678 0.215273 6 0.999876
0.11934 0.077394 0.215876 6 0.999876
0.125151 0.071989 0.228233 6 0.999876
0.130427 0.073963 0.214671 6 0.999876
0.124617 0.079368 0.202313 6 0.999876
0.104753 0.091689 0.022202 3 0.216332
0.09249 0.101606 0.018486 3 0.216332
0.103744 0.09299 0.029005 3 0.216332
0.117017 0.081773 0.025918 3 0.216332
0.105763 0.090388 0.0154 3 0.216332
0.136083 0.062559 0.422989 6 0.0
0.116585 0.065637 0.422928 6 0.0
0.135125 0.057653 0.481345 6 0.0
0.155581 0.059481 0.42305 6 0.0
0.137041 0.067466 0.364633 6 0.0
0.038812 0.728278 0.56837 16 0.0
0.044943 0.729022 0.439122 16 0.0
0.039703 0.785888 0.568744 16 0.0
0.037921 0.670667 0.567995 16 0.0
0.046332 0.952556 0.993518 14 0.010568
0.063818 0.2696 0.384586 4 0.0
0.072723 0.277139 0.263677 4 0.0
0.060304 0.332528 0.388251 4 0.0
0.054914 0.26206 0.505495 4 0.0
0.067332 0.206672 0.380921 4 0.0
0.046089 0.94806 0.967722 14 0.0
0.055604 0.957968 0.9693 14 0.0
0.04509 0.947401 0.977882 14 0.0
0.036575 0.938152 0.966143 14 0.0
0.047089 0.948719 0.957561 14 0.0
0.355925 0.146837 0.000583 2 0.0
0.040461 0.941819 0.956554 14 3e-06
0.047578 0.950094 0.955238 14 3e-06
0.042675 0.942163 0.970681 14 3e-06
0.033344 0.933544 0.957871 14 3e-06
0.038247 0.941476 0.942428 14 3e-06
0.928989 0.495374 0.015399 11 0.013612
0.976659 0.167535 0.990096 11 0.001045
0.770283 0.975115 0.973717 22 0.0
0.110714 0.88395 0.183666 16 0.003488
0.124921 0.894651 0.1607 16 0.003488
0.118603 0.894652 0.193533 16 0.003488
0.096506 0.873248 0.206632 16 0.003488
0.102824 0.873247 0.173798 16 0.003488
0.911136 0.964934 0.794728 23 0.0
0.779957 0.97556 0.991146 22 0.0
0.077401 0.88277 0.055946 14 0.99669
0.941484 0.878258 0.300751 11 0.0
0.952903 0.796054 0.409793 11 0.0
0.94984 0.82825 0.416132 11 0.0
0.959886 0.779938 0.495011 11 0.0
0.955965 0.763858 0.403453 11 0.0
0.94592 0.812169 0.324574 11 0.0
0.812202 0.971635 0.963855 22 0.0
0.098697 0.211544 0.392745 15 0.0
0.114342 0.186221 0.288586 15 0.0
0.097796 0.249085 0.383483 15 0.0
0.083053 0.236867 0.496905 15 0.0
0.099598 0.174003 0.402008 15 0.0
0.074116 0.887557 0.264062 14 3.4e-05
0.076183 0.848225 0.275315 16 0.0
0.091541 0.952881 0.686872 14 0.0
0.151286 0.927749 0.673835 20 0.0
0.042256 0.069572 0.966199 15 0.000287
0.036332 0.083096 0.970607 15 0.000287
0.041737 0.067024 0.973318 15 0.000287
0.048179 0.056047 0.961791 15 0.000287
0.042774 0.072119 0.95908 15 0.000287
0.077071 0.112528 0.160608 3 0.0
0.1084 0.301145 0.963857 12 0.0
0.133356 0.298367 0.966024 12 0.0
0.11467 0.36144 0.968951 12 0.0
0.083444 0.303923 0.961691 12 0.0
0.10213 0.24085 0.958763 12 0.0
0.898619 0.061313 0.282545 10 0.999903
0.365145 0.974236 0.97559 22 0.0
0.463282 0.917713 0.99311 12 0.0
0.850033 0.84992 0.995539 12 0.0
0.869434 0.883194 0.993677 12 0.0
0.886759 0.82845 0.994525 12 0.0
0.830633 0.816647 0.997401 12 0.0
0.813308 0.87139 0.996553 12 0.0
0.028631 0.931061 0.951076 14 1.0
0.952919 0.885788 0.810423 11 1.6e-05
0.923845 0.058614 0.559856 10 0.0
0.340101 0.024481 0.98063 5 0.447815
0.063948 0.365188 0.997396 12 0.0
0.591752 0.914249 0.002895 2 3e-06
0.574347 0.970187 0.978727 22 0.0
0.336388 0.057384 0.989166 12 0.0
0.930995 0.909138 0.994566 13 6e-06
0.917284 0.903896 0.994396 13 6e-06
0.922667 0.930935 0.994064 13 6e-06
0.944705 0.914379 0.994736 13 6e-06
0.939322 0.88734 0.995069 13 6e-06
0.948967 0.094869 0.484979 10 0.996321
0.055015 0.927355 0.664421 14 0.999758
0.885956 0.941713 0.311322 17 0.0
0.141241 0.923774 0.59053 20 0.0
0.893543 0.959111 0.735537 20 0.0
0.058225 0.056752 0.758288 3 0.0
0.061473 0.176058 0.277124 15 0.0
0.976026 0.259201 0.926655 11 0.0
0.977724 0.319115 0.918794 11 0.0
0.975306 0.262127 0.9488 11 0.0
0.974328 0.199287 0.934516 11 0.0
0.976745 0.256275 0.904509 11 0.0
0.135114 0.332762 0.002318 2 0.0
0.112675 0.064542 0.21939 3 0.0
0.2355 0.975667 0.967366 24 0.0
0.941491 0.127949 0.295565 11 0.0
0.124653 0.068824 0.083642 6 1e-06
0.959429 0.098821 0.652036 11 0.0
0.93367 0.066214 0.624534 10 0.0
0.088908 0.94899 0.497767 14 0.999843
0.058061 0.878354 0.782091 15 0.0
0.923433 0.137898 0.329533 11 0.0
0.875084 0.965182 0.730557 20 0.0
0.949408 0.180652 0.348629 11 0.0
0.955577 0.211389 0.351955 11 0.0
0.951615 0.170504 0.438314 11 0.0
0.943239 0.149915 0.345302 11 0.0
0.947201 0.1908 0.258943 11 0.0
0.895817 0.414509 0.045268 11 0.0
0.049222 0.098772 0.619177 15 0.0
0.055483 0.873587 0.324483 15 0.0
0.037316 0.128076 0.73821 15 0.0
0.073888 0.111669 0.262484 15 1e-06
0.055007 0.128927 0.925412 15 1e-06
0.052285 0.131705 0.938515 15 1e-06
0.055315 0.119482 0.927479 15 1e-06
0.057729 0.126149 0.91231 15 1e-06
0.054699 0.138372 0.923346 15 1e-06
0.532182 0.947057 0.910858 20 0.0
0.974393 0.419679 0.960821 11 0.0
0.916547 0.153829 0.606841 11 0.0
0.919545 0.18558 0.611355 11 0.0
0.917788 0.142964 0.682448 11 0.0
0.913548 0.122077 0.602328 11 0.0
0.915305 0.164693 0.531234 11 0.0
0.889375 0.967931 0.833083 20 0.0
0.903592 0.966666 0.832013 20 0.0
0.892703 0.968343 0.876795 20 0.0
0.875158 0.969196 0.834154 20 0.0
0.886047 0.967519 0.789371 20 0.0
0.113548 0.865709 0.813158 15 2e-06
0.133149 0.873132 0.816065 15 2e-06
0.10058 0.876177 0.873867 15 2e-06
0.093946 0.858287 0.810251 15 2e-06
0.126515 0.855241 0.75245 15 2e-06
0.945746 0.200173 0.189065 11 0.0
0.949103 0.230651 0.188846 11 0.0
0.95079 0.200033 0.246648 11 0.0
0.942389 0.169696 0.189285 11 0.0
0.940702 0.200314 0.131483 11 0.0
0.941131 0.162672 0.783168 11 0.0
0.945695 0.192369 0.79734 11 0.0
0.939374 0.136136 0.839339 11 0.0
0.936567 0.132975 0.768995 11 0.0
0.942888 0.189209 0.726997 11 0.0
0.126896 0.592027 0.06063 16 0.0
0.127411 0.623479 0.060741 16 0.0
0.108465 0.592354 0.053374 16 0.0
0.126381 0.560575 0.060519 16 0.0
0.145327 0.591699 0.067886 16 0.0
0.122129 0.089824 0.13916 3 0.999879
0.892825 0.853214 0.268478 19 2e-06
0.125517 0.872133 0.122673 14 0.0
0.12353 0.871427 0.144247 14 0.0
0.133509 0.856021 0.122882 14 0.0
0.127503 0.872839 0.101099 14 0.0
0.117524 0.888245 0.122464 14 0.0
0.118778 0.058827 0.636122 7 0.0
0.883264 0.934705 0.192946 18 0.0
0.580063 0.834753 0.014603 1 0.0
0.576615 0.865197 0.015763 1 0.0
0.647327 0.842282 0.016946 1 0.0
0.583511 0.804309 0.013443 1 0.0
0.5128 0.827224 0.01226 1 0.0
0.975928 0.68397 0.978325 19 0.0
0.042781 0.88459 0.603005 15 0.0
0.107199 0.972431 0.926924 22 0.0
0.094084 0.972772 0.923701 22 0.0
0.101689 0.973753 0.949488 22 0.0
0.120315 0.972091 0.930148 22 0.0
0.11271 0.971109 0.904361 22 0.0
0.925798 0.864269 0.402184 11 0.0
0.9482 0.078569 0.697257 10 0.999997
0.950795 0.047812 0.952923 10 0.0
0.959104 0.052355 0.966883 10 0.0
0.944107 0.040176 0.959389 10 0.0
0.942486 0.043268 0.938963 10 0.0
0.957482 0.055448 0.946458 10 0.0
0.056212 0.821686 0.217335 15 0.0
0.056892 0.843487 0.218677 15 0.0
0.051154 0.817592 0.286401 15 0.0
0.055532 0.799884 0.215993 15 0.0
0.06127 0.825779 0.148269 15 0.0
0.071621 0.13116 0.049211 3 0.028607
0.071749 0.138323 0.049655 3 0.028607
0.071158 0.130015 0.067792 3 0.028607
0.071493 0.123997 0.048766 3 0.028607
0.072084 0.132305 0.030629 3 0.028607
0.880083 0.912803 0.012837 18 0.000177
0.096048 0.09945 0.043994 3 0.009545
0.09105 0.103677 0.04847 3 0.009545
0.103962 0.093464 0.058487 3 0.009545
0.101046 0.095222 0.039519 3 0.009545
0.088135 0.105435 0.029502 3 0.009545
0.953982 0.057451 0.953707 10 0.996373
0.958279 0.060325 0.957281 10 0.996373
0.947026 0.05441 0.964517 10 0.996373
0.949685 0.054576 0.950134 10 0.996373
0.960938 0.060492 0.942898 10 0.996373
0.939462 0.090587 0.579416 10 0.999954
0.965342 0.067891 0.994586 10 6e-06
0.97 0.075417 0.994348 10 6e-06
0.968641 0.065897 0.996097 10 6e-06
0.960683 0.060365 0.994824 10 6e-06
0.962042 0.069886 0.993075 10 6e-06
0.072877 0.903166 0.330886 14 0.0
0.096036 0.096673 0.007099 3 0.999311
0.902749 0.065667 0.276651 10 0.0
0.354813 0.972284 0.98633 22 0.0
0.025226 0.162919 0.988507 15 3e-06
0.929822 0.03371 0.872557 10 0.0
0.49098 0.067102 0.04162 9 0.0
0.974346 0.365421 0.97431 11 0.0
0.11302 0.922268 0.167527 14 0.001612
0.076944 0.729983 0.925833 15 1e-06
0.941335 0.864137 0.369668 11 0.0
0.948244 0.871771 0.415245 11 0.0
0.068013 0.369155 0.050671 15 0.0
0.436674 0.873119 0.001061 1 0.0
0.70877 0.969607 0.966882 22 0.0
0.124199 0.928837 0.05112 14 0.137787
0.078169 0.90303 0.30766 14 0.0
0.943382 0.857476 0.279185 11 0.0
0.070991 0.889418 0.232056 14 0.0
0.416017 0.030599 0.966829 8 0.0
0.790267 0.034404 0.995948 13 0.0
0.785819 0.034174 0.99261 13 0.0
0.425989 0.101834 0.0157 2 0.0
0.972543 0.407557 0.97654 11 0.0
0.579376 0.976172 0.976784 22 0.0
0.854092 0.55361 0.002357 1 0.0
0.920036 0.141365 0.525875 11 0.0
0.928137 0.170022 0.524933 11 0.0
0.92592 0.142033 0.59677 11 0.0
0.911935 0.112707 0.526817 11 0.0
0.914152 0.140697 0.45498 11 0.0
0.13313 0.362475 0.996703 12 0.0
0.097423 0.361005 0.99586 12 0.0
0.137541 0.255749 0.996009 12 0.0
0.168836 0.363946 0.997547 12 0.0
0.128718 0.469202 0.997398 12 0.0
0.926093 0.522585 0.997498 12 0.0
0.523481 0.975953 0.978374 22 0.0
0.144554 0.947384 0.966826 22 0.0
0.073672 0.091699 0.366284 3 0.0
0.601374 0.146835 -0.000314 1 0.0
0.096608 0.115233 0.995188 12 0.0
0.121672 0.116891 0.994422 12 0.0
0.094584 0.14558 0.994654 12 0.0
0.071543 0.113575 0.995954 12 0.0
0.098631 0.084886 0.995722 12 0.0
0.432428 0.931185 0.028726 20 0.0
0.681375 0.022598 0.972233 8 0.0
0.44485 0.134608 0.000736 1 0.0
0.945768 0.793046 0.283926 19 0.0
0.941979 0.828876 0.283061 19 0.0
0.949671 0.794921 0.344486 19 0.0
0.949557 0.757217 0.284791 19 0.0
0.941865 0.791171 0.223367 19 0.0
0.900598 0.155451 0.226379 11 0.000235
0.486595 0.97199 0.980163 22 0.0
0.069222 0.757232 0.996474 12 0.0
0.122768 0.692069 0.004329 1 0.0
0.939199 0.468987 0.996502 12 0.0
0.149862 0.429679 0.973229 12 0.0
0.107721 0.432263 0.969917 12 0.0
0.144632 0.342177 0.971495 12 0.0
0.192003 0.427095 0.976541 12 0.0
0.155092 0.517181 0.974963 12 0.0
0.88998 0.076803 0.084928 10 0.0
0.06534 0.072813 0.59306 3 0.0
0.15795 0.061976 0.24748 9 0.0
0.859073 0.446435 0.004391 1 0.0
0.4494 0.064683 0.058771 6 0.0
0.074341 0.721136 0.561885 15 0.0
0.078544 0.791699 0.550278 15 0.0
0.07215 0.739434 0.672332 15 0.0
0.070139 0.650573 0.573492 15 0.0
0.076533 0.702838 0.451438 15 0.0
0.129884 0.949803 0.636135 20 0.0
0.973213 0.526638 0.97272 19 0.0
0.92895 0.127704 0.318165 11 0.0
0.023027 0.211102 0.964668 15 0.0
0.897088 0.95112 0.667038 20 0.0
0.607758 0.067105 0.030173 6 0.0
0.118182 0.47471 0.997897 12 0.0
0.976373 0.163167 0.865764 11 0.0
0.978127 0.190136 0.87374 11 0.0
0.976405 0.151113 0.906513 11 0.0
0.97462 0.136199 0.857787 11 0.0
0.976342 0.175221 0.825014 11 0.0
0.929011 0.597128 0.989463 13 0.0
0.859648 0.949412 0.406815 17 0.0
0.974819 0.46595 0.938979 11 0.0
0.964953 0.081654 0.788143 10 0.003411
0.114527 0.933769 0.199164 14 0.004946
0.077471 0.084196 0.343568 15 0.99975
0.046945 0.082133 0.747099 3 0.0
0.608131 0.026662 0.972649 8 0.0
0.169181 0.948002 0.816674 20 0.0
0.207482 0.950554 0.810325 20 0.0
0.178268 0.949805 0.872224 20 0.0
0.130879 0.94545 0.823022 20 0.0
0.160093 0.946199 0.761123 20 0.0
0.050006 0.141129 0.466061 15 0.0
0.02989 0.812575 0.721757 15 0.0
0.02572 0.82174 0.806218 15 0.0
0.029046 0.780304 0.725217 15 0.0
0.034061 0.803409 0.637296 15 0.0
0.030735 0.844845 0.718297 15 0.0
0.077627 0.092852 0.868816 4 2.6e-05
0.9206 0.20627 0.411095 11 0.0
0.91974 0.233915 0.309293 11 0.0
0.925995 0.247065 0.422128 11 0.0
0.921459 0.178624 0.512898 11 0.0
0.915205 0.165475 0.400063 11 0.0
0.161994 0.497768 0.995137 12 0.0
0.117233 0.497478 0.994755 12 0.0
0.162944 0.350576 0.995592 12 0.0
0.206754 0.498059 0.995519 12 0.0
0.161043 0.644961 0.994682 12 0.0
0.96691 0.204082 0.620633 11 0.0
0.970752 0.240358 0.619409 11 0.0
0.971729 0.207069 0.724281 11 0.0
0.963068 0.167805 0.621857 11 0.0
0.962091 0.201094 0.516985 11 0.0
0.945283 0.872547 0.409197 11 0.0
0.109645 0.971106 0.918401 22 0.0
0.123711 0.971006 0.922236 22 0.0
0.102861 0.970917 0.943278 22 0.0
0.095579 0.971205 0.914566 22 0.0
0.116428 0.971294 0.893523 22 0.0
0.089681 0.885134 0.271502 15 1.8e-05
0.92138 0.972239 0.911107 22 0.005446
0.070944 0.074906 0.498284 3 0.027337
0.906372 0.200689 0.002851 1 0.024595
0.058369 0.882996 0.339406 15 4e-06
0.520181 0.159111 0.026987 1 0.0
0.803306 0.954974 0.543077 17 0.0
0.769961 0.954656 0.54667 17 0.0
0.813236 0.961644 0.635829 17 0.0
0.83665 0.955292 0.539484 17 0.0
0.793375 0.948304 0.450325 17 0.0
0.093791 0.055013 0.536794 3 0.000106
0.575176 0.867733 0.003174 1 0.0
0.055074 0.102014 0.520718 3 0.0
0.84106 0.500451 0.001911 1 0.0
0.107776 0.931646 0.214056 14 0.996676
0.056967 0.892244 0.366782 15 0.453018
0.874318 0.168383 0.20368 11 0.0
0.872344 0.195509 0.203636 11 0.0
0.859727 0.167421 0.266138 11 0.0
0.876291 0.141257 0.203723 11 0.0
0.888908 0.169345 0.141221 11 0.0
0.039032 0.854487 0.583962 15 0.0
0.915274 0.123099 0.107465 11 0.99944
0.931665 0.126223 0.128351 11 0.0
0.130922 0.844816 0.182357 15 3e-06
0.11894 0.8647 0.179981 15 3e-06
0.115161 0.842082 0.23896 15 3e-06
0.142905 0.824932 0.184733 15 3e-06
0.146683 0.84755 0.125754 15 3e-06
0.114655 0.787015 0.189841 15 0.0
0.118699 0.83095 0.202183 15 0.0
0.104612 0.77325 0.242137 15 0.0
0.110611 0.743081 0.177499 15 0.0
0.124698 0.800781 0.137545 15 0.0
0.915459 0.072547 0.992192 12 0.0
0.934676 0.08242 0.992428 12 0.0
0.922394 0.058997 0.994418 12 0.0
0.896243 0.062673 0.991957 12 0.0
0.908525 0.086096 0.989967 12 0.0
0.762581 0.155553 0.000247 1 0.0
0.709831 0.15066 -0.000522 1 0.0
0.760023 0.183204 -0.000231 1 0.0
0.815332 0.160447 0.001016 1 0.0
0.76514 0.127902 0.000725 1 0.0
0.070255 0.341555 0.03221 16 0.0
0.065364 0.028337 0.985244 3 0.999007
0.065508 0.030837 0.978591 3 0.999007
0.06266 0.031695 0.986447 3 0.999007
0.065221 0.025837 0.991897 3 0.999007
0.068069 0.024979 0.98404 3 0.999007
0.078613 0.958909 0.81189 14 0.0
0.935212 0.857046 0.219144 19 0.0
0.128974 0.933727 0.441115 20 0.0
0.054999 0.046419 0.854507 15 0.984706
0.049154 0.050392 0.850853 15 0.984706
0.054431 0.048056 0.857196 15 0.984706
0.060845 0.042446 0.85816 15 0.984706
0.055567 0.044782 0.851817 15 0.984706
0.108506 0.604551 0.119159 15 0.000136
0.103941 0.63703 0.111778 15 0.000136
0.102732 0.612236 0.156549 15 0.000136
0.113072 0.572073 0.12654 15 0.000136
0.114281 0.596866 0.081769 15 0.000136
0.859929 0.080297 0.161133 9 0.0
0.875727 0.082072 0.159652 9 0.0
0.864357 0.083129 0.211757 9 0.0
0.844131 0.078523 0.162614 9 0.0
0.855501 0.077466 0.110509 9 0.0
0.136547 0.060126 0.43118 7 0.0
0.064008 0.966162 0.986158 14 0.0
0.064205 0.112555 0.320859 3 0.0
0.071157 0.969238 0.990182 14 6e-06
0.072537 0.971858 0.989282 14 6e-06
0.069876 0.970971 0.993263 14 6e-06
0.069777 0.966618 0.991082 14 6e-06
0.072438 0.967505 0.987101 14 6e-06
0.764539 0.026952 0.975013 8 0.0
0.069487 0.59049 0.071085 16 0.0
0.063998 0.192334 0.936254 4 0.0
0.054366 0.241895 0.938911 4 0.0
0.061732 0.190834 0.956015 4 0.0
0.073631 0.142772 0.933597 4 0.0
0.066264 0.193833 0.916494 4 0.0
0.971649 0.505668 0.989984 11 0.999794
0.253273 0.025544 0.990927 6 0.999883
0.148986 0.929177 0.009425 14 0.999999
0.940631 0.880665 0.335492 19 0.0
0.938419 0.883552 0.356545 11 0.0
0.360354 0.853997 0.003173 1 0.0
0.924711 0.032073 0.856783 10 0.999995
0.678312 0.971101 0.97664 22 0.0
0.130597 0.420011 0.006625 1 0.0
0.513876 0.895491 0.001933 1 0.0
0.973898 0.851902 0.807868 11 0.0
0.97311 0.850704 0.749175 11 0.0
0.972595 0.87606 0.807392 11 0.0
0.974685 0.8531 0.866561 11 0.0
0.9752 0.827744 0.808343 11 0.0
0.975252 0.562744 0.96723 19 0.0
0.025091 0.076468 0.968863 15 0.0
0.024093 0.076114 0.979902 15 0.0
0.026569 0.070227 0.968797 15 0.0
0.026089 0.076823 0.957825 15 0.0
0.023612 0.08271 0.96893 15 0.0
0.066787 0.118884 0.25752 3 0.0
0.557503 0.974623 0.928354 20 0.0
0.060267 0.062165 0.688089 3 0.0
0.063579 0.320839 0.995611 12 0.0
0.110346 0.239257 0.965687 12 0.0
0.086234 0.247607 0.962028 12 0.0
0.095755 0.19344 0.957293 12 0.0
0.134459 0.230908 0.969346 12 0.0
0.124937 0.285074 0.974081 12 0.0
0.019521 0.686641 0.980299 15 6e-06
0.074294 0.188474 0.551445 15 0.0
0.076677 0.206374 0.449648 15 0.0
0.068372 0.231071 0.558797 15 0.0
0.071911 0.170575 0.653243 15 0.0
0.080215 0.145877 0.544094 15 0.0
0.916422 0.123222 0.070338 10 1.0
0.883179 0.940438 0.480899 20 0.0
0.858187 0.945144 0.319964 17 0.0
0.086328 0.277092 0.997721 12 0.0
0.469494 0.974986 0.964798 22 0.0
0.080151 0.547041 0.995441 12 0.0
0.142426 0.933547 0.222717 20 0.0
0.073797 0.883121 0.051931 14 0.960893
0.928725 0.878717 0.282735 11 0.998171
0.142543 0.051794 0.65419 6 0.0
0.960594 0.637346 0.953296 11 3.6e-05
0.408122 0.902831 0.036901 20 2e-06
0.132587 0.936429 0.868645 20 0.0
0.160843 0.939807 0.871476 20 0.0
0.129032 0.934614 0.9063 20 0.0
0.104332 0.933052 0.865814 20 0.0
0.136143 0.938244 0.830989 20 0.0
0.93499 0.308486 0.038297 11 0.020169
0.753452 0.97427 0.915404 23 0.0
0.809809 0.974083 0.922095 23 0.0
0.750514 0.975039 0.940177 23 0.0
0.697095 0.974456 0.908714 23 0.0
0.75639 0.9735 0.890632 23 0.0
0.078575 0.555551 0.93507 16 0.0
0.313186 0.089295 0.99333 13 0.0
0.024306 0.626424 0.99158 15 0.000573
0.241171 0.972263 0.922592 20 0.0
0.291176 0.973424 0.917506 20 0.0
0.243529 0.973129 0.945974 20 0.0
0.191166 0.971102 0.927677 20 0.0
0.238813 0.971398 0.899209 20 0.0
0.074046 0.226703 0.004387 15 1.0
0.048728 0.277021 0.996109 12 0.0
0.114607 0.735017 0.004769 1 0.0
0.048738 0.617487 0.994715 12 2.7e-05
0.05671 0.746577 0.995443 12 1e-06
0.102661 0.622427 0.004656 2 0.0
0.55113 0.97216 0.987189 22 0.0
0.048583 0.531122 0.994237 12 0.0
0.441115 0.883175 0.005085 1 0.0
0.889537 0.955701 0.573668 20 0.0
0.074104 0.239877 0.004679 15 0.999999
0.930499 0.086748 0.399065 10 1.2e-05
0.820506 0.974645 0.961566 22 0.0
0.902404 0.597065 0.089628 19 0.0
0.052202 0.086061 0.603166 3 0.0
0.976013 0.693539 0.931846 11 0.0
0.054667 0.136876 0.640833 15 0.0
0.950392 0.148747 0.361722 11 0.0
0.927136 0.049055 0.670366 10 0.0
0.036732 0.275579 0.994227 12 0.003956
0.931814 0.059818 0.617316 10 0.0
0.914082 0.880885 0.838144 19 1e-06
0.915784 0.885094 0.792405 19 1e-06
0.918867 0.900558 0.840132 19 1e-06
0.912381 0.876676 0.883882 19 1e-06
0.909298 0.861212 0.836155 19 1e-06
0.103566 0.938844 0.481658 14 0.0
0.858822 0.093423 0.469345 7 0.0
0.857849 0.458378 0.002846 1 0.0
0.035834 0.881433 0.740148 15 0.0
0.924809 0.941346 0.986624 18 0.61486
0.02715 0.562134 0.959168 15 0.0
0.976259 0.501637 0.962704 11 0.0
0.132789 0.340671 0.000274 2 0.0
0.905945 0.835912 0.41614 11 0.0
0.13135 0.311073 -0.000418 1 0.0
0.954317 0.85845 0.631331 11 0.0
0.947883 0.869502 0.588074 11 0.0
0.951269 0.877552 0.636665 11 0.0
0.960751 0.847398 0.674589 11 0.0
0.957365 0.839348 0.625997 11 0.0
0.460552 0.176324 -0.001691 1 0.0
0.974954 0.54812 0.981088 19 0.0
0.063262 0.122992 0.27853 15 0.0
0.119769 0.168069 0.201353 15 6e-06
0.122811 0.2031 0.205824 15 6e-06
0.122936 0.158052 0.277683 15 6e-06
0.116727 0.133037 0.196882 15 6e-06
0.116602 0.178085 0.125023 15 6e-06
0.960921 0.588577 0.911637 11 0.0
0.957634 0.653185 0.914365 11 0.0
0.960671 0.587383 0.939616 11 0.0
0.964209 0.523969 0.908909 11 0.0
0.961171 0.589771 0.883659 11 0.0
0.104426 0.078932 0.778929 5 0.0
0.090696 0.080796 0.77442 5 0.0
0.091575 0.083982 0.820153 5 0.0
0.118155 0.077068 0.783437 5 0.0
0.117277 0.073882 0.737704 5 0.0
0.488422 0.132894 0.001128 2 0.0
0.081371 0.154775 0.764114 4 0.0
0.079377 0.174475 0.759996 4 0.0
0.078524 0.16667 0.822398 4 0.0
0.083365 0.135074 0.768232 4 0.0
0.084218 0.142879 0.70583 4 0.0
0.089282 0.949451 0.746913 14 0.0
0.947077 0.144127 0.497459 11 0.0
0.558203 0.096465 0.004249 2 1e-06
0.069771 0.114092 0.24339 3 0.0
0.136196 0.66297 0.003195 1 0.0
0.944645 0.10375 0.670181 11 0.0
0.183664 0.059104 0.313598 6 0.0
0.973416 0.480955 0.962583 11 0.0
0.089247 0.959163 0.914259 14 3e-06
0.097301 0.960504 0.914967 14 3e-06
0.085979 0.965441 0.939564 14 3e-06
0.081192 0.957823 0.913552 14 3e-06
0.092514 0.952886 0.888955 14 3e-06
0.962063 0.162606 0.553578 11 0.0
0.867928 0.915592 0.610335 24 0.0
0.939366 0.553893 0.090394 11 0.0
0.35492 0.135965 0.030222 2 7e-06
0.022427 0.613689 0.89502 15 0.0
0.021612 0.612574 0.928102 15 0.0
0.02253 0.518391 0.891809 15 0.0
0.023242 0.614805 0.861938 15 0.0
0.022324 0.708987 0.898231 15 0.0
0.190802 0.723433 0.001627 1 0.0
0.15304 0.724059 0.002285 1 0.0
0.189735 0.65931 0.001462 1 0.0
0.228564 0.722806 0.000968 1 0.0
0.191869 0.787556 0.001791 1 0.0
0.913481 0.07143 0.398076 10 0.0
0.961793 0.234327 0.517744 11 0.0
0.96843 0.282345 0.523304 11 0.0
0.965093 0.220275 0.635166 11 0.0
0.955156 0.18631 0.512184 11 0.0
0.958494 0.24838 0.400322 11 0.0
0.057868 0.129766 0.458495 15 0.0
0.196052 0.796535 0.0164 1 0.0
0.162511 0.78031 0.016802 1 0.0
0.216845 0.753541 0.016073 1 0.0
0.229593 0.812759 0.015998 1 0.0
0.175259 0.839529 0.016727 1 0.0
0.045135 0.818677 0.459497 15 0.0
0.892222 0.102433 0.484251 7 9.7e-05
0.911514 0.111358 0.48563 7 9.7e-05
0.891001 0.096688 0.538506 7 9.7e-05
0.87293 0.093508 0.482872 7 9.7e-05
0.893442 0.108178 0.429996 7 9.7e-05
0.930605 0.173926 0.014038 11 0.77546
0.928309 0.17374 0.008651 11 0.77546
0.931106 0.187446 0.013356 11 0.77546
0.932901 0.174113 0.019426 11 0.77546
0.930105 0.160407 0.01472 11 0.77546
0.060021 0.84948 0.185807 15 0.0
0.055091 0.754989 0.24941 15 0.0
0.055757 0.798267 0.252079 15 0.0
0.04984 0.750246 0.32765 15 0.0
0.054424 0.711712 0.246742 15 0.0
0.060341 0.759733 0.171171 15 0.0
0.975522 0.775167 0.886757 11 0.0
0.974723 0.779047 0.920892 11 0.0
0.978356 0.726481 0.892358 11 0.0
0.976321 0.771286 0.852622 11 0.0
0.972687 0.823852 0.881156 11 0.0
0.093259 0.873045 0.849497 16 3.3e-05
0.108244 0.89066 0.852009 16 3.3e-05
0.093254 0.866028 0.898736 16 3.3e-05
0.078273 0.85543 0.846985 16 3.3e-05
0.093263 0.880062 0.800258 16 3.3e-05
0.102069 0.714859 0.105484 15 0.995656
0.073293 0.914998 0.457153 14 0.0
0.975687 0.114567 0.954088 11 0.0
0.976088 0.130136 0.947111 11 0.0
0.976177 0.120726 0.967861 11 0.0
0.975285 0.098998 0.961064 11 0.0
0.975196 0.108408 0.940315 11 0.0
0.065122 0.967372 0.9903 14 0.0
0.059757 0.963084 0.98833 14 0.0
0.064434 0.96703 0.992919 14 0.0
0.070487 0.97166 0.99227 14 0.0
0.06581 0.967714 0.987681 14 0.0
0.059111 0.201239 0.344365 15 0.0
0.091422 0.900206 0.080544 14 0.000611
0.100456 0.911625 0.082212 14 0.000611
0.086434 0.900108 0.108242 14 0.000611
0.082387 0.888787 0.078877 14 0.000611
0.096409 0.900304 0.052846 14 0.000611
0.070076 0.340828 0.030677 15 2e-06
0.067406 0.969932 0.956397 14 0.0
0.086405 0.865022 0.072023 15 0.999948
0.102053 0.907229 0.032128 14 2e-06
0.113222 0.916572 0.031297 14 2e-06
0.102658 0.907516 0.043478 14 2e-06
0.090885 0.897885 0.032959 14 2e-06
0.101449 0.906942 0.020777 14 2e-06
0.663947 0.025103 0.969579 8 0.0
0.770684 0.96473 0.950915 20 0.0
0.66373 0.068194 0.026225 9 7.9e-05
0.020757 0.931555 0.973353 14 0.999996
0.145283 0.965818 0.775423 24 0.0
0.119888 0.965444 0.77549 24 0.0
0.145421 0.969159 0.846382 24 0.0
0.170678 0.966192 0.775355 24 0.0
0.145145 0.962477 0.704463 24 0.0
0.972979 0.265082 0.978085 11 0.0
0.050397 0.752841 0.350334 15 0.0
0.045253 0.753495 0.447546 15 0.0
0.049513 0.711543 0.350564 15 0.0
0.055541 0.752188 0.253121 15 0.0
0.051282 0.794139 0.350103 15 0.0
0.109641 0.944641 0.700358 20 0.0
0.023326 0.756473 0.991878 15 0.000134
0.048151 0.930442 0.781243 14 0.000165
0.035694 0.156927 0.758723 15 0.0
0.035524 0.175385 0.760396 15 0.0
0.028976 0.152759 0.804044 15 0.0
0.035863 0.138469 0.757051 15 0.0
0.042411 0.161095 0.713403 15 0.0
0.052852 0.916085 0.88146 14 0.000107
0.070843 0.902017 0.331485 14 0.0
0.09842 0.080343 0.173917 3 0.000362
0.074205 0.585797 0.007683 15 1.0
0.02854 0.09456 0.917216 15 0.0
0.029124 0.095751 0.941458 15 0.0
0.028852 0.085866 0.917636 15 0.0
0.027955 0.093368 0.892974 15 0.0
0.028227 0.103253 0.916796 15 0.0
0.230626 0.926795 0.004491 2 1.0
0.564947 0.974432 0.986793 22 0.0
0.071859 0.903606 0.287289 14 0.0
0.561365 0.073057 0.028806 9 0.0
0.970959 0.11497 0.812628 11 0.0
0.303522 0.133116 0.005324 1 0.0
0.303237 0.154628 0.003299 1 0.0
0.233148 0.132122 0.004691 1 0.0
0.303808 0.111604 0.007348 1 0.0
0.373896 0.13411 0.005957 1 0.0
0.961968 0.086615 0.686034 10 0.99785
0.415547 0.905686 0.004543 2 1.7e-05
0.414688 0.13812 0.993483 12 0.0
0.415759 0.173111 0.992864 12 0.0
0.320159 0.140987 0.992005 12 0.0
0.413617 0.103128 0.994102 12 0.0
0.509217 0.135252 0.99496 12 0.0
0.195293 0.120035 0.968678 12 0.0
0.194041 0.135471 0.969072 12 0.0
0.144079 0.115943 0.966271 12 0.0
0.196545 0.104598 0.968285 12 0.0
0.246507 0.124126 0.971085 12 0.0
0.061979 0.291996 0.964421 12 0.0
0.323966 0.140338 0.022872 1 0.0
0.946119 0.220134 0.225691 11 0.0
0.939551 0.222086 0.156535 11 0.0
0.950446 0.259277 0.226385 11 0.0
0.952687 0.218181 0.294846 11 0.0
0.941791 0.18099 0.224997 11 0.0
0.546602 0.972498 0.929293 23 0.0
0.936147 0.8786 0.259283 11 0.000209
0.891263 0.704253 0.996578 12 0.0
0.966909 0.121888 0.790306 11 0.0
0.311042 0.101684 0.978181 12 0.0
0.306742 0.122296 0.979672 12 0.0
0.251097 0.089491 0.97388 12 0.0
0.315341 0.081072 0.976689 12 0.0
0.370986 0.113876 0.982482 12 0.0
0.261586 0.890946 0.995524 12 0.0
0.261331 0.917947 0.99529 12 0.0
0.188008 0.890248 0.99504 12 0.0
0.261841 0.863945 0.995758 12 0.0
0.335163 0.891644 0.996008 12 0.0
0.911474 0.795594 0.995111 12 0.0
0.889897 0.795794 0.994061 12 0.0
0.912098 0.852282 0.993107 12 0.0
0.933051 0.795393 0.996161 12 0.0
0.910849 0.738905 0.997114 12 0.0
0.027138 0.675559 0.982613 15 3e-06
0.442599 0.030964 0.927946 8 0.0
0.922988 0.863525 0.414866 11 0.0
0.896637 0.074349 0.164458 10 0.0
0.213356 0.8706 0.402476 20 0.0
0.250591 0.866155 0.398191 20 0.0
0.22501 0.865496 0.509031 20 0.0
0.17612 0.875045 0.406761 20 0.0
0.201702 0.875704 0.295921 20 0.0
0.786636 0.974694 0.931514 21 0.0
0.83438 0.97385 0.939189 21 0.0
0.78338 0.975102 0.951816 21 0.0
0.738892 0.975537 0.923838 21 0.0
0.789893 0.974285 0.911212 21 0.0
0.824756 0.927637 0.002579 2 0.999983
0.388847 0.12212 0.992389 12 0.0
0.315518 0.971527 0.903441 20 0.0
0.39592 0.972799 0.893529 20 0.0
0.318853 0.972629 0.930632 20 0.0
0.235117 0.970255 0.913354 20 0.0
0.312184 0.970425 0.876251 20 0.0
0.635133 0.1608 -0.000872 1 0.0
0.901109 0.939229 0.481185 18 0.999165
0.886621 0.945093 0.472843 18 0.999165
0.894565 0.944975 0.496589 18 0.999165
0.915597 0.933366 0.489527 18 0.999165
0.907653 0.933483 0.46578 18 0.999165
0.064747 0.131019 0.242451 15 0.0
0.025596 0.493557 0.958185 15 0.0
0.935604 0.884371 0.518552 11 1.2e-05
0.891596 0.084063 0.01496 10 0.999998
0.048304 0.075471 0.824092 3 0.0
0.923603 0.505413 0.995459 12 0.0
0.055531 0.054225 0.804631 3 0.0
0.06686 0.96903 0.953894 14 0.0
0.077563 0.711692 0.002059 1 1.0
0.053302 0.087305 0.595503 3 0.0
0.894092 0.087042 0.415726 10 0.0
0.044074 0.116061 0.618647 15 0.0
0.110024 0.03938 0.717505 5 0.0
0.034322 0.837386 0.63447 16 0.0
0.029073 0.931452 0.9532 14 1.0
0.031256 0.932952 0.952078 14 1.0
0.027191 0.931884 0.950116 14 1.0
0.02689 0.929952 0.954322 14 1.0
0.030955 0.931019 0.956283 14 1.0
0.039699 0.932919 0.883854 14 0.0
0.047753 0.945528 0.883481 14 0.0
0.039497 0.934164 0.92166 14 0.0
0.031644 0.920309 0.884226 14 0.0
0.0399 0.931673 0.846047 14 0.0
0.975885 0.13858 0.881985 11 0.0
0.977646 0.159378 0.888409 11 0.0
0.975915 0.127459 0.917981 11 0.0
0.974125 0.117782 0.875561 11 0.0
0.975856 0.149701 0.845989 11 0.0
0.455758 0.972408 0.990249 22 0.0
0.918147 0.059785 0.601545 10 0.0
0.972953 0.588309 0.988967 11 0.006198
0.029965 0.938653 0.996789 14 1.0
0.034328 0.944089 0.996484 14 1.0
0.028347 0.940011 0.997847 14 1.0
0.025602 0.933216 0.997095 14 1.0
0.031583 0.937294 0.995732 14 1.0
0.937584 0.155911 0.463498 11 0.0
0.848209 0.966471 0.814701 23 0.0
0.874458 0.964787 0.810783 23 0.0
0.856974 0.967665 0.872919 23 0.0
0.82196 0.968155 0.818618 23 0.0
0.839444 0.965277 0.756482 23 0.0
0.952754 0.103428 0.543782 11 0.0
0.975815 0.544454 0.987112 11 0.0
0.072606 0.9215 0.496394 14 3e-06
0.95704 0.898488 0.638926 11 0.0
0.067153 0.188003 0.163956 15 0.0
0.065484 0.214447 0.171456 15 0.0
0.065633 0.173109 0.216132 15 0.0
0.068821 0.161559 0.156456 15 0.0
0.068673 0.202897 0.11178 15 0.0
0.057622 0.061222 0.752617 3 0.0
0.882994 0.925077 0.915173 22 0.0
0.911948 0.919486 0.91098 22 0.0
0.88798 0.93416 0.937498 22 0.0
0.85404 0.930668 0.919365 22 0.0
0.878007 0.915994 0.892847 22 0.0
0.08177 0.850756 0.825606 15 2.5e-05
0.09416 0.863175 0.824782 15 2.5e-05
0.083385 0.852349 0.873898 15 2.5e-05
0.069379 0.838337 0.82643 15 2.5e-05
0.080154 0.849163 0.777314 15 2.5e-05
0.900873 0.878479 0.845965 11 0.0
0.890343 0.907183 0.847395 11 0.0
0.919185 0.883178 0.886466 11 0.0
0.911404 0.849774 0.844535 11 0.0
0.882562 0.873779 0.805465 11 0.0
0.966152 0.875586 0.740836 11 0.0
0.265761 0.929617 0.891022 20 0.0
0.533879 0.972519 0.873935 23 0.0
0.648072 0.972971 0.87592 23 0.0
0.533184 0.974391 0.913485 23 0.0
0.419686 0.972066 0.87195 23 0.0
0.534574 0.970647 0.834386 23 0.0
0.964423 0.171071 0.684316 11 0.0
0.967378 0.199486 0.682103 11 0.0
0.968495 0.177791 0.776048 11 0.0
0.961469 0.142656 0.686529 11 0.0
0.960352 0.164351 0.592585 11 0.0
0.573598 0.973855 0.940693 23 0.0
0.098948 0.537788 0.975127 12 0.0
0.072718 0.537619 0.970799 12 0.0
0.099188 0.473959 0.976162 12 0.0
0.125177 0.537957 0.979455 12 0.0
0.098707 0.601618 0.974093 12 0.0
0.071778 0.175081 0.007052 2 1.0
0.916252 0.41684 0.994281 12 0.0
0.961318 0.676122 0.938205 11 0.0
0.977008 0.596945 0.925123 11 0.0
0.899687 0.11429 0.31382 11 2e-06
0.403691 0.140784 0.001356 1 0.0
0.064362 0.145504 0.351217 15 0.0
0.62086 0.262519 -0.001929 1 0.0
0.633194 0.318135 -0.002033 1 0.0
0.527896 0.283135 -0.002338 1 0.0
0.608526 0.206903 -0.001825 1 0.0
0.713824 0.241903 -0.00152 1 0.0
0.920762 0.136784 0.126419 11 0.0
0.050256 0.525072 0.411209 15 0.0
0.052968 0.615602 0.37088 15 0.0
0.043713 0.578631 0.530995 15 0.0
0.047544 0.434543 0.451539 15 0.0
0.056799 0.471513 0.291424 15 0.0
0.042874 0.877887 0.772081 15 0.0
0.953446 0.538235 0.948335 11 0.0
0.082086 0.082011 0.264207 3 0.0
0.938531 0.16061 0.143113 11 0.0
0.94065 0.177692 0.141688 11 0.0
0.941701 0.163827 0.186396 11 0.0
0.936413 0.143529 0.144538 11 0.0
0.935362 0.157394 0.09983 11 0.0
0.216892 0.972579 0.929892 24 0.0
0.168728 0.972181 0.927852 24 0.0
0.215964 0.973168 0.951684 24 0.0
0.265056 0.972977 0.931933 24 0.0
0.21782 0.97199 0.908101 24 0.0
0.928118 0.07345 0.472245 10 0.0
0.943902 0.108803 0.675483 11 0.0
0.971307 0.140668 0.789207 11 0.0
0.06438 0.929533 0.569639 14 0.0
0.913027 0.91223 0.180861 18 4e-06
0.081802 0.080715 0.324008 15 0.989115
0.072595 0.086291 0.332175 15 0.989115
0.086426 0.075051 0.333088 15 0.989115
0.09101 0.075139 0.315841 15 0.989115
0.077179 0.08638 0.314928 15 0.989115
0.069908 0.832403 0.041517 15 0.039181
0.070643 0.849453 0.034222 15 0.039181
0.069268 0.83832 0.055282 15 0.039181
0.069174 0.815353 0.048813 15 0.039181
0.070549 0.826486 0.027753 15 0.039181
0.967643 0.059714 0.9805 10 0.9997
0.972471 0.062161 0.979173 10 0.9997
0.969622 0.060121 0.988448 10 0.9997
0.962815 0.057268 0.981827 10 0.9997
0.965664 0.059307 0.972552 10 0.9997
0.941479 0.063994 0.959007 10 0.983752
0.951792 0.064201 0.963242 10 0.983752
0.936429 0.050335 0.97197 10 0.983752
0.931165 0.063787 0.954771 10 0.983752
0.946528 0.077653 0.946043 10 0.983752
0.041727 0.058175 0.921914 3 0.0
0.932202 0.104503 0.29651 10 0.0
0.038411 0.776476 0.564293 15 0.0
0.071306 0.973615 0.994246 14 0.0
0.067168 0.972456 0.994259 14 0.0
0.070638 0.976027 0.996425 14 0.0
0.075444 0.974774 0.994232 14 0.0
0.071974 0.971204 0.992066 14 0.0
0.374242 0.137034 0.001403 1 0.0
0.07305 0.835132 0.043309 15 0.999242
0.070628 0.845833 0.030363 15 0.999242
0.073146 0.841078 0.048206 15 0.999242
0.075473 0.824431 0.056254 15 0.999242
0.072955 0.829186 0.038412 15 0.999242
0.220804 0.966814 0.945609 24 0.0
0.945966 0.756164 0.994747 12 0.0
0.048019 0.929653 0.756798 14 0.0
0.358763 0.887452 0.004339 1 0.0
0.037718 0.918997 0.739965 14 0.999977
0.926662 0.025934 0.91679 10 0.729171
0.502963 0.866314 0.00142 1 0.0
0.08502 0.481057 0.006292 1 7e-06
0.090052 0.897809 0.304014 14 0.0
0.933942 0.471133 0.037378 11 0.004963
0.104691 0.102677 0.202757 3 7e-06
0.970902 0.261047 0.993118 11 0.999655
0.066432 0.900436 0.273516 14 0.999918
0.061171 0.940274 0.700235 14 0.0
0.075934 0.114381 0.173437 3 0.0
0.528803 0.97477 0.990788 22 0.0
0.074508 0.904513 0.278054 14 0.0
0.053395 0.892935 0.51417 16 0.0
0.970729 0.174657 0.744918 11 0.0
0.972127 0.168008 0.822477 11 0.0
0.966792 0.142579 0.742239 11 0.0
0.969332 0.181307 0.667359 11 0.0
0.974666 0.206735 0.747598 11 0.0
0.405762 0.13618 0.001585 1 0.0
0.779933 0.887462 0.99705 13 0.0
0.778318 0.915486 0.996236 13 0.0
0.838795 0.890855 0.99712 13 0.0
0.781547 0.859438 0.997863 13 0.0
0.72107 0.884069 0.99698 13 0.0
0.69916 0.023897 0.979871 8 0.0
0.957832 0.92253 0.714328 18 0.0
0.498283 0.971627 0.988656 22 0.0
0.425473 0.137846 0.001248 1 0.0
0.111886 0.277751 0.99781 12 0.0
0.083396 0.280605 0.998053 12 0.0
0.104045 0.199431 0.998395 12 0.0
0.140376 0.274896 0.997566 12 0.0
0.119727 0.35607 0.997224 12 0.0
0.428124 0.088301 0.006164 2 4.4e-05
0.068904 0.880582 0.450044 16 0.0
0.048059 0.508759 0.996187 12 0.0
0.085859 0.613415 0.996467 12 0.0
0.06801 0.081445 0.468123 3 0.0
0.402331 0.956507 0.998346 12 0.000335
0.896667 0.077399 0.147985 10 0.0
0.078292 0.896689 0.155104 14 9.3e-05
0.085461 0.908009 0.155836 14 9.3e-05
0.07412 0.896689 0.195974 14 9.3e-05
0.071123 0.88537 0.154372 14 9.3e-05
0.082464 0.89669 0.114235 14 9.3e-05
0.08841 0.88334 0.059583 14 0.999995
0.09349 0.897263 0.051041 14 0.999995
0.094716 0.891114 0.076007 14 0.999995
0.08333 0.869416 0.068125 14 0.999995
0.082104 0.875565 0.043159 14 0.999995
0.970554 0.587204 0.985972 19 0.0
0.411495 0.133237 0.002277 1 0.0
0.888891 0.081801 0.032059 10 0.089941
0.883727 0.078645 0.033247 10 0.089941
0.887104 0.084018 0.030183 10 0.089941
0.894054 0.084958 0.030871 10 0.089941
0.890677 0.079584 0.033934 10 0.089941
0.948644 0.184934 0.249165 11 0.0
0.952287 0.211575 0.25073 11 0.0
0.953536 0.179949 0.32263 11 0.0
0.945001 0.158293 0.2476 11 0.0
0.943752 0.189919 0.1757 11 0.0
0.130878 0.969095 0.994659 14 1e-06
0.057911 0.934167 0.668421 14 0.0
0.026255 0.590778 0.937902 15 0.0
0.649482 0.968974 0.992113 20 6.1e-05
0.935198 0.884213 0.54236 11 0.0
0.808914 0.089065 0.002651 2 1.6e-05
0.071222 0.922624 0.517369 14 0.0
0.960676 0.212557 0.975801 11 0.0
0.948782 0.102785 0.470677 10 0.0
0.939477 0.103202 0.284107 10 1.0
0.918683 0.053089 0.592321 10 0.0
0.950026 0.076471 0.663596 10 8.6e-05
0.928762 0.883228 0.138543 11 1.0
0.044975 0.139453 0.578178 15 0.0
0.129538 0.034613 0.786058 6 0.0
0.643673 0.141642 0.00138 1 0.0
0.938339 0.063949 0.65037 10 0.0
0.92758 0.046671 0.709042 10 0.0
0.502575 0.972193 0.978221 22 0.0
0.05926 0.921716 0.602367 14 3.8e-05
0.942774 0.08529 0.705743 10 0.999998
0.080675 0.113843 0.1687 3 0.0
0.928984 0.891551 0.582932 11 0.00011
0.085162 0.911285 0.420199 14 0.0
0.974211 0.583397 0.974291 19 0.0
0.971555 0.686599 0.989918 12 0.05554
0.087073 0.062379 0.498426 15 0.999487
0.044498 0.94168 0.856069 14 0.0
0.079814 0.874165 0.304758 14 0.0
0.068928 0.925658 0.493925 14 0.0
0.074354 0.908548 0.363381 14 0.0
0.080053 0.952573 0.704719 14 0.0
0.976206 0.50205 0.981108 11 0.0
0.912074 0.109743 0.992246 12 0.0
0.921746 0.137086 0.991781 12 0.0
0.931501 0.102897 0.99379 12 0.0
0.902401 0.0824 0.992711 12 0.0
0.892647 0.116589 0.990702 12 0.0
0.432773 0.066186 0.053712 9 0.0
0.882041 0.941036 0.340112 17 0.0
0.895802 0.060594 0.309417 10 0.999996
0.05922 0.789371 0.159498 15 0.0
0.059915 0.820508 0.160172 15 0.0
0.054625 0.788365 0.210678 15 0.0
0.058525 0.758233 0.158824 15 0.0
0.063814 0.790376 0.108318 15 0.0
0.91803 0.126825 0.20429 11 1e-06
0.924394 0.143674 0.20434 11 1e-06
0.924789 0.124185 0.233849 11 1e-06
0.911667 0.109976 0.20424 11 1e-06
0.911271 0.129465 0.174731 11 1e-06
0.922359 0.956491 0.737605 18 0.004019
0.107291 0.932562 0.226093 14 0.998904
0.899736 0.967646 0.78527 20 0.0
0.963578 0.102211 0.860267 11 0.0
0.767845 0.049007 0.324003 6 0.0
0.811209 0.050566 0.324504 6 0.0
0.766907 0.042018 0.426876 6 0.0
0.724481 0.047448 0.323502 6 0.0
0.768783 0.055995 0.22113 6 0.0
0.931678 0.092295 0.333495 10 1e-06
0.149313 0.052492 0.485645 7 0.0
0.817173 0.968449 0.782046 23 0.0
0.852477 0.966642 0.777967 23 0.0
0.825178 0.971241 0.85009 23 0.0
0.78187 0.970255 0.786124 23 0.0
0.809169 0.965656 0.714001 23 0.0
0.896144 0.053924 0.349099 10 0.970196
0.939456 0.061292 0.916086 10 0.0
0.947378 0.065387 0.937139 10 0.0
0.930609 0.053842 0.920864 10 0.0
0.931533 0.057198 0.895032 10 0.0
0.948302 0.068743 0.911308 10 0.0
0.961233 0.903771 0.728749 19 1e-06
0.057226 0.91946 0.622016 14 0.0
0.07635 0.731927 0.002504 2 1.0
0.097406 0.092818 0.059848 3 0.002713
0.089731 0.097444 0.064204 3 0.002713
0.103667 0.084485 0.079732 3 0.002713
0.10508 0.088192 0.055493 3 0.002713
0.091145 0.101151 0.039965 3 0.002713
0.084906 0.916975 0.274268 14 0.000602
0.094141 0.925219 0.27486 14 0.000602
0.082227 0.917136 0.313841 14 0.000602
0.075672 0.908732 0.273676 14 0.000602
0.087586 0.916815 0.234695 14 0.000602
0.078624 0.923837 0.412106 14 0.0
0.084809 0.088947 0.180342 3 2e-06
0.071025 0.122414 0.32927 4 1e-05
0.0678 0.128027 0.304063 4 1e-05
0.070745 0.134391 0.331972 4 1e-05
0.074251 0.116801 0.354477 4 1e-05
0.071305 0.110437 0.326567 4 1e-05
0.036196 0.934412 0.895252 14 0.081084
0.067368 0.923443 0.497656 14 0.0
0.973685 0.399027 0.98012 11 0.0
0.072149 0.953751 0.785895 14 0.0
0.045135 0.950802 0.994542 14 0.021297
0.029736 0.07772 0.919438 3 0.0
0.517356 0.973784 0.967133 22 0.0
0.471833 0.050034 0.942514 8 0.0
0.56234 0.023949 0.935378 8 0.0
0.973813 0.112565 0.839287 11 0.0
0.860152 0.953987 0.51087 20 0.0
0.598942 0.817101 0.005527 2 0.0
0.595774 0.850939 0.00531 2 0.0
0.699723 0.826533 0.004854 2 0.0
0.60211 0.783264 0.005744 2 0.0
0.49816 0.807669 0.0062 2 0.0
0.075484 0.087926 0.86856 15 2.3e-05
0.934485 0.979644 0.996011 18 1.0
0.894196 0.960381 0.644014 20 0.0
0.972907 0.362015 0.976691 11 0.0
0.061519 0.889941 0.458225 15 2e-06
0.956682 0.683664 0.996184 12 0.0
0.086596 0.555783 0.997976 12 0.0
0.973318 0.664965 0.974994 19 0.0
0.099333 0.927201 0.335699 14 0.0
0.635237 0.92318 0.004176 1 0.999921
0.941366 0.732965 0.996116 13 0.0
0.07951 0.911321 0.280062 14 0.0
0.107066 0.913867 0.052437 14 0.054614
0.112932 0.919014 0.05403 14 0.054614
0.105038 0.910828 0.069721 14 0.054614
0.101199 0.908721 0.050844 14 0.054614
0.109093 0.916907 0.035153 14 0.054614
0.130018 0.064698 0.168354 6 0.0
0.437839 0.973015 0.986905 22 0.0
0.099284 0.589229 0.004338 2 1.8e-05
0.936417 0.629864 0.994263 12 0.0
0.950786 0.162888 0.996393 12 0.0
0.090276 0.940737 0.519326 14 0.0
0.954926 0.149896 0.534827 11 0.0
0.880553 0.478353 0.002943 1 0.0
0.960568 0.072206 0.882916 10 0.0
0.043417 0.876759 0.715573 15 0.0
0.045923 0.891638 0.716581 15 0.0
0.039131 0.875406 0.746183 15 0.0
0.040911 0.861881 0.714565 15 0.0
0.047703 0.878112 0.684963 15 0.0
0.053271 0.121951 0.551674 15 0.0
0.042499 0.919415 0.720481 14 7.2e-05
0.148383 0.064446 0.210655 6 0.0
0.035878 0.703098 0.974818 16 0.0
0.044919 0.938367 0.854883 14 0.0
0.067685 0.912725 0.425017 14 0.0
0.97581 0.463157 0.976756 11 0.0
0.947148 0.848399 0.48684 11 0.0
0.078931 0.926254 0.569593 14 0.0
0.903371 0.969133 0.804587 20 0.0
0.05124 0.083352 0.729036 15 0.0
0.196577 0.799779 0.001882 1 0.0
0.167683 0.832922 0.001709 1 0.0
0.169843 0.776475 0.002394 1 0.0
0.22547 0.766636 0.002055 1 0.0
0.22331 0.823082 0.00137 1 0.0
0.950291 0.408828 0.980929 12 0.0
0.902881 0.435895 0.049663 11 0.0
0.09852 0.036237 0.784462 5 0.0
0.968299 0.104854 0.8291 11 0.0
0.949771 0.472027 0.999039 12 0.0
0.072002 0.897018 0.186518 14 0.999794
0.927897 0.2655 0.951175 13 0.0
0.082058 0.87365 0.139519 15 1.8e-05
0.097605 0.705316 0.110313 15 0.000166
0.093322 0.696551 0.148537 15 0.000166
0.093436 0.678488 0.103694 15 0.000166
0.101887 0.71408 0.072088 15 0.000166
0.101773 0.732144 0.116931 15 0.000166
0.121465 0.702664 0.004079 1 0.0
0.084348 0.036602 0.805919 3 1.2e-05
0.963411 0.103713 0.723135 11 0.0
0.939223 0.090771 0.429006 10 0.000732
0.942919 0.572849 0.982783 13 0.0
0.064364 0.139789 0.602502 15 0.0
0.056157 0.158973 0.634881 15 0.0
0.065574 0.119027 0.61511 15 0.0
0.07257 0.120606 0.570124 15 0.0
0.063153 0.160551 0.589894 15 0.0
0.116145 0.970712 0.906953 23 0.0
0.097692 0.969542 0.908909 23 0.0
0.119104 0.971458 0.935324 23 0.0
0.134598 0.971883 0.904997 23 0.0
0.113186 0.969967 0.878582 23 0.0
0.941206 0.161899 0.175312 11 0.0
0.943384 0.179873 0.174255 11 0.0
0.945502 0.164525 0.228837 11 0.0
0.939028 0.143925 0.176369 11 0.0
0.936911 0.159273 0.121787 11 0.0
0.971862 0.475308 0.989626 11 0.998879
0.908699 0.09014 0.147783 10 0.0
0.042701 0.05103 0.989432 3 0.208452
0.052272 0.868375 0.410562 15 0.0
0.958542 0.893224 0.670392 11 0.0
0.917745 0.084651 0.253909 10 0.0
0.856977 0.931687 0.055556 17 0.0
0.867761 0.931002 0.055269 17 0.0
0.857601 0.933248 0.075258 17 0.0
0.846194 0.932371 0.055843 17 0.0
0.856354 0.930125 0.035854 17 0.0
0.275787 0.087037 0.007531 2 0.999999
0.050922 0.058139 0.943073 3 0.0
0.044162 0.067873 0.926262 3 0.0
0.045437 0.063472 0.948367 3 0.0
0.057683 0.048404 0.959884 3 0.0
0.056407 0.052806 0.937779 3 0.0
0.05879 0.944422 0.886959 14 0.0
0.068484 0.954276 0.889326 14 0.0
0.050172 0.944576 0.921609 14 0.0
0.049096 0.934569 0.884592 14 0.0
0.067408 0.944268 0.852309 14 0.0
0.065757 0.961749 0.88315 14 0.0
0.705952 0.972044 0.992553 20 5.4e-05
0.100659 0.091713 0.052816 3 0.056747
0.091658 0.099778 0.057979 3 0.056747
0.106434 0.087603 0.069305 3 0.056747
0.109659 0.083649 0.047653 3 0.056747
0.094883 0.095824 0.036327 3 0.056747
0.084026 0.906221 0.19822 14 0.0
0.082328 0.925401 0.416272 14 0.0
0.932226 0.030104 0.966222 10 1.0
0.927244 0.029214 0.969665 10 1.0
0.928548 0.025874 0.959808 10 1.0
0.937207 0.030995 0.962778 10 1.0
0.935903 0.034334 0.972635 10 1.0
0.934195 0.065529 0.671352 10 0.0
0.062754 0.965686 0.991955 14 2.5e-05
0.08579 0.918171 0.259197 14 0.0
0.058567 0.1335 0.315069 15 0.0
0.935267 0.063717 0.624122 10 0.0
0.064751 0.934075 0.928941 14 0.999229
0.080421 0.942738 0.935365 14 0.999229
0.063311 0.927518 0.941294 14 0.999229
0.049081 0.925411 0.922516 14 0.999229
0.066191 0.940631 0.916587 14 0.999229
0.971209 0.418839 0.992193 11 0.999783
0.738914 0.024835 0.954709 8 0.0
0.03605 0.944492 0.997811 14 1.0
0.904842 0.932953 0.419683 18 0.990731
0.892436 0.93756 0.410024 18 0.990731
0.897165 0.940192 0.432996 18 0.990731
0.917249 0.928347 0.429343 18 0.990731
0.91252 0.925715 0.40637 18 0.990731
0.08108 0.084705 0.348457 3 1e-05
0.075578 0.088381 0.352295 3 1e-05
0.086966 0.076255 0.364989 3 1e-05
0.086582 0.081028 0.344619 3 1e-05
0.075194 0.093154 0.331926 3 1e-05
0.037558 0.142466 0.718545 3 0.0
0.037408 0.155845 0.720093 3 0.0
0.042834 0.137523 0.761774 3 0.0
0.037708 0.129086 0.716997 3 0.0
0.032282 0.147409 0.675316 3 0.0
0.639823 0.969385 0.977654 22 0.0
0.132438 0.90617 0.17415 14 0.947339
0.069664 0.931955 0.528426 14 0.0
0.027337 0.936505 0.996857 14 0.999853
0.030862 0.941255 0.995628 14 0.999853
0.025826 0.937952 0.998119 14 0.999853
0.023812 0.931754 0.998086 14 0.999853
0.028848 0.935057 0.995596 14 0.999853
0.125208 0.926553 0.046753 14 0.0398
0.130121 0.927764 0.046262 14 0.0398
0.126931 0.925731 0.061961 14 0.0398
0.120296 0.925342 0.047244 14 0.0398
0.123486 0.927375 0.031544 14 0.0398
0.067266 0.379685 0.996888 12 0.0
0.08155 0.28902 0.996626 12 0.0
0.093064 0.908359 0.244977 14 0.0
0.518686 0.043176 0.950903 8 0.0
0.044908 0.29066 0.996881 12 0.0
0.304784 0.965562 0.99448 12 6.3e-05
0.07825 0.860371 0.400619 15 0.0
0.139669 0.576143 0.974746 12 0.0
0.107801 0.568083 0.973825 12 0.0
0.162327 0.486661 0.97381 12 0.0
0.171536 0.584202 0.975667 12 0.0
0.11701 0.665624 0.975682 12 0.0
0.078565 0.886339 0.060415 14 0.449197
0.679485 0.023065 0.981167 8 0.0
0.967723 0.083205 0.88521 10 0.001673
0.071417 0.907311 0.375987 14 0.0
0.904302 0.974085 0.92642 22 0.0
0.914733 0.973274 0.92464 22 0.0
0.908139 0.973727 0.949067 22 0.0
0.893871 0.974896 0.928201 22 0.0
0.900464 0.974443 0.903774 22 0.0
0.088775 0.969566 0.988852 14 0.0
0.624338 0.039153 0.932244 8 0.0
0.065281 0.066852 0.578902 3 0.999031
0.958538 0.37034 0.997709 13 0.0
0.085893 0.151741 0.260245 15 0.0
0.320408 0.950117 0.962233 22 1e-06
0.027673 0.553498 0.967287 15 0.0
0.386506 0.975386 0.947425 23 0.0
0.145573 0.064094 0.161403 6 0.0
0.053342 0.069061 0.884862 15 0.0
0.025036 0.640245 0.988583 15 1.5e-05
0.929891 0.879357 0.075747 11 0.999957
0.086089 0.93902 0.581511 14 0.0
0.080266 0.042747 0.859936 3 0.999673
0.893865 0.074017 0.159231 10 0.999519
0.121883 0.616478 0.003114 1 0.0
0.944605 0.125685 0.403389 11 0.0
0.028532 0.872121 0.78886 15 0.0
0.076832 0.932323 0.644469 14 0.0
0.064233 0.065816 0.605637 3 0.0
0.276649 0.975092 0.975743 22 0.0
0.972265 0.577158 0.984095 19 1e-06
0.883509 0.07053 0.09834 10 1.0
0.047774 0.120988 0.538154 15 0.0
0.90922 0.145585 0.414109 11 0.0
0.938787 0.055211 0.815034 10 0.0
0.071959 0.925459 0.544517 14 4e-06
0.079 0.948668 0.748885 14 0.0
0.052829 0.0691 0.739806 3 0.0
0.535183 0.976548 0.978539 22 0.0
0.889488 0.067095 0.151058 10 0.999993
0.10286 0.315845 0.957427 12 0.0
0.082295 0.318037 0.957378 12 0.0
0.095824 0.249762 0.954175 12 0.0
0.123425 0.313653 0.957476 12 0.0
0.109896 0.381928 0.960679 12 0.0
0.855238 0.959762 0.603023 24 0.0
0.956592 0.098086 0.63878 11 2.6e-05
0.05996 0.103007 0.529557 3 0.0
0.919335 0.119134 0.229453 11 0.008471
0.581573 0.127777 0.000505 2 0.0
0.094103 0.667945 0.000854 2 0.0
0.908934 0.959274 0.772887 20 0.0
0.976648 0.569755 0.99313 13 5.7e-05
0.227568 0.973722 0.943487 20 0.0
0.175635 0.972937 0.940864 20 0.0
0.22667 0.974112 0.96114 20 0.0
0.279501 0.974507 0.946111 20 0.0
0.228465 0.973332 0.925835 20 0.0
0.975101 0.391022 0.967442 11 0.0
0.969925 0.894169 0.820107 11 0.0
0.878885 0.944316 0.374534 17 0.0
0.845406 0.068436 0.024423 6 0.035821
0.860167 0.069896 0.025422 6 0.035821
0.844946 0.067245 0.032964 6 0.035821
0.830646 0.066975 0.023423 6 0.035821
0.845867 0.069626 0.015881 6 0.035821
0.043167 0.047479 0.993579 3 0.998283
0.053654 0.867095 0.429112 15 0.0
0.940309 0.06205 0.68167 10 0.0
0.066317 0.836048 0.081385 15 0.008265
0.066093 0.849566 0.085663 15 0.008265
0.064082 0.827186 0.109271 15 0.008265
0.066542 0.822531 0.077107 15 0.008265
0.068553 0.844911 0.053499 15 0.008265
0.972986 0.57424 0.980723 19 0.0
0.067661 0.959085 0.865154 14 0.0
0.071055 0.874936 0.138253 15 4.1e-05
0.079885 0.902448 0.278646 14 0.0
0.035542 0.9261 0.860542 14 4e-06
0.902963 0.074439 0.228678 10 0.0
0.263447 0.869326 0.039831 2 0.0
0.27888 0.870319 0.039966 2 0.0
0.26415 0.858314 0.040492 2 0.0
0.248014 0.868333 0.039696 2 0.0
0.262744 0.880338 0.039171 2 0.0
0.059003 0.115286 0.798479 15 0.0
0.058664 0.136026 0.802784 15 0.0
0.066977 0.106242 0.842681 15 0.0
0.059342 0.094545 0.794174 15 0.0
0.05103 0.12433 0.754277 15 0.0
0.448024 0.129295 0.02004 2 1e-06
0.047858 0.916545 0.891062 15 5e-06
0.929124 0.024308 0.933635 10 0.987436
0.715795 0.971793 0.963742 22 0.0
0.132463 0.03215 0.995321 6 0.0
0.590632 0.968766 0.939137 20 0.0
0.591862 0.968651 0.956043 20 0.0
0.534298 0.969367 0.943238 20 0.0
0.589402 0.968881 0.922231 20 0.0
0.646966 0.968165 0.935035 20 0.0
0.041928 0.948766 0.996309 14 0.313737
0.873569 0.069028 0.995086 13 0.0
0.872333 0.084237 0.993173 13 0.0
0.907027 0.071806 0.995559 13 0.0
0.874804 0.053819 0.997 13 0.0
0.84011 0.06625 0.994614 13 0.0
0.379347 0.111634 0.002813 1 1e-06
0.096479 0.068909 0.575867 15 0.000807
0.072499 0.41898 0.998086 12 0.0
0.936241 0.875892 0.308953 19 0.0
0.945 0.152665 0.997262 12 0.0
0.071027 0.826901 0.860915 15 0.0
0.077092 0.834065 0.822258 15 0.0
0.076785 0.869375 0.869689 15 0.0
0.064962 0.819738 0.899572 15 0.0
0.065269 0.784428 0.852141 15 0.0
0.358295 0.955194 0.947117 20 0.0
0.872203 0.958281 0.651425 20 0.0
0.255922 0.134351 0.994793 12 0.0
0.24945 0.16676 0.995705 12 0.0
0.18422 0.120016 0.995319 12 0.0
0.262394 0.101942 0.993881 12 0.0
0.327624 0.148685 0.994266 12 0.0
0.268333 0.924854 0.996374 12 0.0
0.068823 0.554382 0.99506 12 0.0
0.048487 0.561828 0.990847 12 0.0
0.492578 0.957713 0.965458 22 0.0
0.067948 0.062148 0.67909 3 0.0
0.921848 0.502355 0.003523 2 0.208612
0.137009 0.928375 0.045121 14 0.000129
0.146889 0.92941 0.044592 14 0.000129
0.137825 0.92809 0.059821 14 0.000129
0.12713 0.92734 0.045649 14 0.000129
0.136193 0.928661 0.03042 14 0.000129
0.918926 0.169978 0.173852 11 0.0
0.921254 0.192132 0.173738 11 0.0
0.920015 0.170136 0.227166 11 0.0
0.916597 0.147824 0.173965 11 0.0
0.917836 0.16982 0.120538 11 0.0
0.925397 0.131426 0.640923 11 0.0
0.927256 0.072148 0.468678 10 0.0
0.881913 0.072709 0.058106 10 0.999909
0.076499 0.971667 0.991517 14 0.0
0.081708 0.970662 0.989465 14 0.0
0.077288 0.972221 0.99325 14 0.0
0.071289 0.972672 0.99357 14 0.0
0.075709 0.971113 0.989784 14 0.0
0.072898 0.958267 0.826919 14 0.0
0.071138 0.971128 0.980766 14 0.0
0.069971 0.969743 0.981015 14 0.0
0.071257 0.971357 0.982596 14 0.0
0.072304 0.972513 0.980516 14 0.0
0.071018 0.970899 0.978935 14 0.0
0.040551 0.921277 0.728886 14 0.999934
0.095933 0.943567 0.592259 14 0.0
0.914505 0.066595 0.388218 10 0.0
0.110702 0.047912 0.538076 3 0.0
0.054411 0.930898 0.876853 14 4e-06
0.119189 0.049443 0.625781 6 0.0
0.936091 0.144364 0.910306 11 0.908241
0.942473 0.171682 0.909143 11 0.908241
0.932904 0.145987 0.930937 11 0.908241
0.929709 0.117046 0.911468 11 0.908241
0.939279 0.142741 0.889674 11 0.908241
0.091505 0.042659 0.708388 3 0.279242
0.929783 0.127537 0.077221 11 0.999997
0.87195 0.95749 0.557926 17 0.0
0.068296 0.941086 0.734171 14 0.001649
0.061207 0.108098 0.537264 15 0.0
0.965576 0.237802 0.977482 11 0.0
0.044705 0.127087 0.630579 15 0.0
0.931479 0.028532 0.960072 10 0.115196
0.603553 0.97028 0.981178 22 1e-06
0.06731 0.080231 0.549316 3 0.0
0.972672 0.527321 0.990378 19 0.0
0.865609 0.441751 0.011121 1 0.0
0.886958 0.443031 0.012341 1 0.0
0.86177 0.509628 0.00711 1 0.0
0.84426 0.440472 0.009901 1 0.0
0.869449 0.373874 0.015133 1 0.0
0.843505 0.580028 0.004134 1 0.0
0.890968 0.056436 0.203427 10 0.999997
0.934486 0.656884 0.052649 19 0.0
0.855205 0.59049 0.00292 1 0.0
0.04384 0.887828 0.710186 15 0.0
0.929496 0.65012 0.0214 19 9e-06
0.930094 0.171877 0.008345 11 1.0
0.076221 0.883124 0.123524 14 0.023835
0.082597 0.896411 0.123222 14 0.023835
0.072596 0.885801 0.1648 14 0.023835
0.069844 0.869838 0.123825 14 0.023835
0.079846 0.880447 0.082247 14 0.023835
0.079427 0.095657 0.241616 3 0.0
0.075601 0.974322 0.950799 14 0.0
0.970846 0.35779 0.984336 11 0.0
0.972451 0.659942 0.973561 19 0.0
0.070586 0.119043 0.203921 3 0.0
0.916522 0.876981 0.005439 2 0.802305
0.912189 0.886446 0.005099 2 0.802305
0.913448 0.875641 0.007309 2 0.802305
0.920856 0.867517 0.00578 2 0.802305
0.919597 0.878322 0.00357 2 0.802305
0.923758 0.109771 0.193895 10 1.0
0.102172 0.092823 0.032015 3 0.000499
0.091112 0.101358 0.031918 3 0.000499
0.102187 0.092968 0.043125 3 0.000499
0.113231 0.084288 0.032111 3 0.000499
0.102157 0.092678 0.020904 3 0.000499
0.082485 0.905859 0.269109 14 0.0
0.026805 0.286126 0.992018 15 0.0
0.886512 0.924326 0.179279 18 0.999997
0.963782 0.06813 0.987222 10 0.0
0.699108 0.022833 0.976269 8 0.0
0.170988 0.072479 0.002021 2 1.0
0.905008 0.088531 0.341896 10 0.0
0.097229 0.942944 0.545172 14 0.0
0.12073 0.337396 -0.001148 1 0.0
0.974146 0.206465 0.988712 11 0.647786
0.097452 0.904769 0.004432 14 1.0
0.044048 0.947831 0.980341 14 0.0
0.053424 0.959058 0.9809 14 0.0
0.0439 0.947624 0.986975 14 0.0
0.034671 0.936604 0.979783 14 0.0
0.044195 0.948038 0.973707 14 0.0
0.029063 0.096395 0.898498 15 0.0
0.028878 0.094984 0.931069 15 0.0
0.030112 0.084287 0.897979 15 0.0
0.029249 0.097806 0.865927 15 0.0
0.028015 0.108503 0.899016 15 0.0
0.037511 0.900525 0.948767 16 0.06128
0.931126 0.130601 0.03751 11 0.999993
0.930994 0.136734 0.030237 11 0.999993
0.928554 0.128587 0.035859 11 0.999993
0.931257 0.124468 0.044784 11 0.999993
0.933698 0.132615 0.039162 11 0.999993
0.305129 0.971779 0.987057 22 0.0
0.43315 0.051914 0.938335 8 0.0
0.91075 0.853788 0.271521 11 9e-06
0.096061 0.125493 0.995104 12 0.0
0.121403 0.126385 0.994979 12 0.0
0.094887 0.15901 0.996174 12 0.0
0.07072 0.124601 0.995229 12 0.0
0.097236 0.091975 0.994034 12 0.0
0.262162 0.091035 0.991986 12 0.0
0.263423 0.113182 0.990294 12 0.0
0.188198 0.095267 0.992285 12 0.0
0.260902 0.068888 0.993679 12 0.0
0.336127 0.086802 0.991688 12 0.0
0.088028 0.541678 0.99583 12 0.0
0.276179 0.128232 0.001034 1 0.0
0.964059 0.694363 0.98924 13 0.0
0.0828 0.053171 0.650189 3 0.99999
0.957255 0.561305 0.997248 12 0.0
0.028491 0.16108 0.985907 15 0.0
0.912468 0.798659 0.004734 2 3.7e-05
0.946467 0.091769 0.477928 10 0.999912
0.163952 0.067838 0.029366 6 0.0
0.145891 0.069983 0.027752 6 0.0
0.162876 0.066701 0.039898 6 0.0
0.182013 0.065692 0.030979 6 0.0
0.165028 0.068974 0.018834 6 0.0
0.880373 0.974118 0.923393 22 0.0
0.896459 0.97386 0.918748 22 0.0
0.88719 0.973421 0.947037 22 0.0
0.864288 0.974376 0.928038 22 0.0
0.873557 0.974815 0.899749 22 0.0
0.075785 0.2634 0.004771 2 1.0
0.107831 0.364813 0.995353 12 0.0
0.893651 0.598989 0.995928 12 0.0
0.94368 0.057585 0.75209 10 0.0
0.251479 0.143613 0.994774 12 0.0
0.244701 0.180532 0.996172 12 0.0
0.178329 0.13023 0.993546 12 0.0
0.258257 0.106694 0.993377 12 0.0
0.324629 0.156996 0.996002 12 0.0
0.879713 0.976405 0.988404 22 0.0
0.519424 0.972953 0.983015 22 0.0
0.412347 0.092013 0.006258 2 0.999999
0.070191 0.151121 0.297775 15 0.0
0.072899 0.968291 0.893304 14 0.0
0.714403 0.972241 0.979992 22 0.0
0.084259 0.092241 0.169548 15 0.920635
0.025941 0.268838 0.987324 15 0.880363
0.931825 0.883437 0.365671 11 1.0
0.045547 0.921813 0.599259 14 0.999999
0.919179 0.103134 0.70855 11 1e-06
0.899343 0.949437 0.618662 20 0.000345
0.053777 0.078716 0.686706 3 0.0
0.028263 0.379347 0.938267 15 0.0
0.059768 0.108934 0.535358 3 0.0
0.973411 0.63835 0.986897 19 2e-06
0.959293 0.497621 0.998954 12 0.0
0.907497 0.517264 0.988458 12 0.0
0.975499 0.495811 0.96804 11 0.0
0.929548 0.069294 0.512301 10 0.0
0.033392 0.079236 0.892061 3 0.0
0.022617 0.871724 0.98369 15 0.0
0.965702 0.189963 0.98607 11 0.0
0.044586 0.105928 0.622982 15 0.0
0.387255 0.909381 0.003275 2 0.0
0.08257 0.956951 0.731355 14 0.54549
0.958998 0.124186 0.628637 11 0.0
0.03611 0.073678 0.811271 3 0.0
0.027497 0.792766 0.976375 16 0.0
0.088643 0.952543 0.541902 14 0.999993
0.023558 0.772648 0.981632 15 0.0
0.087242 0.093337 0.188125 3 0.0
0.919122 0.115265 0.116859 10 0.788469
0.066377 0.864984 0.463525 15 1e-06
0.071878 0.972011 0.982763 14 0.181978
0.080572 0.094996 0.220467 3 0.0
0.13329 0.917243 0.117496 14 0.245314
0.08211 0.923332 0.379782 14 0.0
0.082359 0.872832 0.070175 14 0.000317
0.085069 0.88103 0.070504 14 0.000317
0.084884 0.871018 0.094553 14 0.000317
0.079649 0.864635 0.069846 14 0.000317
0.079834 0.874646 0.045797 14 0.000317
0.046255 0.91413 0.920541 14 5.7e-05
0.627501 0.971783 0.983599 22 0.0
0.544777 0.972705 0.975665 22 0.0
0.749535 0.974 0.990639 22 0.0
0.898216 0.93567 0.246596 18 1.0
0.026457 0.294885 0.988917 4 1.0
0.174542 0.97307 0.977705 22 0.0
0.103562 0.205345 0.998145 12 0.0
0.077664 0.208372 0.998607 12 0.0
0.096869 0.147973 0.998822 12 0.0
0.12946 0.202318 0.997684 12 0.0
0.110256 0.262717 0.997468 12 0.0
0.04721 0.125253 0.770475 15 0.0
0.923151 0.868599 0.25071 19 2e-06
0.037129 0.076889 0.892828 3 0.0
0.910876 0.058229 0.436438 10 0.0
0.025293 0.930075 0.946842 14 0.999307
0.082234 0.079461 0.328635 3 0.999988
0.074801 0.083698 0.331877 3 0.999988
0.087949 0.072537 0.350782 3 0.999988
0.089667 0.075224 0.325392 3 0.999988
0.076519 0.086385 0.306488 3 0.999988
0.135666 0.07489 0.987442 12 0.0
0.105622 0.080657 0.985387 12 0.0
0.132518 0.058723 0.988095 12 0.0
0.16571 0.069122 0.989498 12 0.0
0.138814 0.091056 0.98679 12 0.0
0.022615 0.202453 0.996531 15 0.954816
0.038042 0.439669 0.988767 12 0.000324
0.466303 0.037665 0.969795 8 5e-06
0.056538 0.189308 0.996899 12 0.0
0.062015 0.734755 0.996146 12 0.0
0.969451 0.611014 0.995341 12 0.987655
0.353576 0.034512 0.996432 6 0.0
0.522597 0.024049 0.948896 8 0.0
0.929063 0.676387 0.024644 19 1e-06
0.100616 0.746838 0.004307 1 4e-06
0.023531 0.23152 0.960876 15 0.0
0.921255 0.153269 0.003119 11 1.0
0.093658 0.685324 0.003884 1 0.992208
0.063883 0.395745 0.991906 12 0.0
0.783813 0.917103 0.003753 2 0.891199
0.054821 0.061519 0.840154 3 0.0
0.940035 0.103844 0.313732 10 0.999987
0.969249 0.927488 0.951194 18 0.997961
0.079974 0.240152 0.005615 16 1.0
0.8084 0.969808 0.961421 22 0.0
0.406047 0.123645 0.001925 2 4e-06
0.062662 0.120015 0.810475 3 0.0
0.919388 0.706734 0.995399 12 0.0
0.924207 0.074378 0.446564 10 0.0
0.033597 0.928049 0.882481 14 0.0
0.026823 0.915701 0.882406 14 0.0
0.03196 0.928711 0.921207 14 0.0
0.040372 0.940397 0.882556 14 0.0
0.035235 0.927387 0.843755 14 0.0
0.943946 0.12973 0.30375 11 0.0
0.680242 0.974463 0.983359 22 0.0
0.952352 0.556602 0.94442 11 0.0
0.92367 0.077776 0.368275 10 0.0
0.960384 0.766025 0.995806 12 0.0
0.044018 0.926954 0.788049 14 0.000506
0.607813 0.142703 0.000845 1 0.0
0.088777 0.137349 0.182897 15 0.0
0.125639 0.076532 0.36193 6 0.0
0.358906 0.972673 0.982611 22 0.0
0.034202 0.652476 0.994758 12 0.925305
0.910978 0.96462 0.786056 20 0.0
0.088315 0.083945 0.772519 5 9.8e-05
0.318282 0.088179 0.010057 2 0.999986
0.029987 0.541491 0.983875 15 0.0
0.924537 0.042535 0.719909 10 1.3e-05
0.937561 0.114676 0.47027 11 0.0
0.068754 0.967152 0.912618 14 0.0
0.119291 0.064948 0.1812 9 0.999994
0.913392 0.143196 0.527781 11 0.0
0.960388 0.528528 0.983647 13 0.0
0.888389 0.96452 0.751495 20 0.0
0.059232 0.08254 0.562385 3 0.0
0.974355 0.614355 0.995425 12 0.999958
0.935044 0.516128 0.051519 11 0.0
0.022892 0.684952 0.978484 15 0.0
0.882536 0.938005 0.430476 17 0.0
0.915963 0.057909 0.492449 10 0.0
0.096638 0.498773 0.057477 15 0.0
0.877802 0.949911 0.640872 24 0.0
0.0852 0.861785 0.403134 15 1e-06
0.885854 0.940801 0.506073 20 0.0
0.944335 0.101073 0.400631 10 0.999938
0.88372 0.592219 0.003431 2 0.0
0.914902 0.123102 0.146488 10 0.999432
0.975376 0.300977 0.976577 11 0.0
0.91117 0.090516 0.168903 10 0.0
0.059575 0.036062 0.982374 3 3.6e-05
0.053048 0.042533 0.980443 3 3.6e-05
0.057078 0.035307 0.988283 3 3.6e-05
0.066102 0.029591 0.984305 3 3.6e-05
0.062072 0.036817 0.976466 3 3.6e-05
0.054997 0.884951 0.43928 15 0.0
0.953749 0.073861 0.750954 10 0.996001
0.066939 0.908726 0.457482 14 0.0
0.949185 0.892532 0.730752 11 1e-06
0.549128 0.127091 0.00063 2 0.0
0.048367 0.934404 0.812516 14 0.001363
0.102868 0.925682 0.289579 14 0.0
0.939032 0.946483 0.94604 18 0.997725
0.934493 0.951264 0.949597 18 0.997725
0.941571 0.936847 0.96223 18 0.997725
0.94357 0.941702 0.942483 18 0.997725
0.936492 0.956119 0.92985 18 0.997725
0.032048 0.689389 0.996169 12 0.08793
0.865331 0.946278 0.994228 13 0.0
0.866232 0.956475 0.994968 13 0.0
0.832457 0.949159 0.994542 13 0.0
0.86443 0.93608 0.993489 13 0.0
0.898205 0.943397 0.993915 13 0.0
0.920333 0.098172 0.181013 10 0.0
0.031043 0.933348 0.923419 14 0.073499
0.034043 0.920142 0.856609 14 0.867889
0.933356 0.499194 0.034501 11 0.011681
0.131027 0.062989 0.36107 6 0.0
0.401054 0.881142 0.000128 1 0.0
0.127031 0.902292 0.036234 14 3e-06
0.138895 0.905566 0.036001 14 3e-06
0.128723 0.896968 0.047657 14 3e-06
0.115166 0.899018 0.036466 14 3e-06
0.125338 0.907616 0.02481 14 3e-06
0.044465 0.916407 0.866255 14 4.9e-05
0.637438 0.966703 0.932447 23 0.0
0.634217 0.967304 0.950325 23 0.0
0.579032 0.969461 0.921834 23 0.0
0.640658 0.966101 0.914568 23 0.0
0.695843 0.963945 0.943059 23 0.0
0.760127 0.975425 0.990363 22 0.0
0.098818 0.217725 0.003225 2 0.0
0.923338 0.093612 0.441241 10 0.0
0.057046 0.803351 0.214418 15 0.0
0.052241 0.798975 0.282452 15 0.0
0.056408 0.775733 0.212597 15 0.0
0.061852 0.807728 0.146384 15 0.0
0.057685 0.83097 0.21624 15 0.0
0.975482 0.075748 0.950906 10 0.283725
0.05022 0.911834 0.641175 14 4.9e-05
0.02732 0.074828 0.944928 3 0.0
0.974478 0.247339 0.931071 11 0.0
0.905463 0.080317 0.513869 10 0.0
0.026355 0.830293 0.809519 15 0.0
0.02833 0.817361 0.751169 15 0.0
0.027686 0.858028 0.803417 15 0.0
0.024381 0.843224 0.867869 15 0.0
0.025025 0.802557 0.81562 15 0.0
0.922596 0.051004 0.617148 10 0.0
0.320277 0.957747 0.97518 22 0.0
0.537624 0.072953 0.9903 12 0.0
0.102369 0.684459 0.997474 12 0.0
0.404973 0.039226 0.988748 13 0.0
0.904163 0.967951 0.935305 22 0.0
0.9129 0.968029 0.933281 22 0.0
0.908578 0.971431 0.954507 22 0.0
0.895425 0.967874 0.937328 22 0.0
0.899747 0.964472 0.916102 22 0.0
0.880005 0.974654 0.923444 22 0.0
0.896493 0.97422 0.918993 22 0.0
0.886367 0.974284 0.947049 22 0.0
0.863516 0.975089 0.927896 22 0.0
0.873642 0.975025 0.89984 22 0.0
0.736277 0.97487 0.96632 22 0.0
0.085782 0.063787 0.587629 15 0.998575
0.086677 0.487478 0.005726 15 2.7e-05
0.094469 0.903872 0.057662 14 4e-06
0.103892 0.912496 0.058482 14 4e-06
0.092796 0.903789 0.077752 14 4e-06
0.085045 0.895247 0.056842 14 4e-06
0.096141 0.903955 0.037573 14 4e-06
0.14383 0.063736 0.170917 6 0.0
0.055294 0.924755 0.652523 14 0.0
0.147601 0.971341 0.985044 24 0.0
0.080839 0.917112 0.342791 14 0.0
0.150595 0.127858 0.199346 9 0.0
0.027501 0.692617 0.984345 15 0.0
0.963498 0.490935 1.000328 12 0.065157
0.878908 0.939791 0.268856 17 0.0
0.102112 0.311143 -0.000621 1 5e-05
0.377074 0.974214 0.959415 22 0.0
0.947593 0.144762 0.322615 11 0.0
0.701068 0.972385 0.960325 23 0.0
0.163338 0.975815 0.977709 22 0.0
0.923392 0.079739 0.37947 10 0.000143
0.034934 0.922554 0.786996 14 0.999486
0.03374 0.902436 0.774552 15 0.0
0.952285 0.661522 0.927822 19 0.0
0.975853 0.453738 0.955633 11 0.0
0.055076 0.143141 0.383303 4 0.0
0.950574 0.903349 0.82381 11 0.0
0.941328 0.213525 0.997916 12 0.0
0.907275 0.969668 0.816529 20 0.0
0.897039 0.953727 0.568293 24 0.0
0.944333 0.123834 0.352742 11 0.0
0.94412 0.093619 0.726231 11 0.000422
0.063718 0.128392 0.271957 3 0.0
0.111944 0.057826 0.53329 7 7e-06
0.056063 0.11195 0.498706 15 0.0
0.04949 0.911651 0.618905 15 0.204111
0.975542 0.1862 0.996063 11 0.011535
0.303356 0.962605 0.994697 12 0.0
0.550729 0.066798 0.060723 9 0.0
0.902826 0.499906 0.002684 1 0.0
0.4883 0.046449 0.904599 8 0.0
0.047943 0.352183 0.984169 12 0.0
0.891753 0.501467 0.002726 1 0.0
0.669865 0.898005 0.013011 2 0.999517
0.120633 0.560321 0.004205 1 0.0
0.59309 0.180058 0.002864 1 0.0
0.595936 0.21465 0.002196 1 0.0
0.510516 0.186882 0.004475 1 0.0
0.590244 0.145466 0.003532 1 0.0
0.675663 0.173234 0.001254 1 0.0
0.475557 0.884723 0.015297 1 0.0
0.239574 0.861636 0.04409 2 0.0
0.251264 0.864446 0.044959 2 0.0
0.240828 0.85609 0.045158 2 0.0
0.227884 0.858825 0.043221 2 0.0
0.23832 0.867181 0.043022 2 0.0
0.135058 0.636834 0.003285 1 0.0
0.907801 0.584482 0.002707 1 0.0
0.023089 0.7986 0.981114 15 0.0
0.15031 0.970275 0.880106 20 0.0
0.123205 0.969813 0.879222 20 0.0
0.14907 0.971014 0.91773 20 0.0
0.177414 0.970736 0.88099 20 0.0
0.151549 0.969536 0.842481 20 0.0
0.935712 0.038915 0.870159 10 0.0
0.030363 0.126941 0.854483 15 0.0
0.030346 0.146324 0.855611 15 0.0
0.029381 0.124122 0.902921 15 0.0
0.030381 0.107559 0.853356 15 0.0
0.031345 0.129761 0.806045 15 0.0
0.931337 0.090482 0.332714 10 0.999833
0.934894 0.095984 0.320563 10 0.999833
0.935038 0.094035 0.335406 10 0.999833
0.927781 0.08498 0.344865 10 0.999833
0.927637 0.086928 0.330022 10 0.999833
0.024993 0.137828 0.987428 15 0.000581
0.959865 0.897026 0.730505 19 0.0
0.915899 0.085699 0.240477 10 0.0
0.02223 0.928818 0.962077 14 1.0
0.050849 0.953053 0.987321 14 0.009887
0.946324 0.083285 0.768657 11 0.997109
0.828821 0.970672 0.978685 22 0.0
0.064731 0.071328 0.592484 3 0.0
0.587486 0.965594 0.919425 24 0.0
0.583529 0.96575 0.937356 24 0.0
0.533248 0.967892 0.907437 24 0.0
0.591442 0.965438 0.901493 24 0.0
0.641723 0.963296 0.931412 24 0.0
0.058674 0.876718 0.261879 15 0.0
0.785849 0.939054 0.157564 21 0.0
0.818423 0.938774 0.155243 21 0.0
0.789212 0.94144 0.204468 21 0.0
0.753275 0.939335 0.159885 21 0.0
0.782486 0.936669 0.110661 21 0.0
0.032031 0.10133 0.840145 15 0.0
0.054523 0.340898 0.995471 12 0.0
0.280559 0.102552 0.003519 1 0.0
0.053623 0.16997 0.995652 12 0.0
0.061117 0.868948 0.848266 15 0.0
0.060978 0.869894 0.803572 15 0.0
0.067262 0.899339 0.84889 15 0.0
0.061257 0.868002 0.892961 15 0.0
0.054972 0.838558 0.847642 15 0.0
0.533382 0.068314 0.028444 9 0.000108
0.393056 0.957773 0.973225 22 0.0
0.371485 0.951728 0.99523 12 0.0
0.110029 0.917971 0.030052 14 0.999981
0.111399 0.924657 0.025183 14 0.999981
0.111088 0.920222 0.033441 14 0.999981
0.10866 0.911284 0.034921 14 0.999981
0.108971 0.915719 0.026662 14 0.999981
0.313551 0.032701 0.989676 5 0.0
0.029771 0.705925 0.955207 15 0.0
0.1485 0.327737 0.99749 12 0.0
0.107279 0.326616 0.996452 12 0.0
0.15109 0.233291 0.996616 12 0.0
0.189721 0.328858 0.998529 12 0.0
0.14591 0.422182 0.998364 12 0.0
0.079272 0.911917 0.367407 14 0.0
0.507923 0.066783 0.025237 9 0.999998
0.098613 0.065027 0.630978 4 5.6e-05
0.976653 0.353472 0.978296 11 0.985365
0.898858 0.944489 0.653818 20 0.0
0.295346 0.973936 0.986048 22 0.0
0.094897 0.692779 0.004992 1 0.006031
0.044269 0.078595 0.812317 3 0.0
0.932183 0.038698 0.841545 10 0.0
0.359941 0.975925 0.986917 22 0.0
0.954871 0.440009 0.992293 13 0.0
0.693678 0.971767 0.984477 22 0.0
0.136074 0.973431 0.969617 24 0.0
0.111931 0.972973 0.968541 24 0.0
0.135632 0.973805 0.979372 24 0.0
0.160217 0.973888 0.970692 24 0.0
0.136515 0.973056 0.959861 24 0.0
0.922115 0.079258 0.328967 10 0.0
0.052182 0.93283 0.820924 14 0.0
0.030137 0.870878 0.756964 15 0.0
0.905093 0.145102 0.374521 11 0.0
0.931114 0.033891 0.891563 10 0.0
0.039622 0.893856 0.664557 15 0.0
0.127015 0.077317 0.256941 7 0.002112
0.975537 0.323871 0.975999 11 0.0
0.063185 0.107842 0.356302 3 0.0
0.301484 0.947522 0.996143 12 0.0
0.050731 0.088098 0.725646 3 0.0
0.027857 0.52194 0.987843 15 0.0
0.938964 0.112585 0.380983 11 2e-06
0.944839 0.098157 0.72981 11 2.8e-05
0.0657 0.063836 0.681098 15 0.0
0.068648 0.889529 0.276083 14 0.0
0.064968 0.12937 0.222466 3 0.0
0.061118 0.149915 0.268301 15 0.0
0.051526 0.076452 0.751461 3 0.0
0.953222 0.14975 0.405603 11 0.0
0.9372 0.845153 0.72696 11 0.0
0.934526 0.835059 0.664985 11 0.0
0.931566 0.880715 0.72141 11 0.0
0.939874 0.855247 0.788934 11 0.0
0.942833 0.80959 0.732509 11 0.0
0.915422 0.1879 0.144166 11 0.0
0.91546 0.214436 0.149647 11 0.0
0.91275 0.178869 0.187902 11 0.0
0.915383 0.161364 0.138685 11 0.0
0.918094 0.19693 0.10043 11 0.0
0.061671 0.921739 0.565808 14 0.0
0.856003 0.188876 0.455092 11 0.0
0.085339 0.957894 0.852155 14 2.2e-05
0.48565 0.136369 0.002473 1 0.0
0.02107 0.259068 0.977722 4 0.0
0.88672 0.599295 0.003355 1 0.0
0.083091 0.959902 0.791161 14 0.0
0.920723 0.70789 0.041456 19 1.7e-05
0.102112 0.071932 0.242568 3 0.994654
0.054954 0.858074 0.913786 15 0.0
0.058789 0.886146 0.910581 15 0.0
0.055078 0.860754 0.937407 15 0.0
0.05112 0.830002 0.916991 15 0.0
0.054831 0.855394 0.890165 15 0.0
0.185299 0.970044 0.8794 23 0.0
0.147843 0.969903 0.89466 23 0.0
0.19912 0.971689 0.91334 23 0.0
0.222755 0.970184 0.864141 23 0.0
0.171477 0.968398 0.84546 23 0.0
0.02957 0.927845 0.943061 14 5e-06
0.031505 0.933534 0.941929 14 5e-06
0.031896 0.930769 0.961739 14 5e-06
0.027635 0.922155 0.944192 14 5e-06
0.027245 0.92492 0.924383 14 5e-06
0.096594 0.918032 0.468405 14 0.0
0.066706 0.968383 0.991771 14 2e-06
0.131628 0.064271 0.328357 6 0.0
0.744245 0.975556 0.9796 22 0.0
0.108779 0.696199 0.123664 15 0.999459
0.073057 0.055492 0.713719 15 1.1e-05
0.040533 0.94256 0.959792 14 0.0
0.047873 0.948897 0.960038 14 0.0
0.03929 0.943473 0.973358 14 0.0
0.033193 0.936224 0.959546 14 0.0
0.041776 0.941648 0.946225 14 0.0
0.048144 0.897452 0.793012 15 1.6e-05
0.049491 0.830487 0.826011 15 0.0
0.049568 0.81451 0.774627 15 0.0
0.053693 0.866942 0.814683 15 0.0
0.049415 0.846463 0.877395 15 0.0
0.04529 0.794031 0.837339 15 0.0
0.215211 0.969598 0.988716 22 0.0
0.110136 0.510421 0.99776 12 0.0
0.063822 0.910101 0.428921 14 0.996842
0.920657 0.882708 0.228712 11 1.0
0.525182 0.844678 0.027672 1 0.0
0.960632 0.535783 0.995736 12 0.0
0.88934 0.941891 0.657743 20 9e-06
0.092366 0.208011 0.980243 12 0.0
0.069201 0.206266 0.978415 12 0.0
0.095823 0.163327 0.979082 12 0.0
0.115531 0.209755 0.982072 12 0.0
0.08891 0.252695 0.981405 12 0.0
0.35974 0.97472 0.982716 22 0.0
0.077676 0.948408 0.694061 14 0.0
0.043976 0.075361 0.801278 3 0.0
0.835577 0.975803 0.973691 22 0.0
0.957182 0.067101 0.828908 10 0.002445
0.914545 0.063204 0.427125 10 0.0
0.040358 0.873099 0.591356 15 0.0
0.941685 0.086812 0.476563 10 2e-06
0.104777 0.057547 0.621738 7 0.0
0.081484 0.121493 0.399657 15 1e-06
0.937724 0.076324 0.929678 10 0.999975
0.943126 0.087203 0.917053 10 0.999975
0.937187 0.088697 0.94011 10 0.999975
0.932321 0.065446 0.942302 10 0.999975
0.93826 0.063952 0.919246 10 0.999975
0.974326 0.131816 0.850249 11 0.0
0.976472 0.150968 0.851301 11 0.0
0.975161 0.12923 0.895603 11 0.0
0.97218 0.112663 0.849197 11 0.0
0.973491 0.134401 0.804895 11 0.0
0.068956 0.45594 0.03359 15 1.0
0.057944 0.082127 0.603313 15 0.0
0.123836 0.87421 0.190625 14 0.0
0.859923 0.92785 0.425545 17 0.0
0.964738 0.106117 0.762736 11 0.0
0.937888 0.620255 0.979705 12 0.0
0.8805 0.935785 0.279124 17 0.0
0.136169 0.971441 0.982611 24 0.0
0.023008 0.290037 0.962216 4 0.0
0.937094 0.087317 0.453385 10 2.3e-05
0.899583 0.072377 0.204298 10 0.0
0.054097 0.936559 0.809221 14 0.0
0.646557 0.132963 0.001425 1 0.0
0.92631 0.075102 0.458023 10 0.0
0.027802 0.570178 0.967721 15 0.0
0.076525 0.973006 0.909658 14 0.000143
0.065824 0.057489 0.978651 3 0.0
0.050185 0.866237 0.458872 15 0.0
0.087813 0.913979 0.208032 14 0.0
0.049421 0.934257 0.752758 14 6e-06
0.087671 0.089576 0.172486 3 6e-06
0.084491 0.089604 0.217332 3 1e-06
0.044357 0.946593 0.986734 14 0.001458
0.099367 0.905534 0.03217 14 0.018993
0.110042 0.915017 0.030909 14 0.018993
0.100296 0.90601 0.043617 14 0.018993
0.088692 0.896051 0.033431 14 0.018993
0.098438 0.905057 0.020724 14 0.018993
0.059952 0.915634 0.908801 14 0.10452
0.043571 0.882573 0.789209 15 0.0
0.457295 0.13639 0.001181 1 0.0
0.054421 0.15565 0.972092 15 0.0
0.951531 0.077191 0.984759 10 1.0
0.961057 0.083995 0.989264 10 1.0
0.948172 0.081 0.986107 10 1.0
0.942005 0.070387 0.980254 10 1.0
0.954889 0.073382 0.983411 10 1.0
0.114795 0.048515 0.958928 6 0.0
0.137614 0.049343 0.956511 6 0.0
0.115803 0.044157 0.966949 6 0.0
0.091976 0.047688 0.961344 6 0.0
0.113788 0.052874 0.950906 6 0.0
0.168193 0.919426 0.000846 2 1.0
0.232516 0.974122 0.966788 22 0.0
0.907365 0.05332 0.693909 10 0.999787
0.376384 0.083199 0.006448 6 0.881005
0.597094 0.128277 0.000668 1 0.0
0.654441 0.138095 0.003058 1 0.0
0.086965 0.053114 0.545886 3 0.000617
0.95191 0.115492 0.53614 11 0.0
0.268699 0.974001 0.986481 22 0.0
0.117753 0.055835 0.40584 6 0.0
0.046238 0.070946 0.782345 3 0.0
0.074525 0.973821 0.967792 14 0.0
0.071754 0.975683 0.967465 14 0.0
0.073669 0.974385 0.978254 14 0.0
0.077296 0.971958 0.968119 14 0.0
0.075381 0.973256 0.957329 14 0.0
0.109548 0.935726 0.553845 14 0.0
0.073645 0.218761 0.007458 15 1.0
0.078486 0.02441 0.986145 3 0.06721
0.071244 0.026112 0.984776 3 0.06721
0.077128 0.023225 0.991856 3 0.06721
0.085728 0.022708 0.987513 3 0.06721
0.079844 0.025595 0.980434 3 0.06721
0.937483 0.093965 0.364945 10 2e-06
0.946426 0.114463 0.382614 11 0.0
0.068894 0.969416 0.989162 14 0.989421
0.070831 0.97321 0.988761 14 0.989421
0.065918 0.971333 0.992934 14 0.989421
0.066958 0.965622 0.989562 14 0.989421
0.071871 0.967499 0.985389 14 0.989421
0.060841 0.85706 0.193776 15 0.0
0.895517 0.942258 0.516142 23 0.0
0.080982 0.039575 0.730145 3 0.030109
0.085073 0.096115 0.213345 3 0.0
0.074975 0.902736 0.333399 14 0.0
0.950062 0.091116 0.570619 10 0.999574
0.024104 0.535172 0.993873 15 0.861743
0.369042 0.974269 0.975434 22 0.0
0.975172 0.581887 0.982339 19 0.0
0.43843 0.942109 0.996927 12 0.0
0.919052 0.754598 0.00382 1 1.0
0.064868 0.866345 0.247789 15 0.0
0.93309 0.561136 0.036895 11 0.0
0.88802 0.568398 0.047683 19 0.0
0.084682 0.122267 0.198529 3 0.0
0.041494 0.900463 0.92306 16 0.0
0.0435 0.909512 0.920279 16 0.0
0.034728 0.909284 0.946878 16 0.0
0.039489 0.891415 0.925841 16 0.0
0.048261 0.891643 0.899241 16 0.0
0.097943 0.548756 -0.000217 2 0.0
0.947617 0.130789 0.403922 11 0.0
0.116464 0.934763 0.251642 14 1e-06
0.056509 0.858852 0.252622 15 0.0
0.077624 0.109095 0.226884 15 0.0
0.933637 0.498367 0.039186 11 0.0
0.551915 0.971054 0.991847 23 2.5e-05
0.035061 0.931879 0.840013 14 0.334079
0.924117 0.52064 0.00624 11 1.0
0.081928 0.083613 0.271895 3 0.0
0.928829 0.10977 0.179557 10 0.990411
0.050479 0.883491 0.471349 15 0.0
0.934913 0.031782 0.945305 10 3.9e-05
0.048395 0.929339 0.756957 14 2e-06
0.929808 0.12075 0.168571 11 0.998921
0.096994 0.928145 0.435698 14 0.0
0.963119 0.15968 0.997931 13 5.3e-05
0.067171 0.172592 0.155208 15 0.0
0.066231 0.195409 0.159031 15 0.0
0.065152 0.164115 0.205299 15 0.0
0.068111 0.149775 0.151384 15 0.0
0.06919 0.18107 0.105116 15 0.0
0.025059 0.258034 0.990336 15 0.986459
0.140973 0.076823 0.29468 9 0.0
0.120532 0.082521 0.292429 9 0.0
0.136616 0.076736 0.334036 9 0.0
0.161414 0.071124 0.296931 9 0.0
0.14533 0.07691 0.255324 9 0.0
0.438882 0.035062 0.964682 8 0.0
0.575124 0.970185 0.942381 23 0.0
0.578715 0.970412 0.958405 23 0.0
0.532611 0.969322 0.951921 23 0.0
0.571532 0.969957 0.926357 23 0.0
0.617637 0.971048 0.932841 23 0.0
0.026084 0.895681 0.983254 15 0.999998
0.024898 0.904286 0.982867 15 0.999998
0.022715 0.895031 0.979122 15 0.999998
0.02727 0.887076 0.983641 15 0.999998
0.029454 0.896331 0.987386 15 0.999998
0.909365 0.061296 0.482322 10 0.0
0.880078 0.071028 0.033512 10 1.0
0.404748 0.112821 0.002349 2 0.000425
0.157077 0.966922 0.992021 22 3e-06
0.08331 0.587812 0.998248 12 0.0
0.046022 0.594924 0.995655 12 0.0
0.09352 0.134082 0.984221 12 0.0
0.117539 0.135874 0.984581 12 0.0
0.090898 0.168825 0.986244 12 0.0
0.0695 0.132291 0.98386 12 0.0
0.096142 0.09934 0.982197 12 0.0
0.045179 0.269887 0.99558 12 0.0
0.884362 0.073506 0.069471 10 0.999709
0.400801 0.969459 0.97198 22 0.0
0.033695 0.536416 0.956387 15 0.0
0.330553 0.97105 0.985688 22 0.0
0.879178 0.071844 0.089976 10 0.999995
0.076428 0.199411 0.006896 15 1.0
0.142641 0.28865 0.0006 1 0.0
0.121428 0.289436 0.000787 1 0.0
0.140498 0.229998 0.004129 1 0.0
0.163853 0.287864 0.000414 1 0.0
0.144783 0.347302 -0.002928 1 0.0
0.967393 0.070062 0.915589 10 1e-06
0.191131 0.972776 0.952219 23 0.0
0.149712 0.971681 0.947891 23 0.0
0.189603 0.973131 0.966748 23 0.0
0.232549 0.973871 0.956547 23 0.0
0.192658 0.972422 0.937689 23 0.0
0.48208 0.97505 0.970859 22 0.0
0.121331 0.067471 0.12922 3 0.0
0.911909 0.044501 0.768727 10 0.991828
0.044032 0.926572 0.829032 14 0.001323
0.520207 0.976795 0.98857 22 0.0
0.12748 0.059033 0.52208 7 0.0
0.925136 0.075269 0.453044 10 0.0
0.044819 0.94621 0.898979 14 0.0
0.052026 0.955279 0.897072 14 0.0
0.04721 0.951241 0.931945 14 0.0
0.037612 0.93714 0.900886 14 0.0
0.042428 0.941178 0.866013 14 0.0
0.121471 0.057201 0.672221 7 0.0
0.138821 0.054299 0.674976 7 0.0
0.116067 0.059418 0.708593 7 0.0
0.104121 0.060102 0.669466 7 0.0
0.126875 0.054983 0.63585 7 0.0
0.068065 0.883367 0.250305 14 0.0
0.872224 0.957643 0.735648 23 0.0
0.031644 0.930875 0.919938 14 0.005303
0.036102 0.938559 0.919465 14 0.005303
0.032051 0.932338 0.947518 14 0.005303
0.027185 0.923191 0.920412 14 0.005303
0.031236 0.929412 0.892358 14 0.005303
0.947232 0.674213 0.973645 13 1e-06
0.02367 0.47442 0.986225 15 1e-06
0.915493 0.06857 0.5961 10 0.0
0.107957 0.150155 0.152963 3 0.00601
0.104841 0.172248 0.152075 3 0.00601
0.11747 0.153375 0.199698 3 0.00601
0.111073 0.128062 0.153851 3 0.00601
0.098443 0.146935 0.106229 3 0.00601
0.101686 0.675723 0.004807 2 0.0
0.035876 0.864454 0.763497 15 0.0
0.952745 0.559495 0.998095 12 0.0
0.081279 0.951888 0.719294 14 0.0
0.95548 0.10451 0.595803 11 0.0
0.084229 0.05462 0.667246 3 1.6e-05
0.063907 0.877178 0.791822 15 0.0
0.060608 0.862157 0.744949 15 0.0
0.066906 0.899977 0.784305 15 0.0
0.067205 0.892199 0.838696 15 0.0
0.060907 0.854378 0.79934 15 0.0
0.939941 0.190117 0.115336 11 0.0
0.941593 0.213944 0.108312 11 0.0
0.944221 0.200146 0.150361 11 0.0
0.938289 0.16629 0.12236 11 0.0
0.935661 0.180088 0.08031 11 0.0
0.97516 0.625796 0.956311 19 0.0
0.931291 0.071395 0.547565 10 0.0
0.05447 0.084231 0.575254 3 0.0
0.918152 0.111478 0.182782 10 0.975945
0.122501 0.968107 0.842052 20 0.0
0.10342 0.967338 0.843221 20 0.0
0.125496 0.96964 0.89192 20 0.0
0.141582 0.968876 0.840882 20 0.0
0.119506 0.966574 0.792184 20 0.0
0.945195 0.083725 0.695723 10 1.0
0.892977 0.088314 0.041084 10 0.00014
0.898921 0.095183 0.03818 10 0.00014
0.896778 0.090675 0.054446 10 0.00014
0.887033 0.081446 0.043989 10 0.00014
0.889176 0.085953 0.027723 10 0.00014
0.058716 0.817611 0.186034 15 0.0
0.059673 0.841141 0.186554 15 0.0
0.054472 0.816498 0.244116 15 0.0
0.05776 0.79408 0.185513 15 0.0
0.062961 0.818723 0.127951 15 0.0
0.047041 0.931364 0.784485 14 3.9e-05
0.919389 0.92018 0.993952 12 0.0
0.930215 0.932562 0.99357 12 0.0
0.903291 0.934236 0.993346 12 0.0
0.908563 0.907798 0.994335 12 0.0
0.935487 0.906123 0.994558 12 0.0
0.974887 0.749828 0.983802 11 0.0
0.968885 0.08326 0.856207 10 0.047893
0.037471 0.891988 0.7529 15 0.0
0.698184 0.966561 0.983269 22 4e-06
0.070161 0.058489 0.786678 3 7e-06
0.970666 0.225973 0.995886 11 0.007955
0.975346 0.388954 0.990512 11 5e-06
0.034243 0.09074 0.81295 15 0.0
0.557305 0.022486 0.980522 8 0.0
0.046361 0.151351 0.995695 12 0.0
0.404221 0.034005 0.997245 6 0.0
0.360775 0.897825 0.006458 2 0.0
0.426738 0.920406 0.033039 20 0.0
0.939411 0.098313 0.325774 10 0.997494
0.045361 0.250487 0.994743 12 0.0
0.069612 0.908129 0.396017 14 0.0
0.952867 0.048572 0.969883 10 0.0
0.962829 0.05797 0.973229 10 0.0
0.951734 0.046158 0.980039 10 0.0
0.942905 0.039175 0.966538 10 0.0
0.954 0.050986 0.959727 10 0.0
0.513419 0.02234 0.987694 6 0.0
0.921285 0.14181 0.601984 11 1.7e-05
0.926372 0.162984 0.61184 11 1.7e-05
0.91687 0.127912 0.634121 11 1.7e-05
0.916198 0.120635 0.592128 11 1.7e-05
0.925701 0.155707 0.569846 11 1.7e-05
0.418277 0.96155 0.976024 22 0.0
0.971188 0.418995 0.990726 11 0.999335
0.947005 0.052583 0.860754 10 0.0
0.082638 0.961098 0.992433 14 0.0
0.092321 0.962527 0.993207 14 0.0
0.08177 0.966744 0.992868 14 0.0
0.072956 0.959669 0.99166 14 0.0
0.083506 0.955453 0.991999 14 0.0
0.0979 0.518972 0.997614 12 0.0
0.624778 0.974078 0.97079 22 0.0
0.088461 0.055149 0.474843 3 0.902297
0.027616 0.094009 0.929694 15 0.0
0.027121 0.104368 0.929432 15 0.0
0.027388 0.094602 0.953492 15 0.0
0.028112 0.08365 0.929957 15 0.0
0.027845 0.093417 0.905896 15 0.0
0.068593 0.119432 0.16493 3 7.3e-05
0.162323 0.973054 0.992167 22 0.0
0.929245 0.621033 0.968087 12 0.0
0.0719 0.867657 0.23158 15 0.0
0.901916 0.959102 0.896471 22 0.0
0.916542 0.957756 0.896128 22 0.0
0.903259 0.965703 0.927835 22 0.0
0.88729 0.960448 0.896814 22 0.0
0.900573 0.952501 0.865107 22 0.0
0.116994 0.089668 0.528407 6 0.0
0.103659 0.066587 0.246145 3 0.999504
0.051879 0.433703 0.974732 12 0.0
0.877866 0.072856 0.06629 10 1.0
0.958284 0.676873 0.983061 13 2e-06
0.050053 0.106073 0.562085 3 0.0
0.058659 0.90178 0.473677 14 0.0
0.946671 0.113617 0.446065 11 0.655661
0.0336 0.90085 0.789384 15 0.0
0.978404 0.826941 0.991796 11 1.0
0.080004 0.044192 0.687977 3 0.00913
0.074163 0.966284 0.841392 14 0.49326
0.854639 0.459186 0.002768 1 0.0
0.061835 0.104403 0.42111 3 0.0
0.973265 0.816241 0.991783 11 1e-06
0.931629 0.125167 0.10572 11 0.998438
0.968257 0.068659 0.946735 10 0.001313
0.083631 0.831618 0.131863 15 0.995226
0.069805 0.120756 0.181859 3 0.0
0.041676 0.924285 0.758727 14 0.000588
0.099511 0.094579 0.039952 3 0.998255
0.526706 0.072261 0.024531 9 0.0
0.080185 0.096868 0.24128 3 1e-06
0.934203 0.06737 0.637195 10 0.0
0.023003 0.173599 0.977925 4 0.0
0.66665 0.970715 0.983933 22 0.0
0.619867 0.965603 0.96343 22 0.0
0.082846 0.044086 0.813174 3 7e-06
0.907403 0.091046 0.1175 10 0.0
0.915057 0.099357 0.11921 10 0.0
0.90428 0.086342 0.154342 10 0.0
0.899749 0.082735 0.11579 10 0.0
0.910526 0.09575 0.080658 10 0.0
0.977785 0.727495 0.968916 11 0.0
0.541388 0.917582 0.011126 2 1.0
0.048511 0.880136 0.500991 15 0.0
0.255888 0.971606 0.974532 22 0.0
0.057077 0.063023 0.71758 3 0.0
0.057221 0.492266 0.995946 12 0.0
0.908117 0.954153 0.634989 18 4e-06
0.604423 0.076909 0.995453 13 0.015103
0.897124 0.077801 0.141337 10 0.003247
0.904411 0.082123 0.14379 10 0.003247
0.894144 0.073423 0.157899 10 0.003247
0.889837 0.073479 0.138883 10 0.003247
0.900105 0.082179 0.124775 10 0.003247
0.070234 0.902181 0.330499 14 0.0
0.08809 0.955623 0.645725 14 0.99972
0.038204 0.333302 0.994019 12 0.00024
0.959362 0.066907 0.845799 10 0.009309
0.064839 0.066 0.594035 3 0.0
0.736578 0.973392 0.984929 22 0.0
0.034713 0.848504 0.646538 15 0.0
0.062424 0.876367 0.806428 15 0.0
0.063147 0.871418 0.753553 15 0.0
0.067757 0.904275 0.803888 15 0.0
0.061701 0.881316 0.859302 15 0.0
0.057091 0.848459 0.808967 15 0.0
0.812873 0.974436 0.920757 24 0.0
0.773499 0.975381 0.913033 24 0.0
0.808262 0.975108 0.944347 24 0.0
0.852248 0.973492 0.92848 24 0.0
0.817485 0.973765 0.897166 24 0.0
0.922493 0.091826 0.239043 10 0.143058
0.930363 0.101898 0.240813 10 0.143058
0.921742 0.085161 0.280329 10 0.143058
0.914624 0.081754 0.237274 10 0.143058
0.923244 0.09849 0.197758 10 0.143058
0.961377 0.901784 0.767182 11 0.0
0.955643 0.135539 0.545575 11 0.0
0.062907 0.880628 0.217047 15 1e-06
0.899952 0.061983 0.300413 10 0.068665
0.067168 0.117814 0.252437 3 1e-06
0.553941 0.122466 0.000862 2 0.0
0.122059 0.065735 0.164557 6 1e-06
0.0574 0.886071 0.281136 15 0.999995
0.959807 0.090967 0.857143 10 0.0
0.957633 0.099588 0.666173 11 0.0
0.049821 0.108699 0.534652 3 0.0
0.039372 0.889467 0.831445 15 0.0
0.045283 0.888017 0.781036 15 0.0
0.041311 0.906551 0.831181 15 0.0
0.033462 0.890917 0.881854 15 0.0
0.037434 0.872382 0.831709 15 0.0
0.028039 0.84803 0.806311 15 0.0
0.030622 0.852882 0.744701 15 0.0
0.029239 0.871559 0.808214 15 0.0
0.025455 0.843178 0.867922 15 0.0
0.026839 0.824501 0.804408 15 0.0
0.042439 0.852558 0.541678 15 0.0
0.087201 0.130231 0.266929 15 1e-06
0.328063 0.975817 0.966783 22 0.0
0.064076 0.10719 0.354333 3 0.0
0.05181 0.100593 0.539655 3 0.0
0.62009 0.150483 0.001024 1 0.0
0.499914 0.080919 0.055109 9 0.0
0.088853 0.974483 0.993239 14 0.0
0.952694 0.054952 0.889055 10 0.0
0.897792 0.07693 0.232113 6 0.306982
0.072085 0.872424 0.101659 16 0.026909
0.075999 0.883489 0.101012 16 0.026909
0.06883 0.875645 0.137011 16 0.026909
0.06817 0.86136 0.102306 16 0.026909
0.07534 0.869204 0.066307 16 0.026909
0.115968 0.928043 0.258243 14 0.0
0.960291 0.079703 0.78357 10 5e-05
0.095714 0.099402 0.163758 3 0.0
0.913324 0.089694 0.19043 10 0.0
0.112882 0.925268 0.070158 14 0.986371
0.974624 0.663847 0.979784 19 0.0
0.79153 0.973712 0.985959 22 0.0
0.93262 0.136681 0.115006 11 0.0
0.684655 0.949373 0.919343 20 0.0
0.61642 0.951394 0.915864 20 0.0
0.683514 0.950048 0.942112 20 0.0
0.75289 0.947352 0.922822 20 0.0
0.685796 0.948699 0.896573 20 0.0
0.954314 0.067865 0.799029 10 0.0
0.064861 0.16111 0.995894 12 0.0
0.080108 0.161997 0.995674 12 0.0
0.062324 0.204759 0.996198 12 0.0
0.049615 0.160222 0.996114 12 0.0
0.067398 0.117461 0.99559 12 0.0
0.091712 0.155527 0.995197 12 0.0
0.067915 0.154607 0.995287 12 0.0
0.093343 0.11317 0.99371 12 0.0
0.115509 0.156447 0.995108 12 0.0
0.09008 0.197884 0.996685 12 0.0
0.40425 0.037291 0.995559 13 0.0
0.091287 0.306593 0.000633 2 0.0
0.062042 0.901704 0.44368 14 0.007174
0.060617 0.719321 0.995352 12 0.0
0.896465 0.949075 0.645666 20 0.0
0.113733 0.937648 0.3358 14 0.0
0.902337 0.975626 0.955677 22 0.0
0.911606 0.975343 0.950597 22 0.0
0.909631 0.975355 0.969001 22 0.0
0.893068 0.975909 0.960756 22 0.0
0.895043 0.975896 0.942352 22 0.0
0.848488 0.975072 0.980212 22 0.0
0.923023 0.321454 0.971275 12 0.0
0.932881 0.899751 0.31912 18 0.0
0.961621 0.118338 0.659043 11 0.0
0.104011 0.938883 0.275616 14 0.999936
0.100008 0.929368 0.34576 14 0.0
0.104689 0.054043 0.49738 3 0.0
0.545836 0.976469 0.972228 22 0.0
0.930424 0.788734 0.000677 2 1.0
0.072891 0.974836 0.977765 14 0.0
0.070531 0.975664 0.977227 14 0.0
0.072017 0.97706 0.985026 14 0.0
0.075251 0.974009 0.978302 14 0.0
0.073765 0.972613 0.970503 14 0.0
0.099327 0.048498 0.753933 5 1e-05
0.102011 0.923766 0.295301 14 1e-06
0.219746 0.973192 0.979067 22 0.0
0.09001 0.093565 0.44516 5 3.8e-05
0.082081 0.1 0.454227 5 3.8e-05
0.09715 0.084782 0.457638 5 3.8e-05
0.09794 0.08713 0.436094 5 3.8e-05
0.082871 0.102347 0.432683 5 3.8e-05
0.964743 0.103064 0.747939 11 0.0
0.042756 0.853039 0.523102 15 0.0
0.033198 0.89018 0.728942 15 0.0
0.054277 0.111481 0.410403 3 0.0
0.071592 0.08115 0.47456 3 0.0
0.071177 0.95847 0.854876 14 0.0
0.945821 0.166826 0.240801 11 0.0
0.107403 0.934291 0.149138 14 0.99995
0.045883 0.072938 0.798583 3 0.0
0.938524 0.110129 0.365286 11 1.0
0.030379 0.449087 0.996141 12 0.999844
0.057203 0.104527 0.502248 15 0.0
0.03225 0.112069 0.843384 15 0.0
0.05797 0.109625 0.430271 3 0.0
0.064086 0.954089 0.808979 14 0.0
0.052939 0.113768 0.484087 3 0.0
0.965562 0.278656 0.976574 11 0.0
0.110102 0.923817 0.230251 14 3e-05
0.941105 0.11602 0.33085 11 0.0
0.057791 0.878174 0.89876 15 0.0
0.059743 0.904763 0.895495 15 0.0
0.057975 0.879665 0.911009 15 0.0
0.055838 0.851585 0.902026 15 0.0
0.057606 0.876683 0.886512 15 0.0
0.050472 0.043573 0.989305 3 0.159381
0.069912 0.868532 0.481542 15 0.0
0.935778 0.070576 0.938951 10 0.999928
0.949613 0.068298 0.958419 10 0.999928
0.929993 0.060648 0.941901 10 0.999928
0.921943 0.072853 0.919484 10 0.999928
0.941563 0.080503 0.936001 10 0.999928
0.083627 0.902872 0.176744 14 0.0
0.942961 0.064954 0.742989 10 0.0
0.081999 0.959255 0.769674 14 0.0
0.910766 0.089646 0.169055 10 0.0
0.071017 0.971737 0.98985 14 0.0
0.063962 0.969003 0.991139 14 0.0
0.071366 0.972246 0.992845 14 0.0
0.078071 0.974471 0.988561 14 0.0
0.070667 0.971228 0.986855 14 0.0
0.083364 0.891524 0.134403 14 8.4e-05
0.091853 0.904951 0.134019 14 8.4e-05
0.079303 0.895374 0.17931 14 8.4e-05
0.074876 0.878097 0.134786 14 8.4e-05
0.087426 0.887673 0.089496 14 8.4e-05
0.071672 0.117693 0.19264 3 0.0
0.572288 0.024772 0.973467 8 0.0
0.317847 0.025034 0.985758 8 0.998365
0.06887 0.926965 0.520533 14 0.0
0.061481 0.098427 0.49014 3 0.0
0.033449 0.091426 0.830451 15 0.0
0.025548 0.67658 0.976408 15 2e-06
0.589597 0.022878 0.985486 8 0.0
0.053337 0.928294 0.692426 14 0.0
0.970135 0.071729 0.89747 10 0.999999
0.922325 0.047502 0.65435 10 0.0
0.100623 0.252365 0.996119 12 0.0
0.127229 0.250681 0.996198 12 0.0
0.105184 0.324465 0.997471 12 0.0
0.074018 0.254049 0.99604 12 0.0
0.096063 0.180264 0.994767 12 0.0
0.65023 0.974029 0.969672 22 0.0
0.384012 0.946787 0.995413 12 0.0
0.057804 0.899346 0.37419 15 0.999477
0.92451 0.107094 0.30775 10 9e-06
0.891794 0.958608 0.663513 20 0.0
0.069713 0.274443 0.964597 12 0.0
0.140661 0.971823 0.982213 22 0.0
0.10023 0.059682 0.612758 15 0.0
0.109059 0.934552 0.380567 14 0.0
0.956044 0.073163 0.801822 10 0.992976
0.044328 0.124653 0.612231 15 0.0
0.114069 0.053525 0.488799 7 0.0
0.884479 0.082768 0.091807 10 0.0
0.087108 0.939393 0.576226 14 0.0
0.060741 0.061666 0.685889 3 0.998324
0.104992 0.930863 0.338302 14 0.0
0.164958 0.971294 0.980984 22 0.0
0.055862 0.838539 0.249431 15 0.0
0.028195 0.86063 0.787621 15 0.0
0.974718 0.674639 0.977888 19 0.0
0.054599 0.930775 0.863817 14 1e-06
0.065143 0.873491 0.439854 15 1e-06
0.840379 0.076244 0.001795 2 1.0
0.950367 0.115609 0.465096 11 0.0
0.408728 0.970593 0.983422 22 0.0
0.958862 0.091048 0.821416 11 0.004483
0.48586 0.129491 0.000544 1 0.0
0.45936 0.093553 0.016803 2 0.0
0.242065 0.920161 0.001292 2 1.0
0.123788 0.067372 0.471052 6 0.0
0.095314 0.045986 0.597458 3 0.028405
0.965955 0.081786 0.851653 10 0.952262
0.054905 0.887305 0.450167 15 0.95984
0.87162 0.099384 0.308503 6 0.002115
0.889765 0.101437 0.299072 6 0.002115
0.88378 0.097588 0.331508 6 0.002115
0.853475 0.097331 0.317933 6 0.002115
0.85946 0.101179 0.285497 6 0.002115
0.976454 0.184837 0.997684 11 1.0
0.077508 0.11275 0.1103 3 0.0
0.058489 0.936951 0.927917 14 0.999154
0.066403 0.941255 0.930483 14 0.999154
0.049694 0.940077 0.949803 14 0.999154
0.050574 0.932646 0.925352 14 0.999154
0.067283 0.933825 0.906032 14 0.999154
0.740306 0.973599 0.977425 22 0.0
0.714735 0.025661 0.984235 8 0.0
0.93319 0.175455 0.046299 11 0.0
0.934628 0.195563 0.049087 11 0.0
0.934271 0.173429 0.060352 11 0.0
0.931752 0.155347 0.04351 11 0.0
0.932109 0.177481 0.032246 11 0.0
0.046382 0.10211 0.794353 3 0.0
0.05997 0.059062 0.743645 3 0.0
0.943754 0.08672 0.72484 10 0.999899
0.973247 0.284768 0.975774 11 0.0
0.028494 0.070235 0.982657 3 0.999993
0.030434 0.073061 0.983346 3 0.999993
0.02619 0.070318 0.988802 3 0.999993
0.026554 0.067408 0.981967 3 0.999993
0.030798 0.070152 0.976512 3 0.999993
0.09181 0.190098 0.997755 12 0.0
0.114893 0.188508 0.997362 12 0.0
0.095458 0.243104 0.997576 12 0.0
0.068727 0.191688 0.998148 12 0.0
0.088162 0.137092 0.997934 12 0.0
0.416138 0.132952 0.001415 1 0.0
0.023426 0.4685 0.977664 15 0.0
0.097698 0.902403 0.003406 2 1.0
0.041489 0.105537 0.972019 3 1e-06
0.031698 0.766003 0.977303 16 0.0
0.929798 0.583879 0.984035 13 0.0
0.940819 0.268955 0.971815 13 0.0
0.95805 0.069283 0.837996 10 0.94778
0.096158 0.939932 0.479509 14 0.0
0.614244 0.959051 0.977429 22 0.0
0.924773 0.708063 0.994954 12 0.0
0.67208 0.114639 0.001302 2 1.3e-05
0.896087 0.442349 0.054451 11 3.9e-05
0.956047 0.100071 0.733843 11 0.0
0.903035 0.860327 0.170608 19 0.0
0.901845 0.881805 0.167274 19 0.0
0.899014 0.86843 0.224239 19 0.0
0.904225 0.838848 0.173942 19 0.0
0.907056 0.852224 0.116977 19 0.0
0.873653 0.949455 0.48727 17 0.0
0.052266 0.461634 0.995004 12 0.0
0.106758 0.05359 0.54782 7 0.0
0.948117 0.643304 0.985337 12 0.0
0.056978 0.932424 0.66903 14 0.0
0.940837 0.154569 0.195966 11 0.0
0.053231 0.920718 0.665786 14 0.0
0.953582 0.064812 0.814114 10 0.0
0.946291 0.061728 0.780306 10 0.0
0.047755 0.934346 0.813187 14 0.015406
0.072609 0.628071 0.033779 15 1.0
0.070065 0.479482 0.028549 15 0.0
0.927343 0.659571 0.027907 19 0.000115
0.895715 0.95665 0.689898 20 1e-06
0.944487 0.09296 0.695363 11 1e-06
0.053389 0.093048 0.575781 15 0.0
0.925907 0.748256 0.046513 11 0.995253
0.903852 0.956257 0.664834 20 0.0
0.468527 0.120212 0.000585 2 0.0
0.079331 0.966631 0.857903 14 0.0
0.920818 0.085987 0.291093 10 0.999712
0.929502 0.096464 0.29118 10 0.999712
0.921772 0.084856 0.332101 10 0.999712
0.912135 0.07551 0.291006 10 0.999712
0.919865 0.087118 0.250085 10 0.999712
0.073219 0.921691 0.405614 14 0.0
0.887903 0.923603 0.211584 18 0.999928
0.069802 0.117086 0.210659 3 1e-06
0.085876 0.937707 0.602297 14 0.0
0.941148 0.088264 0.96848 10 0.000443
0.93991 0.102608 0.964458 10 0.000443
0.954448 0.092056 0.977913 10 0.000443
0.942385 0.073919 0.972502 10 0.000443
0.927847 0.084471 0.959047 10 0.000443
0.756848 0.970329 0.989394 22 0.999553
0.917003 0.966051 0.99452 22 0.115716
0.915907 0.97075 0.996051 22 0.115716
0.908869 0.964479 0.993523 22 0.115716
0.918099 0.961351 0.99299 22 0.115716
0.925137 0.967622 0.995518 22 0.115716
0.950305 0.077673 0.798241 10 0.999982
0.054246 0.956237 0.987055 14 0.0
0.025811 0.236681 0.985691 4 3.7e-05
0.068081 0.95833 0.855929 14 0.0
0.084961 0.891359 0.011022 14 1.0
0.090981 0.900593 0.013667 14 1.0
0.085315 0.890096 0.014624 14 1.0
0.078941 0.882125 0.008377 14 1.0
0.084607 0.892621 0.00742 14 1.0
0.079523 0.084771 0.345295 3 0.0
0.052895 0.110546 0.747657 3 0.0
0.054541 0.881787 0.783613 15 0.0
0.058735 0.902006 0.777389 15 0.0
0.056979 0.890542 0.813699 15 0.0
0.050346 0.861568 0.789837 15 0.0
0.052103 0.873032 0.753528 15 0.0
0.889835 0.926658 0.273697 18 1.0
0.076266 0.212133 0.996822 12 0.0
0.095107 0.212915 0.996756 12 0.0
0.073817 0.271241 0.997364 12 0.0
0.057426 0.211352 0.996888 12 0.0
0.078716 0.153026 0.996279 12 0.0
0.026933 0.691159 0.983743 16 0.0
0.161003 0.05016 0.974343 5 0.0
0.386219 0.954183 0.993333 12 0.0
0.332617 0.081937 0.97697 12 0.0
0.332377 0.099892 0.976016 12 0.0
0.279588 0.08095 0.971722 12 0.0
0.332857 0.063982 0.977924 12 0.0
0.385645 0.082924 0.982218 12 0.0
0.0262 0.932342 0.967764 14 1.0
0.025018 0.933185 0.965282 14 1.0
0.023983 0.932149 0.968754 14 1.0
0.027382 0.931498 0.970247 14 1.0
0.028417 0.932534 0.966775 14 1.0
0.056127 0.06039 0.755131 15 0.999181
0.020636 0.390824 0.975916 4 0.0
0.053588 0.90299 0.371144 15 0.999998
0.417064 0.919654 0.032385 20 0.0
0.029064 0.468132 0.974735 15 0.0
0.945899 0.104038 0.929327 11 0.0
0.049431 0.683803 0.922989 15 0.0
0.025514 0.448868 0.985202 4 2e-06
0.061273 0.43095 0.996547 12 0.0
0.09813 0.76364 0.100918 15 0.999894
0.095895 0.729054 0.118372 15 0.999894
0.095901 0.755041 0.083592 15 0.999894
0.100365 0.798227 0.083465 15 0.999894
0.100359 0.77224 0.118245 15 0.999894
0.035968 0.868013 0.700686 15 0.0
0.102736 0.939263 0.406412 14 0.0
0.945867 0.057708 0.79302 10 0.0
0.051706 0.088187 0.612939 3 0.0
0.109055 0.94213 0.504499 14 0.0
0.574606 0.973592 0.984558 22 0.0
0.109982 0.930207 0.302769 14 0.0
0.04247 0.894908 0.583829 15 0.0
0.05203 0.933944 0.723768 14 0.0
0.030697 0.881512 0.798757 15 0.0
0.052709 0.880961 0.31877 15 0.999999
0.099118 0.941085 0.337655 14 0.999963
0.940956 0.13526 0.23932 11 0.0
0.973082 0.368359 0.984668 11 0.0
0.056091 0.931762 0.690648 14 0.0
0.969938 0.212245 0.987082 11 0.0
0.96174 0.140913 0.584055 11 0.0
0.168354 0.970723 0.911944 20 0.0
0.133771 0.96921 0.901688 20 0.0
0.160692 0.971301 0.937691 20 0.0
0.202936 0.972235 0.9222 20 0.0
0.176015 0.970145 0.886196 20 0.0
0.04744 0.128281 0.545415 15 0.0
0.971133 0.57671 0.98701 19 1.7e-05
0.943668 0.088735 0.780551 10 0.000177
0.441056 0.973653 0.978703 22 0.0
0.053462 0.895744 0.401467 14 0.999966
0.665778 0.175741 -0.001687 1 0.0
0.667664 0.209575 -0.002783 1 0.0
0.585166 0.180219 -0.002191 1 0.0
0.663891 0.141907 -0.000591 1 0.0
0.746389 0.171262 -0.001183 1 0.0
0.068995 0.141442 0.043311 3 1.0
0.06828 0.152767 0.047816 3 1.0
0.066573 0.140043 0.046443 3 1.0
0.06971 0.130117 0.038807 3 1.0
0.071417 0.14284 0.04018 3 1.0
0.074201 0.894449 0.238705 14 0.0
0.079625 0.965437 0.841735 14 0.0
0.116796 0.926133 0.236794 14 0.0
0.045581 0.943142 0.859634 14 0.0
0.026695 0.931794 0.98079 14 0.517408
0.029182 0.931127 0.981183 14 0.517408
0.025631 0.932007 0.987896 14 0.517408
0.024208 0.932462 0.980398 14 0.517408
0.027759 0.931582 0.973685 14 0.517408
0.749521 0.974913 0.98271 22 0.0
0.111239 0.930727 0.119205 14 0.999638
0.026188 0.665455 0.984088 16 0.001572
0.936988 0.151793 0.149551 11 0.0
0.938831 0.166417 0.148404 11 0.0
0.942385 0.154606 0.194078 11 0.0
0.935145 0.13717 0.150698 11 0.0
0.931591 0.148981 0.105023 11 0.0
0.039566 0.118745 0.707228 15 0.0
0.079843 0.132086 0.292436 4 0.0
0.049359 0.462778 0.950028 15 0.0
0.061302 0.929151 0.755262 14 0.0
0.079344 0.25261 0.004047 15 1.0
0.073521 0.02896 0.940203 3 0.000383
0.133835 0.061232 0.55102 6 0.0
0.11118 0.921374 0.139328 14 0.000727
0.612266 0.975129 0.986461 22 0.0
0.075263 0.971519 0.952993 14 0.0
0.930627 0.12421 0.158246 11 0.999978
0.093393 0.947495 0.450427 14 0.99998
0.039044 0.870216 0.608424 15 0.0
0.964438 0.727008 0.985537 13 0.0
0.898857 0.069468 0.247279 10 2e-06
0.057086 0.861471 0.246444 15 0.0
0.125485 0.912634 0.044861 14 1.0
0.123045 0.908396 0.059171 14 1.0
0.118994 0.9061 0.041819 14 1.0
0.127925 0.916873 0.030551 14 1.0
0.131976 0.919169 0.047903 14 1.0
0.933435 0.122874 0.273086 11 0.0
0.040295 0.07724 0.819481 15 0.0
0.097812 0.942162 0.363437 14 0.999993
0.912981 0.062815 0.492736 10 0.0
0.116981 0.051342 0.825773 5 0.0
0.95098 0.331892 0.996319 12 0.0
0.038396 0.069155 0.811445 3 0.0
0.05948 0.896957 0.450268 14 0.000321
0.53805 0.972388 0.987262 22 0.0
0.978168 0.84082 0.993187 11 1.0
0.979829 0.718754 0.971163 11 0.0
0.844133 0.965548 0.76492 20 0.0
0.867195 0.964912 0.760492 20 0.0
0.855603 0.965187 0.824717 20 0.0
0.821071 0.966184 0.769347 20 0.0
0.832663 0.965909 0.705123 20 0.0
0.943346 0.10717 0.497545 11 5e-06
0.04952 0.16143 0.5283 15 0.0
0.934175 0.142064 0.128855 11 0.0
0.943229 0.040595 0.92099 10 0.0
0.944319 0.040597 0.947516 10 0.0
0.935849 0.034183 0.921294 10 0.0
0.942138 0.040593 0.894465 10 0.0
0.950608 0.047007 0.920686 10 0.0
0.08481 0.722375 0.086334 15 0.967756
0.940061 0.060379 0.716635 10 0.0
0.078483 0.894767 0.21507 14 0.0
0.093106 0.080392 0.190971 3 0.99962
0.086039 0.084589 0.196368 3 0.99962
0.099638 0.07418 0.204355 3 0.99962
0.100173 0.076194 0.185574 3 0.99962
0.086575 0.086603 0.177587 3 0.99962
0.029878 0.931185 0.960471 14 0.001646
0.033098 0.935121 0.960757 14 0.001646
0.027036 0.932568 0.973458 14 0.001646
0.026657 0.927249 0.960185 14 0.001646
0.03272 0.929802 0.947484 14 0.001646
0.077176 0.220063 0.005753 2 1.0
0.685486 0.026437 0.976267 8 0.0
0.084007 0.084047 0.259699 3 0.0
0.036716 0.085795 0.82662 3 0.0
0.054404 0.933501 0.70184 14 0.0
0.069244 0.505255 0.996873 12 0.0
0.928513 0.882812 0.102401 11 0.987999
0.054598 0.207269 0.997991 12 0.0
0.096507 0.919747 0.285503 14 0.0
0.031162 0.582351 0.993061 12 1.5e-05
0.105327 0.932096 0.367577 14 0.0
0.022422 0.679684 0.991938 15 3e-06
0.05934 0.065035 0.690949 3 0.0
0.308854 0.96961 0.986524 22 0.0
0.074031 0.888425 0.286788 14 0.003156
0.050249 0.872952 0.611336 15 0.0
0.946694 0.085007 0.71814 10 0.999844
0.074117 0.781646 0.002716 14 1.0
0.035286 0.912754 0.828412 14 0.0
0.745538 0.024346 0.956897 8 0.0
0.715604 0.023601 0.951877 8 0.0
0.743274 0.024197 0.97042 8 0.0
0.775473 0.025091 0.961917 8 0.0
0.747803 0.024495 0.943373 8 0.0
0.885878 0.956136 0.581222 20 0.0
0.078521 0.11056 0.219807 15 0.0
0.076262 0.859546 0.201258 15 0.0
0.742945 0.022929 0.968215 8 0.0
0.073349 0.255336 0.002273 16 0.999956
0.901961 0.939378 0.398157 18 0.982952
0.279036 0.090002 0.048937 9 0.0
0.103765 0.928477 0.333037 14 0.0
0.061504 0.06164 0.712168 3 0.0
0.074505 0.569909 0.044314 15 0.999994
0.960977 0.498013 0.997773 12 0.0
0.064535 0.117897 0.371006 3 0.0
0.918059 0.569909 -0.002925 2 1.0
0.975277 0.689859 0.976679 19 0.0
0.126361 0.970581 0.90008 23 0.0
0.108503 0.970215 0.893212 23 0.0
0.114468 0.970792 0.93099 23 0.0
0.144219 0.970946 0.906948 23 0.0
0.138253 0.97037 0.86917 23 0.0
0.937433 0.040489 0.862855 10 0.0
0.078731 0.963256 0.838903 14 0.0
0.939074 0.033641 0.973574 10 0.0
0.939693 0.031783 0.98376 10 0.0
0.934314 0.028765 0.972974 10 0.0
0.938455 0.035499 0.963388 10 0.0
0.943835 0.038517 0.974174 10 0.0
0.966905 0.073958 0.98402 10 0.997511
0.066442 0.886327 0.154648 14 0.999976
0.027427 0.686949 0.980835 15 1.5e-05
0.933098 0.137255 0.109765 11 0.0
0.517253 0.022576 0.989238 6 0.0
0.048463 0.127033 0.74492 15 0.0
0.615461 0.967533 0.972192 22 0.0
0.067581 0.054114 0.828001 3 0.0
0.034002 0.092126 0.819869 15 0.0
0.919377 0.974146 0.940973 22 0.0
0.925673 0.973365 0.940093 22 0.0
0.922008 0.973903 0.960019 22 0.0
0.913081 0.974928 0.941852 22 0.0
0.916746 0.97439 0.921927 22 0.0
0.951299 0.118251 0.503977 11 0.0
0.060253 0.940565 0.708642 14 0.0
0.046177 0.622703 0.995261 12 0.0
0.026127 0.266784 0.993018 12 6e-06
0.082389 0.903273 0.364881 14 0.0
0.053813 0.089737 0.589941 3 0.0
0.615347 0.972925 0.979613 22 0.0
0.056359 0.078433 0.678954 3 0.0
0.794456 0.972131 0.984473 22 0.0
0.929242 0.123619 0.081328 11 0.999708
0.111574 0.05322 0.578827 3 0.0
0.068774 0.86299 0.238993 15 0.0
0.921878 0.473845 0.004862 1 1.0
0.939317 0.102429 0.33352 10 0.999944
0.088812 0.86189 0.019076 14 0.002422
0.088461 0.86299 0.013991 14 0.002422
0.093721 0.871657 0.020849 14 0.002422
0.089164 0.86079 0.02416 14 0.002422
0.083903 0.852123 0.017303 14 0.002422
0.907421 0.947959 0.556699 18 0.0
0.109108 0.936434 0.214104 14 0.999986
0.582543 0.132743 -0.000887 2 0.0
0.045195 0.078319 0.79452 3 0.0
0.93977 0.102394 0.338658 10 0.999975
0.961919 0.085084 0.747736 10 2e-05
0.94559 0.893815 0.28592 11 1.0
0.11619 0.040935 0.691617 5 0.0
0.094672 0.957448 0.690058 14 0.0
0.938167 0.408913 0.994155 12 0.0
0.88961 0.537224 0.045909 19 0.0
0.947773 0.097629 0.451312 10 0.999958
0.534217 0.076981 0.034487 9 0.0
0.894701 0.075297 0.163388 10 0.0
0.103784 0.058642 0.373922 3 0.09608
0.951863 0.052856 0.892876 10 0.0
0.956383 0.053884 0.927376 10 0.0
0.943778 0.043922 0.894202 10 0.0
0.947342 0.051829 0.858376 10 0.0
0.959948 0.06179 0.891551 10 0.0
0.924464 0.099191 0.210303 10 0.008154
0.075762 0.883441 0.029885 14 1.0
0.064876 0.95293 0.97657 14 0.0
0.06714 0.957068 0.97852 14 0.0
0.06445 0.952219 0.978573 14 0.0
0.062612 0.948792 0.97462 14 0.0
0.065302 0.953641 0.974567 14 0.0
0.043121 0.092713 0.790233 3 0.0
0.66463 0.976349 0.980371 22 0.0
0.083086 0.090081 0.268338 3 0.0
0.031721 0.816299 0.962043 15 0.0
0.057998 0.94472 0.742974 14 0.0
0.954594 0.080781 0.756048 10 1.0
0.069809 0.035569 0.88722 3 0.0112
0.120432 0.570369 0.997818 12 0.0
0.331367 0.074157 0.00991 2 1.0
0.044402 0.683268 0.990208 12 0.0
0.748072 0.969739 0.948991 17 0.0
0.02708 0.490416 0.973038 15 0.0
0.977141 0.278679 0.991253 11 0.0
0.952928 0.08117 0.783884 10 1.0
0.068358 0.637126 0.989314 12 0.0
0.078154 0.917342 0.356407 14 0.0
0.057248 0.07551 0.736836 15 0.0
0.04966 0.08326 0.737725 15 0.0
0.057607 0.071728 0.77291 15 0.0
0.064836 0.067761 0.735948 15 0.0
0.056889 0.079293 0.700763 15 0.0
0.629152 0.972786 0.984566 22 0.0
0.975743 0.819074 0.994899 13 0.001092
0.060721 0.89862 0.239754 14 0.999999
0.764724 0.971461 0.984422 22 2.5e-05
0.057909 0.118565 0.427758 15 0.0
0.968168 0.078888 0.855246 10 0.0
0.945625 0.058042 0.796909 10 0.0
0.97601 0.527619 0.981993 19 0.0
0.962226 0.579349 0.983172 13 0.0
0.0279 0.92751 0.909457 14 0.999951
0.071855 0.970148 0.905006 14 0.999989
0.0756 0.890202 0.191773 14 0.0
0.803428 0.972542 0.977653 22 0.0
0.961689 0.634749 0.994596 12 0.0
0.109034 0.928982 0.300181 14 0.0
0.941749 0.136189 0.50184 11 0.0
0.975766 0.281633 0.928496 11 0.0
0.976892 0.347709 0.932853 11 0.0
0.975264 0.280159 0.950968 11 0.0
0.97464 0.215556 0.924139 11 0.0
0.976267 0.283106 0.906025 11 0.0
0.029677 0.873265 0.752003 15 0.0
0.024929 0.919725 0.957208 15 0.0
0.02582 0.926196 0.958348 15 0.0
0.023411 0.917449 0.971309 15 0.0
0.024038 0.913254 0.956068 15 0.0
0.026447 0.922 0.943107 15 0.0
0.375318 0.931904 0.034086 20 1e-06
0.928299 0.882757 0.078349 11 1.0
0.043242 0.112919 0.724575 15 0.0
0.061295 0.105128 0.469943 15 0.0
0.120641 0.252231 0.995927 12 0.0
0.154614 0.252296 0.997252 12 0.0
0.120475 0.322947 0.996718 12 0.0
0.086668 0.252166 0.994602 12 0.0
0.120807 0.181516 0.995136 12 0.0
0.239442 0.034771 0.991655 12 2e-06
0.974716 0.620125 0.984732 19 0.0
0.085084 0.253091 0.991361 12 0.0
0.063417 0.253527 0.991376 12 0.0
0.083653 0.182092 0.989161 12 0.0
0.106751 0.252655 0.991346 12 0.0
0.086514 0.32409 0.993561 12 0.0
0.598596 0.894948 0.004186 1 0.080008
0.913568 0.96864 0.848694 20 0.0
0.029752 0.474884 0.971771 15 0.0
0.031139 0.386557 0.994775 12 0.997858
0.070734 0.461419 0.994624 12 0.0
0.106183 0.918794 0.18494 14 0.000175
0.045326 0.36051 0.956368 15 0.0
0.084834 0.055527 0.645138 3 0.972462
0.07671 0.915209 0.342482 14 0.0
0.057581 0.05935 0.751837 3 0.0
0.086352 0.420861 0.996919 12 0.0
0.10938 0.922259 0.171155 14 5.2e-05
0.133253 0.973859 0.973042 24 0.0
0.109917 0.973445 0.973099 24 0.0
0.133267 0.974185 0.981463 24 0.0
0.156589 0.974273 0.972986 24 0.0
0.133238 0.973533 0.964622 24 0.0
0.098301 0.944926 0.58825 14 0.0
0.878302 0.969226 0.85205 17 0.0
0.895828 0.967924 0.849472 17 0.0
0.885073 0.96975 0.897816 17 0.0
0.860777 0.970528 0.854628 17 0.0
0.871531 0.968701 0.806284 17 0.0
0.925889 0.112803 0.105743 10 0.203798
0.940254 0.123066 0.303799 11 0.0
0.074977 0.778818 0.003272 15 1.0
0.11673 0.050703 0.634023 5 3e-06
0.927319 0.08043 0.40078 10 0.999999
0.915144 0.957827 0.806468 20 0.974274
0.123109 0.92289 0.307474 14 0.999568
0.952209 0.394524 0.978427 12 0.0
0.085373 0.909054 0.18155 14 0.0
0.067212 0.928176 0.583673 14 0.0
0.931011 0.027478 0.995472 10 2.3e-05
0.930302 0.029347 0.993075 10 2.3e-05
0.926344 0.02486 0.994812 10 2.3e-05
0.93172 0.025609 0.997869 10 2.3e-05
0.935679 0.030097 0.996133 10 2.3e-05
0.071819 0.970745 0.98548 14 0.0
0.068927 0.969742 0.983409 14 0.0
0.070944 0.96959 0.987262 14 0.0
0.074711 0.971749 0.987551 14 0.0
0.072694 0.9719 0.983698 14 0.0
0.116104 0.924005 0.062118 14 0.138501
0.04934 0.936239 0.807643 14 2e-06
0.028121 0.931974 0.96391 14 0.24348
0.109801 0.930138 0.107064 14 0.999788
0.921603 0.079288 0.368761 10 0.0
0.03914 0.092766 0.681804 3 0.0
0.63918 0.976648 0.978796 22 0.0
0.085458 0.930274 0.48816 14 0.0
0.888312 0.932379 0.181769 18 1.0
0.754464 0.970789 0.985164 22 0.0
0.047012 0.928451 0.758517 14 0.0
0.720175 0.971009 0.960907 20 0.0
0.027068 0.497166 0.989491 4 0.0
0.422178 0.08178 0.010765 2 1.0
0.05251 0.232419 0.996475 12 0.0
0.064908 0.93022 0.577869 14 0.0
0.970708 0.300396 0.986536 11 0.0
0.323693 0.051837 0.933598 8 0.0
0.042965 0.432142 0.994727 12 0.0
0.087963 0.952482 0.532021 14 0.999995
0.10411 0.92566 0.291708 14 0.0
0.91843 0.881988 0.23839 11 1.0
0.486811 0.975285 0.982685 22 0.0
0.052491 0.876759 0.437005 15 0.0
0.039253 0.884599 0.661932 15 0.0
0.05649 0.900406 0.506468 14 0.0
0.882684 0.945892 0.563495 20 0.0
0.110187 0.938127 0.24721 14 0.999211
0.065474 0.126659 0.250824 3 0.0
0.911362 0.697879 0.995957 12 0.0
0.928947 0.542237 0.993898 12 0.0
0.420281 0.968365 0.98108 22 0.0
0.101665 0.94739 0.571325 14 0.0
0.947985 0.119621 0.553518 11 0.0
0.099036 0.945846 0.402088 14 0.999983
0.031608 0.904822 0.826138 15 0.0
0.950226 0.326247 0.996191 12 0.0
0.078068 0.044264 0.761388 3 8e-06
0.605285 0.91414 0.003242 2 0.993293
0.083549 0.903368 0.170508 14 0.0
0.838265 0.973966 0.993696 24 0.953709
0.977915 0.21589 0.998323 11 1.0
0.144688 0.926052 0.003818 1 1.0
0.028654 0.076691 0.931729 3 4.4e-05
0.099845 0.936485 0.44257 14 0.0
0.198794 0.972124 0.947131 24 0.0
0.241736 0.972725 0.953123 24 0.0
0.19672 0.972223 0.96198 24 0.0
0.155851 0.971523 0.941139 24 0.0
0.200867 0.972025 0.932282 24 0.0
0.052353 0.88521 0.638816 15 0.0
0.347068 0.091995 0.010162 2 1.0
0.079547 0.741486 0.996568 12 0.0
0.059427 0.222592 0.997521 12 0.0
0.069085 0.5702 0.059568 15 1.0
0.068343 0.615771 0.056822 15 1.0
0.06912 0.57141 0.079636 15 1.0
0.069828 0.52463 0.062313 15 1.0
0.069051 0.568991 0.0395 15 1.0
0.057362 0.07224 0.737243 3 0.0
0.978259 0.82432 0.998086 13 0.971859
0.074736 0.119902 0.011165 3 1.0
0.076359 0.121493 0.011627 3 1.0
0.075558 0.11735 0.017068 3 1.0
0.073114 0.118311 0.010703 3 1.0
0.073914 0.122454 0.005263 3 1.0
0.112157 0.919931 0.260937 14 2e-06
0.948513 0.708591 0.993536 13 0.023145
0.346628 0.973567 0.989702 22 0.0
0.894754 0.945476 0.564349 20 0.0
0.944152 0.684672 0.995302 12 0.0
0.957191 0.596926 0.996753 12 0.0
0.050276 0.13064 0.535613 15 0.0
0.059811 0.079829 0.691385 3 0.0
0.908618 0.960941 0.831738 20 0.0
0.971032 0.521722 0.984932 19 0.0
0.028821 0.907165 0.851653 15 0.0
0.963393 0.080442 0.823092 10 0.13845
0.065223 0.1676 0.199232 15 0.0
0.068051 0.169476 0.136197 15 0.0
0.064568 0.189759 0.199862 15 0.0
0.062395 0.165725 0.262266 15 0.0
0.065879 0.145442 0.198602 15 0.0
0.957443 0.079598 0.732881 10 3e-06
0.923544 0.076166 0.382527 10 0.0
0.070189 0.409876 0.036426 16 0.0
0.099031 0.269076 0.002761 2 0.0
0.069038 0.490577 0.044259 15 0.0
0.951613 0.078716 0.728706 10 1.0
0.07192 0.873821 0.124099 15 3e-06
0.076747 0.886763 0.124245 15 3e-06
0.067503 0.874997 0.165925 15 3e-06
0.067093 0.860879 0.123953 15 3e-06
0.076338 0.872646 0.082273 15 3e-06
0.944997 0.081261 0.609244 10 1e-05
0.03681 0.911735 0.822904 16 1.2e-05
0.046247 0.096489 0.728468 15 0.0
0.88289 0.070079 0.072784 10 0.999991
0.880394 0.069942 0.073094 10 0.999991
0.881952 0.071579 0.06588 10 0.999991
0.885386 0.070215 0.072475 10 0.999991
0.883827 0.068578 0.079689 10 0.999991
0.078232 0.187163 0.002937 2 1.0
0.050354 0.654721 0.994311 12 0.0
0.031939 0.437118 0.996299 12 0.0
0.052405 0.632911 0.996211 12 0.0
0.032582 0.411858 0.994489 12 1.4e-05
0.034478 0.564877 0.993075 12 0.240443
0.025353 0.063991 0.982816 3 0.999972
0.90343 0.057354 0.424521 10 0.999897
0.061981 0.093821 0.735662 4 0.0
0.057716 0.107502 0.739341 4 0.0
0.061131 0.083657 0.77247 4 0.0
0.066247 0.08014 0.731983 4 0.0
0.062832 0.103986 0.698854 4 0.0
0.057191 0.363702 0.995662 12 0.0
0.964093 0.108164 0.767232 11 0.0
0.028461 0.321817 0.98554 4 0.000129
0.93817 0.103784 0.345797 10 0.998322
0.061307 0.878676 0.376306 15 0.0
0.14578 0.063785 0.189408 6 0.0
0.029886 0.344501 0.994629 12 2e-06
0.897029 0.956595 0.79868 20 0.0
0.071038 0.113877 0.198713 3 0.0
0.09616 0.555814 0.002132 2 1.0
0.04054 0.494866 0.996654 12 0.0
0.027097 0.489197 0.986927 15 0.999999
0.508508 0.08171 0.951033 12 0.0
0.875399 0.936621 0.814928 24 0.0
0.896883 0.936076 0.808652 24 0.0
0.891024 0.933465 0.86869 24 0.0
0.853915 0.937166 0.821204 24 0.0
0.859774 0.939777 0.761166 24 0.0
0.951576 0.064317 0.807255 10 2e-06
0.938295 0.246431 0.998005 12 0.0
0.056534 0.094064 0.59436 3 0.0
0.933384 0.086774 0.519024 10 0.999934
0.072846 0.894991 0.462032 14 0.129717
0.93537 0.430658 0.970815 13 0.0
0.943436 0.093914 0.695741 11 0.002039
0.912877 0.136108 0.002676 2 0.038566
0.915356 0.148459 0.003244 2 0.038566
0.907401 0.137179 0.003275 2 0.038566
0.910398 0.123756 0.002107 2 0.038566
0.918353 0.135036 0.002076 2 0.038566
0.960222 0.08806 0.701899 10 5e-06
0.073551 0.923667 0.42904 14 0.0
0.121683 0.086625 0.063575 9 0.998087
0.11713 0.093744 0.054865 9 0.998087
0.113411 0.089292 0.070079 9 0.998087
0.126236 0.079506 0.072285 9 0.998087
0.129955 0.083958 0.057071 9 0.998087
0.875735 0.927162 0.025078 18 1.0
0.09497 0.10525 0.002345 2 0.998448
0.076402 0.083062 0.351159 3 0.0
0.581338 0.028544 0.980168 8 0.0
0.58688 0.969989 0.972513 22 0.0
0.586438 0.970406 0.979799 22 0.0
0.56504 0.967434 0.971335 22 0.0
0.587321 0.969573 0.965228 22 0.0
0.608719 0.972545 0.973692 22 0.0
0.977207 0.467405 0.982154 11 1.2e-05
0.028862 0.936478 0.973133 14 0.999841
0.02986 0.938749 0.968547 14 0.999841
0.025731 0.936341 0.972383 14 0.999841
0.027863 0.934208 0.977719 14 0.999841
0.031992 0.936616 0.973882 14 0.999841
0.89909 0.101124 0.006714 10 4e-06
0.352171 0.972137 0.989087 22 0.0
0.268013 0.037159 0.993794 12 0.0
0.073613 0.194765 0.996027 12 0.0
0.93772 0.929654 0.786196 18 0.99997
0.927324 0.943457 0.784533 18 0.99997
0.936553 0.934415 0.833008 18 0.99997
0.948116 0.915852 0.787859 18 0.99997
0.938888 0.924893 0.739385 18 0.99997
0.051893 0.393909 0.983263 12 1e-05
0.955743 0.0437 0.998389 10 1.0
0.077816 0.308636 0.0057 15 1.0
0.053178 0.703089 0.995554 12 0.0
0.151847 0.06001 0.368916 5 0.0
0.935771 0.187035 0.036723 11 0.998871
0.92438 0.07565 0.441472 10 0.0
0.938704 0.04923 0.808342 10 0.0
0.044001 0.441016 0.994793 12 0.0
0.924601 0.478336 0.027876 11 2.8e-05
0.672051 0.974277 0.978848 22 0.0
0.318516 0.971822 0.986115 22 0.0
0.823512 0.974151 0.982005 22 0.0
0.038565 0.079166 0.82014 3 0.0
0.930318 0.080429 0.468483 10 0.0
0.115627 0.034108 0.831984 5 0.0
0.030779 0.487863 0.994969 12 0.010247
0.897101 0.062019 0.308511 10 0.935325
0.055634 0.892318 0.468588 15 3e-06
0.9758 0.284449 0.99041 11 2.1e-05
0.075936 0.888266 0.199324 14 0.999965
0.137719 0.068203 0.409976 7 0.0
0.116261 0.072142 0.415553 7 0.0
0.145228 0.063614 0.442107 7 0.0
0.159177 0.064265 0.404398 7 0.0
0.13021 0.072793 0.377845 7 0.0
0.038238 0.843681 0.974558 15 0.0
0.096471 0.653898 0.996752 12 0.0
0.042651 0.912606 0.637206 14 0.999584
0.911151 0.054346 0.485405 10 0.0
0.029341 0.925652 0.882306 14 0.999959
0.108124 0.056979 0.563025 7 0.001105
0.045687 0.93044 0.592071 14 1.0
0.971763 0.649985 0.988262 19 0.000212
0.342455 0.859192 0.004292 1 0.0
0.385476 0.076861 0.029029 9 0.999998
0.949141 0.049633 0.925383 10 0.0
0.954314 0.050471 0.948978 10 0.0
0.940134 0.040259 0.92769 10 0.0
0.943968 0.048796 0.901788 10 0.0
0.958148 0.059008 0.923075 10 0.0
0.073078 0.920001 0.413747 14 0.0
0.026841 0.2637 0.992481 15 0.995248
0.032251 0.916887 0.832848 14 0.997548
0.580666 0.02179 0.988043 8 0.0
0.043608 0.088012 0.704929 3 0.0
0.02297 0.070258 0.966124 15 0.999994
0.075767 0.243464 0.995713 12 0.0
0.653401 0.969582 0.990396 22 0.0
0.063354 0.905648 0.72411 14 0.0
0.029472 0.546182 0.991855 12 0.001241
0.024558 0.394853 0.966816 15 0.0
0.947881 0.095072 0.474851 10 0.999975
0.068268 0.252558 0.996063 12 0.0
0.06759 0.910237 0.425632 14 0.0
0.114587 0.951184 0.832979 20 0.0
0.133164 0.951063 0.836732 20 0.0
0.104746 0.947671 0.881573 20 0.0
0.096011 0.951305 0.829225 20 0.0
0.124429 0.954696 0.784384 20 0.0
0.96902 0.27474 0.981032 11 1e-06
0.934609 0.042977 0.820328 10 0.0
0.024351 0.752815 0.983754 15 4.9e-05
0.044123 0.268293 0.996111 12 0.0
0.036754 0.408079 0.996705 12 0.0
0.06458 0.951356 0.976606 14 0.0
0.061858 0.948842 0.974285 14 0.0
0.062715 0.949084 0.981255 14 0.0
0.067302 0.953871 0.978928 14 0.0
0.066445 0.953629 0.971958 14 0.0
0.027227 0.347627 0.984273 12 0.0
0.898891 0.222443 0.997778 13 0.999975
0.051182 0.887152 0.634593 15 0.0
0.027298 0.765424 0.992086 15 5e-06
0.100264 0.048898 0.692653 5 0.000406
0.036183 0.875293 0.659048 15 0.0
0.944843 0.167906 0.99534 12 0.0
0.933149 0.167709 0.993801 12 0.0
0.944118 0.206851 0.995865 12 0.0
0.956538 0.168104 0.99688 12 0.0
0.945569 0.128962 0.994816 12 0.0
0.077995 0.109059 0.201469 15 0.0
0.112073 0.942052 0.351086 14 0.002099
0.971457 0.358353 0.972911 11 0.0
0.96854 0.734979 0.988064 13 0.0
0.064315 0.891917 0.471453 15 0.000138
0.049344 0.104597 0.511414 3 0.076555
0.038504 0.927897 0.684315 14 1.0
0.940291 0.109079 0.487818 11 0.0
0.039185 0.838315 0.797452 15 0.0
0.04197 0.831808 0.735112 15 0.0
0.041623 0.869551 0.7943 15 0.0
0.036399 0.844822 0.859791 15 0.0
0.036746 0.807078 0.800603 15 0.0
0.928426 0.676414 0.024095 19 0.0
0.047696 0.859438 0.436803 15 0.0
0.954477 0.23306 0.999077 13 0.0
0.111782 0.917629 0.196867 14 1e-06
0.11497 0.931755 0.1702 14 0.023252
0.083778 0.918651 0.37141 14 0.0
0.033739 0.92333 0.811478 14 0.938838
0.70031 0.970406 0.970714 22 0.0
0.085714 0.06166 0.821423 15 0.0
0.931308 0.043166 0.786459 10 0.0
0.081821 0.933492 0.491437 14 0.0
0.734594 0.917758 0.005373 1 0.172399
0.759855 0.967492 0.970967 22 0.0
0.305327 0.973856 0.982354 22 0.0
0.898458 0.948882 0.465021 18 0.999121
0.091012 0.948862 0.644775 14 0.0
0.06751 0.899445 0.408765 14 0.0
0.077461 0.331977 0.006575 15 1.0
0.068777 0.929331 0.545812 14 0.0
0.104981 0.934089 0.402307 14 0.0
0.071335 0.97432 0.992756 14 1e-06
0.918608 0.954979 0.688002 18 0.020807
0.111656 0.931183 0.349633 14 0.0
0.974204 0.671638 0.991006 12 0.0
0.899039 0.961717 0.650813 20 0.0
0.064421 0.915184 0.516929 14 0.0
0.037378 0.384679 0.997664 12 0.0
0.086945 0.942792 0.52396 14 0.0
0.043714 0.916456 0.647002 14 0.999965
0.274993 0.974428 0.994452 24 0.0
0.050053 0.913761 0.729574 14 0.0
0.426482 0.967888 0.969813 22 6e-06
0.073597 0.110508 0.228426 15 4e-06
0.057984 0.116952 0.424916 15 0.0
0.103252 0.939226 0.30593 14 0.999694
0.908281 0.593124 0.007927 2 1.0
0.078229 0.596375 0.019942 15 0.0
0.371478 0.122325 0.004507 1 0.0
0.115665 0.93276 0.180557 14 0.131978
0.927339 0.127066 0.056001 11 0.999506
0.972159 0.487308 0.990087 19 0.999758
0.557899 0.028017 0.962086 8 0.0
0.643936 0.971367 0.984761 22 0.0
0.027076 0.313797 0.989666 15 6.1e-05
0.923032 0.242471 0.996184 12 0.676707
0.669315 0.973744 0.987158 22 0.0
0.046094 0.420282 0.960619 15 0.0
0.914525 0.968521 0.847335 20 0.0
0.727014 0.924987 0.004725 2 1.0
0.947397 0.053915 0.849314 10 0.0
0.114921 0.361782 0.998218 12 0.0
0.927989 0.878522 0.090697 11 1.0
0.928379 0.880075 0.09007 11 1.0
0.92809 0.879134 0.092277 11 1.0
0.927599 0.876969 0.091323 11 1.0
0.927887 0.877911 0.089117 11 1.0
0.115032 0.925495 0.267977 14 0.0
0.914508 0.967978 0.83183 20 0.0
0.079605 0.876367 0.168428 15 0.131635
0.036304 0.278626 0.991288 12 0.999999
0.892304 0.955385 0.801646 20 0.0
0.091203 0.955854 0.713792 14 0.0
0.044168 0.885594 0.583528 15 0.0
0.054357 0.102284 0.388422 15 0.987251
0.054605 0.919535 0.727683 14 0.0
0.02999 0.898233 0.826896 15 0.0
0.935814 0.072883 0.559911 10 0.0
0.910763 0.958162 0.658456 18 0.999845
0.057106 0.574362 0.984555 12 0.0
0.030294 0.661384 0.972416 15 0.0
0.036788 0.913277 0.713692 14 0.999989
0.054006 0.90316 0.33226 14 0.999999
0.563585 0.068689 0.022961 9 1.0
0.076267 0.883677 0.179211 14 4.5e-05
0.926639 0.128566 0.120842 10 0.999769
0.763946 0.96822 0.991232 22 0.00707
0.054768 0.167519 0.389244 4 0.0
0.04556 0.135104 0.769685 15 0.0
0.044242 0.954133 0.997245 14 0.996084
0.05635 0.536411 0.997187 12 0.0
0.042023 0.254552 0.996416 12 0.001275
0.060913 0.922814 0.59161 14 0.0
0.060616 0.305276 0.994751 12 0.0
0.953708 0.832442 0.990635 13 2e-06
0.915297 0.947678 0.711363 18 0.000894
0.075489 0.039142 0.836368 3 0.999978
0.315294 0.975969 0.978905 22 0.0
0.026135 0.931602 0.951148 14 0.995334
0.944702 0.083019 0.699947 10 0.999999
0.034714 0.523103 0.996665 12 0.0
0.043128 0.920091 0.774751 14 6e-06
0.038175 0.93029 0.680254 14 1.0
0.04906 0.909553 0.623568 14 2e-06
0.033093 0.492388 0.994129 12 1.0
0.056854 0.904722 0.373274 15 1.0
0.040475 0.930234 0.708651 14 1.0
0.083679 0.320341 0.013751 15 1.0
0.565453 0.071718 0.042 9 1.0
0.931696 0.6053 0.052558 19 0.915537
0.932544 0.635126 0.049821 19 0.915537
0.931976 0.606587 0.066672 19 0.915537
0.930848 0.575473 0.055294 19 0.915537
0.931416 0.604013 0.038444 19 0.915537
0.551992 0.086978 0.00087 2 0.000193
0.29792 0.092965 0.006893 2 0.001394
0.065226 0.916917 0.601722 14 0.0
0.605541 0.925453 0.003633 2 1.0
0.076132 0.082223 0.35279 3 0.0
0.085244 0.084347 0.22825 3 0.0
0.077797 0.221916 0.007143 15 1.0
0.048057 0.887792 0.526832 15 0.0
0.093266 0.929374 0.414284 14 0.0
0.225251 0.973263 0.969486 22 0.0
0.735642 0.972787 0.987202 22 0.0
0.063527 0.186171 0.995295 12 0.0
0.077459 0.18471 0.995621 12 0.0
0.0681 0.229869 0.995651 12 0.0
0.049595 0.187632 0.994968 12 0.0
0.058954 0.142473 0.994938 12 0.0
0.036798 0.43832 0.977124 15 0.0
0.891149 0.064783 0.191842 10 1.0
0.041589 0.432189 0.982785 12 9e-05
0.435413 0.069232 0.008852 7 1.0
0.925982 0.831593 0.003826 2 1.0
0.867997 0.926269 0.221333 17 0.0
0.070252 0.11807 0.069344 3 1.0
0.067704 0.070848 0.615807 15 0.0
0.06511 0.967283 0.99576 14 0.999983
0.064149 0.970378 0.996063 14 0.999983
0.069872 0.968932 0.994023 14 0.999983
0.066071 0.964188 0.995456 14 0.999983
0.060348 0.965634 0.997497 14 0.999983
0.941783 0.113226 0.386125 11 1e-06
0.89047 0.064895 0.180122 10 0.999999
0.053337 0.876178 0.4442 15 0.0
0.072896 0.062755 0.578623 3 0.999998
0.071864 0.196574 0.00762 15 0.999902
0.902526 0.944435 0.452062 18 0.999883
0.901617 0.930934 0.353598 18 0.054539
0.072297 0.597136 0.008274 15 1.0
0.068598 0.975357 0.996263 14 1.0
0.067319 0.977832 0.998095 14 1.0
0.0708 0.976522 0.996227 14 1.0
0.069878 0.972882 0.994431 14 1.0
0.066397 0.974192 0.9963 14 1.0
0.05169 0.923536 0.782616 14 2e-06
0.027339 0.933033 0.975569 14 1.0
0.030537 0.937577 0.970924 14 1.0
0.025401 0.934514 0.975683 14 1.0
0.024142 0.928489 0.980214 14 1.0
0.029278 0.931552 0.975455 14 1.0
0.089197 0.073026 0.551255 4 0.048325
0.977527 0.73731 0.981031 11 0.0
0.061465 0.112828 0.238665 3 0.000577
0.05356 0.906028 0.550831 14 0.78105
0.027977 0.884079 0.814546 15 0.0
0.975836 0.671603 0.978355 19 0.0
0.974494 0.694376 0.980794 11 0.0
0.046316 0.908047 0.79064 15 1e-06
0.041676 0.488694 0.994299 12 1.6e-05
0.940261 0.672725 0.994561 12 0.0
0.948788 0.054744 0.857765 10 0.003209
0.943802 0.118894 0.467348 11 0.0
0.078844 0.278809 0.003391 15 0.998846
0.093275 0.97362 0.990766 14 8e-06
0.18727 0.970628 0.982047 22 0.0
0.056893 0.878049 0.44397 15 0.0
0.074144 0.866331 0.193694 15 5e-06
0.925292 0.032468 0.855842 10 0.970697
0.933151 0.047163 0.760736 10 0.0
0.962402 0.504636 0.996271 12 0.0
0.106994 0.926849 0.109315 14 0.999311
0.109997 0.941159 0.3227 14 0.999896
0.09836 0.923472 0.336311 14 0.0
0.96462 0.072482 0.85622 10 0.000195
0.109703 0.92315 0.224709 14 0.0
0.895327 0.942907 0.524066 20 0.155168
0.101183 0.645633 0.332205 15 0.0
0.109941 0.731234 0.295564 15 0.0
0.089108 0.684513 0.42015 15 0.0
0.092424 0.560031 0.368847 15 0.0
0.113257 0.606753 0.244261 15 0.0
0.063619 0.115853 0.249778 3 1.4e-05
0.92913 0.522733 0.041188 19 1.0
0.917696 0.09669 0.167318 10 2e-06
0.101619 0.651549 0.01448 1 0.0
0.06043 0.074431 0.583939 3 0.93261
0.960295 0.073266 0.798813 10 0.028618
0.03503 0.612744 0.99296 12 0.980173
0.052787 0.604844 0.386289 16 0.0
0.05856 0.444713 0.306845 16 0.0
0.083028 0.967411 0.861317 14 0.000184
0.922976 0.124414 0.04003 11 0.998471
0.926528 0.127439 0.039523 11 0.998471
0.92544 0.123854 0.053942 11 0.998471
0.919425 0.121388 0.040537 11 0.998471
0.920513 0.124973 0.026118 11 0.998471
0.06235 0.937705 0.667417 14 0.0
0.922039 0.075438 0.41099 10 0.0
0.975987 0.741383 0.981067 11 0.0
0.06695 0.098801 0.329387 3 0.0
0.937677 0.153798 0.143824 11 0.0
0.939659 0.168384 0.1455 11 0.0
0.940511 0.148323 0.188102 11 0.0
0.935694 0.139211 0.142147 11 0.0
0.934842 0.159272 0.099545 11 0.0
0.036264 0.905551 0.769689 15 1e-06
0.050047 0.895661 0.532102 14 0.0
0.113369 0.92955 0.062055 14 0.999991
0.051271 0.466775 0.992324 12 0.0
0.065168 0.926116 0.593932 14 0.0
0.434762 0.965322 0.981497 22 0.0
0.088297 0.050576 0.706162 3 0.001697
0.897258 0.06654 0.479946 10 1.0
0.064372 0.106716 0.319438 3 0.0
0.181423 0.970378 0.985534 24 0.0
0.05159 0.878908 0.446312 15 0.0
0.071987 0.878154 0.184247 15 0.003701
0.927224 0.095739 0.333344 10 0.999984
0.934451 0.053488 0.989185 10 1.0
0.931944 0.059271 0.989784 10 1.0
0.921226 0.048204 0.984859 10 1.0
0.936957 0.047705 0.988587 10 1.0
0.947676 0.058772 0.993512 10 1.0
0.90609 0.499923 0.002534 2 3e-06
0.932711 0.121468 0.163936 11 0.0
0.0868 0.701513 0.014177 16 0.975877
0.972986 0.674508 0.988485 12 1e-06
0.909399 0.126976 0.135709 11 0.0
0.910051 0.501797 0.001462 1 3e-05
0.072469 0.889483 0.102311 14 0.999989
0.925236 0.073751 0.458854 10 0.0
0.973874 0.675906 0.980033 19 0.0
0.882506 0.06884 0.131101 10 0.999908
0.932173 0.130515 0.115363 11 0.0
0.891701 0.070966 0.285153 10 1.0
0.909648 0.089014 0.166904 10 0.0
0.049608 0.887426 0.504479 15 0.0
0.083103 0.121236 0.203505 3 0.960208
0.085071 0.051205 0.676497 3 0.999999
0.023881 0.423556 0.984568 15 2e-06
0.082769 0.95917 0.740054 14 0.0
0.931063 0.072555 0.521234 10 0.0
0.077221 0.046666 0.746475 3 0.995078
0.056129 0.892268 0.46893 15 0.0
0.94948 0.18164 0.99551 12 0.0
0.048089 0.07308 0.786097 3 0.0
0.045466 0.073614 0.791538 3 0.0
0.973919 0.807136 0.993233 19 0.0
0.049785 0.90487 0.47431 16 0.999987
0.967767 0.125406 0.750363 11 0.0
0.037081 0.554473 0.989061 12 1.0
0.121696 0.640625 0.006904 1 0.0
0.120131 0.689367 0.024666 16 0.0
0.374014 0.099517 0.018432 2 3.6e-05
0.964194 0.076505 0.842799 10 1.0
0.926691 0.125127 0.122105 10 1.0
0.030013 0.909751 0.950478 16 0.90224
0.886259 0.075838 0.178369 10 0.999945
0.887452 0.927303 0.155996 18 2e-06
0.078428 0.119338 0.198015 3 0.0
0.309006 0.046074 0.995481 13 0.0
0.075333 0.890747 0.081277 14 1.0
0.972277 0.334265 0.96605 11 0.0
0.880953 0.927874 0.265745 21 0.0
0.025902 0.083109 0.979454 15 0.0
0.023405 0.092848 0.982827 15 0.0
0.025192 0.08075 0.985741 15 0.0
0.028398 0.073371 0.976081 15 0.0
0.026612 0.085469 0.973167 15 0.0
0.938441 0.1171 0.397462 11 4e-06
0.073732 0.888608 0.47633 15 0.0
0.071417 0.114474 0.219616 3 0.0
0.085192 0.889927 0.002634 2 1.0
0.907897 0.967516 0.79423 20 0.0
0.9221 0.127674 0.210407 11 0.0
0.118842 0.931631 0.307747 14 0.0
0.058359 0.109697 0.588184 3 0.0
0.983382 0.805445 0.999294 11 1.0
0.577445 0.12747 0.001983 2 0.0
0.971714 0.613538 0.990287 11 0.000169
0.970297 0.070111 0.906965 10 1.0
0.916291 0.122594 0.108991 11 1.0
0.067213 0.969259 0.989736 14 1e-06
0.065597 0.103742 0.322955 3 0.0
0.076026 0.159739 0.0033 2 0.554171
0.076078 0.159746 0.003315 2 0.554171
0.07602 0.159779 0.003299 2 0.554171
0.075975 0.159731 0.003285 2 0.554171
0.076033 0.159699 0.0033 2 0.554171
0.049491 0.689597 0.992208 12 0.0
0.926401 0.881164 0.188189 11 1.0
0.029586 0.382307 0.993741 12 0.843549
0.040112 0.46019 0.988391 12 0.0
0.108398 0.055905 0.486444 7 1e-06
0.07444 0.039836 0.810216 3 0.9971
0.02888 0.392018 0.992382 12 0.998081
0.94235 0.124353 0.288852 11 0.0
0.941886 0.146167 0.240749 11 0.0
0.067628 0.108376 0.261593 15 0.998666
0.058868 0.102686 0.334658 15 1.0
0.130589 0.931309 0.262843 14 0.0
0.031502 0.570073 0.994161 12 1.0
0.0469 0.903669 0.636453 15 0.931775
0.117969 0.729807 0.003352 1 0.0
0.605991 0.913454 0.0046 1 1.0
0.976537 0.73442 0.979625 11 0.0
0.084335 0.9625 0.769851 14 0.0
0.935322 0.135186 0.155511 11 0.0
0.050962 0.69629 0.991211 12 0.0
0.723661 0.973627 0.990096 22 6.4e-05
0.335386 0.970505 0.992142 24 1e-06
0.918187 0.085813 0.247685 10 0.0
0.024765 0.436159 0.988152 12 0.999998
0.944343 0.057334 0.785676 10 0.000914
0.049862 0.909301 0.422474 14 1.0
0.530799 0.099196 0.005717 2 1e-06
0.889801 0.958299 0.675708 20 0.0
0.097905 0.939336 0.45114 14 0.0
0.980193 0.255349 0.99823 11 1.0
0.045107 0.58955 0.993874 12 0.0
0.954615 0.668797 0.995132 12 0.0
0.927108 0.12886 0.047004 11 0.997841
0.888874 0.955141 0.682028 24 0.0
0.040183 0.330702 0.990629 12 0.0
0.915046 0.966687 0.801785 20 0.0
0.895272 0.080522 0.301896 10 0.0
0.038604 0.071867 0.862404 3 0.0
0.091056 0.042468 0.770477 3 0.997993
0.419054 0.97653 0.97879 22 0.0
0.903835 0.960468 0.71818 20 0.0
0.034365 0.923495 0.810031 14 0.999997
0.062679 0.112365 0.646614 3 0.0
0.04859 0.086402 0.696484 15 0.0
0.072214 0.972679 0.877628 14 0.999995
0.358951 0.977283 0.997326 12 1.0
0.972202 0.585428 0.989665 19 0.995541
0.645132 0.908656 0.003272 1 0.999953
0.963523 0.077111 0.880151 10 1.0
0.923744 0.07781 0.400464 10 0.0
0.931214 0.125054 0.121738 11 0.0
0.097616 0.935499 0.452225 14 0.0
0.037935 0.475001 0.994477 12 0.0
0.115569 0.926904 0.195369 14 0.0
0.968668 0.680142 0.991022 12 0.0
0.878019 0.071577 0.049748 10 0.999989
0.92513 0.848093 0.003308 1 1.0
0.972555 0.564584 0.98804 11 6.2e-05
0.901591 0.945701 0.426449 18 0.999972
0.916143 0.961855 0.794194 17 0.0
0.067013 0.888599 0.121025 14 1.0
0.081993 0.961404 0.806248 14 0.0
0.075953 0.110939 0.395475 15 2e-06
0.962074 0.371948 0.967742 11 0.0
0.074329 0.239282 0.004977 15 0.999996
0.074428 0.648322 0.063426 15 1.0
0.914402 0.045385 0.636087 10 0.000373
0.932707 0.087446 0.46297 10 0.999913
0.038862 0.287038 0.991871 12 0.999996
0.10073 0.482639 -0.00202 2 0.0
0.601916 0.913077 0.006478 2 1.0
0.935097 0.122122 0.180471 11 0.0
0.038583 0.901743 0.801203 14 0.0
0.111956 0.074334 0.14014 3 0.999959
0.090313 0.039032 0.786548 3 0.994384
0.963688 0.311138 0.977423 11 0.0
0.074581 0.974452 0.977561 14 0.0
0.071664 0.976522 0.97717 14 0.0
0.073755 0.974683 0.984944 14 0.0
0.077499 0.972382 0.977952 14 0.0
0.075407 0.974222 0.970178 14 0.0
0.222478 0.076844 0.009797 2 1.0
0.890875 0.970418 0.808986 20 0.0
0.912825 0.050794 0.576974 10 0.999619
0.904776 0.953448 0.610574 24 0.999967
0.049608 0.104279 0.657609 3 0.0
0.97921 0.898544 0.997493 11 1.0
0.08353 0.87022 0.062311 16 0.999982
0.059234 0.879124 0.464502 15 0.0
0.907044 0.525354 0.014863 1 1.0
0.076615 0.965703 0.874918 14 0.000223
0.92734 0.131395 0.054598 11 0.999581
0.93392 0.127165 0.145698 11 0.0
0.118149 0.923349 0.073097 14 0.003835
0.122938 0.926891 0.074744 14 0.003835
0.112618 0.923625 0.088587 14 0.003835
0.113361 0.919807 0.07145 14 0.003835
0.123681 0.923073 0.057607 14 0.003835
0.928633 0.824037 0.005121 2 1.0
0.07416 0.974182 0.968767 14 1e-06
0.071492 0.975959 0.968352 14 1e-06
0.073122 0.974989 0.978894 14 1e-06
0.076827 0.972405 0.969182 14 1e-06
0.075198 0.973375 0.958641 14 1e-06
0.484036 0.974437 0.987789 22 0.0
0.030217 0.666166 0.995281 12 0.822032
0.925277 0.328112 0.01012 11 1.0
0.129724 0.927405 0.325423 21 1e-06
0.82155 0.929383 0.014755 18 1.0
0.810846 0.932514 0.014217 18 1.0
0.821733 0.930638 0.018427 18 1.0
0.832254 0.926252 0.015292 18 1.0
0.821367 0.928128 0.011083 18 1.0
0.077938 0.486875 0.002357 15 0.999999
0.914392 0.121666 0.123982 10 0.999994
0.921299 0.65243 0.004611 2 0.076484
0.404435 0.056324 0.992859 13 0.999995
0.972929 0.480568 0.990805 11 0.999956
0.934315 0.128941 0.150807 11 0.0
0.538977 0.924323 0.010672 20 1.0
0.973263 0.441671 0.984279 11 2.1e-05
0.071714 0.88275 0.053162 14 1.0
0.073941 0.209785 0.004985 15 0.999795
0.049469 0.347762 0.984004 12 0.0
0.04189 0.084711 0.761964 15 0.0
0.018155 0.350975 0.998664 15 1.0
0.076376 0.77828 0.003259 15 1.0
0.962658 0.294296 0.996715 11 0.999674
0.061595 0.895326 0.316022 14 0.999656
0.933118 0.413699 0.023928 11 0.999983
0.066686 0.113629 0.320014 3 0.0
0.04996 0.091959 0.636307 3 0.0
0.973608 0.442022 0.987632 11 0.999997
0.02554 0.224713 0.989141 15 1.0
0.798205 0.080356 0.002439 1 1.0
0.604665 0.161374 -0.001162 1 0.0
0.913381 0.457866 -0.000914 2 1.0
0.110382 0.06888 0.194435 3 0.999998
0.069004 0.879934 0.167654 15 5.2e-05
0.036799 0.10678 0.751852 15 0.0
0.104102 0.932917 0.421563 14 0.0
0.904232 0.89145 0.001087 2 1.0
0.950377 0.271268 0.997106 12 0.0
0.027431 0.40445 0.993652 15 1.0
0.098033 0.900433 0.001758 2 1.0
0.914584 0.958656 0.769563 20 1.2e-05
0.059311 0.893335 0.189857 14 1.0
0.078223 0.95419 0.742486 14 0.0
0.06202 0.922772 0.562307 14 0.0
0.958613 0.096041 0.720573 11 3e-06
0.978694 0.810073 0.998428 11 1.0
0.049122 0.906537 0.441913 14 0.999999
0.913985 0.554886 0.005035 2 0.0
0.086981 0.963631 0.774427 14 2e-06
0.075083 0.646687 0.005748 16 1.0
0.075361 0.46448 0.024132 15 1.0
0.974239 0.391205 0.978794 11 0.0
0.919208 0.572218 0.004529 1 0.000106
0.444018 0.092057 0.00361 2 0.0
0.890118 0.07439 0.228362 10 0.999914
0.028758 0.466247 0.990683 15 0.999997
0.924676 0.526857 0.007853 1 1.0
0.965299 0.074123 0.834886 10 1.0
0.068485 0.03275 0.936447 3 0.997829
0.064739 0.036126 0.936895 3 0.997829
0.071194 0.034943 0.94256 3 0.997829
0.072231 0.029374 0.935998 3 0.997829
0.065776 0.030556 0.930333 3 0.997829
0.116634 0.924938 0.181561 14 0.000275
0.948712 0.083813 0.836412 10 0.999691
0.087304 0.889106 0.004633 2 0.999999
0.413136 0.032836 0.990873 13 0.0
0.022896 0.071727 0.993851 3 1.0
0.948792 0.056147 0.844437 10 0.284308
0.073869 0.974979 0.973821 14 0.0
0.071161 0.976079 0.973247 14 0.0
0.072704 0.97666 0.98254 14 0.0
0.076577 0.97388 0.974395 14 0.0
0.075034 0.973299 0.965103 14 0.0
0.046318 0.076195 0.82932 15 0.0
0.077063 0.375758 0.015699 15 1.0
0.072543 0.20885 0.006712 15 0.581712
0.614193 0.924642 0.003948 2 1.0
0.042079 0.908641 0.607261 15 0.999999
0.945653 0.108191 0.610752 11 2e-06
0.272656 0.077651 0.006636 2 1.0
0.264722 0.088276 0.009862 2 1.0
0.054883 0.900726 0.477044 16 0.925053
0.043127 0.910789 0.616123 15 0.999997
0.097498 0.095573 0.004526 2 1.0
0.888034 0.069227 0.296477 10 1.0
0.07798 0.322957 0.006496 15 1.0
0.18726 0.025238 0.989299 5 1.0
0.075604 0.677407 0.003177 15 1.0
0.063358 0.093599 0.399503 3 0.0
0.042873 0.080711 0.812645 15 0.0
0.903094 0.95837 0.797827 20 0.0
0.933909 0.086707 0.512197 10 0.999959
0.974132 0.218295 0.979215 11 0.0
0.088968 0.637162 0.010179 1 0.009975
0.074432 0.484844 0.007732 15 1.0
0.932043 0.413974 0.032643 11 0.999897
0.970555 0.383551 0.982108 11 0.0
0.923364 0.688782 0.003764 1 1.0
0.654646 0.035953 0.99164 12 0.000328
0.890336 0.065848 0.172077 10 1.0
0.048122 0.959802 0.997829 14 1.0
0.901306 0.049887 0.434377 10 0.999942
0.952889 0.056157 0.869916 10 0.771573
0.960007 0.064723 0.87246 10 0.771573
0.948975 0.052236 0.894065 10 0.771573
0.945771 0.04759 0.867371 10 0.771573
0.956803 0.060078 0.845766 10 0.771573
0.072515 0.976344 0.944356 14 1.6e-05
0.929294 0.794559 0.003369 2 1.0
0.034884 0.087264 0.74372 15 0.0
0.905152 0.958687 0.621974 18 0.754688
0.068483 0.115938 0.258348 3 0.0
0.956063 0.105854 0.572976 11 0.0
0.031106 0.926125 0.866603 14 0.999774
0.049259 0.087945 0.584603 15 0.0
0.117476 0.934659 0.275053 14 1e-06
0.126474 0.931654 0.04606 14 1.0
0.130879 0.931552 0.045901 14 1.0
0.126864 0.933473 0.055735 14 1.0
0.12207 0.931756 0.046218 14 1.0
0.126085 0.929835 0.036384 14 1.0
0.927026 0.60149 0.06563 19 0.301062
0.923329 0.647666 0.061129 19 0.301062
0.931057 0.603414 0.082052 19 0.301062
0.930723 0.555315 0.070131 19 0.301062
0.922995 0.599567 0.049209 19 0.301062
0.397818 0.150254 -1.6e-05 1 0.0
0.933175 0.640326 0.052423 19 1.6e-05
0.057625 0.111447 0.419395 15 1e-06
0.037982 0.894177 0.756853 15 0.0
0.040556 0.905196 0.755995 15 0.0
0.038211 0.896136 0.782703 15 0.0
0.035408 0.883159 0.757711 15 0.0
0.037753 0.892218 0.731003 15 0.0
0.110742 0.940901 0.416119 14 0.0
0.090714 0.88242 0.07025 14 0.991245
0.091017 0.879687 0.078428 14 0.991245
0.092633 0.87702 0.068374 14 0.991245
0.09041 0.885153 0.062072 14 0.991245
0.088794 0.887821 0.072125 14 0.991245
0.947847 0.053483 0.861205 10 3e-06
0.065592 0.099254 0.40654 3 0.0
0.073441 0.96942 0.933878 14 0.0
0.927716 0.168889 0.004204 2 1.0
0.898247 0.060801 0.4306 10 0.999982
0.033373 0.923612 0.831243 14 0.999996
0.034705 0.896442 0.734601 15 0.0
0.501061 0.93157 0.052054 20 0.0
0.928372 0.456549 0.007966 2 1.0
0.063329 0.861241 0.168637 15 0.0
0.718198 0.9738 0.990281 22 0.000997
0.881029 0.066661 0.153051 7 1.0
0.878677 0.928029 0.247853 17 4e-06
0.926995 0.859798 0.005464 2 1.0
0.037556 0.907854 0.657174 15 0.999394
0.046481 0.075142 0.793023 3 0.0
0.073229 0.243514 0.005158 16 1.0
0.11826 0.058983 0.29043 5 0.999874
0.969375 0.076012 0.898438 10 0.999721
0.050579 0.909668 0.605649 14 0.999428
0.072169 0.119914 0.033351 3 1.0
0.588973 0.972349 0.987969 22 1.0
0.939649 0.085671 0.475852 10 0.999953
0.973615 0.388938 0.991784 11 1.0
0.912051 0.567111 0.006485 2 0.995357
0.113302 0.970399 0.895859 20 0.0
0.096921 0.969816 0.89667 20 0.0
0.114916 0.970662 0.928631 20 0.0
0.129683 0.970982 0.895047 20 0.0
0.111688 0.970136 0.863086 20 0.0
0.913799 0.118833 0.098751 10 0.999994
0.932968 0.13555 0.111748 11 0.0
0.953462 0.042007 0.998719 10 1.0
0.792297 0.07191 0.001866 2 0.999996
0.063635 0.098146 0.440341 3 0.0
0.923182 0.883657 0.015657 18 1.0
0.921425 0.885231 0.021841 18 1.0
0.925457 0.882604 0.016571 18 1.0
0.924939 0.882083 0.009473 18 1.0
0.920907 0.88471 0.014742 18 1.0
0.025742 0.933582 0.97512 14 1.0
0.930395 0.166884 0.000799 2 1.0
0.031207 0.445845 0.988455 12 0.993614
0.042425 0.078704 0.736378 3 0.0
0.089779 0.959197 0.712823 14 0.0
0.807332 0.074843 0.006705 1 0.999869
0.842651 0.91868 0.199022 17 0.0
0.864749 0.916381 0.19387 17 0.0
0.856212 0.920002 0.256588 17 0.0
0.820553 0.92098 0.204175 17 0.0
0.82909 0.917359 0.141457 17 0.0
0.919599 0.599254 0.007751 2 0.999988
0.894792 0.911529 0.010839 18 0.68618
0.884177 0.920124 0.011446 18 0.68618
0.894899 0.911337 0.015415 18 0.68618
0.905408 0.902934 0.010232 18 0.68618
0.894686 0.911721 0.006264 18 0.68618
0.925812 0.128124 0.130656 11 0.999999
0.095696 0.907318 0.004303 14 1.0
0.914125 0.108759 0.003074 10 1.0
0.07426 0.209049 0.005502 15 1.0
0.081784 0.195336 0.001445 2 1.0
0.043304 0.088649 0.605144 3 1.0
0.908644 0.45356 0.012762 2 1.0
0.45862 0.128872 0.001914 1 0.0
0.662835 0.978103 0.996489 24 1.0
0.079812 0.094344 0.228843 3 0.0
0.903444 0.944369 0.437508 18 0.999973
0.082853 0.618082 0.003177 2 1.0
0.074292 0.08201 0.40662 3 0.0
0.929897 0.880883 0.086096 11 1.0
0.923556 0.880336 0.003998 2 1.0
0.921322 0.884303 0.003699 2 1.0
0.921913 0.879553 0.005904 2 1.0
0.925791 0.876369 0.004297 2 1.0
0.9252 0.881118 0.002093 2 1.0
0.081238 0.777439 0.003218 14 0.999934
0.051827 0.052958 0.881058 3 0.0
0.042832 0.060206 0.880519 3 0.0
0.048568 0.05169 0.918362 3 0.0
0.060822 0.04571 0.881598 3 0.0
0.055086 0.054227 0.843755 3 0.0
0.938075 0.103657 0.302506 10 0.999978
0.971079 0.605044 0.981049 19 0.0
0.07822 0.210211 0.008771 15 1.0
0.495235 0.094159 0.001074 2 0.0
0.938396 0.337157 0.997315 12 0.0
0.931063 0.372757 0.009627 11 1.0
0.614788 0.146134 0.003596 1 0.0
0.447465 0.069959 0.05574 9 0.0
0.971283 0.572752 0.985836 19 0.0
0.970588 0.375727 0.990367 11 1.0
0.939154 0.350943 0.97855 12 0.0
0.94642 0.37659 0.997228 12 0.0
0.023514 0.358208 0.989094 15 0.99999
0.102901 0.095985 0.003331 2 1.0
0.071266 0.063388 0.587866 3 0.999999
0.118317 0.926991 0.214016 14 0.0
0.038412 0.584775 0.99554 12 4e-06
0.062181 0.96645 0.994302 14 0.994553
0.964625 0.927078 0.932145 18 1.0
0.037055 0.544439 0.992046 12 0.999982
0.073923 0.97287 0.959418 14 0.816226
0.071578 0.975489 0.959713 14 0.816226
0.073635 0.971576 0.968605 14 0.816226
0.076267 0.970251 0.959122 14 0.816226
0.074211 0.974164 0.950231 14 0.816226
0.093281 0.951411 0.514733 14 0.999986
0.08188 0.95484 0.778862 14 0.0
0.102031 0.944334 0.430558 14 0.999812
0.946647 0.089023 0.98351 13 0.999286
0.955325 0.103028 0.985433 13 0.999286
0.940908 0.091571 0.990859 13 0.999286
0.937969 0.075019 0.981587 13 0.999286
0.952386 0.086476 0.976161 13 0.999286
0.037162 0.429377 0.990668 12 5e-06
0.484739 0.129326 0.00104 1 0.0
0.911228 0.503573 0.996288 12 0.0
0.896835 0.074349 0.332023 10 0.0
0.579444 0.144596 0.000871 1 0.0
0.584933 0.914024 0.010411 2 1.0
0.491033 0.133241 0.003733 2 0.0
0.953573 0.362732 0.997357 12 0.0
0.495636 0.06692 0.028229 9 0.0
0.905564 0.063328 0.322406 10 0.0
0.60382 0.14128 0.001905 2 0.0
0.961017 0.551865 0.986492 13 2e-06
0.953505 0.088411 0.984498 10 0.906271
0.962242 0.093308 0.982461 10 0.906271
0.956383 0.082989 0.983807 10 0.906271
0.944768 0.083515 0.986535 10 0.906271
0.950627 0.093834 0.985189 10 0.906271
0.879222 0.927478 0.071677 18 1.0
0.100448 0.095644 0.004174 2 1.0
0.690253 0.973022 0.986746 22 0.0
0.900625 0.903024 0.002899 2 1.0
0.467748 0.972688 0.986888 22 0.0
0.107426 0.06865 0.281179 3 0.847789
0.910506 0.963076 0.743261 23 0.000368
0.047411 0.904968 0.43095 15 1.0
0.93131 0.194877 0.013718 11 1.0
0.493876 0.139691 0.000752 1 0.0
0.62411 0.176409 -0.002567 1 0.0
0.532019 0.188553 -0.003137 1 0.0
0.62824 0.207687 -0.003497 1 0.0
0.716201 0.164265 -0.001996 1 0.0
0.61998 0.145131 -0.001636 1 0.0
0.481199 0.113883 0.000297 2 0.0
0.882394 0.020701 0.998623 8 0.999999
0.88827 0.067374 0.144902 10 1.0
0.077633 0.640412 0.003913 15 1.0
0.687333 0.969483 0.987726 22 0.002544
0.067629 0.113362 0.075067 3 1.0
0.081326 0.038903 0.821885 3 0.999754
0.077659 0.895243 0.272206 14 0.991014
0.873266 0.071398 0.020085 10 0.998031
0.877795 0.073077 0.020191 10 0.998031
0.873177 0.07112 0.028264 10 0.998031
0.868737 0.069718 0.019979 10 0.998031
0.873356 0.071675 0.011906 10 0.998031
0.967524 0.077748 0.883931 10 0.999105
0.882941 0.068209 0.163339 10 0.999999
0.97152 0.57508 0.990567 19 0.999929
0.107546 0.940796 0.343082 14 1e-06
0.925109 0.847754 0.005404 2 0.998002
0.916949 0.52637 0.010293 1 1.0
0.929415 0.815367 0.020915 19 0.010302
0.385329 0.134737 0.00255 1 0.0
0.893427 0.910969 0.006725 18 1.0
0.071444 0.963875 0.935747 14 0.301568
0.031654 0.921766 0.844235 15 0.999997
0.058956 0.961165 0.990969 14 0.003801
0.930775 0.205897 0.010423 11 0.999967
0.075887 0.352494 0.008584 15 1.0
0.224622 0.925449 0.003038 2 1.0
0.59794 0.92573 0.002331 2 1.0
0.957407 0.577397 0.996102 12 0.994506
0.076802 0.663327 0.004684 15 1.0
0.111038 0.924234 0.200238 14 0.999972
0.65025 0.095476 0.006896 2 0.245724
0.095206 0.809806 0.017816 1 0.0
0.099153 0.826015 0.020044 1 0.0
0.098648 0.808189 0.023481 1 0.0
0.091259 0.793596 0.015589 1 0.0
0.091764 0.811422 0.012151 1 0.0
0.119243 0.555154 0.01208 1 0.0
0.483861 0.125695 0.001725 2 0.0
0.897779 0.064427 0.256592 10 0.016716
0.932871 0.886511 0.153122 18 1.0
0.559742 0.122183 7.2e-05 1 0.0
0.480817 0.072694 0.007524 7 1.0
0.459265 0.122838 0.001687 2 0.0
0.977224 0.551944 0.993045 11 0.999898
0.070174 0.505141 0.02278 15 1.0
0.347162 0.073446 0.020777 6 0.009618
0.874084 0.928537 0.035717 18 0.999982
0.118361 0.078197 0.143855 6 0.999996
0.931282 0.12436 0.122464 11 0.0
0.802067 0.030254 0.994782 13 0.999741
0.953209 0.043186 0.996504 10 0.999998
0.360754 0.058469 0.992077 13 0.997714
0.360458 0.065519 0.993027 13 0.997714
0.349001 0.05805 0.99151 13 0.997714
0.361051 0.051418 0.991126 13 0.997714
0.372508 0.058887 0.992643 13 0.997714
0.49845 0.973026 0.984785 22 0.0
0.927453 0.181994 0.002465 11 1.0
0.049093 0.079152 0.73031 15 0.0
0.92978 0.076614 0.465717 10 0.999998
0.925715 0.215766 0.001737 2 1.0
0.070327 0.500827 0.025598 15 4.4e-05
0.905174 0.052947 0.440484 10 0.44825
0.499941 0.129893 0.000404 1 0.0
0.924672 0.651769 0.004175 1 0.999176
0.906726 0.102422 0.002903 10 1.0
0.023978 0.93284 0.974397 14 1.0
0.585759 0.133794 0.002351 2 0.0
0.090135 0.050386 0.644331 3 0.999994
0.030966 0.507472 0.989372 12 1.0
0.897215 0.059032 0.439731 10 1.0
0.920782 0.786964 0.046325 11 1.0
0.921231 0.82708 0.037361 11 1.0
0.928429 0.790388 0.062029 11 1.0
0.920333 0.746848 0.055289 11 1.0
0.913136 0.783541 0.030621 11 1.0
0.371031 0.092628 0.0067 2 0.033399
0.60262 0.142531 -9e-05 2 0.0
0.933839 0.477546 0.03858 11 5e-06
0.539267 0.880726 0.001198 1 0.0
0.620432 0.158577 -0.000386 2 0.0
0.059872 0.103114 0.436766 3 0.0
0.541897 0.126179 -0.000563 1 0.0
0.776905 0.083134 0.00354 2 0.002877
0.472926 0.123325 0.001537 2 0.0
0.096864 0.903696 0.004723 14 1.0
0.602289 0.971614 0.982534 22 0.0
0.084452 0.051742 0.654633 3 0.999998
0.052072 0.895096 0.392518 15 0.999987
0.591744 0.973742 0.984782 24 1.0
0.103027 0.940492 0.297879 14 0.999992
0.891015 0.077543 0.19335 10 0.999998
0.603114 0.977292 0.994717 22 1.0
0.843272 0.064148 0.000119 6 1.0
0.512752 0.144383 0.002523 1 0.0
0.612779 0.97508 0.989389 22 0.0
0.069898 0.219309 0.012288 16 1.0
0.070318 0.179624 0.004657 2 1.0
0.056665 0.095538 0.329359 3 1.0
0.55506 0.070314 0.010046 2 1.0
0.546331 0.067405 0.034565 9 0.0
0.360246 0.128786 0.011341 1 0.0
0.690965 0.147995 -0.001181 1 0.0
0.617262 0.152181 -0.00231 1 0.0
0.692425 0.173366 -0.002411 1 0.0
0.764667 0.143809 -5.1e-05 1 0.0
0.689505 0.122624 4.9e-05 1 0.0
0.489625 0.1236 0.001219 2 0.0
0.503723 0.06687 0.054954 9 0.0
0.356078 0.094222 0.01205 2 0.0
0.936936 0.898093 0.371326 11 1.0
0.621918 0.160471 0.000256 1 0.0
0.498768 0.104738 0.008407 2 0.0
0.495498 0.13217 0.000731 2 0.0
0.888418 0.067519 0.132734 10 0.999974
0.027513 0.923426 0.864922 14 0.999999
0.944492 0.069715 0.986315 10 0.999996
0.940232 0.076412 0.986911 10 0.999996
0.933313 0.062994 0.981942 10 0.999996
0.948752 0.063019 0.985718 10 0.999996
0.955671 0.076437 0.990687 10 0.999996
0.893768 0.0577 0.296928 10 1.0
0.072673 0.027806 0.922032 3 1.0
0.03043 0.93042 0.861648 14 1.0
0.902986 0.341998 0.991611 12 0.999641
0.0687 0.497135 0.050059 15 0.0169
0.074926 0.557306 0.023633 15 1.0
0.439856 0.137083 0.000707 1 0.0
0.617531 0.932175 0.053768 20 0.0
0.073472 0.400085 0.026672 15 1.0
0.019915 0.851366 0.989573 14 0.999414
0.079659 0.847209 0.004535 2 1.0
0.035383 0.930425 0.781472 14 1.0
0.909907 0.088009 0.17681 10 0.0
0.059908 0.970449 0.997159 14 1.0
0.889908 0.065591 0.165606 10 1.0
0.03109 0.190264 0.988895 15 1.0
0.955904 0.043596 0.997814 10 1.0
0.927924 0.816939 0.003816 2 1.0
0.338772 0.974902 0.992759 22 0.0
0.92627 0.731924 0.004059 1 1.0
0.040941 0.892694 0.983015 15 0.999892
0.096753 0.948837 0.473706 14 0.999998
0.018983 0.111075 0.987092 15 1.0
0.402019 0.18562 -0.001735 1 0.0
0.97176 0.672546 0.987845 12 1.0
0.075632 0.757643 0.023603 15 0.998912
0.099144 0.386314 0.005661 2 0.0
0.038792 0.09333 0.774219 15 0.0
0.461414 0.126011 0.000162 2 0.0
0.082626 0.966906 0.858124 14 1e-06
0.078299 0.963531 0.856935 14 0.0
0.029847 0.920191 0.815708 14 0.999998
0.022187 0.929656 0.942452 14 1.0
0.98149 0.815095 0.99969 11 1.0
0.884755 0.07108 0.132625 10 1.0
0.945514 0.050931 0.864096 10 0.0
0.075949 0.973962 0.954776 14 5e-06
0.045963 0.099876 0.565618 15 8e-06
0.044313 0.090373 0.59652 3 1.0
0.078934 0.115629 0.178915 3 0.0
0.107057 0.934824 0.204133 14 0.999994
0.385341 0.128269 0.003181 2 0.0
0.081812 0.968662 0.836194 14 0.0
0.929647 0.541111 0.022982 11 0.0
0.414028 0.113614 0.002693 1 0.0
0.49742 0.096027 0.015548 2 0.0
0.091193 0.958138 0.670544 14 0.000303
0.630889 0.155199 -0.000734 1 0.0
0.462292 0.094845 0.00485 2 2e-06
0.382126 0.135136 0.002779 2 0.0
0.083718 0.962512 0.749836 14 1e-05
0.905507 0.049828 0.52816 10 0.999788
0.107214 0.948879 0.513653 14 0.0
0.072735 0.113351 0.214061 3 0.0
0.921037 0.530257 0.015342 11 0.009764
0.111572 0.934401 0.157134 14 0.999992
0.406313 0.115945 0.002462 1 0.0
0.57131 0.123165 0.000918 1 0.0
0.527313 0.110192 -0.000652 2 0.0
0.083424 0.964652 0.788912 14 0.0
0.911065 0.09048 0.157076 10 0.0
0.029083 0.07704 0.866424 3 0.999993
0.930388 0.883674 0.11636 11 1.0
0.904428 0.901896 0.00014 1 1.0
0.215534 0.031901 0.988694 6 1.0
0.107241 0.942689 0.220429 14 0.999999
0.041952 0.067211 0.734332 3 1.0
0.048763 0.094285 0.499691 3 0.999999
0.108035 0.949023 0.486104 14 0.0
0.113191 0.940318 0.546374 15 0.0
0.492339 0.922553 0.004203 2 1.0
0.07681 0.349283 0.015786 15 0.999996
0.084838 0.958239 0.663251 14 0.0
0.098572 0.951257 0.575998 14 0.0
0.270072 0.089204 0.008365 2 0.000348
0.057045 0.110496 0.474367 15 0.0
0.076388 0.313187 0.003089 16 0.999881
0.086325 0.957623 0.660805 14 3.7e-05
0.504247 0.122597 0.000277 2 0.0
0.439291 0.126142 0.000738 1 0.0
0.020792 0.923131 0.992715 14 0.999992
0.415592 0.139698 0.000773 1 0.0
0.944757 0.051072 0.858391 10 0.0
0.089021 0.042649 0.691319 6 0.999868
0.094593 0.046793 0.522516 5 1.0
0.08816 0.052755 0.601073 3 0.999998
0.948502 0.151473 0.997208 12 0.292092
0.114046 0.935562 0.178324 14 0.492016
0.09365 0.594677 0.001919 2 1.0
0.895504 0.063276 0.280348 10 0.998573
0.516199 0.023738 0.992998 5 0.999999
0.090984 0.470121 0.010505 2 1.0
0.612197 0.145429 -0.000477 2 0.0
0.174126 0.066896 0.000535 6 1.0
0.619445 0.127876 -0.000471 1 0.0
0.113509 0.33351 -6.5e-05 1 4e-06
0.571622 0.137235 -0.000723 1 0.0
0.072968 0.373333 0.03399 15 1.0
0.071486 0.373087 0.041827 15 1.0
0.075568 0.347674 0.033677 15 1.0
0.07445 0.373579 0.026152 15 1.0
0.070368 0.398992 0.034302 15 1.0
0.54784 0.121381 0.001086 2 0.0
0.499858 0.131871 0.000879 1 0.0
0.909072 0.100716 0.009451 10 1.0
0.080958 0.965611 0.824356 14 0.0
0.11462 0.912057 0.142031 14 1e-06
0.07498 0.210706 0.005816 15 1.0
0.972032 0.265522 0.99193 11 0.999999
0.075815 0.449003 0.004297 2 1.0
0.047597 0.077439 0.790588 15 0.0
0.108105 0.054552 0.293552 6 1.0
0.086906 0.397382 0.00877 15 0.998317
0.976936 0.809435 0.99077 11 0.999996
0.026447 0.513102 0.987691 15 1.0
0.759502 0.08025 0.002875 2 1.0
0.975819 0.681103 0.99058 11 1.0
0.384141 0.142445 0.00159 1 0.0
0.754381 0.080559 0.005046 2 1.0
0.48143 0.11666 0.002849 2 0.0
0.949187 0.084653 0.56021 10 0.999993
0.940852 0.112696 0.273661 11 1e-06
0.572499 0.02136 0.99786 5 1.0
0.089875 0.58363 0.002515 1 1.0
0.398155 0.11103 0.002332 2 0.003005
0.935273 0.884353 0.142555 11 1.0
0.695139 0.063877 0.032813 9 1.0
0.072435 0.260336 0.02128 15 1.0
0.444441 0.127033 0.001549 1 0.0
0.887723 0.066862 0.124001 10 0.999996
0.88529 0.069749 0.143784 10 1.0
0.403774 0.049729 0.995727 13 0.999989
0.40414 0.060245 0.993911 13 0.999989
0.372773 0.050937 0.996468 13 0.999989
0.403408 0.039214 0.997544 13 0.999989
0.434775 0.048522 0.994986 13 0.999989
0.390879 0.085655 0.003262 2 0.999998
0.057774 0.893621 0.407487 15 0.999098
0.107956 0.944652 0.315532 14 0.999995
0.307718 0.070575 0.001373 6 1.0
0.465018 0.125323 0.0018 2 0.0
0.441082 0.086904 0.010902 2 1.0
0.965466 0.425629 0.991169 12 1.0
0.921308 0.513964 0.004904 2 1.0
0.610506 0.157597 0.004689 2 0.0
0.674503 0.152596 0.006696 2 0.0
0.612742 0.186214 0.004697 2 0.0
0.546508 0.162598 0.002683 2 0.0
0.60827 0.12898 0.004682 2 0.0
0.110501 0.072956 0.202514 3 0.999996
0.925641 0.879268 0.268592 11 1.0
0.376183 0.097918 0.00495 2 0.027866
0.354486 0.103927 0.005011 2 0.033804
0.074497 0.53503 0.028287 15 1.0
0.073568 0.335782 0.020399 15 1.0
0.625983 0.155352 -0.000285 1 0.0
0.597032 0.925467 0.005534 2 1.0
0.107924 0.939291 0.30702 14 0.999943
0.932285 0.101919 0.305616 10 0.995498
0.515683 0.974873 0.992054 23 1.0
0.564131 0.970463 0.994926 22 1.0
0.450077 0.122598 0.001464 1 0.0
0.41475 0.084317 0.009487 2 0.0
0.074187 0.360059 0.011629 15 1.0
0.09225 0.58398 0.009281 2 1.0
0.077331 0.325157 0.007037 16 1.0
0.27609 0.07813 0.007872 2 0.999768
0.656789 0.156564 -0.000148 1 0.0
0.612772 0.976452 0.995328 22 4e-05
0.08311 0.338174 0.023531 15 1.0
0.074178 0.36981 0.011449 2 1.0
0.479831 0.078123 0.002668 2 1.0
0.579998 0.137388 0.001537 2 0.0
0.114301 0.071719 0.152379 3 0.999992
0.025178 0.069705 0.921163 15 0.999993
0.639441 0.924302 0.004383 1 1.0
0.374993 0.029448 0.991852 5 0.999999
0.061364 0.082231 0.591293 3 0.0
0.942519 0.100789 0.378656 10 0.999995
0.631526 0.142253 0.000724 1 0.0
0.951887 0.082137 0.754984 10 1.0
0.02119 0.102668 0.987823 15 1.0
0.10257 0.938711 0.348246 14 0.999989
0.93715 0.108871 0.236709 10 0.999988
0.094867 0.500167 0.000788 2 0.0
0.927415 0.742223 0.007577 1 1.0
0.556088 0.123823 0.000519 1 0.0
0.072711 0.887277 0.080659 14 0.999989
0.968052 0.909487 0.757288 11 0.999784
0.075494 0.375968 0.007017 15 1.0
0.084681 0.9605 0.806831 14 0.999782
0.942016 0.084712 0.581591 10 0.999955
0.043242 0.931178 0.636511 14 1.0
0.953497 0.080737 0.766578 10 1.0
0.096614 0.056789 0.524875 5 0.999998
0.756533 0.020087 0.996855 5 1.0
0.465914 0.070587 0.014482 9 1.0
0.058899 0.100184 0.17958 3 1.0
0.220486 0.977475 0.996408 22 1.0
0.662179 0.068945 0.005278 10 1.0
0.077113 0.371951 0.013781 16 0.999531
0.128249 0.349885 -0.000604 1 0.0
0.753999 0.078475 0.004027 2 1.0
0.508304 0.116699 0.00026 2 0.0
0.534614 0.124359 0.002059 1 0.0
0.428543 0.142729 0.000855 1 0.0
0.496792 0.128548 0.000358 2 0.0
0.094893 0.595277 0.00716 2 0.0
0.888008 0.95026 0.464545 18 0.999993
0.116745 0.926 0.161395 14 0.0
0.931378 0.843787 0.015151 11 1.0
0.941581 0.101411 0.358639 10 0.999994
0.097642 0.944967 0.425709 14 0.999997
0.030457 0.447492 0.99534 12 1.0
0.069517 0.808048 0.00507 15 1.0
0.916217 0.041322 0.727654 10 0.99573
0.92593 0.365048 0.004039 11 1.0
0.930638 0.574765 0.006219 2 1.0
0.421605 0.102154 0.005355 1 0.0
0.969996 0.071811 0.916352 10 1.0
0.903597 0.901741 0.002071 2 1.0
0.070457 0.659354 0.030532 15 0.0
0.03166 0.91818 0.822231 15 0.999986
0.978655 0.886751 0.997711 11 1.0
0.022207 0.093398 0.998233 3 0.999996
0.97423 0.064986 0.982989 10 0.999997
0.973964 0.065337 0.975767 10 0.999997
0.970839 0.062925 0.983014 10 0.999997
0.974496 0.064636 0.990211 10 0.999997
0.977621 0.067048 0.982964 10 0.999997
0.074166 0.973366 0.985263 14 0.0
0.071954 0.974553 0.983853 14 0.0
0.072342 0.975782 0.990157 14 0.0
0.076378 0.972178 0.986674 14 0.0
0.07599 0.970949 0.98037 14 0.0
0.191437 0.020384 0.998028 5 1.0
0.967518 0.073808 0.826304 10 1.0
0.505315 0.023509 0.993789 5 0.999574
0.905985 0.962471 0.711738 20 0.999995
0.93993 0.128489 0.997574 13 0.999879
0.942724 0.137058 0.996781 13 0.999879
0.94311 0.127307 0.996009 13 0.999879
0.937135 0.119921 0.998366 13 0.999879
0.936749 0.129671 0.999139 13 0.999879
0.459836 0.053878 0.991566 13 0.999455
0.492891 0.13591 0.000429 1 0.0
0.084697 0.408194 0.018607 15 0.998492
0.561051 0.128096 -0.000168 1 0.0
0.970417 0.597153 0.986089 19 0.011754
0.431793 0.117057 0.001428 2 0.000243
0.923357 0.523123 0.01287 1 1.0
0.078392 0.339704 0.009926 15 1.0
0.087622 0.312328 0.009653 15 1e-06
0.907981 0.101038 0.007459 10 1.0
0.114844 0.082174 0.086881 3 0.999924
0.111934 0.084755 0.087758 3 0.999924
0.117498 0.080931 0.099345 3 0.999924
0.117754 0.079593 0.086004 3 0.999924
0.11219 0.083417 0.074417 3 0.999924
0.955486 0.043464 0.998626 10 1.0
0.073688 0.975121 0.983986 14 2e-05
0.07117 0.976946 0.983021 14 2e-05
0.072073 0.975668 0.989235 14 2e-05
0.076207 0.973296 0.984951 14 2e-05
0.075303 0.974574 0.978737 14 2e-05
0.027351 0.931608 0.951078 14 1.0
0.057197 0.089384 0.528739 3 0.0
0.962378 0.077738 0.799555 10 1.0
0.089981 0.036935 0.634092 5 1.0
0.706224 0.120411 0.001585 1 9e-06
0.052121 0.090168 0.718044 15 0.0
0.112603 0.075151 0.172881 3 1.0
0.115253 0.936605 0.217035 14 0.992359
0.055528 0.901395 0.432319 15 0.999996
0.074502 0.209847 0.00521 15 1.0
0.077089 0.192371 0.005314 2 1.0
0.081228 0.60088 0.034593 15 0.0
0.916263 0.050265 0.61464 10 0.652905
0.901599 0.051204 0.495401 10 1.0
0.956971 0.909559 0.661987 19 1.0
0.972612 0.386355 0.992188 11 1.0
0.615875 0.147615 0.001078 1 0.0
0.092115 0.567233 0.059895 15 0.0
0.895062 0.066336 0.247342 10 1.0
0.59145 0.133116 0.002473 1 0.0
0.07485 0.58331 0.037448 15 1.0
0.133051 0.929671 0.189041 20 5.1e-05
0.025934 0.069998 0.891604 3 1.0
0.275647 0.025894 0.99358 6 1.0
0.078527 0.972959 0.923464 14 1.4e-05
0.030703 0.323521 0.99444 12 0.999925
0.970929 0.072819 0.89013 10 1.0
0.756651 0.080384 0.001309 2 0.026157
0.936959 0.102527 0.438625 11 0.996326
0.958046 0.149923 0.995307 13 0.081491
0.121374 0.931162 0.257165 14 1e-06
0.450441 0.025809 0.990824 6 1.0
0.97202 0.532784 0.989755 19 0.999998
0.128041 0.392212 0.00315 1 0.0
0.960188 0.753196 0.99371 12 0.906678
0.930736 0.596359 0.993388 13 1.0
0.916983 0.597852 0.995477 13 1.0
0.933232 0.6207 0.992423 13 1.0
0.944489 0.594867 0.991299 13 1.0
0.92824 0.572019 0.994352 13 1.0
0.385874 0.098337 0.009671 2 8.3e-05
0.07961 0.362329 0.016752 15 1.0
0.068537 0.331702 0.035641 15 0.050994
0.069795 0.361857 0.033198 15 0.050994
0.067965 0.332694 0.047591 15 0.050994
0.06728 0.301548 0.038084 15 0.050994
0.06911 0.33071 0.02369 15 0.050994
0.363431 0.113312 0.001754 2 1.3e-05
0.512975 0.914143 0.008786 2 0.999999
0.095446 0.584323 0.00238 2 1.0
0.920463 0.511486 0.006828 1 1.0
0.765077 0.080037 0.0017 2 1.0
0.361254 0.071522 0.00796 6 1.0
0.081041 0.405393 0.016177 15 1.0
0.115044 0.07005 0.128601 3 0.999983
0.032157 0.921111 0.829382 15 0.99999
0.079062 0.316082 0.003699 15 1.0
0.073315 0.976306 0.977415 14 0.158805
0.077229 0.893967 0.233843 14 0.015071
0.047916 0.094021 0.634031 15 0.0
0.074845 0.971493 0.932219 14 0.000186
0.956645 0.081364 0.810331 10 1.0
0.105572 0.941003 0.308887 14 0.999982
0.077554 0.642055 0.004239 15 1.0
0.591167 0.962838 0.995536 13 1.0
0.129936 0.569633 0.003171 1 0.0
0.347121 0.144176 0.000557 1 0.0
0.489476 0.113247 0.000677 2 0.0
0.604709 0.068745 0.019538 9 1.0
0.123503 0.402356 0.000132 2 0.0
0.912648 0.718811 0.002458 2 0.008142
0.603572 0.127403 0.001169 1 0.0
0.420572 0.041163 0.992437 12 1.0
0.601364 0.09598 0.007879 2 0.990486
0.072777 0.650924 0.019825 16 1.0
0.407788 0.087075 0.004309 2 1.0
0.078287 0.632908 0.00523 15 1.0
0.071872 0.976562 0.995182 14 0.999636
0.07036 0.976564 0.993746 14 0.999636
0.070391 0.97899 0.996744 14 0.999636
0.073384 0.976561 0.996618 14 0.999636
0.073354 0.974134 0.99362 14 0.999636
0.111949 0.936679 0.244969 14 0.999569
0.098072 0.944898 0.408511 14 0.999998
0.413756 0.088126 0.004574 2 1.0
0.580584 0.893226 0.000951 1 0.0
0.37604 0.025586 0.988597 6 1.0
0.096345 0.573034 0.002987 2 1.0
0.921486 0.556163 0.012551 19 1.0
0.914817 0.538563 0.008169 2 0.145547
0.079003 0.562825 0.00402 15 1.0
0.101309 0.634156 0.003805 1 0.000366
0.030934 0.492033 0.994599 15 1.0
0.085356 0.723943 0.007701 2 1.0
0.071854 0.315922 0.007804 15 1.0
0.896549 0.088702 0.009304 10 1.0
0.117373 0.073346 0.123311 6 0.999995
0.065547 0.973372 0.99615 14 0.999999
0.071367 0.977126 0.994602 14 0.999999
0.064427 0.975413 0.99689 14 0.999999
0.059726 0.969617 0.997698 14 0.999999
0.066666 0.97133 0.99541 14 0.999999
0.809693 0.019868 0.998844 6 1.0
0.079022 0.960652 0.717151 14 0.999997
0.096085 0.949391 0.47632 14 0.999998
0.915366 0.955973 0.543789 18 1.0
0.802576 0.076674 0.002612 2 1.0
0.052716 0.09866 0.466403 15 1.0
0.312399 0.025961 0.989509 6 1.0
0.135022 0.019498 0.998097 5 1.0
0.686293 0.978662 0.995378 22 1.0
0.169062 0.027936 0.995993 5 1.0
0.073885 0.245814 0.007747 15 1.0
0.928191 0.742813 0.004066 2 1.0
0.42019 0.098155 0.005213 2 1.0
0.07921 0.461214 0.006156 15 1.0
0.076672 0.492809 0.003992 15 1.0
0.125387 0.17126 0.002104 1 0.0
0.107309 0.168118 0.003142 1 0.0
0.130858 0.139441 0.001071 1 0.0
0.143465 0.174402 0.001066 1 0.0
0.119916 0.203079 0.003137 1 0.0
0.099409 0.259133 0.001029 1 4.3e-05
0.908337 0.103999 0.002968 10 1.0
0.072538 0.974572 0.97265 14 0.684976
0.950143 0.078416 0.675164 10 0.999973
0.981252 0.166015 0.999527 11 1.0
0.952365 0.080063 0.758698 10 1.0
0.100624 0.942718 0.377609 14 0.999999
0.03083 0.664363 0.994375 12 0.999998
0.108012 0.94007 0.293893 14 0.999992
0.075759 0.742627 0.005909 15 0.999999
0.954771 0.140936 0.996312 12 3.8e-05
0.95459 0.088912 0.593919 10 0.999999
0.068226 0.804182 0.001142 2 1.0
0.069815 0.386866 0.035993 16 0.0
0.043901 0.461367 0.993924 12 0.999234
0.463255 0.126606 0.000818 1 0.0
0.089862 0.039192 0.669411 5 0.999997
0.416704 0.913978 0.003757 1 1.0
0.619379 0.108395 0.00689 1 0.0
0.070385 0.343441 0.024676 15 0.022919
0.129499 0.69573 0.005157 1 0.0
0.129361 0.720178 0.011169 1 0.0
0.141382 0.695883 0.004808 1 0.0
0.129636 0.671282 -0.000856 1 0.0
0.117615 0.695578 0.005505 1 0.0
0.110804 0.664596 0.003525 1 0.0
0.926191 0.495831 0.007465 2 1.0
0.088717 0.616809 0.004313 2 1.0
0.085148 0.964585 0.825533 14 1e-06
0.978014 0.192572 0.998213 11 1.0
0.050833 0.908404 0.37524 14 1.0
0.111939 0.93769 0.239847 14 0.990053
0.969597 0.333186 0.99584 11 1.0
0.076603 0.365434 0.004385 15 1.0
0.635061 0.069016 0.023341 9 0.000218
0.50637 0.925939 0.015349 20 1.0
0.109533 0.477367 0.002824 1 0.0
0.882307 0.068577 0.172127 10 0.999461
0.501768 0.132214 0.003119 1 0.0
0.073987 0.397867 0.009466 15 1.0
0.571334 0.025822 0.992144 5 0.999298
0.024658 0.415837 0.986829 4 1.0
0.306486 0.045812 0.99491 13 1.0
0.9689 0.501311 1.001738 13 1.0
0.92987 0.697013 0.023052 19 0.999997
0.974675 0.458922 0.988267 11 1.0
0.077104 0.536092 0.018384 16 1.0
0.112488 0.435322 0.004928 2 0.0
0.069651 0.488887 0.043637 15 0.0
0.945001 0.585584 0.998789 13 0.985931
0.944047 0.610329 0.99259 13 0.995418
0.097187 0.495988 0.009421 2 0.0
0.082733 0.969249 0.872464 14 2.9e-05
0.972373 0.331807 0.990095 11 0.999997
0.073155 0.207463 0.004736 15 1.0
0.953198 0.078384 0.747734 10 1.0
0.971378 0.076472 0.89442 10 0.999878
0.965816 0.920558 0.822829 19 1.0
0.797784 0.072418 0.00085 2 1.0
0.110657 0.055609 0.34531 6 1.0
0.049102 0.09525 0.505284 15 1.0
0.778947 0.076431 0.004559 1 0.999997
0.10074 0.473714 0.005772 2 0.0
0.977685 0.869104 0.993858 11 1.0
0.081949 0.255716 0.00492 2 1.0
0.105191 0.521509 0.001526 1 0.0
0.485865 0.123617 0.001641 2 0.0
0.317686 0.15588 0.001221 1 0.0
0.312894 0.181292 0.001369 1 0.0
0.270832 0.147045 0.001027 1 0.0
0.322479 0.130467 0.001073 1 0.0
0.364541 0.164715 0.001415 1 0.0
0.076351 0.225692 0.005885 15 1.0
0.923816 0.570783 0.001813 2 1.0
0.748265 0.066753 0.019249 10 1.0
0.070447 0.699056 0.013716 14 1.0
0.071583 0.470394 0.040408 15 1.0
0.969734 0.069092 0.922837 10 0.999997
0.071126 0.885878 0.103699 14 0.999999
0.032562 0.081499 0.993181 3 0.999995
0.931646 0.124856 0.119078 11 0.0
0.118181 0.926367 0.047358 14 0.246344
0.0805 0.033648 0.826361 3 0.999999
0.041112 0.918867 0.729408 14 0.999985
0.077434 0.395561 0.004848 16 1.0
0.978345 0.13849 0.998687 11 1.0
0.077126 0.968568 0.817057 14 0.999982
0.023918 0.216727 0.993283 15 1.0
0.721601 0.111417 0.001607 1 6e-06
0.10865 0.939757 0.260874 14 0.999959
0.019176 0.781498 0.989966 15 0.999998
0.614549 0.032147 0.992834 12 0.049713
0.069797 0.66241 0.017024 16 1.0
0.070223 0.118217 0.067555 3 1.0
0.079111 0.25693 0.004273 1 0.973811
0.097508 0.438986 -0.000912 2 0.0
0.627138 0.067812 0.022209 9 1.0
0.079492 0.3478 0.009419 15 1.0
0.225654 0.924731 0.002859 2 1.0
0.070439 0.609842 0.003355 15 1.0
0.542794 0.223681 -0.00147 1 0.0
0.54363 0.27334 -0.001914 1 0.0
0.433848 0.225517 -0.001159 1 0.0
0.541958 0.174022 -0.001025 1 0.0
0.651739 0.221844 -0.00178 1 0.0
0.906588 0.050479 0.640382 10 0.999893
0.101604 0.455827 -0.003145 2 0.0
0.469615 0.131352 5e-06 1 0.0
0.083957 0.304856 0.002507 2 1.0
0.117029 0.925902 0.176009 14 2.1e-05
0.924923 0.120363 0.104499 10 0.000124
0.922271 0.638096 0.004145 2 0.283009
0.023986 0.923961 0.897858 14 1.0
0.07826 0.271143 0.003393 15 0.999724
0.081078 0.035485 0.781528 3 1.0
0.931761 0.205153 0.001109 2 1.0
0.038215 0.921679 0.754847 14 0.999983
0.034292 0.074538 0.805236 3 1.0
0.9546 0.079049 0.786803 10 1.0
0.09888 0.94351 0.384128 14 0.999999
0.968997 0.078377 0.858446 10 0.999952
0.075447 0.720628 0.014313 14 0.000235
0.271062 0.072631 0.008821 2 0.999989
0.960722 0.145278 0.992385 13 0.059605
0.072458 0.202933 0.006432 16 0.868279
0.360645 0.023267 0.989998 6 1.0
0.07041 0.601063 0.002896 15 1.0
0.07408 0.41321 0.002426 1 1.0
0.071862 0.556319 0.018687 15 1.0
0.105405 0.653778 0.003711 1 0.0
0.077087 0.520032 0.002136 16 1.0
0.648941 0.166609 -0.001398 1 0.0
0.902206 0.060271 0.523414 10 1e-06
0.07873 0.633457 0.003682 15 1.0
0.979836 0.373961 0.996834 11 1.0
0.02953 0.345543 0.990416 12 1.0
0.083928 0.966644 0.858032 14 4e-06
0.099034 0.943075 0.374833 14 0.999992
0.885362 0.070897 0.121016 10 1.0
0.074609 0.393264 0.006764 2 1.0
0.081401 0.97066 0.911675 14 0.007205
0.03355 0.079056 0.813212 3 1.0
0.091085 0.041318 0.614313 4 0.999971
0.098639 0.944583 0.388348 14 0.999999
0.09789 0.946596 0.419558 14 0.999998
0.033749 0.499211 0.992591 12 1.0
0.0629 0.886 0.183586 15 1.0
0.046912 0.085584 0.600675 4 1.0
0.070715 0.118144 0.066085 3 1.0
0.318354 0.977766 0.995489 22 1.0
0.069332 0.845825 -0.000555 14 1.0
0.07835 0.28385 0.003829 15 1.0
0.118647 0.559268 0.020811 2 0.0
0.076356 0.974143 0.975008 14 0.0
0.072639 0.974922 0.974169 14 0.0
0.074874 0.976082 0.983372 14 0.0
0.080073 0.973363 0.975847 14 0.0
0.077837 0.972203 0.966644 14 0.0
0.816983 0.073367 0.004021 2 1.0
0.111663 0.938943 0.250953 14 0.996266
0.079908 0.04642 0.695879 3 0.999996
0.101273 0.940156 0.32662 14 0.999997
0.972282 0.270845 0.992901 11 1.0
0.842286 0.063117 -0.006014 6 1.0
0.070028 0.22392 -1.8e-05 2 1.0
0.080076 0.631404 0.023286 15 0.0
0.932301 0.746212 0.001258 2 1.0
0.032594 0.730722 0.989862 15 0.999994
0.618688 0.925069 0.00428 2 1.0
0.072561 0.59479 0.003644 16 1.0
0.074954 0.541561 0.003463 2 1.0
0.115023 0.561826 0.003652 1 0.0
0.558119 0.067571 0.019258 9 1.0
0.695999 0.086519 0.00321 2 0.970623
0.449239 0.076291 0.004558 2 1.0
0.074684 0.434345 0.005917 15 1.0
0.073363 0.595084 0.007858 15 1.0
0.080995 0.377002 0.004977 15 1.0
0.092089 0.264879 0.00288 2 0.000341
0.700173 0.091364 0.001545 2 0.001251
0.110788 0.938559 0.251002 14 0.999923
0.080711 0.041002 0.739792 3 1.0
0.07634 0.734538 0.004602 15 0.99974
0.787155 0.079848 0.003514 2 0.027534
0.0697 0.233072 0.000654 2 1.0
0.372622 0.135636 0.002032 1 0.0
0.557595 0.067677 0.022115 9 1.0
0.485109 0.921148 0.00387 2 1.0
0.42562 0.922968 0.004139 2 1.0
0.076455 0.526514 0.017865 15 0.0
0.042175 0.750054 0.985789 12 0.99999
0.394709 0.02603 0.988317 6 1.0
0.951044 0.906622 0.54939 11 0.999985
0.088395 0.635846 0.003085 1 1.0
0.375862 0.12786 0.002053 1 0.0
0.076451 0.48847 0.001283 15 1.0
0.091651 0.67482 0.000716 2 0.000223
0.116892 0.073077 0.084398 3 0.999995
0.119079 0.930835 0.06561 14 0.976832
0.11489 0.923757 0.09316 14 0.000338
0.032329 0.927423 0.801252 14 1.0
0.317353 0.07698 0.004096 2 1.0
0.058661 0.894033 0.34589 15 0.998603
0.0412 0.919978 0.725744 14 0.999992
0.074007 0.220766 0.002569 2 1.0
0.078212 0.638407 0.002804 15 1.0
0.063671 0.884837 0.165815 15 1.0
0.051042 0.902662 0.472793 15 0.999729
0.061202 0.105781 0.261405 15 0.99983
0.919352 0.956906 0.653136 18 0.999993
0.038165 0.082707 0.721387 3 1.0
0.048344 0.094841 0.491668 3 1.0
0.076727 0.705267 0.002727 2 1.0
0.817072 0.072396 -3.1e-05 2 1.0
0.076348 0.213536 0.003499 16 1.0
0.079874 0.686118 0.003827 1 1.0
0.926574 0.591104 0.003314 1 1.0
0.07743 0.43712 0.01023 15 1.0
0.125175 0.432552 0.006358 2 0.0
0.076838 0.22643 0.005559 15 1.0
0.930905 0.707983 0.029027 19 1.0
0.929047 0.720046 0.027168 19 1.0
0.933186 0.708868 0.03249 19 1.0
0.932764 0.695921 0.030885 19 1.0
0.928625 0.707098 0.025564 19 1.0
0.68883 0.082022 0.001811 2 1.0
0.078861 0.349756 0.018004 15 0.005155
0.930276 0.510279 0.005061 11 1.0
0.97612 0.278816 0.998512 11 1.0
0.080806 0.263425 0.004224 15 0.949192
0.076375 0.971339 0.963261 14 0.213717
0.096995 0.663571 0.003477 2 1e-06
0.324339 0.087194 0.00422 2 0.007637
0.951525 0.077797 0.733564 10 1.0
0.074985 0.733125 0.004041 15 0.929234
0.102955 0.941764 0.325507 14 0.999998
0.111526 0.935398 0.182168 14 0.999999
0.282351 0.084498 0.004104 2 1.0
0.954226 0.904919 0.485921 11 1.0
0.082142 0.654579 0.00302 2 1.0
0.062743 0.190019 0.000859 2 1.0
0.856141 0.086571 0.011016 10 1.0
0.90616 0.934473 0.450192 18 2.9e-05
0.069621 0.605139 0.029712 15 9e-06
0.909879 0.045815 0.623668 10 0.999974
0.927598 0.807896 0.019896 11 1.0
0.928025 0.827928 0.018125 11 1.0
0.93189 0.808383 0.026443 11 1.0
0.927172 0.787863 0.021667 11 1.0
0.923307 0.807408 0.013349 11 1.0
0.072903 0.489171 0.007265 15 1.0
0.076092 0.488902 0.010611 15 1.0
0.070776 0.654186 0.029903 16 0.0
0.074473 0.643778 0.020817 16 0.999999
0.073023 0.644859 0.028818 16 0.999999
0.072386 0.622146 0.023362 16 0.999999
0.075923 0.642696 0.012816 16 0.999999
0.07656 0.66541 0.018272 16 0.999999
0.917436 0.565084 0.006083 2 0.999961
0.076903 0.489866 0.001123 16 1.0
0.091237 0.611028 0.002287 1 1.0
0.928071 0.596544 0.011412 1 1.0
0.031898 0.922484 0.862295 14 0.999991
0.022477 0.075452 0.990291 15 1.0
0.019928 0.083145 0.987069 15 1.0
0.024134 0.077001 0.992678 15 1.0
0.025027 0.067759 0.993513 15 1.0
0.020821 0.073903 0.987904 15 1.0
0.903284 0.096839 0.00512 10 1.0
0.074479 0.660222 0.002203 15 1.0
0.075223 0.218815 0.007327 15 1.0
0.094871 0.057827 0.515645 3 0.999996
0.957194 0.076022 0.785912 10 1.0
0.274612 0.071417 0.00773 2 1.0
0.069694 0.266674 0.004865 16 1.0
0.068968 0.175599 0.004973 3 1.0
0.570424 0.079466 0.032374 9 0.0
0.13132 0.504281 0.003512 1 0.0
0.760396 0.08807 -4.3e-05 2 1.0
0.170806 0.462376 0.00345 1 0.0
0.075413 0.501304 0.00133 15 1.0
0.926729 0.350757 0.003456 2 1.0
0.121915 0.479334 0.004452 1 0.0
0.632563 0.083627 0.03986 9 0.0
0.904862 0.061271 0.392443 10 0.999707
0.034061 0.590529 0.992961 12 0.999999
0.40659 0.073528 0.003365 2 1.0
0.922062 0.521747 0.011613 2 1.0
0.975232 0.689178 0.991781 11 1.0
0.110522 0.522288 0.003687 1 0.0
0.120049 0.542398 0.003239 1 0.0
0.331313 0.086374 0.007192 2 1.0
0.499299 0.077272 0.001358 2 1.0
0.074821 0.404656 0.01002 15 1.0
0.537091 0.088585 0.007174 2 0.005638
0.073818 0.204742 0.003496 16 1.0
0.017573 0.888495 0.998135 14 0.999997
0.086184 0.965415 0.824611 14 2e-06
0.372802 0.881093 0.003831 1 0.0
0.977519 0.930635 0.996623 11 1.0
0.979264 0.931195 0.998074 11 1.0
0.978408 0.927873 0.996619 11 1.0
0.975773 0.930075 0.995172 11 1.0
0.976629 0.933397 0.996627 11 1.0
0.075106 0.267188 0.005414 15 1.0
0.022324 0.113394 0.998228 3 0.999999
0.97087 0.266738 0.997496 11 1.0
0.183186 0.019872 0.998171 6 1.0
0.937755 0.109996 0.227496 10 0.999963
0.793638 0.069892 0.000582 1 1.0
0.078182 0.776325 0.004421 14 1.0
0.913621 0.079669 0.270878 10 0.0
0.42223 0.098636 0.002935 2 0.0
0.435337 0.137593 0.000505 1 0.0
0.076403 0.208054 0.006486 15 1.0
0.07127 0.568082 0.005707 15 1.0
0.093857 0.456094 0.007093 2 0.0
0.465894 0.072216 0.003431 2 1.0
0.071929 0.617885 0.022788 15 3e-06
0.095374 0.574027 0.001218 2 1.0
0.108986 0.538967 0.003452 2 0.0
0.905341 0.079203 0.205262 10 0.0
0.337782 0.087215 0.004523 2 0.0
0.026504 0.40631 0.98664 15 0.999625
0.645749 0.913142 0.002135 2 0.607495
0.098493 0.705524 0.003255 1 2.2e-05
0.076332 0.199345 0.007032 16 1.0
0.088728 0.497052 0.001543 1 0.0
0.095706 0.627606 0.003079 2 0.000287
0.926466 0.352132 0.009218 11 1.0
0.080161 0.969677 0.900234 14 0.000821
0.750744 0.075659 0.001732 2 0.932818
0.070594 0.722455 0.009198 15 0.958735
0.053487 0.912457 0.544794 14 0.999988
0.976673 0.322676 0.990114 11 1.0
0.084421 0.05349 0.661075 5 0.999996
0.644682 0.932846 -0.003334 1 1.0
0.978856 0.687993 0.998002 13 0.999997
0.104126 0.738523 0.004547 2 0.0
0.109949 0.26715 0.00151 1 4e-06
0.087626 0.636826 0.014092 16 0.0
0.071681 0.605168 0.043177 15 1.0
0.073229 0.60687 0.053404 15 1.0
0.073969 0.573906 0.048032 15 1.0
0.070133 0.603467 0.032949 15 1.0
0.069394 0.63643 0.038322 15 1.0
0.969398 0.671232 0.993626 12 1.0
0.700634 0.041946 0.99314 13 1.0
0.074086 0.427914 0.031432 15 1.0
0.073233 0.457482 0.031943 15 1.0
0.072397 0.427692 0.04147 15 1.0
0.074938 0.398345 0.030922 15 1.0
0.075774 0.428136 0.021395 15 1.0
0.084071 0.352038 0.020036 15 1.0
0.969239 0.074372 0.952003 10 1.0
0.064578 0.883142 0.080627 16 0.999999
0.968103 0.076718 0.898154 10 0.99988
0.023546 0.069735 0.952975 15 0.999999
0.076227 0.036827 0.848348 15 0.999748
0.073714 0.334536 0.00346 15 1.0
0.083457 0.96828 0.888589 14 4e-06
0.109691 0.933864 0.161074 14 0.9997
0.311072 0.025375 0.992554 5 1.0
0.10192 0.93774 0.321951 14 0.999995
0.974549 0.398678 0.98949 11 1.0
0.110349 0.936816 0.197835 14 1.0
0.676777 0.025382 0.998516 6 1.0
0.940342 0.107315 0.245067 10 1.0
0.070023 0.359562 0.007167 15 1.0
0.486633 0.114414 0.001093 2 0.0
0.073477 0.402902 0.007587 16 1.0
0.931465 0.885717 0.157848 11 1.0
0.065345 0.886319 0.153765 14 1.0
0.802362 0.024635 0.995978 5 1.0
0.076618 0.500052 0.011485 15 1.0
0.07756 0.322648 0.003445 15 1.0
0.084697 0.965717 0.83172 14 3e-06
0.044451 0.04868 0.992334 3 0.964844
0.071382 0.968781 0.909581 14 1e-06
0.952445 0.06302 0.993762 10 0.982166
0.895171 0.941974 0.327276 21 0.999996
0.979789 0.918388 0.995483 11 1.0
0.979992 0.923752 0.994909 11 1.0
0.980236 0.918611 0.997716 11 1.0
0.979587 0.913024 0.996057 11 1.0
0.979343 0.918166 0.99325 11 1.0
0.070445 0.97763 0.970255 14 6e-06
0.084819 0.967359 0.880764 14 2e-06
0.943326 0.0844 0.594682 10 0.999879
0.757802 0.082661 0.002058 2 0.182729
0.102658 0.944381 0.435266 14 0.999945
0.098371 0.946386 0.41216 14 0.999999
0.101503 0.938366 0.312203 14 0.999946
0.939189 0.106523 0.332574 11 0.999876
0.060113 0.108358 0.262223 3 1.0
0.0743 0.216335 0.005035 15 1.0
0.892291 0.064455 0.193265 10 0.999999
0.976523 0.522235 0.992979 11 1.0
0.109769 0.460264 -0.0004 1 0.0
0.073363 0.747962 0.002525 15 1.0
0.975924 0.791811 0.995475 11 1.0
0.036857 0.680449 0.99285 12 0.999995
0.926513 0.731227 0.004346 1 1.0
0.478716 0.090283 0.001852 2 7e-06
0.073879 0.600214 0.000985 15 1.0
0.077116 0.381145 0.005172 2 1.0
0.487103 0.922125 0.005726 2 1.0
0.107211 0.525823 0.003634 2 0.0
0.033535 0.915643 0.830536 14 0.000233
0.979152 0.71598 0.99512 11 1.0
0.137152 0.316661 0.000865 2 0.0
0.071207 0.432838 0.011671 15 1.0
0.127093 0.647125 0.005439 1 0.0
0.97553 0.455848 0.995498 12 1.0
0.922552 0.761812 0.001179 2 1.0
0.054188 0.896536 0.272475 14 1.0
0.056596 0.903163 0.31258 14 1.0
0.061536 0.884818 0.273971 14 1.0
0.05178 0.889908 0.232371 14 1.0
0.04684 0.908253 0.27098 14 1.0
0.074778 0.745717 0.002112 15 1.0
0.052535 0.310576 0.548857 15 0.0
0.054332 0.309993 0.475153 15 0.0
0.048759 0.36742 0.548315 15 0.0
0.050738 0.311159 0.62256 15 0.0
0.05631 0.253732 0.549399 15 0.0
0.076701 0.104178 0.203313 3 0.0
0.566394 0.126778 0.000581 1 0.0
0.042343 0.086335 0.747214 15 0.0
0.980216 0.372273 0.998091 11 1.0
0.047954 0.094061 0.517715 15 1.0
0.939247 0.106391 0.277721 10 1.0
0.747609 0.072562 0.000999 2 1.0
0.074089 0.562804 0.004565 15 1.0
0.543772 0.914048 0.004506 1 1.0
0.067717 0.111496 0.153572 3 1.0
0.696742 0.918943 0.006614 2 0.969671
0.204231 0.917469 0.000203 2 0.989225
0.083392 0.366526 0.008232 15 1.0
0.052201 0.37544 0.644049 4 0.0
0.05041 0.356927 0.730377 4 0.0
0.054168 0.294781 0.626794 4 0.0
0.140357 0.581398 0.002958 1 0.0
0.069911 0.101836 0.290865 3 0.0
0.975648 0.599841 0.976352 19 0.0
0.497239 0.900838 0.007859 1 0.0
0.063818 0.096633 0.381436 3 0.0
0.581279 0.131279 0.001487 1 0.0
0.026971 0.455526 0.991368 15 1.0
0.066878 0.464674 0.022473 15 1.0
0.073964 0.397394 0.011084 15 1.0
0.769616 0.064103 -0.006553 1 1.0
0.315083 0.07305 0.003864 2 1.0
0.084766 0.965945 0.835204 14 0.000189
0.026749 0.073924 0.889071 3 0.999998
0.028993 0.923615 0.884576 14 0.999997
0.931769 0.121405 0.155479 11 0.999972
0.075778 0.250488 0.005263 2 0.99999
0.067403 0.11182 0.147189 3 1.0
0.071875 0.697246 0.011299 15 0.996832
0.082408 0.968199 0.896858 14 8e-06
0.977709 0.183042 0.997896 11 1.0
0.032881 0.066377 0.821829 3 1.0
0.259145 0.080065 0.006074 2 0.999999
0.043136 0.084011 0.617071 15 1.0
0.07364 0.603858 0.022469 15 1.0
0.076106 0.629999 0.023309 15 1.0
0.071341 0.603795 0.031189 15 1.0
0.071174 0.577718 0.02163 15 1.0
0.075938 0.603922 0.013749 15 1.0
0.063954 0.110151 0.193974 3 1.0
0.064973 0.848341 -0.002902 2 1.0
0.067341 0.546189 0.012022 15 1.0
0.113377 0.382544 0.003863 1 0.0
0.039381 0.101275 0.727235 15 0.0
0.073657 0.212744 0.004723 15 1.0
0.119971 0.451436 0.003598 1 0.0
0.449477 0.068816 0.015318 9 1.0
0.9455 0.428863 0.993649 12 0.00186
0.092971 0.503451 0.000206 1 0.0
0.89898 0.056301 0.356968 10 0.999292
0.120215 0.434258 0.002594 1 0.0
0.954558 0.617645 0.994287 12 1.0
0.455382 0.027155 0.994179 6 1.0
0.979405 0.660411 0.989035 11 1.0
0.071777 0.646643 0.016067 15 1.0
0.075889 0.616156 0.003619 15 1.0
0.387929 0.072346 0.000946 1 1.0
0.710199 0.13322 -0.000454 1 0.0
0.970162 0.479818 0.989076 11 0.886657
0.353633 0.076917 0.007737 2 1.0
0.074902 0.4178 0.00761 15 1.0
0.900173 0.05724 0.374992 10 0.999941
0.92936 0.679744 0.022927 19 1.0
0.926218 0.698616 0.022633 19 1.0
0.931308 0.680176 0.029842 19 1.0
0.932502 0.660872 0.023222 19 1.0
0.927412 0.679312 0.016013 19 1.0
0.096063 0.343006 0.007779 2 0.996307
0.970635 0.579211 0.993798 12 1.0
0.073955 0.683478 0.002139 15 1.0
0.930172 0.044562 0.990915 10 0.999999
0.928029 0.049107 0.991544 10 0.999999
0.916393 0.038624 0.986881 10 0.999999
0.932315 0.040018 0.990286 10 0.999999
0.943951 0.0505 0.994949 10 0.999999
0.086609 0.964659 0.810371 14 5.8e-05
0.92401 0.033419 0.994167 10 1.0
0.754155 0.923453 0.005623 2 0.765939
0.077441 0.236207 0.006835 15 0.999997
0.089308 0.949136 0.504407 14 0.999998
0.965391 0.078903 0.839638 10 0.99968
0.083325 0.968264 0.895521 14 4e-06
0.949877 0.08038 0.73946 10 1.0
0.281308 0.031933 0.99381 12 0.996615
0.9747 0.352705 0.991532 11 1.0
0.955713 0.908658 0.583795 11 1.0
0.918715 0.963982 0.818282 21 0.99999
0.275322 0.972413 0.99954 12 0.999998
0.192991 0.027075 0.989375 5 1.0
0.914503 0.116581 0.120199 10 1.0
0.03092 0.92141 0.858026 14 1.0
0.060538 0.105311 0.337298 15 1.0
0.071349 0.8877 0.104338 14 1.0
0.064834 0.773308 -0.002846 14 1.0
0.929746 0.504362 0.001816 1 1.0
0.120491 0.072601 0.002188 9 1.0
0.062937 0.850017 -0.004281 2 1.0
0.90648 0.018766 1.002649 8 1.0
0.069719 0.424213 0.004676 15 1.0
0.734357 0.025717 0.990088 5 0.999948
0.926775 0.515301 0.007132 1 1.0
0.924067 0.471546 0.006169 11 1.0
0.085349 0.35325 0.006912 16 1.0
0.368248 0.075221 0.003743 2 1.0
0.660927 0.07016 0.037668 9 0.084493
0.092271 0.380414 0.014849 2 0.0
0.92983 0.314541 0.011397 11 1.0
0.923885 0.479766 0.003745 11 1.0
0.930142 0.66979 0.019171 19 1.0
0.045972 0.092475 0.534648 3 1.0
0.099973 0.623795 0.00291 2 0.0
0.072747 0.625139 0.001846 15 1.0
0.080513 0.408525 0.014075 15 1.0
0.926347 0.483109 0.006306 11 1.0
0.077684 0.966872 0.927617 14 0.059691
0.044307 0.957083 0.997044 14 1.0
0.978748 0.920244 0.99833 11 1.0
0.06558 0.900716 0.34081 15 0.983482
0.041806 0.919459 0.714709 14 0.999982
0.082002 0.968727 0.896161 14 1.6e-05
0.032326 0.074887 0.817791 3 1.0
0.703398 0.124201 0.002031 1 2e-06
0.110399 0.936933 0.24051 14 0.99989
0.117886 0.934477 0.225481 14 0.997949
0.973976 0.377428 0.990577 11 1.0
0.055042 0.10402 0.322847 5 1.0
0.417534 0.976735 0.994645 22 1.0
0.045054 0.093275 0.598007 15 1.0
0.070108 0.88082 0.120749 15 0.999999
0.069356 0.115466 0.072866 3 1.0
0.978494 0.561 0.998204 12 0.999999
0.934407 0.425363 -0.000217 1 1.0
0.126367 0.059421 -0.005257 2 1.0
0.078716 0.895084 -0.007455 14 1.0
0.084031 0.909489 -0.007392 14 1.0
0.082639 0.893624 -0.004478 14 1.0
0.0734 0.880679 -0.007518 14 1.0
0.074793 0.896545 -0.010432 14 1.0
0.427269 0.931602 0.029016 20 0.0
0.07962 0.844049 0.003437 2 0.883494
0.079092 0.853801 0.006181 2 0.883494
0.075102 0.843783 0.00351 2 0.883494
0.080148 0.834296 0.000693 2 0.883494
0.084138 0.844314 0.003364 2 0.883494
0.325087 0.927601 0.015555 20 0.00464
0.923451 0.518712 0.007409 11 0.003383
0.079928 0.394028 0.001868 15 1.0
0.0725 0.347514 0.012609 2 1.0
0.383844 0.087318 0.003481 2 1.0
0.966831 0.540857 0.995807 12 1.0
0.090827 0.58654 0.000626 1 1.0
0.084391 0.670441 -0.000801 1 0.999406
0.104282 0.297347 0.005285 2 0.0
0.683769 0.098986 0.008714 1 1.0
0.925714 0.518041 0.014842 11 1.0
0.073148 0.478032 0.008783 15 1.0
0.975178 0.40367 0.987285 11 1.0
0.073391 0.614352 0.001934 15 1.0
0.969862 0.583697 0.993014 12 1.0
0.075005 0.493481 0.004457 16 1.0
0.72174 0.081714 0.002718 2 1.0
0.083257 0.965557 0.840594 14 2e-06
0.076475 0.970967 0.962369 14 0.001282
0.938233 0.107868 0.365742 11 0.998403
0.07847 0.243956 0.005116 15 1.0
0.043792 0.917147 0.731081 15 0.999978
0.106589 0.932154 0.151495 14 0.999991
0.097784 0.94669 0.43248 14 0.999998
0.109083 0.940672 0.268785 14 0.999993
0.103966 0.936129 0.309827 14 0.999968
0.06831 0.107935 0.266104 4 0.999301
0.063174 0.888434 0.150492 15 1.0
0.924502 0.113204 0.133134 10 0.999992
0.070464 0.197531 0.005397 16 1.0
0.807218 0.069978 0.003014 2 1.0
0.061737 0.868277 -0.008647 14 1.0
0.081446 0.672289 0.008702 1 1.0
0.070438 0.319888 0.032882 15 1.0
0.493647 0.086692 0.001275 2 2e-06
0.566379 0.119857 0.000171 1 0.0
0.931345 0.884926 0.13016 11 1.0
0.069276 0.400729 0.041242 15 1.0
0.069214 0.400768 0.05527 15 1.0
0.070157 0.356276 0.041368 15 1.0
0.069338 0.400691 0.027214 15 1.0
0.068395 0.445182 0.041116 15 1.0
0.424094 0.072256 0.004231 2 1.0
0.343969 0.887765 0.004717 1 0.0
0.072737 0.588735 0.009948 15 1.0
0.455233 0.072367 0.002676 2 1.0
0.971083 0.694158 0.997659 13 1.0
0.077931 0.577336 0.002683 16 1.0
0.487591 0.073594 0.02212 6 1.0
0.424707 0.10415 0.002348 2 0.968752
0.905055 0.354295 0.003884 2 1.0
0.577555 0.129332 0.000938 2 0.0
0.07659 0.540955 0.005924 2 1.0
0.305485 0.077689 0.002983 2 1.0
0.080201 0.447427 0.019741 15 1.0
0.071652 0.610044 0.000272 15 1.0
0.078131 0.6556 0.002586 1 1.0
0.164689 0.446177 0.004879 1 0.0
0.350249 0.899048 0.007293 1 0.0
0.080271 0.348756 0.013753 15 1.0
0.723364 0.071132 -0.000147 2 1.0
0.079432 0.502582 0.013014 15 1.0
0.925019 0.461549 0.004307 2 1.0
0.914906 0.55217 0.009448 1 0.996349
0.073626 0.469827 0.003982 15 1.0
0.086231 0.964547 0.822271 14 2e-06
0.071128 0.969484 0.922621 14 0.024096
0.034051 0.918223 0.733145 14 1.0
0.772394 0.975555 0.994037 24 1.0
0.056501 0.894725 0.395616 14 0.999992
0.047983 0.908917 0.590424 14 0.999982
0.109424 0.939168 0.257196 14 0.999981
0.101345 0.940679 0.324732 14 0.999994
0.896478 0.938788 0.238022 18 1.0
0.925428 0.471566 0.01219 11 1.0
0.29451 0.069513 0.001 6 1.0
0.086206 0.044385 0.693714 5 0.999996
0.070472 0.292292 0.009602 15 0.999997
0.070876 0.712644 0.006012 16 1.0
0.066209 0.112132 0.163086 3 1.0
0.800041 0.067697 -0.000882 2 1.0
0.074685 0.385218 0.007352 15 1.0
0.070678 0.497321 0.040323 15 0.0
0.903721 0.060089 0.344487 10 0.0
0.034817 0.726374 0.994484 12 0.999996
0.929425 0.543392 0.022891 19 1.0
0.106286 0.383983 -0.000822 1 0.0
0.078629 0.627408 0.004961 16 1.0
0.075257 0.250318 0.00859 15 0.207375
0.087177 0.622607 0.002169 2 1.0
0.091192 0.644132 0.015577 16 1.0
0.099788 0.416146 0.00023 2 0.0
0.079956 0.259901 0.006889 16 1.0
0.072195 0.478362 0.007418 15 1.0
0.727078 0.020786 0.996313 5 1.0
0.583107 0.930053 0.001424 1 1.0
0.375855 0.929084 0.012047 20 1.0
0.924147 0.493033 0.020278 11 1.0
0.091038 0.636821 0.000541 1 1.0
0.073153 0.61641 0.024187 15 1.0
0.072958 0.390026 0.010213 15 1.0
0.071838 0.359786 0.038504 15 1.0
0.104808 0.466368 0.000518 1 0.0
0.076686 0.677806 0.003787 15 1.0
0.740239 0.075783 -0.001785 2 1.0
0.929994 0.445614 0.026944 11 1.0
0.084392 0.458381 0.008247 2 0.998749
0.384621 0.077618 0.002984 2 1.0
0.061483 0.030943 0.978309 3 0.99999
0.058498 0.035208 0.976291 3 0.99999
0.060468 0.033857 0.985972 3 0.99999
0.064468 0.026678 0.980326 3 0.99999
0.062498 0.028028 0.970646 3 0.99999
0.94193 0.08416 0.617833 10 0.999248
0.978011 0.916949 0.996541 11 1.0
0.114352 0.064219 0.187636 15 0.999897
0.074717 0.242927 0.007087 15 0.999981
0.952341 0.092877 0.476585 10 0.999999
0.042195 0.084836 0.721041 15 0.999999
0.043723 0.910052 0.667544 16 0.999974
0.051076 0.093639 0.36542 3 1.0
0.066357 0.103064 0.159983 3 1.0
0.027944 0.928793 0.913013 14 1.0
0.02881 0.074538 0.872897 3 1.0
0.062263 0.177042 0.000277 2 1.0
0.931513 0.405679 0.000606 2 1.0
0.539618 0.011185 1.003805 6 1.0
0.071944 0.372724 0.034623 15 0.0
0.953621 0.095354 0.455422 10 1.0
0.070028 0.375498 0.029933 15 1.0
0.925583 0.347011 -0.002764 2 1.0
0.163517 0.663175 0.002833 1 0.0
0.170886 0.746025 0.002999 1 0.0
0.191914 0.66065 0.002354 1 0.0
0.156149 0.580325 0.002666 1 0.0
0.135121 0.665699 0.003311 1 0.0
0.930065 0.7085 0.012785 19 1.0
0.073197 0.379768 0.013349 16 1.0
0.077815 0.420675 0.004084 15 1.0
0.376909 0.078339 0.002948 2 1.0
0.070311 0.495797 0.030128 15 0.0
0.500457 0.096646 0.007441 2 0.001068
0.329256 0.101669 0.00311 1 0.000777
0.907513 0.063488 0.568796 10 1.0
0.925014 0.496241 0.002817 1 1.0
0.921759 0.610972 0.002518 2 1.0
0.936287 0.891539 0.232994 11 1.0
0.928266 0.489963 0.00556 11 1.0
0.124026 0.482775 0.004515 1 0.0
0.368819 0.026994 0.987741 5 1.0
0.96991 0.383297 0.996088 11 1.0
0.07362 0.487856 0.00535 16 1.0
0.717855 0.927251 -0.002009 2 1.0
0.927531 0.39038 0.001282 2 1.0
0.77717 0.073097 0.004032 1 1.0
0.073242 0.47018 0.019824 15 1.0
0.027624 0.074345 0.89471 15 0.999986
0.119531 0.925767 0.022579 14 0.999973
0.119801 0.928024 0.023048 14 0.999973
0.11923 0.924666 0.028045 14 0.999973
0.119261 0.923509 0.02211 14 0.999973
0.119833 0.926867 0.017113 14 0.999973
0.954663 0.043456 0.993133 10 1.0
0.925838 0.107864 0.197594 10 0.996769
0.075784 0.223372 0.004691 15 1.0
0.082308 0.966683 0.866549 14 2e-06
0.219654 0.082591 0.002225 2 0.834523
0.110392 0.938078 0.250225 14 0.999975
0.982541 0.177045 0.997118 11 1.0
0.101634 0.939457 0.322118 14 0.999997
0.071256 0.882421 0.070756 15 1.0
0.026042 0.51591 0.990791 4 0.999875
0.167802 0.068845 -0.001773 9 1.0
0.069737 0.116565 0.074796 3 1.0
0.063266 0.844388 -0.002667 14 1.0
0.215598 0.928488 0.000923 2 1.0
0.121783 0.346952 -0.004485 2 1.0
0.069343 0.882802 -2.7e-05 14 1.0
0.072279 0.441158 0.001288 15 1.0
0.636059 0.021896 0.997591 6 1.0
0.070988 0.478191 0.00924 15 1.0
0.068539 0.376472 0.041924 15 0.0
0.933264 0.576932 0.019197 19 1.0
0.075973 0.346605 0.010638 15 1.0
0.124804 0.377732 0.001493 2 0.0
0.498419 0.073527 0.004365 1 1.0
0.073526 0.600114 0.026819 15 0.0
0.923624 0.349777 0.004432 11 0.020745
0.715147 0.023765 0.993134 5 1.0
0.071995 0.574312 0.004159 15 1.0
0.078512 0.535704 0.005209 16 1.0
0.074695 0.372784 0.002382 2 1.0
0.098972 0.33905 0.004196 2 3e-06
0.075233 0.454235 0.046141 15 0.001179
0.32099 0.095309 0.00554 2 0.990311
0.319565 0.103182 0.003696 2 0.990311
0.301933 0.092547 0.008472 2 0.990311
0.322415 0.087436 0.007384 2 0.990311
0.340047 0.098071 0.002607 2 0.990311
0.962192 0.915601 0.740335 11 1.0
0.14398 0.553263 0.007664 2 0.0
0.932482 0.883762 0.168209 11 1.0
0.075259 0.386744 0.008961 2 1.0
0.121219 0.434179 0.003671 2 0.0
0.979162 0.592577 0.99438 11 1.0
0.930001 0.562592 0.001495 1 1.0
0.07422 0.526324 0.030408 15 0.0
0.073836 0.384946 0.005551 15 1.0
0.266399 0.930091 0.015234 21 1.0
0.07372 0.481373 0.002447 2 1.0
0.932125 0.744177 0.026075 19 1.0
0.086515 0.966791 0.855773 14 9e-06
0.078008 0.965159 0.875211 14 2e-06
0.023015 0.070076 0.969238 15 1.0
0.104182 0.737484 0.005117 1 3e-06
0.969426 0.06007 0.991981 10 1.0
0.969774 0.061313 0.989309 10 1.0
0.964285 0.057311 0.990028 10 1.0
0.969078 0.058826 0.994652 10 1.0
0.974567 0.062828 0.993934 10 1.0
0.882188 0.06918 0.060055 10 1.0
0.079233 0.970653 0.960116 14 0.006214
0.953301 0.089557 0.572726 10 0.999868
0.079134 0.238078 0.006019 15 1.0
0.076013 0.970881 0.865423 14 0.999999
0.061292 0.10617 0.341097 15 0.999997
0.973803 0.406191 0.992164 11 1.0
0.950362 0.081161 0.763449 10 1.0
0.043883 0.910082 0.679992 16 0.997336
0.064053 0.885877 0.173569 14 1.0
0.553049 0.981389 0.996505 22 1.0
0.094248 0.711508 -0.000473 1 1.0
0.929823 0.74543 0.00073 1 1.0
0.982605 0.364496 0.999955 11 1.0
0.100415 0.057807 0.42526 5 1.0
0.140136 0.069888 -0.000595 9 1.0
0.072938 0.571936 0.003934 15 1.0
0.446573 0.049601 0.991583 12 0.999999
0.070984 0.686415 -0.000765 14 1.0
0.09958 0.287215 0.002815 1 1.5e-05
0.076491 0.733933 0.00215 2 0.988818
0.526339 0.083131 -0.000524 2 1.0
0.070043 0.387595 0.005003 15 1.0
0.444441 0.044306 0.990619 13 0.999897
0.095433 0.330668 0.006672 2 2e-06
0.358025 0.133278 0.012353 2 0.0
0.076636 0.71037 0.00569 2 0.999452
0.445354 0.024267 0.993217 6 1.0
0.101233 0.675034 0.003651 2 3.1e-05
0.073727 0.383339 0.010751 15 0.999908
0.066966 0.532279 0.02466 15 1.0
0.97474 0.549218 0.989004 19 1.0
0.917839 0.493106 0.006666 2 1.0
0.094101 0.587748 -0.000305 1 1.0
0.927566 0.593216 0.022017 11 1.0
0.070931 0.396535 0.023739 16 1.0
0.078445 0.3149 0.008439 15 1.0
0.091159 0.601282 0.000586 1 1.0
0.098749 0.57312 0.004057 2 1.0
0.820898 0.928967 -0.002525 2 1.0
0.081195 0.378668 0.005929 16 1.0
0.072303 0.597482 0.011153 15 1.0
0.491208 0.929333 0.000101 2 1.0
0.096408 0.351108 0.010084 2 1.0
0.376958 0.158219 0.008048 1 0.0
0.372175 0.175333 0.00823 1 0.0
0.321207 0.142607 0.010882 1 0.0
0.381741 0.141105 0.007867 1 0.0
0.432709 0.173831 0.005214 1 0.0
0.421375 0.068656 0.019241 9 0.997781
0.967098 0.922982 0.803305 11 1.0
0.402726 0.027693 0.997554 6 1.0
0.091923 0.411498 0.00935 2 1.0
0.987096 0.540838 1.007937 11 1.0
0.098429 0.37465 -0.002392 2 1e-06
0.073046 0.388759 0.011668 15 0.999962
0.084677 0.633652 0.003649 2 1.0
0.085605 0.237633 0.002896 1 0.002372
0.07233 0.58133 0.023277 15 1.0
0.922592 0.506881 0.00558 2 0.999999
0.071159 0.59571 0.020091 15 1.0
0.071341 0.387635 0.001606 16 1.0
0.9231 0.377854 0.005306 11 1.0
0.549741 0.021292 0.997772 5 1.0
0.073698 0.373925 0.013778 15 0.896383
0.562411 0.071636 0.025352 9 1.0
0.067267 0.965764 0.90299 14 1e-06
0.024722 0.917385 0.876967 14 1.0
0.075562 0.782943 0.003403 14 1.0
0.079431 0.279496 0.003631 16 1.0
0.067996 0.11037 0.154585 3 0.999999
0.667585 0.113317 0.000373 2 5e-06
0.098914 0.94832 0.462264 14 0.999999
0.101378 0.940039 0.372648 14 0.999987
0.103658 0.938401 0.334689 14 0.999995
0.926903 0.970951 0.835198 18 1.0
0.064013 0.886965 0.184277 15 1.0
0.047065 0.090734 0.493306 3 1.0
0.066503 0.885573 0.143193 14 1.0
0.157236 0.067565 0.000892 2 1.0
0.938784 0.113078 0.294218 11 0.999945
0.117256 0.241663 0.004023 1 1e-06
0.085906 0.379804 0.007878 16 1.0
0.144834 0.287504 -0.002675 2 1.0
0.064141 0.842948 -0.000885 2 1.0
0.091191 0.355703 0.003422 2 1.0
0.397887 0.012031 1.006503 6 1.0
0.43732 0.011203 1.004548 6 1.0
0.070138 0.439075 0.000684 15 1.0
0.113662 0.386937 0.00393 1 0.0
0.975947 0.355779 0.999966 11 1.0
0.049941 0.896882 0.559161 15 0.55518
0.927195 0.970548 0.843339 18 0.999998
0.462535 0.0864 0.006394 2 0.03653
0.268209 0.928511 0.003311 2 1.0
0.926108 0.493075 0.006592 11 1.0
0.077141 0.415402 0.017445 1 0.0
0.623978 0.092921 0.003358 2 1.0
0.069393 0.544728 0.045734 15 0.997885
0.068463 0.580727 0.047023 15 0.997885
0.069762 0.544225 0.06006 15 0.997885
0.070323 0.508729 0.044445 15 0.997885
0.069024 0.545232 0.031409 15 0.997885
0.652834 0.06405 0.037022 9 1.0
0.071336 0.428203 0.012672 15 1.0
0.071104 0.58753 0.019921 15 1.0
0.086197 0.607671 0.005974 2 1.0
0.075388 0.727919 0.002881 15 1.0
0.075106 0.51799 0.013258 15 1.0
0.109082 0.372392 0.003485 2 1e-06
0.971528 0.378563 0.988551 11 0.999984
0.900647 0.057061 0.364327 10 1.0
0.075483 0.413041 0.004473 16 1.0
0.924192 0.586704 0.003962 1 1.0
0.09766 0.587026 0.009132 1 0.0
0.925806 0.499999 0.01489 11 1.0
0.070713 0.496416 0.028479 15 0.0
0.070494 0.579245 0.031378 15 0.0
0.927663 0.649951 0.010003 11 1.0
0.487428 0.0241 0.995215 5 0.068507
0.07291 0.388818 0.004651 15 1.0
0.924269 0.397784 0.00458 11 0.99985
0.925938 0.364856 0.004598 11 1.0
0.103885 0.683071 0.003774 2 0.0
0.077637 0.489449 0.002304 15 1.0
0.07705 0.492961 0.003191 15 1.0
0.125839 0.522686 0.006578 2 0.0
0.947037 0.079065 0.600564 10 0.999877
0.035435 0.923546 0.757011 14 1.0
0.073766 0.975382 0.96672 14 0.607754
0.078949 0.28764 0.004148 15 1.0
0.043779 0.919555 0.720268 14 0.999983
0.970478 0.189464 0.997504 11 1.0
0.898449 0.060227 0.416819 10 0.999996
0.055412 0.894017 0.40477 15 0.999995
0.096828 0.942838 0.444847 14 0.99996
0.09646 0.943862 0.406076 14 0.999999
0.976421 0.356874 0.99243 11 1.0
0.103185 0.939526 0.320771 14 0.999992
0.974778 0.398669 0.988508 11 1.0
0.044788 0.92336 0.507019 14 0.999999
0.036533 0.084006 0.724084 3 1.0
0.073629 0.669827 0.020148 15 1.0
0.067608 0.88467 0.124776 14 1.0
0.713243 0.10948 0.001764 1 9e-06
0.979956 0.538936 0.997084 13 1.0
0.929717 0.108252 0.238151 10 0.081599
0.801138 0.080684 0.000287 2 1.0
0.533847 0.094055 -0.001859 2 1.0
0.072417 0.849888 -0.010456 1 1.0
0.070708 0.125461 0.000833 2 1.0
0.393945 0.025747 0.990244 6 0.999213
0.074891 0.421274 0.028718 15 0.0
0.507241 0.071492 0.005316 2 1.0
0.928321 0.884002 0.220643 11 0.999114
0.925866 0.470906 0.005374 2 0.997048
0.980564 0.333256 0.999838 13 1.0
0.344377 0.077948 0.011598 2 1.0
0.972878 0.485497 0.984812 11 0.999998
0.974775 0.315877 0.994151 11 1.0
0.497199 0.078056 0.004622 2 1.0
0.971509 0.501832 0.995599 12 1.0
0.979129 0.374031 0.997662 11 1.0
0.070578 0.36356 0.004701 15 1.0
0.919682 0.512497 0.008002 2 1.0
0.929422 0.508896 0.006542 11 1.0
0.078173 0.239651 0.003422 16 1.0
0.091305 0.511359 0.001108 2 1.0
0.070566 0.597102 0.00047 15 1.0
0.077798 0.620379 0.002184 15 1.0
0.07357 0.366393 0.011858 2 0.979591
0.916968 0.574735 0.007193 1 1.0
0.676455 0.143337 0.001208 1 0.0
0.074583 0.410526 0.006021 16 0.999978
0.072707 0.592741 0.008024 15 1.0
0.440325 0.079089 0.003106 2 1.0
0.02146 0.537233 0.98971 15 1.0
0.492167 0.927165 0.002968 2 1.0
0.069627 0.321733 0.023286 15 1.0
0.072022 0.491555 0.009823 15 1.0
0.075387 0.493985 0.007774 1 1.0
0.924136 0.468323 0.002312 11 1.0
0.928202 0.676213 0.015007 11 1.0
0.507021 0.927245 0.003333 2 1.0
0.0768 0.491348 0.002323 15 1.0
0.118995 0.334593 0.002956 1 0.0
0.076288 0.633939 0.00177 15 1.0
0.094264 0.595577 0.0018 2 1.0
0.932034 0.688237 0.017702 19 1.0
0.084647 0.966564 0.855742 14 0.000948
0.115627 0.932138 0.117369 14 0.988968
0.978057 0.232056 0.998379 11 1.0
0.073897 0.840662 0.001403 2 1.0
0.933114 0.108448 0.207391 10 1.0
0.075868 0.22886 0.005144 15 1.0
0.055996 0.895305 0.38161 15 0.999989
0.933271 0.100527 0.344111 10 0.999988
0.109954 0.940053 0.166776 14 1.0
0.095397 0.943403 0.405848 14 0.999999
0.976196 0.303722 0.992744 11 1.0
0.644304 0.924265 0.003599 1 1.0
0.21174 0.091978 8e-05 2 1.0
0.069355 0.648834 -0.001858 2 1.0
0.060735 0.808141 -0.00083 2 1.0
0.073448 0.411913 0.002043 16 1.0
0.736036 0.079043 -0.001632 2 1.0
0.075558 0.10787 -0.002988 2 1.0
0.542934 0.101697 -0.003199 2 1.0
0.568828 0.118002 -0.004056 1 1.0
0.377718 -0.000978 1.014208 13 1.0
0.974012 0.405665 0.987633 11 1.0
0.0753 0.47768 0.009687 15 1.0
0.069368 0.7777 0.001123 16 1.0
0.92558 0.402733 0.006354 11 1.0
0.937552 0.592302 -0.001514 2 1.0
0.097511 0.689487 0.003216 1 0.0
0.970057 0.67383 0.993368 11 1.0
0.970705 0.68811 0.987762 12 1.0
0.926774 0.5226 0.006799 11 1.0
0.93004 0.561662 0.017425 19 1.0
0.086379 0.538129 0.004295 2 1.0
0.613987 0.031204 0.995137 5 1.0
0.899159 0.062904 0.507648 10 1.0
0.415484 0.022065 0.985108 6 0.0
0.07599 0.496698 0.002722 15 1.0
0.109738 0.604979 0.004738 1 0.0
0.923939 0.665994 0.004522 2 1.0
0.605643 0.024509 0.987806 6 1.0
0.595722 0.023004 0.998351 5 1.0
0.075655 0.669341 0.004334 15 1.0
0.070354 0.540332 0.000628 15 1.0
0.072932 0.616853 0.002193 16 1.0
0.09653 0.654829 0.015721 16 1.0
0.080426 0.968519 0.87221 14 0.000574
0.07068 0.966932 0.912163 14 6e-06
0.905252 0.947796 0.505864 18 0.999991
0.078217 0.971248 0.96357 14 6e-05
0.937326 0.101538 0.293808 10 1.0
0.254041 0.028302 0.993406 6 1.0
0.943515 0.095986 0.461986 10 0.999923
0.076341 0.217811 0.006674 15 1.0
0.056079 0.8916 0.393341 15 0.999961
0.060336 0.883465 0.193608 15 1.0
0.110472 0.936326 0.253389 14 0.999842
0.042257 0.91227 0.553857 14 0.999999
0.065612 0.890136 0.234932 16 0.999987
0.06519 0.108238 0.143393 3 1.0
0.018356 0.165463 0.990811 15 0.999972
0.033927 0.074421 0.817945 15 1.0
0.113872 0.935483 0.257012 14 0.999971
0.045593 0.088849 0.507013 3 1.0
0.592883 0.076337 -0.0028 1 1.0
0.086712 0.252972 0.004627 2 0.002439
0.092684 0.051046 0.550774 3 1.0
0.071475 0.235712 0.003934 15 1.0
0.090421 0.26352 -0.004674 2 1.0
0.548844 0.109926 -0.003888 1 1.0
0.523214 0.13973 0.002561 1 0.0
0.976427 0.601915 0.993569 12 0.984189
0.929461 0.47086 0.017048 19 1.0
0.967639 0.687046 0.990325 12 1.0
0.081556 0.705365 0.07302 15 0.794217
0.924196 0.526741 0.008902 11 1.0
0.107049 0.4532 -0.001107 1 0.0
0.371527 0.034485 0.988525 8 1.0
0.927502 0.40374 0.003461 2 1.0
0.926263 0.48241 0.005091 11 1.0
0.748183 0.019257 0.996912 8 1.0
0.518455 0.071456 0.005815 2 1.0
0.074043 0.628525 -0.001016 1 1.0
0.073007 0.341948 0.002912 2 1.0
0.110514 0.583518 0.002762 2 0.0
0.116847 0.516939 0.004076 1 0.0
0.073314 0.38444 0.005249 15 1.0
0.076111 0.578638 0.003257 15 1.0
0.620488 0.073806 0.001775 2 1.0
0.074713 0.605431 0.001137 15 1.0
0.540497 0.255091 -0.000687 1 0.0
0.542997 0.3133 -0.000833 1 0.0
0.421836 0.260189 -0.000547 1 0.0
0.537996 0.196881 -0.000541 1 0.0
0.659158 0.249992 -0.000827 1 0.0
0.976718 0.595899 0.992799 12 1.0
0.071105 0.59033 0.019691 15 1.7e-05
0.97614 0.465772 0.992894 13 1.0
0.927271 0.35789 0.00262 2 1.0
0.074052 0.326107 0.012231 15 1.0
0.092954 0.60606 0.001147 1 0.0
0.095682 0.431182 2.4e-05 2 0.0
0.106209 0.643737 0.0037 1 0.0
0.085994 0.353608 0.007705 2 1.0
0.304867 0.076928 0.003606 2 1.0
0.070917 0.540303 -0.000272 16 1.0
0.190697 0.043113 0.992496 12 0.999997
0.076224 0.489096 0.002247 15 1.0
0.129904 0.32564 0.000846 1 0.0
0.095754 0.613804 0.019658 16 0.0
0.118935 0.930371 0.072026 14 0.503652
0.919675 0.881129 0.167267 11 1.0
0.035229 0.074394 0.812642 3 1.0
0.110643 0.938692 0.250703 14 0.999962
0.093547 0.944142 0.40448 14 0.999998
0.972105 0.197535 0.994457 11 1.0
0.971949 0.304432 0.993817 11 1.0
0.955441 0.076293 0.785897 10 1.0
0.0401 0.088236 0.621375 15 1.0
0.033191 0.075826 0.805925 3 1.0
0.954644 0.081434 0.795556 10 1.0
0.702838 0.117725 0.001594 1 6e-06
0.977511 0.812544 0.989803 11 1.0
0.069524 0.599451 0.007491 16 1.0
0.977472 0.781328 0.998061 13 1.0
0.683371 0.073542 0.00829 10 1.0
0.757012 0.929943 -0.001429 2 1.0
0.642057 0.017147 0.998168 6 1.0
0.069735 0.881737 -0.00762 1 1.0
0.069069 0.890799 -0.005513 1 1.0
0.072505 0.881231 -0.004568 1 1.0
0.070401 0.872676 -0.009728 1 1.0
0.066964 0.882244 -0.010673 1 1.0
0.926062 0.602962 0.012472 1 1.0
0.189775 0.522697 0.004498 1 0.0
0.171887 0.569584 0.006462 1 0.0
0.222283 0.535128 0.003812 1 0.0
0.207663 0.47581 0.002533 1 0.0
0.157268 0.510266 0.005183 1 0.0
0.11698 0.515319 0.004094 2 0.0
0.422734 0.028016 0.981437 8 0.000105
0.92445 0.388004 0.003386 2 1.0
0.474719 0.074505 0.007401 2 1.0
0.08715 0.352014 0.00294 2 0.107346
0.09131 0.341299 0.003378 2 1.0
0.076838 0.360587 0.016372 15 1.0
0.071189 0.389803 0.007456 15 1.0
0.073496 0.419004 0.009364 2 1.0
0.099677 0.334347 0.006741 1 0.052461
0.751941 0.076531 0.001561 2 1.0
0.077929 0.528284 0.001548 15 1.0
0.073448 0.407618 0.006524 15 1.0
0.662498 0.028637 0.98363 8 0.0
0.09223 0.583157 0.005654 2 0.09208
0.133149 0.462427 0.006654 2 0.0
0.035071 0.708714 0.992162 12 0.972521
0.613523 0.145615 4.5e-05 2 0.0
0.076073 0.492402 0.003691 15 1.0
0.027436 0.657166 0.994981 15 0.999998
0.975033 0.771651 0.993492 11 1.0
0.117536 0.437357 0.003916 1 0.0
0.504675 0.920494 0.004079 2 1.0
0.071291 0.5122 0.007408 15 1.0
0.576884 0.024705 0.99352 5 0.999998
0.073923 0.34595 0.011604 15 1.0
0.457725 0.082085 0.003167 2 1.0
0.928116 0.549607 0.007584 2 1.0
0.095752 0.423178 -0.000118 2 1.0
0.072619 0.323032 0.017684 15 1.0
0.074263 0.251094 0.005908 16 1.0
0.949853 0.901421 0.4785 11 1.0
0.105848 0.4077 0.002886 2 0.0
0.081808 0.967541 0.861771 14 1.8e-05
0.117643 0.93244 0.069944 14 0.995652
0.04485 0.955665 0.998109 14 1.0
0.805514 0.023155 0.998369 6 0.999815
0.970935 0.226737 0.997967 11 1.0
0.11074 0.935297 0.241106 14 0.999936
0.045633 0.087429 0.680346 15 1.0
0.794707 0.926686 0.012783 18 1.0
0.783128 0.930091 0.011902 18 1.0
0.794838 0.928535 0.018204 18 1.0
0.806286 0.923281 0.013664 18 1.0
0.794576 0.924838 0.007363 18 1.0
0.628725 0.977506 0.99447 22 1.0
0.974425 0.819313 0.993524 11 1.0
0.933613 0.107344 0.243397 10 0.999191
0.107686 0.270216 0.003876 1 1.6e-05
0.068924 0.631249 0.019798 15 1.0
0.69744 0.01913 0.995698 5 1.0
0.929456 0.884026 0.156769 11 1.0
0.786778 0.020653 1.001384 5 1.0
0.929941 0.697699 0.003957 2 1.0
0.215132 0.071126 0.004083 6 1.0
0.561746 0.11322 -0.003755 1 1.0
0.075768 0.332167 0.00337 2 1.0
0.076293 0.489954 0.035248 15 0.414953
0.071929 0.399742 0.049955 15 0.0
0.394436 0.037523 0.994896 6 0.0
0.931624 0.884306 0.127804 11 1.0
0.605666 0.140994 0.000147 2 0.0
0.095632 0.450962 0.001727 2 0.0
0.972629 0.659906 0.988839 12 1.0
0.936858 0.888559 0.239646 11 0.999951
0.927589 0.446481 0.00432 2 1.0
0.070664 0.605288 0.005526 15 1.0
0.928002 0.633377 0.009121 1 1.0
0.657975 0.018629 0.999637 6 1.0
0.071718 0.496682 0.000284 16 1.0
0.980522 0.610493 0.999973 13 1.0
0.566941 0.073573 0.007552 2 1.0
0.093619 0.569483 -0.000609 2 1.0
0.069801 0.532704 0.037146 15 0.0
0.452758 0.93099 0.033106 20 0.0
0.9267 0.581012 0.031972 19 1.0
0.925988 0.613334 0.029125 19 1.0
0.930522 0.582001 0.042236 19 1.0
0.927412 0.548691 0.034819 19 1.0
0.922878 0.580024 0.021707 19 1.0
0.374122 0.073327 0.004381 2 1.0
0.514726 0.032177 0.996588 13 1.0
0.970926 0.605125 0.996904 12 1.0
0.569727 0.93325 -0.002195 2 1.0
0.559395 0.925426 0.005705 1 1.0
0.075217 0.560299 0.001944 15 1.0
0.068564 0.79796 -0.001738 14 1.0
0.5519 0.025651 0.99351 5 1.0
0.076578 0.404368 0.003074 2 1.0
0.07341 0.479186 0.003293 15 1.0
0.480952 0.024591 0.99259 5 1.0
0.078136 0.489464 0.002158 15 1.0
0.919736 0.280616 0.002286 2 1.0
0.458104 0.908672 0.003831 2 1.0
0.082798 0.966118 0.842748 14 3e-06
0.885937 0.931126 0.173306 18 0.999999
0.074992 0.221613 0.004291 2 1.0
0.098925 0.943591 0.422041 14 0.999998
0.052863 0.902902 0.500582 15 0.995316
0.037456 0.08034 0.720384 3 1.0
0.104238 0.053385 0.41997 5 1.0
0.356567 0.120642 0.00153 1 0.0
0.069814 0.117761 0.070349 3 1.0
0.068924 0.692251 -0.00187 2 1.0
0.1021 0.254191 0.003599 1 3e-06
0.097124 0.045887 0.559654 5 0.999988
0.070507 0.59878 0.013371 15 1.0
0.078151 0.776048 0.002857 1 1.0
0.795125 0.0793 0.000858 2 1.0
0.215723 -0.002804 1.004837 6 1.0
0.286659 0.925992 0.004985 2 1.0
0.898084 0.061193 0.468539 10 0.999146
0.908482 0.050401 0.607928 10 0.484602
0.105268 0.587707 0.005526 2 0.0
0.577228 0.033185 0.99285 12 0.001598
0.925977 0.880535 0.156233 11 1.0
0.073918 0.404355 0.006699 15 1.0
0.974122 0.80801 0.997478 12 1.0
0.93087 0.545108 0.020135 19 1.0
0.061704 0.767222 -0.008466 14 1.0
0.074106 0.443726 0.008218 15 1.0
0.707392 0.077206 -0.00247 2 1.0
0.466639 0.023997 0.993501 5 1.0
0.073473 0.632825 0.004003 15 1.0
0.073497 0.364991 0.001554 15 1.0
0.07574 0.57758 0.002128 16 1.0
0.348098 0.07765 0.004265 2 1.0
0.12158 0.558895 0.004682 1 0.0
0.084102 0.607956 0.018581 1 1.0
0.965665 0.50166 0.993994 13 1.0
0.951134 0.89091 0.413013 11 1.0
0.926088 0.484064 0.020416 11 0.995925
0.072275 0.401467 0.008974 15 1.0
0.074077 0.636082 0.000446 16 1.0
0.930822 0.396459 0.009205 11 1.0
0.076846 0.470428 0.003102 15 1.0
0.455392 0.070509 0.00416 2 1.0
0.071774 0.579833 7.6e-05 15 1.0
0.631565 0.929242 -0.001434 2 1.0
0.95588 0.04476 0.997133 10 1.0
0.939189 0.118 0.327704 11 0.999999
0.982132 0.128721 0.999483 11 1.0
0.918599 0.960464 0.714267 18 0.999994
0.929299 0.763466 0.002437 1 1.0
0.037373 0.082719 0.707 3 1.0
0.044815 0.087027 0.679321 15 1.0
0.046201 0.089902 0.607064 15 1.0
0.084548 0.247798 0.003282 2 0.018077
0.982372 0.346708 0.996723 11 1.0
0.063365 0.101149 0.252916 3 1.0
0.0797 0.252086 0.003689 2 1.0
0.125197 0.366269 0.000418 1 0.0
0.864758 0.067577 -0.007709 10 1.0
0.0681 0.876305 0.002517 14 1.0
0.63023 0.099442 -0.00389 2 1.0
0.366041 0.040934 1.001007 13 1.0
0.409329 0.040272 0.990895 13 1.0
0.941434 0.889692 0.426513 11 0.922465
0.948349 0.886458 0.438973 11 2e-06
0.054203 0.89514 0.436552 15 0.99973
0.402414 0.108891 0.002439 2 1e-06
0.350965 0.146051 0.00052 1 0.0
0.045448 0.091212 0.524753 3 1.0
0.072937 0.476037 0.005492 15 1.0
0.557496 0.92613 0.005263 2 1.0
0.380691 0.92732 0.00197 2 1.0
0.738157 0.927122 0.002059 2 1.0
0.546975 0.928374 0.002245 1 1.0
0.540674 0.069525 -0.000676 2 1.0
0.070505 0.588572 0.019489 15 1.0
0.937933 0.889916 0.255879 19 0.990245
0.34822 0.2235 -0.000323 1 0.0
0.434234 0.235656 -0.001231 1 0.0
0.341678 0.26978 -0.000581 1 0.0
0.262207 0.211345 0.000585 1 0.0
0.354763 0.177221 -6.5e-05 1 0.0
0.925441 0.566687 0.005733 2 1.0
0.795083 0.075707 0.001588 1 0.774816
0.978365 0.554359 0.998465 12 1.0
0.075404 0.33631 0.003984 15 1.0
0.567118 0.024963 0.997855 6 1.0
0.936897 0.889018 0.305636 11 1.0
0.091089 0.38443 0.00127 2 0.0
0.283657 0.079733 0.00392 2 1.0
0.494456 0.926313 0.001982 2 1.0
0.496053 0.929249 -0.00039 2 1.0
0.075797 0.44697 0.001704 15 1.0
0.076086 0.398798 0.002892 2 1.0
0.082448 0.968465 0.858113 14 2.9e-05
0.117759 0.931683 0.101334 14 0.993932
0.956247 0.044398 0.997326 10 1.0
0.034631 0.076995 0.814211 3 0.999997
0.032226 0.9338 0.842184 14 1.0
0.9051 0.950403 0.590037 23 0.999984
0.110749 0.937845 0.241831 14 0.999977
0.080398 0.978027 0.994822 14 1.0
0.062881 0.104969 0.253749 3 1.0
0.0224 0.39348 0.990358 15 0.999999
0.247184 0.079095 0.004612 2 1.0
0.915943 0.964291 0.779398 21 1.0
0.11022 0.938696 0.246223 14 0.999997
0.068454 0.885655 0.132439 15 1.0
0.960338 0.081397 0.739702 10 1.0
0.288044 0.076946 0.008407 2 0.999977
0.067773 0.681394 -0.002044 1 1.0
0.096587 0.260225 0.003441 1 1.7e-05
0.082144 0.793594 -0.00037 1 1.0
0.803118 0.088298 -0.000741 2 1.0
0.06769 0.828877 -0.00165 1 1.0
0.068658 0.796544 0.000696 14 1.0
0.101853 0.282344 0.002045 1 3e-06
0.77002 0.929337 0.000257 2 1.0
0.652648 0.095287 -0.001371 2 1.0
0.071887 0.388431 0.002085 15 1.0
0.404852 0.114587 0.003128 1 0.0
0.955373 0.888801 0.4972 11 0.999348
0.965375 0.900042 0.794803 11 9e-06
0.899909 0.059326 0.457983 10 1.0
0.980087 0.550093 0.997507 11 1.0
0.973463 0.208255 0.993078 11 1.0
0.112286 0.347009 -0.001191 1 0.0
0.067832 0.599506 0.017566 15 1.0
0.69972 0.076426 0.000796 2 1.0
0.076779 0.416711 0.002715 16 1.0
0.104731 0.429947 0.002674 1 0.0
0.077589 0.500848 0.000553 15 1.0
0.56102 0.019769 0.99687 6 1.0
0.720004 0.020573 0.998543 5 1.0
0.084966 0.482379 0.001316 1 0.0
0.070226 0.636672 0.000428 2 1.0
0.974893 0.414756 0.993465 11 0.137051
0.899477 0.058385 0.375807 10 1.0
0.071987 0.885876 0.067147 14 0.999999
0.112438 0.312647 -0.000522 2 0.0
0.088948 0.497067 -0.00016 2 3e-06
0.668702 0.076784 0.001358 2 1.0
0.930781 0.566479 0.019152 19 1.0
0.116088 0.286282 0.000864 1 1e-06
0.92878 0.656989 0.010622 11 1.0
0.977666 0.792095 0.99788 11 1.0
0.974012 0.536926 0.993032 13 1.0
0.552974 0.011042 1.003898 5 1.0
0.100216 0.42123 0.000107 1 0.0
0.072461 0.229958 0.003829 16 1.0
0.378497 0.028998 0.996785 5 1.0
0.908775 0.099603 0.009656 10 1.0
0.961308 0.068164 0.990122 10 0.999997
0.96396 0.071136 0.989154 10 0.999997
0.961774 0.068218 0.991564 10 0.999997
0.958656 0.065192 0.99109 10 0.999997
0.960842 0.068111 0.98868 10 0.999997
0.25931 0.126951 0.000741 2 0.0
0.073627 0.968731 0.992785 14 0.999976
0.067549 0.112536 0.14794 3 0.999999
0.937526 0.106756 0.261032 10 1.0
0.966886 0.074147 0.878749 10 1.0
0.109833 0.935809 0.188871 14 1.0
0.043152 0.083874 0.722551 15 1.0
0.951712 0.908041 0.613759 19 0.999906
0.9784 0.812099 0.990503 11 1.0
0.073335 0.435481 0.001061 2 1.0
0.062155 0.109364 0.257403 3 1.0
0.939537 0.109979 0.280386 11 0.999984
0.938936 0.901346 0.33323 18 1.0
0.790732 0.075306 0.003155 1 1.0
0.065038 0.836734 -0.000166 14 1.0
0.235882 0.067937 0.001869 6 1.0
0.749112 0.928182 0.000773 2 1.0
0.069307 0.371321 0.006319 16 1.0
0.099727 0.319794 0.003279 2 1.1e-05
0.071823 0.096809 -0.002496 2 1.0
0.074738 0.75963 0.022801 15 1.0
0.957114 0.904472 0.60992 11 0.999309
0.97688 0.247785 0.992327 11 0.994519
0.028866 0.612789 0.990047 16 1.0
0.353786 0.141975 0.002458 1 0.0
0.960491 0.912216 0.715648 11 1.0
0.945681 0.894195 0.341673 11 1.0
0.96945 0.34783 0.989136 11 1.0
0.901799 0.055518 0.505326 10 1.0
0.070759 0.562398 0.001246 15 1.0
0.070291 0.546991 0.000868 16 1.0
0.406718 0.081072 0.011748 2 1.0
0.102172 0.519291 -0.000224 2 1.0
0.968732 0.371903 0.997796 11 1.0
0.110554 0.444401 0.003347 1 0.0
0.341131 0.073637 0.002818 2 1.0
0.073579 0.472818 0.003484 15 1.0
0.476585 0.031396 0.999574 5 1.0
0.588775 0.92487 0.005293 2 1.0
0.641516 0.021026 0.998174 5 1.0
0.098728 0.602368 0.002515 2 0.0
0.671858 0.027112 0.996551 6 1.0
0.027245 0.435873 0.994475 15 1.0
0.381899 0.139928 0.001198 2 0.0
0.636925 0.023565 0.994838 5 1.0
0.08253 0.282889 0.003333 2 1.0
0.980156 0.547312 0.996848 12 1.0
0.257138 0.923097 0.003341 2 1.0
0.54112 0.075429 0.005979 2 1.0
0.607345 0.068457 0.021697 9 1.0
0.073624 0.626788 0.00791 16 1.0
0.073148 0.232739 0.006149 16 1.0
0.09147 0.566356 0.000773 2 1.0
0.424289 0.073716 0.007249 9 1.0
0.975589 0.471525 0.995408 11 1.0
0.117583 0.440355 0.000405 1 0.0
0.075222 0.594387 0.008166 15 1.0
0.585249 0.072506 0.002456 2 1.0
0.406624 0.072512 0.007614 2 1.0
0.104653 0.469519 0.003943 2 0.0
0.529657 0.925544 -0.007914 2 1.0
0.081741 0.968459 0.860582 14 4.2e-05
0.075613 0.038425 0.847524 3 0.996764
0.224151 0.079537 0.001463 2 0.93849
0.979818 0.307278 0.997927 11 1.0
0.076508 0.211791 0.007095 15 1.0
0.100746 0.048958 0.428315 6 1.0
0.084631 0.245625 0.003286 2 0.034418
0.289489 0.020595 0.99736 6 1.0
0.082721 0.720993 0.003279 2 1.0
0.934811 0.339794 0.000668 11 1.0
0.087452 0.273155 0.004625 1 0.000207
0.068819 0.238147 0.002901 16 1.0
0.09636 0.599124 -0.002545 1 1.0
0.223287 0.002601 1.009096 5 1.0
0.653272 0.096583 -0.001161 2 1.0
0.940801 0.904026 0.434343 18 1.0
0.33467 0.035591 0.995855 6 0.0
0.964803 0.908685 0.748967 11 0.004709
0.934387 0.88729 0.205429 11 1.0
0.636606 0.094121 0.000321 2 1.0
0.105306 0.401818 -0.000419 1 0.0
0.947131 0.893573 0.393946 11 0.991938
0.966248 0.652682 0.995846 12 1.0
0.077289 0.354563 0.012639 15 1.0
0.932759 0.681126 -0.000445 1 1.0
0.503539 0.922548 0.005264 2 1.0
0.940264 0.891556 0.305223 11 1.0
0.076874 0.586731 -2.5e-05 15 0.999195
0.075216 0.568341 0.00134 15 1.0
0.072288 0.431172 0.010241 16 1.0
0.585074 0.069391 0.028643 9 1.0
0.527652 0.026541 0.981126 6 7.7e-05
0.540656 0.035621 0.991302 13 2e-06
0.074053 0.539989 0.033677 15 0.0
0.654604 0.02286 0.989837 8 0.000519
0.225404 0.035418 0.99488 6 0.0
0.088725 0.450375 0.00694 2 0.0
0.074534 0.761594 0.004537 2 0.970822
0.95481 0.692818 0.994242 12 1.0
0.579666 0.926985 0.002977 2 1.0
0.071104 0.691824 0.000179 2 1.0
0.07451 0.462997 0.006903 2 1.0
0.979661 0.386672 0.997903 13 1.0
0.07569 0.45106 0.002153 15 1.0
0.074034 0.44154 0.00179 15 1.0
0.069972 0.275474 0.001048 2 1.0
0.928612 0.514348 0.028107 19 1.0
0.3553 0.92824 0.001027 1 1.0
0.509476 0.069289 -0.001998 2 1.0
0.237823 0.016951 0.997887 5 1.0
0.647328 0.927727 0.000906 2 1.0
0.072822 0.433293 0.007878 15 1.0
0.102033 0.450714 -0.001065 1 0.0
0.308064 0.015193 1.001525 5 1.0
0.081435 0.609193 0.008279 1 1.0
0.080717 0.968152 0.86431 14 0.000173
0.092349 0.755086 0.002853 2 0.000199
0.06597 0.963667 0.894842 14 2e-06
0.041799 0.951878 0.998037 14 1.0
0.034807 0.931261 0.808264 14 1.0
0.978186 0.854139 0.999525 11 1.0
0.773656 0.083719 0.001964 2 0.010931
0.942399 0.096505 0.455824 10 0.999904
0.035574 0.08018 0.817194 15 1.0
0.918951 0.961258 0.735883 18 0.999988
0.09989 0.941508 0.383185 14 0.999995
0.073666 0.976274 0.993889 14 1.0
0.042744 0.907988 0.515985 15 1.0
0.047151 0.092312 0.612422 15 1.0
0.079796 0.027935 0.851993 4 0.999986
0.111398 0.936468 0.247102 14 0.999993
0.06629 0.111979 0.267822 3 0.99999
0.375642 0.932323 -0.003459 2 1.0
0.079608 0.537994 0.000133 16 1.0
0.068224 0.517983 0.007591 15 1.0
0.07015 0.312071 0.001584 16 1.0
0.286663 0.077603 0.005525 9 1.0
0.20963 0.019621 1.001596 5 1.0
0.726619 0.017946 0.996283 6 1.0
0.932326 0.455351 0.000222 1 1.0
0.938735 0.586215 -0.001688 1 1.0
0.671046 0.103798 -0.004369 2 1.0
0.081592 0.775216 0.003934 2 1.0
0.953485 0.894365 0.537026 11 3.9e-05
0.970472 0.365387 0.987049 11 0.0
0.914732 0.962748 0.733852 21 1.0
0.48862 0.925331 0.00187 2 1.0
0.979072 0.610601 0.998375 12 1.0
0.342753 0.118874 0.005159 2 0.0
0.074471 0.635207 0.027842 15 1.0
0.673401 0.02081 0.999683 6 1.0
0.3624 0.070088 0.017156 9 1.0
0.397495 0.025319 0.98901 6 0.999818
0.076087 0.375213 0.002007 16 1.0
0.076885 0.451947 0.002518 2 1.0
0.074686 0.399234 0.003211 15 1.0
0.071077 0.476895 0.008141 15 1.0
0.497512 0.020534 0.999376 6 1.0
0.080126 0.53107 0.002152 16 1.0
0.091933 0.687936 0.003736 1 1.0
0.541942 0.021594 0.998044 6 1.0
0.778254 0.021926 0.99347 5 1.0
0.979788 0.583752 0.99768 11 1.0
0.035116 0.617101 0.989687 15 1.0
0.492178 0.927599 0.001302 2 1.0
0.403328 0.098578 0.007009 1 0.0
0.085735 0.263052 0.006197 15 1.0
0.484505 0.926507 0.001451 2 1.0
0.928623 0.541466 0.008974 1 1.0
0.12055 0.399218 -0.000566 2 0.0
0.073341 0.46425 0.003518 15 1.0
0.079708 0.490925 0.002574 2 1.0
0.080764 0.967472 0.859512 14 3.5e-05
0.094016 0.777138 0.005921 1 1.2e-05
0.073553 0.967411 0.904617 14 1e-06
0.075556 0.97091 0.961512 14 5e-06
0.081846 0.967218 0.882072 14 3e-06
0.908083 0.049811 0.49455 10 1.0
0.046599 0.088021 0.672135 15 0.999999
0.081483 0.242149 0.006787 15 0.999559
0.037178 0.080007 0.810196 3 1.0
0.077747 0.295926 0.003188 16 1.0
0.641923 0.93289 -0.007316 2 1.0
0.783576 0.926274 0.00474 2 1.0
0.080528 0.258468 0.00705 15 0.992444
0.811827 0.018747 0.996226 8 1.0
0.066691 0.873842 -0.005668 14 1.0
0.166647 0.002856 1.011202 15 1.0
0.844356 0.931618 -0.000973 2 1.0
0.070927 0.383109 -0.00092 15 1.0
0.079452 0.273562 -0.002116 2 1.0
0.35521 0.029917 0.979904 8 0.0
0.120845 0.569305 0.003587 1 0.0
0.069867 0.496343 0.033139 15 7e-06
0.036851 0.615277 0.99307 12 1.0
0.591532 0.926403 0.000858 2 1.0
0.292367 0.028633 0.989912 6 1.0
0.073229 0.50196 0.029919 15 1.0
0.0709 0.524846 0.000569 15 1.0
0.962599 0.9096 0.677607 11 0.999995
0.928899 0.551327 0.006813 1 1.0
0.926359 0.53641 0.007867 2 1.0
0.100879 0.456505 0.000114 2 0.0
0.925776 0.419166 0.00417 2 1.0
0.956441 0.915946 0.671211 11 1.0
0.920229 0.584113 0.005034 1 1.0
0.952409 0.908744 0.609175 11 1.0
0.073492 0.64336 0.001675 16 1.0
0.519096 0.077192 0.007251 1 1.0
0.06862 0.680912 0.008 15 1.0
0.299361 0.010245 1.007386 5 1.0
0.074689 0.546599 0.001564 15 1.0
0.500904 0.926215 0.003084 2 1.0
0.070157 0.637517 -0.000468 2 1.0
0.511529 0.086989 0.003208 2 5.5e-05
0.076637 0.491129 0.002084 2 1.0
0.335229 0.026004 0.989785 5 0.0
0.135094 0.253653 0.001112 1 0.0
0.11396 0.254012 0.001242 1 0.0
0.134133 0.195981 0.004255 1 0.0
0.156227 0.253294 0.000981 1 0.0
0.136054 0.311325 -0.002032 1 0.0
0.071754 0.384104 0.036618 15 0.0
0.0346 0.641963 0.994161 12 0.999978
0.03191 0.592108 0.993247 15 1.0
0.238423 0.02081 0.99598 5 0.507614
0.104494 0.422027 0.002635 2 0.0
0.074191 0.457508 0.023746 15 1.0
0.106837 0.519194 0.000691 1 0.0
0.073212 0.378121 0.00679 16 1.0
0.925532 0.398979 0.006466 11 1.0
0.07409 0.551041 0.007919 2 1.0
0.339777 0.921083 0.005569 1 1.0
0.439662 0.031971 0.995284 13 1.0
0.093202 0.671852 0.004769 2 0.0
0.071603 0.382949 0.006946 15 1.0
0.072633 0.382735 0.01902 15 1.0
0.495965 0.086467 0.001825 2 1e-06
0.079087 0.562467 0.002265 15 1.0
0.920812 0.578006 0.010142 1 1.0
0.080398 0.966531 0.874088 14 0.053528
0.032753 0.919891 0.782132 14 1.0
0.024088 0.071445 0.962526 15 1.0
0.072161 0.969966 0.994295 14 0.999995
0.076771 0.968535 0.992509 14 0.999995
0.072854 0.972211 0.994285 14 0.999995
0.067551 0.971397 0.996081 14 0.999995
0.071468 0.96772 0.994304 14 0.999995
0.077845 0.970915 0.961366 14 0.0
0.677151 0.150007 0.001571 1 0.0
0.679349 0.174855 0.000245 1 0.0
0.601218 0.156747 0.001982 1 0.0
0.674952 0.125159 0.002897 1 0.0
0.753084 0.143267 0.00116 1 0.0
0.035494 0.075857 0.810998 3 1.0
0.921503 0.965033 0.815122 18 0.999998
0.232615 0.081616 0.003171 2 0.614802
0.980666 0.223858 0.999486 11 1.0
0.047731 0.902495 0.510444 15 0.999998
0.062385 0.108076 0.256023 3 1.0
0.837034 0.074154 0.000686 2 1.0
0.936742 0.621858 -0.001231 1 1.0
0.656577 0.097015 -0.002341 2 1.0
0.798525 0.081228 0.000231 1 1.0
0.986028 0.290839 1.005918 11 1.0
0.157815 0.017131 0.999901 6 1.0
0.723611 0.930179 -0.000656 2 1.0
0.910382 0.628353 0.006588 1 1.0
0.93031 0.451145 -0.000861 2 1.0
0.108534 0.406273 -0.006269 2 1.0
0.171542 0.005185 1.004789 15 1.0
0.551032 0.025856 0.988095 8 0.072712
0.150653 0.593079 0.003489 1 0.0
0.48439 0.02337 0.981691 5 0.0
0.949245 0.909447 0.543351 11 0.928064
0.164603 0.65659 0.002602 1 0.0
0.135431 0.657599 0.002525 1 0.0
0.161713 0.573083 0.003217 1 0.0
0.193775 0.65558 0.002679 1 0.0
0.167493 0.740096 0.001987 1 0.0
0.627723 0.113244 0.000786 1 0.0
0.600704 0.08068 0.002226 2 1.0
0.331651 0.92342 0.005361 2 1.0
0.97442 0.699251 0.994456 12 1.0
0.922902 0.543256 0.003695 2 1.0
0.924319 0.443983 0.009266 11 1.0
0.92424 0.49911 0.032202 19 1.0
0.069386 0.783674 -0.003358 2 1.0
0.928179 0.416794 0.008436 11 1.0
0.118851 0.508759 0.004787 1 0.0
0.656882 0.066926 0.030241 9 1.0
0.929149 0.58163 0.028794 19 1.0
0.220195 0.028179 0.995812 8 1.0
0.5944 0.035639 0.994743 12 1.0
0.43439 0.025789 1.000788 6 1.0
0.542602 0.068207 0.000333 6 1.0
0.104585 0.335704 0.002762 1 0.0
0.950764 0.900274 0.495013 11 0.999839
0.505891 0.072464 0.003209 2 1.0
0.075942 0.5354 0.00026 15 1.0
0.478495 0.02255 0.982044 8 0.0
0.108689 0.617461 0.007097 1 0.0
0.097215 0.506298 -0.000901 2 0.0
0.517959 0.037425 0.993334 13 0.999997
0.488145 0.026126 0.991137 5 1.0
0.593671 0.021793 0.995735 5 1.0
0.06141 0.888364 0.212916 15 1.0
0.076691 0.605296 0.000207 15 1.0
0.073329 0.574361 0.010588 15 1.0
0.093644 0.586915 -0.001444 2 0.0
0.957741 0.909832 0.77733 19 1.0
0.486625 0.928241 -0.000244 2 1.0
0.97888 0.374175 0.998533 12 1.0
0.069971 0.344431 0.002875 1 1.0
0.536305 0.071957 0.000765 2 1.0
0.927309 0.349932 0.005447 11 1.0
0.473473 0.072559 0.003378 2 1.0
0.818592 0.072008 0.005016 10 1.0
0.068691 0.9607 0.872883 14 1e-06
0.042433 0.952689 0.998102 14 1.0
0.783862 0.975005 0.993797 22 1.0
0.950305 0.075114 0.693292 10 0.999994
0.097008 0.945647 0.507517 14 0.999872
0.079908 0.244696 0.006907 16 1.0
0.083165 0.967804 0.879027 14 2.2e-05
0.970107 0.16813 0.998021 11 1.0
0.096823 0.944175 0.392903 14 0.999999
0.970607 0.182494 0.996511 11 1.0
0.072955 0.159297 0.005002 2 1.0
0.973127 0.343434 0.991675 11 1.0
0.069878 0.117976 0.064923 3 1.0
0.030106 0.924117 0.880802 14 1.0
0.028159 0.074436 0.877375 3 1.0
0.066709 0.885989 0.088155 14 1.0
0.930369 0.460439 0.001467 2 1.0
0.240061 0.930889 0.002407 2 1.0
0.082444 0.905123 -0.00515 14 1.0
0.976139 0.759287 0.992782 11 1.0
0.954216 0.904805 0.606164 11 1.0
0.084655 0.766196 0.002846 2 1.0
0.332474 0.01801 0.999912 6 1.0
0.930471 0.671986 -0.000574 2 1.0
0.253641 0.015295 1.004977 6 1.0
0.699801 0.935951 -0.01108 1 1.0
0.362196 0.128446 0.003122 2 0.0
0.381268 0.121804 0.001628 1 0.0
0.450846 0.027732 0.9885 8 1.0
0.938146 0.893625 0.337022 11 1.0
0.974034 0.54295 0.991858 11 1.0
0.319417 0.074173 0.00626 6 1.0
0.977157 0.282815 0.992 11 1.0
0.075692 0.584497 0.001085 15 1.0
0.077519 0.499688 -0.000509 15 1.0
0.974755 0.600767 0.997195 12 1.0
0.649999 0.077304 0.001748 2 1.0
0.303749 0.146968 -0.000424 1 0.0
0.231184 0.14292 0.001817 1 0.0
0.30517 0.122225 0.000901 1 0.0
0.376314 0.151016 -0.002664 1 0.0
0.302328 0.171711 -0.001748 1 0.0
0.973016 0.389244 0.988753 11 0.999887
0.974788 0.659291 0.980483 19 0.0
0.079359 0.375167 0.0034 1 8.9e-05
0.563398 0.921864 0.003254 1 1.0
0.072451 0.422137 0.00152 15 1.0
0.974549 0.387266 0.989419 11 1.0
0.930801 0.731107 0.021899 19 1.0
0.928405 0.690248 0.001842 11 1.0
0.07965 0.380462 0.004821 15 1.0
0.094123 0.594228 0.00207 1 1.0
0.071633 0.584592 0.003238 15 1.0
0.927043 0.505382 0.008458 11 1.0
0.498452 0.07141 0.003938 2 1.0
0.97491 0.521627 0.995258 11 1.0
0.641891 0.069094 0.002781 10 1.0
0.92418 0.415897 0.004752 11 1.0
0.969193 0.583295 0.996552 12 1.0
0.971242 0.525878 0.997535 12 1.0
0.080391 0.58925 0.002263 1 1.0
0.075584 0.295874 0.003032 16 1.0
0.032513 0.614625 0.990859 15 1.0
0.093779 0.781705 0.003961 1 0.000109
0.0372 0.9139 0.747895 15 0.999492
0.925795 0.75567 0.006847 2 1.0
0.076169 0.098324 0.274427 3 0.0
0.033874 0.074019 0.813002 3 1.0
0.975601 0.201843 0.996669 11 1.0
0.256508 0.081302 0.001364 2 0.633512
0.910637 0.954466 0.53837 18 1.0
0.978561 0.23495 0.998141 11 1.0
0.073589 0.185652 0.005494 2 1.0
0.06933 0.115459 0.070986 3 1.0
0.04807 0.088966 0.336011 3 1.0
0.103267 0.952806 0.367492 14 1.0
0.105928 0.94995 0.294966 14 1.0
0.70295 0.126456 0.002799 1 3e-06
0.06803 0.27334 0.017768 15 1.0
0.973387 0.558257 0.992058 11 0.99997
0.931553 0.311907 0.001043 11 1.0
0.980591 0.248998 1.000135 11 1.0
0.981673 0.559364 1.002421 12 1.0
0.748169 0.071303 0.000371 2 1.0
0.085125 0.907366 -0.003025 14 1.0
0.070722 0.847534 -0.006124 1 1.0
0.402683 0.019088 0.999367 5 1.0
0.987589 0.200647 1.006801 11 1.0
0.93453 0.640555 -0.000808 2 1.0
0.214747 0.010937 0.999344 6 1.0
0.636592 0.070776 0.000502 2 1.0
0.511629 0.918974 -0.007931 2 1.0
0.513858 0.919509 -0.008559 2 1.0
0.512147 0.918056 -0.006879 2 1.0
0.509401 0.918438 -0.007303 2 1.0
0.511112 0.919892 -0.008983 2 1.0
0.153446 0.001578 1.011527 15 1.0
0.856522 0.071368 0.010261 10 1.0
0.090577 0.910908 -0.002161 14 1.0
0.686041 0.935764 -0.00973 1 1.0
0.096155 0.509579 -0.003992 1 0.0
0.894324 0.065393 0.389187 10 1.0
0.349429 0.081055 0.002858 2 1.0
0.076443 0.367475 0.006622 2 1.0
0.931815 0.736371 0.018917 19 1.0
0.084722 0.757518 0.00302 2 1.0
0.087802 0.770341 0.00479 2 1.0
0.079857 0.758571 0.003852 2 1.0
0.081643 0.744695 0.00125 2 1.0
0.089588 0.756464 0.002188 2 1.0
0.618025 0.076058 0.005326 2 1.0
0.101473 0.476201 -0.001386 1 1.0
0.508834 0.926875 0.003892 2 1.0
0.742272 0.9265 0.002844 2 1.0
0.108229 0.489109 -0.001788 1 0.0
0.117666 0.363276 0.000499 1 0.0
0.976159 0.692829 0.990235 11 1.0
0.071109 0.497273 0.009509 15 1.0
0.967553 0.63269 0.993542 12 1.0
0.025715 0.31597 0.993044 12 0.99999
0.195768 0.024767 0.994136 5 1.0
0.547326 0.93022 0.000409 2 1.0
0.072139 0.448646 0.001845 2 1.0
0.602537 0.928839 -0.001197 2 1.0
0.076421 0.488472 0.002617 15 1.0
0.753736 0.073766 0.000906 2 1.0
0.550234 0.066419 0.028926 9 1.0
0.376399 0.132309 0.002765 1 0.0
0.930308 0.773398 0.022542 11 1.0
0.926905 0.532225 0.015178 2 1.0
0.074189 0.530112 0.027716 15 0.0
0.935923 0.494076 -0.000447 2 1.0
0.072885 0.427033 0.012175 16 1.0
0.073906 0.49758 0.007572 1 1.0
0.075954 0.605476 0.020044 15 1.0
0.428312 0.074602 0.00334 2 1.0
0.651513 0.929077 -0.000625 1 1.0
0.103792 0.519253 -0.000149 2 1.0
0.449586 0.071015 0.001593 2 1.0
0.089698 0.709006 0.002779 1 1.0
0.075819 0.67817 0.004803 15 0.999996
0.086631 0.484112 0.001533 2 0.0
0.096894 0.387806 -0.000659 2 0.0
0.593116 0.928403 -0.000506 2 1.0
0.618315 0.926854 0.00107 1 1.0
0.021162 0.308358 0.996816 15 1.0
0.674329 0.929155 -0.001323 2 1.0
0.602053 0.926954 0.004772 1 1.0
0.076002 0.597817 0.004047 16 1.0
0.077074 0.351258 0.011509 15 1.0
0.081487 0.968732 0.87092 14 7.5e-05
0.09132 0.768042 0.004196 1 0.000129
0.069474 0.96797 0.908389 14 2.1e-05
0.141841 0.029727 0.997407 5 1.0
0.078494 0.969936 0.964489 14 0.0
0.082785 0.968036 0.880818 14 1.1e-05
0.069755 0.888166 0.190848 15 0.999989
0.051112 0.900725 0.516349 16 0.999495
0.077912 0.782653 0.003728 2 1.0
0.911284 0.957979 0.669479 21 0.999995
0.927638 0.970686 0.797453 18 1.0
0.094564 0.604657 -0.006315 2 1.0
0.928743 0.560037 0.001564 2 1.0
0.08595 0.907922 -0.002739 14 1.0
0.078133 0.778539 0.003682 2 1.0
0.802477 0.087087 -0.000163 2 1.0
0.065545 0.212223 -0.005641 2 1.0
0.985263 0.650417 1.003351 12 1.0
0.022986 0.600403 0.996882 16 1.0
0.06014 0.001552 1.002873 5 1.0
0.517808 0.933843 -0.009184 1 1.0
0.044927 0.019018 1.005123 15 1.0
0.974412 0.404663 0.992058 11 0.999987
0.09229 0.59842 0.000835 2 0.0
0.911358 0.044049 0.652089 10 1.0
0.131038 0.311349 0.001342 1 0.0
0.114091 0.316001 0.000623 1 0.0
0.121957 0.27864 0.003762 1 0.0
0.147985 0.306697 0.00206 1 0.0
0.14012 0.344059 -0.001079 1 0.0
0.074669 0.492769 0.001827 2 1.0
0.080102 0.309774 0.006632 15 1.0
0.923851 0.569811 0.004511 2 1.0
0.959462 0.909741 0.653225 11 1.0
0.075968 0.494274 0.000169 2 1.0
0.92847 0.622394 0.000752 2 1.0
0.940015 0.889026 0.279532 11 1.0
0.699016 0.021979 1.000124 6 1.0
0.073266 0.483433 0.006304 15 1.0
0.069232 0.348737 0.007156 15 1.0
0.68334 0.023496 0.996197 6 1.0
0.098146 0.607189 0.00615 1 1.0
0.973947 0.572736 0.989527 12 1.0
0.077619 0.335346 0.002992 16 1.0
0.960949 0.915592 0.786359 11 0.525054
0.976434 0.47722 0.991883 19 1.0
0.621648 0.023845 0.995209 8 1.0
0.978682 0.642454 0.998597 11 1.0
0.077996 0.478846 0.001176 15 1.0
0.39087 0.928302 0.010553 21 1.0
0.093559 0.688265 -0.000238 2 1.0
0.95585 0.077559 0.751735 10 0.999996
0.554698 0.06731 0.012247 7 1.0
0.928374 0.662665 0.008971 2 1.0
0.982442 0.657341 0.997086 11 1.0
0.961904 0.915349 0.738896 11 1.0
0.925738 0.406354 0.004853 11 1.0
0.970886 0.389956 0.991757 11 1.0
0.103572 0.557785 0.002711 1 0.0
0.927656 0.495265 0.001548 19 1.0
0.01498 0.174993 1.004175 15 1.0
0.118438 0.323687 0.000406 1 0.0
0.92361 0.536006 0.004267 2 1.0
0.074094 0.347794 0.011441 1 1.0
0.086457 0.247104 -5.3e-05 2 1.0
0.07758 0.376144 0.012851 16 1.0
0.101576 0.494409 0.002506 2 0.0
0.663898 0.023872 0.994391 5 1.0
0.940922 0.89856 0.421455 18 0.999643
0.635656 0.02346 0.992138 5 1.0
0.076433 0.489286 0.001474 16 1.0
0.962541 0.906685 0.692686 11 0.02507
0.090364 0.582596 0.000629 2 1.0
0.967627 0.558447 0.996853 12 1.0
0.976546 0.465643 0.984784 11 1.0
0.075238 0.399517 0.004613 16 1.0
0.976555 0.467686 0.986763 11 1.0
0.315716 0.028769 0.994569 5 1.0
0.071224 0.386499 0.007139 15 1.0
0.576421 0.033679 0.994775 12 1.0
0.100213 0.514566 0.000948 2 1.0
0.081422 0.967183 0.867043 14 0.000101
0.024121 0.071805 0.943904 15 0.999999
0.034972 0.91954 0.732482 14 1.0
0.252275 0.124572 0.000754 1 0.0
0.096023 0.947411 0.508818 14 0.999964
0.082842 0.96714 0.878842 14 2e-06
0.033098 0.077433 0.809187 3 1.0
0.979982 0.218863 0.999766 11 1.0
0.073828 0.165736 0.003963 2 1.0
0.028991 0.074524 0.884649 15 0.99997
0.138663 0.328294 0.001985 2 0.0
0.111647 0.277807 0.00196 1 7e-06
0.977845 0.816396 0.989591 19 1.0
0.177692 0.026886 0.99597 6 1.0
0.068756 0.797638 -0.001257 2 1.0
0.378942 0.006048 1.009166 5 1.0
0.068544 0.866176 0.00079 14 1.0
0.082451 0.908476 -0.004867 14 1.0
0.546287 0.107443 -0.005068 2 1.0
0.071222 0.368287 0.002249 15 1.0
0.965468 0.913496 0.666027 11 1.0
0.100087 0.570005 -0.002384 2 1.0
0.931685 0.551356 0.002529 2 1.0
0.275125 0.014011 1.005391 6 1.0
0.118918 -0.002967 1.017539 15 1.0
0.088842 0.907607 -0.004301 14 1.0
0.719334 0.931599 -0.006862 2 1.0
0.509418 0.93163 -0.00185 2 1.0
0.980304 0.440743 0.997164 13 1.0
0.428282 0.086386 0.009152 2 0.0
0.170757 0.432612 0.005147 1 0.0
0.926986 0.357824 0.010274 11 1.0
0.940957 0.111899 0.278324 10 0.999953
0.801051 0.022326 0.996626 8 0.999974
0.982885 0.621554 1.000275 11 1.0
0.095809 0.297599 0.00179 1 1.0
0.695322 0.021943 0.999716 6 1.0
0.073603 0.335332 0.017243 15 1.0
0.112364 0.448064 0.000137 1 0.0
0.077191 0.775245 0.00228 15 1.0
0.120199 0.503825 0.00665 1 0.0
0.109174 0.447021 -0.000179 1 0.0
0.073854 0.35588 0.009421 15 1.0
0.220188 0.025982 0.990844 6 1.0
0.091764 0.291959 0.000489 1 1.0
0.71599 0.022859 0.993024 5 1.0
0.47601 0.012618 1.007418 6 1.0
0.346058 0.016702 1.001789 5 1.0
0.951738 0.887439 0.49037 11 6.3e-05
0.897392 0.056602 0.380895 10 0.997571
0.164175 0.429778 0.005459 1 0.0
0.976418 0.466446 0.994316 13 0.5846
0.917827 0.471937 0.003171 2 0.1054
0.974942 0.389825 0.987699 11 1.0
0.930827 0.510345 0.020918 19 1.0
0.677979 0.021539 0.999457 6 1.0
0.110134 0.571748 0.009141 2 0.0
0.094557 0.383661 0.002724 2 0.0
0.35649 0.928789 -0.001729 2 1.0
0.076401 0.598248 0.003462 15 1.0
0.92725 0.670234 0.010019 19 1.0
0.54936 0.076474 0.003005 2 1.0
0.105576 0.521614 -0.001136 2 0.0
0.372082 0.081914 0.002827 2 1.0
0.64642 0.020911 0.997525 5 1.0
0.477467 0.975334 0.999579 12 1.0
0.080198 0.382307 0.005441 15 1.0
0.577838 0.928984 0.001061 1 1.0
0.074543 0.973143 0.907386 14 0.998043
0.959686 0.047281 0.995861 10 1.0
0.025445 0.07346 0.940116 15 0.999999
0.790299 0.028136 0.994819 13 0.999997
0.956006 0.043998 0.997596 10 1.0
0.065353 0.971579 0.99616 14 0.999996
0.076225 0.969979 0.959868 14 2.1e-05
0.094915 0.948838 0.577878 14 0.997598
0.08108 0.969859 0.894719 14 0.002007
0.034431 0.076638 0.81353 3 1.0
0.978608 0.24742 0.998432 11 1.0
0.070262 0.117355 0.06873 3 1.0
0.050242 0.902732 0.511678 16 0.999995
0.078374 0.042281 0.746195 3 0.999914
0.033169 0.93208 0.888969 14 1.0
0.029334 0.074646 0.923519 15 0.99999
0.512889 0.064879 -0.007528 6 1.0
0.924742 0.971986 0.852823 18 1.0
0.114688 0.452167 -0.003423 2 1.0
0.903531 0.017245 1.001258 8 1.0
0.985878 0.436991 1.006184 12 1.0
0.313608 0.011111 1.004871 6 1.0
0.71885 0.924876 0.000563 2 1.0
0.062439 0.10028 0.131468 3 1.0
0.952756 0.90832 0.493162 18 1.0
0.581787 0.008708 1.004283 5 1.0
0.798549 0.08339 0.000547 1 1.0
0.071016 0.39774 0.000964 2 1.0
0.79493 0.069428 -0.000583 2 1.0
0.777506 0.066627 -0.001588 1 1.0
0.140435 0.008931 1.007171 15 1.0
0.931614 0.688356 0.000551 2 1.0
0.051965 0.02236 1.002855 3 1.0
0.531223 0.936622 -0.009585 1 1.0
0.143579 0.023544 0.997001 6 1.0
0.926581 0.65209 0.000774 2 1.0
0.220067 0.928194 0.000636 2 1.0
0.088637 0.910547 0.001833 14 1.0
0.961017 0.916442 0.75254 18 1.0
0.113717 0.422443 8.8e-05 1 0.0
0.096876 0.546236 -0.001432 2 0.0
0.068306 0.275135 0.033334 15 1.0
0.087097 0.532462 0.001088 2 0.0
0.073377 0.377966 0.005408 15 1.0
0.073519 0.59331 0.002669 2 1.0
0.911979 0.04498 0.649654 10 1.0
0.075072 0.390483 0.002016 15 0.999956
0.078325 0.542789 0.000999 15 1.0
0.072408 0.541203 0.002097 16 1.0
0.071983 0.479836 0.008298 15 1.0
0.561412 0.072049 0.002328 2 1.0
0.538887 0.024655 0.994188 5 1.0
0.070992 0.512159 0.003777 15 1.0
0.561865 0.068923 0.00139 6 1.0
0.774559 0.022214 0.98898 5 1.0
0.091651 0.531887 0.005789 2 1.0
0.459405 0.070399 -0.000293 6 1.0
0.08694 0.501663 0.000608 2 0.0
0.500028 0.096028 0.006534 2 2.1e-05
0.507925 0.928184 0.001732 2 1.0
0.074313 0.467584 0.001809 1 1.0
0.972354 0.520103 0.98629 11 0.000157
0.127475 0.392441 0.000642 2 0.0
0.067252 0.252936 0.018672 15 1.0
0.107696 0.400521 0.005245 1 0.0
0.3442 0.172986 -0.000595 1 0.0
0.263557 0.161408 0.000264 1 0.0
0.348608 0.14231 -0.000254 1 0.0
0.424842 0.184564 -0.001454 1 0.0
0.339792 0.203661 -0.000936 1 0.0
0.944498 0.898757 0.446466 11 1.0
0.068956 0.788382 0.000461 16 1.0
0.945391 0.893603 0.504851 11 0.999995
0.974514 0.474061 0.994804 11 1.0
0.074478 0.27682 0.003669 15 0.999761
0.079066 0.46512 0.002005 15 1.0
0.073518 0.485862 0.004715 15 1.0
0.692238 0.020304 0.998943 5 1.0
0.570332 0.069617 -0.000693 2 1.0
0.970793 0.457005 0.992767 11 1.0
0.429845 0.022445 0.99451 5 1.0
0.928793 0.552248 0.004622 1 1.0
0.977924 0.451924 0.998955 13 1.0
0.079934 0.968124 0.880521 14 0.000943
0.032582 0.075738 0.886245 5 0.99496
0.279571 0.111593 0.002666 2 0.0
0.024097 0.067863 0.961833 3 0.999994
0.92994 0.119012 0.129269 10 0.999997
0.0963 0.946792 0.503251 14 0.999338
0.925607 0.880922 0.181163 11 1.0
0.980014 0.195908 0.998573 11 1.0
0.015343 0.148896 1.001271 15 1.0
0.891445 0.937137 0.195943 18 1.0
0.06629 0.108149 0.257243 15 0.999886
0.98689 0.821691 1.001679 13 1.0
0.046353 0.921479 0.51462 14 1.0
0.037993 0.084391 0.720388 3 1.0
0.916305 0.117743 0.103378 10 1.0
0.115433 0.341327 0.000536 1 1e-06
0.855545 0.062223 -0.001154 6 1.0
0.1032 0.258452 0.00172 1 2.7e-05
0.068784 0.845713 -0.001144 2 1.0
0.976198 0.234153 0.992381 11 1.0
0.981889 0.530753 1.003588 11 1.0
0.065293 0.877753 -0.008224 14 1.0
0.064545 0.887854 -0.006949 14 1.0
0.069146 0.877498 -0.003938 14 1.0
0.066041 0.867652 -0.009498 14 1.0
0.06144 0.878008 -0.01251 14 1.0
0.090471 0.904176 -0.010879 14 1.0
0.069237 0.854699 -0.000272 14 1.0
0.111884 0.304341 0.00288 1 0.0
0.947444 0.900317 0.350435 18 1.0
0.982697 0.254885 1.001991 11 1.0
0.937749 0.899181 0.151029 18 1.0
0.98073 0.425345 0.999906 13 1.0
0.298337 0.135055 0.000344 2 0.0
0.694717 0.101098 -0.002156 1 1.0
0.655608 0.074295 0.002517 2 1.0
0.989106 0.643285 1.006372 11 1.0
0.08703 0.910623 -0.000599 14 1.0
0.180011 0.938794 -0.00377 2 1.0
0.022717 0.02601 1.011367 15 1.0
0.09588 0.907298 -0.003937 2 1.0
0.507469 0.936321 -0.009459 1 1.0
0.718512 0.929613 -0.007304 1 1.0
0.221253 0.92836 0.000842 2 1.0
0.782487 0.022345 0.986414 5 1.0
0.097942 0.677282 0.002966 2 0.0
0.926344 0.879703 0.219597 11 1.0
0.940714 0.90213 0.506571 18 1.0
0.495556 0.082817 0.001423 2 0.000102
0.074083 0.397593 0.007113 15 1.0
0.043897 0.088073 0.578483 3 1.0
0.926119 0.664089 0.015126 19 1.0
0.978077 0.641879 0.995072 11 1.0
0.100715 0.56984 0.001934 2 0.0
0.073651 0.462511 0.003748 16 1.0
0.945503 0.894682 0.421943 11 0.999648
0.930941 0.420915 8.4e-05 2 1.0
0.921792 0.335246 0.004829 11 1.0
0.976829 0.612308 0.999129 12 1.0
0.974533 0.460209 0.991278 11 1.0
0.538964 0.928726 0.000364 2 1.0
0.604479 0.06838 0.014953 9 1.0
0.692719 0.930012 -0.0007 2 1.0
0.442699 0.035958 0.995278 13 1.0
0.616113 0.929588 -0.000335 1 1.0
0.071697 0.576888 0.007448 15 1.0
0.127565 0.526832 0.004977 1 0.0
0.703816 0.071135 0.002537 10 1.0
0.970127 0.331079 0.997544 11 1.0
0.972965 0.551028 0.997716 12 1.0
0.528234 0.144402 0.009175 1 0.0
0.056945 0.09991 0.456324 15 0.99999
0.073787 0.460016 0.006238 16 1.0
0.057588 0.104036 0.410026 15 1.0
0.972985 0.698741 0.990304 12 1.0
0.096772 0.587768 -0.000799 2 0.0
0.602841 0.07499 0.008027 2 1.0
0.077026 0.591872 0.002366 15 1.0
0.069726 0.290398 0.003498 15 1.0
0.52026 0.021882 0.996912 5 1.0
0.907814 0.044631 0.547972 10 1.0
0.094899 0.682428 0.002806 2 0.0
0.072601 0.413773 0.00137 2 1.0
0.543599 0.071887 0.004908 2 1.0
0.073265 0.559164 0.005057 15 1.0
0.91736 0.246283 0.001878 11 1.0
0.973656 0.468881 0.996533 12 1.0
0.072255 0.470708 0.006343 15 1.0
0.112348 0.497269 0.008301 1 0.0
0.974904 0.400221 0.988449 11 1.0
0.97229 0.504135 0.995629 12 1.0
