# Created by Open3D 
# object name: face_00001
# number of vertices: 4224
# number of triangles: 8192
v 0.899881 0.500799 0.436268 0.672 0.756037 0.96
v 0.899399 0.520382 0.436131 0.672 0.756037 0.96
v 0.897956 0.539919 0.435976 0.672 0.756037 0.96
v 0.895556 0.559362 0.435804 0.672 0.756037 0.96
v 0.892206 0.578664 0.435615 0.672 0.756037 0.96
v 0.887912 0.597778 0.43541 0.672 0.756037 0.96
v 0.882686 0.61666 0.435189 0.672 0.756037 0.96
v 0.87654 0.635262 0.434953 0.672 0.756037 0.96
v 0.869488 0.65354 0.434702 0.672 0.756037 0.96
v 0.861549 0.671451 0.434437 0.672 0.756037 0.96
v 0.85274 0.688951 0.434158 0.672 0.756037 0.96
v 0.843083 0.705998 0.433867 0.672 0.756037 0.96
v 0.832602 0.722551 0.433563 0.672 0.756037 0.96
v 0.821322 0.738569 0.433248 0.672 0.756037 0.96
v 0.809269 0.754015 0.432922 0.672 0.756037 0.96
v 0.796473 0.768852 0.432586 0.672 0.756037 0.96
v 0.782964 0.783042 0.432242 0.672 0.756037 0.96
v 0.768776 0.796554 0.431889 0.672 0.756037 0.96
v 0.753943 0.809352 0.431528 0.672 0.756037 0.96
v 0.738499 0.821408 0.431161 0.672 0.756037 0.96
v 0.722483 0.832691 0.430789 0.672 0.756037 0.96
v 0.705933 0.843176 0.430412 0.672 0.756037 0.96
v 0.688888 0.852835 0.43003 0.672 0.756037 0.96
v 0.67139 0.861647 0.429646 0.672 0.756037 0.96
v 0.653482 0.86959 0.42926 0.672 0.756037 0.96
v 0.635205 0.876644 0.428873 0.672 0.756037 0.96
v 0.616605 0.882793 0.428486 0.672 0.756037 0.96
v 0.597726 0.888022 0.4281 0.672 0.756037 0.96
v 0.578613 0.892319 0.427715 0.672 0.756037 0.96
v 0.559312 0.895672 0.427333 0.672 0.756037 0.96
v 0.539871 0.898075 0.426955 0.672 0.756037 0.96
v 0.520336 0.89952 0.426581 0.672 0.756037 0.96
v 0.500753 0.900006 0.426213 0.672 0.756037 0.96
v 0.481171 0.899529 0.42585 0.672 0.756037 0.96
v 0.461635 0.898093 0.425495 0.672 0.756037 0.96
v 0.442195 0.895699 0.425148 0.672 0.756037 0.96
v 0.422895 0.892355 0.42481 0.672 0.756037 0.96
v 0.403783 0.888067 0.424482 0.672 0.756037 0.96
v 0.384904 0.882847 0.424164 0.672 0.756037 0.96
v 0.366305 0.876706 0.423857 0.672 0.756037 0.96
v 0.34803 0.86966 0.423562 0.672 0.756037 0.96
v 0.330123 0.861726 0.42328 0.672 0.756037 0.96
v 0.312627 0.852922 0.423011 0.672 0.756037 0.96
v 0.295584 0.84327 0.422756 0.672 0.756037 0.96
v 0.279035 0.832794 0.422516 0.672 0.756037 0.96
v 0.263021 0.821518 0.422291 0.672 0.756037 0.96
v 0.24758 0.809469 0.422082 0.672 0.756037 0.96
v 0.232749 0.796677 0.421889 0.672 0.756037 0.96
v 0.218563 0.783173 0.421712 0.672 0.756037 0.96
v 0.205057 0.768988 0.421553 0.672 0.756037 0.96
v 0.192264 0.754158 0.421412 0.672 0.756037 0.96
v 0.180214 0.738717 0.421288 0.672 0.756037 0.96
v 0.168936 0.722704 0.421182 0.672 0.756037 0.96
v 0.158458 0.706156 0.421095 0.672 0.756037 0.96
v 0.148804 0.689113 0.421026 0.672 0.756037 0.96
v 0.139999 0.671618 0.420976 0.672 0.756037 0.96
v 0.132062 0.65371 0.420945 0.672 0.756037 0.96
v 0.125014 0.635435 0.420933 0.672 0.756037 0.96
v 0.118871 0.616836 0.42094 0.672 0.756037 0.96
v 0.113649 0.597957 0.420966 0.672 0.756037 0.96
v 0.109358 0.578845 0.421011 0.672 0.756037 0.96
v 0.106011 0.559544 0.421075 0.672 0.756037 0.96
v 0.103615 0.540103 0.421157 0.672 0.756037 0.96
v 0.102176 0.520566 0.421258 0.672 0.756037 0.96
v 0.101697 0.500983 0.421377 0.672 0.756037 0.96
v 0.10218 0.481399 0.421514 0.672 0.756037 0.96
v 0.103622 0.461862 0.421669 0.672 0.756037 0.96
v 0.106022 0.44242 0.421841 0.672 0.756037 0.96
v 0.109373 0.423118 0.422029 0.672 0.756037 0.96
v 0.113666 0.404003 0.422234 0.672 0.756037 0.96
v 0.118892 0.385122 0.422455 0.672 0.756037 0.96
v 0.125038 0.36652 0.422692 0.672 0.756037 0.96
v 0.13209 0.348241 0.422943 0.672 0.756037 0.96
v 0.14003 0.33033 0.423208 0.672 0.756037 0.96
v 0.148838 0.312831 0.423487 0.672 0.756037 0.96
v 0.158495 0.295784 0.423778 0.672 0.756037 0.96
v 0.168976 0.279231 0.424082 0.672 0.756037 0.96
v 0.180257 0.263212 0.424397 0.672 0.756037 0.96
v 0.19231 0.247766 0.424723 0.672 0.756037 0.96
v 0.205106 0.23293 0.425058 0.672 0.756037 0.96
v 0.218614 0.218739 0.425403 0.672 0.756037 0.96
v 0.232802 0.205228 0.425756 0.672 0.756037 0.96
v 0.247636 0.192429 0.426117 0.672 0.756037 0.96
v 0.263079 0.180374 0.426483 0.672 0.756037 0.96
v 0.279095 0.16909 0.426856 0.672 0.756037 0.96
v 0.295646 0.158606 0.427233 0.672 0.756037 0.96
v 0.31269 0.148946 0.427614 0.672 0.756037 0.96
v 0.330188 0.140135 0.427998 0.672 0.756037 0.96
v 0.348097 0.132192 0.428384 0.672 0.756037 0.96
v 0.366373 0.125138 0.428771 0.672 0.756037 0.96
v 0.384973 0.118989 0.429159 0.672 0.756037 0.96
v 0.403853 0.113759 0.429545 0.672 0.756037 0.96
v 0.422966 0.109463 0.429929 0.672 0.756037 0.96
v 0.442266 0.106109 0.430311 0.672 0.756037 0.96
v 0.461707 0.103707 0.43069 0.672 0.756037 0.96
v 0.481243 0.102261 0.431064 0.672 0.756037 0.96
v 0.500825 0.101776 0.431432 0.672 0.756037 0.96
v 0.520408 0.102252 0.431794 0.672 0.756037 0.96
v 0.539943 0.103689 0.432149 0.672 0.756037 0.96
v 0.559384 0.106082 0.432496 0.672 0.756037 0.96
v 0.578684 0.109427 0.432834 0.672 0.756037 0.96
v 0.597796 0.113715 0.433163 0.672 0.756037 0.96
v 0.616674 0.118935 0.433481 0.672 0.756037 0.96
v 0.635273 0.125076 0.433788 0.672 0.756037 0.96
v 0.653548 0.132122 0.434083 0.672 0.756037 0.96
v 0.671456 0.140056 0.434365 0.672 0.756037 0.96
v 0.688952 0.14886 0.434634 0.672 0.756037 0.96
v 0.705995 0.158511 0.434888 0.672 0.756037 0.96
v 0.722543 0.168988 0.435129 0.672 0.756037 0.96
v 0.738557 0.180264 0.435354 0.672 0.756037 0.96
v 0.753998 0.192313 0.435563 0.672 0.756037 0.96
v 0.76883 0.205104 0.435756 0.672 0.756037 0.96
v 0.783015 0.218609 0.435932 0.672 0.756037 0.96
v 0.796521 0.232794 0.436091 0.672 0.756037 0.96
v 0.809314 0.247624 0.436233 0.672 0.756037 0.96
v 0.821365 0.263064 0.436357 0.672 0.756037 0.96
v 0.832642 0.279078 0.436463 0.672 0.756037 0.96
v 0.843121 0.295626 0.43655 0.672 0.756037 0.96
v 0.852774 0.312668 0.436619 0.672 0.756037 0.96
v 0.86158 0.330164 0.436669 0.672 0.756037 0.96
v 0.869516 0.348071 0.4367 0.672 0.756037 0.96
v 0.876564 0.366346 0.436712 0.672 0.756037 0.96
v 0.882707 0.384946 0.436705 0.672 0.756037 0.96
v 0.88793 0.403825 0.436679 0.672 0.756037 0.96
v 0.89222 0.422937 0.436634 0.672 0.756037 0.96
v 0.895567 0.442237 0.43657 0.672 0.756037 0.96
v 0.897963 0.461679 0.436487 0.672 0.756037 0.96
v 0.899402 0.481215 0.436387 0.672 0.756037 0.96
v 0.899922 0.500694 0.444766 0.672 0.756037 0.96
v 0.89944 0.520277 0.444634 0.672 0.756037 0.96
v 0.897997 0.539814 0.444485 0.672 0.756037 0.96
v 0.895597 0.559257 0.444319 0.672 0.756037 0.96
v 0.892247 0.578559 0.444137 0.672 0.756037 0.96
v 0.887953 0.597673 0.44394 0.672 0.756037 0.96
v 0.882727 0.616554 0.443727 0.672 0.756037 0.96
v 0.876581 0.635156 0.443499 0.672 0.756037 0.96
v 0.869529 0.653435 0.443257 0.672 0.756037 0.96
v 0.86159 0.671345 0.443002 0.672 0.756037 0.96
v 0.852781 0.688845 0.442733 0.672 0.756037 0.96
v 0.843124 0.705892 0.442452 0.672 0.756037 0.96
v 0.832643 0.722444 0.44216 0.672 0.756037 0.96
v 0.821363 0.738463 0.441856 0.672 0.756037 0.96
v 0.80931 0.753909 0.441542 0.672 0.756037 0.96
v 0.796514 0.768745 0.441219 0.672 0.756037 0.96
v 0.783006 0.782936 0.440887 0.672 0.756037 0.96
v 0.768818 0.796446 0.440547 0.672 0.756037 0.96
v 0.753984 0.809245 0.440199 0.672 0.756037 0.96
v 0.738541 0.821301 0.439846 0.672 0.756037 0.96
v 0.722525 0.832584 0.439487 0.672 0.756037 0.96
v 0.705974 0.843068 0.439124 0.672 0.756037 0.96
v 0.68893 0.852727 0.438756 0.672 0.756037 0.96
v 0.671432 0.861539 0.438387 0.672 0.756037 0.96
v 0.653524 0.869481 0.438015 0.672 0.756037 0.96
v 0.635247 0.876535 0.437642 0.672 0.756037 0.96
v 0.616647 0.882684 0.437269 0.672 0.756037 0.96
v 0.597768 0.887913 0.436897 0.672 0.756037 0.96
v 0.578655 0.89221 0.436526 0.672 0.756037 0.96
v 0.559355 0.895563 0.436158 0.672 0.756037 0.96
v 0.539913 0.897965 0.435794 0.672 0.756037 0.96
v 0.520378 0.899411 0.435434 0.672 0.756037 0.96
v 0.500796 0.899896 0.435079 0.672 0.756037 0.96
v 0.481213 0.89942 0.43473 0.672 0.756037 0.96
v 0.461678 0.897983 0.434388 0.672 0.756037 0.96
v 0.442237 0.895589 0.434054 0.672 0.756037 0.96
v 0.422937 0.892244 0.433728 0.672 0.756037 0.96
v 0.403825 0.887957 0.433412 0.672 0.756037 0.96
v 0.384947 0.882736 0.433105 0.672 0.756037 0.96
v 0.366348 0.876595 0.43281 0.672 0.756037 0.96
v 0.348073 0.869549 0.432526 0.672 0.756037 0.96
v 0.330166 0.861615 0.432254 0.672 0.756037 0.96
v 0.31267 0.852811 0.431995 0.672 0.756037 0.96
v 0.295627 0.843159 0.43175 0.672 0.756037 0.96
v 0.279079 0.832682 0.431518 0.672 0.756037 0.96
v 0.263064 0.821406 0.431302 0.672 0.756037 0.96
v 0.247623 0.809358 0.4311 0.672 0.756037 0.96
v 0.232792 0.796566 0.430914 0.672 0.756037 0.96
v 0.218606 0.783061 0.430744 0.672 0.756037 0.96
v 0.2051 0.768876 0.430591 0.672 0.756037 0.96
v 0.192307 0.754046 0.430455 0.672 0.756037 0.96
v 0.180257 0.738605 0.430335 0.672 0.756037 0.96
v 0.168979 0.722592 0.430234 0.672 0.756037 0.96
v 0.158501 0.706044 0.43015 0.672 0.756037 0.96
v 0.148848 0.689001 0.430084 0.672 0.756037 0.96
v 0.140042 0.671506 0.430036 0.672 0.756037 0.96
v 0.132106 0.653598 0.430006 0.672 0.756037 0.96
v 0.125058 0.635323 0.429994 0.672 0.756037 0.96
v 0.118915 0.616724 0.430001 0.672 0.756037 0.96
v 0.113692 0.597845 0.430026 0.672 0.756037 0.96
v 0.109402 0.578733 0.430069 0.672 0.756037 0.96
v 0.106055 0.559432 0.430131 0.672 0.756037 0.96
v 0.103659 0.539991 0.43021 0.672 0.756037 0.96
v 0.102219 0.520454 0.430308 0.672 0.756037 0.96
v 0.10174 0.500871 0.430422 0.672 0.756037 0.96
v 0.102223 0.481287 0.430554 0.672 0.756037 0.96
v 0.103666 0.461751 0.430703 0.672 0.756037 0.96
v 0.106065 0.442308 0.430869 0.672 0.756037 0.96
v 0.109416 0.423006 0.431051 0.672 0.756037 0.96
v 0.113709 0.403892 0.431248 0.672 0.756037 0.96
v 0.118935 0.385011 0.431461 0.672 0.756037 0.96
v 0.125082 0.366409 0.431689 0.672 0.756037 0.96
v 0.132133 0.34813 0.431931 0.672 0.756037 0.96
v 0.140073 0.330219 0.432186 0.672 0.756037 0.96
v 0.148881 0.31272 0.432455 0.672 0.756037 0.96
v 0.158538 0.295673 0.432736 0.672 0.756037 0.96
v 0.169019 0.27912 0.433028 0.672 0.756037 0.96
v 0.1803 0.263102 0.433332 0.672 0.756037 0.96
v 0.192352 0.247656 0.433646 0.672 0.756037 0.96
v 0.205148 0.23282 0.433969 0.672 0.756037 0.96
v 0.218657 0.218629 0.434301 0.672 0.756037 0.96
v 0.232845 0.205118 0.434641 0.672 0.756037 0.96
v 0.247678 0.19232 0.434989 0.672 0.756037 0.96
v 0.263122 0.180264 0.435342 0.672 0.756037 0.96
v 0.279138 0.168981 0.435701 0.672 0.756037 0.96
v 0.295688 0.158497 0.436064 0.672 0.756037 0.96
v 0.312732 0.148837 0.436431 0.672 0.756037 0.96
v 0.33023 0.140026 0.436801 0.672 0.756037 0.96
v 0.348139 0.132083 0.437173 0.672 0.756037 0.96
v 0.366415 0.125029 0.437546 0.672 0.756037 0.96
v 0.385015 0.11888 0.437919 0.672 0.756037 0.96
v 0.403895 0.113651 0.438291 0.672 0.756037 0.96
v 0.423007 0.109355 0.438662 0.672 0.756037 0.96
v 0.442308 0.106002 0.43903 0.672 0.756037 0.96
v 0.461749 0.103599 0.439394 0.672 0.756037 0.96
v 0.481284 0.102154 0.439754 0.672 0.756037 0.96
v 0.500867 0.101669 0.440109 0.672 0.756037 0.96
v 0.520449 0.102145 0.440458 0.672 0.756037 0.96
v 0.539984 0.103582 0.4408 0.672 0.756037 0.96
v 0.559425 0.105976 0.441134 0.672 0.756037 0.96
v 0.578725 0.10932 0.44146 0.672 0.756037 0.96
v 0.597837 0.113608 0.441776 0.672 0.756037 0.96
v 0.616715 0.118829 0.442083 0.672 0.756037 0.96
v 0.635314 0.124969 0.442378 0.672 0.756037 0.96
v 0.65359 0.132016 0.442662 0.672 0.756037 0.96
v 0.671497 0.13995 0.442934 0.672 0.756037 0.96
v 0.688993 0.148754 0.443193 0.672 0.756037 0.96
v 0.706035 0.158406 0.443438 0.672 0.756037 0.96
v 0.722584 0.168882 0.44367 0.672 0.756037 0.96
v 0.738598 0.180158 0.443886 0.672 0.756037 0.96
v 0.754039 0.192207 0.444088 0.672 0.756037 0.96
v 0.768871 0.204999 0.444274 0.672 0.756037 0.96
v 0.783056 0.218504 0.444444 0.672 0.756037 0.96
v 0.796562 0.232688 0.444597 0.672 0.756037 0.96
v 0.809355 0.247519 0.444733 0.672 0.756037 0.96
v 0.821405 0.262959 0.444853 0.672 0.756037 0.96
v 0.832683 0.278973 0.444954 0.672 0.756037 0.96
v 0.843161 0.295521 0.445038 0.672 0.756037 0.96
v 0.852815 0.312563 0.445104 0.672 0.756037 0.96
v 0.86162 0.330059 0.445152 0.672 0.756037 0.96
v 0.869557 0.347966 0.445182 0.672 0.756037 0.96
v 0.876605 0.366242 0.445194 0.672 0.756037 0.96
v 0.882748 0.384841 0.445187 0.672 0.756037 0.96
v 0.88797 0.40372 0.445162 0.672 0.756037 0.96
v 0.892261 0.422832 0.445119 0.672 0.756037 0.96
v 0.895608 0.442133 0.445057 0.672 0.756037 0.96
v 0.898004 0.461574 0.444978 0.672 0.756037 0.96
v 0.899443 0.48111 0.44488 0.672 0.756037 0.96
v 0.899963 0.500589 0.453264 0.672 0.756037 0.96
v 0.89948 0.520172 0.453137 0.672 0.756037 0.96
v 0.898037 0.539709 0.452993 0.672 0.756037 0.96
v 0.895638 0.559151 0.452834 0.672 0.756037 0.96
v 0.892287 0.578453 0.452659 0.672 0.756037 0.96
v 0.887994 0.597568 0.452469 0.672 0.756037 0.96
v 0.882768 0.616448 0.452264 0.672 0.756037 0.96
v 0.876622 0.635051 0.452045 0.672 0.756037 0.96
v 0.86957 0.653329 0.451812 0.672 0.756037 0.96
v 0.861631 0.671239 0.451566 0.672 0.756037 0.96
v 0.852822 0.688739 0.451308 0.672 0.756037 0.96
v 0.843166 0.705786 0.451038 0.672 0.756037 0.96
v 0.832684 0.722338 0.450756 0.672 0.756037 0.96
v 0.821404 0.738356 0.450464 0.672 0.756037 0.96
v 0.809351 0.753802 0.450162 0.672 0.756037 0.96
v 0.796555 0.768638 0.449851 0.672 0.756037 0.96
v 0.783047 0.782829 0.449532 0.672 0.756037 0.96
v 0.768859 0.796339 0.449205 0.672 0.756037 0.96
v 0.754026 0.809138 0.448871 0.672 0.756037 0.96
v 0.738582 0.821193 0.448531 0.672 0.756037 0.96
v 0.722566 0.832476 0.448185 0.672 0.756037 0.96
v 0.706016 0.84296 0.447836 0.672 0.756037 0.96
v 0.688972 0.852619 0.447483 0.672 0.756037 0.96
v 0.671474 0.861431 0.447127 0.672 0.756037 0.96
v 0.653566 0.869373 0.446769 0.672 0.756037 0.96
v 0.635289 0.876427 0.44641 0.672 0.756037 0.96
v 0.616689 0.882576 0.446052 0.672 0.756037 0.96
v 0.59781 0.887805 0.445694 0.672 0.756037 0.96
v 0.578697 0.892101 0.445337 0.672 0.756037 0.96
v 0.559397 0.895454 0.444983 0.672 0.756037 0.96
v 0.539956 0.897856 0.444633 0.672 0.756037 0.96
v 0.52042 0.899301 0.444286 0.672 0.756037 0.96
v 0.500838 0.899786 0.443945 0.672 0.756037 0.96
v 0.481256 0.89931 0.443609 0.672 0.756037 0.96
v 0.46172 0.897873 0.443281 0.672 0.756037 0.96
v 0.44228 0.895479 0.442959 0.672 0.756037 0.96
v 0.42298 0.892134 0.442646 0.672 0.756037 0.96
v 0.403868 0.887846 0.442341 0.672 0.756037 0.96
v 0.38499 0.882625 0.442047 0.672 0.756037 0.96
v 0.366391 0.876485 0.441763 0.672 0.756037 0.96
v 0.348116 0.869438 0.441489 0.672 0.756037 0.96
v 0.330209 0.861504 0.441228 0.672 0.756037 0.96
v 0.312713 0.8527 0.440979 0.672 0.756037 0.96
v 0.29567 0.843048 0.440743 0.672 0.756037 0.96
v 0.279122 0.832571 0.440521 0.672 0.756037 0.96
v 0.263107 0.821295 0.440312 0.672 0.756037 0.96
v 0.247666 0.809246 0.440118 0.672 0.756037 0.96
v 0.232835 0.796454 0.43994 0.672 0.756037 0.96
v 0.218649 0.782949 0.439776 0.672 0.756037 0.96
v 0.205144 0.768765 0.439629 0.672 0.756037 0.96
v 0.19235 0.753934 0.439498 0.672 0.756037 0.96
v 0.1803 0.738493 0.439383 0.672 0.756037 0.96
v 0.169023 0.72248 0.439285 0.672 0.756037 0.96
v 0.158545 0.705932 0.439204 0.672 0.756037 0.96
v 0.148891 0.688889 0.439141 0.672 0.756037 0.96
v 0.140085 0.671394 0.439095 0.672 0.756037 0.96
v 0.132149 0.653486 0.439066 0.672 0.756037 0.96
v 0.125101 0.635211 0.439055 0.672 0.756037 0.96
v 0.118958 0.616612 0.439062 0.672 0.756037 0.96
v 0.113735 0.597733 0.439086 0.672 0.756037 0.96
v 0.109445 0.578621 0.439128 0.672 0.756037 0.96
v 0.106098 0.55932 0.439187 0.672 0.756037 0.96
v 0.103702 0.539879 0.439263 0.672 0.756037 0.96
v 0.102263 0.520343 0.439357 0.672 0.756037 0.96
v 0.101784 0.500759 0.439467 0.672 0.756037 0.96
v 0.102266 0.481176 0.439595 0.672 0.756037 0.96
v 0.103709 0.461639 0.439738 0.672 0.756037 0.96
v 0.106108 0.442196 0.439897 0.672 0.756037 0.96
v 0.109459 0.422895 0.440072 0.672 0.756037 0.96
v 0.113752 0.40378 0.440262 0.672 0.756037 0.96
v 0.118978 0.384899 0.440467 0.672 0.756037 0.96
v 0.125125 0.366297 0.440686 0.672 0.756037 0.96
v 0.132176 0.348019 0.440919 0.672 0.756037 0.96
v 0.140115 0.330108 0.441165 0.672 0.756037 0.96
v 0.148924 0.312609 0.441423 0.672 0.756037 0.96
v 0.158581 0.295562 0.441693 0.672 0.756037 0.96
v 0.169062 0.27901 0.441975 0.672 0.756037 0.96
v 0.180342 0.262991 0.442267 0.672 0.756037 0.96
v 0.192395 0.247546 0.442569 0.672 0.756037 0.96
v 0.205191 0.23271 0.44288 0.672 0.756037 0.96
v 0.218699 0.218519 0.4432 0.672 0.756037 0.96
v 0.232887 0.205008 0.443527 0.672 0.756037 0.96
v 0.247721 0.19221 0.443861 0.672 0.756037 0.96
v 0.263164 0.180155 0.444201 0.672 0.756037 0.96
v 0.27918 0.168871 0.444546 0.672 0.756037 0.96
v 0.29573 0.158388 0.444895 0.672 0.756037 0.96
v 0.312775 0.148728 0.445249 0.672 0.756037 0.96
v 0.330272 0.139917 0.445604 0.672 0.756037 0.96
v 0.348181 0.131975 0.445962 0.672 0.756037 0.96
v 0.366457 0.124921 0.446321 0.672 0.756037 0.96
v 0.385057 0.118772 0.44668 0.672 0.756037 0.96
v 0.403936 0.113543 0.447038 0.672 0.756037 0.96
v 0.423049 0.109247 0.447394 0.672 0.756037 0.96
v 0.442349 0.105894 0.447748 0.672 0.756037 0.96
v 0.461791 0.103492 0.448098 0.672 0.756037 0.96
v 0.481326 0.102046 0.448445 0.672 0.756037 0.96
v 0.500908 0.101561 0.448786 0.672 0.756037 0.96
v 0.520491 0.102038 0.449122 0.672 0.756037 0.96
v 0.540026 0.103475 0.449451 0.672 0.756037 0.96
v 0.559467 0.105869 0.449772 0.672 0.756037 0.96
v 0.578766 0.109214 0.450085 0.672 0.756037 0.96
v 0.597878 0.113502 0.45039 0.672 0.756037 0.96
v 0.616756 0.118722 0.450684 0.672 0.756037 0.96
v 0.635355 0.124863 0.450969 0.672 0.756037 0.96
v 0.653631 0.131909 0.451242 0.672 0.756037 0.96
v 0.671538 0.139844 0.451503 0.672 0.756037 0.96
v 0.689034 0.148648 0.451752 0.672 0.756037 0.96
v 0.706076 0.1583 0.451988 0.672 0.756037 0.96
v 0.722625 0.168777 0.452211 0.672 0.756037 0.96
v 0.738639 0.180053 0.452419 0.672 0.756037 0.96
v 0.75408 0.192102 0.452613 0.672 0.756037 0.96
v 0.768911 0.204894 0.452792 0.672 0.756037 0.96
v 0.783097 0.218398 0.452955 0.672 0.756037 0.96
v 0.796603 0.232583 0.453102 0.672 0.756037 0.96
v 0.809396 0.247414 0.453234 0.672 0.756037 0.96
v 0.821446 0.262854 0.453348 0.672 0.756037 0.96
v 0.832724 0.278868 0.453446 0.672 0.756037 0.96
v 0.843202 0.295416 0.453527 0.672 0.756037 0.96
v 0.852855 0.312458 0.45359 0.672 0.756037 0.96
v 0.861661 0.329954 0.453636 0.672 0.756037 0.96
v 0.869597 0.347861 0.453665 0.672 0.756037 0.96
v 0.876645 0.366137 0.453676 0.672 0.756037 0.96
v 0.882788 0.384736 0.453669 0.672 0.756037 0.96
v 0.888011 0.403615 0.453645 0.672 0.756037 0.96
v 0.892301 0.422727 0.453603 0.672 0.756037 0.96
v 0.895648 0.442028 0.453544 0.672 0.756037 0.96
v 0.898044 0.461469 0.453468 0.672 0.756037 0.96
v 0.899484 0.481005 0.453374 0.672 0.756037 0.96
v 0.900003 0.500484 0.461762 0.672 0.756037 0.96
v 0.899521 0.520067 0.46164 0.672 0.756037 0.96
v 0.898078 0.539604 0.461502 0.672 0.756037 0.96
v 0.895679 0.559046 0.461349 0.672 0.756037 0.96
v 0.892328 0.578348 0.461181 0.672 0.756037 0.96
v 0.888035 0.597462 0.460998 0.672 0.756037 0.96
v 0.882809 0.616343 0.460801 0.672 0.756037 0.96
v 0.876663 0.634945 0.460591 0.672 0.756037 0.96
v 0.869611 0.653223 0.460367 0.672 0.756037 0.96
v 0.861672 0.671133 0.460131 0.672 0.756037 0.96
v 0.852863 0.688633 0.459883 0.672 0.756037 0.96
v 0.843207 0.705679 0.459624 0.672 0.756037 0.96
v 0.832726 0.722232 0.459353 0.672 0.756037 0.96
v 0.821445 0.73825 0.459073 0.672 0.756037 0.96
v 0.809392 0.753696 0.458782 0.672 0.756037 0.96
v 0.796597 0.768531 0.458484 0.672 0.756037 0.96
v 0.783089 0.782722 0.458177 0.672 0.756037 0.96
v 0.768901 0.796232 0.457863 0.672 0.756037 0.96
v 0.754067 0.809031 0.457542 0.672 0.756037 0.96
v 0.738624 0.821086 0.457215 0.672 0.756037 0.96
v 0.722608 0.832369 0.456884 0.672 0.756037 0.96
v 0.706058 0.842852 0.456548 0.672 0.756037 0.96
v 0.689013 0.852512 0.456209 0.672 0.756037 0.96
v 0.671516 0.861323 0.455867 0.672 0.756037 0.96
v 0.653607 0.869265 0.455523 0.672 0.756037 0.96
v 0.635331 0.876319 0.455179 0.672 0.756037 0.96
v 0.616731 0.882467 0.454834 0.672 0.756037 0.96
v 0.597852 0.887696 0.454491 0.672 0.756037 0.96
v 0.578739 0.891992 0.454148 0.672 0.756037 0.96
v 0.559439 0.895345 0.453808 0.672 0.756037 0.96
v 0.539998 0.897747 0.453472 0.672 0.756037 0.96
v 0.520463 0.899192 0.453139 0.672 0.756037 0.96
v 0.50088 0.899677 0.452811 0.672 0.756037 0.96
v 0.481298 0.8992 0.452489 0.672 0.756037 0.96
v 0.461763 0.897763 0.452173 0.672 0.756037 0.96
v 0.442322 0.895369 0.451864 0.672 0.756037 0.96
v 0.423023 0.892024 0.451564 0.672 0.756037 0.96
v 0.403911 0.887736 0.451271 0.672 0.756037 0.96
v 0.385033 0.882515 0.450988 0.672 0.756037 0.96
v 0.366434 0.876374 0.450715 0.672 0.756037 0.96
v 0.348159 0.869327 0.450453 0.672 0.756037 0.96
v 0.330251 0.861393 0.450202 0.672 0.756037 0.96
v 0.312756 0.852589 0.449963 0.672 0.756037 0.96
v 0.295713 0.842937 0.449736 0.672 0.756037 0.96
v 0.279165 0.83246 0.449523 0.672 0.756037 0.96
v 0.263151 0.821183 0.449323 0.672 0.756037 0.96
v 0.247709 0.809135 0.449137 0.672 0.756037 0.96
v 0.232878 0.796342 0.448965 0.672 0.756037 0.96
v 0.218693 0.782838 0.448808 0.672 0.756037 0.96
v 0.205187 0.768653 0.448667 0.672 0.756037 0.96
v 0.192394 0.753822 0.448541 0.672 0.756037 0.96
v 0.180344 0.738382 0.448431 0.672 0.756037 0.96
v 0.169066 0.722368 0.448337 0.672 0.756037 0.96
v 0.158588 0.70582 0.448259 0.672 0.756037 0.96
v 0.148934 0.688777 0.448198 0.672 0.756037 0.96
v 0.140129 0.671282 0.448154 0.672 0.756037 0.96
v 0.132192 0.653374 0.448127 0.672 0.756037 0.96
v 0.125144 0.635099 0.448116 0.672 0.756037 0.96
v 0.119001 0.6165 0.448123 0.672 0.756037 0.96
v 0.113779 0.597621 0.448146 0.672 0.756037 0.96
v 0.109488 0.578509 0.448186 0.672 0.756037 0.96
v 0.106141 0.559208 0.448243 0.672 0.756037 0.96
v 0.103745 0.539767 0.448317 0.672 0.756037 0.96
v 0.102306 0.520231 0.448406 0.672 0.756037 0.96
v 0.101827 0.500647 0.448513 0.672 0.756037 0.96
v 0.102309 0.481064 0.448635 0.672 0.756037 0.96
v 0.103752 0.461527 0.448773 0.672 0.756037 0.96
v 0.106151 0.442085 0.448926 0.672 0.756037 0.96
v 0.109502 0.422783 0.449094 0.672 0.756037 0.96
v 0.113795 0.403669 0.449276 0.672 0.756037 0.96
v 0.119022 0.384788 0.449473 0.672 0.756037 0.96
v 0.125168 0.366186 0.449683 0.672 0.756037 0.96
v 0.132219 0.347908 0.449907 0.672 0.756037 0.96
v 0.140158 0.329997 0.450143 0.672 0.756037 0.96
v 0.148967 0.312498 0.450391 0.672 0.756037 0.96
v 0.158624 0.295452 0.450651 0.672 0.756037 0.96
v 0.169105 0.278899 0.450921 0.672 0.756037 0.96
v 0.180385 0.262881 0.451202 0.672 0.756037 0.96
v 0.192438 0.247435 0.451492 0.672 0.756037 0.96
v 0.205234 0.232599 0.451791 0.672 0.756037 0.96
v 0.218742 0.218409 0.452098 0.672 0.756037 0.96
v 0.23293 0.204899 0.452412 0.672 0.756037 0.96
v 0.247763 0.1921 0.452733 0.672 0.756037 0.96
v 0.263206 0.180045 0.453059 0.672 0.756037 0.96
v 0.279222 0.168762 0.453391 0.672 0.756037 0.96
v 0.295773 0.158278 0.453727 0.672 0.756037 0.96
v 0.312817 0.148619 0.454066 0.672 0.756037 0.96
v 0.330314 0.139808 0.454408 0.672 0.756037 0.96
v 0.348223 0.131866 0.454751 0.672 0.756037 0.96
v 0.366499 0.124812 0.455096 0.672 0.756037 0.96
v 0.385099 0.118664 0.45544 0.672 0.756037 0.96
v 0.403978 0.113435 0.455784 0.672 0.756037 0.96
v 0.423091 0.109139 0.456126 0.672 0.756037 0.96
v 0.442391 0.105786 0.456466 0.672 0.756037 0.96
v 0.461832 0.103384 0.456803 0.672 0.756037 0.96
v 0.481367 0.101939 0.457135 0.672 0.756037 0.96
v 0.50095 0.101454 0.457463 0.672 0.756037 0.96
v 0.520532 0.101931 0.457785 0.672 0.756037 0.96
v 0.540067 0.103368 0.458101 0.672 0.756037 0.96
v 0.559508 0.105762 0.45841 0.672 0.756037 0.96
v 0.578807 0.109107 0.458711 0.672 0.756037 0.96
v 0.597919 0.113395 0.459003 0.672 0.756037 0.96
v 0.616798 0.118616 0.459286 0.672 0.756037 0.96
v 0.635397 0.124757 0.459559 0.672 0.756037 0.96
v 0.653672 0.131803 0.459821 0.672 0.756037 0.96
v 0.671579 0.139738 0.460072 0.672 0.756037 0.96
v 0.689075 0.148542 0.460311 0.672 0.756037 0.96
v 0.706117 0.158194 0.460538 0.672 0.756037 0.96
v 0.722666 0.168671 0.460752 0.672 0.756037 0.96
v 0.73868 0.179947 0.460952 0.672 0.756037 0.96
v 0.754121 0.191996 0.461138 0.672 0.756037 0.96
v 0.768952 0.204789 0.461309 0.672 0.756037 0.96
v 0.783138 0.218293 0.461466 0.672 0.756037 0.96
v 0.796643 0.232478 0.461608 0.672 0.756037 0.96
v 0.809437 0.247309 0.461734 0.672 0.756037 0.96
v 0.821486 0.262749 0.461844 0.672 0.756037 0.96
v 0.832764 0.278763 0.461938 0.672 0.756037 0.96
v 0.843242 0.295311 0.462015 0.672 0.756037 0.96
v 0.852896 0.312353 0.462076 0.672 0.756037 0.96
v 0.861701 0.329849 0.46212 0.672 0.756037 0.96
v 0.869638 0.347756 0.462148 0.672 0.756037 0.96
v 0.876686 0.366032 0.462158 0.672 0.756037 0.96
v 0.882829 0.384631 0.462152 0.672 0.756037 0.96
v 0.888052 0.40351 0.462128 0.672 0.756037 0.96
v 0.892342 0.422622 0.462088 0.672 0.756037 0.96
v 0.895689 0.441923 0.462031 0.672 0.756037 0.96
v 0.898085 0.461364 0.461958 0.672 0.756037 0.96
v 0.899524 0.4809 0.461868 0.672 0.756037 0.96
v 0.900044 0.500378 0.47026 0.672 0.756037 0.96
v 0.899562 0.519962 0.470143 0.672 0.756037 0.96
v 0.898119 0.539498 0.470011 0.672 0.756037 0.96
v 0.895719 0.558941 0.469864 0.672 0.756037 0.96
v 0.892369 0.578242 0.469703 0.672 0.756037 0.96
v 0.888076 0.597357 0.469527 0.672 0.756037 0.96
v 0.882849 0.616237 0.469339 0.672 0.756037 0.96
v 0.876703 0.634839 0.469137 0.672 0.756037 0.96
v 0.869652 0.653117 0.468923 0.672 0.756037 0.96
v 0.861713 0.671028 0.468696 0.672 0.756037 0.96
v 0.852904 0.688527 0.468458 0.672 0.756037 0.96
v 0.843248 0.705573 0.468209 0.672 0.756037 0.96
v 0.832767 0.722125 0.46795 0.672 0.756037 0.96
v 0.821486 0.738143 0.467681 0.672 0.756037 0.96
v 0.809434 0.753589 0.467403 0.672 0.756037 0.96
v 0.796638 0.768425 0.467116 0.672 0.756037 0.96
v 0.78313 0.782615 0.466822 0.672 0.756037 0.96
v 0.768942 0.796125 0.466521 0.672 0.756037 0.96
v 0.754109 0.808923 0.466213 0.672 0.756037 0.96
v 0.738665 0.820978 0.4659 0.672 0.756037 0.96
v 0.722649 0.832261 0.465582 0.672 0.756037 0.96
v 0.706099 0.842745 0.46526 0.672 0.756037 0.96
v 0.689055 0.852404 0.464935 0.672 0.756037 0.96
v 0.671558 0.861215 0.464607 0.672 0.756037 0.96
v 0.653649 0.869157 0.464278 0.672 0.756037 0.96
v 0.635373 0.87621 0.463947 0.672 0.756037 0.96
v 0.616773 0.882359 0.463617 0.672 0.756037 0.96
v 0.597894 0.887587 0.463287 0.672 0.756037 0.96
v 0.578781 0.891883 0.462959 0.672 0.756037 0.96
v 0.559481 0.895236 0.462633 0.672 0.756037 0.96
v 0.54004 0.897638 0.462311 0.672 0.756037 0.96
v 0.520505 0.899082 0.461992 0.672 0.756037 0.96
v 0.500923 0.899567 0.461677 0.672 0.756037 0.96
v 0.481341 0.89909 0.461368 0.672 0.756037 0.96
v 0.461806 0.897653 0.461066 0.672 0.756037 0.96
v 0.442365 0.895259 0.46077 0.672 0.756037 0.96
v 0.423065 0.891914 0.460481 0.672 0.756037 0.96
v 0.403954 0.887625 0.460201 0.672 0.756037 0.96
v 0.385075 0.882404 0.45993 0.672 0.756037 0.96
v 0.366476 0.876263 0.459668 0.672 0.756037 0.96
v 0.348201 0.869217 0.459417 0.672 0.756037 0.96
v 0.330294 0.861282 0.459176 0.672 0.756037 0.96
v 0.312799 0.852478 0.458947 0.672 0.756037 0.96
v 0.295756 0.842825 0.45873 0.672 0.756037 0.96
v 0.279208 0.832348 0.458525 0.672 0.756037 0.96
v 0.263194 0.821072 0.458333 0.672 0.756037 0.96
v 0.247752 0.809023 0.458155 0.672 0.756037 0.96
v 0.232921 0.796231 0.45799 0.672 0.756037 0.96
v 0.218736 0.782726 0.45784 0.672 0.756037 0.96
v 0.20523 0.768541 0.457704 0.672 0.756037 0.96
v 0.192437 0.75371 0.457584 0.672 0.756037 0.96
v 0.180387 0.73827 0.457478 0.672 0.756037 0.96
v 0.169109 0.722256 0.457388 0.672 0.756037 0.96
v 0.158631 0.705708 0.457314 0.672 0.756037 0.96
v 0.148978 0.688665 0.457256 0.672 0.756037 0.96
v 0.140172 0.67117 0.457213 0.672 0.756037 0.96
v 0.132236 0.653262 0.457187 0.672 0.756037 0.96
v 0.125188 0.634987 0.457177 0.672 0.756037 0.96
v 0.119045 0.616388 0.457184 0.672 0.756037 0.96
v 0.113822 0.597509 0.457206 0.672 0.756037 0.96
v 0.109532 0.578397 0.457244 0.672 0.756037 0.96
v 0.106185 0.559096 0.457299 0.672 0.756037 0.96
v 0.103788 0.539655 0.45737 0.672 0.756037 0.96
v 0.102349 0.520119 0.457456 0.672 0.756037 0.96
v 0.10187 0.500536 0.457558 0.672 0.756037 0.96
v 0.102353 0.480952 0.457675 0.672 0.756037 0.96
v 0.103795 0.461415 0.457807 0.672 0.756037 0.96
v 0.106195 0.441973 0.457954 0.672 0.756037 0.96
v 0.109545 0.422671 0.458115 0.672 0.756037 0.96
v 0.113839 0.403557 0.45829 0.672 0.756037 0.96
v 0.119065 0.384677 0.458479 0.672 0.756037 0.96
v 0.125211 0.366075 0.458681 0.672 0.756037 0.96
v 0.132262 0.347797 0.458895 0.672 0.756037 0.96
v 0.140201 0.329886 0.459122 0.672 0.756037 0.96
v 0.14901 0.312387 0.45936 0.672 0.756037 0.96
v 0.158666 0.295341 0.459609 0.672 0.756037 0.96
v 0.169147 0.278789 0.459868 0.672 0.756037 0.96
v 0.180428 0.26277 0.460137 0.672 0.756037 0.96
v 0.19248 0.247325 0.460415 0.672 0.756037 0.96
v 0.205276 0.232489 0.460702 0.672 0.756037 0.96
v 0.218784 0.218299 0.460996 0.672 0.756037 0.96
v 0.232972 0.204789 0.461297 0.672 0.756037 0.96
v 0.247805 0.191991 0.461605 0.672 0.756037 0.96
v 0.263249 0.179936 0.461918 0.672 0.756037 0.96
v 0.279265 0.168653 0.462236 0.672 0.756037 0.96
v 0.295815 0.158169 0.462558 0.672 0.756037 0.96
v 0.312859 0.14851 0.462883 0.672 0.756037 0.96
v 0.330356 0.139699 0.463211 0.672 0.756037 0.96
v 0.348265 0.131757 0.46354 0.672 0.756037 0.96
v 0.366541 0.124704 0.46387 0.672 0.756037 0.96
v 0.385141 0.118555 0.464201 0.672 0.756037 0.96
v 0.40402 0.113327 0.46453 0.672 0.756037 0.96
v 0.423133 0.109031 0.464858 0.672 0.756037 0.96
v 0.442433 0.105678 0.465184 0.672 0.756037 0.96
v 0.461874 0.103276 0.465507 0.672 0.756037 0.96
v 0.481409 0.101832 0.465826 0.672 0.756037 0.96
v 0.500991 0.101347 0.46614 0.672 0.756037 0.96
v 0.520574 0.101824 0.466449 0.672 0.756037 0.96
v 0.540109 0.103261 0.466752 0.672 0.756037 0.96
v 0.559549 0.105655 0.467048 0.672 0.756037 0.96
v 0.578849 0.109 0.467336 0.672 0.756037 0.96
v 0.597961 0.113289 0.467617 0.672 0.756037 0.96
v 0.616839 0.11851 0.467888 0.672 0.756037 0.96
v 0.635438 0.124651 0.468149 0.672 0.756037 0.96
v 0.653713 0.131697 0.468401 0.672 0.756037 0.96
v 0.67162 0.139632 0.468641 0.672 0.756037 0.96
v 0.689116 0.148436 0.468871 0.672 0.756037 0.96
v 0.706158 0.158088 0.469088 0.672 0.756037 0.96
v 0.722706 0.168565 0.469293 0.672 0.756037 0.96
v 0.73872 0.179842 0.469484 0.672 0.756037 0.96
v 0.754162 0.191891 0.469663 0.672 0.756037 0.96
v 0.768993 0.204683 0.469827 0.672 0.756037 0.96
v 0.783178 0.218188 0.469978 0.672 0.756037 0.96
v 0.796684 0.232373 0.470113 0.672 0.756037 0.96
v 0.809477 0.247204 0.470234 0.672 0.756037 0.96
v 0.821527 0.262644 0.470339 0.672 0.756037 0.96
v 0.832805 0.278658 0.470429 0.672 0.756037 0.96
v 0.843283 0.295206 0.470504 0.672 0.756037 0.96
v 0.852936 0.312249 0.470562 0.672 0.756037 0.96
v 0.861742 0.329744 0.470604 0.672 0.756037 0.96
v 0.869678 0.347652 0.47063 0.672 0.756037 0.96
v 0.876727 0.365927 0.47064 0.672 0.756037 0.96
v 0.882869 0.384526 0.470634 0.672 0.756037 0.96
v 0.888092 0.403405 0.470612 0.672 0.756037 0.96
v 0.892382 0.422517 0.470573 0.672 0.756037 0.96
v 0.89573 0.441818 0.470519 0.672 0.756037 0.96
v 0.898126 0.461259 0.470448 0.672 0.756037 0.96
v 0.899565 0.480795 0.470362 0.672 0.756037 0.96
v 0.900085 0.500273 0.478758 0.672 0.756037 0.96
v 0.899602 0.519857 0.478646 0.672 0.756037 0.96
v 0.89816 0.539393 0.478519 0.672 0.756037 0.96
v 0.89576 0.558836 0.478379 0.672 0.756037 0.96
v 0.89241 0.578137 0.478224 0.672 0.756037 0.96
v 0.888116 0.597251 0.478057 0.672 0.756037 0.96
v 0.88289 0.616132 0.477876 0.672 0.756037 0.96
v 0.876744 0.634734 0.477683 0.672 0.756037 0.96
v 0.869693 0.653011 0.477478 0.672 0.756037 0.96
v 0.861754 0.670922 0.477261 0.672 0.756037 0.96
v 0.852945 0.688421 0.477033 0.672 0.756037 0.96
v 0.843289 0.705467 0.476795 0.672 0.756037 0.96
v 0.832808 0.722019 0.476547 0.672 0.756037 0.96
v 0.821527 0.738037 0.476289 0.672 0.756037 0.96
v 0.809475 0.753482 0.476023 0.672 0.756037 0.96
v 0.796679 0.768318 0.475749 0.672 0.756037 0.96
v 0.783171 0.782508 0.475467 0.672 0.756037 0.96
v 0.768983 0.796018 0.475179 0.672 0.756037 0.96
v 0.75415 0.808816 0.474884 0.672 0.756037 0.96
v 0.738707 0.820871 0.474584 0.672 0.756037 0.96
v 0.722691 0.832154 0.47428 0.672 0.756037 0.96
v 0.706141 0.842637 0.473972 0.672 0.756037 0.96
v 0.689097 0.852296 0.473661 0.672 0.756037 0.96
v 0.6716 0.861107 0.473347 0.672 0.756037 0.96
v 0.653691 0.869048 0.473032 0.672 0.756037 0.96
v 0.635415 0.876102 0.472716 0.672 0.756037 0.96
v 0.616815 0.88225 0.4724 0.672 0.756037 0.96
v 0.597936 0.887478 0.472084 0.672 0.756037 0.96
v 0.578824 0.891774 0.47177 0.672 0.756037 0.96
v 0.559524 0.895127 0.471458 0.672 0.756037 0.96
v 0.540083 0.897528 0.47115 0.672 0.756037 0.96
v 0.520547 0.898973 0.470844 0.672 0.756037 0.96
v 0.500965 0.899457 0.470544 0.672 0.756037 0.96
v 0.481383 0.89898 0.470248 0.672 0.756037 0.96
v 0.461848 0.897543 0.469958 0.672 0.756037 0.96
v 0.442408 0.895149 0.469675 0.672 0.756037 0.96
v 0.423108 0.891803 0.469399 0.672 0.756037 0.96
v 0.403996 0.887515 0.469131 0.672 0.756037 0.96
v 0.385118 0.882294 0.468871 0.672 0.756037 0.96
v 0.366519 0.876152 0.468621 0.672 0.756037 0.96
v 0.348244 0.869106 0.46838 0.672 0.756037 0.96
v 0.330337 0.861171 0.46815 0.672 0.756037 0.96
v 0.312842 0.852367 0.467931 0.672 0.756037 0.96
v 0.295799 0.842714 0.467723 0.672 0.756037 0.96
v 0.279251 0.832237 0.467527 0.672 0.756037 0.96
v 0.263237 0.820961 0.467344 0.672 0.756037 0.96
v 0.247796 0.808912 0.467173 0.672 0.756037 0.96
v 0.232964 0.796119 0.467016 0.672 0.756037 0.96
v 0.218779 0.782614 0.466872 0.672 0.756037 0.96
v 0.205273 0.768429 0.466742 0.672 0.756037 0.96
v 0.19248 0.753599 0.466627 0.672 0.756037 0.96
v 0.18043 0.738158 0.466526 0.672 0.756037 0.96
v 0.169153 0.722144 0.46644 0.672 0.756037 0.96
v 0.158674 0.705596 0.466369 0.672 0.756037 0.96
v 0.149021 0.688553 0.466313 0.672 0.756037 0.96
v 0.140215 0.671057 0.466273 0.672 0.756037 0.96
v 0.132279 0.65315 0.466248 0.672 0.756037 0.96
v 0.125231 0.634875 0.466238 0.672 0.756037 0.96
v 0.119088 0.616276 0.466244 0.672 0.756037 0.96
v 0.113865 0.597397 0.466266 0.672 0.756037 0.96
v 0.109575 0.578285 0.466303 0.672 0.756037 0.96
v 0.106228 0.558984 0.466355 0.672 0.756037 0.96
v 0.103832 0.539543 0.466423 0.672 0.756037 0.96
v 0.102392 0.520007 0.466505 0.672 0.756037 0.96
v 0.101913 0.500424 0.466603 0.672 0.756037 0.96
v 0.102396 0.48084 0.466715 0.672 0.756037 0.96
v 0.103838 0.461304 0.466842 0.672 0.756037 0.96
v 0.106238 0.441861 0.466982 0.672 0.756037 0.96
v 0.109588 0.42256 0.467137 0.672 0.756037 0.96
v 0.113882 0.403446 0.467304 0.672 0.756037 0.96
v 0.119108 0.384565 0.467485 0.672 0.756037 0.96
v 0.125254 0.365964 0.467678 0.672 0.756037 0.96
v 0.132305 0.347686 0.467883 0.672 0.756037 0.96
v 0.140244 0.329775 0.4681 0.672 0.756037 0.96
v 0.149053 0.312276 0.468328 0.672 0.756037 0.96
v 0.158709 0.29523 0.468566 0.672 0.756037 0.96
v 0.16919 0.278678 0.468814 0.672 0.756037 0.96
v 0.180471 0.26266 0.469072 0.672 0.756037 0.96
v 0.192523 0.247215 0.469338 0.672 0.756037 0.96
v 0.205319 0.232379 0.469612 0.672 0.756037 0.96
v 0.218827 0.218189 0.469894 0.672 0.756037 0.96
v 0.233015 0.204679 0.470182 0.672 0.756037 0.96
v 0.247848 0.191881 0.470477 0.672 0.756037 0.96
v 0.263291 0.179826 0.470776 0.672 0.756037 0.96
v 0.279307 0.168543 0.471081 0.672 0.756037 0.96
v 0.295857 0.15806 0.471389 0.672 0.756037 0.96
v 0.312901 0.148401 0.4717 0.672 0.756037 0.96
v 0.330399 0.13959 0.472014 0.672 0.756037 0.96
v 0.348307 0.131649 0.472329 0.672 0.756037 0.96
v 0.366583 0.124595 0.472645 0.672 0.756037 0.96
v 0.385183 0.118447 0.472961 0.672 0.756037 0.96
v 0.404062 0.113219 0.473277 0.672 0.756037 0.96
v 0.423174 0.108923 0.473591 0.672 0.756037 0.96
v 0.442474 0.10557 0.473902 0.672 0.756037 0.96
v 0.461915 0.103169 0.474211 0.672 0.756037 0.96
v 0.481451 0.101724 0.474517 0.672 0.756037 0.96
v 0.501033 0.10124 0.474817 0.672 0.756037 0.96
v 0.520615 0.101717 0.475113 0.672 0.756037 0.96
v 0.54015 0.103154 0.475403 0.672 0.756037 0.96
v 0.559591 0.105548 0.475686 0.672 0.756037 0.96
v 0.57889 0.108894 0.475962 0.672 0.756037 0.96
v 0.598002 0.113182 0.47623 0.672 0.756037 0.96
v 0.61688 0.118403 0.47649 0.672 0.756037 0.96
v 0.635479 0.124545 0.47674 0.672 0.756037 0.96
v 0.653754 0.131591 0.47698 0.672 0.756037 0.96
v 0.671661 0.139526 0.477211 0.672 0.756037 0.96
v 0.689157 0.14833 0.47743 0.672 0.756037 0.96
v 0.706199 0.157983 0.477638 0.672 0.756037 0.96
v 0.722747 0.16846 0.477834 0.672 0.756037 0.96
v 0.738761 0.179736 0.478017 0.672 0.756037 0.96
v 0.754202 0.191785 0.478188 0.672 0.756037 0.96
v 0.769034 0.204578 0.478345 0.672 0.756037 0.96
v 0.783219 0.218083 0.478489 0.672 0.756037 0.96
v 0.796725 0.232268 0.478619 0.672 0.756037 0.96
v 0.809518 0.247098 0.478734 0.672 0.756037 0.96
v 0.821568 0.262539 0.478835 0.672 0.756037 0.96
v 0.832845 0.278553 0.478921 0.672 0.756037 0.96
v 0.843324 0.295101 0.478992 0.672 0.756037 0.96
v 0.852977 0.312144 0.479048 0.672 0.756037 0.96
v 0.861783 0.32964 0.479088 0.672 0.756037 0.96
v 0.869719 0.347547 0.479113 0.672 0.756037 0.96
v 0.876767 0.365822 0.479123 0.672 0.756037 0.96
v 0.88291 0.384421 0.479117 0.672 0.756037 0.96
v 0.888133 0.4033 0.479095 0.672 0.756037 0.96
v 0.892423 0.422413 0.479058 0.672 0.756037 0.96
v 0.89577 0.441713 0.479006 0.672 0.756037 0.96
v 0.898166 0.461154 0.478938 0.672 0.756037 0.96
v 0.899606 0.48069 0.478856 0.672 0.756037 0.96
v 0.900125 0.500168 0.487256 0.672 0.756037 0.96
v 0.899643 0.519752 0.487149 0.672 0.756037 0.96
v 0.8982 0.539288 0.487028 0.672 0.756037 0.96
v 0.895801 0.55873 0.486894 0.672 0.756037 0.96
v 0.892451 0.578032 0.486746 0.672 0.756037 0.96
v 0.888157 0.597146 0.486586 0.672 0.756037 0.96
v 0.882931 0.616026 0.486413 0.672 0.756037 0.96
v 0.876785 0.634628 0.486229 0.672 0.756037 0.96
v 0.869734 0.652906 0.486033 0.672 0.756037 0.96
v 0.861795 0.670816 0.485826 0.672 0.756037 0.96
v 0.852986 0.688315 0.485608 0.672 0.756037 0.96
v 0.84333 0.705361 0.48538 0.672 0.756037 0.96
v 0.832849 0.721913 0.485143 0.672 0.756037 0.96
v 0.821569 0.737931 0.484897 0.672 0.756037 0.96
v 0.809516 0.753376 0.484643 0.672 0.756037 0.96
v 0.796721 0.768211 0.484381 0.672 0.756037 0.96
v 0.783213 0.782401 0.484112 0.672 0.756037 0.96
v 0.769025 0.795911 0.483837 0.672 0.756037 0.96
v 0.754192 0.808709 0.483555 0.672 0.756037 0.96
v 0.738748 0.820764 0.483269 0.672 0.756037 0.96
v 0.722733 0.832046 0.482978 0.672 0.756037 0.96
v 0.706183 0.842529 0.482684 0.672 0.756037 0.96
v 0.689139 0.852188 0.482387 0.672 0.756037 0.96
v 0.671641 0.860998 0.482087 0.672 0.756037 0.96
v 0.653733 0.86894 0.481786 0.672 0.756037 0.96
v 0.635457 0.875993 0.481484 0.672 0.756037 0.96
v 0.616857 0.882142 0.481183 0.672 0.756037 0.96
v 0.597978 0.88737 0.480881 0.672 0.756037 0.96
v 0.578866 0.891665 0.480581 0.672 0.756037 0.96
v 0.559566 0.895018 0.480284 0.672 0.756037 0.96
v 0.540125 0.897419 0.479989 0.672 0.756037 0.96
v 0.52059 0.898864 0.479697 0.672 0.756037 0.96
v 0.501008 0.899348 0.47941 0.672 0.756037 0.96
v 0.481426 0.898871 0.479127 0.672 0.756037 0.96
v 0.461891 0.897433 0.478851 0.672 0.756037 0.96
v 0.44245 0.895039 0.47858 0.672 0.756037 0.96
v 0.423151 0.891693 0.478317 0.672 0.756037 0.96
v 0.404039 0.887404 0.478061 0.672 0.756037 0.96
v 0.385161 0.882183 0.477813 0.672 0.756037 0.96
v 0.366562 0.876042 0.477574 0.672 0.756037 0.96
v 0.348287 0.868995 0.477344 0.672 0.756037 0.96
v 0.33038 0.86106 0.477124 0.672 0.756037 0.96
v 0.312885 0.852255 0.476915 0.672 0.756037 0.96
v 0.295842 0.842603 0.476716 0.672 0.756037 0.96
v 0.279294 0.832126 0.476529 0.672 0.756037 0.96
v 0.26328 0.820849 0.476354 0.672 0.756037 0.96
v 0.247839 0.8088 0.476191 0.672 0.756037 0.96
v 0.233008 0.796008 0.476041 0.672 0.756037 0.96
v 0.218822 0.782503 0.475904 0.672 0.756037 0.96
v 0.205317 0.768318 0.47578 0.672 0.756037 0.96
v 0.192523 0.753487 0.47567 0.672 0.756037 0.96
v 0.180474 0.738046 0.475574 0.672 0.756037 0.96
v 0.169196 0.722032 0.475492 0.672 0.756037 0.96
v 0.158718 0.705484 0.475424 0.672 0.756037 0.96
v 0.149064 0.688441 0.475371 0.672 0.756037 0.96
v 0.140259 0.670945 0.475332 0.672 0.756037 0.96
v 0.132322 0.653038 0.475308 0.672 0.756037 0.96
v 0.125274 0.634763 0.475299 0.672 0.756037 0.96
v 0.119131 0.616164 0.475305 0.672 0.756037 0.96
v 0.113909 0.597285 0.475326 0.672 0.756037 0.96
v 0.109618 0.578172 0.475361 0.672 0.756037 0.96
v 0.106271 0.558872 0.475411 0.672 0.756037 0.96
v 0.103875 0.539431 0.475476 0.672 0.756037 0.96
v 0.102436 0.519895 0.475555 0.672 0.756037 0.96
v 0.101957 0.500312 0.475648 0.672 0.756037 0.96
v 0.102439 0.480728 0.475755 0.672 0.756037 0.96
v 0.103882 0.461192 0.475876 0.672 0.756037 0.96
v 0.106281 0.44175 0.476011 0.672 0.756037 0.96
v 0.109631 0.422448 0.476158 0.672 0.756037 0.96
v 0.113925 0.403334 0.476318 0.672 0.756037 0.96
v 0.119151 0.384454 0.476491 0.672 0.756037 0.96
v 0.125297 0.365852 0.476675 0.672 0.756037 0.96
v 0.132348 0.347574 0.476871 0.672 0.756037 0.96
v 0.140287 0.329664 0.477079 0.672 0.756037 0.96
v 0.149096 0.312165 0.477296 0.672 0.756037 0.96
v 0.158752 0.295119 0.477524 0.672 0.756037 0.96
v 0.169233 0.278567 0.477761 0.672 0.756037 0.96
v 0.180513 0.26255 0.478007 0.672 0.756037 0.96
v 0.192566 0.247104 0.478261 0.672 0.756037 0.96
v 0.205361 0.232269 0.478523 0.672 0.756037 0.96
v 0.218869 0.218079 0.478792 0.672 0.756037 0.96
v 0.233057 0.204569 0.479068 0.672 0.756037 0.96
v 0.24789 0.191771 0.479349 0.672 0.756037 0.96
v 0.263334 0.179716 0.479635 0.672 0.756037 0.96
v 0.279349 0.168434 0.479926 0.672 0.756037 0.96
v 0.295899 0.157951 0.48022 0.672 0.756037 0.96
v 0.312943 0.148292 0.480517 0.672 0.756037 0.96
v 0.330441 0.139482 0.480817 0.672 0.756037 0.96
v 0.348349 0.13154 0.481118 0.672 0.756037 0.96
v 0.366625 0.124487 0.48142 0.672 0.756037 0.96
v 0.385225 0.118339 0.481722 0.672 0.756037 0.96
v 0.404104 0.113111 0.482023 0.672 0.756037 0.96
v 0.423216 0.108815 0.482323 0.672 0.756037 0.96
v 0.442516 0.105463 0.482621 0.672 0.756037 0.96
v 0.461957 0.103061 0.482916 0.672 0.756037 0.96
v 0.481492 0.101617 0.483207 0.672 0.756037 0.96
v 0.501074 0.101132 0.483494 0.672 0.756037 0.96
v 0.520656 0.10161 0.483777 0.672 0.756037 0.96
v 0.540191 0.103047 0.484053 0.672 0.756037 0.96
v 0.559632 0.105442 0.484324 0.672 0.756037 0.96
v 0.578931 0.108787 0.484587 0.672 0.756037 0.96
v 0.598043 0.113076 0.484843 0.672 0.756037 0.96
v 0.616921 0.118297 0.485091 0.672 0.756037 0.96
v 0.63552 0.124438 0.48533 0.672 0.756037 0.96
v 0.653795 0.131485 0.48556 0.672 0.756037 0.96
v 0.671702 0.13942 0.48578 0.672 0.756037 0.96
v 0.689197 0.148225 0.485989 0.672 0.756037 0.96
v 0.70624 0.157877 0.486188 0.672 0.756037 0.96
v 0.722788 0.168354 0.486375 0.672 0.756037 0.96
v 0.738802 0.179631 0.48655 0.672 0.756037 0.96
v 0.754243 0.19168 0.486713 0.672 0.756037 0.96
v 0.769074 0.204473 0.486863 0.672 0.756037 0.96
v 0.78326 0.217978 0.487 0.672 0.756037 0.96
v 0.796765 0.232163 0.487124 0.672 0.756037 0.96
v 0.809559 0.246993 0.487234 0.672 0.756037 0.96
v 0.821608 0.262434 0.48733 0.672 0.756037 0.96
v 0.832886 0.278448 0.487413 0.672 0.756037 0.96
v 0.843364 0.294996 0.48748 0.672 0.756037 0.96
v 0.853018 0.312039 0.487533 0.672 0.756037 0.96
v 0.861823 0.329535 0.487572 0.672 0.756037 0.96
v 0.86976 0.347442 0.487596 0.672 0.756037 0.96
v 0.876808 0.365717 0.487605 0.672 0.756037 0.96
v 0.882951 0.384317 0.487599 0.672 0.756037 0.96
v 0.888173 0.403195 0.487578 0.672 0.756037 0.96
v 0.892464 0.422308 0.487543 0.672 0.756037 0.96
v 0.895811 0.441608 0.487493 0.672 0.756037 0.96
v 0.898207 0.461049 0.487428 0.672 0.756037 0.96
v 0.899646 0.480585 0.487349 0.672 0.756037 0.96
v 0.900166 0.500063 0.495754 0.672 0.756037 0.96
v 0.899684 0.519647 0.495652 0.672 0.756037 0.96
v 0.898241 0.539183 0.495537 0.672 0.756037 0.96
v 0.895842 0.558625 0.495409 0.672 0.756037 0.96
v 0.892491 0.577926 0.495268 0.672 0.756037 0.96
v 0.888198 0.59704 0.495115 0.672 0.756037 0.96
v 0.882972 0.615921 0.494951 0.672 0.756037 0.96
v 0.876826 0.634522 0.494775 0.672 0.756037 0.96
v 0.869775 0.6528 0.494588 0.672 0.756037 0.96
v 0.861836 0.67071 0.49439 0.672 0.756037 0.96
v 0.853027 0.688209 0.494183 0.672 0.756037 0.96
v 0.843371 0.705255 0.493966 0.672 0.756037 0.96
v 0.83289 0.721806 0.49374 0.672 0.756037 0.96
v 0.82161 0.737824 0.493506 0.672 0.756037 0.96
v 0.809557 0.753269 0.493263 0.672 0.756037 0.96
v 0.796762 0.768105 0.493013 0.672 0.756037 0.96
v 0.783254 0.782294 0.492757 0.672 0.756037 0.96
v 0.769066 0.795804 0.492495 0.672 0.756037 0.96
v 0.754233 0.808602 0.492227 0.672 0.756037 0.96
v 0.73879 0.820656 0.491954 0.672 0.756037 0.96
v 0.722774 0.831939 0.491677 0.672 0.756037 0.96
v 0.706224 0.842422 0.491396 0.672 0.756037 0.96
v 0.68918 0.85208 0.491113 0.672 0.756037 0.96
v 0.671683 0.86089 0.490828 0.672 0.756037 0.96
v 0.653775 0.868832 0.490541 0.672 0.756037 0.96
v 0.635499 0.875885 0.490253 0.672 0.756037 0.96
v 0.616899 0.882033 0.489965 0.672 0.756037 0.96
v 0.59802 0.887261 0.489678 0.672 0.756037 0.96
v 0.578908 0.891556 0.489392 0.672 0.756037 0.96
v 0.559608 0.894908 0.489109 0.672 0.756037 0.96
v 0.540167 0.89731 0.488827 0.672 0.756037 0.96
v 0.520632 0.898754 0.48855 0.672 0.756037 0.96
v 0.50105 0.899238 0.488276 0.672 0.756037 0.96
v 0.481468 0.898761 0.488007 0.672 0.756037 0.96
v 0.461933 0.897323 0.487743 0.672 0.756037 0.96
v 0.442493 0.894928 0.487486 0.672 0.756037 0.96
v 0.423193 0.891583 0.487234 0.672 0.756037 0.96
v 0.404082 0.887294 0.486991 0.672 0.756037 0.96
v 0.385204 0.882073 0.486754 0.672 0.756037 0.96
v 0.366605 0.875931 0.486527 0.672 0.756037 0.96
v 0.34833 0.868884 0.486308 0.672 0.756037 0.96
v 0.330423 0.860949 0.486098 0.672 0.756037 0.96
v 0.312928 0.852144 0.485899 0.672 0.756037 0.96
v 0.295885 0.842492 0.48571 0.672 0.756037 0.96
v 0.279337 0.832015 0.485532 0.672 0.756037 0.96
v 0.263323 0.820738 0.485365 0.672 0.756037 0.96
v 0.247882 0.808689 0.48521 0.672 0.756037 0.96
v 0.233051 0.795896 0.485067 0.672 0.756037 0.96
v 0.218865 0.782391 0.484936 0.672 0.756037 0.96
v 0.20536 0.768206 0.484818 0.672 0.756037 0.96
v 0.192567 0.753375 0.484713 0.672 0.756037 0.96
v 0.180517 0.737934 0.484621 0.672 0.756037 0.96
v 0.169239 0.72192 0.484543 0.672 0.756037 0.96
v 0.158761 0.705372 0.484479 0.672 0.756037 0.96
v 0.149108 0.688329 0.484428 0.672 0.756037 0.96
v 0.140302 0.670833 0.484391 0.672 0.756037 0.96
v 0.132366 0.652926 0.484369 0.672 0.756037 0.96
v 0.125318 0.634651 0.48436 0.672 0.756037 0.96
v 0.119175 0.616052 0.484366 0.672 0.756037 0.96
v 0.113952 0.597173 0.484386 0.672 0.756037 0.96
v 0.109662 0.57806 0.48442 0.672 0.756037 0.96
v 0.106315 0.55876 0.484467 0.672 0.756037 0.96
v 0.103918 0.539319 0.484529 0.672 0.756037 0.96
v 0.102479 0.519783 0.484604 0.672 0.756037 0.96
v 0.102 0.5002 0.484693 0.672 0.756037 0.96
v 0.102482 0.480617 0.484795 0.672 0.756037 0.96
v 0.103925 0.46108 0.484911 0.672 0.756037 0.96
v 0.106324 0.441638 0.485039 0.672 0.756037 0.96
v 0.109675 0.422337 0.485179 0.672 0.756037 0.96
v 0.113968 0.403223 0.485332 0.672 0.756037 0.96
v 0.119194 0.384343 0.485497 0.672 0.756037 0.96
v 0.12534 0.365741 0.485673 0.672 0.756037 0.96
v 0.132391 0.347463 0.48586 0.672 0.756037 0.96
v 0.14033 0.329553 0.486057 0.672 0.756037 0.96
v 0.149139 0.312054 0.486264 0.672 0.756037 0.96
v 0.158795 0.295008 0.486481 0.672 0.756037 0.96
v 0.169276 0.278457 0.486707 0.672 0.756037 0.96
v 0.180556 0.262439 0.486942 0.672 0.756037 0.96
v 0.192609 0.246994 0.487184 0.672 0.756037 0.96
v 0.205404 0.232159 0.487434 0.672 0.756037 0.96
v 0.218912 0.217969 0.48769 0.672 0.756037 0.96
v 0.2331 0.204459 0.487953 0.672 0.756037 0.96
v 0.247933 0.191661 0.488221 0.672 0.756037 0.96
v 0.263376 0.179607 0.488494 0.672 0.756037 0.96
v 0.279392 0.168325 0.488771 0.672 0.756037 0.96
v 0.295942 0.157842 0.489051 0.672 0.756037 0.96
v 0.312986 0.148183 0.489334 0.672 0.756037 0.96
v 0.330483 0.139373 0.48962 0.672 0.756037 0.96
v 0.348391 0.131431 0.489907 0.672 0.756037 0.96
v 0.366667 0.124378 0.490194 0.672 0.756037 0.96
v 0.385267 0.11823 0.490482 0.672 0.756037 0.96
v 0.404146 0.113002 0.490769 0.672 0.756037 0.96
v 0.423258 0.108707 0.491055 0.672 0.756037 0.96
v 0.442558 0.105355 0.491339 0.672 0.756037 0.96
v 0.461999 0.102954 0.49162 0.672 0.756037 0.96
v 0.481534 0.101509 0.491898 0.672 0.756037 0.96
v 0.501116 0.101025 0.492171 0.672 0.756037 0.96
v 0.520698 0.101502 0.49244 0.672 0.756037 0.96
v 0.540233 0.10294 0.492704 0.672 0.756037 0.96
v 0.559673 0.105335 0.492962 0.672 0.756037 0.96
v 0.578972 0.10868 0.493213 0.672 0.756037 0.96
v 0.598084 0.112969 0.493457 0.672 0.756037 0.96
v 0.616962 0.118191 0.493693 0.672 0.756037 0.96
v 0.635561 0.124332 0.493921 0.672 0.756037 0.96
v 0.653836 0.131379 0.49414 0.672 0.756037 0.96
v 0.671743 0.139314 0.494349 0.672 0.756037 0.96
v 0.689238 0.148119 0.494548 0.672 0.756037 0.96
v 0.706281 0.157771 0.494738 0.672 0.756037 0.96
v 0.722829 0.168249 0.494916 0.672 0.756037 0.96
v 0.738843 0.179525 0.495083 0.672 0.756037 0.96
v 0.754284 0.191575 0.495238 0.672 0.756037 0.96
v 0.769115 0.204367 0.495381 0.672 0.756037 0.96
v 0.783301 0.217872 0.495512 0.672 0.756037 0.96
v 0.796806 0.232057 0.49563 0.672 0.756037 0.96
v 0.809599 0.246888 0.495734 0.672 0.756037 0.96
v 0.821649 0.262329 0.495826 0.672 0.756037 0.96
v 0.832927 0.278343 0.495904 0.672 0.756037 0.96
v 0.843405 0.294891 0.495969 0.672 0.756037 0.96
v 0.853058 0.311934 0.496019 0.672 0.756037 0.96
v 0.861864 0.32943 0.496056 0.672 0.756037 0.96
v 0.8698 0.347337 0.496079 0.672 0.756037 0.96
v 0.876848 0.365612 0.496087 0.672 0.756037 0.96
v 0.882991 0.384212 0.496081 0.672 0.756037 0.96
v 0.888214 0.40309 0.496062 0.672 0.756037 0.96
v 0.892504 0.422203 0.496028 0.672 0.756037 0.96
v 0.895851 0.441503 0.49598 0.672 0.756037 0.96
v 0.898248 0.460944 0.495918 0.672 0.756037 0.96
v 0.899687 0.48048 0.495843 0.672 0.756037 0.96
v 0.900207 0.499958 0.504252 0.672 0.756037 0.96
v 0.899724 0.519541 0.504155 0.672 0.756037 0.96
v 0.898282 0.539078 0.504045 0.672 0.756037 0.96
v 0.895882 0.55852 0.503923 0.672 0.756037 0.96
v 0.892532 0.577821 0.50379 0.672 0.756037 0.96
v 0.888239 0.596935 0.503644 0.672 0.756037 0.96
v 0.883013 0.615815 0.503488 0.672 0.756037 0.96
v 0.876867 0.634416 0.503321 0.672 0.756037 0.96
v 0.869816 0.652694 0.503143 0.672 0.756037 0.96
v 0.861877 0.670604 0.502955 0.672 0.756037 0.96
v 0.853068 0.688103 0.502758 0.672 0.756037 0.96
v 0.843412 0.705149 0.502552 0.672 0.756037 0.96
v 0.832931 0.7217 0.502337 0.672 0.756037 0.96
v 0.821651 0.737718 0.502114 0.672 0.756037 0.96
v 0.809599 0.753163 0.501883 0.672 0.756037 0.96
v 0.796803 0.767998 0.501646 0.672 0.756037 0.96
v 0.783295 0.782187 0.501402 0.672 0.756037 0.96
v 0.769108 0.795697 0.501153 0.672 0.756037 0.96
v 0.754275 0.808495 0.500898 0.672 0.756037 0.96
v 0.738832 0.820549 0.500638 0.672 0.756037 0.96
v 0.722816 0.831831 0.500375 0.672 0.756037 0.96
v 0.706266 0.842314 0.500108 0.672 0.756037 0.96
v 0.689222 0.851972 0.499839 0.672 0.756037 0.96
v 0.671725 0.860782 0.499568 0.672 0.756037 0.96
v 0.653817 0.868724 0.499295 0.672 0.756037 0.96
v 0.635541 0.875777 0.499022 0.672 0.756037 0.96
v 0.616941 0.881924 0.498748 0.672 0.756037 0.96
v 0.598062 0.887152 0.498475 0.672 0.756037 0.96
v 0.57895 0.891447 0.498203 0.672 0.756037 0.96
v 0.55965 0.894799 0.497934 0.672 0.756037 0.96
v 0.540209 0.8972 0.497666 0.672 0.756037 0.96
v 0.520675 0.898645 0.497402 0.672 0.756037 0.96
v 0.501092 0.899129 0.497142 0.672 0.756037 0.96
v 0.48151 0.898651 0.496886 0.672 0.756037 0.96
v 0.461976 0.897213 0.496636 0.672 0.756037 0.96
v 0.442535 0.894818 0.496391 0.672 0.756037 0.96
v 0.423236 0.891473 0.496152 0.672 0.756037 0.96
v 0.404124 0.887184 0.49592 0.672 0.756037 0.96
v 0.385247 0.881962 0.495696 0.672 0.756037 0.96
v 0.366648 0.87582 0.495479 0.672 0.756037 0.96
v 0.348373 0.868773 0.495271 0.672 0.756037 0.96
v 0.330466 0.860838 0.495072 0.672 0.756037 0.96
v 0.31297 0.852033 0.494883 0.672 0.756037 0.96
v 0.295928 0.842381 0.494703 0.672 0.756037 0.96
v 0.27938 0.831903 0.494534 0.672 0.756037 0.96
v 0.263366 0.820626 0.494375 0.672 0.756037 0.96
v 0.247925 0.808577 0.494228 0.672 0.756037 0.96
v 0.233094 0.795784 0.494092 0.672 0.756037 0.96
v 0.218909 0.782279 0.493968 0.672 0.756037 0.96
v 0.205403 0.768094 0.493856 0.672 0.756037 0.96
v 0.19261 0.753263 0.493756 0.672 0.756037 0.96
v 0.18056 0.737822 0.493669 0.672 0.756037 0.96
v 0.169283 0.721808 0.493595 0.672 0.756037 0.96
v 0.158804 0.70526 0.493534 0.672 0.756037 0.96
v 0.149151 0.688217 0.493486 0.672 0.756037 0.96
v 0.140345 0.670721 0.493451 0.672 0.756037 0.96
v 0.132409 0.652814 0.493429 0.672 0.756037 0.96
v 0.125361 0.634539 0.493421 0.672 0.756037 0.96
v 0.119218 0.61594 0.493427 0.672 0.756037 0.96
v 0.113995 0.597061 0.493446 0.672 0.756037 0.96
v 0.109705 0.577948 0.493478 0.672 0.756037 0.96
v 0.106358 0.558648 0.493523 0.672 0.756037 0.96
v 0.103962 0.539207 0.493582 0.672 0.756037 0.96
v 0.102522 0.519671 0.493654 0.672 0.756037 0.96
v 0.102043 0.500088 0.493738 0.672 0.756037 0.96
v 0.102526 0.480505 0.493836 0.672 0.756037 0.96
v 0.103968 0.460969 0.493945 0.672 0.756037 0.96
v 0.106367 0.441527 0.494067 0.672 0.756037 0.96
v 0.109718 0.422225 0.494201 0.672 0.756037 0.96
v 0.114011 0.403111 0.494346 0.672 0.756037 0.96
v 0.119237 0.384231 0.494503 0.672 0.756037 0.96
v 0.125383 0.36563 0.49467 0.672 0.756037 0.96
v 0.132434 0.347352 0.494848 0.672 0.756037 0.96
v 0.140373 0.329442 0.495035 0.672 0.756037 0.96
v 0.149182 0.311943 0.495233 0.672 0.756037 0.96
v 0.158838 0.294898 0.495439 0.672 0.756037 0.96
v 0.169319 0.278346 0.495654 0.672 0.756037 0.96
v 0.180599 0.262329 0.495877 0.672 0.756037 0.96
v 0.192651 0.246884 0.496107 0.672 0.756037 0.96
v 0.205447 0.232049 0.496345 0.672 0.756037 0.96
v 0.218955 0.217859 0.496588 0.672 0.756037 0.96
v 0.233142 0.204349 0.496838 0.672 0.756037 0.96
v 0.247975 0.191552 0.497093 0.672 0.756037 0.96
v 0.263418 0.179497 0.497352 0.672 0.756037 0.96
v 0.279434 0.168215 0.497616 0.672 0.756037 0.96
v 0.295984 0.157732 0.497882 0.672 0.756037 0.96
v 0.313028 0.148074 0.498152 0.672 0.756037 0.96
v 0.330525 0.139264 0.498423 0.672 0.756037 0.96
v 0.348433 0.131323 0.498696 0.672 0.756037 0.96
v 0.366709 0.12427 0.498969 0.672 0.756037 0.96
v 0.385309 0.118122 0.499243 0.672 0.756037 0.96
v 0.404187 0.112894 0.499516 0.672 0.756037 0.96
v 0.4233 0.108599 0.499787 0.672 0.756037 0.96
v 0.4426 0.105247 0.500057 0.672 0.756037 0.96
v 0.46204 0.102846 0.500324 0.672 0.756037 0.96
v 0.481575 0.101402 0.500588 0.672 0.756037 0.96
v 0.501157 0.100918 0.500848 0.672 0.756037 0.96
v 0.520739 0.101395 0.501104 0.672 0.756037 0.96
v 0.540274 0.102833 0.501355 0.672 0.756037 0.96
v 0.559715 0.105228 0.5016 0.672 0.756037 0.96
v 0.579014 0.108574 0.501838 0.672 0.756037 0.96
v 0.598125 0.112863 0.50207 0.672 0.756037 0.96
v 0.617003 0.118084 0.502295 0.672 0.756037 0.96
v 0.635602 0.124226 0.502511 0.672 0.756037 0.96
v 0.653877 0.131273 0.502719 0.672 0.756037 0.96
v 0.671784 0.139208 0.502918 0.672 0.756037 0.96
v 0.689279 0.148013 0.503108 0.672 0.756037 0.96
v 0.706322 0.157666 0.503287 0.672 0.756037 0.96
v 0.72287 0.168143 0.503457 0.672 0.756037 0.96
v 0.738884 0.17942 0.503615 0.672 0.756037 0.96
v 0.754325 0.191469 0.503763 0.672 0.756037 0.96
v 0.769156 0.204262 0.503899 0.672 0.756037 0.96
v 0.783341 0.217767 0.504023 0.672 0.756037 0.96
v 0.796847 0.231952 0.504135 0.672 0.756037 0.96
v 0.80964 0.246783 0.504235 0.672 0.756037 0.96
v 0.82169 0.262224 0.504322 0.672 0.756037 0.96
v 0.832967 0.278238 0.504396 0.672 0.756037 0.96
v 0.843445 0.294786 0.504457 0.672 0.756037 0.96
v 0.853099 0.311829 0.504505 0.672 0.756037 0.96
v 0.861904 0.329325 0.50454 0.672 0.756037 0.96
v 0.869841 0.347232 0.504561 0.672 0.756037 0.96
v 0.876889 0.365507 0.504569 0.672 0.756037 0.96
v 0.883032 0.384107 0.504564 0.672 0.756037 0.96
v 0.888255 0.402985 0.504545 0.672 0.756037 0.96
v 0.892545 0.422098 0.504513 0.672 0.756037 0.96
v 0.895892 0.441398 0.504467 0.672 0.756037 0.96
v 0.898288 0.460839 0.504409 0.672 0.756037 0.96
v 0.899728 0.480375 0.504337 0.672 0.756037 0.96
v 0.900247 0.499853 0.51275 0.672 0.756037 0.96
v 0.899765 0.519436 0.512658 0.672 0.756037 0.96
v 0.898322 0.538972 0.512554 0.672 0.756037 0.96
v 0.895923 0.558414 0.512438 0.672 0.756037 0.96
v 0.892573 0.577716 0.512311 0.672 0.756037 0.96
v 0.88828 0.596829 0.512174 0.672 0.756037 0.96
v 0.883054 0.61571 0.512025 0.672 0.756037 0.96
v 0.876908 0.634311 0.511867 0.672 0.756037 0.96
v 0.869857 0.652588 0.511698 0.672 0.756037 0.96
v 0.861918 0.670498 0.51152 0.672 0.756037 0.96
v 0.853109 0.687997 0.511333 0.672 0.756037 0.96
v 0.843453 0.705042 0.511137 0.672 0.756037 0.96
v 0.832972 0.721594 0.510933 0.672 0.756037 0.96
v 0.821692 0.737611 0.510722 0.672 0.756037 0.96
v 0.80964 0.753056 0.510504 0.672 0.756037 0.96
v 0.796844 0.767891 0.510278 0.672 0.756037 0.96
v 0.783337 0.78208 0.510047 0.672 0.756037 0.96
v 0.769149 0.79559 0.509811 0.672 0.756037 0.96
v 0.754316 0.808387 0.509569 0.672 0.756037 0.96
v 0.738873 0.820441 0.509323 0.672 0.756037 0.96
v 0.722857 0.831723 0.509073 0.672 0.756037 0.96
v 0.706308 0.842206 0.508821 0.672 0.756037 0.96
v 0.689264 0.851864 0.508565 0.672 0.756037 0.96
v 0.671767 0.860674 0.508308 0.672 0.756037 0.96
v 0.653859 0.868615 0.508049 0.672 0.756037 0.96
v 0.635583 0.875668 0.50779 0.672 0.756037 0.96
v 0.616983 0.881816 0.507531 0.672 0.756037 0.96
v 0.598104 0.887043 0.507272 0.672 0.756037 0.96
v 0.578992 0.891338 0.507014 0.672 0.756037 0.96
v 0.559692 0.89469 0.506759 0.672 0.756037 0.96
v 0.540252 0.897091 0.506505 0.672 0.756037 0.96
v 0.520717 0.898535 0.506255 0.672 0.756037 0.96
v 0.501135 0.899019 0.506008 0.672 0.756037 0.96
v 0.481553 0.898541 0.505766 0.672 0.756037 0.96
v 0.462018 0.897103 0.505528 0.672 0.756037 0.96
v 0.442578 0.894708 0.505296 0.672 0.756037 0.96
v 0.423279 0.891362 0.50507 0.672 0.756037 0.96
v 0.404167 0.887073 0.50485 0.672 0.756037 0.96
v 0.385289 0.881851 0.504637 0.672 0.756037 0.96
v 0.366691 0.87571 0.504432 0.672 0.756037 0.96
v 0.348416 0.868662 0.504235 0.672 0.756037 0.96
v 0.330509 0.860727 0.504047 0.672 0.756037 0.96
v 0.313013 0.851922 0.503867 0.672 0.756037 0.96
v 0.295971 0.842269 0.503697 0.672 0.756037 0.96
v 0.279423 0.831792 0.503536 0.672 0.756037 0.96
v 0.263409 0.820515 0.503386 0.672 0.756037 0.96
v 0.247968 0.808466 0.503246 0.672 0.756037 0.96
v 0.233137 0.795673 0.503117 0.672 0.756037 0.96
v 0.218952 0.782168 0.503 0.672 0.756037 0.96
v 0.205446 0.767982 0.502893 0.672 0.756037 0.96
v 0.192653 0.753151 0.502799 0.672 0.756037 0.96
v 0.180603 0.73771 0.502717 0.672 0.756037 0.96
v 0.169326 0.721696 0.502646 0.672 0.756037 0.96
v 0.158848 0.705148 0.502588 0.672 0.756037 0.96
v 0.149194 0.688105 0.502543 0.672 0.756037 0.96
v 0.140389 0.670609 0.50251 0.672 0.756037 0.96
v 0.132452 0.652702 0.50249 0.672 0.756037 0.96
v 0.125404 0.634427 0.502482 0.672 0.756037 0.96
v 0.119261 0.615827 0.502488 0.672 0.756037 0.96
v 0.114039 0.596949 0.502506 0.672 0.756037 0.96
v 0.109748 0.577836 0.502536 0.672 0.756037 0.96
v 0.106401 0.558536 0.502579 0.672 0.756037 0.96
v 0.104005 0.539095 0.502635 0.672 0.756037 0.96
v 0.102566 0.519559 0.502703 0.672 0.756037 0.96
v 0.102087 0.499976 0.502784 0.672 0.756037 0.96
v 0.102569 0.480393 0.502876 0.672 0.756037 0.96
v 0.104011 0.460857 0.50298 0.672 0.756037 0.96
v 0.106411 0.441415 0.503096 0.672 0.756037 0.96
v 0.109761 0.422114 0.503222 0.672 0.756037 0.96
v 0.114054 0.403 0.50336 0.672 0.756037 0.96
v 0.11928 0.38412 0.503509 0.672 0.756037 0.96
v 0.125426 0.365519 0.503667 0.672 0.756037 0.96
v 0.132477 0.347241 0.503836 0.672 0.756037 0.96
v 0.140416 0.329331 0.504014 0.672 0.756037 0.96
v 0.149225 0.311833 0.504201 0.672 0.756037 0.96
v 0.158881 0.294787 0.504397 0.672 0.756037 0.96
v 0.169361 0.278235 0.5046 0.672 0.756037 0.96
v 0.180642 0.262218 0.504812 0.672 0.756037 0.96
v 0.192694 0.246773 0.50503 0.672 0.756037 0.96
v 0.205489 0.231938 0.505255 0.672 0.756037 0.96
v 0.218997 0.217749 0.505487 0.672 0.756037 0.96
v 0.233185 0.204239 0.505723 0.672 0.756037 0.96
v 0.248018 0.191442 0.505965 0.672 0.756037 0.96
v 0.263461 0.179388 0.506211 0.672 0.756037 0.96
v 0.279476 0.168106 0.506461 0.672 0.756037 0.96
v 0.296026 0.157623 0.506713 0.672 0.756037 0.96
v 0.31307 0.147965 0.506969 0.672 0.756037 0.96
v 0.330567 0.139155 0.507226 0.672 0.756037 0.96
v 0.348475 0.131214 0.507485 0.672 0.756037 0.96
v 0.366751 0.124161 0.507744 0.672 0.756037 0.96
v 0.385351 0.118014 0.508003 0.672 0.756037 0.96
v 0.404229 0.112786 0.508262 0.672 0.756037 0.96
v 0.423342 0.108491 0.50852 0.672 0.756037 0.96
v 0.442641 0.105139 0.508775 0.672 0.756037 0.96
v 0.462082 0.102738 0.509029 0.672 0.756037 0.96
v 0.481617 0.101294 0.509279 0.672 0.756037 0.96
v 0.501199 0.10081 0.509526 0.672 0.756037 0.96
v 0.520781 0.101288 0.509768 0.672 0.756037 0.96
v 0.540315 0.102726 0.510005 0.672 0.756037 0.96
v 0.559756 0.105121 0.510238 0.672 0.756037 0.96
v 0.579055 0.108467 0.510464 0.672 0.756037 0.96
v 0.598167 0.112756 0.510684 0.672 0.756037 0.96
v 0.617044 0.117978 0.510896 0.672 0.756037 0.96
v 0.635643 0.12412 0.511102 0.672 0.756037 0.96
v 0.653918 0.131167 0.511299 0.672 0.756037 0.96
v 0.671825 0.139102 0.511487 0.672 0.756037 0.96
v 0.68932 0.147907 0.511667 0.672 0.756037 0.96
v 0.706363 0.15756 0.511837 0.672 0.756037 0.96
v 0.722911 0.168037 0.511998 0.672 0.756037 0.96
v 0.738925 0.179314 0.512148 0.672 0.756037 0.96
v 0.754366 0.191364 0.512288 0.672 0.756037 0.96
v 0.769197 0.204157 0.512417 0.672 0.756037 0.96
v 0.783382 0.217662 0.512534 0.672 0.756037 0.96
v 0.796887 0.231847 0.51264 0.672 0.756037 0.96
v 0.809681 0.246678 0.512735 0.672 0.756037 0.96
v 0.82173 0.262119 0.512817 0.672 0.756037 0.96
v 0.833008 0.278133 0.512887 0.672 0.756037 0.96
v 0.843486 0.294681 0.512945 0.672 0.756037 0.96
v 0.853139 0.311724 0.512991 0.672 0.756037 0.96
v 0.861945 0.32922 0.513024 0.672 0.756037 0.96
v 0.869881 0.347127 0.513044 0.672 0.756037 0.96
v 0.876929 0.365403 0.513051 0.672 0.756037 0.96
v 0.883072 0.384002 0.513046 0.672 0.756037 0.96
v 0.888295 0.40288 0.513028 0.672 0.756037 0.96
v 0.892585 0.421993 0.512998 0.672 0.756037 0.96
v 0.895933 0.441293 0.512954 0.672 0.756037 0.96
v 0.898329 0.460734 0.512899 0.672 0.756037 0.96
v 0.899768 0.48027 0.512831 0.672 0.756037 0.96
v 0.900288 0.499748 0.521248 0.672 0.756037 0.96
v 0.899806 0.519331 0.521161 0.672 0.756037 0.96
v 0.898363 0.538867 0.521063 0.672 0.756037 0.96
v 0.895964 0.558309 0.520953 0.672 0.756037 0.96
v 0.892614 0.57761 0.520833 0.672 0.756037 0.96
v 0.88832 0.596724 0.520703 0.672 0.756037 0.96
v 0.883095 0.615604 0.520563 0.672 0.756037 0.96
v 0.876949 0.634205 0.520413 0.672 0.756037 0.96
v 0.869898 0.652483 0.520253 0.672 0.756037 0.96
v 0.861959 0.670392 0.520085 0.672 0.756037 0.96
v 0.85315 0.687891 0.519908 0.672 0.756037 0.96
v 0.843494 0.704936 0.519723 0.672 0.756037 0.96
v 0.833013 0.721488 0.51953 0.672 0.756037 0.96
v 0.821733 0.737505 0.51933 0.672 0.756037 0.96
v 0.809681 0.75295 0.519124 0.672 0.756037 0.96
v 0.796886 0.767784 0.518911 0.672 0.756037 0.96
v 0.783378 0.781974 0.518692 0.672 0.756037 0.96
v 0.769191 0.795483 0.518469 0.672 0.756037 0.96
v 0.754358 0.80828 0.51824 0.672 0.756037 0.96
v 0.738915 0.820334 0.518008 0.672 0.756037 0.96
v 0.722899 0.831616 0.517772 0.672 0.756037 0.96
v 0.706349 0.842098 0.517533 0.672 0.756037 0.96
v 0.689306 0.851756 0.517291 0.672 0.756037 0.96
v 0.671809 0.860566 0.517048 0.672 0.756037 0.96
v 0.653901 0.868507 0.516804 0.672 0.756037 0.96
v 0.635625 0.87556 0.516559 0.672 0.756037 0.96
v 0.617025 0.881707 0.516313 0.672 0.756037 0.96
v 0.598147 0.886935 0.516069 0.672 0.756037 0.96
v 0.579034 0.891229 0.515825 0.672 0.756037 0.96
v 0.559735 0.894581 0.515584 0.672 0.756037 0.96
v 0.540294 0.896982 0.515344 0.672 0.756037 0.96
v 0.520759 0.898426 0.515108 0.672 0.756037 0.96
v 0.501177 0.898909 0.514875 0.672 0.756037 0.96
v 0.481595 0.898431 0.514645 0.672 0.756037 0.96
v 0.462061 0.896993 0.514421 0.672 0.756037 0.96
v 0.442621 0.894598 0.514201 0.672 0.756037 0.96
v 0.423321 0.891252 0.513988 0.672 0.756037 0.96
v 0.40421 0.886963 0.51378 0.672 0.756037 0.96
v 0.385332 0.881741 0.513579 0.672 0.756037 0.96
v 0.366733 0.875599 0.513385 0.672 0.756037 0.96
v 0.348459 0.868552 0.513199 0.672 0.756037 0.96
v 0.330552 0.860616 0.513021 0.672 0.756037 0.96
v 0.313056 0.851811 0.512851 0.672 0.756037 0.96
v 0.296014 0.842158 0.51269 0.672 0.756037 0.96
v 0.279466 0.831681 0.512538 0.672 0.756037 0.96
v 0.263452 0.820403 0.512396 0.672 0.756037 0.96
v 0.248011 0.808354 0.512264 0.672 0.756037 0.96
v 0.23318 0.795561 0.512143 0.672 0.756037 0.96
v 0.218995 0.782056 0.512032 0.672 0.756037 0.96
v 0.20549 0.767871 0.511931 0.672 0.756037 0.96
v 0.192697 0.75304 0.511842 0.672 0.756037 0.96
v 0.180647 0.737598 0.511764 0.672 0.756037 0.96
v 0.169369 0.721584 0.511698 0.672 0.756037 0.96
v 0.158891 0.705036 0.511643 0.672 0.756037 0.96
v 0.149238 0.687993 0.5116 0.672 0.756037 0.96
v 0.140432 0.670497 0.511569 0.672 0.756037 0.96
v 0.132496 0.65259 0.51155 0.672 0.756037 0.96
v 0.125448 0.634315 0.511543 0.672 0.756037 0.96
v 0.119305 0.615715 0.511548 0.672 0.756037 0.96
v 0.114082 0.596837 0.511566 0.672 0.756037 0.96
v 0.109792 0.577724 0.511595 0.672 0.756037 0.96
v 0.106445 0.558424 0.511636 0.672 0.756037 0.96
v 0.104048 0.538983 0.511688 0.672 0.756037 0.96
v 0.102609 0.519447 0.511753 0.672 0.756037 0.96
v 0.10213 0.499864 0.511829 0.672 0.756037 0.96
v 0.102612 0.480281 0.511916 0.672 0.756037 0.96
v 0.104055 0.460745 0.512014 0.672 0.756037 0.96
v 0.106454 0.441303 0.512124 0.672 0.756037 0.96
v 0.109804 0.422002 0.512244 0.672 0.756037 0.96
v 0.114097 0.402889 0.512374 0.672 0.756037 0.96
v 0.119323 0.384008 0.512515 0.672 0.756037 0.96
v 0.125469 0.365407 0.512665 0.672 0.756037 0.96
v 0.13252 0.34713 0.512824 0.672 0.756037 0.96
v 0.140459 0.32922 0.512992 0.672 0.756037 0.96
v 0.149267 0.311722 0.513169 0.672 0.756037 0.96
v 0.158924 0.294676 0.513354 0.672 0.756037 0.96
v 0.169404 0.278125 0.513547 0.672 0.756037 0.96
v 0.180684 0.262108 0.513747 0.672 0.756037 0.96
v 0.192737 0.246663 0.513953 0.672 0.756037 0.96
v 0.205532 0.231828 0.514166 0.672 0.756037 0.96
v 0.21904 0.217639 0.514385 0.672 0.756037 0.96
v 0.233227 0.204129 0.514609 0.672 0.756037 0.96
v 0.24806 0.191332 0.514837 0.672 0.756037 0.96
v 0.263503 0.179278 0.515069 0.672 0.756037 0.96
v 0.279519 0.167997 0.515305 0.672 0.756037 0.96
v 0.296068 0.157514 0.515544 0.672 0.756037 0.96
v 0.313112 0.147856 0.515786 0.672 0.756037 0.96
v 0.330609 0.139046 0.516029 0.672 0.756037 0.96
v 0.348517 0.131105 0.516274 0.672 0.756037 0.96
v 0.366793 0.124053 0.516519 0.672 0.756037 0.96
v 0.385393 0.117905 0.516764 0.672 0.756037 0.96
v 0.404271 0.112678 0.517008 0.672 0.756037 0.96
v 0.423383 0.108383 0.517252 0.672 0.756037 0.96
v 0.442683 0.105031 0.517493 0.672 0.756037 0.96
v 0.462124 0.102631 0.517733 0.672 0.756037 0.96
v 0.481659 0.101187 0.517969 0.672 0.756037 0.96
v 0.50124 0.100703 0.518203 0.672 0.756037 0.96
v 0.520822 0.101181 0.518432 0.672 0.756037 0.96
v 0.540357 0.102619 0.518656 0.672 0.756037 0.96
v 0.559797 0.105014 0.518876 0.672 0.756037 0.96
v 0.579096 0.10836 0.519089 0.672 0.756037 0.96
v 0.598208 0.11265 0.519297 0.672 0.756037 0.96
v 0.617086 0.117872 0.519498 0.672 0.756037 0.96
v 0.635684 0.124013 0.519692 0.672 0.756037 0.96
v 0.653959 0.131061 0.519878 0.672 0.756037 0.96
v 0.671866 0.138996 0.520057 0.672 0.756037 0.96
v 0.689361 0.147801 0.520226 0.672 0.756037 0.96
v 0.706404 0.157454 0.520387 0.672 0.756037 0.96
v 0.722952 0.167932 0.520539 0.672 0.756037 0.96
v 0.738965 0.179209 0.520681 0.672 0.756037 0.96
v 0.754406 0.191258 0.520813 0.672 0.756037 0.96
v 0.769237 0.204051 0.520934 0.672 0.756037 0.96
v 0.783423 0.217557 0.521046 0.672 0.756037 0.96
v 0.796928 0.231742 0.521146 0.672 0.756037 0.96
v 0.809721 0.246573 0.521235 0.672 0.756037 0.96
v 0.821771 0.262014 0.521313 0.672 0.756037 0.96
v 0.833049 0.278028 0.521379 0.672 0.756037 0.96
v 0.843527 0.294576 0.521434 0.672 0.756037 0.96
v 0.85318 0.311619 0.521477 0.672 0.756037 0.96
v 0.861986 0.329115 0.521508 0.672 0.756037 0.96
v 0.869922 0.347022 0.521527 0.672 0.756037 0.96
v 0.87697 0.365298 0.521534 0.672 0.756037 0.96
v 0.883113 0.383897 0.521529 0.672 0.756037 0.96
v 0.888336 0.402776 0.521512 0.672 0.756037 0.96
v 0.892626 0.421888 0.521483 0.672 0.756037 0.96
v 0.895973 0.441188 0.521442 0.672 0.756037 0.96
v 0.898369 0.460629 0.521389 0.672 0.756037 0.96
v 0.899809 0.480165 0.521324 0.672 0.756037 0.96
v 0.900329 0.499643 0.529747 0.672 0.756037 0.96
v 0.899846 0.519226 0.529664 0.672 0.756037 0.96
v 0.898404 0.538762 0.529571 0.672 0.756037 0.96
v 0.896005 0.558204 0.529468 0.672 0.756037 0.96
v 0.892654 0.577505 0.529355 0.672 0.756037 0.96
v 0.888361 0.596618 0.529232 0.672 0.756037 0.96
v 0.883135 0.615498 0.5291 0.672 0.756037 0.96
v 0.87699 0.634099 0.528958 0.672 0.756037 0.96
v 0.869939 0.652377 0.528808 0.672 0.756037 0.96
v 0.862 0.670286 0.52865 0.672 0.756037 0.96
v 0.853191 0.687785 0.528483 0.672 0.756037 0.96
v 0.843535 0.70483 0.528308 0.672 0.756037 0.96
v 0.833055 0.721381 0.528127 0.672 0.756037 0.96
v 0.821775 0.737398 0.527939 0.672 0.756037 0.96
v 0.809722 0.752843 0.527744 0.672 0.756037 0.96
v 0.796927 0.767678 0.527543 0.672 0.756037 0.96
v 0.783419 0.781867 0.527337 0.672 0.756037 0.96
v 0.769232 0.795376 0.527127 0.672 0.756037 0.96
v 0.754399 0.808173 0.526911 0.672 0.756037 0.96
v 0.738956 0.820227 0.526692 0.672 0.756037 0.96
v 0.722941 0.831508 0.52647 0.672 0.756037 0.96
v 0.706391 0.841991 0.526245 0.672 0.756037 0.96
v 0.689347 0.851648 0.526017 0.672 0.756037 0.96
v 0.67185 0.860458 0.525788 0.672 0.756037 0.96
v 0.653943 0.868399 0.525558 0.672 0.756037 0.96
v 0.635667 0.875451 0.525327 0.672 0.756037 0.96
v 0.617067 0.881599 0.525096 0.672 0.756037 0.96
v 0.598189 0.886826 0.524866 0.672 0.756037 0.96
v 0.579077 0.89112 0.524636 0.672 0.756037 0.96
v 0.559777 0.894472 0.524409 0.672 0.756037 0.96
v 0.540336 0.896872 0.524183 0.672 0.756037 0.96
v 0.520802 0.898316 0.52396 0.672 0.756037 0.96
v 0.50122 0.8988 0.523741 0.672 0.756037 0.96
v 0.481638 0.898322 0.523525 0.672 0.756037 0.96
v 0.462103 0.896883 0.523313 0.672 0.756037 0.96
v 0.442663 0.894488 0.523107 0.672 0.756037 0.96
v 0.423364 0.891142 0.522905 0.672 0.756037 0.96
v 0.404253 0.886852 0.52271 0.672 0.756037 0.96
v 0.385375 0.88163 0.522521 0.672 0.756037 0.96
v 0.366776 0.875488 0.522338 0.672 0.756037 0.96
v 0.348502 0.868441 0.522163 0.672 0.756037 0.96
v 0.330595 0.860505 0.521995 0.672 0.756037 0.96
v 0.313099 0.8517 0.521835 0.672 0.756037 0.96
v 0.296057 0.842047 0.521683 0.672 0.756037 0.96
v 0.279509 0.831569 0.521541 0.672 0.756037 0.96
v 0.263496 0.820292 0.521407 0.672 0.756037 0.96
v 0.248055 0.808242 0.521283 0.672 0.756037 0.96
v 0.233224 0.79545 0.521168 0.672 0.756037 0.96
v 0.219038 0.781944 0.521063 0.672 0.756037 0.96
v 0.205533 0.767759 0.520969 0.672 0.756037 0.96
v 0.19274 0.752928 0.520885 0.672 0.756037 0.96
v 0.18069 0.737487 0.520812 0.672 0.756037 0.96
v 0.169413 0.721472 0.52075 0.672 0.756037 0.96
v 0.158934 0.704924 0.520698 0.672 0.756037 0.96
v 0.149281 0.687881 0.520658 0.672 0.756037 0.96
v 0.140476 0.670385 0.520629 0.672 0.756037 0.96
v 0.132539 0.652478 0.520611 0.672 0.756037 0.96
v 0.125491 0.634203 0.520604 0.672 0.756037 0.96
v 0.119348 0.615603 0.520609 0.672 0.756037 0.96
v 0.114125 0.596725 0.520625 0.672 0.756037 0.96
v 0.109835 0.577612 0.520653 0.672 0.756037 0.96
v 0.106488 0.558312 0.520692 0.672 0.756037 0.96
v 0.104092 0.538871 0.520741 0.672 0.756037 0.96
v 0.102652 0.519336 0.520802 0.672 0.756037 0.96
v 0.102173 0.499753 0.520874 0.672 0.756037 0.96
v 0.102655 0.48017 0.520956 0.672 0.756037 0.96
v 0.104098 0.460634 0.521049 0.672 0.756037 0.96
v 0.106497 0.441192 0.521152 0.672 0.756037 0.96
v 0.109847 0.421891 0.521265 0.672 0.756037 0.96
v 0.11414 0.402777 0.521388 0.672 0.756037 0.96
v 0.119366 0.383897 0.52152 0.672 0.756037 0.96
v 0.125512 0.365296 0.521662 0.672 0.756037 0.96
v 0.132563 0.347019 0.521812 0.672 0.756037 0.96
v 0.140502 0.329109 0.521971 0.672 0.756037 0.96
v 0.14931 0.311611 0.522137 0.672 0.756037 0.96
v 0.158966 0.294565 0.522312 0.672 0.756037 0.96
v 0.169447 0.278014 0.522493 0.672 0.756037 0.96
v 0.180727 0.261997 0.522682 0.672 0.756037 0.96
v 0.192779 0.246553 0.522876 0.672 0.756037 0.96
v 0.205575 0.231718 0.523077 0.672 0.756037 0.96
v 0.219082 0.217529 0.523283 0.672 0.756037 0.96
v 0.23327 0.20402 0.523494 0.672 0.756037 0.96
v 0.248103 0.191223 0.523709 0.672 0.756037 0.96
v 0.263545 0.179169 0.523928 0.672 0.756037 0.96
v 0.279561 0.167887 0.52415 0.672 0.756037 0.96
v 0.296111 0.157405 0.524376 0.672 0.756037 0.96
v 0.313154 0.147747 0.524603 0.672 0.756037 0.96
v 0.330651 0.138937 0.524832 0.672 0.756037 0.96
v 0.348559 0.130997 0.525062 0.672 0.756037 0.96
v 0.366835 0.123944 0.525293 0.672 0.756037 0.96
v 0.385434 0.117797 0.525524 0.672 0.756037 0.96
v 0.404313 0.11257 0.525755 0.672 0.756037 0.96
v 0.423425 0.108275 0.525984 0.672 0.756037 0.96
v 0.442725 0.104924 0.526212 0.672 0.756037 0.96
v 0.462165 0.102523 0.526437 0.672 0.756037 0.96
v 0.4817 0.101079 0.52666 0.672 0.756037 0.96
v 0.501282 0.100596 0.52688 0.672 0.756037 0.96
v 0.520864 0.101074 0.527095 0.672 0.756037 0.96
v 0.540398 0.102512 0.527307 0.672 0.756037 0.96
v 0.559838 0.104908 0.527514 0.672 0.756037 0.96
v 0.579138 0.108254 0.527715 0.672 0.756037 0.96
v 0.598249 0.112543 0.527911 0.672 0.756037 0.96
v 0.617127 0.117765 0.5281 0.672 0.756037 0.96
v 0.635725 0.123907 0.528282 0.672 0.756037 0.96
v 0.654 0.130955 0.528458 0.672 0.756037 0.96
v 0.671907 0.13889 0.528626 0.672 0.756037 0.96
v 0.689402 0.147695 0.528786 0.672 0.756037 0.96
v 0.706445 0.157348 0.528937 0.672 0.756037 0.96
v 0.722992 0.167826 0.52908 0.672 0.756037 0.96
v 0.739006 0.179103 0.529213 0.672 0.756037 0.96
v 0.754447 0.191153 0.529338 0.672 0.756037 0.96
v 0.769278 0.203946 0.529452 0.672 0.756037 0.96
v 0.783463 0.217451 0.529557 0.672 0.756037 0.96
v 0.796969 0.231637 0.529651 0.672 0.756037 0.96
v 0.809762 0.246468 0.529735 0.672 0.756037 0.96
v 0.821812 0.261909 0.529808 0.672 0.756037 0.96
v 0.833089 0.277923 0.529871 0.672 0.756037 0.96
v 0.843567 0.294471 0.529922 0.672 0.756037 0.96
v 0.853221 0.311514 0.529962 0.672 0.756037 0.96
v 0.862026 0.32901 0.529992 0.672 0.756037 0.96
v 0.869963 0.346917 0.530009 0.672 0.756037 0.96
v 0.877011 0.365193 0.530016 0.672 0.756037 0.96
v 0.883153 0.383792 0.530011 0.672 0.756037 0.96
v 0.888376 0.402671 0.529995 0.672 0.756037 0.96
v 0.892667 0.421783 0.529967 0.672 0.756037 0.96
v 0.896014 0.441083 0.529929 0.672 0.756037 0.96
v 0.89841 0.460524 0.529879 0.672 0.756037 0.96
v 0.899849 0.48006 0.529818 0.672 0.756037 0.96
v 0.900369 0.499538 0.538245 0.672 0.756037 0.96
v 0.899887 0.519121 0.538167 0.672 0.756037 0.96
v 0.898445 0.538657 0.53808 0.672 0.756037 0.96
v 0.896045 0.558099 0.537983 0.672 0.756037 0.96
v 0.892695 0.5774 0.537877 0.672 0.756037 0.96
v 0.888402 0.596513 0.537761 0.672 0.756037 0.96
v 0.883176 0.615393 0.537637 0.672 0.756037 0.96
v 0.877031 0.633994 0.537504 0.672 0.756037 0.96
v 0.86998 0.652271 0.537363 0.672 0.756037 0.96
v 0.862041 0.67018 0.537214 0.672 0.756037 0.96
v 0.853232 0.687679 0.537058 0.672 0.756037 0.96
v 0.843576 0.704724 0.536894 0.672 0.756037 0.96
v 0.833096 0.721275 0.536724 0.672 0.756037 0.96
v 0.821816 0.737292 0.536547 0.672 0.756037 0.96
v 0.809764 0.752736 0.536364 0.672 0.756037 0.96
v 0.796968 0.767571 0.536176 0.672 0.756037 0.96
v 0.783461 0.78176 0.535982 0.672 0.756037 0.96
v 0.769273 0.795269 0.535785 0.672 0.756037 0.96
v 0.754441 0.808066 0.535583 0.672 0.756037 0.96
v 0.738998 0.820119 0.535377 0.672 0.756037 0.96
v 0.722982 0.831401 0.535168 0.672 0.756037 0.96
v 0.706433 0.841883 0.534957 0.672 0.756037 0.96
v 0.689389 0.85154 0.534743 0.672 0.756037 0.96
v 0.671892 0.86035 0.534528 0.672 0.756037 0.96
v 0.653984 0.868291 0.534312 0.672 0.756037 0.96
v 0.635709 0.875343 0.534096 0.672 0.756037 0.96
v 0.617109 0.88149 0.533879 0.672 0.756037 0.96
v 0.598231 0.886717 0.533663 0.672 0.756037 0.96
v 0.579119 0.891011 0.533447 0.672 0.756037 0.96
v 0.559819 0.894363 0.533234 0.672 0.756037 0.96
v 0.540379 0.896763 0.533022 0.672 0.756037 0.96
v 0.520844 0.898207 0.532813 0.672 0.756037 0.96
v 0.501262 0.89869 0.532607 0.672 0.756037 0.96
v 0.48168 0.898212 0.532404 0.672 0.756037 0.96
v 0.462146 0.896773 0.532206 0.672 0.756037 0.96
v 0.442706 0.894378 0.532012 0.672 0.756037 0.96
v 0.423407 0.891031 0.531823 0.672 0.756037 0.96
v 0.404295 0.886742 0.53164 0.672 0.756037 0.96
v 0.385418 0.88152 0.531462 0.672 0.756037 0.96
v 0.366819 0.875378 0.531291 0.672 0.756037 0.96
v 0.348545 0.86833 0.531126 0.672 0.756037 0.96
v 0.330638 0.860394 0.530969 0.672 0.756037 0.96
v 0.313142 0.851589 0.530819 0.672 0.756037 0.96
v 0.2961 0.841936 0.530677 0.672 0.756037 0.96
v 0.279552 0.831458 0.530543 0.672 0.756037 0.96
v 0.263539 0.820181 0.530417 0.672 0.756037 0.96
v 0.248098 0.808131 0.530301 0.672 0.756037 0.96
v 0.233267 0.795338 0.530193 0.672 0.756037 0.96
v 0.219081 0.781833 0.530095 0.672 0.756037 0.96
v 0.205576 0.767647 0.530007 0.672 0.756037 0.96
v 0.192783 0.752816 0.529928 0.672 0.756037 0.96
v 0.180733 0.737375 0.52986 0.672 0.756037 0.96
v 0.169456 0.721361 0.529801 0.672 0.756037 0.96
v 0.158978 0.704812 0.529753 0.672 0.756037 0.96
v 0.149324 0.687769 0.529715 0.672 0.756037 0.96
v 0.140519 0.670273 0.529688 0.672 0.756037 0.96
v 0.132583 0.652366 0.529671 0.672 0.756037 0.96
v 0.125534 0.634091 0.529665 0.672 0.756037 0.96
v 0.119392 0.615491 0.52967 0.672 0.756037 0.96
v 0.114169 0.596613 0.529685 0.672 0.756037 0.96
v 0.109879 0.5775 0.529711 0.672 0.756037 0.96
v 0.106531 0.5582 0.529748 0.672 0.756037 0.96
v 0.104135 0.538759 0.529794 0.672 0.756037 0.96
v 0.102696 0.519224 0.529852 0.672 0.756037 0.96
v 0.102216 0.499641 0.529919 0.672 0.756037 0.96
v 0.102699 0.480058 0.529996 0.672 0.756037 0.96
v 0.104141 0.460522 0.530084 0.672 0.756037 0.96
v 0.10654 0.44108 0.53018 0.672 0.756037 0.96
v 0.10989 0.421779 0.530287 0.672 0.756037 0.96
v 0.114184 0.402666 0.530402 0.672 0.756037 0.96
v 0.119409 0.383786 0.530526 0.672 0.756037 0.96
v 0.125555 0.365185 0.530659 0.672 0.756037 0.96
v 0.132606 0.346908 0.5308 0.672 0.756037 0.96
v 0.140545 0.328998 0.530949 0.672 0.756037 0.96
v 0.149353 0.3115 0.531106 0.672 0.756037 0.96
v 0.159009 0.294455 0.531269 0.672 0.756037 0.96
v 0.16949 0.277904 0.53144 0.672 0.756037 0.96
v 0.18077 0.261887 0.531617 0.672 0.756037 0.96
v 0.192822 0.246442 0.5318 0.672 0.756037 0.96
v 0.205617 0.231608 0.531988 0.672 0.756037 0.96
v 0.219125 0.217419 0.532181 0.672 0.756037 0.96
v 0.233312 0.20391 0.532379 0.672 0.756037 0.96
v 0.248145 0.191113 0.532581 0.672 0.756037 0.96
v 0.263588 0.179059 0.532787 0.672 0.756037 0.96
v 0.279603 0.167778 0.532995 0.672 0.756037 0.96
v 0.296153 0.157296 0.533207 0.672 0.756037 0.96
v 0.313197 0.147638 0.53342 0.672 0.756037 0.96
v 0.330693 0.138829 0.533635 0.672 0.756037 0.96
v 0.348601 0.130888 0.533851 0.672 0.756037 0.96
v 0.366877 0.123836 0.534068 0.672 0.756037 0.96
v 0.385476 0.117689 0.534285 0.672 0.756037 0.96
v 0.404355 0.112462 0.534501 0.672 0.756037 0.96
v 0.423467 0.108167 0.534716 0.672 0.756037 0.96
v 0.442766 0.104816 0.53493 0.672 0.756037 0.96
v 0.462207 0.102415 0.535142 0.672 0.756037 0.96
v 0.481742 0.100972 0.535351 0.672 0.756037 0.96
v 0.501323 0.100489 0.535557 0.672 0.756037 0.96
v 0.520905 0.100967 0.535759 0.672 0.756037 0.96
v 0.54044 0.102405 0.535958 0.672 0.756037 0.96
v 0.55988 0.104801 0.536151 0.672 0.756037 0.96
v 0.579179 0.108147 0.53634 0.672 0.756037 0.96
v 0.59829 0.112437 0.536524 0.672 0.756037 0.96
v 0.617168 0.117659 0.536702 0.672 0.756037 0.96
v 0.635766 0.123801 0.536873 0.672 0.756037 0.96
v 0.654041 0.130849 0.537037 0.672 0.756037 0.96
v 0.671948 0.138785 0.537195 0.672 0.756037 0.96
v 0.689443 0.14759 0.537345 0.672 0.756037 0.96
v 0.706485 0.157243 0.537487 0.672 0.756037 0.96
v 0.723033 0.167721 0.537621 0.672 0.756037 0.96
v 0.739047 0.178998 0.537746 0.672 0.756037 0.96
v 0.754488 0.191048 0.537863 0.672 0.756037 0.96
v 0.769319 0.203841 0.53797 0.672 0.756037 0.96
v 0.783504 0.217346 0.538068 0.672 0.756037 0.96
v 0.79701 0.231532 0.538157 0.672 0.756037 0.96
v 0.809803 0.246363 0.538235 0.672 0.756037 0.96
v 0.821852 0.261804 0.538304 0.672 0.756037 0.96
v 0.83313 0.277818 0.538362 0.672 0.756037 0.96
v 0.843608 0.294366 0.538411 0.672 0.756037 0.96
v 0.853261 0.311409 0.538448 0.672 0.756037 0.96
v 0.862067 0.328905 0.538476 0.672 0.756037 0.96
v 0.870003 0.346813 0.538492 0.672 0.756037 0.96
v 0.877051 0.365088 0.538498 0.672 0.756037 0.96
v 0.883194 0.383687 0.538493 0.672 0.756037 0.96
v 0.888417 0.402566 0.538478 0.672 0.756037 0.96
v 0.892707 0.421678 0.538452 0.672 0.756037 0.96
v 0.896054 0.440978 0.538416 0.672 0.756037 0.96
v 0.898451 0.460419 0.538369 0.672 0.756037 0.96
v 0.89989 0.479955 0.538312 0.672 0.756037 0.96
v 0.90041 0.499433 0.546743 0.672 0.756037 0.96
v 0.899928 0.519016 0.54667 0.672 0.756037 0.96
v 0.898485 0.538552 0.546589 0.672 0.756037 0.96
v 0.896086 0.557993 0.546498 0.672 0.756037 0.96
v 0.892736 0.577294 0.546399 0.672 0.756037 0.96
v 0.888443 0.596407 0.546291 0.672 0.756037 0.96
v 0.883217 0.615287 0.546175 0.672 0.756037 0.96
v 0.877071 0.633888 0.54605 0.672 0.756037 0.96
v 0.870021 0.652165 0.545918 0.672 0.756037 0.96
v 0.862082 0.670074 0.545779 0.672 0.756037 0.96
v 0.853273 0.687573 0.545633 0.672 0.756037 0.96
v 0.843617 0.704618 0.54548 0.672 0.756037 0.96
v 0.833137 0.721169 0.54532 0.672 0.756037 0.96
v 0.821857 0.737186 0.545155 0.672 0.756037 0.96
v 0.809805 0.75263 0.544984 0.672 0.756037 0.96
v 0.79701 0.767464 0.544808 0.672 0.756037 0.96
v 0.783502 0.781653 0.544628 0.672 0.756037 0.96
v 0.769315 0.795162 0.544443 0.672 0.756037 0.96
v 0.754482 0.807958 0.544254 0.672 0.756037 0.96
v 0.739039 0.820012 0.544062 0.672 0.756037 0.96
v 0.723024 0.831293 0.543867 0.672 0.756037 0.96
v 0.706474 0.841775 0.543669 0.672 0.756037 0.96
v 0.689431 0.851433 0.54347 0.672 0.756037 0.96
v 0.671934 0.860242 0.543269 0.672 0.756037 0.96
v 0.654026 0.868182 0.543067 0.672 0.756037 0.96
v 0.635751 0.875234 0.542864 0.672 0.756037 0.96
v 0.617151 0.881381 0.542662 0.672 0.756037 0.96
v 0.598273 0.886608 0.54246 0.672 0.756037 0.96
v 0.579161 0.890902 0.542258 0.672 0.756037 0.96
v 0.559861 0.894254 0.542059 0.672 0.756037 0.96
v 0.540421 0.896654 0.541861 0.672 0.756037 0.96
v 0.520886 0.898097 0.541666 0.672 0.756037 0.96
v 0.501305 0.89858 0.541473 0.672 0.756037 0.96
v 0.481723 0.898102 0.541284 0.672 0.756037 0.96
v 0.462189 0.896663 0.541099 0.672 0.756037 0.96
v 0.442748 0.894268 0.540917 0.672 0.756037 0.96
v 0.423449 0.890921 0.540741 0.672 0.756037 0.96
v 0.404338 0.886632 0.540569 0.672 0.756037 0.96
v 0.38546 0.881409 0.540404 0.672 0.756037 0.96
v 0.366862 0.875267 0.540244 0.672 0.756037 0.96
v 0.348587 0.868219 0.54009 0.672 0.756037 0.96
v 0.330681 0.860283 0.539943 0.672 0.756037 0.96
v 0.313185 0.851478 0.539803 0.672 0.756037 0.96
v 0.296143 0.841825 0.53967 0.672 0.756037 0.96
v 0.279595 0.831347 0.539545 0.672 0.756037 0.96
v 0.263582 0.820069 0.539428 0.672 0.756037 0.96
v 0.248141 0.808019 0.539319 0.672 0.756037 0.96
v 0.23331 0.795226 0.539219 0.672 0.756037 0.96
v 0.219125 0.781721 0.539127 0.672 0.756037 0.96
v 0.205619 0.767535 0.539045 0.672 0.756037 0.96
v 0.192826 0.752704 0.538971 0.672 0.756037 0.96
v 0.180777 0.737263 0.538907 0.672 0.756037 0.96
v 0.169499 0.721249 0.538853 0.672 0.756037 0.96
v 0.159021 0.7047 0.538808 0.672 0.756037 0.96
v 0.149368 0.687657 0.538773 0.672 0.756037 0.96
v 0.140562 0.670161 0.538747 0.672 0.756037 0.96
v 0.132626 0.652254 0.538732 0.672 0.756037 0.96
v 0.125578 0.633979 0.538726 0.672 0.756037 0.96
v 0.119435 0.615379 0.538731 0.672 0.756037 0.96
v 0.114212 0.596501 0.538745 0.672 0.756037 0.96
v 0.109922 0.577388 0.53877 0.672 0.756037 0.96
v 0.106575 0.558088 0.538804 0.672 0.756037 0.96
v 0.104178 0.538647 0.538848 0.672 0.756037 0.96
v 0.102739 0.519112 0.538901 0.672 0.756037 0.96
v 0.10226 0.499529 0.538964 0.672 0.756037 0.96
v 0.102742 0.479946 0.539037 0.672 0.756037 0.96
v 0.104184 0.46041 0.539118 0.672 0.756037 0.96
v 0.106583 0.440968 0.539209 0.672 0.756037 0.96
v 0.109934 0.421668 0.539308 0.672 0.756037 0.96
v 0.114227 0.402554 0.539416 0.672 0.756037 0.96
v 0.119452 0.383674 0.539532 0.672 0.756037 0.96
v 0.125598 0.365074 0.539656 0.672 0.756037 0.96
v 0.132649 0.346796 0.539788 0.672 0.756037 0.96
v 0.140588 0.328887 0.539928 0.672 0.756037 0.96
v 0.149396 0.311389 0.540074 0.672 0.756037 0.96
v 0.159052 0.294344 0.540227 0.672 0.756037 0.96
v 0.169533 0.277793 0.540386 0.672 0.756037 0.96
v 0.180813 0.261776 0.540552 0.672 0.756037 0.96
v 0.192865 0.246332 0.540723 0.672 0.756037 0.96
v 0.20566 0.231498 0.540899 0.672 0.756037 0.96
v 0.219167 0.217309 0.541079 0.672 0.756037 0.96
v 0.233355 0.2038 0.541264 0.672 0.756037 0.96
v 0.248188 0.191003 0.541453 0.672 0.756037 0.96
v 0.26363 0.17895 0.541645 0.672 0.756037 0.96
v 0.279646 0.167668 0.54184 0.672 0.756037 0.96
v 0.296195 0.157186 0.542038 0.672 0.756037 0.96
v 0.313239 0.147529 0.542237 0.672 0.756037 0.96
v 0.330735 0.13872 0.542438 0.672 0.756037 0.96
v 0.348643 0.130779 0.54264 0.672 0.756037 0.96
v 0.366919 0.123727 0.542843 0.672 0.756037 0.96
v 0.385518 0.11758 0.543045 0.672 0.756037 0.96
v 0.404397 0.112354 0.543247 0.672 0.756037 0.96
v 0.423509 0.108059 0.543448 0.672 0.756037 0.96
v 0.442808 0.104708 0.543648 0.672 0.756037 0.96
v 0.462249 0.102308 0.543846 0.672 0.756037 0.96
v 0.481783 0.100864 0.544041 0.672 0.756037 0.96
v 0.501365 0.100381 0.544234 0.672 0.756037 0.96
v 0.520947 0.10086 0.544423 0.672 0.756037 0.96
v 0.540481 0.102298 0.544608 0.672 0.756037 0.96
v 0.559921 0.104694 0.544789 0.672 0.756037 0.96
v 0.57922 0.108041 0.544966 0.672 0.756037 0.96
v 0.598331 0.11233 0.545137 0.672 0.756037 0.96
v 0.617209 0.117552 0.545303 0.672 0.756037 0.96
v 0.635808 0.123695 0.545463 0.672 0.756037 0.96
v 0.654082 0.130743 0.545617 0.672 0.756037 0.96
v 0.671989 0.138679 0.545764 0.672 0.756037 0.96
v 0.689484 0.147484 0.545904 0.672 0.756037 0.96
v 0.706526 0.157137 0.546037 0.672 0.756037 0.96
v 0.723074 0.167615 0.546162 0.672 0.756037 0.96
v 0.739088 0.178892 0.546279 0.672 0.756037 0.96
v 0.754529 0.190942 0.546388 0.672 0.756037 0.96
v 0.76936 0.203735 0.546488 0.672 0.756037 0.96
v 0.783545 0.217241 0.54658 0.672 0.756037 0.96
v 0.79705 0.231426 0.546662 0.672 0.756037 0.96
v 0.809843 0.246258 0.546736 0.672 0.756037 0.96
v 0.821893 0.261699 0.5468 0.672 0.756037 0.96
v 0.83317 0.277713 0.546854 0.672 0.756037 0.96
v 0.843648 0.294261 0.546899 0.672 0.756037 0.96
v 0.853302 0.311304 0.546934 0.672 0.756037 0.96
v 0.862107 0.3288 0.546959 0.672 0.756037 0.96
v 0.870044 0.346708 0.546975 0.672 0.756037 0.96
v 0.877092 0.364983 0.54698 0.672 0.756037 0.96
v 0.883235 0.383582 0.546976 0.672 0.756037 0.96
v 0.888457 0.402461 0.546962 0.672 0.756037 0.96
v 0.892748 0.421573 0.546937 0.672 0.756037 0.96
v 0.896095 0.440873 0.546903 0.672 0.756037 0.96
v 0.898491 0.460314 0.546859 0.672 0.756037 0.96
v 0.899931 0.47985 0.546806 0.672 0.756037 0.96
v 0.900451 0.499328 0.555241 0.672 0.756037 0.96
v 0.899968 0.518911 0.555173 0.672 0.756037 0.96
v 0.898526 0.538446 0.555097 0.672 0.756037 0.96
v 0.896127 0.557888 0.555013 0.672 0.756037 0.96
v 0.892777 0.577189 0.55492 0.672 0.756037 0.96
v 0.888484 0.596302 0.55482 0.672 0.756037 0.96
v 0.883258 0.615182 0.554712 0.672 0.756037 0.96
v 0.877112 0.633782 0.554596 0.672 0.756037 0.96
v 0.870062 0.652059 0.554474 0.672 0.756037 0.96
v 0.862123 0.669969 0.554344 0.672 0.756037 0.96
v 0.853314 0.687467 0.554208 0.672 0.756037 0.96
v 0.843659 0.704512 0.554065 0.672 0.756037 0.96
v 0.833178 0.721062 0.553917 0.672 0.756037 0.96
v 0.821898 0.737079 0.553763 0.672 0.756037 0.96
v 0.809846 0.752523 0.553604 0.672 0.756037 0.96
v 0.797051 0.767357 0.553441 0.672 0.756037 0.96
v 0.783544 0.781546 0.553273 0.672 0.756037 0.96
v 0.769356 0.795055 0.553101 0.672 0.756037 0.96
v 0.754524 0.807851 0.552925 0.672 0.756037 0.96
v 0.739081 0.819905 0.552746 0.672 0.756037 0.96
v 0.723066 0.831186 0.552565 0.672 0.756037 0.96
v 0.706516 0.841667 0.552381 0.672 0.756037 0.96
v 0.689473 0.851325 0.552196 0.672 0.756037 0.96
v 0.671976 0.860134 0.552009 0.672 0.756037 0.96
v 0.654068 0.868074 0.551821 0.672 0.756037 0.96
v 0.635793 0.875126 0.551633 0.672 0.756037 0.96
v 0.617193 0.881273 0.551444 0.672 0.756037 0.96
v 0.598315 0.886499 0.551256 0.672 0.756037 0.96
v 0.579203 0.890793 0.551069 0.672 0.756037 0.96
v 0.559904 0.894145 0.550884 0.672 0.756037 0.96
v 0.540463 0.896545 0.5507 0.672 0.756037 0.96
v 0.520929 0.897988 0.550518 0.672 0.756037 0.96
v 0.501347 0.898471 0.550339 0.672 0.756037 0.96
v 0.481765 0.897992 0.550163 0.672 0.756037 0.96
v 0.462231 0.896553 0.549991 0.672 0.756037 0.96
v 0.442791 0.894158 0.549823 0.672 0.756037 0.96
v 0.423492 0.890811 0.549659 0.672 0.756037 0.96
v 0.404381 0.886521 0.549499 0.672 0.756037 0.96
v 0.385503 0.881299 0.549345 0.672 0.756037 0.96
v 0.366905 0.875156 0.549196 0.672 0.756037 0.96
v 0.34863 0.868108 0.549054 0.672 0.756037 0.96
v 0.330724 0.860172 0.548917 0.672 0.756037 0.96
v 0.313228 0.851367 0.548787 0.672 0.756037 0.96
v 0.296186 0.841713 0.548663 0.672 0.756037 0.96
v 0.279638 0.831235 0.548547 0.672 0.756037 0.96
v 0.263625 0.819958 0.548438 0.672 0.756037 0.96
v 0.248184 0.807908 0.548337 0.672 0.756037 0.96
v 0.233353 0.795115 0.548244 0.672 0.756037 0.96
v 0.219168 0.781609 0.548159 0.672 0.756037 0.96
v 0.205663 0.767424 0.548083 0.672 0.756037 0.96
v 0.19287 0.752592 0.548014 0.672 0.756037 0.96
v 0.18082 0.737151 0.547955 0.672 0.756037 0.96
v 0.169542 0.721137 0.547904 0.672 0.756037 0.96
v 0.159064 0.704588 0.547863 0.672 0.756037 0.96
v 0.149411 0.687545 0.54783 0.672 0.756037 0.96
v 0.140606 0.670049 0.547807 0.672 0.756037 0.96
v 0.132669 0.652142 0.547793 0.672 0.756037 0.96
v 0.125621 0.633867 0.547788 0.672 0.756037 0.96
v 0.119478 0.615267 0.547792 0.672 0.756037 0.96
v 0.114255 0.596389 0.547805 0.672 0.756037 0.96
v 0.109965 0.577276 0.547828 0.672 0.756037 0.96
v 0.106618 0.557977 0.54786 0.672 0.756037 0.96
v 0.104222 0.538535 0.547901 0.672 0.756037 0.96
v 0.102782 0.519 0.547951 0.672 0.756037 0.96
v 0.102303 0.499417 0.548009 0.672 0.756037 0.96
v 0.102785 0.479834 0.548077 0.672 0.756037 0.96
v 0.104227 0.460298 0.548153 0.672 0.756037 0.96
v 0.106627 0.440857 0.548237 0.672 0.756037 0.96
v 0.109977 0.421556 0.54833 0.672 0.756037 0.96
v 0.11427 0.402443 0.54843 0.672 0.756037 0.96
v 0.119496 0.383563 0.548538 0.672 0.756037 0.96
v 0.125641 0.364962 0.548654 0.672 0.756037 0.96
v 0.132692 0.346685 0.548777 0.672 0.756037 0.96
v 0.140631 0.328776 0.548906 0.672 0.756037 0.96
v 0.149439 0.311278 0.549042 0.672 0.756037 0.96
v 0.159095 0.294233 0.549185 0.672 0.756037 0.96
v 0.169576 0.277682 0.549333 0.672 0.756037 0.96
v 0.180855 0.261666 0.549487 0.672 0.756037 0.96
v 0.192907 0.246222 0.549646 0.672 0.756037 0.96
v 0.205703 0.231387 0.549809 0.672 0.756037 0.96
v 0.21921 0.217199 0.549977 0.672 0.756037 0.96
v 0.233397 0.20369 0.550149 0.672 0.756037 0.96
v 0.24823 0.190894 0.550325 0.672 0.756037 0.96
v 0.263673 0.17884 0.550504 0.672 0.756037 0.96
v 0.279688 0.167559 0.550685 0.672 0.756037 0.96
v 0.296237 0.157077 0.550869 0.672 0.756037 0.96
v 0.313281 0.14742 0.551054 0.672 0.756037 0.96
v 0.330778 0.138611 0.551241 0.672 0.756037 0.96
v 0.348685 0.130671 0.551429 0.672 0.756037 0.96
v 0.366961 0.123619 0.551617 0.672 0.756037 0.96
v 0.38556 0.117472 0.551806 0.672 0.756037 0.96
v 0.404439 0.112245 0.551994 0.672 0.756037 0.96
v 0.42355 0.107951 0.552181 0.672 0.756037 0.96
v 0.44285 0.1046 0.552366 0.672 0.756037 0.96
v 0.46229 0.1022 0.55255 0.672 0.756037 0.96
v 0.481825 0.100757 0.552732 0.672 0.756037 0.96
v 0.501407 0.100274 0.552911 0.672 0.756037 0.96
v 0.520988 0.100753 0.553087 0.672 0.756037 0.96
v 0.540522 0.102191 0.553259 0.672 0.756037 0.96
v 0.559962 0.104587 0.553427 0.672 0.756037 0.96
v 0.579261 0.107934 0.553591 0.672 0.756037 0.96
v 0.598373 0.112224 0.553751 0.672 0.756037 0.96
v 0.61725 0.117446 0.553905 0.672 0.756037 0.96
v 0.635849 0.123589 0.554054 0.672 0.756037 0.96
v 0.654123 0.130636 0.554197 0.672 0.756037 0.96
v 0.67203 0.138573 0.554333 0.672 0.756037 0.96
v 0.689525 0.147378 0.554463 0.672 0.756037 0.96
v 0.706567 0.157031 0.554587 0.672 0.756037 0.96
v 0.723115 0.167509 0.554703 0.672 0.756037 0.96
v 0.739129 0.178787 0.554812 0.672 0.756037 0.96
v 0.75457 0.190837 0.554913 0.672 0.756037 0.96
v 0.7694 0.20363 0.555006 0.672 0.756037 0.96
v 0.783586 0.217136 0.555091 0.672 0.756037 0.96
v 0.797091 0.231321 0.555168 0.672 0.756037 0.96
v 0.809884 0.246152 0.555236 0.672 0.756037 0.96
v 0.821934 0.261594 0.555295 0.672 0.756037 0.96
v 0.833211 0.277608 0.555346 0.672 0.756037 0.96
v 0.843689 0.294156 0.555387 0.672 0.756037 0.96
v 0.853342 0.311199 0.55542 0.672 0.756037 0.96
v 0.862148 0.328695 0.555443 0.672 0.756037 0.96
v 0.870084 0.346603 0.555458 0.672 0.756037 0.96
v 0.877132 0.364878 0.555463 0.672 0.756037 0.96
v 0.883275 0.383477 0.555458 0.672 0.756037 0.96
v 0.888498 0.402356 0.555445 0.672 0.756037 0.96
v 0.892788 0.421468 0.555422 0.672 0.756037 0.96
v 0.896136 0.440768 0.55539 0.672 0.756037 0.96
v 0.898532 0.460209 0.555349 0.672 0.756037 0.96
v 0.899971 0.479745 0.5553 0.672 0.756037 0.96
v 0.900491 0.499223 0.563739 0.672 0.756037 0.96
v 0.900009 0.518805 0.563676 0.672 0.756037 0.96
v 0.898567 0.538341 0.563606 0.672 0.756037 0.96
v 0.896168 0.557783 0.563528 0.672 0.756037 0.96
v 0.892817 0.577083 0.563442 0.672 0.756037 0.96
v 0.888524 0.596197 0.563349 0.672 0.756037 0.96
v 0.883299 0.615076 0.563249 0.672 0.756037 0.96
v 0.877153 0.633677 0.563142 0.672 0.756037 0.96
v 0.870102 0.651954 0.563029 0.672 0.756037 0.96
v 0.862163 0.669863 0.562909 0.672 0.756037 0.96
v 0.853355 0.687361 0.562783 0.672 0.756037 0.96
v 0.8437 0.704405 0.562651 0.672 0.756037 0.96
v 0.833219 0.720956 0.562514 0.672 0.756037 0.96
v 0.821939 0.736973 0.562372 0.672 0.756037 0.96
v 0.809887 0.752417 0.562225 0.672 0.756037 0.96
v 0.797092 0.767251 0.562073 0.672 0.756037 0.96
v 0.783585 0.781439 0.561918 0.672 0.756037 0.96
v 0.769398 0.794948 0.561759 0.672 0.756037 0.96
v 0.754565 0.807744 0.561596 0.672 0.756037 0.96
v 0.739122 0.819797 0.561431 0.672 0.756037 0.96
v 0.723107 0.831078 0.561263 0.672 0.756037 0.96
v 0.706558 0.84156 0.561093 0.672 0.756037 0.96
v 0.689514 0.851217 0.560922 0.672 0.756037 0.96
v 0.672018 0.860026 0.560749 0.672 0.756037 0.96
v 0.65411 0.867966 0.560575 0.672 0.756037 0.96
v 0.635835 0.875018 0.560401 0.672 0.756037 0.96
v 0.617235 0.881164 0.560227 0.672 0.756037 0.96
v 0.598357 0.886391 0.560053 0.672 0.756037 0.96
v 0.579245 0.890685 0.55988 0.672 0.756037 0.96
v 0.559946 0.894035 0.559709 0.672 0.756037 0.96
v 0.540506 0.896435 0.559539 0.672 0.756037 0.96
v 0.520971 0.897878 0.559371 0.672 0.756037 0.96
v 0.501389 0.898361 0.559206 0.672 0.756037 0.96
v 0.481808 0.897882 0.559043 0.672 0.756037 0.96
v 0.462274 0.896443 0.558884 0.672 0.756037 0.96
v 0.442834 0.894048 0.558728 0.672 0.756037 0.96
v 0.423535 0.890701 0.558576 0.672 0.756037 0.96
v 0.404424 0.886411 0.558429 0.672 0.756037 0.96
v 0.385546 0.881188 0.558287 0.672 0.756037 0.96
v 0.366948 0.875045 0.558149 0.672 0.756037 0.96
v 0.348673 0.867997 0.558017 0.672 0.756037 0.96
v 0.330767 0.860061 0.557891 0.672 0.756037 0.96
v 0.313271 0.851256 0.557771 0.672 0.756037 0.96
v 0.296229 0.841602 0.557657 0.672 0.756037 0.96
v 0.279682 0.831124 0.557549 0.672 0.756037 0.96
v 0.263668 0.819846 0.557449 0.672 0.756037 0.96
v 0.248227 0.807796 0.557356 0.672 0.756037 0.96
v 0.233396 0.795003 0.55727 0.672 0.756037 0.96
v 0.219211 0.781497 0.557191 0.672 0.756037 0.96
v 0.205706 0.767312 0.55712 0.672 0.756037 0.96
v 0.192913 0.75248 0.557057 0.672 0.756037 0.96
v 0.180863 0.737039 0.557003 0.672 0.756037 0.96
v 0.169586 0.721025 0.556956 0.672 0.756037 0.96
v 0.159108 0.704476 0.556918 0.672 0.756037 0.96
v 0.149454 0.687433 0.556888 0.672 0.756037 0.96
v 0.140649 0.669937 0.556866 0.672 0.756037 0.96
v 0.132713 0.65203 0.556853 0.672 0.756037 0.96
v 0.125664 0.633755 0.556849 0.672 0.756037 0.96
v 0.119522 0.615155 0.556853 0.672 0.756037 0.96
v 0.114299 0.596277 0.556865 0.672 0.756037 0.96
v 0.110009 0.577164 0.556886 0.672 0.756037 0.96
v 0.106661 0.557865 0.556916 0.672 0.756037 0.96
v 0.104265 0.538423 0.556954 0.672 0.756037 0.96
v 0.102825 0.518888 0.557 0.672 0.756037 0.96
v 0.102346 0.499305 0.557054 0.672 0.756037 0.96
v 0.102828 0.479722 0.557117 0.672 0.756037 0.96
v 0.104271 0.460187 0.557187 0.672 0.756037 0.96
v 0.10667 0.440745 0.557265 0.672 0.756037 0.96
v 0.11002 0.421444 0.557351 0.672 0.756037 0.96
v 0.114313 0.402331 0.557444 0.672 0.756037 0.96
v 0.119539 0.383452 0.557544 0.672 0.756037 0.96
v 0.125684 0.364851 0.557651 0.672 0.756037 0.96
v 0.132735 0.346574 0.557765 0.672 0.756037 0.96
v 0.140674 0.328665 0.557885 0.672 0.756037 0.96
v 0.149482 0.311167 0.558011 0.672 0.756037 0.96
v 0.159138 0.294122 0.558142 0.672 0.756037 0.96
v 0.169618 0.277572 0.558279 0.672 0.756037 0.96
v 0.180898 0.261555 0.558422 0.672 0.756037 0.96
v 0.19295 0.246111 0.558569 0.672 0.756037 0.96
v 0.205745 0.231277 0.55872 0.672 0.756037 0.96
v 0.219253 0.217089 0.558876 0.672 0.756037 0.96
v 0.23344 0.20358 0.559035 0.672 0.756037 0.96
v 0.248272 0.190784 0.559197 0.672 0.756037 0.96
v 0.263715 0.178731 0.559362 0.672 0.756037 0.96
v 0.27973 0.16745 0.55953 0.672 0.756037 0.96
v 0.29628 0.156968 0.5597 0.672 0.756037 0.96
v 0.313323 0.147311 0.559872 0.672 0.756037 0.96
v 0.33082 0.138502 0.560044 0.672 0.756037 0.96
v 0.348727 0.130562 0.560218 0.672 0.756037 0.96
v 0.367003 0.12351 0.560392 0.672 0.756037 0.96
v 0.385602 0.117364 0.560566 0.672 0.756037 0.96
v 0.40448 0.112137 0.56074 0.672 0.756037 0.96
v 0.423592 0.107843 0.560913 0.672 0.756037 0.96
v 0.442892 0.104492 0.561084 0.672 0.756037 0.96
v 0.462332 0.102093 0.561254 0.672 0.756037 0.96
v 0.481866 0.100649 0.561422 0.672 0.756037 0.96
v 0.501448 0.100167 0.561588 0.672 0.756037 0.96
v 0.52103 0.100645 0.56175 0.672 0.756037 0.96
v 0.540564 0.102084 0.56191 0.672 0.756037 0.96
v 0.560004 0.10448 0.562065 0.672 0.756037 0.96
v 0.579303 0.107827 0.562217 0.672 0.756037 0.96
v 0.598414 0.112117 0.562364 0.672 0.756037 0.96
v 0.617291 0.11734 0.562507 0.672 0.756037 0.96
v 0.63589 0.123482 0.562644 0.672 0.756037 0.96
v 0.654164 0.13053 0.562776 0.672 0.756037 0.96
v 0.672071 0.138467 0.562902 0.672 0.756037 0.96
v 0.689566 0.147272 0.563023 0.672 0.756037 0.96
v 0.706608 0.156926 0.563137 0.672 0.756037 0.96
v 0.723156 0.167404 0.563244 0.672 0.756037 0.96
v 0.739169 0.178681 0.563344 0.672 0.756037 0.96
v 0.75461 0.190731 0.563438 0.672 0.756037 0.96
v 0.769441 0.203525 0.563524 0.672 0.756037 0.96
v 0.783626 0.21703 0.563602 0.672 0.756037 0.96
v 0.797132 0.231216 0.563673 0.672 0.756037 0.96
v 0.809925 0.246047 0.563736 0.672 0.756037 0.96
v 0.821974 0.261489 0.563791 0.672 0.756037 0.96
v 0.833252 0.277503 0.563837 0.672 0.756037 0.96
v 0.84373 0.294052 0.563876 0.672 0.756037 0.96
v 0.853383 0.311094 0.563906 0.672 0.756037 0.96
v 0.862189 0.328591 0.563927 0.672 0.756037 0.96
v 0.870125 0.346498 0.56394 0.672 0.756037 0.96
v 0.877173 0.364773 0.563945 0.672 0.756037 0.96
v 0.883316 0.383373 0.563941 0.672 0.756037 0.96
v 0.888539 0.402251 0.563928 0.672 0.756037 0.96
v 0.892829 0.421363 0.563907 0.672 0.756037 0.96
v 0.896176 0.440663 0.563877 0.672 0.756037 0.96
v 0.898572 0.460104 0.56384 0.672 0.756037 0.96
v 0.900012 0.47964 0.563793 0.672 0.756037 0.96
v 0.900532 0.499118 0.572237 0.672 0.756037 0.96
v 0.90005 0.5187 0.572179 0.672 0.756037 0.96
v 0.898607 0.538236 0.572115 0.672 0.756037 0.96
v 0.896208 0.557677 0.572043 0.672 0.756037 0.96
v 0.892858 0.576978 0.571964 0.672 0.756037 0.96
v 0.888565 0.596091 0.571879 0.672 0.756037 0.96
v 0.88334 0.614971 0.571786 0.672 0.756037 0.96
v 0.877194 0.633571 0.571688 0.672 0.756037 0.96
v 0.870143 0.651848 0.571584 0.672 0.756037 0.96
v 0.862204 0.669757 0.571473 0.672 0.756037 0.96
v 0.853396 0.687255 0.571358 0.672 0.756037 0.96
v 0.843741 0.704299 0.571237 0.672 0.756037 0.96
v 0.83326 0.72085 0.571111 0.672 0.756037 0.96
v 0.821981 0.736866 0.57098 0.672 0.756037 0.96
v 0.809929 0.75231 0.570845 0.672 0.756037 0.96
v 0.797134 0.767144 0.570706 0.672 0.756037 0.96
v 0.783626 0.781332 0.570563 0.672 0.756037 0.96
v 0.769439 0.794841 0.570417 0.672 0.756037 0.96
v 0.754606 0.807637 0.570267 0.672 0.756037 0.96
v 0.739164 0.81969 0.570116 0.672 0.756037 0.96
v 0.723149 0.830971 0.569961 0.672 0.756037 0.96
v 0.7066 0.841452 0.569805 0.672 0.756037 0.96
v 0.689556 0.851109 0.569648 0.672 0.756037 0.96
v 0.67206 0.859918 0.569489 0.672 0.756037 0.96
v 0.654152 0.867858 0.56933 0.672 0.756037 0.96
v 0.635877 0.874909 0.56917 0.672 0.756037 0.96
v 0.617277 0.881056 0.56901 0.672 0.756037 0.96
v 0.598399 0.886282 0.56885 0.672 0.756037 0.96
v 0.579287 0.890576 0.568691 0.672 0.756037 0.96
v 0.559988 0.893926 0.568534 0.672 0.756037 0.96
v 0.540548 0.896326 0.568378 0.672 0.756037 0.96
v 0.521013 0.897769 0.568224 0.672 0.756037 0.96
v 0.501432 0.898252 0.568072 0.672 0.756037 0.96
v 0.48185 0.897773 0.567922 0.672 0.756037 0.96
v 0.462316 0.896333 0.567776 0.672 0.756037 0.96
v 0.442876 0.893937 0.567633 0.672 0.756037 0.96
v 0.423577 0.89059 0.567494 0.672 0.756037 0.96
v 0.404466 0.8863 0.567359 0.672 0.756037 0.96
v 0.385589 0.881078 0.567228 0.672 0.756037 0.96
v 0.36699 0.874935 0.567102 0.672 0.756037 0.96
v 0.348716 0.867887 0.566981 0.672 0.756037 0.96
v 0.33081 0.85995 0.566865 0.672 0.756037 0.96
v 0.313314 0.851145 0.566755 0.672 0.756037 0.96
v 0.296272 0.841491 0.56665 0.672 0.756037 0.96
v 0.279725 0.831013 0.566552 0.672 0.756037 0.96
v 0.263711 0.819735 0.566459 0.672 0.756037 0.96
v 0.24827 0.807685 0.566374 0.672 0.756037 0.96
v 0.233439 0.794892 0.566295 0.672 0.756037 0.96
v 0.219254 0.781386 0.566223 0.672 0.756037 0.96
v 0.205749 0.7672 0.566158 0.672 0.756037 0.96
v 0.192956 0.752369 0.5661 0.672 0.756037 0.96
v 0.180906 0.736927 0.56605 0.672 0.756037 0.96
v 0.169629 0.720913 0.566008 0.672 0.756037 0.96
v 0.159151 0.704364 0.565972 0.672 0.756037 0.96
v 0.149498 0.687322 0.565945 0.672 0.756037 0.96
v 0.140692 0.669825 0.565925 0.672 0.756037 0.96
v 0.132756 0.651918 0.565914 0.672 0.756037 0.96
v 0.125708 0.633643 0.56591 0.672 0.756037 0.96
v 0.119565 0.615043 0.565913 0.672 0.756037 0.96
v 0.114342 0.596165 0.565925 0.672 0.756037 0.96
v 0.110052 0.577052 0.565945 0.672 0.756037 0.96
v 0.106705 0.557753 0.565972 0.672 0.756037 0.96
v 0.104308 0.538311 0.566007 0.672 0.756037 0.96
v 0.102869 0.518776 0.566049 0.672 0.756037 0.96
v 0.102389 0.499193 0.5661 0.672 0.756037 0.96
v 0.102872 0.479611 0.566157 0.672 0.756037 0.96
v 0.104314 0.460075 0.566222 0.672 0.756037 0.96
v 0.106713 0.440633 0.566294 0.672 0.756037 0.96
v 0.110063 0.421333 0.566372 0.672 0.756037 0.96
v 0.114356 0.40222 0.566458 0.672 0.756037 0.96
v 0.119582 0.38334 0.56655 0.672 0.756037 0.96
v 0.125727 0.36474 0.566648 0.672 0.756037 0.96
v 0.132778 0.346463 0.566753 0.672 0.756037 0.96
v 0.140717 0.328554 0.566863 0.672 0.756037 0.96
v 0.149525 0.311056 0.566979 0.672 0.756037 0.96
v 0.159181 0.294012 0.5671 0.672 0.756037 0.96
v 0.169661 0.277461 0.567226 0.672 0.756037 0.96
v 0.180941 0.261445 0.567357 0.672 0.756037 0.96
v 0.192993 0.246001 0.567492 0.672 0.756037 0.96
v 0.205788 0.231167 0.567631 0.672 0.756037 0.96
v 0.219295 0.216979 0.567774 0.672 0.756037 0.96
v 0.233482 0.20347 0.56792 0.672 0.756037 0.96
v 0.248315 0.190674 0.568069 0.672 0.756037 0.96
v 0.263757 0.178621 0.568221 0.672 0.756037 0.96
v 0.279773 0.16734 0.568375 0.672 0.756037 0.96
v 0.296322 0.156859 0.568531 0.672 0.756037 0.96
v 0.313365 0.147202 0.568689 0.672 0.756037 0.96
v 0.330862 0.138393 0.568848 0.672 0.756037 0.96
v 0.348769 0.130453 0.569007 0.672 0.756037 0.96
v 0.367045 0.123402 0.569167 0.672 0.756037 0.96
v 0.385644 0.117255 0.569327 0.672 0.756037 0.96
v 0.404522 0.112029 0.569486 0.672 0.756037 0.96
v 0.423634 0.107735 0.569645 0.672 0.756037 0.96
v 0.442933 0.104385 0.569803 0.672 0.756037 0.96
v 0.462374 0.101985 0.569959 0.672 0.756037 0.96
v 0.481908 0.100542 0.570113 0.672 0.756037 0.96
v 0.50149 0.100059 0.570265 0.672 0.756037 0.96
v 0.521071 0.100538 0.570414 0.672 0.756037 0.96
v 0.540605 0.101977 0.57056 0.672 0.756037 0.96
v 0.560045 0.104373 0.570703 0.672 0.756037 0.96
v 0.579344 0.107721 0.570842 0.672 0.756037 0.96
v 0.598455 0.112011 0.570978 0.672 0.756037 0.96
v 0.617333 0.117233 0.571108 0.672 0.756037 0.96
v 0.635931 0.123376 0.571235 0.672 0.756037 0.96
v 0.654205 0.130424 0.571356 0.672 0.756037 0.96
v 0.672112 0.138361 0.571472 0.672 0.756037 0.96
v 0.689607 0.147166 0.571582 0.672 0.756037 0.96
v 0.706649 0.15682 0.571686 0.672 0.756037 0.96
v 0.723197 0.167298 0.571785 0.672 0.756037 0.96
v 0.73921 0.178576 0.571877 0.672 0.756037 0.96
v 0.754651 0.190626 0.571963 0.672 0.756037 0.96
v 0.769482 0.203419 0.572042 0.672 0.756037 0.96
v 0.783667 0.216925 0.572114 0.672 0.756037 0.96
v 0.797172 0.231111 0.572178 0.672 0.756037 0.96
v 0.809965 0.245942 0.572236 0.672 0.756037 0.96
v 0.822015 0.261384 0.572286 0.672 0.756037 0.96
v 0.833292 0.277398 0.572329 0.672 0.756037 0.96
v 0.84377 0.293947 0.572364 0.672 0.756037 0.96
v 0.853424 0.310989 0.572392 0.672 0.756037 0.96
v 0.862229 0.328486 0.572411 0.672 0.756037 0.96
v 0.870165 0.346393 0.572423 0.672 0.756037 0.96
v 0.877214 0.364668 0.572427 0.672 0.756037 0.96
v 0.883356 0.383268 0.572423 0.672 0.756037 0.96
v 0.888579 0.402146 0.572411 0.672 0.756037 0.96
v 0.892869 0.421258 0.572392 0.672 0.756037 0.96
v 0.896217 0.440558 0.572365 0.672 0.756037 0.96
v 0.898613 0.459999 0.57233 0.672 0.756037 0.96
v 0.900053 0.479535 0.572287 0.672 0.756037 0.96
v 0.900573 0.499012 0.580735 0.672 0.756037 0.96
v 0.90009 0.518595 0.580683 0.672 0.756037 0.96
v 0.898648 0.538131 0.580623 0.672 0.756037 0.96
v 0.896249 0.557572 0.580558 0.672 0.756037 0.96
v 0.892899 0.576873 0.580486 0.672 0.756037 0.96
v 0.888606 0.595986 0.580408 0.672 0.756037 0.96
v 0.883381 0.614865 0.580324 0.672 0.756037 0.96
v 0.877235 0.633465 0.580234 0.672 0.756037 0.96
v 0.870184 0.651742 0.580139 0.672 0.756037 0.96
v 0.862245 0.669651 0.580038 0.672 0.756037 0.96
v 0.853438 0.687149 0.579933 0.672 0.756037 0.96
v 0.843782 0.704193 0.579822 0.672 0.756037 0.96
v 0.833301 0.720744 0.579707 0.672 0.756037 0.96
v 0.822022 0.73676 0.579588 0.672 0.756037 0.96
v 0.80997 0.752203 0.579465 0.672 0.756037 0.96
v 0.797175 0.767037 0.579338 0.672 0.756037 0.96
v 0.783668 0.781225 0.579208 0.672 0.756037 0.96
v 0.769481 0.794734 0.579075 0.672 0.756037 0.96
v 0.754648 0.80753 0.578939 0.672 0.756037 0.96
v 0.739206 0.819582 0.5788 0.672 0.756037 0.96
v 0.72319 0.830863 0.57866 0.672 0.756037 0.96
v 0.706641 0.841344 0.578517 0.672 0.756037 0.96
v 0.689598 0.851001 0.578374 0.672 0.756037 0.96
v 0.672101 0.85981 0.578229 0.672 0.756037 0.96
v 0.654194 0.867749 0.578084 0.672 0.756037 0.96
v 0.635919 0.874801 0.577938 0.672 0.756037 0.96
v 0.617319 0.880947 0.577792 0.672 0.756037 0.96
v 0.598441 0.886173 0.577647 0.672 0.756037 0.96
v 0.579329 0.890467 0.577502 0.672 0.756037 0.96
v 0.56003 0.893817 0.577359 0.672 0.756037 0.96
v 0.54059 0.896217 0.577217 0.672 0.756037 0.96
v 0.521056 0.897659 0.577076 0.672 0.756037 0.96
v 0.501474 0.898142 0.576938 0.672 0.756037 0.96
v 0.481893 0.897663 0.576802 0.672 0.756037 0.96
v 0.462359 0.896224 0.576669 0.672 0.756037 0.96
v 0.442919 0.893827 0.576539 0.672 0.756037 0.96
v 0.42362 0.89048 0.576412 0.672 0.756037 0.96
v 0.404509 0.88619 0.576289 0.672 0.756037 0.96
v 0.385632 0.880967 0.57617 0.672 0.756037 0.96
v 0.367033 0.874824 0.576055 0.672 0.756037 0.96
v 0.348759 0.867776 0.575945 0.672 0.756037 0.96
v 0.330853 0.859839 0.575839 0.672 0.756037 0.96
v 0.313357 0.851034 0.575739 0.672 0.756037 0.96
v 0.296315 0.84138 0.575643 0.672 0.756037 0.96
v 0.279768 0.830901 0.575554 0.672 0.756037 0.96
v 0.263754 0.819624 0.57547 0.672 0.756037 0.96
v 0.248313 0.807573 0.575392 0.672 0.756037 0.96
v 0.233483 0.79478 0.57532 0.672 0.756037 0.96
v 0.219298 0.781274 0.575255 0.672 0.756037 0.96
v 0.205792 0.767088 0.575196 0.672 0.756037 0.96
v 0.192999 0.752257 0.575144 0.672 0.756037 0.96
v 0.18095 0.736815 0.575098 0.672 0.756037 0.96
v 0.169672 0.720801 0.575059 0.672 0.756037 0.96
v 0.159194 0.704252 0.575027 0.672 0.756037 0.96
v 0.149541 0.68721 0.575002 0.672 0.756037 0.96
v 0.140736 0.669713 0.574985 0.672 0.756037 0.96
v 0.132799 0.651806 0.574974 0.672 0.756037 0.96
v 0.125751 0.633531 0.574971 0.672 0.756037 0.96
v 0.119608 0.614931 0.574974 0.672 0.756037 0.96
v 0.114385 0.596053 0.574985 0.672 0.756037 0.96
v 0.110095 0.57694 0.575003 0.672 0.756037 0.96
v 0.106748 0.557641 0.575028 0.672 0.756037 0.96
v 0.104352 0.5382 0.57506 0.672 0.756037 0.96
v 0.102912 0.518664 0.575099 0.672 0.756037 0.96
v 0.102433 0.499082 0.575145 0.672 0.756037 0.96
v 0.102915 0.479499 0.575197 0.672 0.756037 0.96
v 0.104357 0.459963 0.575256 0.672 0.756037 0.96
v 0.106756 0.440522 0.575322 0.672 0.756037 0.96
v 0.110106 0.421221 0.575394 0.672 0.756037 0.96
v 0.114399 0.402108 0.575472 0.672 0.756037 0.96
v 0.119625 0.383229 0.575556 0.672 0.756037 0.96
v 0.12577 0.364629 0.575646 0.672 0.756037 0.96
v 0.132821 0.346352 0.575741 0.672 0.756037 0.96
v 0.14076 0.328443 0.575842 0.672 0.756037 0.96
v 0.149568 0.310945 0.575947 0.672 0.756037 0.96
v 0.159224 0.293901 0.576058 0.672 0.756037 0.96
v 0.169704 0.277351 0.576172 0.672 0.756037 0.96
v 0.180984 0.261334 0.576292 0.672 0.756037 0.96
v 0.193035 0.245891 0.576415 0.672 0.756037 0.96
v 0.20583 0.231057 0.576542 0.672 0.756037 0.96
v 0.219338 0.216869 0.576672 0.672 0.756037 0.96
v 0.233525 0.20336 0.576805 0.672 0.756037 0.96
v 0.248357 0.190564 0.576941 0.672 0.756037 0.96
v 0.2638 0.178512 0.57708 0.672 0.756037 0.96
v 0.279815 0.167231 0.57722 0.672 0.756037 0.96
v 0.296364 0.15675 0.577362 0.672 0.756037 0.96
v 0.313407 0.147093 0.577506 0.672 0.756037 0.96
v 0.330904 0.138284 0.577651 0.672 0.756037 0.96
v 0.348811 0.130345 0.577796 0.672 0.756037 0.96
v 0.367087 0.123293 0.577942 0.672 0.756037 0.96
v 0.385686 0.117147 0.578087 0.672 0.756037 0.96
v 0.404564 0.111921 0.578233 0.672 0.756037 0.96
v 0.423676 0.107627 0.578377 0.672 0.756037 0.96
v 0.442975 0.104277 0.578521 0.672 0.756037 0.96
v 0.462415 0.101877 0.578663 0.672 0.756037 0.96
v 0.48195 0.100435 0.578804 0.672 0.756037 0.96
v 0.501531 0.0999521 0.578942 0.672 0.756037 0.96
v 0.521112 0.100431 0.579078 0.672 0.756037 0.96
v 0.540647 0.101871 0.579211 0.672 0.756037 0.96
v 0.560086 0.104267 0.579341 0.672 0.756037 0.96
v 0.579385 0.107614 0.579468 0.672 0.756037 0.96
v 0.598496 0.111904 0.579591 0.672 0.756037 0.96
v 0.617374 0.117127 0.57971 0.672 0.756037 0.96
v 0.635972 0.12327 0.579825 0.672 0.756037 0.96
v 0.654246 0.130318 0.579935 0.672 0.756037 0.96
v 0.672153 0.138255 0.580041 0.672 0.756037 0.96
v 0.689648 0.14706 0.580141 0.672 0.756037 0.96
v 0.70669 0.156714 0.580236 0.672 0.756037 0.96
v 0.723238 0.167193 0.580326 0.672 0.756037 0.96
v 0.739251 0.17847 0.58041 0.672 0.756037 0.96
v 0.754692 0.190521 0.580488 0.672 0.756037 0.96
v 0.769523 0.203314 0.580559 0.672 0.756037 0.96
v 0.783708 0.21682 0.580625 0.672 0.756037 0.96
v 0.797213 0.231006 0.580684 0.672 0.756037 0.96
v 0.810006 0.245837 0.580736 0.672 0.756037 0.96
v 0.822056 0.261279 0.580782 0.672 0.756037 0.96
v 0.833333 0.277293 0.580821 0.672 0.756037 0.96
v 0.843811 0.293842 0.580852 0.672 0.756037 0.96
v 0.853464 0.310885 0.580877 0.672 0.756037 0.96
v 0.86227 0.328381 0.580895 0.672 0.756037 0.96
v 0.870206 0.346288 0.580906 0.672 0.756037 0.96
v 0.877254 0.364563 0.580909 0.672 0.756037 0.96
v 0.883397 0.383163 0.580906 0.672 0.756037 0.96
v 0.88862 0.402041 0.580895 0.672 0.756037 0.96
v 0.89291 0.421154 0.580877 0.672 0.756037 0.96
v 0.896257 0.440453 0.580852 0.672 0.756037 0.96
v 0.898654 0.459894 0.58082 0.672 0.756037 0.96
v 0.900093 0.47943 0.580781 0.672 0.756037 0.96
v 0.900613 0.498907 0.589233 0.672 0.756037 0.96
v 0.900131 0.51849 0.589186 0.672 0.756037 0.96
v 0.898689 0.538026 0.589132 0.672 0.756037 0.96
v 0.89629 0.557467 0.589073 0.672 0.756037 0.96
v 0.89294 0.576767 0.589008 0.672 0.756037 0.96
v 0.888647 0.59588 0.588937 0.672 0.756037 0.96
v 0.883421 0.61476 0.588861 0.672 0.756037 0.96
v 0.877276 0.63336 0.58878 0.672 0.756037 0.96
v 0.870225 0.651636 0.588694 0.672 0.756037 0.96
v 0.862286 0.669545 0.588603 0.672 0.756037 0.96
v 0.853479 0.687043 0.588508 0.672 0.756037 0.96
v 0.843823 0.704087 0.588408 0.672 0.756037 0.96
v 0.833343 0.720637 0.588304 0.672 0.756037 0.96
v 0.822063 0.736653 0.588196 0.672 0.756037 0.96
v 0.810011 0.752097 0.588085 0.672 0.756037 0.96
v 0.797216 0.76693 0.587971 0.672 0.756037 0.96
v 0.783709 0.781118 0.587853 0.672 0.756037 0.96
v 0.769522 0.794627 0.587733 0.672 0.756037 0.96
v 0.754689 0.807422 0.58761 0.672 0.756037 0.96
v 0.739247 0.819475 0.587485 0.672 0.756037 0.96
v 0.723232 0.830756 0.587358 0.672 0.756037 0.96
v 0.706683 0.841237 0.58723 0.672 0.756037 0.96
v 0.68964 0.850893 0.5871 0.672 0.756037 0.96
v 0.672143 0.859702 0.586969 0.672 0.756037 0.96
v 0.654236 0.867641 0.586838 0.672 0.756037 0.96
v 0.63596 0.874692 0.586707 0.672 0.756037 0.96
v 0.617361 0.880838 0.586575 0.672 0.756037 0.96
v 0.598483 0.886064 0.586444 0.672 0.756037 0.96
v 0.579372 0.890358 0.586313 0.672 0.756037 0.96
v 0.560073 0.893708 0.586184 0.672 0.756037 0.96
v 0.540632 0.896107 0.586056 0.672 0.756037 0.96
v 0.521098 0.89755 0.585929 0.672 0.756037 0.96
v 0.501517 0.898032 0.585804 0.672 0.756037 0.96
v 0.481935 0.897553 0.585681 0.672 0.756037 0.96
v 0.462401 0.896114 0.585561 0.672 0.756037 0.96
v 0.442961 0.893717 0.585444 0.672 0.756037 0.96
v 0.423663 0.89037 0.58533 0.672 0.756037 0.96
v 0.404552 0.886079 0.585219 0.672 0.756037 0.96
v 0.385674 0.880856 0.585111 0.672 0.756037 0.96
v 0.367076 0.874713 0.585008 0.672 0.756037 0.96
v 0.348802 0.867665 0.584908 0.672 0.756037 0.96
v 0.330896 0.859728 0.584813 0.672 0.756037 0.96
v 0.3134 0.850922 0.584723 0.672 0.756037 0.96
v 0.296358 0.841269 0.584637 0.672 0.756037 0.96
v 0.279811 0.83079 0.584556 0.672 0.756037 0.96
v 0.263797 0.819512 0.584481 0.672 0.756037 0.96
v 0.248357 0.807462 0.58441 0.672 0.756037 0.96
v 0.233526 0.794668 0.584346 0.672 0.756037 0.96
v 0.219341 0.781162 0.584287 0.672 0.756037 0.96
v 0.205836 0.766977 0.584234 0.672 0.756037 0.96
v 0.193043 0.752145 0.584187 0.672 0.756037 0.96
v 0.180993 0.736703 0.584146 0.672 0.756037 0.96
v 0.169716 0.720689 0.584111 0.672 0.756037 0.96
v 0.159238 0.70414 0.584082 0.672 0.756037 0.96
v 0.149584 0.687098 0.58406 0.672 0.756037 0.96
v 0.140779 0.669601 0.584044 0.672 0.756037 0.96
v 0.132843 0.651694 0.584035 0.672 0.756037 0.96
v 0.125795 0.633419 0.584032 0.672 0.756037 0.96
v 0.119652 0.614819 0.584035 0.672 0.756037 0.96
v 0.114429 0.595941 0.584045 0.672 0.756037 0.96
v 0.110139 0.576828 0.584061 0.672 0.756037 0.96
v 0.106791 0.557529 0.584084 0.672 0.756037 0.96
v 0.104395 0.538088 0.584113 0.672 0.756037 0.96
v 0.102955 0.518552 0.584148 0.672 0.756037 0.96
v 0.102476 0.49897 0.58419 0.672 0.756037 0.96
v 0.102958 0.479387 0.584237 0.672 0.756037 0.96
v 0.1044 0.459852 0.584291 0.672 0.756037 0.96
v 0.106799 0.44041 0.58435 0.672 0.756037 0.96
v 0.110149 0.42111 0.584415 0.672 0.756037 0.96
v 0.114442 0.401997 0.584486 0.672 0.756037 0.96
v 0.119668 0.383118 0.584562 0.672 0.756037 0.96
v 0.125813 0.364517 0.584643 0.672 0.756037 0.96
v 0.132864 0.346241 0.584729 0.672 0.756037 0.96
v 0.140803 0.328332 0.58482 0.672 0.756037 0.96
v 0.149611 0.310835 0.584915 0.672 0.756037 0.96
v 0.159266 0.29379 0.585015 0.672 0.756037 0.96
v 0.169747 0.27724 0.585119 0.672 0.756037 0.96
v 0.181026 0.261224 0.585227 0.672 0.756037 0.96
v 0.193078 0.24578 0.585338 0.672 0.756037 0.96
v 0.205873 0.230947 0.585452 0.672 0.756037 0.96
v 0.21938 0.216759 0.58557 0.672 0.756037 0.96
v 0.233567 0.203251 0.58569 0.672 0.756037 0.96
v 0.2484 0.190455 0.585813 0.672 0.756037 0.96
v 0.263842 0.178402 0.585938 0.672 0.756037 0.96
v 0.279857 0.167122 0.586065 0.672 0.756037 0.96
v 0.296406 0.156641 0.586193 0.672 0.756037 0.96
v 0.31345 0.146984 0.586323 0.672 0.756037 0.96
v 0.330946 0.138175 0.586454 0.672 0.756037 0.96
v 0.348853 0.130236 0.586585 0.672 0.756037 0.96
v 0.367129 0.123185 0.586716 0.672 0.756037 0.96
v 0.385728 0.117039 0.586848 0.672 0.756037 0.96
v 0.404606 0.111813 0.586979 0.672 0.756037 0.96
v 0.423718 0.107519 0.58711 0.672 0.756037 0.96
v 0.443017 0.104169 0.587239 0.672 0.756037 0.96
v 0.462457 0.10177 0.587367 0.672 0.756037 0.96
v 0.481991 0.100327 0.587494 0.672 0.756037 0.96
v 0.501573 0.0998449 0.587619 0.672 0.756037 0.96
v 0.521154 0.100324 0.587742 0.672 0.756037 0.96
v 0.540688 0.101764 0.587862 0.672 0.756037 0.96
v 0.560128 0.10416 0.587979 0.672 0.756037 0.96
v 0.579426 0.107507 0.588093 0.672 0.756037 0.96
v 0.598537 0.111798 0.588204 0.672 0.756037 0.96
v 0.617415 0.117021 0.588312 0.672 0.756037 0.96
v 0.636013 0.123164 0.588415 0.672 0.756037 0.96
v 0.654287 0.130212 0.588515 0.672 0.756037 0.96
v 0.672194 0.138149 0.58861 0.672 0.756037 0.96
v 0.689689 0.146955 0.5887 0.672 0.756037 0.96
v 0.706731 0.156608 0.588786 0.672 0.756037 0.96
v 0.723278 0.167087 0.588867 0.672 0.756037 0.96
v 0.739292 0.178365 0.588942 0.672 0.756037 0.96
v 0.754733 0.190415 0.589013 0.672 0.756037 0.96
v 0.769563 0.203209 0.589077 0.672 0.756037 0.96
v 0.783749 0.216715 0.589136 0.672 0.756037 0.96
v 0.797254 0.230901 0.589189 0.672 0.756037 0.96
v 0.810047 0.245732 0.589236 0.672 0.756037 0.96
v 0.822096 0.261174 0.589277 0.672 0.756037 0.96
v 0.833374 0.277188 0.589312 0.672 0.756037 0.96
v 0.843852 0.293737 0.589341 0.672 0.756037 0.96
v 0.853505 0.31078 0.589363 0.672 0.756037 0.96
v 0.86231 0.328276 0.589379 0.672 0.756037 0.96
v 0.870247 0.346183 0.589388 0.672 0.756037 0.96
v 0.877295 0.364459 0.589391 0.672 0.756037 0.96
v 0.883438 0.383058 0.589388 0.672 0.756037 0.96
v 0.88866 0.401936 0.589378 0.672 0.756037 0.96
v 0.892951 0.421049 0.589362 0.672 0.756037 0.96
v 0.896298 0.440349 0.589339 0.672 0.756037 0.96
v 0.898694 0.45979 0.58931 0.672 0.756037 0.96
v 0.900134 0.479325 0.589275 0.672 0.756037 0.96
v 0.900654 0.498802 0.597731 0.672 0.756037 0.96
v 0.900172 0.518385 0.597689 0.672 0.756037 0.96
v 0.89873 0.53792 0.597641 0.672 0.756037 0.96
v 0.896331 0.557362 0.597588 0.672 0.756037 0.96
v 0.892981 0.576662 0.597529 0.672 0.756037 0.96
v 0.888688 0.595775 0.597466 0.672 0.756037 0.96
v 0.883462 0.614654 0.597398 0.672 0.756037 0.96
v 0.877317 0.633254 0.597326 0.672 0.756037 0.96
v 0.870266 0.651531 0.597249 0.672 0.756037 0.96
v 0.862327 0.669439 0.597168 0.672 0.756037 0.96
v 0.85352 0.686936 0.597083 0.672 0.756037 0.96
v 0.843864 0.703981 0.596993 0.672 0.756037 0.96
v 0.833384 0.720531 0.596901 0.672 0.756037 0.96
v 0.822104 0.736547 0.596805 0.672 0.756037 0.96
v 0.810052 0.75199 0.596705 0.672 0.756037 0.96
v 0.797257 0.766824 0.596603 0.672 0.756037 0.96
v 0.78375 0.781011 0.596498 0.672 0.756037 0.96
v 0.769563 0.794519 0.596391 0.672 0.756037 0.96
v 0.754731 0.807315 0.596281 0.672 0.756037 0.96
v 0.739289 0.819368 0.596169 0.672 0.756037 0.96
v 0.723274 0.830648 0.596056 0.672 0.756037 0.96
v 0.706725 0.841129 0.595942 0.672 0.756037 0.96
v 0.689681 0.850785 0.595826 0.672 0.756037 0.96
v 0.672185 0.859594 0.59571 0.672 0.756037 0.96
v 0.654278 0.867533 0.595592 0.672 0.756037 0.96
v 0.636002 0.874584 0.595475 0.672 0.756037 0.96
v 0.617403 0.88073 0.595358 0.672 0.756037 0.96
v 0.598525 0.885956 0.595241 0.672 0.756037 0.96
v 0.579414 0.890249 0.595124 0.672 0.756037 0.96
v 0.560115 0.893599 0.595009 0.672 0.756037 0.96
v 0.540675 0.895998 0.594895 0.672 0.756037 0.96
v 0.52114 0.897441 0.594782 0.672 0.756037 0.96
v 0.501559 0.897923 0.59467 0.672 0.756037 0.96
v 0.481978 0.897443 0.594561 0.672 0.756037 0.96
v 0.462444 0.896004 0.594454 0.672 0.756037 0.96
v 0.443004 0.893607 0.594349 0.672 0.756037 0.96
v 0.423705 0.89026 0.594247 0.672 0.756037 0.96
v 0.404594 0.885969 0.594148 0.672 0.756037 0.96
v 0.385717 0.880746 0.594053 0.672 0.756037 0.96
v 0.367119 0.874603 0.59396 0.672 0.756037 0.96
v 0.348845 0.867554 0.593872 0.672 0.756037 0.96
v 0.330938 0.859617 0.593787 0.672 0.756037 0.96
v 0.313443 0.850811 0.593707 0.672 0.756037 0.96
v 0.296401 0.841157 0.59363 0.672 0.756037 0.96
v 0.279854 0.830679 0.593558 0.672 0.756037 0.96
v 0.26384 0.819401 0.593491 0.672 0.756037 0.96
v 0.2484 0.80735 0.593429 0.672 0.756037 0.96
v 0.233569 0.794557 0.593371 0.672 0.756037 0.96
v 0.219384 0.781051 0.593319 0.672 0.756037 0.96
v 0.205879 0.766865 0.593272 0.672 0.756037 0.96
v 0.193086 0.752033 0.59323 0.672 0.756037 0.96
v 0.181036 0.736592 0.593193 0.672 0.756037 0.96
v 0.169759 0.720577 0.593162 0.672 0.756037 0.96
v 0.159281 0.704029 0.593137 0.672 0.756037 0.96
v 0.149628 0.686986 0.593117 0.672 0.756037 0.96
v 0.140822 0.669489 0.593103 0.672 0.756037 0.96
v 0.132886 0.651582 0.593095 0.672 0.756037 0.96
v 0.125838 0.633306 0.593093 0.672 0.756037 0.96
v 0.119695 0.614707 0.593096 0.672 0.756037 0.96
v 0.114472 0.595829 0.593105 0.672 0.756037 0.96
v 0.110182 0.576716 0.59312 0.672 0.756037 0.96
v 0.106835 0.557417 0.59314 0.672 0.756037 0.96
v 0.104438 0.537976 0.593166 0.672 0.756037 0.96
v 0.102999 0.51844 0.593198 0.672 0.756037 0.96
v 0.102519 0.498858 0.593235 0.672 0.756037 0.96
v 0.103001 0.479275 0.593278 0.672 0.756037 0.96
v 0.104444 0.45974 0.593326 0.672 0.756037 0.96
v 0.106843 0.440299 0.593379 0.672 0.756037 0.96
v 0.110193 0.420998 0.593437 0.672 0.756037 0.96
v 0.114486 0.401885 0.5935 0.672 0.756037 0.96
v 0.119711 0.383006 0.593568 0.672 0.756037 0.96
v 0.125856 0.364406 0.59364 0.672 0.756037 0.96
v 0.132907 0.34613 0.593717 0.672 0.756037 0.96
v 0.140846 0.328221 0.593798 0.672 0.756037 0.96
v 0.149654 0.310724 0.593884 0.672 0.756037 0.96
v 0.159309 0.293679 0.593973 0.672 0.756037 0.96
v 0.16979 0.277129 0.594065 0.672 0.756037 0.96
v 0.181069 0.261113 0.594162 0.672 0.756037 0.96
v 0.193121 0.24567 0.594261 0.672 0.756037 0.96
v 0.205916 0.230837 0.594363 0.672 0.756037 0.96
v 0.219423 0.216649 0.594468 0.672 0.756037 0.96
v 0.23361 0.203141 0.594576 0.672 0.756037 0.96
v 0.248442 0.190345 0.594685 0.672 0.756037 0.96
v 0.263885 0.178293 0.594797 0.672 0.756037 0.96
v 0.2799 0.167012 0.59491 0.672 0.756037 0.96
v 0.296449 0.156531 0.595025 0.672 0.756037 0.96
v 0.313492 0.146875 0.59514 0.672 0.756037 0.96
v 0.330988 0.138067 0.595257 0.672 0.756037 0.96
v 0.348896 0.130127 0.595374 0.672 0.756037 0.96
v 0.367171 0.123076 0.595491 0.672 0.756037 0.96
v 0.38577 0.11693 0.595608 0.672 0.756037 0.96
v 0.404648 0.111705 0.595725 0.672 0.756037 0.96
v 0.423759 0.107411 0.595842 0.672 0.756037 0.96
v 0.443058 0.104061 0.595957 0.672 0.756037 0.96
v 0.462499 0.101662 0.596072 0.672 0.756037 0.96
v 0.482033 0.10022 0.596185 0.672 0.756037 0.96
v 0.501614 0.0997376 0.596296 0.672 0.756037 0.96
v 0.521195 0.100217 0.596405 0.672 0.756037 0.96
v 0.540729 0.101657 0.596512 0.672 0.756037 0.96
v 0.560169 0.104053 0.596617 0.672 0.756037 0.96
v 0.579468 0.107401 0.596719 0.672 0.756037 0.96
v 0.598579 0.111691 0.596818 0.672 0.756037 0.96
v 0.617456 0.116914 0.596914 0.672 0.756037 0.96
v 0.636054 0.123058 0.597006 0.672 0.756037 0.96
v 0.654328 0.130106 0.597094 0.672 0.756037 0.96
v 0.672235 0.138043 0.597179 0.672 0.756037 0.96
v 0.68973 0.146849 0.59726 0.672 0.756037 0.96
v 0.706772 0.156503 0.597336 0.672 0.756037 0.96
v 0.723319 0.166981 0.597408 0.672 0.756037 0.96
v 0.739333 0.178259 0.597475 0.672 0.756037 0.96
v 0.754773 0.19031 0.597538 0.672 0.756037 0.96
v 0.769604 0.203103 0.597595 0.672 0.756037 0.96
v 0.783789 0.216609 0.597648 0.672 0.756037 0.96
v 0.797294 0.230795 0.597695 0.672 0.756037 0.96
v 0.810087 0.245627 0.597737 0.672 0.756037 0.96
v 0.822137 0.261069 0.597773 0.672 0.756037 0.96
v 0.833414 0.277083 0.597804 0.672 0.756037 0.96
v 0.843892 0.293632 0.597829 0.672 0.756037 0.96
v 0.853545 0.310675 0.597849 0.672 0.756037 0.96
v 0.862351 0.328171 0.597863 0.672 0.756037 0.96
v 0.870287 0.346078 0.597871 0.672 0.756037 0.96
v 0.877335 0.364354 0.597874 0.672 0.756037 0.96
v 0.883478 0.382953 0.59787 0.672 0.756037 0.96
v 0.888701 0.401832 0.597861 0.672 0.756037 0.96
v 0.892991 0.420944 0.597847 0.672 0.756037 0.96
v 0.896339 0.440244 0.597826 0.672 0.756037 0.96
v 0.898735 0.459685 0.5978 0.672 0.756037 0.96
v 0.900175 0.47922 0.597768 0.672 0.756037 0.96
v 0.900695 0.498697 0.606229 0.672 0.756037 0.96
v 0.900213 0.51828 0.606192 0.672 0.756037 0.96
v 0.89877 0.537815 0.606149 0.672 0.756037 0.96
v 0.896371 0.557256 0.606103 0.672 0.756037 0.96
v 0.893021 0.576557 0.606051 0.672 0.756037 0.96
v 0.888728 0.595669 0.605996 0.672 0.756037 0.96
v 0.883503 0.614548 0.605936 0.672 0.756037 0.96
v 0.877358 0.633148 0.605872 0.672 0.756037 0.96
v 0.870307 0.651425 0.605804 0.672 0.756037 0.96
v 0.862368 0.669333 0.605733 0.672 0.756037 0.96
v 0.853561 0.68683 0.605658 0.672 0.756037 0.96
v 0.843905 0.703875 0.605579 0.672 0.756037 0.96
v 0.833425 0.720425 0.605497 0.672 0.756037 0.96
v 0.822145 0.73644 0.605413 0.672 0.756037 0.96
v 0.810094 0.751884 0.605325 0.672 0.756037 0.96
v 0.797299 0.766717 0.605235 0.672 0.756037 0.96
v 0.783792 0.780905 0.605143 0.672 0.756037 0.96
v 0.769605 0.794412 0.605049 0.672 0.756037 0.96
v 0.754772 0.807208 0.604952 0.672 0.756037 0.96
v 0.73933 0.81926 0.604854 0.672 0.756037 0.96
v 0.723315 0.83054 0.604755 0.672 0.756037 0.96
v 0.706766 0.841021 0.604654 0.672 0.756037 0.96
v 0.689723 0.850677 0.604552 0.672 0.756037 0.96
v 0.672227 0.859486 0.60445 0.672 0.756037 0.96
v 0.65432 0.867425 0.604347 0.672 0.756037 0.96
v 0.636044 0.874476 0.604244 0.672 0.756037 0.96
v 0.617445 0.880621 0.604141 0.672 0.756037 0.96
v 0.598567 0.885847 0.604038 0.672 0.756037 0.96
v 0.579456 0.89014 0.603935 0.672 0.756037 0.96
v 0.560157 0.89349 0.603834 0.672 0.756037 0.96
v 0.540717 0.895889 0.603733 0.672 0.756037 0.96
v 0.521183 0.897331 0.603634 0.672 0.756037 0.96
v 0.501602 0.897813 0.603536 0.672 0.756037 0.96
v 0.48202 0.897333 0.60344 0.672 0.756037 0.96
v 0.462486 0.895894 0.603346 0.672 0.756037 0.96
v 0.443047 0.893497 0.603255 0.672 0.756037 0.96
v 0.423748 0.890149 0.603165 0.672 0.756037 0.96
v 0.404637 0.885859 0.603078 0.672 0.756037 0.96
v 0.38576 0.880635 0.602994 0.672 0.756037 0.96
v 0.367162 0.874492 0.602913 0.672 0.756037 0.96
v 0.348888 0.867443 0.602836 0.672 0.756037 0.96
v 0.330981 0.859506 0.602761 0.672 0.756037 0.96
v 0.313486 0.8507 0.60269 0.672 0.756037 0.96
v 0.296444 0.841046 0.602624 0.672 0.756037 0.96
v 0.279897 0.830568 0.602561 0.672 0.756037 0.96
v 0.263884 0.819289 0.602502 0.672 0.756037 0.96
v 0.248443 0.807239 0.602447 0.672 0.756037 0.96
v 0.233612 0.794445 0.602397 0.672 0.756037 0.96
v 0.219427 0.780939 0.602351 0.672 0.756037 0.96
v 0.205922 0.766753 0.602309 0.672 0.756037 0.96
v 0.193129 0.751921 0.602273 0.672 0.756037 0.96
v 0.18108 0.73648 0.602241 0.672 0.756037 0.96
v 0.169802 0.720465 0.602214 0.672 0.756037 0.96
v 0.159324 0.703917 0.602192 0.672 0.756037 0.96
v 0.149671 0.686874 0.602175 0.672 0.756037 0.96
v 0.140866 0.669377 0.602163 0.672 0.756037 0.96
v 0.132929 0.65147 0.602156 0.672 0.756037 0.96
v 0.125881 0.633194 0.602154 0.672 0.756037 0.96
v 0.119738 0.614595 0.602157 0.672 0.756037 0.96
v 0.114516 0.595717 0.602165 0.672 0.756037 0.96
v 0.110225 0.576604 0.602178 0.672 0.756037 0.96
v 0.106878 0.557305 0.602196 0.672 0.756037 0.96
v 0.104482 0.537864 0.602219 0.672 0.756037 0.96
v 0.103042 0.518329 0.602247 0.672 0.756037 0.96
v 0.102563 0.498746 0.60228 0.672 0.756037 0.96
v 0.103045 0.479164 0.602318 0.672 0.756037 0.96
v 0.104487 0.459628 0.60236 0.672 0.756037 0.96
v 0.106886 0.440187 0.602407 0.672 0.756037 0.96
v 0.110236 0.420887 0.602458 0.672 0.756037 0.96
v 0.114529 0.401774 0.602514 0.672 0.756037 0.96
v 0.119754 0.382895 0.602574 0.672 0.756037 0.96
v 0.125899 0.364295 0.602638 0.672 0.756037 0.96
v 0.13295 0.346019 0.602705 0.672 0.756037 0.96
v 0.140889 0.32811 0.602777 0.672 0.756037 0.96
v 0.149697 0.310613 0.602852 0.672 0.756037 0.96
v 0.159352 0.293569 0.60293 0.672 0.756037 0.96
v 0.169832 0.277019 0.603012 0.672 0.756037 0.96
v 0.181112 0.261003 0.603097 0.672 0.756037 0.96
v 0.193164 0.24556 0.603184 0.672 0.756037 0.96
v 0.205958 0.230726 0.603274 0.672 0.756037 0.96
v 0.219465 0.216539 0.603366 0.672 0.756037 0.96
v 0.233652 0.203031 0.603461 0.672 0.756037 0.96
v 0.248485 0.190235 0.603557 0.672 0.756037 0.96
v 0.263927 0.178183 0.603655 0.672 0.756037 0.96
v 0.279942 0.166903 0.603755 0.672 0.756037 0.96
v 0.296491 0.156422 0.603856 0.672 0.756037 0.96
v 0.313534 0.146766 0.603957 0.672 0.756037 0.96
v 0.33103 0.137958 0.60406 0.672 0.756037 0.96
v 0.348938 0.130019 0.604163 0.672 0.756037 0.96
v 0.367213 0.122968 0.604266 0.672 0.756037 0.96
v 0.385812 0.116822 0.604369 0.672 0.756037 0.96
v 0.40469 0.111596 0.604472 0.672 0.756037 0.96
v 0.423801 0.107303 0.604574 0.672 0.756037 0.96
v 0.4431 0.103953 0.604676 0.672 0.756037 0.96
v 0.46254 0.101554 0.604776 0.672 0.756037 0.96
v 0.482074 0.100112 0.604875 0.672 0.756037 0.96
v 0.501656 0.0996303 0.604973 0.672 0.756037 0.96
v 0.521237 0.10011 0.605069 0.672 0.756037 0.96
v 0.540771 0.10155 0.605163 0.672 0.756037 0.96
v 0.56021 0.103946 0.605255 0.672 0.756037 0.96
v 0.579509 0.107294 0.605344 0.672 0.756037 0.96
v 0.59862 0.111585 0.605431 0.672 0.756037 0.96
v 0.617497 0.116808 0.605515 0.672 0.756037 0.96
v 0.636095 0.122951 0.605596 0.672 0.756037 0.96
v 0.654369 0.13 0.605674 0.672 0.756037 0.96
v 0.672276 0.137937 0.605748 0.672 0.756037 0.96
v 0.689771 0.146743 0.605819 0.672 0.756037 0.96
v 0.706813 0.156397 0.605886 0.672 0.756037 0.96
v 0.72336 0.166876 0.605949 0.672 0.756037 0.96
v 0.739374 0.178154 0.606008 0.672 0.756037 0.96
v 0.754814 0.190204 0.606063 0.672 0.756037 0.96
v 0.769645 0.202998 0.606113 0.672 0.756037 0.96
v 0.78383 0.216504 0.606159 0.672 0.756037 0.96
v 0.797335 0.23069 0.6062 0.672 0.756037 0.96
v 0.810128 0.245522 0.606237 0.672 0.756037 0.96
v 0.822177 0.260964 0.606269 0.672 0.756037 0.96
v 0.833455 0.276978 0.606296 0.672 0.756037 0.96
v 0.843933 0.293527 0.606318 0.672 0.756037 0.96
v 0.853586 0.31057 0.606335 0.672 0.756037 0.96
v 0.862392 0.328066 0.606347 0.672 0.756037 0.96
v 0.870328 0.345973 0.606354 0.672 0.756037 0.96
v 0.877376 0.364249 0.606356 0.672 0.756037 0.96
v 0.883519 0.382848 0.606353 0.672 0.756037 0.96
v 0.888742 0.401727 0.606345 0.672 0.756037 0.96
v 0.893032 0.420839 0.606331 0.672 0.756037 0.96
v 0.896379 0.440139 0.606313 0.672 0.756037 0.96
v 0.898776 0.45958 0.60629 0.672 0.756037 0.96
v 0.900215 0.479115 0.606262 0.672 0.756037 0.96
v 0.900735 0.498592 0.614727 0.672 0.756037 0.96
v 0.900253 0.518175 0.614695 0.672 0.756037 0.96
v 0.898811 0.53771 0.614658 0.672 0.756037 0.96
v 0.896412 0.557151 0.614617 0.672 0.756037 0.96
v 0.893062 0.576451 0.614573 0.672 0.756037 0.96
v 0.888769 0.595564 0.614525 0.672 0.756037 0.96
v 0.883544 0.614443 0.614473 0.672 0.756037 0.96
v 0.877399 0.633043 0.614418 0.672 0.756037 0.96
v 0.870348 0.651319 0.614359 0.672 0.756037 0.96
v 0.862409 0.669227 0.614297 0.672 0.756037 0.96
v 0.853602 0.686724 0.614233 0.672 0.756037 0.96
v 0.843946 0.703768 0.614165 0.672 0.756037 0.96
v 0.833466 0.720318 0.614094 0.672 0.756037 0.96
v 0.822186 0.736334 0.614021 0.672 0.756037 0.96
v 0.810135 0.751777 0.613946 0.672 0.756037 0.96
v 0.79734 0.76661 0.613868 0.672 0.756037 0.96
v 0.783833 0.780798 0.613788 0.672 0.756037 0.96
v 0.769646 0.794305 0.613707 0.672 0.756037 0.96
v 0.754814 0.807101 0.613623 0.672 0.756037 0.96
v 0.739372 0.819153 0.613539 0.672 0.756037 0.96
v 0.723357 0.830433 0.613453 0.672 0.756037 0.96
v 0.706808 0.840913 0.613366 0.672 0.756037 0.96
v 0.689765 0.850569 0.613278 0.672 0.756037 0.96
v 0.672269 0.859377 0.61319 0.672 0.756037 0.96
v 0.654361 0.867316 0.613101 0.672 0.756037 0.96
v 0.636086 0.874367 0.613012 0.672 0.756037 0.96
v 0.617487 0.880513 0.612923 0.672 0.756037 0.96
v 0.59861 0.885738 0.612835 0.672 0.756037 0.96
v 0.579498 0.890031 0.612747 0.672 0.756037 0.96
v 0.560199 0.893381 0.612659 0.672 0.756037 0.96
v 0.540759 0.89578 0.612572 0.672 0.756037 0.96
v 0.521225 0.897222 0.612487 0.672 0.756037 0.96
v 0.501644 0.897703 0.612403 0.672 0.756037 0.96
v 0.482063 0.897224 0.61232 0.672 0.756037 0.96
v 0.462529 0.895784 0.612239 0.672 0.756037 0.96
v 0.443089 0.893387 0.61216 0.672 0.756037 0.96
v 0.423791 0.890039 0.612083 0.672 0.756037 0.96
v 0.40468 0.885748 0.612008 0.672 0.756037 0.96
v 0.385803 0.880525 0.611936 0.672 0.756037 0.96
v 0.367205 0.874381 0.611866 0.672 0.756037 0.96
v 0.348931 0.867332 0.611799 0.672 0.756037 0.96
v 0.331024 0.859395 0.611735 0.672 0.756037 0.96
v 0.313529 0.850589 0.611674 0.672 0.756037 0.96
v 0.296487 0.840935 0.611617 0.672 0.756037 0.96
v 0.27994 0.830456 0.611563 0.672 0.756037 0.96
v 0.263927 0.819178 0.611512 0.672 0.756037 0.96
v 0.248486 0.807127 0.611465 0.672 0.756037 0.96
v 0.233655 0.794334 0.611422 0.672 0.756037 0.96
v 0.21947 0.780827 0.611383 0.672 0.756037 0.96
v 0.205965 0.766641 0.611347 0.672 0.756037 0.96
v 0.193172 0.75181 0.611316 0.672 0.756037 0.96
v 0.181123 0.736368 0.611289 0.672 0.756037 0.96
v 0.169846 0.720353 0.611266 0.672 0.756037 0.96
v 0.159368 0.703805 0.611247 0.672 0.756037 0.96
v 0.149714 0.686762 0.611232 0.672 0.756037 0.96
v 0.140909 0.669265 0.611222 0.672 0.756037 0.96
v 0.132973 0.651358 0.611216 0.672 0.756037 0.96
v 0.125925 0.633082 0.611215 0.672 0.756037 0.96
v 0.119782 0.614483 0.611218 0.672 0.756037 0.96
v 0.114559 0.595605 0.611225 0.672 0.756037 0.96
v 0.110269 0.576492 0.611236 0.672 0.756037 0.96
v 0.106921 0.557193 0.611252 0.672 0.756037 0.96
v 0.104525 0.537752 0.611272 0.672 0.756037 0.96
v 0.103085 0.518217 0.611297 0.672 0.756037 0.96
v 0.102606 0.498634 0.611325 0.672 0.756037 0.96
v 0.103088 0.479052 0.611358 0.672 0.756037 0.96
v 0.10453 0.459516 0.611395 0.672 0.756037 0.96
v 0.106929 0.440075 0.611435 0.672 0.756037 0.96
v 0.110279 0.420775 0.61148 0.672 0.756037 0.96
v 0.114572 0.401663 0.611528 0.672 0.756037 0.96
v 0.119797 0.382784 0.61158 0.672 0.756037 0.96
v 0.125943 0.364184 0.611635 0.672 0.756037 0.96
v 0.132993 0.345907 0.611693 0.672 0.756037 0.96
v 0.140932 0.327999 0.611755 0.672 0.756037 0.96
v 0.149739 0.310502 0.61182 0.672 0.756037 0.96
v 0.159395 0.293458 0.611888 0.672 0.756037 0.96
v 0.169875 0.276908 0.611959 0.672 0.756037 0.96
v 0.181155 0.260892 0.612032 0.672 0.756037 0.96
v 0.193206 0.245449 0.612107 0.672 0.756037 0.96
v 0.206001 0.230616 0.612185 0.672 0.756037 0.96
v 0.219508 0.216429 0.612265 0.672 0.756037 0.96
v 0.233695 0.202921 0.612346 0.672 0.756037 0.96
v 0.248527 0.190126 0.612429 0.672 0.756037 0.96
v 0.263969 0.178073 0.612514 0.672 0.756037 0.96
v 0.279984 0.166793 0.6126 0.672 0.756037 0.96
v 0.296533 0.156313 0.612687 0.672 0.756037 0.96
v 0.313576 0.146657 0.612775 0.672 0.756037 0.96
v 0.331072 0.137849 0.612863 0.672 0.756037 0.96
v 0.34898 0.12991 0.612952 0.672 0.756037 0.96
v 0.367255 0.122859 0.613041 0.672 0.756037 0.96
v 0.385854 0.116714 0.613129 0.672 0.756037 0.96
v 0.404732 0.111488 0.613218 0.672 0.756037 0.96
v 0.423843 0.107195 0.613306 0.672 0.756037 0.96
v 0.443142 0.103846 0.613394 0.672 0.756037 0.96
v 0.462582 0.101447 0.61348 0.672 0.756037 0.96
v 0.482116 0.100005 0.613566 0.672 0.756037 0.96
v 0.501697 0.099523 0.61365 0.672 0.756037 0.96
v 0.521278 0.100003 0.613733 0.672 0.756037 0.96
v 0.540812 0.101443 0.613814 0.672 0.756037 0.96
v 0.560252 0.103839 0.613893 0.672 0.756037 0.96
v 0.57955 0.107187 0.61397 0.672 0.756037 0.96
v 0.598661 0.111478 0.614045 0.672 0.756037 0.96
v 0.617538 0.116702 0.614117 0.672 0.756037 0.96
v 0.636136 0.122845 0.614187 0.672 0.756037 0.96
v 0.654411 0.129894 0.614254 0.672 0.756037 0.96
v 0.672317 0.137831 0.614317 0.672 0.756037 0.96
v 0.689812 0.146637 0.614378 0.672 0.756037 0.96
v 0.706854 0.156291 0.614436 0.672 0.756037 0.96
v 0.723401 0.16677 0.61449 0.672 0.756037 0.96
v 0.739414 0.178048 0.614541 0.672 0.756037 0.96
v 0.754855 0.190099 0.614588 0.672 0.756037 0.96
v 0.769686 0.202893 0.614631 0.672 0.756037 0.96
v 0.783871 0.216399 0.61467 0.672 0.756037 0.96
v 0.797376 0.230585 0.614706 0.672 0.756037 0.96
v 0.810169 0.245417 0.614737 0.672 0.756037 0.96
v 0.822218 0.260859 0.614764 0.672 0.756037 0.96
v 0.833495 0.276873 0.614787 0.672 0.756037 0.96
v 0.843973 0.293422 0.614806 0.672 0.756037 0.96
v 0.853627 0.310465 0.614821 0.672 0.756037 0.96
v 0.862432 0.327961 0.614831 0.672 0.756037 0.96
v 0.870368 0.345869 0.614837 0.672 0.756037 0.96
v 0.877416 0.364144 0.614838 0.672 0.756037 0.96
v 0.883559 0.382743 0.614835 0.672 0.756037 0.96
v 0.888782 0.401622 0.614828 0.672 0.756037 0.96
v 0.893072 0.420734 0.614816 0.672 0.756037 0.96
v 0.89642 0.440034 0.6148 0.672 0.756037 0.96
v 0.898816 0.459475 0.61478 0.672 0.756037 0.96
v 0.900256 0.47901 0.614756 0.672 0.756037 0.96
v 0.900776 0.498487 0.623225 0.672 0.756037 0.96
v 0.900294 0.518069 0.623198 0.672 0.756037 0.96
v 0.898852 0.537605 0.623167 0.672 0.756037 0.96
v 0.896453 0.557046 0.623132 0.672 0.756037 0.96
v 0.893103 0.576346 0.623095 0.672 0.756037 0.96
v 0.88881 0.595458 0.623054 0.672 0.756037 0.96
v 0.883585 0.614337 0.62301 0.672 0.756037 0.96
v 0.877439 0.632937 0.622964 0.672 0.756037 0.96
v 0.870389 0.651213 0.622914 0.672 0.756037 0.96
v 0.86245 0.669121 0.622862 0.672 0.756037 0.96
v 0.853643 0.686618 0.622807 0.672 0.756037 0.96
v 0.843987 0.703662 0.62275 0.672 0.756037 0.96
v 0.833507 0.720212 0.622691 0.672 0.756037 0.96
v 0.822228 0.736228 0.622629 0.672 0.756037 0.96
v 0.810176 0.75167 0.622566 0.672 0.756037 0.96
v 0.797381 0.766503 0.6225 0.672 0.756037 0.96
v 0.783874 0.780691 0.622433 0.672 0.756037 0.96
v 0.769688 0.794198 0.622365 0.672 0.756037 0.96
v 0.754855 0.806994 0.622295 0.672 0.756037 0.96
v 0.739413 0.819046 0.622223 0.672 0.756037 0.96
v 0.723398 0.830325 0.622151 0.672 0.756037 0.96
v 0.70685 0.840806 0.622078 0.672 0.756037 0.96
v 0.689807 0.850461 0.622004 0.672 0.756037 0.96
v 0.67231 0.859269 0.62193 0.672 0.756037 0.96
v 0.654403 0.867208 0.621855 0.672 0.756037 0.96
v 0.636128 0.874259 0.621781 0.672 0.756037 0.96
v 0.617529 0.880404 0.621706 0.672 0.756037 0.96
v 0.598652 0.885629 0.621632 0.672 0.756037 0.96
v 0.57954 0.889922 0.621558 0.672 0.756037 0.96
v 0.560241 0.893272 0.621484 0.672 0.756037 0.96
v 0.540802 0.89567 0.621411 0.672 0.756037 0.96
v 0.521268 0.897112 0.62134 0.672 0.756037 0.96
v 0.501686 0.897594 0.621269 0.672 0.756037 0.96
v 0.482105 0.897114 0.621199 0.672 0.756037 0.96
v 0.462571 0.895674 0.621131 0.672 0.756037 0.96
v 0.443132 0.893277 0.621065 0.672 0.756037 0.96
v 0.423833 0.889929 0.621001 0.672 0.756037 0.96
v 0.404723 0.885638 0.620938 0.672 0.756037 0.96
v 0.385846 0.880414 0.620877 0.672 0.756037 0.96
v 0.367247 0.874271 0.620819 0.672 0.756037 0.96
v 0.348973 0.867222 0.620763 0.672 0.756037 0.96
v 0.331067 0.859284 0.620709 0.672 0.756037 0.96
v 0.313572 0.850478 0.620658 0.672 0.756037 0.96
v 0.296531 0.840824 0.62061 0.672 0.756037 0.96
v 0.279983 0.830345 0.620565 0.672 0.756037 0.96
v 0.26397 0.819067 0.620523 0.672 0.756037 0.96
v 0.248529 0.807016 0.620483 0.672 0.756037 0.96
v 0.233699 0.794222 0.620447 0.672 0.756037 0.96
v 0.219514 0.780716 0.620414 0.672 0.756037 0.96
v 0.206008 0.76653 0.620385 0.672 0.756037 0.96
v 0.193216 0.751698 0.620359 0.672 0.756037 0.96
v 0.181166 0.736256 0.620336 0.672 0.756037 0.96
v 0.169889 0.720241 0.620317 0.672 0.756037 0.96
v 0.159411 0.703693 0.620302 0.672 0.756037 0.96
v 0.149758 0.68665 0.62029 0.672 0.756037 0.96
v 0.140952 0.669153 0.620281 0.672 0.756037 0.96
v 0.133016 0.651246 0.620277 0.672 0.756037 0.96
v 0.125968 0.63297 0.620276 0.672 0.756037 0.96
v 0.119825 0.614371 0.620278 0.672 0.756037 0.96
v 0.114602 0.595493 0.620285 0.672 0.756037 0.96
v 0.110312 0.57638 0.620295 0.672 0.756037 0.96
v 0.106965 0.557081 0.620308 0.672 0.756037 0.96
v 0.104568 0.53764 0.620325 0.672 0.756037 0.96
v 0.103129 0.518105 0.620346 0.672 0.756037 0.96
v 0.102649 0.498522 0.62037 0.672 0.756037 0.96
v 0.103131 0.47894 0.620398 0.672 0.756037 0.96
v 0.104573 0.459405 0.620429 0.672 0.756037 0.96
v 0.106972 0.439964 0.620464 0.672 0.756037 0.96
v 0.110322 0.420664 0.620501 0.672 0.756037 0.96
v 0.114615 0.401551 0.620542 0.672 0.756037 0.96
v 0.11984 0.382672 0.620586 0.672 0.756037 0.96
v 0.125986 0.364072 0.620632 0.672 0.756037 0.96
v 0.133036 0.345796 0.620682 0.672 0.756037 0.96
v 0.140975 0.327888 0.620734 0.672 0.756037 0.96
v 0.149782 0.310391 0.620788 0.672 0.756037 0.96
v 0.159438 0.293347 0.620846 0.672 0.756037 0.96
v 0.169918 0.276797 0.620905 0.672 0.756037 0.96
v 0.181197 0.260782 0.620967 0.672 0.756037 0.96
v 0.193249 0.245339 0.62103 0.672 0.756037 0.96
v 0.206044 0.230506 0.621096 0.672 0.756037 0.96
v 0.219551 0.216319 0.621163 0.672 0.756037 0.96
v 0.233737 0.202811 0.621231 0.672 0.756037 0.96
v 0.24857 0.190016 0.621301 0.672 0.756037 0.96
v 0.264012 0.177964 0.621373 0.672 0.756037 0.96
v 0.280027 0.166684 0.621445 0.672 0.756037 0.96
v 0.296575 0.156204 0.621518 0.672 0.756037 0.96
v 0.313618 0.146548 0.621592 0.672 0.756037 0.96
v 0.331115 0.13774 0.621666 0.672 0.756037 0.96
v 0.349022 0.129801 0.621741 0.672 0.756037 0.96
v 0.367297 0.122751 0.621815 0.672 0.756037 0.96
v 0.385896 0.116605 0.62189 0.672 0.756037 0.96
v 0.404773 0.11138 0.621964 0.672 0.756037 0.96
v 0.423885 0.107088 0.622038 0.672 0.756037 0.96
v 0.443184 0.103738 0.622112 0.672 0.756037 0.96
v 0.462623 0.101339 0.622185 0.672 0.756037 0.96
v 0.482157 0.0998973 0.622256 0.672 0.756037 0.96
v 0.501739 0.0994157 0.622327 0.672 0.756037 0.96
v 0.52132 0.0998956 0.622397 0.672 0.756037 0.96
v 0.540854 0.101336 0.622464 0.672 0.756037 0.96
v 0.560293 0.103733 0.622531 0.672 0.756037 0.96
v 0.579592 0.107081 0.622595 0.672 0.756037 0.96
v 0.598702 0.111372 0.622658 0.672 0.756037 0.96
v 0.617579 0.116595 0.622719 0.672 0.756037 0.96
v 0.636178 0.122739 0.622777 0.672 0.756037 0.96
v 0.654452 0.129788 0.622833 0.672 0.756037 0.96
v 0.672358 0.137725 0.622887 0.672 0.756037 0.96
v 0.689853 0.146531 0.622938 0.672 0.756037 0.96
v 0.706894 0.156186 0.622986 0.672 0.756037 0.96
v 0.723442 0.166665 0.623031 0.672 0.756037 0.96
v 0.739455 0.177943 0.623073 0.672 0.756037 0.96
v 0.754896 0.189994 0.623113 0.672 0.756037 0.96
v 0.769726 0.202787 0.623149 0.672 0.756037 0.96
v 0.783911 0.216294 0.623182 0.672 0.756037 0.96
v 0.797417 0.23048 0.623211 0.672 0.756037 0.96
v 0.810209 0.245312 0.623237 0.672 0.756037 0.96
v 0.822259 0.260753 0.62326 0.672 0.756037 0.96
v 0.833536 0.276768 0.623279 0.672 0.756037 0.96
v 0.844014 0.293317 0.623294 0.672 0.756037 0.96
v 0.853667 0.31036 0.623306 0.672 0.756037 0.96
v 0.862473 0.327856 0.623315 0.672 0.756037 0.96
v 0.870409 0.345764 0.623319 0.672 0.756037 0.96
v 0.877457 0.364039 0.62332 0.672 0.756037 0.96
v 0.8836 0.382638 0.623318 0.672 0.756037 0.96
v 0.888823 0.401517 0.623311 0.672 0.756037 0.96
v 0.893113 0.420629 0.623301 0.672 0.756037 0.96
v 0.89646 0.439929 0.623288 0.672 0.756037 0.96
v 0.898857 0.45937 0.62327 0.672 0.756037 0.96
v 0.900296 0.478905 0.62325 0.672 0.756037 0.96
v 0.900817 0.498382 0.631724 0.672 0.756037 0.96
v 0.900335 0.517964 0.631701 0.672 0.756037 0.96
v 0.898892 0.5375 0.631675 0.672 0.756037 0.96
v 0.896494 0.55694 0.631647 0.672 0.756037 0.96
v 0.893144 0.57624 0.631617 0.672 0.756037 0.96
v 0.888851 0.595353 0.631583 0.672 0.756037 0.96
v 0.883626 0.614232 0.631548 0.672 0.756037 0.96
v 0.87748 0.632831 0.63151 0.672 0.756037 0.96
v 0.87043 0.651107 0.631469 0.672 0.756037 0.96
v 0.862491 0.669015 0.631427 0.672 0.756037 0.96
v 0.853684 0.686512 0.631382 0.672 0.756037 0.96
v 0.844028 0.703556 0.631336 0.672 0.756037 0.96
v 0.833548 0.720106 0.631288 0.672 0.756037 0.96
v 0.822269 0.736121 0.631238 0.672 0.756037 0.96
v 0.810217 0.751564 0.631186 0.672 0.756037 0.96
v 0.797423 0.766397 0.631133 0.672 0.756037 0.96
v 0.783916 0.780584 0.631078 0.672 0.756037 0.96
v 0.769729 0.794091 0.631023 0.672 0.756037 0.96
v 0.754897 0.806886 0.630966 0.672 0.756037 0.96
v 0.739455 0.818938 0.630908 0.672 0.756037 0.96
v 0.72344 0.830218 0.630849 0.672 0.756037 0.96
v 0.706891 0.840698 0.63079 0.672 0.756037 0.96
v 0.689848 0.850354 0.63073 0.672 0.756037 0.96
v 0.672352 0.859161 0.63067 0.672 0.756037 0.96
v 0.654445 0.8671 0.63061 0.672 0.756037 0.96
v 0.63617 0.87415 0.630549 0.672 0.756037 0.96
v 0.617571 0.880295 0.630489 0.672 0.756037 0.96
v 0.598694 0.88552 0.630428 0.672 0.756037 0.96
v 0.579582 0.889813 0.630369 0.672 0.756037 0.96
v 0.560284 0.893162 0.630309 0.672 0.756037 0.96
v 0.540844 0.895561 0.63025 0.672 0.756037 0.96
v 0.52131 0.897003 0.630192 0.672 0.756037 0.96
v 0.501729 0.897484 0.630135 0.672 0.756037 0.96
v 0.482148 0.897004 0.630079 0.672 0.756037 0.96
v 0.462614 0.895564 0.630024 0.672 0.756037 0.96
v 0.443174 0.893167 0.62997 0.672 0.756037 0.96
v 0.423876 0.889819 0.629918 0.672 0.756037 0.96
v 0.404765 0.885527 0.629868 0.672 0.756037 0.96
v 0.385888 0.880304 0.629819 0.672 0.756037 0.96
v 0.36729 0.87416 0.629772 0.672 0.756037 0.96
v 0.349016 0.867111 0.629727 0.672 0.756037 0.96
v 0.33111 0.859174 0.629683 0.672 0.756037 0.96
v 0.313615 0.850367 0.629642 0.672 0.756037 0.96
v 0.296574 0.840713 0.629604 0.672 0.756037 0.96
v 0.280026 0.830234 0.629567 0.672 0.756037 0.96
v 0.264013 0.818955 0.629533 0.672 0.756037 0.96
v 0.248572 0.806904 0.629502 0.672 0.756037 0.96
v 0.233742 0.79411 0.629473 0.672 0.756037 0.96
v 0.219557 0.780604 0.629446 0.672 0.756037 0.96
v 0.206052 0.766418 0.629423 0.672 0.756037 0.96
v 0.193259 0.751586 0.629402 0.672 0.756037 0.96
v 0.18121 0.736144 0.629384 0.672 0.756037 0.96
v 0.169932 0.720129 0.629369 0.672 0.756037 0.96
v 0.159454 0.703581 0.629356 0.672 0.756037 0.96
v 0.149801 0.686538 0.629347 0.672 0.756037 0.96
v 0.140996 0.669041 0.629341 0.672 0.756037 0.96
v 0.133059 0.651134 0.629337 0.672 0.756037 0.96
v 0.126011 0.632858 0.629337 0.672 0.756037 0.96
v 0.119868 0.614259 0.629339 0.672 0.756037 0.96
v 0.114646 0.595381 0.629345 0.672 0.756037 0.96
v 0.110355 0.576268 0.629353 0.672 0.756037 0.96
v 0.107008 0.556969 0.629364 0.672 0.756037 0.96
v 0.104611 0.537528 0.629379 0.672 0.756037 0.96
v 0.103172 0.517993 0.629396 0.672 0.756037 0.96
v 0.102692 0.498411 0.629416 0.672 0.756037 0.96
v 0.103174 0.478828 0.629438 0.672 0.756037 0.96
v 0.104617 0.459293 0.629464 0.672 0.756037 0.96
v 0.107015 0.439852 0.629492 0.672 0.756037 0.96
v 0.110365 0.420552 0.629523 0.672 0.756037 0.96
v 0.114658 0.40144 0.629556 0.672 0.756037 0.96
v 0.119883 0.382561 0.629591 0.672 0.756037 0.96
v 0.126029 0.363961 0.629629 0.672 0.756037 0.96
v 0.133079 0.345685 0.62967 0.672 0.756037 0.96
v 0.141018 0.327777 0.629712 0.672 0.756037 0.96
v 0.149825 0.31028 0.629757 0.672 0.756037 0.96
v 0.159481 0.293236 0.629803 0.672 0.756037 0.96
v 0.169961 0.276687 0.629852 0.672 0.756037 0.96
v 0.18124 0.260671 0.629902 0.672 0.756037 0.96
v 0.193292 0.245229 0.629953 0.672 0.756037 0.96
v 0.206086 0.230396 0.630006 0.672 0.756037 0.96
v 0.219593 0.216209 0.630061 0.672 0.756037 0.96
v 0.23378 0.202701 0.630117 0.672 0.756037 0.96
v 0.248612 0.189906 0.630173 0.672 0.756037 0.96
v 0.264054 0.177854 0.630231 0.672 0.756037 0.96
v 0.280069 0.166575 0.63029 0.672 0.756037 0.96
v 0.296618 0.156095 0.630349 0.672 0.756037 0.96
v 0.313661 0.146439 0.630409 0.672 0.756037 0.96
v 0.331157 0.137631 0.630469 0.672 0.756037 0.96
v 0.349064 0.129693 0.630529 0.672 0.756037 0.96
v 0.367339 0.122642 0.63059 0.672 0.756037 0.96
v 0.385937 0.116497 0.63065 0.672 0.756037 0.96
v 0.404815 0.111272 0.630711 0.672 0.756037 0.96
v 0.423927 0.10698 0.630771 0.672 0.756037 0.96
v 0.443225 0.10363 0.63083 0.672 0.756037 0.96
v 0.462665 0.101232 0.630889 0.672 0.756037 0.96
v 0.482199 0.0997898 0.630947 0.672 0.756037 0.96
v 0.50178 0.0993084 0.631004 0.672 0.756037 0.96
v 0.521361 0.0997884 0.63106 0.672 0.756037 0.96
v 0.540895 0.101229 0.631115 0.672 0.756037 0.96
v 0.560334 0.103626 0.631169 0.672 0.756037 0.96
v 0.579633 0.106974 0.631221 0.672 0.756037 0.96
v 0.598744 0.111265 0.631272 0.672 0.756037 0.96
v 0.617621 0.116489 0.63132 0.672 0.756037 0.96
v 0.636219 0.122633 0.631368 0.672 0.756037 0.96
v 0.654493 0.129682 0.631413 0.672 0.756037 0.96
v 0.672399 0.137619 0.631456 0.672 0.756037 0.96
v 0.689894 0.146425 0.631497 0.672 0.756037 0.96
v 0.706935 0.15608 0.631536 0.672 0.756037 0.96
v 0.723483 0.166559 0.631572 0.672 0.756037 0.96
v 0.739496 0.177837 0.631606 0.672 0.756037 0.96
v 0.754937 0.189888 0.631638 0.672 0.756037 0.96
v 0.769767 0.202682 0.631667 0.672 0.756037 0.96
v 0.783952 0.216188 0.631693 0.672 0.756037 0.96
v 0.797457 0.230375 0.631716 0.672 0.756037 0.96
v 0.81025 0.245207 0.631737 0.672 0.756037 0.96
v 0.822299 0.260648 0.631755 0.672 0.756037 0.96
v 0.833577 0.276663 0.631771 0.672 0.756037 0.96
v 0.844055 0.293212 0.631783 0.672 0.756037 0.96
v 0.853708 0.310255 0.631792 0.672 0.756037 0.96
v 0.862513 0.327751 0.631799 0.672 0.756037 0.96
v 0.87045 0.345659 0.631802 0.672 0.756037 0.96
v 0.877498 0.363934 0.631803 0.672 0.756037 0.96
v 0.883641 0.382534 0.6318 0.672 0.756037 0.96
v 0.888863 0.401412 0.631795 0.672 0.756037 0.96
v 0.893154 0.420524 0.631786 0.672 0.756037 0.96
v 0.896501 0.439824 0.631775 0.672 0.756037 0.96
v 0.898897 0.459265 0.631761 0.672 0.756037 0.96
v 0.900337 0.4788 0.631744 0.672 0.756037 0.96
v 0.900857 0.498277 0.640222 0.672 0.756037 0.96
v 0.900375 0.517859 0.640204 0.672 0.756037 0.96
v 0.898933 0.537394 0.640184 0.672 0.756037 0.96
v 0.896534 0.556835 0.640162 0.672 0.756037 0.96
v 0.893184 0.576135 0.640138 0.672 0.756037 0.96
v 0.888892 0.595247 0.640113 0.672 0.756037 0.96
v 0.883666 0.614126 0.640085 0.672 0.756037 0.96
v 0.877521 0.632726 0.640056 0.672 0.756037 0.96
v 0.870471 0.651002 0.640025 0.672 0.756037 0.96
v 0.862532 0.66891 0.639992 0.672 0.756037 0.96
v 0.853725 0.686406 0.639957 0.672 0.756037 0.96
v 0.844069 0.70345 0.639922 0.672 0.756037 0.96
v 0.833589 0.719999 0.639884 0.672 0.756037 0.96
v 0.82231 0.736015 0.639846 0.672 0.756037 0.96
v 0.810259 0.751457 0.639806 0.672 0.756037 0.96
v 0.797464 0.76629 0.639765 0.672 0.756037 0.96
v 0.783957 0.780477 0.639723 0.672 0.756037 0.96
v 0.769771 0.793984 0.639681 0.672 0.756037 0.96
v 0.754938 0.806779 0.639637 0.672 0.756037 0.96
v 0.739496 0.818831 0.639593 0.672 0.756037 0.96
v 0.723482 0.83011 0.639548 0.672 0.756037 0.96
v 0.706933 0.84059 0.639502 0.672 0.756037 0.96
v 0.68989 0.850246 0.639456 0.672 0.756037 0.96
v 0.672394 0.859053 0.63941 0.672 0.756037 0.96
v 0.654487 0.866992 0.639364 0.672 0.756037 0.96
v 0.636212 0.874042 0.639318 0.672 0.756037 0.96
v 0.617614 0.880187 0.639271 0.672 0.756037 0.96
v 0.598736 0.885412 0.639225 0.672 0.756037 0.96
v 0.579625 0.889704 0.63918 0.672 0.756037 0.96
v 0.560326 0.893053 0.639134 0.672 0.756037 0.96
v 0.540886 0.895452 0.639089 0.672 0.756037 0.96
v 0.521352 0.896893 0.639045 0.672 0.756037 0.96
v 0.501771 0.897374 0.639001 0.672 0.756037 0.96
v 0.48219 0.896894 0.638958 0.672 0.756037 0.96
v 0.462657 0.895454 0.638917 0.672 0.756037 0.96
v 0.443217 0.893057 0.638876 0.672 0.756037 0.96
v 0.423919 0.889708 0.638836 0.672 0.756037 0.96
v 0.404808 0.885417 0.638798 0.672 0.756037 0.96
v 0.385931 0.880193 0.63876 0.672 0.756037 0.96
v 0.367333 0.874049 0.638725 0.672 0.756037 0.96
v 0.349059 0.867 0.63869 0.672 0.756037 0.96
v 0.331153 0.859063 0.638657 0.672 0.756037 0.96
v 0.313658 0.850256 0.638626 0.672 0.756037 0.96
v 0.296617 0.840601 0.638597 0.672 0.756037 0.96
v 0.280069 0.830122 0.638569 0.672 0.756037 0.96
v 0.264056 0.818844 0.638544 0.672 0.756037 0.96
v 0.248615 0.806793 0.63852 0.672 0.756037 0.96
v 0.233785 0.793999 0.638498 0.672 0.756037 0.96
v 0.2196 0.780492 0.638478 0.672 0.756037 0.96
v 0.206095 0.766306 0.638461 0.672 0.756037 0.96
v 0.193302 0.751474 0.638445 0.672 0.756037 0.96
v 0.181253 0.736032 0.638432 0.672 0.756037 0.96
v 0.169976 0.720018 0.63842 0.672 0.756037 0.96
v 0.159498 0.703469 0.638411 0.672 0.756037 0.96
v 0.149844 0.686426 0.638404 0.672 0.756037 0.96
v 0.141039 0.668929 0.6384 0.672 0.756037 0.96
v 0.133103 0.651022 0.638398 0.672 0.756037 0.96
v 0.126055 0.632746 0.638398 0.672 0.756037 0.96
v 0.119912 0.614147 0.6384 0.672 0.756037 0.96
v 0.114689 0.595269 0.638405 0.672 0.756037 0.96
v 0.110399 0.576156 0.638411 0.672 0.756037 0.96
v 0.107051 0.556857 0.63842 0.672 0.756037 0.96
v 0.104655 0.537416 0.638432 0.672 0.756037 0.96
v 0.103215 0.517881 0.638445 0.672 0.756037 0.96
v 0.102736 0.498299 0.638461 0.672 0.756037 0.96
v 0.103218 0.478716 0.638479 0.672 0.756037 0.96
v 0.10466 0.459181 0.638498 0.672 0.756037 0.96
v 0.107059 0.43974 0.63852 0.672 0.756037 0.96
v 0.110408 0.420441 0.638544 0.672 0.756037 0.96
v 0.114701 0.401328 0.63857 0.672 0.756037 0.96
v 0.119926 0.382449 0.638597 0.672 0.756037 0.96
v 0.126072 0.36385 0.638627 0.672 0.756037 0.96
v 0.133122 0.345574 0.638658 0.672 0.756037 0.96
v 0.141061 0.327666 0.638691 0.672 0.756037 0.96
v 0.149868 0.310169 0.638725 0.672 0.756037 0.96
v 0.159524 0.293126 0.638761 0.672 0.756037 0.96
v 0.170004 0.276576 0.638798 0.672 0.756037 0.96
v 0.181283 0.260561 0.638837 0.672 0.756037 0.96
v 0.193334 0.245118 0.638876 0.672 0.756037 0.96
v 0.206129 0.230286 0.638917 0.672 0.756037 0.96
v 0.219636 0.216099 0.638959 0.672 0.756037 0.96
v 0.233822 0.202591 0.639002 0.672 0.756037 0.96
v 0.248654 0.189797 0.639045 0.672 0.756037 0.96
v 0.264096 0.177745 0.63909 0.672 0.756037 0.96
v 0.280111 0.166465 0.639135 0.672 0.756037 0.96
v 0.29666 0.155985 0.63918 0.672 0.756037 0.96
v 0.313703 0.14633 0.639226 0.672 0.756037 0.96
v 0.331199 0.137522 0.639272 0.672 0.756037 0.96
v 0.349106 0.129584 0.639318 0.672 0.756037 0.96
v 0.367381 0.122534 0.639365 0.672 0.756037 0.96
v 0.385979 0.116389 0.639411 0.672 0.756037 0.96
v 0.404857 0.111164 0.639457 0.672 0.756037 0.96
v 0.423968 0.106872 0.639503 0.672 0.756037 0.96
v 0.443267 0.103522 0.639548 0.672 0.756037 0.96
v 0.462707 0.101124 0.639593 0.672 0.756037 0.96
v 0.482241 0.0996824 0.639638 0.672 0.756037 0.96
v 0.501822 0.0992011 0.639681 0.672 0.756037 0.96
v 0.521403 0.0996813 0.639724 0.672 0.756037 0.96
v 0.540936 0.101122 0.639766 0.672 0.756037 0.96
v 0.560376 0.103519 0.639807 0.672 0.756037 0.96
v 0.579674 0.106867 0.639846 0.672 0.756037 0.96
v 0.598785 0.111159 0.639885 0.672 0.756037 0.96
v 0.617662 0.116382 0.639922 0.672 0.756037 0.96
v 0.63626 0.122526 0.639958 0.672 0.756037 0.96
v 0.654534 0.129576 0.639992 0.672 0.756037 0.96
v 0.67244 0.137513 0.640025 0.672 0.756037 0.96
v 0.689935 0.14632 0.640056 0.672 0.756037 0.96
v 0.706976 0.155974 0.640085 0.672 0.756037 0.96
v 0.723524 0.166453 0.640113 0.672 0.756037 0.96
v 0.739537 0.177732 0.640139 0.672 0.756037 0.96
v 0.754977 0.189783 0.640163 0.672 0.756037 0.96
v 0.769808 0.202577 0.640184 0.672 0.756037 0.96
v 0.783993 0.216083 0.640204 0.672 0.756037 0.96
v 0.797498 0.23027 0.640222 0.672 0.756037 0.96
v 0.810291 0.245101 0.640237 0.672 0.756037 0.96
v 0.82234 0.260543 0.640251 0.672 0.756037 0.96
v 0.833617 0.276558 0.640262 0.672 0.756037 0.96
v 0.844095 0.293107 0.640271 0.672 0.756037 0.96
v 0.853748 0.31015 0.640278 0.672 0.756037 0.96
v 0.862554 0.327646 0.640282 0.672 0.756037 0.96
v 0.87049 0.345554 0.640285 0.672 0.756037 0.96
v 0.877538 0.363829 0.640285 0.672 0.756037 0.96
v 0.883681 0.382429 0.640282 0.672 0.756037 0.96
v 0.888904 0.401307 0.640278 0.672 0.756037 0.96
v 0.893194 0.420419 0.640271 0.672 0.756037 0.96
v 0.896542 0.439719 0.640262 0.672 0.756037 0.96
v 0.898938 0.45916 0.640251 0.672 0.756037 0.96
v 0.900378 0.478695 0.640237 0.672 0.756037 0.96
v 0.900898 0.498172 0.64872 0.672 0.756037 0.96
v 0.900416 0.517754 0.648707 0.672 0.756037 0.96
v 0.898974 0.537289 0.648693 0.672 0.756037 0.96
v 0.896575 0.55673 0.648677 0.672 0.756037 0.96
v 0.893225 0.57603 0.64866 0.672 0.756037 0.96
v 0.888933 0.595142 0.648642 0.672 0.756037 0.96
v 0.883707 0.614021 0.648622 0.672 0.756037 0.96
v 0.877562 0.63262 0.648602 0.672 0.756037 0.96
v 0.870512 0.650896 0.64858 0.672 0.756037 0.96
v 0.862573 0.668804 0.648557 0.672 0.756037 0.96
v 0.853766 0.6863 0.648532 0.672 0.756037 0.96
v 0.84411 0.703344 0.648507 0.672 0.756037 0.96
v 0.83363 0.719893 0.648481 0.672 0.756037 0.96
v 0.822351 0.735908 0.648454 0.672 0.756037 0.96
v 0.8103 0.751351 0.648426 0.672 0.756037 0.96
v 0.797505 0.766183 0.648398 0.672 0.756037 0.96
v 0.783999 0.78037 0.648368 0.672 0.756037 0.96
v 0.769812 0.793877 0.648339 0.672 0.756037 0.96
v 0.75498 0.806672 0.648308 0.672 0.756037 0.96
v 0.739538 0.818723 0.648277 0.672 0.756037 0.96
v 0.723523 0.830003 0.648246 0.672 0.756037 0.96
v 0.706975 0.840483 0.648214 0.672 0.756037 0.96
v 0.689932 0.850138 0.648183 0.672 0.756037 0.96
v 0.672436 0.858945 0.64815 0.672 0.756037 0.96
v 0.654529 0.866883 0.648118 0.672 0.756037 0.96
v 0.636254 0.873933 0.648086 0.672 0.756037 0.96
v 0.617656 0.880078 0.648054 0.672 0.756037 0.96
v 0.598778 0.885303 0.648022 0.672 0.756037 0.96
v 0.579667 0.889595 0.647991 0.672 0.756037 0.96
v 0.560368 0.892944 0.647959 0.672 0.756037 0.96
v 0.540928 0.895342 0.647928 0.672 0.756037 0.96
v 0.521395 0.896784 0.647898 0.672 0.756037 0.96
v 0.501814 0.897265 0.647867 0.672 0.756037 0.96
v 0.482233 0.896785 0.647838 0.672 0.756037 0.96
v 0.462699 0.895344 0.647809 0.672 0.756037 0.96
v 0.44326 0.892946 0.647781 0.672 0.756037 0.96
v 0.423961 0.889598 0.647754 0.672 0.756037 0.96
v 0.404851 0.885307 0.647727 0.672 0.756037 0.96
v 0.385974 0.880083 0.647702 0.672 0.756037 0.96
v 0.367376 0.873938 0.647677 0.672 0.756037 0.96
v 0.349102 0.866889 0.647654 0.672 0.756037 0.96
v 0.331196 0.858952 0.647632 0.672 0.756037 0.96
v 0.313701 0.850145 0.64761 0.672 0.756037 0.96
v 0.29666 0.84049 0.64759 0.672 0.756037 0.96
v 0.280112 0.830011 0.647572 0.672 0.756037 0.96
v 0.264099 0.818732 0.647554 0.672 0.756037 0.96
v 0.248659 0.806681 0.647538 0.672 0.756037 0.96
v 0.233828 0.793887 0.647523 0.672 0.756037 0.96
v 0.219643 0.780381 0.64751 0.672 0.756037 0.96
v 0.206138 0.766194 0.647498 0.672 0.756037 0.96
v 0.193346 0.751362 0.647488 0.672 0.756037 0.96
v 0.181296 0.73592 0.647479 0.672 0.756037 0.96
v 0.170019 0.719906 0.647472 0.672 0.756037 0.96
v 0.159541 0.703357 0.647466 0.672 0.756037 0.96
v 0.149888 0.686314 0.647462 0.672 0.756037 0.96
v 0.141082 0.668817 0.647459 0.672 0.756037 0.96
v 0.133146 0.65091 0.647458 0.672 0.756037 0.96
v 0.126098 0.632634 0.647459 0.672 0.756037 0.96
v 0.119955 0.614035 0.647461 0.672 0.756037 0.96
v 0.114732 0.595156 0.647464 0.672 0.756037 0.96
v 0.110442 0.576044 0.64747 0.672 0.756037 0.96
v 0.107095 0.556745 0.647476 0.672 0.756037 0.96
v 0.104698 0.537304 0.647485 0.672 0.756037 0.96
v 0.103258 0.517769 0.647495 0.672 0.756037 0.96
v 0.102779 0.498187 0.647506 0.672 0.756037 0.96
v 0.103261 0.478605 0.647519 0.672 0.756037 0.96
v 0.104703 0.45907 0.647533 0.672 0.756037 0.96
v 0.107102 0.439629 0.647549 0.672 0.756037 0.96
v 0.110452 0.420329 0.647565 0.672 0.756037 0.96
v 0.114744 0.401217 0.647584 0.672 0.756037 0.96
v 0.11997 0.382338 0.647603 0.672 0.756037 0.96
v 0.126115 0.363739 0.647624 0.672 0.756037 0.96
v 0.133165 0.345463 0.647646 0.672 0.756037 0.96
v 0.141104 0.327555 0.647669 0.672 0.756037 0.96
v 0.149911 0.310058 0.647693 0.672 0.756037 0.96
v 0.159566 0.293015 0.647718 0.672 0.756037 0.96
v 0.170046 0.276466 0.647745 0.672 0.756037 0.96
v 0.181326 0.26045 0.647772 0.672 0.756037 0.96
v 0.193377 0.245008 0.647799 0.672 0.756037 0.96
v 0.206172 0.230175 0.647828 0.672 0.756037 0.96
v 0.219678 0.215989 0.647857 0.672 0.756037 0.96
v 0.233865 0.202482 0.647887 0.672 0.756037 0.96
v 0.248697 0.189687 0.647918 0.672 0.756037 0.96
v 0.264139 0.177635 0.647948 0.672 0.756037 0.96
v 0.280153 0.166356 0.64798 0.672 0.756037 0.96
v 0.296702 0.155876 0.648011 0.672 0.756037 0.96
v 0.313745 0.146221 0.648043 0.672 0.756037 0.96
v 0.331241 0.137414 0.648075 0.672 0.756037 0.96
v 0.349148 0.129475 0.648107 0.672 0.756037 0.96
v 0.367423 0.122425 0.648139 0.672 0.756037 0.96
v 0.386021 0.11628 0.648171 0.672 0.756037 0.96
v 0.404899 0.111056 0.648203 0.672 0.756037 0.96
v 0.42401 0.106764 0.648235 0.672 0.756037 0.96
v 0.443309 0.103414 0.648267 0.672 0.756037 0.96
v 0.462748 0.101016 0.648298 0.672 0.756037 0.96
v 0.482282 0.0995749 0.648328 0.672 0.756037 0.96
v 0.501863 0.0990938 0.648358 0.672 0.756037 0.96
v 0.521444 0.0995742 0.648388 0.672 0.756037 0.96
v 0.540978 0.101015 0.648417 0.672 0.756037 0.96
v 0.560417 0.103412 0.648445 0.672 0.756037 0.96
v 0.579715 0.106761 0.648472 0.672 0.756037 0.96
v 0.598826 0.111052 0.648498 0.672 0.756037 0.96
v 0.617703 0.116276 0.648524 0.672 0.756037 0.96
v 0.636301 0.12242 0.648548 0.672 0.756037 0.96
v 0.654575 0.12947 0.648572 0.672 0.756037 0.96
v 0.672481 0.137407 0.648594 0.672 0.756037 0.96
v 0.689976 0.146214 0.648615 0.672 0.756037 0.96
v 0.707017 0.155868 0.648635 0.672 0.756037 0.96
v 0.723565 0.166348 0.648654 0.672 0.756037 0.96
v 0.739578 0.177626 0.648671 0.672 0.756037 0.96
v 0.755018 0.189677 0.648688 0.672 0.756037 0.96
v 0.769849 0.202471 0.648702 0.672 0.756037 0.96
v 0.784034 0.215978 0.648716 0.672 0.756037 0.96
v 0.797539 0.230164 0.648727 0.672 0.756037 0.96
v 0.810331 0.244996 0.648738 0.672 0.756037 0.96
v 0.822381 0.260438 0.648746 0.672 0.756037 0.96
v 0.833658 0.276453 0.648754 0.672 0.756037 0.96
v 0.844136 0.293002 0.64876 0.672 0.756037 0.96
v 0.853789 0.310045 0.648764 0.672 0.756037 0.96
v 0.862594 0.327542 0.648766 0.672 0.756037 0.96
v 0.870531 0.345449 0.648767 0.672 0.756037 0.96
v 0.877579 0.363724 0.648767 0.672 0.756037 0.96
v 0.883722 0.382324 0.648765 0.672 0.756037 0.96
v 0.888945 0.401202 0.648761 0.672 0.756037 0.96
v 0.893235 0.420314 0.648756 0.672 0.756037 0.96
v 0.896582 0.439614 0.648749 0.672 0.756037 0.96
v 0.898979 0.459055 0.648741 0.672 0.756037 0.96
v 0.900418 0.47859 0.648731 0.672 0.756037 0.96
v 0.900939 0.498067 0.657218 0.672 0.756037 0.96
v 0.900457 0.517649 0.65721 0.672 0.756037 0.96
v 0.899015 0.537184 0.657201 0.672 0.756037 0.96
v 0.896616 0.556625 0.657192 0.672 0.756037 0.96
v 0.893266 0.575924 0.657182 0.672 0.756037 0.96
v 0.888973 0.595036 0.657171 0.672 0.756037 0.96
v 0.883748 0.613915 0.65716 0.672 0.756037 0.96
v 0.877603 0.632514 0.657148 0.672 0.756037 0.96
v 0.870553 0.65079 0.657135 0.672 0.756037 0.96
v 0.862614 0.668698 0.657121 0.672 0.756037 0.96
v 0.853807 0.686194 0.657107 0.672 0.756037 0.96
v 0.844151 0.703238 0.657093 0.672 0.756037 0.96
v 0.833672 0.719787 0.657078 0.672 0.756037 0.96
v 0.822392 0.735802 0.657062 0.672 0.756037 0.96
v 0.810341 0.751244 0.657046 0.672 0.756037 0.96
v 0.797547 0.766076 0.65703 0.672 0.756037 0.96
v 0.78404 0.780263 0.657014 0.672 0.756037 0.96
v 0.769853 0.79377 0.656997 0.672 0.756037 0.96
v 0.755021 0.806565 0.656979 0.672 0.756037 0.96
v 0.739579 0.818616 0.656962 0.672 0.756037 0.96
v 0.723565 0.829895 0.656944 0.672 0.756037 0.96
v 0.707016 0.840375 0.656926 0.672 0.756037 0.96
v 0.689974 0.85003 0.656909 0.672 0.756037 0.96
v 0.672478 0.858837 0.656891 0.672 0.756037 0.96
v 0.654571 0.866775 0.656873 0.672 0.756037 0.96
v 0.636296 0.873825 0.656855 0.672 0.756037 0.96
v 0.617698 0.87997 0.656837 0.672 0.756037 0.96
v 0.59882 0.885194 0.656819 0.672 0.756037 0.96
v 0.579709 0.889486 0.656802 0.672 0.756037 0.96
v 0.56041 0.892835 0.656784 0.672 0.756037 0.96
v 0.540971 0.895233 0.656767 0.672 0.756037 0.96
v 0.521437 0.896674 0.65675 0.672 0.756037 0.96
v 0.501856 0.897155 0.656734 0.672 0.756037 0.96
v 0.482275 0.896675 0.656717 0.672 0.756037 0.96
v 0.462742 0.895234 0.656702 0.672 0.756037 0.96
v 0.443302 0.892836 0.656686 0.672 0.756037 0.96
v 0.424004 0.889488 0.656671 0.672 0.756037 0.96
v 0.404894 0.885196 0.656657 0.672 0.756037 0.96
v 0.386017 0.879972 0.656643 0.672 0.756037 0.96
v 0.367419 0.873828 0.65663 0.672 0.756037 0.96
v 0.349145 0.866778 0.656618 0.672 0.756037 0.96
v 0.331239 0.858841 0.656606 0.672 0.756037 0.96
v 0.313744 0.850034 0.656594 0.672 0.756037 0.96
v 0.296703 0.840379 0.656584 0.672 0.756037 0.96
v 0.280155 0.8299 0.656574 0.672 0.756037 0.96
v 0.264142 0.818621 0.656565 0.672 0.756037 0.96
v 0.248702 0.80657 0.656556 0.672 0.756037 0.96
v 0.233871 0.793776 0.656549 0.672 0.756037 0.96
v 0.219686 0.780269 0.656542 0.672 0.756037 0.96
v 0.206181 0.766083 0.656536 0.672 0.756037 0.96
v 0.193389 0.75125 0.656531 0.672 0.756037 0.96
v 0.181339 0.735808 0.656527 0.672 0.756037 0.96
v 0.170062 0.719794 0.656523 0.672 0.756037 0.96
v 0.159584 0.703245 0.656521 0.672 0.756037 0.96
v 0.149931 0.686202 0.656519 0.672 0.756037 0.96
v 0.141126 0.668705 0.656519 0.672 0.756037 0.96
v 0.133189 0.650798 0.656519 0.672 0.756037 0.96
v 0.126141 0.632522 0.65652 0.672 0.756037 0.96
v 0.119998 0.613923 0.656522 0.672 0.756037 0.96
v 0.114776 0.595044 0.656524 0.672 0.756037 0.96
v 0.110485 0.575932 0.656528 0.672 0.756037 0.96
v 0.107138 0.556633 0.656533 0.672 0.756037 0.96
v 0.104741 0.537192 0.656538 0.672 0.756037 0.96
v 0.103302 0.517657 0.656544 0.672 0.756037 0.96
v 0.102822 0.498075 0.656551 0.672 0.756037 0.96
v 0.103304 0.478493 0.656559 0.672 0.756037 0.96
v 0.104746 0.458958 0.656567 0.672 0.756037 0.96
v 0.107145 0.439517 0.656577 0.672 0.756037 0.96
v 0.110495 0.420217 0.656587 0.672 0.756037 0.96
v 0.114787 0.401105 0.656598 0.672 0.756037 0.96
v 0.120013 0.382227 0.656609 0.672 0.756037 0.96
v 0.126158 0.363627 0.656621 0.672 0.756037 0.96
v 0.133208 0.345352 0.656634 0.672 0.756037 0.96
v 0.141146 0.327444 0.656648 0.672 0.756037 0.96
v 0.149954 0.309947 0.656662 0.672 0.756037 0.96
v 0.159609 0.292904 0.656676 0.672 0.756037 0.96
v 0.170089 0.276355 0.656691 0.672 0.756037 0.96
v 0.181368 0.26034 0.656707 0.672 0.756037 0.96
v 0.19342 0.244898 0.656722 0.672 0.756037 0.96
v 0.206214 0.230065 0.656739 0.672 0.756037 0.96
v 0.219721 0.215879 0.656755 0.672 0.756037 0.96
v 0.233907 0.202372 0.656772 0.672 0.756037 0.96
v 0.248739 0.189577 0.65679 0.672 0.756037 0.96
v 0.264181 0.177526 0.656807 0.672 0.756037 0.96
v 0.280196 0.166247 0.656825 0.672 0.756037 0.96
v 0.296744 0.155767 0.656842 0.672 0.756037 0.96
v 0.313787 0.146112 0.65686 0.672 0.756037 0.96
v 0.331283 0.137305 0.656878 0.672 0.756037 0.96
v 0.34919 0.129367 0.656896 0.672 0.756037 0.96
v 0.367465 0.122317 0.656914 0.672 0.756037 0.96
v 0.386063 0.116172 0.656932 0.672 0.756037 0.96
v 0.404941 0.110948 0.65695 0.672 0.756037 0.96
v 0.424052 0.106656 0.656967 0.672 0.756037 0.96
v 0.44335 0.103307 0.656985 0.672 0.756037 0.96
v 0.46279 0.100909 0.657002 0.672 0.756037 0.96
v 0.482324 0.0994675 0.657019 0.672 0.756037 0.96
v 0.501905 0.0989865 0.657035 0.672 0.756037 0.96
v 0.521486 0.0994671 0.657051 0.672 0.756037 0.96
v 0.541019 0.100908 0.657067 0.672 0.756037 0.96
v 0.560458 0.103305 0.657083 0.672 0.756037 0.96
v 0.579757 0.106654 0.657097 0.672 0.756037 0.96
v 0.598867 0.110946 0.657112 0.672 0.756037 0.96
v 0.617744 0.11617 0.657126 0.672 0.756037 0.96
v 0.636342 0.122314 0.657139 0.672 0.756037 0.96
v 0.654616 0.129363 0.657151 0.672 0.756037 0.96
v 0.672522 0.137301 0.657163 0.672 0.756037 0.96
v 0.690017 0.146108 0.657175 0.672 0.756037 0.96
v 0.707058 0.155763 0.657185 0.672 0.756037 0.96
v 0.723605 0.166242 0.657195 0.672 0.756037 0.96
v 0.739619 0.177521 0.657204 0.672 0.756037 0.96
v 0.755059 0.189572 0.657213 0.672 0.756037 0.96
v 0.769889 0.202366 0.65722 0.672 0.756037 0.96
v 0.784074 0.215873 0.657227 0.672 0.756037 0.96
v 0.797579 0.230059 0.657233 0.672 0.756037 0.96
v 0.810372 0.244891 0.657238 0.672 0.756037 0.96
v 0.822421 0.260333 0.657242 0.672 0.756037 0.96
v 0.833699 0.276348 0.657245 0.672 0.756037 0.96
v 0.844176 0.292897 0.657248 0.672 0.756037 0.96
v 0.85383 0.30994 0.65725 0.672 0.756037 0.96
v 0.862635 0.327437 0.65725 0.672 0.756037 0.96
v 0.870571 0.345344 0.65725 0.672 0.756037 0.96
v 0.877619 0.36362 0.657249 0.672 0.756037 0.96
v 0.883762 0.382219 0.657247 0.672 0.756037 0.96
v 0.888985 0.401097 0.657244 0.672 0.756037 0.96
v 0.893275 0.420209 0.657241 0.672 0.756037 0.96
v 0.896623 0.439509 0.657236 0.672 0.756037 0.96
v 0.899019 0.45895 0.657231 0.672 0.756037 0.96
v 0.900459 0.478485 0.657225 0.672 0.756037 0.96
v 0.900979 0.497962 0.665716 0.672 0.756037 0.96
v 0.900497 0.517544 0.665713 0.672 0.756037 0.96
v 0.899055 0.537079 0.66571 0.672 0.756037 0.96
v 0.896656 0.556519 0.665707 0.672 0.756037 0.96
v 0.893307 0.575819 0.665704 0.672 0.756037 0.96
v 0.889014 0.594931 0.6657 0.672 0.756037 0.96
v 0.883789 0.613809 0.665697 0.672 0.756037 0.96
v 0.877644 0.632409 0.665693 0.672 0.756037 0.96
v 0.870594 0.650684 0.66569 0.672 0.756037 0.96
v 0.862655 0.668592 0.665686 0.672 0.756037 0.96
v 0.853848 0.686088 0.665682 0.672 0.756037 0.96
v 0.844193 0.703132 0.665678 0.672 0.756037 0.96
v 0.833713 0.719681 0.665675 0.672 0.756037 0.96
v 0.822434 0.735695 0.665671 0.672 0.756037 0.96
v 0.810382 0.751138 0.665667 0.672 0.756037 0.96
v 0.797588 0.76597 0.665663 0.672 0.756037 0.96
v 0.784081 0.780156 0.665659 0.672 0.756037 0.96
v 0.769895 0.793663 0.665655 0.672 0.756037 0.96
v 0.755063 0.806457 0.665651 0.672 0.756037 0.96
v 0.739621 0.818509 0.665647 0.672 0.756037 0.96
v 0.723607 0.829788 0.665643 0.672 0.756037 0.96
v 0.707058 0.840267 0.665639 0.672 0.756037 0.96
v 0.690015 0.849922 0.665635 0.672 0.756037 0.96
v 0.67252 0.858729 0.665631 0.672 0.756037 0.96
v 0.654613 0.866667 0.665627 0.672 0.756037 0.96
v 0.636338 0.873717 0.665623 0.672 0.756037 0.96
v 0.61774 0.879861 0.66562 0.672 0.756037 0.96
v 0.598862 0.885085 0.665616 0.672 0.756037 0.96
v 0.579751 0.889377 0.665613 0.672 0.756037 0.96
v 0.560453 0.892726 0.665609 0.672 0.756037 0.96
v 0.541013 0.895124 0.665606 0.672 0.756037 0.96
v 0.521479 0.896565 0.665603 0.672 0.756037 0.96
v 0.501898 0.897046 0.6656 0.672 0.756037 0.96
v 0.482318 0.896565 0.665597 0.672 0.756037 0.96
v 0.462784 0.895124 0.665594 0.672 0.756037 0.96
v 0.443345 0.892726 0.665592 0.672 0.756037 0.96
v 0.424047 0.889377 0.665589 0.672 0.756037 0.96
v 0.404936 0.885086 0.665587 0.672 0.756037 0.96
v 0.386059 0.879861 0.665585 0.672 0.756037 0.96
v 0.367462 0.873717 0.665583 0.672 0.756037 0.96
v 0.349188 0.866667 0.665581 0.672 0.756037 0.96
v 0.331282 0.85873 0.66558 0.672 0.756037 0.96
v 0.313787 0.849923 0.665578 0.672 0.756037 0.96
v 0.296746 0.840268 0.665577 0.672 0.756037 0.96
v 0.280198 0.829788 0.665576 0.672 0.756037 0.96
v 0.264185 0.818509 0.665575 0.672 0.756037 0.96
v 0.248745 0.806458 0.665575 0.672 0.756037 0.96
v 0.233914 0.793664 0.665574 0.672 0.756037 0.96
v 0.21973 0.780157 0.665574 0.672 0.756037 0.96
v 0.206225 0.765971 0.665574 0.672 0.756037 0.96
v 0.193432 0.751139 0.665574 0.672 0.756037 0.96
v 0.181383 0.735697 0.665574 0.672 0.756037 0.96
v 0.170105 0.719682 0.665575 0.672 0.756037 0.96
v 0.159628 0.703133 0.665576 0.672 0.756037 0.96
v 0.149974 0.68609 0.665577 0.672 0.756037 0.96
v 0.141169 0.668593 0.665578 0.672 0.756037 0.96
v 0.133233 0.650686 0.665579 0.672 0.756037 0.96
v 0.126185 0.63241 0.665581 0.672 0.756037 0.96
v 0.120042 0.613811 0.665582 0.672 0.756037 0.96
v 0.114819 0.594932 0.665584 0.672 0.756037 0.96
v 0.110529 0.57582 0.665586 0.672 0.756037 0.96
v 0.107181 0.556521 0.665589 0.672 0.756037 0.96
v 0.104785 0.53708 0.665591 0.672 0.756037 0.96
v 0.103345 0.517545 0.665594 0.672 0.756037 0.96
v 0.102866 0.497963 0.665596 0.672 0.756037 0.96
v 0.103347 0.478381 0.665599 0.672 0.756037 0.96
v 0.104789 0.458846 0.665602 0.672 0.756037 0.96
v 0.107188 0.439405 0.665605 0.672 0.756037 0.96
v 0.110538 0.420106 0.665608 0.672 0.756037 0.96
v 0.114831 0.400994 0.665612 0.672 0.756037 0.96
v 0.120056 0.382115 0.665615 0.672 0.756037 0.96
v 0.126201 0.363516 0.665619 0.672 0.756037 0.96
v 0.133251 0.345241 0.665622 0.672 0.756037 0.96
v 0.141189 0.327333 0.665626 0.672 0.756037 0.96
v 0.149997 0.309837 0.66563 0.672 0.756037 0.96
v 0.159652 0.292793 0.665634 0.672 0.756037 0.96
v 0.170132 0.276244 0.665638 0.672 0.756037 0.96
v 0.181411 0.260229 0.665642 0.672 0.756037 0.96
v 0.193462 0.244787 0.665646 0.672 0.756037 0.96
v 0.206257 0.229955 0.66565 0.672 0.756037 0.96
v 0.219763 0.215769 0.665654 0.672 0.756037 0.96
v 0.23395 0.202262 0.665658 0.672 0.756037 0.96
v 0.248782 0.189467 0.665662 0.672 0.756037 0.96
v 0.264224 0.177416 0.665666 0.672 0.756037 0.96
v 0.280238 0.166137 0.66567 0.672 0.756037 0.96
v 0.296787 0.155658 0.665674 0.672 0.756037 0.96
v 0.313829 0.146003 0.665677 0.672 0.756037 0.96
v 0.331325 0.137196 0.665681 0.672 0.756037 0.96
v 0.349232 0.129258 0.665685 0.672 0.756037 0.96
v 0.367507 0.122208 0.665689 0.672 0.756037 0.96
v 0.386105 0.116064 0.665693 0.672 0.756037 0.96
v 0.404983 0.110839 0.665696 0.672 0.756037 0.96
v 0.424094 0.106548 0.6657 0.672 0.756037 0.96
v 0.443392 0.103199 0.665703 0.672 0.756037 0.96
v 0.462832 0.100801 0.665706 0.672 0.756037 0.96
v 0.482365 0.09936 0.665709 0.672 0.756037 0.96
v 0.501946 0.0988793 0.665712 0.672 0.756037 0.96
v 0.521527 0.0993599 0.665715 0.672 0.756037 0.96
v 0.541061 0.100801 0.665718 0.672 0.756037 0.96
v 0.5605 0.103199 0.665721 0.672 0.756037 0.96
v 0.579798 0.106547 0.665723 0.672 0.756037 0.96
v 0.598908 0.110839 0.665725 0.672 0.756037 0.96
v 0.617785 0.116063 0.665727 0.672 0.756037 0.96
v 0.636383 0.122208 0.665729 0.672 0.756037 0.96
v 0.654657 0.129257 0.665731 0.672 0.756037 0.96
v 0.672563 0.137195 0.665733 0.672 0.756037 0.96
v 0.690057 0.146002 0.665734 0.672 0.756037 0.96
v 0.707099 0.155657 0.665735 0.672 0.756037 0.96
v 0.723646 0.166136 0.665736 0.672 0.756037 0.96
v 0.739659 0.177415 0.665737 0.672 0.756037 0.96
v 0.7551 0.189466 0.665738 0.672 0.756037 0.96
v 0.76993 0.202261 0.665738 0.672 0.756037 0.96
v 0.784115 0.215767 0.665738 0.672 0.756037 0.96
v 0.79762 0.229954 0.665738 0.672 0.756037 0.96
v 0.810413 0.244786 0.665738 0.672 0.756037 0.96
v 0.822462 0.260228 0.665738 0.672 0.756037 0.96
v 0.833739 0.276243 0.665737 0.672 0.756037 0.96
v 0.844217 0.292792 0.665736 0.672 0.756037 0.96
v 0.85387 0.309835 0.665735 0.672 0.756037 0.96
v 0.862676 0.327332 0.665734 0.672 0.756037 0.96
v 0.870612 0.345239 0.665733 0.672 0.756037 0.96
v 0.87766 0.363515 0.665731 0.672 0.756037 0.96
v 0.883803 0.382114 0.66573 0.672 0.756037 0.96
v 0.889026 0.400992 0.665728 0.672 0.756037 0.96
v 0.893316 0.420104 0.665726 0.672 0.756037 0.96
v 0.896663 0.439404 0.665724 0.672 0.756037 0.96
v 0.89906 0.458845 0.665721 0.672 0.756037 0.96
v 0.9005 0.47838 0.665719 0.672 0.756037 0.96
v 0.90102 0.497857 0.674214 0.672 0.756037 0.96
v 0.900538 0.517439 0.674216 0.672 0.756037 0.96
v 0.899096 0.536973 0.674219 0.672 0.756037 0.96
v 0.896697 0.556414 0.674222 0.672 0.756037 0.96
v 0.893348 0.575714 0.674226 0.672 0.756037 0.96
v 0.889055 0.594826 0.67423 0.672 0.756037 0.96
v 0.88383 0.613704 0.674234 0.672 0.756037 0.96
v 0.877685 0.632303 0.674239 0.672 0.756037 0.96
v 0.870635 0.650578 0.674245 0.672 0.756037 0.96
v 0.862696 0.668486 0.674251 0.672 0.756037 0.96
v 0.853889 0.685982 0.674257 0.672 0.756037 0.96
v 0.844234 0.703025 0.674264 0.672 0.756037 0.96
v 0.833754 0.719574 0.674271 0.672 0.756037 0.96
v 0.822475 0.735589 0.674279 0.672 0.756037 0.96
v 0.810424 0.751031 0.674287 0.672 0.756037 0.96
v 0.797629 0.765863 0.674295 0.672 0.756037 0.96
v 0.784123 0.780049 0.674304 0.672 0.756037 0.96
v 0.769936 0.793556 0.674313 0.672 0.756037 0.96
v 0.755104 0.80635 0.674322 0.672 0.756037 0.96
v 0.739663 0.818401 0.674331 0.672 0.756037 0.96
v 0.723648 0.82968 0.674341 0.672 0.756037 0.96
v 0.7071 0.840159 0.674351 0.672 0.756037 0.96
v 0.690057 0.849814 0.674361 0.672 0.756037 0.96
v 0.672561 0.858621 0.674371 0.672 0.756037 0.96
v 0.654655 0.866559 0.674381 0.672 0.756037 0.96
v 0.63638 0.873608 0.674392 0.672 0.756037 0.96
v 0.617782 0.879752 0.674402 0.672 0.756037 0.96
v 0.598904 0.884977 0.674413 0.672 0.756037 0.96
v 0.579793 0.889268 0.674424 0.672 0.756037 0.96
v 0.560495 0.892617 0.674434 0.672 0.756037 0.96
v 0.541055 0.895015 0.674445 0.672 0.756037 0.96
v 0.521522 0.896455 0.674455 0.672 0.756037 0.96
v 0.501941 0.896936 0.674466 0.672 0.756037 0.96
v 0.48236 0.896455 0.674476 0.672 0.756037 0.96
v 0.462827 0.895014 0.674487 0.672 0.756037 0.96
v 0.443388 0.892616 0.674497 0.672 0.756037 0.96
v 0.424089 0.889267 0.674507 0.672 0.756037 0.96
v 0.404979 0.884975 0.674517 0.672 0.756037 0.96
v 0.386102 0.879751 0.674526 0.672 0.756037 0.96
v 0.367505 0.873606 0.674536 0.672 0.756037 0.96
v 0.349231 0.866557 0.674545 0.672 0.756037 0.96
v 0.331325 0.858619 0.674554 0.672 0.756037 0.96
v 0.31383 0.849812 0.674562 0.672 0.756037 0.96
v 0.296789 0.840157 0.67457 0.672 0.756037 0.96
v 0.280241 0.829677 0.674578 0.672 0.756037 0.96
v 0.264228 0.818398 0.674586 0.672 0.756037 0.96
v 0.248788 0.806347 0.674593 0.672 0.756037 0.96
v 0.233958 0.793552 0.6746 0.672 0.756037 0.96
v 0.219773 0.780046 0.674606 0.672 0.756037 0.96
v 0.206268 0.765859 0.674612 0.672 0.756037 0.96
v 0.193475 0.751027 0.674617 0.672 0.756037 0.96
v 0.181426 0.735585 0.674622 0.672 0.756037 0.96
v 0.170149 0.71957 0.674627 0.672 0.756037 0.96
v 0.159671 0.703021 0.674631 0.672 0.756037 0.96
v 0.150018 0.685978 0.674634 0.672 0.756037 0.96
v 0.141212 0.668481 0.674637 0.672 0.756037 0.96
v 0.133276 0.650574 0.67464 0.672 0.756037 0.96
v 0.126228 0.632298 0.674642 0.672 0.756037 0.96
v 0.120085 0.613699 0.674643 0.672 0.756037 0.96
v 0.114862 0.59482 0.674644 0.672 0.756037 0.96
v 0.110572 0.575708 0.674645 0.672 0.756037 0.96
v 0.107225 0.556409 0.674645 0.672 0.756037 0.96
v 0.104828 0.536968 0.674644 0.672 0.756037 0.96
v 0.103388 0.517433 0.674643 0.672 0.756037 0.96
v 0.102909 0.497851 0.674641 0.672 0.756037 0.96
v 0.103391 0.478269 0.674639 0.672 0.756037 0.96
v 0.104833 0.458734 0.674637 0.672 0.756037 0.96
v 0.107231 0.439294 0.674633 0.672 0.756037 0.96
v 0.110581 0.419994 0.67463 0.672 0.756037 0.96
v 0.114874 0.400882 0.674626 0.672 0.756037 0.96
v 0.120099 0.382004 0.674621 0.672 0.756037 0.96
v 0.126244 0.363405 0.674616 0.672 0.756037 0.96
v 0.133294 0.345129 0.67461 0.672 0.756037 0.96
v 0.141232 0.327222 0.674604 0.672 0.756037 0.96
v 0.15004 0.309726 0.674598 0.672 0.756037 0.96
v 0.159695 0.292683 0.674591 0.672 0.756037 0.96
v 0.170175 0.276134 0.674584 0.672 0.756037 0.96
v 0.181454 0.260119 0.674577 0.672 0.756037 0.96
v 0.193505 0.244677 0.674569 0.672 0.756037 0.96
v 0.206299 0.229845 0.67456 0.672 0.756037 0.96
v 0.219806 0.215659 0.674552 0.672 0.756037 0.96
v 0.233992 0.202152 0.674543 0.672 0.756037 0.96
v 0.248824 0.189358 0.674534 0.672 0.756037 0.96
v 0.264266 0.177307 0.674524 0.672 0.756037 0.96
v 0.28028 0.166028 0.674515 0.672 0.756037 0.96
v 0.296829 0.155549 0.674505 0.672 0.756037 0.96
v 0.313871 0.145894 0.674495 0.672 0.756037 0.96
v 0.331367 0.137087 0.674484 0.672 0.756037 0.96
v 0.349274 0.129149 0.674474 0.672 0.756037 0.96
v 0.367549 0.1221 0.674464 0.672 0.756037 0.96
v 0.386147 0.115956 0.674453 0.672 0.756037 0.96
v 0.405024 0.110731 0.674442 0.672 0.756037 0.96
v 0.424135 0.10644 0.674432 0.672 0.756037 0.96
v 0.443434 0.103091 0.674421 0.672 0.756037 0.96
v 0.462873 0.100693 0.674411 0.672 0.756037 0.96
v 0.482407 0.0992525 0.6744 0.672 0.756037 0.96
v 0.501988 0.098772 0.674389 0.672 0.756037 0.96
v 0.521568 0.0992528 0.674379 0.672 0.756037 0.96
v 0.541102 0.100694 0.674369 0.672 0.756037 0.96
v 0.560541 0.103092 0.674358 0.672 0.756037 0.96
v 0.579839 0.106441 0.674348 0.672 0.756037 0.96
v 0.59895 0.110733 0.674339 0.672 0.756037 0.96
v 0.617826 0.115957 0.674329 0.672 0.756037 0.96
v 0.636424 0.122102 0.67432 0.672 0.756037 0.96
v 0.654698 0.129151 0.674311 0.672 0.756037 0.96
v 0.672604 0.137089 0.674302 0.672 0.756037 0.96
v 0.690098 0.145896 0.674293 0.672 0.756037 0.96
v 0.70714 0.155551 0.674285 0.672 0.756037 0.96
v 0.723687 0.166031 0.674277 0.672 0.756037 0.96
v 0.7397 0.17731 0.67427 0.672 0.756037 0.96
v 0.755141 0.189361 0.674263 0.672 0.756037 0.96
v 0.769971 0.202155 0.674256 0.672 0.756037 0.96
v 0.784156 0.215662 0.67425 0.672 0.756037 0.96
v 0.797661 0.229849 0.674244 0.672 0.756037 0.96
v 0.810453 0.244681 0.674238 0.672 0.756037 0.96
v 0.822503 0.260123 0.674233 0.672 0.756037 0.96
v 0.83378 0.276138 0.674229 0.672 0.756037 0.96
v 0.844258 0.292687 0.674225 0.672 0.756037 0.96
v 0.853911 0.30973 0.674221 0.672 0.756037 0.96
v 0.862716 0.327227 0.674218 0.672 0.756037 0.96
v 0.870653 0.345134 0.674216 0.672 0.756037 0.96
v 0.877701 0.36341 0.674214 0.672 0.756037 0.96
v 0.883843 0.382009 0.674212 0.672 0.756037 0.96
v 0.889066 0.400888 0.674211 0.672 0.756037 0.96
v 0.893357 0.42 0.674211 0.672 0.756037 0.96
v 0.896704 0.439299 0.674211 0.672 0.756037 0.96
v 0.899101 0.45874 0.674211 0.672 0.756037 0.96
v 0.90054 0.478275 0.674212 0.672 0.756037 0.96
v 0.90106 0.497752 0.682712 0.672 0.756037 0.96
v 0.900579 0.517333 0.682719 0.672 0.756037 0.96
v 0.899137 0.536868 0.682727 0.672 0.756037 0.96
v 0.896738 0.556309 0.682737 0.672 0.756037 0.96
v 0.893388 0.575608 0.682747 0.672 0.756037 0.96
v 0.889096 0.59472 0.682759 0.672 0.756037 0.96
v 0.883871 0.613598 0.682772 0.672 0.756037 0.96
v 0.877726 0.632197 0.682785 0.672 0.756037 0.96
v 0.870676 0.650473 0.6828 0.672 0.756037 0.96
v 0.862737 0.66838 0.682816 0.672 0.756037 0.96
v 0.85393 0.685876 0.682832 0.672 0.756037 0.96
v 0.844275 0.702919 0.68285 0.672 0.756037 0.96
v 0.833795 0.719468 0.682868 0.672 0.756037 0.96
v 0.822516 0.735483 0.682887 0.672 0.756037 0.96
v 0.810465 0.750924 0.682907 0.672 0.756037 0.96
v 0.797671 0.765756 0.682928 0.672 0.756037 0.96
v 0.784164 0.779943 0.682949 0.672 0.756037 0.96
v 0.769978 0.793449 0.682971 0.672 0.756037 0.96
v 0.755146 0.806243 0.682993 0.672 0.756037 0.96
v 0.739704 0.818294 0.683016 0.672 0.756037 0.96
v 0.72369 0.829572 0.683039 0.672 0.756037 0.96
v 0.707141 0.840052 0.683063 0.672 0.756037 0.96
v 0.690099 0.849706 0.683087 0.672 0.756037 0.96
v 0.672603 0.858513 0.683111 0.672 0.756037 0.96
v 0.654696 0.86645 0.683136 0.672 0.756037 0.96
v 0.636422 0.8735 0.68316 0.672 0.756037 0.96
v 0.617824 0.879644 0.683185 0.672 0.756037 0.96
v 0.598946 0.884868 0.68321 0.672 0.756037 0.96
v 0.579835 0.889159 0.683235 0.672 0.756037 0.96
v 0.560537 0.892508 0.683259 0.672 0.756037 0.96
v 0.541098 0.894905 0.683284 0.672 0.756037 0.96
v 0.521564 0.896346 0.683308 0.672 0.756037 0.96
v 0.501983 0.896826 0.683332 0.672 0.756037 0.96
v 0.482403 0.896345 0.683356 0.672 0.756037 0.96
v 0.462869 0.894904 0.683379 0.672 0.756037 0.96
v 0.44343 0.892506 0.683402 0.672 0.756037 0.96
v 0.424132 0.889157 0.683425 0.672 0.756037 0.96
v 0.405022 0.884865 0.683447 0.672 0.756037 0.96
v 0.386145 0.87964 0.683468 0.672 0.756037 0.96
v 0.367547 0.873496 0.683489 0.672 0.756037 0.96
v 0.349274 0.866446 0.683509 0.672 0.756037 0.96
v 0.331368 0.858508 0.683528 0.672 0.756037 0.96
v 0.313873 0.849701 0.683546 0.672 0.756037 0.96
v 0.296832 0.840045 0.683564 0.672 0.756037 0.96
v 0.280285 0.829566 0.68358 0.672 0.756037 0.96
v 0.264272 0.818287 0.683596 0.672 0.756037 0.96
v 0.248831 0.806235 0.683611 0.672 0.756037 0.96
v 0.234001 0.793441 0.683625 0.672 0.756037 0.96
v 0.219816 0.779934 0.683638 0.672 0.756037 0.96
v 0.206311 0.765747 0.68365 0.672 0.756037 0.96
v 0.193519 0.750915 0.68366 0.672 0.756037 0.96
v 0.181469 0.735473 0.68367 0.672 0.756037 0.96
v 0.170192 0.719458 0.683678 0.672 0.756037 0.96
v 0.159714 0.702909 0.683686 0.672 0.756037 0.96
v 0.150061 0.685866 0.683692 0.672 0.756037 0.96
v 0.141256 0.668369 0.683697 0.672 0.756037 0.96
v 0.133319 0.650462 0.6837 0.672 0.756037 0.96
v 0.126271 0.632186 0.683703 0.672 0.756037 0.96
v 0.120129 0.613587 0.683704 0.672 0.756037 0.96
v 0.114906 0.594708 0.683704 0.672 0.756037 0.96
v 0.110615 0.575596 0.683703 0.672 0.756037 0.96
v 0.107268 0.556297 0.683701 0.672 0.756037 0.96
v 0.104871 0.536856 0.683697 0.672 0.756037 0.96
v 0.103432 0.517321 0.683692 0.672 0.756037 0.96
v 0.102952 0.497739 0.683687 0.672 0.756037 0.96
v 0.103434 0.478158 0.683679 0.672 0.756037 0.96
v 0.104876 0.458623 0.683671 0.672 0.756037 0.96
v 0.107275 0.439182 0.683662 0.672 0.756037 0.96
v 0.110624 0.419883 0.683651 0.672 0.756037 0.96
v 0.114917 0.400771 0.68364 0.672 0.756037 0.96
v 0.120142 0.381893 0.683627 0.672 0.756037 0.96
v 0.126287 0.363294 0.683613 0.672 0.756037 0.96
v 0.133337 0.345018 0.683599 0.672 0.756037 0.96
v 0.141275 0.327111 0.683583 0.672 0.756037 0.96
v 0.150083 0.309615 0.683566 0.672 0.756037 0.96
v 0.159738 0.292572 0.683549 0.672 0.756037 0.96
v 0.170218 0.276023 0.683531 0.672 0.756037 0.96
v 0.181497 0.260008 0.683511 0.672 0.756037 0.96
v 0.193548 0.244567 0.683492 0.672 0.756037 0.96
v 0.206342 0.229735 0.683471 0.672 0.756037 0.96
v 0.219849 0.215548 0.68345 0.672 0.756037 0.96
v 0.234035 0.202042 0.683428 0.672 0.756037 0.96
v 0.248867 0.189248 0.683406 0.672 0.756037 0.96
v 0.264308 0.177197 0.683383 0.672 0.756037 0.96
v 0.280323 0.165919 0.68336 0.672 0.756037 0.96
v 0.296871 0.155439 0.683336 0.672 0.756037 0.96
v 0.313914 0.145785 0.683312 0.672 0.756037 0.96
v 0.331409 0.136978 0.683287 0.672 0.756037 0.96
v 0.349316 0.129041 0.683263 0.672 0.756037 0.96
v 0.367591 0.121991 0.683238 0.672 0.756037 0.96
v 0.386189 0.115847 0.683214 0.672 0.756037 0.96
v 0.405066 0.110623 0.683189 0.672 0.756037 0.96
v 0.424177 0.106332 0.683164 0.672 0.756037 0.96
v 0.443476 0.102983 0.683139 0.672 0.756037 0.96
v 0.462915 0.100586 0.683115 0.672 0.756037 0.96
v 0.482449 0.0991451 0.68309 0.672 0.756037 0.96
v 0.502029 0.0986647 0.683066 0.672 0.756037 0.96
v 0.52161 0.0991457 0.683043 0.672 0.756037 0.96
v 0.541143 0.100587 0.683019 0.672 0.756037 0.96
v 0.560582 0.102985 0.682996 0.672 0.756037 0.96
v 0.57988 0.106334 0.682974 0.672 0.756037 0.96
v 0.598991 0.110626 0.682952 0.672 0.756037 0.96
v 0.617868 0.115851 0.682931 0.672 0.756037 0.96
v 0.636465 0.121995 0.68291 0.672 0.756037 0.96
v 0.654739 0.129045 0.68289 0.672 0.756037 0.96
v 0.672645 0.136983 0.682871 0.672 0.756037 0.96
v 0.690139 0.14579 0.682852 0.672 0.756037 0.96
v 0.707181 0.155446 0.682835 0.672 0.756037 0.96
v 0.723728 0.165925 0.682818 0.672 0.756037 0.96
v 0.739741 0.177204 0.682802 0.672 0.756037 0.96
v 0.755181 0.189256 0.682788 0.672 0.756037 0.96
v 0.770012 0.20205 0.682774 0.672 0.756037 0.96
v 0.784196 0.215557 0.682761 0.672 0.756037 0.96
v 0.797701 0.229744 0.682749 0.672 0.756037 0.96
v 0.810494 0.244576 0.682738 0.672 0.756037 0.96
v 0.822543 0.260018 0.682729 0.672 0.756037 0.96
v 0.83382 0.276033 0.68272 0.672 0.756037 0.96
v 0.844298 0.292582 0.682713 0.672 0.756037 0.96
v 0.853952 0.309625 0.682707 0.672 0.756037 0.96
v 0.862757 0.327122 0.682702 0.672 0.756037 0.96
v 0.870693 0.345029 0.682698 0.672 0.756037 0.96
v 0.877741 0.363305 0.682696 0.672 0.756037 0.96
v 0.883884 0.381904 0.682695 0.672 0.756037 0.96
v 0.889107 0.400783 0.682694 0.672 0.756037 0.96
v 0.893397 0.419895 0.682696 0.672 0.756037 0.96
v 0.896745 0.439194 0.682698 0.672 0.756037 0.96
v 0.899141 0.458635 0.682701 0.672 0.756037 0.96
v 0.900581 0.47817 0.682706 0.672 0.756037 0.96
v 0.901101 0.497646 0.69121 0.672 0.756037 0.96
v 0.900619 0.517228 0.691222 0.672 0.756037 0.96
v 0.899177 0.536763 0.691236 0.672 0.756037 0.96
v 0.896779 0.556204 0.691252 0.672 0.756037 0.96
v 0.893429 0.575503 0.691269 0.672 0.756037 0.96
v 0.889137 0.594615 0.691288 0.672 0.756037 0.96
v 0.883912 0.613493 0.691309 0.672 0.756037 0.96
v 0.877767 0.632092 0.691331 0.672 0.756037 0.96
v 0.870716 0.650367 0.691355 0.672 0.756037 0.96
v 0.862778 0.668274 0.69138 0.672 0.756037 0.96
v 0.853971 0.68577 0.691407 0.672 0.756037 0.96
v 0.844316 0.702813 0.691435 0.672 0.756037 0.96
v 0.833836 0.719362 0.691465 0.672 0.756037 0.96
v 0.822557 0.735376 0.691495 0.672 0.756037 0.96
v 0.810506 0.750818 0.691527 0.672 0.756037 0.96
v 0.797712 0.76565 0.69156 0.672 0.756037 0.96
v 0.784205 0.779836 0.691594 0.672 0.756037 0.96
v 0.770019 0.793342 0.691629 0.672 0.756037 0.96
v 0.755187 0.806136 0.691664 0.672 0.756037 0.96
v 0.739746 0.818186 0.6917 0.672 0.756037 0.96
v 0.723731 0.829465 0.691737 0.672 0.756037 0.96
v 0.707183 0.839944 0.691775 0.672 0.756037 0.96
v 0.690141 0.849598 0.691813 0.672 0.756037 0.96
v 0.672645 0.858405 0.691851 0.672 0.756037 0.96
v 0.654738 0.866342 0.69189 0.672 0.756037 0.96
v 0.636464 0.873391 0.691929 0.672 0.756037 0.96
v 0.617866 0.879535 0.691968 0.672 0.756037 0.96
v 0.598988 0.884759 0.692007 0.672 0.756037 0.96
v 0.579878 0.88905 0.692046 0.672 0.756037 0.96
v 0.560579 0.892399 0.692084 0.672 0.756037 0.96
v 0.54114 0.894796 0.692123 0.672 0.756037 0.96
v 0.521606 0.896236 0.692161 0.672 0.756037 0.96
v 0.502026 0.896717 0.692198 0.672 0.756037 0.96
v 0.482445 0.896236 0.692235 0.672 0.756037 0.96
v 0.462912 0.894794 0.692272 0.672 0.756037 0.96
v 0.443473 0.892396 0.692308 0.672 0.756037 0.96
v 0.424175 0.889047 0.692342 0.672 0.756037 0.96
v 0.405064 0.884755 0.692376 0.672 0.756037 0.96
v 0.386188 0.87953 0.692409 0.672 0.756037 0.96
v 0.36759 0.873385 0.692441 0.672 0.756037 0.96
v 0.349317 0.866335 0.692472 0.672 0.756037 0.96
v 0.331411 0.858397 0.692502 0.672 0.756037 0.96
v 0.313916 0.849589 0.69253 0.672 0.756037 0.96
v 0.296875 0.839934 0.692557 0.672 0.756037 0.96
v 0.280328 0.829454 0.692583 0.672 0.756037 0.96
v 0.264315 0.818175 0.692607 0.672 0.756037 0.96
v 0.248874 0.806124 0.692629 0.672 0.756037 0.96
v 0.234044 0.793329 0.69265 0.672 0.756037 0.96
v 0.219859 0.779822 0.69267 0.672 0.756037 0.96
v 0.206354 0.765636 0.692687 0.672 0.756037 0.96
v 0.193562 0.750803 0.692703 0.672 0.756037 0.96
v 0.181513 0.735361 0.692717 0.672 0.756037 0.96
v 0.170235 0.719346 0.69273 0.672 0.756037 0.96
v 0.159758 0.702797 0.69274 0.672 0.756037 0.96
v 0.150104 0.685754 0.692749 0.672 0.756037 0.96
v 0.141299 0.668257 0.692756 0.672 0.756037 0.96
v 0.133363 0.65035 0.692761 0.672 0.756037 0.96
v 0.126315 0.632074 0.692764 0.672 0.756037 0.96
v 0.120172 0.613475 0.692765 0.672 0.756037 0.96
v 0.114949 0.594596 0.692764 0.672 0.756037 0.96
v 0.110659 0.575484 0.692761 0.672 0.756037 0.96
v 0.107311 0.556185 0.692757 0.672 0.756037 0.96
v 0.104915 0.536744 0.69275 0.672 0.756037 0.96
v 0.103475 0.51721 0.692742 0.672 0.756037 0.96
v 0.102995 0.497628 0.692732 0.672 0.756037 0.96
v 0.103477 0.478046 0.69272 0.672 0.756037 0.96
v 0.104919 0.458511 0.692706 0.672 0.756037 0.96
v 0.107318 0.439071 0.69269 0.672 0.756037 0.96
v 0.110667 0.419771 0.692673 0.672 0.756037 0.96
v 0.11496 0.400659 0.692654 0.672 0.756037 0.96
v 0.120185 0.381781 0.692633 0.672 0.756037 0.96
v 0.12633 0.363182 0.692611 0.672 0.756037 0.96
v 0.13338 0.344907 0.692587 0.672 0.756037 0.96
v 0.141318 0.327 0.692561 0.672 0.756037 0.96
v 0.150126 0.309504 0.692535 0.672 0.756037 0.96
v 0.159781 0.292461 0.692507 0.672 0.756037 0.96
v 0.17026 0.275912 0.692477 0.672 0.756037 0.96
v 0.181539 0.259898 0.692446 0.672 0.756037 0.96
v 0.19359 0.244456 0.692415 0.672 0.756037 0.96
v 0.206385 0.229625 0.692382 0.672 0.756037 0.96
v 0.219891 0.215438 0.692348 0.672 0.756037 0.96
v 0.234077 0.201932 0.692313 0.672 0.756037 0.96
v 0.248909 0.189138 0.692278 0.672 0.756037 0.96
v 0.264351 0.177088 0.692241 0.672 0.756037 0.96
v 0.280365 0.165809 0.692204 0.672 0.756037 0.96
v 0.296913 0.15533 0.692167 0.672 0.756037 0.96
v 0.313956 0.145676 0.692129 0.672 0.756037 0.96
v 0.331452 0.136869 0.692091 0.672 0.756037 0.96
v 0.349358 0.128932 0.692052 0.672 0.756037 0.96
v 0.367633 0.121883 0.692013 0.672 0.756037 0.96
v 0.386231 0.115739 0.691974 0.672 0.756037 0.96
v 0.405108 0.110515 0.691935 0.672 0.756037 0.96
v 0.424219 0.106224 0.691896 0.672 0.756037 0.96
v 0.443517 0.102875 0.691858 0.672 0.756037 0.96
v 0.462957 0.100478 0.691819 0.672 0.756037 0.96
v 0.48249 0.0990376 0.691781 0.672 0.756037 0.96
v 0.502071 0.0985574 0.691743 0.672 0.756037 0.96
v 0.521651 0.0990386 0.691706 0.672 0.756037 0.96
v 0.541185 0.10048 0.69167 0.672 0.756037 0.96
v 0.560624 0.102878 0.691634 0.672 0.756037 0.96
v 0.579922 0.106227 0.691599 0.672 0.756037 0.96
v 0.599032 0.11052 0.691565 0.672 0.756037 0.96
v 0.617909 0.115744 0.691532 0.672 0.756037 0.96
v 0.636506 0.121889 0.6915 0.672 0.756037 0.96
v 0.65478 0.128939 0.69147 0.672 0.756037 0.96
v 0.672686 0.136877 0.69144 0.672 0.756037 0.96
v 0.69018 0.145685 0.691412 0.672 0.756037 0.96
v 0.707222 0.15534 0.691385 0.672 0.756037 0.96
v 0.723769 0.16582 0.691359 0.672 0.756037 0.96
v 0.739782 0.177099 0.691335 0.672 0.756037 0.96
v 0.755222 0.18915 0.691312 0.672 0.756037 0.96
v 0.770052 0.201945 0.691292 0.672 0.756037 0.96
v 0.784237 0.215452 0.691272 0.672 0.756037 0.96
v 0.797742 0.229638 0.691255 0.672 0.756037 0.96
v 0.810535 0.244471 0.691239 0.672 0.756037 0.96
v 0.822584 0.259913 0.691224 0.672 0.756037 0.96
v 0.833861 0.275928 0.691212 0.672 0.756037 0.96
v 0.844339 0.292477 0.691201 0.672 0.756037 0.96
v 0.853992 0.30952 0.691193 0.672 0.756037 0.96
v 0.862797 0.327017 0.691186 0.672 0.756037 0.96
v 0.870734 0.344925 0.691181 0.672 0.756037 0.96
v 0.877782 0.3632 0.691178 0.672 0.756037 0.96
v 0.883925 0.381799 0.691177 0.672 0.756037 0.96
v 0.889148 0.400678 0.691178 0.672 0.756037 0.96
v 0.893438 0.41979 0.69118 0.672 0.756037 0.96
v 0.896785 0.439089 0.691185 0.672 0.756037 0.96
v 0.899182 0.45853 0.691192 0.672 0.756037 0.96
v 0.900622 0.478065 0.6912 0.672 0.756037 0.96
v 0.901142 0.497541 0.699708 0.672 0.756037 0.96
v 0.90066 0.517123 0.699725 0.672 0.756037 0.96
v 0.899218 0.536658 0.699745 0.672 0.756037 0.96
v 0.896819 0.556098 0.699767 0.672 0.756037 0.96
v 0.89347 0.575397 0.699791 0.672 0.756037 0.96
v 0.889177 0.594509 0.699818 0.672 0.756037 0.96
v 0.883952 0.613387 0.699846 0.672 0.756037 0.96
v 0.877807 0.631986 0.699877 0.672 0.756037 0.96
v 0.870757 0.650261 0.69991 0.672 0.756037 0.96
v 0.862819 0.668168 0.699945 0.672 0.756037 0.96
v 0.854012 0.685664 0.699982 0.672 0.756037 0.96
v 0.844357 0.702707 0.700021 0.672 0.756037 0.96
v 0.833877 0.719255 0.700061 0.672 0.756037 0.96
v 0.822598 0.73527 0.700104 0.672 0.756037 0.96
v 0.810547 0.750711 0.700147 0.672 0.756037 0.96
v 0.797753 0.765543 0.700192 0.672 0.756037 0.96
v 0.784247 0.779729 0.700239 0.672 0.756037 0.96
v 0.770061 0.793235 0.700287 0.672 0.756037 0.96
v 0.755229 0.806029 0.700335 0.672 0.756037 0.96
v 0.739787 0.818079 0.700385 0.672 0.756037 0.96
v 0.723773 0.829357 0.700436 0.672 0.756037 0.96
v 0.707225 0.839836 0.700487 0.672 0.756037 0.96
v 0.690182 0.84949 0.700539 0.672 0.756037 0.96
v 0.672687 0.858297 0.700591 0.672 0.756037 0.96
v 0.65478 0.866234 0.700644 0.672 0.756037 0.96
v 0.636506 0.873283 0.700697 0.672 0.756037 0.96
v 0.617908 0.879427 0.70075 0.672 0.756037 0.96
v 0.59903 0.88465 0.700804 0.672 0.756037 0.96
v 0.57992 0.888941 0.700857 0.672 0.756037 0.96
v 0.560621 0.89229 0.700909 0.672 0.756037 0.96
v 0.541182 0.894687 0.700962 0.672 0.756037 0.96
v 0.521649 0.896127 0.701013 0.672 0.756037 0.96
v 0.502068 0.896607 0.701065 0.672 0.756037 0.96
v 0.482488 0.896126 0.701115 0.672 0.756037 0.96
v 0.462954 0.894684 0.701164 0.672 0.756037 0.96
v 0.443515 0.892286 0.701213 0.672 0.756037 0.96
v 0.424217 0.888936 0.70126 0.672 0.756037 0.96
v 0.405107 0.884644 0.701306 0.672 0.756037 0.96
v 0.386231 0.879419 0.701351 0.672 0.756037 0.96
v 0.367633 0.873274 0.701394 0.672 0.756037 0.96
v 0.349359 0.866224 0.701436 0.672 0.756037 0.96
v 0.331454 0.858286 0.701476 0.672 0.756037 0.96
v 0.313959 0.849478 0.701514 0.672 0.756037 0.96
v 0.296918 0.839823 0.70155 0.672 0.756037 0.96
v 0.280371 0.829343 0.701585 0.672 0.756037 0.96
v 0.264358 0.818064 0.701617 0.672 0.756037 0.96
v 0.248918 0.806012 0.701648 0.672 0.756037 0.96
v 0.234087 0.793218 0.701676 0.672 0.756037 0.96
v 0.219903 0.779711 0.701702 0.672 0.756037 0.96
v 0.206398 0.765524 0.701725 0.672 0.756037 0.96
v 0.193605 0.750691 0.701746 0.672 0.756037 0.96
v 0.181556 0.735249 0.701765 0.672 0.756037 0.96
v 0.170279 0.719234 0.701781 0.672 0.756037 0.96
v 0.159801 0.702685 0.701795 0.672 0.756037 0.96
v 0.150148 0.685642 0.701807 0.672 0.756037 0.96
v 0.141342 0.668145 0.701815 0.672 0.756037 0.96
v 0.133406 0.650238 0.701821 0.672 0.756037 0.96
v 0.126358 0.631962 0.701825 0.672 0.756037 0.96
v 0.120215 0.613363 0.701826 0.672 0.756037 0.96
v 0.114992 0.594484 0.701824 0.672 0.756037 0.96
v 0.110702 0.575372 0.70182 0.672 0.756037 0.96
v 0.107355 0.556073 0.701813 0.672 0.756037 0.96
v 0.104958 0.536632 0.701803 0.672 0.756037 0.96
v 0.103518 0.517098 0.701791 0.672 0.756037 0.96
v 0.103039 0.497516 0.701777 0.672 0.756037 0.96
v 0.10352 0.477934 0.70176 0.672 0.756037 0.96
v 0.104962 0.458399 0.70174 0.672 0.756037 0.96
v 0.107361 0.438959 0.701718 0.672 0.756037 0.96
v 0.110711 0.41966 0.701694 0.672 0.756037 0.96
v 0.115003 0.400548 0.701668 0.672 0.756037 0.96
v 0.120228 0.38167 0.701639 0.672 0.756037 0.96
v 0.126373 0.363071 0.701608 0.672 0.756037 0.96
v 0.133423 0.344796 0.701575 0.672 0.756037 0.96
v 0.141361 0.326889 0.70154 0.672 0.756037 0.96
v 0.150169 0.309393 0.701503 0.672 0.756037 0.96
v 0.159824 0.29235 0.701464 0.672 0.756037 0.96
v 0.170303 0.275802 0.701424 0.672 0.756037 0.96
v 0.181582 0.259788 0.701381 0.672 0.756037 0.96
v 0.193633 0.244346 0.701338 0.672 0.756037 0.96
v 0.206427 0.229514 0.701293 0.672 0.756037 0.96
v 0.219934 0.215328 0.701246 0.672 0.756037 0.96
v 0.23412 0.201822 0.701199 0.672 0.756037 0.96
v 0.248952 0.189029 0.70115 0.672 0.756037 0.96
v 0.264393 0.176978 0.7011 0.672 0.756037 0.96
v 0.280407 0.1657 0.701049 0.672 0.756037 0.96
v 0.296956 0.155221 0.700998 0.672 0.756037 0.96
v 0.313998 0.145567 0.700946 0.672 0.756037 0.96
v 0.331494 0.13676 0.700894 0.672 0.756037 0.96
v 0.3494 0.128823 0.700841 0.672 0.756037 0.96
v 0.367675 0.121774 0.700788 0.672 0.756037 0.96
v 0.386273 0.115631 0.700735 0.672 0.756037 0.96
v 0.40515 0.110407 0.700681 0.672 0.756037 0.96
v 0.424261 0.106116 0.700628 0.672 0.756037 0.96
v 0.443559 0.102768 0.700576 0.672 0.756037 0.96
v 0.462998 0.100371 0.700523 0.672 0.756037 0.96
v 0.482532 0.0989302 0.700472 0.672 0.756037 0.96
v 0.502112 0.0984501 0.700421 0.672 0.756037 0.96
v 0.521693 0.0989314 0.70037 0.672 0.756037 0.96
v 0.541226 0.100373 0.700321 0.672 0.756037 0.96
v 0.560665 0.102771 0.700272 0.672 0.756037 0.96
v 0.579963 0.106121 0.700225 0.672 0.756037 0.96
v 0.599073 0.110413 0.700179 0.672 0.756037 0.96
v 0.61795 0.115638 0.700134 0.672 0.756037 0.96
v 0.636547 0.121783 0.700091 0.672 0.756037 0.96
v 0.654821 0.128833 0.700049 0.672 0.756037 0.96
v 0.672727 0.136771 0.700009 0.672 0.756037 0.96
v 0.690221 0.145579 0.699971 0.672 0.756037 0.96
v 0.707263 0.155234 0.699935 0.672 0.756037 0.96
v 0.72381 0.165714 0.6999 0.672 0.756037 0.96
v 0.739823 0.176993 0.699868 0.672 0.756037 0.96
v 0.755263 0.189045 0.699837 0.672 0.756037 0.96
v 0.770093 0.20184 0.699809 0.672 0.756037 0.96
v 0.784278 0.215347 0.699783 0.672 0.756037 0.96
v 0.797783 0.229533 0.69976 0.672 0.756037 0.96
v 0.810575 0.244366 0.699739 0.672 0.756037 0.96
v 0.822625 0.259808 0.69972 0.672 0.756037 0.96
v 0.833902 0.275823 0.699704 0.672 0.756037 0.96
v 0.84438 0.292372 0.69969 0.672 0.756037 0.96
v 0.854033 0.309416 0.699679 0.672 0.756037 0.96
v 0.862838 0.326912 0.69967 0.672 0.756037 0.96
v 0.870774 0.34482 0.699664 0.672 0.756037 0.96
v 0.877822 0.363095 0.69966 0.672 0.756037 0.96
v 0.883965 0.381694 0.699659 0.672 0.756037 0.96
v 0.889188 0.400573 0.699661 0.672 0.756037 0.96
v 0.893478 0.419685 0.699665 0.672 0.756037 0.96
v 0.896826 0.438984 0.699672 0.672 0.756037 0.96
v 0.899222 0.458425 0.699682 0.672 0.756037 0.96
v 0.900662 0.47796 0.699694 0.672 0.756037 0.96
v 0.901182 0.497436 0.708206 0.672 0.756037 0.96
v 0.900701 0.517018 0.708228 0.672 0.756037 0.96
v 0.899259 0.536553 0.708253 0.672 0.756037 0.96
v 0.89686 0.555993 0.708282 0.672 0.756037 0.96
v 0.893511 0.575292 0.708313 0.672 0.756037 0.96
v 0.889218 0.594404 0.708347 0.672 0.756037 0.96
v 0.883993 0.613282 0.708384 0.672 0.756037 0.96
v 0.877848 0.63188 0.708423 0.672 0.756037 0.96
v 0.870798 0.650155 0.708465 0.672 0.756037 0.96
v 0.86286 0.668062 0.70851 0.672 0.756037 0.96
v 0.854053 0.685558 0.708557 0.672 0.756037 0.96
v 0.844398 0.702601 0.708607 0.672 0.756037 0.96
v 0.833918 0.719149 0.708658 0.672 0.756037 0.96
v 0.82264 0.735163 0.708712 0.672 0.756037 0.96
v 0.810589 0.750605 0.708768 0.672 0.756037 0.96
v 0.797794 0.765436 0.708825 0.672 0.756037 0.96
v 0.784288 0.779622 0.708884 0.672 0.756037 0.96
v 0.770102 0.793128 0.708945 0.672 0.756037 0.96
v 0.75527 0.805921 0.709007 0.672 0.756037 0.96
v 0.739829 0.817972 0.70907 0.672 0.756037 0.96
v 0.723815 0.82925 0.709134 0.672 0.756037 0.96
v 0.707266 0.839728 0.709199 0.672 0.756037 0.96
v 0.690224 0.849383 0.709265 0.672 0.756037 0.96
v 0.672729 0.858189 0.709332 0.672 0.756037 0.96
v 0.654822 0.866126 0.709399 0.672 0.756037 0.96
v 0.636548 0.873174 0.709466 0.672 0.756037 0.96
v 0.61795 0.879318 0.709533 0.672 0.756037 0.96
v 0.599073 0.884542 0.709601 0.672 0.756037 0.96
v 0.579962 0.888832 0.709668 0.672 0.756037 0.96
v 0.560664 0.89218 0.709734 0.672 0.756037 0.96
v 0.541224 0.894577 0.709801 0.672 0.756037 0.96
v 0.521691 0.896018 0.709866 0.672 0.756037 0.96
v 0.502111 0.896497 0.709931 0.672 0.756037 0.96
v 0.48253 0.896016 0.709994 0.672 0.756037 0.96
v 0.462997 0.894574 0.710057 0.672 0.756037 0.96
v 0.443558 0.892176 0.710118 0.672 0.756037 0.96
v 0.42426 0.888826 0.710178 0.672 0.756037 0.96
v 0.40515 0.884534 0.710236 0.672 0.756037 0.96
v 0.386273 0.879309 0.710292 0.672 0.756037 0.96
v 0.367676 0.873164 0.710347 0.672 0.756037 0.96
v 0.349402 0.866113 0.7104 0.672 0.756037 0.96
v 0.331497 0.858175 0.71045 0.672 0.756037 0.96
v 0.314002 0.849367 0.710498 0.672 0.756037 0.96
v 0.296961 0.839712 0.710544 0.672 0.756037 0.96
v 0.280414 0.829232 0.710587 0.672 0.756037 0.96
v 0.264401 0.817952 0.710628 0.672 0.756037 0.96
v 0.248961 0.805901 0.710666 0.672 0.756037 0.96
v 0.23413 0.793106 0.710701 0.672 0.756037 0.96
v 0.219946 0.779599 0.710734 0.672 0.756037 0.96
v 0.206441 0.765412 0.710763 0.672 0.756037 0.96
v 0.193648 0.75058 0.710789 0.672 0.756037 0.96
v 0.181599 0.735137 0.710813 0.672 0.756037 0.96
v 0.170322 0.719122 0.710833 0.672 0.756037 0.96
v 0.159844 0.702573 0.71085 0.672 0.756037 0.96
v 0.150191 0.68553 0.710864 0.672 0.756037 0.96
v 0.141386 0.668033 0.710875 0.672 0.756037 0.96
v 0.13345 0.650125 0.710882 0.672 0.756037 0.96
v 0.126401 0.63185 0.710886 0.672 0.756037 0.96
v 0.120259 0.613251 0.710887 0.672 0.756037 0.96
v 0.115036 0.594372 0.710884 0.672 0.756037 0.96
v 0.110745 0.57526 0.710878 0.672 0.756037 0.96
v 0.107398 0.555961 0.710869 0.672 0.756037 0.96
v 0.105001 0.53652 0.710857 0.672 0.756037 0.96
v 0.103562 0.516986 0.710841 0.672 0.756037 0.96
v 0.103082 0.497404 0.710822 0.672 0.756037 0.96
v 0.103564 0.477822 0.7108 0.672 0.756037 0.96
v 0.105006 0.458288 0.710775 0.672 0.756037 0.96
v 0.107404 0.438847 0.710747 0.672 0.756037 0.96
v 0.110754 0.419548 0.710716 0.672 0.756037 0.96
v 0.115046 0.400437 0.710682 0.672 0.756037 0.96
v 0.120271 0.381559 0.710645 0.672 0.756037 0.96
v 0.126416 0.36296 0.710605 0.672 0.756037 0.96
v 0.133466 0.344685 0.710563 0.672 0.756037 0.96
v 0.141404 0.326778 0.710518 0.672 0.756037 0.96
v 0.150211 0.309282 0.710471 0.672 0.756037 0.96
v 0.159866 0.29224 0.710422 0.672 0.756037 0.96
v 0.170346 0.275691 0.71037 0.672 0.756037 0.96
v 0.181625 0.259677 0.710316 0.672 0.756037 0.96
v 0.193676 0.244236 0.710261 0.672 0.756037 0.96
v 0.20647 0.229404 0.710203 0.672 0.756037 0.96
v 0.219976 0.215218 0.710144 0.672 0.756037 0.96
v 0.234162 0.201712 0.710084 0.672 0.756037 0.96
v 0.248994 0.188919 0.710022 0.672 0.756037 0.96
v 0.264436 0.176869 0.709959 0.672 0.756037 0.96
v 0.28045 0.16559 0.709894 0.672 0.756037 0.96
v 0.296998 0.155112 0.709829 0.672 0.756037 0.96
v 0.31404 0.145458 0.709763 0.672 0.756037 0.96
v 0.331536 0.136652 0.709697 0.672 0.756037 0.96
v 0.349442 0.128715 0.70963 0.672 0.756037 0.96
v 0.367717 0.121666 0.709563 0.672 0.756037 0.96
v 0.386315 0.115522 0.709495 0.672 0.756037 0.96
v 0.405192 0.110299 0.709428 0.672 0.756037 0.96
v 0.424303 0.106008 0.709361 0.672 0.756037 0.96
v 0.443601 0.10266 0.709294 0.672 0.756037 0.96
v 0.46304 0.100263 0.709228 0.672 0.756037 0.96
v 0.482573 0.0988227 0.709162 0.672 0.756037 0.96
v 0.502154 0.0983428 0.709098 0.672 0.756037 0.96
v 0.521734 0.0988243 0.709034 0.672 0.756037 0.96
v 0.541267 0.100266 0.708971 0.672 0.756037 0.96
v 0.560706 0.102665 0.70891 0.672 0.756037 0.96
v 0.580004 0.106014 0.70885 0.672 0.756037 0.96
v 0.599114 0.110307 0.708792 0.672 0.756037 0.96
v 0.617991 0.115532 0.708736 0.672 0.756037 0.96
v 0.636589 0.121677 0.708681 0.672 0.756037 0.96
v 0.654862 0.128727 0.708629 0.672 0.756037 0.96
v 0.672768 0.136665 0.708578 0.672 0.756037 0.96
v 0.690262 0.145473 0.70853 0.672 0.756037 0.96
v 0.707304 0.155128 0.708484 0.672 0.756037 0.96
v 0.723851 0.165608 0.708441 0.672 0.756037 0.96
v 0.739864 0.176888 0.7084 0.672 0.756037 0.96
v 0.755304 0.188939 0.708362 0.672 0.756037 0.96
v 0.770134 0.201734 0.708327 0.672 0.756037 0.96
v 0.784319 0.215241 0.708295 0.672 0.756037 0.96
v 0.797823 0.229428 0.708265 0.672 0.756037 0.96
v 0.810616 0.244261 0.708239 0.672 0.756037 0.96
v 0.822665 0.259703 0.708216 0.672 0.756037 0.96
v 0.833942 0.275718 0.708195 0.672 0.756037 0.96
v 0.84442 0.292267 0.708178 0.672 0.756037 0.96
v 0.854073 0.309311 0.708164 0.672 0.756037 0.96
v 0.862879 0.326807 0.708154 0.672 0.756037 0.96
v 0.870815 0.344715 0.708146 0.672 0.756037 0.96
v 0.877863 0.36299 0.708142 0.672 0.756037 0.96
v 0.884006 0.38159 0.708142 0.672 0.756037 0.96
v 0.889229 0.400468 0.708144 0.672 0.756037 0.96
v 0.893519 0.41958 0.70815 0.672 0.756037 0.96
v 0.896867 0.438879 0.708159 0.672 0.756037 0.96
v 0.899263 0.45832 0.708172 0.672 0.756037 0.96
v 0.900703 0.477854 0.708187 0.672 0.756037 0.96
f 1 2 130
f 1 130 129
f 2 3 131
f 2 131 130
f 3 4 132
f 3 132 131
f 4 5 133
f 4 133 132
f 5 6 134
f 5 134 133
f 6 7 135
f 6 135 134
f 7 8 136
f 7 136 135
f 8 9 137
f 8 137 136
f 9 10 138
f 9 138 137
f 10 11 139
f 10 139 138
f 11 12 140
f 11 140 139
f 12 13 141
f 12 141 140
f 13 14 142
f 13 142 141
f 14 15 143
f 14 143 142
f 15 16 144
f 15 144 143
f 16 17 145
f 16 145 144
f 17 18 146
f 17 146 145
f 18 19 147
f 18 147 146
f 19 20 148
f 19 148 147
f 20 21 149
f 20 149 148
f 21 22 150
f 21 150 149
f 22 23 151
f 22 151 150
f 23 24 152
f 23 152 151
f 24 25 153
f 24 153 152
f 25 26 154
f 25 154 153
f 26 27 155
f 26 155 154
f 27 28 156
f 27 156 155
f 28 29 157
f 28 157 156
f 29 30 158
f 29 158 157
f 30 31 159
f 30 159 158
f 31 32 160
f 31 160 159
f 32 33 161
f 32 161 160
f 33 34 162
f 33 162 161
f 34 35 163
f 34 163 162
f 35 36 164
f 35 164 163
f 36 37 165
f 36 165 164
f 37 38 166
f 37 166 165
f 38 39 167
f 38 167 166
f 39 40 168
f 39 168 167
f 40 41 169
f 40 169 168
f 41 42 170
f 41 170 169
f 42 43 171
f 42 171 170
f 43 44 172
f 43 172 171
f 44 45 173
f 44 173 172
f 45 46 174
f 45 174 173
f 46 47 175
f 46 175 174
f 47 48 176
f 47 176 175
f 48 49 177
f 48 177 176
f 49 50 178
f 49 178 177
f 50 51 179
f 50 179 178
f 51 52 180
f 51 180 179
f 52 53 181
f 52 181 180
f 53 54 182
f 53 182 181
f 54 55 183
f 54 183 182
f 55 56 184
f 55 184 183
f 56 57 185
f 56 185 184
f 57 58 186
f 57 186 185
f 58 59 187
f 58 187 186
f 59 60 188
f 59 188 187
f 60 61 189
f 60 189 188
f 61 62 190
f 61 190 189
f 62 63 191
f 62 191 190
f 63 64 192
f 63 192 191
f 64 65 193
f 64 193 192
f 65 66 194
f 65 194 193
f 66 67 195
f 66 195 194
f 67 68 196
f 67 196 195
f 68 69 197
f 68 197 196
f 69 70 198
f 69 198 197
f 70 71 199
f 70 199 198
f 71 72 200
f 71 200 199
f 72 73 201
f 72 201 200
f 73 74 202
f 73 202 201
f 74 75 203
f 74 203 202
f 75 76 204
f 75 204 203
f 76 77 205
f 76 205 204
f 77 78 206
f 77 206 205
f 78 79 207
f 78 207 206
f 79 80 208
f 79 208 207
f 80 81 209
f 80 209 208
f 81 82 210
f 81 210 209
f 82 83 211
f 82 211 210
f 83 84 212
f 83 212 211
f 84 85 213
f 84 213 212
f 85 86 214
f 85 214 213
f 86 87 215
f 86 215 214
f 87 88 216
f 87 216 215
f 88 89 217
f 88 217 216
f 89 90 218
f 89 218 217
f 90 91 219
f 90 219 218
f 91 92 220
f 91 220 219
f 92 93 221
f 92 221 220
f 93 94 222
f 93 222 221
f 94 95 223
f 94 223 222
f 95 96 224
f 95 224 223
f 96 97 225
f 96 225 224
f 97 98 226
f 97 226 225
f 98 99 227
f 98 227 226
f 99 100 228
f 99 228 227
f 100 101 229
f 100 229 228
f 101 102 230
f 101 230 229
f 102 103 231
f 102 231 230
f 103 104 232
f 103 232 231
f 104 105 233
f 104 233 232
f 105 106 234
f 105 234 233
f 106 107 235
f 106 235 234
f 107 108 236
f 107 236 235
f 108 109 237
f 108 237 236
f 109 110 238
f 109 238 237
f 110 111 239
f 110 239 238
f 111 112 240
f 111 240 239
f 112 113 241
f 112 241 240
f 113 114 242
f 113 242 241
f 114 115 243
f 114 243 242
f 115 116 244
f 115 244 243
f 116 117 245
f 116 245 244
f 117 118 246
f 117 246 245
f 118 119 247
f 118 247 246
f 119 120 248
f 119 248 247
f 120 121 249
f 120 249 248
f 121 122 250
f 121 250 249
f 122 123 251
f 122 251 250
f 123 124 252
f 123 252 251
f 124 125 253
f 124 253 252
f 125 126 254
f 125 254 253
f 126 127 255
f 126 255 254
f 127 128 256
f 127 256 255
f 128 1 129
f 128 129 256
f 129 130 258
f 129 258 257
f 130 131 259
f 130 259 258
f 131 132 260
f 131 260 259
f 132 133 261
f 132 261 260
f 133 134 262
f 133 262 261
f 134 135 263
f 134 263 262
f 135 136 264
f 135 264 263
f 136 137 265
f 136 265 264
f 137 138 266
f 137 266 265
f 138 139 267
f 138 267 266
f 139 140 268
f 139 268 267
f 140 141 269
f 140 269 268
f 141 142 270
f 141 270 269
f 142 143 271
f 142 271 270
f 143 144 272
f 143 272 271
f 144 145 273
f 144 273 272
f 145 146 274
f 145 274 273
f 146 147 275
f 146 275 274
f 147 148 276
f 147 276 275
f 148 149 277
f 148 277 276
f 149 150 278
f 149 278 277
f 150 151 279
f 150 279 278
f 151 152 280
f 151 280 279
f 152 153 281
f 152 281 280
f 153 154 282
f 153 282 281
f 154 155 283
f 154 283 282
f 155 156 284
f 155 284 283
f 156 157 285
f 156 285 284
f 157 158 286
f 157 286 285
f 158 159 287
f 158 287 286
f 159 160 288
f 159 288 287
f 160 161 289
f 160 289 288
f 161 162 290
f 161 290 289
f 162 163 291
f 162 291 290
f 163 164 292
f 163 292 291
f 164 165 293
f 164 293 292
f 165 166 294
f 165 294 293
f 166 167 295
f 166 295 294
f 167 168 296
f 167 296 295
f 168 169 297
f 168 297 296
f 169 170 298
f 169 298 297
f 170 171 299
f 170 299 298
f 171 172 300
f 171 300 299
f 172 173 301
f 172 301 300
f 173 174 302
f 173 302 301
f 174 175 303
f 174 303 302
f 175 176 304
f 175 304 303
f 176 177 305
f 176 305 304
f 177 178 306
f 177 306 305
f 178 179 307
f 178 307 306
f 179 180 308
f 179 308 307
f 180 181 309
f 180 309 308
f 181 182 310
f 181 310 309
f 182 183 311
f 182 311 310
f 183 184 312
f 183 312 311
f 184 185 313
f 184 313 312
f 185 186 314
f 185 314 313
f 186 187 315
f 186 315 314
f 187 188 316
f 187 316 315
f 188 189 317
f 188 317 316
f 189 190 318
f 189 318 317
f 190 191 319
f 190 319 318
f 191 192 320
f 191 320 319
f 192 193 321
f 192 321 320
f 193 194 322
f 193 322 321
f 194 195 323
f 194 323 322
f 195 196 324
f 195 324 323
f 196 197 325
f 196 325 324
f 197 198 326
f 197 326 325
f 198 199 327
f 198 327 326
f 199 200 328
f 199 328 327
f 200 201 329
f 200 329 328
f 201 202 330
f 201 330 329
f 202 203 331
f 202 331 330
f 203 204 332
f 203 332 331
f 204 205 333
f 204 333 332
f 205 206 334
f 205 334 333
f 206 207 335
f 206 335 334
f 207 208 336
f 207 336 335
f 208 209 337
f 208 337 336
f 209 210 338
f 209 338 337
f 210 211 339
f 210 339 338
f 211 212 340
f 211 340 339
f 212 213 341
f 212 341 340
f 213 214 342
f 213 342 341
f 214 215 343
f 214 343 342
f 215 216 344
f 215 344 343
f 216 217 345
f 216 345 344
f 217 218 346
f 217 346 345
f 218 219 347
f 218 347 346
f 219 220 348
f 219 348 347
f 220 221 349
f 220 349 348
f 221 222 350
f 221 350 349
f 222 223 351
f 222 351 350
f 223 224 352
f 223 352 351
f 224 225 353
f 224 353 352
f 225 226 354
f 225 354 353
f 226 227 355
f 226 355 354
f 227 228 356
f 227 356 355
f 228 229 357
f 228 357 356
f 229 230 358
f 229 358 357
f 230 231 359
f 230 359 358
f 231 232 360
f 231 360 359
f 232 233 361
f 232 361 360
f 233 234 362
f 233 362 361
f 234 235 363
f 234 363 362
f 235 236 364
f 235 364 363
f 236 237 365
f 236 365 364
f 237 238 366
f 237 366 365
f 238 239 367
f 238 367 366
f 239 240 368
f 239 368 367
f 240 241 369
f 240 369 368
f 241 242 370
f 241 370 369
f 242 243 371
f 242 371 370
f 243 244 372
f 243 372 371
f 244 245 373
f 244 373 372
f 245 246 374
f 245 374 373
f 246 247 375
f 246 375 374
f 247 248 376
f 247 376 375
f 248 249 377
f 248 377 376
f 249 250 378
f 249 378 377
f 250 251 379
f 250 379 378
f 251 252 380
f 251 380 379
f 252 253 381
f 252 381 380
f 253 254 382
f 253 382 381
f 254 255 383
f 254 383 382
f 255 256 384
f 255 384 383
f 256 129 257
f 256 257 384
f 257 258 386
f 257 386 385
f 258 259 387
f 258 387 386
f 259 260 388
f 259 388 387
f 260 261 389
f 260 389 388
f 261 262 390
f 261 390 389
f 262 263 391
f 262 391 390
f 263 264 392
f 263 392 391
f 264 265 393
f 264 393 392
f 265 266 394
f 265 394 393
f 266 267 395
f 266 395 394
f 267 268 396
f 267 396 395
f 268 269 397
f 268 397 396
f 269 270 398
f 269 398 397
f 270 271 399
f 270 399 398
f 271 272 400
f 271 400 399
f 272 273 401
f 272 401 400
f 273 274 402
f 273 402 401
f 274 275 403
f 274 403 402
f 275 276 404
f 275 404 403
f 276 277 405
f 276 405 404
f 277 278 406
f 277 406 405
f 278 279 407
f 278 407 406
f 279 280 408
f 279 408 407
f 280 281 409
f 280 409 408
f 281 282 410
f 281 410 409
f 282 283 411
f 282 411 410
f 283 284 412
f 283 412 411
f 284 285 413
f 284 413 412
f 285 286 414
f 285 414 413
f 286 287 415
f 286 415 414
f 287 288 416
f 287 416 415
f 288 289 417
f 288 417 416
f 289 290 418
f 289 418 417
f 290 291 419
f 290 419 418
f 291 292 420
f 291 420 419
f 292 293 421
f 292 421 420
f 293 294 422
f 293 422 421
f 294 295 423
f 294 423 422
f 295 296 424
f 295 424 423
f 296 297 425
f 296 425 424
f 297 298 426
f 297 426 425
f 298 299 427
f 298 427 426
f 299 300 428
f 299 428 427
f 300 301 429
f 300 429 428
f 301 302 430
f 301 430 429
f 302 303 431
f 302 431 430
f 303 304 432
f 303 432 431
f 304 305 433
f 304 433 432
f 305 306 434
f 305 434 433
f 306 307 435
f 306 435 434
f 307 308 436
f 307 436 435
f 308 309 437
f 308 437 436
f 309 310 438
f 309 438 437
f 310 311 439
f 310 439 438
f 311 312 440
f 311 440 439
f 312 313 441
f 312 441 440
f 313 314 442
f 313 442 441
f 314 315 443
f 314 443 442
f 315 316 444
f 315 444 443
f 316 317 445
f 316 445 444
f 317 318 446
f 317 446 445
f 318 319 447
f 318 447 446
f 319 320 448
f 319 448 447
f 320 321 449
f 320 449 448
f 321 322 450
f 321 450 449
f 322 323 451
f 322 451 450
f 323 324 452
f 323 452 451
f 324 325 453
f 324 453 452
f 325 326 454
f 325 454 453
f 326 327 455
f 326 455 454
f 327 328 456
f 327 456 455
f 328 329 457
f 328 457 456
f 329 330 458
f 329 458 457
f 330 331 459
f 330 459 458
f 331 332 460
f 331 460 459
f 332 333 461
f 332 461 460
f 333 334 462
f 333 462 461
f 334 335 463
f 334 463 462
f 335 336 464
f 335 464 463
f 336 337 465
f 336 465 464
f 337 338 466
f 337 466 465
f 338 339 467
f 338 467 466
f 339 340 468
f 339 468 467
f 340 341 469
f 340 469 468
f 341 342 470
f 341 470 469
f 342 343 471
f 342 471 470
f 343 344 472
f 343 472 471
f 344 345 473
f 344 473 472
f 345 346 474
f 345 474 473
f 346 347 475
f 346 475 474
f 347 348 476
f 347 476 475
f 348 349 477
f 348 477 476
f 349 350 478
f 349 478 477
f 350 351 479
f 350 479 478
f 351 352 480
f 351 480 479
f 352 353 481
f 352 481 480
f 353 354 482
f 353 482 481
f 354 355 483
f 354 483 482
f 355 356 484
f 355 484 483
f 356 357 485
f 356 485 484
f 357 358 486
f 357 486 485
f 358 359 487
f 358 487 486
f 359 360 488
f 359 488 487
f 360 361 489
f 360 489 488
f 361 362 490
f 361 490 489
f 362 363 491
f 362 491 490
f 363 364 492
f 363 492 491
f 364 365 493
f 364 493 492
f 365 366 494
f 365 494 493
f 366 367 495
f 366 495 494
f 367 368 496
f 367 496 495
f 368 369 497
f 368 497 496
f 369 370 498
f 369 498 497
f 370 371 499
f 370 499 498
f 371 372 500
f 371 500 499
f 372 373 501
f 372 501 500
f 373 374 502
f 373 502 501
f 374 375 503
f 374 503 502
f 375 376 504
f 375 504 503
f 376 377 505
f 376 505 504
f 377 378 506
f 377 506 505
f 378 379 507
f 378 507 506
f 379 380 508
f 379 508 507
f 380 381 509
f 380 509 508
f 381 382 510
f 381 510 509
f 382 383 511
f 382 511 510
f 383 384 512
f 383 512 511
f 384 257 385
f 384 385 512
f 385 386 514
f 385 514 513
f 386 387 515
f 386 515 514
f 387 388 516
f 387 516 515
f 388 389 517
f 388 517 516
f 389 390 518
f 389 518 517
f 390 391 519
f 390 519 518
f 391 392 520
f 391 520 519
f 392 393 521
f 392 521 520
f 393 394 522
f 393 522 521
f 394 395 523
f 394 523 522
f 395 396 524
f 395 524 523
f 396 397 525
f 396 525 524
f 397 398 526
f 397 526 525
f 398 399 527
f 398 527 526
f 399 400 528
f 399 528 527
f 400 401 529
f 400 529 528
f 401 402 530
f 401 530 529
f 402 403 531
f 402 531 530
f 403 404 532
f 403 532 531
f 404 405 533
f 404 533 532
f 405 406 534
f 405 534 533
f 406 407 535
f 406 535 534
f 407 408 536
f 407 536 535
f 408 409 537
f 408 537 536
f 409 410 538
f 409 538 537
f 410 411 539
f 410 539 538
f 411 412 540
f 411 540 539
f 412 413 541
f 412 541 540
f 413 414 542
f 413 542 541
f 414 415 543
f 414 543 542
f 415 416 544
f 415 544 543
f 416 417 545
f 416 545 544
f 417 418 546
f 417 546 545
f 418 419 547
f 418 547 546
f 419 420 548
f 419 548 547
f 420 421 549
f 420 549 548
f 421 422 550
f 421 550 549
f 422 423 551
f 422 551 550
f 423 424 552
f 423 552 551
f 424 425 553
f 424 553 552
f 425 426 554
f 425 554 553
f 426 427 555
f 426 555 554
f 427 428 556
f 427 556 555
f 428 429 557
f 428 557 556
f 429 430 558
f 429 558 557
f 430 431 559
f 430 559 558
f 431 432 560
f 431 560 559
f 432 433 561
f 432 561 560
f 433 434 562
f 433 562 561
f 434 435 563
f 434 563 562
f 435 436 564
f 435 564 563
f 436 437 565
f 436 565 564
f 437 438 566
f 437 566 565
f 438 439 567
f 438 567 566
f 439 440 568
f 439 568 567
f 440 441 569
f 440 569 568
f 441 442 570
f 441 570 569
f 442 443 571
f 442 571 570
f 443 444 572
f 443 572 571
f 444 445 573
f 444 573 572
f 445 446 574
f 445 574 573
f 446 447 575
f 446 575 574
f 447 448 576
f 447 576 575
f 448 449 577
f 448 577 576
f 449 450 578
f 449 578 577
f 450 451 579
f 450 579 578
f 451 452 580
f 451 580 579
f 452 453 581
f 452 581 580
f 453 454 582
f 453 582 581
f 454 455 583
f 454 583 582
f 455 456 584
f 455 584 583
f 456 457 585
f 456 585 584
f 457 458 586
f 457 586 585
f 458 459 587
f 458 587 586
f 459 460 588
f 459 588 587
f 460 461 589
f 460 589 588
f 461 462 590
f 461 590 589
f 462 463 591
f 462 591 590
f 463 464 592
f 463 592 591
f 464 465 593
f 464 593 592
f 465 466 594
f 465 594 593
f 466 467 595
f 466 595 594
f 467 468 596
f 467 596 595
f 468 469 597
f 468 597 596
f 469 470 598
f 469 598 597
f 470 471 599
f 470 599 598
f 471 472 600
f 471 600 599
f 472 473 601
f 472 601 600
f 473 474 602
f 473 602 601
f 474 475 603
f 474 603 602
f 475 476 604
f 475 604 603
f 476 477 605
f 476 605 604
f 477 478 606
f 477 606 605
f 478 479 607
f 478 607 606
f 479 480 608
f 479 608 607
f 480 481 609
f 480 609 608
f 481 482 610
f 481 610 609
f 482 483 611
f 482 611 610
f 483 484 612
f 483 612 611
f 484 485 613
f 484 613 612
f 485 486 614
f 485 614 613
f 486 487 615
f 486 615 614
f 487 488 616
f 487 616 615
f 488 489 617
f 488 617 616
f 489 490 618
f 489 618 617
f 490 491 619
f 490 619 618
f 491 492 620
f 491 620 619
f 492 493 621
f 492 621 620
f 493 494 622
f 493 622 621
f 494 495 623
f 494 623 622
f 495 496 624
f 495 624 623
f 496 497 625
f 496 625 624
f 497 498 626
f 497 626 625
f 498 499 627
f 498 627 626
f 499 500 628
f 499 628 627
f 500 501 629
f 500 629 628
f 501 502 630
f 501 630 629
f 502 503 631
f 502 631 630
f 503 504 632
f 503 632 631
f 504 505 633
f 504 633 632
f 505 506 634
f 505 634 633
f 506 507 635
f 506 635 634
f 507 508 636
f 507 636 635
f 508 509 637
f 508 637 636
f 509 510 638
f 509 638 637
f 510 511 639
f 510 639 638
f 511 512 640
f 511 640 639
f 512 385 513
f 512 513 640
f 513 514 642
f 513 642 641
f 514 515 643
f 514 643 642
f 515 516 644
f 515 644 643
f 516 517 645
f 516 645 644
f 517 518 646
f 517 646 645
f 518 519 647
f 518 647 646
f 519 520 648
f 519 648 647
f 520 521 649
f 520 649 648
f 521 522 650
f 521 650 649
f 522 523 651
f 522 651 650
f 523 524 652
f 523 652 651
f 524 525 653
f 524 653 652
f 525 526 654
f 525 654 653
f 526 527 655
f 526 655 654
f 527 528 656
f 527 656 655
f 528 529 657
f 528 657 656
f 529 530 658
f 529 658 657
f 530 531 659
f 530 659 658
f 531 532 660
f 531 660 659
f 532 533 661
f 532 661 660
f 533 534 662
f 533 662 661
f 534 535 663
f 534 663 662
f 535 536 664
f 535 664 663
f 536 537 665
f 536 665 664
f 537 538 666
f 537 666 665
f 538 539 667
f 538 667 666
f 539 540 668
f 539 668 667
f 540 541 669
f 540 669 668
f 541 542 670
f 541 670 669
f 542 543 671
f 542 671 670
f 543 544 672
f 543 672 671
f 544 545 673
f 544 673 672
f 545 546 674
f 545 674 673
f 546 547 675
f 546 675 674
f 547 548 676
f 547 676 675
f 548 549 677
f 548 677 676
f 549 550 678
f 549 678 677
f 550 551 679
f 550 679 678
f 551 552 680
f 551 680 679
f 552 553 681
f 552 681 680
f 553 554 682
f 553 682 681
f 554 555 683
f 554 683 682
f 555 556 684
f 555 684 683
f 556 557 685
f 556 685 684
f 557 558 686
f 557 686 685
f 558 559 687
f 558 687 686
f 559 560 688
f 559 688 687
f 560 561 689
f 560 689 688
f 561 562 690
f 561 690 689
f 562 563 691
f 562 691 690
f 563 564 692
f 563 692 691
f 564 565 693
f 564 693 692
f 565 566 694
f 565 694 693
f 566 567 695
f 566 695 694
f 567 568 696
f 567 696 695
f 568 569 697
f 568 697 696
f 569 570 698
f 569 698 697
f 570 571 699
f 570 699 698
f 571 572 700
f 571 700 699
f 572 573 701
f 572 701 700
f 573 574 702
f 573 702 701
f 574 575 703
f 574 703 702
f 575 576 704
f 575 704 703
f 576 577 705
f 576 705 704
f 577 578 706
f 577 706 705
f 578 579 707
f 578 707 706
f 579 580 708
f 579 708 707
f 580 581 709
f 580 709 708
f 581 582 710
f 581 710 709
f 582 583 711
f 582 711 710
f 583 584 712
f 583 712 711
f 584 585 713
f 584 713 712
f 585 586 714
f 585 714 713
f 586 587 715
f 586 715 714
f 587 588 716
f 587 716 715
f 588 589 717
f 588 717 716
f 589 590 718
f 589 718 717
f 590 591 719
f 590 719 718
f 591 592 720
f 591 720 719
f 592 593 721
f 592 721 720
f 593 594 722
f 593 722 721
f 594 595 723
f 594 723 722
f 595 596 724
f 595 724 723
f 596 597 725
f 596 725 724
f 597 598 726
f 597 726 725
f 598 599 727
f 598 727 726
f 599 600 728
f 599 728 727
f 600 601 729
f 600 729 728
f 601 602 730
f 601 730 729
f 602 603 731
f 602 731 730
f 603 604 732
f 603 732 731
f 604 605 733
f 604 733 732
f 605 606 734
f 605 734 733
f 606 607 735
f 606 735 734
f 607 608 736
f 607 736 735
f 608 609 737
f 608 737 736
f 609 610 738
f 609 738 737
f 610 611 739
f 610 739 738
f 611 612 740
f 611 740 739
f 612 613 741
f 612 741 740
f 613 614 742
f 613 742 741
f 614 615 743
f 614 743 742
f 615 616 744
f 615 744 743
f 616 617 745
f 616 745 744
f 617 618 746
f 617 746 745
f 618 619 747
f 618 747 746
f 619 620 748
f 619 748 747
f 620 621 749
f 620 749 748
f 621 622 750
f 621 750 749
f 622 623 751
f 622 751 750
f 623 624 752
f 623 752 751
f 624 625 753
f 624 753 752
f 625 626 754
f 625 754 753
f 626 627 755
f 626 755 754
f 627 628 756
f 627 756 755
f 628 629 757
f 628 757 756
f 629 630 758
f 629 758 757
f 630 631 759
f 630 759 758
f 631 632 760
f 631 760 759
f 632 633 761
f 632 761 760
f 633 634 762
f 633 762 761
f 634 635 763
f 634 763 762
f 635 636 764
f 635 764 763
f 636 637 765
f 636 765 764
f 637 638 766
f 637 766 765
f 638 639 767
f 638 767 766
f 639 640 768
f 639 768 767
f 640 513 641
f 640 641 768
f 641 642 770
f 641 770 769
f 642 643 771
f 642 771 770
f 643 644 772
f 643 772 771
f 644 645 773
f 644 773 772
f 645 646 774
f 645 774 773
f 646 647 775
f 646 775 774
f 647 648 776
f 647 776 775
f 648 649 777
f 648 777 776
f 649 650 778
f 649 778 777
f 650 651 779
f 650 779 778
f 651 652 780
f 651 780 779
f 652 653 781
f 652 781 780
f 653 654 782
f 653 782 781
f 654 655 783
f 654 783 782
f 655 656 784
f 655 784 783
f 656 657 785
f 656 785 784
f 657 658 786
f 657 786 785
f 658 659 787
f 658 787 786
f 659 660 788
f 659 788 787
f 660 661 789
f 660 789 788
f 661 662 790
f 661 790 789
f 662 663 791
f 662 791 790
f 663 664 792
f 663 792 791
f 664 665 793
f 664 793 792
f 665 666 794
f 665 794 793
f 666 667 795
f 666 795 794
f 667 668 796
f 667 796 795
f 668 669 797
f 668 797 796
f 669 670 798
f 669 798 797
f 670 671 799
f 670 799 798
f 671 672 800
f 671 800 799
f 672 673 801
f 672 801 800
f 673 674 802
f 673 802 801
f 674 675 803
f 674 803 802
f 675 676 804
f 675 804 803
f 676 677 805
f 676 805 804
f 677 678 806
f 677 806 805
f 678 679 807
f 678 807 806
f 679 680 808
f 679 808 807
f 680 681 809
f 680 809 808
f 681 682 810
f 681 810 809
f 682 683 811
f 682 811 810
f 683 684 812
f 683 812 811
f 684 685 813
f 684 813 812
f 685 686 814
f 685 814 813
f 686 687 815
f 686 815 814
f 687 688 816
f 687 816 815
f 688 689 817
f 688 817 816
f 689 690 818
f 689 818 817
f 690 691 819
f 690 819 818
f 691 692 820
f 691 820 819
f 692 693 821
f 692 821 820
f 693 694 822
f 693 822 821
f 694 695 823
f 694 823 822
f 695 696 824
f 695 824 823
f 696 697 825
f 696 825 824
f 697 698 826
f 697 826 825
f 698 699 827
f 698 827 826
f 699 700 828
f 699 828 827
f 700 701 829
f 700 829 828
f 701 702 830
f 701 830 829
f 702 703 831
f 702 831 830
f 703 704 832
f 703 832 831
f 704 705 833
f 704 833 832
f 705 706 834
f 705 834 833
f 706 707 835
f 706 835 834
f 707 708 836
f 707 836 835
f 708 709 837
f 708 837 836
f 709 710 838
f 709 838 837
f 710 711 839
f 710 839 838
f 711 712 840
f 711 840 839
f 712 713 841
f 712 841 840
f 713 714 842
f 713 842 841
f 714 715 843
f 714 843 842
f 715 716 844
f 715 844 843
f 716 717 845
f 716 845 844
f 717 718 846
f 717 846 845
f 718 719 847
f 718 847 846
f 719 720 848
f 719 848 847
f 720 721 849
f 720 849 848
f 721 722 850
f 721 850 849
f 722 723 851
f 722 851 850
f 723 724 852
f 723 852 851
f 724 725 853
f 724 853 852
f 725 726 854
f 725 854 853
f 726 727 855
f 726 855 854
f 727 728 856
f 727 856 855
f 728 729 857
f 728 857 856
f 729 730 858
f 729 858 857
f 730 731 859
f 730 859 858
f 731 732 860
f 731 860 859
f 732 733 861
f 732 861 860
f 733 734 862
f 733 862 861
f 734 735 863
f 734 863 862
f 735 736 864
f 735 864 863
f 736 737 865
f 736 865 864
f 737 738 866
f 737 866 865
f 738 739 867
f 738 867 866
f 739 740 868
f 739 868 867
f 740 741 869
f 740 869 868
f 741 742 870
f 741 870 869
f 742 743 871
f 742 871 870
f 743 744 872
f 743 872 871
f 744 745 873
f 744 873 872
f 745 746 874
f 745 874 873
f 746 747 875
f 746 875 874
f 747 748 876
f 747 876 875
f 748 749 877
f 748 877 876
f 749 750 878
f 749 878 877
f 750 751 879
f 750 879 878
f 751 752 880
f 751 880 879
f 752 753 881
f 752 881 880
f 753 754 882
f 753 882 881
f 754 755 883
f 754 883 882
f 755 756 884
f 755 884 883
f 756 757 885
f 756 885 884
f 757 758 886
f 757 886 885
f 758 759 887
f 758 887 886
f 759 760 888
f 759 888 887
f 760 761 889
f 760 889 888
f 761 762 890
f 761 890 889
f 762 763 891
f 762 891 890
f 763 764 892
f 763 892 891
f 764 765 893
f 764 893 892
f 765 766 894
f 765 894 893
f 766 767 895
f 766 895 894
f 767 768 896
f 767 896 895
f 768 641 769
f 768 769 896
f 769 770 898
f 769 898 897
f 770 771 899
f 770 899 898
f 771 772 900
f 771 900 899
f 772 773 901
f 772 901 900
f 773 774 902
f 773 902 901
f 774 775 903
f 774 903 902
f 775 776 904
f 775 904 903
f 776 777 905
f 776 905 904
f 777 778 906
f 777 906 905
f 778 779 907
f 778 907 906
f 779 780 908
f 779 908 907
f 780 781 909
f 780 909 908
f 781 782 910
f 781 910 909
f 782 783 911
f 782 911 910
f 783 784 912
f 783 912 911
f 784 785 913
f 784 913 912
f 785 786 914
f 785 914 913
f 786 787 915
f 786 915 914
f 787 788 916
f 787 916 915
f 788 789 917
f 788 917 916
f 789 790 918
f 789 918 917
f 790 791 919
f 790 919 918
f 791 792 920
f 791 920 919
f 792 793 921
f 792 921 920
f 793 794 922
f 793 922 921
f 794 795 923
f 794 923 922
f 795 796 924
f 795 924 923
f 796 797 925
f 796 925 924
f 797 798 926
f 797 926 925
f 798 799 927
f 798 927 926
f 799 800 928
f 799 928 927
f 800 801 929
f 800 929 928
f 801 802 930
f 801 930 929
f 802 803 931
f 802 931 930
f 803 804 932
f 803 932 931
f 804 805 933
f 804 933 932
f 805 806 934
f 805 934 933
f 806 807 935
f 806 935 934
f 807 808 936
f 807 936 935
f 808 809 937
f 808 937 936
f 809 810 938
f 809 938 937
f 810 811 939
f 810 939 938
f 811 812 940
f 811 940 939
f 812 813 941
f 812 941 940
f 813 814 942
f 813 942 941
f 814 815 943
f 814 943 942
f 815 816 944
f 815 944 943
f 816 817 945
f 816 945 944
f 817 818 946
f 817 946 945
f 818 819 947
f 818 947 946
f 819 820 948
f 819 948 947
f 820 821 949
f 820 949 948
f 821 822 950
f 821 950 949
f 822 823 951
f 822 951 950
f 823 824 952
f 823 952 951
f 824 825 953
f 824 953 952
f 825 826 954
f 825 954 953
f 826 827 955
f 826 955 954
f 827 828 956
f 827 956 955
f 828 829 957
f 828 957 956
f 829 830 958
f 829 958 957
f 830 831 959
f 830 959 958
f 831 832 960
f 831 960 959
f 832 833 961
f 832 961 960
f 833 834 962
f 833 962 961
f 834 835 963
f 834 963 962
f 835 836 964
f 835 964 963
f 836 837 965
f 836 965 964
f 837 838 966
f 837 966 965
f 838 839 967
f 838 967 966
f 839 840 968
f 839 968 967
f 840 841 969
f 840 969 968
f 841 842 970
f 841 970 969
f 842 843 971
f 842 971 970
f 843 844 972
f 843 972 971
f 844 845 973
f 844 973 972
f 845 846 974
f 845 974 973
f 846 847 975
f 846 975 974
f 847 848 976
f 847 976 975
f 848 849 977
f 848 977 976
f 849 850 978
f 849 978 977
f 850 851 979
f 850 979 978
f 851 852 980
f 851 980 979
f 852 853 981
f 852 981 980
f 853 854 982
f 853 982 981
f 854 855 983
f 854 983 982
f 855 856 984
f 855 984 983
f 856 857 985
f 856 985 984
f 857 858 986
f 857 986 985
f 858 859 987
f 858 987 986
f 859 860 988
f 859 988 987
f 860 861 989
f 860 989 988
f 861 862 990
f 861 990 989
f 862 863 991
f 862 991 990
f 863 864 992
f 863 992 991
f 864 865 993
f 864 993 992
f 865 866 994
f 865 994 993
f 866 867 995
f 866 995 994
f 867 868 996
f 867 996 995
f 868 869 997
f 868 997 996
f 869 870 998
f 869 998 997
f 870 871 999
f 870 999 998
f 871 872 1000
f 871 1000 999
f 872 873 1001
f 872 1001 1000
f 873 874 1002
f 873 1002 1001
f 874 875 1003
f 874 1003 1002
f 875 876 1004
f 875 1004 1003
f 876 877 1005
f 876 1005 1004
f 877 878 1006
f 877 1006 1005
f 878 879 1007
f 878 1007 1006
f 879 880 1008
f 879 1008 1007
f 880 881 1009
f 880 1009 1008
f 881 882 1010
f 881 1010 1009
f 882 883 1011
f 882 1011 1010
f 883 884 1012
f 883 1012 1011
f 884 885 1013
f 884 1013 1012
f 885 886 1014
f 885 1014 1013
f 886 887 1015
f 886 1015 1014
f 887 888 1016
f 887 1016 1015
f 888 889 1017
f 888 1017 1016
f 889 890 1018
f 889 1018 1017
f 890 891 1019
f 890 1019 1018
f 891 892 1020
f 891 1020 1019
f 892 893 1021
f 892 1021 1020
f 893 894 1022
f 893 1022 1021
f 894 895 1023
f 894 1023 1022
f 895 896 1024
f 895 1024 1023
f 896 769 897
f 896 897 1024
f 897 898 1026
f 897 1026 1025
f 898 899 1027
f 898 1027 1026
f 899 900 1028
f 899 1028 1027
f 900 901 1029
f 900 1029 1028
f 901 902 1030
f 901 1030 1029
f 902 903 1031
f 902 1031 1030
f 903 904 1032
f 903 1032 1031
f 904 905 1033
f 904 1033 1032
f 905 906 1034
f 905 1034 1033
f 906 907 1035
f 906 1035 1034
f 907 908 1036
f 907 1036 1035
f 908 909 1037
f 908 1037 1036
f 909 910 1038
f 909 1038 1037
f 910 911 1039
f 910 1039 1038
f 911 912 1040
f 911 1040 1039
f 912 913 1041
f 912 1041 1040
f 913 914 1042
f 913 1042 1041
f 914 915 1043
f 914 1043 1042
f 915 916 1044
f 915 1044 1043
f 916 917 1045
f 916 1045 1044
f 917 918 1046
f 917 1046 1045
f 918 919 1047
f 918 1047 1046
f 919 920 1048
f 919 1048 1047
f 920 921 1049
f 920 1049 1048
f 921 922 1050
f 921 1050 1049
f 922 923 1051
f 922 1051 1050
f 923 924 1052
f 923 1052 1051
f 924 925 1053
f 924 1053 1052
f 925 926 1054
f 925 1054 1053
f 926 927 1055
f 926 1055 1054
f 927 928 1056
f 927 1056 1055
f 928 929 1057
f 928 1057 1056
f 929 930 1058
f 929 1058 1057
f 930 931 1059
f 930 1059 1058
f 931 932 1060
f 931 1060 1059
f 932 933 1061
f 932 1061 1060
f 933 934 1062
f 933 1062 1061
f 934 935 1063
f 934 1063 1062
f 935 936 1064
f 935 1064 1063
f 936 937 1065
f 936 1065 1064
f 937 938 1066
f 937 1066 1065
f 938 939 1067
f 938 1067 1066
f 939 940 1068
f 939 1068 1067
f 940 941 1069
f 940 1069 1068
f 941 942 1070
f 941 1070 1069
f 942 943 1071
f 942 1071 1070
f 943 944 1072
f 943 1072 1071
f 944 945 1073
f 944 1073 1072
f 945 946 1074
f 945 1074 1073
f 946 947 1075
f 946 1075 1074
f 947 948 1076
f 947 1076 1075
f 948 949 1077
f 948 1077 1076
f 949 950 1078
f 949 1078 1077
f 950 951 1079
f 950 1079 1078
f 951 952 1080
f 951 1080 1079
f 952 953 1081
f 952 1081 1080
f 953 954 1082
f 953 1082 1081
f 954 955 1083
f 954 1083 1082
f 955 956 1084
f 955 1084 1083
f 956 957 1085
f 956 1085 1084
f 957 958 1086
f 957 1086 1085
f 958 959 1087
f 958 1087 1086
f 959 960 1088
f 959 1088 1087
f 960 961 1089
f 960 1089 1088
f 961 962 1090
f 961 1090 1089
f 962 963 1091
f 962 1091 1090
f 963 964 1092
f 963 1092 1091
f 964 965 1093
f 964 1093 1092
f 965 966 1094
f 965 1094 1093
f 966 967 1095
f 966 1095 1094
f 967 968 1096
f 967 1096 1095
f 968 969 1097
f 968 1097 1096
f 969 970 1098
f 969 1098 1097
f 970 971 1099
f 970 1099 1098
f 971 972 1100
f 971 1100 1099
f 972 973 1101
f 972 1101 1100
f 973 974 1102
f 973 1102 1101
f 974 975 1103
f 974 1103 1102
f 975 976 1104
f 975 1104 1103
f 976 977 1105
f 976 1105 1104
f 977 978 1106
f 977 1106 1105
f 978 979 1107
f 978 1107 1106
f 979 980 1108
f 979 1108 1107
f 980 981 1109
f 980 1109 1108
f 981 982 1110
f 981 1110 1109
f 982 983 1111
f 982 1111 1110
f 983 984 1112
f 983 1112 1111
f 984 985 1113
f 984 1113 1112
f 985 986 1114
f 985 1114 1113
f 986 987 1115
f 986 1115 1114
f 987 988 1116
f 987 1116 1115
f 988 989 1117
f 988 1117 1116
f 989 990 1118
f 989 1118 1117
f 990 991 1119
f 990 1119 1118
f 991 992 1120
f 991 1120 1119
f 992 993 1121
f 992 1121 1120
f 993 994 1122
f 993 1122 1121
f 994 995 1123
f 994 1123 1122
f 995 996 1124
f 995 1124 1123
f 996 997 1125
f 996 1125 1124
f 997 998 1126
f 997 1126 1125
f 998 999 1127
f 998 1127 1126
f 999 1000 1128
f 999 1128 1127
f 1000 1001 1129
f 1000 1129 1128
f 1001 1002 1130
f 1001 1130 1129
f 1002 1003 1131
f 1002 1131 1130
f 1003 1004 1132
f 1003 1132 1131
f 1004 1005 1133
f 1004 1133 1132
f 1005 1006 1134
f 1005 1134 1133
f 1006 1007 1135
f 1006 1135 1134
f 1007 1008 1136
f 1007 1136 1135
f 1008 1009 1137
f 1008 1137 1136
f 1009 1010 1138
f 1009 1138 1137
f 1010 1011 1139
f 1010 1139 1138
f 1011 1012 1140
f 1011 1140 1139
f 1012 1013 1141
f 1012 1141 1140
f 1013 1014 1142
f 1013 1142 1141
f 1014 1015 1143
f 1014 1143 1142
f 1015 1016 1144
f 1015 1144 1143
f 1016 1017 1145
f 1016 1145 1144
f 1017 1018 1146
f 1017 1146 1145
f 1018 1019 1147
f 1018 1147 1146
f 1019 1020 1148
f 1019 1148 1147
f 1020 1021 1149
f 1020 1149 1148
f 1021 1022 1150
f 1021 1150 1149
f 1022 1023 1151
f 1022 1151 1150
f 1023 1024 1152
f 1023 1152 1151
f 1024 897 1025
f 1024 1025 1152
f 1025 1026 1154
f 1025 1154 1153
f 1026 1027 1155
f 1026 1155 1154
f 1027 1028 1156
f 1027 1156 1155
f 1028 1029 1157
f 1028 1157 1156
f 1029 1030 1158
f 1029 1158 1157
f 1030 1031 1159
f 1030 1159 1158
f 1031 1032 1160
f 1031 1160 1159
f 1032 1033 1161
f 1032 1161 1160
f 1033 1034 1162
f 1033 1162 1161
f 1034 1035 1163
f 1034 1163 1162
f 1035 1036 1164
f 1035 1164 1163
f 1036 1037 1165
f 1036 1165 1164
f 1037 1038 1166
f 1037 1166 1165
f 1038 1039 1167
f 1038 1167 1166
f 1039 1040 1168
f 1039 1168 1167
f 1040 1041 1169
f 1040 1169 1168
f 1041 1042 1170
f 1041 1170 1169
f 1042 1043 1171
f 1042 1171 1170
f 1043 1044 1172
f 1043 1172 1171
f 1044 1045 1173
f 1044 1173 1172
f 1045 1046 1174
f 1045 1174 1173
f 1046 1047 1175
f 1046 1175 1174
f 1047 1048 1176
f 1047 1176 1175
f 1048 1049 1177
f 1048 1177 1176
f 1049 1050 1178
f 1049 1178 1177
f 1050 1051 1179
f 1050 1179 1178
f 1051 1052 1180
f 1051 1180 1179
f 1052 1053 1181
f 1052 1181 1180
f 1053 1054 1182
f 1053 1182 1181
f 1054 1055 1183
f 1054 1183 1182
f 1055 1056 1184
f 1055 1184 1183
f 1056 1057 1185
f 1056 1185 1184
f 1057 1058 1186
f 1057 1186 1185
f 1058 1059 1187
f 1058 1187 1186
f 1059 1060 1188
f 1059 1188 1187
f 1060 1061 1189
f 1060 1189 1188
f 1061 1062 1190
f 1061 1190 1189
f 1062 1063 1191
f 1062 1191 1190
f 1063 1064 1192
f 1063 1192 1191
f 1064 1065 1193
f 1064 1193 1192
f 1065 1066 1194
f 1065 1194 1193
f 1066 1067 1195
f 1066 1195 1194
f 1067 1068 1196
f 1067 1196 1195
f 1068 1069 1197
f 1068 1197 1196
f 1069 1070 1198
f 1069 1198 1197
f 1070 1071 1199
f 1070 1199 1198
f 1071 1072 1200
f 1071 1200 1199
f 1072 1073 1201
f 1072 1201 1200
f 1073 1074 1202
f 1073 1202 1201
f 1074 1075 1203
f 1074 1203 1202
f 1075 1076 1204
f 1075 1204 1203
f 1076 1077 1205
f 1076 1205 1204
f 1077 1078 1206
f 1077 1206 1205
f 1078 1079 1207
f 1078 1207 1206
f 1079 1080 1208
f 1079 1208 1207
f 1080 1081 1209
f 1080 1209 1208
f 1081 1082 1210
f 1081 1210 1209
f 1082 1083 1211
f 1082 1211 1210
f 1083 1084 1212
f 1083 1212 1211
f 1084 1085 1213
f 1084 1213 1212
f 1085 1086 1214
f 1085 1214 1213
f 1086 1087 1215
f 1086 1215 1214
f 1087 1088 1216
f 1087 1216 1215
f 1088 1089 1217
f 1088 1217 1216
f 1089 1090 1218
f 1089 1218 1217
f 1090 1091 1219
f 1090 1219 1218
f 1091 1092 1220
f 1091 1220 1219
f 1092 1093 1221
f 1092 1221 1220
f 1093 1094 1222
f 1093 1222 1221
f 1094 1095 1223
f 1094 1223 1222
f 1095 1096 1224
f 1095 1224 1223
f 1096 1097 1225
f 1096 1225 1224
f 1097 1098 1226
f 1097 1226 1225
f 1098 1099 1227
f 1098 1227 1226
f 1099 1100 1228
f 1099 1228 1227
f 1100 1101 1229
f 1100 1229 1228
f 1101 1102 1230
f 1101 1230 1229
f 1102 1103 1231
f 1102 1231 1230
f 1103 1104 1232
f 1103 1232 1231
f 1104 1105 1233
f 1104 1233 1232
f 1105 1106 1234
f 1105 1234 1233
f 1106 1107 1235
f 1106 1235 1234
f 1107 1108 1236
f 1107 1236 1235
f 1108 1109 1237
f 1108 1237 1236
f 1109 1110 1238
f 1109 1238 1237
f 1110 1111 1239
f 1110 1239 1238
f 1111 1112 1240
f 1111 1240 1239
f 1112 1113 1241
f 1112 1241 1240
f 1113 1114 1242
f 1113 1242 1241
f 1114 1115 1243
f 1114 1243 1242
f 1115 1116 1244
f 1115 1244 1243
f 1116 1117 1245
f 1116 1245 1244
f 1117 1118 1246
f 1117 1246 1245
f 1118 1119 1247
f 1118 1247 1246
f 1119 1120 1248
f 1119 1248 1247
f 1120 1121 1249
f 1120 1249 1248
f 1121 1122 1250
f 1121 1250 1249
f 1122 1123 1251
f 1122 1251 1250
f 1123 1124 1252
f 1123 1252 1251
f 1124 1125 1253
f 1124 1253 1252
f 1125 1126 1254
f 1125 1254 1253
f 1126 1127 1255
f 1126 1255 1254
f 1127 1128 1256
f 1127 1256 1255
f 1128 1129 1257
f 1128 1257 1256
f 1129 1130 1258
f 1129 1258 1257
f 1130 1131 1259
f 1130 1259 1258
f 1131 1132 1260
f 1131 1260 1259
f 1132 1133 1261
f 1132 1261 1260
f 1133 1134 1262
f 1133 1262 1261
f 1134 1135 1263
f 1134 1263 1262
f 1135 1136 1264
f 1135 1264 1263
f 1136 1137 1265
f 1136 1265 1264
f 1137 1138 1266
f 1137 1266 1265
f 1138 1139 1267
f 1138 1267 1266
f 1139 1140 1268
f 1139 1268 1267
f 1140 1141 1269
f 1140 1269 1268
f 1141 1142 1270
f 1141 1270 1269
f 1142 1143 1271
f 1142 1271 1270
f 1143 1144 1272
f 1143 1272 1271
f 1144 1145 1273
f 1144 1273 1272
f 1145 1146 1274
f 1145 1274 1273
f 1146 1147 1275
f 1146 1275 1274
f 1147 1148 1276
f 1147 1276 1275
f 1148 1149 1277
f 1148 1277 1276
f 1149 1150 1278
f 1149 1278 1277
f 1150 1151 1279
f 1150 1279 1278
f 1151 1152 1280
f 1151 1280 1279
f 1152 1025 1153
f 1152 1153 1280
f 1153 1154 1282
f 1153 1282 1281
f 1154 1155 1283
f 1154 1283 1282
f 1155 1156 1284
f 1155 1284 1283
f 1156 1157 1285
f 1156 1285 1284
f 1157 1158 1286
f 1157 1286 1285
f 1158 1159 1287
f 1158 1287 1286
f 1159 1160 1288
f 1159 1288 1287
f 1160 1161 1289
f 1160 1289 1288
f 1161 1162 1290
f 1161 1290 1289
f 1162 1163 1291
f 1162 1291 1290
f 1163 1164 1292
f 1163 1292 1291
f 1164 1165 1293
f 1164 1293 1292
f 1165 1166 1294
f 1165 1294 1293
f 1166 1167 1295
f 1166 1295 1294
f 1167 1168 1296
f 1167 1296 1295
f 1168 1169 1297
f 1168 1297 1296
f 1169 1170 1298
f 1169 1298 1297
f 1170 1171 1299
f 1170 1299 1298
f 1171 1172 1300
f 1171 1300 1299
f 1172 1173 1301
f 1172 1301 1300
f 1173 1174 1302
f 1173 1302 1301
f 1174 1175 1303
f 1174 1303 1302
f 1175 1176 1304
f 1175 1304 1303
f 1176 1177 1305
f 1176 1305 1304
f 1177 1178 1306
f 1177 1306 1305
f 1178 1179 1307
f 1178 1307 1306
f 1179 1180 1308
f 1179 1308 1307
f 1180 1181 1309
f 1180 1309 1308
f 1181 1182 1310
f 1181 1310 1309
f 1182 1183 1311
f 1182 1311 1310
f 1183 1184 1312
f 1183 1312 1311
f 1184 1185 1313
f 1184 1313 1312
f 1185 1186 1314
f 1185 1314 1313
f 1186 1187 1315
f 1186 1315 1314
f 1187 1188 1316
f 1187 1316 1315
f 1188 1189 1317
f 1188 1317 1316
f 1189 1190 1318
f 1189 1318 1317
f 1190 1191 1319
f 1190 1319 1318
f 1191 1192 1320
f 1191 1320 1319
f 1192 1193 1321
f 1192 1321 1320
f 1193 1194 1322
f 1193 1322 1321
f 1194 1195 1323
f 1194 1323 1322
f 1195 1196 1324
f 1195 1324 1323
f 1196 1197 1325
f 1196 1325 1324
f 1197 1198 1326
f 1197 1326 1325
f 1198 1199 1327
f 1198 1327 1326
f 1199 1200 1328
f 1199 1328 1327
f 1200 1201 1329
f 1200 1329 1328
f 1201 1202 1330
f 1201 1330 1329
f 1202 1203 1331
f 1202 1331 1330
f 1203 1204 1332
f 1203 1332 1331
f 1204 1205 1333
f 1204 1333 1332
f 1205 1206 1334
f 1205 1334 1333
f 1206 1207 1335
f 1206 1335 1334
f 1207 1208 1336
f 1207 1336 1335
f 1208 1209 1337
f 1208 1337 1336
f 1209 1210 1338
f 1209 1338 1337
f 1210 1211 1339
f 1210 1339 1338
f 1211 1212 1340
f 1211 1340 1339
f 1212 1213 1341
f 1212 1341 1340
f 1213 1214 1342
f 1213 1342 1341
f 1214 1215 1343
f 1214 1343 1342
f 1215 1216 1344
f 1215 1344 1343
f 1216 1217 1345
f 1216 1345 1344
f 1217 1218 1346
f 1217 1346 1345
f 1218 1219 1347
f 1218 1347 1346
f 1219 1220 1348
f 1219 1348 1347
f 1220 1221 1349
f 1220 1349 1348
f 1221 1222 1350
f 1221 1350 1349
f 1222 1223 1351
f 1222 1351 1350
f 1223 1224 1352
f 1223 1352 1351
f 1224 1225 1353
f 1224 1353 1352
f 1225 1226 1354
f 1225 1354 1353
f 1226 1227 1355
f 1226 1355 1354
f 1227 1228 1356
f 1227 1356 1355
f 1228 1229 1357
f 1228 1357 1356
f 1229 1230 1358
f 1229 1358 1357
f 1230 1231 1359
f 1230 1359 1358
f 1231 1232 1360
f 1231 1360 1359
f 1232 1233 1361
f 1232 1361 1360
f 1233 1234 1362
f 1233 1362 1361
f 1234 1235 1363
f 1234 1363 1362
f 1235 1236 1364
f 1235 1364 1363
f 1236 1237 1365
f 1236 1365 1364
f 1237 1238 1366
f 1237 1366 1365
f 1238 1239 1367
f 1238 1367 1366
f 1239 1240 1368
f 1239 1368 1367
f 1240 1241 1369
f 1240 1369 1368
f 1241 1242 1370
f 1241 1370 1369
f 1242 1243 1371
f 1242 1371 1370
f 1243 1244 1372
f 1243 1372 1371
f 1244 1245 1373
f 1244 1373 1372
f 1245 1246 1374
f 1245 1374 1373
f 1246 1247 1375
f 1246 1375 1374
f 1247 1248 1376
f 1247 1376 1375
f 1248 1249 1377
f 1248 1377 1376
f 1249 1250 1378
f 1249 1378 1377
f 1250 1251 1379
f 1250 1379 1378
f 1251 1252 1380
f 1251 1380 1379
f 1252 1253 1381
f 1252 1381 1380
f 1253 1254 1382
f 1253 1382 1381
f 1254 1255 1383
f 1254 1383 1382
f 1255 1256 1384
f 1255 1384 1383
f 1256 1257 1385
f 1256 1385 1384
f 1257 1258 1386
f 1257 1386 1385
f 1258 1259 1387
f 1258 1387 1386
f 1259 1260 1388
f 1259 1388 1387
f 1260 1261 1389
f 1260 1389 1388
f 1261 1262 1390
f 1261 1390 1389
f 1262 1263 1391
f 1262 1391 1390
f 1263 1264 1392
f 1263 1392 1391
f 1264 1265 1393
f 1264 1393 1392
f 1265 1266 1394
f 1265 1394 1393
f 1266 1267 1395
f 1266 1395 1394
f 1267 1268 1396
f 1267 1396 1395
f 1268 1269 1397
f 1268 1397 1396
f 1269 1270 1398
f 1269 1398 1397
f 1270 1271 1399
f 1270 1399 1398
f 1271 1272 1400
f 1271 1400 1399
f 1272 1273 1401
f 1272 1401 1400
f 1273 1274 1402
f 1273 1402 1401
f 1274 1275 1403
f 1274 1403 1402
f 1275 1276 1404
f 1275 1404 1403
f 1276 1277 1405
f 1276 1405 1404
f 1277 1278 1406
f 1277 1406 1405
f 1278 1279 1407
f 1278 1407 1406
f 1279 1280 1408
f 1279 1408 1407
f 1280 1153 1281
f 1280 1281 1408
f 1281 1282 1410
f 1281 1410 1409
f 1282 1283 1411
f 1282 1411 1410
f 1283 1284 1412
f 1283 1412 1411
f 1284 1285 1413
f 1284 1413 1412
f 1285 1286 1414
f 1285 1414 1413
f 1286 1287 1415
f 1286 1415 1414
f 1287 1288 1416
f 1287 1416 1415
f 1288 1289 1417
f 1288 1417 1416
f 1289 1290 1418
f 1289 1418 1417
f 1290 1291 1419
f 1290 1419 1418
f 1291 1292 1420
f 1291 1420 1419
f 1292 1293 1421
f 1292 1421 1420
f 1293 1294 1422
f 1293 1422 1421
f 1294 1295 1423
f 1294 1423 1422
f 1295 1296 1424
f 1295 1424 1423
f 1296 1297 1425
f 1296 1425 1424
f 1297 1298 1426
f 1297 1426 1425
f 1298 1299 1427
f 1298 1427 1426
f 1299 1300 1428
f 1299 1428 1427
f 1300 1301 1429
f 1300 1429 1428
f 1301 1302 1430
f 1301 1430 1429
f 1302 1303 1431
f 1302 1431 1430
f 1303 1304 1432
f 1303 1432 1431
f 1304 1305 1433
f 1304 1433 1432
f 1305 1306 1434
f 1305 1434 1433
f 1306 1307 1435
f 1306 1435 1434
f 1307 1308 1436
f 1307 1436 1435
f 1308 1309 1437
f 1308 1437 1436
f 1309 1310 1438
f 1309 1438 1437
f 1310 1311 1439
f 1310 1439 1438
f 1311 1312 1440
f 1311 1440 1439
f 1312 1313 1441
f 1312 1441 1440
f 1313 1314 1442
f 1313 1442 1441
f 1314 1315 1443
f 1314 1443 1442
f 1315 1316 1444
f 1315 1444 1443
f 1316 1317 1445
f 1316 1445 1444
f 1317 1318 1446
f 1317 1446 1445
f 1318 1319 1447
f 1318 1447 1446
f 1319 1320 1448
f 1319 1448 1447
f 1320 1321 1449
f 1320 1449 1448
f 1321 1322 1450
f 1321 1450 1449
f 1322 1323 1451
f 1322 1451 1450
f 1323 1324 1452
f 1323 1452 1451
f 1324 1325 1453
f 1324 1453 1452
f 1325 1326 1454
f 1325 1454 1453
f 1326 1327 1455
f 1326 1455 1454
f 1327 1328 1456
f 1327 1456 1455
f 1328 1329 1457
f 1328 1457 1456
f 1329 1330 1458
f 1329 1458 1457
f 1330 1331 1459
f 1330 1459 1458
f 1331 1332 1460
f 1331 1460 1459
f 1332 1333 1461
f 1332 1461 1460
f 1333 1334 1462
f 1333 1462 1461
f 1334 1335 1463
f 1334 1463 1462
f 1335 1336 1464
f 1335 1464 1463
f 1336 1337 1465
f 1336 1465 1464
f 1337 1338 1466
f 1337 1466 1465
f 1338 1339 1467
f 1338 1467 1466
f 1339 1340 1468
f 1339 1468 1467
f 1340 1341 1469
f 1340 1469 1468
f 1341 1342 1470
f 1341 1470 1469
f 1342 1343 1471
f 1342 1471 1470
f 1343 1344 1472
f 1343 1472 1471
f 1344 1345 1473
f 1344 1473 1472
f 1345 1346 1474
f 1345 1474 1473
f 1346 1347 1475
f 1346 1475 1474
f 1347 1348 1476
f 1347 1476 1475
f 1348 1349 1477
f 1348 1477 1476
f 1349 1350 1478
f 1349 1478 1477
f 1350 1351 1479
f 1350 1479 1478
f 1351 1352 1480
f 1351 1480 1479
f 1352 1353 1481
f 1352 1481 1480
f 1353 1354 1482
f 1353 1482 1481
f 1354 1355 1483
f 1354 1483 1482
f 1355 1356 1484
f 1355 1484 1483
f 1356 1357 1485
f 1356 1485 1484
f 1357 1358 1486
f 1357 1486 1485
f 1358 1359 1487
f 1358 1487 1486
f 1359 1360 1488
f 1359 1488 1487
f 1360 1361 1489
f 1360 1489 1488
f 1361 1362 1490
f 1361 1490 1489
f 1362 1363 1491
f 1362 1491 1490
f 1363 1364 1492
f 1363 1492 1491
f 1364 1365 1493
f 1364 1493 1492
f 1365 1366 1494
f 1365 1494 1493
f 1366 1367 1495
f 1366 1495 1494
f 1367 1368 1496
f 1367 1496 1495
f 1368 1369 1497
f 1368 1497 1496
f 1369 1370 1498
f 1369 1498 1497
f 1370 1371 1499
f 1370 1499 1498
f 1371 1372 1500
f 1371 1500 1499
f 1372 1373 1501
f 1372 1501 1500
f 1373 1374 1502
f 1373 1502 1501
f 1374 1375 1503
f 1374 1503 1502
f 1375 1376 1504
f 1375 1504 1503
f 1376 1377 1505
f 1376 1505 1504
f 1377 1378 1506
f 1377 1506 1505
f 1378 1379 1507
f 1378 1507 1506
f 1379 1380 1508
f 1379 1508 1507
f 1380 1381 1509
f 1380 1509 1508
f 1381 1382 1510
f 1381 1510 1509
f 1382 1383 1511
f 1382 1511 1510
f 1383 1384 1512
f 1383 1512 1511
f 1384 1385 1513
f 1384 1513 1512
f 1385 1386 1514
f 1385 1514 1513
f 1386 1387 1515
f 1386 1515 1514
f 1387 1388 1516
f 1387 1516 1515
f 1388 1389 1517
f 1388 1517 1516
f 1389 1390 1518
f 1389 1518 1517
f 1390 1391 1519
f 1390 1519 1518
f 1391 1392 1520
f 1391 1520 1519
f 1392 1393 1521
f 1392 1521 1520
f 1393 1394 1522
f 1393 1522 1521
f 1394 1395 1523
f 1394 1523 1522
f 1395 1396 1524
f 1395 1524 1523
f 1396 1397 1525
f 1396 1525 1524
f 1397 1398 1526
f 1397 1526 1525
f 1398 1399 1527
f 1398 1527 1526
f 1399 1400 1528
f 1399 1528 1527
f 1400 1401 1529
f 1400 1529 1528
f 1401 1402 1530
f 1401 1530 1529
f 1402 1403 1531
f 1402 1531 1530
f 1403 1404 1532
f 1403 1532 1531
f 1404 1405 1533
f 1404 1533 1532
f 1405 1406 1534
f 1405 1534 1533
f 1406 1407 1535
f 1406 1535 1534
f 1407 1408 1536
f 1407 1536 1535
f 1408 1281 1409
f 1408 1409 1536
f 1409 1410 1538
f 1409 1538 1537
f 1410 1411 1539
f 1410 1539 1538
f 1411 1412 1540
f 1411 1540 1539
f 1412 1413 1541
f 1412 1541 1540
f 1413 1414 1542
f 1413 1542 1541
f 1414 1415 1543
f 1414 1543 1542
f 1415 1416 1544
f 1415 1544 1543
f 1416 1417 1545
f 1416 1545 1544
f 1417 1418 1546
f 1417 1546 1545
f 1418 1419 1547
f 1418 1547 1546
f 1419 1420 1548
f 1419 1548 1547
f 1420 1421 1549
f 1420 1549 1548
f 1421 1422 1550
f 1421 1550 1549
f 1422 1423 1551
f 1422 1551 1550
f 1423 1424 1552
f 1423 1552 1551
f 1424 1425 1553
f 1424 1553 1552
f 1425 1426 1554
f 1425 1554 1553
f 1426 1427 1555
f 1426 1555 1554
f 1427 1428 1556
f 1427 1556 1555
f 1428 1429 1557
f 1428 1557 1556
f 1429 1430 1558
f 1429 1558 1557
f 1430 1431 1559
f 1430 1559 1558
f 1431 1432 1560
f 1431 1560 1559
f 1432 1433 1561
f 1432 1561 1560
f 1433 1434 1562
f 1433 1562 1561
f 1434 1435 1563
f 1434 1563 1562
f 1435 1436 1564
f 1435 1564 1563
f 1436 1437 1565
f 1436 1565 1564
f 1437 1438 1566
f 1437 1566 1565
f 1438 1439 1567
f 1438 1567 1566
f 1439 1440 1568
f 1439 1568 1567
f 1440 1441 1569
f 1440 1569 1568
f 1441 1442 1570
f 1441 1570 1569
f 1442 1443 1571
f 1442 1571 1570
f 1443 1444 1572
f 1443 1572 1571
f 1444 1445 1573
f 1444 1573 1572
f 1445 1446 1574
f 1445 1574 1573
f 1446 1447 1575
f 1446 1575 1574
f 1447 1448 1576
f 1447 1576 1575
f 1448 1449 1577
f 1448 1577 1576
f 1449 1450 1578
f 1449 1578 1577
f 1450 1451 1579
f 1450 1579 1578
f 1451 1452 1580
f 1451 1580 1579
f 1452 1453 1581
f 1452 1581 1580
f 1453 1454 1582
f 1453 1582 1581
f 1454 1455 1583
f 1454 1583 1582
f 1455 1456 1584
f 1455 1584 1583
f 1456 1457 1585
f 1456 1585 1584
f 1457 1458 1586
f 1457 1586 1585
f 1458 1459 1587
f 1458 1587 1586
f 1459 1460 1588
f 1459 1588 1587
f 1460 1461 1589
f 1460 1589 1588
f 1461 1462 1590
f 1461 1590 1589
f 1462 1463 1591
f 1462 1591 1590
f 1463 1464 1592
f 1463 1592 1591
f 1464 1465 1593
f 1464 1593 1592
f 1465 1466 1594
f 1465 1594 1593
f 1466 1467 1595
f 1466 1595 1594
f 1467 1468 1596
f 1467 1596 1595
f 1468 1469 1597
f 1468 1597 1596
f 1469 1470 1598
f 1469 1598 1597
f 1470 1471 1599
f 1470 1599 1598
f 1471 1472 1600
f 1471 1600 1599
f 1472 1473 1601
f 1472 1601 1600
f 1473 1474 1602
f 1473 1602 1601
f 1474 1475 1603
f 1474 1603 1602
f 1475 1476 1604
f 1475 1604 1603
f 1476 1477 1605
f 1476 1605 1604
f 1477 1478 1606
f 1477 1606 1605
f 1478 1479 1607
f 1478 1607 1606
f 1479 1480 1608
f 1479 1608 1607
f 1480 1481 1609
f 1480 1609 1608
f 1481 1482 1610
f 1481 1610 1609
f 1482 1483 1611
f 1482 1611 1610
f 1483 1484 1612
f 1483 1612 1611
f 1484 1485 1613
f 1484 1613 1612
f 1485 1486 1614
f 1485 1614 1613
f 1486 1487 1615
f 1486 1615 1614
f 1487 1488 1616
f 1487 1616 1615
f 1488 1489 1617
f 1488 1617 1616
f 1489 1490 1618
f 1489 1618 1617
f 1490 1491 1619
f 1490 1619 1618
f 1491 1492 1620
f 1491 1620 1619
f 1492 1493 1621
f 1492 1621 1620
f 1493 1494 1622
f 1493 1622 1621
f 1494 1495 1623
f 1494 1623 1622
f 1495 1496 1624
f 1495 1624 1623
f 1496 1497 1625
f 1496 1625 1624
f 1497 1498 1626
f 1497 1626 1625
f 1498 1499 1627
f 1498 1627 1626
f 1499 1500 1628
f 1499 1628 1627
f 1500 1501 1629
f 1500 1629 1628
f 1501 1502 1630
f 1501 1630 1629
f 1502 1503 1631
f 1502 1631 1630
f 1503 1504 1632
f 1503 1632 1631
f 1504 1505 1633
f 1504 1633 1632
f 1505 1506 1634
f 1505 1634 1633
f 1506 1507 1635
f 1506 1635 1634
f 1507 1508 1636
f 1507 1636 1635
f 1508 1509 1637
f 1508 1637 1636
f 1509 1510 1638
f 1509 1638 1637
f 1510 1511 1639
f 1510 1639 1638
f 1511 1512 1640
f 1511 1640 1639
f 1512 1513 1641
f 1512 1641 1640
f 1513 1514 1642
f 1513 1642 1641
f 1514 1515 1643
f 1514 1643 1642
f 1515 1516 1644
f 1515 1644 1643
f 1516 1517 1645
f 1516 1645 1644
f 1517 1518 1646
f 1517 1646 1645
f 1518 1519 1647
f 1518 1647 1646
f 1519 1520 1648
f 1519 1648 1647
f 1520 1521 1649
f 1520 1649 1648
f 1521 1522 1650
f 1521 1650 1649
f 1522 1523 1651
f 1522 1651 1650
f 1523 1524 1652
f 1523 1652 1651
f 1524 1525 1653
f 1524 1653 1652
f 1525 1526 1654
f 1525 1654 1653
f 1526 1527 1655
f 1526 1655 1654
f 1527 1528 1656
f 1527 1656 1655
f 1528 1529 1657
f 1528 1657 1656
f 1529 1530 1658
f 1529 1658 1657
f 1530 1531 1659
f 1530 1659 1658
f 1531 1532 1660
f 1531 1660 1659
f 1532 1533 1661
f 1532 1661 1660
f 1533 1534 1662
f 1533 1662 1661
f 1534 1535 1663
f 1534 1663 1662
f 1535 1536 1664
f 1535 1664 1663
f 1536 1409 1537
f 1536 1537 1664
f 1537 1538 1666
f 1537 1666 1665
f 1538 1539 1667
f 1538 1667 1666
f 1539 1540 1668
f 1539 1668 1667
f 1540 1541 1669
f 1540 1669 1668
f 1541 1542 1670
f 1541 1670 1669
f 1542 1543 1671
f 1542 1671 1670
f 1543 1544 1672
f 1543 1672 1671
f 1544 1545 1673
f 1544 1673 1672
f 1545 1546 1674
f 1545 1674 1673
f 1546 1547 1675
f 1546 1675 1674
f 1547 1548 1676
f 1547 1676 1675
f 1548 1549 1677
f 1548 1677 1676
f 1549 1550 1678
f 1549 1678 1677
f 1550 1551 1679
f 1550 1679 1678
f 1551 1552 1680
f 1551 1680 1679
f 1552 1553 1681
f 1552 1681 1680
f 1553 1554 1682
f 1553 1682 1681
f 1554 1555 1683
f 1554 1683 1682
f 1555 1556 1684
f 1555 1684 1683
f 1556 1557 1685
f 1556 1685 1684
f 1557 1558 1686
f 1557 1686 1685
f 1558 1559 1687
f 1558 1687 1686
f 1559 1560 1688
f 1559 1688 1687
f 1560 1561 1689
f 1560 1689 1688
f 1561 1562 1690
f 1561 1690 1689
f 1562 1563 1691
f 1562 1691 1690
f 1563 1564 1692
f 1563 1692 1691
f 1564 1565 1693
f 1564 1693 1692
f 1565 1566 1694
f 1565 1694 1693
f 1566 1567 1695
f 1566 1695 1694
f 1567 1568 1696
f 1567 1696 1695
f 1568 1569 1697
f 1568 1697 1696
f 1569 1570 1698
f 1569 1698 1697
f 1570 1571 1699
f 1570 1699 1698
f 1571 1572 1700
f 1571 1700 1699
f 1572 1573 1701
f 1572 1701 1700
f 1573 1574 1702
f 1573 1702 1701
f 1574 1575 1703
f 1574 1703 1702
f 1575 1576 1704
f 1575 1704 1703
f 1576 1577 1705
f 1576 1705 1704
f 1577 1578 1706
f 1577 1706 1705
f 1578 1579 1707
f 1578 1707 1706
f 1579 1580 1708
f 1579 1708 1707
f 1580 1581 1709
f 1580 1709 1708
f 1581 1582 1710
f 1581 1710 1709
f 1582 1583 1711
f 1582 1711 1710
f 1583 1584 1712
f 1583 1712 1711
f 1584 1585 1713
f 1584 1713 1712
f 1585 1586 1714
f 1585 1714 1713
f 1586 1587 1715
f 1586 1715 1714
f 1587 1588 1716
f 1587 1716 1715
f 1588 1589 1717
f 1588 1717 1716
f 1589 1590 1718
f 1589 1718 1717
f 1590 1591 1719
f 1590 1719 1718
f 1591 1592 1720
f 1591 1720 1719
f 1592 1593 1721
f 1592 1721 1720
f 1593 1594 1722
f 1593 1722 1721
f 1594 1595 1723
f 1594 1723 1722
f 1595 1596 1724
f 1595 1724 1723
f 1596 1597 1725
f 1596 1725 1724
f 1597 1598 1726
f 1597 1726 1725
f 1598 1599 1727
f 1598 1727 1726
f 1599 1600 1728
f 1599 1728 1727
f 1600 1601 1729
f 1600 1729 1728
f 1601 1602 1730
f 1601 1730 1729
f 1602 1603 1731
f 1602 1731 1730
f 1603 1604 1732
f 1603 1732 1731
f 1604 1605 1733
f 1604 1733 1732
f 1605 1606 1734
f 1605 1734 1733
f 1606 1607 1735
f 1606 1735 1734
f 1607 1608 1736
f 1607 1736 1735
f 1608 1609 1737
f 1608 1737 1736
f 1609 1610 1738
f 1609 1738 1737
f 1610 1611 1739
f 1610 1739 1738
f 1611 1612 1740
f 1611 1740 1739
f 1612 1613 1741
f 1612 1741 1740
f 1613 1614 1742
f 1613 1742 1741
f 1614 1615 1743
f 1614 1743 1742
f 1615 1616 1744
f 1615 1744 1743
f 1616 1617 1745
f 1616 1745 1744
f 1617 1618 1746
f 1617 1746 1745
f 1618 1619 1747
f 1618 1747 1746
f 1619 1620 1748
f 1619 1748 1747
f 1620 1621 1749
f 1620 1749 1748
f 1621 1622 1750
f 1621 1750 1749
f 1622 1623 1751
f 1622 1751 1750
f 1623 1624 1752
f 1623 1752 1751
f 1624 1625 1753
f 1624 1753 1752
f 1625 1626 1754
f 1625 1754 1753
f 1626 1627 1755
f 1626 1755 1754
f 1627 1628 1756
f 1627 1756 1755
f 1628 1629 1757
f 1628 1757 1756
f 1629 1630 1758
f 1629 1758 1757
f 1630 1631 1759
f 1630 1759 1758
f 1631 1632 1760
f 1631 1760 1759
f 1632 1633 1761
f 1632 1761 1760
f 1633 1634 1762
f 1633 1762 1761
f 1634 1635 1763
f 1634 1763 1762
f 1635 1636 1764
f 1635 1764 1763
f 1636 1637 1765
f 1636 1765 1764
f 1637 1638 1766
f 1637 1766 1765
f 1638 1639 1767
f 1638 1767 1766
f 1639 1640 1768
f 1639 1768 1767
f 1640 1641 1769
f 1640 1769 1768
f 1641 1642 1770
f 1641 1770 1769
f 1642 1643 1771
f 1642 1771 1770
f 1643 1644 1772
f 1643 1772 1771
f 1644 1645 1773
f 1644 1773 1772
f 1645 1646 1774
f 1645 1774 1773
f 1646 1647 1775
f 1646 1775 1774
f 1647 1648 1776
f 1647 1776 1775
f 1648 1649 1777
f 1648 1777 1776
f 1649 1650 1778
f 1649 1778 1777
f 1650 1651 1779
f 1650 1779 1778
f 1651 1652 1780
f 1651 1780 1779
f 1652 1653 1781
f 1652 1781 1780
f 1653 1654 1782
f 1653 1782 1781
f 1654 1655 1783
f 1654 1783 1782
f 1655 1656 1784
f 1655 1784 1783
f 1656 1657 1785
f 1656 1785 1784
f 1657 1658 1786
f 1657 1786 1785
f 1658 1659 1787
f 1658 1787 1786
f 1659 1660 1788
f 1659 1788 1787
f 1660 1661 1789
f 1660 1789 1788
f 1661 1662 1790
f 1661 1790 1789
f 1662 1663 1791
f 1662 1791 1790
f 1663 1664 1792
f 1663 1792 1791
f 1664 1537 1665
f 1664 1665 1792
f 1665 1666 1794
f 1665 1794 1793
f 1666 1667 1795
f 1666 1795 1794
f 1667 1668 1796
f 1667 1796 1795
f 1668 1669 1797
f 1668 1797 1796
f 1669 1670 1798
f 1669 1798 1797
f 1670 1671 1799
f 1670 1799 1798
f 1671 1672 1800
f 1671 1800 1799
f 1672 1673 1801
f 1672 1801 1800
f 1673 1674 1802
f 1673 1802 1801
f 1674 1675 1803
f 1674 1803 1802
f 1675 1676 1804
f 1675 1804 1803
f 1676 1677 1805
f 1676 1805 1804
f 1677 1678 1806
f 1677 1806 1805
f 1678 1679 1807
f 1678 1807 1806
f 1679 1680 1808
f 1679 1808 1807
f 1680 1681 1809
f 1680 1809 1808
f 1681 1682 1810
f 1681 1810 1809
f 1682 1683 1811
f 1682 1811 1810
f 1683 1684 1812
f 1683 1812 1811
f 1684 1685 1813
f 1684 1813 1812
f 1685 1686 1814
f 1685 1814 1813
f 1686 1687 1815
f 1686 1815 1814
f 1687 1688 1816
f 1687 1816 1815
f 1688 1689 1817
f 1688 1817 1816
f 1689 1690 1818
f 1689 1818 1817
f 1690 1691 1819
f 1690 1819 1818
f 1691 1692 1820
f 1691 1820 1819
f 1692 1693 1821
f 1692 1821 1820
f 1693 1694 1822
f 1693 1822 1821
f 1694 1695 1823
f 1694 1823 1822
f 1695 1696 1824
f 1695 1824 1823
f 1696 1697 1825
f 1696 1825 1824
f 1697 1698 1826
f 1697 1826 1825
f 1698 1699 1827
f 1698 1827 1826
f 1699 1700 1828
f 1699 1828 1827
f 1700 1701 1829
f 1700 1829 1828
f 1701 1702 1830
f 1701 1830 1829
f 1702 1703 1831
f 1702 1831 1830
f 1703 1704 1832
f 1703 1832 1831
f 1704 1705 1833
f 1704 1833 1832
f 1705 1706 1834
f 1705 1834 1833
f 1706 1707 1835
f 1706 1835 1834
f 1707 1708 1836
f 1707 1836 1835
f 1708 1709 1837
f 1708 1837 1836
f 1709 1710 1838
f 1709 1838 1837
f 1710 1711 1839
f 1710 1839 1838
f 1711 1712 1840
f 1711 1840 1839
f 1712 1713 1841
f 1712 1841 1840
f 1713 1714 1842
f 1713 1842 1841
f 1714 1715 1843
f 1714 1843 1842
f 1715 1716 1844
f 1715 1844 1843
f 1716 1717 1845
f 1716 1845 1844
f 1717 1718 1846
f 1717 1846 1845
f 1718 1719 1847
f 1718 1847 1846
f 1719 1720 1848
f 1719 1848 1847
f 1720 1721 1849
f 1720 1849 1848
f 1721 1722 1850
f 1721 1850 1849
f 1722 1723 1851
f 1722 1851 1850
f 1723 1724 1852
f 1723 1852 1851
f 1724 1725 1853
f 1724 1853 1852
f 1725 1726 1854
f 1725 1854 1853
f 1726 1727 1855
f 1726 1855 1854
f 1727 1728 1856
f 1727 1856 1855
f 1728 1729 1857
f 1728 1857 1856
f 1729 1730 1858
f 1729 1858 1857
f 1730 1731 1859
f 1730 1859 1858
f 1731 1732 1860
f 1731 1860 1859
f 1732 1733 1861
f 1732 1861 1860
f 1733 1734 1862
f 1733 1862 1861
f 1734 1735 1863
f 1734 1863 1862
f 1735 1736 1864
f 1735 1864 1863
f 1736 1737 1865
f 1736 1865 1864
f 1737 1738 1866
f 1737 1866 1865
f 1738 1739 1867
f 1738 1867 1866
f 1739 1740 1868
f 1739 1868 1867
f 1740 1741 1869
f 1740 1869 1868
f 1741 1742 1870
f 1741 1870 1869
f 1742 1743 1871
f 1742 1871 1870
f 1743 1744 1872
f 1743 1872 1871
f 1744 1745 1873
f 1744 1873 1872
f 1745 1746 1874
f 1745 1874 1873
f 1746 1747 1875
f 1746 1875 1874
f 1747 1748 1876
f 1747 1876 1875
f 1748 1749 1877
f 1748 1877 1876
f 1749 1750 1878
f 1749 1878 1877
f 1750 1751 1879
f 1750 1879 1878
f 1751 1752 1880
f 1751 1880 1879
f 1752 1753 1881
f 1752 1881 1880
f 1753 1754 1882
f 1753 1882 1881
f 1754 1755 1883
f 1754 1883 1882
f 1755 1756 1884
f 1755 1884 1883
f 1756 1757 1885
f 1756 1885 1884
f 1757 1758 1886
f 1757 1886 1885
f 1758 1759 1887
f 1758 1887 1886
f 1759 1760 1888
f 1759 1888 1887
f 1760 1761 1889
f 1760 1889 1888
f 1761 1762 1890
f 1761 1890 1889
f 1762 1763 1891
f 1762 1891 1890
f 1763 1764 1892
f 1763 1892 1891
f 1764 1765 1893
f 1764 1893 1892
f 1765 1766 1894
f 1765 1894 1893
f 1766 1767 1895
f 1766 1895 1894
f 1767 1768 1896
f 1767 1896 1895
f 1768 1769 1897
f 1768 1897 1896
f 1769 1770 1898
f 1769 1898 1897
f 1770 1771 1899
f 1770 1899 1898
f 1771 1772 1900
f 1771 1900 1899
f 1772 1773 1901
f 1772 1901 1900
f 1773 1774 1902
f 1773 1902 1901
f 1774 1775 1903
f 1774 1903 1902
f 1775 1776 1904
f 1775 1904 1903
f 1776 1777 1905
f 1776 1905 1904
f 1777 1778 1906
f 1777 1906 1905
f 1778 1779 1907
f 1778 1907 1906
f 1779 1780 1908
f 1779 1908 1907
f 1780 1781 1909
f 1780 1909 1908
f 1781 1782 1910
f 1781 1910 1909
f 1782 1783 1911
f 1782 1911 1910
f 1783 1784 1912
f 1783 1912 1911
f 1784 1785 1913
f 1784 1913 1912
f 1785 1786 1914
f 1785 1914 1913
f 1786 1787 1915
f 1786 1915 1914
f 1787 1788 1916
f 1787 1916 1915
f 1788 1789 1917
f 1788 1917 1916
f 1789 1790 1918
f 1789 1918 1917
f 1790 1791 1919
f 1790 1919 1918
f 1791 1792 1920
f 1791 1920 1919
f 1792 1665 1793
f 1792 1793 1920
f 1793 1794 1922
f 1793 1922 1921
f 1794 1795 1923
f 1794 1923 1922
f 1795 1796 1924
f 1795 1924 1923
f 1796 1797 1925
f 1796 1925 1924
f 1797 1798 1926
f 1797 1926 1925
f 1798 1799 1927
f 1798 1927 1926
f 1799 1800 1928
f 1799 1928 1927
f 1800 1801 1929
f 1800 1929 1928
f 1801 1802 1930
f 1801 1930 1929
f 1802 1803 1931
f 1802 1931 1930
f 1803 1804 1932
f 1803 1932 1931
f 1804 1805 1933
f 1804 1933 1932
f 1805 1806 1934
f 1805 1934 1933
f 1806 1807 1935
f 1806 1935 1934
f 1807 1808 1936
f 1807 1936 1935
f 1808 1809 1937
f 1808 1937 1936
f 1809 1810 1938
f 1809 1938 1937
f 1810 1811 1939
f 1810 1939 1938
f 1811 1812 1940
f 1811 1940 1939
f 1812 1813 1941
f 1812 1941 1940
f 1813 1814 1942
f 1813 1942 1941
f 1814 1815 1943
f 1814 1943 1942
f 1815 1816 1944
f 1815 1944 1943
f 1816 1817 1945
f 1816 1945 1944
f 1817 1818 1946
f 1817 1946 1945
f 1818 1819 1947
f 1818 1947 1946
f 1819 1820 1948
f 1819 1948 1947
f 1820 1821 1949
f 1820 1949 1948
f 1821 1822 1950
f 1821 1950 1949
f 1822 1823 1951
f 1822 1951 1950
f 1823 1824 1952
f 1823 1952 1951
f 1824 1825 1953
f 1824 1953 1952
f 1825 1826 1954
f 1825 1954 1953
f 1826 1827 1955
f 1826 1955 1954
f 1827 1828 1956
f 1827 1956 1955
f 1828 1829 1957
f 1828 1957 1956
f 1829 1830 1958
f 1829 1958 1957
f 1830 1831 1959
f 1830 1959 1958
f 1831 1832 1960
f 1831 1960 1959
f 1832 1833 1961
f 1832 1961 1960
f 1833 1834 1962
f 1833 1962 1961
f 1834 1835 1963
f 1834 1963 1962
f 1835 1836 1964
f 1835 1964 1963
f 1836 1837 1965
f 1836 1965 1964
f 1837 1838 1966
f 1837 1966 1965
f 1838 1839 1967
f 1838 1967 1966
f 1839 1840 1968
f 1839 1968 1967
f 1840 1841 1969
f 1840 1969 1968
f 1841 1842 1970
f 1841 1970 1969
f 1842 1843 1971
f 1842 1971 1970
f 1843 1844 1972
f 1843 1972 1971
f 1844 1845 1973
f 1844 1973 1972
f 1845 1846 1974
f 1845 1974 1973
f 1846 1847 1975
f 1846 1975 1974
f 1847 1848 1976
f 1847 1976 1975
f 1848 1849 1977
f 1848 1977 1976
f 1849 1850 1978
f 1849 1978 1977
f 1850 1851 1979
f 1850 1979 1978
f 1851 1852 1980
f 1851 1980 1979
f 1852 1853 1981
f 1852 1981 1980
f 1853 1854 1982
f 1853 1982 1981
f 1854 1855 1983
f 1854 1983 1982
f 1855 1856 1984
f 1855 1984 1983
f 1856 1857 1985
f 1856 1985 1984
f 1857 1858 1986
f 1857 1986 1985
f 1858 1859 1987
f 1858 1987 1986
f 1859 1860 1988
f 1859 1988 1987
f 1860 1861 1989
f 1860 1989 1988
f 1861 1862 1990
f 1861 1990 1989
f 1862 1863 1991
f 1862 1991 1990
f 1863 1864 1992
f 1863 1992 1991
f 1864 1865 1993
f 1864 1993 1992
f 1865 1866 1994
f 1865 1994 1993
f 1866 1867 1995
f 1866 1995 1994
f 1867 1868 1996
f 1867 1996 1995
f 1868 1869 1997
f 1868 1997 1996
f 1869 1870 1998
f 1869 1998 1997
f 1870 1871 1999
f 1870 1999 1998
f 1871 1872 2000
f 1871 2000 1999
f 1872 1873 2001
f 1872 2001 2000
f 1873 1874 2002
f 1873 2002 2001
f 1874 1875 2003
f 1874 2003 2002
f 1875 1876 2004
f 1875 2004 2003
f 1876 1877 2005
f 1876 2005 2004
f 1877 1878 2006
f 1877 2006 2005
f 1878 1879 2007
f 1878 2007 2006
f 1879 1880 2008
f 1879 2008 2007
f 1880 1881 2009
f 1880 2009 2008
f 1881 1882 2010
f 1881 2010 2009
f 1882 1883 2011
f 1882 2011 2010
f 1883 1884 2012
f 1883 2012 2011
f 1884 1885 2013
f 1884 2013 2012
f 1885 1886 2014
f 1885 2014 2013
f 1886 1887 2015
f 1886 2015 2014
f 1887 1888 2016
f 1887 2016 2015
f 1888 1889 2017
f 1888 2017 2016
f 1889 1890 2018
f 1889 2018 2017
f 1890 1891 2019
f 1890 2019 2018
f 1891 1892 2020
f 1891 2020 2019
f 1892 1893 2021
f 1892 2021 2020
f 1893 1894 2022
f 1893 2022 2021
f 1894 1895 2023
f 1894 2023 2022
f 1895 1896 2024
f 1895 2024 2023
f 1896 1897 2025
f 1896 2025 2024
f 1897 1898 2026
f 1897 2026 2025
f 1898 1899 2027
f 1898 2027 2026
f 1899 1900 2028
f 1899 2028 2027
f 1900 1901 2029
f 1900 2029 2028
f 1901 1902 2030
f 1901 2030 2029
f 1902 1903 2031
f 1902 2031 2030
f 1903 1904 2032
f 1903 2032 2031
f 1904 1905 2033
f 1904 2033 2032
f 1905 1906 2034
f 1905 2034 2033
f 1906 1907 2035
f 1906 2035 2034
f 1907 1908 2036
f 1907 2036 2035
f 1908 1909 2037
f 1908 2037 2036
f 1909 1910 2038
f 1909 2038 2037
f 1910 1911 2039
f 1910 2039 2038
f 1911 1912 2040
f 1911 2040 2039
f 1912 1913 2041
f 1912 2041 2040
f 1913 1914 2042
f 1913 2042 2041
f 1914 1915 2043
f 1914 2043 2042
f 1915 1916 2044
f 1915 2044 2043
f 1916 1917 2045
f 1916 2045 2044
f 1917 1918 2046
f 1917 2046 2045
f 1918 1919 2047
f 1918 2047 2046
f 1919 1920 2048
f 1919 2048 2047
f 1920 1793 1921
f 1920 1921 2048
f 1921 1922 2050
f 1921 2050 2049
f 1922 1923 2051
f 1922 2051 2050
f 1923 1924 2052
f 1923 2052 2051
f 1924 1925 2053
f 1924 2053 2052
f 1925 1926 2054
f 1925 2054 2053
f 1926 1927 2055
f 1926 2055 2054
f 1927 1928 2056
f 1927 2056 2055
f 1928 1929 2057
f 1928 2057 2056
f 1929 1930 2058
f 1929 2058 2057
f 1930 1931 2059
f 1930 2059 2058
f 1931 1932 2060
f 1931 2060 2059
f 1932 1933 2061
f 1932 2061 2060
f 1933 1934 2062
f 1933 2062 2061
f 1934 1935 2063
f 1934 2063 2062
f 1935 1936 2064
f 1935 2064 2063
f 1936 1937 2065
f 1936 2065 2064
f 1937 1938 2066
f 1937 2066 2065
f 1938 1939 2067
f 1938 2067 2066
f 1939 1940 2068
f 1939 2068 2067
f 1940 1941 2069
f 1940 2069 2068
f 1941 1942 2070
f 1941 2070 2069
f 1942 1943 2071
f 1942 2071 2070
f 1943 1944 2072
f 1943 2072 2071
f 1944 1945 2073
f 1944 2073 2072
f 1945 1946 2074
f 1945 2074 2073
f 1946 1947 2075
f 1946 2075 2074
f 1947 1948 2076
f 1947 2076 2075
f 1948 1949 2077
f 1948 2077 2076
f 1949 1950 2078
f 1949 2078 2077
f 1950 1951 2079
f 1950 2079 2078
f 1951 1952 2080
f 1951 2080 2079
f 1952 1953 2081
f 1952 2081 2080
f 1953 1954 2082
f 1953 2082 2081
f 1954 1955 2083
f 1954 2083 2082
f 1955 1956 2084
f 1955 2084 2083
f 1956 1957 2085
f 1956 2085 2084
f 1957 1958 2086
f 1957 2086 2085
f 1958 1959 2087
f 1958 2087 2086
f 1959 1960 2088
f 1959 2088 2087
f 1960 1961 2089
f 1960 2089 2088
f 1961 1962 2090
f 1961 2090 2089
f 1962 1963 2091
f 1962 2091 2090
f 1963 1964 2092
f 1963 2092 2091
f 1964 1965 2093
f 1964 2093 2092
f 1965 1966 2094
f 1965 2094 2093
f 1966 1967 2095
f 1966 2095 2094
f 1967 1968 2096
f 1967 2096 2095
f 1968 1969 2097
f 1968 2097 2096
f 1969 1970 2098
f 1969 2098 2097
f 1970 1971 2099
f 1970 2099 2098
f 1971 1972 2100
f 1971 2100 2099
f 1972 1973 2101
f 1972 2101 2100
f 1973 1974 2102
f 1973 2102 2101
f 1974 1975 2103
f 1974 2103 2102
f 1975 1976 2104
f 1975 2104 2103
f 1976 1977 2105
f 1976 2105 2104
f 1977 1978 2106
f 1977 2106 2105
f 1978 1979 2107
f 1978 2107 2106
f 1979 1980 2108
f 1979 2108 2107
f 1980 1981 2109
f 1980 2109 2108
f 1981 1982 2110
f 1981 2110 2109
f 1982 1983 2111
f 1982 2111 2110
f 1983 1984 2112
f 1983 2112 2111
f 1984 1985 2113
f 1984 2113 2112
f 1985 1986 2114
f 1985 2114 2113
f 1986 1987 2115
f 1986 2115 2114
f 1987 1988 2116
f 1987 2116 2115
f 1988 1989 2117
f 1988 2117 2116
f 1989 1990 2118
f 1989 2118 2117
f 1990 1991 2119
f 1990 2119 2118
f 1991 1992 2120
f 1991 2120 2119
f 1992 1993 2121
f 1992 2121 2120
f 1993 1994 2122
f 1993 2122 2121
f 1994 1995 2123
f 1994 2123 2122
f 1995 1996 2124
f 1995 2124 2123
f 1996 1997 2125
f 1996 2125 2124
f 1997 1998 2126
f 1997 2126 2125
f 1998 1999 2127
f 1998 2127 2126
f 1999 2000 2128
f 1999 2128 2127
f 2000 2001 2129
f 2000 2129 2128
f 2001 2002 2130
f 2001 2130 2129
f 2002 2003 2131
f 2002 2131 2130
f 2003 2004 2132
f 2003 2132 2131
f 2004 2005 2133
f 2004 2133 2132
f 2005 2006 2134
f 2005 2134 2133
f 2006 2007 2135
f 2006 2135 2134
f 2007 2008 2136
f 2007 2136 2135
f 2008 2009 2137
f 2008 2137 2136
f 2009 2010 2138
f 2009 2138 2137
f 2010 2011 2139
f 2010 2139 2138
f 2011 2012 2140
f 2011 2140 2139
f 2012 2013 2141
f 2012 2141 2140
f 2013 2014 2142
f 2013 2142 2141
f 2014 2015 2143
f 2014 2143 2142
f 2015 2016 2144
f 2015 2144 2143
f 2016 2017 2145
f 2016 2145 2144
f 2017 2018 2146
f 2017 2146 2145
f 2018 2019 2147
f 2018 2147 2146
f 2019 2020 2148
f 2019 2148 2147
f 2020 2021 2149
f 2020 2149 2148
f 2021 2022 2150
f 2021 2150 2149
f 2022 2023 2151
f 2022 2151 2150
f 2023 2024 2152
f 2023 2152 2151
f 2024 2025 2153
f 2024 2153 2152
f 2025 2026 2154
f 2025 2154 2153
f 2026 2027 2155
f 2026 2155 2154
f 2027 2028 2156
f 2027 2156 2155
f 2028 2029 2157
f 2028 2157 2156
f 2029 2030 2158
f 2029 2158 2157
f 2030 2031 2159
f 2030 2159 2158
f 2031 2032 2160
f 2031 2160 2159
f 2032 2033 2161
f 2032 2161 2160
f 2033 2034 2162
f 2033 2162 2161
f 2034 2035 2163
f 2034 2163 2162
f 2035 2036 2164
f 2035 2164 2163
f 2036 2037 2165
f 2036 2165 2164
f 2037 2038 2166
f 2037 2166 2165
f 2038 2039 2167
f 2038 2167 2166
f 2039 2040 2168
f 2039 2168 2167
f 2040 2041 2169
f 2040 2169 2168
f 2041 2042 2170
f 2041 2170 2169
f 2042 2043 2171
f 2042 2171 2170
f 2043 2044 2172
f 2043 2172 2171
f 2044 2045 2173
f 2044 2173 2172
f 2045 2046 2174
f 2045 2174 2173
f 2046 2047 2175
f 2046 2175 2174
f 2047 2048 2176
f 2047 2176 2175
f 2048 1921 2049
f 2048 2049 2176
f 2049 2050 2178
f 2049 2178 2177
f 2050 2051 2179
f 2050 2179 2178
f 2051 2052 2180
f 2051 2180 2179
f 2052 2053 2181
f 2052 2181 2180
f 2053 2054 2182
f 2053 2182 2181
f 2054 2055 2183
f 2054 2183 2182
f 2055 2056 2184
f 2055 2184 2183
f 2056 2057 2185
f 2056 2185 2184
f 2057 2058 2186
f 2057 2186 2185
f 2058 2059 2187
f 2058 2187 2186
f 2059 2060 2188
f 2059 2188 2187
f 2060 2061 2189
f 2060 2189 2188
f 2061 2062 2190
f 2061 2190 2189
f 2062 2063 2191
f 2062 2191 2190
f 2063 2064 2192
f 2063 2192 2191
f 2064 2065 2193
f 2064 2193 2192
f 2065 2066 2194
f 2065 2194 2193
f 2066 2067 2195
f 2066 2195 2194
f 2067 2068 2196
f 2067 2196 2195
f 2068 2069 2197
f 2068 2197 2196
f 2069 2070 2198
f 2069 2198 2197
f 2070 2071 2199
f 2070 2199 2198
f 2071 2072 2200
f 2071 2200 2199
f 2072 2073 2201
f 2072 2201 2200
f 2073 2074 2202
f 2073 2202 2201
f 2074 2075 2203
f 2074 2203 2202
f 2075 2076 2204
f 2075 2204 2203
f 2076 2077 2205
f 2076 2205 2204
f 2077 2078 2206
f 2077 2206 2205
f 2078 2079 2207
f 2078 2207 2206
f 2079 2080 2208
f 2079 2208 2207
f 2080 2081 2209
f 2080 2209 2208
f 2081 2082 2210
f 2081 2210 2209
f 2082 2083 2211
f 2082 2211 2210
f 2083 2084 2212
f 2083 2212 2211
f 2084 2085 2213
f 2084 2213 2212
f 2085 2086 2214
f 2085 2214 2213
f 2086 2087 2215
f 2086 2215 2214
f 2087 2088 2216
f 2087 2216 2215
f 2088 2089 2217
f 2088 2217 2216
f 2089 2090 2218
f 2089 2218 2217
f 2090 2091 2219
f 2090 2219 2218
f 2091 2092 2220
f 2091 2220 2219
f 2092 2093 2221
f 2092 2221 2220
f 2093 2094 2222
f 2093 2222 2221
f 2094 2095 2223
f 2094 2223 2222
f 2095 2096 2224
f 2095 2224 2223
f 2096 2097 2225
f 2096 2225 2224
f 2097 2098 2226
f 2097 2226 2225
f 2098 2099 2227
f 2098 2227 2226
f 2099 2100 2228
f 2099 2228 2227
f 2100 2101 2229
f 2100 2229 2228
f 2101 2102 2230
f 2101 2230 2229
f 2102 2103 2231
f 2102 2231 2230
f 2103 2104 2232
f 2103 2232 2231
f 2104 2105 2233
f 2104 2233 2232
f 2105 2106 2234
f 2105 2234 2233
f 2106 2107 2235
f 2106 2235 2234
f 2107 2108 2236
f 2107 2236 2235
f 2108 2109 2237
f 2108 2237 2236
f 2109 2110 2238
f 2109 2238 2237
f 2110 2111 2239
f 2110 2239 2238
f 2111 2112 2240
f 2111 2240 2239
f 2112 2113 2241
f 2112 2241 2240
f 2113 2114 2242
f 2113 2242 2241
f 2114 2115 2243
f 2114 2243 2242
f 2115 2116 2244
f 2115 2244 2243
f 2116 2117 2245
f 2116 2245 2244
f 2117 2118 2246
f 2117 2246 2245
f 2118 2119 2247
f 2118 2247 2246
f 2119 2120 2248
f 2119 2248 2247
f 2120 2121 2249
f 2120 2249 2248
f 2121 2122 2250
f 2121 2250 2249
f 2122 2123 2251
f 2122 2251 2250
f 2123 2124 2252
f 2123 2252 2251
f 2124 2125 2253
f 2124 2253 2252
f 2125 2126 2254
f 2125 2254 2253
f 2126 2127 2255
f 2126 2255 2254
f 2127 2128 2256
f 2127 2256 2255
f 2128 2129 2257
f 2128 2257 2256
f 2129 2130 2258
f 2129 2258 2257
f 2130 2131 2259
f 2130 2259 2258
f 2131 2132 2260
f 2131 2260 2259
f 2132 2133 2261
f 2132 2261 2260
f 2133 2134 2262
f 2133 2262 2261
f 2134 2135 2263
f 2134 2263 2262
f 2135 2136 2264
f 2135 2264 2263
f 2136 2137 2265
f 2136 2265 2264
f 2137 2138 2266
f 2137 2266 2265
f 2138 2139 2267
f 2138 2267 2266
f 2139 2140 2268
f 2139 2268 2267
f 2140 2141 2269
f 2140 2269 2268
f 2141 2142 2270
f 2141 2270 2269
f 2142 2143 2271
f 2142 2271 2270
f 2143 2144 2272
f 2143 2272 2271
f 2144 2145 2273
f 2144 2273 2272
f 2145 2146 2274
f 2145 2274 2273
f 2146 2147 2275
f 2146 2275 2274
f 2147 2148 2276
f 2147 2276 2275
f 2148 2149 2277
f 2148 2277 2276
f 2149 2150 2278
f 2149 2278 2277
f 2150 2151 2279
f 2150 2279 2278
f 2151 2152 2280
f 2151 2280 2279
f 2152 2153 2281
f 2152 2281 2280
f 2153 2154 2282
f 2153 2282 2281
f 2154 2155 2283
f 2154 2283 2282
f 2155 2156 2284
f 2155 2284 2283
f 2156 2157 2285
f 2156 2285 2284
f 2157 2158 2286
f 2157 2286 2285
f 2158 2159 2287
f 2158 2287 2286
f 2159 2160 2288
f 2159 2288 2287
f 2160 2161 2289
f 2160 2289 2288
f 2161 2162 2290
f 2161 2290 2289
f 2162 2163 2291
f 2162 2291 2290
f 2163 2164 2292
f 2163 2292 2291
f 2164 2165 2293
f 2164 2293 2292
f 2165 2166 2294
f 2165 2294 2293
f 2166 2167 2295
f 2166 2295 2294
f 2167 2168 2296
f 2167 2296 2295
f 2168 2169 2297
f 2168 2297 2296
f 2169 2170 2298
f 2169 2298 2297
f 2170 2171 2299
f 2170 2299 2298
f 2171 2172 2300
f 2171 2300 2299
f 2172 2173 2301
f 2172 2301 2300
f 2173 2174 2302
f 2173 2302 2301
f 2174 2175 2303
f 2174 2303 2302
f 2175 2176 2304
f 2175 2304 2303
f 2176 2049 2177
f 2176 2177 2304
f 2177 2178 2306
f 2177 2306 2305
f 2178 2179 2307
f 2178 2307 2306
f 2179 2180 2308
f 2179 2308 2307
f 2180 2181 2309
f 2180 2309 2308
f 2181 2182 2310
f 2181 2310 2309
f 2182 2183 2311
f 2182 2311 2310
f 2183 2184 2312
f 2183 2312 2311
f 2184 2185 2313
f 2184 2313 2312
f 2185 2186 2314
f 2185 2314 2313
f 2186 2187 2315
f 2186 2315 2314
f 2187 2188 2316
f 2187 2316 2315
f 2188 2189 2317
f 2188 2317 2316
f 2189 2190 2318
f 2189 2318 2317
f 2190 2191 2319
f 2190 2319 2318
f 2191 2192 2320
f 2191 2320 2319
f 2192 2193 2321
f 2192 2321 2320
f 2193 2194 2322
f 2193 2322 2321
f 2194 2195 2323
f 2194 2323 2322
f 2195 2196 2324
f 2195 2324 2323
f 2196 2197 2325
f 2196 2325 2324
f 2197 2198 2326
f 2197 2326 2325
f 2198 2199 2327
f 2198 2327 2326
f 2199 2200 2328
f 2199 2328 2327
f 2200 2201 2329
f 2200 2329 2328
f 2201 2202 2330
f 2201 2330 2329
f 2202 2203 2331
f 2202 2331 2330
f 2203 2204 2332
f 2203 2332 2331
f 2204 2205 2333
f 2204 2333 2332
f 2205 2206 2334
f 2205 2334 2333
f 2206 2207 2335
f 2206 2335 2334
f 2207 2208 2336
f 2207 2336 2335
f 2208 2209 2337
f 2208 2337 2336
f 2209 2210 2338
f 2209 2338 2337
f 2210 2211 2339
f 2210 2339 2338
f 2211 2212 2340
f 2211 2340 2339
f 2212 2213 2341
f 2212 2341 2340
f 2213 2214 2342
f 2213 2342 2341
f 2214 2215 2343
f 2214 2343 2342
f 2215 2216 2344
f 2215 2344 2343
f 2216 2217 2345
f 2216 2345 2344
f 2217 2218 2346
f 2217 2346 2345
f 2218 2219 2347
f 2218 2347 2346
f 2219 2220 2348
f 2219 2348 2347
f 2220 2221 2349
f 2220 2349 2348
f 2221 2222 2350
f 2221 2350 2349
f 2222 2223 2351
f 2222 2351 2350
f 2223 2224 2352
f 2223 2352 2351
f 2224 2225 2353
f 2224 2353 2352
f 2225 2226 2354
f 2225 2354 2353
f 2226 2227 2355
f 2226 2355 2354
f 2227 2228 2356
f 2227 2356 2355
f 2228 2229 2357
f 2228 2357 2356
f 2229 2230 2358
f 2229 2358 2357
f 2230 2231 2359
f 2230 2359 2358
f 2231 2232 2360
f 2231 2360 2359
f 2232 2233 2361
f 2232 2361 2360
f 2233 2234 2362
f 2233 2362 2361
f 2234 2235 2363
f 2234 2363 2362
f 2235 2236 2364
f 2235 2364 2363
f 2236 2237 2365
f 2236 2365 2364
f 2237 2238 2366
f 2237 2366 2365
f 2238 2239 2367
f 2238 2367 2366
f 2239 2240 2368
f 2239 2368 2367
f 2240 2241 2369
f 2240 2369 2368
f 2241 2242 2370
f 2241 2370 2369
f 2242 2243 2371
f 2242 2371 2370
f 2243 2244 2372
f 2243 2372 2371
f 2244 2245 2373
f 2244 2373 2372
f 2245 2246 2374
f 2245 2374 2373
f 2246 2247 2375
f 2246 2375 2374
f 2247 2248 2376
f 2247 2376 2375
f 2248 2249 2377
f 2248 2377 2376
f 2249 2250 2378
f 2249 2378 2377
f 2250 2251 2379
f 2250 2379 2378
f 2251 2252 2380
f 2251 2380 2379
f 2252 2253 2381
f 2252 2381 2380
f 2253 2254 2382
f 2253 2382 2381
f 2254 2255 2383
f 2254 2383 2382
f 2255 2256 2384
f 2255 2384 2383
f 2256 2257 2385
f 2256 2385 2384
f 2257 2258 2386
f 2257 2386 2385
f 2258 2259 2387
f 2258 2387 2386
f 2259 2260 2388
f 2259 2388 2387
f 2260 2261 2389
f 2260 2389 2388
f 2261 2262 2390
f 2261 2390 2389
f 2262 2263 2391
f 2262 2391 2390
f 2263 2264 2392
f 2263 2392 2391
f 2264 2265 2393
f 2264 2393 2392
f 2265 2266 2394
f 2265 2394 2393
f 2266 2267 2395
f 2266 2395 2394
f 2267 2268 2396
f 2267 2396 2395
f 2268 2269 2397
f 2268 2397 2396
f 2269 2270 2398
f 2269 2398 2397
f 2270 2271 2399
f 2270 2399 2398
f 2271 2272 2400
f 2271 2400 2399
f 2272 2273 2401
f 2272 2401 2400
f 2273 2274 2402
f 2273 2402 2401
f 2274 2275 2403
f 2274 2403 2402
f 2275 2276 2404
f 2275 2404 2403
f 2276 2277 2405
f 2276 2405 2404
f 2277 2278 2406
f 2277 2406 2405
f 2278 2279 2407
f 2278 2407 2406
f 2279 2280 2408
f 2279 2408 2407
f 2280 2281 2409
f 2280 2409 2408
f 2281 2282 2410
f 2281 2410 2409
f 2282 2283 2411
f 2282 2411 2410
f 2283 2284 2412
f 2283 2412 2411
f 2284 2285 2413
f 2284 2413 2412
f 2285 2286 2414
f 2285 2414 2413
f 2286 2287 2415
f 2286 2415 2414
f 2287 2288 2416
f 2287 2416 2415
f 2288 2289 2417
f 2288 2417 2416
f 2289 2290 2418
f 2289 2418 2417
f 2290 2291 2419
f 2290 2419 2418
f 2291 2292 2420
f 2291 2420 2419
f 2292 2293 2421
f 2292 2421 2420
f 2293 2294 2422
f 2293 2422 2421
f 2294 2295 2423
f 2294 2423 2422
f 2295 2296 2424
f 2295 2424 2423
f 2296 2297 2425
f 2296 2425 2424
f 2297 2298 2426
f 2297 2426 2425
f 2298 2299 2427
f 2298 2427 2426
f 2299 2300 2428
f 2299 2428 2427
f 2300 2301 2429
f 2300 2429 2428
f 2301 2302 2430
f 2301 2430 2429
f 2302 2303 2431
f 2302 2431 2430
f 2303 2304 2432
f 2303 2432 2431
f 2304 2177 2305
f 2304 2305 2432
f 2305 2306 2434
f 2305 2434 2433
f 2306 2307 2435
f 2306 2435 2434
f 2307 2308 2436
f 2307 2436 2435
f 2308 2309 2437
f 2308 2437 2436
f 2309 2310 2438
f 2309 2438 2437
f 2310 2311 2439
f 2310 2439 2438
f 2311 2312 2440
f 2311 2440 2439
f 2312 2313 2441
f 2312 2441 2440
f 2313 2314 2442
f 2313 2442 2441
f 2314 2315 2443
f 2314 2443 2442
f 2315 2316 2444
f 2315 2444 2443
f 2316 2317 2445
f 2316 2445 2444
f 2317 2318 2446
f 2317 2446 2445
f 2318 2319 2447
f 2318 2447 2446
f 2319 2320 2448
f 2319 2448 2447
f 2320 2321 2449
f 2320 2449 2448
f 2321 2322 2450
f 2321 2450 2449
f 2322 2323 2451
f 2322 2451 2450
f 2323 2324 2452
f 2323 2452 2451
f 2324 2325 2453
f 2324 2453 2452
f 2325 2326 2454
f 2325 2454 2453
f 2326 2327 2455
f 2326 2455 2454
f 2327 2328 2456
f 2327 2456 2455
f 2328 2329 2457
f 2328 2457 2456
f 2329 2330 2458
f 2329 2458 2457
f 2330 2331 2459
f 2330 2459 2458
f 2331 2332 2460
f 2331 2460 2459
f 2332 2333 2461
f 2332 2461 2460
f 2333 2334 2462
f 2333 2462 2461
f 2334 2335 2463
f 2334 2463 2462
f 2335 2336 2464
f 2335 2464 2463
f 2336 2337 2465
f 2336 2465 2464
f 2337 2338 2466
f 2337 2466 2465
f 2338 2339 2467
f 2338 2467 2466
f 2339 2340 2468
f 2339 2468 2467
f 2340 2341 2469
f 2340 2469 2468
f 2341 2342 2470
f 2341 2470 2469
f 2342 2343 2471
f 2342 2471 2470
f 2343 2344 2472
f 2343 2472 2471
f 2344 2345 2473
f 2344 2473 2472
f 2345 2346 2474
f 2345 2474 2473
f 2346 2347 2475
f 2346 2475 2474
f 2347 2348 2476
f 2347 2476 2475
f 2348 2349 2477
f 2348 2477 2476
f 2349 2350 2478
f 2349 2478 2477
f 2350 2351 2479
f 2350 2479 2478
f 2351 2352 2480
f 2351 2480 2479
f 2352 2353 2481
f 2352 2481 2480
f 2353 2354 2482
f 2353 2482 2481
f 2354 2355 2483
f 2354 2483 2482
f 2355 2356 2484
f 2355 2484 2483
f 2356 2357 2485
f 2356 2485 2484
f 2357 2358 2486
f 2357 2486 2485
f 2358 2359 2487
f 2358 2487 2486
f 2359 2360 2488
f 2359 2488 2487
f 2360 2361 2489
f 2360 2489 2488
f 2361 2362 2490
f 2361 2490 2489
f 2362 2363 2491
f 2362 2491 2490
f 2363 2364 2492
f 2363 2492 2491
f 2364 2365 2493
f 2364 2493 2492
f 2365 2366 2494
f 2365 2494 2493
f 2366 2367 2495
f 2366 2495 2494
f 2367 2368 2496
f 2367 2496 2495
f 2368 2369 2497
f 2368 2497 2496
f 2369 2370 2498
f 2369 2498 2497
f 2370 2371 2499
f 2370 2499 2498
f 2371 2372 2500
f 2371 2500 2499
f 2372 2373 2501
f 2372 2501 2500
f 2373 2374 2502
f 2373 2502 2501
f 2374 2375 2503
f 2374 2503 2502
f 2375 2376 2504
f 2375 2504 2503
f 2376 2377 2505
f 2376 2505 2504
f 2377 2378 2506
f 2377 2506 2505
f 2378 2379 2507
f 2378 2507 2506
f 2379 2380 2508
f 2379 2508 2507
f 2380 2381 2509
f 2380 2509 2508
f 2381 2382 2510
f 2381 2510 2509
f 2382 2383 2511
f 2382 2511 2510
f 2383 2384 2512
f 2383 2512 2511
f 2384 2385 2513
f 2384 2513 2512
f 2385 2386 2514
f 2385 2514 2513
f 2386 2387 2515
f 2386 2515 2514
f 2387 2388 2516
f 2387 2516 2515
f 2388 2389 2517
f 2388 2517 2516
f 2389 2390 2518
f 2389 2518 2517
f 2390 2391 2519
f 2390 2519 2518
f 2391 2392 2520
f 2391 2520 2519
f 2392 2393 2521
f 2392 2521 2520
f 2393 2394 2522
f 2393 2522 2521
f 2394 2395 2523
f 2394 2523 2522
f 2395 2396 2524
f 2395 2524 2523
f 2396 2397 2525
f 2396 2525 2524
f 2397 2398 2526
f 2397 2526 2525
f 2398 2399 2527
f 2398 2527 2526
f 2399 2400 2528
f 2399 2528 2527
f 2400 2401 2529
f 2400 2529 2528
f 2401 2402 2530
f 2401 2530 2529
f 2402 2403 2531
f 2402 2531 2530
f 2403 2404 2532
f 2403 2532 2531
f 2404 2405 2533
f 2404 2533 2532
f 2405 2406 2534
f 2405 2534 2533
f 2406 2407 2535
f 2406 2535 2534
f 2407 2408 2536
f 2407 2536 2535
f 2408 2409 2537
f 2408 2537 2536
f 2409 2410 2538
f 2409 2538 2537
f 2410 2411 2539
f 2410 2539 2538
f 2411 2412 2540
f 2411 2540 2539
f 2412 2413 2541
f 2412 2541 2540
f 2413 2414 2542
f 2413 2542 2541
f 2414 2415 2543
f 2414 2543 2542
f 2415 2416 2544
f 2415 2544 2543
f 2416 2417 2545
f 2416 2545 2544
f 2417 2418 2546
f 2417 2546 2545
f 2418 2419 2547
f 2418 2547 2546
f 2419 2420 2548
f 2419 2548 2547
f 2420 2421 2549
f 2420 2549 2548
f 2421 2422 2550
f 2421 2550 2549
f 2422 2423 2551
f 2422 2551 2550
f 2423 2424 2552
f 2423 2552 2551
f 2424 2425 2553
f 2424 2553 2552
f 2425 2426 2554
f 2425 2554 2553
f 2426 2427 2555
f 2426 2555 2554
f 2427 2428 2556
f 2427 2556 2555
f 2428 2429 2557
f 2428 2557 2556
f 2429 2430 2558
f 2429 2558 2557
f 2430 2431 2559
f 2430 2559 2558
f 2431 2432 2560
f 2431 2560 2559
f 2432 2305 2433
f 2432 2433 2560
f 2433 2434 2562
f 2433 2562 2561
f 2434 2435 2563
f 2434 2563 2562
f 2435 2436 2564
f 2435 2564 2563
f 2436 2437 2565
f 2436 2565 2564
f 2437 2438 2566
f 2437 2566 2565
f 2438 2439 2567
f 2438 2567 2566
f 2439 2440 2568
f 2439 2568 2567
f 2440 2441 2569
f 2440 2569 2568
f 2441 2442 2570
f 2441 2570 2569
f 2442 2443 2571
f 2442 2571 2570
f 2443 2444 2572
f 2443 2572 2571
f 2444 2445 2573
f 2444 2573 2572
f 2445 2446 2574
f 2445 2574 2573
f 2446 2447 2575
f 2446 2575 2574
f 2447 2448 2576
f 2447 2576 2575
f 2448 2449 2577
f 2448 2577 2576
f 2449 2450 2578
f 2449 2578 2577
f 2450 2451 2579
f 2450 2579 2578
f 2451 2452 2580
f 2451 2580 2579
f 2452 2453 2581
f 2452 2581 2580
f 2453 2454 2582
f 2453 2582 2581
f 2454 2455 2583
f 2454 2583 2582
f 2455 2456 2584
f 2455 2584 2583
f 2456 2457 2585
f 2456 2585 2584
f 2457 2458 2586
f 2457 2586 2585
f 2458 2459 2587
f 2458 2587 2586
f 2459 2460 2588
f 2459 2588 2587
f 2460 2461 2589
f 2460 2589 2588
f 2461 2462 2590
f 2461 2590 2589
f 2462 2463 2591
f 2462 2591 2590
f 2463 2464 2592
f 2463 2592 2591
f 2464 2465 2593
f 2464 2593 2592
f 2465 2466 2594
f 2465 2594 2593
f 2466 2467 2595
f 2466 2595 2594
f 2467 2468 2596
f 2467 2596 2595
f 2468 2469 2597
f 2468 2597 2596
f 2469 2470 2598
f 2469 2598 2597
f 2470 2471 2599
f 2470 2599 2598
f 2471 2472 2600
f 2471 2600 2599
f 2472 2473 2601
f 2472 2601 2600
f 2473 2474 2602
f 2473 2602 2601
f 2474 2475 2603
f 2474 2603 2602
f 2475 2476 2604
f 2475 2604 2603
f 2476 2477 2605
f 2476 2605 2604
f 2477 2478 2606
f 2477 2606 2605
f 2478 2479 2607
f 2478 2607 2606
f 2479 2480 2608
f 2479 2608 2607
f 2480 2481 2609
f 2480 2609 2608
f 2481 2482 2610
f 2481 2610 2609
f 2482 2483 2611
f 2482 2611 2610
f 2483 2484 2612
f 2483 2612 2611
f 2484 2485 2613
f 2484 2613 2612
f 2485 2486 2614
f 2485 2614 2613
f 2486 2487 2615
f 2486 2615 2614
f 2487 2488 2616
f 2487 2616 2615
f 2488 2489 2617
f 2488 2617 2616
f 2489 2490 2618
f 2489 2618 2617
f 2490 2491 2619
f 2490 2619 2618
f 2491 2492 2620
f 2491 2620 2619
f 2492 2493 2621
f 2492 2621 2620
f 2493 2494 2622
f 2493 2622 2621
f 2494 2495 2623
f 2494 2623 2622
f 2495 2496 2624
f 2495 2624 2623
f 2496 2497 2625
f 2496 2625 2624
f 2497 2498 2626
f 2497 2626 2625
f 2498 2499 2627
f 2498 2627 2626
f 2499 2500 2628
f 2499 2628 2627
f 2500 2501 2629
f 2500 2629 2628
f 2501 2502 2630
f 2501 2630 2629
f 2502 2503 2631
f 2502 2631 2630
f 2503 2504 2632
f 2503 2632 2631
f 2504 2505 2633
f 2504 2633 2632
f 2505 2506 2634
f 2505 2634 2633
f 2506 2507 2635
f 2506 2635 2634
f 2507 2508 2636
f 2507 2636 2635
f 2508 2509 2637
f 2508 2637 2636
f 2509 2510 2638
f 2509 2638 2637
f 2510 2511 2639
f 2510 2639 2638
f 2511 2512 2640
f 2511 2640 2639
f 2512 2513 2641
f 2512 2641 2640
f 2513 2514 2642
f 2513 2642 2641
f 2514 2515 2643
f 2514 2643 2642
f 2515 2516 2644
f 2515 2644 2643
f 2516 2517 2645
f 2516 2645 2644
f 2517 2518 2646
f 2517 2646 2645
f 2518 2519 2647
f 2518 2647 2646
f 2519 2520 2648
f 2519 2648 2647
f 2520 2521 2649
f 2520 2649 2648
f 2521 2522 2650
f 2521 2650 2649
f 2522 2523 2651
f 2522 2651 2650
f 2523 2524 2652
f 2523 2652 2651
f 2524 2525 2653
f 2524 2653 2652
f 2525 2526 2654
f 2525 2654 2653
f 2526 2527 2655
f 2526 2655 2654
f 2527 2528 2656
f 2527 2656 2655
f 2528 2529 2657
f 2528 2657 2656
f 2529 2530 2658
f 2529 2658 2657
f 2530 2531 2659
f 2530 2659 2658
f 2531 2532 2660
f 2531 2660 2659
f 2532 2533 2661
f 2532 2661 2660
f 2533 2534 2662
f 2533 2662 2661
f 2534 2535 2663
f 2534 2663 2662
f 2535 2536 2664
f 2535 2664 2663
f 2536 2537 2665
f 2536 2665 2664
f 2537 2538 2666
f 2537 2666 2665
f 2538 2539 2667
f 2538 2667 2666
f 2539 2540 2668
f 2539 2668 2667
f 2540 2541 2669
f 2540 2669 2668
f 2541 2542 2670
f 2541 2670 2669
f 2542 2543 2671
f 2542 2671 2670
f 2543 2544 2672
f 2543 2672 2671
f 2544 2545 2673
f 2544 2673 2672
f 2545 2546 2674
f 2545 2674 2673
f 2546 2547 2675
f 2546 2675 2674
f 2547 2548 2676
f 2547 2676 2675
f 2548 2549 2677
f 2548 2677 2676
f 2549 2550 2678
f 2549 2678 2677
f 2550 2551 2679
f 2550 2679 2678
f 2551 2552 2680
f 2551 2680 2679
f 2552 2553 2681
f 2552 2681 2680
f 2553 2554 2682
f 2553 2682 2681
f 2554 2555 2683
f 2554 2683 2682
f 2555 2556 2684
f 2555 2684 2683
f 2556 2557 2685
f 2556 2685 2684
f 2557 2558 2686
f 2557 2686 2685
f 2558 2559 2687
f 2558 2687 2686
f 2559 2560 2688
f 2559 2688 2687
f 2560 2433 2561
f 2560 2561 2688
f 2561 2562 2690
f 2561 2690 2689
f 2562 2563 2691
f 2562 2691 2690
f 2563 2564 2692
f 2563 2692 2691
f 2564 2565 2693
f 2564 2693 2692
f 2565 2566 2694
f 2565 2694 2693
f 2566 2567 2695
f 2566 2695 2694
f 2567 2568 2696
f 2567 2696 2695
f 2568 2569 2697
f 2568 2697 2696
f 2569 2570 2698
f 2569 2698 2697
f 2570 2571 2699
f 2570 2699 2698
f 2571 2572 2700
f 2571 2700 2699
f 2572 2573 2701
f 2572 2701 2700
f 2573 2574 2702
f 2573 2702 2701
f 2574 2575 2703
f 2574 2703 2702
f 2575 2576 2704
f 2575 2704 2703
f 2576 2577 2705
f 2576 2705 2704
f 2577 2578 2706
f 2577 2706 2705
f 2578 2579 2707
f 2578 2707 2706
f 2579 2580 2708
f 2579 2708 2707
f 2580 2581 2709
f 2580 2709 2708
f 2581 2582 2710
f 2581 2710 2709
f 2582 2583 2711
f 2582 2711 2710
f 2583 2584 2712
f 2583 2712 2711
f 2584 2585 2713
f 2584 2713 2712
f 2585 2586 2714
f 2585 2714 2713
f 2586 2587 2715
f 2586 2715 2714
f 2587 2588 2716
f 2587 2716 2715
f 2588 2589 2717
f 2588 2717 2716
f 2589 2590 2718
f 2589 2718 2717
f 2590 2591 2719
f 2590 2719 2718
f 2591 2592 2720
f 2591 2720 2719
f 2592 2593 2721
f 2592 2721 2720
f 2593 2594 2722
f 2593 2722 2721
f 2594 2595 2723
f 2594 2723 2722
f 2595 2596 2724
f 2595 2724 2723
f 2596 2597 2725
f 2596 2725 2724
f 2597 2598 2726
f 2597 2726 2725
f 2598 2599 2727
f 2598 2727 2726
f 2599 2600 2728
f 2599 2728 2727
f 2600 2601 2729
f 2600 2729 2728
f 2601 2602 2730
f 2601 2730 2729
f 2602 2603 2731
f 2602 2731 2730
f 2603 2604 2732
f 2603 2732 2731
f 2604 2605 2733
f 2604 2733 2732
f 2605 2606 2734
f 2605 2734 2733
f 2606 2607 2735
f 2606 2735 2734
f 2607 2608 2736
f 2607 2736 2735
f 2608 2609 2737
f 2608 2737 2736
f 2609 2610 2738
f 2609 2738 2737
f 2610 2611 2739
f 2610 2739 2738
f 2611 2612 2740
f 2611 2740 2739
f 2612 2613 2741
f 2612 2741 2740
f 2613 2614 2742
f 2613 2742 2741
f 2614 2615 2743
f 2614 2743 2742
f 2615 2616 2744
f 2615 2744 2743
f 2616 2617 2745
f 2616 2745 2744
f 2617 2618 2746
f 2617 2746 2745
f 2618 2619 2747
f 2618 2747 2746
f 2619 2620 2748
f 2619 2748 2747
f 2620 2621 2749
f 2620 2749 2748
f 2621 2622 2750
f 2621 2750 2749
f 2622 2623 2751
f 2622 2751 2750
f 2623 2624 2752
f 2623 2752 2751
f 2624 2625 2753
f 2624 2753 2752
f 2625 2626 2754
f 2625 2754 2753
f 2626 2627 2755
f 2626 2755 2754
f 2627 2628 2756
f 2627 2756 2755
f 2628 2629 2757
f 2628 2757 2756
f 2629 2630 2758
f 2629 2758 2757
f 2630 2631 2759
f 2630 2759 2758
f 2631 2632 2760
f 2631 2760 2759
f 2632 2633 2761
f 2632 2761 2760
f 2633 2634 2762
f 2633 2762 2761
f 2634 2635 2763
f 2634 2763 2762
f 2635 2636 2764
f 2635 2764 2763
f 2636 2637 2765
f 2636 2765 2764
f 2637 2638 2766
f 2637 2766 2765
f 2638 2639 2767
f 2638 2767 2766
f 2639 2640 2768
f 2639 2768 2767
f 2640 2641 2769
f 2640 2769 2768
f 2641 2642 2770
f 2641 2770 2769
f 2642 2643 2771
f 2642 2771 2770
f 2643 2644 2772
f 2643 2772 2771
f 2644 2645 2773
f 2644 2773 2772
f 2645 2646 2774
f 2645 2774 2773
f 2646 2647 2775
f 2646 2775 2774
f 2647 2648 2776
f 2647 2776 2775
f 2648 2649 2777
f 2648 2777 2776
f 2649 2650 2778
f 2649 2778 2777
f 2650 2651 2779
f 2650 2779 2778
f 2651 2652 2780
f 2651 2780 2779
f 2652 2653 2781
f 2652 2781 2780
f 2653 2654 2782
f 2653 2782 2781
f 2654 2655 2783
f 2654 2783 2782
f 2655 2656 2784
f 2655 2784 2783
f 2656 2657 2785
f 2656 2785 2784
f 2657 2658 2786
f 2657 2786 2785
f 2658 2659 2787
f 2658 2787 2786
f 2659 2660 2788
f 2659 2788 2787
f 2660 2661 2789
f 2660 2789 2788
f 2661 2662 2790
f 2661 2790 2789
f 2662 2663 2791
f 2662 2791 2790
f 2663 2664 2792
f 2663 2792 2791
f 2664 2665 2793
f 2664 2793 2792
f 2665 2666 2794
f 2665 2794 2793
f 2666 2667 2795
f 2666 2795 2794
f 2667 2668 2796
f 2667 2796 2795
f 2668 2669 2797
f 2668 2797 2796
f 2669 2670 2798
f 2669 2798 2797
f 2670 2671 2799
f 2670 2799 2798
f 2671 2672 2800
f 2671 2800 2799
f 2672 2673 2801
f 2672 2801 2800
f 2673 2674 2802
f 2673 2802 2801
f 2674 2675 2803
f 2674 2803 2802
f 2675 2676 2804
f 2675 2804 2803
f 2676 2677 2805
f 2676 2805 2804
f 2677 2678 2806
f 2677 2806 2805
f 2678 2679 2807
f 2678 2807 2806
f 2679 2680 2808
f 2679 2808 2807
f 2680 2681 2809
f 2680 2809 2808
f 2681 2682 2810
f 2681 2810 2809
f 2682 2683 2811
f 2682 2811 2810
f 2683 2684 2812
f 2683 2812 2811
f 2684 2685 2813
f 2684 2813 2812
f 2685 2686 2814
f 2685 2814 2813
f 2686 2687 2815
f 2686 2815 2814
f 2687 2688 2816
f 2687 2816 2815
f 2688 2561 2689
f 2688 2689 2816
f 2689 2690 2818
f 2689 2818 2817
f 2690 2691 2819
f 2690 2819 2818
f 2691 2692 2820
f 2691 2820 2819
f 2692 2693 2821
f 2692 2821 2820
f 2693 2694 2822
f 2693 2822 2821
f 2694 2695 2823
f 2694 2823 2822
f 2695 2696 2824
f 2695 2824 2823
f 2696 2697 2825
f 2696 2825 2824
f 2697 2698 2826
f 2697 2826 2825
f 2698 2699 2827
f 2698 2827 2826
f 2699 2700 2828
f 2699 2828 2827
f 2700 2701 2829
f 2700 2829 2828
f 2701 2702 2830
f 2701 2830 2829
f 2702 2703 2831
f 2702 2831 2830
f 2703 2704 2832
f 2703 2832 2831
f 2704 2705 2833
f 2704 2833 2832
f 2705 2706 2834
f 2705 2834 2833
f 2706 2707 2835
f 2706 2835 2834
f 2707 2708 2836
f 2707 2836 2835
f 2708 2709 2837
f 2708 2837 2836
f 2709 2710 2838
f 2709 2838 2837
f 2710 2711 2839
f 2710 2839 2838
f 2711 2712 2840
f 2711 2840 2839
f 2712 2713 2841
f 2712 2841 2840
f 2713 2714 2842
f 2713 2842 2841
f 2714 2715 2843
f 2714 2843 2842
f 2715 2716 2844
f 2715 2844 2843
f 2716 2717 2845
f 2716 2845 2844
f 2717 2718 2846
f 2717 2846 2845
f 2718 2719 2847
f 2718 2847 2846
f 2719 2720 2848
f 2719 2848 2847
f 2720 2721 2849
f 2720 2849 2848
f 2721 2722 2850
f 2721 2850 2849
f 2722 2723 2851
f 2722 2851 2850
f 2723 2724 2852
f 2723 2852 2851
f 2724 2725 2853
f 2724 2853 2852
f 2725 2726 2854
f 2725 2854 2853
f 2726 2727 2855
f 2726 2855 2854
f 2727 2728 2856
f 2727 2856 2855
f 2728 2729 2857
f 2728 2857 2856
f 2729 2730 2858
f 2729 2858 2857
f 2730 2731 2859
f 2730 2859 2858
f 2731 2732 2860
f 2731 2860 2859
f 2732 2733 2861
f 2732 2861 2860
f 2733 2734 2862
f 2733 2862 2861
f 2734 2735 2863
f 2734 2863 2862
f 2735 2736 2864
f 2735 2864 2863
f 2736 2737 2865
f 2736 2865 2864
f 2737 2738 2866
f 2737 2866 2865
f 2738 2739 2867
f 2738 2867 2866
f 2739 2740 2868
f 2739 2868 2867
f 2740 2741 2869
f 2740 2869 2868
f 2741 2742 2870
f 2741 2870 2869
f 2742 2743 2871
f 2742 2871 2870
f 2743 2744 2872
f 2743 2872 2871
f 2744 2745 2873
f 2744 2873 2872
f 2745 2746 2874
f 2745 2874 2873
f 2746 2747 2875
f 2746 2875 2874
f 2747 2748 2876
f 2747 2876 2875
f 2748 2749 2877
f 2748 2877 2876
f 2749 2750 2878
f 2749 2878 2877
f 2750 2751 2879
f 2750 2879 2878
f 2751 2752 2880
f 2751 2880 2879
f 2752 2753 2881
f 2752 2881 2880
f 2753 2754 2882
f 2753 2882 2881
f 2754 2755 2883
f 2754 2883 2882
f 2755 2756 2884
f 2755 2884 2883
f 2756 2757 2885
f 2756 2885 2884
f 2757 2758 2886
f 2757 2886 2885
f 2758 2759 2887
f 2758 2887 2886
f 2759 2760 2888
f 2759 2888 2887
f 2760 2761 2889
f 2760 2889 2888
f 2761 2762 2890
f 2761 2890 2889
f 2762 2763 2891
f 2762 2891 2890
f 2763 2764 2892
f 2763 2892 2891
f 2764 2765 2893
f 2764 2893 2892
f 2765 2766 2894
f 2765 2894 2893
f 2766 2767 2895
f 2766 2895 2894
f 2767 2768 2896
f 2767 2896 2895
f 2768 2769 2897
f 2768 2897 2896
f 2769 2770 2898
f 2769 2898 2897
f 2770 2771 2899
f 2770 2899 2898
f 2771 2772 2900
f 2771 2900 2899
f 2772 2773 2901
f 2772 2901 2900
f 2773 2774 2902
f 2773 2902 2901
f 2774 2775 2903
f 2774 2903 2902
f 2775 2776 2904
f 2775 2904 2903
f 2776 2777 2905
f 2776 2905 2904
f 2777 2778 2906
f 2777 2906 2905
f 2778 2779 2907
f 2778 2907 2906
f 2779 2780 2908
f 2779 2908 2907
f 2780 2781 2909
f 2780 2909 2908
f 2781 2782 2910
f 2781 2910 2909
f 2782 2783 2911
f 2782 2911 2910
f 2783 2784 2912
f 2783 2912 2911
f 2784 2785 2913
f 2784 2913 2912
f 2785 2786 2914
f 2785 2914 2913
f 2786 2787 2915
f 2786 2915 2914
f 2787 2788 2916
f 2787 2916 2915
f 2788 2789 2917
f 2788 2917 2916
f 2789 2790 2918
f 2789 2918 2917
f 2790 2791 2919
f 2790 2919 2918
f 2791 2792 2920
f 2791 2920 2919
f 2792 2793 2921
f 2792 2921 2920
f 2793 2794 2922
f 2793 2922 2921
f 2794 2795 2923
f 2794 2923 2922
f 2795 2796 2924
f 2795 2924 2923
f 2796 2797 2925
f 2796 2925 2924
f 2797 2798 2926
f 2797 2926 2925
f 2798 2799 2927
f 2798 2927 2926
f 2799 2800 2928
f 2799 2928 2927
f 2800 2801 2929
f 2800 2929 2928
f 2801 2802 2930
f 2801 2930 2929
f 2802 2803 2931
f 2802 2931 2930
f 2803 2804 2932
f 2803 2932 2931
f 2804 2805 2933
f 2804 2933 2932
f 2805 2806 2934
f 2805 2934 2933
f 2806 2807 2935
f 2806 2935 2934
f 2807 2808 2936
f 2807 2936 2935
f 2808 2809 2937
f 2808 2937 2936
f 2809 2810 2938
f 2809 2938 2937
f 2810 2811 2939
f 2810 2939 2938
f 2811 2812 2940
f 2811 2940 2939
f 2812 2813 2941
f 2812 2941 2940
f 2813 2814 2942
f 2813 2942 2941
f 2814 2815 2943
f 2814 2943 2942
f 2815 2816 2944
f 2815 2944 2943
f 2816 2689 2817
f 2816 2817 2944
f 2817 2818 2946
f 2817 2946 2945
f 2818 2819 2947
f 2818 2947 2946
f 2819 2820 2948
f 2819 2948 2947
f 2820 2821 2949
f 2820 2949 2948
f 2821 2822 2950
f 2821 2950 2949
f 2822 2823 2951
f 2822 2951 2950
f 2823 2824 2952
f 2823 2952 2951
f 2824 2825 2953
f 2824 2953 2952
f 2825 2826 2954
f 2825 2954 2953
f 2826 2827 2955
f 2826 2955 2954
f 2827 2828 2956
f 2827 2956 2955
f 2828 2829 2957
f 2828 2957 2956
f 2829 2830 2958
f 2829 2958 2957
f 2830 2831 2959
f 2830 2959 2958
f 2831 2832 2960
f 2831 2960 2959
f 2832 2833 2961
f 2832 2961 2960
f 2833 2834 2962
f 2833 2962 2961
f 2834 2835 2963
f 2834 2963 2962
f 2835 2836 2964
f 2835 2964 2963
f 2836 2837 2965
f 2836 2965 2964
f 2837 2838 2966
f 2837 2966 2965
f 2838 2839 2967
f 2838 2967 2966
f 2839 2840 2968
f 2839 2968 2967
f 2840 2841 2969
f 2840 2969 2968
f 2841 2842 2970
f 2841 2970 2969
f 2842 2843 2971
f 2842 2971 2970
f 2843 2844 2972
f 2843 2972 2971
f 2844 2845 2973
f 2844 2973 2972
f 2845 2846 2974
f 2845 2974 2973
f 2846 2847 2975
f 2846 2975 2974
f 2847 2848 2976
f 2847 2976 2975
f 2848 2849 2977
f 2848 2977 2976
f 2849 2850 2978
f 2849 2978 2977
f 2850 2851 2979
f 2850 2979 2978
f 2851 2852 2980
f 2851 2980 2979
f 2852 2853 2981
f 2852 2981 2980
f 2853 2854 2982
f 2853 2982 2981
f 2854 2855 2983
f 2854 2983 2982
f 2855 2856 2984
f 2855 2984 2983
f 2856 2857 2985
f 2856 2985 2984
f 2857 2858 2986
f 2857 2986 2985
f 2858 2859 2987
f 2858 2987 2986
f 2859 2860 2988
f 2859 2988 2987
f 2860 2861 2989
f 2860 2989 2988
f 2861 2862 2990
f 2861 2990 2989
f 2862 2863 2991
f 2862 2991 2990
f 2863 2864 2992
f 2863 2992 2991
f 2864 2865 2993
f 2864 2993 2992
f 2865 2866 2994
f 2865 2994 2993
f 2866 2867 2995
f 2866 2995 2994
f 2867 2868 2996
f 2867 2996 2995
f 2868 2869 2997
f 2868 2997 2996
f 2869 2870 2998
f 2869 2998 2997
f 2870 2871 2999
f 2870 2999 2998
f 2871 2872 3000
f 2871 3000 2999
f 2872 2873 3001
f 2872 3001 3000
f 2873 2874 3002
f 2873 3002 3001
f 2874 2875 3003
f 2874 3003 3002
f 2875 2876 3004
f 2875 3004 3003
f 2876 2877 3005
f 2876 3005 3004
f 2877 2878 3006
f 2877 3006 3005
f 2878 2879 3007
f 2878 3007 3006
f 2879 2880 3008
f 2879 3008 3007
f 2880 2881 3009
f 2880 3009 3008
f 2881 2882 3010
f 2881 3010 3009
f 2882 2883 3011
f 2882 3011 3010
f 2883 2884 3012
f 2883 3012 3011
f 2884 2885 3013
f 2884 3013 3012
f 2885 2886 3014
f 2885 3014 3013
f 2886 2887 3015
f 2886 3015 3014
f 2887 2888 3016
f 2887 3016 3015
f 2888 2889 3017
f 2888 3017 3016
f 2889 2890 3018
f 2889 3018 3017
f 2890 2891 3019
f 2890 3019 3018
f 2891 2892 3020
f 2891 3020 3019
f 2892 2893 3021
f 2892 3021 3020
f 2893 2894 3022
f 2893 3022 3021
f 2894 2895 3023
f 2894 3023 3022
f 2895 2896 3024
f 2895 3024 3023
f 2896 2897 3025
f 2896 3025 3024
f 2897 2898 3026
f 2897 3026 3025
f 2898 2899 3027
f 2898 3027 3026
f 2899 2900 3028
f 2899 3028 3027
f 2900 2901 3029
f 2900 3029 3028
f 2901 2902 3030
f 2901 3030 3029
f 2902 2903 3031
f 2902 3031 3030
f 2903 2904 3032
f 2903 3032 3031
f 2904 2905 3033
f 2904 3033 3032
f 2905 2906 3034
f 2905 3034 3033
f 2906 2907 3035
f 2906 3035 3034
f 2907 2908 3036
f 2907 3036 3035
f 2908 2909 3037
f 2908 3037 3036
f 2909 2910 3038
f 2909 3038 3037
f 2910 2911 3039
f 2910 3039 3038
f 2911 2912 3040
f 2911 3040 3039
f 2912 2913 3041
f 2912 3041 3040
f 2913 2914 3042
f 2913 3042 3041
f 2914 2915 3043
f 2914 3043 3042
f 2915 2916 3044
f 2915 3044 3043
f 2916 2917 3045
f 2916 3045 3044
f 2917 2918 3046
f 2917 3046 3045
f 2918 2919 3047
f 2918 3047 3046
f 2919 2920 3048
f 2919 3048 3047
f 2920 2921 3049
f 2920 3049 3048
f 2921 2922 3050
f 2921 3050 3049
f 2922 2923 3051
f 2922 3051 3050
f 2923 2924 3052
f 2923 3052 3051
f 2924 2925 3053
f 2924 3053 3052
f 2925 2926 3054
f 2925 3054 3053
f 2926 2927 3055
f 2926 3055 3054
f 2927 2928 3056
f 2927 3056 3055
f 2928 2929 3057
f 2928 3057 3056
f 2929 2930 3058
f 2929 3058 3057
f 2930 2931 3059
f 2930 3059 3058
f 2931 2932 3060
f 2931 3060 3059
f 2932 2933 3061
f 2932 3061 3060
f 2933 2934 3062
f 2933 3062 3061
f 2934 2935 3063
f 2934 3063 3062
f 2935 2936 3064
f 2935 3064 3063
f 2936 2937 3065
f 2936 3065 3064
f 2937 2938 3066
f 2937 3066 3065
f 2938 2939 3067
f 2938 3067 3066
f 2939 2940 3068
f 2939 3068 3067
f 2940 2941 3069
f 2940 3069 3068
f 2941 2942 3070
f 2941 3070 3069
f 2942 2943 3071
f 2942 3071 3070
f 2943 2944 3072
f 2943 3072 3071
f 2944 2817 2945
f 2944 2945 3072
f 2945 2946 3074
f 2945 3074 3073
f 2946 2947 3075
f 2946 3075 3074
f 2947 2948 3076
f 2947 3076 3075
f 2948 2949 3077
f 2948 3077 3076
f 2949 2950 3078
f 2949 3078 3077
f 2950 2951 3079
f 2950 3079 3078
f 2951 2952 3080
f 2951 3080 3079
f 2952 2953 3081
f 2952 3081 3080
f 2953 2954 3082
f 2953 3082 3081
f 2954 2955 3083
f 2954 3083 3082
f 2955 2956 3084
f 2955 3084 3083
f 2956 2957 3085
f 2956 3085 3084
f 2957 2958 3086
f 2957 3086 3085
f 2958 2959 3087
f 2958 3087 3086
f 2959 2960 3088
f 2959 3088 3087
f 2960 2961 3089
f 2960 3089 3088
f 2961 2962 3090
f 2961 3090 3089
f 2962 2963 3091
f 2962 3091 3090
f 2963 2964 3092
f 2963 3092 3091
f 2964 2965 3093
f 2964 3093 3092
f 2965 2966 3094
f 2965 3094 3093
f 2966 2967 3095
f 2966 3095 3094
f 2967 2968 3096
f 2967 3096 3095
f 2968 2969 3097
f 2968 3097 3096
f 2969 2970 3098
f 2969 3098 3097
f 2970 2971 3099
f 2970 3099 3098
f 2971 2972 3100
f 2971 3100 3099
f 2972 2973 3101
f 2972 3101 3100
f 2973 2974 3102
f 2973 3102 3101
f 2974 2975 3103
f 2974 3103 3102
f 2975 2976 3104
f 2975 3104 3103
f 2976 2977 3105
f 2976 3105 3104
f 2977 2978 3106
f 2977 3106 3105
f 2978 2979 3107
f 2978 3107 3106
f 2979 2980 3108
f 2979 3108 3107
f 2980 2981 3109
f 2980 3109 3108
f 2981 2982 3110
f 2981 3110 3109
f 2982 2983 3111
f 2982 3111 3110
f 2983 2984 3112
f 2983 3112 3111
f 2984 2985 3113
f 2984 3113 3112
f 2985 2986 3114
f 2985 3114 3113
f 2986 2987 3115
f 2986 3115 3114
f 2987 2988 3116
f 2987 3116 3115
f 2988 2989 3117
f 2988 3117 3116
f 2989 2990 3118
f 2989 3118 3117
f 2990 2991 3119
f 2990 3119 3118
f 2991 2992 3120
f 2991 3120 3119
f 2992 2993 3121
f 2992 3121 3120
f 2993 2994 3122
f 2993 3122 3121
f 2994 2995 3123
f 2994 3123 3122
f 2995 2996 3124
f 2995 3124 3123
f 2996 2997 3125
f 2996 3125 3124
f 2997 2998 3126
f 2997 3126 3125
f 2998 2999 3127
f 2998 3127 3126
f 2999 3000 3128
f 2999 3128 3127
f 3000 3001 3129
f 3000 3129 3128
f 3001 3002 3130
f 3001 3130 3129
f 3002 3003 3131
f 3002 3131 3130
f 3003 3004 3132
f 3003 3132 3131
f 3004 3005 3133
f 3004 3133 3132
f 3005 3006 3134
f 3005 3134 3133
f 3006 3007 3135
f 3006 3135 3134
f 3007 3008 3136
f 3007 3136 3135
f 3008 3009 3137
f 3008 3137 3136
f 3009 3010 3138
f 3009 3138 3137
f 3010 3011 3139
f 3010 3139 3138
f 3011 3012 3140
f 3011 3140 3139
f 3012 3013 3141
f 3012 3141 3140
f 3013 3014 3142
f 3013 3142 3141
f 3014 3015 3143
f 3014 3143 3142
f 3015 3016 3144
f 3015 3144 3143
f 3016 3017 3145
f 3016 3145 3144
f 3017 3018 3146
f 3017 3146 3145
f 3018 3019 3147
f 3018 3147 3146
f 3019 3020 3148
f 3019 3148 3147
f 3020 3021 3149
f 3020 3149 3148
f 3021 3022 3150
f 3021 3150 3149
f 3022 3023 3151
f 3022 3151 3150
f 3023 3024 3152
f 3023 3152 3151
f 3024 3025 3153
f 3024 3153 3152
f 3025 3026 3154
f 3025 3154 3153
f 3026 3027 3155
f 3026 3155 3154
f 3027 3028 3156
f 3027 3156 3155
f 3028 3029 3157
f 3028 3157 3156
f 3029 3030 3158
f 3029 3158 3157
f 3030 3031 3159
f 3030 3159 3158
f 3031 3032 3160
f 3031 3160 3159
f 3032 3033 3161
f 3032 3161 3160
f 3033 3034 3162
f 3033 3162 3161
f 3034 3035 3163
f 3034 3163 3162
f 3035 3036 3164
f 3035 3164 3163
f 3036 3037 3165
f 3036 3165 3164
f 3037 3038 3166
f 3037 3166 3165
f 3038 3039 3167
f 3038 3167 3166
f 3039 3040 3168
f 3039 3168 3167
f 3040 3041 3169
f 3040 3169 3168
f 3041 3042 3170
f 3041 3170 3169
f 3042 3043 3171
f 3042 3171 3170
f 3043 3044 3172
f 3043 3172 3171
f 3044 3045 3173
f 3044 3173 3172
f 3045 3046 3174
f 3045 3174 3173
f 3046 3047 3175
f 3046 3175 3174
f 3047 3048 3176
f 3047 3176 3175
f 3048 3049 3177
f 3048 3177 3176
f 3049 3050 3178
f 3049 3178 3177
f 3050 3051 3179
f 3050 3179 3178
f 3051 3052 3180
f 3051 3180 3179
f 3052 3053 3181
f 3052 3181 3180
f 3053 3054 3182
f 3053 3182 3181
f 3054 3055 3183
f 3054 3183 3182
f 3055 3056 3184
f 3055 3184 3183
f 3056 3057 3185
f 3056 3185 3184
f 3057 3058 3186
f 3057 3186 3185
f 3058 3059 3187
f 3058 3187 3186
f 3059 3060 3188
f 3059 3188 3187
f 3060 3061 3189
f 3060 3189 3188
f 3061 3062 3190
f 3061 3190 3189
f 3062 3063 3191
f 3062 3191 3190
f 3063 3064 3192
f 3063 3192 3191
f 3064 3065 3193
f 3064 3193 3192
f 3065 3066 3194
f 3065 3194 3193
f 3066 3067 3195
f 3066 3195 3194
f 3067 3068 3196
f 3067 3196 3195
f 3068 3069 3197
f 3068 3197 3196
f 3069 3070 3198
f 3069 3198 3197
f 3070 3071 3199
f 3070 3199 3198
f 3071 3072 3200
f 3071 3200 3199
f 3072 2945 3073
f 3072 3073 3200
f 3073 3074 3202
f 3073 3202 3201
f 3074 3075 3203
f 3074 3203 3202
f 3075 3076 3204
f 3075 3204 3203
f 3076 3077 3205
f 3076 3205 3204
f 3077 3078 3206
f 3077 3206 3205
f 3078 3079 3207
f 3078 3207 3206
f 3079 3080 3208
f 3079 3208 3207
f 3080 3081 3209
f 3080 3209 3208
f 3081 3082 3210
f 3081 3210 3209
f 3082 3083 3211
f 3082 3211 3210
f 3083 3084 3212
f 3083 3212 3211
f 3084 3085 3213
f 3084 3213 3212
f 3085 3086 3214
f 3085 3214 3213
f 3086 3087 3215
f 3086 3215 3214
f 3087 3088 3216
f 3087 3216 3215
f 3088 3089 3217
f 3088 3217 3216
f 3089 3090 3218
f 3089 3218 3217
f 3090 3091 3219
f 3090 3219 3218
f 3091 3092 3220
f 3091 3220 3219
f 3092 3093 3221
f 3092 3221 3220
f 3093 3094 3222
f 3093 3222 3221
f 3094 3095 3223
f 3094 3223 3222
f 3095 3096 3224
f 3095 3224 3223
f 3096 3097 3225
f 3096 3225 3224
f 3097 3098 3226
f 3097 3226 3225
f 3098 3099 3227
f 3098 3227 3226
f 3099 3100 3228
f 3099 3228 3227
f 3100 3101 3229
f 3100 3229 3228
f 3101 3102 3230
f 3101 3230 3229
f 3102 3103 3231
f 3102 3231 3230
f 3103 3104 3232
f 3103 3232 3231
f 3104 3105 3233
f 3104 3233 3232
f 3105 3106 3234
f 3105 3234 3233
f 3106 3107 3235
f 3106 3235 3234
f 3107 3108 3236
f 3107 3236 3235
f 3108 3109 3237
f 3108 3237 3236
f 3109 3110 3238
f 3109 3238 3237
f 3110 3111 3239
f 3110 3239 3238
f 3111 3112 3240
f 3111 3240 3239
f 3112 3113 3241
f 3112 3241 3240
f 3113 3114 3242
f 3113 3242 3241
f 3114 3115 3243
f 3114 3243 3242
f 3115 3116 3244
f 3115 3244 3243
f 3116 3117 3245
f 3116 3245 3244
f 3117 3118 3246
f 3117 3246 3245
f 3118 3119 3247
f 3118 3247 3246
f 3119 3120 3248
f 3119 3248 3247
f 3120 3121 3249
f 3120 3249 3248
f 3121 3122 3250
f 3121 3250 3249
f 3122 3123 3251
f 3122 3251 3250
f 3123 3124 3252
f 3123 3252 3251
f 3124 3125 3253
f 3124 3253 3252
f 3125 3126 3254
f 3125 3254 3253
f 3126 3127 3255
f 3126 3255 3254
f 3127 3128 3256
f 3127 3256 3255
f 3128 3129 3257
f 3128 3257 3256
f 3129 3130 3258
f 3129 3258 3257
f 3130 3131 3259
f 3130 3259 3258
f 3131 3132 3260
f 3131 3260 3259
f 3132 3133 3261
f 3132 3261 3260
f 3133 3134 3262
f 3133 3262 3261
f 3134 3135 3263
f 3134 3263 3262
f 3135 3136 3264
f 3135 3264 3263
f 3136 3137 3265
f 3136 3265 3264
f 3137 3138 3266
f 3137 3266 3265
f 3138 3139 3267
f 3138 3267 3266
f 3139 3140 3268
f 3139 3268 3267
f 3140 3141 3269
f 3140 3269 3268
f 3141 3142 3270
f 3141 3270 3269
f 3142 3143 3271
f 3142 3271 3270
f 3143 3144 3272
f 3143 3272 3271
f 3144 3145 3273
f 3144 3273 3272
f 3145 3146 3274
f 3145 3274 3273
f 3146 3147 3275
f 3146 3275 3274
f 3147 3148 3276
f 3147 3276 3275
f 3148 3149 3277
f 3148 3277 3276
f 3149 3150 3278
f 3149 3278 3277
f 3150 3151 3279
f 3150 3279 3278
f 3151 3152 3280
f 3151 3280 3279
f 3152 3153 3281
f 3152 3281 3280
f 3153 3154 3282
f 3153 3282 3281
f 3154 3155 3283
f 3154 3283 3282
f 3155 3156 3284
f 3155 3284 3283
f 3156 3157 3285
f 3156 3285 3284
f 3157 3158 3286
f 3157 3286 3285
f 3158 3159 3287
f 3158 3287 3286
f 3159 3160 3288
f 3159 3288 3287
f 3160 3161 3289
f 3160 3289 3288
f 3161 3162 3290
f 3161 3290 3289
f 3162 3163 3291
f 3162 3291 3290
f 3163 3164 3292
f 3163 3292 3291
f 3164 3165 3293
f 3164 3293 3292
f 3165 3166 3294
f 3165 3294 3293
f 3166 3167 3295
f 3166 3295 3294
f 3167 3168 3296
f 3167 3296 3295
f 3168 3169 3297
f 3168 3297 3296
f 3169 3170 3298
f 3169 3298 3297
f 3170 3171 3299
f 3170 3299 3298
f 3171 3172 3300
f 3171 3300 3299
f 3172 3173 3301
f 3172 3301 3300
f 3173 3174 3302
f 3173 3302 3301
f 3174 3175 3303
f 3174 3303 3302
f 3175 3176 3304
f 3175 3304 3303
f 3176 3177 3305
f 3176 3305 3304
f 3177 3178 3306
f 3177 3306 3305
f 3178 3179 3307
f 3178 3307 3306
f 3179 3180 3308
f 3179 3308 3307
f 3180 3181 3309
f 3180 3309 3308
f 3181 3182 3310
f 3181 3310 3309
f 3182 3183 3311
f 3182 3311 3310
f 3183 3184 3312
f 3183 3312 3311
f 3184 3185 3313
f 3184 3313 3312
f 3185 3186 3314
f 3185 3314 3313
f 3186 3187 3315
f 3186 3315 3314
f 3187 3188 3316
f 3187 3316 3315
f 3188 3189 3317
f 3188 3317 3316
f 3189 3190 3318
f 3189 3318 3317
f 3190 3191 3319
f 3190 3319 3318
f 3191 3192 3320
f 3191 3320 3319
f 3192 3193 3321
f 3192 3321 3320
f 3193 3194 3322
f 3193 3322 3321
f 3194 3195 3323
f 3194 3323 3322
f 3195 3196 3324
f 3195 3324 3323
f 3196 3197 3325
f 3196 3325 3324
f 3197 3198 3326
f 3197 3326 3325
f 3198 3199 3327
f 3198 3327 3326
f 3199 3200 3328
f 3199 3328 3327
f 3200 3073 3201
f 3200 3201 3328
f 3201 3202 3330
f 3201 3330 3329
f 3202 3203 3331
f 3202 3331 3330
f 3203 3204 3332
f 3203 3332 3331
f 3204 3205 3333
f 3204 3333 3332
f 3205 3206 3334
f 3205 3334 3333
f 3206 3207 3335
f 3206 3335 3334
f 3207 3208 3336
f 3207 3336 3335
f 3208 3209 3337
f 3208 3337 3336
f 3209 3210 3338
f 3209 3338 3337
f 3210 3211 3339
f 3210 3339 3338
f 3211 3212 3340
f 3211 3340 3339
f 3212 3213 3341
f 3212 3341 3340
f 3213 3214 3342
f 3213 3342 3341
f 3214 3215 3343
f 3214 3343 3342
f 3215 3216 3344
f 3215 3344 3343
f 3216 3217 3345
f 3216 3345 3344
f 3217 3218 3346
f 3217 3346 3345
f 3218 3219 3347
f 3218 3347 3346
f 3219 3220 3348
f 3219 3348 3347
f 3220 3221 3349
f 3220 3349 3348
f 3221 3222 3350
f 3221 3350 3349
f 3222 3223 3351
f 3222 3351 3350
f 3223 3224 3352
f 3223 3352 3351
f 3224 3225 3353
f 3224 3353 3352
f 3225 3226 3354
f 3225 3354 3353
f 3226 3227 3355
f 3226 3355 3354
f 3227 3228 3356
f 3227 3356 3355
f 3228 3229 3357
f 3228 3357 3356
f 3229 3230 3358
f 3229 3358 3357
f 3230 3231 3359
f 3230 3359 3358
f 3231 3232 3360
f 3231 3360 3359
f 3232 3233 3361
f 3232 3361 3360
f 3233 3234 3362
f 3233 3362 3361
f 3234 3235 3363
f 3234 3363 3362
f 3235 3236 3364
f 3235 3364 3363
f 3236 3237 3365
f 3236 3365 3364
f 3237 3238 3366
f 3237 3366 3365
f 3238 3239 3367
f 3238 3367 3366
f 3239 3240 3368
f 3239 3368 3367
f 3240 3241 3369
f 3240 3369 3368
f 3241 3242 3370
f 3241 3370 3369
f 3242 3243 3371
f 3242 3371 3370
f 3243 3244 3372
f 3243 3372 3371
f 3244 3245 3373
f 3244 3373 3372
f 3245 3246 3374
f 3245 3374 3373
f 3246 3247 3375
f 3246 3375 3374
f 3247 3248 3376
f 3247 3376 3375
f 3248 3249 3377
f 3248 3377 3376
f 3249 3250 3378
f 3249 3378 3377
f 3250 3251 3379
f 3250 3379 3378
f 3251 3252 3380
f 3251 3380 3379
f 3252 3253 3381
f 3252 3381 3380
f 3253 3254 3382
f 3253 3382 3381
f 3254 3255 3383
f 3254 3383 3382
f 3255 3256 3384
f 3255 3384 3383
f 3256 3257 3385
f 3256 3385 3384
f 3257 3258 3386
f 3257 3386 3385
f 3258 3259 3387
f 3258 3387 3386
f 3259 3260 3388
f 3259 3388 3387
f 3260 3261 3389
f 3260 3389 3388
f 3261 3262 3390
f 3261 3390 3389
f 3262 3263 3391
f 3262 3391 3390
f 3263 3264 3392
f 3263 3392 3391
f 3264 3265 3393
f 3264 3393 3392
f 3265 3266 3394
f 3265 3394 3393
f 3266 3267 3395
f 3266 3395 3394
f 3267 3268 3396
f 3267 3396 3395
f 3268 3269 3397
f 3268 3397 3396
f 3269 3270 3398
f 3269 3398 3397
f 3270 3271 3399
f 3270 3399 3398
f 3271 3272 3400
f 3271 3400 3399
f 3272 3273 3401
f 3272 3401 3400
f 3273 3274 3402
f 3273 3402 3401
f 3274 3275 3403
f 3274 3403 3402
f 3275 3276 3404
f 3275 3404 3403
f 3276 3277 3405
f 3276 3405 3404
f 3277 3278 3406
f 3277 3406 3405
f 3278 3279 3407
f 3278 3407 3406
f 3279 3280 3408
f 3279 3408 3407
f 3280 3281 3409
f 3280 3409 3408
f 3281 3282 3410
f 3281 3410 3409
f 3282 3283 3411
f 3282 3411 3410
f 3283 3284 3412
f 3283 3412 3411
f 3284 3285 3413
f 3284 3413 3412
f 3285 3286 3414
f 3285 3414 3413
f 3286 3287 3415
f 3286 3415 3414
f 3287 3288 3416
f 3287 3416 3415
f 3288 3289 3417
f 3288 3417 3416
f 3289 3290 3418
f 3289 3418 3417
f 3290 3291 3419
f 3290 3419 3418
f 3291 3292 3420
f 3291 3420 3419
f 3292 3293 3421
f 3292 3421 3420
f 3293 3294 3422
f 3293 3422 3421
f 3294 3295 3423
f 3294 3423 3422
f 3295 3296 3424
f 3295 3424 3423
f 3296 3297 3425
f 3296 3425 3424
f 3297 3298 3426
f 3297 3426 3425
f 3298 3299 3427
f 3298 3427 3426
f 3299 3300 3428
f 3299 3428 3427
f 3300 3301 3429
f 3300 3429 3428
f 3301 3302 3430
f 3301 3430 3429
f 3302 3303 3431
f 3302 3431 3430
f 3303 3304 3432
f 3303 3432 3431
f 3304 3305 3433
f 3304 3433 3432
f 3305 3306 3434
f 3305 3434 3433
f 3306 3307 3435
f 3306 3435 3434
f 3307 3308 3436
f 3307 3436 3435
f 3308 3309 3437
f 3308 3437 3436
f 3309 3310 3438
f 3309 3438 3437
f 3310 3311 3439
f 3310 3439 3438
f 3311 3312 3440
f 3311 3440 3439
f 3312 3313 3441
f 3312 3441 3440
f 3313 3314 3442
f 3313 3442 3441
f 3314 3315 3443
f 3314 3443 3442
f 3315 3316 3444
f 3315 3444 3443
f 3316 3317 3445
f 3316 3445 3444
f 3317 3318 3446
f 3317 3446 3445
f 3318 3319 3447
f 3318 3447 3446
f 3319 3320 3448
f 3319 3448 3447
f 3320 3321 3449
f 3320 3449 3448
f 3321 3322 3450
f 3321 3450 3449
f 3322 3323 3451
f 3322 3451 3450
f 3323 3324 3452
f 3323 3452 3451
f 3324 3325 3453
f 3324 3453 3452
f 3325 3326 3454
f 3325 3454 3453
f 3326 3327 3455
f 3326 3455 3454
f 3327 3328 3456
f 3327 3456 3455
f 3328 3201 3329
f 3328 3329 3456
f 3329 3330 3458
f 3329 3458 3457
f 3330 3331 3459
f 3330 3459 3458
f 3331 3332 3460
f 3331 3460 3459
f 3332 3333 3461
f 3332 3461 3460
f 3333 3334 3462
f 3333 3462 3461
f 3334 3335 3463
f 3334 3463 3462
f 3335 3336 3464
f 3335 3464 3463
f 3336 3337 3465
f 3336 3465 3464
f 3337 3338 3466
f 3337 3466 3465
f 3338 3339 3467
f 3338 3467 3466
f 3339 3340 3468
f 3339 3468 3467
f 3340 3341 3469
f 3340 3469 3468
f 3341 3342 3470
f 3341 3470 3469
f 3342 3343 3471
f 3342 3471 3470
f 3343 3344 3472
f 3343 3472 3471
f 3344 3345 3473
f 3344 3473 3472
f 3345 3346 3474
f 3345 3474 3473
f 3346 3347 3475
f 3346 3475 3474
f 3347 3348 3476
f 3347 3476 3475
f 3348 3349 3477
f 3348 3477 3476
f 3349 3350 3478
f 3349 3478 3477
f 3350 3351 3479
f 3350 3479 3478
f 3351 3352 3480
f 3351 3480 3479
f 3352 3353 3481
f 3352 3481 3480
f 3353 3354 3482
f 3353 3482 3481
f 3354 3355 3483
f 3354 3483 3482
f 3355 3356 3484
f 3355 3484 3483
f 3356 3357 3485
f 3356 3485 3484
f 3357 3358 3486
f 3357 3486 3485
f 3358 3359 3487
f 3358 3487 3486
f 3359 3360 3488
f 3359 3488 3487
f 3360 3361 3489
f 3360 3489 3488
f 3361 3362 3490
f 3361 3490 3489
f 3362 3363 3491
f 3362 3491 3490
f 3363 3364 3492
f 3363 3492 3491
f 3364 3365 3493
f 3364 3493 3492
f 3365 3366 3494
f 3365 3494 3493
f 3366 3367 3495
f 3366 3495 3494
f 3367 3368 3496
f 3367 3496 3495
f 3368 3369 3497
f 3368 3497 3496
f 3369 3370 3498
f 3369 3498 3497
f 3370 3371 3499
f 3370 3499 3498
f 3371 3372 3500
f 3371 3500 3499
f 3372 3373 3501
f 3372 3501 3500
f 3373 3374 3502
f 3373 3502 3501
f 3374 3375 3503
f 3374 3503 3502
f 3375 3376 3504
f 3375 3504 3503
f 3376 3377 3505
f 3376 3505 3504
f 3377 3378 3506
f 3377 3506 3505
f 3378 3379 3507
f 3378 3507 3506
f 3379 3380 3508
f 3379 3508 3507
f 3380 3381 3509
f 3380 3509 3508
f 3381 3382 3510
f 3381 3510 3509
f 3382 3383 3511
f 3382 3511 3510
f 3383 3384 3512
f 3383 3512 3511
f 3384 3385 3513
f 3384 3513 3512
f 3385 3386 3514
f 3385 3514 3513
f 3386 3387 3515
f 3386 3515 3514
f 3387 3388 3516
f 3387 3516 3515
f 3388 3389 3517
f 3388 3517 3516
f 3389 3390 3518
f 3389 3518 3517
f 3390 3391 3519
f 3390 3519 3518
f 3391 3392 3520
f 3391 3520 3519
f 3392 3393 3521
f 3392 3521 3520
f 3393 3394 3522
f 3393 3522 3521
f 3394 3395 3523
f 3394 3523 3522
f 3395 3396 3524
f 3395 3524 3523
f 3396 3397 3525
f 3396 3525 3524
f 3397 3398 3526
f 3397 3526 3525
f 3398 3399 3527
f 3398 3527 3526
f 3399 3400 3528
f 3399 3528 3527
f 3400 3401 3529
f 3400 3529 3528
f 3401 3402 3530
f 3401 3530 3529
f 3402 3403 3531
f 3402 3531 3530
f 3403 3404 3532
f 3403 3532 3531
f 3404 3405 3533
f 3404 3533 3532
f 3405 3406 3534
f 3405 3534 3533
f 3406 3407 3535
f 3406 3535 3534
f 3407 3408 3536
f 3407 3536 3535
f 3408 3409 3537
f 3408 3537 3536
f 3409 3410 3538
f 3409 3538 3537
f 3410 3411 3539
f 3410 3539 3538
f 3411 3412 3540
f 3411 3540 3539
f 3412 3413 3541
f 3412 3541 3540
f 3413 3414 3542
f 3413 3542 3541
f 3414 3415 3543
f 3414 3543 3542
f 3415 3416 3544
f 3415 3544 3543
f 3416 3417 3545
f 3416 3545 3544
f 3417 3418 3546
f 3417 3546 3545
f 3418 3419 3547
f 3418 3547 3546
f 3419 3420 3548
f 3419 3548 3547
f 3420 3421 3549
f 3420 3549 3548
f 3421 3422 3550
f 3421 3550 3549
f 3422 3423 3551
f 3422 3551 3550
f 3423 3424 3552
f 3423 3552 3551
f 3424 3425 3553
f 3424 3553 3552
f 3425 3426 3554
f 3425 3554 3553
f 3426 3427 3555
f 3426 3555 3554
f 3427 3428 3556
f 3427 3556 3555
f 3428 3429 3557
f 3428 3557 3556
f 3429 3430 3558
f 3429 3558 3557
f 3430 3431 3559
f 3430 3559 3558
f 3431 3432 3560
f 3431 3560 3559
f 3432 3433 3561
f 3432 3561 3560
f 3433 3434 3562
f 3433 3562 3561
f 3434 3435 3563
f 3434 3563 3562
f 3435 3436 3564
f 3435 3564 3563
f 3436 3437 3565
f 3436 3565 3564
f 3437 3438 3566
f 3437 3566 3565
f 3438 3439 3567
f 3438 3567 3566
f 3439 3440 3568
f 3439 3568 3567
f 3440 3441 3569
f 3440 3569 3568
f 3441 3442 3570
f 3441 3570 3569
f 3442 3443 3571
f 3442 3571 3570
f 3443 3444 3572
f 3443 3572 3571
f 3444 3445 3573
f 3444 3573 3572
f 3445 3446 3574
f 3445 3574 3573
f 3446 3447 3575
f 3446 3575 3574
f 3447 3448 3576
f 3447 3576 3575
f 3448 3449 3577
f 3448 3577 3576
f 3449 3450 3578
f 3449 3578 3577
f 3450 3451 3579
f 3450 3579 3578
f 3451 3452 3580
f 3451 3580 3579
f 3452 3453 3581
f 3452 3581 3580
f 3453 3454 3582
f 3453 3582 3581
f 3454 3455 3583
f 3454 3583 3582
f 3455 3456 3584
f 3455 3584 3583
f 3456 3329 3457
f 3456 3457 3584
f 3457 3458 3586
f 3457 3586 3585
f 3458 3459 3587
f 3458 3587 3586
f 3459 3460 3588
f 3459 3588 3587
f 3460 3461 3589
f 3460 3589 3588
f 3461 3462 3590
f 3461 3590 3589
f 3462 3463 3591
f 3462 3591 3590
f 3463 3464 3592
f 3463 3592 3591
f 3464 3465 3593
f 3464 3593 3592
f 3465 3466 3594
f 3465 3594 3593
f 3466 3467 3595
f 3466 3595 3594
f 3467 3468 3596
f 3467 3596 3595
f 3468 3469 3597
f 3468 3597 3596
f 3469 3470 3598
f 3469 3598 3597
f 3470 3471 3599
f 3470 3599 3598
f 3471 3472 3600
f 3471 3600 3599
f 3472 3473 3601
f 3472 3601 3600
f 3473 3474 3602
f 3473 3602 3601
f 3474 3475 3603
f 3474 3603 3602
f 3475 3476 3604
f 3475 3604 3603
f 3476 3477 3605
f 3476 3605 3604
f 3477 3478 3606
f 3477 3606 3605
f 3478 3479 3607
f 3478 3607 3606
f 3479 3480 3608
f 3479 3608 3607
f 3480 3481 3609
f 3480 3609 3608
f 3481 3482 3610
f 3481 3610 3609
f 3482 3483 3611
f 3482 3611 3610
f 3483 3484 3612
f 3483 3612 3611
f 3484 3485 3613
f 3484 3613 3612
f 3485 3486 3614
f 3485 3614 3613
f 3486 3487 3615
f 3486 3615 3614
f 3487 3488 3616
f 3487 3616 3615
f 3488 3489 3617
f 3488 3617 3616
f 3489 3490 3618
f 3489 3618 3617
f 3490 3491 3619
f 3490 3619 3618
f 3491 3492 3620
f 3491 3620 3619
f 3492 3493 3621
f 3492 3621 3620
f 3493 3494 3622
f 3493 3622 3621
f 3494 3495 3623
f 3494 3623 3622
f 3495 3496 3624
f 3495 3624 3623
f 3496 3497 3625
f 3496 3625 3624
f 3497 3498 3626
f 3497 3626 3625
f 3498 3499 3627
f 3498 3627 3626
f 3499 3500 3628
f 3499 3628 3627
f 3500 3501 3629
f 3500 3629 3628
f 3501 3502 3630
f 3501 3630 3629
f 3502 3503 3631
f 3502 3631 3630
f 3503 3504 3632
f 3503 3632 3631
f 3504 3505 3633
f 3504 3633 3632
f 3505 3506 3634
f 3505 3634 3633
f 3506 3507 3635
f 3506 3635 3634
f 3507 3508 3636
f 3507 3636 3635
f 3508 3509 3637
f 3508 3637 3636
f 3509 3510 3638
f 3509 3638 3637
f 3510 3511 3639
f 3510 3639 3638
f 3511 3512 3640
f 3511 3640 3639
f 3512 3513 3641
f 3512 3641 3640
f 3513 3514 3642
f 3513 3642 3641
f 3514 3515 3643
f 3514 3643 3642
f 3515 3516 3644
f 3515 3644 3643
f 3516 3517 3645
f 3516 3645 3644
f 3517 3518 3646
f 3517 3646 3645
f 3518 3519 3647
f 3518 3647 3646
f 3519 3520 3648
f 3519 3648 3647
f 3520 3521 3649
f 3520 3649 3648
f 3521 3522 3650
f 3521 3650 3649
f 3522 3523 3651
f 3522 3651 3650
f 3523 3524 3652
f 3523 3652 3651
f 3524 3525 3653
f 3524 3653 3652
f 3525 3526 3654
f 3525 3654 3653
f 3526 3527 3655
f 3526 3655 3654
f 3527 3528 3656
f 3527 3656 3655
f 3528 3529 3657
f 3528 3657 3656
f 3529 3530 3658
f 3529 3658 3657
f 3530 3531 3659
f 3530 3659 3658
f 3531 3532 3660
f 3531 3660 3659
f 3532 3533 3661
f 3532 3661 3660
f 3533 3534 3662
f 3533 3662 3661
f 3534 3535 3663
f 3534 3663 3662
f 3535 3536 3664
f 3535 3664 3663
f 3536 3537 3665
f 3536 3665 3664
f 3537 3538 3666
f 3537 3666 3665
f 3538 3539 3667
f 3538 3667 3666
f 3539 3540 3668
f 3539 3668 3667
f 3540 3541 3669
f 3540 3669 3668
f 3541 3542 3670
f 3541 3670 3669
f 3542 3543 3671
f 3542 3671 3670
f 3543 3544 3672
f 3543 3672 3671
f 3544 3545 3673
f 3544 3673 3672
f 3545 3546 3674
f 3545 3674 3673
f 3546 3547 3675
f 3546 3675 3674
f 3547 3548 3676
f 3547 3676 3675
f 3548 3549 3677
f 3548 3677 3676
f 3549 3550 3678
f 3549 3678 3677
f 3550 3551 3679
f 3550 3679 3678
f 3551 3552 3680
f 3551 3680 3679
f 3552 3553 3681
f 3552 3681 3680
f 3553 3554 3682
f 3553 3682 3681
f 3554 3555 3683
f 3554 3683 3682
f 3555 3556 3684
f 3555 3684 3683
f 3556 3557 3685
f 3556 3685 3684
f 3557 3558 3686
f 3557 3686 3685
f 3558 3559 3687
f 3558 3687 3686
f 3559 3560 3688
f 3559 3688 3687
f 3560 3561 3689
f 3560 3689 3688
f 3561 3562 3690
f 3561 3690 3689
f 3562 3563 3691
f 3562 3691 3690
f 3563 3564 3692
f 3563 3692 3691
f 3564 3565 3693
f 3564 3693 3692
f 3565 3566 3694
f 3565 3694 3693
f 3566 3567 3695
f 3566 3695 3694
f 3567 3568 3696
f 3567 3696 3695
f 3568 3569 3697
f 3568 3697 3696
f 3569 3570 3698
f 3569 3698 3697
f 3570 3571 3699
f 3570 3699 3698
f 3571 3572 3700
f 3571 3700 3699
f 3572 3573 3701
f 3572 3701 3700
f 3573 3574 3702
f 3573 3702 3701
f 3574 3575 3703
f 3574 3703 3702
f 3575 3576 3704
f 3575 3704 3703
f 3576 3577 3705
f 3576 3705 3704
f 3577 3578 3706
f 3577 3706 3705
f 3578 3579 3707
f 3578 3707 3706
f 3579 3580 3708
f 3579 3708 3707
f 3580 3581 3709
f 3580 3709 3708
f 3581 3582 3710
f 3581 3710 3709
f 3582 3583 3711
f 3582 3711 3710
f 3583 3584 3712
f 3583 3712 3711
f 3584 3457 3585
f 3584 3585 3712
f 3585 3586 3714
f 3585 3714 3713
f 3586 3587 3715
f 3586 3715 3714
f 3587 3588 3716
f 3587 3716 3715
f 3588 3589 3717
f 3588 3717 3716
f 3589 3590 3718
f 3589 3718 3717
f 3590 3591 3719
f 3590 3719 3718
f 3591 3592 3720
f 3591 3720 3719
f 3592 3593 3721
f 3592 3721 3720
f 3593 3594 3722
f 3593 3722 3721
f 3594 3595 3723
f 3594 3723 3722
f 3595 3596 3724
f 3595 3724 3723
f 3596 3597 3725
f 3596 3725 3724
f 3597 3598 3726
f 3597 3726 3725
f 3598 3599 3727
f 3598 3727 3726
f 3599 3600 3728
f 3599 3728 3727
f 3600 3601 3729
f 3600 3729 3728
f 3601 3602 3730
f 3601 3730 3729
f 3602 3603 3731
f 3602 3731 3730
f 3603 3604 3732
f 3603 3732 3731
f 3604 3605 3733
f 3604 3733 3732
f 3605 3606 3734
f 3605 3734 3733
f 3606 3607 3735
f 3606 3735 3734
f 3607 3608 3736
f 3607 3736 3735
f 3608 3609 3737
f 3608 3737 3736
f 3609 3610 3738
f 3609 3738 3737
f 3610 3611 3739
f 3610 3739 3738
f 3611 3612 3740
f 3611 3740 3739
f 3612 3613 3741
f 3612 3741 3740
f 3613 3614 3742
f 3613 3742 3741
f 3614 3615 3743
f 3614 3743 3742
f 3615 3616 3744
f 3615 3744 3743
f 3616 3617 3745
f 3616 3745 3744
f 3617 3618 3746
f 3617 3746 3745
f 3618 3619 3747
f 3618 3747 3746
f 3619 3620 3748
f 3619 3748 3747
f 3620 3621 3749
f 3620 3749 3748
f 3621 3622 3750
f 3621 3750 3749
f 3622 3623 3751
f 3622 3751 3750
f 3623 3624 3752
f 3623 3752 3751
f 3624 3625 3753
f 3624 3753 3752
f 3625 3626 3754
f 3625 3754 3753
f 3626 3627 3755
f 3626 3755 3754
f 3627 3628 3756
f 3627 3756 3755
f 3628 3629 3757
f 3628 3757 3756
f 3629 3630 3758
f 3629 3758 3757
f 3630 3631 3759
f 3630 3759 3758
f 3631 3632 3760
f 3631 3760 3759
f 3632 3633 3761
f 3632 3761 3760
f 3633 3634 3762
f 3633 3762 3761
f 3634 3635 3763
f 3634 3763 3762
f 3635 3636 3764
f 3635 3764 3763
f 3636 3637 3765
f 3636 3765 3764
f 3637 3638 3766
f 3637 3766 3765
f 3638 3639 3767
f 3638 3767 3766
f 3639 3640 3768
f 3639 3768 3767
f 3640 3641 3769
f 3640 3769 3768
f 3641 3642 3770
f 3641 3770 3769
f 3642 3643 3771
f 3642 3771 3770
f 3643 3644 3772
f 3643 3772 3771
f 3644 3645 3773
f 3644 3773 3772
f 3645 3646 3774
f 3645 3774 3773
f 3646 3647 3775
f 3646 3775 3774
f 3647 3648 3776
f 3647 3776 3775
f 3648 3649 3777
f 3648 3777 3776
f 3649 3650 3778
f 3649 3778 3777
f 3650 3651 3779
f 3650 3779 3778
f 3651 3652 3780
f 3651 3780 3779
f 3652 3653 3781
f 3652 3781 3780
f 3653 3654 3782
f 3653 3782 3781
f 3654 3655 3783
f 3654 3783 3782
f 3655 3656 3784
f 3655 3784 3783
f 3656 3657 3785
f 3656 3785 3784
f 3657 3658 3786
f 3657 3786 3785
f 3658 3659 3787
f 3658 3787 3786
f 3659 3660 3788
f 3659 3788 3787
f 3660 3661 3789
f 3660 3789 3788
f 3661 3662 3790
f 3661 3790 3789
f 3662 3663 3791
f 3662 3791 3790
f 3663 3664 3792
f 3663 3792 3791
f 3664 3665 3793
f 3664 3793 3792
f 3665 3666 3794
f 3665 3794 3793
f 3666 3667 3795
f 3666 3795 3794
f 3667 3668 3796
f 3667 3796 3795
f 3668 3669 3797
f 3668 3797 3796
f 3669 3670 3798
f 3669 3798 3797
f 3670 3671 3799
f 3670 3799 3798
f 3671 3672 3800
f 3671 3800 3799
f 3672 3673 3801
f 3672 3801 3800
f 3673 3674 3802
f 3673 3802 3801
f 3674 3675 3803
f 3674 3803 3802
f 3675 3676 3804
f 3675 3804 3803
f 3676 3677 3805
f 3676 3805 3804
f 3677 3678 3806
f 3677 3806 3805
f 3678 3679 3807
f 3678 3807 3806
f 3679 3680 3808
f 3679 3808 3807
f 3680 3681 3809
f 3680 3809 3808
f 3681 3682 3810
f 3681 3810 3809
f 3682 3683 3811
f 3682 3811 3810
f 3683 3684 3812
f 3683 3812 3811
f 3684 3685 3813
f 3684 3813 3812
f 3685 3686 3814
f 3685 3814 3813
f 3686 3687 3815
f 3686 3815 3814
f 3687 3688 3816
f 3687 3816 3815
f 3688 3689 3817
f 3688 3817 3816
f 3689 3690 3818
f 3689 3818 3817
f 3690 3691 3819
f 3690 3819 3818
f 3691 3692 3820
f 3691 3820 3819
f 3692 3693 3821
f 3692 3821 3820
f 3693 3694 3822
f 3693 3822 3821
f 3694 3695 3823
f 3694 3823 3822
f 3695 3696 3824
f 3695 3824 3823
f 3696 3697 3825
f 3696 3825 3824
f 3697 3698 3826
f 3697 3826 3825
f 3698 3699 3827
f 3698 3827 3826
f 3699 3700 3828
f 3699 3828 3827
f 3700 3701 3829
f 3700 3829 3828
f 3701 3702 3830
f 3701 3830 3829
f 3702 3703 3831
f 3702 3831 3830
f 3703 3704 3832
f 3703 3832 3831
f 3704 3705 3833
f 3704 3833 3832
f 3705 3706 3834
f 3705 3834 3833
f 3706 3707 3835
f 3706 3835 3834
f 3707 3708 3836
f 3707 3836 3835
f 3708 3709 3837
f 3708 3837 3836
f 3709 3710 3838
f 3709 3838 3837
f 3710 3711 3839
f 3710 3839 3838
f 3711 3712 3840
f 3711 3840 3839
f 3712 3585 3713
f 3712 3713 3840
f 3713 3714 3842
f 3713 3842 3841
f 3714 3715 3843
f 3714 3843 3842
f 3715 3716 3844
f 3715 3844 3843
f 3716 3717 3845
f 3716 3845 3844
f 3717 3718 3846
f 3717 3846 3845
f 3718 3719 3847
f 3718 3847 3846
f 3719 3720 3848
f 3719 3848 3847
f 3720 3721 3849
f 3720 3849 3848
f 3721 3722 3850
f 3721 3850 3849
f 3722 3723 3851
f 3722 3851 3850
f 3723 3724 3852
f 3723 3852 3851
f 3724 3725 3853
f 3724 3853 3852
f 3725 3726 3854
f 3725 3854 3853
f 3726 3727 3855
f 3726 3855 3854
f 3727 3728 3856
f 3727 3856 3855
f 3728 3729 3857
f 3728 3857 3856
f 3729 3730 3858
f 3729 3858 3857
f 3730 3731 3859
f 3730 3859 3858
f 3731 3732 3860
f 3731 3860 3859
f 3732 3733 3861
f 3732 3861 3860
f 3733 3734 3862
f 3733 3862 3861
f 3734 3735 3863
f 3734 3863 3862
f 3735 3736 3864
f 3735 3864 3863
f 3736 3737 3865
f 3736 3865 3864
f 3737 3738 3866
f 3737 3866 3865
f 3738 3739 3867
f 3738 3867 3866
f 3739 3740 3868
f 3739 3868 3867
f 3740 3741 3869
f 3740 3869 3868
f 3741 3742 3870
f 3741 3870 3869
f 3742 3743 3871
f 3742 3871 3870
f 3743 3744 3872
f 3743 3872 3871
f 3744 3745 3873
f 3744 3873 3872
f 3745 3746 3874
f 3745 3874 3873
f 3746 3747 3875
f 3746 3875 3874
f 3747 3748 3876
f 3747 3876 3875
f 3748 3749 3877
f 3748 3877 3876
f 3749 3750 3878
f 3749 3878 3877
f 3750 3751 3879
f 3750 3879 3878
f 3751 3752 3880
f 3751 3880 3879
f 3752 3753 3881
f 3752 3881 3880
f 3753 3754 3882
f 3753 3882 3881
f 3754 3755 3883
f 3754 3883 3882
f 3755 3756 3884
f 3755 3884 3883
f 3756 3757 3885
f 3756 3885 3884
f 3757 3758 3886
f 3757 3886 3885
f 3758 3759 3887
f 3758 3887 3886
f 3759 3760 3888
f 3759 3888 3887
f 3760 3761 3889
f 3760 3889 3888
f 3761 3762 3890
f 3761 3890 3889
f 3762 3763 3891
f 3762 3891 3890
f 3763 3764 3892
f 3763 3892 3891
f 3764 3765 3893
f 3764 3893 3892
f 3765 3766 3894
f 3765 3894 3893
f 3766 3767 3895
f 3766 3895 3894
f 3767 3768 3896
f 3767 3896 3895
f 3768 3769 3897
f 3768 3897 3896
f 3769 3770 3898
f 3769 3898 3897
f 3770 3771 3899
f 3770 3899 3898
f 3771 3772 3900
f 3771 3900 3899
f 3772 3773 3901
f 3772 3901 3900
f 3773 3774 3902
f 3773 3902 3901
f 3774 3775 3903
f 3774 3903 3902
f 3775 3776 3904
f 3775 3904 3903
f 3776 3777 3905
f 3776 3905 3904
f 3777 3778 3906
f 3777 3906 3905
f 3778 3779 3907
f 3778 3907 3906
f 3779 3780 3908
f 3779 3908 3907
f 3780 3781 3909
f 3780 3909 3908
f 3781 3782 3910
f 3781 3910 3909
f 3782 3783 3911
f 3782 3911 3910
f 3783 3784 3912
f 3783 3912 3911
f 3784 3785 3913
f 3784 3913 3912
f 3785 3786 3914
f 3785 3914 3913
f 3786 3787 3915
f 3786 3915 3914
f 3787 3788 3916
f 3787 3916 3915
f 3788 3789 3917
f 3788 3917 3916
f 3789 3790 3918
f 3789 3918 3917
f 3790 3791 3919
f 3790 3919 3918
f 3791 3792 3920
f 3791 3920 3919
f 3792 3793 3921
f 3792 3921 3920
f 3793 3794 3922
f 3793 3922 3921
f 3794 3795 3923
f 3794 3923 3922
f 3795 3796 3924
f 3795 3924 3923
f 3796 3797 3925
f 3796 3925 3924
f 3797 3798 3926
f 3797 3926 3925
f 3798 3799 3927
f 3798 3927 3926
f 3799 3800 3928
f 3799 3928 3927
f 3800 3801 3929
f 3800 3929 3928
f 3801 3802 3930
f 3801 3930 3929
f 3802 3803 3931
f 3802 3931 3930
f 3803 3804 3932
f 3803 3932 3931
f 3804 3805 3933
f 3804 3933 3932
f 3805 3806 3934
f 3805 3934 3933
f 3806 3807 3935
f 3806 3935 3934
f 3807 3808 3936
f 3807 3936 3935
f 3808 3809 3937
f 3808 3937 3936
f 3809 3810 3938
f 3809 3938 3937
f 3810 3811 3939
f 3810 3939 3938
f 3811 3812 3940
f 3811 3940 3939
f 3812 3813 3941
f 3812 3941 3940
f 3813 3814 3942
f 3813 3942 3941
f 3814 3815 3943
f 3814 3943 3942
f 3815 3816 3944
f 3815 3944 3943
f 3816 3817 3945
f 3816 3945 3944
f 3817 3818 3946
f 3817 3946 3945
f 3818 3819 3947
f 3818 3947 3946
f 3819 3820 3948
f 3819 3948 3947
f 3820 3821 3949
f 3820 3949 3948
f 3821 3822 3950
f 3821 3950 3949
f 3822 3823 3951
f 3822 3951 3950
f 3823 3824 3952
f 3823 3952 3951
f 3824 3825 3953
f 3824 3953 3952
f 3825 3826 3954
f 3825 3954 3953
f 3826 3827 3955
f 3826 3955 3954
f 3827 3828 3956
f 3827 3956 3955
f 3828 3829 3957
f 3828 3957 3956
f 3829 3830 3958
f 3829 3958 3957
f 3830 3831 3959
f 3830 3959 3958
f 3831 3832 3960
f 3831 3960 3959
f 3832 3833 3961
f 3832 3961 3960
f 3833 3834 3962
f 3833 3962 3961
f 3834 3835 3963
f 3834 3963 3962
f 3835 3836 3964
f 3835 3964 3963
f 3836 3837 3965
f 3836 3965 3964
f 3837 3838 3966
f 3837 3966 3965
f 3838 3839 3967
f 3838 3967 3966
f 3839 3840 3968
f 3839 3968 3967
f 3840 3713 3841
f 3840 3841 3968
f 3841 3842 3970
f 3841 3970 3969
f 3842 3843 3971
f 3842 3971 3970
f 3843 3844 3972
f 3843 3972 3971
f 3844 3845 3973
f 3844 3973 3972
f 3845 3846 3974
f 3845 3974 3973
f 3846 3847 3975
f 3846 3975 3974
f 3847 3848 3976
f 3847 3976 3975
f 3848 3849 3977
f 3848 3977 3976
f 3849 3850 3978
f 3849 3978 3977
f 3850 3851 3979
f 3850 3979 3978
f 3851 3852 3980
f 3851 3980 3979
f 3852 3853 3981
f 3852 3981 3980
f 3853 3854 3982
f 3853 3982 3981
f 3854 3855 3983
f 3854 3983 3982
f 3855 3856 3984
f 3855 3984 3983
f 3856 3857 3985
f 3856 3985 3984
f 3857 3858 3986
f 3857 3986 3985
f 3858 3859 3987
f 3858 3987 3986
f 3859 3860 3988
f 3859 3988 3987
f 3860 3861 3989
f 3860 3989 3988
f 3861 3862 3990
f 3861 3990 3989
f 3862 3863 3991
f 3862 3991 3990
f 3863 3864 3992
f 3863 3992 3991
f 3864 3865 3993
f 3864 3993 3992
f 3865 3866 3994
f 3865 3994 3993
f 3866 3867 3995
f 3866 3995 3994
f 3867 3868 3996
f 3867 3996 3995
f 3868 3869 3997
f 3868 3997 3996
f 3869 3870 3998
f 3869 3998 3997
f 3870 3871 3999
f 3870 3999 3998
f 3871 3872 4000
f 3871 4000 3999
f 3872 3873 4001
f 3872 4001 4000
f 3873 3874 4002
f 3873 4002 4001
f 3874 3875 4003
f 3874 4003 4002
f 3875 3876 4004
f 3875 4004 4003
f 3876 3877 4005
f 3876 4005 4004
f 3877 3878 4006
f 3877 4006 4005
f 3878 3879 4007
f 3878 4007 4006
f 3879 3880 4008
f 3879 4008 4007
f 3880 3881 4009
f 3880 4009 4008
f 3881 3882 4010
f 3881 4010 4009
f 3882 3883 4011
f 3882 4011 4010
f 3883 3884 4012
f 3883 4012 4011
f 3884 3885 4013
f 3884 4013 4012
f 3885 3886 4014
f 3885 4014 4013
f 3886 3887 4015
f 3886 4015 4014
f 3887 3888 4016
f 3887 4016 4015
f 3888 3889 4017
f 3888 4017 4016
f 3889 3890 4018
f 3889 4018 4017
f 3890 3891 4019
f 3890 4019 4018
f 3891 3892 4020
f 3891 4020 4019
f 3892 3893 4021
f 3892 4021 4020
f 3893 3894 4022
f 3893 4022 4021
f 3894 3895 4023
f 3894 4023 4022
f 3895 3896 4024
f 3895 4024 4023
f 3896 3897 4025
f 3896 4025 4024
f 3897 3898 4026
f 3897 4026 4025
f 3898 3899 4027
f 3898 4027 4026
f 3899 3900 4028
f 3899 4028 4027
f 3900 3901 4029
f 3900 4029 4028
f 3901 3902 4030
f 3901 4030 4029
f 3902 3903 4031
f 3902 4031 4030
f 3903 3904 4032
f 3903 4032 4031
f 3904 3905 4033
f 3904 4033 4032
f 3905 3906 4034
f 3905 4034 4033
f 3906 3907 4035
f 3906 4035 4034
f 3907 3908 4036
f 3907 4036 4035
f 3908 3909 4037
f 3908 4037 4036
f 3909 3910 4038
f 3909 4038 4037
f 3910 3911 4039
f 3910 4039 4038
f 3911 3912 4040
f 3911 4040 4039
f 3912 3913 4041
f 3912 4041 4040
f 3913 3914 4042
f 3913 4042 4041
f 3914 3915 4043
f 3914 4043 4042
f 3915 3916 4044
f 3915 4044 4043
f 3916 3917 4045
f 3916 4045 4044
f 3917 3918 4046
f 3917 4046 4045
f 3918 3919 4047
f 3918 4047 4046
f 3919 3920 4048
f 3919 4048 4047
f 3920 3921 4049
f 3920 4049 4048
f 3921 3922 4050
f 3921 4050 4049
f 3922 3923 4051
f 3922 4051 4050
f 3923 3924 4052
f 3923 4052 4051
f 3924 3925 4053
f 3924 4053 4052
f 3925 3926 4054
f 3925 4054 4053
f 3926 3927 4055
f 3926 4055 4054
f 3927 3928 4056
f 3927 4056 4055
f 3928 3929 4057
f 3928 4057 4056
f 3929 3930 4058
f 3929 4058 4057
f 3930 3931 4059
f 3930 4059 4058
f 3931 3932 4060
f 3931 4060 4059
f 3932 3933 4061
f 3932 4061 4060
f 3933 3934 4062
f 3933 4062 4061
f 3934 3935 4063
f 3934 4063 4062
f 3935 3936 4064
f 3935 4064 4063
f 3936 3937 4065
f 3936 4065 4064
f 3937 3938 4066
f 3937 4066 4065
f 3938 3939 4067
f 3938 4067 4066
f 3939 3940 4068
f 3939 4068 4067
f 3940 3941 4069
f 3940 4069 4068
f 3941 3942 4070
f 3941 4070 4069
f 3942 3943 4071
f 3942 4071 4070
f 3943 3944 4072
f 3943 4072 4071
f 3944 3945 4073
f 3944 4073 4072
f 3945 3946 4074
f 3945 4074 4073
f 3946 3947 4075
f 3946 4075 4074
f 3947 3948 4076
f 3947 4076 4075
f 3948 3949 4077
f 3948 4077 4076
f 3949 3950 4078
f 3949 4078 4077
f 3950 3951 4079
f 3950 4079 4078
f 3951 3952 4080
f 3951 4080 4079
f 3952 3953 4081
f 3952 4081 4080
f 3953 3954 4082
f 3953 4082 4081
f 3954 3955 4083
f 3954 4083 4082
f 3955 3956 4084
f 3955 4084 4083
f 3956 3957 4085
f 3956 4085 4084
f 3957 3958 4086
f 3957 4086 4085
f 3958 3959 4087
f 3958 4087 4086
f 3959 3960 4088
f 3959 4088 4087
f 3960 3961 4089
f 3960 4089 4088
f 3961 3962 4090
f 3961 4090 4089
f 3962 3963 4091
f 3962 4091 4090
f 3963 3964 4092
f 3963 4092 4091
f 3964 3965 4093
f 3964 4093 4092
f 3965 3966 4094
f 3965 4094 4093
f 3966 3967 4095
f 3966 4095 4094
f 3967 3968 4096
f 3967 4096 4095
f 3968 3841 3969
f 3968 3969 4096
f 3969 3970 4098
f 3969 4098 4097
f 3970 3971 4099
f 3970 4099 4098
f 3971 3972 4100
f 3971 4100 4099
f 3972 3973 4101
f 3972 4101 4100
f 3973 3974 4102
f 3973 4102 4101
f 3974 3975 4103
f 3974 4103 4102
f 3975 3976 4104
f 3975 4104 4103
f 3976 3977 4105
f 3976 4105 4104
f 3977 3978 4106
f 3977 4106 4105
f 3978 3979 4107
f 3978 4107 4106
f 3979 3980 4108
f 3979 4108 4107
f 3980 3981 4109
f 3980 4109 4108
f 3981 3982 4110
f 3981 4110 4109
f 3982 3983 4111
f 3982 4111 4110
f 3983 3984 4112
f 3983 4112 4111
f 3984 3985 4113
f 3984 4113 4112
f 3985 3986 4114
f 3985 4114 4113
f 3986 3987 4115
f 3986 4115 4114
f 3987 3988 4116
f 3987 4116 4115
f 3988 3989 4117
f 3988 4117 4116
f 3989 3990 4118
f 3989 4118 4117
f 3990 3991 4119
f 3990 4119 4118
f 3991 3992 4120
f 3991 4120 4119
f 3992 3993 4121
f 3992 4121 4120
f 3993 3994 4122
f 3993 4122 4121
f 3994 3995 4123
f 3994 4123 4122
f 3995 3996 4124
f 3995 4124 4123
f 3996 3997 4125
f 3996 4125 4124
f 3997 3998 4126
f 3997 4126 4125
f 3998 3999 4127
f 3998 4127 4126
f 3999 4000 4128
f 3999 4128 4127
f 4000 4001 4129
f 4000 4129 4128
f 4001 4002 4130
f 4001 4130 4129
f 4002 4003 4131
f 4002 4131 4130
f 4003 4004 4132
f 4003 4132 4131
f 4004 4005 4133
f 4004 4133 4132
f 4005 4006 4134
f 4005 4134 4133
f 4006 4007 4135
f 4006 4135 4134
f 4007 4008 4136
f 4007 4136 4135
f 4008 4009 4137
f 4008 4137 4136
f 4009 4010 4138
f 4009 4138 4137
f 4010 4011 4139
f 4010 4139 4138
f 4011 4012 4140
f 4011 4140 4139
f 4012 4013 4141
f 4012 4141 4140
f 4013 4014 4142
f 4013 4142 4141
f 4014 4015 4143
f 4014 4143 4142
f 4015 4016 4144
f 4015 4144 4143
f 4016 4017 4145
f 4016 4145 4144
f 4017 4018 4146
f 4017 4146 4145
f 4018 4019 4147
f 4018 4147 4146
f 4019 4020 4148
f 4019 4148 4147
f 4020 4021 4149
f 4020 4149 4148
f 4021 4022 4150
f 4021 4150 4149
f 4022 4023 4151
f 4022 4151 4150
f 4023 4024 4152
f 4023 4152 4151
f 4024 4025 4153
f 4024 4153 4152
f 4025 4026 4154
f 4025 4154 4153
f 4026 4027 4155
f 4026 4155 4154
f 4027 4028 4156
f 4027 4156 4155
f 4028 4029 4157
f 4028 4157 4156
f 4029 4030 4158
f 4029 4158 4157
f 4030 4031 4159
f 4030 4159 4158
f 4031 4032 4160
f 4031 4160 4159
f 4032 4033 4161
f 4032 4161 4160
f 4033 4034 4162
f 4033 4162 4161
f 4034 4035 4163
f 4034 4163 4162
f 4035 4036 4164
f 4035 4164 4163
f 4036 4037 4165
f 4036 4165 4164
f 4037 4038 4166
f 4037 4166 4165
f 4038 4039 4167
f 4038 4167 4166
f 4039 4040 4168
f 4039 4168 4167
f 4040 4041 4169
f 4040 4169 4168
f 4041 4042 4170
f 4041 4170 4169
f 4042 4043 4171
f 4042 4171 4170
f 4043 4044 4172
f 4043 4172 4171
f 4044 4045 4173
f 4044 4173 4172
f 4045 4046 4174
f 4045 4174 4173
f 4046 4047 4175
f 4046 4175 4174
f 4047 4048 4176
f 4047 4176 4175
f 4048 4049 4177
f 4048 4177 4176
f 4049 4050 4178
f 4049 4178 4177
f 4050 4051 4179
f 4050 4179 4178
f 4051 4052 4180
f 4051 4180 4179
f 4052 4053 4181
f 4052 4181 4180
f 4053 4054 4182
f 4053 4182 4181
f 4054 4055 4183
f 4054 4183 4182
f 4055 4056 4184
f 4055 4184 4183
f 4056 4057 4185
f 4056 4185 4184
f 4057 4058 4186
f 4057 4186 4185
f 4058 4059 4187
f 4058 4187 4186
f 4059 4060 4188
f 4059 4188 4187
f 4060 4061 4189
f 4060 4189 4188
f 4061 4062 4190
f 4061 4190 4189
f 4062 4063 4191
f 4062 4191 4190
f 4063 4064 4192
f 4063 4192 4191
f 4064 4065 4193
f 4064 4193 4192
f 4065 4066 4194
f 4065 4194 4193
f 4066 4067 4195
f 4066 4195 4194
f 4067 4068 4196
f 4067 4196 4195
f 4068 4069 4197
f 4068 4197 4196
f 4069 4070 4198
f 4069 4198 4197
f 4070 4071 4199
f 4070 4199 4198
f 4071 4072 4200
f 4071 4200 4199
f 4072 4073 4201
f 4072 4201 4200
f 4073 4074 4202
f 4073 4202 4201
f 4074 4075 4203
f 4074 4203 4202
f 4075 4076 4204
f 4075 4204 4203
f 4076 4077 4205
f 4076 4205 4204
f 4077 4078 4206
f 4077 4206 4205
f 4078 4079 4207
f 4078 4207 4206
f 4079 4080 4208
f 4079 4208 4207
f 4080 4081 4209
f 4080 4209 4208
f 4081 4082 4210
f 4081 4210 4209
f 4082 4083 4211
f 4082 4211 4210
f 4083 4084 4212
f 4083 4212 4211
f 4084 4085 4213
f 4084 4213 4212
f 4085 4086 4214
f 4085 4214 4213
f 4086 4087 4215
f 4086 4215 4214
f 4087 4088 4216
f 4087 4216 4215
f 4088 4089 4217
f 4088 4217 4216
f 4089 4090 4218
f 4089 4218 4217
f 4090 4091 4219
f 4090 4219 4218
f 4091 4092 4220
f 4091 4220 4219
f 4092 4093 4221
f 4092 4221 4220
f 4093 4094 4222
f 4093 4222 4221
f 4094 4095 4223
f 4094 4223 4222
f 4095 4096 4224
f 4095 4224 4223
f 4096 3969 4097
f 4096 4097 4224
