# .PCD v0.7 - Point Cloud Data file
VERSION 0.7
FIELDS x y z label edge
SIZE 4 4 4 4 4
TYPE F F F I F
COUNT 1 1 1 1 1
WIDTH 22930
HEIGHT 1
VIEWPOINT 0 0 0 1 0 0 0
POINTS 22930
DATA ascii
0.226407 0.329155 0.249668 2 0.0
0.773312 0.000877 0.254863 1 0.957998
0.629877 0.930026 0.616481 15 0.0
0.630018 0.953343 0.620511 15 0.0
0.62328 0.926805 0.635346 15 0.0
0.629737 0.906709 0.612451 15 0.0
0.636475 0.933247 0.597615 15 0.0
0.221822 0.159971 0.186723 2 0.001372
0.759037 0.920296 0.656385 12 0.0
0.756293 0.922892 0.669077 12 0.0
0.756419 0.902019 0.659558 12 0.0
0.761781 0.9177 0.643693 12 0.0
0.761656 0.938573 0.653212 12 0.0
0.654732 0.897327 0.153783 7 0.0
0.617981 0.888878 0.153382 7 0.0
0.662126 0.865155 0.153934 7 0.0
0.691483 0.905775 0.154183 7 0.0
0.647337 0.929498 0.153631 7 0.0
0.714211 0.001991 0.155912 5 0.998687
0.223227 0.084069 0.262265 2 0.0
0.222575 0.111981 0.262827 2 0.0
0.223862 0.083375 0.297499 2 0.0
0.223878 0.056158 0.261704 2 0.0
0.222592 0.084764 0.227032 2 0.0
0.293537 0.465971 0.240522 8 1e-06
0.695571 0.009282 0.228922 1 0.0
0.722545 0.010001 0.224177 1 0.0
0.699781 0.011052 0.253122 1 0.0
0.668596 0.008563 0.233668 1 0.0
0.691361 0.007511 0.204723 1 0.0
0.776866 0.092703 0.248664 6 0.0
0.777694 0.117249 0.265661 6 0.0
0.776268 0.07603 0.272771 6 0.0
0.776038 0.068157 0.231667 6 0.0
0.777464 0.109377 0.224556 6 0.0
0.593688 0.050269 0.153035 7 0.0
0.426476 0.847629 0.449503 15 1e-06
0.430993 0.869316 0.446385 15 1e-06
0.403612 0.853859 0.459718 15 1e-06
0.421959 0.825941 0.452622 15 1e-06
0.44934 0.841398 0.439288 15 1e-06
0.588472 0.998856 0.756608 14 0.0
0.54667 0.998542 0.776744 14 0.0
0.59774 0.998603 0.775843 14 0.0
0.630274 0.99917 0.736472 14 0.0
0.579205 0.99911 0.737373 14 0.0
0.371843 -0.000209 0.261549 1 0.0
0.384331 -0.000282 0.235309 1 0.0
0.418008 -0.000365 0.28352 1 0.0
0.359355 -0.000135 0.287788 1 0.0
0.325679 -5.2e-05 0.239577 1 0.0
0.635567 0.958901 0.641682 15 0.0
0.640179 0.960571 0.632755 15 0.0
0.636451 0.97404 0.64497 15 0.0
0.630956 0.957232 0.650608 15 0.0
0.634684 0.943762 0.638393 15 0.0
0.616362 0.986732 0.652847 15 1e-06
0.618563 0.918609 0.510435 15 0.0
0.606738 0.922434 0.487793 15 0.0
0.622216 0.944172 0.512845 15 0.0
0.630388 0.914785 0.533077 15 0.0
0.61491 0.893047 0.508025 15 0.0
0.568426 0.058577 0.31626 1 9e-06
0.568549 0.066261 0.331012 1 9e-06
0.536296 0.04348 0.32439 1 9e-06
0.568304 0.050893 0.301507 1 9e-06
0.600556 0.073674 0.308129 1 9e-06
0.224059 0.89536 0.2589 2 0.0
0.224933 0.924465 0.273471 2 0.0
0.223394 0.880328 0.288966 2 0.0
0.223185 0.866255 0.244329 2 0.0
0.224723 0.910392 0.228834 2 0.0
0.377877 0.87934 0.814793 12 0.0
0.361965 0.880576 0.807515 12 0.0
0.379809 0.911881 0.816093 12 0.0
0.393789 0.878105 0.822072 12 0.0
0.375945 0.846799 0.813493 12 0.0
0.62306 0.024089 0.154886 7 0.000182
0.486837 0.118766 0.223421 7 2e-06
0.567662 0.126518 0.23787 7 2e-06
0.483234 0.156225 0.22348 7 2e-06
0.406011 0.111014 0.208972 7 2e-06
0.49044 0.081307 0.223362 7 2e-06
0.498228 0.94928 0.841115 12 0.0
0.514629 0.961377 0.841544 12 0.0
0.489949 0.960451 0.842624 12 0.0
0.481827 0.937183 0.840685 12 0.0
0.506507 0.938109 0.839605 12 0.0
0.362309 0.99801 0.751793 14 0.0
0.394675 0.998709 0.776374 14 0.0
0.352872 0.997917 0.76422 14 0.0
0.329943 0.99731 0.727211 14 0.0
0.371745 0.998103 0.739365 14 0.0
0.384153 0.00071 0.153805 7 0.999422
0.774105 0.456225 0.166044 16 0.999606
0.751034 0.013624 0.373545 8 0.000105
0.751808 0.018286 0.372868 8 0.000105
0.760092 0.012074 0.373229 8 0.000105
0.75026 0.008962 0.374222 8 0.000105
0.741975 0.015174 0.373862 8 0.000105
0.24426 0.868954 0.667675 12 0.0
0.242861 0.896222 0.662933 12 0.0
0.250038 0.871762 0.682121 12 0.0
0.245658 0.841685 0.672417 12 0.0
0.238481 0.866145 0.65323 12 0.0
0.346081 0.7505 0.262864 7 1e-06
0.366332 0.820209 0.288592 7 1e-06
0.37606 0.741645 0.263259 7 1e-06
0.32583 0.680791 0.237136 7 1e-06
0.316102 0.759355 0.262468 7 1e-06
0.269271 0.014591 0.369209 8 7e-06
0.269417 0.019595 0.368388 8 7e-06
0.285603 0.014538 0.37178 8 7e-06
0.269126 0.009587 0.37003 8 7e-06
0.252939 0.014644 0.366638 8 7e-06
0.749465 0.003055 0.290426 1 1.7e-05
0.759705 0.002552 0.290417 1 1.7e-05
0.749568 0.004631 0.319331 1 1.7e-05
0.739226 0.003557 0.290435 1 1.7e-05
0.749362 0.001478 0.26152 1 1.7e-05
0.716853 0.931888 0.20409 5 0.0
0.716697 0.953324 0.209811 5 0.0
0.697928 0.928691 0.215553 5 0.0
0.71701 0.910452 0.198369 5 0.0
0.735779 0.935086 0.192627 5 0.0
0.758876 0.003366 0.263848 1 0.23555
0.775432 0.988594 0.326566 16 0.444495
0.578327 0.973354 0.706683 15 6e-06
0.562065 0.976329 0.713428 15 6e-06
0.579825 0.981128 0.706865 15 6e-06
0.59459 0.970378 0.699938 15 6e-06
0.576829 0.965579 0.706501 15 6e-06
0.731695 0.008787 0.311137 1 0.0
0.727827 0.01153 0.290192 1 0.0
0.716603 0.010546 0.314155 1 0.0
0.735563 0.006044 0.332083 1 0.0
0.746787 0.007027 0.30812 1 0.0
0.266243 0.012314 0.209106 1 0.0
0.253823 0.011046 0.214818 1 0.0
0.274905 0.015594 0.228668 1 0.0
0.278662 0.013582 0.203394 1 0.0
0.257581 0.009033 0.189544 1 0.0
0.632606 0.345202 0.167936 8 1e-05
0.279482 0.043087 0.255324 1 1e-06
0.266712 0.057245 0.261265 1 1e-06
0.28044 0.032283 0.283132 1 1e-06
0.292252 0.028929 0.249383 1 1e-06
0.278524 0.053891 0.227516 1 1e-06
0.224195 0.171212 0.329492 2 0.0
0.738721 0.85168 0.694078 12 0.0
0.745784 0.86864 0.680506 12 0.0
0.73177 0.865057 0.707178 12 0.0
0.731658 0.834719 0.70765 12 0.0
0.745672 0.838302 0.680978 12 0.0
0.776374 0.969708 0.205141 16 0.0
0.775636 0.967767 0.187422 16 0.0
0.776612 0.979989 0.204004 16 0.0
0.777112 0.97165 0.222859 16 0.0
0.776136 0.959428 0.206277 16 0.0
0.223192 0.440426 0.191209 2 0.0
0.5764 0.109842 0.264209 7 0.000766
0.545521 0.118014 0.276616 7 0.000766
0.589427 0.105387 0.299563 7 0.000766
0.607279 0.10167 0.251802 7 0.000766
0.563373 0.114296 0.228854 7 0.000766
0.706893 0.995316 0.496595 14 0.0
0.678602 0.00241 0.262748 1 0.0
0.65457 0.001755 0.24581 1 0.0
0.656648 0.00201 0.293913 1 0.0
0.702634 0.003064 0.279685 1 0.0
0.700557 0.002809 0.231582 1 0.0
0.315338 0.996489 0.328853 14 0.0
0.286002 0.995488 0.331675 14 0.0
0.320723 0.997472 0.38517 14 0.0
0.344674 0.99749 0.32603 14 0.0
0.309954 0.995506 0.272535 14 0.0
0.244554 0.405016 0.254379 2 0.0
0.24335 0.409026 0.224861 2 0.0
0.248115 0.483665 0.264917 2 0.0
0.245758 0.401006 0.283896 2 0.0
0.240993 0.326367 0.24384 2 0.0
0.73524 0.102125 0.255392 5 1e-06
0.739493 0.118792 0.241686 5 1e-06
0.726441 0.12813 0.284284 5 1e-06
0.730987 0.085458 0.269098 5 1e-06
0.744039 0.076119 0.2265 5 1e-06
0.775991 0.185754 0.262801 6 0.0
0.775455 0.183624 0.229521 6 0.0
0.778147 0.243294 0.259084 6 0.0
0.776527 0.187883 0.29608 6 0.0
0.773835 0.128213 0.266517 6 0.0
0.301645 0.866996 0.288796 7 0.006545
0.311333 0.878621 0.295682 7 0.006545
0.287032 0.854206 0.330948 7 0.006545
0.291957 0.85537 0.28191 7 0.006545
0.316258 0.879785 0.246645 7 0.006545
0.664077 0.807285 0.153555 7 0.0
0.628805 0.8082 0.153364 7 0.0
0.662506 0.746614 0.153328 7 0.0
0.69935 0.806371 0.153746 7 0.0
0.665649 0.867956 0.153782 7 0.0
0.575913 0.923521 0.218615 7 0.0
0.519653 0.918564 0.220315 7 0.0
0.577983 0.899857 0.218113 7 0.0
0.632173 0.928478 0.216916 7 0.0
0.573843 0.947185 0.219118 7 0.0
0.77933 0.760249 0.192025 6 0.0
0.225973 0.042757 0.331428 2 0.0
0.22598 0.050936 0.320105 2 0.0
0.225346 0.055114 0.340354 2 0.0
0.225965 0.034578 0.342751 2 0.0
0.2266 0.030399 0.322502 2 0.0
0.275929 0.99567 0.337634 14 0.0
0.313379 0.364892 0.241132 8 1e-06
0.2998 0.386661 0.246682 8 1e-06
0.318626 0.361017 0.269168 8 1e-06
0.326958 0.343123 0.235582 8 1e-06
0.308132 0.368766 0.213096 8 1e-06
0.413648 0.784367 0.220066 7 0.0
0.450878 0.835891 0.21344 7 0.0
0.459517 0.753367 0.236735 7 0.0
0.376418 0.732843 0.226692 7 0.0
0.36778 0.815367 0.203396 7 0.0
0.700484 1.000675 0.449009 14 0.0
0.72079 0.002802 0.213468 1 0.0
0.70413 0.002414 0.222314 1 0.0
0.730901 0.003188 0.232525 1 0.0
0.737451 0.003189 0.204621 1 0.0
0.71068 0.002415 0.19441 1 0.0
0.689199 0.906247 0.767076 12 0.0
0.693889 0.928289 0.76454 12 0.0
0.677283 0.910158 0.779027 12 0.0
0.68451 0.884206 0.769612 12 0.0
0.701116 0.902337 0.755126 12 0.0
0.2231 0.619697 0.223511 2 0.0
0.758339 0.858064 0.643824 16 0.0
0.755946 0.881371 0.652442 16 0.0
0.75376 0.851732 0.65968 16 0.0
0.760731 0.834758 0.635206 16 0.0
0.762918 0.864397 0.627969 16 0.0
0.474227 0.076057 0.253363 7 2e-06
0.401878 0.080266 0.236458 7 2e-06
0.467563 0.067582 0.279773 7 2e-06
0.546576 0.071848 0.270267 7 2e-06
0.480891 0.084532 0.226953 7 2e-06
0.748321 0.815555 0.67526 13 0.0
0.739988 0.813202 0.694197 13 0.0
0.748873 0.804217 0.674094 13 0.0
0.756655 0.817907 0.656323 13 0.0
0.74777 0.826893 0.676426 13 0.0
0.281553 0.871125 0.30966 2 5e-06
0.289719 0.901372 0.289538 2 5e-06
0.290637 0.892776 0.345892 2 5e-06
0.273387 0.840878 0.329781 2 5e-06
0.27247 0.849474 0.273427 2 5e-06
0.226309 0.888228 0.500503 3 0.0
0.22503 0.903228 0.456767 3 0.0
0.227229 0.917809 0.510621 3 0.0
0.227588 0.873228 0.544239 3 0.0
0.225388 0.858647 0.490385 3 0.0
0.312389 0.540224 0.254353 8 3e-06
0.338459 0.58524 0.266192 8 3e-06
0.308339 0.534697 0.284289 8 3e-06
0.286319 0.495208 0.242515 8 3e-06
0.316439 0.545751 0.224418 8 3e-06
0.342761 0.968677 0.704885 14 0.0
0.368043 0.96552 0.733708 14 0.0
0.326722 0.96897 0.718986 14 0.0
0.317478 0.971833 0.676062 14 0.0
0.3588 0.968384 0.690784 14 0.0
0.648125 0.929367 0.619959 15 0.0
0.646817 0.944187 0.621815 15 0.0
0.643395 0.925796 0.645128 15 0.0
0.649432 0.914546 0.618102 15 0.0
0.652855 0.932937 0.59479 15 0.0
0.223688 0.661883 0.26397 2 0.0
0.278957 0.076167 0.150005 7 0.0
0.298256 0.074858 0.148897 7 0.0
0.280614 0.102065 0.148272 7 0.0
0.259658 0.077476 0.151113 7 0.0
0.277299 0.050269 0.151738 7 0.0
0.227161 0.876051 0.472596 2 0.0
0.22526 0.892623 0.419941 2 0.0
0.228346 0.901724 0.480634 2 0.0
0.229063 0.859478 0.525251 2 0.0
0.225976 0.850377 0.464559 2 0.0
0.7477 0.071468 0.3742 8 0.000366
0.757935 0.071269 0.373582 8 0.000366
0.748236 0.095858 0.375221 8 0.000366
0.737466 0.071667 0.374817 8 0.000366
0.747164 0.047078 0.373178 8 0.000366
0.500597 0.00067 0.204851 1 0.0
0.771943 0.39663 0.241902 5 0.0
0.578957 0.057041 0.237583 1 9e-06
0.51394 0.039765 0.249633 1 9e-06
0.583444 0.0581 0.263309 1 9e-06
0.643974 0.074317 0.225532 1 9e-06
0.57447 0.055983 0.211856 1 9e-06
0.696181 0.356445 0.196836 8 4e-06
0.70438 0.35597 0.184039 8 4e-06
0.70843 0.393582 0.203305 8 4e-06
0.687981 0.356921 0.209632 8 4e-06
0.683931 0.319308 0.190366 8 4e-06
0.7379 0.006113 0.211426 1 0.0
0.726881 0.005967 0.206299 1 0.0
0.729001 0.007564 0.230513 1 0.0
0.74892 0.006258 0.216552 1 0.0
0.746799 0.004661 0.192339 1 0.0
0.225903 0.007759 0.262412 2 0.645962
0.222346 0.964921 0.163529 2 0.771259
0.22286 0.973106 0.167492 2 0.771259
0.220874 0.963218 0.167237 2 0.771259
0.221832 0.956735 0.159566 2 0.771259
0.223817 0.966624 0.159821 2 0.771259
0.742849 0.997707 0.28531 14 0.0
0.671096 0.834715 0.782206 12 0.0
0.663669 0.849371 0.786833 12 0.0
0.657707 0.824376 0.793464 12 0.0
0.678522 0.82006 0.777578 12 0.0
0.684484 0.845054 0.770947 12 0.0
0.779053 0.41407 0.20662 16 0.0
0.500431 -0.000463 0.180834 1 0.0
0.552649 1.001464 0.321857 14 0.0
0.486606 1.001529 0.280829 14 0.0
0.535297 1.001158 0.349788 14 0.0
0.618693 1.0014 0.362886 14 0.0
0.570001 1.00177 0.293927 14 0.0
0.777782 0.307423 0.175756 6 1e-06
0.77848 0.259003 0.234505 16 0.0
0.778057 0.258171 0.209624 16 0.0
0.778548 0.337183 0.231888 16 0.0
0.778903 0.259836 0.259386 16 0.0
0.778412 0.180823 0.237122 16 0.0
0.330306 -0.001793 0.258128 1 0.0
0.347586 -0.002614 0.238327 1 0.0
0.361375 -0.002651 0.285276 1 0.0
0.313026 -0.000972 0.27793 1 0.0
0.299237 -0.000935 0.230981 1 0.0
0.415301 0.686731 0.191131 7 0.0
0.400044 0.704988 0.191572 7 0.0
0.472667 0.734426 0.20135 7 0.0
0.430559 0.668475 0.19069 7 0.0
0.357935 0.639036 0.180911 7 0.0
0.67335 0.052983 0.242377 1 2e-06
0.652562 0.06375 0.237502 1 2e-06
0.674995 0.060789 0.252601 1 2e-06
0.694137 0.042216 0.247252 1 2e-06
0.671705 0.045178 0.232153 1 2e-06
0.285353 0.90932 0.201336 7 0.0
0.272049 0.938568 0.192646 7 0.0
0.302473 0.919712 0.210103 7 0.0
0.298656 0.880072 0.210027 7 0.0
0.268232 0.898928 0.19257 7 0.0
0.327045 0.833178 0.399285 15 0.007946
0.356786 0.841871 0.397787 15 0.007946
0.323212 0.850871 0.425861 15 0.007946
0.297304 0.824485 0.400782 15 0.007946
0.330879 0.815484 0.372708 15 0.007946
0.351665 0.04353 0.237339 1 0.0
0.312926 0.034505 0.217544 1 0.0
0.341868 0.044437 0.256099 1 0.0
0.390405 0.052555 0.257133 1 0.0
0.361463 0.042623 0.218578 1 0.0
0.643066 0.98443 0.584502 15 0.017881
0.536751 0.093043 0.262071 7 3.9e-05
0.567534 0.093918 0.23535 7 3.9e-05
0.549639 0.108739 0.277433 7 3.9e-05
0.505967 0.092169 0.288792 7 3.9e-05
0.523863 0.077348 0.24671 7 3.9e-05
0.627946 0.777914 0.43788 10 0.0
0.656761 0.78074 0.441951 10 0.0
0.626354 0.779761 0.447872 10 0.0
0.599132 0.775088 0.43381 10 0.0
0.629539 0.776067 0.427889 10 0.0
0.297563 0.989226 0.239988 14 0.0
0.321432 0.988358 0.235593 14 0.0
0.302804 0.988312 0.268632 14 0.0
0.273693 0.990094 0.244384 14 0.0
0.292321 0.99014 0.211345 14 0.0
0.777711 0.72906 0.264651 6 0.0
0.77727 0.814372 0.265428 6 0.0
0.777373 0.728747 0.298771 6 0.0
0.778151 0.643748 0.263873 6 0.0
0.778049 0.729373 0.23053 6 0.0
0.364596 0.709071 0.33232 10 0.0
0.375998 0.746676 0.343584 10 0.0
0.320928 0.72214 0.332895 10 0.0
0.353194 0.671466 0.321056 10 0.0
0.408264 0.696003 0.331745 10 0.0
0.613727 0.956092 0.745912 14 1.7e-05
0.636763 0.912921 0.589391 15 0.0
0.638314 0.920124 0.573839 15 0.0
0.637748 0.941456 0.602706 15 0.0
0.635213 0.905717 0.604943 15 0.0
0.635779 0.884386 0.576076 15 0.0
0.283551 0.000546 0.162032 1 0.991104
0.531157 0.162017 0.153348 7 0.0
0.454731 0.139351 0.15228 7 0.0
0.521081 0.196003 0.153066 7 0.0
0.607583 0.184684 0.154416 7 0.0
0.541233 0.128032 0.153629 7 0.0
0.332953 0.062386 0.253339 1 1e-06
0.32819 0.06587 0.219781 1 1e-06
0.297974 0.059096 0.257962 1 1e-06
0.337716 0.058902 0.286897 1 1e-06
0.367932 0.065676 0.248716 1 1e-06
0.637745 0.878024 0.808309 11 0.0
0.635172 0.911784 0.810138 11 0.0
0.623199 0.876466 0.816604 11 0.0
0.640317 0.844264 0.806481 11 0.0
0.652291 0.879582 0.800015 11 0.0
0.67108 0.70728 0.15374 7 0.0
0.69292 0.911061 0.240357 7 2.9e-05
0.714503 0.905871 0.247658 7 2.9e-05
0.677391 0.883717 0.266822 7 2.9e-05
0.671336 0.916252 0.233056 7 2.9e-05
0.708448 0.938406 0.213892 7 2.9e-05
0.509811 0.978265 0.706449 15 0.0
0.510697 0.986215 0.707358 15 0.0
0.490878 0.980275 0.707322 15 0.0
0.508925 0.970315 0.70554 15 0.0
0.528744 0.976255 0.705576 15 0.0
0.697691 0.855416 0.506622 15 1e-06
0.716593 0.875727 0.504969 15 1e-06
0.707444 0.849488 0.545312 15 1e-06
0.678788 0.835106 0.508275 15 1e-06
0.687938 0.861344 0.467931 15 1e-06
0.332535 0.909116 0.596998 15 2e-06
0.330398 0.930035 0.607488 15 2e-06
0.332487 0.893305 0.628517 15 2e-06
0.334672 0.888197 0.586507 15 2e-06
0.332584 0.924927 0.565478 15 2e-06
0.768622 0.95813 0.186582 16 0.031186
0.766817 0.97054 0.17772 16 0.031186
0.768884 0.963804 0.194475 16 0.031186
0.770427 0.945719 0.195443 16 0.031186
0.76836 0.952455 0.178688 16 0.031186
0.224842 0.002277 0.267278 2 1.0
0.222795 0.048955 0.188726 2 0.0
0.222559 0.055006 0.175767 2 0.0
0.221203 0.065491 0.196477 2 0.0
0.223031 0.042904 0.201686 2 0.0
0.224387 0.032418 0.180976 2 0.0
0.663306 0.998312 0.192471 14 0.009868
0.66442 0.998043 0.178939 14 0.009868
0.626786 0.99972 0.189437 14 0.009868
0.662192 0.998582 0.206003 14 0.009868
0.699826 0.996905 0.195506 14 0.009868
0.489057 0.122404 0.218242 7 0.0
0.482436 0.158463 0.219294 7 0.0
0.57146 0.137129 0.232078 7 0.0
0.495677 0.086345 0.21719 7 0.0
0.406653 0.107679 0.204405 7 0.0
0.763381 0.889348 0.644441 12 0.0
0.76485 0.924008 0.640234 12 0.0
0.760437 0.891108 0.657909 12 0.0
0.761913 0.854688 0.648649 12 0.0
0.766326 0.887588 0.630973 12 0.0
0.514658 0.063812 0.239059 7 1.7e-05
0.226615 0.002102 0.318091 1 0.999888
0.336872 0.783414 0.781094 10 0.03691
0.742844 0.073775 0.238331 5 0.0
0.746289 0.092286 0.231014 5 0.0
0.735798 0.085444 0.264537 5 0.0
0.7394 0.055263 0.245647 5 0.0
0.749891 0.062105 0.212124 5 0.0
0.532521 0.014902 0.24818 1 0.0
0.60555 0.013255 0.261384 1 0.0
0.527652 0.015537 0.275187 1 0.0
0.459492 0.016548 0.234976 1 0.0
0.53739 0.014266 0.221172 1 0.0
0.423796 0.004105 0.357248 1 0.0
0.481789 0.952221 0.285837 14 0.0
0.487522 0.953227 0.24545 14 0.0
0.563287 0.952052 0.297402 14 0.0
0.476056 0.951215 0.326224 14 0.0
0.400291 0.952389 0.274272 14 0.0
0.6352 0.00012 0.22481 1 0.0
0.681405 0.002636 0.213769 1 0.0
0.640282 0.000649 0.246194 1 0.0
0.588996 -0.002397 0.235852 1 0.0
0.630119 -0.00041 0.203426 1 0.0
0.725297 0.782652 0.630519 10 0.0
0.736593 0.783518 0.635787 10 0.0
0.70979 0.78423 0.663508 10 0.0
0.714002 0.781787 0.62525 10 0.0
0.740805 0.781075 0.597529 10 0.0
0.440668 0.290926 0.17065 8 0.004782
0.562724 1.001412 0.284272 14 0.0
0.497185 1.001594 0.276836 14 0.0
0.558244 1.001906 0.32377 14 0.0
0.628263 1.00123 0.291708 14 0.0
0.567204 1.000917 0.244774 14 0.0
0.775837 0.095313 0.264063 5 0.0
0.776247 0.107402 0.296556 5 0.0
0.774788 0.066795 0.274686 5 0.0
0.775428 0.083224 0.23157 5 0.0
0.776886 0.123831 0.25344 5 0.0
0.221735 0.178858 0.196501 2 0.0
0.372478 0.887979 0.809164 12 0.0
0.388588 0.887379 0.817883 12 0.0
0.371091 0.852241 0.80927 12 0.0
0.356368 0.888578 0.800444 12 0.0
0.373866 0.923716 0.809057 12 0.0
0.419369 0.10046 0.257413 8 0.000397
0.405199 0.129422 0.274322 8 0.000397
0.42085 0.087366 0.281081 8 0.000397
0.43354 0.071498 0.240504 8 0.000397
0.417889 0.113554 0.233745 8 0.000397
0.71588 0.743221 0.273022 5 1.5e-05
0.773313 0.343426 0.222913 5 0.0
0.492462 0.930429 0.278517 14 4e-06
0.500997 0.93752 0.246385 14 4e-06
0.574719 0.923266 0.298787 14 4e-06
0.483927 0.923339 0.310649 14 4e-06
0.410205 0.937592 0.258247 14 4e-06
0.727957 0.877872 0.329815 5 1e-06
0.728772 0.893303 0.338142 5 1e-06
0.713929 0.855042 0.373497 5 1e-06
0.727142 0.86244 0.321488 5 1e-06
0.741986 0.900702 0.286134 5 1e-06
0.228322 0.887355 0.605371 12 0.0
0.227032 0.922417 0.599092 12 0.0
0.229451 0.889961 0.619691 12 0.0
0.229612 0.852293 0.611649 12 0.0
0.227193 0.884749 0.591051 12 0.0
0.718555 0.888711 0.740507 12 0.0
0.719374 0.927964 0.740408 12 0.0
0.709896 0.88892 0.751501 12 0.0
0.717735 0.849459 0.740606 12 0.0
0.727213 0.888503 0.729514 12 0.0
0.383603 0.212955 0.239104 8 1e-06
0.42362 0.194282 0.248546 8 1e-06
0.390389 0.238554 0.26097 8 1e-06
0.343585 0.231628 0.229663 8 1e-06
0.376817 0.187356 0.217239 8 1e-06
0.769131 -0.000428 0.23063 1 0.957977
0.273543 0.223376 0.25278 2 1e-06
0.276385 0.228247 0.227409 2 1e-06
0.27699 0.29253 0.266443 2 1e-06
0.270702 0.218505 0.278151 2 1e-06
0.270097 0.154222 0.239116 2 1e-06
0.466188 0.034768 0.255727 1 3.7e-05
0.479604 0.038328 0.241426 1 3.7e-05
0.486659 0.043904 0.277205 1 3.7e-05
0.452772 0.031209 0.270028 1 3.7e-05
0.445717 0.025633 0.234248 1 3.7e-05
0.230784 0.828815 0.629209 12 0.0
0.229787 0.845721 0.630652 12 0.0
0.233996 0.82768 0.644711 12 0.0
0.231781 0.811908 0.627765 12 0.0
0.227573 0.829949 0.613706 12 0.0
0.716281 0.818493 0.736998 12 0.0
0.714184 0.829572 0.741934 12 0.0
0.706761 0.811298 0.749102 12 0.0
0.718378 0.807414 0.732062 12 0.0
0.725802 0.825688 0.724893 12 0.0
0.774929 0.291004 0.319754 6 0.0
0.237011 0.002009 0.331815 1 0.001868
0.235465 0.001086 0.31703 1 0.001868
0.242116 0.002344 0.331261 1 0.001868
0.238558 0.002931 0.346601 1 0.001868
0.231906 0.001674 0.33237 1 0.001868
0.664564 0.060601 0.233011 1 0.0
0.630574 0.064498 0.251763 1 0.0
0.67122 0.06323 0.24453 1 0.0
0.698553 0.056704 0.214259 1 0.0
0.657907 0.057973 0.221492 1 0.0
0.222847 0.002068 0.266333 2 1.0
0.727873 0.853149 0.714099 13 0.0
0.728322 0.876219 0.713802 13 0.0
0.716919 0.853579 0.730951 13 0.0
0.727425 0.830079 0.714397 13 0.0
0.738828 0.852719 0.697247 13 0.0
0.22386 0.785715 0.372608 8 0.999998
0.35328 0.88092 0.800834 12 0.0
0.356576 0.913691 0.802544 12 0.0
0.363938 0.879473 0.808013 12 0.0
0.349983 0.848149 0.799123 12 0.0
0.342622 0.882367 0.793654 12 0.0
0.309256 0.887423 0.35542 2 0.972409
0.287939 0.9129 0.373736 2 0.972409
0.324055 0.866421 0.401857 2 0.972409
0.330573 0.861947 0.337104 2 0.972409
0.294457 0.908426 0.308983 2 0.972409
0.230381 0.998769 0.519373 14 0.999421
0.242684 0.921645 0.665945 11 0.0
0.248374 0.922483 0.68229 11 0.0
0.242891 0.896756 0.667149 11 0.0
0.236993 0.920808 0.6496 11 0.0
0.242476 0.946535 0.664742 11 0.0
0.326221 0.516529 0.232878 8 0.0
0.344039 0.547528 0.248305 8 0.0
0.322184 0.507583 0.255517 8 0.0
0.308404 0.48553 0.21745 8 0.0
0.330259 0.525475 0.210238 8 0.0
0.415116 0.986288 0.67684 15 2e-06
0.22309 0.066675 0.229581 2 0.0
0.222402 0.089529 0.229125 2 0.0
0.223512 0.067212 0.255844 2 0.0
0.223778 0.043821 0.230037 2 0.0
0.222668 0.066138 0.203317 2 0.0
0.713368 0.509599 0.262718 8 0.000125
0.707375 0.561239 0.261488 8 0.000125
0.717719 0.510604 0.283699 8 0.000125
0.719361 0.457959 0.263949 8 0.000125
0.709017 0.508594 0.241737 8 0.000125
0.441409 0.997894 0.77017 14 0.0
0.485553 0.997988 0.782782 14 0.0
0.435512 0.997834 0.79081 14 0.0
0.397264 0.997801 0.757557 14 0.0
0.447305 0.997955 0.74953 14 0.0
0.777174 0.542434 0.180235 5 0.0
0.226721 0.861479 0.591093 11 0.0
0.228347 0.860754 0.608568 11 0.0
0.225326 0.834484 0.590102 11 0.0
0.225096 0.862204 0.573618 11 0.0
0.228117 0.888474 0.592084 11 0.0
0.777607 0.940629 0.204689 6 0.0
0.778452 0.948936 0.216511 6 0.0
0.777781 0.923382 0.216796 6 0.0
0.776762 0.932322 0.192868 6 0.0
0.777433 0.957876 0.192583 6 0.0
0.731952 0.107128 0.252344 5 1e-06
0.732216 0.122407 0.233935 5 1e-06
0.723768 0.137823 0.277704 5 1e-06
0.731688 0.091848 0.270752 5 1e-06
0.740137 0.076433 0.226983 5 1e-06
0.223878 0.650522 0.218666 3 0.0
0.779187 0.942162 0.333179 6 0.0
0.779075 0.960854 0.332771 6 0.0
0.779854 0.943384 0.388986 6 0.0
0.779298 0.923469 0.333587 6 0.0
0.778519 0.94094 0.277372 6 0.0
0.511674 0.000349 0.169069 1 0.419486
0.578653 0.306998 0.221483 9 0.0
0.59783 0.316324 0.210032 9 0.0
0.58642 0.314666 0.240738 9 0.0
0.559475 0.297672 0.232933 9 0.0
0.570885 0.29933 0.202228 9 0.0
0.392202 0.867276 0.37802 14 1e-06
0.34399 0.875901 0.448354 14 1e-06
0.391701 0.837309 0.381351 14 1e-06
0.392703 0.897243 0.374688 14 1e-06
0.684281 0.959426 0.767255 12 0.0
0.686839 0.972325 0.766796 12 0.0
0.669689 0.962815 0.781157 12 0.0
0.681723 0.946527 0.767715 12 0.0
0.698873 0.956037 0.753354 12 0.0
0.50278 0.98597 0.282244 14 0.0
0.587482 0.985534 0.301714 14 0.0
0.494867 0.985889 0.316666 14 0.0
0.418077 0.986406 0.262774 14 0.0
0.510693 0.986051 0.247821 14 0.0
0.223763 0.38703 0.227062 2 0.0
0.315414 -0.001256 0.201477 1 0.0
0.284401 0.000379 0.191322 1 0.0
0.310657 -0.002077 0.215872 1 0.0
0.346427 -0.00289 0.211632 1 0.0
0.320171 -0.000435 0.187082 1 0.0
0.775008 0.295129 0.3049 16 0.0
0.372723 -0.000189 0.261669 1 0.0
0.326227 0.000428 0.241238 1 0.0
0.360579 0.00033 0.289323 1 0.0
0.419219 -0.000807 0.2821 1 0.0
0.384868 -0.000708 0.234015 1 0.0
0.551788 0.921571 0.834039 12 0.0
0.571512 0.926355 0.830599 12 0.0
0.546168 0.946215 0.836089 12 0.0
0.532065 0.916787 0.83748 12 0.0
0.557408 0.896926 0.83199 12 0.0
0.775588 0.098725 0.263971 16 0.0
0.775863 0.114984 0.295221 16 0.0
0.77477 0.071535 0.278124 16 0.0
0.775313 0.082466 0.23272 16 0.0
0.776405 0.125915 0.249818 16 0.0
0.61628 0.90491 0.639973 15 0.0
0.60912 0.933207 0.653997 15 0.0
0.606485 0.894155 0.656674 15 0.0
0.623439 0.876612 0.625948 15 0.0
0.626074 0.915665 0.623271 15 0.0
0.257122 -0.001094 0.263119 1 0.0
0.269239 -0.002008 0.262736 1 0.0
0.258196 -0.001618 0.298348 1 0.0
0.245005 -0.000179 0.263502 1 0.0
0.256048 -0.000569 0.22789 1 0.0
0.223651 0.155874 0.263394 2 0.0
0.222512 0.206222 0.263978 2 0.0
0.223946 0.155479 0.298064 2 0.0
0.22479 0.105526 0.262811 2 0.0
0.223356 0.156269 0.228725 2 0.0
0.469972 -9.5e-05 0.263114 1 0.0
0.545866 -0.000401 0.271736 1 0.0
0.466183 -0.00028 0.296464 1 0.0
0.394078 0.00021 0.254493 1 0.0
0.473761 8.9e-05 0.229765 1 0.0
0.244201 0.977648 0.155136 7 0.084626
0.235767 0.981998 0.155939 7 0.084626
0.248513 0.98588 0.15582 7 0.084626
0.252635 0.973297 0.154332 7 0.084626
0.239889 0.969415 0.154452 7 0.084626
0.660254 0.979458 0.219591 14 0.0
0.696281 0.985359 0.213253 14 0.0
0.664142 0.977035 0.239436 14 0.0
0.624226 0.973558 0.225928 14 0.0
0.656366 0.981882 0.199745 14 0.0
0.223798 0.037842 0.242788 2 0.0
0.222798 0.040814 0.273118 2 0.0
0.223805 0.02458 0.244087 2 0.0
0.224798 0.03487 0.212458 2 0.0
0.223791 0.051104 0.241488 2 0.0
0.574497 0.986732 0.689552 15 0.0
0.364901 0.602845 0.152606 7 0.0
0.684432 0.061574 0.254693 1 1e-06
0.674604 0.064455 0.25031 1 1e-06
0.66777 0.049168 0.283904 1 1e-06
0.694261 0.058694 0.259076 1 1e-06
0.701095 0.073981 0.225482 1 1e-06
0.222918 0.886976 0.200848 2 0.0
0.223022 0.887562 0.216911 2 0.0
0.221196 0.850575 0.202187 2 0.0
0.222815 0.886391 0.184786 2 0.0
0.224641 0.923378 0.199509 2 0.0
0.777485 0.201861 0.166438 16 0.290335
0.411383 0.600502 0.215873 8 0.0
0.43238 0.613753 0.206299 8 0.0
0.418183 0.603464 0.234884 8 0.0
0.390386 0.58725 0.225447 8 0.0
0.404584 0.597539 0.196862 8 0.0
0.259139 0.6667 0.262267 2 5e-06
0.396959 0.89459 0.232863 7 0.985533
0.40861 0.910475 0.226214 7 0.985533
0.44909 0.866715 0.257617 7 0.985533
0.385308 0.878705 0.239512 7 0.985533
0.344828 0.922466 0.208109 7 0.985533
0.692452 0.846541 0.761273 12 0.0
0.681243 0.856011 0.771838 12 0.0
0.684962 0.827584 0.770319 12 0.0
0.703661 0.83707 0.750708 12 0.0
0.699942 0.865498 0.752227 12 0.0
0.301756 0.841054 0.757114 11 0.0
0.304448 0.860861 0.762791 11 0.0
0.315887 0.835306 0.770466 11 0.0
0.299064 0.821246 0.751436 11 0.0
0.287625 0.846802 0.743761 11 0.0
0.420168 0.780522 0.151901 7 0.0
0.471326 0.840588 0.153027 7 0.0
0.45412 0.751607 0.151822 7 0.0
0.369011 0.720455 0.150774 7 0.0
0.386216 0.809437 0.15198 7 0.0
0.223901 0.254882 0.178451 2 4.3e-05
0.226891 0.394294 0.350643 2 0.0
0.296422 0.945317 0.183652 7 0.0
0.303833 0.960955 0.182854 7 0.0
0.271902 0.956503 0.175133 7 0.0
0.289012 0.92968 0.184451 7 0.0
0.320943 0.934132 0.192172 7 0.0
0.732758 0.079927 0.215892 5 0.0
0.721467 0.102341 0.230138 5 0.0
0.730208 0.069784 0.229828 5 0.0
0.74405 0.057513 0.201645 5 0.0
0.735309 0.09007 0.201955 5 0.0
0.362635 0.904481 0.463207 15 0.0
0.363013 0.932965 0.473709 15 0.0
0.338998 0.891817 0.498408 15 0.0
0.362257 0.875996 0.452706 15 0.0
0.386272 0.917145 0.428006 15 0.0
0.604879 0.995486 0.814871 13 0.972337
0.550295 0.020031 0.299136 1 4e-06
0.565666 0.026933 0.278775 1 4e-06
0.565805 0.018055 0.310175 1 4e-06
0.534923 0.013128 0.319497 1 4e-06
0.534784 0.022006 0.288097 1 4e-06
0.776398 0.138219 0.180457 6 0.0
0.709693 0.001707 0.294867 1 0.0
0.728524 0.001766 0.284486 1 0.0
0.722843 0.000783 0.318716 1 0.0
0.690862 0.001648 0.305247 1 0.0
0.696543 0.002631 0.271017 1 0.0
0.271014 0.784941 0.704975 10 0.002368
0.773401 0.892463 0.51526 12 0.0
0.770911 0.91035 0.545876 12 0.0
0.771891 0.865369 0.530968 12 0.0
0.775891 0.874575 0.484644 12 0.0
0.774911 0.919557 0.499553 12 0.0
0.224356 -0.001327 0.254574 3 0.999987
0.224534 0.265616 0.186446 2 0.0
0.663122 0.264787 0.159961 7 0.0
0.760954 0.013832 0.163169 5 1e-06
0.761995 0.018861 0.166449 5 1e-06
0.767007 0.011513 0.164803 5 1e-06
0.759913 0.008803 0.159889 5 1e-06
0.754901 0.016151 0.161535 5 1e-06
0.32823 0.898583 0.521568 15 0.0
0.330092 0.93036 0.524137 15 0.0
0.317727 0.895625 0.565762 15 0.0
0.326367 0.866806 0.518998 15 0.0
0.338732 0.901541 0.477374 15 0.0
0.619147 0.07675 0.258675 1 0.000527
0.595476 0.10008 0.264773 1 0.000527
0.622079 0.075609 0.274425 1 0.000527
0.642819 0.053421 0.252577 1 0.000527
0.616215 0.077892 0.242926 1 0.000527
0.741168 0.878337 0.692036 12 0.0
0.745553 0.907564 0.683011 12 0.0
0.733034 0.884568 0.708264 12 0.0
0.736783 0.849109 0.701061 12 0.0
0.749303 0.872105 0.675808 12 0.0
0.643106 0.979664 0.342716 14 0.0
0.675614 0.978719 0.324644 14 0.0
0.670603 0.980151 0.392154 14 0.0
0.610597 0.98061 0.360787 14 0.0
0.615608 0.979178 0.293277 14 0.0
0.55047 0.045406 0.258575 1 0.0
0.318 0.930646 0.482567 14 7e-06
0.296984 0.914921 0.487544 14 7e-06
0.317965 0.935995 0.499322 14 7e-06
0.339016 0.94637 0.477589 14 7e-06
0.318034 0.925296 0.465812 14 7e-06
0.479287 0.277751 0.16267 8 0.734954
0.27735 0.032471 0.231421 1 0.0
0.263437 0.037083 0.235818 1 0.0
0.288318 0.039846 0.25839 1 0.0
0.291264 0.02786 0.227024 1 0.0
0.266383 0.025097 0.204452 1 0.0
0.315637 0.002528 0.176695 1 0.0
0.45076 0.003557 0.353648 1 0.0
0.245157 0.002996 0.314506 1 0.0
0.237576 0.002989 0.31477 1 0.0
0.245846 0.003048 0.334317 1 0.0
0.252738 0.003003 0.314242 1 0.0
0.244468 0.002944 0.294694 1 0.0
0.330226 0.908221 0.780721 11 0.0
0.341647 0.908587 0.790069 11 0.0
0.330826 0.879746 0.781102 11 0.0
0.318806 0.907856 0.771374 11 0.0
0.329627 0.936696 0.78034 11 0.0
0.759383 0.998182 0.649881 14 0.999621
0.748448 0.998593 0.381483 14 0.0
0.286713 0.745049 0.151812 7 0.0
0.289889 0.941258 0.153861 7 0.0
0.294534 0.960916 0.154136 7 0.0
0.312217 0.935996 0.152865 7 0.0
0.285243 0.921601 0.153586 7 0.0
0.267561 0.946521 0.154857 7 0.0
0.577289 0.127059 0.152295 7 0.0
0.580468 0.166742 0.152083 7 0.0
0.516213 0.131948 0.151472 7 0.0
0.574109 0.087375 0.152508 7 0.0
0.638365 0.122169 0.153119 7 0.0
0.697141 0.22089 0.256199 7 4.8e-05
0.696133 0.260806 0.28138 7 4.8e-05
0.719119 0.208802 0.276238 7 4.8e-05
0.698148 0.180974 0.231017 7 4.8e-05
0.675162 0.232977 0.236159 7 4.8e-05
0.3783 0.975471 0.281219 14 0.0
0.425612 0.973777 0.300098 14 0.0
0.362785 0.976187 0.320167 14 0.0
0.330987 0.977165 0.26234 14 0.0
0.393815 0.974755 0.242272 14 0.0
0.778253 0.890044 0.267202 6 0.0
0.778694 0.909764 0.298114 6 0.0
0.779232 0.860719 0.285895 6 0.0
0.777812 0.870323 0.236289 6 0.0
0.777274 0.919368 0.248508 6 0.0
0.370255 0.563934 0.236457 8 0.0
0.382753 0.573218 0.262911 8 0.0
0.358584 0.552918 0.245838 8 0.0
0.357757 0.55465 0.210004 8 0.0
0.381927 0.57495 0.227077 8 0.0
0.223474 0.130217 0.176695 2 1.4e-05
0.221463 0.809446 0.262923 2 0.0
0.221994 0.869154 0.262007 2 0.0
0.22149 0.809961 0.296529 2 0.0
0.220931 0.749737 0.263839 2 0.0
0.221435 0.80893 0.229317 2 0.0
0.654662 0.897354 0.153805 7 0.0
0.61841 0.909322 0.153297 7 0.0
0.644476 0.866494 0.153718 7 0.0
0.690915 0.885385 0.154313 7 0.0
0.664849 0.928213 0.153893 7 0.0
0.295604 0.914275 0.362511 14 3e-06
0.274136 0.927047 0.364286 14 3e-06
0.297242 0.908244 0.425705 14 3e-06
0.317072 0.901504 0.360736 14 3e-06
0.293966 0.920307 0.299317 14 3e-06
0.704774 0.998883 0.654581 14 0.0
0.689428 0.998862 0.648059 14 0.0
0.688142 0.998945 0.693717 14 0.0
0.720121 0.998903 0.661103 14 0.0
0.721407 0.99882 0.615445 14 0.0
0.334155 0.784016 0.695758 10 0.0
0.365106 0.784083 0.735339 10 0.0
0.319736 0.784441 0.707033 10 0.0
0.303204 0.783949 0.656177 10 0.0
0.348575 0.783591 0.684484 10 0.0
0.396701 0.923016 0.471729 15 0.0
0.405344 0.945632 0.464278 15 0.0
0.378483 0.935643 0.48892 15 0.0
0.388057 0.900401 0.479179 15 0.0
0.414918 0.91039 0.454537 15 0.0
0.22339 0.145655 0.242128 2 0.0
0.222737 0.192314 0.254473 2 0.0
0.224022 0.138843 0.267907 2 0.0
0.224042 0.098996 0.229783 2 0.0
0.222757 0.152467 0.216349 2 0.0
0.370399 0.978603 0.584983 15 0.0
0.778938 0.461414 0.227006 6 0.0
0.2874 -0.000548 0.251056 1 0.0
0.307614 -0.000875 0.246481 1 0.0
0.294526 -0.001263 0.282591 1 0.0
0.267187 -0.000221 0.25563 1 0.0
0.280275 0.000167 0.21952 1 0.0
0.462544 0.740506 0.15168 7 0.0
0.469775 0.77936 0.151153 7 0.0
0.389057 0.754185 0.151787 7 0.0
0.455313 0.701653 0.152207 7 0.0
0.536031 0.726828 0.151572 7 0.0
0.60224 0.318159 0.187121 8 0.0
0.616587 0.330406 0.191655 8 0.0
0.598686 0.317828 0.199261 8 0.0
0.587894 0.305912 0.182587 8 0.0
0.605794 0.318489 0.174981 8 0.0
0.51036 -0.000341 0.258007 1 0.0
0.429213 -0.00056 0.264415 1 0.0
0.512909 2.6e-05 0.290295 1 0.0
0.591507 -0.000122 0.251599 1 0.0
0.507811 -0.000708 0.225719 1 0.0
0.225609 0.037841 0.159391 2 0.991815
0.635983 0.686409 0.283842 8 1e-06
0.600366 0.735133 0.302812 8 1e-06
0.659442 0.695588 0.304312 8 1e-06
0.6716 0.637686 0.264872 8 1e-06
0.612525 0.677231 0.263372 8 1e-06
0.365214 0.853994 0.578142 15 0.0
0.36704 0.878787 0.58236 15 0.0
0.364736 0.848812 0.608813 15 0.0
0.363388 0.829202 0.573924 15 0.0
0.365692 0.859177 0.547471 15 0.0
0.408827 0.998005 0.828557 12 0.999968
0.771842 0.936473 0.569653 16 0.0
0.772558 0.956387 0.565668 16 0.0
0.768795 0.942527 0.599363 16 0.0
0.771126 0.916559 0.573638 16 0.0
0.774889 0.930419 0.539943 16 0.0
0.71554 0.387004 0.265261 8 2.7e-05
0.717525 0.397673 0.247241 8 2.7e-05
0.718099 0.438079 0.295783 8 2.7e-05
0.713556 0.376335 0.28328 8 2.7e-05
0.712982 0.335929 0.234738 8 2.7e-05
0.292074 0.955112 0.572707 15 0.999957
0.310758 0.969698 0.565418 15 0.999957
0.299565 0.959232 0.600152 15 0.999957
0.273389 0.940526 0.579997 15 0.999957
0.284583 0.950992 0.545262 15 0.999957
0.382661 0.991425 0.817743 11 0.351603
0.221461 0.178065 0.193327 2 0.0
0.414005 0.300211 0.157606 8 0.917756
0.612586 1.000666 0.483768 14 0.999989
0.775986 0.890857 0.490527 16 0.0
0.776531 0.921855 0.480457 16 0.0
0.774613 0.904827 0.533458 16 0.0
0.775441 0.859859 0.500597 16 0.0
0.777359 0.876886 0.447595 16 0.0
0.407134 0.04686 0.344626 8 0.999928
0.412722 0.062329 0.337065 8 0.999928
0.435998 0.039139 0.350159 8 0.999928
0.401547 0.03139 0.352186 8 0.999928
0.37827 0.054581 0.339093 8 0.999928
0.534934 0.021309 0.155596 7 0.000103
0.334595 0.002752 0.163883 1 0.784713
0.33761 0.868018 0.788916 12 0.0
0.325379 0.868188 0.779428 12 0.0
0.337816 0.896926 0.789168 12 0.0
0.349841 0.867848 0.798403 12 0.0
0.337404 0.83911 0.788663 12 0.0
0.221426 0.003834 0.335514 3 0.999822
0.345975 0.100896 0.217551 7 0.974727
0.332344 0.120749 0.217163 7 0.974727
0.381412 0.12566 0.239716 7 0.974727
0.359606 0.081043 0.217938 7 0.974727
0.310537 0.076132 0.195386 7 0.974727
0.772951 0.00252 0.240236 1 0.783809
0.777493 0.793152 0.283364 16 0.0
0.777478 0.804917 0.256788 16 0.0
0.777034 0.857953 0.312049 16 0.0
0.777508 0.781388 0.30994 16 0.0
0.777952 0.728351 0.254678 16 0.0
0.776283 0.73313 0.194804 6 0.0
0.564017 0.977016 0.217873 14 0.0
0.721043 0.208984 0.239057 5 0.0
0.224855 0.11379 0.338941 2 0.0
0.613975 1.001561 0.212997 14 0.002742
0.663947 1.000731 0.20906 14 0.002742
0.615476 1.001917 0.231963 14 0.002742
0.564004 1.002391 0.216933 14 0.002742
0.612475 1.001205 0.19403 14 0.002742
0.707423 0.025484 0.260762 1 0.0
0.722914 0.024086 0.269205 1 0.0
0.689857 0.031829 0.294042 1 0.0
0.691932 0.026881 0.252319 1 0.0
0.724988 0.019138 0.227482 1 0.0
0.767459 0.949955 0.174626 6 1e-06
0.770373 0.965686 0.170951 6 1e-06
0.766298 0.951612 0.180797 6 1e-06
0.764544 0.934224 0.178302 6 1e-06
0.768619 0.948298 0.168455 6 1e-06
0.758524 0.003739 0.227152 1 0.079899
0.615868 0.944273 0.683651 15 1e-06
0.622364 0.955074 0.678905 15 1e-06
0.632127 0.931521 0.676881 15 1e-06
0.609372 0.933472 0.688397 15 1e-06
0.599609 0.957025 0.690421 15 1e-06
0.329162 0.295438 0.243339 8 1e-06
0.297009 0.329765 0.249748 8 1e-06
0.325201 0.286773 0.269878 8 1e-06
0.361316 0.261111 0.236931 8 1e-06
0.333124 0.304103 0.216801 8 1e-06
0.222934 0.773659 0.207109 2 0.0
0.592916 0.77246 0.427439 10 0.0
0.567427 0.769826 0.426321 10 0.0
0.59217 0.77626 0.435508 10 0.0
0.618406 0.775095 0.428557 10 0.0
0.593663 0.76866 0.419371 10 0.0
0.754334 0.889817 0.520099 16 0.0
0.756623 0.921557 0.490182 16 0.0
0.754432 0.902973 0.534064 16 0.0
0.752045 0.858076 0.550016 16 0.0
0.754236 0.876661 0.506133 16 0.0
0.700327 0.941631 0.427734 15 0.000681
0.718376 0.957345 0.418724 15 0.000681
0.711534 0.945283 0.456556 15 0.000681
0.682278 0.925917 0.436743 15 0.000681
0.689119 0.937979 0.398911 15 0.000681
0.651195 0.997464 0.797078 12 0.999999
0.740266 0.923873 0.645049 13 2e-06
0.734047 0.939716 0.665103 13 2e-06
0.734601 0.906909 0.656694 13 2e-06
0.746485 0.908029 0.624995 13 2e-06
0.745931 0.940837 0.633403 13 2e-06
0.666862 0.96328 0.153991 7 0.0
0.665987 0.976408 0.153848 7 0.0
0.631811 0.960934 0.152815 7 0.0
0.667736 0.950153 0.154134 7 0.0
0.701912 0.965627 0.155167 7 0.0
0.778026 0.171239 0.245256 16 0.0
0.779029 0.223881 0.25212 16 0.0
0.778189 0.167642 0.272814 16 0.0
0.777023 0.118597 0.238391 16 0.0
0.777864 0.174835 0.217698 16 0.0
0.777199 0.524842 0.211346 16 0.0
0.628446 0.779338 0.813892 10 0.99993
0.387848 0.998251 0.743065 14 0.0
0.427868 0.998453 0.769014 14 0.0
0.37616 0.99832 0.76109 14 0.0
0.347829 0.998049 0.717116 14 0.0
0.399536 0.998182 0.725039 14 0.0
0.232142 0.810627 0.62554 11 0.00036
0.232445 0.821476 0.625022 11 0.00036
0.235435 0.811336 0.642326 11 0.00036
0.231838 0.799778 0.626057 11 0.00036
0.228849 0.809918 0.608754 11 0.00036
0.316135 0.888585 0.688007 3 4e-06
0.314665 0.921814 0.66861 3 4e-06
0.320781 0.898205 0.704135 3 4e-06
0.317604 0.855357 0.707403 3 4e-06
0.311488 0.878965 0.671879 3 4e-06
0.29465 0.060155 0.37023 8 0.0
0.316397 0.072081 0.370704 8 0.0
0.302855 0.045185 0.37042 8 0.0
0.272903 0.048228 0.369756 8 0.0
0.286445 0.075124 0.370039 8 0.0
0.730964 0.809692 0.711623 16 0.0
0.732298 0.817365 0.706578 16 0.0
0.72432 0.816527 0.720263 16 0.0
0.729631 0.802019 0.716668 16 0.0
0.737608 0.802856 0.702983 16 0.0
0.775623 0.214224 0.281747 16 0.0
0.775039 0.213994 0.253358 16 0.0
0.776129 0.280078 0.281203 16 0.0
0.776207 0.214454 0.310136 16 0.0
0.775117 0.148369 0.28229 16 0.0
0.778215 0.689235 0.197393 16 0.0
0.676827 0.947573 0.765977 15 0.0
0.685428 0.962466 0.762528 15 0.0
0.669132 0.954038 0.774706 15 0.0
0.668226 0.93268 0.769426 15 0.0
0.684522 0.941108 0.757248 15 0.0
0.755052 0.863554 0.648121 16 0.0
0.753241 0.890154 0.654369 16 0.0
0.750268 0.859701 0.66314 16 0.0
0.756862 0.836954 0.641873 16 0.0
0.759836 0.867408 0.633103 16 0.0
0.738781 0.8088 0.694996 12 0.0
0.729774 0.805188 0.712862 12 0.0
0.739469 0.799944 0.693552 12 0.0
0.747788 0.812413 0.67713 12 0.0
0.738092 0.817656 0.69644 12 0.0
0.223954 0.888196 0.426873 2 0.0
0.224156 0.900057 0.36723 2 0.0
0.224757 0.920277 0.433256 2 0.0
0.223752 0.876334 0.486516 2 0.0
0.22315 0.856114 0.42049 2 0.0
0.39216 0.142083 0.151393 7 0.0
0.442188 0.162611 0.150752 7 0.0
0.376113 0.18118 0.151066 7 0.0
0.342133 0.121555 0.152035 7 0.0
0.408207 0.102986 0.151721 7 0.0
0.678761 0.077683 0.376199 8 0.0
0.707522 0.090711 0.37618 8 0.0
0.669314 0.098539 0.377041 8 0.0
0.649999 0.064655 0.376218 8 0.0
0.688207 0.056827 0.375357 8 0.0
0.225741 0.018465 0.291353 2 0.037307
0.247372 0.995087 0.319665 14 0.0
0.761118 0.123026 0.21525 6 0.0
0.762032 0.128537 0.202285 6 0.0
0.755423 0.165121 0.232741 6 0.0
0.760204 0.117515 0.228215 6 0.0
0.766813 0.080932 0.197759 6 0.0
0.640923 0.871819 0.79546 12 0.0
0.640146 0.898461 0.795582 12 0.0
0.624777 0.871307 0.804399 12 0.0
0.6417 0.845176 0.795337 12 0.0
0.657069 0.872331 0.78652 12 0.0
0.778716 0.2441 0.187331 5 0.0
0.77729 0.279526 0.264044 16 0.0
0.7772 0.281626 0.230587 16 0.0
0.777415 0.364928 0.269404 16 0.0
0.77738 0.277426 0.2975 16 0.0
0.777165 0.194124 0.258684 16 0.0
0.321978 0.932706 0.775545 12 0.0
0.323035 0.95404 0.7774 12 0.0
0.337561 0.930784 0.788757 12 0.0
0.32092 0.911371 0.773689 12 0.0
0.306395 0.934627 0.762332 12 0.0
0.256917 0.212705 0.150063 7 0.0
0.274201 0.875072 0.725617 12 0.0
0.273766 0.907071 0.725347 12 0.0
0.285878 0.87538 0.743266 12 0.0
0.274637 0.843074 0.725887 12 0.0
0.262525 0.874765 0.707968 12 0.0
0.774604 0.029148 0.370171 6 0.891442
0.629051 0.919543 0.810227 12 0.0
0.622963 0.943009 0.814461 12 0.0
0.613995 0.914145 0.818498 12 0.0
0.635139 0.896078 0.805993 12 0.0
0.644107 0.924942 0.801956 12 0.0
0.755105 0.856782 0.6605 12 0.0
0.758693 0.877732 0.650582 12 0.0
0.74942 0.86479 0.675359 12 0.0
0.751517 0.835832 0.670418 12 0.0
0.76079 0.848775 0.645642 12 0.0
0.347003 0.783147 0.791939 10 0.025968
0.549539 -0.000716 0.261688 1 0.0
0.620923 0.000148 0.254549 1 0.0
0.552891 -0.000286 0.295253 1 0.0
0.478155 -0.00158 0.268827 1 0.0
0.546187 -0.001146 0.228123 1 0.0
0.77451 0.06314 0.28155 6 0.0
0.774822 0.056371 0.309979 6 0.0
0.774224 0.043029 0.276765 6 0.0
0.774197 0.069909 0.253121 6 0.0
0.774796 0.083251 0.286335 6 0.0
0.382749 0.834181 0.818276 12 0.0
0.390145 0.831931 0.823507 12 0.0
0.378413 0.817187 0.817095 12 0.0
0.375353 0.836432 0.813046 12 0.0
0.387084 0.851176 0.819458 12 0.0
0.777735 0.500666 0.179967 6 0.0
0.392602 0.993764 0.158626 14 0.999993
0.724135 0.30999 0.262733 5 5e-06
0.726619 0.311659 0.286615 5 5e-06
0.719217 0.247817 0.26759 5 5e-06
0.721652 0.308321 0.238852 5 5e-06
0.729054 0.372163 0.257877 5 5e-06
0.22358 0.001576 0.233837 2 1.0
0.224971 0.879752 0.166228 2 0.15536
0.769186 0.856123 0.633642 12 0.0
0.772336 0.857272 0.619023 12 0.0
0.768938 0.883474 0.635738 12 0.0
0.766036 0.854975 0.648262 12 0.0
0.769434 0.828773 0.631547 12 0.0
0.703496 0.008659 0.371373 8 0.001545
0.335334 0.997487 0.753618 14 0.0
0.390053 0.896286 0.815012 2 0.0
0.388159 0.912397 0.814726 2 0.0
0.402322 0.897808 0.819481 2 0.0
0.391946 0.880176 0.815299 2 0.0
0.377784 0.894765 0.810544 2 0.0
0.24997 0.959874 0.679326 12 0.0
0.257496 0.9598 0.697129 12 0.0
0.249236 0.946579 0.679581 12 0.0
0.242444 0.959948 0.661523 12 0.0
0.250705 0.973169 0.679071 12 0.0
0.778569 0.581028 0.207285 6 0.0
0.226725 0.88866 0.434885 2 0.0
0.228874 0.897114 0.49692 2 0.0
0.226221 0.856508 0.439284 2 0.0
0.224576 0.880206 0.372849 2 0.0
0.227229 0.920813 0.430486 2 0.0
0.777582 0.940628 0.204625 16 0.0
0.777617 0.959062 0.211606 16 0.0
0.777705 0.934855 0.219868 16 0.0
0.777547 0.922193 0.197644 16 0.0
0.777459 0.946401 0.189382 16 0.0
0.645505 0.998704 0.746675 14 0.0
0.614698 0.998753 0.771928 14 0.0
0.654659 0.998903 0.757842 14 0.0
0.676312 0.998655 0.721423 14 0.0
0.63635 0.998506 0.735508 14 0.0
0.780565 0.788975 0.212085 6 0.0
0.778865 0.624647 0.184177 6 0.0
0.643268 0.944244 0.800919 12 0.0
0.643684 0.962196 0.802093 12 0.0
0.628397 0.94398 0.810224 12 0.0
0.642851 0.926291 0.799746 12 0.0
0.658138 0.944507 0.791615 12 0.0
0.775659 0.387145 0.317146 16 0.0
0.479376 -0.000937 0.243049 1 0.0
0.405902 -0.00145 0.242686 1 0.0
0.479248 -0.001751 0.270055 1 0.0
0.55285 -0.000424 0.243413 1 0.0
0.479504 -0.000124 0.216043 1 0.0
0.576761 0.890943 0.830448 12 0.0
0.593132 0.890511 0.825863 12 0.0
0.577616 0.924993 0.830292 12 0.0
0.560391 0.891375 0.835032 12 0.0
0.575907 0.856894 0.830603 12 0.0
0.612053 0.881137 0.650729 15 0.0
0.608247 0.910643 0.658553 15 0.0
0.597969 0.873138 0.674047 15 0.0
0.615858 0.851631 0.642905 15 0.0
0.626136 0.889137 0.627411 15 0.0
0.222338 0.240966 0.263037 3 0.0
0.221764 0.316758 0.266544 3 0.0
0.222649 0.239427 0.296345 3 0.0
0.222913 0.165174 0.25953 3 0.0
0.222027 0.242505 0.229728 3 0.0
0.287217 0.991073 0.735232 13 4e-06
0.680849 0.833691 0.772851 12 0.0
0.670721 0.843631 0.781176 12 0.0
0.673822 0.819549 0.781186 12 0.0
0.690977 0.823752 0.764525 12 0.0
0.687876 0.847833 0.764515 12 0.0
0.591253 0.998508 0.826854 12 1.0
0.327331 0.865787 0.779749 11 0.0
0.332536 0.89387 0.783843 11 0.0
0.341343 0.861525 0.791169 11 0.0
0.322127 0.837703 0.775654 11 0.0
0.31332 0.870048 0.768328 11 0.0
0.455485 0.782961 0.152539 7 0.0
0.434529 0.832191 0.152526 7 0.0
0.523752 0.81202 0.152332 7 0.0
0.476441 0.733731 0.152552 7 0.0
0.387218 0.753902 0.152746 7 0.0
0.248023 0.783613 0.66167 10 0.001208
0.771306 0.915005 0.574673 16 0.0
0.769297 0.9291 0.594797 16 0.0
0.769542 0.893266 0.589723 16 0.0
0.773315 0.900911 0.554549 16 0.0
0.77307 0.936745 0.559623 16 0.0
0.305413 0.005783 0.158971 1 0.998159
0.736056 0.855385 0.702807 12 0.0
0.741959 0.87739 0.692819 12 0.0
0.727947 0.864339 0.71774 12 0.0
0.730153 0.83338 0.712795 12 0.0
0.744165 0.846431 0.687874 12 0.0
0.397367 0.987874 0.660221 15 0.0
0.33126 0.853811 0.152549 7 0.0
0.363458 0.864402 0.152051 7 0.0
0.316387 0.899062 0.1533 7 0.0
0.299062 0.84322 0.153046 7 0.0
0.346133 0.808559 0.151798 7 0.0
0.771885 0.019142 0.226928 6 0.0
0.774859 0.949103 0.238587 16 0.0
0.776377 0.958078 0.266248 16 0.0
0.774103 0.935272 0.243116 16 0.0
0.773341 0.940128 0.210926 16 0.0
0.775615 0.962934 0.234058 16 0.0
0.342108 0.996851 0.795043 12 0.999991
0.402334 0.027526 0.152539 7 4e-06
0.771363 0.001573 0.369342 1 0.999969
0.490739 0.892922 0.843834 12 0.0
0.506918 0.888684 0.844 12 0.0
0.49807 0.920965 0.84516 12 0.0
0.474559 0.89716 0.843668 12 0.0
0.483407 0.864879 0.842508 12 0.0
0.607685 0.997526 0.818619 14 0.999994
0.409161 0.994513 0.829733 12 0.999957
0.221871 0.242239 0.199691 2 0.0
0.775052 0.891654 0.500317 16 0.0
0.775567 0.923802 0.491294 16 0.0
0.773609 0.904146 0.544738 16 0.0
0.774536 0.859507 0.50934 16 0.0
0.776495 0.879163 0.455895 16 0.0
0.324303 0.048281 0.340845 8 0.0
0.327152 0.06051 0.339173 8 0.0
0.353131 0.042399 0.346955 8 0.0
0.321453 0.036053 0.342516 8 0.0
0.295475 0.054164 0.334735 8 0.0
0.225488 0.003395 0.348887 1 0.999994
0.778167 0.705357 0.272105 6 0.0
0.778467 0.796117 0.274015 6 0.0
0.777629 0.704689 0.303929 6 0.0
0.777868 0.614597 0.270196 6 0.0
0.778706 0.706025 0.240282 6 0.0
0.55372 -0.001526 0.177622 1 1e-06
0.222517 0.710261 0.256076 2 0.0
0.223526 0.708976 0.28797 2 0.0
0.220982 0.621131 0.252535 2 0.0
0.221508 0.711545 0.224183 2 0.0
0.224052 0.79939 0.259618 2 0.0
0.747317 0.002348 0.366567 1 0.999954
0.653716 0.903336 0.476051 15 0.0
0.62853 0.900071 0.409648 15 0.0
0.64493 0.873097 0.48087 15 0.0
0.678901 0.9066 0.542454 15 0.0
0.662502 0.933574 0.471232 15 0.0
0.776841 0.608449 0.247201 6 0.0
0.629603 0.783991 0.794258 10 0.0
0.225151 0.881426 0.36237 2 0.0
0.225955 0.913545 0.353841 2 0.0
0.225341 0.897947 0.424606 2 0.0
0.224346 0.849306 0.370899 2 0.0
0.22496 0.864905 0.300134 2 0.0
0.775958 0.935927 0.411364 16 0.0
0.776209 0.955065 0.41178 16 0.0
0.773923 0.934785 0.465169 16 0.0
0.775706 0.916789 0.410948 16 0.0
0.777992 0.93707 0.357559 16 0.0
0.280225 0.62377 0.364731 4 0.0
0.48394 0.681681 0.20072 7 0.0
0.415264 0.674103 0.208743 7 0.0
0.481678 0.705802 0.204141 7 0.0
0.552616 0.68926 0.192697 7 0.0
0.486202 0.65756 0.1973 7 0.0
0.584415 0.089436 0.376452 8 0.0
0.585235 0.11798 0.377164 8 0.0
0.527138 0.091073 0.376787 8 0.0
0.583596 0.060893 0.375739 8 0.0
0.641692 0.0878 0.376117 8 0.0
0.654572 0.004579 0.355835 1 0.0
0.75733 0.996603 0.573623 14 0.0
0.26157 0.07141 0.262401 2 0.0
0.263628 0.095529 0.25727 2 0.0
0.266998 0.07821 0.296536 2 0.0
0.259512 0.047291 0.267533 2 0.0
0.256143 0.06461 0.228267 2 0.0
0.348055 0.496859 0.23606 8 0.0
0.356092 0.523352 0.239841 8 0.0
0.350034 0.492327 0.263611 8 0.0
0.340019 0.470367 0.232278 8 0.0
0.346077 0.501392 0.208509 8 0.0
0.234622 0.782498 0.493206 10 0.002381
0.369474 0.801254 0.625534 15 0.000344
0.744449 0.983963 0.689212 13 0.010856
0.777891 0.244554 0.263858 6 0.0
0.778248 0.319336 0.265061 6 0.0
0.778123 0.244012 0.297494 6 0.0
0.777535 0.169771 0.262656 6 0.0
0.77766 0.245096 0.230222 6 0.0
0.344779 0.389952 0.277613 8 0.0
0.335586 0.415792 0.274533 8 0.0
0.343128 0.392954 0.307721 8 0.0
0.353971 0.364112 0.280693 8 0.0
0.346429 0.38695 0.247505 8 0.0
0.347548 0.997231 0.695333 14 0.0
0.542471 0.167789 0.376137 8 0.0
0.537991 0.202941 0.376018 8 0.0
0.61376 0.176872 0.375626 8 0.0
0.546951 0.132637 0.376257 8 0.0
0.471182 0.158706 0.376648 8 0.0
0.524483 0.794182 0.438356 15 0.14382
0.523186 0.803956 0.440933 15 0.14382
0.553447 0.7963 0.444903 15 0.14382
0.525781 0.784407 0.435779 15 0.14382
0.495519 0.792063 0.43181 15 0.14382
0.777949 0.849223 0.377693 12 0.0
0.544628 0.943307 0.411367 15 0.0
0.546245 0.95596 0.41238 15 0.0
0.508673 0.948276 0.406662 15 0.0
0.543012 0.930654 0.410354 15 0.0
0.580583 0.938338 0.416071 15 0.0
0.658309 0.938828 0.53675 15 0.0
0.317491 0.373364 0.359503 8 0.0
0.243286 0.252834 0.152594 7 0.000701
0.224767 0.805256 0.560123 12 1e-06
0.417306 0.887867 0.455114 15 0.0
0.41713 0.923137 0.455027 15 0.0
0.398979 0.887803 0.466231 15 0.0
0.417482 0.852598 0.455201 15 0.0
0.435633 0.887931 0.443998 15 0.0
0.479833 0.997625 0.715397 15 3.3e-05
0.256518 0.780358 0.699841 10 0.999999
0.455869 0.970895 0.698741 15 0.0
0.433624 0.974201 0.692542 15 0.0
0.456927 0.980256 0.699935 15 0.0
0.478113 0.967589 0.704941 15 0.0
0.45481 0.961534 0.697548 15 0.0
0.693671 0.867051 0.758836 16 0.0
0.692785 0.88313 0.762057 16 0.0
0.687001 0.864869 0.767893 16 0.0
0.694557 0.850971 0.755615 16 0.0
0.70034 0.869233 0.749779 16 0.0
0.55692 0.636845 0.19309 8 7e-06
0.57617 0.641054 0.198571 8 7e-06
0.552167 0.644205 0.204132 8 7e-06
0.537671 0.632636 0.18761 8 7e-06
0.561673 0.629485 0.182049 8 7e-06
0.420274 0.781119 0.151835 7 0.0
0.470121 0.840667 0.153141 7 0.0
0.384504 0.811058 0.152018 7 0.0
0.370428 0.721572 0.150528 7 0.0
0.456045 0.75118 0.151652 7 0.0
0.501326 0.138962 0.153012 7 0.0
0.497039 0.181639 0.152799 7 0.0
0.417236 0.130514 0.152642 7 0.0
0.505612 0.096285 0.153226 7 0.0
0.585415 0.14741 0.153382 7 0.0
0.532225 0.783027 0.776781 10 0.0
0.57886 0.78311 0.769101 10 0.0
0.535228 0.783367 0.795014 10 0.0
0.48559 0.782944 0.784462 10 0.0
0.529223 0.782687 0.758549 10 0.0
0.616407 0.950722 0.500134 15 0.0
0.618159 0.967493 0.49927 15 0.0
0.631183 0.950313 0.522177 15 0.0
0.614654 0.933951 0.500997 15 0.0
0.601631 0.951131 0.47809 15 0.0
0.311513 0.99655 0.642713 14 0.0
0.290801 0.996733 0.650687 14 0.0
0.330218 0.997078 0.691282 14 0.0
0.332226 0.996368 0.634738 14 0.0
0.292809 0.996023 0.594144 14 0.0
0.22784 0.98785 0.311587 2 0.03288
0.693902 1.000328 0.760401 14 0.999997
0.6243 -0.000395 0.262588 1 0.0
0.576369 -0.001498 0.273918 1 0.0
0.631901 0.000323 0.294816 1 0.0
0.67223 0.000707 0.251258 1 0.0
0.616698 -0.001114 0.23036 1 0.0
0.324367 0.781211 0.781758 12 0.999344
0.513506 0.794539 0.152392 7 0.0
0.433257 0.803848 0.151907 7 0.0
0.506988 0.738349 0.152272 7 0.0
0.593755 0.785229 0.152877 7 0.0
0.520024 0.850729 0.152512 7 0.0
0.77754 0.154907 0.262324 6 0.0
0.778418 0.202046 0.275355 6 0.0
0.777818 0.146347 0.293269 6 0.0
0.776661 0.107767 0.249292 6 0.0
0.777261 0.163467 0.231378 6 0.0
0.523684 0.092757 0.151651 7 0.0
0.601277 0.087128 0.15206 7 0.0
0.521584 0.063842 0.152085 7 0.0
0.44609 0.098386 0.151242 7 0.0
0.525783 0.121673 0.151217 7 0.0
0.487437 0.998814 0.79512 14 0.0
0.445423 0.998711 0.792538 14 0.0
0.486484 0.998829 0.810634 14 0.0
0.529452 0.998917 0.797701 14 0.0
0.488391 0.998798 0.779605 14 0.0
0.340294 0.003084 0.157806 1 0.999994
0.376653 0.889778 0.815243 12 0.0
0.599941 0.806934 0.816596 13 0.0
0.488036 0.90896 0.813914 12 2.8e-05
0.507833 0.927426 0.815342 12 2.8e-05
0.479936 0.917215 0.819464 12 2.8e-05
0.468239 0.890495 0.812486 12 2.8e-05
0.496136 0.900706 0.808364 12 2.8e-05
0.228042 0.878334 0.613776 12 0.025042
0.226854 0.886428 0.614169 12 0.025042
0.230426 0.878099 0.625827 12 0.025042
0.229229 0.870241 0.613383 12 0.025042
0.225657 0.87857 0.601724 12 0.025042
0.246524 0.021148 0.36844 8 0.0
0.253666 0.026161 0.367942 8 0.0
0.250091 0.016108 0.368869 8 0.0
0.239381 0.016135 0.368939 8 0.0
0.242956 0.026189 0.368012 8 0.0
0.643918 0.372056 0.191586 9 0.0
0.641946 0.373517 0.205179 9 0.0
0.628989 0.349783 0.191816 9 0.0
0.645889 0.370594 0.177993 9 0.0
0.658846 0.394329 0.191356 9 0.0
0.667774 0.853753 0.614452 15 0.999728
0.685779 0.876176 0.599659 15 0.999728
0.669254 0.860081 0.625845 15 0.999728
0.649768 0.831331 0.629245 15 0.999728
0.666293 0.847426 0.603059 15 0.999728
0.669864 0.000911 0.208591 1 0.0
0.705242 0.003127 0.2007 1 0.0
0.673792 0.001037 0.226235 1 0.0
0.634486 -0.001305 0.216482 1 0.0
0.665936 0.000785 0.190947 1 0.0
0.779165 0.783834 0.182342 6 0.000999
0.693626 0.002947 0.239297 1 0.0
0.673935 0.001972 0.221022 1 0.0
0.673333 0.002391 0.261192 1 0.0
0.713317 0.003921 0.257572 1 0.0
0.713919 0.003502 0.217401 1 0.0
0.777652 0.727994 0.264208 16 0.0
0.77713 0.812153 0.269516 16 0.0
0.777488 0.72587 0.297865 16 0.0
0.778173 0.643835 0.2589 16 0.0
0.777815 0.730118 0.23055 16 0.0
0.225325 0.887688 0.456521 2 0.0
0.225649 0.908206 0.402205 2 0.0
0.226728 0.916172 0.467289 2 0.0
0.225001 0.867171 0.510837 2 0.0
0.223922 0.859204 0.445753 2 0.0
0.227312 0.888665 0.412985 2 0.0
0.225396 0.898138 0.345931 2 0.0
0.228696 0.921515 0.417586 2 0.0
0.229227 0.879192 0.480038 2 0.0
0.225927 0.855815 0.408384 2 0.0
0.684959 0.018781 0.371109 8 0.0
0.604544 1.000907 0.179314 14 0.009441
0.661949 0.814391 0.783732 12 0.0
0.660133 0.824419 0.785243 12 0.0
0.643582 0.808942 0.797818 12 0.0
0.663765 0.804363 0.782221 12 0.0
0.680317 0.819839 0.769646 12 0.0
0.778985 0.235342 0.217548 16 0.0
0.311861 0.887779 0.762916 12 0.0
0.312467 0.923733 0.76658 12 0.0
0.324992 0.886265 0.7756 12 0.0
0.311254 0.851825 0.759253 12 0.0
0.298729 0.889293 0.750233 12 0.0
0.628986 0.897025 0.61503 15 0.0
0.636168 0.904063 0.594335 15 0.0
0.626583 0.928453 0.624884 15 0.0
0.621804 0.889988 0.635725 15 0.0
0.631389 0.865598 0.605177 15 0.0
0.776356 0.134447 0.373008 6 0.999999
0.661099 0.894646 0.788619 12 0.0
0.661017 0.928044 0.788642 12 0.0
0.645411 0.894599 0.799975 12 0.0
0.661182 0.861247 0.788596 12 0.0
0.676787 0.894692 0.777262 12 0.0
0.502344 -1.3e-05 0.171001 1 0.005044
0.751204 0.894687 0.671739 12 0.0
0.753514 0.927823 0.666114 12 0.0
0.74398 0.898103 0.688892 12 0.0
0.748893 0.861552 0.677365 12 0.0
0.758428 0.891271 0.654586 12 0.0
0.55407 0.029749 0.154142 7 0.0
0.351745 0.782837 0.794847 10 0.01475
0.38073 0.003718 0.365845 1 0.914653
0.777227 0.144421 0.27244 6 0.0
0.777268 0.149881 0.302488 6 0.0
0.77601 0.099872 0.280537 6 0.0
0.777187 0.13896 0.242392 6 0.0
0.778445 0.188969 0.264342 6 0.0
0.390166 0.849008 0.804896 2 0.0
0.406083 0.852477 0.813437 2 0.0
0.393332 0.829246 0.807023 2 0.0
0.37425 0.845539 0.796354 2 0.0
0.387001 0.868769 0.802769 2 0.0
0.779684 0.58031 0.214838 16 0.0
0.705122 0.899938 0.731504 12 0.0
0.704981 0.924209 0.732517 12 0.0
0.693322 0.899273 0.745788 12 0.0
0.705263 0.875667 0.730491 12 0.0
0.716921 0.900603 0.71722 12 0.0
0.565409 0.009098 0.181353 1 1e-06
0.232827 0.781127 0.635334 10 0.996388
0.769757 0.822397 0.612281 12 0.0
0.771948 0.825958 0.596024 12 0.0
0.76888 0.835887 0.615118 12 0.0
0.767566 0.818835 0.628538 12 0.0
0.770634 0.808906 0.609444 12 0.0
0.354989 0.907242 0.800016 11 0.0
0.354588 0.936202 0.799687 11 0.0
0.36717 0.907497 0.807585 11 0.0
0.35539 0.878282 0.800345 11 0.0
0.342808 0.906988 0.792447 11 0.0
0.289295 0.997386 0.489403 14 0.0
0.30953 0.99747 0.490389 14 0.0
0.286069 0.998104 0.555563 14 0.0
0.269061 0.997302 0.488417 14 0.0
0.292522 0.996668 0.423243 14 0.0
0.366882 0.979362 0.544854 15 0.0
0.36776 0.978819 0.565758 15 0.0
0.368193 0.972296 0.544616 15 0.0
0.366004 0.979904 0.523951 15 0.0
0.365571 0.986427 0.545093 15 0.0
0.714269 0.931227 0.187577 7 0.0
0.724783 0.952274 0.190356 7 0.0
0.696293 0.940156 0.187964 7 0.0
0.703756 0.910181 0.184798 7 0.0
0.732246 0.922299 0.18719 7 0.0
0.685618 0.966705 0.764844 12 0.0
0.687249 0.976926 0.764112 12 0.0
0.669394 0.970369 0.779868 12 0.0
0.683986 0.956483 0.765575 12 0.0
0.701841 0.963041 0.749819 12 0.0
0.503041 -0.003339 0.207045 1 0.0
0.555187 0.949626 0.826393 12 0.0
0.584119 0.939445 0.820454 12 0.0
0.559608 0.962708 0.825504 12 0.0
0.526255 0.959808 0.832333 12 0.0
0.550766 0.936545 0.827283 12 0.0
0.600917 0.832763 0.662183 15 0.0
0.6006 0.850371 0.662025 15 0.0
0.579796 0.83263 0.689655 15 0.0
0.601234 0.815155 0.662341 15 0.0
0.622038 0.832897 0.634711 15 0.0
0.282584 0.99679 0.178984 14 0.024541
0.303115 0.997959 0.17619 14 0.024541
0.283861 0.99644 0.188222 14 0.024541
0.262052 0.995622 0.181778 14 0.024541
0.281307 0.99714 0.169746 14 0.024541
0.274141 0.983874 0.720936 11 0.000179
0.273433 0.989703 0.721642 11 0.000179
0.284629 0.983235 0.736735 11 0.000179
0.274849 0.978045 0.720231 11 0.000179
0.263653 0.984513 0.705138 11 0.000179
0.222837 0.73882 0.212143 2 0.0
0.776509 0.299612 0.214782 5 0.0
0.337442 0.780831 0.790967 10 0.953263
0.479655 0.779522 0.152706 7 0.0
0.500741 0.819903 0.152687 7 0.0
0.553404 0.741011 0.151835 7 0.0
0.458568 0.739141 0.152726 7 0.0
0.405906 0.818034 0.153578 7 0.0
0.47964 0.999609 0.292144 14 0.0
0.559121 0.999756 0.292162 14 0.0
0.47963 0.999848 0.335065 14 0.0
0.40016 0.999462 0.292125 14 0.0
0.479651 0.999371 0.249223 14 0.0
0.774368 0.920173 0.51749 16 0.0
0.77196 0.938986 0.562442 16 0.0
0.773823 0.903456 0.524457 16 0.0
0.776776 0.901361 0.472538 16 0.0
0.774913 0.936891 0.510523 16 0.0
0.229578 0.004433 0.213323 1 0.000335
0.749651 0.939557 0.675923 12 0.0
0.754984 0.955997 0.664999 12 0.0
0.744202 0.951046 0.690553 12 0.0
0.744318 0.923118 0.686847 12 0.0
0.7551 0.928068 0.661294 12 0.0
0.233807 0.003226 0.26163 1 0.004385
0.389682 0.97091 0.639617 15 0.0
0.40118 0.968526 0.657326 15 0.0
0.390337 0.961921 0.637982 15 0.0
0.378185 0.973294 0.621908 15 0.0
0.389028 0.979899 0.641252 15 0.0
0.742366 0.999855 0.694995 14 0.999998
0.7656 0.997436 0.267223 14 0.0
0.501342 0.143796 0.153145 7 0.0
0.491829 0.18314 0.152933 7 0.0
0.418575 0.123783 0.153019 7 0.0
0.510855 0.104452 0.153358 7 0.0
0.584109 0.16381 0.153272 7 0.0
0.776478 0.822103 0.347807 13 0.0
0.371614 0.603088 0.258847 8 0.0
0.395258 0.620272 0.285921 8 0.0
0.353456 0.596119 0.279127 8 0.0
0.34797 0.585904 0.231773 8 0.0
0.389771 0.610057 0.238566 8 0.0
0.340001 0.783498 0.654381 10 0.0
0.770451 0.019316 0.249715 6 0.0
0.319466 0.003477 0.359446 1 0.0
0.373819 0.090333 0.23237 1 0.000494
0.322932 0.072105 0.214707 1 0.000494
0.362558 0.106737 0.247886 1 0.000494
0.424707 0.108561 0.250033 1 0.000494
0.385081 0.073929 0.216854 1 0.000494
0.490027 0.830744 0.843975 12 0.0
0.50721 0.843043 0.844083 12 0.0
0.480304 0.844339 0.842541 12 0.0
0.472844 0.818444 0.843866 12 0.0
0.49975 0.817148 0.845409 12 0.0
0.446676 0.971359 0.833756 12 0.0
0.445895 0.981594 0.8334 12 0.0
0.471166 0.973399 0.838628 12 0.0
0.447458 0.961124 0.834111 12 0.0
0.422186 0.96932 0.828884 12 0.0
0.776411 0.891099 0.45143 13 0.0
0.776816 0.923261 0.445304 13 0.0
0.774496 0.901453 0.505665 13 0.0
0.776006 0.858937 0.457556 13 0.0
0.778326 0.880744 0.397195 13 0.0
0.644645 0.002171 0.155499 1 0.999992
0.427066 0.936062 0.152865 7 0.0
0.429347 0.955724 0.153166 7 0.0
0.363623 0.943422 0.152982 7 0.0
0.424784 0.9164 0.152564 7 0.0
0.490509 0.928702 0.152748 7 0.0
0.226939 0.10083 0.364787 2 0.0
0.723028 0.001428 0.157482 1 0.999023
0.222954 0.738863 0.212382 2 0.0
0.359859 0.778481 0.806954 10 0.999982
0.573124 0.818458 0.15313 7 0.0
0.5764 0.875139 0.153285 7 0.0
0.50974 0.822124 0.15219 7 0.0
0.569848 0.761778 0.152976 7 0.0
0.636508 0.814792 0.154071 7 0.0
0.506391 0.998891 0.776465 14 0.0
0.458853 0.998965 0.777761 14 0.0
0.506968 0.998818 0.797643 14 0.0
0.553929 0.998817 0.77517 14 0.0
0.505814 0.998965 0.755287 14 0.0
0.515845 0.886967 0.705933 15 0.0
0.489546 0.890539 0.707523 15 0.0
0.520423 0.920818 0.705603 15 0.0
0.542144 0.883394 0.704344 15 0.0
0.511267 0.853115 0.706264 15 0.0
0.413539 0.998074 0.724533 14 0.0
0.325279 0.100748 0.371345 8 0.0
0.344969 0.121531 0.37186 8 0.0
0.350504 0.07683 0.37215 8 0.0
0.30559 0.079966 0.370829 8 0.0
0.300055 0.124667 0.370539 8 0.0
0.777052 0.120041 0.159472 5 0.959438
0.717161 0.970745 0.73219 12 0.0
0.718216 0.980327 0.732364 12 0.0
0.708 0.971513 0.745522 12 0.0
0.716106 0.961164 0.732017 12 0.0
0.726321 0.969978 0.718859 12 0.0
0.678188 0.95151 0.771487 12 0.0
0.683392 0.965159 0.768922 12 0.0
0.664403 0.9592 0.784443 12 0.0
0.672984 0.93786 0.774052 12 0.0
0.691973 0.94382 0.758532 12 0.0
0.733513 0.78099 0.717803 13 0.999961
0.444043 0.1499 0.152553 7 0.0
0.45861 0.188704 0.152442 7 0.0
0.379092 0.174283 0.152851 7 0.0
0.429476 0.111096 0.152663 7 0.0
0.508994 0.125517 0.152255 7 0.0
0.636916 0.838825 0.803555 12 0.0
0.627511 0.853913 0.808616 12 0.0
0.623034 0.827449 0.811672 12 0.0
0.64632 0.823737 0.798493 12 0.0
0.650797 0.8502 0.795437 12 0.0
0.689614 0.781891 0.705484 10 0.0
0.282594 0.21338 0.149199 7 0.0
0.289097 0.884351 0.736863 12 0.0
0.290253 0.917262 0.736368 12 0.0
0.301081 0.884154 0.751758 12 0.0
0.28794 0.851439 0.737358 12 0.0
0.277112 0.884548 0.721968 12 0.0
0.774542 0.093957 0.369044 5 0.999995
0.591187 0.857277 0.825099 12 0.0
0.587524 0.88131 0.826098 12 0.0
0.573846 0.854399 0.83074 12 0.0
0.594851 0.833244 0.8241 12 0.0
0.608529 0.860155 0.819459 12 0.0
0.774231 0.078419 0.324962 6 0.0
0.774268 0.082641 0.338572 6 0.0
0.773526 0.053126 0.33281 6 0.0
0.774193 0.074197 0.311352 6 0.0
0.774935 0.103712 0.317114 6 0.0
0.434657 0.837406 0.830108 12 0.0
0.453324 0.831648 0.834234 12 0.0
0.429616 0.819856 0.828428 12 0.0
0.41599 0.843163 0.825982 12 0.0
0.439698 0.854955 0.831788 12 0.0
0.776831 0.521681 0.245281 6 0.0
0.223452 0.901674 0.155352 2 0.999876
0.70359 0.883424 0.753493 12 0.0
0.703689 0.917319 0.754477 12 0.0
0.6912 0.883057 0.767388 12 0.0
0.703491 0.84953 0.752508 12 0.0
0.71598 0.883792 0.739597 12 0.0
0.435351 0.935759 0.687867 15 0.0
0.42283 0.947484 0.680557 15 0.0
0.446189 0.95222 0.695707 15 0.0
0.447872 0.924033 0.695178 15 0.0
0.424514 0.919298 0.680028 15 0.0
0.253721 0.99544 0.508547 14 0.004901
0.230172 0.941604 0.618488 12 0.0
0.232992 0.939011 0.633941 12 0.0
0.230354 0.923094 0.615348 12 0.0
0.227352 0.944197 0.603034 12 0.0
0.22999 0.960115 0.621627 12 0.0
0.632838 0.965165 0.806668 12 0.0
0.634941 0.976587 0.807349 12 0.0
0.617785 0.967417 0.815393 12 0.0
0.630735 0.953743 0.805987 12 0.0
0.647891 0.962914 0.797943 12 0.0
0.464282 0.000177 0.261819 1 0.0
0.389489 0.000407 0.249919 1 0.0
0.459186 0.000216 0.293849 1 0.0
0.539074 -5.3e-05 0.27372 1 0.0
0.469378 0.000138 0.22979 1 0.0
0.598971 0.930737 0.670563 15 0.0
0.600769 0.955058 0.671991 15 0.0
0.584101 0.930986 0.685039 15 0.0
0.597172 0.906416 0.669135 15 0.0
0.61384 0.930487 0.656087 15 0.0
0.223711 0.285515 0.262962 2 0.0
0.224022 0.372093 0.249183 2 0.0
0.223589 0.290382 0.29354 2 0.0
0.2234 0.198937 0.276741 2 0.0
0.223834 0.280648 0.232383 2 0.0
0.278336 0.900665 0.728143 12 0.0
0.276764 0.929736 0.728692 12 0.0
0.289135 0.900962 0.743376 12 0.0
0.279908 0.871595 0.727594 12 0.0
0.267537 0.900369 0.71291 12 0.0
0.226562 0.936029 0.3355 2 0.0
0.227203 0.933981 0.391854 2 0.0
0.226237 0.915976 0.334775 2 0.0
0.225922 0.938076 0.279147 2 0.0
0.226888 0.956082 0.336225 2 0.0
0.694969 0.859891 0.758853 12 0.0
0.683453 0.873693 0.770071 12 0.0
0.686368 0.844314 0.769188 12 0.0
0.706485 0.846089 0.747634 12 0.0
0.70357 0.875468 0.748518 12 0.0
0.346732 0.829805 0.796866 11 0.0
0.351423 0.846583 0.800163 11 0.0
0.358265 0.824983 0.804995 11 0.0
0.342042 0.813027 0.793568 11 0.0
0.3352 0.834627 0.788737 11 0.0
0.22411 -0.000508 0.260462 1 0.999995
0.275982 0.785272 0.684605 10 0.0
0.773938 0.913663 0.491044 13 0.0
0.233606 0.000778 0.260808 1 0.0
0.495478 0.028975 0.153727 7 0.0
0.727061 0.998067 0.667361 14 0.0
0.306136 0.627301 0.153331 7 0.0
0.359955 0.997693 0.806164 12 0.999484
0.228167 0.15217 0.36916 8 0.008072
0.470186 0.833559 0.837753 11 0.0
0.492327 0.841185 0.840123 11 0.0
0.464788 0.849833 0.835815 11 0.0
0.448045 0.825933 0.835383 11 0.0
0.475584 0.817285 0.83969 11 0.0
0.603076 0.963561 0.817892 12 0.0
0.602654 0.976597 0.81796 12 0.0
0.580079 0.962763 0.828023 12 0.0
0.603499 0.950525 0.817824 12 0.0
0.626073 0.964359 0.807761 12 0.0
0.427308 0.984544 0.829685 12 0.000122
0.773558 0.892522 0.532159 12 0.0
0.774562 0.924419 0.522287 12 0.0
0.770494 0.904076 0.569183 12 0.0
0.772554 0.860624 0.542031 12 0.0
0.776623 0.880967 0.495135 12 0.0
0.709944 0.003622 0.367233 1 0.153772
0.77408 0.792231 0.466244 16 0.995401
0.50037 -0.000146 0.192845 1 0.0
0.62679 0.782265 0.801324 10 0.058552
0.223892 0.887532 0.423002 2 0.0
0.223856 0.921465 0.420126 2 0.0
0.225182 0.892966 0.487119 2 0.0
0.223928 0.853599 0.425877 2 0.0
0.222601 0.882097 0.358885 2 0.0
0.541827 0.993613 0.433347 15 0.99363
0.542354 0.99544 0.432991 15 0.99363
0.543588 0.994177 0.438855 15 0.99363
0.541299 0.991786 0.433702 15 0.99363
0.540066 0.99305 0.427838 15 0.99363
0.7465 0.004782 0.365159 1 0.014188
0.761637 0.994159 0.609476 14 0.094929
0.233255 0.784947 0.599203 10 0.029623
0.777969 0.337117 0.264697 6 0.0
0.435589 0.950911 0.153161 7 0.0
0.493572 0.784948 0.83647 10 0.0
0.432334 0.251013 0.377288 8 0.0
0.352462 0.99637 0.705334 14 0.0
0.316333 0.995514 0.665688 14 0.0
0.337267 0.996496 0.719179 14 0.0
0.388591 0.997227 0.74498 14 0.0
0.367657 0.996245 0.69149 14 0.0
0.492656 0.190826 0.377674 8 0.0
0.497068 0.21712 0.377591 8 0.0
0.565278 0.178649 0.380273 8 0.0
0.488244 0.164532 0.377758 8 0.0
0.420035 0.203003 0.375076 8 0.0
0.718885 0.0794 0.180708 7 0.0
0.642314 0.781863 0.77708 10 0.0
0.265444 0.255029 0.232055 2 1e-06
0.260524 0.781507 0.704616 12 0.999466
0.536983 0.983317 0.702892 15 0.0
0.416981 0.88888 0.153722 7 0.0
0.356836 0.900017 0.154153 7 0.0
0.423081 0.921835 0.153516 7 0.0
0.477125 0.877744 0.153291 7 0.0
0.41088 0.855925 0.153929 7 0.0
0.500475 -0.002531 0.193483 1 0.0
0.295881 0.997353 0.493453 14 0.0
0.272807 0.99697 0.493015 14 0.0
0.294532 0.997798 0.564274 14 0.0
0.318955 0.997737 0.49389 14 0.0
0.29723 0.996909 0.422631 14 0.0
0.608335 0.00543 0.166156 1 0.0
0.501269 0.024118 0.1541 7 0.0
0.775795 0.569253 0.26448 6 0.0
0.500957 0.782023 0.152356 7 0.0
0.583287 0.806882 0.152126 7 0.0
0.515095 0.735199 0.152602 7 0.0
0.418626 0.757164 0.152586 7 0.0
0.486818 0.828848 0.152109 7 0.0
0.673825 0.480109 0.160814 9 0.704641
0.223579 0.428127 0.319317 2 0.0
0.303067 0.200587 0.150858 7 0.0
0.32878 0.20039 0.150232 7 0.0
0.302599 0.138522 0.151122 7 0.0
0.277354 0.200783 0.151483 7 0.0
0.303535 0.262651 0.150594 7 0.0
0.375414 0.873951 0.611953 15 0.0
0.380898 0.904916 0.621516 15 0.0
0.378054 0.868245 0.628917 15 0.0
0.36993 0.842987 0.60239 15 0.0
0.372774 0.879658 0.59499 15 0.0
0.50158 0.987783 0.154799 7 0.00342
0.589882 0.203932 0.228536 7 0.0
0.606854 0.222114 0.222482 7 0.0
0.599033 0.201907 0.24811 7 0.0
0.57291 0.185751 0.23459 7 0.0
0.580731 0.205957 0.208962 7 0.0
0.222726 0.478497 0.341544 2 0.0
0.319626 0.840501 0.521701 14 1e-06
0.327054 0.858956 0.522557 14 1e-06
0.310433 0.842565 0.556965 14 1e-06
0.312199 0.822045 0.520845 14 1e-06
0.328819 0.838436 0.486437 14 1e-06
0.390755 0.204289 0.373289 8 0.0
0.342539 0.25221 0.371936 8 0.0
0.371693 0.185075 0.37207 8 0.0
0.438971 0.156367 0.374642 8 0.0
0.409817 0.223502 0.374507 8 0.0
0.498214 0.14552 0.375455 8 0.0
0.416424 0.141627 0.375103 8 0.0
0.496324 0.185205 0.375725 8 0.0
0.580004 0.149414 0.375806 8 0.0
0.500105 0.105835 0.375185 8 0.0
0.223318 0.308062 0.247735 2 0.0
0.465607 0.603169 0.313626 8 0.0
0.483118 0.606186 0.302845 8 0.0
0.476983 0.607315 0.333264 8 0.0
0.448095 0.600153 0.324407 8 0.0
0.454231 0.599023 0.293988 8 0.0
0.626287 1.00205 0.31066 14 0.0
0.579642 1.003241 0.307363 14 0.0
0.62306 1.002043 0.356309 14 0.0
0.672931 1.000859 0.313957 14 0.0
0.629513 1.002056 0.265011 14 0.0
0.588403 0.999308 0.714943 14 0.0
0.613487 0.753954 0.403312 10 0.0
0.364547 0.204758 0.239027 7 1e-06
0.332626 0.242749 0.224802 7 1e-06
0.336126 0.185566 0.251544 7 1e-06
0.396467 0.166766 0.253251 7 1e-06
0.392967 0.22395 0.226509 7 1e-06
0.296813 0.996171 0.572879 14 0.0
0.27514 0.995804 0.576075 14 0.0
0.305613 0.997154 0.632655 14 0.0
0.318486 0.996539 0.569682 14 0.0
0.288013 0.995189 0.513103 14 0.0
0.538374 0.798205 0.439407 15 0.004707
0.546476 0.812303 0.445876 15 0.004707
0.550578 0.790426 0.441075 15 0.004707
0.530273 0.784107 0.432939 15 0.004707
0.526171 0.805983 0.437739 15 0.004707
0.508675 0.79282 0.152816 7 0.0
0.529567 0.838515 0.152739 7 0.0
0.585833 0.757544 0.15335 7 0.0
0.487782 0.747124 0.152893 7 0.0
0.431516 0.828096 0.152282 7 0.0
0.575282 0.592677 0.314295 8 0.0
0.551801 0.602878 0.3221 8 0.0
0.58099 0.590796 0.333925 8 0.0
0.598762 0.582477 0.306489 8 0.0
0.569574 0.594559 0.294665 8 0.0
0.395486 0.995985 0.675819 15 1e-06
0.586322 0.803452 0.685475 15 0.0
0.254917 0.994344 0.430816 14 0.0
0.580625 0.936985 0.826345 12 0.0
0.594851 0.952648 0.823467 12 0.0
0.56739 0.950005 0.831783 12 0.0
0.5664 0.921322 0.829224 12 0.0
0.593861 0.923966 0.820908 12 0.0
0.226193 0.15833 0.357939 2 0.0
0.661203 0.419233 0.191743 8 0.0
0.659011 0.418038 0.205312 8 0.0
0.656055 0.394424 0.188726 8 0.0
0.663395 0.420428 0.178174 8 0.0
0.666351 0.444042 0.19476 8 0.0
0.770699 0.000995 0.169592 1 0.999982
0.459014 0.281157 0.215669 9 0.0
0.440321 0.286332 0.210863 9 0.0
0.454292 0.284355 0.237476 9 0.0
0.477707 0.275982 0.220475 9 0.0
0.463735 0.277959 0.193862 9 0.0
0.222164 0.308901 0.19858 2 0.0
0.388734 0.088033 0.150093 7 0.0
0.386464 0.115712 0.149295 7 0.0
0.336772 0.083811 0.151478 7 0.0
0.391004 0.060353 0.15089 7 0.0
0.440696 0.092255 0.148708 7 0.0
0.412622 0.860618 0.673627 15 0.0
0.416077 0.887059 0.674998 15 0.0
0.426256 0.858094 0.687943 15 0.0
0.409167 0.834177 0.672256 15 0.0
0.398988 0.863142 0.659311 15 0.0
0.487923 0.092998 0.151781 7 0.0
0.568537 0.104578 0.150866 7 0.0
0.484011 0.1202 0.151379 7 0.0
0.407309 0.081417 0.152696 7 0.0
0.491835 0.065795 0.152183 7 0.0
0.424878 0.62111 0.374723 8 0.0
0.373219 0.892965 0.59452 15 0.0
0.378381 0.894821 0.61916 15 0.0
0.372046 0.863498 0.596986 15 0.0
0.368056 0.891109 0.569881 15 0.0
0.374391 0.922433 0.592055 15 0.0
0.295478 0.968453 0.525585 15 0.000181
0.580051 0.58801 0.199642 8 0.0
0.554914 0.601434 0.19844 8 0.0
0.579261 0.587832 0.214188 8 0.0
0.605188 0.574585 0.200843 8 0.0
0.580841 0.588188 0.185095 8 0.0
0.579396 0.973958 0.455818 15 0.0
0.559603 0.973375 0.441823 15 0.0
0.579466 0.982842 0.45535 15 0.0
0.599189 0.974541 0.469814 15 0.0
0.579327 0.965073 0.456287 15 0.0
0.660413 0.484131 0.243324 8 0.0
0.651175 0.515029 0.245137 8 0.0
0.660089 0.482357 0.27192 8 0.0
0.66965 0.453234 0.241512 8 0.0
0.660736 0.485905 0.214729 8 0.0
0.225293 0.991635 0.238348 2 0.965848
0.463534 0.140858 0.374564 8 0.0
0.390558 0.136175 0.374111 8 0.0
0.466192 0.099463 0.374268 8 0.0
0.53651 0.145541 0.375017 8 0.0
0.460876 0.182253 0.374861 8 0.0
0.397268 0.876789 0.470454 15 0.0
0.394853 0.908423 0.472596 15 0.0
0.383322 0.87475 0.484842 15 0.0
0.399684 0.845156 0.468311 15 0.0
0.411215 0.878829 0.456065 15 0.0
0.77244 0.93035 0.526972 16 0.0
0.226481 0.964294 0.281105 2 0.0
0.644275 0.379564 0.211427 4 0.0
0.655629 0.399509 0.206131 4 0.0
0.642831 0.385493 0.230657 4 0.0
0.632921 0.35962 0.216724 4 0.0
0.645719 0.373636 0.192198 4 0.0
0.598663 0.001216 0.352306 1 0.0
0.773727 0.412276 0.306386 16 0.0
0.52571 0.998911 0.775042 14 0.0
0.479086 0.998807 0.78085 14 0.0
0.528336 0.998791 0.796124 14 0.0
0.572333 0.999014 0.769235 14 0.0
0.523084 0.99903 0.753961 14 0.0
0.595707 0.14923 0.152838 7 0.0
0.582446 0.192283 0.152675 7 0.0
0.540361 0.132179 0.151693 7 0.0
0.608968 0.106178 0.153002 7 0.0
0.651053 0.166282 0.153983 7 0.0
0.777008 0.889575 0.379532 6 0.0
0.776818 0.92148 0.385108 6 0.0
0.77645 0.877714 0.447372 6 0.0
0.777197 0.857671 0.373956 6 0.0
0.777565 0.901436 0.311692 6 0.0
0.360648 0.353435 0.195865 8 0.0
0.362007 0.353151 0.211056 8 0.0
0.366345 0.344846 0.195194 8 0.0
0.359289 0.35372 0.180674 8 0.0
0.354951 0.362024 0.196535 8 0.0
0.52044 0.279357 0.196319 9 0.0
0.541373 0.28284 0.194889 9 0.0
0.521158 0.28147 0.211966 9 0.0
0.499507 0.275874 0.197749 9 0.0
0.519723 0.277243 0.180673 9 0.0
0.259031 0.844958 0.59508 3 0.0
0.261798 0.864265 0.594554 3 0.0
0.264297 0.845071 0.626908 3 0.0
0.256265 0.825651 0.595606 3 0.0
0.253766 0.844846 0.563252 3 0.0
0.694516 0.194769 0.378059 8 0.0
0.670698 0.198922 0.378923 8 0.0
0.704811 0.253798 0.378151 8 0.0
0.718333 0.190616 0.377195 8 0.0
0.68422 0.13574 0.377967 8 0.0
0.51414 0.779621 0.718949 10 0.0
0.450526 0.914311 0.697556 15 0.0
0.453278 0.942121 0.699964 15 0.0
0.464037 0.912444 0.70368 15 0.0
0.447774 0.886501 0.695148 15 0.0
0.437015 0.916178 0.691432 15 0.0
0.487864 0.868753 0.705672 15 0.0
0.465252 0.856029 0.703066 15 0.0
0.473969 0.89384 0.703749 15 0.0
0.510477 0.881478 0.708278 15 0.0
0.50176 0.843666 0.707595 15 0.0
0.407525 0.813564 0.430421 15 7e-06
0.389994 0.826149 0.440361 15 7e-06
0.399034 0.80203 0.430048 15 7e-06
0.425056 0.800979 0.420481 15 7e-06
0.416016 0.825098 0.430794 15 7e-06
0.37265 0.335488 0.158205 8 0.739715
0.754994 0.740933 0.238528 5 0.0
0.761454 0.81452 0.235851 5 0.0
0.754103 0.742007 0.265892 5 0.0
0.748534 0.667346 0.241205 5 0.0
0.755885 0.73986 0.211164 5 0.0
0.591024 0.189431 0.377803 8 0.0
0.573964 0.215739 0.377869 8 0.0
0.534804 0.152973 0.378719 8 0.0
0.608083 0.163122 0.377738 8 0.0
0.647243 0.225889 0.376888 8 0.0
0.776367 0.846396 0.364493 16 0.0
0.620313 0.556413 0.304655 8 0.0
0.599375 0.577818 0.313433 8 0.0
0.624731 0.552105 0.325699 8 0.0
0.64125 0.535007 0.295878 8 0.0
0.615894 0.56072 0.283611 8 0.0
0.507127 -0.002743 0.220297 1 0.0
0.30655 0.783863 0.469287 10 0.0
0.328995 0.783814 0.478938 10 0.0
0.29423 0.788158 0.497964 10 0.0
0.284105 0.783912 0.459637 10 0.0
0.318869 0.779568 0.440611 10 0.0
0.632345 0.205472 0.153536 7 0.0
0.672104 0.265282 0.154372 7 0.0
0.610255 0.220157 0.153517 7 0.0
0.592585 0.145662 0.152699 7 0.0
0.654434 0.190787 0.153555 7 0.0
0.775849 0.820451 0.431601 16 0.0
0.500607 0.781631 0.152657 7 0.0
0.41824 0.756395 0.153014 7 0.0
0.486057 0.829119 0.152567 7 0.0
0.582973 0.806867 0.152301 7 0.0
0.515157 0.734143 0.152748 7 0.0
0.441153 0.289628 0.185324 8 0.0
0.443463 0.288696 0.196349 8 0.0
0.459448 0.280529 0.180722 8 0.0
0.438843 0.290559 0.174299 8 0.0
0.422858 0.298726 0.189926 8 0.0
0.223641 0.340452 0.25395 2 0.0
0.22398 0.336602 0.282607 2 0.0
0.225805 0.245381 0.241152 2 0.0
0.223301 0.344302 0.225294 2 0.0
0.221476 0.435523 0.266749 2 0.0
0.224003 0.830068 0.543473 12 0.0
0.224559 0.846226 0.540114 12 0.0
0.224309 0.835525 0.569769 12 0.0
0.223446 0.81391 0.546833 12 0.0
0.223696 0.824611 0.517178 12 0.0
0.508995 0.074242 0.374263 8 0.0
0.508909 0.09875 0.374653 8 0.0
0.587292 0.074533 0.373361 8 0.0
0.509081 0.049734 0.373874 8 0.0
0.430698 0.073951 0.375166 8 0.0
0.671075 0.466887 0.162732 8 0.0
0.528847 0.003477 0.360066 1 0.0
0.687263 0.580245 0.211965 8 1e-06
0.660441 0.611341 0.216182 8 1e-06
0.686163 0.576814 0.230273 8 1e-06
0.714085 0.549149 0.207749 8 1e-06
0.688363 0.583677 0.193657 8 1e-06
0.222596 0.273491 0.246096 2 0.0
0.223034 0.356929 0.247882 2 0.0
0.222979 0.272882 0.274444 2 0.0
0.222157 0.190053 0.24431 2 0.0
0.222212 0.2741 0.217748 2 0.0
0.431681 0.850243 0.432756 15 0.000123
0.436557 0.860629 0.431435 15 0.000123
0.454591 0.839294 0.431237 15 0.000123
0.426805 0.839856 0.434077 15 0.000123
0.408772 0.861191 0.434274 15 0.000123
0.6514 0.265872 0.155297 7 0.0
0.636817 0.280761 0.15528 7 0.0
0.613144 0.228403 0.153647 7 0.0
0.665982 0.250983 0.155314 7 0.0
0.689655 0.303342 0.156946 7 0.0
0.260468 0.045385 0.152016 7 0.0
0.266495 0.061005 0.150469 7 0.0
0.273748 0.040162 0.151025 7 0.0
0.254441 0.029765 0.153564 7 0.0
0.247188 0.050607 0.153007 7 0.0
0.384205 0.950806 0.627135 15 0.0
0.382133 0.965641 0.6261 15 0.0
0.394426 0.953738 0.648693 15 0.0
0.386277 0.93597 0.628171 15 0.0
0.373984 0.947873 0.605578 15 0.0
0.500114 0.171865 0.285019 7 4e-06
0.549741 0.190933 0.287715 7 4e-06
0.487666 0.20147 0.304753 7 4e-06
0.450487 0.152797 0.282322 7 4e-06
0.512562 0.14226 0.265284 7 4e-06
0.440156 0.796499 0.15201 7 0.0
0.408244 0.842806 0.152243 7 0.0
0.381034 0.755753 0.152471 7 0.0
0.472069 0.750193 0.151776 7 0.0
0.499279 0.837246 0.151549 7 0.0
0.633267 0.354875 0.327438 8 0.0
0.647402 0.381781 0.326169 8 0.0
0.635831 0.354279 0.343342 8 0.0
0.619133 0.32797 0.328708 8 0.0
0.630704 0.355471 0.311535 8 0.0
0.338262 0.87374 0.451034 14 0.0
0.349291 0.901214 0.451071 14 0.0
0.326759 0.87828 0.51075 14 0.0
0.327232 0.846267 0.450998 14 0.0
0.349765 0.869201 0.391319 14 0.0
0.73001 0.461473 0.221751 4 2.7e-05
0.553946 0.158752 0.377116 8 0.0
0.489803 0.1284 0.376993 8 0.0
0.538235 0.191953 0.377319 8 0.0
0.618089 0.189105 0.37724 8 0.0
0.569657 0.125551 0.376913 8 0.0
0.605355 0.960831 0.66614 15 0.0
0.589809 0.966588 0.676574 15 0.0
0.601124 0.945451 0.668321 15 0.0
0.620901 0.955075 0.655706 15 0.0
0.609587 0.976212 0.663959 15 0.0
0.227724 0.350331 0.359319 2 0.285431
0.443364 0.5941 0.227455 8 0.0
0.466604 0.604829 0.219773 8 0.0
0.449857 0.595137 0.24855 8 0.0
0.420123 0.58337 0.235137 8 0.0
0.43687 0.593062 0.20636 8 0.0
0.428819 0.145804 0.152202 7 0.0
0.438621 0.188923 0.15194 7 0.0
0.489877 0.131922 0.151778 7 0.0
0.419017 0.102685 0.152465 7 0.0
0.367761 0.159686 0.152627 7 0.0
0.351508 0.228542 0.151099 7 0.0
0.329615 0.216881 0.150849 7 0.0
0.317815 0.29177 0.152359 7 0.0
0.373401 0.240204 0.151349 7 0.0
0.385201 0.165314 0.149839 7 0.0
0.497938 0.80115 0.152993 7 0.0
0.413276 0.809033 0.153379 7 0.0
0.492587 0.743667 0.153259 7 0.0
0.582601 0.793267 0.152607 7 0.0
0.50329 0.858633 0.152726 7 0.0
0.379617 0.306751 0.17164 9 0.0
0.362733 0.323334 0.170136 9 0.0
0.383117 0.310932 0.178444 9 0.0
0.396501 0.290169 0.173145 9 0.0
0.376117 0.302571 0.164836 9 0.0
0.526259 0.891115 0.166935 7 0.0
0.60222 0.893564 0.169296 7 0.0
0.527407 0.855837 0.166582 7 0.0
0.450297 0.888666 0.164575 7 0.0
0.525111 0.926393 0.167288 7 0.0
0.601363 0.581745 0.185347 8 4.6e-05
0.583475 0.601905 0.186295 8 4.6e-05
0.601347 0.581208 0.196481 8 4.6e-05
0.619251 0.561585 0.1844 8 4.6e-05
0.601379 0.582282 0.174214 8 4.6e-05
0.399739 0.710424 0.387996 8 0.0
0.349034 0.721179 0.382728 8 0.0
0.403479 0.731372 0.394765 8 0.0
0.450443 0.699669 0.393264 8 0.0
0.395999 0.689476 0.381226 8 0.0
0.471752 0.98466 0.704169 15 0.0
0.577871 0.942491 0.687533 15 0.0
0.580725 0.962995 0.687572 15 0.0
0.561577 0.94474 0.698141 15 0.0
0.575016 0.921987 0.687495 15 0.0
0.594165 0.940242 0.676926 15 0.0
0.228043 0.987279 0.305962 2 1.1e-05
0.51234 0.922567 0.841999 2 0.929098
0.518403 0.935152 0.841446 2 0.929098
0.503077 0.92718 0.845429 2 0.929098
0.506276 0.909981 0.842552 2 0.929098
0.521602 0.917954 0.838569 2 0.929098
0.224237 0.393647 0.236706 2 0.0
0.539485 -0.000861 0.1748 1 1.9e-05
0.49395 0.217452 0.37814 8 0.0
0.364315 0.536909 0.344924 8 0.0
0.381867 0.5563 0.347119 8 0.0
0.362257 0.537629 0.35501 8 0.0
0.346762 0.517518 0.342729 8 0.0
0.366372 0.536188 0.334838 8 0.0
0.37619 0.930114 0.595851 15 0.0
0.383023 0.931007 0.623746 15 0.0
0.376576 0.909993 0.596401 15 0.0
0.369357 0.929221 0.567957 15 0.0
0.375804 0.950235 0.595301 15 0.0
0.661733 0.658321 0.22153 7 1e-06
0.653057 0.69137 0.214465 7 1e-06
0.6652 0.661837 0.233722 7 1e-06
0.670408 0.625271 0.228594 7 1e-06
0.658266 0.654804 0.209338 7 1e-06
0.658366 0.782304 0.696072 10 0.0
0.625923 0.782739 0.735643 10 0.0
0.674196 0.783494 0.709037 10 0.0
0.690809 0.78187 0.6565 10 0.0
0.642536 0.781114 0.683106 10 0.0
0.496684 0.276558 0.189194 9 0.0
0.518118 0.274869 0.186313 9 0.0
0.498459 0.277057 0.202109 9 0.0
0.475249 0.278246 0.192075 9 0.0
0.494909 0.276058 0.176279 9 0.0
0.493775 0.001705 0.363238 1 0.0
0.394146 0.30085 0.267666 8 0.0
0.397171 0.294997 0.290885 8 0.0
0.41877 0.256212 0.253206 8 0.0
0.391121 0.306703 0.244448 8 0.0
0.369522 0.345488 0.282127 8 0.0
0.569753 0.155082 0.1526 7 0.0
0.632744 0.180002 0.153311 7 0.0
0.55492 0.19258 0.152404 7 0.0
0.506761 0.130162 0.151888 7 0.0
0.584585 0.117584 0.152796 7 0.0
0.321606 0.684673 0.153542 7 0.0
0.51366 0.795654 0.152519 7 0.0
0.438207 0.835886 0.151712 7 0.0
0.537862 0.841043 0.15248 7 0.0
0.589113 0.755422 0.153327 7 0.0
0.489457 0.750265 0.152558 7 0.0
0.612396 0.819226 0.507507 15 1e-06
0.610272 0.832321 0.50838 15 1e-06
0.632144 0.820508 0.536336 15 1e-06
0.61452 0.806131 0.506634 15 1e-06
0.592648 0.817945 0.478679 15 1e-06
0.37014 0.907141 0.525349 15 0.0
0.370497 0.936464 0.521774 15 0.0
0.363891 0.910185 0.549693 15 0.0
0.369783 0.877818 0.528924 15 0.0
0.376389 0.904097 0.501005 15 0.0
0.749119 -0.001228 0.15761 1 1.0
0.500762 0.123225 0.152829 7 0.0
0.501265 0.161882 0.152525 7 0.0
0.583853 0.122144 0.152898 7 0.0
0.500259 0.084568 0.153133 7 0.0
0.417672 0.124306 0.15276 7 0.0
0.4821 0.995734 0.711397 15 0.0
0.575192 0.729678 0.234275 7 0.0
0.521232 0.777292 0.2384 7 0.0
0.596391 0.753487 0.236751 7 0.0
0.629153 0.682064 0.23015 7 0.0
0.553994 0.705869 0.231799 7 0.0
0.339418 0.47221 0.319105 8 0.0
0.345131 0.507329 0.326098 8 0.0
0.337544 0.469128 0.336118 8 0.0
0.333705 0.437092 0.312112 8 0.0
0.341292 0.475293 0.302092 8 0.0
0.337652 0.562739 0.186567 8 3e-06
0.35921 0.591112 0.1876 8 3e-06
0.329058 0.568971 0.194746 8 3e-06
0.316094 0.534366 0.185534 8 3e-06
0.346247 0.556507 0.178388 8 3e-06
0.480334 0.937363 0.704169 15 0.0
0.470681 0.952947 0.702616 15 0.0
0.500105 0.950098 0.709071 15 0.0
0.489987 0.921779 0.705723 15 0.0
0.460563 0.924628 0.699267 15 0.0
0.502921 0.914539 0.706741 15 0.0
0.48425 0.923639 0.705705 15 0.0
0.515977 0.941566 0.708858 15 0.0
0.521592 0.905438 0.707777 15 0.0
0.489865 0.887511 0.704624 15 0.0
0.659316 0.370687 0.218798 8 0.0
0.502329 0.276402 0.172725 9 1e-06
0.50221 0.276165 0.164772 9 1e-06
0.52764 0.273952 0.172418 9 1e-06
0.502449 0.276639 0.180679 9 1e-06
0.477019 0.278851 0.173033 9 1e-06
0.395262 0.783862 0.674393 4 0.979147
0.381569 0.307683 0.30567 8 0.0
0.379865 0.310856 0.321914 8 0.0
0.40214 0.269749 0.315236 8 0.0
0.383272 0.30451 0.289426 8 0.0
0.360998 0.345617 0.296103 8 0.0
0.614449 0.333644 0.202411 9 0.0
0.631568 0.351084 0.204964 9 0.0
0.610883 0.334652 0.219443 9 0.0
0.59733 0.316205 0.199859 9 0.0
0.618015 0.332637 0.18538 9 0.0
0.777901 0.307129 0.264317 16 0.0
0.778426 0.400605 0.25338 16 0.0
0.778169 0.310855 0.296177 16 0.0
0.777376 0.213653 0.275253 16 0.0
0.777633 0.303403 0.232456 16 0.0
0.284659 0.497117 0.153468 7 0.0
0.604696 0.168565 0.153881 7 0.0
0.654237 0.208042 0.154974 7 0.0
0.581231 0.198019 0.153635 7 0.0
0.555156 0.129088 0.152789 7 0.0
0.628162 0.139111 0.154128 7 0.0
0.491554 0.129131 0.176484 7 0.0
0.484008 0.159506 0.176458 7 0.0
0.408249 0.108432 0.17233 7 0.0
0.4991 0.098757 0.17651 7 0.0
0.57486 0.14983 0.180638 7 0.0
0.660395 0.998564 0.584508 14 0.0
0.777356 0.889363 0.375993 16 0.0
0.777252 0.922822 0.379133 16 0.0
0.776666 0.88323 0.441303 16 0.0
0.77746 0.855905 0.372852 16 0.0
0.778046 0.895496 0.310682 16 0.0
0.776084 0.832352 0.389266 12 0.020301
0.265853 0.549425 0.15469 7 0.0
0.373428 0.872111 0.511227 15 0.0
0.371731 0.900103 0.514462 15 0.0
0.36219 0.868377 0.537639 15 0.0
0.375125 0.844119 0.507992 15 0.0
0.384666 0.875845 0.484815 15 0.0
0.348242 0.382702 0.218427 8 0.0
0.335961 0.407315 0.209754 8 0.0
0.34629 0.388861 0.238668 8 0.0
0.360524 0.35809 0.227099 8 0.0
0.350194 0.376544 0.198185 8 0.0
0.629214 0.792939 0.618487 15 0.536435
0.693314 0.975394 0.739026 14 0.995838
0.722496 0.937314 0.57924 14 4.7e-05
0.654453 0.897483 0.15382 7 0.0
0.617642 0.909084 0.153249 7 0.0
0.644692 0.866506 0.153767 7 0.0
0.691263 0.885883 0.15439 7 0.0
0.664214 0.92846 0.153872 7 0.0
0.602235 0.819412 0.795753 16 7e-06
0.407931 0.99703 0.745387 14 0.0
0.456812 0.997648 0.771935 14 0.0
0.398709 0.996952 0.762369 14 0.0
0.35905 0.996412 0.718839 14 0.0
0.417153 0.997108 0.728406 14 0.0
0.77313 0.509113 0.196713 5 1e-06
0.370671 0.919243 0.552879 15 0.0
0.370428 0.941183 0.546238 15 0.0
0.371854 0.927367 0.579676 15 0.0
0.370915 0.897303 0.559519 15 0.0
0.369489 0.911119 0.526081 15 0.0
0.654103 0.39659 0.203191 4 0.0
0.652115 0.398232 0.220388 4 0.0
0.64654 0.376083 0.204275 4 0.0
0.656092 0.394948 0.185994 4 0.0
0.661667 0.417097 0.202108 4 0.0
0.630819 0.985486 0.622117 15 0.003164
0.706772 0.964623 0.744736 12 0.0
0.709252 0.973962 0.742741 12 0.0
0.694037 0.971234 0.759858 12 0.0
0.704293 0.955284 0.746731 12 0.0
0.719508 0.958011 0.729614 12 0.0
0.241078 0.998429 0.671816 12 1.0
0.350908 0.126892 0.150265 7 0.0
0.373797 0.10395 0.150502 7 0.0
0.383783 0.159684 0.149432 7 0.0
0.328018 0.149833 0.150028 7 0.0
0.318032 0.0941 0.151098 7 0.0
0.778208 0.929102 0.37603 6 0.0
0.777787 0.950458 0.375617 6 0.0
0.778064 0.930326 0.439444 6 0.0
0.778628 0.907747 0.376443 6 0.0
0.778352 0.927879 0.312616 6 0.0
0.698492 1.000206 0.244804 14 0.0
0.722856 0.999636 0.251053 14 0.0
0.691053 1.001633 0.273938 14 0.0
0.674128 1.000775 0.238555 14 0.0
0.705931 0.998778 0.21567 14 0.0
0.77765 0.304974 0.178425 5 0.0
0.304223 0.888415 0.753363 12 0.0
0.303827 0.922643 0.751468 12 0.0
0.317119 0.889339 0.76736 12 0.0
0.304619 0.854186 0.755259 12 0.0
0.291327 0.88749 0.739366 12 0.0
0.256319 0.202293 0.14944 7 0.0
0.557686 0.942518 0.715109 15 0.0
0.568461 0.953107 0.712484 15 0.0
0.543242 0.958626 0.720792 15 0.0
0.54691 0.931929 0.717734 15 0.0
0.57213 0.926411 0.709426 15 0.0
0.463914 0.782878 0.772481 10 0.0
0.417656 0.783279 0.764915 10 0.0
0.460531 0.783588 0.793203 10 0.0
0.510172 0.782477 0.780047 10 0.0
0.467297 0.782167 0.751759 10 0.0
0.767646 0.864858 0.59428 13 0.0
0.769648 0.887814 0.57704 13 0.0
0.76581 0.878388 0.612082 13 0.0
0.765645 0.841902 0.611521 13 0.0
0.769483 0.851329 0.576478 13 0.0
0.371841 0.779813 0.81233 10 0.999939
0.774285 0.036229 0.269108 6 0.0
0.775592 0.034932 0.301912 6 0.0
0.774424 0.024113 0.268624 6 0.0
0.772977 0.037527 0.236305 6 0.0
0.774146 0.048346 0.269593 6 0.0
0.691778 0.93479 0.655042 14 2e-06
0.691836 0.946733 0.65526 14 2e-06
0.683994 0.934172 0.691032 14 2e-06
0.691719 0.922848 0.654824 14 2e-06
0.699562 0.935409 0.619053 14 2e-06
0.225985 0.003712 0.15954 2 0.99712
0.548791 -0.000548 0.180994 1 0.0
0.773519 0.028684 0.254173 16 0.0
0.773821 0.893923 0.533207 5 0.0
0.773985 0.90463 0.506141 5 0.0
0.774117 0.926201 0.545977 5 0.0
0.773656 0.883216 0.560273 5 0.0
0.773524 0.861645 0.520436 5 0.0
0.343752 0.889471 0.792033 12 0.0
0.341814 0.924071 0.79142 12 0.0
0.354944 0.890242 0.800212 12 0.0
0.345689 0.85487 0.792645 12 0.0
0.33256 0.888699 0.783853 12 0.0
0.229415 0.925191 0.597422 11 0.021819
0.229935 0.924791 0.609317 11 0.021819
0.226518 0.900629 0.596724 11 0.021819
0.228894 0.92559 0.585527 11 0.021819
0.232311 0.949752 0.59812 11 0.021819
0.224185 0.841139 0.530463 12 0.0
0.225763 0.842441 0.565456 12 0.0
0.223807 0.820841 0.531236 12 0.0
0.222607 0.839836 0.495471 12 0.0
0.224562 0.861436 0.529691 12 0.0
0.241866 0.996773 0.406455 14 0.006557
0.706377 0.829196 0.748529 12 0.0
0.69398 0.837852 0.762843 12 0.0
0.702465 0.814981 0.753736 12 0.0
0.718773 0.820541 0.734214 12 0.0
0.710289 0.843411 0.743321 12 0.0
0.266686 0.783176 0.702725 10 0.003424
0.738845 0.936449 0.694728 12 0.0
0.746428 0.952904 0.68191 12 0.0
0.733251 0.948771 0.707237 12 0.0
0.731263 0.919995 0.707546 12 0.0
0.744439 0.924128 0.682219 12 0.0
0.471198 0.061296 0.15106 7 0.0
0.402772 0.309161 0.285455 4 0.0
0.3748 0.323838 0.275752 4 0.0
0.395305 0.312045 0.311343 4 0.0
0.430743 0.294484 0.295158 4 0.0
0.410239 0.306277 0.259567 4 0.0
0.349566 0.898429 0.724509 15 1e-06
0.36694 0.883819 0.745745 15 1e-06
0.336463 0.87594 0.719757 15 1e-06
0.332192 0.913039 0.703272 15 1e-06
0.362669 0.920918 0.729261 15 1e-06
0.56452 0.018886 0.371084 8 0.0
0.770349 0.048465 0.353556 16 0.0
0.772639 0.063072 0.357254 16 0.0
0.770562 0.046954 0.359388 16 0.0
0.768058 0.033857 0.349857 16 0.0
0.770135 0.049975 0.347723 16 0.0
0.777655 0.841394 0.320992 16 0.0
0.777746 0.884095 0.365214 16 0.0
0.777511 0.821686 0.340022 16 0.0
0.777564 0.798693 0.27677 16 0.0
0.777799 0.861102 0.301962 16 0.0
0.543153 0.845061 0.837163 12 0.0
0.559319 0.85863 0.834552 12 0.0
0.530247 0.860824 0.839166 12 0.0
0.526986 0.831493 0.839774 12 0.0
0.556058 0.829299 0.83516 12 0.0
0.582844 0.964524 0.827452 12 1e-06
0.585849 0.973272 0.826315 12 1e-06
0.561656 0.972659 0.834046 12 1e-06
0.579839 0.955776 0.828588 12 1e-06
0.604032 0.956389 0.820857 12 1e-06
0.400263 0.99752 0.823519 12 0.999997
0.777226 0.891119 0.438539 16 0.0
0.777659 0.923213 0.432362 16 0.0
0.775397 0.902587 0.497992 16 0.0
0.776792 0.859024 0.444717 16 0.0
0.779054 0.879651 0.379086 16 0.0
0.731664 0.863285 0.153339 7 0.0
0.730532 0.906619 0.154023 7 0.0
0.717098 0.862899 0.153652 7 0.0
0.732797 0.81995 0.152655 7 0.0
0.74623 0.86367 0.153025 7 0.0
0.344001 0.937572 0.796469 12 0.0
0.348147 0.957833 0.799144 12 0.0
0.354588 0.934334 0.804584 12 0.0
0.339856 0.917311 0.793794 12 0.0
0.333415 0.940809 0.788355 12 0.0
0.548253 0.062016 0.151887 7 0.0
0.776271 0.578638 0.216069 5 0.0
0.612706 0.786103 0.817493 12 0.000109
0.325726 0.031145 0.367814 8 0.0
0.330338 0.118287 0.372327 8 0.0
0.335425 0.154984 0.372722 8 0.0
0.362624 0.113801 0.373341 8 0.0
0.325251 0.081591 0.371932 8 0.0
0.298053 0.122774 0.371314 8 0.0
0.712653 0.983951 0.736335 16 0.000501
0.776703 0.975679 0.3188 6 1.6e-05
0.772332 0.001773 0.360373 1 0.999796
0.770086 0.003023 0.36036 1 0.999796
0.772676 0.002457 0.366316 1 0.999796
0.774578 0.000522 0.360387 1 0.999796
0.771987 0.001089 0.35443 1 0.999796
0.482906 1.001346 0.198702 14 0.000342
0.642805 0.858715 0.797316 12 0.0
0.636878 0.883148 0.800445 12 0.0
0.627019 0.853712 0.806485 12 0.0
0.648733 0.834283 0.794187 12 0.0
0.658591 0.863719 0.788147 12 0.0
0.776541 0.263502 0.263732 6 0.0
0.776436 0.264619 0.229936 6 0.0
0.777474 0.344774 0.266416 6 0.0
0.776646 0.262384 0.297528 6 0.0
0.775608 0.18223 0.261047 6 0.0
0.318618 0.921621 0.770053 11 0.0
0.320245 0.946155 0.771142 11 0.0
0.331408 0.920224 0.78243 11 0.0
0.316992 0.897087 0.768965 11 0.0
0.305829 0.923018 0.757676 11 0.0
0.303149 0.200874 0.150617 7 0.0
0.303533 0.26192 0.15023 7 0.0
0.277712 0.201039 0.151344 7 0.0
0.302764 0.139828 0.151005 7 0.0
0.328585 0.200709 0.149891 7 0.0
0.600229 0.896425 0.820837 12 0.0
0.598811 0.927543 0.82203 12 0.0
0.584998 0.895499 0.826881 12 0.0
0.601646 0.865307 0.819645 12 0.0
0.61546 0.89735 0.814794 12 0.0
0.755547 0.293836 0.182545 5 0.994471
0.391924 0.785829 0.792283 10 0.0
0.431976 0.826957 0.828137 16 0.0
0.446703 0.8209 0.833261 16 0.0
0.42571 0.812663 0.829249 16 0.0
0.417248 0.833014 0.823013 16 0.0
0.438241 0.841251 0.827025 16 0.0
0.769712 0.014413 0.224982 16 0.0
0.256376 0.983915 0.691104 12 0.0
0.638262 0.000872 0.156113 1 0.999999
0.649505 0.982956 0.793961 16 0.019191
0.566258 0.904109 0.832969 12 0.0
0.583211 0.904376 0.828928 12 0.0
0.565828 0.934063 0.83315 12 0.0
0.549304 0.903841 0.83701 12 0.0
0.566687 0.874155 0.832788 12 0.0
0.305253 0.941854 0.7598 12 0.0
0.301435 0.959655 0.75787 12 0.0
0.319124 0.946398 0.774277 12 0.0
0.309071 0.924053 0.76173 12 0.0
0.291383 0.937309 0.745323 12 0.0
0.679624 0.830951 0.770521 12 0.0
0.674512 0.839943 0.774517 12 0.0
0.665624 0.81724 0.783461 12 0.0
0.684737 0.82196 0.766526 12 0.0
0.693624 0.844662 0.757582 12 0.0
0.263272 0.000972 0.167344 1 0.396036
0.247662 0.001625 0.16891 1 0.396036
0.263876 0.00137 0.173201 1 0.396036
0.278882 0.000318 0.165778 1 0.396036
0.262668 0.000573 0.161488 1 0.396036
0.770103 0.041534 0.346664 6 0.0
0.769635 0.054528 0.350249 6 0.0
0.770049 0.039326 0.35466 6 0.0
0.770571 0.028539 0.343079 6 0.0
0.770158 0.043741 0.338669 6 0.0
0.725468 0.853838 0.692801 13 0.0
0.73284 0.866967 0.680877 13 0.0
0.718415 0.870205 0.706462 13 0.0
0.718096 0.840709 0.704725 13 0.0
0.732521 0.837471 0.679139 13 0.0
0.431575 0.091328 0.151674 7 0.0
0.428067 0.119355 0.151111 7 0.0
0.495469 0.099315 0.151218 7 0.0
0.435083 0.0633 0.152238 7 0.0
0.36768 0.08334 0.152131 7 0.0
0.326668 0.003518 0.355876 1 0.0
0.761467 0.997108 0.653994 12 0.999952
0.769647 0.035162 0.25684 5 0.0
0.758706 0.959894 0.643906 12 0.0
0.757725 0.972455 0.646294 12 0.0
0.751557 0.954889 0.667307 12 0.0
0.759686 0.947333 0.641519 12 0.0
0.765854 0.964899 0.620506 12 0.0
0.539331 0.883487 0.825614 13 0.0
0.552194 0.891492 0.823452 13 0.0
0.526503 0.90434 0.826492 13 0.0
0.526468 0.875483 0.827777 13 0.0
0.55216 0.862635 0.824737 13 0.0
0.437483 0.993823 0.833112 12 0.390739
0.774649 0.871598 0.514698 12 0.0
0.775566 0.898399 0.507315 12 0.0
0.77292 0.881785 0.551461 12 0.0
0.773732 0.844797 0.522082 12 0.0
0.776377 0.861411 0.477935 12 0.0
0.558663 0.000155 0.317046 1 0.0
0.775264 0.831444 0.544549 12 0.0
0.77465 0.848071 0.544662 12 0.0
0.774219 0.831217 0.572299 12 0.0
0.775878 0.814817 0.544437 12 0.0
0.776309 0.83167 0.5168 12 0.0
0.493426 0.026683 0.156842 7 5.6e-05
0.223807 0.647985 0.180704 3 0.0
0.256353 0.998936 0.697069 12 0.999997
0.447303 0.929458 0.439604 15 0.0
0.445311 0.952344 0.43973 15 0.0
0.424558 0.927441 0.446428 15 0.0
0.449295 0.906572 0.439478 15 0.0
0.470048 0.931475 0.432781 15 0.0
0.225115 0.887649 0.404981 3 0.0
0.225548 0.921101 0.401411 3 0.0
0.226782 0.89566 0.480248 3 0.0
0.224681 0.854196 0.408551 3 0.0
0.223447 0.879638 0.329714 3 0.0
0.35051 0.997225 0.707969 14 0.0
0.314532 0.99691 0.66798 14 0.0
0.334905 0.996602 0.722014 14 0.0
0.386488 0.99754 0.747957 14 0.0
0.366115 0.997847 0.693924 14 0.0
0.75682 0.99604 0.505604 14 0.0
0.284147 0.778874 0.741302 12 0.999997
0.461757 0.956714 0.179243 7 0.0
0.330433 0.997434 0.667889 14 0.0
0.282431 0.782473 0.736737 12 0.999917
0.441112 0.980756 0.692154 15 0.0
0.440462 0.988267 0.693534 15 0.0
0.460342 0.980589 0.702124 15 0.0
0.441762 0.973246 0.690775 15 0.0
0.421883 0.980923 0.682184 15 0.0
0.408648 0.910242 0.813975 2 0.0
0.391773 0.916009 0.807415 2 0.0
0.414527 0.929816 0.816057 2 0.0
0.425523 0.904476 0.820535 2 0.0
0.402768 0.890669 0.811894 2 0.0
0.747078 0.998816 0.688506 14 0.72539
0.666288 0.001659 0.256508 1 0.0
0.650101 0.000849 0.230049 1 0.0
0.633614 0.000579 0.27653 1 0.0
0.682475 0.002469 0.282967 1 0.0
0.698961 0.002738 0.236485 1 0.0
0.378647 0.999036 0.156831 7 1.0
0.754103 0.040836 0.374729 8 0.024195
0.762286 0.0398 0.374632 8 0.024195
0.755898 0.054991 0.374883 8 0.024195
0.745921 0.041872 0.374826 8 0.024195
0.752309 0.026681 0.374576 8 0.024195
0.230076 0.119607 0.154123 7 0.010878
0.617783 0.94288 0.646113 15 0.0
0.621676 0.962605 0.645105 15 0.0
0.607021 0.945901 0.663678 15 0.0
0.613891 0.923155 0.647121 15 0.0
0.628546 0.939859 0.628548 15 0.0
0.750077 0.310479 0.203061 6 0.927367
0.37032 0.783052 0.769342 10 0.0
0.364055 0.783484 0.779256 10 0.0
0.401778 0.783814 0.789185 10 0.0
0.376584 0.78262 0.759427 10 0.0
0.338861 0.78229 0.749499 10 0.0
0.327911 0.003589 0.3643 1 0.0
0.397271 0.896693 0.818549 12 0.0
0.412897 0.89303 0.825415 12 0.0
0.391476 0.867497 0.816159 12 0.0
0.381644 0.900356 0.811682 12 0.0
0.403065 0.925889 0.820938 12 0.0
0.540689 -0.001888 0.222317 1 0.0
0.54159 -0.002317 0.244746 1 0.0
0.615277 -0.000631 0.219344 1 0.0
0.539788 -0.00146 0.199888 1 0.0
0.466101 -0.003146 0.225289 1 0.0
0.77428 0.0351 0.264656 16 0.0
0.773745 0.046929 0.26532 16 0.0
0.774076 0.033132 0.299555 16 0.0
0.774814 0.023271 0.263991 16 0.0
0.774483 0.037068 0.229756 16 0.0
0.224893 0.52291 0.200088 2 0.0
0.399588 0.955768 0.82804 12 0.0
0.231061 0.003235 0.243037 1 0.000136
0.495746 0.04158 0.152519 7 0.0
0.380975 0.321917 0.330201 9 0.0
0.361757 0.356389 0.328465 9 0.0
0.379435 0.321809 0.345113 9 0.0
0.400193 0.287444 0.331937 9 0.0
0.382515 0.322024 0.315288 9 0.0
0.5629 0.121198 0.377022 8 0.0
0.556924 0.156966 0.377522 8 0.0
0.626128 0.131763 0.376891 8 0.0
0.568875 0.085431 0.376521 8 0.0
0.499671 0.110633 0.377152 8 0.0
0.776673 0.936876 0.154763 7 0.999999
0.771342 0.985134 0.52375 12 0.037292
0.735092 0.992971 0.448726 14 0.0
0.499641 0.159294 0.152941 7 0.0
0.493289 0.194875 0.152914 7 0.0
0.416768 0.1445 0.152742 7 0.0
0.505992 0.123712 0.152968 7 0.0
0.582513 0.174087 0.153141 7 0.0
0.244525 0.012333 0.169979 1 0.000116
0.235898 0.010701 0.17281 1 0.000116
0.245555 0.017087 0.175862 1 0.000116
0.253152 0.013966 0.167148 1 0.000116
0.243494 0.007579 0.164097 1 0.000116
0.476477 0.996391 0.839402 12 0.005326
0.567592 0.810397 0.83384 12 0.0
0.589329 0.807807 0.827744 12 0.0
0.568921 0.820769 0.834173 12 0.0
0.545855 0.812987 0.839935 12 0.0
0.566262 0.800025 0.833506 12 0.0
0.221569 0.223059 0.197936 2 0.0
0.628732 0.809246 0.79639 12 0.996941
0.614924 0.816204 0.800826 12 0.996941
0.626786 0.801295 0.802805 12 0.996941
0.642539 0.802288 0.791955 12 0.996941
0.630678 0.817196 0.789976 12 0.996941
0.480979 0.024522 0.372298 8 0.0
0.351499 0.109236 0.371982 8 0.0
0.347736 0.142814 0.371875 8 0.0
0.39117 0.113686 0.373192 8 0.0
0.355262 0.075658 0.372089 8 0.0
0.311829 0.104786 0.370772 8 0.0
0.718601 0.8325 0.67182 16 1e-06
0.710617 0.830791 0.697098 16 1e-06
0.726064 0.817798 0.673183 16 1e-06
0.726586 0.83421 0.646542 16 1e-06
0.711139 0.847202 0.670457 16 1e-06
0.223387 0.968495 0.158545 2 0.999261
0.590278 0.843103 0.825881 12 0.0
0.581443 0.862036 0.828698 12 0.0
0.575713 0.835538 0.831047 12 0.0
0.599113 0.82417 0.823064 12 0.0
0.604843 0.850668 0.820716 12 0.0
0.405363 0.803845 0.822718 12 1e-06
0.416778 0.801017 0.829019 12 1e-06
0.402774 0.795576 0.823695 12 1e-06
0.393948 0.806673 0.816416 12 1e-06
0.407951 0.812114 0.82174 12 1e-06
0.774059 0.013992 0.251324 6 0.0
0.774361 0.001414 0.189904 16 1.0
0.479217 0.872727 0.837648 12 0.0
0.499856 0.873702 0.839414 12 0.0
0.477875 0.901824 0.837263 12 0.0
0.458578 0.871752 0.835883 12 0.0
0.480558 0.84363 0.838034 12 0.0
0.383377 -0.000391 0.197249 1 0.0
0.380004 0.306904 0.229163 8 0.0
0.363319 0.321659 0.227412 8 0.0
0.380092 0.310122 0.255439 8 0.0
0.396689 0.292149 0.230915 8 0.0
0.379916 0.303685 0.202887 8 0.0
0.397675 0.998447 0.822696 12 0.999942
0.493506 0.817977 0.843061 12 0.0
0.515107 0.818108 0.844047 12 0.0
0.493394 0.831322 0.843729 12 0.0
0.471905 0.817845 0.842075 12 0.0
0.493617 0.804631 0.842393 12 0.0
0.598663 0.886871 0.825342 12 0.0
0.595999 0.920991 0.826747 12 0.0
0.585314 0.885661 0.829404 12 0.0
0.601327 0.852752 0.823937 12 0.0
0.612012 0.888081 0.82128 12 0.0
0.442556 0.996477 0.836661 12 0.999882
0.775538 0.903809 0.466229 16 0.0
0.775856 0.932757 0.464693 16 0.0
0.772416 0.906641 0.518952 16 0.0
0.77522 0.874861 0.467766 16 0.0
0.77866 0.900977 0.413507 16 0.0
0.580707 1.001098 0.408273 14 0.0
0.771836 0.79162 0.568565 16 8.1e-05
0.475885 0.865887 0.153004 7 0.0
0.400332 0.866357 0.153793 7 0.0
0.476155 0.908386 0.153541 7 0.0
0.551438 0.865417 0.152216 7 0.0
0.475615 0.823387 0.152467 7 0.0
0.234224 0.268457 0.236374 2 0.0
0.393601 0.998905 0.669336 15 0.876161
0.523836 0.009576 0.175531 1 0.0
0.656672 0.782898 0.782556 10 0.218781
0.482478 -0.000446 0.369586 1 0.999978
0.297958 0.996461 0.488326 14 0.0
0.274543 0.996226 0.487596 14 0.0
0.295722 0.996086 0.560143 14 0.0
0.321373 0.996696 0.489057 14 0.0
0.300194 0.996835 0.41651 14 0.0
0.301555 0.993743 0.506889 14 0.0
0.624791 0.900261 0.499996 15 0.0
0.62528 0.921077 0.500499 15 0.0
0.633351 0.899328 0.530365 15 0.0
0.624302 0.879446 0.499494 15 0.0
0.61623 0.901195 0.469628 15 0.0
0.659203 0.409458 0.305181 8 0.0
0.661676 0.409706 0.32765 8 0.0
0.657116 0.367294 0.305874 8 0.0
0.656731 0.409211 0.282712 8 0.0
0.661291 0.451623 0.304487 8 0.0
0.694455 2.6e-05 0.159914 1 0.999839
0.2235 0.727367 0.193606 2 0.0
0.415525 0.018201 0.342822 1 6e-06
0.750206 0.944923 0.487876 16 0.0
0.556401 0.998868 0.804021 14 0.0
0.523547 0.998738 0.811643 14 0.0
0.559024 0.998959 0.815328 14 0.0
0.589256 0.998998 0.796398 14 0.0
0.553778 0.998777 0.792714 14 0.0
0.330642 0.781385 0.547985 10 0.0
0.77453 0.731234 0.35466 16 0.0
0.229606 0.209548 0.162123 2 0.881327
0.545341 0.20872 0.378615 8 0.0
0.504902 -0.000113 0.260411 1 0.0
0.421326 0.00016 0.250525 1 0.0
0.501042 -0.000179 0.29304 1 0.0
0.588478 -0.000386 0.270297 1 0.0
0.508762 -4.8e-05 0.227782 1 0.0
0.370408 0.9648 0.560015 15 0.0
0.368977 0.975605 0.56026 15 0.0
0.373652 0.964601 0.587675 15 0.0
0.37184 0.953994 0.55977 15 0.0
0.367164 0.964998 0.532354 15 0.0
0.668338 0.616379 0.224568 8 0.0
0.636935 0.644507 0.22757 8 0.0
0.682148 0.62945 0.246564 8 0.0
0.699742 0.588251 0.221566 8 0.0
0.654528 0.603308 0.202572 8 0.0
0.226625 0.495985 0.356223 2 2e-06
0.656053 0.385399 0.335979 8 0.0
0.519985 0.166785 0.377132 8 0.0
0.442698 0.168845 0.377401 8 0.0
0.520892 0.200801 0.377231 8 0.0
0.597271 0.164725 0.376864 8 0.0
0.519077 0.132769 0.377034 8 0.0
0.422057 0.585018 0.20286 8 0.0
0.446978 0.599072 0.205594 8 0.0
0.421817 0.582206 0.219508 8 0.0
0.397136 0.570964 0.200127 8 0.0
0.422297 0.587831 0.186213 8 0.0
0.530138 0.840054 0.444566 15 0.0
0.51813 0.86156 0.442562 15 0.0
0.553935 0.854002 0.451667 15 0.0
0.542146 0.818548 0.446569 15 0.0
0.506342 0.826106 0.437465 15 0.0
0.519129 0.812127 0.208346 7 0.0
0.592365 0.824844 0.213583 7 0.0
0.528161 0.757661 0.214299 7 0.0
0.445893 0.79941 0.20311 7 0.0
0.510097 0.866592 0.202393 7 0.0
0.583189 0.027834 0.154592 7 2e-06
0.574837 0.299997 0.343718 4 0.993272
0.58793 0.307032 0.353114 4 0.993272
0.572046 0.298315 0.348867 4 0.993272
0.561744 0.292963 0.334321 4 0.993272
0.577629 0.30168 0.338568 4 0.993272
0.36356 0.356021 0.165057 8 0.99598
0.356386 0.364217 0.163691 8 0.99598
0.365054 0.357942 0.168737 8 0.99598
0.370733 0.347825 0.166423 8 0.99598
0.362066 0.3541 0.161377 8 0.99598
0.408946 0.782497 0.73427 10 0.0
0.376917 0.554723 0.184138 8 1e-06
0.393724 0.570206 0.191893 8 1e-06
0.375473 0.551696 0.19331 8 1e-06
0.36011 0.539239 0.176382 8 1e-06
0.378361 0.55775 0.174965 8 1e-06
0.429284 0.839179 0.686717 15 0.0
0.430418 0.859127 0.685641 15 0.0
0.453644 0.83873 0.70406 15 0.0
0.428151 0.819232 0.687793 15 0.0
0.404924 0.839628 0.669374 15 0.0
0.227892 0.989015 0.273203 2 0.01936
0.632634 0.953044 0.537542 15 0.0
0.633707 0.969147 0.535983 15 0.0
0.640615 0.954942 0.56264 15 0.0
0.63156 0.936942 0.539101 15 0.0
0.624652 0.951146 0.512445 15 0.0
0.685601 0.781117 0.602502 10 0.0
0.466121 0.171995 0.374565 8 0.0
0.391025 0.159898 0.372159 8 0.0
0.47112 0.141055 0.374104 8 0.0
0.541217 0.184092 0.376972 8 0.0
0.461122 0.202935 0.375027 8 0.0
0.564683 0.003843 0.361631 1 0.0
0.771694 0.485609 0.17796 5 0.0
0.401224 0.302937 0.344055 8 0.0
0.761986 0.558111 0.334936 5 0.0
0.43507 0.967101 0.688568 15 0.0
0.432479 0.979118 0.689323 15 0.0
0.451003 0.969873 0.699129 15 0.0
0.43766 0.955085 0.687813 15 0.0
0.419136 0.96433 0.678008 15 0.0
0.331319 0.345327 0.170661 7 0.0
0.708584 0.705608 0.154177 7 0.0
0.584258 1.000115 0.354336 14 0.0
0.526819 1.00111 0.31338 14 0.0
0.568875 1.000312 0.375913 14 0.0
0.641696 0.999119 0.395292 14 0.0
0.59964 0.999917 0.332758 14 0.0
0.753989 0.051304 0.155215 7 0.0
0.762602 0.051964 0.155581 7 0.0
0.752608 0.06903 0.155776 7 0.0
0.745377 0.050644 0.15485 7 0.0
0.755371 0.033578 0.154654 7 0.0
0.500813 0.100662 0.152908 7 0.0
0.500279 0.132459 0.152686 7 0.0
0.41643 0.099241 0.152399 7 0.0
0.501347 0.068865 0.15313 7 0.0
0.585196 0.102083 0.153418 7 0.0
0.364658 0.35246 0.20945 8 0.0
0.351917 0.368941 0.196936 8 0.0
0.36009 0.359454 0.223312 8 0.0
0.377398 0.335978 0.221964 8 0.0
0.369225 0.345466 0.195589 8 0.0
0.521853 0.70931 0.377162 8 0.0
0.480265 0.715048 0.378176 8 0.0
0.5262 0.739617 0.383946 8 0.0
0.563442 0.703572 0.376148 8 0.0
0.517507 0.679003 0.370378 8 0.0
0.345657 0.267974 0.372106 8 0.0
0.604306 0.966247 0.479716 15 0.0
0.604742 0.978329 0.477862 15 0.0
0.62259 0.968723 0.500146 15 0.0
0.603869 0.954166 0.481571 15 0.0
0.586021 0.963772 0.459287 15 0.0
0.561806 0.009534 0.336812 1 0.0
0.670075 0.436709 0.337964 8 0.0
0.493747 0.004816 0.357558 1 0.0
0.225859 0.374254 0.177483 2 1.1e-05
0.267437 0.078531 0.212829 2 0.0
0.28175 0.101967 0.228187 2 0.0
0.267791 0.06974 0.225914 2 0.0
0.253124 0.055094 0.197471 2 0.0
0.267082 0.087322 0.199744 2 0.0
0.344102 0.504129 0.190389 8 0.0
0.350693 0.526674 0.192016 8 0.0
0.344497 0.503064 0.203546 8 0.0
0.337512 0.481585 0.188762 8 0.0
0.343708 0.505194 0.177232 8 0.0
0.633747 0.824201 0.590099 15 0.010185
0.632798 0.839046 0.591355 15 0.010185
0.63524 0.821334 0.625112 15 0.010185
0.634695 0.809356 0.588843 15 0.010185
0.632253 0.827068 0.555086 15 0.010185
0.475913 0.827235 0.429753 15 4e-05
0.454088 0.832389 0.431652 15 4e-05
0.477789 0.83535 0.429289 15 4e-05
0.497738 0.822082 0.427854 15 4e-05
0.474037 0.819121 0.430217 15 4e-05
0.501641 0.13914 0.153073 7 0.0
0.497375 0.181724 0.152899 7 0.0
0.585295 0.147523 0.153691 7 0.0
0.505907 0.096556 0.153247 7 0.0
0.417987 0.130756 0.152455 7 0.0
0.450452 1.000916 0.301237 14 0.0
0.38188 0.9998 0.320723 14 0.0
0.461944 1.000666 0.341663 14 0.0
0.519024 1.002033 0.281751 14 0.0
0.43896 1.001167 0.260811 14 0.0
0.279876 0.478495 0.151703 7 0.0
0.439134 0.74261 0.401685 10 0.0
0.54794 0.923135 0.153105 7 0.0
0.478234 0.920735 0.15253 7 0.0
0.548799 0.898223 0.152962 7 0.0
0.617646 0.925534 0.15368 7 0.0
0.547081 0.948046 0.153248 7 0.0
0.425329 0.905313 0.683291 15 0.0
0.434538 0.934242 0.691568 15 0.0
0.440178 0.897118 0.695412 15 0.0
0.41612 0.876383 0.675015 15 0.0
0.410479 0.913507 0.671171 15 0.0
0.320957 0.261551 0.17393 7 0.0
0.294737 0.252353 0.168128 7 0.0
0.307998 0.299954 0.171608 7 0.0
0.347176 0.270749 0.179731 7 0.0
0.333915 0.223148 0.176251 7 0.0
0.464809 0.279457 0.195377 9 0.0
0.461584 0.279526 0.180969 9 0.0
0.486016 0.272683 0.190598 9 0.0
0.468033 0.279388 0.209785 9 0.0
0.443601 0.286231 0.200155 9 0.0
0.622663 0.975879 0.506415 15 0.0
0.622926 0.984553 0.504873 15 0.0
0.633994 0.979492 0.528676 15 0.0
0.622401 0.967204 0.507956 15 0.0
0.611332 0.972266 0.484153 15 0.0
0.326666 0.429448 0.261875 4 0.0
0.305105 0.472175 0.258185 4 0.0
0.325974 0.431279 0.287128 4 0.0
0.348227 0.38672 0.265564 4 0.0
0.327359 0.427616 0.236621 4 0.0
0.452126 0.029665 0.153648 7 0.0
0.227592 0.90209 0.155607 2 0.851495
0.531011 0.691959 0.152404 7 0.0
0.364871 0.86638 0.547924 15 0.0
0.364723 0.893673 0.552665 15 0.0
0.3606 0.861221 0.577491 15 0.0
0.36502 0.839087 0.543184 15 0.0
0.369143 0.871539 0.518357 15 0.0
0.458887 0.602014 0.197687 8 0.0
0.486972 0.611143 0.194263 8 0.0
0.460882 0.601187 0.211841 8 0.0
0.430802 0.592886 0.201112 8 0.0
0.456893 0.602842 0.183533 8 0.0
0.434668 0.291273 0.217783 9 0.0
0.431689 0.294424 0.240789 9 0.0
0.452086 0.28313 0.221155 9 0.0
0.437648 0.288121 0.194778 9 0.0
0.41725 0.299416 0.214412 9 0.0
0.77527 0.498324 0.295617 16 0.0
0.345492 0.499639 0.213263 8 0.0
0.351981 0.520982 0.213232 8 0.0
0.347739 0.498986 0.234023 8 0.0
0.339002 0.478296 0.213294 8 0.0
0.343245 0.500292 0.192503 8 0.0
0.222448 0.283252 0.233967 2 0.0
0.376143 0.76632 0.403058 10 0.0
0.598667 0.58526 0.162062 8 0.013451
0.66228 0.439383 0.284285 8 0.0
0.660717 0.477991 0.285401 8 0.0
0.664186 0.43865 0.312342 8 0.0
0.663843 0.400776 0.283168 8 0.0
0.660375 0.440117 0.256227 8 0.0
0.626273 0.149781 0.24508 7 0.0
0.289113 0.220251 0.370821 8 0.0
0.289795 0.209926 0.370873 8 0.0
0.672157 0.427508 0.153147 8 0.954482
0.643024 0.778487 0.426751 10 0.0
0.342196 0.478602 0.25354 8 0.0
0.347146 0.513755 0.256829 8 0.0
0.343405 0.475523 0.284627 8 0.0
0.337246 0.443449 0.250251 8 0.0
0.340986 0.481681 0.222453 8 0.0
0.471456 0.695705 0.388762 10 0.0
0.413073 0.707553 0.386762 10 0.0
0.476266 0.720712 0.396494 10 0.0
0.52984 0.683857 0.390763 10 0.0
0.466647 0.670697 0.38103 10 0.0
0.744645 0.782406 0.486602 10 0.0
0.278742 0.263392 0.370212 8 0.0
0.675407 0.99978 0.410726 14 0.0
0.481436 1.001048 0.293798 14 0.0
0.402948 1.000579 0.297588 14 0.0
0.483467 1.000837 0.335842 14 0.0
0.559923 1.001516 0.290008 14 0.0
0.479404 1.001259 0.251755 14 0.0
0.506961 0.854434 0.439253 15 0.0
0.531164 0.881109 0.439803 15 0.0
0.525583 0.837512 0.440522 15 0.0
0.482758 0.827759 0.438702 15 0.0
0.48834 0.871357 0.437983 15 0.0
0.494985 1.000502 0.172109 14 0.000444
0.457896 0.81347 0.70319 15 5e-06
0.457331 0.825776 0.702126 15 5e-06
0.483957 0.815701 0.715154 15 5e-06
0.458461 0.801165 0.704253 15 5e-06
0.431835 0.811239 0.691226 15 5e-06
0.771706 0.65004 0.294326 5 0.0
0.482183 0.792951 0.727101 4 2.5e-05
0.630757 0.595569 0.237608 8 0.0
0.594919 0.61676 0.240569 8 0.0
0.633294 0.596071 0.264732 8 0.0
0.666595 0.574378 0.234647 8 0.0
0.628219 0.595067 0.210484 8 0.0
0.638717 0.192701 0.378832 8 0.0
0.67252 0.242291 0.378777 8 0.0
0.612016 0.210903 0.379372 8 0.0
0.604915 0.143112 0.378886 8 0.0
0.665418 0.1745 0.378291 8 0.0
0.237867 0.121987 0.362857 8 2e-05
0.513082 0.074626 0.151552 7 0.0
0.470419 0.00722 0.34131 1 0.0
0.499549 0.138468 0.152679 7 0.0
0.50105 0.181692 0.152465 7 0.0
0.414667 0.141415 0.152571 7 0.0
0.498048 0.095244 0.152893 7 0.0
0.584431 0.135521 0.152786 7 0.0
0.350243 0.337844 0.154694 7 4.5e-05
0.488756 0.609315 0.17423 8 0.0
0.223506 0.789979 0.359503 2 0.006793
0.654427 0.556055 0.268237 8 0.0
0.318679 0.175648 0.302346 3 1e-06
0.427249 0.950899 0.153337 7 0.0
0.768173 0.263652 0.364787 8 0.999575
0.587982 0.866214 0.477534 15 0.0
0.583657 0.891938 0.473609 15 0.0
0.610718 0.873055 0.497323 15 0.0
0.592306 0.84049 0.481458 15 0.0
0.565245 0.859372 0.457745 15 0.0
0.33524 0.40794 0.162559 8 0.969086
0.500492 0.708448 0.152319 7 0.0
0.551532 0.172004 0.152562 7 0.0
0.621286 0.198051 0.15359 7 0.0
0.539773 0.203499 0.15248 7 0.0
0.481779 0.145958 0.151533 7 0.0
0.563291 0.140509 0.152644 7 0.0
0.616445 0.858208 0.643266 15 0.0
0.617724 0.882479 0.641418 15 0.0
0.602123 0.860807 0.667484 15 0.0
0.615166 0.833938 0.645113 15 0.0
0.630766 0.85561 0.619047 15 0.0
0.544493 0.984234 0.433895 15 0.0
0.582559 0.95614 0.448305 15 0.0
0.581576 0.967782 0.447986 15 0.0
0.604693 0.958218 0.455891 15 0.0
0.583543 0.944499 0.448624 15 0.0
0.560426 0.954063 0.440719 15 0.0
0.545596 0.003448 0.359069 1 0.0
0.222671 0.294569 0.193215 2 0.0
0.671006 0.707196 0.153623 7 0.0
0.766329 0.304891 0.164675 7 0.337828
0.223852 0.704184 0.336986 2 0.0
0.759405 0.996376 0.460254 14 0.0
0.368448 0.542549 0.193316 8 0.0
0.38258 0.560347 0.198456 8 0.0
0.368289 0.538787 0.20678 8 0.0
0.354317 0.52475 0.188176 8 0.0
0.368608 0.546311 0.179851 8 0.0
0.471925 0.871707 0.437078 15 0.0
0.446781 0.871729 0.440015 15 0.0
0.471716 0.907249 0.435025 15 0.0
0.49707 0.871686 0.434141 15 0.0
0.472135 0.836165 0.439131 15 0.0
0.584023 0.737263 0.40305 10 0.0
0.585901 0.754306 0.409272 10 0.0
0.630872 0.734478 0.396539 10 0.0
0.582145 0.720219 0.396828 10 0.0
0.537174 0.740047 0.409561 10 0.0
0.461366 0.155918 0.152792 7 0.0
0.457643 0.193025 0.153141 7 0.0
0.536105 0.163417 0.152728 7 0.0
0.465088 0.118812 0.152443 7 0.0
0.386626 0.148419 0.152856 7 0.0
0.747572 0.127054 0.373956 8 0.000444
0.482358 0.998269 0.1775 14 2.2e-05
0.355135 0.366737 0.163727 8 0.983092
0.352625 0.371183 0.164512 8 0.983092
0.355682 0.366757 0.165367 8 0.983092
0.357646 0.362291 0.162943 8 0.983092
0.354588 0.366717 0.162088 8 0.983092
0.776559 0.6823 0.264426 16 0.0
0.775873 0.766984 0.266217 16 0.0
0.776127 0.681629 0.295935 16 0.0
0.777244 0.597616 0.262634 16 0.0
0.776991 0.68297 0.232916 16 0.0
0.406829 0.782212 0.708679 10 0.0
0.487809 0.978414 0.153772 7 0.0
0.462273 0.281504 0.249983 9 0.0
0.469287 0.27832 0.217378 9 0.0
0.480377 0.277091 0.254309 9 0.0
0.455259 0.284687 0.282589 9 0.0
0.444169 0.285916 0.245658 9 0.0
0.614771 0.883632 0.505335 15 0.0
0.614781 0.912688 0.504251 15 0.0
0.629284 0.88448 0.528195 15 0.0
0.614762 0.854576 0.506419 15 0.0
0.600259 0.882784 0.482474 15 0.0
0.689988 0.14967 0.36425 8 0.0
0.664284 0.155965 0.365564 8 0.0
0.701932 0.197624 0.368178 8 0.0
0.715693 0.143376 0.362936 8 0.0
0.678045 0.101717 0.360322 8 0.0
0.773956 0.948798 0.474506 13 0.0
0.65845 0.500471 0.225327 8 0.0
0.651669 0.52279 0.22818 8 0.0
0.657727 0.497218 0.249058 8 0.0
0.665231 0.478151 0.222475 8 0.0
0.659172 0.503723 0.201597 8 0.0
0.223147 0.278809 0.26378 2 0.0
0.224116 0.362344 0.276081 2 0.0
0.223663 0.274145 0.295414 2 0.0
0.222179 0.195274 0.25148 2 0.0
0.222632 0.283473 0.232146 2 0.0
0.557015 0.792986 0.705278 15 0.0
0.549936 0.88277 0.448217 15 0.0
0.549216 0.917035 0.44608 15 0.0
0.57757 0.884064 0.459648 15 0.0
0.550656 0.848505 0.450355 15 0.0
0.522302 0.881476 0.436787 15 0.0
0.367129 0.928867 0.624278 15 0.0
0.368564 0.950358 0.61986 15 0.0
0.3722 0.930781 0.635234 15 0.0
0.365693 0.907377 0.628695 15 0.0
0.362057 0.926954 0.613321 15 0.0
0.39902 0.564261 0.256988 8 0.0
0.41853 0.580935 0.255335 8 0.0
0.400397 0.564895 0.279643 8 0.0
0.37951 0.547586 0.258641 8 0.0
0.397643 0.563626 0.234334 8 0.0
0.41991 0.282986 0.337278 8 0.992293
0.354732 0.771496 0.40646 10 0.0
0.662128 0.473591 0.262456 8 0.0
0.654174 0.506534 0.264334 8 0.0
0.662409 0.471768 0.295621 8 0.0
0.670082 0.440648 0.260577 8 0.0
0.661847 0.475415 0.22929 8 0.0
0.610982 0.852263 0.506626 15 0.0
0.607047 0.871341 0.501977 15 0.0
0.630098 0.862783 0.533616 15 0.0
0.614918 0.833184 0.511275 15 0.0
0.591867 0.841743 0.479636 15 0.0
0.24199 0.362308 0.370325 8 5e-06
0.496097 0.116539 0.374783 8 0.0
0.414588 0.109596 0.374787 8 0.0
0.499152 0.080674 0.374409 8 0.0
0.577607 0.123482 0.374779 8 0.0
0.493042 0.152404 0.375156 8 0.0
0.722953 0.995393 0.446514 14 0.0
0.412416 0.305548 0.199966 8 0.0
0.39405 0.317786 0.204823 8 0.0
0.415297 0.304087 0.214541 8 0.0
0.430782 0.293309 0.195109 8 0.0
0.409535 0.307008 0.185391 8 0.0
0.419669 0.741572 0.151373 7 0.0
0.475544 0.774434 0.150971 7 0.0
0.441311 0.704779 0.151755 7 0.0
0.363795 0.708709 0.151774 7 0.0
0.398027 0.778364 0.15099 7 0.0
0.281209 0.821613 0.400047 8 0.0
0.29208 0.857864 0.414141 8 0.0
0.26659 0.826636 0.398403 8 0.0
0.270337 0.785363 0.385953 8 0.0
0.295827 0.81659 0.401691 8 0.0
0.373267 0.162404 0.372058 8 0.0
0.339569 0.207322 0.370927 8 0.0
0.340144 0.137524 0.370838 8 0.0
0.406964 0.117487 0.373189 8 0.0
0.406389 0.187284 0.373279 8 0.0
0.672388 1.001147 0.368486 14 0.0
0.644747 1.00113 0.375019 14 0.0
0.687697 1.000721 0.433257 14 0.0
0.70003 1.001163 0.361954 14 0.0
0.65708 1.001572 0.303716 14 0.0
0.377838 0.999469 0.325176 14 0.0
0.340309 0.99916 0.373499 14 0.0
0.407585 1.000049 0.348281 14 0.0
0.415366 0.999779 0.276852 14 0.0
0.34809 0.99889 0.30207 14 0.0
0.507887 0.811283 0.439374 15 0.0
0.540887 0.821555 0.44577 15 0.0
0.514502 0.790376 0.43882 15 0.0
0.474887 0.801011 0.432979 15 0.0
0.501271 0.83219 0.439929 15 0.0
0.453015 0.86952 0.70018 15 0.0
0.441357 0.897368 0.695942 15 0.0
0.468007 0.876773 0.706596 15 0.0
0.464672 0.841672 0.704418 15 0.0
0.438022 0.862268 0.693764 15 0.0
0.675953 0.510699 0.287959 8 0.0
0.671362 0.511231 0.256798 8 0.0
0.668852 0.552031 0.289711 8 0.0
0.680545 0.510167 0.31912 8 0.0
0.683055 0.469368 0.286207 8 0.0
0.299446 0.761728 0.383559 10 0.0
0.483461 0.230002 0.37679 8 0.0
0.586987 0.813289 0.296347 7 0.0
0.54116 0.849529 0.308945 7 0.0
0.597028 0.819064 0.316261 7 0.0
0.632814 0.777048 0.283749 7 0.0
0.576945 0.807514 0.276434 7 0.0
0.521891 0.00456 0.364194 1 0.0
0.49896 0.153331 0.152842 7 0.0
0.512021 0.184819 0.152974 7 0.0
0.41827 0.186802 0.152639 7 0.0
0.485899 0.121844 0.15271 7 0.0
0.579649 0.11986 0.153045 7 0.0
0.443635 0.597739 0.183119 8 0.0
0.471457 0.608877 0.182181 8 0.0
0.444494 0.59646 0.193398 8 0.0
0.415813 0.586602 0.184056 8 0.0
0.442777 0.599019 0.172839 8 0.0
0.420739 0.040666 0.371881 8 0.0
0.7586 0.352192 0.317587 16 0.0
0.63297 0.859173 0.552338 15 0.0
0.635242 0.880014 0.555368 15 0.0
0.640889 0.854064 0.581538 15 0.0
0.630698 0.838332 0.549308 15 0.0
0.62505 0.864282 0.523138 15 0.0
0.730686 0.191094 0.377093 8 0.0
0.75541 0.954061 0.315219 5 0.0
0.221729 0.338522 0.202848 2 0.0
0.773963 0.698027 0.354637 5 0.0
0.530096 0.815942 0.709932 15 0.0
0.530751 0.828974 0.709981 15 0.0
0.507221 0.817052 0.720804 15 0.0
0.52944 0.80291 0.709884 15 0.0
0.55297 0.814833 0.699061 15 0.0
0.418047 0.769101 0.418368 10 0.009659
0.648128 0.516517 0.25618 8 0.0
0.633163 0.544867 0.25726 8 0.0
0.64703 0.514695 0.288768 8 0.0
0.663094 0.488166 0.2551 8 0.0
0.649226 0.518338 0.223591 8 0.0
0.502891 0.711716 0.152072 7 0.0
0.221353 0.333623 0.210761 2 0.0
0.748342 0.785951 0.439457 10 3e-06
0.686717 0.973765 0.755642 13 0.968985
0.300188 0.786986 0.751498 12 1.4e-05
0.754938 0.943703 0.592385 12 0.044828
0.754999 0.95405 0.61538 12 0.044828
0.748188 0.928071 0.599437 12 0.044828
0.754877 0.933355 0.569391 12 0.044828
0.761688 0.959334 0.585333 12 0.044828
0.391433 0.974889 0.819029 12 3.7e-05
0.391794 0.984011 0.818809 12 3.7e-05
0.412969 0.974249 0.827871 12 3.7e-05
0.391071 0.965768 0.819249 12 3.7e-05
0.369897 0.97553 0.810187 12 3.7e-05
0.386204 0.997013 0.730449 14 0.0
0.250447 0.877559 0.520157 2 0.999984
0.260002 0.908136 0.510993 2 0.999984
0.25462 0.884172 0.546575 2 0.999984
0.240893 0.846981 0.529321 2 0.999984
0.246274 0.870945 0.493738 2 0.999984
0.635242 0.362441 0.214224 8 0.0
0.631307 0.363589 0.234436 8 0.0
0.621538 0.342806 0.212671 8 0.0
0.639177 0.361293 0.194012 8 0.0
0.648946 0.382076 0.215776 8 0.0
0.22739 0.981186 0.556621 12 0.00012
0.709901 0.938884 0.740661 12 0.0
0.717675 0.954441 0.733199 12 0.0
0.699214 0.950346 0.753424 12 0.0
0.702127 0.923327 0.748122 12 0.0
0.720588 0.927422 0.727897 12 0.0
0.250106 0.989271 0.67727 12 2.1e-05
0.223702 0.81999 0.407437 3 0.0
0.77546 0.965371 0.247751 6 0.0
0.775896 0.977092 0.247016 6 0.0
0.777679 0.967256 0.279122 6 0.0
0.775024 0.953651 0.248486 6 0.0
0.773242 0.963487 0.21638 6 0.0
0.617708 0.148671 0.152545 7 0.0
0.666601 0.14761 0.153185 7 0.0
0.618714 0.194902 0.152358 7 0.0
0.568815 0.149732 0.151906 7 0.0
0.616703 0.10244 0.152733 7 0.0
0.224898 0.002628 0.272355 1 0.999645
0.67031 0.853404 0.783068 12 0.0
0.660247 0.868766 0.789785 12 0.0
0.658262 0.840921 0.793569 12 0.0
0.680373 0.838043 0.776352 12 0.0
0.682358 0.865888 0.772568 12 0.0
0.313215 0.908272 0.76375 12 0.0
0.314608 0.935817 0.76545 12 0.0
0.325732 0.906849 0.776558 12 0.0
0.311822 0.880727 0.76205 12 0.0
0.300698 0.909695 0.750942 12 0.0
0.636382 0.881311 0.606324 15 0.0
0.642328 0.909725 0.593424 15 0.0
0.63098 0.890509 0.624094 15 0.0
0.630436 0.852897 0.619225 15 0.0
0.641783 0.872113 0.588555 15 0.0
0.251765 0.827443 0.684703 11 0.0
0.252772 0.843021 0.685417 11 0.0
0.259309 0.826222 0.700708 11 0.0
0.250758 0.811865 0.68399 11 0.0
0.244221 0.828664 0.668699 11 0.0
0.633946 0.832892 0.803482 12 0.0
0.626509 0.845791 0.806612 12 0.0
0.618984 0.821909 0.81319 12 0.0
0.641383 0.819994 0.800352 12 0.0
0.648908 0.843876 0.793774 12 0.0
0.38434 0.787129 0.761578 15 0.0
0.377011 0.787452 0.767939 15 0.0
0.402786 0.788507 0.782761 15 0.0
0.391669 0.786806 0.755217 15 0.0
0.365894 0.785751 0.740396 15 0.0
0.717198 0.862092 0.732438 12 0.0
0.715694 0.888048 0.731847 12 0.0
0.705164 0.861745 0.74785 12 0.0
0.718703 0.836135 0.733028 12 0.0
0.729232 0.862439 0.717025 12 0.0
0.22627 0.8225 0.570452 12 0.0
0.226595 0.83703 0.571251 12 0.0
0.228706 0.821012 0.596518 12 0.0
0.225946 0.80797 0.569653 12 0.0
0.223835 0.823988 0.544386 12 0.0
0.774215 0.019847 0.251937 5 0.0
0.771238 0.007048 0.372661 8 0.999998
0.770199 0.010128 0.371695 8 0.999998
0.768426 0.006005 0.372363 8 0.999998
0.772278 0.003967 0.373627 8 0.999998
0.774051 0.00809 0.372959 8 0.999998
0.77244 -0.000851 0.185903 1 0.999866
0.225575 0.003158 0.333424 1 1.0
0.233598 0.923685 0.637638 12 0.0
0.237653 0.92527 0.653156 12 0.0
0.233784 0.899551 0.640054 12 0.0
0.229543 0.9221 0.622119 12 0.0
0.233413 0.94782 0.635221 12 0.0
0.779823 0.715869 0.228002 6 0.0
0.777862 0.803733 0.270605 16 0.0
0.777727 0.864218 0.280449 16 0.0
0.777839 0.798348 0.303691 16 0.0
0.777998 0.743248 0.260761 16 0.0
0.777885 0.809118 0.237519 16 0.0
0.249114 0.990823 0.171905 14 1e-05
0.249667 0.990178 0.179157 14 1e-05
0.25949 0.993389 0.171343 14 1e-05
0.248562 0.991468 0.164653 14 1e-05
0.238739 0.988256 0.172466 14 1e-05
0.633071 0.858084 0.622904 15 0.00189
0.629532 0.879215 0.645377 15 0.00189
0.630208 0.845269 0.634503 15 0.00189
0.63661 0.836954 0.600431 15 0.00189
0.635934 0.8709 0.611305 15 0.00189
0.628749 0.998969 0.769604 14 0.0
0.635326 0.999137 0.779649 14 0.0
0.597601 0.998642 0.790003 14 0.0
0.622172 0.998802 0.759558 14 0.0
0.659897 0.999297 0.749204 14 0.0
0.300994 0.846595 0.754805 11 0.0
0.304539 0.868235 0.757222 11 0.0
0.311672 0.843488 0.766958 11 0.0
0.297448 0.824955 0.752388 11 0.0
0.290315 0.849702 0.742652 11 0.0
0.226098 0.006743 0.244801 2 0.048077
0.301794 0.78348 0.750917 10 1e-05
0.225894 0.000363 0.221032 1 0.999977
0.774358 0.176604 0.338237 6 0.0
0.263972 -0.000311 0.262221 1 0.0
0.249655 0.000277 0.26249 1 0.0
0.264615 -0.000723 0.29746 1 0.0
0.278288 -0.000899 0.261953 1 0.0
0.263328 0.0001 0.226983 1 0.0
0.668804 1.002252 0.304926 14 0.0
0.634726 1.003146 0.304129 14 0.0
0.667731 1.003162 0.351816 14 0.0
0.702882 1.001359 0.305723 14 0.0
0.669877 1.001343 0.258036 14 0.0
0.775002 0.222713 0.30809 6 0.0
0.7791 0.853993 0.243863 16 0.0
0.778901 0.85793 0.271007 16 0.0
0.780407 0.806831 0.250713 16 0.0
0.7793 0.850056 0.216719 16 0.0
0.777794 0.901155 0.237013 16 0.0
0.774785 0.13161 0.171334 16 0.00014
0.2486 0.118434 0.370898 8 1e-06
0.524433 0.814937 0.840096 12 0.0
0.545644 0.818495 0.838196 12 0.0
0.522378 0.826774 0.839313 12 0.0
0.503221 0.81138 0.841996 12 0.0
0.526488 0.803101 0.840879 12 0.0
0.441242 0.987676 0.833506 12 0.000237
0.657532 1.00149 0.421328 14 0.0
0.777865 0.887739 0.404052 6 0.0
0.778199 0.919887 0.39742 6 0.0
0.777119 0.90132 0.469843 6 0.0
0.777531 0.855591 0.410685 6 0.0
0.778612 0.874158 0.338262 6 0.0
0.224546 0.022914 0.35973 2 0.999711
0.222398 0.024781 0.355578 2 0.999711
0.224314 0.03232 0.36408 2 0.999711
0.226695 0.021047 0.363881 2 0.999711
0.224778 0.013507 0.355379 2 0.999711
0.71659 0.777252 0.15302 7 0.0
0.31742 0.037951 0.332865 1 2e-06
0.295487 0.042899 0.328142 1 2e-06
0.314341 0.025389 0.334001 1 2e-06
0.339352 0.033003 0.337587 1 2e-06
0.320498 0.050513 0.331728 1 2e-06
0.234181 0.996597 0.642768 12 0.999986
0.680977 0.941976 0.772898 12 0.0
0.687003 0.962973 0.766754 12 0.0
0.664663 0.950927 0.787489 12 0.0
0.67495 0.920978 0.779043 12 0.0
0.697291 0.933024 0.758307 12 0.0
0.60139 0.040968 0.374032 8 0.0
0.579621 0.890084 0.687046 15 0.0
0.582331 0.925275 0.686348 15 0.0
0.560384 0.891834 0.700624 15 0.0
0.576912 0.854894 0.687743 15 0.0
0.598859 0.888334 0.673467 15 0.0
0.292703 0.86383 0.738913 13 0.0
0.293472 0.890002 0.736352 13 0.0
0.303048 0.86477 0.751621 13 0.0
0.291933 0.837659 0.741473 13 0.0
0.282357 0.862891 0.726204 13 0.0
0.759644 0.001897 0.154791 1 1.0
0.332627 0.783312 0.780556 10 0.000256
0.417123 0.821832 0.814503 2 0.0
0.437011 0.81844 0.820472 2 0.0
0.415454 0.811254 0.814053 2 0.0
0.397235 0.825224 0.808534 2 0.0
0.418792 0.832409 0.814953 2 0.0
0.234098 0.994412 0.154936 7 0.99827
0.240796 0.995574 0.155086 7 0.99827
0.234547 0.991688 0.15599 7 0.99827
0.2274 0.993251 0.154785 7 0.99827
0.233649 0.997136 0.153881 7 0.99827
0.317696 0.869375 0.609178 15 0.0
0.324004 0.891393 0.610636 15 0.0
0.31567 0.866953 0.654507 15 0.0
0.311389 0.847357 0.60772 15 0.0
0.319723 0.871797 0.563849 15 0.0
0.773412 0.032173 0.264458 6 0.0
0.773113 0.042726 0.26333 6 0.0
0.771948 0.03584 0.299152 6 0.0
0.773712 0.02162 0.265587 6 0.0
0.774876 0.028505 0.229765 6 0.0
0.247462 0.818701 0.674384 11 0.0
0.254701 0.813473 0.691782 11 0.0
0.246089 0.806638 0.671331 11 0.0
0.240222 0.823929 0.656986 11 0.0
0.248835 0.830763 0.677438 11 0.0
0.59931 0.999007 0.750361 14 0.0
0.558632 0.998773 0.772937 14 0.0
0.60974 0.998951 0.769153 14 0.0
0.639988 0.99924 0.727785 14 0.0
0.58888 0.999063 0.731569 14 0.0
0.574574 0.960895 0.688607 15 0.0
0.574266 0.975007 0.689423 15 0.0
0.554105 0.959816 0.699537 15 0.0
0.574882 0.946783 0.687791 15 0.0
0.595043 0.961975 0.677678 15 0.0
0.57845 0.823662 0.830039 12 0.0
0.600197 0.817107 0.822816 12 0.0
0.582348 0.836619 0.830015 12 0.0
0.556703 0.830218 0.837262 12 0.0
0.574553 0.810706 0.830062 12 0.0
0.28627 0.939443 0.737375 11 0.0
0.286333 0.958238 0.737547 11 0.0
0.299323 0.939252 0.753488 11 0.0
0.286207 0.920647 0.737203 11 0.0
0.273216 0.939634 0.721262 11 0.0
0.44054 0.002237 0.167326 1 0.211155
0.249033 0.003454 0.364477 1 0.252737
0.240023 0.001757 0.365546 1 0.252737
0.249386 0.003613 0.367698 1 0.252737
0.258043 0.005151 0.363408 1 0.252737
0.248681 0.003295 0.361256 1 0.252737
0.353327 0.354569 0.344494 8 0.0
0.368967 0.997461 0.785393 14 0.0
0.771395 0.00241 0.262639 1 0.980606
0.596986 0.977707 0.823767 11 0.0
0.59723 0.986722 0.822944 11 0.0
0.576046 0.978978 0.831468 11 0.0
0.596742 0.968693 0.82459 11 0.0
0.617926 0.976436 0.816065 11 0.0
0.460903 0.991829 0.837112 12 0.668915
0.629713 0.00443 0.1548 7 0.999937
0.53111 0.005671 0.362604 1 0.0
0.77441 0.815704 0.45963 6 0.065748
0.279439 0.052027 0.190282 1 0.0
0.386173 0.892781 0.633357 15 0.0
0.376107 0.903664 0.610467 15 0.0
0.391959 0.919135 0.643342 15 0.0
0.396239 0.881899 0.656246 15 0.0
0.380388 0.866428 0.623371 15 0.0
0.237674 0.783025 0.437106 10 7.3e-05
0.24899 0.995051 0.557627 14 0.040676
0.756347 0.789985 0.655189 16 0.006324
0.298199 0.99714 0.486077 14 9e-06
0.275168 0.996731 0.484841 14 9e-06
0.294366 0.997312 0.557418 14 9e-06
0.32123 0.997549 0.487313 14 9e-06
0.302032 0.996969 0.414736 14 9e-06
0.239164 0.96745 0.20653 2 0.0
0.236398 0.976702 0.209941 2 0.0
0.244406 0.96233 0.224664 2 0.0
0.241929 0.958198 0.203118 2 0.0
0.233921 0.97257 0.188395 2 0.0
0.308654 0.798522 0.761822 12 0.0
0.772309 0.913997 0.56858 16 0.0
0.770744 0.929208 0.591212 16 0.0
0.770875 0.891604 0.583532 16 0.0
0.773873 0.898785 0.545948 16 0.0
0.773743 0.936389 0.553629 16 0.0
0.281448 0.02971 0.371648 8 0.0
0.300514 0.031337 0.371298 8 0.0
0.282298 0.019996 0.372787 8 0.0
0.262382 0.028082 0.371998 8 0.0
0.280598 0.039424 0.370509 8 0.0
0.621147 0.011257 0.371129 8 6e-06
0.77643 0.99552 0.221986 16 0.999994
0.394229 -0.001131 0.29352 1 0.0
0.34069 -0.00061 0.298084 1 0.0
0.396406 -0.000954 0.319031 1 0.0
0.447768 -0.001653 0.288955 1 0.0
0.392053 -0.001308 0.268008 1 0.0
0.771824 0.017556 0.259673 5 1e-06
0.7282 0.00385 0.195686 1 0.0
0.711455 0.003581 0.201381 1 0.0
0.732998 0.005091 0.209851 1 0.0
0.744946 0.00412 0.189991 1 0.0
0.723403 0.00261 0.181522 1 0.0
0.230349 0.001715 0.233331 1 9.5e-05
0.736939 0.926106 0.699031 12 0.0
0.742798 0.947903 0.689601 12 0.0
0.729033 0.9349 0.714447 12 0.0
0.73108 0.904309 0.70846 12 0.0
0.744845 0.917312 0.683614 12 0.0
0.231451 0.001566 0.262924 1 0.001305
0.563137 0.026358 0.372048 8 0.0
0.740221 0.992373 0.691668 16 1e-06
0.774974 0.096058 0.325153 16 0.0
0.776939 0.127468 0.319379 16 0.0
0.77513 0.098735 0.339771 16 0.0
0.773008 0.064649 0.330927 16 0.0
0.774817 0.093381 0.310535 16 0.0
0.667953 0.996049 0.154671 7 0.916191
0.647914 0.792575 0.794625 12 0.000323
0.385452 0.013338 0.369818 8 0.0
0.369239 0.036306 0.372505 8 0.0
0.734769 0.78393 0.705746 16 0.071105
0.768882 0.001298 0.25716 1 0.820593
0.542736 0.866689 0.724832 15 0.0
0.532463 0.881035 0.725533 15 0.0
0.509365 0.843015 0.720282 15 0.0
0.553008 0.852343 0.724132 15 0.0
0.576107 0.890363 0.729382 15 0.0
0.224739 0.846761 0.156822 2 0.999927
0.774383 0.025759 0.295767 6 0.0
0.773787 0.034897 0.295392 6 0.0
0.773669 0.026771 0.321587 6 0.0
0.774979 0.01662 0.296141 6 0.0
0.775098 0.024747 0.269946 6 0.0
0.775158 0.832484 0.529682 12 0.0
0.775914 0.839627 0.497669 12 0.0
0.77433 0.847857 0.533092 12 0.0
0.774401 0.825342 0.561695 12 0.0
0.775985 0.817111 0.526271 12 0.0
0.224848 0.29148 0.182035 2 0.0
0.223611 0.089928 0.15928 3 0.999581
0.464206 0.831117 0.83625 12 0.0
0.471101 0.841541 0.837043 12 0.0
0.445549 0.843676 0.833377 12 0.0
0.457311 0.820693 0.835457 12 0.0
0.482863 0.818558 0.839124 12 0.0
0.549595 0.968532 0.698778 15 0.0
0.549151 0.979544 0.699515 15 0.0
0.526862 0.967183 0.705221 15 0.0
0.55004 0.95752 0.698041 15 0.0
0.572328 0.969881 0.692335 15 0.0
0.643812 0.001736 0.342244 1 0.0
0.224916 0.63779 0.192119 2 0.0
0.403797 0.88565 0.669506 14 0.0
0.392574 0.889506 0.657411 14 0.0
0.409615 0.918877 0.6747 14 0.0
0.41502 0.881795 0.681602 14 0.0
0.397979 0.852424 0.664313 14 0.0
0.307341 0.194713 0.370487 8 0.0
0.296701 0.253731 0.369462 8 0.0
0.283705 0.190447 0.370241 8 0.0
0.317982 0.135695 0.371512 8 0.0
0.330977 0.198978 0.370734 8 0.0
0.703875 0.002272 0.356164 1 0.0
0.340113 0.997721 0.152996 7 0.996868
0.296335 0.997853 0.413549 14 0.0
0.224025 0.225127 0.326812 2 0.0
0.654117 0.00217 0.158288 1 0.976822
0.693659 0.001402 0.158785 1 0.999992
0.380055 0.902733 0.495898 15 0.0
0.368627 0.904073 0.515554 15 0.0
0.379016 0.871589 0.497419 15 0.0
0.391483 0.901392 0.476243 15 0.0
0.381093 0.933876 0.494378 15 0.0
0.455809 0.099544 0.331978 8 0.0
0.459081 0.123763 0.332259 8 0.0
0.52256 0.090575 0.327806 8 0.0
0.452537 0.075325 0.331697 8 0.0
0.389058 0.108513 0.33615 8 0.0
0.545246 0.947244 0.44063 15 0.0
0.546362 0.964165 0.439804 15 0.0
0.564108 0.946338 0.447563 15 0.0
0.544129 0.930323 0.441456 15 0.0
0.526384 0.94815 0.433698 15 0.0
0.77312 0.943968 0.502563 16 0.0
0.536056 0.99761 0.709517 15 0.133544
0.578949 0.162117 0.153272 7 0.0
0.639433 0.181596 0.154152 7 0.0
0.566845 0.199692 0.153532 7 0.0
0.518466 0.142639 0.152392 7 0.0
0.591054 0.124543 0.153012 7 0.0
0.59736 0.323108 0.22788 9 0.0
0.612513 0.336128 0.232707 9 0.0
0.590479 0.322224 0.251864 9 0.0
0.582207 0.310089 0.223053 9 0.0
0.60424 0.323993 0.203897 9 0.0
0.773813 0.853843 0.455015 6 0.0
0.774222 0.877034 0.454851 6 0.0
0.771883 0.854277 0.511652 6 0.0
0.773405 0.830651 0.455179 6 0.0
0.775743 0.853408 0.398378 6 0.0
0.395255 0.783455 0.73825 10 0.0
0.385264 0.784217 0.753876 10 0.0
0.440849 0.782707 0.767438 10 0.0
0.405246 0.782693 0.722624 10 0.0
0.349661 0.784203 0.709061 10 0.0
0.773813 0.014424 0.268322 5 0.0
0.449789 0.982982 0.818026 14 2.5e-05
0.500537 0.02504 0.15401 7 0.0
0.532649 1.001312 0.237563 14 0.0
0.606279 1.000975 0.239427 14 0.0
0.531966 1.002251 0.264731 14 0.0
0.45902 1.00165 0.2357 14 0.0
0.533333 1.000374 0.210395 14 0.0
0.691394 0.781604 0.628655 10 0.0
0.538304 0.008945 0.156889 7 0.0003
0.227312 0.448489 0.195697 2 1e-06
0.637834 0.972672 0.803318 12 0.0
0.637793 0.982842 0.802974 12 0.0
0.618809 0.972974 0.814562 12 0.0
0.637876 0.962502 0.803662 12 0.0
0.65686 0.972369 0.792074 12 0.0
0.569246 0.917306 0.832398 11 0.0
0.58586 0.920318 0.828657 11 0.0
0.564743 0.943726 0.833675 11 0.0
0.552632 0.914293 0.836139 11 0.0
0.573749 0.890886 0.831122 11 0.0
0.310008 0.353682 0.307779 8 0.0
0.721016 0.999393 0.43256 14 0.0
0.767069 0.120904 0.370886 8 0.999974
0.47047 0.983813 0.815493 14 0.0
0.560942 -0.002382 0.224089 1 0.0
0.492918 -0.003389 0.227873 1 0.0
0.562214 -0.002729 0.246864 1 0.0
0.628966 -0.001375 0.220304 1 0.0
0.55967 -0.002035 0.201314 1 0.0
0.223509 0.584792 0.216718 2 0.0
0.405219 0.991238 0.15723 7 0.358611
0.487576 0.783546 0.80052 10 0.0
0.527494 0.782164 0.802548 10 0.0
0.486901 0.783722 0.813922 10 0.0
0.447657 0.784928 0.798493 10 0.0
0.48825 0.78337 0.787119 10 0.0
0.764991 0.786122 0.625559 16 0.332443
0.749926 0.971652 0.663867 12 0.0
0.749387 0.980601 0.664617 12 0.0
0.739987 0.968967 0.688764 12 0.0
0.750465 0.962703 0.663117 12 0.0
0.759865 0.974338 0.63897 12 0.0
0.630981 0.011963 0.370509 8 0.0
0.718708 0.031052 0.295323 1 0.0
0.699955 0.031976 0.292902 1 0.0
0.715391 0.028812 0.320163 1 0.0
0.737462 0.030129 0.297744 1 0.0
0.722025 0.033293 0.270483 1 0.0
0.348014 0.783885 0.739103 10 0.0
0.33782 0.784454 0.750363 10 0.0
0.377131 0.783806 0.765467 10 0.0
0.358207 0.783315 0.727844 10 0.0
0.318897 0.783963 0.712739 10 0.0
0.409581 0.910237 0.807058 2 0.0
0.402557 0.92664 0.804777 2 0.0
0.429279 0.919642 0.814031 2 0.0
0.416604 0.893834 0.809339 2 0.0
0.389882 0.900833 0.800085 2 0.0
0.305356 0.971397 0.746808 12 0.92708
0.30288 0.980102 0.751962 12 0.92708
0.313594 0.969826 0.753418 12 0.92708
0.307832 0.962692 0.741653 12 0.92708
0.297118 0.972967 0.740198 12 0.92708
0.574744 0.837688 0.830308 12 0.0
0.592347 0.845706 0.825333 12 0.0
0.567552 0.854662 0.832215 12 0.0
0.557142 0.82967 0.835282 12 0.0
0.581937 0.820715 0.8284 12 0.0
0.577844 0.956981 0.82935 12 0.0
0.580643 0.970845 0.829565 12 0.0
0.557503 0.960988 0.835718 12 0.0
0.575045 0.943117 0.829134 12 0.0
0.598185 0.952973 0.822981 12 0.0
0.373127 0.925981 0.811285 11 0.0
0.37656 0.950289 0.812781 11 0.0
0.388437 0.923349 0.818926 11 0.0
0.369693 0.901673 0.809789 11 0.0
0.357817 0.928614 0.803644 11 0.0
0.446838 0.097632 0.374092 8 0.0
0.378073 0.10059 0.372957 8 0.0
0.445526 0.066842 0.373381 8 0.0
0.515603 0.094674 0.375227 8 0.0
0.448151 0.128422 0.374803 8 0.0
0.29322 0.90482 0.1534 7 0.0
0.316206 0.909054 0.153024 7 0.0
0.298963 0.873571 0.152625 7 0.0
0.270234 0.900587 0.153777 7 0.0
0.287477 0.93607 0.154176 7 0.0
0.544514 0.003253 0.363797 1 0.0
0.49184 4.2e-05 0.301289 1 0.0
0.660348 0.78202 0.782494 10 0.150566
0.372417 1.00002 0.317628 14 0.0
0.418034 1.000668 0.317963 14 0.0
0.372103 0.999443 0.36152 14 0.0
0.3268 0.999372 0.317293 14 0.0
0.372731 1.000596 0.273736 14 0.0
0.764911 0.952066 0.156074 7 7e-06
0.270843 0.781944 0.404197 10 0.0
0.285354 0.777956 0.398644 10 0.0
0.277936 0.786463 0.419486 10 0.0
0.256332 0.785932 0.40975 10 0.0
0.26375 0.777425 0.388909 10 0.0
0.499544 -0.000133 0.188236 1 0.0
0.620062 0.99777 0.64394 15 0.99873
0.640302 0.969615 0.578601 15 0.0
0.64138 0.980097 0.580218 15 0.0
0.64093 0.965679 0.603691 15 0.0
0.639223 0.959134 0.576983 15 0.0
0.639674 0.973552 0.55351 15 0.0
0.720713 0.783937 0.580998 10 0.0
0.235883 0.189075 0.371265 8 0.039132
0.515948 0.000585 0.304106 1 0.0
0.662962 0.999692 0.402526 14 0.0
0.685469 0.999502 0.394427 14 0.0
0.68886 0.998666 0.474516 14 0.0
0.640455 0.999882 0.410626 14 0.0
0.637064 1.000718 0.330537 14 0.0
0.490424 1.000574 0.235654 14 0.0
0.499697 -0.001767 0.236605 1 0.0
0.358294 0.842143 0.547123 10 0.013955
0.642501 0.333772 0.153613 7 0.057213
0.335 0.477424 0.153219 8 0.99998
0.499276 0.88282 0.152867 7 0.0
0.416858 0.871113 0.152676 7 0.0
0.504309 0.847406 0.15188 7 0.0
0.581694 0.894526 0.153057 7 0.0
0.494244 0.918233 0.153854 7 0.0
0.25257 0.783003 0.50236 10 0.0
0.776127 0.918891 0.366087 13 0.0
0.223223 0.548496 0.328251 2 0.0
0.49926 0.155263 0.152523 7 0.0
0.510671 0.188771 0.152714 7 0.0
0.417566 0.183086 0.15222 7 0.0
0.487849 0.121756 0.152331 7 0.0
0.580954 0.12744 0.152825 7 0.0
0.569056 0.839989 0.463233 15 0.0
0.570556 0.860149 0.465806 15 0.0
0.599254 0.835519 0.480657 15 0.0
0.567557 0.819829 0.46066 15 0.0
0.538859 0.844459 0.445809 15 0.0
0.481763 0.604891 0.2804 8 0.0
0.505781 0.607806 0.27366 8 0.0
0.490115 0.607109 0.311121 8 0.0
0.457745 0.601976 0.287141 8 0.0
0.47341 0.602673 0.249679 8 0.0
0.413208 0.989011 0.157249 7 0.109257
0.575071 0.094345 0.376937 8 0.0
0.635499 0.093832 0.376764 8 0.0
0.574815 0.064557 0.376059 8 0.0
0.514643 0.094858 0.377111 8 0.0
0.575327 0.124133 0.377816 8 0.0
0.666528 0.502532 0.237266 9 0.0
0.221206 0.745419 0.288108 2 0.0
0.221881 0.823728 0.298054 2 0.0
0.221627 0.741957 0.31534 2 0.0
0.220531 0.66711 0.278162 2 0.0
0.220785 0.748881 0.260876 2 0.0
0.222558 0.529896 0.302628 2 0.0
0.260429 0.630944 0.357861 8 0.0
0.226344 0.691241 0.36438 8 0.999974
0.255184 0.184825 0.370796 8 0.0
0.491764 0.002167 0.349099 1 0.0
0.526909 0.080432 0.375281 8 0.0
0.722209 0.352223 0.175864 8 0.0
0.224332 0.494642 0.223801 2 0.0
0.443042 0.763407 0.413138 10 3.8e-05
0.636093 0.057354 0.31273 1 0.0
0.635933 0.073969 0.309282 1 0.0
0.685209 0.059763 0.322068 1 0.0
0.636252 0.040738 0.316178 1 0.0
0.586976 0.054944 0.303392 1 0.0
0.451694 0.00032 0.315273 1 0.0
0.222345 0.283942 0.229361 2 0.0
0.227244 0.981664 0.230556 2 0.0
0.49165 0.251281 0.376451 8 0.0
0.374271 0.332025 0.322881 8 0.0
0.357625 0.360823 0.32947 8 0.0
0.374723 0.328801 0.338113 8 0.0
0.390917 0.303228 0.316292 8 0.0
0.373819 0.33525 0.307649 8 0.0
0.226335 0.521773 0.351008 2 0.0
0.468212 0.000325 0.357163 1 0.0
0.761376 0.145576 0.156771 7 0.0
0.7416 0.782674 0.401155 10 1e-05
0.734654 0.780376 0.395614 10 1e-05
0.732288 0.785266 0.411753 10 1e-05
0.748545 0.784973 0.406695 10 1e-05
0.750911 0.780083 0.390556 10 1e-05
0.775639 0.191644 0.325311 6 0.0
0.342677 0.002882 0.339798 1 0.0
0.642878 0.532296 0.212789 8 0.0
0.629329 0.55256 0.214415 8 0.0
0.641733 0.529923 0.232827 8 0.0
0.656428 0.512033 0.211164 8 0.0
0.644023 0.53467 0.192752 8 0.0
0.636923 0.778107 0.617236 10 0.01814
0.224034 0.527996 0.333997 2 0.0
0.469889 0.609527 0.168898 8 9e-06
0.237763 0.657927 0.215811 2 0.0
0.643401 0.797931 0.412197 15 0.0
0.608666 0.800938 0.423257 15 0.0
0.649752 0.8052 0.430166 15 0.0
0.678137 0.794925 0.401137 15 0.0
0.637051 0.790663 0.394228 15 0.0
0.745166 0.549734 0.161392 7 0.0
0.454046 0.281478 0.339101 9 0.0
0.416581 0.245071 0.376287 8 0.0
0.223144 0.373247 0.311816 2 0.0
0.449765 0.97453 0.15594 7 0.0
0.5226 0.788183 0.716047 15 0.0
0.373159 0.985825 0.609381 15 0.000248
0.391057 0.997728 0.820424 12 0.945316
0.634668 0.822772 0.559362 15 0.001981
0.577517 0.999692 0.693422 15 0.981862
0.499704 0.919422 0.153187 7 0.0
0.277217 0.310677 0.149439 7 0.0
0.517437 0.282495 0.254642 8 0.0
0.518907 0.281242 0.224329 8 0.0
0.53259 0.285774 0.255241 8 0.0
0.515966 0.283748 0.284955 8 0.0
0.502284 0.279216 0.254042 8 0.0
0.381392 0.90471 0.152557 7 0.0
0.389186 0.932557 0.152994 7 0.0
0.431095 0.890818 0.151296 7 0.0
0.373598 0.876863 0.152121 7 0.0
0.331688 0.918601 0.153818 7 0.0
0.228151 0.258479 0.36785 8 0.275881
0.713389 0.098886 0.153127 7 0.0
0.734536 0.10085 0.153503 7 0.0
0.710442 0.130722 0.152583 7 0.0
0.692242 0.096922 0.152751 7 0.0
0.716336 0.06705 0.15367 7 0.0
0.778927 0.245223 0.173993 16 0.043003
0.476178 0.036195 0.15325 7 0.0
0.655811 0.415364 0.238147 8 0.0
0.654693 0.418023 0.26197 8 0.0
0.646979 0.384157 0.241216 8 0.0
0.656928 0.412705 0.214324 8 0.0
0.664642 0.446572 0.235077 8 0.0
0.764784 0.992721 0.609058 12 0.992512
0.346906 0.516918 0.169975 8 1e-06
0.235339 0.701029 0.370527 8 0.997887
0.669002 0.766271 0.398316 10 0.019923
0.239647 0.648193 0.370986 4 0.009959
0.774375 0.557041 0.356773 5 0.0
0.224364 0.521512 0.360236 2 0.0
0.580305 0.891271 0.467196 15 0.0
0.583099 0.924232 0.46627 15 0.0
0.605045 0.889693 0.485693 15 0.0
0.577511 0.858309 0.468122 15 0.0
0.555564 0.892848 0.448699 15 0.0
0.762347 0.276821 0.156602 7 0.0
0.221286 0.45438 0.222529 2 0.0
0.344503 0.39048 0.196812 8 0.0
0.335424 0.413678 0.195471 8 0.0
0.344875 0.391494 0.211826 8 0.0
0.353582 0.367282 0.198153 8 0.0
0.34413 0.389466 0.181798 8 0.0
0.75633 0.85848 0.154864 7 0.0
0.705615 0.637025 0.199966 7 2e-06
0.706893 0.676525 0.20554 7 2e-06
0.687117 0.635996 0.211507 7 2e-06
0.704336 0.597526 0.194392 7 2e-06
0.724112 0.638055 0.188425 7 2e-06
0.355565 0.698251 0.378635 8 0.0
0.366321 0.72488 0.384398 8 0.0
0.315277 0.715191 0.375554 8 0.0
0.344809 0.671621 0.372871 8 0.0
0.395853 0.68131 0.381716 8 0.0
0.656387 0.501966 0.195951 8 0.0
0.648269 0.52549 0.198603 8 0.0
0.65562 0.500029 0.210783 8 0.0
0.664506 0.478441 0.193299 8 0.0
0.657155 0.503903 0.181118 8 0.0
0.758188 0.30598 0.155493 7 0.0
0.519508 0.606479 0.301245 8 0.0
0.551127 0.604228 0.305769 8 0.0
0.51597 0.607627 0.326549 8 0.0
0.487889 0.608729 0.296721 8 0.0
0.523047 0.605331 0.275941 8 0.0
0.75826 0.787474 0.478683 6 3.6e-05
0.695989 0.272764 0.376273 8 0.0
0.249762 0.434703 0.371925 4 0.0
0.359275 0.519514 0.236291 8 0.0
0.371783 0.544988 0.232995 8 0.0
0.363795 0.520858 0.263837 8 0.0
0.346767 0.494039 0.239587 8 0.0
0.354755 0.518169 0.208746 8 0.0
0.433397 0.999669 0.210725 14 7e-06
0.722395 0.783078 0.528655 10 0.0
0.667929 0.271433 0.154999 7 0.0
0.282807 0.603361 0.370803 8 0.0
0.77239 0.429244 0.350775 5 0.0
0.355114 0.31829 0.264051 8 0.0
0.354878 0.320712 0.283403 8 0.0
0.364167 0.260242 0.271429 8 0.0
0.355351 0.315867 0.2447 8 0.0
0.346061 0.376338 0.256674 8 0.0
0.22608 0.587137 0.189083 2 0.0
0.336375 0.436428 0.224248 8 0.0
0.334064 0.464511 0.224034 8 0.0
0.33761 0.436708 0.247765 8 0.0
0.338687 0.408344 0.224461 8 0.0
0.33514 0.436147 0.200731 8 0.0
0.224908 0.548304 0.353978 2 0.0
0.773143 0.506166 0.325763 6 0.0
0.625057 0.670491 0.153184 7 0.0
0.229066 0.317712 0.361289 2 0.0
0.711338 0.404912 0.166302 7 0.0
0.774643 0.414747 0.335798 6 0.0
0.397796 0.594232 0.15683 7 1.3e-05
0.225138 0.318312 0.330076 2 0.0
0.552427 0.600944 0.179783 8 0.0
0.675296 0.412208 0.155737 7 3.7e-05
0.304869 0.412344 0.319987 8 0.0
0.775667 0.8297 0.376497 16 0.0
0.418773 0.198065 0.374254 8 0.0
0.359915 0.229008 0.372203 8 0.0
0.405709 0.173163 0.373454 8 0.0
0.477631 0.167123 0.376306 8 0.0
0.431837 0.222968 0.375054 8 0.0
0.223123 0.319654 0.263971 2 0.0
0.226056 0.735497 0.171696 3 7.6e-05
0.334005 0.458862 0.171229 8 8.8e-05
0.228294 0.199153 0.339483 2 0.0
0.431813 0.918511 0.153315 7 0.0
0.367685 0.924565 0.153494 7 0.0
0.429356 0.892493 0.152921 7 0.0
0.495941 0.912458 0.153136 7 0.0
0.43427 0.94453 0.153709 7 0.0
0.37156 0.944705 0.538454 15 0.0
0.370381 0.960952 0.54226 15 0.0
0.371728 0.937017 0.571324 15 0.0
0.372739 0.928459 0.534648 15 0.0
0.371392 0.952393 0.505584 15 0.0
0.393724 0.316849 0.15929 8 0.999771
0.497156 0.798859 0.153068 7 0.0
0.416253 0.8397 0.153357 7 0.0
0.473605 0.752209 0.152805 7 0.0
0.578059 0.758017 0.152778 7 0.0
0.520707 0.845509 0.15333 7 0.0
0.426135 0.795189 0.69018 15 0.013882
0.551219 0.295807 0.250635 9 0.0
0.550153 0.293242 0.226347 9 0.0
0.570484 0.304206 0.248902 9 0.0
0.552286 0.298372 0.274923 9 0.0
0.531955 0.287407 0.252368 9 0.0
0.414649 0.293593 0.361434 9 0.0
0.496787 0.888142 0.153196 7 0.0
0.4999 0.921908 0.153625 7 0.0
0.582246 0.88026 0.153359 7 0.0
0.493673 0.854376 0.152768 7 0.0
0.411327 0.896024 0.153033 7 0.0
0.773813 0.865994 0.35618 13 2e-06
0.774189 0.893301 0.348623 13 2e-06
0.773698 0.876653 0.394693 13 2e-06
0.773436 0.838686 0.363737 13 2e-06
0.773927 0.855334 0.317666 13 2e-06
0.239378 0.786182 0.446949 10 2e-06
0.344785 0.521035 0.160865 8 0.0
0.776154 0.336125 0.176476 16 0.0
0.686422 0.69474 0.380911 10 0.0
0.698731 0.724837 0.382842 10 0.0
0.713228 0.684169 0.374796 10 0.0
0.674113 0.664643 0.378979 10 0.0
0.659616 0.705311 0.387025 10 0.0
0.37819 0.292649 0.157699 7 0.0
0.414182 0.577063 0.228517 8 0.0
0.43552 0.59064 0.240401 8 0.0
0.407742 0.569855 0.248316 8 0.0
0.392844 0.563486 0.216633 8 0.0
0.420622 0.584272 0.208718 8 0.0
0.631245 0.892459 0.541976 15 0.0
0.632791 0.923319 0.542367 15 0.0
0.639416 0.891728 0.567427 15 0.0
0.6297 0.8616 0.541585 15 0.0
0.623074 0.893191 0.516526 15 0.0
0.734096 0.344224 0.155945 7 0.0
0.664493 0.478931 0.262406 8 0.0
0.644576 0.519767 0.267046 8 0.0
0.665043 0.475404 0.295807 8 0.0
0.68441 0.438095 0.257766 8 0.0
0.663943 0.482458 0.229005 8 0.0
0.22629 0.358387 0.363301 2 0.0
0.409904 0.307624 0.182504 8 0.0
0.391079 0.3205 0.184283 8 0.0
0.410891 0.307722 0.192254 8 0.0
0.428729 0.294749 0.180726 8 0.0
0.408916 0.307527 0.172755 8 0.0
0.710682 0.476811 0.154957 7 0.0
0.296371 0.537592 0.154929 7 0.0
0.33489 0.78284 0.558008 10 0.0
0.269011 0.705363 0.370471 8 0.098887
0.629939 0.556008 0.178476 8 0.0
0.620049 0.572497 0.175999 8 0.0
0.628619 0.556649 0.188016 8 0.0
0.63983 0.539519 0.180952 8 0.0
0.63126 0.555367 0.168935 8 0.0
0.6701 0.440542 0.162895 9 0.008818
0.532793 0.603766 0.231216 8 0.0
0.504853 0.609043 0.228993 8 0.0
0.530771 0.603015 0.254862 8 0.0
0.560733 0.59849 0.233438 8 0.0
0.534816 0.604517 0.207569 8 0.0
0.669765 0.440437 0.305991 8 0.0
0.667647 0.444081 0.284107 8 0.0
0.691383 0.48694 0.311643 8 0.0
0.671883 0.436793 0.327875 8 0.0
0.648148 0.393934 0.300339 8 0.0
0.778057 0.344362 0.303075 6 0.0
0.759941 0.781808 0.474906 10 0.228323
0.323387 0.216181 0.371434 8 0.0
0.304711 0.281995 0.372332 8 0.0
0.298851 0.209223 0.371078 8 0.0
0.342063 0.150367 0.370536 8 0.0
0.347923 0.223138 0.37179 8 0.0
0.374648 0.541579 0.278763 8 0.0
0.391598 0.561945 0.278241 8 0.0
0.374424 0.542414 0.304079 8 0.0
0.357699 0.521213 0.279284 8 0.0
0.374873 0.540744 0.253446 8 0.0
0.652123 0.782284 0.457849 10 0.0
0.645099 0.783521 0.471452 10 0.0
0.677442 0.786338 0.470553 10 0.0
0.659147 0.781048 0.444245 10 0.0
0.626804 0.778231 0.445144 10 0.0
0.225477 0.353562 0.358564 2 0.0
0.223732 0.57565 0.208757 2 0.0
0.336748 0.488515 0.177846 8 0.0
0.337269 0.515023 0.174074 8 0.0
0.337224 0.489788 0.186855 8 0.0
0.336226 0.462007 0.181619 8 0.0
0.336271 0.487242 0.168838 8 0.0
0.663716 0.382223 0.154805 8 0.091689
0.235971 0.411148 0.349009 3 0.0
0.619924 0.998114 0.679355 14 0.0
0.663576 0.371158 0.155593 7 4e-06
0.663447 0.492373 0.164868 8 0.99899
0.665434 0.502834 0.166448 8 0.99899
0.66235 0.492055 0.168353 8 0.99899
0.661461 0.481912 0.163288 8 0.99899
0.664545 0.492691 0.161383 8 0.99899
0.752037 0.962985 0.662829 12 0.0
0.743723 0.970836 0.684785 12 0.0
0.750931 0.954294 0.665518 12 0.0
0.760352 0.955135 0.640873 12 0.0
0.753143 0.971677 0.66014 12 0.0
0.325451 0.986223 0.780372 12 0.046504
0.77549 0.064474 0.184652 6 0.0
0.776731 0.08711 0.187671 6 0.0
0.775277 0.063038 0.195508 6 0.0
0.774248 0.041838 0.181633 6 0.0
0.775702 0.06591 0.173795 6 0.0
0.36119 0.900102 0.80262 12 0.0
0.346238 0.89912 0.793402 12 0.0
0.359701 0.931642 0.801674 12 0.0
0.376143 0.901085 0.811838 12 0.0
0.36268 0.868563 0.803565 12 0.0
0.36666 0.997667 0.714622 14 0.0
0.408282 0.998337 0.75285 14 0.0
0.353868 0.9975 0.728553 14 0.0
0.325037 0.996996 0.676394 14 0.0
0.379451 0.997833 0.700691 14 0.0
0.258143 0.784766 0.698149 12 0.998655
0.716243 0.96213 0.710158 14 0.029563
0.230518 0.982457 0.610698 11 0.0
0.230872 0.987966 0.611533 11 0.0
0.233309 0.979837 0.626811 11 0.0
0.230165 0.976948 0.609864 11 0.0
0.227727 0.985077 0.594585 11 0.0
0.684905 0.893926 0.762877 12 0.0
0.749181 0.85814 0.66303 12 0.0
0.744178 0.860277 0.676225 12 0.0
0.748239 0.834004 0.666582 12 0.0
0.754185 0.856002 0.649834 12 0.0
0.750124 0.882275 0.659478 12 0.0
0.618382 0.149196 0.153027 7 0.0
0.666937 0.159381 0.153465 7 0.0
0.608822 0.194795 0.152447 7 0.0
0.569827 0.13901 0.152588 7 0.0
0.627943 0.103596 0.153606 7 0.0
0.221937 0.039211 0.204548 2 0.0
0.221393 0.052932 0.201926 2 0.0
0.221452 0.042732 0.223074 2 0.0
0.222481 0.02549 0.207169 2 0.0
0.222422 0.035691 0.186022 2 0.0
0.302123 0.002098 0.153731 7 0.999991
0.424733 0.783845 0.824678 10 0.0
0.237868 0.83488 0.650699 12 0.0
0.238372 0.853037 0.651218 12 0.0
0.243739 0.834248 0.667098 12 0.0
0.237364 0.816723 0.65018 12 0.0
0.231997 0.835512 0.634299 12 0.0
0.330228 0.924632 0.779044 12 0.0
0.323866 0.946392 0.775552 12 0.0
0.342253 0.929757 0.78907 12 0.0
0.336589 0.902872 0.782536 12 0.0
0.318202 0.919508 0.769018 12 0.0
0.37568 0.954866 0.593685 15 0.0
0.382657 0.958026 0.620755 15 0.0
0.377594 0.941288 0.594777 15 0.0
0.368704 0.951706 0.566615 15 0.0
0.373767 0.968443 0.592593 15 0.0
0.779256 0.224816 0.219654 6 0.0
0.324452 0.829741 0.777885 11 0.0
0.328767 0.84631 0.780677 11 0.0
0.337834 0.824327 0.789325 11 0.0
0.320136 0.813172 0.775093 11 0.0
0.31107 0.835154 0.766445 11 0.0
0.226602 0.0042 0.240344 1 0.999523
0.772909 0.91887 0.548465 16 0.0
0.771099 0.932158 0.578935 16 0.0
0.771713 0.895443 0.558611 16 0.0
0.77472 0.905582 0.517995 16 0.0
0.774106 0.942297 0.53832 16 0.0
0.25704 -0.000512 0.261577 1 0.0
0.24493 0.00017 0.261269 1 0.0
0.256099 -0.001066 0.297306 1 0.0
0.26915 -0.001193 0.261886 1 0.0
0.257981 4.2e-05 0.225849 1 0.0
0.736039 0.917155 0.702471 12 0.0
0.742953 0.941832 0.691267 12 0.0
0.728541 0.925997 0.717319 12 0.0
0.729125 0.892478 0.713675 12 0.0
0.743538 0.908313 0.687623 12 0.0
0.324726 0.947835 0.775768 11 0.0
0.338105 0.94859 0.786594 11 0.0
0.325875 0.931173 0.775511 11 0.0
0.311347 0.94708 0.764943 11 0.0
0.323578 0.964497 0.776025 11 0.0
0.7774 0.153079 0.297377 6 0.0
0.778927 0.200247 0.290456 6 0.0
0.777327 0.156516 0.320783 6 0.0
0.775873 0.105911 0.304299 6 0.0
0.777473 0.149642 0.273972 6 0.0
0.778138 0.876732 0.324425 6 0.0
0.778922 0.894993 0.375711 6 0.0
0.7781 0.843022 0.336428 6 0.0
0.777353 0.858472 0.273139 6 0.0
0.778175 0.910443 0.312421 6 0.0
0.440004 0.989407 0.694336 15 0.001144
0.775477 0.085912 0.262968 6 0.0
0.775137 0.0762 0.228956 6 0.0
0.776042 0.111993 0.255515 6 0.0
0.775816 0.095623 0.29698 6 0.0
0.774911 0.05983 0.270421 6 0.0
0.427989 0.997795 0.833591 12 0.999993
0.507906 0.837926 0.840164 12 0.0
0.530836 0.843476 0.84025 12 0.0
0.503396 0.856557 0.840251 12 0.0
0.484977 0.832376 0.840078 12 0.0
0.512416 0.819295 0.840077 12 0.0
0.59873 0.977728 0.822478 12 1e-06
0.599608 0.985396 0.822061 12 1e-06
0.577485 0.980595 0.830486 12 1e-06
0.597852 0.970059 0.822895 12 1e-06
0.619975 0.974861 0.814469 12 1e-06
0.220525 0.128031 0.167822 2 0.132558
0.753195 0.535473 0.155469 7 2e-06
0.590814 0.798826 0.82378 12 0.0
0.715071 0.981915 0.732729 16 2.8e-05
0.719048 0.820377 0.676764 16 0.0
0.710563 0.817712 0.705163 16 0.0
0.726449 0.807654 0.677781 16 0.0
0.727532 0.823043 0.648365 16 0.0
0.711647 0.833101 0.675747 16 0.0
0.244458 0.995736 0.668025 12 0.997794
0.626547 0.144647 0.37902 8 0.0
0.648145 0.183004 0.379396 8 0.0
0.586599 0.16713 0.380217 8 0.0
0.604948 0.106291 0.378643 8 0.0
0.666494 0.122165 0.377822 8 0.0
0.767379 0.001871 0.313643 1 0.89871
0.56181 1.00119 0.16877 14 0.090138
0.225753 0.931053 0.208295 2 0.0
0.226783 0.953238 0.208005 2 0.0
0.226253 0.931267 0.226514 2 0.0
0.224724 0.908868 0.208584 2 0.0
0.225254 0.930838 0.190075 2 0.0
0.778795 0.940502 0.358529 16 0.0
0.575192 0.907513 0.822309 12 0.0
0.580088 0.932983 0.821145 12 0.0
0.555633 0.9115 0.827263 12 0.0
0.570296 0.882043 0.823473 12 0.0
0.594752 0.903527 0.817356 12 0.0
0.316264 0.782692 0.766095 10 0.00109
0.376074 0.807238 0.81294 12 0.01991
0.387879 0.804365 0.820614 12 0.01991
0.374154 0.797939 0.812413 12 0.01991
0.364269 0.810111 0.805265 12 0.01991
0.377995 0.816538 0.813467 12 0.01991
0.262094 0.781517 0.706986 12 0.999501
0.772714 0.016085 0.230313 16 0.0
0.256525 0.924394 0.69305 12 0.0
0.26571 0.923336 0.712294 12 0.0
0.255317 0.900644 0.692321 12 0.0
0.24734 0.925452 0.673806 12 0.0
0.257733 0.948144 0.693779 12 0.0
0.638276 0.963434 0.801951 12 0.0
0.640478 0.975327 0.802667 12 0.0
0.622323 0.965791 0.811853 12 0.0
0.636074 0.95154 0.801234 12 0.0
0.654228 0.961077 0.792048 12 0.0
0.553721 0.903831 0.833947 12 0.0
0.572722 0.901809 0.830215 12 0.0
0.556634 0.931515 0.833772 12 0.0
0.534721 0.905854 0.83768 12 0.0
0.550809 0.876147 0.834123 12 0.0
0.287642 0.981343 0.737757 12 0.0
0.286092 0.98754 0.738912 12 0.0
0.298822 0.981492 0.751964 12 0.0
0.289193 0.975145 0.736602 12 0.0
0.276462 0.981193 0.72355 12 0.0
0.28451 -0.000579 0.211585 1 0.0
0.263895 -0.000174 0.216649 1 0.0
0.28937 -0.002175 0.231497 1 0.0
0.305124 -0.000984 0.206521 1 0.0
0.27965 0.001018 0.191673 1 0.0
0.77163 0.062606 0.360287 6 0.010054
0.355434 0.997626 0.801367 11 0.996116
0.259796 0.045593 0.152198 7 0.0
0.254749 0.029868 0.153008 7 0.0
0.246478 0.049886 0.152554 7 0.0
0.264843 0.061318 0.151387 7 0.0
0.273114 0.0413 0.151842 7 0.0
0.778576 0.002515 0.228757 16 0.999972
0.769731 0.897781 0.60823 12 0.0
0.770811 0.930533 0.605112 12 0.0
0.767336 0.899592 0.626413 12 0.0
0.768651 0.86503 0.611348 12 0.0
0.772126 0.895971 0.590047 12 0.0
0.608944 0.967467 0.817221 12 0.0
0.60854 0.979175 0.816755 12 0.0
0.587874 0.96712 0.826732 12 0.0
0.609347 0.95576 0.817687 12 0.0
0.630013 0.967815 0.80771 12 0.0
0.573752 -0.000763 0.288097 1 0.0
0.509718 -0.001615 0.289496 1 0.0
0.574333 -0.000389 0.3149 1 0.0
0.637786 9e-05 0.286698 1 0.0
0.573172 -0.001136 0.261294 1 0.0
0.256292 0.996408 0.643748 14 0.032431
0.449722 0.953268 0.437994 15 0.0
0.448409 0.968831 0.438289 15 0.0
0.421063 0.950683 0.44682 15 0.0
0.451035 0.937704 0.437699 15 0.0
0.47838 0.955852 0.429168 15 0.0
0.382023 0.794113 0.657059 15 2e-06
0.401443 0.875935 0.152226 7 0.0
0.344648 0.882762 0.153133 7 0.0
0.406209 0.915513 0.152727 7 0.0
0.458238 0.869108 0.151319 7 0.0
0.396677 0.836357 0.151724 7 0.0
0.544504 0.782713 0.80261 10 0.0
0.64895 0.002134 0.169923 1 0.0
0.750176 0.79654 0.673413 16 0.0
0.592593 0.781793 0.753291 10 0.0
0.550776 0.782183 0.773859 10 0.0
0.601778 0.781687 0.771967 10 0.0
0.634409 0.781403 0.732723 10 0.0
0.583408 0.781899 0.734615 10 0.0
0.340595 0.973323 0.57021 15 0.0
0.395784 0.881732 0.801526 2 1e-06
0.374536 0.88854 0.791824 2 1e-06
0.402815 0.908396 0.804839 2 1e-06
0.417031 0.874923 0.811228 2 1e-06
0.388752 0.855067 0.798214 2 1e-06
0.754403 0.783469 0.674022 16 0.962813
0.767616 0.172979 0.369116 8 0.985783
0.776839 0.971027 0.343359 6 8.5e-05
0.404846 0.909559 0.8226 12 0.0
0.418867 0.910159 0.827044 12 0.0
0.405819 0.880007 0.823521 12 0.0
0.390824 0.908959 0.818155 12 0.0
0.403872 0.939111 0.821678 12 0.0
0.775615 0.085903 0.262826 6 0.0
0.776179 0.113638 0.264433 6 0.0
0.775765 0.083898 0.297387 6 0.0
0.775051 0.058168 0.26122 6 0.0
0.775465 0.087908 0.228265 6 0.0
0.649625 0.984233 0.759563 14 0.0
0.297849 0.948492 0.750704 12 0.0
0.297133 0.964919 0.750967 12 0.0
0.311893 0.948841 0.767121 12 0.0
0.298566 0.932065 0.75044 12 0.0
0.283806 0.948142 0.734287 12 0.0
0.544381 0.083006 0.154268 7 0.0
0.543703 0.109976 0.15402 7 0.0
0.616929 0.084828 0.154163 7 0.0
0.545059 0.056035 0.154515 7 0.0
0.471833 0.081183 0.154373 7 0.0
0.517103 0.032349 0.37304 8 0.0
0.736379 0.996952 0.709266 12 0.995635
0.773256 0.03872 0.257828 6 0.0
0.543898 0.981157 0.833608 12 1e-06
0.723445 0.973155 0.154867 7 0.0
0.723702 0.982394 0.154909 7 0.0
0.705342 0.973665 0.153762 7 0.0
0.723187 0.963917 0.154826 7 0.0
0.741548 0.972646 0.155973 7 0.0
0.652811 0.786803 0.794539 12 0.031796
0.440538 0.047771 0.373515 8 0.0
0.262538 0.044321 0.369855 8 0.0
0.269352 0.057755 0.369054 8 0.0
0.273952 0.038536 0.369924 8 0.0
0.255725 0.030887 0.370657 8 0.0
0.251124 0.050106 0.369787 8 0.0
0.667833 0.943534 0.78025 12 0.0
0.674753 0.959334 0.776811 12 0.0
0.654208 0.952006 0.791761 12 0.0
0.660914 0.927734 0.783689 12 0.0
0.681459 0.935061 0.768739 12 0.0
0.225102 0.918148 0.158943 3 0.999928
0.76948 0.028069 0.243009 5 0.0
0.775969 0.849856 0.497005 16 0.0
0.777556 0.859782 0.455107 16 0.0
0.775568 0.869568 0.50166 16 0.0
0.774381 0.839931 0.538904 16 0.0
0.776369 0.830144 0.492351 16 0.0
0.509481 0.93385 0.839727 12 0.0
0.528938 0.929265 0.838479 12 0.0
0.514461 0.954708 0.840733 12 0.0
0.490024 0.938435 0.840975 12 0.0
0.504501 0.912992 0.838721 12 0.0
0.390603 0.00209 0.339745 1 0.0
0.775487 0.064385 0.249611 6 0.0
0.775952 0.059691 0.219073 6 0.0
0.77608 0.085429 0.246385 6 0.0
0.775022 0.069079 0.280148 6 0.0
0.774894 0.043341 0.252837 6 0.0
0.540887 0.838323 0.837119 12 0.0
0.561571 0.850712 0.833872 12 0.0
0.532232 0.853088 0.838322 12 0.0
0.520204 0.825934 0.840365 12 0.0
0.549542 0.823558 0.835915 12 0.0
0.630949 0.003081 0.366391 1 0.869596
0.421549 0.817723 0.684142 15 0.0
0.397686 0.815925 0.669099 15 0.0
0.421131 0.831457 0.683163 15 0.0
0.445412 0.81952 0.699186 15 0.0
0.421967 0.803988 0.685121 15 0.0
0.239891 0.184509 0.370118 8 0.0
0.310607 0.782744 0.516635 10 0.0
0.501525 0.001725 0.164441 1 0.279607
0.776888 0.780151 0.431888 10 0.999999
0.751983 0.002429 0.353018 1 0.133963
0.760309 0.001216 0.350889 1 0.133963
0.753697 0.001411 0.360299 1 0.133963
0.743657 0.003642 0.355148 1 0.133963
0.750269 0.003447 0.345738 1 0.133963
0.487988 0.991558 0.39865 14 0.0
0.310899 0.997649 0.409257 14 0.0
0.285848 0.997022 0.405303 14 0.0
0.298774 0.996421 0.486269 14 0.0
0.335951 0.998276 0.413211 14 0.0
0.323025 0.998877 0.332244 14 0.0
0.377125 0.938912 0.506044 15 0.0
0.376074 0.958872 0.506541 15 0.0
0.366458 0.937687 0.532738 15 0.0
0.378176 0.918953 0.505548 15 0.0
0.387792 0.940138 0.47935 15 0.0
0.750016 0.002052 0.160319 1 0.997931
0.231325 0.68503 0.369027 8 0.866591
0.221748 0.174181 0.167536 2 0.057302
0.431702 0.999858 0.210615 14 6.1e-05
0.232056 0.990689 0.402664 2 0.000146
0.604087 0.993062 0.739103 14 0.0
0.593881 0.993262 0.722692 14 0.0
0.557088 0.993332 0.768337 14 0.0
0.614293 0.992863 0.755513 14 0.0
0.651086 0.992793 0.709869 14 0.0
0.265795 0.336519 0.176999 7 1.4e-05
0.64949 0.366835 0.167222 8 2.1e-05
0.759454 0.619596 0.33294 5 0.0
0.626065 0.345837 0.314447 8 0.0
0.643589 0.383484 0.306683 8 0.0
0.631195 0.347417 0.333682 8 0.0
0.608541 0.308191 0.322212 8 0.0
0.620936 0.344258 0.295213 8 0.0
0.764213 0.975862 0.455104 5 5e-06
0.777906 0.885841 0.355428 16 0.0
0.77797 0.920197 0.350551 16 0.0
0.778199 0.894831 0.418764 16 0.0
0.777843 0.851486 0.360305 16 0.0
0.777614 0.876851 0.292093 16 0.0
0.225379 0.00341 0.262308 3 0.996704
0.282249 0.788477 0.652974 10 0.0
0.294762 0.788809 0.648093 10 0.0
0.29544 0.78822 0.686772 10 0.0
0.269736 0.788145 0.657856 10 0.0
0.269057 0.788734 0.619177 10 0.0
0.226148 -0.000648 0.263555 1 0.999979
0.437467 0.99074 0.833706 11 0.546448
0.222696 0.016011 0.210065 2 0.236519
0.222454 0.022702 0.210511 2 0.236519
0.222933 0.014653 0.23056 2 0.236519
0.222938 0.009319 0.209619 2 0.236519
0.222459 0.017369 0.18957 2 0.236519
0.500351 0.951762 0.153469 7 0.0
0.773282 0.009208 0.23179 16 1e-06
0.360204 0.347082 0.307634 8 0.0
0.346804 0.389516 0.311267 8 0.0
0.359264 0.345006 0.328415 8 0.0
0.373603 0.304648 0.304002 8 0.0
0.361143 0.349158 0.286854 8 0.0
0.48204 0.925724 0.838126 12 0.0
0.495425 0.930877 0.839181 12 0.0
0.472886 0.949479 0.838235 12 0.0
0.468655 0.92057 0.837071 12 0.0
0.491195 0.901968 0.838018 12 0.0
0.418284 0.992564 0.827043 12 0.013545
0.58537 0.78482 0.829193 12 0.000744
0.22493 0.781159 0.544866 10 0.999841
0.747926 0.994346 0.500147 14 0.0
0.700471 0.021386 0.197205 1 0.0
0.723482 0.015287 0.190855 1 0.0
0.704825 0.025131 0.209389 1 0.0
0.677459 0.027485 0.203554 1 0.0
0.696116 0.017641 0.18502 1 0.0
0.299938 0.989933 0.753037 12 0.001747
0.427861 0.996888 0.82852 12 0.527187
0.647284 0.781155 0.728208 10 0.0
0.682324 0.781225 0.695499 10 0.0
0.658585 0.781004 0.740314 10 0.0
0.612244 0.781084 0.760916 10 0.0
0.635983 0.781305 0.716101 10 0.0
0.414313 0.828745 0.825471 12 0.0
0.436119 0.831446 0.832356 12 0.0
0.416172 0.813057 0.825739 12 0.0
0.392507 0.826044 0.818587 12 0.0
0.412454 0.844433 0.825204 12 0.0
0.468878 0.784825 0.815017 10 0.0
0.672978 0.781545 0.781075 10 0.999844
0.421642 0.003612 0.352168 1 0.0
0.271985 0.622398 0.164094 7 0.0
0.441069 0.003982 0.173671 1 0.014055
0.359399 0.358965 0.173588 9 0.000112
0.449258 0.023596 0.369444 8 0.0
0.631593 0.983834 0.519453 15 0.0
0.54034 0.278116 0.161535 8 1e-06
0.706388 0.781243 0.41241 10 0.0
0.728204 0.78143 0.404592 10 0.0
0.709903 0.784241 0.42229 10 0.0
0.684571 0.781056 0.420229 10 0.0
0.702873 0.778245 0.402531 10 0.0
0.765274 0.78524 0.472221 16 0.00022
0.549932 0.883093 0.448036 15 0.0
0.542362 0.916365 0.44258 15 0.0
0.574486 0.890384 0.458434 15 0.0
0.557502 0.849821 0.453492 15 0.0
0.525378 0.875802 0.437638 15 0.0
0.242434 0.783089 0.473835 10 0.0
0.223867 0.334991 0.321742 2 0.0
0.377244 0.001398 0.321096 1 0.0
0.330447 0.002731 0.32213 1 0.0
0.377647 0.002499 0.337919 1 0.0
0.42404 6.5e-05 0.320061 1 0.0
0.37684 0.000297 0.304273 1 0.0
0.498218 0.607159 0.245361 8 0.0
0.526009 0.606408 0.250274 8 0.0
0.493221 0.605663 0.2734 8 0.0
0.470426 0.60791 0.240449 8 0.0
0.503214 0.608654 0.217323 8 0.0
0.463252 0.017855 0.369856 8 0.0
0.423626 -0.001202 0.243494 1 0.0
0.360021 -2.2e-05 0.230352 1 0.0
0.418269 -0.001315 0.269408 1 0.0
0.48723 -0.002382 0.256637 1 0.0
0.428982 -0.001089 0.217581 1 0.0
0.230997 0.370045 0.369405 8 0.067984
0.458142 0.092278 0.374426 8 0.0
0.38556 0.089743 0.373843 8 0.0
0.459145 0.063638 0.37405 8 0.0
0.530724 0.094812 0.375009 8 0.0
0.457139 0.120917 0.374803 8 0.0
0.449349 0.713054 0.355875 8 0.0
0.505853 0.71864 0.363132 8 0.0
0.444139 0.747599 0.369848 8 0.0
0.392845 0.707468 0.348618 8 0.0
0.454559 0.67851 0.341902 8 0.0
0.574204 0.960171 0.454243 15 0.0
0.552746 0.959072 0.440178 15 0.0
0.574019 0.947386 0.455524 15 0.0
0.595663 0.96127 0.468307 15 0.0
0.574389 0.972956 0.452961 15 0.0
0.388158 0.560417 0.204627 8 0.0
0.405421 0.574348 0.218422 8 0.0
0.384093 0.553748 0.216448 8 0.0
0.370894 0.546486 0.190832 8 0.0
0.392222 0.567086 0.192806 8 0.0
0.482492 0.862671 0.721084 15 0.997241
0.662988 0.493743 0.187968 8 0.0
0.6573 0.510177 0.195217 8 0.0
0.663114 0.489505 0.197674 8 0.0
0.668676 0.47731 0.180719 8 0.0
0.662862 0.497981 0.178261 8 0.0
0.224937 0.582169 0.173315 2 0.0
0.635715 0.777373 0.533106 15 0.858687
0.377535 0.988549 0.498211 15 0.249967
0.223372 0.820715 0.396983 2 0.0
0.370198 0.911392 0.80185 12 0.0
0.386477 0.911662 0.81074 12 0.0
0.371092 0.883937 0.801045 12 0.0
0.353918 0.911123 0.79296 12 0.0
0.369303 0.938847 0.802655 12 0.0
0.496772 0.001203 0.181274 1 0.0
0.675558 0.946839 0.781075 12 0.0
0.679214 0.966346 0.776054 12 0.0
0.66237 0.952076 0.79182 12 0.0
0.671902 0.927331 0.786097 12 0.0
0.688746 0.941602 0.770331 12 0.0
0.227904 0.363947 0.187261 2 0.0
0.231182 0.138292 0.367478 8 0.448999
0.634809 0.002533 0.361286 1 0.0
0.236538 0.784829 0.518083 10 0.026137
0.60467 0.03336 0.374433 8 0.0
0.223171 0.005832 0.217287 3 0.999298
0.243424 0.011413 0.353151 1 0.773276
0.239397 0.010183 0.346954 1 0.773276
0.237795 0.007289 0.357628 1 0.773276
0.247452 0.012642 0.359348 1 0.773276
0.249053 0.015537 0.348674 1 0.773276
0.379703 0.144825 0.373016 8 0.0
0.398818 0.185553 0.373649 8 0.0
0.425185 0.123464 0.373946 8 0.0
0.360588 0.104097 0.372384 8 0.0
0.334221 0.166185 0.372086 8 0.0
0.720072 0.814682 0.72691 12 0.0
0.707335 0.813464 0.744349 12 0.0
0.720418 0.803084 0.726352 12 0.0
0.732809 0.815901 0.709471 12 0.0
0.719726 0.82628 0.727468 12 0.0
0.373275 0.004683 0.156809 7 0.999999
0.221415 0.701751 0.233055 2 0.0
0.433703 0.155635 0.374188 8 0.0
0.448197 0.193327 0.375122 8 0.0
0.370423 0.179993 0.373181 8 0.0
0.419209 0.117944 0.373254 8 0.0
0.496983 0.131277 0.375195 8 0.0
0.293294 0.996157 0.156224 7 1.0
0.321538 0.922244 0.404526 15 1e-06
0.719733 0.992153 0.155419 16 0.732115
0.42012 0.248401 0.375669 8 0.0
0.775669 0.890892 0.421195 5 0.0
0.776869 0.894975 0.358216 5 0.0
0.776022 0.925077 0.423418 5 0.0
0.774468 0.88681 0.484175 5 0.0
0.775315 0.856708 0.418972 5 0.0
0.35339 0.995561 0.157448 7 1.0
0.445777 0.134961 0.374129 8 0.0
0.378947 0.13295 0.373629 8 0.0
0.447058 0.092496 0.373719 8 0.0
0.512607 0.136972 0.374628 8 0.0
0.444496 0.177426 0.374538 8 0.0
0.357438 0.350561 0.157064 8 0.21529
0.380273 0.559689 0.302838 8 0.0
0.395032 0.574254 0.305523 8 0.0
0.376729 0.559092 0.325563 8 0.0
0.365514 0.545125 0.300154 8 0.0
0.383817 0.560287 0.280114 8 0.0
0.608889 0.980959 0.483272 15 3e-06
0.344031 0.510726 0.158699 8 0.999997
0.226215 0.518203 0.347354 2 0.0
0.51344 0.022973 0.370068 8 0.0
0.773938 0.678284 0.32675 6 0.0
0.223479 0.266939 0.292588 2 0.0
0.223113 0.334319 0.291044 2 0.0
0.223866 0.267518 0.317775 2 0.0
0.223845 0.199559 0.294131 2 0.0
0.223092 0.26636 0.267401 2 0.0
0.538161 0.096506 0.375552 8 0.0
0.6091 0.105918 0.375274 8 0.0
0.541965 0.067828 0.375335 8 0.0
0.467222 0.087094 0.375831 8 0.0
0.534357 0.125184 0.37577 8 0.0
0.226845 0.451254 0.350141 2 0.0
0.628196 0.547101 0.265573 8 0.0
0.611015 0.568575 0.266659 8 0.0
0.628267 0.545509 0.298185 8 0.0
0.645377 0.525626 0.264488 8 0.0
0.628125 0.548693 0.232962 8 0.0
0.653002 1.00231 0.331813 14 0.0
0.618612 1.003078 0.342406 14 0.0
0.669497 1.002431 0.385353 14 0.0
0.687392 1.001542 0.32122 14 0.0
0.636507 1.002189 0.278273 14 0.0
0.724119 0.406554 0.377512 8 0.0
0.223271 0.780433 0.496933 10 0.999995
0.776494 0.416096 0.305435 16 0.0
0.567862 0.14419 0.377548 8 0.0
0.63097 0.153654 0.377181 8 0.0
0.574273 0.101418 0.376921 8 0.0
0.504753 0.134725 0.377914 8 0.0
0.561451 0.186962 0.378175 8 0.0
0.773034 0.840571 0.26867 16 0.0
0.772451 0.842313 0.23298 16 0.0
0.771861 0.889802 0.271091 16 0.0
0.773617 0.83883 0.304359 16 0.0
0.774207 0.791341 0.266249 16 0.0
0.74363 0.986255 0.61253 14 0.0
0.337526 0.428952 0.205067 8 0.0
0.332631 0.455957 0.196351 8 0.0
0.337705 0.434001 0.220609 8 0.0
0.342422 0.401947 0.213783 8 0.0
0.337348 0.423903 0.189525 8 0.0
0.333067 0.74478 0.152525 7 0.0
0.347082 0.820949 0.152605 7 0.0
0.364289 0.739036 0.151933 7 0.0
0.319052 0.668611 0.152444 7 0.0
0.301846 0.750524 0.153116 7 0.0
0.409812 0.302648 0.166102 8 4e-06
0.535505 0.885136 0.152831 7 0.0
0.461703 0.881045 0.152089 7 0.0
0.537509 0.84907 0.1524 7 0.0
0.609308 0.889227 0.153572 7 0.0
0.533502 0.921201 0.153261 7 0.0
0.495849 0.860539 0.153052 7 0.0
0.490071 0.903032 0.153725 7 0.0
0.578962 0.871853 0.152263 7 0.0
0.501627 0.818046 0.152379 7 0.0
0.412735 0.849224 0.153841 7 0.0
0.627207 0.359956 0.253823 8 0.0
0.630543 0.366039 0.270975 8 0.0
0.6096 0.338569 0.264832 8 0.0
0.62387 0.353873 0.236671 8 0.0
0.644813 0.381342 0.242813 8 0.0
0.265992 0.203349 0.296998 2 0.0
0.736076 0.393655 0.183315 4 0.003015
0.231738 0.628862 0.369366 8 0.940833
0.752433 0.72777 0.375206 8 0.086724
0.744452 0.728447 0.377347 8 0.086724
0.755046 0.753238 0.376891 8 0.086724
0.760414 0.727092 0.373066 8 0.086724
0.749819 0.702301 0.373522 8 0.086724
0.729689 0.553173 0.158231 7 0.0
0.776032 0.662569 0.286864 16 0.0
0.776035 0.742397 0.287336 16 0.0
0.77567 0.66241 0.313767 16 0.0
0.776029 0.582741 0.286392 16 0.0
0.776393 0.662728 0.259961 16 0.0
0.222619 0.560812 0.24577 2 0.0
0.719377 0.256592 0.376436 8 0.0
0.227361 0.48007 0.351584 2 0.0
0.748418 0.002116 0.326791 1 2e-06
0.738422 0.002385 0.32449 1 2e-06
0.744489 0.00205 0.343847 1 2e-06
0.758414 0.001847 0.329093 1 2e-06
0.752347 0.002182 0.309735 1 2e-06
0.778527 0.229105 0.174212 6 0.001331
0.573126 0.053494 0.152951 7 0.0
0.778344 0.871195 0.307901 6 0.0
0.778586 0.90433 0.290447 6 0.0
0.778841 0.894669 0.35247 6 0.0
0.778103 0.83806 0.325355 6 0.0
0.777848 0.847721 0.263332 6 0.0
0.313923 0.000779 0.259144 1 0.0
0.287648 3.5e-05 0.268252 1 0.0
0.325316 0.000856 0.292017 1 0.0
0.340198 0.001523 0.250036 1 0.0
0.302531 0.000702 0.226271 1 0.0
0.335174 0.446721 0.188861 8 0.0
0.332927 0.47495 0.181806 8 0.0
0.335523 0.449471 0.199754 8 0.0
0.33742 0.418492 0.195916 8 0.0
0.334825 0.443971 0.177968 8 0.0
0.223423 0.262982 0.262716 2 0.0
0.22368 0.265375 0.295897 2 0.0
0.223707 0.181117 0.268618 2 0.0
0.223166 0.260589 0.229534 2 0.0
0.223139 0.344847 0.256813 2 0.0
0.58208 0.287523 0.232296 8 0.0
0.577648 0.28207 0.206854 8 0.0
0.599681 0.297067 0.227184 8 0.0
0.586511 0.292976 0.257737 8 0.0
0.564478 0.277979 0.237407 8 0.0
0.399732 0.998132 0.751296 14 0.0
0.439744 0.998387 0.773431 14 0.0
0.389213 0.99817 0.770311 14 0.0
0.359721 0.997877 0.729162 14 0.0
0.410251 0.998095 0.732282 14 0.0
0.500504 0.803958 0.15222 7 0.0
0.508771 0.860197 0.152243 7 0.0
0.582124 0.79196 0.151393 7 0.0
0.492236 0.74772 0.152196 7 0.0
0.418884 0.815956 0.153047 7 0.0
0.346717 0.258538 0.19866 8 0.0
0.323163 0.282435 0.195148 8 0.0
0.362184 0.27589 0.213004 8 0.0
0.37027 0.234641 0.202171 8 0.0
0.331249 0.241185 0.184315 8 0.0
0.363659 0.841372 0.546032 15 1e-06
0.352925 0.82902 0.579765 15 1e-06
0.365058 0.825224 0.540564 15 1e-06
0.374392 0.853724 0.512298 15 1e-06
0.362259 0.85752 0.551499 15 1e-06
0.739591 0.07996 0.153701 7 0.0
0.752829 0.079074 0.154232 7 0.0
0.741404 0.106651 0.153065 7 0.0
0.726353 0.080847 0.153171 7 0.0
0.737778 0.05327 0.154337 7 0.0
0.739083 0.867163 0.366576 5 1e-05
0.30408 0.484856 0.15267 7 0.0
0.685183 0.635142 0.310706 8 0.0
0.66268 0.629759 0.293712 8 0.0
0.673576 0.684627 0.310402 8 0.0
0.707686 0.640524 0.3277 8 0.0
0.696791 0.585656 0.31101 8 0.0
0.229233 0.540892 0.196218 2 0.0
0.63605 0.915494 0.548274 15 0.0
0.636083 0.942044 0.544567 15 0.0
0.641676 0.918159 0.567412 15 0.0
0.636017 0.888943 0.551982 15 0.0
0.630424 0.912829 0.529137 15 0.0
0.688711 0.216055 0.153551 7 0.0
0.699646 0.281913 0.154372 7 0.0
0.715118 0.211665 0.154006 7 0.0
0.677777 0.150197 0.152731 7 0.0
0.662304 0.220445 0.153097 7 0.0
0.223008 0.446168 0.307205 2 0.0
0.776127 0.566868 0.31284 5 0.0
0.226969 0.67865 0.366586 4 0.997778
0.225348 0.251209 0.357041 2 0.0
0.616262 0.779935 0.469835 10 1e-06
0.670645 0.319255 0.154934 7 0.0
0.247006 0.619199 0.342187 2 7e-06
0.773653 0.798383 0.441668 16 5e-06
0.22383 0.602818 0.207887 2 0.0
0.77604 0.472875 0.297812 6 0.0
0.499892 0.995282 0.70847 15 0.999862
0.600676 0.576083 0.234117 8 0.0
0.580201 0.590767 0.228645 8 0.0
0.5961 0.578798 0.258525 8 0.0
0.621151 0.5614 0.239589 8 0.0
0.605253 0.573369 0.209709 8 0.0
0.776421 0.268884 0.264008 6 0.0
0.777293 0.350694 0.270319 6 0.0
0.776374 0.266313 0.297336 6 0.0
0.775548 0.187074 0.257696 6 0.0
0.776468 0.271455 0.230679 6 0.0
0.338956 0.38237 0.357969 9 0.0
0.22477 0.065314 0.313926 2 0.0
0.22526 0.067474 0.333295 2 0.0
0.224964 0.044086 0.316288 2 0.0
0.22428 0.063154 0.294556 2 0.0
0.224577 0.086542 0.311563 2 0.0
0.729124 0.997708 0.540884 14 0.0
0.774484 0.393109 0.264299 6 0.0
0.774556 0.488475 0.261771 6 0.0
0.775312 0.39401 0.298307 6 0.0
0.774412 0.297743 0.266827 6 0.0
0.773656 0.392208 0.230291 6 0.0
0.45134 1.000411 0.217662 14 0.007713
0.513102 0.607257 0.268396 8 0.0
0.486074 0.608741 0.263644 8 0.0
0.507351 0.607644 0.30122 8 0.0
0.54013 0.605773 0.273149 8 0.0
0.518852 0.60687 0.235573 8 0.0
0.382817 0.994463 0.157294 7 0.426878
0.335732 0.455664 0.26033 8 0.0
0.333513 0.494287 0.267059 8 0.0
0.33666 0.450056 0.292817 8 0.0
0.337951 0.41704 0.2536 8 0.0
0.334804 0.461271 0.227842 8 0.0
0.763573 0.724987 0.372558 8 0.864672
0.35552 0.786056 0.617854 10 0.0
0.678919 0.293427 0.154586 7 0.0
0.690242 0.542011 0.15568 7 0.0
0.775297 0.260563 0.31758 6 0.0
0.708332 0.241731 0.153781 7 0.0
0.775081 0.963366 0.399291 5 0.0
0.353198 0.518843 0.259127 9 0.0
0.367242 0.547806 0.260527 9 0.0
0.353373 0.517136 0.292688 9 0.0
0.339155 0.48988 0.257726 9 0.0
0.353024 0.520551 0.225566 9 0.0
0.238267 0.791613 0.327213 2 0.0
0.645066 0.362339 0.286505 4 1e-06
0.660176 0.380664 0.291202 4 1e-06
0.642901 0.35771 0.31153 4 1e-06
0.629955 0.344014 0.281808 4 1e-06
0.647231 0.366968 0.261479 4 1e-06
0.471638 0.280552 0.265881 4 0.0
0.469337 0.281694 0.300993 4 0.0
0.493713 0.277228 0.267436 4 0.0
0.473939 0.27941 0.23077 4 0.0
0.449564 0.283876 0.264327 4 0.0
0.743519 0.985079 0.478107 14 0.996308
0.755155 0.990556 0.477851 14 0.996308
0.744614 0.984626 0.518129 14 0.996308
0.731883 0.979602 0.478364 14 0.996308
0.742424 0.985532 0.438086 14 0.996308
0.625844 0.558907 0.171017 8 0.0
0.230864 0.785734 0.516995 10 0.299983
0.227633 0.152149 0.366489 2 0.0
0.722511 0.9957 0.515143 14 0.0
0.222615 0.802027 0.344 2 0.0
0.471914 0.978688 0.152563 7 0.0
0.28729 0.687964 0.370668 8 0.0
0.279207 0.726694 0.372936 8 0.0
0.267822 0.684051 0.368107 8 0.0
0.295373 0.649234 0.3684 8 0.0
0.306757 0.691877 0.373229 8 0.0
0.267287 0.318543 0.150028 8 0.0
0.693848 0.368486 0.156407 7 0.0
0.665301 0.399851 0.153839 8 0.999996
0.666403 0.552111 0.161838 8 0.999618
0.636974 0.999395 0.614328 15 0.996719
0.652774 0.317677 0.377712 8 0.0
0.227502 0.443862 0.357326 8 0.0
0.307977 0.588341 0.152586 7 0.0
0.335583 0.436877 0.311878 4 0.0
0.339376 0.475126 0.313589 4 0.0
0.334495 0.436073 0.332261 4 0.0
0.33179 0.398628 0.310168 4 0.0
0.336671 0.43768 0.291496 4 0.0
0.656775 0.271857 0.154809 7 0.0
0.697186 0.983989 0.753316 16 3.7e-05
0.750381 0.905696 0.672227 12 0.0
0.743674 0.910197 0.688468 12 0.0
0.747042 0.875837 0.679122 12 0.0
0.757089 0.901195 0.655985 12 0.0
0.753721 0.935555 0.665332 12 0.0
0.777742 0.137779 0.26227 16 0.0
0.778591 0.178732 0.279835 16 0.0
0.777906 0.125543 0.290791 16 0.0
0.776893 0.096826 0.244706 16 0.0
0.777578 0.150015 0.233749 16 0.0
0.463779 0.998524 0.775159 14 0.0
0.418083 0.998122 0.767515 14 0.0
0.460311 0.998381 0.795897 14 0.0
0.509475 0.998926 0.782802 14 0.0
0.467247 0.998667 0.754421 14 0.0
0.778555 0.478584 0.19342 16 0.0
0.343914 0.900918 0.636195 14 0.938096
0.356661 0.930091 0.632729 14 0.938096
0.349366 0.900344 0.651407 14 0.938096
0.331168 0.871745 0.639661 14 0.938096
0.338463 0.901493 0.620983 14 0.938096
0.657135 0.387791 0.174061 4 0.0
0.738757 0.859268 0.654675 16 1e-06
0.735465 0.863527 0.663953 16 1e-06
0.743655 0.848869 0.661187 16 1e-06
0.742049 0.855008 0.645397 16 1e-06
0.733859 0.869667 0.648163 16 1e-06
0.57563 0.85249 0.690144 15 0.0
0.567497 0.872661 0.696237 15 0.0
0.554496 0.840279 0.70236 15 0.0
0.583764 0.83232 0.684052 15 0.0
0.596765 0.864702 0.677929 15 0.0
0.776686 0.664665 0.2354 16 0.0
0.586418 0.840866 0.825574 12 0.0
0.572156 0.853703 0.830041 12 0.0
0.574472 0.826079 0.829932 12 0.0
0.60068 0.828029 0.821108 12 0.0
0.598363 0.855654 0.821217 12 0.0
0.369985 0.785591 0.779841 10 0.0
0.365226 0.933448 0.804264 11 0.0
0.38049 0.928058 0.812489 11 0.0
0.359668 0.91291 0.801119 11 0.0
0.349961 0.938838 0.79604 11 0.0
0.370783 0.953986 0.80741 11 0.0
0.265338 0.789664 0.151607 7 0.0
0.720092 0.904539 0.730215 12 0.0
0.719101 0.934949 0.731209 12 0.0
0.708615 0.903666 0.745493 12 0.0
0.721084 0.874129 0.729222 12 0.0
0.731569 0.905412 0.714938 12 0.0
0.635592 -0.000293 0.18035 1 0.0
0.231668 0.879369 0.618096 12 0.0
0.232661 0.910622 0.61938 12 0.0
0.234422 0.878607 0.634512 12 0.0
0.230675 0.848116 0.616812 12 0.0
0.228915 0.880131 0.601681 12 0.0
0.775023 0.005809 0.365117 16 0.863689
0.774675 0.008184 0.366265 16 0.863689
0.776568 0.004162 0.368992 16 0.863689
0.775372 0.003434 0.363969 16 0.863689
0.773479 0.007455 0.361242 16 0.863689
0.742766 0.832524 0.550156 16 0.999759
0.7378 0.839414 0.527215 16 0.999759
0.733101 0.848431 0.557025 16 0.999759
0.747733 0.825635 0.573096 16 0.999759
0.752431 0.816618 0.543286 16 0.999759
0.222543 0.322099 0.185076 2 0.0
0.235373 0.97246 0.631907 12 0.0
0.239708 0.972908 0.649985 12 0.0
0.236817 0.963085 0.631793 12 0.0
0.231038 0.972012 0.613829 12 0.0
0.23393 0.981836 0.632021 12 0.0
0.569 0.999121 0.764723 14 0.0
0.525318 0.999052 0.779993 14 0.0
0.576029 0.998959 0.78483 14 0.0
0.612682 0.999191 0.749454 14 0.0
0.561971 0.999284 0.744617 14 0.0
0.705008 0.951327 0.74542 12 0.0
0.696319 0.960809 0.756718 12 0.0
0.698358 0.939009 0.750643 12 0.0
0.713698 0.941844 0.734122 12 0.0
0.711659 0.963645 0.740196 12 0.0
0.308348 0.814014 0.758489 12 0.0
0.31066 0.825002 0.759491 12 0.0
0.323362 0.809391 0.774531 12 0.0
0.306035 0.803026 0.757486 12 0.0
0.293334 0.818637 0.742446 12 0.0
0.301397 0.794362 0.629296 4 0.0
0.320425 0.795392 0.622031 4 0.0
0.316758 0.797398 0.669957 4 0.0
0.282369 0.793332 0.636561 4 0.0
0.286036 0.791326 0.588635 4 0.0
0.771674 0.210038 0.366517 16 0.600703
0.392273 0.056408 0.186115 7 0.0
0.390821 0.073669 0.186196 7 0.0
0.446335 0.060952 0.186979 7 0.0
0.393725 0.039148 0.186034 7 0.0
0.338211 0.051865 0.185251 7 0.0
0.322902 0.937938 0.771756 13 0.0
0.333772 0.929455 0.78166 13 0.0
0.316411 0.923504 0.766517 13 0.0
0.312031 0.946422 0.761852 13 0.0
0.329392 0.952373 0.776995 13 0.0
0.774502 0.039757 0.268384 6 0.0
0.773673 0.042342 0.235542 6 0.0
0.77461 0.052989 0.269423 6 0.0
0.775331 0.037171 0.301226 6 0.0
0.774394 0.026524 0.267345 6 0.0
0.530485 0.852416 0.795402 16 0.000529
0.538251 0.871209 0.793849 16 0.000529
0.510227 0.861168 0.799998 16 0.000529
0.522718 0.833624 0.796956 16 0.000529
0.550742 0.843665 0.790806 16 0.000529
0.222521 0.030279 0.261945 2 0.0
0.22246 0.041033 0.261943 2 0.0
0.222581 0.030285 0.29753 2 0.0
0.222581 0.019525 0.261947 2 0.0
0.222461 0.030273 0.22636 2 0.0
0.756423 0.897672 0.462044 12 0.0
0.758623 0.919801 0.453089 12 0.0
0.759073 0.914555 0.504413 12 0.0
0.754224 0.875544 0.470998 12 0.0
0.753774 0.88079 0.419674 12 0.0
0.609567 0.806984 0.814531 12 0.0
0.594853 0.809568 0.82014 12 0.0
0.60903 0.797888 0.817314 12 0.0
0.624281 0.8044 0.808921 12 0.0
0.610103 0.81608 0.811748 12 0.0
0.225513 0.943574 0.192635 2 0.0
0.226831 0.962463 0.190365 2 0.0
0.226259 0.945202 0.206612 2 0.0
0.224195 0.924685 0.194906 2 0.0
0.224767 0.941946 0.178658 2 0.0
0.770347 0.782155 0.585834 10 0.878111
0.306293 0.902135 0.753134 11 0.0
0.304983 0.92901 0.751691 11 0.0
0.318297 0.903394 0.765691 11 0.0
0.307602 0.87526 0.754577 11 0.0
0.294288 0.900876 0.740577 11 0.0
0.776735 0.978468 0.237148 16 0.000178
0.235765 0.81358 0.643644 12 0.000118
0.235491 0.825305 0.641328 12 0.000118
0.240447 0.816595 0.658349 12 0.000118
0.236039 0.801855 0.64596 12 0.000118
0.231083 0.810565 0.628938 12 0.000118
0.480946 0.887223 0.739185 14 0.0
0.474088 0.915969 0.73837 14 0.0
0.521032 0.897228 0.754785 14 0.0
0.487803 0.858477 0.74 14 0.0
0.440859 0.877218 0.723585 14 0.0
0.246677 0.963445 0.670292 12 0.0
0.252983 0.96629 0.686742 12 0.0
0.248362 0.951371 0.671735 12 0.0
0.240371 0.9606 0.653843 12 0.0
0.244992 0.975519 0.66885 12 0.0
0.642928 0.957972 0.775662 16 1e-06
0.392544 0.983144 0.647945 15 0.000136
0.671209 0.863016 0.775611 13 0.0
0.665313 0.886284 0.780202 13 0.0
0.65889 0.858021 0.785112 13 0.0
0.677104 0.839749 0.771021 13 0.0
0.683528 0.868012 0.766111 13 0.0
0.245738 0.784524 0.583884 10 0.0
0.337465 0.001439 0.157608 1 0.751931
0.772832 0.936131 0.151863 7 1.0
0.32838 0.998116 0.783667 11 0.997433
0.773835 0.031408 0.264141 6 0.0
0.62641 0.970343 0.633432 15 0.026277
0.62815 0.982113 0.634819 15 0.026277
0.618886 0.969701 0.648323 15 0.026277
0.624669 0.958573 0.632046 15 0.026277
0.633934 0.970985 0.618542 15 0.026277
0.510587 0.913991 0.721582 15 0.0
0.525994 0.930634 0.720752 15 0.0
0.487225 0.935786 0.724964 15 0.0
0.49518 0.897348 0.722412 15 0.0
0.533949 0.892196 0.718199 15 0.0
0.552292 0.993572 0.697278 15 8e-06
0.258972 0.994439 0.693143 12 0.99837
0.756772 0.09789 0.372841 8 0.057713
0.75619 0.994866 0.655635 16 0.0
0.264279 0.957615 0.154669 7 0.0
0.250914 0.968323 0.156132 7 0.0
0.273199 0.968753 0.154638 7 0.0
0.277643 0.946908 0.153206 7 0.0
0.255359 0.946478 0.154699 7 0.0
0.633476 0.001584 0.173823 1 3e-06
0.758918 0.807906 0.627126 16 2e-06
0.758058 0.814403 0.627307 16 2e-06
0.756296 0.807304 0.636322 16 2e-06
0.759778 0.80141 0.626945 16 2e-06
0.761539 0.808509 0.61793 16 2e-06
0.272947 0.026509 0.371447 8 0.0
0.289558 0.026796 0.371496 8 0.0
0.273098 0.017565 0.372707 8 0.0
0.256336 0.026222 0.371398 8 0.0
0.272796 0.035453 0.370188 8 0.0
0.255365 0.995154 0.196071 14 0.011735
0.244036 0.994775 0.198541 14 0.011735
0.258684 0.99593 0.211418 14 0.011735
0.266694 0.995533 0.193602 14 0.011735
0.252045 0.994379 0.180724 14 0.011735
0.74102 0.06993 0.258027 5 0.0
0.740947 0.089251 0.253826 5 0.0
0.733203 0.077025 0.290791 5 0.0
0.741093 0.05061 0.262229 5 0.0
0.748837 0.062835 0.225264 5 0.0
0.775508 0.00185 0.192168 6 0.999601
0.778564 0.71255 0.188193 16 1e-06
0.288464 0.952361 0.739408 11 0.0
0.289196 0.96775 0.740544 11 0.0
0.302234 0.950474 0.756098 11 0.0
0.287731 0.936972 0.738272 11 0.0
0.274693 0.954249 0.722718 11 0.0
0.522418 0.989698 0.706714 15 0.00011
0.485213 0.082244 0.150813 7 0.0
0.483 0.107791 0.149971 7 0.0
0.565405 0.089171 0.150239 7 0.0
0.487426 0.056697 0.151654 7 0.0
0.405021 0.075317 0.151387 7 0.0
0.562723 0.061176 0.37518 8 0.0
0.772834 0.953047 0.501943 5 0.0
0.772533 0.968786 0.501656 5 0.0
0.771278 0.953899 0.550391 5 0.0
0.773135 0.937309 0.502229 5 0.0
0.77439 0.952195 0.453494 5 0.0
0.732416 0.995169 0.70756 16 0.941789
0.747127 0.995037 0.394355 14 0.0
0.732806 0.042589 0.288689 1 0.0
0.726628 0.053763 0.293764 1 0.0
0.740376 0.034592 0.315515 1 0.0
0.738984 0.031416 0.283615 1 0.0
0.725236 0.050587 0.261864 1 0.0
0.529646 0.998584 0.781686 14 0.0
0.574874 0.998555 0.775824 14 0.0
0.532095 0.998703 0.80058 14 0.0
0.484417 0.998613 0.787549 14 0.0
0.527197 0.998464 0.762792 14 0.0
0.455554 0.984204 0.834167 13 1.3e-05
0.45513 0.989251 0.833939 13 1.3e-05
0.470538 0.985486 0.834662 13 1.3e-05
0.455978 0.979157 0.834395 13 1.3e-05
0.44057 0.982921 0.833672 13 1.3e-05
0.626341 0.787476 0.80747 12 0.0
0.437203 0.061107 0.294787 8 0.919076
0.40428 0.0682 0.281444 8 0.919076
0.433128 0.043174 0.295307 8 0.919076
0.470125 0.054013 0.308131 8 0.919076
0.441277 0.079039 0.294268 8 0.919076
0.241748 0.122873 0.370198 8 0.0
0.695002 0.782174 0.66098 10 0.0
0.773397 0.011576 0.245788 5 0.0
0.394963 0.997936 0.821943 12 0.976775
0.612428 0.969942 0.816189 11 0.0
0.614691 0.977237 0.815756 11 0.0
0.593503 0.97633 0.824929 11 0.0
0.610165 0.962646 0.816621 11 0.0
0.631352 0.963553 0.807449 11 0.0
0.729042 0.999485 0.220703 14 3e-06
0.727222 0.999141 0.198281 14 3e-06
0.712901 0.999543 0.222012 14 3e-06
0.730863 0.999828 0.243124 14 3e-06
0.745183 0.999427 0.219393 14 3e-06
0.268151 0.998264 0.716687 12 0.999982
0.43324 0.918877 0.172094 7 0.0
0.367826 0.927317 0.171709 7 0.0
0.430045 0.894031 0.170194 7 0.0
0.498653 0.910437 0.172479 7 0.0
0.436434 0.943723 0.173993 7 0.0
0.391582 0.141871 0.151303 7 0.0
0.375638 0.18097 0.151194 7 0.0
0.441542 0.162242 0.150684 7 0.0
0.407526 0.102772 0.151413 7 0.0
0.341622 0.1215 0.151923 7 0.0
0.225023 0.251963 0.348275 2 0.0
0.777294 0.889584 0.377615 16 0.0
0.777208 0.923063 0.381146 16 0.0
0.776426 0.882838 0.441548 16 0.0
0.77738 0.856106 0.374083 16 0.0
0.778162 0.896331 0.313682 16 0.0
0.29473 0.996586 0.22807 14 4e-06
0.317198 0.997474 0.235265 14 4e-06
0.286963 0.996662 0.252314 14 4e-06
0.272261 0.995697 0.220876 14 4e-06
0.302496 0.99651 0.203826 14 4e-06
0.22689 0.970197 0.352604 2 0.0
0.552784 0.029302 0.154324 7 0.0
0.629769 0.35512 0.314133 8 0.0
0.652768 0.379465 0.299573 8 0.0
0.63683 0.356815 0.328119 8 0.0
0.606771 0.330775 0.328693 8 0.0
0.622709 0.353425 0.300147 8 0.0
0.379931 0.998576 0.646506 15 0.999765
0.534255 -0.000799 0.183976 1 0.0
0.420603 0.025786 0.152911 7 0.001043
0.639158 0.929205 0.570874 15 0.0
0.639551 0.951929 0.569495 15 0.0
0.639558 0.930504 0.592375 15 0.0
0.638764 0.906481 0.572254 15 0.0
0.638758 0.927907 0.549374 15 0.0
0.464118 0.000169 0.261804 1 0.0
0.395748 0.000123 0.25615 1 0.0
0.461539 -9.5e-05 0.292989 1 0.0
0.532488 0.000216 0.267458 1 0.0
0.466697 0.000433 0.230619 1 0.0
0.580559 1.001499 0.211001 14 0.006373
0.372377 0.784065 0.804594 10 0.0
0.773991 0.07455 0.370555 5 0.999544
0.774732 0.079862 0.370809 5 0.999544
0.77606 0.074167 0.372521 5 0.999544
0.773249 0.069238 0.3703 5 0.999544
0.771921 0.074933 0.368588 5 0.999544
0.411504 0.985569 0.824565 12 0.020256
0.699796 0.001443 0.157682 1 0.999969
0.656227 0.998863 0.60371 14 0.0
0.49906 0.78447 0.814221 10 0.0
0.667843 1.000064 0.44342 14 0.0
0.303546 0.965987 0.727323 14 0.0
0.299351 0.974934 0.729929 14 0.0
0.313678 0.967614 0.738046 14 0.0
0.30774 0.95704 0.724717 14 0.0
0.293413 0.96436 0.716599 14 0.0
0.695614 0.856821 0.153874 7 0.0
0.695835 0.902566 0.154205 7 0.0
0.670312 0.856943 0.153916 7 0.0
0.695393 0.811077 0.153543 7 0.0
0.720916 0.8567 0.153832 7 0.0
0.376494 0.950662 0.813584 12 0.0
0.374715 0.967637 0.813585 12 0.0
0.393699 0.952465 0.821694 12 0.0
0.378273 0.933688 0.813584 12 0.0
0.359289 0.94886 0.805475 12 0.0
0.342008 0.16597 0.371284 8 0.0
0.329502 0.216301 0.370863 8 0.0
0.376043 0.174434 0.372155 8 0.0
0.354513 0.115639 0.371706 8 0.0
0.307972 0.157506 0.370413 8 0.0
0.711875 0.000752 0.164309 1 0.80692
0.224705 0.305363 0.175728 3 0.000281
0.286053 0.722023 0.152085 7 0.0
0.635607 0.938038 0.554015 15 0.0
0.637163 0.958619 0.55401 15 0.0
0.640129 0.937702 0.577044 15 0.0
0.634051 0.917456 0.55402 15 0.0
0.631085 0.938374 0.530986 15 0.0
0.553792 0.287442 0.182295 8 0.0
0.577435 0.294796 0.183591 8 0.0
0.552921 0.288317 0.193229 8 0.0
0.530149 0.280089 0.180998 8 0.0
0.554664 0.286567 0.171361 8 0.0
0.657213 0.772786 0.409388 10 1.1e-05
0.551714 0.000923 0.340802 1 0.0
0.654499 0.998361 0.559105 14 0.0
0.462585 0.002717 0.206553 1 0.0
0.736794 0.311982 0.375049 8 0.0
0.335646 0.474851 0.200315 8 0.0
0.336942 0.502931 0.197399 8 0.0
0.337165 0.476492 0.216788 8 0.0
0.33435 0.446771 0.20323 8 0.0
0.334126 0.473211 0.183841 8 0.0
0.707428 0.011331 0.374511 8 0.000184
0.628707 0.782584 0.71075 10 0.0
0.439962 0.603593 0.152871 8 0.999999
0.485093 0.004126 0.355708 1 0.0
0.47263 0.604805 0.234351 8 0.0
0.493541 0.609117 0.233538 8 0.0
0.473904 0.603464 0.260007 8 0.0
0.451719 0.600494 0.235164 8 0.0
0.471357 0.606147 0.208695 8 0.0
0.774498 0.780943 0.412609 10 0.999967
0.498229 0.096614 0.374634 8 0.0
0.418213 0.101299 0.374746 8 0.0
0.49642 0.065741 0.374089 8 0.0
0.578244 0.091929 0.374523 8 0.0
0.500037 0.127487 0.37518 8 0.0
0.278779 0.467766 0.373862 8 0.0
0.497101 0.607735 0.187297 8 0.0
0.765268 0.992479 0.373321 14 0.0
0.540625 0.793569 0.70997 15 0.000129
0.665219 0.472498 0.15499 8 0.999943
0.762317 0.22893 0.155 7 2e-06
0.776063 0.331443 0.208426 5 0.0
0.418115 0.579111 0.267896 8 0.0
0.441111 0.593805 0.269632 8 0.0
0.416295 0.579141 0.29175 8 0.0
0.39512 0.564417 0.26616 8 0.0
0.419936 0.57908 0.244042 8 0.0
0.587379 0.602066 0.153785 7 0.000136
0.665585 0.446479 0.185214 9 0.0
0.665914 0.474043 0.187811 9 0.0
0.663944 0.445441 0.196444 9 0.0
0.665255 0.418914 0.182618 9 0.0
0.667226 0.447517 0.173985 9 0.0
0.22633 0.459147 0.186998 3 0.0
0.225359 0.939065 0.155771 7 0.999472
0.566309 0.594225 0.221108 8 0.0
0.539549 0.605689 0.215844 8 0.0
0.562543 0.594831 0.241572 8 0.0
0.59307 0.582761 0.226372 8 0.0
0.570075 0.593619 0.200644 8 0.0
0.326745 0.282817 0.371057 8 0.0
0.745223 0.974546 0.503392 16 0.0
0.497558 0.129011 0.375085 8 0.0
0.415266 0.12749 0.375246 8 0.0
0.498316 0.087938 0.374423 8 0.0
0.57985 0.130533 0.374924 8 0.0
0.4968 0.170085 0.375747 8 0.0
0.259937 0.99156 0.694537 12 3e-06
0.233952 0.001026 0.261533 1 0.0
0.775265 0.001313 0.36052 1 0.999902
0.354824 0.783658 0.752447 10 0.0
0.345956 0.784069 0.763078 10 0.0
0.380622 0.78405 0.773951 10 0.0
0.363692 0.783247 0.741816 10 0.0
0.329026 0.783267 0.730943 10 0.0
0.235541 0.149966 0.365172 8 0.007801
0.697183 0.85927 0.708794 16 0.0
0.577351 0.018088 0.154679 7 9.7e-05
0.225438 0.102947 0.154572 1 1.0
0.37133 0.995894 0.158158 14 1.0
0.492223 1.001051 0.164343 14 0.103708
0.60347 0.139102 0.153763 7 0.0
0.655571 0.126701 0.154423 7 0.0
0.613398 0.180801 0.153579 7 0.0
0.55137 0.151504 0.153103 7 0.0
0.593543 0.097403 0.153947 7 0.0
0.354183 0.371075 0.243309 8 0.0
0.34278 0.391711 0.246533 8 0.0
0.357011 0.368149 0.272036 8 0.0
0.365587 0.350439 0.240085 8 0.0
0.351356 0.374001 0.214583 8 0.0
0.745877 0.981361 0.526293 14 0.0
0.224233 0.007654 0.340883 3 0.993818
0.230717 0.057612 0.368815 8 0.017802
0.362594 0.567226 0.372796 8 0.0
0.736818 0.342357 0.300572 16 0.0
0.335655 0.473052 0.339735 8 0.0
0.340163 0.501689 0.343416 8 0.0
0.334446 0.471764 0.351231 8 0.0
0.331147 0.444415 0.336053 8 0.0
0.336864 0.474339 0.328239 8 0.0
0.419005 0.799733 0.686679 15 0.00017
0.439692 0.796366 0.152543 7 0.0
0.407012 0.841463 0.152737 7 0.0
0.498217 0.838779 0.152275 7 0.0
0.472372 0.75127 0.152348 7 0.0
0.381167 0.753954 0.15281 7 0.0
0.773286 0.273504 0.162626 6 2e-06
0.667342 0.408783 0.152688 8 0.999408
0.252931 0.605169 0.370369 10 0.0
0.336712 0.417483 0.182181 8 0.0
0.329986 0.444734 0.18228 8 0.0
0.337539 0.417649 0.192559 8 0.0
0.343437 0.390232 0.182082 8 0.0
0.335884 0.417317 0.171803 8 0.0
0.22996 0.816864 0.155263 7 0.991366
0.77398 0.459221 0.241112 5 0.0
0.376657 1.001876 0.160256 14 0.992994
0.73946 0.730493 0.153644 7 0.0
0.333996 0.452754 0.177051 8 0.0
0.751601 0.46443 0.15777 7 0.0
0.776519 0.956084 0.41181 16 0.0
0.60331 0.147713 0.152687 7 0.0
0.656495 0.159734 0.153627 7 0.0
0.593271 0.192157 0.152315 7 0.0
0.550125 0.135692 0.151747 7 0.0
0.613349 0.103269 0.153059 7 0.0
0.668039 0.417094 0.191094 8 0.0
0.672618 0.435123 0.186259 8 0.0
0.667507 0.420472 0.203188 8 0.0
0.663459 0.399065 0.195929 8 0.0
0.66857 0.413716 0.179001 8 0.0
0.736584 0.927644 0.674836 16 2e-06
0.740196 0.934951 0.668907 16 2e-06
0.730202 0.942996 0.689867 16 2e-06
0.732972 0.920338 0.680765 16 2e-06
0.742966 0.912293 0.659805 16 2e-06
0.576796 0.816459 0.830223 12 0.0
0.559711 0.819689 0.835216 12 0.0
0.575062 0.804396 0.832089 12 0.0
0.593882 0.81323 0.825229 12 0.0
0.578531 0.828523 0.828356 12 0.0
0.480391 0.902178 0.728054 15 0.0
0.323739 0.004245 0.355644 1 0.0
0.473754 0.785466 0.827253 12 0.0
0.488685 0.000902 0.245734 1 0.0
0.557698 0.003058 0.360224 1 0.0
0.489787 0.025351 0.211964 1 0.0
0.295505 0.356397 0.216968 9 0.0
0.274332 0.389537 0.224719 9 0.0
0.304101 0.358259 0.232489 9 0.0
0.316679 0.323257 0.209216 9 0.0
0.286909 0.354535 0.201447 9 0.0
0.451316 0.88536 0.440537 15 0.0
0.452921 0.921088 0.437278 15 0.0
0.469169 0.884089 0.435401 15 0.0
0.449711 0.849631 0.443795 15 0.0
0.433462 0.88663 0.445672 15 0.0
0.519856 0.001692 0.345802 1 0.0
0.317984 0.247088 0.290055 3 2e-06
0.49055 0.080467 0.336828 8 0.0
0.665034 0.479183 0.166809 8 0.839878
0.664627 0.494591 0.166244 8 0.839878
0.662729 0.479319 0.172182 8 0.839878
0.665442 0.463775 0.167375 8 0.839878
0.66734 0.479046 0.161436 8 0.839878
0.404049 0.004421 0.355888 1 0.0
0.644051 0.855446 0.554153 15 0.0
0.642405 0.863081 0.546636 15 0.0
0.653635 0.877521 0.574476 15 0.0
0.645697 0.847811 0.56167 15 0.0
0.634466 0.83337 0.533829 15 0.0
0.416254 0.920774 0.824894 12 0.0
0.4336 0.917767 0.829886 12 0.0
0.412767 0.89522 0.821619 12 0.0
0.398907 0.923781 0.819903 12 0.0
0.419741 0.946328 0.82817 12 0.0
0.777444 0.948812 0.381844 16 0.0
0.775106 0.93334 0.480872 16 0.0
0.777741 0.929098 0.425629 16 0.0
0.775503 0.954463 0.479269 16 0.0
0.772471 0.937583 0.536114 16 0.0
0.774709 0.912218 0.482475 16 0.0
0.224817 0.077603 0.360768 2 0.0
0.775995 0.239576 0.304752 16 0.0
0.675332 0.155108 0.37882 8 0.0
0.677321 0.203453 0.380181 8 0.0
0.643642 0.156379 0.379983 8 0.0
0.673343 0.106764 0.377459 8 0.0
0.707022 0.153838 0.377657 8 0.0
0.461235 0.102432 0.152194 7 0.0
0.45794 0.134004 0.151939 7 0.0
0.388569 0.094851 0.152686 7 0.0
0.464531 0.07086 0.152448 7 0.0
0.533902 0.110013 0.151701 7 0.0
0.482241 0.977436 0.155174 7 0.0
0.343487 0.539958 0.163286 8 1.6e-05
0.305777 0.679927 0.371928 8 0.0
0.283653 0.67197 0.37015 8 0.0
0.290756 0.721301 0.37369 8 0.0
0.327902 0.687884 0.373705 8 0.0
0.320799 0.638553 0.370166 8 0.0
0.772597 0.627826 0.275972 6 0.0
0.2488 0.714894 0.368952 8 0.017202
0.296222 0.579511 0.371449 8 0.0
0.222359 0.611173 0.246061 2 0.0
0.355517 0.811428 0.559187 15 0.002099
0.238404 0.39064 0.320057 2 0.0
0.348317 0.729621 0.151859 7 0.0
0.376392 0.720244 0.151676 7 0.0
0.321301 0.648721 0.152421 7 0.0
0.320243 0.738998 0.152041 7 0.0
0.375334 0.810521 0.151296 7 0.0
0.365349 0.779182 0.467014 10 0.020753
0.753649 0.693304 0.252167 5 0.0
0.75767 0.322502 0.354985 6 0.263556
0.517898 0.282504 0.343334 4 0.0
0.518269 0.280008 0.354571 4 0.0
0.542827 0.283135 0.342652 4 0.0
0.517528 0.284999 0.332096 4 0.0
0.49297 0.281873 0.344016 4 0.0
0.587843 0.585498 0.26523 8 0.0
0.566298 0.598208 0.265068 8 0.0
0.587683 0.585658 0.299105 8 0.0
0.609387 0.572788 0.265392 8 0.0
0.588003 0.585338 0.231355 8 0.0
0.775064 0.224822 0.30612 16 0.0
0.255471 0.206613 0.149874 7 0.0
0.225324 0.460984 0.182139 2 0.0
0.397493 0.990601 0.663978 15 0.054764
0.663945 0.478453 0.336723 8 0.0
0.651224 0.508144 0.333894 8 0.0
0.664573 0.47995 0.349618 8 0.0
0.676667 0.448761 0.339552 8 0.0
0.663317 0.476955 0.323828 8 0.0
0.777558 0.217268 0.265301 16 0.0
0.778372 0.283437 0.261377 16 0.0
0.777662 0.2192 0.297917 16 0.0
0.776744 0.151098 0.269225 16 0.0
0.777453 0.215335 0.232684 16 0.0
0.770527 0.610585 0.297071 16 0.0
0.708756 0.437847 0.155648 7 0.0
0.769746 0.796733 0.604236 13 0.0
0.226409 0.653779 0.359675 2 7e-06
0.234426 0.155373 0.368365 8 0.997663
0.234974 0.785757 0.596763 10 0.185185
0.775337 0.470122 0.339024 16 0.0
0.706983 1.000851 0.523168 14 0.0
0.728662 1.000373 0.52205 14 0.0
0.709977 1.000417 0.581447 14 0.0
0.685303 1.001328 0.524286 14 0.0
0.703988 1.001284 0.464889 14 0.0
0.757423 0.393975 0.373099 8 0.0
0.481357 0.950305 0.153301 7 0.0
0.671516 0.706936 0.154054 7 0.0
0.733379 0.218127 0.154379 7 0.0
0.753659 0.429314 0.156289 7 4e-06
0.308668 0.579701 0.371098 8 0.0
0.303678 0.608924 0.37141 8 0.0
0.293055 0.577036 0.370996 8 0.0
0.313658 0.550479 0.370786 8 0.0
0.32428 0.582366 0.371201 8 0.0
0.339188 0.403822 0.274422 8 0.0
0.337555 0.439374 0.275514 8 0.0
0.338765 0.402839 0.305803 8 0.0
0.340821 0.36827 0.27333 8 0.0
0.339611 0.404805 0.243041 8 0.0
0.222774 0.617896 0.239693 2 0.0
0.703488 0.550028 0.381322 8 0.0
0.774221 0.966909 0.389326 6 0.0
0.776955 0.462525 0.23664 6 0.0
0.55499 0.999121 0.769294 14 0.0
0.509298 0.999 0.781771 14 0.0
0.560581 0.998976 0.789768 14 0.0
0.600682 0.999243 0.756818 14 0.0
0.549399 0.999267 0.74882 14 0.0
0.600734 0.318154 0.200911 9 0.0
0.601776 0.323315 0.217432 9 0.0
0.587309 0.308837 0.204667 9 0.0
0.599693 0.312994 0.18439 9 0.0
0.61416 0.327471 0.197154 9 0.0
0.466134 0.997686 0.72263 14 0.0
0.557978 0.996612 0.699594 15 0.999358
0.495382 0.626688 0.155849 7 0.0
0.555673 0.794349 0.448461 15 4e-06
0.777306 0.197577 0.282339 6 0.0
0.77883 0.256993 0.280645 6 0.0
0.777331 0.198365 0.309999 6 0.0
0.775782 0.138161 0.284033 6 0.0
0.777281 0.196789 0.254679 6 0.0
0.519668 1.000253 0.404328 14 0.0
0.685602 0.781597 0.501564 10 0.0
0.703495 0.78285 0.496518 10 0.0
0.696213 0.783324 0.539622 10 0.0
0.667708 0.780344 0.50661 10 0.0
0.67499 0.77987 0.463505 10 0.0
0.372648 0.995999 0.51282 15 0.999595
0.405972 0.300292 0.153909 9 0.560564
0.516405 1.0011 0.367178 14 0.0
0.684073 0.48411 0.167456 7 0.000343
0.778139 0.476939 0.235401 16 0.0
0.37807 0.627871 0.151334 7 0.0
0.77542 0.581691 0.347069 5 0.0
0.523064 0.273835 0.372218 8 0.87177
0.759279 0.384751 0.369236 8 0.425406
0.581173 0.592439 0.3421 8 0.0
0.555105 0.602357 0.341121 8 0.0
0.58106 0.593387 0.354714 8 0.0
0.607241 0.582521 0.343079 8 0.0
0.581286 0.591491 0.329485 8 0.0
0.776426 0.721522 0.29752 6 0.0
0.776041 0.534849 0.325264 6 0.0
0.509991 0.611678 0.170983 8 0.001598
0.22923 0.099918 0.155496 7 0.997441
0.264707 0.41198 0.149063 7 0.995403
0.275147 0.412101 0.149519 7 0.995403
0.265065 0.379424 0.149566 7 0.995403
0.254267 0.411858 0.148607 7 0.995403
0.26435 0.444535 0.148559 7 0.995403
0.395425 0.239519 0.151922 7 0.0
0.776331 0.569797 0.264153 6 0.0
0.330425 0.427823 0.155651 8 0.996849
0.663546 0.37922 0.370608 8 0.00022
0.331213 0.400267 0.152086 8 0.822462
0.771016 0.95879 0.421798 5 0.0
0.297515 0.127849 0.3718 8 0.0
0.296097 0.168584 0.371052 8 0.0
0.273623 0.127003 0.371037 8 0.0
0.298934 0.087114 0.372547 8 0.0
0.321408 0.128695 0.372562 8 0.0
0.664449 0.419298 0.173738 8 0.0
0.663363 0.420304 0.182046 8 0.0
0.655985 0.394076 0.175687 8 0.0
0.665536 0.418291 0.16543 8 0.0
0.672913 0.444519 0.171789 8 0.0
0.491038 0.232258 0.152288 7 0.0
0.490612 0.646094 0.152775 7 0.0
0.563225 0.813911 0.457479 15 0.0
0.563931 0.826317 0.460469 15 0.0
0.589464 0.809027 0.471543 15 0.0
0.562518 0.801505 0.454489 15 0.0
0.536985 0.818795 0.443415 15 0.0
0.420323 0.606953 0.156121 7 0.0
0.774164 0.242484 0.329123 16 0.0
0.755057 0.886458 0.276203 16 1e-06
0.752765 0.923107 0.272296 16 1e-06
0.75542 0.88985 0.30781 16 1e-06
0.757349 0.849809 0.280109 16 1e-06
0.754694 0.883066 0.244596 16 1e-06
0.468447 1.000469 0.325264 14 0.0
0.393223 0.99953 0.326356 14 0.0
0.46894 1.000127 0.35888 14 0.0
0.543672 1.001408 0.324171 14 0.0
0.467955 1.000811 0.291647 14 0.0
0.385803 0.99697 0.472083 15 0.999871
0.411054 0.998451 0.679074 14 0.997588
0.366206 0.963036 0.456587 15 1e-06
0.366126 0.974768 0.457876 15 1e-06
0.345267 0.959987 0.48304 15 1e-06
0.366286 0.951304 0.455297 15 1e-06
0.387145 0.966085 0.430133 15 1e-06
0.776469 0.591892 0.263943 16 0.0
0.317113 0.574397 0.155638 7 0.0
0.347104 0.612954 0.1516 7 0.0
0.773175 0.63586 0.342976 16 0.0
0.727221 0.302643 0.37751 8 0.0
0.773853 0.497924 0.369865 5 0.999998
0.352622 0.200487 0.218351 7 0.0
0.386103 0.221086 0.211047 7 0.0
0.376889 0.164065 0.226875 7 0.0
0.319141 0.179888 0.225654 7 0.0
0.328354 0.236909 0.209826 7 0.0
0.297626 0.269594 0.151491 7 0.0
0.284331 0.403129 0.155109 7 0.0
0.330759 0.401952 0.153407 8 0.974139
0.658685 0.495654 0.284626 8 0.0
0.634564 0.532106 0.283682 8 0.0
0.657824 0.49579 0.311906 8 0.0
0.682806 0.459203 0.285569 8 0.0
0.659546 0.495518 0.257346 8 0.0
0.283341 0.314785 0.153116 7 0.0
0.609304 0.619943 0.152958 7 0.0
0.756274 0.698307 0.27539 5 0.0
0.761274 0.785451 0.277617 5 0.0
0.755678 0.697592 0.3047 5 0.0
0.751273 0.611163 0.273163 5 0.0
0.756869 0.699022 0.24608 5 0.0
0.326083 0.873708 0.774159 12 0.0
0.310989 0.875753 0.762159 12 0.0
0.328045 0.897052 0.775669 12 0.0
0.341177 0.871664 0.786159 12 0.0
0.324121 0.850364 0.77265 12 0.0
0.722993 0.818158 0.67119 16 0.002154
0.712872 0.827585 0.676277 16 0.002154
0.723173 0.809682 0.687256 16 0.002154
0.733114 0.808731 0.666103 16 0.002154
0.722813 0.826634 0.655125 16 0.002154
0.239679 0.995988 0.223983 14 0.08012
0.288398 0.800857 0.739077 12 0.0
0.288935 0.808605 0.739425 12 0.0
0.302729 0.799045 0.757274 12 0.0
0.287861 0.793109 0.738729 12 0.0
0.274067 0.802669 0.72088 12 0.0
0.265683 0.781663 0.711596 10 0.996239
0.768982 0.931066 0.599122 12 0.0
0.771144 0.9532 0.592882 12 0.0
0.766985 0.936804 0.618783 12 0.0
0.766819 0.908932 0.605362 12 0.0
0.770978 0.925328 0.579461 12 0.0
0.336235 0.884723 0.776597 12 0.0
0.334888 0.907077 0.777596 12 0.0
0.34979 0.885021 0.788189 12 0.0
0.337582 0.862368 0.775598 12 0.0
0.32268 0.884424 0.765005 12 0.0
0.264682 0.784228 0.702811 11 0.006381
0.462066 0.035839 0.152945 7 0.0
0.530357 0.84925 0.837806 12 0.0
0.547743 0.859072 0.835877 12 0.0
0.519406 0.868769 0.838489 12 0.0
0.512971 0.839428 0.839736 12 0.0
0.541308 0.829731 0.837124 12 0.0
0.774554 0.912799 0.533166 5 0.0
0.774008 0.940242 0.524575 5 0.0
0.773885 0.920756 0.558627 5 0.0
0.775099 0.885355 0.541758 5 0.0
0.775222 0.904841 0.507705 5 0.0
0.550275 0.981717 0.15329 7 5.3e-05
0.742919 0.695076 0.154285 7 0.0
0.621713 0.781213 0.81503 10 0.988073
0.632143 1.001504 0.256573 14 0.0
0.676871 1.000273 0.24528 14 0.0
0.640052 1.001945 0.287849 14 0.0
0.587415 1.002734 0.267866 14 0.0
0.624235 1.001062 0.225297 14 0.0
0.22453 0.995774 0.196337 2 0.997113
0.634722 0.779108 0.639299 10 0.0
0.776931 0.975235 0.28499 16 0.00054
0.245187 0.994788 0.286604 14 0.030556
0.222763 0.102233 0.1645 2 0.28993
0.470618 0.8986 0.763436 14 0.000192
0.457802 0.921678 0.7487 14 0.000192
0.511342 0.916871 0.756628 14 0.000192
0.483434 0.875523 0.778172 14 0.000192
0.429894 0.88033 0.770243 14 0.000192
0.260424 0.964605 0.695699 11 0.0
0.270116 0.964764 0.713715 11 0.0
0.259385 0.952703 0.696363 11 0.0
0.250732 0.964445 0.677683 11 0.0
0.261462 0.976507 0.695035 11 0.0
0.658708 0.969644 0.773352 2 0.0
0.556705 0.891272 0.834755 12 0.0
0.575015 0.891346 0.830941 12 0.0
0.556628 0.925802 0.835056 12 0.0
0.538396 0.891197 0.838569 12 0.0
0.556783 0.856741 0.834454 12 0.0
0.28904 0.966142 0.737411 12 0.0
0.287963 0.976403 0.735903 12 0.0
0.304087 0.970573 0.756818 12 0.0
0.290116 0.955881 0.738919 12 0.0
0.273993 0.961711 0.718004 12 0.0
0.682114 0.794388 0.769629 12 6.2e-05
0.243983 -0.000184 0.234866 1 0.0
0.26201 0.001029 0.288347 1 0.0
0.248706 0.001068 0.288066 1 0.0
0.261432 0.001477 0.315684 1 0.0
0.275314 0.000991 0.288629 1 0.0
0.262587 0.000582 0.261011 1 0.0
0.359304 0.359221 0.186213 8 0.0
0.34889 0.372891 0.179353 8 0.0
0.357547 0.36272 0.195852 8 0.0
0.369717 0.345551 0.193072 8 0.0
0.36106 0.355723 0.176573 8 0.0
0.77659 0.997598 0.28388 5 1.0
0.347064 0.997572 0.797061 12 0.997847
0.776514 0.11668 0.263321 6 0.0
0.776428 0.11743 0.229381 6 0.0
0.777415 0.15361 0.264134 6 0.0
0.7766 0.11593 0.297261 6 0.0
0.775614 0.07975 0.262507 6 0.0
0.236339 0.013596 0.369045 8 0.003493
0.240866 0.017395 0.367074 8 0.003493
0.233903 0.016683 0.3694 8 0.003493
0.231812 0.009797 0.371016 8 0.003493
0.238775 0.010509 0.368691 8 0.003493
0.711984 -0.00885 0.377717 1 1.0
0.530007 0.935525 0.83815 12 0.0
0.547395 0.948288 0.83676 12 0.0
0.517719 0.952503 0.840311 12 0.0
0.512619 0.922763 0.839541 12 0.0
0.542296 0.918547 0.83599 12 0.0
0.584377 0.939526 0.826804 12 0.0
0.591486 0.958095 0.825862 12 0.0
0.571105 0.944863 0.831841 12 0.0
0.577268 0.920958 0.827747 12 0.0
0.597649 0.934189 0.821768 12 0.0
0.515355 0.982132 0.83238 15 0.999044
0.526135 0.023907 0.155881 7 0.0
0.268869 0.148547 0.215038 2 0.0
0.263551 0.997164 0.707404 12 0.999952
0.249216 0.880326 0.154643 7 6.1e-05
0.544587 0.782413 0.804101 10 0.0
0.779515 0.940609 0.428876 12 0.0
0.778439 0.959536 0.428919 12 0.0
0.777992 0.940416 0.475824 12 0.0
0.780592 0.921683 0.428833 12 0.0
0.781039 0.940803 0.381928 12 0.0
0.320319 0.819687 0.746532 12 3e-06
0.706837 0.970359 0.746328 12 0.0
0.708659 0.977471 0.744583 12 0.0
0.694941 0.976863 0.760414 12 0.0
0.705015 0.963247 0.748073 12 0.0
0.718733 0.963854 0.732242 12 0.0
0.699076 0.016806 0.373645 8 0.0
0.530426 -0.000193 0.175252 1 9e-05
0.773308 0.115331 0.155531 7 0.999974
0.226441 0.002171 0.270331 1 1.0
0.381822 0.782479 0.682828 10 0.0
0.32757 0.996257 0.153217 7 0.999891
0.224265 0.078824 0.161303 2 0.999986
0.223542 0.936907 0.160559 2 0.925031
0.7757 0.088903 0.263243 6 0.0
0.776029 0.116995 0.261821 6 0.0
0.775732 0.090648 0.297708 6 0.0
0.775372 0.060812 0.264666 6 0.0
0.775669 0.087158 0.228778 6 0.0
0.222762 0.010783 0.267034 2 0.804222
0.689309 0.974919 0.76092 12 0.0
0.688315 0.982948 0.761553 12 0.0
0.676016 0.972366 0.772431 12 0.0
0.690303 0.966891 0.760288 12 0.0
0.702601 0.977472 0.74941 12 0.0
0.595266 0.998948 0.795233 14 0.0
0.265665 0.78012 0.714373 10 0.999996
0.756754 0.994661 0.665727 16 0.994831
0.748282 1.000001 0.332033 14 0.0
0.52825 0.985207 0.836756 12 0.0
0.765211 0.782198 0.156423 7 0.002088
0.366448 0.961331 0.788487 2 0.0
0.386472 0.152993 0.37293 8 0.0
0.413575 0.187799 0.373918 8 0.0
0.429278 0.119661 0.372918 8 0.0
0.359369 0.118187 0.371942 8 0.0
0.343666 0.186325 0.372941 8 0.0
0.775377 0.961813 0.407165 5 0.0
0.727194 0.003375 0.309961 1 0.0
0.709627 0.003323 0.309221 1 0.0
0.726258 0.003352 0.332193 1 0.0
0.744761 0.003426 0.3107 1 0.0
0.72813 0.003398 0.287728 1 0.0
0.608586 0.860146 0.816195 12 0.0
0.607628 0.885407 0.816662 12 0.0
0.591042 0.859341 0.823798 12 0.0
0.609543 0.834886 0.815729 12 0.0
0.62613 0.860952 0.808592 12 0.0
0.696597 0.878642 0.756616 13 0.0
0.688547 0.891312 0.766378 13 0.0
0.689571 0.86874 0.763674 13 0.0
0.704646 0.865972 0.746854 13 0.0
0.703622 0.888544 0.749558 13 0.0
0.414034 0.001869 0.338402 1 0.0
0.775539 0.141602 0.156548 16 0.999998
0.317563 0.997048 0.653839 14 0.0
0.298131 0.996964 0.662903 14 0.0
0.339737 0.99753 0.70138 14 0.0
0.336994 0.997133 0.644775 14 0.0
0.295389 0.996567 0.606299 14 0.0
0.70932 0.003571 0.367075 1 0.0
0.276356 0.798728 0.357303 10 1.9e-05
0.290647 0.805041 0.353673 10 1.9e-05
0.276873 0.818306 0.393385 10 1.9e-05
0.262065 0.792415 0.360932 10 1.9e-05
0.27584 0.779149 0.32122 10 1.9e-05
0.515164 -0.001705 0.191547 1 0.0
0.222637 0.200663 0.271012 2 0.0
0.222098 0.262328 0.265676 2 0.0
0.222534 0.203367 0.302275 2 0.0
0.223175 0.138998 0.276348 2 0.0
0.222739 0.197959 0.239749 2 0.0
0.499008 0.264982 0.202132 8 0.149052
0.313036 0.09606 0.149795 7 0.0
0.333763 0.123395 0.148437 7 0.0
0.333509 0.080548 0.150036 7 0.0
0.292309 0.068725 0.151153 7 0.0
0.292562 0.111572 0.149555 7 0.0
0.274145 0.345413 0.198773 8 0.99995
0.489503 0.031434 0.153995 7 0.0
0.498436 0.001384 0.158337 1 0.694799
0.615986 0.345124 0.295666 9 0.0
0.639302 0.368785 0.282051 9 0.0
0.622267 0.347618 0.310758 9 0.0
0.59267 0.321463 0.309281 9 0.0
0.609705 0.342629 0.280573 9 0.0
0.490929 0.963413 0.430034 15 0.0
0.490781 0.97583 0.429709 15 0.0
0.523848 0.963835 0.431202 15 0.0
0.491076 0.950997 0.430359 15 0.0
0.458009 0.962992 0.428867 15 0.0
0.458271 0.003187 0.364447 1 7e-05
0.460971 0.281333 0.348795 9 0.0
0.384031 0.783472 0.730984 10 0.0
0.372826 0.784416 0.746313 10 0.0
0.428215 0.783646 0.763269 10 0.0
0.395235 0.782528 0.715655 10 0.0
0.339846 0.783298 0.698699 10 0.0
0.428662 0.998033 0.177157 14 0.000473
0.252103 0.785963 0.654914 10 0.0
0.228141 0.003103 0.232268 1 0.532778
0.771124 0.787173 0.48562 16 0.957882
0.724061 0.998591 0.623017 14 0.0
0.737594 0.99902 0.626433 14 0.0
0.714109 0.998739 0.662436 14 0.0
0.710528 0.998162 0.619602 14 0.0
0.734014 0.998443 0.583598 14 0.0
0.753349 0.790846 0.664971 16 1e-06
0.751044 0.995962 0.681349 12 0.997233
0.384273 0.317528 0.355335 8 0.0
0.482961 0.987566 0.156426 7 0.005533
0.400989 0.96996 0.822504 11 1e-06
0.400581 0.980425 0.821354 11 1e-06
0.423588 0.971797 0.831194 11 1e-06
0.401398 0.959495 0.823654 11 1e-06
0.37839 0.968123 0.813814 11 1e-06
0.222853 0.235696 0.178936 2 0.000106
0.610928 0.983077 0.171591 7 0.00216
0.486467 0.785345 0.832976 12 0.0
0.501137 -0.000411 0.271433 1 0.0
0.582412 0.001188 0.282327 1 0.0
0.497216 -0.000291 0.300671 1 0.0
0.419863 -0.002009 0.260539 1 0.0
0.505059 -0.00053 0.242196 1 0.0
0.743317 0.001697 0.16275 1 0.949768
0.497569 0.976051 0.154491 7 0.0
0.499923 0.000378 0.182668 1 0.0
0.606601 1.001134 0.665191 15 0.998753
0.520806 0.27825 0.18045 9 0.0
0.540135 0.281206 0.177969 9 0.0
0.521988 0.279064 0.190634 9 0.0
0.501477 0.275295 0.18293 9 0.0
0.519624 0.277436 0.170265 9 0.0
0.748295 0.782799 0.410469 10 0.000104
0.757575 0.783439 0.411796 10 0.000104
0.74534 0.780803 0.432092 10 0.000104
0.739014 0.782158 0.409141 10 0.000104
0.751249 0.784795 0.388845 10 0.000104
0.446628 0.286636 0.258186 8 0.0
0.440421 0.290391 0.293589 8 0.0
0.465903 0.279645 0.262307 8 0.0
0.452834 0.282881 0.222782 8 0.0
0.427352 0.293627 0.254065 8 0.0
0.47589 0.001758 0.344533 1 0.0
0.62268 0.964432 0.507748 15 0.0
0.624347 0.976629 0.508081 15 0.0
0.63571 0.962037 0.530221 15 0.0
0.621013 0.952235 0.507415 15 0.0
0.609651 0.966827 0.485275 15 0.0
0.225041 0.927683 0.294538 2 0.0
0.225548 0.950227 0.296088 2 0.0
0.224856 0.924577 0.339796 2 0.0
0.224533 0.905139 0.292989 2 0.0
0.225225 0.930789 0.249281 2 0.0
0.367877 0.003909 0.361541 1 0.0
0.396342 0.989103 0.15593 7 0.0
0.515763 0.004885 0.370877 1 0.999
0.647159 0.334572 0.154414 7 0.009314
0.727416 0.994475 0.418904 14 0.0
0.74559 0.271928 0.154155 7 0.0
0.762187 0.800225 0.633553 12 0.0
0.761963 0.807207 0.633626 12 0.0
0.757152 0.799848 0.654002 12 0.0
0.76241 0.793242 0.633479 12 0.0
0.767221 0.800601 0.613104 12 0.0
0.374271 0.544925 0.215567 8 0.0
0.390278 0.566293 0.219005 8 0.0
0.375022 0.541063 0.236078 8 0.0
0.358265 0.523558 0.212128 8 0.0
0.373521 0.548788 0.195055 8 0.0
0.728523 0.782285 0.445659 10 0.0
0.714689 0.781925 0.442131 10 0.0
0.720496 0.783671 0.476999 10 0.0
0.742358 0.782644 0.449186 10 0.0
0.736551 0.780899 0.414319 10 0.0
0.65959 0.508844 0.161269 8 0.000336
0.239757 0.989149 0.648938 12 0.223584
0.222838 0.913633 0.158644 2 0.688754
0.768927 0.632741 0.173312 16 0.851166
0.43574 0.783276 0.781581 10 0.0
0.395542 0.783683 0.769649 10 0.0
0.430996 0.783225 0.797561 10 0.0
0.475938 0.78287 0.793513 10 0.0
0.440484 0.783327 0.765601 10 0.0
0.773355 0.976698 0.364639 5 0.001719
0.226257 0.963327 0.41263 2 0.0
0.756577 0.996131 0.156631 5 0.99935
0.738896 0.782247 0.677607 10 0.027131
0.773497 0.791229 0.481202 16 0.997033
0.395137 0.56455 0.31538 8 0.0
0.416426 0.582023 0.314846 8 0.0
0.393683 0.566915 0.334784 8 0.0
0.373849 0.547077 0.315913 8 0.0
0.396592 0.562185 0.295976 8 0.0
0.217813 0.798515 0.349116 2 1.0
0.478569 0.624144 0.34107 8 0.0
0.497181 0.629538 0.346422 8 0.0
0.473469 0.628406 0.354507 8 0.0
0.459956 0.61875 0.335717 8 0.0
0.483668 0.619882 0.327632 8 0.0
0.77943 0.268686 0.190809 6 0.0
0.335507 0.441092 0.29653 4 0.0
0.331817 0.476634 0.296267 4 0.0
0.334338 0.441157 0.321679 4 0.0
0.339196 0.405551 0.296793 4 0.0
0.336675 0.441028 0.271382 4 0.0
0.387835 0.856267 0.4803 15 0.0
0.373825 0.851141 0.498612 15 0.0
0.391838 0.834286 0.477209 15 0.0
0.401845 0.861392 0.461987 15 0.0
0.383833 0.878248 0.48339 15 0.0
0.224338 0.785192 0.369696 2 0.997715
0.772011 0.459872 0.354477 6 0.0
0.614246 0.617247 0.152952 7 0.0
0.763821 0.996806 0.580952 14 0.0
0.752787 0.782375 0.395396 10 0.72961
0.757959 0.784518 0.397619 10 0.72961
0.747242 0.785972 0.404827 10 0.72961
0.747615 0.780231 0.393172 10 0.72961
0.758332 0.778778 0.385964 10 0.72961
0.446079 0.249014 0.231023 8 0.0
0.443488 0.252341 0.256694 8 0.0
0.476628 0.238714 0.235442 8 0.0
0.44867 0.245686 0.205352 8 0.0
0.415531 0.259313 0.226604 8 0.0
0.227935 0.980816 0.221405 2 0.0
0.685388 0.165257 0.152423 7 0.0
0.714335 0.167679 0.152895 7 0.0
0.681122 0.216304 0.152101 7 0.0
0.656441 0.162835 0.151952 7 0.0
0.689654 0.114211 0.152746 7 0.0
0.779989 0.275796 0.193225 16 0.0
0.22564 0.372739 0.344123 2 0.0
0.3682 0.985365 0.570661 15 0.018733
0.23566 0.087168 0.3699 8 2e-06
0.411353 0.921176 0.667754 15 0.0
0.402587 0.935505 0.658709 15 0.0
0.425235 0.939638 0.683547 15 0.0
0.420119 0.906847 0.676799 15 0.0
0.397471 0.902714 0.651961 15 0.0
0.403457 0.855529 0.822404 12 0.0
0.421744 0.857063 0.829004 12 0.0
0.404753 0.830743 0.824572 12 0.0
0.385169 0.853995 0.815804 12 0.0
0.40216 0.880315 0.820236 12 0.0
0.76593 0.833291 0.156316 7 5.6e-05
0.727548 0.808628 0.718669 12 0.0
0.716651 0.808951 0.735314 12 0.0
0.727408 0.798912 0.718767 12 0.0
0.738446 0.808304 0.702024 12 0.0
0.727688 0.818344 0.718572 12 0.0
0.360504 0.554032 0.200282 8 0.0
0.367931 0.562586 0.202655 8 0.0
0.359313 0.550482 0.216802 8 0.0
0.353077 0.545478 0.197909 8 0.0
0.361695 0.557581 0.183762 8 0.0
0.371756 0.995887 0.628488 15 0.963277
0.767447 0.516797 0.187104 6 0.001002
0.334134 0.991982 0.157297 7 0.008326
0.513301 0.987593 0.40185 14 0.0
0.418334 0.283875 0.333173 8 0.0
0.223375 0.156794 0.301444 2 0.0
0.223888 0.158217 0.324083 2 0.0
0.223274 0.107224 0.304562 2 0.0
0.222861 0.155372 0.278805 2 0.0
0.223475 0.206365 0.298327 2 0.0
0.511854 0.816358 0.193686 7 0.0
0.52112 0.870259 0.187184 7 0.0
0.581832 0.805206 0.20096 7 0.0
0.502588 0.762457 0.200187 7 0.0
0.441875 0.82751 0.186411 7 0.0
0.355248 0.521609 0.206592 8 0.0
0.365579 0.541327 0.206389 8 0.0
0.357572 0.520583 0.225215 8 0.0
0.344917 0.501891 0.206795 8 0.0
0.352924 0.522636 0.187969 8 0.0
0.610815 0.777456 0.449174 10 0.0
0.60624 0.778931 0.457175 10 0.0
0.637405 0.780527 0.463813 10 0.0
0.61539 0.77598 0.441173 10 0.0
0.584225 0.774384 0.434535 10 0.0
0.704619 0.238432 0.15338 7 0.0
0.359157 0.631106 0.175237 7 0.0
0.398995 0.670441 0.178312 7 0.0
0.343975 0.646479 0.175259 7 0.0
0.319319 0.59177 0.172162 7 0.0
0.374338 0.615732 0.175215 7 0.0
0.259102 0.541679 0.372315 8 0.0
0.285872 0.270981 0.150729 7 0.0
0.578333 0.627933 0.153263 7 0.0
0.229186 0.98335 0.167003 2 0.000106
0.229749 0.989832 0.165338 2 0.000106
0.232275 0.984266 0.171612 2 0.000106
0.228624 0.976868 0.168669 2 0.000106
0.226097 0.982434 0.162395 2 0.000106
0.250846 0.205255 0.178682 7 0.0
0.278964 0.558676 0.371638 8 0.0
0.775935 0.612648 0.268387 5 0.0
0.601751 0.990111 0.670624 15 0.00357
0.325435 0.030942 0.372221 8 0.0
0.2515 0.994107 0.689591 12 1.0
0.55997 0.795712 0.834384 12 0.0
0.722215 0.993219 0.728905 12 0.838521
0.77702 0.909769 0.179498 5 0.007275
0.254476 0.165334 0.259355 2 1e-06
0.262642 0.214914 0.283276 2 1e-06
0.257922 0.153759 0.282168 2 1e-06
0.24631 0.115753 0.235433 2 1e-06
0.25103 0.176908 0.236541 2 1e-06
0.732409 0.0139 0.34764 1 0.0
0.723874 0.01875 0.340051 1 0.0
0.727894 0.013894 0.352715 1 0.0
0.740945 0.009051 0.355229 1 0.0
0.736925 0.013907 0.342566 1 0.0
0.664051 0.998002 0.724979 14 0.0
0.692731 0.997738 0.694954 14 0.0
0.675217 0.997993 0.735646 14 0.0
0.635371 0.998266 0.755004 14 0.0
0.652885 0.998011 0.714313 14 0.0
0.519051 0.02324 0.156206 7 2e-06
0.228234 0.783414 0.449287 10 0.004468
0.249309 0.240083 0.370682 8 0.0
0.493438 0.000411 0.30083 1 0.0
0.290975 0.297981 0.371216 8 0.0
0.667359 0.454762 0.153375 8 0.999999
0.628468 0.552364 0.22756 8 0.0
0.612574 0.569786 0.22376 8 0.0
0.624416 0.554028 0.252138 8 0.0
0.644361 0.534942 0.23136 8 0.0
0.63252 0.550701 0.202982 8 0.0
0.685541 0.999144 0.337769 14 0.0
0.710089 0.997417 0.332219 14 0.0
0.695803 0.99846 0.383367 14 0.0
0.660993 1.000871 0.34332 14 0.0
0.675279 0.999828 0.292171 14 0.0
0.628343 0.773502 0.418535 10 1e-06
0.763723 0.500922 0.20107 5 1e-06
0.339991 0.480832 0.227315 8 0.0
0.344264 0.511451 0.230447 8 0.0
0.341892 0.47804 0.252018 8 0.0
0.335719 0.450213 0.224182 8 0.0
0.338091 0.483624 0.202611 8 0.0
0.287117 0.003216 0.337125 1 0.0
0.266189 0.003094 0.33727 1 0.0
0.2872 0.003922 0.349683 1 0.0
0.308045 0.003338 0.33698 1 0.0
0.287034 0.00251 0.324567 1 0.0
0.777854 0.886567 0.332769 6 0.0
0.778066 0.922156 0.331365 6 0.0
0.778458 0.888796 0.389382 6 0.0
0.777642 0.850979 0.334172 6 0.0
0.777251 0.884338 0.276155 6 0.0
0.777735 0.373553 0.264373 6 0.0
0.303338 0.200544 0.151134 7 0.0
0.329339 0.200532 0.150373 7 0.0
0.303326 0.139232 0.151699 7 0.0
0.277338 0.200556 0.151895 7 0.0
0.30335 0.261855 0.15057 7 0.0
0.732962 0.264383 0.153607 7 0.0
0.768386 0.377901 0.35122 16 0.0
0.665229 0.753445 0.153958 7 0.0
0.697064 0.758544 0.154514 7 0.0
0.653084 0.829281 0.15382 7 0.0
0.633394 0.748346 0.153402 7 0.0
0.677373 0.67761 0.154097 7 0.0
0.670233 0.53735 0.175632 8 0.000199
0.336284 0.42444 0.262376 8 0.0
0.333126 0.456997 0.268118 8 0.0
0.337394 0.418638 0.295883 8 0.0
0.339442 0.391883 0.256635 8 0.0
0.335174 0.430241 0.22887 8 0.0
0.778228 0.949324 0.348409 6 0.0
0.609655 0.962599 0.200759 7 0.0
0.607843 0.974528 0.201169 7 0.0
0.63035 0.965591 0.205183 7 0.0
0.611467 0.95067 0.20035 7 0.0
0.58896 0.959607 0.196336 7 0.0
0.286283 0.725284 0.152215 7 0.0
0.458336 0.992702 0.703005 15 8.8e-05
0.75506 0.818073 0.401961 16 2.4e-05
0.775372 0.635251 0.312084 6 0.0
0.569687 0.605894 0.156159 8 0.9964
0.241469 0.300252 0.160309 7 0.994407
0.777893 0.209917 0.264906 16 0.0
0.778392 0.274014 0.259253 16 0.0
0.778042 0.212782 0.2974 16 0.0
0.777395 0.14582 0.27056 16 0.0
0.777744 0.207052 0.232412 16 0.0
0.736811 0.966325 0.432786 14 3e-06
0.287978 0.662049 0.15166 7 0.0
0.776248 0.418082 0.295886 6 0.0
0.577877 0.589422 0.180996 8 2e-06
0.776005 0.240322 0.330741 16 0.0
0.667086 0.472367 0.338073 8 0.0
0.669189 0.501254 0.341415 8 0.0
0.668629 0.470709 0.35143 8 0.0
0.664983 0.44348 0.334731 8 0.0
0.665543 0.474024 0.324716 8 0.0
0.300379 0.996745 0.569985 14 0.0
0.280077 0.996415 0.573951 14 0.0
0.313302 0.996521 0.636123 14 0.0
0.320682 0.997075 0.566019 14 0.0
0.287456 0.996969 0.503847 14 0.0
0.257262 0.106349 0.37066 8 0.0
0.222091 0.702454 0.311132 2 0.0
0.773753 0.464837 0.35543 5 0.0
0.659977 0.506164 0.166484 8 0.0
0.228462 0.409124 0.192961 2 0.0
0.346914 0.266671 0.372572 8 0.0
0.654535 0.53895 0.377421 8 0.0
0.33626 0.444385 0.295379 4 0.0
0.335378 0.479481 0.2973 4 0.0
0.335508 0.442979 0.32072 4 0.0
0.337142 0.409289 0.293458 4 0.0
0.337011 0.44579 0.270038 4 0.0
0.436134 0.286139 0.153785 9 0.758426
0.626833 0.232373 0.37828 8 0.0
0.669999 0.28262 0.37734 8 0.0
0.610079 0.246767 0.378332 8 0.0
0.583667 0.182126 0.379221 8 0.0
0.643588 0.217978 0.378229 8 0.0
0.281496 0.28777 0.151016 7 0.0
0.299681 0.356874 0.150637 7 0.0
0.674923 0.666759 0.385413 8 0.0
0.646828 0.656024 0.387498 8 0.0
0.662137 0.700963 0.389231 8 0.0
0.703017 0.677494 0.383328 8 0.0
0.687708 0.632555 0.381595 8 0.0
0.38665 0.993624 0.654196 15 0.880602
0.242025 0.283233 0.368156 8 0.0
0.229718 0.190065 0.370357 8 0.996755
0.315517 0.997155 0.640988 14 0.0
0.336885 0.997723 0.694365 14 0.0
0.295952 0.997032 0.648822 14 0.0
0.294149 0.996586 0.587611 14 0.0
0.335082 0.997278 0.633154 14 0.0
0.489537 0.262768 0.153832 7 0.027347
0.755662 0.178348 0.154344 7 0.0
0.77731 0.455395 0.26471 6 0.0
0.598529 0.584116 0.161667 8 0.437287
0.778678 0.509048 0.188065 6 0.0
0.221304 0.419841 0.238267 2 0.0
0.263925 0.281515 0.316766 2 1e-06
0.626391 0.292431 0.182709 8 1.6e-05
0.628733 0.282847 0.175695 8 1.6e-05
0.642782 0.30177 0.175422 8 1.6e-05
0.624049 0.302015 0.189723 8 1.6e-05
0.61 0.283092 0.189997 8 1.6e-05
0.225637 0.029275 0.315663 2 0.0
0.226152 0.038856 0.317228 2 0.0
0.225925 0.02613 0.334816 2 0.0
0.225121 0.019693 0.314097 2 0.0
0.225348 0.03242 0.29651 2 0.0
0.329357 0.472734 0.157543 8 2.8e-05
0.299904 0.337657 0.151266 7 0.0
0.753232 0.847277 0.659076 12 0.0
0.747863 0.85711 0.672161 12 0.0
0.748745 0.831103 0.669389 12 0.0
0.758601 0.837444 0.645991 12 0.0
0.75772 0.863451 0.648763 12 0.0
0.777179 0.624318 0.233268 16 0.0
0.666858 1.000765 0.214008 14 0.003776
0.701904 1.000365 0.2088 14 0.003776
0.66971 1.001432 0.233141 14 0.003776
0.631813 1.001164 0.219217 14 0.003776
0.664007 1.000097 0.194876 14 0.003776
0.259727 0.229743 0.150498 7 0.0
0.264075 0.797123 0.707413 11 0.179323
0.264756 0.803782 0.707564 11 0.179323
0.274668 0.795625 0.725709 11 0.179323
0.263393 0.790464 0.707263 11 0.179323
0.253481 0.798621 0.689118 11 0.179323
0.45162 0.783291 0.786957 10 0.0
0.412 0.783567 0.778592 10 0.0
0.448251 0.78335 0.802916 10 0.0
0.49124 0.783014 0.795322 10 0.0
0.454989 0.783231 0.770998 10 0.0
0.385344 0.910357 0.802559 2 0.0
0.402699 0.907312 0.810914 2 0.0
0.383232 0.895216 0.801429 2 0.0
0.367989 0.913402 0.794205 2 0.0
0.387456 0.925498 0.80369 2 0.0
0.236537 0.994705 0.276739 14 0.000128
0.772536 0.901036 0.55632 16 0.0
0.774708 0.915826 0.528819 16 0.0
0.772163 0.928029 0.570807 16 0.0
0.770363 0.886246 0.583821 16 0.0
0.772909 0.874044 0.541833 16 0.0
0.778765 0.887331 0.330538 16 0.0
0.779097 0.9204 0.336192 16 0.0
0.778965 0.878126 0.38437 16 0.0
0.778432 0.854263 0.324885 16 0.0
0.778564 0.896536 0.276707 16 0.0
0.694706 0.806988 0.756453 12 0.0
0.690139 0.814104 0.758761 12 0.0
0.688734 0.800507 0.764621 12 0.0
0.699273 0.799872 0.754145 12 0.0
0.700677 0.813469 0.748286 12 0.0
0.240493 0.785051 0.628271 10 0.195689
0.772884 0.041487 0.333149 6 0.0
0.773949 0.055563 0.33353 6 0.0
0.771543 0.041222 0.346684 6 0.0
0.771818 0.027411 0.332767 6 0.0
0.774225 0.041752 0.319613 6 0.0
0.746393 0.869221 0.678383 12 0.0
0.751059 0.895777 0.667728 12 0.0
0.739856 0.876422 0.693466 12 0.0
0.741728 0.842665 0.689038 12 0.0
0.752931 0.862021 0.6633 12 0.0
0.433795 0.101493 0.151358 7 0.0
0.43141 0.133646 0.150952 7 0.0
0.49798 0.106248 0.150707 7 0.0
0.436181 0.069341 0.151764 7 0.0
0.369611 0.096739 0.152009 7 0.0
0.775111 0.011995 0.263101 6 0.0
0.439407 0.998292 0.835859 14 0.999551
0.771184 0.92674 0.568895 16 0.0
0.77197 0.950237 0.56742 16 0.0
0.768439 0.928689 0.598481 16 0.0
0.770398 0.903242 0.570371 16 0.0
0.773928 0.92479 0.53931 16 0.0
0.491775 0.853835 0.810765 13 4.9e-05
0.503957 0.874901 0.811671 13 4.9e-05
0.472622 0.864942 0.810062 13 4.9e-05
0.479593 0.83277 0.809859 13 4.9e-05
0.510928 0.842729 0.811468 13 4.9e-05
0.629933 1.001032 0.43582 14 4.2e-05
0.751637 0.560913 0.153716 7 0.0
0.610232 0.99349 0.689712 14 0.0
0.740925 0.996264 0.7032 12 0.999301
0.228659 0.993605 0.309997 2 0.398279
0.39284 0.950991 0.661397 15 0.0
0.390832 0.967342 0.659898 15 0.0
0.403431 0.953617 0.67585 15 0.0
0.394847 0.934639 0.662897 15 0.0
0.382248 0.948364 0.646945 15 0.0
0.387475 0.808939 0.814552 12 0.0
0.407742 0.806054 0.823488 12 0.0
0.386135 0.799237 0.814459 12 0.0
0.367208 0.811825 0.805617 12 0.0
0.388815 0.818642 0.814646 12 0.0
0.225527 0.824615 0.157644 2 0.999768
0.231169 0.008212 0.261979 1 0.174316
0.540483 0.953441 0.837019 12 0.0
0.559374 0.94971 0.833817 12 0.0
0.543623 0.968409 0.838101 12 0.0
0.521592 0.957172 0.840222 12 0.0
0.537343 0.938472 0.835937 12 0.0
0.275346 0.972844 0.715208 12 0.0
0.322706 0.782263 0.580051 10 0.0
0.776798 0.179009 0.315835 6 0.0
0.738379 0.846007 0.695926 12 0.0
0.745808 0.861531 0.681875 12 0.0
0.732045 0.859636 0.707634 12 0.0
0.730951 0.830483 0.709976 12 0.0
0.744714 0.832379 0.684218 12 0.0
0.347226 0.109287 0.150736 7 0.0
0.33174 0.129114 0.150744 7 0.0
0.383785 0.137841 0.149919 7 0.0
0.362712 0.089459 0.150728 7 0.0
0.310667 0.080733 0.151553 7 0.0
0.777226 0.963814 0.403292 5 0.0
0.388572 0.998169 0.744063 14 0.0
0.376918 0.998418 0.7621 14 0.0
0.428609 0.99832 0.769931 14 0.0
0.400226 0.99792 0.726027 14 0.0
0.348534 0.998018 0.718196 14 0.0
0.77269 0.035051 0.236241 6 0.0
0.772837 0.029629 0.209467 6 0.0
0.771846 0.046413 0.233935 6 0.0
0.772544 0.040474 0.263015 6 0.0
0.773534 0.02369 0.238547 6 0.0
0.505454 0.90346 0.825333 13 0.0
0.521866 0.909265 0.824777 13 0.0
0.495227 0.932442 0.826037 13 0.0
0.489042 0.897655 0.825888 13 0.0
0.515681 0.874479 0.824628 13 0.0
0.482728 0.989632 0.838424 12 3.1e-05
0.222982 0.022545 0.17399 2 0.391889
0.221686 0.031967 0.175534 2 0.391889
0.223058 0.021029 0.1833 2 0.391889
0.224278 0.013124 0.172445 2 0.391889
0.222906 0.024061 0.164679 2 0.391889
0.570992 0.998776 0.443992 15 0.764398
0.748816 0.132152 0.374137 8 0.008432
0.699764 0.996515 0.600338 14 0.0
0.719286 0.995951 0.604819 14 0.0
0.686735 0.996999 0.657167 14 0.0
0.680242 0.997079 0.595858 14 0.0
0.712794 0.99603 0.543509 14 0.0
0.771335 0.789336 0.514725 6 0.999991
0.269573 0.0162 0.370645 8 0.0
0.285685 0.016054 0.371938 8 0.0
0.2695 0.010516 0.3709 8 0.0
0.25346 0.016347 0.369352 8 0.0
0.269645 0.021885 0.37039 8 0.0
0.717616 0.025451 0.375994 8 0.0
0.737175 0.023519 0.375305 8 0.0
0.718447 0.033788 0.376205 8 0.0
0.698056 0.027383 0.376683 8 0.0
0.716785 0.017114 0.375783 8 0.0
0.236271 0.995012 0.276292 14 0.039733
0.706959 0.784003 0.720822 10 2e-06
0.391904 0.783535 0.749612 10 0.0
0.381796 0.783944 0.766206 10 0.0
0.431946 0.782508 0.774027 10 0.0
0.402011 0.783126 0.733018 10 0.0
0.351862 0.784562 0.725197 10 0.0
0.775283 0.10128 0.247167 16 0.0
0.775723 0.133161 0.249291 16 0.0
0.775252 0.09932 0.276588 16 0.0
0.774843 0.069398 0.245043 16 0.0
0.775313 0.103239 0.217747 16 0.0
0.756631 0.001942 0.158622 1 0.999209
0.223227 0.002325 0.306706 3 0.991055
0.303019 0.98406 0.75596 12 0.0
0.771116 0.018896 0.250211 6 0.0
0.629027 0.79273 0.785657 10 0.0
0.668743 0.934243 0.778732 12 0.0
0.674801 0.955046 0.775703 12 0.0
0.655519 0.939653 0.789439 12 0.0
0.662684 0.91344 0.781762 12 0.0
0.681967 0.928832 0.768025 12 0.0
0.774068 0.787423 0.545009 13 0.999665
0.77789 0.943716 0.383593 6 0.0
0.677089 0.78185 0.650556 10 0.0
0.772772 0.004311 0.372767 8 0.998882
0.769903 0.006869 0.37175 8 0.998882
0.772334 0.004329 0.374047 8 0.998882
0.77564 0.001753 0.373784 8 0.998882
0.77321 0.004293 0.371487 8 0.998882
0.338413 0.387536 0.336183 8 0.0
0.380635 0.004429 0.361496 1 0.000221
0.54885 0.947156 0.700652 15 0.0
0.545531 0.965377 0.702732 15 0.0
0.526361 0.942478 0.70575 15 0.0
0.552168 0.928935 0.698572 15 0.0
0.571338 0.951834 0.695555 15 0.0
0.529842 0.784072 0.815528 10 0.0
0.288414 0.784086 0.563171 10 0.0
0.307658 0.782998 0.560718 10 0.0
0.29617 0.783824 0.624126 10 0.0
0.26917 0.785174 0.565624 10 0.0
0.280659 0.784348 0.502216 10 0.0
0.223275 0.776065 0.366299 2 0.99999
0.2227 0.201313 0.271696 2 0.0
0.223204 0.262673 0.266028 2 0.0
0.222638 0.204174 0.302669 2 0.0
0.222197 0.139953 0.277364 2 0.0
0.222763 0.198451 0.240723 2 0.0
0.227577 0.537808 0.18798 2 0.0
0.503483 0.038612 0.153518 7 0.0
0.493121 -0.002582 0.203501 1 0.0
0.679671 0.329184 0.291955 8 0.0
0.513094 0.879915 0.436658 15 0.0
0.509486 0.91685 0.434154 15 0.0
0.538123 0.882656 0.441027 15 0.0
0.516703 0.842979 0.439161 15 0.0
0.488065 0.877173 0.432289 15 0.0
0.621599 0.995297 0.491304 15 0.793905
0.776932 0.95032 0.392926 6 0.0
0.773737 0.710509 0.333113 6 0.0
0.610377 0.808231 0.656824 15 0.0
0.707226 0.691322 0.215871 7 0.0
0.700506 0.727629 0.202358 7 0.0
0.71995 0.697987 0.22745 7 0.0
0.713945 0.655016 0.229383 7 0.0
0.694502 0.684658 0.204292 7 0.0
0.380645 0.790854 0.788094 15 0.0
0.227181 0.002123 0.264733 3 0.938841
0.244803 0.784856 0.622084 10 0.0
0.772012 0.017156 0.247603 6 0.0
0.449713 0.972199 0.154293 7 0.0
0.347563 0.790983 0.790033 12 0.000183
0.696356 0.781736 0.753765 10 0.74856
0.426 0.89587 0.836004 13 0.985334
0.764924 0.915426 0.36313 16 0.999992
0.770467 0.941994 0.365942 16 0.999992
0.764309 0.912081 0.395933 16 0.999992
0.75938 0.888857 0.360317 16 0.999992
0.765538 0.91877 0.330326 16 0.999992
0.735017 0.041307 0.375459 8 0.0
0.742444 0.052279 0.375093 8 0.0
0.722916 0.049515 0.375962 8 0.0
0.727589 0.030335 0.375825 8 0.0
0.747117 0.033099 0.374956 8 0.0
0.77613 0.115346 0.150208 7 1.0
0.567644 0.954926 0.831991 12 0.0
0.571616 0.968905 0.832015 12 0.0
0.548347 0.960399 0.837419 12 0.0
0.563673 0.940947 0.831967 12 0.0
0.586941 0.949453 0.826562 12 0.0
0.569984 0.002677 0.353279 1 0.0
0.237244 0.68667 0.160988 2 0.604218
0.523966 0.282144 0.222909 9 0.0
0.546886 0.287223 0.22323 9 0.0
0.523146 0.284336 0.24682 9 0.0
0.501045 0.277064 0.222589 9 0.0
0.524786 0.279951 0.198998 9 0.0
0.225993 0.142009 0.357176 2 0.0
0.502848 0.001687 0.342692 1 0.0
0.329716 0.029036 0.20281 1 0.0
0.658485 0.997527 0.698074 14 0.0
0.626202 0.997789 0.737156 14 0.0
0.674484 0.997722 0.711288 14 0.0
0.690768 0.997266 0.658991 14 0.0
0.642486 0.997332 0.684859 14 0.0
0.752738 0.247326 0.155358 7 0.0
0.751515 0.354324 0.335515 5 3e-06
0.289815 0.783117 0.501835 10 0.0
0.271423 0.783848 0.500946 10 0.0
0.287768 0.785604 0.546212 10 0.0
0.308207 0.782387 0.502724 10 0.0
0.291861 0.780631 0.457458 10 0.0
0.362482 0.004316 0.362458 1 0.162598
0.511115 0.617767 0.37613 8 0.0
0.6261 0.059669 0.375796 8 0.0
0.580184 0.06697 0.376521 8 0.0
0.623306 0.042151 0.375199 8 0.0
0.672017 0.052369 0.37507 8 0.0
0.628895 0.077188 0.376393 8 0.0
0.324947 0.259829 0.371635 8 0.0
0.485116 0.970432 0.154247 7 3.2e-05
0.731728 0.382976 0.155945 7 0.0
0.4833 0.038323 0.153228 7 0.0
0.771476 0.791701 0.487873 16 0.000788
0.765307 0.508406 0.360851 5 6e-06
0.773255 0.377666 0.18477 6 0.0
0.638789 0.782151 0.474523 10 0.0
0.633295 0.782794 0.482713 10 0.0
0.660869 0.785001 0.48911 10 0.0
0.644283 0.781508 0.466333 10 0.0
0.616709 0.779302 0.459936 10 0.0
0.662797 0.46773 0.20341 8 0.0
0.66045 0.493859 0.202104 8 0.0
0.660527 0.468361 0.220111 8 0.0
0.665144 0.441602 0.204715 8 0.0
0.665067 0.4671 0.186708 8 0.0
0.227806 0.997221 0.425602 14 0.994082
0.475101 0.977225 0.839504 12 6.4e-05
0.474735 0.98551 0.839201 12 6.4e-05
0.488702 0.977802 0.838837 12 6.4e-05
0.475467 0.96894 0.839807 12 6.4e-05
0.4615 0.976649 0.840171 12 6.4e-05
0.685578 0.018483 0.371476 8 0.0
0.744786 0.415632 0.204314 5 2e-06
0.355834 0.352998 0.329029 9 0.0
0.342584 0.389009 0.33055 9 0.0
0.354914 0.352022 0.344107 9 0.0
0.369084 0.316986 0.327508 9 0.0
0.356754 0.353973 0.313951 9 0.0
0.773353 0.822601 0.583072 13 0.0
0.772241 0.836897 0.583205 13 0.0
0.772233 0.822339 0.601872 13 0.0
0.774465 0.808306 0.582939 13 0.0
0.774473 0.822863 0.564272 13 0.0
0.546559 0.995757 0.702739 15 0.999825
0.23879 0.27886 0.369763 8 0.094243
0.310198 0.307417 0.370901 8 0.0
0.521489 0.016173 0.367293 8 0.0
0.764114 0.819799 0.393079 16 0.0
0.224392 0.245853 0.348808 2 0.0
0.607422 0.996976 0.702902 14 0.0
0.540131 0.795516 0.713249 15 3e-06
0.44917 0.998875 0.702348 15 0.999941
0.223313 0.476568 0.327966 2 0.0
0.771742 0.276962 0.335079 6 0.0
0.381066 0.032885 0.372417 8 0.0
0.776789 0.187867 0.289936 6 0.0
0.778054 0.24611 0.293749 6 0.0
0.776859 0.186179 0.315692 6 0.0
0.775524 0.129624 0.286123 6 0.0
0.776718 0.189555 0.26418 6 0.0
0.721301 0.831081 0.686805 16 0.0
0.71431 0.822707 0.709746 16 0.0
0.729213 0.816749 0.683985 16 0.0
0.728292 0.839456 0.663863 16 0.0
0.713389 0.845413 0.689625 16 0.0
0.751964 0.979532 0.620936 16 1e-06
0.720294 0.815262 0.729384 12 0.0
0.710103 0.816029 0.742118 12 0.0
0.720155 0.80957 0.729615 12 0.0
0.730486 0.814494 0.716649 12 0.0
0.720434 0.820954 0.729152 12 0.0
0.704155 0.968279 0.46621 14 1e-05
0.725249 0.962326 0.460272 14 1e-05
0.711549 0.963117 0.497648 14 1e-05
0.683061 0.974232 0.472149 14 1e-05
0.696761 0.973441 0.434773 14 1e-05
0.50381 0.613001 0.163885 8 0.121284
0.272372 0.081262 0.37025 8 0.0
0.277307 0.106605 0.370686 8 0.0
0.257319 0.084193 0.370222 8 0.0
0.267438 0.055919 0.369814 8 0.0
0.287426 0.078331 0.370279 8 0.0
0.497363 1.000319 0.341902 14 0.0
0.497434 1.000232 0.369874 14 0.0
0.41375 1.000273 0.342114 14 0.0
0.497292 1.000406 0.313929 14 0.0
0.580976 1.000364 0.34169 14 0.0
0.230085 0.209145 0.355543 2 0.993131
0.280484 0.320571 0.372575 8 0.0
0.352062 0.522078 0.183408 8 0.0
0.361615 0.541294 0.18302 8 0.0
0.353229 0.521732 0.194996 8 0.0
0.342509 0.502863 0.183795 8 0.0
0.350895 0.522425 0.17182 8 0.0
0.372529 0.998686 0.424279 14 0.0
0.750838 0.209906 0.157561 7 0.0
0.77485 0.342206 0.349222 5 0.0
0.313102 0.671498 0.153824 7 0.0
0.222523 0.443141 0.239939 2 0.0
0.433104 0.297287 0.161192 8 0.996831
0.439243 0.599155 0.167527 8 0.795597
0.725952 0.993124 0.445764 14 0.0
0.264929 0.251648 0.150625 7 0.0
0.254624 0.870539 0.156902 7 0.0
0.769777 0.479938 0.347351 16 0.0
0.223699 0.841031 0.17442 2 0.002523
0.22293 0.198246 0.262747 2 0.0
0.22319 0.19928 0.296285 2 0.0
0.22309 0.136226 0.264658 2 0.0
0.222669 0.197212 0.229209 2 0.0
0.222769 0.260265 0.260836 2 0.0
0.773014 0.788982 0.459886 10 0.999983
0.424658 0.613227 0.155614 7 0.002926
0.633688 0.797214 0.802092 12 0.0
0.772988 0.789765 0.483716 12 0.0
0.610227 0.993389 0.667937 15 0.0
0.370419 0.561029 0.159296 8 5e-06
0.491509 0.277607 0.213875 9 0.0
0.482025 0.279137 0.233959 9 0.0
0.507856 0.277697 0.221587 9 0.0
0.500993 0.276077 0.19379 9 0.0
0.475162 0.277517 0.206163 9 0.0
0.298871 0.265324 0.150921 7 0.0
0.275189 0.196767 0.14993 7 0.0
0.380865 0.782636 0.677555 10 0.0
0.653805 0.540166 0.152718 8 0.989536
0.69974 0.774247 0.396767 10 0.0
0.748485 0.838086 0.357061 5 1.7e-05
0.724933 0.339453 0.376901 8 0.0
0.260524 0.932216 0.153338 7 0.0
0.255269 0.954913 0.154459 7 0.0
0.273872 0.935335 0.152765 7 0.0
0.265779 0.909518 0.152217 7 0.0
0.247176 0.929097 0.153911 7 0.0
0.633452 0.044733 0.301531 1 0.0
0.497028 0.050354 0.290665 1 1.6e-05
0.66088 1.00013 0.325104 14 0.0
0.625107 1.001412 0.327594 14 0.0
0.664536 1.00332 0.375991 14 0.0
0.696654 0.998847 0.322615 14 0.0
0.657225 0.996939 0.274218 14 0.0
0.603834 -0.004295 0.187669 1 0.0
0.286815 0.597927 0.155097 8 3.9e-05
0.632613 0.99761 0.667616 14 0.0
0.224633 0.897628 0.358317 2 0.0
0.225431 0.928325 0.357688 2 0.0
0.225729 0.898876 0.420548 2 0.0
0.223835 0.866931 0.358947 2 0.0
0.223537 0.89638 0.296086 2 0.0
0.22258 0.444673 0.239631 2 0.0
0.616721 0.824762 0.674896 15 0.0
0.276439 0.461293 0.35963 8 0.0
0.653636 0.261935 0.378466 8 0.0
0.32901 0.781438 0.462107 10 0.0
0.316653 0.78073 0.447106 10 0.0
0.305233 0.78487 0.481531 10 0.0
0.341366 0.782147 0.477108 10 0.0
0.352786 0.778007 0.442683 10 0.0
0.65986 0.99972 0.510764 14 0.0
0.384216 0.997451 0.665475 15 0.013479
0.295024 0.456916 0.155124 7 0.0
0.669813 0.449687 0.304979 8 0.0
0.670442 0.446549 0.282466 8 0.0
0.657012 0.490919 0.298874 8 0.0
0.669184 0.452825 0.327493 8 0.0
0.682614 0.408455 0.311084 8 0.0
0.669375 0.449407 0.170339 8 0.00037
0.765577 0.777304 0.370767 16 0.991722
0.493799 1.000984 0.315803 14 0.0
0.409727 1.000038 0.299183 14 0.0
0.487051 1.000829 0.349947 14 0.0
0.577871 1.001931 0.332424 14 0.0
0.500548 1.00114 0.28166 14 0.0
0.660998 0.850108 0.578677 15 2.9e-05
0.664216 0.862323 0.582544 15 2.9e-05
0.654387 0.84037 0.614938 15 2.9e-05
0.657779 0.837893 0.57481 15 2.9e-05
0.667608 0.859847 0.542416 15 2.9e-05
0.551548 0.600453 0.192852 8 0.0
0.526027 0.607437 0.191804 8 0.0
0.550806 0.599702 0.205922 8 0.0
0.577069 0.593469 0.1939 8 0.0
0.55229 0.601204 0.179782 8 0.0
0.221943 0.657084 0.252977 2 0.0
0.257773 0.203188 0.248179 2 0.0
0.773962 0.961844 0.395036 6 0.0
0.233332 0.026158 0.337657 2 1e-06
0.23372 0.035442 0.339447 2 1e-06
0.232448 0.023905 0.349535 2 1e-06
0.232945 0.016874 0.335867 2 1e-06
0.234217 0.028412 0.325779 2 1e-06
0.401567 0.993899 0.669047 15 0.668267
0.456315 0.158878 0.15215 7 0.0
0.459003 0.197134 0.152468 7 0.0
0.385914 0.16382 0.152619 7 0.0
0.453627 0.120621 0.151831 7 0.0
0.526716 0.153935 0.15168 7 0.0
0.303592 0.269131 0.157331 7 0.0
0.708772 0.998244 0.51925 14 0.0
0.284416 0.186049 0.370921 8 0.0
0.769993 0.051857 0.336119 6 0.0
0.769522 0.070072 0.332325 6 0.0
0.770181 0.054602 0.349273 6 0.0
0.770463 0.033642 0.339912 6 0.0
0.769805 0.049113 0.322964 6 0.0
0.771005 0.831012 0.428166 5 0.224648
0.771681 0.846956 0.427718 5 0.224648
0.767443 0.832366 0.470973 5 0.224648
0.77033 0.815068 0.428615 5 0.224648
0.774567 0.829658 0.38536 5 0.224648
0.225847 0.584506 0.177936 2 0.0
0.741327 0.876624 0.286336 5 0.0
0.745982 0.879871 0.244174 5 0.0
0.739033 0.906053 0.288349 5 0.0
0.736673 0.873377 0.328498 5 0.0
0.743621 0.847195 0.284323 5 0.0
0.779326 0.880608 0.20403 6 5.4e-05
0.778049 0.919244 0.201542 6 5.4e-05
0.77995 0.881701 0.220682 6 5.4e-05
0.780603 0.841972 0.206518 6 5.4e-05
0.778702 0.879515 0.187378 6 5.4e-05
0.541971 0.679201 0.153016 7 0.0
0.659839 0.491795 0.183776 8 0.0
0.654001 0.519397 0.18598 8 0.0
0.658798 0.490722 0.194449 8 0.0
0.665678 0.464193 0.181572 8 0.0
0.660881 0.492867 0.173102 8 0.0
0.227099 0.392683 0.366116 8 0.882775
0.762582 0.352782 0.155701 7 0.0
0.226694 0.104768 0.361387 2 0.0
0.758038 0.657386 0.180766 5 6e-06
0.222419 0.710934 0.202294 2 0.0
0.226563 0.409114 0.355255 2 0.0
0.730066 0.433876 0.376413 8 0.0
0.653097 0.367667 0.15283 8 0.999996
0.713144 0.408064 0.375909 8 0.0
0.642193 0.779489 0.616917 10 1.3e-05
0.75566 0.486205 0.369153 8 0.001291
0.713469 0.672178 0.154183 7 0.0
0.680174 0.431997 0.153921 7 0.999556
0.526274 0.695012 0.153112 7 0.0
0.775813 0.350496 0.279284 6 0.0
0.657282 0.385869 0.333717 8 0.0
0.662567 0.427293 0.334303 8 0.0
0.659189 0.38543 0.347555 8 0.0
0.651997 0.344444 0.333131 8 0.0
0.655374 0.386308 0.31988 8 0.0
0.755738 0.997285 0.501033 14 0.0
0.3964 0.159602 0.373088 8 0.0
0.349956 0.199079 0.372788 8 0.0
0.370799 0.129474 0.371958 8 0.0
0.442843 0.120125 0.373388 8 0.0
0.422001 0.189729 0.374217 8 0.0
0.525257 0.141466 0.376086 8 0.0
0.51912 0.182613 0.376062 8 0.0
0.594848 0.151846 0.377142 8 0.0
0.531394 0.100318 0.376111 8 0.0
0.455665 0.131086 0.375031 8 0.0
0.777576 0.172737 0.290532 16 0.0
0.778837 0.226108 0.282776 16 0.0
0.77748 0.176318 0.315158 16 0.0
0.776315 0.119366 0.298288 16 0.0
0.777672 0.169156 0.265906 16 0.0
0.774503 0.851269 0.534756 12 0.0
0.774579 0.873761 0.535606 12 0.0
0.773039 0.850056 0.566985 12 0.0
0.774427 0.828776 0.533907 12 0.0
0.775968 0.852481 0.502528 12 0.0
0.224857 0.523561 0.338131 2 0.0
0.384815 0.830928 0.47415 15 1e-06
0.776517 0.599181 0.264021 16 0.0
0.774027 0.637075 0.341941 6 0.0
0.617124 0.643579 0.198686 8 0.0
0.586448 0.661631 0.201587 8 0.0
0.627633 0.66161 0.197609 8 0.0
0.647801 0.625527 0.195785 8 0.0
0.606615 0.625548 0.199763 8 0.0
0.667338 0.478691 0.162402 8 0.0
0.728248 0.355713 0.156476 7 0.0
0.761482 0.993196 0.443741 14 0.0
0.22653 0.220001 0.35477 2 0.0
0.745184 0.272172 0.372425 8 0.00049
0.777312 0.41478 0.264825 16 0.0
0.468917 0.252796 0.152692 7 0.0
0.681222 0.39936 0.378528 8 0.0
0.496335 0.274641 0.153504 8 0.718154
0.327177 0.899381 0.775799 12 0.0
0.314709 0.901815 0.765181 12 0.0
0.331362 0.930461 0.778011 12 0.0
0.339645 0.896946 0.786418 12 0.0
0.322992 0.868301 0.773588 12 0.0
0.695663 0.936397 0.758357 12 0.0
0.701949 0.955155 0.75307 12 0.0
0.683298 0.94419 0.771302 12 0.0
0.689377 0.91764 0.763645 12 0.0
0.708027 0.928605 0.745413 12 0.0
0.728121 0.83699 0.644081 16 2e-06
0.717434 0.838188 0.665227 16 2e-06
0.734476 0.821151 0.64819 16 2e-06
0.738809 0.835792 0.622935 16 2e-06
0.721767 0.852829 0.639972 16 2e-06
0.718098 0.203811 0.154174 7 0.0
0.737423 0.203761 0.154507 7 0.0
0.718249 0.265314 0.154643 7 0.0
0.698774 0.203861 0.153842 7 0.0
0.717947 0.142308 0.153705 7 0.0
0.253584 0.205178 0.151073 7 1e-06
0.774509 0.037933 0.207314 6 0.0
0.774203 0.051221 0.204586 6 0.0
0.774722 0.041661 0.225451 6 0.0
0.774815 0.024645 0.210043 6 0.0
0.774296 0.034204 0.189178 6 0.0
0.222365 0.159445 0.178013 2 0.092707
0.775177 0.033538 0.223528 16 0.0
0.774808 0.045085 0.224234 16 0.0
0.775338 0.032128 0.246665 16 0.0
0.775546 0.02199 0.222822 16 0.0
0.775015 0.034947 0.200391 16 0.0
0.770441 0.875174 0.541984 16 0.0
0.773058 0.887248 0.508876 16 0.0
0.769622 0.901954 0.551685 16 0.0
0.767823 0.863101 0.575091 16 0.0
0.771259 0.848394 0.532282 16 0.0
0.347143 0.881234 0.767925 2 1e-06
0.35095 0.906636 0.765252 2 1e-06
0.36405 0.880665 0.786591 2 1e-06
0.343337 0.855832 0.770597 2 1e-06
0.330237 0.881804 0.749258 2 1e-06
0.23614 0.915571 0.644653 12 0.0
0.240781 0.913857 0.660601 12 0.0
0.235657 0.888793 0.641915 12 0.0
0.231498 0.917286 0.628706 12 0.0
0.236622 0.94235 0.647392 12 0.0
0.227325 0.888505 0.49991 2 0.0
0.229376 0.894478 0.547471 2 0.0
0.227444 0.854637 0.504158 2 0.0
0.225273 0.882533 0.452349 2 0.0
0.227205 0.922374 0.495662 2 0.0
0.582929 0.998517 0.758754 14 0.0
0.540015 0.998422 0.777889 14 0.0
0.59165 0.99847 0.778313 14 0.0
0.625842 0.998612 0.73962 14 0.0
0.574208 0.998564 0.739195 14 0.0
0.2995 0.855702 0.753418 12 0.0
0.302191 0.880413 0.755599 12 0.0
0.310503 0.853396 0.765964 12 0.0
0.296809 0.83099 0.751237 12 0.0
0.288497 0.858007 0.740871 12 0.0
0.773405 0.040847 0.35092 6 0.0
0.774114 0.054703 0.346636 6 0.0
0.773255 0.043116 0.358235 6 0.0
0.772695 0.026991 0.355203 6 0.0
0.773555 0.038578 0.343604 6 0.0
0.409318 0.081603 0.150266 7 0.0
0.404028 0.104616 0.149665 7 0.0
0.467775 0.09501 0.149125 7 0.0
0.414608 0.05859 0.150868 7 0.0
0.350861 0.068196 0.151408 7 0.0
0.539083 0.830312 0.837522 11 0.0
0.558721 0.837716 0.834135 11 0.0
0.533368 0.845219 0.836965 11 0.0
0.519445 0.822909 0.840908 11 0.0
0.544799 0.815406 0.838078 11 0.0
0.718919 0.729072 0.153683 7 0.0
0.598745 0.790813 0.819471 10 0.0
0.296008 0.864215 0.747212 12 0.0
0.296353 0.890904 0.746949 12 0.0
0.308022 0.864197 0.761126 12 0.0
0.295662 0.837527 0.747475 12 0.0
0.283993 0.864234 0.733298 12 0.0
0.768246 0.016101 0.311634 16 0.0
0.560082 0.947406 0.832909 12 0.0
0.577965 0.937454 0.828106 12 0.0
0.567533 0.960964 0.832557 12 0.0
0.542199 0.957358 0.837712 12 0.0
0.552632 0.933848 0.833261 12 0.0
0.677943 0.837249 0.760384 16 0.0
0.666224 0.848672 0.769148 16 0.0
0.67078 0.823067 0.769291 16 0.0
0.689662 0.825825 0.751619 16 0.0
0.685106 0.851431 0.751476 16 0.0
0.244808 0.029569 0.350265 8 0.000182
0.252186 0.038648 0.3438 8 0.000182
0.244762 0.032726 0.354646 8 0.000182
0.237431 0.020489 0.356731 8 0.000182
0.244855 0.026411 0.345885 8 0.000182
0.433811 0.885348 0.828865 12 0.0
0.449973 0.884556 0.832948 12 0.0
0.435438 0.915653 0.828301 12 0.0
0.417648 0.88614 0.824783 12 0.0
0.432183 0.855042 0.82943 12 0.0
0.603452 0.961282 0.820724 12 0.0
0.607741 0.972747 0.8208 12 0.0
0.587956 0.967035 0.827207 12 0.0
0.599163 0.949816 0.820647 12 0.0
0.618947 0.955528 0.81424 12 0.0
0.246423 0.224358 0.15531 7 0.000449
0.270015 0.977173 0.660514 14 0.00827
0.261118 0.978116 0.663911 14 0.00827
0.278664 0.975463 0.683644 14 0.00827
0.278913 0.976229 0.657117 14 0.00827
0.261367 0.978882 0.637383 14 0.00827
0.754007 0.990821 0.604479 15 0.0
0.225805 0.921556 0.156603 7 0.997544
0.531366 0.785683 0.828053 10 0.0
0.745761 0.794358 0.680734 12 1e-06
0.240892 0.047196 0.370153 8 0.0
0.246984 0.046461 0.3697 8 0.0
0.239128 0.031774 0.37146 8 0.0
0.234799 0.047931 0.370605 8 0.0
0.242655 0.062618 0.368846 8 0.0
0.608818 0.974399 0.661332 15 0.0
0.609772 0.984036 0.661501 15 0.0
0.592577 0.975732 0.677018 15 0.0
0.607864 0.964762 0.661164 15 0.0
0.625059 0.973065 0.645647 15 0.0
0.591404 0.020747 0.37112 8 0.0
0.223784 0.879718 0.170999 2 0.001883
0.693553 0.781224 0.722473 10 4.6e-05
0.225452 -0.001204 0.311602 1 1.0
0.226811 0.513518 0.173963 2 0.0
0.225777 0.002145 0.249286 1 0.999819
0.297901 0.948759 0.750397 12 0.0
0.295933 0.964868 0.749989 12 0.0
0.311729 0.950852 0.766332 12 0.0
0.29987 0.93265 0.750804 12 0.0
0.284074 0.946667 0.734462 12 0.0
0.774354 0.105827 0.348043 5 0.0
0.331524 0.796206 0.782816 12 2.5e-05
0.775312 0.00175 0.221198 1 0.995125
0.569781 0.866744 0.831308 12 0.0
0.570414 0.89478 0.829878 12 0.0
0.552292 0.867376 0.835954 12 0.0
0.569148 0.838707 0.832738 12 0.0
0.58727 0.866112 0.826662 12 0.0
0.415211 0.874536 0.828874 12 0.0
0.434168 0.871511 0.834612 12 0.0
0.411243 0.844867 0.826343 12 0.0
0.396254 0.87756 0.823136 12 0.0
0.419179 0.904204 0.831405 12 0.0
0.328676 0.453024 0.327161 8 0.0
0.345816 0.49164 0.327174 8 0.0
0.32667 0.453909 0.343121 8 0.0
0.311536 0.414408 0.327148 8 0.0
0.330681 0.452139 0.311201 8 0.0
0.289316 0.003653 0.359377 1 1e-06
0.684441 0.03977 0.374882 8 0.0
0.713843 0.03526 0.374217 8 0.0
0.686292 0.051783 0.375258 8 0.0
0.655039 0.04428 0.375548 8 0.0
0.68259 0.027757 0.374507 8 0.0
0.774278 0.935781 0.462454 16 0.0
0.684915 0.011633 0.332324 1 0.0
0.716867 0.007444 0.340187 1 0.0
0.681595 0.010957 0.345455 1 0.0
0.652964 0.015822 0.32446 1 0.0
0.688235 0.012309 0.319193 1 0.0
0.227498 0.215967 0.356279 2 0.000493
0.703599 0.001111 0.160745 1 0.985972
0.49972 0.00426 0.191459 1 0.0
0.572075 0.297789 0.304859 4 0.0
0.599629 0.311628 0.298948 4 0.0
0.576159 0.29855 0.32568 4 0.0
0.54452 0.28395 0.31077 4 0.0
0.56799 0.297028 0.284038 4 0.0
0.635488 0.968516 0.604883 15 0.0
0.635875 0.979579 0.606676 15 0.0
0.628777 0.964975 0.628169 15 0.0
0.635102 0.957454 0.603089 15 0.0
0.6422 0.972058 0.581596 15 0.0
0.774564 0.614906 0.317326 5 0.0
0.549622 1.00151 0.178745 14 0.001506
0.228001 0.892581 0.154529 7 0.981925
0.489835 0.267369 0.334018 4 0.0
0.377962 0.785494 0.805472 10 0.0
0.223772 0.004056 0.316672 2 0.999944
0.779274 0.226425 0.205342 6 0.0
0.596442 0.817694 0.821253 12 0.0
0.577415 0.820439 0.828635 12 0.0
0.594928 0.805677 0.821819 12 0.0
0.615468 0.814949 0.813871 12 0.0
0.597956 0.82971 0.820688 12 0.0
0.673168 0.7827 0.748401 10 0.0
0.774844 0.005197 0.242366 16 7e-06
0.776662 0.122188 0.312482 6 0.0
0.776442 0.15947 0.30501 6 0.0
0.776624 0.125701 0.330016 6 0.0
0.776883 0.084905 0.319954 6 0.0
0.776701 0.118674 0.294949 6 0.0
0.349898 0.328402 0.298854 8 0.0
0.34292 0.385289 0.288935 8 0.0
0.348527 0.332261 0.321951 8 0.0
0.356876 0.271516 0.308773 8 0.0
0.351269 0.324543 0.275757 8 0.0
0.54763 0.965375 0.440198 15 0.0
0.546957 0.976299 0.439188 15 0.0
0.572752 0.967798 0.449671 15 0.0
0.548303 0.954452 0.441207 15 0.0
0.522508 0.962952 0.430724 15 0.0
0.455426 0.789206 0.831162 12 0.0
0.420951 0.880291 0.826946 12 0.0
0.436792 0.879435 0.83115 12 0.0
0.419203 0.85081 0.827529 12 0.0
0.40511 0.881147 0.822742 12 0.0
0.4227 0.909772 0.826363 12 0.0
0.408685 0.935284 0.681695 15 0.0
0.415184 0.954243 0.687935 15 0.0
0.418618 0.929 0.690444 15 0.0
0.402187 0.916325 0.675456 15 0.0
0.398753 0.941568 0.672947 15 0.0
0.507212 0.961965 0.706445 15 0.0
0.506244 0.974974 0.707451 15 0.0
0.530551 0.963609 0.707639 15 0.0
0.508179 0.948956 0.705438 15 0.0
0.483873 0.960321 0.70525 15 0.0
0.720729 0.002587 0.329838 1 0.0
0.701742 0.002502 0.326892 1 0.0
0.718293 0.002114 0.345548 1 0.0
0.739716 0.002673 0.332785 1 0.0
0.723164 0.00306 0.314128 1 0.0
0.578017 0.022046 0.289376 1 0.0
0.63534 0.021975 0.294641 1 0.0
0.575602 0.023278 0.315679 1 0.0
0.520693 0.022116 0.284111 1 0.0
0.580431 0.020813 0.263073 1 0.0
0.253156 0.782542 0.458174 10 8.5e-05
0.570229 0.290853 0.167785 8 1e-06
0.225199 0.026179 0.368431 3 0.918609
0.355725 0.549526 0.329403 4 0.0
0.362153 0.000975 0.178337 1 0.000522
0.56699 0.929797 0.45275 15 0.0
0.561667 0.950499 0.447109 15 0.0
0.589275 0.938583 0.463963 15 0.0
0.572313 0.909095 0.458391 15 0.0
0.544706 0.921012 0.441537 15 0.0
0.7638 0.242414 0.156115 7 1e-06
0.462014 0.901107 0.154119 7 0.0
0.463905 0.93205 0.154496 7 0.0
0.536809 0.896546 0.153387 7 0.0
0.460124 0.870164 0.153743 7 0.0
0.387219 0.905668 0.154852 7 0.0
0.608931 0.013233 0.365891 8 0.0
0.552237 0.061677 0.152393 7 0.0
0.273615 0.540951 0.371497 8 0.0
0.245467 0.377627 0.372958 8 0.0
0.491407 0.04311 0.153565 7 0.0
0.613963 0.794024 0.650491 15 0.001326
0.752998 0.88756 0.186594 5 0.0
0.296185 0.996732 0.569982 14 0.00973
0.273663 0.99691 0.572238 14 0.00973
0.301777 0.997807 0.625706 14 0.00973
0.318706 0.996555 0.567725 14 0.00973
0.290592 0.995658 0.514257 14 0.00973
0.76384 0.994629 0.17269 14 1.4e-05
0.758792 0.994966 0.171682 14 1.4e-05
0.762139 0.993401 0.180801 14 1.4e-05
0.768889 0.994291 0.173698 14 1.4e-05
0.765542 0.995857 0.164579 14 1.4e-05
0.638965 0.824772 0.78888 16 0.0
0.500199 0.998132 0.716641 14 0.0
0.77447 0.504088 0.178471 6 0.0
0.228648 0.002955 0.262446 1 0.034119
0.740663 0.995848 0.490995 14 0.0
0.774812 0.848337 0.545877 12 0.0
0.774848 0.869926 0.545463 12 0.0
0.773425 0.848842 0.572028 12 0.0
0.774776 0.826749 0.546291 12 0.0
0.7762 0.847833 0.519726 12 0.0
0.771826 0.569631 0.326962 6 0.0
0.316496 0.543951 0.156516 7 0.0
0.438676 0.593162 0.297848 8 0.0
0.456815 0.600253 0.292428 8 0.0
0.444167 0.598744 0.323531 8 0.0
0.420537 0.586071 0.303267 8 0.0
0.433184 0.58758 0.272164 8 0.0
0.602034 0.063984 0.154928 7 0.0
0.602825 0.085275 0.15464 7 0.0
0.547065 0.066017 0.1542 7 0.0
0.601242 0.042693 0.155216 7 0.0
0.657002 0.061951 0.155656 7 0.0
0.337429 0.398996 0.296443 8 0.0
0.337479 0.445277 0.295602 8 0.0
0.337416 0.399413 0.319378 8 0.0
0.33738 0.352715 0.297284 8 0.0
0.337443 0.398579 0.273509 8 0.0
0.388438 0.325139 0.163215 8 0.991861
0.778668 0.327416 0.172623 16 0.000389
0.221897 0.765275 0.33243 2 0.0
0.551872 0.811822 0.724091 16 0.961099
0.764573 0.564938 0.349486 6 0.0
0.744602 0.880687 0.66497 16 0.0
0.739834 0.883577 0.679177 16 0.0
0.742132 0.861788 0.667985 16 0.0
0.74937 0.877797 0.650763 16 0.0
0.747072 0.899586 0.661955 16 0.0
0.306336 0.016659 0.370347 8 0.000476
0.738128 0.802191 0.69907 12 0.0
0.733518 0.802675 0.70763 12 0.0
0.738775 0.794461 0.699855 12 0.0
0.742738 0.801708 0.69051 12 0.0
0.737482 0.809921 0.698285 12 0.0
0.431618 0.893213 0.807873 13 0.0
0.452719 0.892176 0.814252 13 0.0
0.429292 0.865474 0.811061 13 0.0
0.410517 0.894249 0.801494 13 0.0
0.433944 0.920951 0.804684 13 0.0
0.439467 0.28863 0.327013 4 0.0
0.439862 0.287158 0.342224 4 0.0
0.482197 0.282628 0.325322 4 0.0
0.439072 0.290103 0.311802 4 0.0
0.396737 0.294633 0.328704 4 0.0
0.297995 0.428513 0.331893 8 0.0
0.504232 0.022862 0.372057 8 0.0
0.244671 0.146 0.369648 8 0.0
0.72139 0.802535 0.727495 12 0.0
0.709871 0.800793 0.743507 12 0.0
0.72165 0.794875 0.726848 12 0.0
0.73291 0.804277 0.711483 12 0.0
0.72113 0.810195 0.728141 12 0.0
0.698225 0.997767 0.595455 14 0.0
0.717105 0.997441 0.600037 14 0.0
0.683669 0.996638 0.65534 14 0.0
0.679345 0.998093 0.590872 14 0.0
0.712781 0.998896 0.535569 14 0.0
0.378683 0.562305 0.168209 8 0.000137
0.693675 0.782078 0.46287 10 0.0
0.669418 0.781028 0.468214 10 0.0
0.699781 0.783189 0.490804 10 0.0
0.717933 0.783128 0.457527 10 0.0
0.68757 0.780967 0.434937 10 0.0
0.375369 0.999387 0.396955 14 0.0
0.392323 0.999557 0.411726 14 0.0
0.331771 0.998404 0.447006 14 0.0
0.358416 0.999216 0.382183 14 0.0
0.418968 1.000369 0.346903 14 0.0
0.223938 0.694993 0.191209 2 0.0
0.489212 0.274806 0.156789 8 0.82436
0.374108 0.580954 0.15521 7 0.0
0.237876 0.017704 0.153376 7 0.885079
0.24391 0.010396 0.153057 7 0.885079
0.2338 0.014368 0.152689 7 0.885079
0.231841 0.025012 0.153696 7 0.885079
0.241952 0.02104 0.154063 7 0.885079
0.375575 0.995767 0.632668 15 0.999255
0.379003 0.998511 0.493616 15 0.614543
0.242005 0.188509 0.369979 8 0.0
0.407017 0.992257 0.669642 14 0.943715
0.736603 0.535866 0.376757 8 4.6e-05
0.391154 0.780067 0.658925 15 0.998645
0.773566 0.096485 0.355042 6 0.0
0.231182 0.005024 0.290843 1 0.012758
0.779745 0.65395 0.199359 6 0.0
0.684968 0.996906 0.699221 14 0.0
0.710036 0.996034 0.664141 14 0.0
0.69743 0.996721 0.70813 14 0.0
0.659901 0.997778 0.734301 14 0.0
0.672507 0.997091 0.690312 14 0.0
0.602114 0.001323 0.34491 1 0.0
0.225528 0.493978 0.336158 2 0.0
0.697778 1.001674 0.339842 14 0.0
0.67348 1.002412 0.342039 14 0.0
0.703061 1.002803 0.397896 14 0.0
0.722076 1.000936 0.337645 14 0.0
0.692496 1.000545 0.281788 14 0.0
0.774068 0.792326 0.456885 16 1.5e-05
0.775258 0.552387 0.307448 16 0.0
0.769812 0.755395 0.371002 8 0.963599
0.349567 0.78491 0.562226 15 0.985946
0.499032 0.254299 0.290843 8 0.0
0.490549 0.257 0.316256 8 0.0
0.528337 0.257393 0.300296 8 0.0
0.507515 0.251598 0.26543 8 0.0
0.469727 0.251205 0.28139 8 0.0
0.581665 0.620001 0.186605 7 7.8e-05
0.462941 0.275985 0.153286 8 0.986476
0.477929 0.895349 0.763896 14 0.998937
0.505017 0.879643 0.774489 14 0.998937
0.456988 0.86847 0.777592 14 0.998937
0.450841 0.911055 0.753303 14 0.998937
0.49887 0.922229 0.7502 14 0.998937
0.754757 0.667726 0.15541 7 0.0
0.764204 0.938195 0.428542 13 0.0
0.764035 0.956661 0.428013 13 0.0
0.76631 0.939452 0.471771 13 0.0
0.764373 0.919729 0.42907 13 0.0
0.762097 0.936937 0.385312 13 0.0
0.222395 0.175499 0.195443 2 0.0
0.639453 0.201726 0.153223 7 0.0
0.676065 0.260365 0.154078 7 0.0
0.663565 0.186672 0.153215 7 0.0
0.602841 0.143087 0.152368 7 0.0
0.615342 0.21678 0.153231 7 0.0
0.255913 0.343931 0.257574 2 0.0
0.266804 0.399802 0.264539 2 0.0
0.257808 0.339811 0.287656 2 0.0
0.245021 0.288059 0.250608 2 0.0
0.254017 0.34805 0.227491 2 0.0
0.320649 0.364989 0.169825 7 0.984831
0.425588 0.608806 0.374294 8 0.0
0.220076 0.55575 0.26108 2 0.0
0.623677 0.991582 0.648839 15 2e-06
0.395997 0.31214 0.300684 9 0.0
0.394986 0.311491 0.324555 9 0.0
0.419364 0.283052 0.300883 9 0.0
0.397009 0.312789 0.276812 9 0.0
0.37263 0.341228 0.300484 9 0.0
0.744206 0.284892 0.34084 5 0.0
0.774021 0.094653 0.330548 6 0.0
0.774615 0.125313 0.327504 6 0.0
0.773615 0.096046 0.344503 6 0.0
0.773427 0.063992 0.333592 6 0.0
0.774427 0.093259 0.316593 6 0.0
0.775604 0.295999 0.282315 16 0.0
0.421001 0.006902 0.368274 8 1.0
0.757632 0.509211 0.372246 8 9.4e-05
0.499606 -0.001268 0.197657 1 0.0
0.284634 0.55088 0.152784 7 0.0
0.400915 0.998434 0.173525 14 0.007352
0.3257 0.401691 0.15155 4 0.384156
0.5621 0.287232 0.158236 8 0.787278
0.637977 1.001081 0.357421 14 0.0
0.663359 1.00083 0.342643 14 0.0
0.668663 1.000415 0.410139 14 0.0
0.612595 1.001332 0.372198 14 0.0
0.607291 1.001746 0.304702 14 0.0
0.352858 0.214322 0.371459 8 0.0
0.319141 0.2777 0.371341 8 0.0
0.329054 0.201657 0.370393 8 0.0
0.386575 0.150944 0.371577 8 0.0
0.376661 0.226988 0.372525 8 0.0
0.559266 0.779716 0.708424 10 0.0
0.41102 0.304777 0.230332 9 0.0
0.401302 0.31058 0.239564 9 0.0
0.429344 0.295566 0.255412 9 0.0
0.420738 0.298974 0.2211 9 0.0
0.392696 0.313988 0.205252 9 0.0
0.726553 0.411102 0.378531 8 0.0
0.620927 0.567271 0.372965 8 0.0
0.778201 0.304102 0.284751 6 0.0
0.777033 0.582018 0.170069 16 0.0
0.425223 0.289043 0.311131 8 0.0
0.422282 0.290034 0.331761 8 0.0
0.455587 0.258229 0.316939 8 0.0
0.428163 0.288051 0.2905 8 0.0
0.394858 0.319856 0.305322 8 0.0
0.67808 0.395834 0.375224 8 0.0
0.776237 0.962532 0.373605 6 0.0
0.775957 0.958942 0.387557 16 0.0
0.226875 0.492631 0.187015 2 0.0
0.347884 0.506064 0.34074 8 0.0
0.358032 0.52986 0.34147 8 0.0
0.346353 0.50636 0.3524 8 0.0
0.337735 0.482268 0.340011 8 0.0
0.349415 0.505769 0.329081 8 0.0
0.77431 0.788974 0.346279 6 0.0
0.551148 0.291439 0.215704 4 0.0
0.556414 0.290847 0.195161 4 0.0
0.570037 0.299894 0.220303 4 0.0
0.545881 0.29203 0.236247 4 0.0
0.532258 0.282984 0.211105 4 0.0
0.273418 0.362388 0.151111 7 0.0
0.707211 0.518772 0.377532 8 0.0
0.442952 0.637981 0.152872 7 0.0
0.506645 0.785492 0.738747 10 0.0
0.244587 0.641971 0.343055 2 0.001306
0.651977 0.365026 0.33291 9 0.999926
0.229733 0.646485 0.369291 8 0.996156
0.654473 0.331964 0.269459 8 0.0
0.65429 0.334236 0.24602 8 0.0
0.662714 0.38504 0.27454 8 0.0
0.654656 0.329691 0.292899 8 0.0
0.646232 0.278887 0.264379 8 0.0
0.398543 0.308343 0.153628 8 0.953311
0.775352 0.991103 0.395632 16 0.415462
0.264514 0.61151 0.177413 8 0.99884
0.222476 0.283198 0.200349 2 0.0
0.224598 0.594411 0.215535 2 0.0
0.762079 0.337462 0.352847 16 0.0
0.736145 0.775099 0.273903 6 0.0
0.728973 0.841846 0.263557 6 0.0
0.736377 0.779471 0.301952 6 0.0
0.743316 0.708352 0.284248 6 0.0
0.735913 0.770727 0.245854 6 0.0
0.314598 0.379206 0.151716 7 0.0
0.707329 0.574887 0.382982 8 0.0
0.244037 0.942979 0.155189 7 0.019773
0.241565 0.963351 0.156062 7 0.019773
0.252991 0.94408 0.154865 7 0.019773
0.246509 0.922608 0.154316 7 0.019773
0.235082 0.941879 0.155513 7 0.019773
0.408345 0.602091 0.153475 7 0.0
0.424515 0.284982 0.375464 8 0.0
0.319174 0.524239 0.151581 7 0.0
0.575871 0.274479 0.169153 8 0.0
0.340034 0.864289 0.786975 12 0.0
0.324876 0.862621 0.775855 12 0.0
0.338093 0.890904 0.785629 12 0.0
0.355191 0.865957 0.798096 12 0.0
0.341975 0.837674 0.788322 12 0.0
0.777929 0.869073 0.307009 16 0.0
0.778436 0.896992 0.350709 16 0.0
0.778058 0.839032 0.326201 16 0.0
0.777422 0.841154 0.26331 16 0.0
0.777801 0.899114 0.287818 16 0.0
0.700943 1.000057 0.197596 14 0.005036
0.726113 0.999889 0.197377 14 0.005036
0.701078 1.000695 0.21263 14 0.005036
0.675773 1.000224 0.197814 14 0.005036
0.700808 0.999418 0.182562 14 0.005036
0.650259 0.851383 0.780631 16 0.0
0.643179 0.867041 0.785882 16 0.0
0.636815 0.842457 0.789122 16 0.0
0.657338 0.835725 0.77538 16 0.0
0.663703 0.860309 0.77214 16 0.0
0.226357 0.983927 0.192376 2 0.015502
0.226341 0.988967 0.193304 2 0.015502
0.227739 0.981253 0.206923 2 0.015502
0.226373 0.978888 0.191448 2 0.015502
0.224976 0.986601 0.177829 2 0.015502
0.264366 0.946905 0.701545 12 0.0
0.261881 0.963744 0.700873 12 0.0
0.27421 0.949057 0.71907 12 0.0
0.266851 0.930067 0.702217 12 0.0
0.254522 0.944753 0.68402 12 0.0
0.775389 0.056041 0.37 16 0.99931
0.63542 0.896426 0.781393 16 1e-06
0.627031 0.927356 0.790019 16 1e-06
0.62414 0.891308 0.788771 16 1e-06
0.643809 0.865496 0.772766 16 1e-06
0.6467 0.901543 0.774014 16 1e-06
0.762712 0.806186 0.632645 12 0.0
0.767237 0.805891 0.612841 12 0.0
0.762775 0.815087 0.632527 12 0.0
0.758187 0.806481 0.652448 12 0.0
0.762649 0.797285 0.632763 12 0.0
0.302125 0.813541 0.757654 12 0.0
0.302358 0.825195 0.759716 12 0.0
0.31708 0.81058 0.772706 12 0.0
0.301892 0.801888 0.755593 12 0.0
0.28717 0.816503 0.742602 12 0.0
0.290595 0.783848 0.651868 10 0.0
0.305249 0.783485 0.645874 10 0.0
0.306134 0.783878 0.689864 10 0.0
0.27594 0.784211 0.657861 10 0.0
0.275055 0.783818 0.613872 10 0.0
0.769827 0.03141 0.349445 6 0.0
0.770382 0.04214 0.352413 6 0.0
0.76963 0.029436 0.356618 6 0.0
0.769272 0.02068 0.346476 6 0.0
0.770024 0.033385 0.342271 6 0.0
0.480322 0.1394 0.152212 7 0.0
0.473536 0.180976 0.152042 7 0.0
0.557624 0.152014 0.151474 7 0.0
0.487107 0.097824 0.152382 7 0.0
0.403019 0.126787 0.15295 7 0.0
0.567466 0.071236 0.375872 8 0.0
0.567314 0.093766 0.376305 8 0.0
0.629747 0.071667 0.375292 8 0.0
0.567618 0.048706 0.37544 8 0.0
0.505186 0.070805 0.376452 8 0.0
0.530901 0.794841 0.83857 12 0.0
0.772352 0.886253 0.487832 12 0.0
0.773235 0.913966 0.478261 12 0.0
0.771801 0.902819 0.53575 12 0.0
0.771468 0.85854 0.497402 12 0.0
0.772902 0.869688 0.439913 12 0.0
0.5986 0.795168 0.820408 12 0.0
0.65424 0.932568 0.794967 12 0.0
0.646351 0.953768 0.798556 12 0.0
0.640687 0.92577 0.805331 12 0.0
0.66213 0.911369 0.791377 12 0.0
0.667793 0.939367 0.784603 12 0.0
0.656556 0.797649 0.672381 15 0.0
0.574749 0.901392 0.829509 12 0.0
0.572038 0.932566 0.831045 12 0.0
0.556961 0.899616 0.834163 12 0.0
0.57746 0.870218 0.827972 12 0.0
0.592537 0.903169 0.824854 12 0.0
0.772425 0.024382 0.250758 6 0.0
0.64871 0.975908 0.794327 12 0.0
0.648903 0.984804 0.794573 12 0.0
0.627686 0.97598 0.808179 12 0.0
0.648518 0.967012 0.794082 12 0.0
0.669735 0.975836 0.780476 12 0.0
0.267696 -0.001715 0.223167 1 0.0
0.252468 -0.000797 0.227135 1 0.0
0.273757 -0.003167 0.246763 1 0.0
0.282925 -0.002633 0.219199 1 0.0
0.261636 -0.000263 0.19957 1 0.0
0.238143 0.003607 0.347828 1 0.0
0.232436 0.003263 0.347454 1 0.0
0.237539 0.003494 0.35715 1 0.0
0.243851 0.003951 0.348203 1 0.0
0.238747 0.00372 0.338507 1 0.0
0.377448 0.327578 0.335364 8 0.0
0.355019 0.345697 0.329998 8 0.0
0.375334 0.328356 0.346827 8 0.0
0.399877 0.309459 0.34073 8 0.0
0.379562 0.3268 0.323901 8 0.0
0.518253 0.926439 0.839069 12 0.0
0.538158 0.925086 0.837586 12 0.0
0.519933 0.949926 0.840191 12 0.0
0.498348 0.927791 0.840552 12 0.0
0.516573 0.902952 0.837947 12 0.0
0.546179 0.039122 0.152822 7 0.0
0.464536 0.979949 0.154062 7 0.0
0.701532 0.962018 0.749312 12 0.0
0.704036 0.971893 0.746724 12 0.0
0.687625 0.969697 0.765159 12 0.0
0.699029 0.952143 0.751899 12 0.0
0.71544 0.95434 0.733464 12 0.0
0.768306 0.243673 0.368156 5 0.855922
0.666148 0.923494 0.785442 12 0.0
0.660289 0.950022 0.791509 12 0.0
0.653073 0.918431 0.794952 12 0.0
0.672008 0.896967 0.779374 12 0.0
0.679224 0.928558 0.775932 12 0.0
0.773229 0.010153 0.215154 16 2.1e-05
0.712451 0.008882 0.369601 8 2.4e-05
0.223912 0.02057 0.259947 2 0.038891
0.46093 0.060046 0.150532 7 0.0
0.766679 0.964094 0.472938 5 0.0
0.732797 0.99464 0.692541 14 0.0
0.391925 0.112091 0.373546 8 0.0
0.338959 0.11933 0.372402 8 0.0
0.387131 0.076951 0.373134 8 0.0
0.444891 0.104851 0.37469 8 0.0
0.396719 0.147231 0.373958 8 0.0
0.693339 0.995217 0.154816 7 0.966951
0.585442 0.027425 0.154005 7 0.0
0.315186 0.388094 0.337671 8 0.0
0.398615 0.998161 0.823574 12 0.998345
0.577826 0.782626 0.807983 10 0.0
0.692131 0.003038 0.342936 1 0.0
0.720292 0.002826 0.346986 1 0.0
0.690674 0.002111 0.353018 1 0.0
0.663971 0.003249 0.338886 1 0.0
0.693588 0.003964 0.332854 1 0.0
0.742354 0.690655 0.327923 5 5e-06
0.601719 -0.002601 0.211614 1 0.0
0.545968 -0.003856 0.214751 1 0.0
0.602825 -0.003213 0.231045 1 0.0
0.657469 -0.001346 0.208478 1 0.0
0.600612 -0.00199 0.192183 1 0.0
0.642174 0.992046 0.548535 15 0.993383
0.493676 0.00056 0.323958 1 0.0
0.49163 1.001081 0.214954 14 6.1e-05
0.232497 0.616281 0.160065 7 0.999034
0.604547 0.106271 0.377595 8 0.0
0.610164 0.138705 0.378382 8 0.0
0.656162 0.097347 0.376992 8 0.0
0.59893 0.073837 0.376808 8 0.0
0.552932 0.115196 0.378198 8 0.0
0.482329 0.961863 0.735757 15 0.0
0.480909 0.97361 0.738729 15 0.0
0.508906 0.964308 0.738791 15 0.0
0.483749 0.950117 0.732785 15 0.0
0.455752 0.959419 0.732723 15 0.0
0.712568 0.968889 0.659041 14 0.001624
0.521087 0.976947 0.837134 12 0.0
0.52158 0.985274 0.836643 12 0.0
0.494677 0.97862 0.838978 12 0.0
0.520594 0.968621 0.837626 12 0.0
0.547497 0.975275 0.835291 12 0.0
0.428468 0.963663 0.705415 15 0.0
0.426863 0.974293 0.706561 15 0.0
0.450614 0.96554 0.719017 15 0.0
0.430072 0.953034 0.70427 15 0.0
0.406321 0.961786 0.691813 15 0.0
0.472203 0.024767 0.155845 7 0.0
0.414876 0.86826 0.824663 13 0.0
0.4273 0.859304 0.829399 13 0.0
0.40478 0.85224 0.820855 13 0.0
0.402452 0.877216 0.819927 13 0.0
0.424973 0.884279 0.828471 13 0.0
0.312572 0.996381 0.748698 14 0.0
0.476821 0.998468 0.779667 14 0.0
0.52337 0.998449 0.784961 14 0.0
0.474565 0.998547 0.799501 14 0.0
0.430272 0.998487 0.774373 14 0.0
0.479076 0.998389 0.759833 14 0.0
0.539143 0.034301 0.343343 7 5e-06
0.240025 0.164483 0.369318 8 0.65294
0.634599 0.370492 0.285499 8 0.0
0.654741 0.404408 0.276269 8 0.0
0.638422 0.373216 0.303849 8 0.0
0.614457 0.336576 0.29473 8 0.0
0.630776 0.367768 0.267149 8 0.0
0.279022 0.37519 0.155302 7 0.0
0.667933 0.998468 0.687194 14 0.0
0.639407 0.998576 0.727375 14 0.0
0.684979 0.998686 0.699295 14 0.0
0.696458 0.998359 0.647014 14 0.0
0.650887 0.998249 0.675093 14 0.0
0.287129 0.783326 0.42884 10 0.0
0.272762 0.78942 0.436405 10 0.0
0.295424 0.787688 0.441079 10 0.0
0.301495 0.777232 0.421275 10 0.0
0.278834 0.778964 0.4166 10 0.0
0.365225 0.961276 0.153886 7 0.0
0.557306 0.011698 0.369564 8 0.150411
0.630216 0.04043 0.374897 8 0.0
0.266591 0.549697 0.371424 8 0.0
0.775364 0.192021 0.334937 16 0.0
0.558242 0.015101 0.371326 8 0.0
0.502948 0.14407 0.153203 7 0.0
0.493662 0.182532 0.153034 7 0.0
0.419239 0.12386 0.152976 7 0.0
0.512234 0.105609 0.153373 7 0.0
0.586657 0.164281 0.15343 7 0.0
0.618518 0.782238 0.653349 10 0.999344
0.333307 0.433899 0.165524 8 0.275592
0.316899 0.76858 0.391993 10 0.0
0.771976 0.002872 0.246272 1 0.311677
0.332812 0.250837 0.294063 2 1e-06
0.267343 0.996696 0.616873 14 0.003453
0.708262 0.009974 0.373771 8 0.0
0.737251 0.999438 0.343098 14 0.0
0.586159 0.314852 0.300543 8 0.0
0.612723 0.335806 0.319795 8 0.0
0.582098 0.307434 0.314219 8 0.0
0.559594 0.293899 0.28129 8 0.0
0.590219 0.32227 0.286867 8 0.0
0.224382 0.746725 0.170392 3 0.018692
0.655784 0.043809 0.180528 7 0.0
0.337813 0.493169 0.168605 8 0.0
0.646569 0.534372 0.15896 8 0.240649
0.406245 0.99688 0.740633 14 0.0
0.345203 0.305348 0.151578 7 0.0
0.745221 0.458941 0.374116 8 6e-06
0.262195 0.133342 0.370823 8 0.0
0.717366 0.822443 0.683498 16 5e-06
0.709459 0.823164 0.707962 16 5e-06
0.723594 0.810747 0.685855 16 5e-06
0.725272 0.821722 0.659034 16 5e-06
0.711137 0.834139 0.68114 16 5e-06
0.407397 0.90007 0.822627 12 0.0
0.423559 0.897669 0.827967 12 0.0
0.403766 0.868277 0.81932 12 0.0
0.391234 0.902471 0.817287 12 0.0
0.411028 0.931862 0.825933 12 0.0
0.654266 0.404675 0.291062 8 0.0
0.664877 0.438804 0.276353 8 0.0
0.659241 0.412535 0.312889 8 0.0
0.643656 0.370545 0.305771 8 0.0
0.649291 0.396815 0.269235 8 0.0
0.583727 0.302825 0.179345 9 0.0
0.60354 0.313508 0.180254 9 0.0
0.582745 0.303768 0.18966 9 0.0
0.563915 0.292143 0.178435 9 0.0
0.584709 0.301883 0.169029 9 0.0
0.645585 0.782154 0.716718 10 0.0
0.609315 0.782367 0.752689 10 0.0
0.658642 0.782673 0.72988 10 0.0
0.681856 0.781942 0.680746 10 0.0
0.632529 0.781635 0.703556 10 0.0
0.226804 0.335957 0.368625 8 0.000174
0.223817 0.934903 0.15603 2 0.999598
0.715225 0.81156 0.713733 13 3e-06
0.775444 0.158906 0.319376 16 0.0
0.231082 0.794874 0.511147 2 0.0
0.225468 0.2467 0.358095 2 0.0
0.71895 0.951077 0.330153 14 0.0
0.73672 0.952172 0.330493 14 0.0
0.71748 0.960309 0.377225 14 0.0
0.70118 0.949982 0.329813 14 0.0
0.72042 0.941845 0.283081 14 0.0
0.600724 1.001104 0.436875 14 0.0
0.7745 0.412959 0.363505 5 0.0
0.554939 0.599169 0.296926 8 0.0
0.530209 0.606053 0.291529 8 0.0
0.549838 0.601222 0.322922 8 0.0
0.579669 0.592284 0.302322 8 0.0
0.56004 0.597115 0.27093 8 0.0
0.758468 0.566388 0.370832 8 0.999038
0.234106 0.003536 0.28123 1 8e-06
0.610667 0.000845 0.330669 1 0.0
0.229724 0.785711 0.568861 10 0.806282
0.363678 0.031084 0.294963 1 0.0
0.321012 0.036937 0.288292 1 0.0
0.360791 0.034683 0.316579 1 0.0
0.406343 0.025231 0.301635 1 0.0
0.366564 0.027485 0.273347 1 0.0
0.774056 0.807202 0.424008 16 0.998214
0.775305 0.534435 0.317028 6 0.0
0.44279 0.786683 0.817647 12 0.0
0.67577 0.369929 0.341718 8 1e-06
0.672313 0.370312 0.329909 8 1e-06
0.681917 0.40755 0.341141 8 1e-06
0.679227 0.369545 0.353528 8 1e-06
0.669624 0.332307 0.342296 8 1e-06
0.338878 0.965267 0.464613 14 0.000355
0.342185 0.972303 0.466347 14 0.000355
0.336369 0.960774 0.487633 14 0.000355
0.33557 0.958232 0.46288 14 0.000355
0.341386 0.96976 0.441594 14 0.000355
0.617656 0.612181 0.152802 7 0.0
0.223582 0.359411 0.209296 2 0.0
0.56434 0.013118 0.154912 7 0.005572
0.329318 0.784101 0.626323 10 0.0
0.385983 0.326164 0.230725 8 0.0
0.397973 0.316371 0.253121 8 0.0
0.399716 0.31261 0.217446 8 0.0
0.373992 0.335958 0.208329 8 0.0
0.372249 0.339718 0.244004 8 0.0
0.777382 0.966093 0.359504 6 0.0
0.64286 0.798947 0.705668 10 0.0
0.223603 0.690271 0.235072 3 0.0
0.297837 0.035026 0.371872 8 0.0
0.273628 0.032878 0.372395 8 0.0
0.298855 0.023772 0.372797 8 0.0
0.322045 0.037173 0.371348 8 0.0
0.296818 0.046279 0.370946 8 0.0
0.224872 0.683509 0.17874 2 1e-06
0.579096 0.601922 0.159403 8 0.0
0.404043 0.581314 0.18639 8 0.0
0.41955 0.588465 0.196677 8 0.0
0.400648 0.578993 0.193121 8 0.0
0.388536 0.574162 0.176103 8 0.0
0.407438 0.583635 0.179659 8 0.0
0.761477 0.907779 0.598647 13 0.0
0.764231 0.914364 0.580986 13 0.0
0.760777 0.929278 0.606554 13 0.0
0.758723 0.901193 0.616308 13 0.0
0.762177 0.886279 0.59074 13 0.0
0.250319 0.996573 0.608944 14 0.045282
0.342773 0.385792 0.177301 8 3.5e-05
0.333477 0.403347 0.17454 8 3.5e-05
0.343061 0.387418 0.186667 8 3.5e-05
0.352069 0.368237 0.180063 8 3.5e-05
0.342485 0.384166 0.167936 8 3.5e-05
0.776574 0.628409 0.253543 16 0.0
0.569511 0.059151 0.178976 7 0.0
0.569565 0.078975 0.179355 7 0.0
0.6315 0.058898 0.183366 7 0.0
0.569458 0.039326 0.178596 7 0.0
0.507523 0.059403 0.174585 7 0.0
0.766516 0.824801 0.155099 7 0.192718
0.223084 0.292605 0.289858 2 0.0
0.777035 0.686442 0.264206 16 0.0
0.77552 0.785474 0.26186 16 0.0
0.776909 0.687251 0.298447 16 0.0
0.77855 0.587409 0.266551 16 0.0
0.777161 0.685633 0.229965 16 0.0
0.350704 0.998552 0.366976 14 0.0
0.377716 0.999203 0.379501 14 0.0
0.320961 0.997944 0.431153 14 0.0
0.323692 0.997901 0.354451 14 0.0
0.380447 0.99916 0.302799 14 0.0
0.623526 -0.000794 0.263305 1 0.0
0.672561 0.000574 0.26466 1 0.0
0.622558 -0.00028 0.297791 1 0.0
0.574491 -0.002162 0.261949 1 0.0
0.624494 -0.001308 0.228819 1 0.0
0.708218 0.999774 0.440173 14 0.0
0.775867 0.942548 0.293719 6 0.0
0.776686 0.961385 0.292757 6 0.0
0.777959 0.944806 0.339727 6 0.0
0.775047 0.923711 0.29468 6 0.0
0.773775 0.940291 0.247711 6 0.0
0.773081 0.389061 0.329474 16 0.0
0.77771 0.338261 0.264339 16 0.0
0.770712 0.254077 0.180938 5 0.0
0.676457 0.412685 0.3733 8 0.0
0.327137 0.755586 0.152475 7 0.0
0.359892 0.752984 0.151956 7 0.0
0.321203 0.68078 0.152964 7 0.0
0.294382 0.758188 0.152995 7 0.0
0.333071 0.830392 0.151987 7 0.0
0.470467 0.795222 0.726711 16 3e-06
0.222224 0.668569 0.302319 2 0.0
0.345473 0.505995 0.358196 8 0.0
0.354278 0.523342 0.358325 8 0.0
0.345464 0.50595 0.364854 8 0.0
0.336668 0.488648 0.358067 8 0.0
0.345482 0.50604 0.351537 8 0.0
0.762731 0.204804 0.371436 8 0.447737
0.344642 0.996593 0.692155 14 0.0
0.380005 0.997146 0.737739 14 0.0
0.329315 0.995986 0.704053 14 0.0
0.309279 0.996041 0.64657 14 0.0
0.359969 0.997201 0.680257 14 0.0
0.223703 0.628954 0.255531 2 0.0
0.735689 0.999797 0.399056 14 0.0
0.555265 0.29087 0.197382 9 0.0
0.577199 0.299899 0.198442 9 0.0
0.554057 0.291986 0.212876 9 0.0
0.533332 0.281841 0.196321 9 0.0
0.556474 0.289754 0.181887 9 0.0
0.451142 0.781972 0.713995 10 0.01429
0.222958 0.361082 0.186096 3 0.0
0.519898 0.993189 0.172526 14 0.993727
0.776802 0.680881 0.288645 6 0.0
0.389542 0.981298 0.47897 15 0.091472
0.390216 0.988292 0.478879 15 0.091472
0.377934 0.982596 0.492688 15 0.091472
0.388868 0.974305 0.479061 15 0.091472
0.40115 0.980001 0.465253 15 0.091472
0.222123 0.580052 0.269725 2 0.0
0.762405 0.354 0.156227 7 4.4e-05
0.433179 0.290593 0.299463 4 0.0
0.386944 0.296985 0.287424 4 0.0
0.428173 0.290693 0.318741 4 0.0
0.479413 0.284201 0.311502 4 0.0
0.438184 0.290493 0.280186 4 0.0
0.669443 0.434628 0.338634 8 0.0
0.673642 0.461564 0.338608 8 0.0
0.671181 0.43437 0.351806 8 0.0
0.665244 0.407692 0.338659 8 0.0
0.667705 0.434886 0.325462 8 0.0
0.238261 0.182553 0.155071 7 5e-06
0.408054 0.782579 0.689609 10 0.999946
0.330803 0.473597 0.154043 8 0.99978
0.669312 0.466353 0.364261 8 0.0
0.767802 0.375043 0.354425 5 0.0
0.770306 0.604434 0.210648 5 0.0
0.226811 0.604328 0.240322 2 0.0
0.706111 0.998317 0.456851 14 0.0
0.483101 0.946846 0.179909 7 2.6e-05
0.643674 0.348427 0.181871 8 0.0
0.650091 0.358058 0.18307 8 0.0
0.641098 0.34885 0.192256 8 0.0
0.637257 0.338795 0.180672 8 0.0
0.64625 0.348003 0.171486 8 0.0
0.230074 0.576806 0.176828 3 0.0
0.320628 0.501575 0.371815 9 0.0
0.235727 0.490819 0.158478 7 0.967213
0.771999 0.563575 0.220254 5 0.0
0.351356 0.988783 0.536587 15 0.0
0.629287 0.562874 0.156281 7 0.99999
0.709715 0.249836 0.153911 7 0.0
0.232057 0.516789 0.371697 8 0.036927
0.642082 0.530031 0.359575 8 0.0
0.26315 0.236478 0.150672 7 0.0
0.692897 0.373983 0.378698 8 0.0
0.764229 0.366313 0.192748 5 0.0
0.656196 0.511335 0.365451 8 0.0
0.257574 0.808377 0.682046 12 7e-06
0.257755 0.818023 0.682292 12 7e-06
0.265965 0.807706 0.702148 12 7e-06
0.257392 0.798732 0.6818 12 7e-06
0.249182 0.809048 0.661945 12 7e-06
0.745504 0.797332 0.676948 16 0.0
0.283599 0.849994 0.735027 11 0.0
0.282898 0.873213 0.737512 11 0.0
0.294987 0.848948 0.748015 11 0.0
0.2843 0.826775 0.732542 11 0.0
0.272211 0.85104 0.722039 11 0.0
0.591398 0.86528 0.813091 13 0.0
0.586723 0.885988 0.816051 13 0.0
0.576007 0.861099 0.818035 13 0.0
0.596072 0.844572 0.810131 13 0.0
0.606788 0.869461 0.808147 13 0.0
0.754014 0.848894 0.665329 12 0.0
0.756432 0.868507 0.658158 12 0.0
0.747453 0.855564 0.681362 12 0.0
0.751596 0.829281 0.6725 12 0.0
0.760575 0.842223 0.649296 12 0.0
0.375715 0.86255 0.809386 12 0.0
0.392099 0.863034 0.817838 12 0.0
0.376428 0.836507 0.809499 12 0.0
0.359331 0.862065 0.800934 12 0.0
0.375002 0.888592 0.809274 12 0.0
0.772219 0.899223 0.550171 16 0.0
0.774651 0.914219 0.517621 16 0.0
0.771197 0.927642 0.563188 16 0.0
0.769786 0.884226 0.582721 16 0.0
0.773241 0.870804 0.537154 16 0.0
0.257507 0.995712 0.253953 14 0.0
0.269345 0.995788 0.253897 14 0.0
0.257663 0.996845 0.288063 14 0.0
0.245669 0.995637 0.25401 14 0.0
0.257351 0.994579 0.219843 14 0.0
0.683559 0.867483 0.761079 15 0.0
0.304896 0.783927 0.612762 10 0.0
0.323764 0.782998 0.608306 10 0.0
0.317422 0.784794 0.665611 10 0.0
0.286028 0.784855 0.617219 10 0.0
0.29237 0.78306 0.559914 10 0.0
0.379996 0.003001 0.156726 1 0.999999
0.770932 0.035817 0.366902 8 0.004207
0.324745 0.936522 0.771145 12 0.0
0.337743 0.949366 0.78252 12 0.0
0.332738 0.922104 0.778291 12 0.0
0.311746 0.923678 0.759771 12 0.0
0.316751 0.95094 0.764 12 0.0
0.617892 0.060668 0.375759 8 0.0
0.619531 0.079809 0.376375 8 0.0
0.665788 0.056599 0.374777 8 0.0
0.616253 0.041528 0.375142 8 0.0
0.569996 0.064738 0.376741 8 0.0
0.774268 0.039746 0.263698 16 0.0
0.773148 0.040758 0.229368 16 0.0
0.774478 0.05326 0.26409 16 0.0
0.775388 0.038734 0.298029 16 0.0
0.774057 0.026232 0.263307 16 0.0
0.489115 0.847377 0.842157 12 0.0
0.505123 0.857456 0.842996 12 0.0
0.476703 0.867169 0.841223 12 0.0
0.473107 0.837298 0.841318 12 0.0
0.501527 0.827585 0.843091 12 0.0
0.546412 0.021003 0.156584 7 0.687297
0.504161 0.957207 0.153367 7 0.0
0.587264 0.792254 0.824433 12 0.0
0.342544 0.019227 0.369308 8 0.0
0.281841 0.833093 0.729797 11 0.0
0.281502 0.850644 0.729252 11 0.0
0.29465 0.833877 0.74706 11 0.0
0.282181 0.815542 0.730343 11 0.0
0.269032 0.832309 0.712535 11 0.0
0.24813 0.780877 0.680762 10 0.99678
0.772461 0.012775 0.228929 16 5.3e-05
0.290679 0.939001 0.739213 12 0.0
0.294551 0.9571 0.743891 12 0.0
0.304691 0.93162 0.756176 12 0.0
0.286807 0.920902 0.734536 12 0.0
0.276667 0.946383 0.722251 12 0.0
0.319533 0.855746 0.771194 12 0.0
0.32416 0.880296 0.774991 12 0.0
0.333287 0.851267 0.783397 12 0.0
0.314907 0.831197 0.767397 12 0.0
0.305779 0.860226 0.758991 12 0.0
0.431497 0.001313 0.179264 1 0.0
0.387097 0.327306 0.18895 9 0.0
0.369016 0.343161 0.183072 9 0.0
0.385364 0.329216 0.199436 9 0.0
0.405178 0.31145 0.194827 9 0.0
0.38883 0.325395 0.178464 9 0.0
0.367305 0.997427 0.809416 12 0.99581
0.445669 0.894074 0.8387 12 0.0
0.458585 0.896448 0.840257 12 0.0
0.439133 0.930683 0.83709 12 0.0
0.432752 0.891699 0.837144 12 0.0
0.452205 0.857464 0.840311 12 0.0
0.534151 0.983146 0.835005 15 0.0
0.592905 0.781997 0.752891 10 0.0
0.550469 0.782188 0.77434 10 0.0
0.60232 0.782876 0.77151 10 0.0
0.635341 0.781806 0.731442 10 0.0
0.58349 0.781119 0.734271 10 0.0
0.678561 0.972187 0.708342 14 0.93934
0.689009 0.960187 0.694398 14 0.93934
0.685189 0.979015 0.707432 14 0.93934
0.668113 0.984186 0.722287 14 0.93934
0.671933 0.965358 0.709253 14 0.93934
0.72669 0.083281 0.375595 8 0.0
0.74275 0.084436 0.375174 8 0.0
0.724826 0.109527 0.376493 8 0.0
0.710631 0.082126 0.376016 8 0.0
0.728555 0.057035 0.374698 8 0.0
0.664241 0.958644 0.782904 12 0.0
0.663429 0.97159 0.785177 12 0.0
0.648219 0.955546 0.794829 12 0.0
0.665053 0.945698 0.780631 12 0.0
0.680263 0.961743 0.770979 12 0.0
0.755721 0.04962 0.264754 16 0.0
0.77478 0.124705 0.345194 16 0.0
0.495529 0.034976 0.153239 7 0.0
0.742816 0.997798 0.354087 14 0.0
0.359592 0.82515 0.759244 2 7e-06
0.332373 0.996297 0.786306 12 0.951252
0.43305 0.05153 0.373521 8 0.0
0.227574 0.981771 0.374246 2 0.0
0.722563 0.802151 0.724185 12 0.0
0.710908 0.799769 0.74083 12 0.0
0.723122 0.79478 0.723522 12 0.0
0.734218 0.804533 0.707541 12 0.0
0.722004 0.809522 0.724849 12 0.0
0.496868 1.000892 0.227607 14 1.5e-05
0.264207 0.00216 0.321573 1 0.0
0.250586 0.002251 0.323709 1 0.0
0.266946 0.002797 0.339011 1 0.0
0.277828 0.00207 0.319437 1 0.0
0.261468 0.001523 0.304134 1 0.0
0.510189 0.831289 0.750875 16 1.4e-05
0.695822 0.003894 0.358898 1 0.0
0.254434 0.025458 0.153195 7 0.03798
0.257202 0.034963 0.152803 7 0.03798
0.266915 0.021805 0.152735 7 0.03798
0.251666 0.015954 0.153588 7 0.03798
0.241953 0.029112 0.153655 7 0.03798
0.23265 0.172847 0.257861 2 0.0
0.229038 0.22996 0.263283 2 0.0
0.233028 0.169673 0.291546 2 0.0
0.236262 0.115733 0.252439 2 0.0
0.232272 0.17602 0.224177 2 0.0
0.766811 0.000464 0.176628 1 0.911579
0.762778 0.001043 0.177549 1 0.911579
0.769109 0.001122 0.186285 1 0.911579
0.770844 -0.000116 0.175708 1 0.911579
0.764513 -0.000194 0.166972 1 0.911579
0.553416 0.022453 0.157758 7 0.0
0.457409 0.00334 0.364815 1 0.042713
0.632227 0.857441 0.600559 15 0.009064
0.632007 0.878791 0.603703 15 0.009064
0.627681 0.85317 0.629242 15 0.009064
0.632448 0.836092 0.597415 15 0.009064
0.636774 0.861713 0.571875 15 0.009064
0.233869 0.873989 0.638025 12 0.0
0.234999 0.90221 0.641589 12 0.0
0.237723 0.872054 0.652119 12 0.0
0.232738 0.845768 0.63446 12 0.0
0.230014 0.875924 0.623931 12 0.0
0.223961 0.56085 0.203286 2 0.0
0.490807 1.000411 0.160404 14 0.702215
0.240011 0.000709 0.191165 1 0.001282
0.232941 0.001141 0.190034 1 0.001282
0.237521 -0.000407 0.206302 1 0.001282
0.247082 0.000278 0.192297 1 0.001282
0.242501 0.001825 0.176029 1 0.001282
0.679944 0.992799 0.154833 7 0.806449
0.550023 0.919965 0.8341 12 0.0
0.570365 0.923818 0.830532 12 0.0
0.545608 0.94535 0.836341 12 0.0
0.529681 0.916112 0.837669 12 0.0
0.554438 0.89458 0.83186 12 0.0
0.773957 0.203198 0.169397 16 0.075243
0.54471 0.958713 0.83467 12 0.0
0.546794 0.973127 0.833631 12 0.0
0.519581 0.962631 0.838626 12 0.0
0.542627 0.944298 0.835709 12 0.0
0.569839 0.954794 0.830715 12 0.0
0.681682 0.81405 0.694538 10 0.0
0.404937 0.841339 0.824951 12 0.0
0.421981 0.833445 0.831476 12 0.0
0.396778 0.822363 0.823307 12 0.0
0.387894 0.849233 0.818426 12 0.0
0.413097 0.860315 0.826595 12 0.0
0.538682 -0.001633 0.199984 1 0.0
0.653132 0.396096 0.293769 8 0.0
0.658451 0.430704 0.282477 8 0.0
0.656583 0.403176 0.317094 8 0.0
0.647813 0.361488 0.305061 8 0.0
0.649681 0.389016 0.270444 8 0.0
0.430446 0.004854 0.353232 1 0.0
0.5888 0.938096 0.469923 15 0.0
0.591861 0.956429 0.468273 15 0.0
0.609964 0.936444 0.490835 15 0.0
0.585738 0.919763 0.471574 15 0.0
0.567635 0.939748 0.449012 15 0.0
0.772903 0.144759 0.344251 6 0.0
0.36561 0.010999 0.316184 1 0.0
0.322896 0.012001 0.318102 1 0.0
0.366451 0.011521 0.334638 1 0.0
0.408323 0.009997 0.314266 1 0.0
0.364769 0.010477 0.297731 1 0.0
0.546839 0.083767 0.36666 8 0.0
0.61778 0.085368 0.369206 8 0.0
0.547475 0.056751 0.365926 8 0.0
0.475898 0.082166 0.364113 8 0.0
0.546203 0.110782 0.367393 8 0.0
0.293281 0.782949 0.42252 10 0.0
0.269818 0.785593 0.42305 10 0.0
0.294159 0.787079 0.440788 10 0.0
0.316744 0.780305 0.42199 10 0.0
0.292403 0.77882 0.404252 10 0.0
0.282126 0.780782 0.32003 8 0.998588
0.223888 0.791954 0.187213 2 6e-06
0.223936 0.300478 0.317998 2 0.0
0.240574 0.992406 0.412733 2 0.000916
0.413544 0.002448 0.156968 1 0.999999
0.673176 0.992089 0.774561 16 0.0
0.343494 0.373461 0.32222 8 0.0
0.335962 0.419613 0.320303 8 0.0
0.342575 0.374047 0.339942 8 0.0
0.351026 0.327309 0.324137 8 0.0
0.344413 0.372874 0.304499 8 0.0
0.237307 0.997491 0.607736 14 0.914174
0.677297 0.120937 0.378115 8 0.0
0.708404 0.12342 0.377156 8 0.0
0.674265 0.159354 0.379242 8 0.0
0.64619 0.118454 0.379074 8 0.0
0.680328 0.082521 0.376988 8 0.0
0.654001 0.787736 0.791332 12 0.0
0.350981 0.997327 0.603572 15 0.118469
0.660792 0.998746 0.542604 14 0.0
0.249778 0.157218 0.370257 8 0.0
0.255587 0.996344 0.415244 14 0.0
0.221749 0.248483 0.203464 2 0.0
0.749932 0.140974 0.153316 7 0.0
0.227995 0.792864 0.509021 10 0.001323
0.260487 0.404124 0.372692 8 0.0
0.648145 0.021514 0.372619 8 0.0
0.246281 0.8233 0.30835 2 0.0
0.247348 0.830707 0.283705 2 0.0
0.251172 0.878427 0.325129 2 0.0
0.245213 0.815894 0.332994 2 0.0
0.24139 0.768174 0.291571 2 0.0
0.419563 0.993885 0.68664 15 0.000995
0.223538 0.005288 0.332416 3 0.99985
0.695413 0.385972 0.366727 8 0.999865
0.704455 0.379768 0.363667 8 0.999865
0.675418 0.356718 0.366961 8 0.999865
0.68637 0.392177 0.369787 8 0.999865
0.715407 0.415226 0.366493 8 0.999865
0.225041 0.363821 0.3188 2 0.0
0.247372 0.101862 0.371187 8 0.0
0.731719 0.789382 0.710049 13 1e-06
0.401276 0.889201 0.823915 12 0.0
0.421242 0.88866 0.831374 12 0.0
0.400337 0.853777 0.823861 12 0.0
0.38131 0.889742 0.816457 12 0.0
0.402215 0.924625 0.82397 12 0.0
0.546919 0.873834 0.426401 15 0.0
0.540434 0.907173 0.424169 15 0.0
0.576197 0.880602 0.44242 15 0.0
0.553405 0.840494 0.428634 15 0.0
0.517642 0.867065 0.410383 15 0.0
0.606257 0.316052 0.16961 8 1e-06
0.279794 0.400445 0.372464 8 0.0
0.226868 0.47508 0.272928 2 0.0
0.772438 0.791372 0.552828 16 3.5e-05
0.470076 0.787279 0.772556 10 0.0
0.740207 0.997591 0.531229 14 0.0
0.391865 0.57524 0.169089 8 0.256653
0.398299 0.586484 0.166138 8 0.256653
0.393571 0.575743 0.174723 8 0.256653
0.385431 0.563997 0.17204 8 0.256653
0.390159 0.574738 0.163456 8 0.256653
0.731381 0.994789 0.468592 14 0.0
0.35535 0.997071 0.461571 14 0.000352
0.406468 0.809525 0.463198 15 0.0
0.408711 0.821432 0.463922 15 0.0
0.387168 0.812069 0.481149 15 0.0
0.404224 0.797618 0.462474 15 0.0
0.425767 0.806981 0.445248 15 0.0
0.337102 0.480599 0.342644 8 0.0
0.335625 0.48086 0.3536 8 0.0
0.324387 0.450104 0.341659 8 0.0
0.338579 0.480337 0.331687 8 0.0
0.349818 0.511093 0.343629 8 0.0
0.746294 0.497112 0.159016 7 0.0
0.541699 0.612864 0.155661 8 0.999994
0.621408 0.559277 0.262429 8 0.0
0.602272 0.578502 0.257968 8 0.0
0.616685 0.56249 0.296539 8 0.0
0.640544 0.540051 0.26689 8 0.0
0.626131 0.556064 0.22832 8 0.0
0.489227 0.782831 0.717177 10 0.995633
0.225353 0.471117 0.328276 2 0.0
0.675389 0.997874 0.711153 14 0.0
0.702162 0.997607 0.678216 14 0.0
0.687468 0.997847 0.720972 14 0.0
0.648615 0.998141 0.744091 14 0.0
0.663309 0.997901 0.701334 14 0.0
0.6435 0.38379 0.25748 4 0.0
0.657758 0.408437 0.243524 4 0.0
0.647648 0.391754 0.275783 4 0.0
0.629243 0.359142 0.271437 4 0.0
0.639353 0.375825 0.239178 4 0.0
0.572262 0.597703 0.356821 8 0.0
0.546546 0.603457 0.355437 8 0.0
0.572077 0.598995 0.365624 8 0.0
0.597978 0.591949 0.358206 8 0.0
0.572447 0.596411 0.348018 8 0.0
0.6514 0.798406 0.794104 12 3e-06
0.641141 0.797744 0.803231 12 3e-06
0.652031 0.791926 0.794344 12 3e-06
0.661658 0.799068 0.784977 12 3e-06
0.650768 0.804886 0.793864 12 3e-06
0.343111 0.366756 0.156951 9 0.987172
0.340006 0.376558 0.155378 9 0.987172
0.33897 0.365644 0.158197 9 0.987172
0.346216 0.356954 0.158523 9 0.987172
0.347252 0.367868 0.155705 9 0.987172
0.222211 0.431599 0.264436 2 0.0
0.775081 0.802349 0.372792 16 0.0
0.524698 0.270593 0.36794 8 0.00027
0.764831 0.681608 0.369625 8 0.946941
0.562815 0.998587 0.696549 15 0.745696
0.774885 0.413801 0.362551 5 0.0
0.521185 0.606957 0.208235 8 0.0
0.491495 0.608583 0.212916 8 0.0
0.523844 0.605717 0.225529 8 0.0
0.550875 0.605331 0.203553 8 0.0
0.518526 0.608197 0.19094 8 0.0
0.685902 0.997063 0.633783 14 0.0
0.703452 0.996928 0.640778 14 0.0
0.664 0.997772 0.688751 14 0.0
0.668352 0.997199 0.626789 14 0.0
0.707804 0.996354 0.578816 14 0.0
0.624314 0.671398 0.153106 7 0.0
0.66138 0.510081 0.165516 8 0.0
0.538876 0.784717 0.816113 10 0.0
0.699013 0.001443 0.157319 1 0.99976
0.349193 0.78179 0.569437 10 0.200806
0.327352 0.756372 0.151617 7 0.0
0.359855 0.754113 0.151091 7 0.0
0.322186 0.682024 0.151747 7 0.0
0.294849 0.758631 0.152143 7 0.0
0.332518 0.83072 0.151487 7 0.0
0.774832 0.642879 0.332378 6 0.0
0.27358 0.372215 0.151496 7 0.0
0.389839 0.994255 0.660561 15 0.925484
0.659319 0.001491 0.155458 1 0.999996
0.613944 0.972492 0.413238 14 7e-06
0.301779 0.437251 0.372967 8 0.0
0.349844 0.783329 0.65784 10 0.0
0.630561 0.552102 0.16777 8 0.999659
0.369423 0.325259 0.152665 8 0.482836
0.734341 0.203575 0.153773 7 0.0
0.614072 0.990758 0.155485 7 0.543631
0.531197 0.794923 0.838717 12 0.0
0.235899 0.995 0.193587 14 0.156946
0.230512 0.995349 0.193506 14 0.156946
0.235814 0.997428 0.209655 14 0.156946
0.241286 0.994652 0.193668 14 0.156946
0.235983 0.992573 0.177518 14 0.156946
0.226445 0.489951 0.35756 2 0.0
0.522485 0.276923 0.154333 8 0.999975
0.598892 0.83441 0.821642 12 0.0
0.579015 0.839375 0.829443 12 0.0
0.59528 0.817549 0.82317 12 0.0
0.618769 0.829445 0.813842 12 0.0
0.602504 0.851271 0.820115 12 0.0
0.56334 0.816883 0.70013 15 0.0
0.564437 0.829642 0.700981 15 0.0
0.535707 0.818012 0.718832 15 0.0
0.562243 0.804125 0.699279 15 0.0
0.590973 0.815755 0.681428 15 0.0
0.431635 0.828745 0.828507 12 0.0
0.434761 0.843754 0.829373 12 0.0
0.448836 0.824946 0.832266 12 0.0
0.42851 0.813737 0.827641 12 0.0
0.414435 0.832544 0.824749 12 0.0
0.51415 0.942337 0.706419 15 0.0
0.490416 0.934546 0.706424 15 0.0
0.508591 0.959274 0.706849 15 0.0
0.537885 0.950128 0.706415 15 0.0
0.51971 0.9254 0.705989 15 0.0
0.699797 0.920397 0.189348 7 0.0
0.677768 0.940981 0.192501 7 0.0
0.688389 0.908048 0.190264 7 0.0
0.721825 0.899813 0.186196 7 0.0
0.711205 0.932746 0.188433 7 0.0
0.414753 0.882626 0.826376 12 0.0
0.431277 0.87786 0.831918 12 0.0
0.406038 0.849937 0.824244 12 0.0
0.398229 0.887393 0.820833 12 0.0
0.423468 0.915315 0.828507 12 0.0
0.335158 0.41065 0.159614 8 0.569302
0.362077 0.526649 0.318487 8 0.0
0.375563 0.548797 0.320776 8 0.0
0.359586 0.526296 0.336569 8 0.0
0.348591 0.5045 0.316197 8 0.0
0.364568 0.527001 0.300405 8 0.0
0.701054 0.095751 0.353385 8 0.0
0.689177 0.117364 0.356854 8 0.0
0.680856 0.084673 0.353259 8 0.0
0.71293 0.074137 0.349916 8 0.0
0.721251 0.106829 0.353512 8 0.0
0.5161 0.114179 0.374806 8 0.0
0.441023 0.117119 0.374353 8 0.0
0.514687 0.078022 0.374277 8 0.0
0.591176 0.111239 0.375259 8 0.0
0.517512 0.150336 0.375336 8 0.0
0.283366 0.415246 0.202869 8 0.0
0.422991 0.873733 0.810818 2 0.0
0.444964 0.871189 0.817165 2 0.0
0.420845 0.853055 0.809964 2 0.0
0.401019 0.876276 0.80447 2 0.0
0.425138 0.89441 0.811671 2 0.0
0.762607 0.587773 0.276544 5 0.0
0.338444 0.480456 0.340902 8 0.0
0.337015 0.481043 0.352562 8 0.0
0.330888 0.45251 0.341384 8 0.0
0.339873 0.479868 0.329243 8 0.0
0.346 0.508402 0.340421 8 0.0
0.748602 0.448831 0.157491 7 0.0
0.77094 0.849721 0.531074 13 0.0
0.77084 0.870634 0.534301 13 0.0
0.768135 0.843053 0.574203 13 0.0
0.77104 0.828808 0.527847 13 0.0
0.773745 0.856389 0.487945 13 0.0
0.639327 0.989312 0.552558 15 0.999993
0.770807 0.006468 0.234333 1 0.998787
0.226063 0.344101 0.35655 2 0.0
0.516435 0.785597 0.835342 12 0.0
0.762782 0.537033 0.357508 5 0.0
0.304383 0.299297 0.150841 7 0.0
0.25636 0.304081 0.151675 7 0.0
0.77295 0.260456 0.341688 6 0.0
0.740962 0.369728 0.168638 8 0.0
0.736419 0.411109 0.156557 7 0.0
0.316778 0.485781 0.156241 7 0.0
0.228984 0.704433 0.254633 2 0.0
0.307331 0.450753 0.319399 8 0.0
0.669581 0.430926 0.346746 8 0.0
0.50025 0.919559 0.152957 7 0.0
0.500741 0.945918 0.1533 7 0.0
0.583302 0.918015 0.152799 7 0.0
0.499759 0.8932 0.152613 7 0.0
0.417198 0.921103 0.153114 7 0.0
0.352846 0.99799 0.291222 14 0.0
0.389707 0.998506 0.276247 14 0.0
0.369551 0.999421 0.332394 14 0.0
0.315984 0.997474 0.306197 14 0.0
0.33614 0.996558 0.25005 14 0.0
0.223862 0.783489 0.421177 10 0.999701
0.70892 0.244778 0.3737 8 0.0
0.687432 0.245485 0.373955 8 0.0
0.711256 0.315387 0.374797 8 0.0
0.730409 0.244071 0.373445 8 0.0
0.706585 0.17417 0.372603 8 0.0
0.480893 1.000567 0.198701 14 0.004603
0.762307 0.389087 0.347409 5 0.0
0.682739 0.447292 0.154203 7 0.000201
0.576787 1.001863 0.343005 14 0.0
0.51761 1.002322 0.300884 14 0.0
0.559927 1.001601 0.36669 14 0.0
0.635965 1.001403 0.385126 14 0.0
0.593647 1.002124 0.31932 14 0.0
0.421519 0.279755 0.152501 7 0.000132
0.276342 0.421863 0.150738 7 0.0
0.718405 0.129894 0.376824 8 0.0
0.721563 0.170672 0.37759 8 0.0
0.737295 0.12845 0.375836 8 0.0
0.715248 0.089115 0.376058 8 0.0
0.699516 0.131337 0.377812 8 0.0
0.662908 0.462616 0.266498 8 0.0
0.656462 0.495832 0.262111 8 0.0
0.663375 0.466497 0.29519 8 0.0
0.669354 0.429401 0.270885 8 0.0
0.662441 0.458736 0.237806 8 0.0
0.576134 0.959423 0.153513 7 0.0
0.752439 0.277818 0.321609 5 0.0
0.484595 1.001188 0.197875 14 0.007092
0.697474 0.312009 0.378217 8 0.0
0.775981 0.357114 0.360728 5 0.0
0.684591 0.439991 0.155487 7 0.0
0.77675 0.826624 0.406951 5 0.000558
0.776479 0.841677 0.407443 5 0.000558
0.778355 0.825181 0.45202 5 0.000558
0.77702 0.811571 0.40646 5 0.000558
0.775144 0.828067 0.361883 5 0.000558
0.350071 0.997091 0.47892 14 0.000303
0.446692 0.24255 0.152483 7 0.0
0.75335 0.961341 0.659322 12 0.0
0.751342 0.968678 0.668277 12 0.0
0.748692 0.950852 0.66687 12 0.0
0.755359 0.954004 0.650366 12 0.0
0.758008 0.97183 0.651773 12 0.0
0.366787 0.992115 0.590849 15 4e-06
0.579085 1.000764 0.211727 14 1e-06
0.763426 0.932617 0.640141 12 0.0
0.765969 0.952792 0.63122 12 0.0
0.759712 0.939898 0.655549 12 0.0
0.760883 0.912442 0.649061 12 0.0
0.767139 0.925336 0.624732 12 0.0
0.375818 0.974368 0.604559 15 0.0
0.465341 0.0803 0.151551 7 0.0
0.463472 0.105664 0.150944 7 0.0
0.537652 0.085624 0.151372 7 0.0
0.46721 0.054935 0.152158 7 0.0
0.393029 0.074976 0.151731 7 0.0
0.323654 0.954367 0.774076 12 0.0
0.339513 0.956359 0.787413 12 0.0
0.325394 0.93972 0.774196 12 0.0
0.307795 0.952374 0.760739 12 0.0
0.321915 0.969014 0.773956 12 0.0
0.613248 0.068943 0.376443 8 0.0
0.616192 0.089993 0.377153 8 0.0
0.664092 0.061853 0.375865 8 0.0
0.610304 0.047894 0.375733 8 0.0
0.562404 0.076034 0.377021 8 0.0
0.765689 0.039189 0.236131 5 0.0
0.769121 0.033368 0.210509 5 0.0
0.763841 0.05022 0.233378 5 0.0
0.762258 0.04501 0.261753 5 0.0
0.767537 0.028158 0.238885 5 0.0
0.551917 0.832957 0.835139 12 0.0
0.561691 0.846241 0.832784 12 0.0
0.536649 0.844622 0.837578 12 0.0
0.542143 0.819672 0.837494 12 0.0
0.567185 0.821291 0.8327 12 0.0
0.323014 0.898987 0.774552 12 0.0
0.309741 0.900396 0.762697 12 0.0
0.32471 0.930493 0.776399 12 0.0
0.336287 0.897577 0.786408 12 0.0
0.321317 0.86748 0.772706 12 0.0
0.761648 0.797704 0.154211 7 0.024931
0.278378 0.863701 0.726399 12 0.0
0.278663 0.889379 0.725617 12 0.0
0.288766 0.864015 0.740521 12 0.0
0.278093 0.838023 0.72718 12 0.0
0.26799 0.863387 0.712277 12 0.0
0.765071 0.013451 0.28831 5 3e-06
0.418224 0.931221 0.826341 12 0.0
0.413574 0.953054 0.824688 12 0.0
0.435437 0.935277 0.831501 12 0.0
0.422874 0.909387 0.827994 12 0.0
0.401011 0.927164 0.821181 12 0.0
0.266204 0.976142 0.705511 12 0.0
0.277097 0.97667 0.724835 12 0.0
0.266195 0.967905 0.70574 12 0.0
0.25531 0.975615 0.686187 12 0.0
0.266212 0.984379 0.705281 12 0.0
0.432562 0.997694 0.747481 14 0.0
0.553669 0.990111 0.830718 11 5.1e-05
0.729775 0.00378 0.263186 1 0.0
0.713134 0.003524 0.262894 1 0.0
0.729122 0.004437 0.299815 1 0.0
0.746416 0.004036 0.263479 1 0.0
0.730429 0.003123 0.226558 1 0.0
0.424965 0.922083 0.448457 15 0.0
0.432963 0.930269 0.44362 15 0.0
0.408741 0.942533 0.456238 15 0.0
0.416967 0.913897 0.453294 15 0.0
0.441189 0.901634 0.440675 15 0.0
0.697285 0.005381 0.367359 1 1e-06
0.281432 0.985539 0.155499 7 0.0
0.578161 0.790742 0.789238 15 0.0
0.402532 0.902243 0.807365 15 0.0
0.647577 0.847913 0.695631 15 0.000116
0.746205 0.020373 0.328773 1 0.0
0.738102 0.024932 0.333652 1 0.0
0.752312 0.015403 0.343559 1 0.0
0.754308 0.015814 0.323894 1 0.0
0.740098 0.025343 0.313988 1 0.0
0.289284 0.98013 0.737555 11 0.0
0.58022 0.972131 0.769576 14 0.0
0.591936 0.051565 0.168587 7 0.0
0.592284 0.069568 0.169387 7 0.0
0.651023 0.050165 0.174379 7 0.0
0.591587 0.033563 0.167787 7 0.0
0.532849 0.052966 0.162795 7 0.0
0.714057 0.998027 0.672885 14 0.0
0.724732 0.998335 0.678045 14 0.0
0.697499 0.99803 0.707137 14 0.0
0.703382 0.997719 0.667724 14 0.0
0.730616 0.998023 0.638632 14 0.0
0.557845 0.998341 0.802451 14 0.0
0.592106 0.998547 0.794126 14 0.0
0.56064 0.998542 0.81396 14 0.0
0.523585 0.998135 0.810776 14 0.0
0.55505 0.998139 0.790943 14 0.0
0.56338 0.81476 0.834047 12 0.0
0.580526 0.81398 0.829989 12 0.0
0.563631 0.826905 0.832774 12 0.0
0.546235 0.815539 0.838105 12 0.0
0.563129 0.802615 0.83532 12 0.0
0.662157 0.997532 0.71269 14 0.0
0.691507 0.997477 0.679173 14 0.0
0.675961 0.99787 0.724777 14 0.0
0.632808 0.997586 0.746208 14 0.0
0.648353 0.997194 0.700603 14 0.0
0.326787 0.956496 0.778151 11 0.0
0.326584 0.970696 0.779147 11 0.0
0.343667 0.955762 0.792053 11 0.0
0.326991 0.942296 0.777155 11 0.0
0.309908 0.95723 0.764249 11 0.0
0.70643 0.793731 0.746941 11 0.0
0.772459 0.003246 0.217375 1 0.964355
0.457348 0.950819 0.701759 15 0.0
0.475312 0.950173 0.708007 15 0.0
0.457118 0.934435 0.700727 15 0.0
0.439384 0.951465 0.695511 15 0.0
0.457578 0.967202 0.702791 15 0.0
0.374022 0.002203 0.353432 1 0.0
0.275561 0.997722 0.723528 11 0.993665
0.498839 0.783318 0.776389 10 0.0
0.547673 0.78308 0.775753 10 0.0
0.499102 0.783743 0.796414 10 0.0
0.450005 0.783556 0.777025 10 0.0
0.498576 0.782893 0.756364 10 0.0
0.254552 0.804593 0.391872 10 0.000481
0.263071 0.802772 0.391076 10 0.000481
0.256276 0.804368 0.410855 10 0.000481
0.246032 0.806415 0.392667 10 0.000481
0.252827 0.804819 0.372888 10 0.000481
0.548364 -0.000501 0.262626 1 0.0
0.619606 0.00029 0.267683 1 0.0
0.545931 -0.000279 0.296863 1 0.0
0.477121 -0.001291 0.257568 1 0.0
0.550797 -0.000722 0.228388 1 0.0
0.223592 0.211061 0.301187 2 0.0
0.222724 0.278026 0.30197 2 0.0
0.224046 0.210798 0.324157 2 0.0
0.22446 0.144096 0.300404 2 0.0
0.223139 0.211324 0.278217 2 0.0
0.476259 -0.001507 0.197803 1 0.0
0.483243 0.906204 0.433596 15 0.0
0.465853 0.919821 0.433472 15 0.0
0.504599 0.933457 0.431461 15 0.0
0.500632 0.892587 0.43372 15 0.0
0.461887 0.878951 0.435731 15 0.0
0.593766 0.314044 0.328243 4 0.0
0.502023 0.000156 0.348289 1 0.0
0.532241 0.271612 0.340868 9 2e-06
0.529713 0.273302 0.351412 9 2e-06
0.548729 0.274374 0.344379 9 2e-06
0.534769 0.269922 0.330325 9 2e-06
0.515752 0.268851 0.337358 9 2e-06
0.694429 0.83177 0.726588 13 1e-06
0.695152 0.847795 0.737538 13 1e-06
0.689519 0.828969 0.731012 13 1e-06
0.693707 0.815744 0.715639 13 1e-06
0.69934 0.83457 0.722165 13 1e-06
0.297686 0.796202 0.676577 15 0.0
0.307406 0.796174 0.668537 15 0.0
0.31713 0.80101 0.700065 15 0.0
0.287967 0.79623 0.684617 15 0.0
0.278243 0.791394 0.653089 15 0.0
0.772473 0.99093 0.486965 12 0.590613
0.732988 1.000021 0.34917 14 0.0
0.76659 0.985031 0.60754 12 0.000267
0.694238 0.998656 0.647796 14 0.0
0.713062 0.998518 0.655627 14 0.0
0.676307 0.998828 0.690903 14 0.0
0.675415 0.998795 0.639965 14 0.0
0.71217 0.998484 0.604688 14 0.0
0.747465 0.995485 0.683194 13 0.86373
0.506328 0.981648 0.840573 12 0.0
0.38581 0.979737 0.816957 12 0.0
0.385251 0.987352 0.816404 12 0.0
0.40699 0.981952 0.826037 12 0.0
0.38637 0.972121 0.81751 12 0.0
0.36463 0.977521 0.807877 12 0.0
0.55092 0.064555 0.15164 7 0.0
0.428107 0.791427 0.828298 12 0.0
0.574706 0.003057 0.351877 1 0.0
0.766686 0.016939 0.36981 8 0.000571
0.76677 0.023113 0.367941 8 0.000571
0.770525 0.016607 0.368888 8 0.000571
0.766602 0.010764 0.371679 8 0.000571
0.762848 0.01727 0.370732 8 0.000571
0.485851 0.023872 0.154692 7 0.0
0.255843 0.811625 0.362487 8 0.0001
0.264751 0.807932 0.364505 8 0.0001
0.257785 0.830778 0.388969 8 0.0001
0.246935 0.815318 0.36047 8 0.0001
0.253901 0.792472 0.336006 8 0.0001
0.639156 0.359132 0.334435 8 0.0
0.66366 0.384965 0.327252 8 0.0
0.642925 0.358886 0.346409 8 0.0
0.614651 0.333299 0.341619 8 0.0
0.635386 0.359378 0.322462 8 0.0
0.639523 0.988857 0.541739 15 0.0
0.225942 0.072741 0.36621 2 0.956576
0.40754 0.308186 0.266717 8 0.0
0.399445 0.313706 0.299536 8 0.0
0.428699 0.29153 0.274738 8 0.0
0.415634 0.302666 0.233899 8 0.0
0.386381 0.324842 0.258697 8 0.0
0.497243 0.003005 0.347109 1 0.0
0.604089 0.903469 0.490559 15 0.0
0.62125 0.917897 0.509938 15 0.0
0.612139 0.875925 0.503938 15 0.0
0.586929 0.889041 0.47118 15 0.0
0.596039 0.931013 0.47718 15 0.0
0.776129 0.141838 0.308517 6 0.0
0.778019 0.186881 0.308689 6 0.0
0.776207 0.141757 0.328841 6 0.0
0.774238 0.096795 0.308346 6 0.0
0.776051 0.141918 0.288193 6 0.0
0.363753 0.001138 0.300281 1 0.0
0.32152 -5.2e-05 0.308038 1 0.0
0.367737 0.00168 0.322057 1 0.0
0.405985 0.002327 0.292523 1 0.0
0.359768 0.000595 0.278505 1 0.0
0.550505 0.028524 0.372338 8 0.0
0.572324 0.053771 0.152545 7 0.0
0.465255 0.058954 0.374275 8 0.0
0.273887 0.355689 0.370982 8 0.0
0.228123 0.988846 0.233287 3 0.02861
0.60955 0.998865 0.743737 14 0.0
0.5693 0.998807 0.769186 14 0.0
0.621003 0.998842 0.76185 14 0.0
0.6498 0.998923 0.718287 14 0.0
0.598098 0.998888 0.725624 14 0.0
0.704892 0.998058 0.603612 14 0.0
0.724957 0.998358 0.607763 14 0.0
0.694671 0.998549 0.652975 14 0.0
0.684827 0.997759 0.59946 14 0.0
0.715113 0.997568 0.554249 14 0.0
0.250173 0.783197 0.449405 10 0.0
0.488576 0.250057 0.33407 8 0.0
0.364695 0.338535 0.31614 8 0.0
0.348867 0.377443 0.319704 8 0.0
0.364013 0.336538 0.334924 8 0.0
0.380522 0.299628 0.312577 8 0.0
0.365376 0.340533 0.297357 8 0.0
0.715163 0.782605 0.427322 10 0.0
0.704905 0.781161 0.420006 10 0.0
0.698063 0.782848 0.451249 10 0.0
0.725421 0.78405 0.434639 10 0.0
0.732264 0.782363 0.403395 10 0.0
0.223831 0.74632 0.190304 2 0.0
0.77294 0.577987 0.183146 16 1e-05
0.453673 0.00225 0.158327 1 0.999975
0.496619 0.033883 0.153298 7 0.0
0.770146 0.003091 0.222666 1 0.129462
0.778476 0.946896 0.361853 16 0.0
0.775137 0.095174 0.327976 6 0.0
0.774574 0.125354 0.32059 6 0.0
0.775279 0.098335 0.34088 6 0.0
0.7757 0.064995 0.335363 6 0.0
0.774996 0.092013 0.315073 6 0.0
0.719677 0.805622 0.696769 16 5e-06
0.659729 0.98133 0.154169 7 0.0
0.732007 0.999612 0.472106 14 0.0
0.229326 0.887454 0.163571 3 0.999882
0.283652 0.287909 0.369109 8 0.0
0.337679 0.997735 0.569504 15 0.0
0.4964 0.001525 0.336282 1 0.0
0.735371 0.993938 0.412941 14 0.0
0.471471 0.120098 0.374507 8 0.0
0.395517 0.127198 0.373409 8 0.0
0.467985 0.082732 0.374 8 0.0
0.547425 0.112997 0.375605 8 0.0
0.474957 0.157463 0.375014 8 0.0
0.222223 0.747586 0.288351 2 0.0
0.596658 0.158064 0.377038 8 0.0
0.649062 0.194231 0.377114 8 0.0
0.619464 0.12502 0.376219 8 0.0
0.544253 0.121897 0.376962 8 0.0
0.573851 0.191107 0.377857 8 0.0
0.291504 0.563494 0.152919 7 0.0
0.371448 0.778312 0.439053 10 1.3e-05
0.367721 0.77628 0.427171 10 1.3e-05
0.342229 0.780987 0.44776 10 1.3e-05
0.375174 0.780343 0.450936 10 1.3e-05
0.400666 0.775637 0.430347 10 1.3e-05
0.270692 0.350621 0.303831 3 2e-06
0.242797 0.113355 0.370235 8 3e-06
0.643188 0.359263 0.320841 8 0.0
0.655887 0.409614 0.317192 8 0.0
0.646221 0.359849 0.339483 8 0.0
0.630488 0.308912 0.324491 8 0.0
0.640154 0.358677 0.3022 8 0.0
0.617821 0.990672 0.486032 15 0.002169
0.225577 0.885172 0.15586 7 0.999491
0.562952 0.017609 0.163416 1 2.3e-05
0.775215 0.663694 0.329719 16 0.0
0.278569 0.286395 0.152647 7 0.0
0.226503 0.153433 0.353393 2 0.0
0.43551 0.597717 0.170105 8 0.103425
0.273547 0.426975 0.372141 8 0.0
0.556588 1.001295 0.337027 14 0.0
0.652097 0.99828 0.56699 14 0.024392
0.246354 0.913743 0.203854 2 0.0
0.247421 0.940423 0.192507 2 0.0
0.248517 0.919134 0.216732 2 0.0
0.245288 0.887064 0.2152 2 0.0
0.244192 0.908353 0.190975 2 0.0
0.621222 0.561694 0.181783 8 0.0
0.605964 0.577802 0.184762 8 0.0
0.621788 0.560362 0.191875 8 0.0
0.63648 0.545586 0.178803 8 0.0
0.620657 0.563025 0.17169 8 0.0
0.293807 0.78366 0.567258 10 0.0
0.314951 0.782567 0.566675 10 0.0
0.295178 0.784094 0.616188 10 0.0
0.272663 0.784754 0.56784 10 0.0
0.292436 0.783226 0.518327 10 0.0
0.525495 0.921571 0.705599 15 0.0
0.525585 0.947425 0.707016 15 0.0
0.503718 0.921503 0.708216 15 0.0
0.525405 0.895716 0.704182 15 0.0
0.547272 0.921638 0.702982 15 0.0
0.566456 0.595834 0.259967 8 0.0
0.541801 0.604737 0.25704 8 0.0
0.562966 0.59685 0.292456 8 0.0
0.591112 0.586931 0.262895 8 0.0
0.569946 0.594818 0.227479 8 0.0
0.227104 0.516617 0.343296 2 0.0
0.776628 0.123764 0.309953 6 0.0
0.777078 0.161451 0.299598 6 0.0
0.776736 0.128437 0.326964 6 0.0
0.776178 0.086077 0.320308 6 0.0
0.77652 0.119091 0.292942 6 0.0
0.244334 0.004705 0.364419 1 0.236468
0.236538 0.003257 0.36459 1 0.236468
0.244479 0.004354 0.368062 1 0.236468
0.25213 0.006153 0.364248 1 0.236468
0.244189 0.005056 0.360776 1 0.236468
0.545751 -4.4e-05 0.290848 1 0.0
0.481402 -0.001671 0.287144 1 0.0
0.544223 0.000436 0.317174 1 0.0
0.610099 0.001583 0.294551 1 0.0
0.547278 -0.000524 0.264522 1 0.0
0.430635 0.007017 0.36252 1 0.000241
0.773206 0.831412 0.456929 12 0.013137
0.767713 0.789437 0.596566 13 0.535528
0.741412 0.994878 0.444153 14 0.0
0.226168 0.504616 0.357724 2 0.129128
0.716088 0.450315 0.160211 7 0.0
0.313626 0.573546 0.371621 8 0.0
0.376975 0.999106 0.400543 14 0.0
0.661292 0.989215 0.578753 14 0.000236
0.634891 0.806152 0.589732 15 0.008944
0.587353 0.640112 0.152991 7 0.0
0.644632 0.527888 0.236228 8 0.0
0.635354 0.54517 0.241476 8 0.0
0.646201 0.520622 0.262927 8 0.0
0.653909 0.510606 0.230979 8 0.0
0.643063 0.535154 0.209528 8 0.0
0.719107 0.289086 0.370369 8 0.0
0.759661 0.639013 0.163701 7 0.002085
0.328168 0.99799 0.394324 14 0.0
0.355888 0.998931 0.40402 14 0.0
0.309928 0.99769 0.446504 14 0.0
0.300448 0.997049 0.384629 14 0.0
0.346408 0.998289 0.342145 14 0.0
0.336958 0.81184 0.629411 15 0.0
0.350932 0.814485 0.650672 15 0.0
0.329011 0.816705 0.634028 15 0.0
0.322984 0.809195 0.608149 15 0.0
0.344904 0.806975 0.624793 15 0.0
0.684607 0.42847 0.378294 8 0.0
0.243682 0.350513 0.285926 2 0.0
0.670402 0.423957 0.151714 8 0.999907
0.756702 0.394119 0.346155 5 0.0
0.696761 0.781692 0.739404 10 0.125151
0.244835 0.179763 0.369514 8 0.0
0.227292 0.499167 0.350031 2 0.0
0.743553 0.003378 0.174513 1 0.075837
0.755979 0.00425 0.172992 1 0.075837
0.744464 0.004512 0.182599 1 0.075837
0.731128 0.002507 0.176035 1 0.075837
0.742643 0.002245 0.166428 1 0.075837
0.378822 0.293668 0.153168 7 0.0
0.44058 0.244883 0.295269 8 0.0
0.767456 0.099138 0.369895 8 0.264621
0.224632 0.508745 0.353767 3 3.1e-05
0.774654 0.804649 0.449572 16 0.000833
0.37835 0.330599 0.290163 4 0.0
0.355831 0.346369 0.299371 4 0.0
0.384541 0.325006 0.314883 4 0.0
0.400869 0.314829 0.280955 4 0.0
0.372159 0.336192 0.265443 4 0.0
0.358419 0.778301 0.570202 4 0.994753
0.224028 0.784457 0.433957 4 0.958209
0.367449 0.898862 0.791332 12 0.0
0.381312 0.90033 0.798912 12 0.0
0.369484 0.874068 0.792414 12 0.0
0.353587 0.897394 0.783752 12 0.0
0.365415 0.923656 0.79025 12 0.0
0.519761 0.912117 0.838953 12 0.0
0.539411 0.912086 0.837534 12 0.0
0.519895 0.939942 0.840218 12 0.0
0.500111 0.912147 0.840373 12 0.0
0.519627 0.884291 0.837688 12 0.0
0.716966 0.999922 0.29928 14 0.0
0.696938 1.001047 0.300488 14 0.0
0.719857 1.001207 0.346007 14 0.0
0.736994 0.998796 0.298072 14 0.0
0.714075 0.998637 0.252553 14 0.0
0.716753 0.134136 0.368729 8 0.0
0.735053 0.131198 0.368067 8 0.0
0.709847 0.091586 0.366706 8 0.0
0.698453 0.137075 0.369392 8 0.0
0.723659 0.176687 0.370752 8 0.0
0.455807 0.641552 0.153163 7 0.0
0.34719 0.381305 0.165584 8 0.999112
0.344094 0.386689 0.164068 8 0.999112
0.347694 0.382787 0.169816 8 0.999112
0.350285 0.375921 0.167101 8 0.999112
0.346685 0.379824 0.161353 8 0.999112
0.260828 0.830339 0.398643 2 0.999578
0.256828 0.847805 0.400337 2 0.999578
0.27461 0.82961 0.43871 2 0.999578
0.264828 0.812874 0.396949 2 0.999578
0.247047 0.831068 0.358576 2 0.999578
0.355889 0.997425 0.153928 7 0.975685
0.22474 0.344896 0.336976 2 0.0
0.225677 0.562601 0.334991 2 0.0
0.749171 0.370933 0.156472 7 0.0
0.774035 0.003341 0.174037 16 0.999728
0.681113 0.22015 0.376961 8 0.0
0.696014 0.280062 0.376897 8 0.0
0.654835 0.226686 0.377784 8 0.0
0.666213 0.160238 0.377026 8 0.0
0.707391 0.213614 0.376138 8 0.0
0.226754 0.916373 0.488319 2 0.0
0.227179 0.942063 0.485768 2 0.0
0.229071 0.921255 0.537852 2 0.0
0.226329 0.890684 0.490871 2 0.0
0.224436 0.911491 0.438787 2 0.0
0.73219 0.465356 0.197902 8 2e-06
0.742866 0.347133 0.155096 7 0.0
0.49103 0.232357 0.152264 7 0.0
0.35835 0.526934 0.34817 8 0.0
0.372947 0.548862 0.348496 8 0.0
0.356936 0.527735 0.35759 8 0.0
0.343752 0.505006 0.347844 8 0.0
0.359763 0.526133 0.33875 8 0.0
0.285702 0.276764 0.174976 7 1e-06
0.481754 0.998764 0.158659 7 0.992819
0.451308 0.275779 0.374814 8 0.0
0.267979 0.613119 0.370377 8 0.0
0.257118 0.610049 0.370536 8 0.0
0.258798 0.645523 0.368764 8 0.0
0.27884 0.616188 0.370217 8 0.0
0.27716 0.580714 0.371989 8 0.0
0.744397 0.996803 0.351736 14 0.0
0.223234 0.619028 0.323467 2 0.0
0.693378 0.491113 0.381503 8 0.0
0.317708 0.678839 0.371384 8 0.0
0.293416 0.666918 0.366766 8 0.0
0.299223 0.715544 0.373868 8 0.0
0.342001 0.690761 0.376002 8 0.0
0.336194 0.642134 0.3689 8 0.0
0.224673 0.374336 0.372689 8 0.99964
0.456691 0.641642 0.153079 7 0.0
0.27934 0.370484 0.367137 8 0.0
0.75757 0.301399 0.209063 5 0.0
0.22239 0.487089 0.259511 2 0.0
0.621876 0.30852 0.157393 8 4e-05
0.773233 0.510644 0.357689 6 0.0
0.573218 0.290448 0.15371 8 0.9377
0.707804 0.304172 0.378394 8 0.0
0.632697 0.350405 0.185913 8 0.0
0.63157 0.35228 0.197913 8 0.0
0.616609 0.331851 0.187302 8 0.0
0.633824 0.34853 0.173914 8 0.0
0.648784 0.368959 0.184525 8 0.0
0.725357 0.838435 0.686672 16 0.0
0.714281 0.848339 0.705625 16 0.0
0.723115 0.824367 0.692712 16 0.0
0.736434 0.82853 0.667718 16 0.0
0.7276 0.852502 0.680631 16 0.0
0.304338 0.924263 0.75645 11 0.0
0.305715 0.948132 0.758377 11 0.0
0.317766 0.922338 0.770691 11 0.0
0.30296 0.900393 0.754522 11 0.0
0.29091 0.926188 0.742209 11 0.0
0.647513 0.863131 0.787165 13 0.0
0.64432 0.883493 0.789318 13 0.0
0.632519 0.859836 0.79609 13 0.0
0.650706 0.842768 0.785011 13 0.0
0.662507 0.866426 0.77824 13 0.0
0.77358 0.00512 0.264515 5 0.001009
0.723105 0.926632 0.719505 12 0.0
0.726497 0.94957 0.716775 12 0.0
0.714567 0.929476 0.732788 12 0.0
0.719713 0.903694 0.722235 12 0.0
0.731643 0.923788 0.706222 12 0.0
0.614912 0.002791 0.170963 1 5e-06
0.734959 0.88109 0.696304 16 0.0
0.733191 0.899249 0.70067 16 0.0
0.726739 0.876619 0.711574 16 0.0
0.736728 0.862932 0.691939 16 0.0
0.74318 0.885562 0.681035 16 0.0
0.237342 0.938163 0.649356 11 0.0
0.241822 0.94135 0.664291 11 0.0
0.23849 0.918539 0.6532 11 0.0
0.232863 0.934976 0.634422 11 0.0
0.236194 0.957786 0.645513 11 0.0
0.327038 0.998272 0.164395 14 0.256197
0.574809 0.061227 0.37577 8 0.0
0.574385 0.080849 0.376223 8 0.0
0.637066 0.062575 0.375657 8 0.0
0.575233 0.041606 0.375317 8 0.0
0.512553 0.05988 0.375882 8 0.0
0.765309 0.020826 0.17126 5 0.0
0.765862 0.020656 0.164168 5 0.0
0.763276 0.029931 0.170884 5 0.0
0.764757 0.020996 0.178352 5 0.0
0.767343 0.011722 0.171637 5 0.0
0.523586 0.787288 0.839745 12 0.0
0.478035 0.965161 0.153946 7 0.0
0.586636 0.787771 0.825366 12 2.1e-05
0.315355 0.005009 0.155057 7 0.999681
0.667579 0.865644 0.781622 12 0.0
0.662928 0.89321 0.787745 12 0.0
0.653168 0.860825 0.792371 12 0.0
0.67223 0.838077 0.775499 12 0.0
0.68199 0.870463 0.770874 12 0.0
0.274412 0.928112 0.714243 11 0.0
0.273284 0.950027 0.712349 11 0.0
0.286049 0.930232 0.731831 11 0.0
0.275541 0.906197 0.716138 11 0.0
0.262776 0.925992 0.696656 11 0.0
0.743248 0.832863 0.60439 16 0.0
0.739345 0.838646 0.587715 16 0.0
0.7362 0.84659 0.610801 16 0.0
0.747151 0.82708 0.621066 16 0.0
0.750297 0.819136 0.59798 16 0.0
0.225979 0.025699 0.373228 8 1.0
0.249782 0.984827 0.675 12 0.0
0.431654 0.998391 0.768185 14 0.0
0.425004 0.998391 0.788014 14 0.0
0.473347 0.998339 0.782168 14 0.0
0.438304 0.998392 0.748357 14 0.0
0.389961 0.998444 0.754203 14 0.0
0.731992 0.022275 0.332273 1 2.7e-05
0.497169 0.890035 0.72443 15 0.0
0.515489 0.890431 0.725017 15 0.0
0.496296 0.92533 0.727909 15 0.0
0.47885 0.88964 0.723843 15 0.0
0.498042 0.85474 0.720951 15 0.0
0.617807 0.979048 0.810174 12 0.0
0.463606 0.975183 0.837775 12 0.008291
0.464022 0.984614 0.837974 12 0.008291
0.485919 0.974134 0.84091 12 0.008291
0.46319 0.965753 0.837577 12 0.008291
0.441293 0.976233 0.834641 12 0.008291
0.654658 0.001995 0.330111 1 0.0
0.614568 0.000289 0.327444 1 0.0
0.653671 0.002106 0.34487 1 0.0
0.694747 0.003701 0.332778 1 0.0
0.655644 0.001884 0.315352 1 0.0
0.426241 0.950646 0.153404 7 0.0
0.227351 0.9791 0.429078 2 0.0
0.609291 0.894938 0.785977 14 0.0
0.609518 0.928764 0.783984 14 0.0
0.583767 0.895808 0.797857 14 0.0
0.609064 0.861111 0.787969 14 0.0
0.634815 0.894067 0.774096 14 0.0
0.774811 0.042122 0.242422 16 0.0
0.775299 0.056731 0.242866 16 0.0
0.775372 0.04122 0.271464 16 0.0
0.774323 0.027514 0.241978 16 0.0
0.77425 0.043024 0.21338 16 0.0
0.772145 0.994744 0.479895 16 0.906351
0.768896 0.999742 0.619992 14 0.999999
0.531775 0.997941 0.821756 14 0.0
0.692786 0.997595 0.73721 14 0.0
0.414892 0.046561 0.373445 8 0.0
0.475437 1.000065 0.230189 14 4e-06
0.497093 0.042162 0.186889 7 2e-06
0.458184 0.998416 0.749961 14 0.0
0.573378 0.980108 0.442723 15 0.969091
0.621402 0.037236 0.214027 1 0.0
0.778632 0.935103 0.371668 6 0.0
0.778142 0.95447 0.371182 6 0.0
0.778038 0.936702 0.436048 6 0.0
0.779122 0.915736 0.372153 6 0.0
0.779227 0.933505 0.307287 6 0.0
0.596985 0.01235 0.348944 1 0.0
0.401108 0.050655 0.216178 8 7.4e-05
0.713857 0.002281 0.171241 1 0.044714
0.692135 0.001462 0.172062 1 0.044714
0.714126 0.002611 0.178684 1 0.044714
0.73558 0.0031 0.17042 1 0.044714
0.713588 0.001951 0.163798 1 0.044714
0.572818 0.037342 0.201337 7 5.1e-05
0.59454 0.031279 0.201837 7 5.1e-05
0.576384 0.050317 0.20374 7 5.1e-05
0.551096 0.043405 0.200838 7 5.1e-05
0.569252 0.024367 0.198934 7 5.1e-05
0.522207 0.911449 0.435913 15 0.0
0.505475 0.931891 0.43084 15 0.0
0.545623 0.931402 0.439086 15 0.0
0.53894 0.891006 0.440986 15 0.0
0.498792 0.891495 0.43274 15 0.0
0.776445 0.243355 0.17632 16 0.0
0.538409 0.11248 0.375797 8 0.0
0.536407 0.146926 0.376386 8 0.0
0.60759 0.116507 0.375434 8 0.0
0.540411 0.078034 0.375207 8 0.0
0.469228 0.108453 0.37616 8 0.0
0.775813 0.954039 0.408558 5 0.0
0.611539 0.954637 0.816355 12 0.0
0.609018 0.968985 0.819718 12 0.0
0.595742 0.95027 0.823144 12 0.0
0.614061 0.940288 0.812992 12 0.0
0.627337 0.959004 0.809566 12 0.0
0.605679 0.021099 0.15735 7 0.000333
0.706956 0.979009 0.452046 14 0.0
0.733562 0.972399 0.653649 14 0.00164
0.341076 0.783509 0.784449 10 0.005005
0.770451 0.001535 0.203139 1 0.999648
0.552232 0.981676 0.832244 12 0.000215
0.671875 0.781601 0.700713 10 0.0
0.454253 0.797092 0.834175 12 0.0
0.661874 0.00295 0.164331 1 2e-06
0.766214 0.102847 0.3662 8 0.999981
0.474827 0.025481 0.153575 7 0.009087
0.632645 0.985459 0.661848 15 7e-06
0.721413 0.781706 0.398706 10 0.0
0.723179 0.783818 0.405235 10 0.0
0.703358 0.779056 0.404449 10 0.0
0.719646 0.779594 0.392178 10 0.0
0.739467 0.784356 0.392963 10 0.0
0.364732 0.002727 0.353077 1 0.0
0.526296 0.612216 0.37057 8 0.0
0.631179 0.806556 0.550058 15 0.044248
0.422795 0.002278 0.344338 1 0.0
0.434199 0.103753 0.373838 8 0.0
0.369666 0.107459 0.372833 8 0.0
0.432336 0.071114 0.373087 8 0.0
0.498732 0.100046 0.374843 8 0.0
0.436062 0.136391 0.374589 8 0.0
0.760347 0.99425 0.605603 13 0.0
0.266044 0.222256 0.233344 2 0.0
0.223175 0.193299 0.305609 2 0.0
0.223721 0.192592 0.326742 2 0.0
0.223993 0.132967 0.30357 2 0.0
0.222629 0.194005 0.284475 2 0.0
0.222357 0.25363 0.307648 2 0.0
0.394413 0.001153 0.157306 1 0.967764
0.772502 0.514042 0.163922 5 4.3e-05
0.774263 0.218887 0.37626 16 0.999998
0.589093 0.971322 0.827302 12 0.0
0.589434 0.982374 0.826267 12 0.0
0.569584 0.972533 0.833809 12 0.0
0.588752 0.96027 0.828336 12 0.0
0.608602 0.970111 0.820794 12 0.0
0.623178 0.780946 0.686206 10 0.0
0.755534 0.996697 0.369101 14 0.0
0.393581 0.075026 0.14993 7 0.0
0.388631 0.096444 0.149314 7 0.0
0.339425 0.062542 0.151107 7 0.0
0.398532 0.053608 0.150545 7 0.0
0.447738 0.08751 0.148752 7 0.0
0.515724 0.063526 0.269961 7 5e-06
0.514357 0.081358 0.26597 7 5e-06
0.560996 0.067412 0.271816 7 5e-06
0.517091 0.045694 0.273952 7 5e-06
0.470452 0.05964 0.268107 7 5e-06
0.64557 0.280042 0.231773 4 0.0
0.645011 0.273772 0.213492 4 0.0
0.670164 0.325903 0.215291 4 0.0
0.646128 0.286312 0.250054 4 0.0
0.620976 0.234181 0.248255 4 0.0
0.280177 0.768851 0.382877 10 0.0
0.279669 0.773544 0.386543 10 0.0
0.26123 0.770061 0.378701 10 0.0
0.280685 0.764158 0.379211 10 0.0
0.299123 0.76764 0.387053 10 0.0
0.336572 0.821055 0.480795 15 0.0
0.322011 0.817084 0.47554 15 0.0
0.320994 0.830284 0.516986 15 0.0
0.351133 0.825027 0.486049 15 0.0
0.35215 0.811827 0.444603 15 0.0
0.707605 0.781394 0.512712 10 0.0
0.688137 0.780082 0.508673 10 0.0
0.697067 0.781745 0.563404 10 0.0
0.727074 0.782706 0.51675 10 0.0
0.718144 0.781043 0.462019 10 0.0
0.226113 0.042786 0.361395 2 3e-06
0.223425 0.260576 0.320427 2 0.0
0.768482 0.315247 0.35105 5 0.0
0.374011 0.824878 0.631362 15 0.00028
0.369526 0.829314 0.613281 15 0.00028
0.376581 0.840349 0.63452 15 0.00028
0.378496 0.820442 0.649443 15 0.00028
0.371441 0.809406 0.628204 15 0.00028
0.731385 0.789125 0.710678 12 0.003532
0.400481 0.0013 0.291783 1 0.0
0.347244 0.000977 0.288981 1 0.0
0.399153 0.000982 0.317064 1 0.0
0.453719 0.001623 0.294585 1 0.0
0.40181 0.001618 0.266502 1 0.0
0.453707 0.981957 0.834232 11 0.000237
0.453852 0.98905 0.835547 11 0.000237
0.473086 0.980765 0.83852 11 0.000237
0.453562 0.974864 0.832917 11 0.000237
0.434327 0.983149 0.829943 11 0.000237
0.642026 0.814935 0.561797 15 0.999715
0.454691 0.78338 0.803084 10 0.0
0.246132 0.630095 0.370772 8 0.017333
0.443839 0.288254 0.155723 8 0.892247
0.28783 0.582746 0.370923 8 0.0
0.612682 0.566115 0.188137 8 0.0
0.592018 0.58123 0.189067 8 0.0
0.612761 0.565509 0.199765 8 0.0
0.633346 0.550999 0.187208 8 0.0
0.612603 0.566721 0.17651 8 0.0
0.262366 0.794046 0.6254 15 0.0
0.271745 0.798647 0.627123 15 0.0
0.260382 0.792235 0.641034 15 0.0
0.252988 0.789444 0.623677 15 0.0
0.26435 0.795856 0.609766 15 0.0
0.544799 0.60277 0.264886 8 0.0
0.521497 0.607988 0.261253 8 0.0
0.539722 0.603774 0.298899 8 0.0
0.568101 0.597552 0.268519 8 0.0
0.549877 0.601766 0.230873 8 0.0
0.667836 0.427837 0.167722 8 1.0
0.554317 1.000779 0.388892 14 0.0
0.772301 0.068221 0.359433 6 0.0
0.622115 0.001931 0.343742 1 0.0
0.312968 0.835546 0.151666 7 0.0
0.342095 0.838582 0.150987 7 0.0
0.31847 0.782442 0.150244 7 0.0
0.28384 0.83251 0.152346 7 0.0
0.307465 0.88865 0.153089 7 0.0
0.763865 0.990819 0.346786 14 1e-06
0.484743 0.621645 0.17731 8 0.0
0.507074 0.627064 0.1793 8 0.0
0.483574 0.623726 0.184757 8 0.0
0.462413 0.616225 0.17532 8 0.0
0.485912 0.619563 0.169864 8 0.0
0.747852 0.981636 0.538755 14 0.0
0.295633 0.517007 0.370577 8 0.0
0.626527 0.991965 0.514282 15 0.999998
0.231395 0.983438 0.54517 12 0.0
0.626239 0.993462 0.510564 15 0.999942
0.773478 0.509255 0.295342 6 0.0
0.240857 0.284213 0.157683 7 0.0
0.489226 0.616021 0.15866 8 0.999936
0.224541 0.527056 0.366632 8 0.0
0.449955 0.281221 0.151898 8 0.976132
0.340227 0.475282 0.278209 8 0.0
0.346247 0.511436 0.280257 8 0.0
0.340075 0.473642 0.307627 8 0.0
0.334206 0.439129 0.276162 8 0.0
0.340379 0.476923 0.248792 8 0.0
0.537286 0.279964 0.153983 8 0.999944
0.259854 0.174756 0.370424 8 0.0
0.654309 0.001733 0.158588 1 1.0
0.22412 0.508678 0.362992 2 0.0
0.744969 0.390141 0.375114 8 0.0
0.416118 1.000127 0.273038 14 0.0
0.475876 1.001565 0.285851 14 0.0
0.408471 1.000236 0.308692 14 0.0
0.35636 0.99869 0.260226 14 0.0
0.423765 1.000018 0.237384 14 0.0
0.379256 0.340105 0.166331 8 0.892833
0.368829 0.352712 0.166168 8 0.892833
0.382233 0.342649 0.172671 8 0.892833
0.389684 0.327498 0.166493 8 0.892833
0.376279 0.337561 0.15999 8 0.892833
0.763793 0.425688 0.31723 5 0.0
0.625696 0.332215 0.162749 8 0.999994
0.756197 0.446472 0.348226 16 0.0
0.743876 0.300132 0.155829 7 0.0
0.368523 0.855205 0.806547 11 0.0
0.384608 0.855349 0.815222 11 0.0
0.368692 0.830514 0.806644 11 0.0
0.352437 0.85506 0.797872 11 0.0
0.368353 0.879895 0.80645 11 0.0
0.622331 0.56602 0.163429 8 0.905273
0.395952 0.002059 0.340408 1 0.0
0.502764 0.001463 0.173337 1 0.263223
0.474511 0.147718 0.212441 7 0.0
0.468895 0.185033 0.214582 7 0.0
0.399529 0.137024 0.202161 7 0.0
0.480127 0.110403 0.210299 7 0.0
0.549493 0.158412 0.22272 7 0.0
0.222423 0.125432 0.211065 2 0.0
0.221561 0.166358 0.213653 2 0.0
0.222715 0.124197 0.23068 2 0.0
0.223286 0.084505 0.208476 2 0.0
0.222132 0.126666 0.191449 2 0.0
0.579098 0.008582 0.320898 1 0.01447
0.776753 0.172786 0.263161 6 0.0
0.777813 0.225838 0.262408 6 0.0
0.776981 0.173255 0.296509 6 0.0
0.775693 0.119734 0.263914 6 0.0
0.776524 0.172317 0.229812 6 0.0
0.769741 0.554674 0.344751 5 0.0
0.547593 0.052549 0.151896 7 0.0
0.256289 0.286113 0.152318 7 0.0
0.224666 0.509985 0.216471 2 0.0
0.223931 0.591684 0.334759 2 0.0
0.310971 0.782461 0.513025 10 0.0
0.294444 0.783087 0.505545 10 0.0
0.291913 0.785347 0.555374 10 0.0
0.327498 0.781834 0.520505 10 0.0
0.330029 0.779574 0.470677 10 0.0
0.25163 0.205317 0.259682 2 0.0
0.246089 0.262388 0.257338 2 0.0
0.251812 0.206631 0.291253 2 0.0
0.257172 0.148246 0.262025 2 0.0
0.251449 0.204003 0.22811 2 0.0
0.659616 0.383186 0.353127 8 0.0
0.759992 0.261459 0.156198 7 0.0
0.693999 0.220612 0.153452 7 0.0
0.702418 0.288007 0.154139 7 0.0
0.719657 0.217404 0.153794 7 0.0
0.685581 0.153218 0.152764 7 0.0
0.668342 0.223821 0.15311 7 0.0
0.254685 0.58081 0.292607 2 0.0
0.313796 0.52101 0.371404 8 0.0
0.286508 0.614538 0.370372 8 0.0
0.274973 0.609394 0.369861 8 0.0
0.26973 0.652049 0.371544 8 0.0
0.298043 0.619681 0.370884 8 0.0
0.303286 0.577026 0.369201 8 0.0
0.257489 0.608763 0.370825 8 0.0
0.338912 0.997921 0.224239 14 0.005237
0.301623 0.995902 0.218984 14 0.005237
0.3357 0.998141 0.246946 14 0.005237
0.3762 0.99994 0.229493 14 0.005237
0.342123 0.997701 0.201532 14 0.005237
0.722836 0.243071 0.154535 7 0.0
0.466661 0.982209 0.155701 7 0.000504
0.76265 0.337672 0.159171 7 4.6e-05
0.774571 0.105827 0.327968 6 0.0
0.777869 0.140954 0.323889 6 0.0
0.774531 0.10752 0.342512 6 0.0
0.771273 0.0707 0.332048 6 0.0
0.77461 0.104134 0.313424 6 0.0
0.671187 0.501011 0.3366 8 0.0
0.652673 0.529286 0.335257 8 0.0
0.672563 0.502596 0.351006 8 0.0
0.689701 0.472735 0.337943 8 0.0
0.669811 0.499426 0.322194 8 0.0
0.740219 0.440976 0.372342 8 0.0
0.539913 0.885178 0.702486 15 0.0
0.54032 0.918967 0.702164 15 0.0
0.518659 0.885497 0.709142 15 0.0
0.539506 0.851389 0.702807 15 0.0
0.561167 0.884859 0.69583 15 0.0
0.370725 0.778486 0.426681 10 0.006037
0.3712 0.781888 0.437896 10 0.006037
0.33599 0.781445 0.427255 10 0.006037
0.37025 0.775085 0.415466 10 0.006037
0.40546 0.775528 0.426107 10 0.006037
0.77691 0.122869 0.262727 6 0.0
0.777859 0.161218 0.265894 6 0.0
0.777073 0.120081 0.296437 6 0.0
0.775961 0.08452 0.259561 6 0.0
0.776747 0.125657 0.229018 6 0.0
0.6712 0.40915 0.368859 8 0.0
0.677463 0.381672 0.204229 8 1e-06
0.685544 0.405552 0.213603 8 1e-06
0.674699 0.37883 0.213854 8 1e-06
0.669381 0.357792 0.194855 8 1e-06
0.680227 0.384515 0.194604 8 1e-06
0.720861 0.178389 0.1528 7 0.0
0.720923 0.233242 0.152822 7 0.0
0.739402 0.178367 0.15334 7 0.0
0.720799 0.123535 0.152779 7 0.0
0.702321 0.17841 0.152261 7 0.0
0.772965 0.466329 0.344821 6 0.0
0.229142 0.984183 0.558344 12 1e-06
0.22442 0.91175 0.229526 2 0.0
0.22563 0.939292 0.227304 2 0.0
0.224363 0.913676 0.253357 2 0.0
0.223209 0.884209 0.231748 2 0.0
0.224476 0.909825 0.205695 2 0.0
0.776461 0.641799 0.209565 16 0.0
0.620943 0.923964 0.809134 12 0.0
0.613897 0.941457 0.813432 12 0.0
0.605146 0.915862 0.816214 12 0.0
0.627988 0.90647 0.804836 12 0.0
0.636739 0.932065 0.802054 12 0.0
0.352342 0.863315 0.796344 12 0.0
0.351807 0.890408 0.79542 12 0.0
0.366628 0.86392 0.80579 12 0.0
0.352878 0.836222 0.797269 12 0.0
0.338057 0.862711 0.786898 12 0.0
0.225937 0.880219 0.539461 12 0.0
0.225747 0.882657 0.564191 12 0.0
0.225045 0.848813 0.542551 12 0.0
0.226126 0.877781 0.514732 12 0.0
0.226828 0.911625 0.536372 12 0.0
0.309388 0.845331 0.737896 12 0.0
0.309347 0.864728 0.740238 12 0.0
0.325345 0.843486 0.753459 12 0.0
0.309429 0.825934 0.735555 12 0.0
0.29343 0.847176 0.722333 12 0.0
0.570002 0.017111 0.371459 8 0.0
0.448573 0.948341 0.152714 7 0.0
0.661874 0.980589 0.154306 7 0.0
0.57607 0.791312 0.829763 12 0.026573
0.535811 0.014731 0.154017 7 0.002221
0.22521 0.964259 0.174483 2 0.016837
0.225925 0.97658 0.172209 2 0.016837
0.225913 0.965729 0.182674 2 0.016837
0.224496 0.951937 0.176756 2 0.016837
0.224507 0.962788 0.166291 2 0.016837
0.396699 0.8137 0.801815 12 1e-06
0.267251 0.951069 0.708777 11 0.0
0.278255 0.949465 0.727697 11 0.0
0.265717 0.935248 0.708328 11 0.0
0.256248 0.952673 0.689857 11 0.0
0.268786 0.96689 0.709226 11 0.0
0.560752 0.870536 0.833251 12 0.0
0.57933 0.867853 0.829127 12 0.0
0.564675 0.899614 0.832002 12 0.0
0.542175 0.87322 0.837375 12 0.0
0.55683 0.841459 0.8345 12 0.0
0.615007 0.993826 0.813911 12 0.999448
0.747687 0.998194 0.258989 14 0.0
0.737321 0.997788 0.259353 14 0.0
0.748896 0.997996 0.293233 14 0.0
0.758053 0.998599 0.258625 14 0.0
0.746477 0.998391 0.224745 14 0.0
0.423791 0.997963 0.770544 14 0.0
0.416926 0.998127 0.788677 14 0.0
0.465043 0.997821 0.786162 14 0.0
0.430656 0.9978 0.75241 14 0.0
0.38254 0.998106 0.754925 14 0.0
0.767567 0.035546 0.371916 8 0.999825
0.771579 0.034788 0.371049 8 0.999825
0.769347 0.042214 0.374316 8 0.999825
0.763556 0.036304 0.372782 8 0.999825
0.765788 0.028878 0.369515 8 0.999825
0.47815 0.990049 0.836036 12 0.642797
0.222666 0.079619 0.168745 2 0.35996
0.384303 0.866982 0.640749 15 0.0
0.381789 0.879917 0.626291 15 0.0
0.392521 0.891604 0.661348 15 0.0
0.386818 0.854047 0.655207 15 0.0
0.376086 0.84236 0.62015 15 0.0
0.464484 0.933292 0.153438 7 0.0
0.233228 0.000559 0.173889 1 0.826213
0.237643 0.000835 0.175073 1 0.826213
0.230657 0.000594 0.183473 1 0.826213
0.228813 0.000283 0.172706 1 0.826213
0.235799 0.000524 0.164306 1 0.826213
0.347411 0.785518 0.766083 10 0.0
0.293547 0.990068 0.744028 12 0.000326
0.776828 0.130242 0.301955 6 0.0
0.778212 0.171011 0.298792 6 0.0
0.776496 0.131969 0.32407 6 0.0
0.775445 0.089474 0.305118 6 0.0
0.77716 0.128515 0.27984 6 0.0
0.736192 0.999273 0.696366 14 0.999398
0.339243 0.807473 0.786064 12 4e-06
0.340069 0.817011 0.786296 12 4e-06
0.358336 0.805477 0.800174 12 4e-06
0.338418 0.797935 0.785831 12 4e-06
0.32015 0.809469 0.771953 12 4e-06
0.345086 0.964534 0.794535 12 0.0
0.345419 0.976559 0.795484 12 0.0
0.359143 0.963338 0.804755 12 0.0
0.344753 0.952508 0.793587 12 0.0
0.33103 0.96573 0.784315 12 0.0
0.507968 0.031487 0.364535 8 0.0
0.723034 0.792482 0.723438 12 3.7e-05
0.569017 0.867563 0.832267 12 0.0
0.570258 0.895741 0.83207 12 0.0
0.551284 0.868375 0.836783 12 0.0
0.567776 0.839385 0.832463 12 0.0
0.58675 0.86675 0.82775 12 0.0
0.244262 -0.000768 0.291769 1 0.0
0.754803 0.00348 0.188693 1 0.085935
0.74609 0.003507 0.187424 1 0.085935
0.752894 0.004404 0.201825 1 0.085935
0.763516 0.003453 0.189961 1 0.085935
0.756712 0.002556 0.175561 1 0.085935
0.542132 0.834183 0.835563 12 0.0
0.563186 0.840948 0.831975 12 0.0
0.536844 0.850552 0.835399 12 0.0
0.521078 0.827418 0.839151 12 0.0
0.547419 0.817813 0.835728 12 0.0
0.7696 0.976572 0.433276 16 0.0
0.473063 0.789809 0.838328 11 0.0
0.683324 0.022509 0.332608 1 0.0
0.222949 0.211566 0.262833 2 0.0
0.222748 0.276688 0.253921 2 0.0
0.223228 0.216102 0.295972 2 0.0
0.223151 0.146443 0.271745 2 0.0
0.22267 0.207029 0.229694 2 0.0
0.429806 0.052861 0.151197 7 0.0
0.22709 0.949149 0.474219 2 0.0
0.227489 0.964991 0.473229 2 0.0
0.22886 0.952232 0.524263 2 0.0
0.22669 0.933307 0.475209 2 0.0
0.225319 0.946066 0.424176 2 0.0
0.414244 0.966252 0.823392 12 0.0
0.416519 0.975397 0.824734 12 0.0
0.434954 0.960243 0.829238 12 0.0
0.41197 0.957107 0.82205 12 0.0
0.393535 0.97226 0.817546 12 0.0
0.622191 0.809194 0.810675 13 0.0
0.604475 0.813732 0.819414 13 0.0
0.620173 0.799878 0.811421 13 0.0
0.639907 0.804655 0.801936 13 0.0
0.62421 0.818509 0.809929 13 0.0
0.588013 0.018898 0.158528 7 0.620713
0.37147 0.340501 0.26995 8 0.0
0.355692 0.359069 0.272885 8 0.0
0.373205 0.336721 0.303193 8 0.0
0.387249 0.321933 0.267016 8 0.0
0.369736 0.344281 0.236707 8 0.0
0.774157 0.786094 0.39214 10 1.0
0.554766 0.010472 0.200715 1 0.0
0.405396 0.047057 0.150986 7 0.0
0.546521 0.000325 0.315927 1 0.0
0.777638 0.312574 0.178127 5 2e-06
0.590546 0.823911 0.481208 15 1.8e-05
0.58721 0.838695 0.481108 15 1.8e-05
0.612944 0.829124 0.504594 15 1.8e-05
0.593882 0.809126 0.481309 15 1.8e-05
0.568148 0.818698 0.457823 15 1.8e-05
0.229131 0.406072 0.365906 8 0.0
0.459799 0.062328 0.37444 8 0.0
0.252543 0.785462 0.396287 10 0.0
0.244534 0.78889 0.402037 10 0.0
0.258651 0.784832 0.405171 10 0.0
0.260552 0.782034 0.390537 10 0.0
0.246434 0.786092 0.387403 10 0.0
0.670953 0.77915 0.418515 10 0.0
0.430139 0.292198 0.249635 4 0.0
0.415065 0.302068 0.281172 4 0.0
0.444534 0.284093 0.259053 4 0.0
0.445214 0.282329 0.218099 4 0.0
0.415745 0.300304 0.240218 4 0.0
0.776952 0.51616 0.209724 16 0.0
0.657389 0.826707 0.774213 16 0.0
0.652744 0.835198 0.783589 16 0.0
0.653719 0.821184 0.777397 16 0.0
0.662033 0.818217 0.764837 16 0.0
0.661058 0.832231 0.771029 16 0.0
0.234906 0.03846 0.37021 8 0.991914
0.754381 0.989232 0.602958 15 0.0
0.500812 0.000742 0.179457 1 1.2e-05
0.57823 0.294744 0.262996 8 0.0
0.599715 0.307174 0.264481 8 0.0
0.576613 0.293597 0.295996 8 0.0
0.556746 0.282313 0.261512 8 0.0
0.579847 0.29589 0.229997 8 0.0
0.355833 0.347704 0.315413 9 0.0
0.342603 0.391673 0.314685 9 0.0
0.353961 0.347457 0.334508 9 0.0
0.369062 0.303734 0.316142 9 0.0
0.357704 0.347951 0.296319 9 0.0
0.677353 0.997286 0.158814 7 0.999902
0.628049 0.992156 0.499571 15 0.182789
0.256966 0.346103 0.371905 8 0.0
0.374988 0.991852 0.622027 15 0.0
0.490553 0.078914 0.374768 8 0.0
0.430565 0.592296 0.324487 8 0.0
0.452963 0.603514 0.322538 8 0.0
0.430226 0.595937 0.341547 8 0.0
0.408167 0.581077 0.326436 8 0.0
0.430904 0.588654 0.307427 8 0.0
0.560443 0.065692 0.170372 7 0.0
0.562724 0.085031 0.170094 7 0.0
0.501774 0.072527 0.164519 7 0.0
0.558162 0.046352 0.17065 7 0.0
0.619112 0.058857 0.176225 7 0.0
0.227781 0.781214 0.609462 10 0.999526
0.707113 -0.001151 0.15755 1 0.999992
0.335865 0.738855 0.382752 10 0.0
0.3379 0.754583 0.388996 10 0.0
0.300269 0.745371 0.377942 10 0.0
0.33383 0.723126 0.376507 10 0.0
0.371462 0.732339 0.387562 10 0.0
0.773669 0.607201 0.334675 16 0.0
0.2256 0.07288 0.352304 2 1e-06
0.223839 0.335873 0.313422 2 0.0
0.281616 0.065879 0.324436 1 1e-06
0.272211 0.088586 0.32846 1 1e-06
0.271907 0.059551 0.337452 1 1e-06
0.29102 0.043172 0.320411 1 1e-06
0.291324 0.072207 0.311419 1 1e-06
0.360995 0.828096 0.582361 15 2e-06
0.73643 0.788092 0.70181 12 1e-06
0.776833 0.642986 0.168765 16 0.002961
0.403915 0.00404 0.358491 1 0.00174
0.235578 0.475981 0.371995 8 0.765155
0.339129 0.397677 0.17173 8 0.000224
0.336347 0.416939 0.172313 8 0.000224
0.340048 0.397586 0.179126 8 0.000224
0.341911 0.378414 0.171148 8 0.000224
0.338209 0.397768 0.164335 8 0.000224
0.768445 0.057382 0.368362 8 0.28581
0.638126 0.951179 0.576311 15 0.0
0.639219 0.967553 0.57436 15 0.0
0.637887 0.954175 0.601318 15 0.0
0.637033 0.934806 0.578262 15 0.0
0.638364 0.948183 0.551304 15 0.0
0.672435 0.802305 0.701948 10 0.0
0.224105 0.702477 0.335151 2 0.0
0.447793 0.281267 0.34424 4 0.0
0.460973 0.28134 0.335948 9 0.0
0.461615 0.279627 0.348173 9 0.0
0.490855 0.268271 0.332548 9 0.0
0.460331 0.283052 0.323724 9 0.0
0.43109 0.294409 0.339349 9 0.0
0.755559 0.806403 0.154192 7 0.0
0.650497 0.999416 0.576985 14 0.612193
0.566868 0.597855 0.16529 8 0.999898
0.568496 0.600754 0.160351 8 0.999898
0.583084 0.591526 0.166921 8 0.999898
0.56524 0.594956 0.170229 8 0.999898
0.550653 0.604185 0.16366 8 0.999898
0.221659 0.493014 0.206584 2 0.0
0.359959 0.55209 0.194862 8 0.0
0.370826 0.566316 0.200048 8 0.0
0.359725 0.54721 0.208738 8 0.0
0.349091 0.537864 0.189677 8 0.0
0.360192 0.556969 0.180987 8 0.0
0.776742 0.828088 0.408649 6 0.0
0.237802 0.044168 0.331298 2 0.0
0.242844 0.056558 0.320012 2 0.0
0.237547 0.05174 0.339497 2 0.0
0.23276 0.031778 0.342585 2 0.0
0.238057 0.036595 0.323099 2 0.0
0.223011 0.477945 0.308477 2 0.0
0.423991 0.788708 0.71024 10 0.0
0.316886 0.468714 0.372541 8 0.0
0.389441 0.562595 0.265008 8 0.0
0.405933 0.57804 0.263302 8 0.0
0.391189 0.563958 0.294245 8 0.0
0.372949 0.547151 0.266714 8 0.0
0.387693 0.561233 0.235771 8 0.0
0.646331 1.001081 0.190648 14 0.003105
0.688624 0.35821 0.299182 8 4.4e-05
0.279177 0.651084 0.15426 7 0.0
0.651892 0.523881 0.170411 8 0.999192
0.651599 0.537987 0.172393 8 0.999192
0.650822 0.523175 0.175281 8 0.999192
0.652186 0.509776 0.168429 8 0.999192
0.652963 0.524588 0.16554 8 0.999192
0.564649 0.816537 0.69962 15 0.0
0.352128 0.781908 0.621553 10 0.0
0.776291 0.938576 0.17448 6 0.005165
0.775792 0.938884 0.166632 6 0.005165
0.775753 0.959234 0.175325 6 0.005165
0.77679 0.938268 0.182328 6 0.005165
0.776828 0.917918 0.173635 6 0.005165
0.76652 0.94181 0.356351 5 0.0
0.768523 0.14515 0.369048 6 0.999742
0.638693 0.837672 0.584171 15 9e-06
0.639522 0.855483 0.586684 15 9e-06
0.639868 0.833416 0.613943 15 9e-06
0.637863 0.81986 0.581657 15 9e-06
0.637517 0.841928 0.554398 15 9e-06
0.771368 0.625214 0.339247 16 0.0
0.29499 0.350936 0.373522 8 0.0
0.738324 0.384404 0.377734 8 0.0
0.431983 0.028734 0.372413 8 0.0
0.480113 0.897519 0.153532 7 0.0
0.478609 0.930411 0.154185 7 0.0
0.403312 0.894001 0.153756 7 0.0
0.481618 0.864626 0.15288 7 0.0
0.556914 0.901036 0.153309 7 0.0
0.358525 0.838893 0.547506 15 0.999987
0.255188 0.568615 0.157695 7 0.0
0.768613 0.259506 0.157346 5 2.1e-05
0.233796 0.999281 0.302359 14 1.0
0.618825 0.330889 0.177066 8 0.0
0.638876 0.347247 0.177085 8 0.0
0.617735 0.332214 0.186348 8 0.0
0.598773 0.314531 0.177047 8 0.0
0.619915 0.329563 0.167785 8 0.0
0.431719 0.820267 0.709553 14 1e-06
0.426894 0.831886 0.709907 14 1e-06
0.450068 0.82737 0.726493 14 1e-06
0.436544 0.808647 0.709199 14 1e-06
0.413369 0.813163 0.692612 14 1e-06
0.371494 0.95204 0.475686 15 3e-06
0.370243 0.967344 0.479869 15 3e-06
0.362983 0.947803 0.488644 15 3e-06
0.372745 0.936737 0.471504 15 3e-06
0.380005 0.956277 0.462729 15 3e-06
0.719221 0.460598 0.15506 7 0.0
0.279036 0.023842 0.36947 8 0.0
0.260725 0.02109 0.371231 8 0.0
0.280234 0.016572 0.370564 8 0.0
0.297347 0.026594 0.36771 8 0.0
0.277838 0.031113 0.368376 8 0.0
0.771621 0.015177 0.248914 6 0.0
0.256186 0.995371 0.690496 11 0.999443
0.778552 0.931383 0.352956 6 0.0
0.778465 0.950745 0.350771 6 0.0
0.778756 0.93835 0.41468 6 0.0
0.778639 0.912022 0.355141 6 0.0
0.778347 0.924417 0.291232 6 0.0
0.467162 0.675304 0.384481 8 0.0
0.775999 0.771543 0.300379 6 0.0
0.229905 0.66526 0.370058 4 0.792536
0.538023 0.635817 0.26823 8 0.0
0.487576 0.650781 0.279592 8 0.0
0.546845 0.6399 0.302017 8 0.0
0.588471 0.620852 0.256867 8 0.0
0.529202 0.631733 0.234443 8 0.0
0.584318 0.008544 0.334451 1 0.0
0.30691 0.228249 0.15126 7 0.0
0.331144 0.232193 0.150621 7 0.0
0.318057 0.159655 0.150677 7 0.0
0.282676 0.224305 0.151899 7 0.0
0.295763 0.296842 0.151843 7 0.0
0.572702 0.766711 0.419955 10 0.0
0.343238 0.7318 0.151681 7 0.0
0.372016 0.723257 0.151465 7 0.0
0.319162 0.650684 0.152288 7 0.0
0.31446 0.740343 0.151897 7 0.0
0.367313 0.812915 0.151074 7 0.0
0.370983 0.343427 0.242503 8 0.0
0.361255 0.353764 0.21459 8 0.0
0.358037 0.359881 0.253108 8 0.0
0.380711 0.333091 0.270416 8 0.0
0.383929 0.326974 0.231899 8 0.0
0.268415 0.628316 0.23198 8 1.9e-05
0.242412 0.607422 0.286908 2 0.0
0.670131 0.434667 0.332388 8 0.0
0.3222 0.241285 0.169772 7 0.0
0.34659 0.244406 0.173845 7 0.0
0.327288 0.198043 0.172442 7 0.0
0.297809 0.238163 0.165698 7 0.0
0.317111 0.284527 0.167101 7 0.0
0.712535 0.264165 0.154507 7 0.0
0.758075 0.412206 0.155733 7 0.0
0.222738 0.719136 0.314219 2 0.0
0.760342 0.973304 0.498144 16 0.998297
0.717194 0.359615 0.35888 8 0.0
0.77415 0.320759 0.332815 6 0.0
0.287625 0.535281 0.371769 8 0.0
0.774272 0.486811 0.226904 5 0.0
0.613417 0.59985 0.382834 8 0.0
0.603033 0.298466 0.346388 8 0.0
0.615284 0.314792 0.351142 8 0.0
0.603517 0.295849 0.354127 8 0.0
0.590783 0.282139 0.341634 8 0.0
0.60255 0.301082 0.338649 8 0.0
0.364551 0.978337 0.413206 15 0.995156
0.378375 0.987283 0.42514 15 0.995156
0.350885 0.977442 0.429707 15 0.995156
0.350728 0.96939 0.401272 15 0.995156
0.378218 0.979231 0.396704 15 0.995156
0.734709 0.207786 0.155226 7 0.0
0.762687 0.292924 0.157094 7 0.0
0.225245 0.45591 0.34181 2 0.0
0.620041 0.321735 0.155999 8 0.679305
0.748294 0.46085 0.156201 7 0.0
0.728755 0.59883 0.377845 8 0.0
0.706605 0.706105 0.153796 7 0.0
0.278687 0.505823 0.372273 8 0.0
0.764073 0.408923 0.171072 6 5.5e-05
0.654266 0.659486 0.387468 10 0.0
0.633925 0.640459 0.386968 10 0.0
0.623008 0.692732 0.393986 10 0.0
0.674608 0.678513 0.387968 10 0.0
0.685525 0.626239 0.38095 10 0.0
0.608366 0.29103 0.314257 9 0.044515
0.762207 0.337126 0.369722 8 0.0
0.317626 0.374788 0.373683 8 0.0
0.732973 0.322808 0.156023 7 0.0
0.747588 0.252499 0.154656 7 0.0
0.661754 0.872308 0.77794 12 0.0
0.666831 0.893637 0.774251 12 0.0
0.651167 0.876194 0.785837 12 0.0
0.656676 0.850979 0.781629 12 0.0
0.67234 0.868421 0.770043 12 0.0
0.314613 0.918309 0.761216 12 0.0
0.314833 0.944068 0.760893 12 0.0
0.328272 0.918364 0.774885 12 0.0
0.314393 0.892551 0.76154 12 0.0
0.300954 0.918254 0.747548 12 0.0
0.38939 0.92629 0.635964 15 0.0
0.386907 0.945885 0.632229 15 0.0
0.401514 0.931988 0.657798 15 0.0
0.391874 0.906695 0.639699 15 0.0
0.377266 0.920592 0.61413 15 0.0
0.777578 0.089418 0.372361 16 0.999998
0.728536 0.914771 0.72167 12 0.0
0.726689 0.946972 0.723163 12 0.0
0.717794 0.913427 0.737349 12 0.0
0.730384 0.88257 0.720176 12 0.0
0.739278 0.916114 0.70599 12 0.0
0.591567 0.079178 0.376579 8 0.0
0.593824 0.104204 0.377284 8 0.0
0.647653 0.074135 0.376024 8 0.0
0.58931 0.054151 0.375875 8 0.0
0.535482 0.08422 0.377135 8 0.0
0.440113 0.837162 0.837399 12 0.0
0.442161 0.856671 0.837878 12 0.0
0.42865 0.838392 0.836352 12 0.0
0.438064 0.817653 0.83692 12 0.0
0.451575 0.835933 0.838446 12 0.0
0.5995 0.993785 0.82493 12 0.988693
0.566885 0.984113 0.154743 7 0.0
0.733651 0.798156 0.706498 12 0.0
0.57509 0.845357 0.69358 15 0.0
0.579578 0.862926 0.689966 15 0.0
0.548534 0.857882 0.721481 15 0.0
0.570603 0.827789 0.697194 15 0.0
0.601647 0.832833 0.665679 15 0.0
0.612284 0.94184 0.81482 12 0.0
0.60571 0.959422 0.820018 12 0.0
0.5963 0.933833 0.821687 12 0.0
0.618857 0.924258 0.809621 12 0.0
0.628267 0.949846 0.807952 12 0.0
0.223027 0.004824 0.300423 2 1.0
0.223027 0.00483 0.300424 2 1.0
0.223027 0.004823 0.300426 2 1.0
0.223027 0.004817 0.300423 2 1.0
0.223027 0.004824 0.300421 2 1.0
0.36059 0.997286 0.80522 12 0.998308
0.774117 0.044399 0.284772 6 0.0
0.774441 0.047907 0.255941 6 0.0
0.773795 0.059093 0.286556 6 0.0
0.773792 0.040891 0.313603 6 0.0
0.774438 0.029704 0.282988 6 0.0
0.439601 0.958899 0.429485 15 4e-06
0.441348 0.972793 0.431187 15 4e-06
0.419359 0.959999 0.441272 15 4e-06
0.437855 0.945006 0.427782 15 4e-06
0.459844 0.9578 0.417698 15 4e-06
0.586322 0.782099 0.790579 10 0.0
0.687531 0.991677 0.748036 14 2.1e-05
0.663176 0.954632 0.739951 14 0.000114
0.665727 0.959819 0.740896 14 0.000114
0.652269 0.959081 0.744967 14 0.000114
0.660625 0.949444 0.739005 14 0.000114
0.674084 0.950182 0.734934 14 0.000114
0.495095 0.020774 0.15399 7 0.0
0.351022 0.976304 0.791611 12 0.0
0.416722 0.086457 0.373926 8 0.0
0.355909 0.084899 0.373577 8 0.0
0.417432 0.058813 0.373682 8 0.0
0.477535 0.088014 0.374276 8 0.0
0.416013 0.1141 0.374171 8 0.0
0.719492 0.788613 0.730058 12 0.042566
0.306211 7.6e-05 0.295189 1 0.0
0.280011 0.000589 0.298242 1 0.0
0.309099 0.000368 0.319931 1 0.0
0.332411 -0.000438 0.292137 1 0.0
0.303322 -0.000217 0.270448 1 0.0
0.780111 0.983003 0.244084 16 0.174562
0.421005 0.997964 0.766922 14 0.0
0.41352 0.998053 0.785657 14 0.0
0.46354 0.997539 0.783918 14 0.0
0.42849 0.997875 0.748188 14 0.0
0.378471 0.998389 0.749927 14 0.0
0.601491 0.952734 0.821091 11 0.0
0.604469 0.967896 0.821548 11 0.0
0.584081 0.955938 0.82822 11 0.0
0.598513 0.937571 0.820634 11 0.0
0.618902 0.949529 0.813962 11 0.0
0.626648 2.5e-05 0.30758 1 0.0
0.675206 0.000385 0.309954 1 0.0
0.625605 0.000374 0.328858 1 0.0
0.57809 -0.000336 0.305205 1 0.0
0.627691 -0.000325 0.286301 1 0.0
0.442272 0.023415 0.152846 7 0.048151
0.257377 0.107776 0.271066 2 0.0
0.266344 0.135072 0.285034 2 0.0
0.253065 0.095236 0.29834 2 0.0
0.24841 0.080481 0.257098 2 0.0
0.261688 0.120317 0.243792 2 0.0
0.492886 0.278651 0.248972 9 0.0
0.509609 0.279054 0.247833 9 0.0
0.49505 0.280343 0.281316 9 0.0
0.476163 0.278249 0.250112 9 0.0
0.490723 0.27696 0.216629 9 0.0
0.400349 0.038697 0.372631 8 0.0
0.443827 0.000449 0.310187 1 0.0
0.708774 0.838302 0.740265 12 0.0
0.697993 0.84944 0.752181 12 0.0
0.702374 0.822385 0.749353 12 0.0
0.719556 0.827163 0.728349 12 0.0
0.715175 0.854218 0.731177 12 0.0
0.37665 0.98119 0.806651 12 0.958917
0.577749 0.833239 0.813983 16 0.0
0.557251 0.832485 0.819801 16 0.0
0.578397 0.81766 0.814244 16 0.0
0.598248 0.833993 0.808164 16 0.0
0.577102 0.848818 0.813722 16 0.0
0.691656 0.003272 0.159529 1 0.999958
0.744249 0.991359 0.689504 13 0.12693
0.33257 0.997694 0.786168 12 0.984841
0.534813 0.001504 0.341285 1 0.0
0.583742 0.306169 0.197729 9 0.0
0.601321 0.316934 0.199379 9 0.0
0.581253 0.307805 0.213566 9 0.0
0.566164 0.295404 0.196078 9 0.0
0.586232 0.304532 0.181892 9 0.0
0.351266 0.534467 0.316103 9 0.0
0.364154 0.585388 0.318733 9 0.0
0.350661 0.53366 0.334693 9 0.0
0.338377 0.483545 0.313473 9 0.0
0.351871 0.535273 0.297513 9 0.0
0.226725 0.961992 0.259822 2 0.0
0.227004 0.973662 0.261249 2 0.0
0.227147 0.95771 0.294766 2 0.0
0.226445 0.950323 0.258395 2 0.0
0.226302 0.966275 0.224878 2 0.0
0.533963 0.698555 0.396802 10 0.0
0.485853 0.700331 0.39758 10 0.0
0.535142 0.726848 0.405164 10 0.0
0.582073 0.69678 0.396025 10 0.0
0.532784 0.670262 0.388441 10 0.0
0.558469 0.02947 0.371864 8 0.0
0.757557 0.699452 0.342692 6 1e-06
0.226136 0.315965 0.20223 2 0.0
0.485071 0.003408 0.157639 1 0.999885
0.383448 0.783852 0.769141 10 0.0
0.376549 0.784252 0.781218 10 0.0
0.41652 0.783939 0.788031 10 0.0
0.390346 0.783452 0.757065 10 0.0
0.350375 0.783765 0.750251 10 0.0
0.250428 0.00347 0.339273 1 0.0
0.241063 0.00322 0.339449 1 0.0
0.250637 0.004207 0.351478 1 0.0
0.259793 0.003721 0.339097 1 0.0
0.250219 0.002734 0.327067 1 0.0
0.713003 0.053635 0.375709 8 0.0
0.732266 0.045109 0.375301 8 0.0
0.719674 0.068702 0.375816 8 0.0
0.693739 0.062162 0.376117 8 0.0
0.706332 0.038569 0.375602 8 0.0
0.531885 0.006606 0.182397 1 0.0
0.221619 0.008615 0.232922 2 1.0
0.56206 0.98956 0.441685 15 0.49542
0.227326 0.312795 0.371117 8 0.937004
0.742539 0.973754 0.217139 14 0.0
0.751335 0.973643 0.219548 14 0.0
0.736527 0.974733 0.239136 14 0.0
0.733742 0.973864 0.21473 14 0.0
0.74855 0.972774 0.195141 14 0.0
0.500585 0.088583 0.186406 7 0.0
0.500064 0.115324 0.18651 7 0.0
0.415732 0.086962 0.178101 7 0.0
0.501107 0.061843 0.186302 7 0.0
0.585439 0.090205 0.194711 7 0.0
0.221807 0.211996 0.178372 2 9e-06
0.224317 0.277909 0.334811 2 0.0
0.681854 0.741433 0.321839 8 0.0
0.658557 0.73687 0.309797 8 0.0
0.670991 0.8028 0.319596 8 0.0
0.70515 0.745997 0.333881 8 0.0
0.692717 0.680067 0.324082 8 0.0
0.299601 0.006155 0.368211 8 0.75032
0.744561 0.004436 0.259003 1 0.0
0.75664 0.004227 0.259314 1 0.0
0.743604 0.003948 0.295851 1 0.0
0.732483 0.004645 0.258691 1 0.0
0.745519 0.004925 0.222154 1 0.0
0.232543 0.754688 0.366011 4 0.985286
0.77176 0.500444 0.187933 5 0.0
0.46976 0.930354 0.809996 12 0.0
0.492911 0.938767 0.810586 12 0.0
0.462771 0.949425 0.812264 12 0.0
0.446608 0.921941 0.809407 12 0.0
0.476748 0.911283 0.807729 12 0.0
0.70963 0.964228 0.336128 14 0.0
0.72968 0.963833 0.339135 14 0.0
0.701336 0.959676 0.390841 14 0.0
0.689579 0.964623 0.333122 14 0.0
0.717923 0.96878 0.281416 14 0.0
0.493836 0.783215 0.787946 10 0.0
0.450115 0.783696 0.787015 10 0.0
0.493485 0.783754 0.804714 10 0.0
0.537556 0.782733 0.788876 10 0.0
0.494186 0.782675 0.771177 10 0.0
0.766412 0.20711 0.370403 8 0.998065
0.365667 0.994355 0.156614 7 0.541584
0.639907 0.781714 0.719704 10 0.0
0.676499 0.780854 0.685614 10 0.0
0.653798 0.781958 0.734609 10 0.0
0.603315 0.782574 0.753794 10 0.0
0.626016 0.78147 0.704799 10 0.0
0.504603 0.843551 0.709252 15 0.0
0.225423 0.162553 0.337398 2 0.0
0.363524 0.814473 0.519116 15 0.000181
0.775356 0.824064 0.52679 12 0.0
0.774442 0.838302 0.527948 12 0.0
0.774643 0.821328 0.559878 12 0.0
0.776269 0.809826 0.525633 12 0.0
0.776069 0.8268 0.493702 12 0.0
0.636996 0.367939 0.306218 9 0.0
0.654939 0.392132 0.295716 9 0.0
0.643673 0.370713 0.324017 9 0.0
0.619053 0.343746 0.316719 9 0.0
0.630319 0.365164 0.288418 9 0.0
0.753207 0.78927 0.666899 12 0.0
0.726655 0.976937 0.205989 14 0.0
0.739626 0.978257 0.197252 14 0.0
0.736534 0.977659 0.220766 14 0.0
0.713684 0.975616 0.214725 14 0.0
0.716775 0.976215 0.191212 14 0.0
0.224298 0.527281 0.373021 4 0.999332
0.280571 0.439696 0.183872 8 0.0
0.227848 0.48056 0.344829 2 0.0
0.764272 0.690947 0.371411 8 0.832186
0.644271 0.998237 0.639006 14 5e-06
0.65018 0.514636 0.262389 8 0.0
0.628892 0.543278 0.264659 8 0.0
0.650332 0.512181 0.294787 8 0.0
0.671467 0.485994 0.260119 8 0.0
0.650027 0.51709 0.229991 8 0.0
0.647532 0.51794 0.349959 8 0.0
0.227748 0.899398 0.156432 3 0.952127
0.222679 0.144819 0.17291 2 0.10498
0.401645 0.863041 0.827729 12 0.0
0.417783 0.863358 0.833449 12 0.0
0.401932 0.832074 0.828634 12 0.0
0.385507 0.862724 0.822009 12 0.0
0.401358 0.894008 0.826823 12 0.0
0.774893 0.964406 0.396898 6 0.0
0.221568 0.832239 0.227782 2 0.0
0.221822 0.834518 0.204092 2 0.0
0.222559 0.884328 0.232804 2 0.0
0.221314 0.82996 0.251471 2 0.0
0.220577 0.78015 0.22276 2 0.0
0.591548 0.993257 0.434194 14 0.0
0.346392 0.368975 0.153441 8 0.928957
0.426117 0.279039 0.338103 8 0.0
0.761478 0.409464 0.372684 8 0.0
0.760827 0.006364 0.367396 1 0.999993
0.752565 0.00666 0.365635 1 0.999993
0.761663 0.001738 0.362697 1 0.999993
0.769088 0.006068 0.369157 1 0.999993
0.759991 0.01099 0.372095 1 0.999993
0.767312 0.790792 0.612673 16 0.000631
0.223091 0.731761 0.3595 2 0.0
0.345576 0.322499 0.361622 8 0.0
0.52423 0.781182 0.841231 12 0.999137
0.613248 0.614056 0.153472 7 0.0
0.225321 0.994198 0.179272 3 0.880948
0.772982 0.25274 0.323274 6 0.0
0.413361 0.998479 0.438928 14 0.0
0.221796 0.643459 0.301233 2 0.0
0.222346 0.700518 0.265207 2 0.0
0.222059 0.702905 0.232097 2 0.0
0.225125 0.785745 0.271327 2 0.0
0.222634 0.698131 0.298318 2 0.0
0.219568 0.615291 0.259088 2 0.0
0.646569 0.370745 0.307418 8 0.0
0.656871 0.415398 0.302933 8 0.0
0.649656 0.372212 0.329124 8 0.0
0.636266 0.326091 0.311903 8 0.0
0.643481 0.369277 0.285712 8 0.0
0.766096 0.687337 0.165421 7 4.4e-05
0.704844 0.444725 0.380496 8 0.0
0.68814 0.531586 0.380437 8 0.0
0.293539 0.914645 0.742324 12 0.0
0.290144 0.940872 0.738311 12 0.0
0.307581 0.919091 0.759502 12 0.0
0.296934 0.888417 0.746337 12 0.0
0.279497 0.910199 0.725147 12 0.0
0.584849 0.025678 0.278521 1 0.0
0.638608 0.028487 0.278536 1 0.0
0.584803 0.026426 0.308137 1 0.0
0.531091 0.02287 0.278507 1 0.0
0.584896 0.024931 0.248905 1 0.0
0.222147 0.365764 0.215923 2 0.0
0.288681 0.609615 0.177202 7 0.98737
0.633955 0.981575 0.522347 15 0.0
0.361286 0.02182 0.187922 1 0.0
0.225288 0.464666 0.348168 2 0.0
0.232106 0.701808 0.370989 4 0.994945
0.233565 0.074576 0.154539 7 0.17705
0.693704 0.654482 0.154215 7 0.0
0.62952 0.203049 0.261833 7 1e-06
0.663896 0.228869 0.28971 7 1e-06
0.615585 0.211918 0.270801 7 1e-06
0.595145 0.177229 0.233955 7 1e-06
0.643455 0.19418 0.252864 7 1e-06
0.776435 0.444716 0.264923 6 0.0
0.226999 0.596223 0.335901 2 0.0
0.760624 0.511302 0.208661 5 0.0
0.699432 0.410384 0.155299 7 0.0
0.77882 0.364544 0.195962 5 0.0
0.309481 0.395171 0.199942 8 0.0
0.306643 0.416916 0.191886 8 0.0
0.305307 0.400437 0.215626 8 0.0
0.312318 0.373427 0.207998 8 0.0
0.313654 0.389905 0.184258 8 0.0
0.773752 0.668595 0.313787 6 0.0
0.774106 0.528652 0.331948 6 0.0
0.747047 0.368638 0.15665 7 0.0
0.501359 0.25555 0.153424 7 0.0
0.735182 0.236736 0.243507 5 0.0
0.754854 0.439511 0.26187 6 0.0
0.754328 0.522905 0.251078 6 0.0
0.75413 0.443441 0.292275 6 0.0
0.755379 0.356117 0.272663 6 0.0
0.755578 0.435581 0.231466 6 0.0
0.335857 0.42861 0.341325 4 0.0
0.334826 0.428573 0.352765 4 0.0
0.336251 0.392514 0.341245 4 0.0
0.336888 0.428646 0.329886 4 0.0
0.335464 0.464705 0.341406 4 0.0
0.342387 0.376491 0.223909 9 0.0
0.333519 0.394948 0.227659 9 0.0
0.344517 0.372742 0.247389 9 0.0
0.351255 0.358034 0.220158 9 0.0
0.340257 0.380239 0.200429 9 0.0
0.752364 0.313746 0.155148 7 0.0
0.443417 0.667692 0.152507 7 0.0
0.41912 1.000434 0.355745 14 0.0
0.358941 0.999249 0.397195 14 0.0
0.434589 1.000291 0.3782 14 0.0
0.479298 1.001619 0.314296 14 0.0
0.403651 1.000577 0.33329 14 0.0
0.36118 0.996141 0.532387 15 0.090183
0.35305 0.574503 0.153269 7 0.0
0.688266 0.301949 0.154752 7 0.0
0.775923 0.40674 0.314716 6 0.0
0.775065 0.476465 0.306836 6 0.0
0.721774 0.456323 0.15451 7 0.0
0.753906 0.945126 0.663403 12 0.0
0.749658 0.956484 0.678131 12 0.0
0.74944 0.930582 0.673331 12 0.0
0.758154 0.933767 0.648674 12 0.0
0.758372 0.95967 0.653475 12 0.0
0.775907 0.5302 0.264251 16 0.0
0.775281 0.62536 0.262821 16 0.0
0.77574 0.530675 0.295977 16 0.0
0.776532 0.435039 0.265681 16 0.0
0.776073 0.529724 0.232525 16 0.0
0.396533 0.921504 0.818104 12 0.0
0.377756 0.923798 0.810089 12 0.0
0.399022 0.947495 0.819715 12 0.0
0.41531 0.919209 0.826119 12 0.0
0.394045 0.895512 0.816494 12 0.0
0.755999 0.871669 0.661883 12 0.0
0.759455 0.898237 0.653829 12 0.0
0.750667 0.877189 0.677804 12 0.0
0.752543 0.845101 0.669938 12 0.0
0.761331 0.866149 0.645963 12 0.0
0.371511 0.942288 0.809921 12 0.0
0.388003 0.942399 0.818395 12 0.0
0.371697 0.923234 0.80981 12 0.0
0.355019 0.942176 0.801447 12 0.0
0.371325 0.961342 0.810032 12 0.0
0.335274 0.924743 0.784336 12 0.0
0.335504 0.948546 0.784253 12 0.0
0.348051 0.924658 0.795243 12 0.0
0.335043 0.900941 0.784419 12 0.0
0.322496 0.924829 0.773429 12 0.0
0.229417 0.977392 0.604901 12 0.0
0.232515 0.976856 0.628199 12 0.0
0.228295 0.969307 0.604864 12 0.0
0.226319 0.977927 0.581602 12 0.0
0.230538 0.985476 0.604938 12 0.0
0.226309 0.887801 0.487743 3 0.0
0.228016 0.88901 0.537294 3 0.0
0.225102 0.852272 0.488652 3 0.0
0.224601 0.886593 0.438193 3 0.0
0.227516 0.923331 0.486835 3 0.0
0.703197 0.824699 0.747323 12 0.0
0.6997 0.837557 0.750598 12 0.0
0.689915 0.817143 0.76281 12 0.0
0.706694 0.811841 0.744049 12 0.0
0.716479 0.832255 0.731837 12 0.0
0.315733 0.784163 0.607856 10 0.0
0.460656 0.054091 0.189199 7 2e-06
0.46246 0.071663 0.183114 7 2e-06
0.518648 0.049614 0.193461 7 2e-06
0.458852 0.03652 0.195284 7 2e-06
0.402664 0.058568 0.184936 7 2e-06
0.645155 0.085024 0.377187 8 0.0
0.648783 0.111512 0.378301 8 0.0
0.685403 0.079545 0.376388 8 0.0
0.641527 0.058535 0.376073 8 0.0
0.604906 0.090503 0.377986 8 0.0
0.776961 0.987633 0.28336 16 0.039991
0.473216 0.989676 0.706382 15 0.0
0.582836 0.793214 0.826374 12 0.000989
0.743141 0.806053 0.675855 13 0.0
0.738063 0.808708 0.685306 13 0.0
0.745774 0.796637 0.679915 13 0.0
0.748219 0.803399 0.666404 13 0.0
0.740507 0.81547 0.671795 13 0.0
0.226516 0.952905 0.237899 2 0.0
0.226749 0.967987 0.238297 2 0.0
0.226553 0.952196 0.26483 2 0.0
0.226282 0.937823 0.237502 2 0.0
0.226479 0.953615 0.210969 2 0.0
0.281158 0.869886 0.728557 12 0.0
0.281663 0.89707 0.727775 12 0.0
0.292557 0.870106 0.743596 12 0.0
0.280653 0.842702 0.729338 12 0.0
0.26976 0.869665 0.713517 12 0.0
0.750826 0.067232 0.21861 5 0.0
0.75477 0.05723 0.198723 5 0.0
0.748638 0.085973 0.208751 5 0.0
0.746882 0.077233 0.238498 5 0.0
0.753014 0.04849 0.22847 5 0.0
0.627792 0.000585 0.317678 1 0.0
0.580627 0.001085 0.311482 1 0.0
0.625533 0.000696 0.334882 1 0.0
0.674957 8.5e-05 0.323874 1 0.0
0.630051 0.000474 0.300475 1 0.0
0.556689 0.782715 0.781008 10 0.0
0.599367 0.78198 0.769144 10 0.0
0.561128 0.782974 0.79696 10 0.0
0.514011 0.783451 0.792871 10 0.0
0.55225 0.782457 0.765055 10 0.0
0.648679 0.957625 0.731351 14 1e-06
0.775879 0.030489 0.372784 16 0.99981
0.342101 0.981932 0.790759 12 0.0
0.341809 0.988365 0.790681 12 0.0
0.359386 0.982868 0.803133 12 0.0
0.342394 0.975499 0.790837 12 0.0
0.324817 0.980997 0.778385 12 0.0
0.34933 0.035024 0.334921 1 1.3e-05
0.314419 0.039016 0.334072 1 1.3e-05
0.347977 0.023051 0.334244 1 1.3e-05
0.384241 0.031032 0.33577 1 1.3e-05
0.350682 0.046996 0.335598 1 1.3e-05
0.72687 0.821651 0.70466 12 0.0
0.578533 0.833258 0.829712 12 0.0
0.567999 0.845644 0.832061 12 0.0
0.564741 0.820623 0.834486 12 0.0
0.589067 0.820871 0.827362 12 0.0
0.592325 0.845893 0.824937 12 0.0
0.484756 0.815013 0.839467 12 0.0
0.503818 0.813817 0.840905 12 0.0
0.48563 0.827145 0.837969 12 0.0
0.465693 0.816209 0.83803 12 0.0
0.483881 0.802882 0.840966 12 0.0
0.77167 0.976987 0.490763 5 0.0
0.4817 0.944289 0.430964 15 0.0
0.475004 0.960137 0.430409 15 0.0
0.507809 0.955192 0.427289 15 0.0
0.488397 0.928441 0.431519 15 0.0
0.455592 0.933386 0.434638 15 0.0
0.415315 0.021402 0.371812 8 0.0
0.529698 1.001727 0.190521 14 0.001587
0.281303 0.538858 0.152961 7 0.0
0.245898 0.001798 0.369344 1 1.0
0.612354 0.801824 0.815382 12 0.0
0.59129 0.801356 0.825321 12 0.0
0.612308 0.794031 0.814918 12 0.0
0.633418 0.802292 0.805444 12 0.0
0.6124 0.809617 0.815847 12 0.0
0.488099 0.788274 0.839859 12 0.0
0.724449 0.963119 0.341424 14 0.0
0.671005 0.002966 0.158359 1 1.0
0.40379 0.968948 0.823842 11 0.0
0.404675 0.979662 0.823324 11 0.0
0.424854 0.967593 0.831796 11 0.0
0.402905 0.958233 0.824361 11 0.0
0.382726 0.970302 0.815889 11 0.0
0.764134 0.001605 0.357479 1 0.955577
0.759043 0.002982 0.358619 1 0.955577
0.765352 0.001268 0.363325 1 0.955577
0.769225 0.000228 0.356338 1 0.955577
0.762916 0.001943 0.351632 1 0.955577
0.382508 0.324448 0.165537 8 2.3e-05
0.226837 0.96821 0.220199 2 0.0
0.226793 0.978709 0.221161 2 0.0
0.227097 0.966136 0.242845 2 0.0
0.226881 0.957711 0.219237 2 0.0
0.226577 0.970283 0.197554 2 0.0
0.415381 0.002462 0.353523 1 0.000182
0.684711 0.27483 0.155444 7 0.0
0.533086 0.049834 0.374733 8 0.0
0.508204 0.852888 0.707876 15 0.0
0.472765 0.84166 0.704386 15 0.0
0.501549 0.874288 0.70661 15 0.0
0.543643 0.864115 0.711367 15 0.0
0.514859 0.831488 0.709143 15 0.0
0.633038 0.99915 0.765352 14 0.0
0.510012 0.052082 0.17342 7 0.0
0.350173 0.663443 0.361284 10 0.0
0.360384 0.690395 0.364848 10 0.0
0.317275 0.675519 0.364225 10 0.0
0.339962 0.636492 0.35772 10 0.0
0.383072 0.651368 0.358344 10 0.0
0.224856 0.365366 0.185141 2 0.0
0.316662 0.784712 0.685888 10 0.0
0.331509 0.784289 0.67611 10 0.0
0.341417 0.784143 0.723503 10 0.0
0.301814 0.785135 0.695666 10 0.0
0.291907 0.785281 0.648273 10 0.0
0.511358 0.013577 0.156147 7 0.110308
0.774801 0.960845 0.39118 6 1e-06
0.502484 0.000958 0.175667 1 0.007847
0.314663 0.157744 0.371333 8 0.0
0.312821 0.206682 0.371124 8 0.0
0.342357 0.158791 0.372228 8 0.0
0.316505 0.108807 0.371543 8 0.0
0.286969 0.156698 0.370439 8 0.0
0.233302 0.997516 0.491571 14 0.846163
0.288698 0.320883 0.369127 8 0.0
0.505625 0.050259 0.374659 8 0.0
0.774067 0.91482 0.50671 16 0.0
0.774238 0.942138 0.506099 16 0.0
0.771889 0.915904 0.554527 16 0.0
0.773896 0.887502 0.507322 16 0.0
0.776245 0.913736 0.458894 16 0.0
0.245653 0.340587 0.349011 2 0.160933
0.550533 0.844268 0.70324 15 0.0
0.56496 0.863826 0.698753 15 0.0
0.539066 0.853865 0.708202 15 0.0
0.536107 0.82471 0.707726 15 0.0
0.562001 0.834671 0.698277 15 0.0
0.778706 0.283409 0.182114 6 0.0
0.774092 0.297805 0.332749 6 0.0
0.738332 0.94261 0.693877 12 0.0
0.745604 0.956024 0.683741 12 0.0
0.733472 0.954666 0.706345 12 0.0
0.731061 0.929196 0.704012 12 0.0
0.743193 0.930555 0.681408 12 0.0
0.378624 0.330139 0.297107 8 0.0
0.362004 0.356694 0.295561 8 0.0
0.376771 0.330429 0.322012 8 0.0
0.395243 0.303584 0.298653 8 0.0
0.380476 0.329848 0.272201 8 0.0
0.733097 0.825273 0.695012 16 0.0
0.721867 0.833488 0.712593 16 0.0
0.731265 0.813685 0.699256 16 0.0
0.744327 0.817059 0.677431 16 0.0
0.73493 0.836861 0.690768 16 0.0
0.333723 0.696026 0.317029 8 0.0
0.344033 0.753694 0.316111 8 0.0
0.302527 0.701711 0.323836 8 0.0
0.323413 0.638358 0.317948 8 0.0
0.364919 0.69034 0.310222 8 0.0
0.357983 0.552858 0.158083 8 0.999659
0.51236 0.951581 0.837147 12 0.0
0.5372 0.947749 0.836285 12 0.0
0.514803 0.967504 0.836745 12 0.0
0.48752 0.955414 0.838009 12 0.0
0.509917 0.935658 0.837549 12 0.0
0.373301 0.96749 0.52052 15 0.008985
0.37145 0.9784 0.520115 15 0.008985
0.368941 0.967695 0.545992 15 0.008985
0.375152 0.956579 0.520925 15 0.008985
0.377661 0.967284 0.495048 15 0.008985
0.761385 0.073994 0.372846 8 0.001663
0.425799 0.943454 0.152814 7 0.0
0.703772 0.165542 0.37762 8 0.0
0.710586 0.215994 0.378037 8 0.0
0.682207 0.168447 0.378496 8 0.0
0.696958 0.11509 0.377203 8 0.0
0.725337 0.162636 0.376745 8 0.0
0.242968 0.738347 0.184897 2 0.994881
0.40616 0.582995 0.169312 8 0.002291
0.26515 0.423492 0.372159 8 0.0
0.224331 0.534627 0.337362 2 0.0
0.345594 0.542112 0.175439 8 7.2e-05
0.325607 0.542805 0.370969 8 0.0
0.710497 0.941912 0.727404 13 2e-06
0.714462 0.960135 0.729025 13 2e-06
0.698724 0.943024 0.743722 13 2e-06
0.706531 0.92369 0.725784 13 2e-06
0.722269 0.940801 0.711087 13 2e-06
0.638708 0.003329 0.329061 1 0.0
0.696921 0.971059 0.7074 14 3e-06
0.777251 0.834688 0.416395 6 1.4e-05
0.308919 0.275027 0.371071 8 0.0
0.643289 0.825622 0.785643 16 0.0
0.718782 0.726081 0.153781 7 0.0
0.342898 0.373684 0.159715 4 0.456438
0.44234 0.784577 0.808029 15 0.0
0.667052 0.446574 0.308945 8 0.0
0.660349 0.481477 0.309368 8 0.0
0.667865 0.446472 0.330237 8 0.0
0.673755 0.411671 0.308523 8 0.0
0.66624 0.446676 0.287654 8 0.0
0.307994 0.2512 0.367798 8 0.0
0.363834 0.787524 0.798966 10 0.0
0.558132 0.993642 0.700028 14 0.998767
0.559883 0.603942 0.153954 8 0.99999
0.223295 0.638604 0.22223 2 0.0
0.253173 0.699671 0.154321 7 0.001458
0.692747 0.582337 0.154196 7 0.0
0.243207 0.453689 0.314059 2 0.0
0.775729 0.80765 0.408427 16 0.0
0.688479 0.425919 0.378995 8 0.0
0.623671 0.312189 0.167091 4 0.993436
0.774065 0.798361 0.438908 16 0.0
0.224279 0.504796 0.357008 2 0.0
0.567693 0.795603 0.821079 10 2e-06
0.478518 0.054385 0.151684 7 0.0
0.420711 0.837381 0.828699 11 0.0
0.441067 0.837839 0.834527 11 0.0
0.420785 0.818286 0.82994 11 0.0
0.400355 0.836924 0.822872 11 0.0
0.420637 0.856476 0.827458 11 0.0
0.76141 0.575452 0.35352 6 1e-06
0.746817 0.567544 0.193967 7 4e-06
0.326849 0.406891 0.157034 7 0.105187
0.639554 0.579348 0.153162 7 0.0
0.767592 0.240014 0.155779 7 0.0
0.753748 0.430007 0.157255 7 6e-06
0.715726 0.944157 0.155236 7 0.0
0.707676 0.960154 0.155272 7 0.0
0.697468 0.934971 0.154517 7 0.0
0.723776 0.92816 0.155201 7 0.0
0.733983 0.953343 0.155956 7 0.0
0.597566 -0.000589 0.263401 1 0.0
0.654104 0.000614 0.257703 1 0.0
0.600962 0.000174 0.297267 1 0.0
0.541027 -0.001791 0.269098 1 0.0
0.594169 -0.001352 0.229535 1 0.0
0.771189 0.863463 0.15788 7 0.967814
0.227073 0.796091 0.585012 12 0.076639
0.312571 0.07884 0.295252 1 6.2e-05
0.739572 0.040294 0.225833 1 0.703224
0.717898 0.55471 0.156098 7 0.0
0.22232 0.571647 0.296908 2 0.0
0.223005 0.63477 0.262571 2 0.0
0.681465 0.461137 0.378377 8 0.0
0.259343 0.739086 0.369411 10 0.02823
0.248772 0.736153 0.367408 10 0.02823
0.25317 0.761755 0.368798 10 0.02823
0.269915 0.742019 0.371413 10 0.02823
0.265516 0.716416 0.370023 10 0.02823
0.779477 0.428581 0.215792 16 0.0
0.771849 0.594025 0.362138 5 0.0
0.472923 0.972722 0.231215 14 0.0
0.722275 0.356095 0.156355 7 0.0
0.358892 0.538361 0.356745 9 0.0
0.583146 0.675579 0.390453 8 0.0
0.533215 0.692062 0.394907 8 0.0
0.591483 0.699618 0.394958 8 0.0
0.633076 0.659097 0.385999 8 0.0
0.574809 0.651541 0.385947 8 0.0
0.272902 0.996119 0.276743 14 0.0
0.289377 0.996356 0.277173 14 0.0
0.271831 0.997014 0.317332 14 0.0
0.256427 0.995882 0.276314 14 0.0
0.273973 0.995224 0.236155 14 0.0
0.229595 0.840877 0.365155 2 0.0
0.776371 0.272053 0.317104 16 0.0
0.419859 0.741618 0.151337 7 0.0
0.362405 0.714449 0.15186 7 0.0
0.401184 0.781105 0.151042 7 0.0
0.477313 0.768787 0.150814 7 0.0
0.438534 0.702131 0.151633 7 0.0
0.22575 0.60566 0.360766 3 0.928872
0.775756 0.633246 0.264076 16 0.0
0.777652 0.730818 0.261871 16 0.0
0.775418 0.634012 0.2977 16 0.0
0.773861 0.535674 0.26628 16 0.0
0.776094 0.63248 0.230452 16 0.0
0.630628 0.324222 0.15483 8 0.90513
0.281972 0.501309 0.159152 7 0.0
0.274821 0.996006 0.206161 14 0.003215
0.292462 0.996779 0.207003 14 0.003215
0.27393 0.996198 0.224643 14 0.003215
0.257179 0.995232 0.205319 14 0.003215
0.275711 0.995814 0.187678 14 0.003215
0.22289 0.418354 0.293682 2 0.0
0.495426 0.646417 0.153041 7 0.0
0.334785 0.357313 0.337245 8 1.9e-05
0.776596 0.680552 0.289462 6 0.0
0.632287 0.335193 0.153763 8 0.834177
0.368075 0.896242 0.563614 15 0.0
0.368663 0.92485 0.554727 15 0.0
0.369659 0.903709 0.587757 15 0.0
0.367487 0.867634 0.572501 15 0.0
0.366491 0.888774 0.53947 15 0.0
0.22742 0.974049 0.49016 2 0.0
0.296629 0.889853 0.750558 12 0.0
0.295819 0.922341 0.750239 12 0.0
0.307217 0.890235 0.762548 12 0.0
0.29744 0.857365 0.750878 12 0.0
0.286042 0.889471 0.738569 12 0.0
0.621017 0.840335 0.812745 12 0.0
0.618122 0.85945 0.813723 12 0.0
0.604422 0.837374 0.821486 12 0.0
0.623913 0.82122 0.811767 12 0.0
0.637612 0.843296 0.804004 12 0.0
0.759753 0.849471 0.593285 12 0.0
0.760644 0.869723 0.577962 12 0.0
0.757134 0.857472 0.603707 12 0.0
0.758862 0.829219 0.608608 12 0.0
0.762372 0.841469 0.582862 12 0.0
0.744546 0.893963 0.538442 12 0.999953
0.757302 0.909313 0.503432 12 0.999953
0.747591 0.924723 0.553038 12 0.999953
0.731791 0.878613 0.573452 12 0.999953
0.741502 0.863204 0.523846 12 0.999953
0.713105 0.830504 0.733666 12 0.0
0.7065 0.842951 0.739817 12 0.0
0.703989 0.819832 0.745471 12 0.0
0.71971 0.818057 0.727514 12 0.0
0.722221 0.841176 0.72186 12 0.0
0.339492 0.926873 0.786128 12 0.0
0.332501 0.946388 0.781326 12 0.0
0.351289 0.933409 0.795519 12 0.0
0.346483 0.907357 0.79093 12 0.0
0.327695 0.920336 0.776736 12 0.0
0.70232 0.827452 0.74667 16 0.0
0.690949 0.83579 0.75822 16 0.0
0.698834 0.814383 0.752674 16 0.0
0.71369 0.819113 0.735121 16 0.0
0.705805 0.84052 0.740666 16 0.0
0.749644 0.965241 0.643336 14 0.999743
0.758184 0.973684 0.625944 14 0.999743
0.75108 0.974677 0.648622 14 0.999743
0.741104 0.956798 0.660729 14 0.999743
0.748207 0.955804 0.63805 14 0.999743
0.401395 0.143238 0.151544 7 0.0
0.393015 0.186087 0.151395 7 0.0
0.456619 0.154037 0.150972 7 0.0
0.409775 0.10039 0.151693 7 0.0
0.346171 0.13244 0.152117 7 0.0
0.610748 0.031806 0.374537 8 0.0
0.774755 0.021873 0.158876 16 0.95835
0.776055 0.021687 0.155881 16 0.95835
0.774693 0.032663 0.158178 16 0.95835
0.773454 0.022059 0.161871 16 0.95835
0.774816 0.011083 0.159573 16 0.95835
0.535954 0.815922 0.837773 11 0.0
0.556048 0.818238 0.834891 11 0.0
0.534343 0.828128 0.836345 11 0.0
0.515861 0.813605 0.840655 11 0.0
0.537566 0.803715 0.839201 11 0.0
0.405284 0.987513 0.823092 12 0.939474
0.403883 0.992465 0.824836 12 0.939474
0.417598 0.989332 0.827816 12 0.939474
0.406685 0.982561 0.821348 12 0.939474
0.39297 0.985694 0.818368 12 0.939474
0.732464 0.741368 0.153794 7 0.0
0.732922 0.890464 0.70158 13 0.0
0.737904 0.899843 0.692657 13 0.0
0.727946 0.902036 0.710965 13 0.0
0.72794 0.881085 0.710504 13 0.0
0.737899 0.878891 0.692196 13 0.0
0.278582 0.822169 0.725511 12 0.0
0.278391 0.836416 0.725774 12 0.0
0.291337 0.82202 0.742914 12 0.0
0.278774 0.807922 0.725249 12 0.0
0.265828 0.822318 0.708109 12 0.0
0.256795 0.000304 0.193608 1 0.0
0.243817 0.000856 0.195573 1 0.0
0.259077 -0.000948 0.209029 1 0.0
0.269773 -0.000247 0.191642 1 0.0
0.254512 0.001557 0.178187 1 0.0
0.774491 0.024929 0.183741 16 0.0
0.774116 0.026086 0.172423 16 0.0
0.774278 0.034901 0.184767 16 0.0
0.774867 0.023773 0.19506 16 0.0
0.774704 0.014957 0.182715 16 0.0
0.755667 0.925362 0.564804 16 0.0
0.754668 0.94708 0.56755 16 0.0
0.750529 0.920718 0.599673 16 0.0
0.756667 0.903644 0.562059 16 0.0
0.760805 0.930007 0.529936 16 0.0
0.626615 0.984166 0.809902 12 0.0
0.558127 0.823112 0.809714 16 1.8e-05
0.22744 0.976376 0.519681 2 0.0
0.306633 0.87146 0.761272 11 0.0
0.307067 0.901409 0.761634 11 0.0
0.317499 0.871161 0.772967 11 0.0
0.3062 0.841511 0.760909 11 0.0
0.295768 0.871759 0.749577 11 0.0
0.67414 0.97318 0.767739 12 0.0
0.292797 0.987698 0.744391 12 4e-06
0.770736 0.088815 0.363661 16 0.0
0.358315 0.77991 0.805615 10 0.999149
0.779738 0.95761 0.333561 16 0.0
0.225021 0.01131 0.295739 2 0.255024
0.412334 0.004526 0.358673 1 0.0
0.618905 0.961499 0.812529 12 0.0
0.621953 0.973598 0.813231 12 0.0
0.60301 0.965038 0.820559 12 0.0
0.615857 0.949401 0.811827 12 0.0
0.634799 0.957961 0.804499 12 0.0
0.309189 0.991834 0.639114 14 0.0
0.28912 0.992134 0.646628 14 0.0
0.327738 0.993942 0.68857 14 0.0
0.329258 0.991535 0.631599 14 0.0
0.29064 0.989727 0.589658 14 0.0
0.504771 0.281191 0.276466 9 0.0
0.520657 0.282979 0.275619 9 0.0
0.506355 0.281395 0.306576 9 0.0
0.488886 0.279403 0.277314 9 0.0
0.503188 0.280986 0.246356 9 0.0
0.52263 0.283518 0.333832 9 0.0
0.519805 0.281075 0.346568 9 0.0
0.541699 0.285787 0.338496 9 0.0
0.525455 0.285962 0.321095 9 0.0
0.503561 0.28125 0.329167 9 0.0
0.22299 0.00799 0.188776 2 0.932153
0.755739 0.996496 0.508582 14 0.0
0.747137 0.960194 0.67806 12 0.0
0.749472 0.973128 0.67676 12 0.0
0.741239 0.96283 0.693696 12 0.0
0.744802 0.94726 0.679359 12 0.0
0.753035 0.957559 0.662423 12 0.0
0.643253 0.082112 0.21259 7 0.0
0.68468 0.073753 0.202198 7 0.0
0.647993 0.108552 0.210218 7 0.0
0.601825 0.090472 0.222982 7 0.0
0.638512 0.055673 0.214962 7 0.0
0.501365 -0.000894 0.185987 1 0.0
0.486778 0.002995 0.364489 1 0.982041
0.398797 0.316885 0.173944 9 0.000385
0.266148 0.966736 0.273714 14 0.0
0.251885 0.966536 0.273324 14 0.0
0.26499 0.969226 0.314694 14 0.0
0.28041 0.966936 0.274105 14 0.0
0.267305 0.964246 0.232735 14 0.0
0.287968 0.78248 0.505923 10 0.0
0.269695 0.782535 0.502763 10 0.0
0.279733 0.782953 0.553548 10 0.0
0.306242 0.782424 0.509084 10 0.0
0.296204 0.782007 0.458298 10 0.0
0.399639 0.002976 0.334175 1 0.0
0.555197 0.636337 0.385613 8 0.0
0.556923 0.608764 0.193275 8 0.0
0.521753 0.608979 0.189065 8 0.0
0.555488 0.607971 0.205225 8 0.0
0.592094 0.608549 0.197484 8 0.0
0.558358 0.609557 0.181324 8 0.0
0.585689 0.053299 0.374995 8 0.0
0.615055 0.786336 0.493872 15 0.101919
0.563573 0.658131 0.154709 7 0.0
0.257338 0.320605 0.369411 8 0.0
0.518046 0.076679 0.294008 7 0.0
0.224584 0.20143 0.333138 2 0.0
0.458114 0.7962 0.808653 12 0.0
0.681864 0.033845 0.153674 7 0.0
0.682071 0.045939 0.153551 7 0.0
0.712765 0.033319 0.154093 7 0.0
0.681657 0.02175 0.153798 7 0.0
0.650963 0.03437 0.153255 7 0.0
0.769505 0.055221 0.371986 8 0.994431
0.622321 0.030795 0.372747 8 0.0
0.761447 0.986486 0.648683 12 0.029119
0.484898 -0.000997 0.216923 1 0.0
0.759228 0.997155 0.458492 14 0.0
0.754102 0.793244 0.663321 13 0.0
0.238558 0.223796 0.370355 8 0.0
0.605051 0.980651 0.474741 15 0.982221
0.235047 0.451665 0.368187 8 0.99704
0.340634 0.962807 0.516832 15 0.999934
0.227038 0.165727 0.366178 2 0.999628
0.739201 0.998603 0.384407 14 0.0
0.48454 0.06826 0.375185 8 0.0
0.232098 0.189817 0.36335 3 0.018573
0.222869 0.198865 0.359773 3 0.999965
0.223572 0.243016 0.298101 2 0.0
0.22319 0.984978 0.160838 2 0.899717
0.225155 0.991609 0.160002 2 0.899717
0.222785 0.98568 0.165457 2 0.899717
0.221224 0.978346 0.161673 2 0.899717
0.223595 0.984275 0.156218 2 0.899717
0.329789 0.021825 0.371372 8 0.0
0.775532 0.840241 0.158102 16 0.999982
0.419128 -0.00094 0.161061 1 0.843485
0.695896 0.287867 0.265204 8 1e-06
0.714928 0.331617 0.237942 8 1e-06
0.702835 0.29464 0.280917 8 1e-06
0.676864 0.244118 0.292465 8 1e-06
0.688958 0.281094 0.24949 8 1e-06
0.226742 0.335406 0.360158 2 0.0
0.25583 0.138398 0.371063 8 0.0
0.76255 0.164135 0.372018 8 0.199811
0.499473 0.906681 0.153264 7 0.0
0.497544 0.936171 0.153614 7 0.0
0.415006 0.901155 0.153245 7 0.0
0.501403 0.877192 0.152914 7 0.0
0.58394 0.912208 0.153284 7 0.0
0.329144 0.46221 0.161963 8 0.003391
0.22429 0.191915 0.337112 2 0.0
0.365258 0.78355 0.636193 10 0.98619
0.430053 0.599779 0.16204 8 8.6e-05
0.477463 0.993719 0.707053 15 0.999943
0.329674 0.454167 0.366278 8 0.0
0.357032 0.594139 0.372642 8 0.0
0.693342 0.003812 0.357178 1 0.0
0.228269 0.20059 0.367156 8 0.987162
0.638833 0.805205 0.789152 12 0.001726
0.625547 0.806615 0.797017 12 0.001726
0.640923 0.796837 0.794183 12 0.001726
0.65212 0.803795 0.781287 12 0.001726
0.636744 0.813573 0.784122 12 0.001726
0.710312 0.53698 0.155084 7 0.0
0.490668 0.999259 0.418591 14 1e-06
0.757352 0.539629 0.374258 8 0.999956
0.336474 0.402411 0.157051 8 0.971386
0.56845 0.784528 0.811272 10 0.0
0.553833 0.273521 0.15727 8 0.033936
0.734602 -0.000565 0.157547 1 1.0
0.226386 0.256742 0.372909 8 0.980132
0.594766 0.599407 0.152904 7 1e-06
0.28891 0.379055 0.372082 8 0.0
0.221631 0.689937 0.20196 2 0.0
0.226907 0.459628 0.361677 2 0.0
0.425727 0.993764 0.693654 15 0.999977
0.775125 0.803404 0.45236 16 0.031954
0.776815 0.501833 0.28437 6 0.0
0.738795 0.380586 0.187915 4 2.1e-05
0.353024 0.510736 0.286168 9 0.0
0.365127 0.538414 0.281181 9 0.0
0.354015 0.515042 0.312475 9 0.0
0.34092 0.483057 0.291154 9 0.0
0.352033 0.506429 0.25986 9 0.0
0.241929 0.660829 0.369854 10 0.10347
0.263202 0.47575 0.198849 8 0.001455
0.248868 0.58472 0.370011 8 1e-06
0.562473 0.6059 0.159088 8 0.999996
0.674296 0.549016 0.381824 8 0.0
0.729697 0.307668 0.203267 8 1e-06
0.52709 0.846931 0.724872 14 0.0
0.56694 0.860211 0.731424 14 0.0
0.521529 0.863538 0.725031 14 0.0
0.487239 0.833651 0.718321 14 0.0
0.53265 0.830324 0.724714 14 0.0
0.740752 0.327512 0.273793 5 0.0
0.733811 0.327719 0.374443 8 0.0
0.370657 0.342719 0.270244 8 0.0
0.353309 0.362318 0.271872 8 0.0
0.371136 0.34039 0.303372 8 0.0
0.388005 0.323119 0.268615 8 0.0
0.370178 0.345048 0.237115 8 0.0
0.698635 0.525606 0.153263 8 0.999433
0.409756 0.974911 0.668929 15 0.0
0.42656 0.976218 0.68486 15 0.0
0.411182 0.966493 0.668116 15 0.0
0.392952 0.973603 0.652998 15 0.0
0.40833 0.983328 0.669742 15 0.0
0.579339 0.891928 0.820516 15 0.0
0.580821 0.924287 0.821829 15 0.0
0.564216 0.892429 0.825234 15 0.0
0.577858 0.85957 0.819202 15 0.0
0.594463 0.891427 0.815797 15 0.0
0.763698 0.521474 0.296384 16 0.0
0.426174 0.805964 0.828329 12 0.0
0.442954 0.804226 0.833055 12 0.0
0.424717 0.796909 0.830172 12 0.0
0.409395 0.807703 0.823604 12 0.0
0.427631 0.815019 0.826486 12 0.0
0.577847 0.959321 0.153447 7 0.0
0.390987 0.324343 0.271236 9 0.0
0.371105 0.341541 0.27089 9 0.0
0.38978 0.323594 0.303445 9 0.0
0.410869 0.307144 0.271581 9 0.0
0.392195 0.325092 0.239026 9 0.0
0.753124 0.851638 0.538027 16 9e-06
0.775408 0.920266 0.368735 13 0.0
0.775662 0.946143 0.370675 13 0.0
0.775535 0.917354 0.407556 13 0.0
0.775154 0.89439 0.366794 13 0.0
0.775281 0.923178 0.329913 13 0.0
0.656238 0.503538 0.36713 8 0.0
0.410243 0.289546 0.324343 8 0.0
0.408095 0.28984 0.341847 8 0.0
0.439784 0.247909 0.328667 8 0.0
0.412391 0.289253 0.30684 8 0.0
0.380702 0.331183 0.32002 8 0.0
0.281445 0.434537 0.152854 7 0.0
0.777475 0.749107 0.277602 16 0.0
0.777163 0.825971 0.289713 16 0.0
0.776955 0.744444 0.307181 16 0.0
0.777788 0.672242 0.26549 16 0.0
0.777995 0.753769 0.248022 16 0.0
0.418231 0.999616 0.376783 14 0.0
0.478842 1.000752 0.355621 14 0.0
0.425535 0.999626 0.397702 14 0.0
0.35762 0.998479 0.397945 14 0.0
0.410928 0.999605 0.355864 14 0.0
0.642312 0.817074 0.610777 15 3e-06
0.643258 0.82917 0.612153 15 3e-06
0.624175 0.815134 0.640297 15 3e-06
0.641365 0.804978 0.6094 15 3e-06
0.660448 0.819014 0.581256 15 3e-06
0.647541 0.999468 0.531213 14 0.151488
0.776527 0.824058 0.437024 16 0.0
0.225277 0.570637 0.186645 2 0.0
0.720964 0.179514 0.153136 7 0.0
0.739558 0.179593 0.153578 7 0.0
0.720732 0.234907 0.152976 7 0.0
0.702371 0.179435 0.152694 7 0.0
0.721197 0.124121 0.153296 7 0.0
0.329235 0.415893 0.157241 8 0.161977
0.226283 0.607097 0.360513 2 0.0
0.224347 0.80713 0.408441 2 1e-06
0.31693 0.997286 0.405472 14 0.0
0.342723 0.997687 0.410583 14 0.0
0.303515 0.998056 0.473099 14 0.0
0.291138 0.996885 0.40036 14 0.0
0.330345 0.996516 0.337844 14 0.0
0.605714 0.79824 0.671032 15 0.886171
0.39545 0.56517 0.315489 9 0.0
0.415452 0.582462 0.307457 9 0.0
0.397732 0.570808 0.333312 9 0.0
0.375448 0.547877 0.32352 9 0.0
0.393168 0.559531 0.297665 9 0.0
0.77915 0.863213 0.320388 6 0.0
0.779659 0.893054 0.307376 6 0.0
0.779811 0.884891 0.370126 6 0.0
0.77864 0.833372 0.333401 6 0.0
0.778488 0.841535 0.270651 6 0.0
0.43338 0.786406 0.70629 10 0.0
0.223386 0.532796 0.235434 2 0.0
0.328522 0.375316 0.153688 7 0.0
0.255478 0.727254 0.311638 2 0.0
0.693673 0.923087 0.635297 14 6e-06
0.684013 0.93828 0.648789 14 6e-06
0.687071 0.906636 0.649096 14 6e-06
0.703333 0.907894 0.621805 14 6e-06
0.700275 0.939538 0.621499 14 6e-06
0.652524 0.191985 0.152631 7 0.0
0.681596 0.177741 0.152968 7 0.0
0.680224 0.24854 0.153337 7 0.0
0.623452 0.206228 0.152294 7 0.0
0.624824 0.135429 0.151925 7 0.0
0.227512 0.988714 0.250036 2 0.034338
0.749011 0.854477 0.667346 12 0.0
0.750996 0.876509 0.658084 12 0.0
0.744434 0.859319 0.677885 12 0.0
0.747026 0.832444 0.676608 12 0.0
0.753588 0.849634 0.656807 12 0.0
0.227939 0.828964 0.603312 12 0.0
0.228256 0.84578 0.604562 12 0.0
0.2306 0.827526 0.621988 12 0.0
0.227623 0.812148 0.602062 12 0.0
0.225279 0.830402 0.584636 12 0.0
0.759101 0.90375 0.399426 16 0.999993
0.752622 0.885839 0.360073 16 0.999993
0.763835 0.928978 0.387165 16 0.999993
0.765581 0.921661 0.43878 16 0.999993
0.754368 0.878522 0.411688 16 0.999993
0.402518 0.890487 0.716223 15 0.0
0.403403 0.923719 0.719507 15 0.0
0.42958 0.887945 0.734653 15 0.0
0.401633 0.857255 0.712939 15 0.0
0.375457 0.893029 0.697794 15 0.0
0.735156 0.896482 0.702029 12 0.0
0.739352 0.929784 0.696078 12 0.0
0.726326 0.900425 0.717868 12 0.0
0.73096 0.86318 0.70798 12 0.0
0.743986 0.892539 0.68619 12 0.0
0.59842 0.034905 0.37418 8 0.0
0.772691 0.936036 0.555905 16 0.0
0.773272 0.952064 0.550371 16 0.0
0.7699 0.948354 0.591289 16 0.0
0.772109 0.920007 0.561439 16 0.0
0.775481 0.923717 0.520521 16 0.0
0.663843 0.95888 0.751473 14 0.000196
0.585732 0.791163 0.824762 12 0.0
0.360052 0.951643 0.645241 15 0.0
0.358317 0.966989 0.648854 15 0.0
0.370449 0.947637 0.667253 15 0.0
0.361788 0.936296 0.641629 15 0.0
0.349655 0.955648 0.62323 15 0.0
0.60877 0.8962 0.816853 12 0.0
0.610933 0.928974 0.817596 12 0.0
0.591335 0.897177 0.824523 12 0.0
0.606608 0.863427 0.816111 12 0.0
0.626205 0.895224 0.809183 12 0.0
0.372765 0.783446 0.733857 10 0.0
0.359576 0.784065 0.750671 10 0.0
0.408035 0.782732 0.761549 10 0.0
0.385954 0.782827 0.717043 10 0.0
0.337495 0.78416 0.706165 10 0.0
0.384155 0.791883 0.81502 12 0.0
0.773191 0.011395 0.241175 6 5.7e-05
0.56857 0.975084 0.776253 14 0.0
0.748789 0.992296 0.391553 14 0.0
0.364521 0.99778 0.80821 12 0.998961
0.770443 0.025723 0.371308 8 0.999999
0.773063 0.025243 0.37092 8 0.999999
0.771908 0.031526 0.374033 8 0.999999
0.767823 0.026202 0.371695 8 0.999999
0.768978 0.01992 0.368583 8 0.999999
0.75763 0.011113 0.213471 1 1.2e-05
0.532789 0.939801 0.838719 12 0.0
0.550361 0.951519 0.837037 12 0.0
0.522443 0.955591 0.840633 12 0.0
0.515217 0.928083 0.840401 12 0.0
0.543135 0.924012 0.836805 12 0.0
0.760182 0.994778 0.605918 14 0.0
0.375005 0.842454 0.623345 15 0.0
0.367508 0.845157 0.595486 15 0.0
0.377853 0.862805 0.624553 15 0.0
0.382501 0.839751 0.651204 15 0.0
0.372157 0.822104 0.622137 15 0.0
0.419553 0.925397 0.152574 7 0.0
0.358839 0.93312 0.153173 7 0.0
0.422539 0.948843 0.153007 7 0.0
0.480266 0.917674 0.151976 7 0.0
0.416566 0.901951 0.152142 7 0.0
0.388899 0.001081 0.157214 1 0.968978
0.285855 0.968164 0.736564 11 0.0
0.284863 0.977933 0.734939 11 0.0
0.299982 0.972504 0.75403 11 0.0
0.286848 0.958395 0.738189 11 0.0
0.271729 0.963824 0.719098 11 0.0
0.365324 0.805816 0.782611 2 3e-06
0.455861 0.976634 0.776628 14 0.0
0.499965 0.979845 0.7851 14 0.0
0.452178 0.977251 0.795565 14 0.0
0.411757 0.973422 0.768155 14 0.0
0.459544 0.976017 0.757691 14 0.0
0.607138 0.925232 0.820113 12 0.0
0.605686 0.949308 0.820637 12 0.0
0.590429 0.924086 0.826507 12 0.0
0.60859 0.901157 0.819589 12 0.0
0.623846 0.926379 0.81372 12 0.0
0.315085 0.074074 0.189059 7 0.0
0.304848 0.089396 0.189508 7 0.0
0.343096 0.092444 0.200863 7 0.0
0.325322 0.058753 0.188609 7 0.0
0.287074 0.055705 0.177254 7 0.0
0.708273 0.902168 0.38895 6 0.0
0.226527 0.00178 0.258971 1 0.993526
0.618874 0.787569 0.812309 12 0.0
0.703299 0.953685 0.634239 14 1e-06
0.70529 0.959775 0.630464 14 1e-06
0.697148 0.967018 0.652506 14 1e-06
0.701307 0.947595 0.638013 14 1e-06
0.70945 0.940352 0.615971 14 1e-06
0.501452 0.970956 0.840476 12 5e-06
0.503203 0.980099 0.839828 12 5e-06
0.476788 0.975645 0.840016 12 5e-06
0.499702 0.961812 0.841124 12 5e-06
0.526117 0.966267 0.840936 12 5e-06
0.402082 0.940571 0.823028 11 0.0
0.400214 0.961425 0.822833 11 0.0
0.422616 0.942482 0.830705 11 0.0
0.40395 0.919718 0.823222 11 0.0
0.381549 0.93866 0.81535 11 0.0
0.667471 0.003749 0.361154 1 0.0
0.59407 0.000136 0.32326 1 0.0
0.288323 0.138604 0.331951 8 0.0
0.46117 0.653156 0.381084 8 0.0
0.467377 0.015027 0.368733 8 0.0
0.423704 0.029682 0.163617 7 0.0
0.756251 0.997602 0.612163 14 0.0
0.369698 0.331222 0.35023 8 1.7e-05
0.224793 0.75161 0.17195 2 0.031223
0.64906 0.825045 0.781603 16 0.0
0.636134 0.833301 0.787518 16 0.0
0.645521 0.814131 0.789101 16 0.0
0.661986 0.816789 0.775687 16 0.0
0.652599 0.835958 0.774105 16 0.0
0.771355 0.113263 0.366566 5 0.99999
0.774769 0.964728 0.3929 6 2.3e-05
0.731017 0.018537 0.37557 8 0.0
0.746763 0.019653 0.375031 8 0.0
0.730571 0.024815 0.375534 8 0.0
0.715272 0.017421 0.37611 8 0.0
0.731463 0.012258 0.375607 8 0.0
0.282376 0.48092 0.1968 8 7e-06
0.767121 0.828804 0.611165 16 0.0
0.766272 0.843836 0.614113 16 0.0
0.764546 0.824789 0.630901 16 0.0
0.767969 0.813772 0.608218 16 0.0
0.769696 0.832819 0.591429 16 0.0
0.616575 0.993015 0.484316 15 0.990923
0.24859 0.292382 0.370148 8 0.0
0.771093 0.652054 0.333635 6 0.0
0.332337 0.419866 0.35717 9 0.0
0.491987 0.999766 0.711121 14 0.99989
0.227806 0.328676 0.358799 2 0.0
0.752336 0.972069 0.664411 12 0.0
0.514364 0.953219 0.837529 12 0.0
0.538982 0.942513 0.836439 12 0.0
0.519146 0.96424 0.837292 12 0.0
0.489746 0.963926 0.83862 12 0.0
0.509582 0.942199 0.837766 12 0.0
0.226474 0.441738 0.361519 2 0.0
0.226565 0.130979 0.359325 2 0.0
0.410545 0.993558 0.673745 15 0.999664
0.357082 0.550479 0.372008 9 0.0
0.336542 0.459961 0.258223 8 0.0
0.336525 0.496331 0.265206 8 0.0
0.337666 0.453832 0.290151 8 0.0
0.336559 0.423592 0.251241 8 0.0
0.335419 0.466091 0.226295 8 0.0
0.231132 0.790218 0.527858 10 0.995986
0.30952 0.451498 0.372653 8 0.0
0.655023 0.499353 0.348343 8 0.0
0.642596 0.964765 0.775492 14 0.0
0.641706 0.974526 0.776698 14 0.0
0.624197 0.961574 0.787735 14 0.0
0.643486 0.955003 0.774285 14 0.0
0.660995 0.967955 0.763249 14 0.0
0.583407 0.782778 0.822385 10 0.0
0.551071 0.265572 0.303917 9 0.0
0.546835 0.268441 0.325752 9 0.0
0.578912 0.272989 0.308344 9 0.0
0.555308 0.262703 0.282081 9 0.0
0.523231 0.258155 0.29949 9 0.0
0.700202 0.62023 0.383635 8 0.0
0.686036 0.676645 0.387611 8 0.0
0.680556 0.615152 0.385686 8 0.0
0.714368 0.563815 0.37966 8 0.0
0.719848 0.625308 0.381585 8 0.0
0.774021 0.113804 0.373919 8 1.0
0.246279 0.2125 0.370345 8 0.0
0.227787 0.484765 0.366028 8 0.0
0.76325 0.464631 0.372057 8 1e-06
0.401741 0.986672 0.440441 14 0.003094
0.350298 0.521375 0.365068 9 0.0
0.355693 0.530512 0.366405 9 0.0
0.350928 0.520414 0.369095 9 0.0
0.344903 0.512238 0.363731 9 0.0
0.349668 0.522336 0.361041 9 0.0
0.774455 0.436634 0.166078 16 0.0
0.376836 0.322108 0.351516 8 5e-06
0.227405 0.981888 0.290599 2 0.0
0.224688 0.815145 0.315618 2 7.5e-05
0.265187 0.765828 0.358441 8 0.999979
0.453428 0.931175 0.83455 12 0.0
0.470978 0.938728 0.838463 12 0.0
0.444518 0.951792 0.834715 12 0.0
0.435879 0.923622 0.830638 12 0.0
0.462338 0.910558 0.834385 12 0.0
0.386554 0.960154 0.485433 15 0.0
0.388312 0.972659 0.481917 15 0.0
0.371193 0.967246 0.502973 15 0.0
0.384797 0.94765 0.48895 15 0.0
0.401915 0.953063 0.467894 15 0.0
0.610971 0.832471 0.668859 15 3e-06
0.289665 0.44277 0.152428 7 0.0
0.713041 0.814657 0.7181 16 0.000356
0.704556 0.814712 0.731109 16 0.000356
0.710597 0.804918 0.716547 16 0.000356
0.721526 0.814602 0.705091 16 0.000356
0.715486 0.824396 0.719653 16 0.000356
0.225064 0.174712 0.354894 2 0.0
0.340529 0.380813 0.349172 8 0.0
0.655005 0.40058 0.296246 8 0.0
0.65968 0.440974 0.288048 8 0.0
0.657987 0.405071 0.320076 8 0.0
0.65033 0.360186 0.304445 8 0.0
0.652022 0.396089 0.272417 8 0.0
0.774598 0.338466 0.263227 5 0.0
0.77441 0.403697 0.256493 5 0.0
0.773826 0.341063 0.288411 5 0.0
0.774785 0.273234 0.26996 5 0.0
0.77537 0.335868 0.238042 5 0.0
0.495326 0.998253 0.178379 14 3.5e-05
0.315981 0.428451 0.370522 8 0.0
0.695674 0.389374 0.156747 7 0.0
0.487909 0.788499 0.779051 10 0.0
0.618432 0.780179 0.663448 10 0.0
0.664485 0.386533 0.36795 8 3e-06
0.309983 0.393766 0.370781 8 0.0
0.775004 0.756163 0.33824 6 0.0
0.704205 0.001151 0.158533 1 0.999999
0.771548 0.735821 0.163044 16 0.016276
0.578371 0.315241 0.295347 4 0.0
0.607396 0.331388 0.287448 4 0.0
0.582051 0.31567 0.309749 4 0.0
0.549345 0.299094 0.303246 4 0.0
0.57469 0.314811 0.280945 4 0.0
0.529931 0.843488 0.787938 10 0.000275
0.226995 0.265929 0.35974 2 0.0
0.76694 0.12412 0.155463 7 0.00026
0.322441 0.804437 0.669981 15 0.0
0.345934 0.80587 0.705652 15 0.0
0.306215 0.80353 0.680704 15 0.0
0.298947 0.803004 0.63431 15 0.0
0.338666 0.805344 0.659258 15 0.0
0.375998 0.543823 0.311052 8 0.0
0.391767 0.563328 0.317107 8 0.0
0.371381 0.54151 0.330528 8 0.0
0.360228 0.524318 0.304997 8 0.0
0.380614 0.546136 0.291576 8 0.0
0.333514 0.179925 0.371441 8 0.0
0.320634 0.235309 0.371656 8 0.0
0.364347 0.187093 0.372163 8 0.0
0.346394 0.124541 0.371226 8 0.0
0.302681 0.172758 0.370719 8 0.0
0.225929 0.57529 0.360311 2 0.999991
0.741724 0.999712 0.236017 14 1e-06
0.753786 0.999722 0.235944 14 1e-06
0.741884 0.999698 0.262721 14 1e-06
0.729662 0.999702 0.236089 14 1e-06
0.741564 0.999727 0.209312 14 1e-06
0.294108 0.623063 0.370538 8 0.0
0.273112 0.622178 0.370998 8 0.0
0.292065 0.671236 0.370039 8 0.0
0.315103 0.623949 0.370077 8 0.0
0.29615 0.57489 0.371037 8 0.0
0.739101 0.341552 0.156015 7 0.0
0.263817 0.553375 0.292976 2 0.0
0.754889 0.493089 0.176191 4 0.001126
0.729092 0.402852 0.256645 8 0.0
0.568676 0.780864 0.716742 10 0.0
0.627984 0.765777 0.407082 10 1e-06
0.723682 0.554134 0.380042 8 0.0
0.274668 0.39303 0.152349 8 0.0
0.25942 0.35613 0.150972 7 0.0
0.402883 0.782847 0.685213 10 0.0
0.455498 0.79872 0.70346 15 0.115914
0.455514 0.806401 0.703399 15 0.115914
0.4776 0.798763 0.714759 15 0.115914
0.455481 0.79104 0.703521 15 0.115914
0.433396 0.798678 0.692161 15 0.115914
0.7083 0.354995 0.378011 8 0.0
0.346631 0.78017 0.554917 10 3e-06
0.348517 0.9976 0.624694 14 0.0
0.260014 0.514983 0.371625 8 0.0
0.245959 0.625251 0.370975 10 0.002744
0.766237 0.259683 0.157634 7 0.0
0.63032 0.229976 0.377942 8 0.0
0.651166 0.511123 0.262095 8 0.0
0.638344 0.540504 0.265893 8 0.0
0.651749 0.507115 0.295064 8 0.0
0.663989 0.481742 0.258297 8 0.0
0.650584 0.515131 0.229126 8 0.0
0.779264 0.347218 0.205732 16 0.0
0.471623 0.903685 0.747064 14 0.999492
0.449791 0.914964 0.742594 14 0.999492
0.486467 0.927839 0.73551 14 0.999492
0.493456 0.892406 0.751533 14 0.999492
0.45678 0.87953 0.758617 14 0.999492
0.27568 0.918296 0.717111 12 0.0
0.273942 0.943132 0.714012 12 0.0
0.287583 0.92132 0.734673 12 0.0
0.277417 0.893459 0.72021 12 0.0
0.263777 0.915272 0.69955 12 0.0
0.621051 0.877212 0.812084 16 0.0
0.61679 0.903017 0.81475 16 0.0
0.606179 0.87391 0.820269 16 0.0
0.625312 0.851406 0.809418 16 0.0
0.635922 0.880513 0.803899 16 0.0
0.433671 0.88319 0.688784 15 0.0
0.450739 0.879105 0.699662 15 0.0
0.428207 0.851603 0.685496 15 0.0
0.416604 0.887274 0.677906 15 0.0
0.439135 0.914777 0.692071 15 0.0
0.394812 0.003007 0.156043 7 1.0
0.409596 0.961291 0.668926 15 0.0
0.411683 0.97239 0.67234 15 0.0
0.426527 0.9541 0.681955 15 0.0
0.40751 0.950193 0.665512 15 0.0
0.392666 0.968482 0.655896 15 0.0
0.24441 0.785137 0.618809 10 0.0
0.223617 0.005221 0.225324 1 0.982241
0.322424 0.941767 0.774546 12 0.0
0.334773 0.946099 0.784952 12 0.0
0.326072 0.925314 0.777067 12 0.0
0.310075 0.937436 0.76414 12 0.0
0.318777 0.95822 0.772026 12 0.0
0.661062 0.142716 0.365562 8 0.0
0.631845 0.157099 0.366638 8 0.0
0.682067 0.185155 0.368624 8 0.0
0.690279 0.128333 0.364487 8 0.0
0.640057 0.100276 0.362501 8 0.0
0.773897 0.013994 0.270848 6 0.0
0.489609 0.997363 0.840944 12 0.998935
0.528062 0.833876 0.802395 16 0.000117
0.547211 0.842481 0.800929 16 0.000117
0.522249 0.846892 0.802853 16 0.000117
0.508914 0.825272 0.803861 16 0.000117
0.533876 0.82086 0.801937 16 0.000117
0.421256 0.977052 0.827767 12 2e-06
0.420789 0.984996 0.827889 12 2e-06
0.444541 0.978315 0.834697 12 2e-06
0.421723 0.969109 0.827645 12 2e-06
0.397972 0.97579 0.820837 12 2e-06
0.317433 0.879037 0.765325 11 0.0
0.305994 0.881289 0.753604 11 0.0
0.320859 0.909244 0.767786 11 0.0
0.328872 0.876785 0.777046 11 0.0
0.314007 0.84883 0.762864 11 0.0
0.222606 0.83244 0.191149 2 0.0
0.474617 0.909502 0.704513 15 0.0
0.481021 0.938803 0.707221 15 0.0
0.492662 0.905163 0.708793 15 0.0
0.468214 0.880201 0.701804 15 0.0
0.456573 0.913841 0.700232 15 0.0
0.317958 0.837699 0.771845 11 0.0
0.326017 0.855267 0.778135 11 0.0
0.328958 0.828911 0.782297 11 0.0
0.309899 0.82013 0.765555 11 0.0
0.306958 0.846487 0.761393 11 0.0
0.756279 0.995813 0.2168 14 1.8e-05
0.502198 0.920343 0.821701 13 0.0
0.511812 0.92311 0.820185 13 0.0
0.495301 0.943724 0.820642 13 0.0
0.492584 0.917575 0.823218 13 0.0
0.509095 0.896961 0.82276 13 0.0
0.770422 0.027968 0.323597 16 0.0
0.770187 0.036059 0.323742 16 0.0
0.76713 0.027566 0.340717 16 0.0
0.770657 0.019876 0.323453 16 0.0
0.773714 0.028369 0.306477 16 0.0
0.771997 0.842191 0.551237 16 0.0
0.774447 0.848587 0.516891 16 0.0
0.771403 0.861093 0.554715 16 0.0
0.769546 0.835795 0.585583 16 0.0
0.77259 0.82329 0.547759 16 0.0
0.351111 0.780387 0.801315 10 0.999748
0.270393 0.997769 0.719296 12 0.999239
0.747157 0.997744 0.630038 16 0.0
0.225422 0.910231 0.419998 2 0.0
0.226416 0.937987 0.42244 2 0.0
0.225172 0.904787 0.481985 2 0.0
0.224427 0.882475 0.417557 2 0.0
0.225671 0.915675 0.358012 2 0.0
0.222438 0.295061 0.24516 2 0.0
0.426018 -0.000809 0.292517 1 0.0
0.363501 -0.000258 0.295998 1 0.0
0.427385 -0.0 0.316944 1 0.0
0.488535 -0.00136 0.289036 1 0.0
0.424651 -0.001618 0.26809 1 0.0
0.61461 0.818635 0.814355 12 0.0
0.593904 0.819004 0.824191 12 0.0
0.614221 0.805593 0.814025 12 0.0
0.635316 0.818267 0.80452 12 0.0
0.614999 0.831678 0.814686 12 0.0
0.55684 0.921676 0.833105 12 0.0
0.575462 0.925782 0.829349 12 0.0
0.551933 0.946141 0.835525 12 0.0
0.538217 0.917569 0.836861 12 0.0
0.561747 0.897211 0.830685 12 0.0
0.37001 0.342628 0.27015 9 0.0
0.352447 0.360823 0.272269 9 0.0
0.371049 0.339794 0.303099 9 0.0
0.387572 0.324433 0.268031 9 0.0
0.36897 0.345462 0.237201 9 0.0
0.443606 0.964969 0.834103 12 0.0
0.442052 0.97832 0.834467 12 0.0
0.421132 0.962474 0.829654 12 0.0
0.44516 0.951618 0.83374 12 0.0
0.46608 0.967463 0.838553 12 0.0
0.384695 0.959564 0.815638 12 0.0
0.383763 0.974291 0.816435 12 0.0
0.403545 0.9603 0.82408 12 0.0
0.385626 0.944837 0.814841 12 0.0
0.365844 0.958828 0.807196 12 0.0
0.330179 0.997784 0.785714 11 0.9978
0.63197 0.003438 0.353646 1 0.0
0.632639 0.353783 0.306286 8 0.0
0.651196 0.400213 0.301048 8 0.0
0.636389 0.35452 0.326106 8 0.0
0.614081 0.307354 0.311525 8 0.0
0.628888 0.353046 0.286467 8 0.0
0.226735 0.965865 0.196053 2 0.0
0.22758 0.976709 0.199353 2 0.0
0.226809 0.961042 0.211881 2 0.0
0.225891 0.95502 0.192752 2 0.0
0.226662 0.970688 0.180225 2 0.0
0.236679 0.78529 0.527072 10 2e-06
0.498808 0.611771 0.361695 8 0.0
0.773813 0.333094 0.336869 5 0.0
0.340779 0.406069 0.243936 8 0.0
0.33236 0.436664 0.251449 8 0.0
0.342933 0.399809 0.271837 8 0.0
0.349198 0.375474 0.236422 8 0.0
0.338625 0.412328 0.216034 8 0.0
0.231542 0.423917 0.294466 2 0.0
0.763843 0.071333 0.15601 7 0.09349
0.225696 0.384255 0.179072 3 0.0
0.224069 0.220175 0.315309 2 0.0
0.75947 0.027616 0.372727 8 0.02001
0.757776 0.037023 0.372067 8 0.02001
0.753212 0.026526 0.373247 8 0.02001
0.761163 0.018209 0.373388 8 0.02001
0.765727 0.028706 0.372208 8 0.02001
0.741183 0.996023 0.579462 14 0.0
0.302874 0.784203 0.453561 10 0.0
0.322091 0.781148 0.444996 10 0.0
0.315752 0.787277 0.481356 10 0.0
0.283657 0.787257 0.462127 10 0.0
0.289997 0.781129 0.425767 10 0.0
0.315338 0.996431 0.570301 14 0.0
0.528676 0.998517 0.724185 14 0.0
0.770335 0.800847 0.591799 16 0.0
0.233078 0.377821 0.36618 4 0.046922
0.288483 0.993155 0.511113 14 0.0
0.308879 0.992856 0.51058 14 0.0
0.290082 0.994315 0.571659 14 0.0
0.268087 0.993453 0.511646 14 0.0
0.286884 0.991994 0.450567 14 0.0
0.224654 0.1683 0.343347 2 0.0
0.777514 0.194722 0.284515 6 0.0
0.778148 0.254131 0.279091 6 0.0
0.777581 0.197197 0.311627 6 0.0
0.77688 0.135314 0.289938 6 0.0
0.777448 0.192248 0.257403 6 0.0
0.386657 0.006013 0.365495 1 0.999999
0.771713 0.559357 0.335095 6 0.0
0.263826 0.784616 0.702489 13 0.704185
0.364704 0.315462 0.322392 8 0.0
0.348366 0.337627 0.325207 8 0.0
0.36894 0.316445 0.339236 8 0.0
0.381043 0.293297 0.319577 8 0.0
0.360468 0.314479 0.305549 8 0.0
0.7712 0.991772 0.535065 12 0.030015
0.388066 0.79808 0.661074 15 0.104063
0.339869 0.000508 0.156386 1 0.999981
0.44385 0.284181 0.328901 4 0.0
0.442651 0.284394 0.344147 4 0.0
0.479226 0.262242 0.331991 4 0.0
0.44505 0.283968 0.313655 4 0.0
0.408475 0.30612 0.325811 4 0.0
0.454767 0.937996 0.832719 12 0.0
0.467015 0.950757 0.836731 12 0.0
0.439211 0.953159 0.83198 12 0.0
0.442518 0.925235 0.828707 12 0.0
0.470322 0.922833 0.833457 12 0.0
0.707365 0.001861 0.156268 1 0.999963
0.685824 0.930951 0.15436 7 0.0
0.67937 0.95301 0.154399 7 0.0
0.657746 0.922738 0.153614 7 0.0
0.692277 0.908891 0.154321 7 0.0
0.713901 0.939163 0.155106 7 0.0
0.416674 0.888256 0.152524 7 0.0
0.420055 0.924448 0.153513 7 0.0
0.356775 0.893833 0.153198 7 0.0
0.413293 0.852063 0.151535 7 0.0
0.476573 0.882678 0.15185 7 0.0
0.223985 0.517571 0.369808 3 0.021325
0.266709 0.785749 0.601119 10 0.0
0.279464 0.786218 0.599253 10 0.0
0.272207 0.784007 0.638256 10 0.0
0.253955 0.785279 0.602985 10 0.0
0.261212 0.78749 0.563981 10 0.0
0.349708 0.959271 0.706628 14 1e-06
0.373083 0.961997 0.732154 14 1e-06
0.333551 0.954681 0.721915 14 1e-06
0.326332 0.956545 0.681103 14 1e-06
0.365865 0.963862 0.691342 14 1e-06
0.610155 0.96062 0.659544 15 0.0
0.594693 0.959669 0.675523 15 0.0
0.609373 0.946285 0.657934 15 0.0
0.625616 0.961571 0.643564 15 0.0
0.610937 0.974955 0.661153 15 0.0
0.580773 0.002775 0.355223 1 0.0
0.562123 -0.004599 0.195759 1 0.0
0.577816 0.304504 0.328961 8 0.0
0.60326 0.326111 0.335627 8 0.0
0.578479 0.299598 0.342332 8 0.0
0.552372 0.282897 0.322295 8 0.0
0.577153 0.30941 0.315589 8 0.0
0.255507 0.300527 0.370421 8 0.0
0.430595 0.00317 0.33362 1 0.0
0.400947 0.01213 0.370399 8 0.999999
0.772281 0.509396 0.356743 5 6e-06
0.430423 0.291488 0.343696 4 0.0
0.222677 0.739384 0.281808 2 0.0
0.76672 0.643903 0.368406 8 0.968701
0.659761 0.48811 0.313101 8 0.0
0.644691 0.521466 0.306111 8 0.0
0.658857 0.491668 0.332031 8 0.0
0.674832 0.454754 0.320091 8 0.0
0.660666 0.484552 0.294172 8 0.0
0.22513 0.373027 0.314293 2 0.0
0.758719 0.582982 0.349648 5 0.000353
0.601646 0.782049 0.803922 10 0.0
0.733355 0.499325 0.377879 8 0.0
0.348497 0.507286 0.338522 8 0.0
0.360767 0.528785 0.340383 8 0.0
0.346659 0.507271 0.350808 8 0.0
0.336226 0.485787 0.33666 8 0.0
0.350334 0.507301 0.326235 8 0.0
0.311009 0.163297 0.3714 8 0.0
0.31236 0.213092 0.371775 8 0.0
0.338458 0.162551 0.371518 8 0.0
0.309658 0.113501 0.371026 8 0.0
0.283559 0.164042 0.371283 8 0.0
0.589589 1.001031 0.459163 15 0.854327
0.64209 0.365614 0.176773 8 0.984279
0.644844 0.364871 0.172177 8 0.984279
0.646782 0.376749 0.177785 8 0.984279
0.639336 0.366356 0.181369 8 0.984279
0.637398 0.354479 0.175761 8 0.984279
0.770701 0.783943 0.515563 10 0.873352
0.370295 0.943054 0.532691 15 0.999999
0.371657 0.94439 0.538058 15 0.999999
0.366927 0.953988 0.530823 15 0.999999
0.368933 0.941718 0.527325 15 0.999999
0.373663 0.93212 0.53456 15 0.999999
0.77402 0.789423 0.364523 16 0.000388
0.224217 0.264898 0.295865 2 0.0
0.389307 0.001454 0.159546 1 0.893554
0.27151 0.8355 0.152074 7 0.0
0.224932 0.410694 0.365229 2 0.0
0.755879 0.342689 0.156609 7 0.0
0.288861 0.995685 0.169227 14 0.007545
0.75941 0.36774 0.332563 5 1e-06
0.7736 0.025963 0.26305 5 0.0
0.421369 0.781101 0.700192 10 0.0
0.373507 0.544718 0.335424 8 0.0
0.390626 0.564371 0.33673 8 0.0
0.371448 0.545638 0.348566 8 0.0
0.356389 0.525066 0.334118 8 0.0
0.375566 0.543798 0.322282 8 0.0
0.670729 0.445308 0.273782 9 0.0
0.694391 0.498407 0.261853 9 0.0
0.674358 0.448564 0.29547 9 0.0
0.647068 0.392209 0.285712 9 0.0
0.6671 0.442053 0.252095 9 0.0
0.686221 0.78839 0.76589 12 0.002956
0.224151 0.01281 0.31921 2 0.54166
0.651171 0.780918 0.668102 10 0.0
0.535092 0.779924 0.717959 10 0.0
0.493648 0.782113 0.434012 15 0.999635
0.28545 0.692299 0.327773 8 0.0
0.227274 0.460847 0.353713 2 0.0
0.756514 0.27646 0.15659 7 0.0
0.67823 0.414126 0.373683 8 0.0
0.401885 0.78821 0.746583 10 0.0
0.738306 0.620829 0.153248 7 0.0
0.229849 0.136897 0.15787 7 0.046666
0.60902 0.864855 0.673463 15 0.0
0.595331 0.886982 0.689697 15 0.0
0.598222 0.847258 0.688341 15 0.0
0.62271 0.842728 0.657228 15 0.0
0.619819 0.882452 0.658584 15 0.0
0.722266 0.563185 0.208179 7 0.030145
0.736081 0.704047 0.379772 8 0.0
0.740454 0.741059 0.380314 8 0.0
0.723388 0.705507 0.382446 8 0.0
0.731708 0.667035 0.379229 8 0.0
0.748774 0.702586 0.377098 8 0.0
0.595762 0.024662 0.27219 1 0.0
0.64833 0.030354 0.266798 1 0.0
0.598802 0.025205 0.302398 1 0.0
0.543195 0.01897 0.277581 1 0.0
0.592723 0.02412 0.241982 1 0.0
0.33212 0.492675 0.160196 8 1e-06
0.619373 0.827167 0.631838 15 0.021652
0.617053 0.840223 0.63729 15 0.021652
0.612428 0.817091 0.653015 15 0.021652
0.621692 0.814111 0.626387 15 0.021652
0.626317 0.837244 0.610662 15 0.021652
0.754897 0.995392 0.504114 14 0.0
0.39352 0.55993 0.289313 9 0.0
0.414297 0.579481 0.291317 9 0.0
0.390748 0.560462 0.312869 9 0.0
0.372743 0.54038 0.287309 9 0.0
0.396293 0.559399 0.265757 9 0.0
0.257484 0.346857 0.361552 3 0.0
0.684961 0.537401 0.34904 8 0.0
0.672608 0.531829 0.347261 8 0.0
0.668332 0.571939 0.356325 8 0.0
0.697315 0.542974 0.350819 8 0.0
0.70159 0.502864 0.341755 8 0.0
0.548662 0.028463 0.306636 1 1.8e-05
0.302529 0.612925 0.371083 8 0.0
0.281218 0.617111 0.369864 8 0.0
0.314135 0.672556 0.372948 8 0.0
0.32384 0.608739 0.372302 8 0.0
0.290923 0.553294 0.369219 8 0.0
0.759095 0.317436 0.280924 6 0.0
0.743006 0.847763 0.229933 13 0.914763
0.741925 0.872958 0.231722 13 0.914763
0.747991 0.846631 0.248896 13 0.914763
0.744088 0.822568 0.228144 13 0.914763
0.738021 0.848896 0.21097 13 0.914763
0.775283 0.694198 0.333473 6 0.0
0.775741 0.078234 0.168048 16 0.160277
0.772528 0.036863 0.3239 6 0.0
0.773716 0.046737 0.307795 6 0.0
0.772447 0.045373 0.329112 6 0.0
0.77134 0.026989 0.340005 6 0.0
0.772609 0.028353 0.318688 6 0.0
0.647492 0.526835 0.152913 8 0.999996
0.513388 1.001199 0.215725 14 0.00642
0.438075 0.601067 0.368746 8 0.0
0.663435 0.39684 0.34849 8 0.037411
0.662726 0.398144 0.338565 8 0.037411
0.680834 0.421825 0.35053 8 0.037411
0.664144 0.395536 0.358415 8 0.037411
0.646036 0.371855 0.346451 8 0.037411
0.773968 0.174308 0.173071 5 0.0
0.590876 0.620217 0.15337 7 0.0
0.28116 0.669307 0.200193 7 0.0
0.302628 0.668459 0.207084 7 0.0
0.277249 0.627597 0.207245 7 0.0
0.259693 0.670156 0.193303 7 0.0
0.285072 0.711017 0.193142 7 0.0
0.501569 1.002097 0.174246 14 0.003097
0.223102 0.659711 0.31439 2 0.0
0.452718 0.598125 0.276359 8 0.0
0.470908 0.604616 0.279943 8 0.0
0.447031 0.597469 0.306413 8 0.0
0.434529 0.591634 0.272775 8 0.0
0.458406 0.598781 0.246305 8 0.0
0.335512 0.398419 0.370961 8 0.999923
0.778993 0.85353 0.244401 6 0.0
0.778192 0.900401 0.235782 6 0.0
0.778826 0.858456 0.271208 6 0.0
0.779795 0.806658 0.253021 6 0.0
0.77916 0.848603 0.217595 6 0.0
0.734848 0.970234 0.675808 14 0.999872
0.732879 0.979528 0.676532 14 0.999872
0.719629 0.965237 0.698565 14 0.999872
0.736817 0.96094 0.675085 14 0.999872
0.750066 0.97523 0.653051 14 0.999872
0.775793 0.13067 0.263134 6 0.0
0.77594 0.167814 0.238362 6 0.0
0.775882 0.146336 0.286625 6 0.0
0.775646 0.093526 0.287905 6 0.0
0.775704 0.115004 0.239642 6 0.0
0.615452 0.875763 0.813656 12 0.0
0.614236 0.906127 0.813876 12 0.0
0.59812 0.87501 0.821789 12 0.0
0.616669 0.8454 0.813436 12 0.0
0.632784 0.876516 0.805524 12 0.0
0.771171 0.88726 0.59083 12 0.0
0.773294 0.919478 0.577831 12 0.0
0.769247 0.895794 0.611667 12 0.0
0.769048 0.855042 0.603829 12 0.0
0.773096 0.878727 0.569993 12 0.0
0.714873 0.928453 0.738864 12 0.0
0.714247 0.950885 0.740277 12 0.0
0.703633 0.927261 0.752815 12 0.0
0.715499 0.906022 0.737451 12 0.0
0.726113 0.929645 0.724914 12 0.0
0.773598 0.852036 0.578356 12 0.0
0.775108 0.862327 0.558547 12 0.0
0.772819 0.872819 0.589094 12 0.0
0.772088 0.841745 0.598165 12 0.0
0.774376 0.831252 0.567618 12 0.0
0.746152 0.905225 0.678311 16 0.0
0.752106 0.921619 0.66473 16 0.0
0.740591 0.918408 0.691788 16 0.0
0.740197 0.88883 0.691891 16 0.0
0.751712 0.892041 0.664834 16 0.0
0.402915 0.949349 0.657244 15 0.0
0.41802 0.945253 0.673901 15 0.0
0.402244 0.934262 0.654142 15 0.0
0.38781 0.953446 0.640586 15 0.0
0.403587 0.964436 0.660345 15 0.0
0.634644 0.069577 0.304549 1 0.0
0.636149 0.090749 0.298987 1 0.0
0.676678 0.068612 0.312253 1 0.0
0.633139 0.048405 0.310111 1 0.0
0.59261 0.070541 0.296845 1 0.0
0.773707 0.029865 0.270092 5 0.0
0.755263 0.953064 0.543697 16 0.0
0.655038 0.891063 0.779498 12 0.0
0.647845 0.903241 0.78348 12 0.0
0.639712 0.878898 0.789014 12 0.0
0.662231 0.878885 0.775516 12 0.0
0.670365 0.903228 0.769982 12 0.0
0.223313 0.901367 0.177137 2 2.6e-05
0.364209 0.907348 0.632749 15 0.0
0.363192 0.925396 0.632134 15 0.0
0.379839 0.909114 0.658746 15 0.0
0.365226 0.889299 0.633364 15 0.0
0.348579 0.905581 0.606752 15 0.0
0.410982 0.809805 0.824424 12 0.0
0.433809 0.808693 0.83214 12 0.0
0.410668 0.799555 0.823876 12 0.0
0.388155 0.810916 0.816707 12 0.0
0.411296 0.820054 0.824972 12 0.0
0.234981 0.001806 0.23167 1 0.002717
0.319138 0.027586 0.305923 1 0.0
0.288493 0.019065 0.306811 1 0.0
0.319174 0.029666 0.32714 1 0.0
0.349783 0.036106 0.305034 1 0.0
0.319101 0.025505 0.284705 1 0.0
0.580887 0.966976 0.811722 12 0.0
0.224187 0.661459 0.188857 2 0.0
0.682334 0.998463 0.636145 14 0.0
0.228065 0.112178 0.350206 2 0.0
0.471636 0.001786 0.356664 1 0.0
0.292068 0.784421 0.668501 10 0.0
0.305004 0.783747 0.662281 10 0.0
0.309197 0.783488 0.704222 10 0.0
0.279133 0.785095 0.674722 10 0.0
0.27494 0.785355 0.632781 10 0.0
0.614903 0.803209 0.811232 13 0.978819
0.60458 0.808921 0.81307 13 0.978819
0.611923 0.796605 0.815016 13 0.978819
0.625226 0.797498 0.809393 13 0.978819
0.617883 0.809813 0.807448 13 0.978819
0.347089 0.371546 0.306652 8 0.0
0.338711 0.418046 0.305118 8 0.0
0.34603 0.372087 0.328821 8 0.0
0.355468 0.325047 0.308187 8 0.0
0.348149 0.371006 0.284484 8 0.0
0.476159 0.785134 0.835091 12 0.0
0.758661 0.974537 0.646708 12 5.9e-05
0.7585 0.984345 0.648061 12 5.9e-05
0.750853 0.970677 0.673751 12 5.9e-05
0.758821 0.964729 0.645354 12 5.9e-05
0.766468 0.978397 0.619664 12 5.9e-05
0.51222 0.982664 0.838127 12 0.0
0.51081 0.004482 0.363304 8 0.130499
0.656255 0.263692 0.155306 7 0.0
0.233153 0.424609 0.355575 2 0.0
0.570214 0.001319 0.31256 1 0.0
0.301235 0.272338 0.370617 8 0.0
0.328148 0.464029 0.179474 8 0.0
0.571627 0.791538 0.697514 15 0.0
0.248995 0.303726 0.361562 8 2.8e-05
0.223636 0.739008 0.189999 2 0.0
0.338283 0.38024 0.324091 8 0.0
0.273777 0.78304 0.501897 10 0.0
0.763066 0.983203 0.376267 16 0.002585
0.265563 0.136927 0.371248 8 0.0
0.306581 0.997098 0.477288 14 1e-06
0.328698 0.997813 0.481511 14 1e-06
0.294459 0.997543 0.540699 14 1e-06
0.284463 0.996384 0.473065 14 1e-06
0.318702 0.996654 0.413876 14 1e-06
0.255433 0.128046 0.315282 2 0.0
0.256187 0.126974 0.332519 2 0.0
0.248848 0.086858 0.313007 2 0.0
0.254678 0.129119 0.298045 2 0.0
0.262018 0.169234 0.317557 2 0.0
0.764064 0.996652 0.400848 14 0.0
0.51795 0.052826 0.31737 7 0.0
0.476889 0.053826 0.321366 7 0.0
0.518032 0.036996 0.322175 7 0.0
0.559011 0.051826 0.313374 7 0.0
0.517868 0.068656 0.312565 7 0.0
0.225689 0.074371 0.322298 2 0.0
0.225773 0.072091 0.338827 2 0.0
0.226089 0.049974 0.318931 2 0.0
0.225606 0.07665 0.305769 2 0.0
0.22529 0.098768 0.325665 2 0.0
0.617311 0.309832 0.331878 8 0.015715
0.620081 0.307441 0.318767 8 0.015715
0.635578 0.324253 0.333107 8 0.015715
0.614541 0.312223 0.344988 8 0.015715
0.599045 0.29541 0.330648 8 0.015715
0.661228 0.321779 0.345953 8 2e-06
0.22713 0.438157 0.200263 2 0.0
0.225601 0.391163 0.348329 2 0.0
0.2272 0.470576 0.360145 2 0.0
0.222697 0.918015 0.16139 3 0.702712
0.634903 0.977869 0.799194 12 1.6e-05
0.63676 0.985607 0.800939 12 1.6e-05
0.623254 0.978748 0.807697 12 1.6e-05
0.633046 0.970132 0.797449 12 1.6e-05
0.646552 0.976991 0.790691 12 1.6e-05
0.35527 0.81436 0.605058 15 0.536021
0.29641 0.654609 0.360101 4 0.992309
0.421476 0.997489 0.831697 12 0.999654
0.736215 0.941986 0.352774 14 1e-06
0.343383 0.384282 0.159683 8 0.992682
0.732913 0.614824 0.154929 7 0.0
0.23376 0.096855 0.367538 8 0.042194
0.444144 0.975706 0.154386 7 0.0
0.34291 0.510212 0.157389 8 0.999998
0.261647 0.364121 0.371528 8 0.0
0.226107 0.588838 0.179953 2 0.0
0.738656 0.4318 0.357441 8 0.96642
0.224943 0.110904 0.339598 2 0.0
0.224836 0.111407 0.350832 2 0.0
0.224778 0.075297 0.341189 2 0.0
0.22505 0.110402 0.328364 2 0.0
0.225107 0.146512 0.338008 2 0.0
0.244131 0.366665 0.367547 8 0.984758
0.646308 0.796971 0.795397 12 3e-06
0.501439 0.899331 0.152929 7 0.0
0.501354 0.931549 0.153351 7 0.0
0.420638 0.899109 0.153545 7 0.0
0.501524 0.867113 0.152508 7 0.0
0.582239 0.899553 0.152314 7 0.0
0.242538 0.416115 0.372821 8 0.0
0.32567 0.431257 0.363768 8 0.0
0.224068 0.698807 0.3463 2 0.0
0.341843 0.365661 0.160944 7 0.99503
0.344181 0.367779 0.161022 7 0.99503
0.347977 0.358868 0.161519 7 0.99503
0.339505 0.363544 0.160866 7 0.99503
0.335709 0.372455 0.160369 7 0.99503
0.658488 0.976932 0.785898 12 0.0
0.658837 0.985134 0.786049 12 0.0
0.638156 0.977531 0.800401 12 0.0
0.658139 0.968729 0.785747 12 0.0
0.678819 0.976333 0.771395 12 0.0
0.64358 0.534818 0.190755 8 0.0
0.63194 0.55266 0.196308 8 0.0
0.644042 0.531318 0.202973 8 0.0
0.655219 0.516976 0.185203 8 0.0
0.643117 0.538318 0.178538 8 0.0
0.773755 0.002957 0.250573 1 0.763582
0.506175 0.615507 0.164095 8 0.886716
0.332561 0.789902 0.616695 10 0.0
0.77498 0.988509 0.46578 16 0.089926
0.70823 0.002794 0.372966 1 0.999987
0.261831 0.2121 0.370462 8 0.0
0.449895 0.286628 0.159216 8 0.692485
0.576025 0.99933 0.450548 15 0.9957
0.755499 0.612211 0.158565 7 0.0
0.29906 0.372738 0.371697 8 0.0
0.222986 0.631805 0.202423 2 0.0
0.22687 0.961716 0.314035 2 0.0
0.26462 0.251641 0.152331 7 0.0
0.774226 0.608469 0.169402 16 0.002269
0.22418 0.519127 0.363587 2 1e-06
0.686757 0.372481 0.155368 7 0.0
0.343688 0.535793 0.154042 7 0.007776
0.755798 0.410316 0.155531 7 0.0
0.286953 0.364635 0.151921 7 0.0
0.225231 0.076148 0.365844 2 5.5e-05
0.771207 0.057777 0.35996 6 6e-06
0.702173 0.490715 0.337134 8 0.0
0.745996 0.16706 0.376013 8 0.000572
0.770944 0.990335 0.600327 13 0.123202
0.695265 0.420166 0.379259 8 0.0
0.272413 0.514137 0.371414 8 0.0
0.636435 0.002675 0.156223 1 0.984826
0.33404 0.52004 0.373008 8 0.0
0.269604 0.817701 0.709616 12 0.0
0.281058 0.814127 0.729514 12 0.0
0.267961 0.806035 0.708466 12 0.0
0.258151 0.821276 0.689718 12 0.0
0.271247 0.829368 0.710766 12 0.0
0.223063 0.334392 0.263755 2 0.0
0.277047 0.239251 0.370213 8 0.0
0.772677 0.503438 0.349081 5 0.0
0.777322 0.884893 0.359455 6 0.0
0.77739 0.896482 0.424138 6 0.0
0.777545 0.851199 0.365492 6 0.0
0.777254 0.873304 0.294772 6 0.0
0.7771 0.918587 0.353418 6 0.0
0.780016 0.354457 0.201158 16 0.0
0.612722 0.992832 0.442941 14 0.0
0.76572 0.514726 0.353234 5 0.0
0.225718 0.6451 0.361975 2 1e-05
0.402808 0.784902 0.68275 10 0.0
0.662852 0.545202 0.176607 8 0.0
0.763761 0.897252 0.178389 5 2e-05
0.760684 0.915777 0.183266 5 2e-05
0.76292 0.895157 0.185817 5 2e-05
0.766838 0.878727 0.173511 5 2e-05
0.764602 0.899348 0.170961 5 2e-05
0.779695 0.286542 0.199328 6 0.0
0.338028 0.372323 0.340754 8 0.0
0.577985 0.598893 0.379509 8 0.0
0.247679 0.513625 0.370233 8 0.0
0.762509 0.256984 0.165566 5 0.000775
0.382734 0.313515 0.36727 8 2e-06
0.771628 0.441176 0.360069 5 0.0
0.663507 0.581663 0.153906 7 0.0
0.772657 0.610241 0.360041 16 0.0
0.739762 0.809553 0.694118 12 0.0
0.7307 0.807966 0.711973 12 0.0
0.740146 0.800065 0.693468 12 0.0
0.748825 0.811141 0.676262 12 0.0
0.739379 0.819041 0.694767 12 0.0
0.739489 0.879157 0.637464 12 1e-06
0.740529 0.902109 0.626075 12 1e-06
0.72994 0.890118 0.658683 12 1e-06
0.738449 0.856204 0.648853 12 1e-06
0.749037 0.868195 0.616245 12 1e-06
0.371713 0.878947 0.808568 12 0.0
0.387473 0.876909 0.817066 12 0.0
0.368104 0.846392 0.807455 12 0.0
0.355953 0.880984 0.800069 12 0.0
0.375322 0.911502 0.80968 12 0.0
0.7234 0.891418 0.726077 12 0.0
0.720465 0.924336 0.72727 12 0.0
0.715166 0.890251 0.738004 12 0.0
0.726335 0.858499 0.724883 12 0.0
0.731634 0.892584 0.714149 12 0.0
0.353629 0.868951 0.798538 12 0.0
0.35412 0.897769 0.798406 12 0.0
0.367665 0.868754 0.807776 12 0.0
0.353137 0.840132 0.79867 12 0.0
0.339593 0.869148 0.7893 12 0.0
0.254601 0.97012 0.686215 11 0.0
0.263384 0.972339 0.705281 11 0.0
0.254756 0.960345 0.687281 11 0.0
0.245818 0.967901 0.667149 11 0.0
0.254447 0.979895 0.685149 11 0.0
0.776308 0.232162 0.174984 6 0.0
0.686006 0.809091 0.765629 12 0.0
0.669935 0.80845 0.781155 12 0.0
0.686266 0.799202 0.765489 12 0.0
0.702077 0.809732 0.750102 12 0.0
0.685747 0.81898 0.765768 12 0.0
0.299529 0.793062 0.755512 12 0.598893
0.300613 0.799122 0.754825 12 0.598893
0.313486 0.792222 0.770125 12 0.598893
0.298445 0.787002 0.756199 12 0.598893
0.285572 0.793902 0.7409 12 0.598893
0.77117 0.932223 0.587555 13 0.0
0.772593 0.95426 0.583992 13 0.0
0.769055 0.935941 0.609707 13 0.0
0.769747 0.910186 0.591117 13 0.0
0.773286 0.928505 0.565402 13 0.0
0.74448 0.968339 0.662323 12 0.999999
0.75631 0.971478 0.642975 12 0.999999
0.743155 0.978846 0.663217 12 0.999999
0.732649 0.965199 0.681671 12 0.999999
0.745805 0.957832 0.661428 12 0.999999
0.729596 0.807752 0.711201 12 0.0
0.717886 0.808419 0.730067 12 0.0
0.729762 0.798505 0.711631 12 0.0
0.741306 0.807084 0.692334 12 0.0
0.72943 0.816998 0.71077 12 0.0
0.278682 0.84042 0.721785 12 0.0
0.278282 0.859966 0.721012 12 0.0
0.290721 0.841363 0.739387 12 0.0
0.279081 0.820874 0.722559 12 0.0
0.266642 0.839478 0.704184 12 0.0
0.774409 0.02034 0.241324 16 0.0
0.778525 0.653796 0.243061 6 0.0
0.291752 0.784543 0.603852 10 0.0
0.309584 0.783858 0.599824 10 0.0
0.30352 0.785103 0.655847 10 0.0
0.273919 0.785228 0.607881 10 0.0
0.279984 0.783983 0.551858 10 0.0
0.696968 0.981809 0.563006 14 0.0
0.713929 0.980507 0.564453 14 0.0
0.692555 0.978868 0.612097 14 0.0
0.680006 0.983112 0.56156 14 0.0
0.70138 0.984751 0.513916 14 0.0
0.738485 0.967118 0.698062 12 0.0
0.739672 0.978107 0.698744 12 0.0
0.727157 0.967079 0.718414 12 0.0
0.737297 0.956129 0.69738 12 0.0
0.749813 0.967157 0.677711 12 0.0
0.22422 0.99758 0.262224 14 0.99978
0.75991 0.819229 0.641789 12 0.0
0.765573 0.822896 0.62116 12 0.0
0.75917 0.831423 0.643753 12 0.0
0.754247 0.815561 0.662417 12 0.0
0.760651 0.807035 0.639824 12 0.0
0.287868 0.978928 0.737666 11 0.0
0.656641 0.996274 0.699813 14 0.0
0.690417 0.993983 0.660856 14 0.0
0.672437 0.996487 0.713496 14 0.0
0.622865 0.998565 0.738769 14 0.0
0.640845 0.996061 0.68613 14 0.0
0.779299 0.969577 0.345001 16 4.2e-05
0.274119 0.004095 0.362542 1 0.000279
0.256245 0.784958 0.490481 10 0.0
0.755199 0.002548 0.332038 1 0.077485
0.762918 0.001548 0.333077 1 0.077485
0.753113 0.002632 0.347613 1 0.077485
0.74748 0.003548 0.330999 1 0.077485
0.757285 0.002464 0.316463 1 0.077485
0.226579 0.105455 0.354876 2 0.0
0.221471 0.164879 0.181756 3 0.008479
0.347373 0.355778 0.239089 8 0.0
0.339165 0.36857 0.23704 8 0.0
0.347586 0.360649 0.268659 8 0.0
0.355581 0.342986 0.241137 8 0.0
0.34716 0.350906 0.209519 8 0.0
0.748805 0.967695 0.670527 12 0.0
0.748032 0.977056 0.672155 12 0.0
0.738599 0.962486 0.695628 12 0.0
0.749578 0.958334 0.668899 12 0.0
0.759011 0.972904 0.645426 12 0.0
0.769565 0.994188 0.570789 13 0.999794
0.751795 0.960035 0.66413 12 1e-06
0.75147 0.973224 0.665803 12 1e-06
0.743741 0.95708 0.685856 12 1e-06
0.752119 0.946846 0.662456 12 1e-06
0.759848 0.96299 0.642403 12 1e-06
0.600289 0.875188 0.726605 15 0.0
0.585202 0.895421 0.739003 15 0.0
0.580084 0.852785 0.738576 15 0.0
0.615377 0.854955 0.714207 15 0.0
0.620495 0.897591 0.714633 15 0.0
0.525357 0.034474 0.192008 1 2.4e-05
0.642612 0.361836 0.297381 8 0.0
0.654229 0.410834 0.289894 8 0.0
0.645975 0.364627 0.320865 8 0.0
0.630995 0.312838 0.304869 8 0.0
0.639248 0.359045 0.273898 8 0.0
0.313007 0.311423 0.36866 8 0.0
0.290112 0.362938 0.368241 8 0.0
0.295601 0.303679 0.36769 8 0.0
0.335902 0.259908 0.369079 8 0.0
0.330412 0.319166 0.36963 8 0.0
0.226225 0.411826 0.360649 2 0.0
0.734423 0.040565 0.153321 7 0.0
0.721987 0.048409 0.153399 7 0.0
0.741959 0.052512 0.153364 7 0.0
0.746858 0.032721 0.153243 7 0.0
0.726886 0.028618 0.153278 7 0.0
0.262491 0.453434 0.371984 8 0.0
0.230131 0.8038 0.172142 2 0.000666
0.661515 0.805743 0.784118 12 0.0
0.642819 0.801787 0.798352 12 0.0
0.662624 0.797577 0.783306 12 0.0
0.68021 0.809699 0.769884 12 0.0
0.660405 0.813909 0.78493 12 0.0
0.581842 0.022983 0.369851 8 0.0
0.653168 0.997734 0.153653 7 0.999999
0.776221 0.951176 0.468943 16 0.0
0.776127 0.967582 0.468796 16 0.0
0.774631 0.951594 0.516688 16 0.0
0.776316 0.93477 0.469089 16 0.0
0.777812 0.950758 0.421197 16 0.0
0.315739 0.154121 0.371075 8 0.0
0.312314 0.201695 0.37073 8 0.0
0.344248 0.156178 0.371673 8 0.0
0.319164 0.106547 0.371421 8 0.0
0.28723 0.152064 0.370477 8 0.0
0.408726 0.024188 0.152873 7 9e-06
0.426965 0.995909 0.695156 14 0.999991
0.226196 0.306564 0.357046 2 0.0
0.224826 0.405307 0.341688 2 0.0
0.301104 0.004248 0.363136 1 0.011281
0.511098 0.957428 0.838574 11 0.0
0.535951 0.95331 0.838144 11 0.0
0.51345 0.971646 0.838395 11 0.0
0.486244 0.961545 0.839004 11 0.0
0.508745 0.94321 0.838754 11 0.0
0.718725 0.485727 0.154498 7 0.0
0.237746 0.075508 0.370506 8 0.998282
0.273699 0.354017 0.366026 8 0.0
0.360434 0.561469 0.15694 7 0.001124
0.223906 0.71553 0.175856 2 0.053106
0.432837 0.613335 0.155173 7 0.0
0.574748 0.985611 0.828808 12 0.048476
0.588197 0.304345 0.319499 8 0.0
0.620716 0.346226 0.322684 8 0.0
0.591017 0.300825 0.336987 8 0.0
0.555678 0.262464 0.316313 8 0.0
0.585377 0.307865 0.30201 8 0.0
0.761972 0.991557 0.421689 14 0.0
0.273737 0.160142 0.370603 8 0.0
0.483034 0.605612 0.209475 8 0.0
0.512905 0.610872 0.202171 8 0.0
0.48731 0.604878 0.226434 8 0.0
0.453163 0.600352 0.216779 8 0.0
0.478758 0.606346 0.192516 8 0.0
0.247698 0.400228 0.372525 8 0.0
0.771926 0.387703 0.346141 16 0.0
0.747324 0.447997 0.204446 4 0.000167
0.253525 0.478517 0.309652 2 0.0
0.646577 0.782588 0.797311 10 0.931626
0.222544 0.696089 0.316796 2 0.0
0.471059 0.282167 0.340399 4 0.0
0.469913 0.280141 0.351534 4 0.0
0.507689 0.280591 0.343882 4 0.0
0.472205 0.284193 0.329264 4 0.0
0.434428 0.283743 0.336915 4 0.0
0.558072 0.608809 0.161536 8 0.999982
0.235932 0.157272 0.366749 8 2e-06
0.23085 0.517618 0.316408 2 0.0
0.352514 0.362102 0.159264 9 0.777802
0.627424 0.554817 0.3643 8 0.0
0.675379 0.021771 0.289346 1 0.0
0.707424 0.020796 0.302691 1 0.0
0.669125 0.021581 0.304349 1 0.0
0.643333 0.022745 0.276 1 0.0
0.681633 0.021961 0.274343 1 0.0
0.226497 0.17671 0.35814 2 0.930258
0.226359 0.982859 0.177226 2 0.046118
0.227144 0.988481 0.179115 2 0.046118
0.227538 0.979569 0.18653 2 0.046118
0.225575 0.977236 0.175337 2 0.046118
0.225181 0.986149 0.167922 2 0.046118
0.416003 0.594229 0.370288 8 0.0
0.228441 0.412835 0.361894 8 0.001207
0.774167 0.25183 0.324159 6 0.0
0.757985 0.996495 0.496579 14 0.0
0.759959 0.384607 0.159015 7 8e-06
0.736984 0.302756 0.374687 8 0.0
0.22679 0.507232 0.175816 2 0.000186
0.3156 0.507015 0.345588 4 0.0
0.756079 0.725359 0.21129 5 0.0
0.761695 0.472396 0.157572 7 4.8e-05
0.756636 0.642452 0.159334 7 1e-06
0.407018 0.00207 0.269117 1 0.0
0.351662 0.001093 0.272333 1 0.0
0.40885 0.002541 0.300794 1 0.0
0.462373 0.003046 0.265901 1 0.0
0.405185 0.001598 0.23744 1 0.0
0.243089 0.811436 0.3232 2 1e-06
0.287626 0.00096 0.302709 1 0.0
0.266755 0.000992 0.302879 1 0.0
0.287812 0.001342 0.325501 1 0.0
0.308496 0.000928 0.302539 1 0.0
0.287439 0.000577 0.279918 1 0.0
0.298238 0.782592 0.522789 10 0.0
0.276911 0.783598 0.519246 10 0.0
0.290061 0.784112 0.572435 10 0.0
0.319565 0.781586 0.526333 10 0.0
0.306415 0.781073 0.473143 10 0.0
0.343922 0.370002 0.346633 8 0.0
0.645488 0.942573 0.199502 7 0.0
0.621486 0.983361 0.167182 7 0.999395
0.441982 0.622126 0.338129 8 0.0
0.461216 0.630506 0.341293 8 0.0
0.438387 0.626004 0.349709 8 0.0
0.422747 0.613745 0.334965 8 0.0
0.445576 0.618247 0.326549 8 0.0
0.505635 0.022616 0.153717 7 0.0
0.328005 0.44024 0.373171 8 0.912645
0.77041 0.452236 0.352295 16 0.0
0.22249 0.568664 0.311015 2 0.0
0.776539 0.370704 0.172165 16 5e-06
0.598577 0.78019 0.691886 10 0.0
0.771815 0.155899 0.36445 16 0.366185
0.592232 0.586467 0.366004 8 0.0
0.279494 0.46485 0.152952 7 0.0
0.753963 0.430565 0.37033 8 0.99974
0.349157 0.591091 0.287984 8 0.0
0.592275 0.779439 0.68931 10 0.0
0.77578 0.230199 0.325653 6 0.0
0.574822 0.595297 0.327956 8 0.0
0.552365 0.608613 0.338371 8 0.0
0.580474 0.593225 0.342792 8 0.0
0.597279 0.581981 0.317541 8 0.0
0.56917 0.597369 0.31312 8 0.0
0.353502 0.786418 0.565328 10 0.0
0.355627 0.552074 0.15373 8 0.582481
0.260535 0.367445 0.15448 8 0.0
0.682593 0.445791 0.373139 8 0.0
0.401176 0.578094 0.27304 8 0.0
0.421294 0.59493 0.28691 8 0.0
0.392421 0.571732 0.293462 8 0.0
0.381057 0.561258 0.259169 8 0.0
0.40993 0.584457 0.252618 8 0.0
0.242534 0.818952 0.660888 12 0.0
0.241696 0.83174 0.658217 12 0.0
0.249227 0.822585 0.676179 12 0.0
0.243372 0.806165 0.663559 12 0.0
0.235841 0.81532 0.645596 12 0.0
0.667915 0.864742 0.788564 12 0.0
0.677623 0.893962 0.77993 12 0.0
0.659102 0.869388 0.794377 12 0.0
0.658206 0.835522 0.797197 12 0.0
0.676727 0.860096 0.78275 12 0.0
0.262215 0.85595 0.700981 12 0.0
0.26324 0.879987 0.699262 12 0.0
0.271935 0.856845 0.719297 12 0.0
0.261191 0.831913 0.702699 12 0.0
0.252496 0.855055 0.682665 12 0.0
0.756964 0.914079 0.653421 12 0.0
0.760499 0.940924 0.64655 12 0.0
0.752148 0.919236 0.671092 12 0.0
0.753429 0.887234 0.660292 12 0.0
0.76178 0.908922 0.63575 12 0.0
0.23114 0.857709 0.618353 12 0.0
0.231667 0.883417 0.617021 12 0.0
0.234002 0.858479 0.634341 12 0.0
0.230614 0.832002 0.619685 12 0.0
0.228279 0.85694 0.602365 12 0.0
0.772398 0.846833 0.577767 12 0.0
0.774122 0.855948 0.554753 12 0.0
0.771359 0.866689 0.585554 12 0.0
0.770674 0.837718 0.600781 12 0.0
0.773437 0.826977 0.569981 12 0.0
0.226549 0.884527 0.539693 12 0.0
0.22815 0.888924 0.573856 12 0.0
0.225676 0.851971 0.543925 12 0.0
0.224948 0.88013 0.505531 12 0.0
0.227422 0.917083 0.535462 12 0.0
0.704382 0.793451 0.746322 11 0.0
0.263521 0.788451 0.689165 13 0.628277
0.776017 0.984373 0.157074 5 0.999999
0.496811 0.831892 0.835577 12 0.0
0.51705 0.833364 0.835904 12 0.0
0.495608 0.848494 0.835286 12 0.0
0.476571 0.830421 0.835251 12 0.0
0.498013 0.815291 0.835868 12 0.0
0.736377 0.805677 0.692352 16 0.0
0.729787 0.802352 0.70878 16 0.0
0.737313 0.797907 0.691155 16 0.0
0.742967 0.809002 0.675924 16 0.0
0.735441 0.813447 0.693549 16 0.0
0.651101 0.8418 0.796548 12 0.0
0.642617 0.858416 0.801169 12 0.0
0.637383 0.832032 0.806488 12 0.0
0.659584 0.825183 0.791927 12 0.0
0.664819 0.851568 0.786608 12 0.0
0.607503 0.937616 0.803387 13 0.0
0.599297 0.957496 0.808109 13 0.0
0.596904 0.932012 0.808562 13 0.0
0.615709 0.917736 0.798665 13 0.0
0.618102 0.94322 0.798212 13 0.0
0.224788 0.782705 0.585859 10 0.99999
0.553922 0.876131 0.834935 12 0.0
0.572746 0.873944 0.831132 12 0.0
0.557332 0.907031 0.834045 12 0.0
0.535097 0.878318 0.838738 12 0.0
0.550511 0.845231 0.835824 12 0.0
0.323992 0.834509 0.776499 12 0.0
0.330513 0.851874 0.781084 12 0.0
0.336351 0.827029 0.787252 12 0.0
0.317471 0.817145 0.771913 12 0.0
0.311633 0.84199 0.765745 12 0.0
0.775883 0.987658 0.187609 16 1.0
0.770854 0.063886 0.236665 16 0.0
0.771145 0.064799 0.209556 16 0.0
0.771545 0.0857 0.237408 16 0.0
0.770563 0.062972 0.263774 16 0.0
0.770163 0.042071 0.235922 16 0.0
0.493792 0.885115 0.735576 15 0.0
0.523763 0.894637 0.742348 15 0.0
0.483903 0.916219 0.735608 15 0.0
0.46382 0.875594 0.728805 15 0.0
0.50368 0.854012 0.735545 15 0.0
0.616063 0.987717 0.814519 12 2e-06
0.287567 0.972656 0.154118 7 0.0
0.26423 0.973301 0.15521 7 0.0
0.287882 0.983233 0.154605 7 0.0
0.310904 0.972011 0.153025 7 0.0
0.287252 0.96208 0.15363 7 0.0
0.229298 0.969214 0.478288 2 0.0
0.308176 0.898093 0.751376 15 0.0
0.304765 0.925093 0.750542 15 0.0
0.319347 0.899876 0.763401 15 0.0
0.311588 0.871092 0.75221 15 0.0
0.297006 0.89631 0.739351 15 0.0
0.379066 0.78363 0.757283 10 0.0
0.370052 0.783916 0.770774 10 0.0
0.410813 0.783614 0.778495 10 0.0
0.388081 0.783345 0.743791 10 0.0
0.347319 0.783647 0.73607 10 0.0
0.774301 0.03645 0.239546 6 0.0
0.773621 0.049045 0.240104 6 0.0
0.774183 0.035205 0.267456 6 0.0
0.774982 0.023855 0.238987 6 0.0
0.77442 0.037694 0.211636 6 0.0
0.299881 0.974421 0.721554 14 0.0
0.760713 0.078561 0.343894 5 0.0
0.513511 0.023619 0.37375 8 0.0
0.71547 0.982272 0.734352 12 0.0
0.336839 0.803537 0.788222 12 0.077652
0.33726 0.812697 0.787279 12 0.077652
0.351628 0.803991 0.799228 12 0.077652
0.336419 0.794377 0.789165 12 0.077652
0.322051 0.803083 0.777217 12 0.077652
0.701869 0.000541 0.15714 1 0.999994
0.224995 0.618621 0.191613 2 0.0
0.225889 0.159461 0.359223 2 0.0
0.502339 0.282087 0.314351 9 0.0
0.525942 0.282365 0.312208 9 0.0
0.50408 0.280804 0.333365 9 0.0
0.478736 0.281808 0.316494 9 0.0
0.500598 0.28337 0.295337 9 0.0
0.230572 0.174979 0.164269 3 0.0
0.431068 0.004533 0.329458 1 0.0
0.702015 0.857286 0.721039 16 1e-06
0.694976 0.868957 0.73167 16 1e-06
0.698455 0.847823 0.729071 16 1e-06
0.709054 0.845615 0.710409 16 1e-06
0.705576 0.866749 0.713008 16 1e-06
0.35203 0.37105 0.276471 8 0.0
0.341267 0.393625 0.278817 8 0.0
0.3527 0.368222 0.306759 8 0.0
0.362792 0.348475 0.274125 8 0.0
0.35136 0.373878 0.246183 8 0.0
0.760279 0.976933 0.619082 12 0.0
0.676318 0.002503 0.158062 1 0.999967
0.478576 0.788348 0.832291 12 0.0
0.494038 0.030147 0.153603 7 0.0
0.427988 0.799378 0.831225 12 0.0
0.331196 0.998184 0.785258 12 0.96615
0.626553 0.032976 0.346346 1 5e-06
0.541272 0.020315 0.335982 1 0.0
0.635948 0.323531 0.157832 8 7e-06
0.522071 0.608946 0.350182 8 0.0
0.490331 0.609758 0.349592 8 0.0
0.521892 0.610267 0.361622 8 0.0
0.55381 0.608133 0.350773 8 0.0
0.52225 0.607624 0.338743 8 0.0
0.265341 0.289636 0.346068 4 0.0
0.223894 0.377927 0.328983 2 0.0
0.677557 0.06643 0.152782 7 0.0
0.680044 0.088145 0.152529 7 0.0
0.709362 0.062794 0.153292 7 0.0
0.675071 0.044715 0.153036 7 0.0
0.645753 0.070066 0.152273 7 0.0
0.286884 0.782474 0.408347 10 0.0
0.266408 0.783074 0.403422 10 0.0
0.283276 0.789832 0.424244 10 0.0
0.30736 0.781874 0.413273 10 0.0
0.290493 0.775117 0.39245 10 0.0
0.226727 0.70424 0.365123 8 0.992841
0.297756 0.337235 0.365142 8 0.0
0.666405 0.807654 0.781759 12 0.0
0.659301 0.813673 0.785427 12 0.0
0.66248 0.799794 0.787053 12 0.0
0.67351 0.801634 0.77809 12 0.0
0.670331 0.815513 0.776465 12 0.0
0.300948 0.783121 0.750751 10 0.008458
0.361242 0.006055 0.15976 1 1.0
0.640121 0.971513 0.739141 14 1e-06
0.774367 0.979465 0.331173 16 0.003266
0.691952 0.011993 0.371619 8 0.0
0.457771 0.974206 0.156057 7 0.0
0.265321 0.004647 0.15495 7 0.999935
0.773064 0.823026 0.546546 16 0.0
0.773157 0.837058 0.546027 16 0.0
0.770697 0.824359 0.582131 16 0.0
0.772971 0.808994 0.547066 16 0.0
0.775431 0.821692 0.510961 16 0.0
0.310488 0.133851 0.371727 8 0.0
0.306371 0.176073 0.371443 8 0.0
0.337749 0.136512 0.372281 8 0.0
0.314605 0.091628 0.372011 8 0.0
0.283227 0.131189 0.371173 8 0.0
0.332958 0.9979 0.556493 14 0.000268
0.735092 0.999475 0.354951 14 0.0
0.224311 0.144203 0.324558 2 0.0
0.224257 0.143973 0.340269 2 0.0
0.224812 0.097634 0.323879 2 0.0
0.224365 0.144432 0.308848 2 0.0
0.22381 0.190771 0.325238 2 0.0
0.363688 0.540811 0.172615 8 0.0
0.763939 0.307098 0.358383 6 0.0
0.225095 0.267529 0.34219 2 0.0
0.72299 0.894567 0.696841 12 0.0
0.72894 0.905733 0.686705 12 0.0
0.715064 0.910464 0.709701 12 0.0
0.71704 0.883401 0.706977 12 0.0
0.730916 0.87867 0.683981 12 0.0
0.430805 0.014423 0.291679 1 0.0
0.368525 0.014155 0.286194 1 0.0
0.428559 0.014619 0.317168 1 0.0
0.493085 0.01469 0.297163 1 0.0
0.43305 0.014226 0.266189 1 0.0
0.536741 0.957984 0.837891 12 0.0
0.559535 0.95552 0.834846 12 0.0
0.538238 0.97267 0.83721 12 0.0
0.513947 0.960448 0.840936 12 0.0
0.535245 0.943298 0.838572 12 0.0
0.598725 0.966844 0.173426 7 0.0
0.777186 0.237084 0.158894 16 0.988378
0.349822 0.524828 0.158156 8 0.750871
0.224034 0.654392 0.176574 2 0.001321
0.606863 0.574523 0.289399 8 0.0
0.584616 0.589602 0.284516 8 0.0
0.602713 0.57728 0.316819 8 0.0
0.629111 0.559445 0.294282 8 0.0
0.611014 0.571767 0.261978 8 0.0
0.22455 0.781104 0.552664 10 0.999999
0.575834 0.991551 0.829189 12 0.00418
0.243324 0.276645 0.368882 8 0.002101
0.642908 0.980621 0.540862 15 1.0
0.226812 0.40965 0.357842 2 0.0
0.225477 0.495675 0.362943 2 0.0
0.647874 0.529169 0.174252 8 2e-06
0.223006 0.448034 0.342649 2 0.0
0.550002 0.808405 0.820571 16 0.0
0.562977 0.813964 0.818717 16 0.0
0.548067 0.813219 0.821466 16 0.0
0.537028 0.802845 0.822424 16 0.0
0.551937 0.80359 0.819675 16 0.0
0.225914 0.587678 0.190153 2 0.0
0.345884 0.497676 0.310412 8 0.0
0.355678 0.527513 0.309575 8 0.0
0.344865 0.498594 0.331206 8 0.0
0.336091 0.467838 0.31125 8 0.0
0.346904 0.496757 0.289618 8 0.0
0.433962 0.900688 0.807886 2 0.0
0.417156 0.908258 0.80079 2 0.0
0.444423 0.925665 0.809755 2 0.0
0.450768 0.893118 0.814982 2 0.0
0.423501 0.875712 0.806016 2 0.0
0.224626 0.110417 0.353247 2 0.0
0.771988 0.826612 0.525213 16 0.0
0.772039 0.841763 0.52541 16 0.0
0.768367 0.826024 0.571218 16 0.0
0.771936 0.811461 0.525015 16 0.0
0.775609 0.8272 0.479208 16 0.0
0.550789 0.801063 0.824505 16 0.000192
0.770144 0.239581 0.169701 16 0.797984
0.222933 0.579034 0.317248 2 0.0
0.391934 0.968682 0.411142 14 0.0
0.280872 0.786001 0.720885 10 0.068759
0.291666 0.998432 0.747879 12 0.998115
0.283208 0.48352 0.154376 7 0.0
0.695463 0.502774 0.380567 8 0.0
0.601872 0.778875 0.673653 10 0.0
0.69918 0.233504 0.377621 8 0.0
0.706596 0.298177 0.377185 8 0.0
0.675434 0.236233 0.378413 8 0.0
0.691764 0.168832 0.378057 8 0.0
0.722926 0.230776 0.376828 8 0.0
0.615524 0.340325 0.22826 9 0.0
0.631899 0.359098 0.230955 9 0.0
0.611201 0.340781 0.251351 9 0.0
0.599149 0.321551 0.225566 9 0.0
0.619847 0.339868 0.205169 9 0.0
0.777403 0.238988 0.186686 16 0.0
0.695383 0.683185 0.386481 8 0.0
0.701228 0.718387 0.386625 8 0.0
0.670261 0.68734 0.390503 8 0.0
0.689538 0.647983 0.386337 8 0.0
0.720504 0.67903 0.382458 8 0.0
0.438851 0.999141 0.418663 14 0.0
0.77766 0.684123 0.253631 6 0.0
0.672577 0.016407 0.155232 7 0.001596
0.378285 0.322166 0.362959 8 0.0
0.747787 0.439729 0.15691 7 0.0
0.775982 0.653233 0.316203 16 0.0
0.265015 0.285414 0.154058 7 0.0
0.757622 0.296985 0.184522 5 8e-06
0.334448 0.371401 0.314486 8 0.0
0.303615 0.401601 0.312435 8 0.0
0.332559 0.370693 0.332457 8 0.0
0.365281 0.341201 0.316538 8 0.0
0.336337 0.372109 0.296515 8 0.0
0.705634 0.174522 0.367027 8 0.0
0.695253 0.231597 0.372706 8 0.0
0.684872 0.170673 0.367761 8 0.0
0.716016 0.117446 0.361349 8 0.0
0.726397 0.178371 0.366294 8 0.0
0.749312 0.39712 0.165309 7 0.326602
0.727226 0.492377 0.154054 7 0.0
0.776276 0.32219 0.31395 6 0.0
0.221571 0.486812 0.292291 2 0.0
0.311819 0.997819 0.188618 14 0.007405
0.282282 0.995252 0.188858 14 0.007405
0.311916 0.997923 0.201663 14 0.007405
0.341356 1.000386 0.188377 14 0.007405
0.311722 0.997714 0.175572 14 0.007405
0.612998 0.291851 0.357516 8 9e-06
0.661734 0.448343 0.220546 8 0.0
0.663386 0.475623 0.218658 8 0.0
0.659771 0.449968 0.242305 8 0.0
0.660082 0.421063 0.222434 8 0.0
0.663697 0.446718 0.198787 8 0.0
0.752934 0.52175 0.168574 7 0.0
0.223029 0.719402 0.331889 2 0.0
0.235053 0.785998 0.353289 2 0.0
0.639789 0.559935 0.153391 7 0.0
0.666534 0.407453 0.348346 8 0.0
0.326701 0.998939 0.158517 14 0.989249
0.291595 0.300178 0.1534 7 0.0
0.235156 0.985421 0.632342 12 0.0
0.378831 0.966171 0.617774 15 0.0
0.376759 0.975891 0.615803 15 0.0
0.385323 0.971335 0.636421 15 0.0
0.380902 0.956451 0.619744 15 0.0
0.372338 0.961007 0.599126 15 0.0
0.266575 0.911225 0.70204 12 0.0
0.268149 0.939376 0.704477 12 0.0
0.277072 0.909035 0.720564 12 0.0
0.265001 0.883075 0.699604 12 0.0
0.256079 0.913415 0.683517 12 0.0
0.628225 0.942747 0.808076 12 0.0
0.623711 0.959965 0.812581 12 0.0
0.61262 0.936549 0.816127 12 0.0
0.632739 0.925528 0.803572 12 0.0
0.643831 0.948944 0.800026 12 0.0
0.717749 0.932992 0.723567 12 5e-06
0.721498 0.954517 0.724147 12 5e-06
0.709185 0.934151 0.735877 12 5e-06
0.714 0.911466 0.722987 12 5e-06
0.726313 0.931832 0.711257 12 5e-06
0.224079 0.836837 0.159167 2 0.998382
0.767798 0.849014 0.577588 16 0.0
0.771489 0.856991 0.549046 16 0.0
0.766629 0.869706 0.58322 16 0.0
0.764108 0.841037 0.60613 16 0.0
0.768968 0.828322 0.571956 16 0.0
0.22205 0.281904 0.1805 2 0.0
0.294146 0.796471 0.675908 15 0.0
0.30369 0.796912 0.668947 15 0.0
0.312061 0.8009 0.700756 15 0.0
0.284601 0.796029 0.682868 15 0.0
0.27623 0.792041 0.65106 15 0.0
0.323413 0.941955 0.774741 12 0.0
0.331094 0.95418 0.781567 12 0.0
0.333837 0.93079 0.783006 12 0.0
0.315731 0.929731 0.767915 12 0.0
0.312988 0.953121 0.766476 12 0.0
0.746157 0.019831 0.345215 1 0.999999
0.740731 0.021477 0.352125 1 0.999999
0.754737 0.013014 0.353577 1 0.999999
0.751583 0.018185 0.338306 1 0.999999
0.737577 0.026649 0.336853 1 0.999999
0.773154 0.012789 0.252897 6 0.0
0.496948 0.835109 0.818154 2 0.0
0.718104 0.970778 0.709458 12 0.999848
0.718376 0.980262 0.711606 12 0.999848
0.700815 0.96738 0.72665 12 0.999848
0.717832 0.961295 0.707311 12 0.999848
0.735394 0.974176 0.692267 12 0.999848
0.225132 0.815187 0.157601 2 0.998154
0.252009 0.96479 0.683161 11 0.0
0.259789 0.959561 0.701257 11 0.0
0.249811 0.954083 0.681011 11 0.0
0.244229 0.97002 0.665065 11 0.0
0.254207 0.975498 0.685311 11 0.0
0.773434 0.026249 0.264378 5 0.0
0.628011 0.97408 0.806183 12 0.0
0.629936 0.980363 0.805838 12 0.0
0.613536 0.979013 0.81525 12 0.0
0.626086 0.967797 0.806527 12 0.0
0.642486 0.969147 0.797116 12 0.0
0.777871 0.879028 0.472046 12 0.0
0.778218 0.906906 0.464266 12 0.0
0.776945 0.890465 0.512985 12 0.0
0.777525 0.851151 0.479827 12 0.0
0.778798 0.867591 0.431108 12 0.0
0.709531 0.998512 0.564985 14 0.0
0.730062 0.998409 0.566671 14 0.0
0.704987 0.997666 0.620261 14 0.0
0.689 0.998615 0.563299 14 0.0
0.714074 0.999358 0.509708 14 0.0
0.223391 1.000048 0.545826 12 0.999999
0.775351 0.096101 0.264253 6 0.0
0.776407 0.126707 0.259224 6 0.0
0.775028 0.101686 0.298177 6 0.0
0.774296 0.065494 0.269283 6 0.0
0.775675 0.090515 0.23033 6 0.0
0.752266 0.062512 0.346909 5 0.0
0.460709 0.807917 0.834861 12 0.0
0.692305 0.994836 0.711119 14 0.0
0.6744 0.891438 0.774208 13 0.0
0.66497 0.90955 0.782016 13 0.0
0.664069 0.88251 0.78244 13 0.0
0.68383 0.873325 0.7664 13 0.0
0.68473 0.900365 0.765975 13 0.0
0.260621 0.003908 0.350045 1 0.0
0.247899 0.003572 0.351973 1 0.0
0.261812 0.003918 0.357901 1 0.0
0.273344 0.004245 0.348116 1 0.0
0.259431 0.003898 0.342189 1 0.0
0.777545 0.926584 0.392702 6 0.0
0.777764 0.948529 0.390618 6 0.0
0.777134 0.93325 0.462851 6 0.0
0.777325 0.904639 0.394787 6 0.0
0.777955 0.919917 0.322554 6 0.0
0.671491 0.002808 0.3502 1 0.0
0.226746 0.197425 0.3611 2 0.0
0.434992 0.001559 0.340148 1 0.0
0.770501 0.78447 0.563742 10 0.985968
0.650938 0.986062 0.790504 12 6e-06
0.567987 0.925936 0.832426 12 0.0
0.585141 0.926953 0.828183 12 0.0
0.566821 0.949118 0.833265 12 0.0
0.550833 0.924919 0.836669 12 0.0
0.569154 0.902754 0.831587 12 0.0
0.760791 0.965728 0.630399 12 0.0
0.760563 0.977487 0.631241 12 0.0
0.754497 0.963727 0.656638 12 0.0
0.761018 0.953969 0.629556 12 0.0
0.767084 0.967728 0.604159 12 0.0
0.516813 0.799608 0.82565 13 2e-06
0.77095 0.995562 0.554555 13 0.999617
0.47513 0.975892 0.704161 15 0.0
0.475135 0.984342 0.705316 15 0.0
0.498182 0.975234 0.70887 15 0.0
0.475125 0.967441 0.703005 15 0.0
0.452077 0.976549 0.699451 15 0.0
0.413609 0.809007 0.825118 12 0.0
0.436007 0.809439 0.832477 12 0.0
0.413789 0.798995 0.825157 12 0.0
0.39121 0.808575 0.81776 12 0.0
0.413428 0.819019 0.82508 12 0.0
0.630911 0.002422 0.342551 1 0.0
0.652566 0.378515 0.340556 8 0.0
0.72375 0.998865 0.547226 14 0.0
0.740788 0.998791 0.547934 14 0.0
0.721531 0.999078 0.60064 14 0.0
0.706712 0.998939 0.546518 14 0.0
0.725968 0.998652 0.493811 14 0.0
0.773734 0.981128 0.312126 6 0.008545
0.224027 0.936245 0.155692 7 0.999918
0.739164 0.785782 0.405942 10 0.999994
0.736004 0.788029 0.400628 10 0.999994
0.726688 0.787834 0.41423 10 0.999994
0.742325 0.783534 0.411257 10 0.999994
0.75164 0.783729 0.397655 10 0.999994
0.267766 0.277763 0.370586 8 0.0
0.223765 0.839629 0.160061 2 0.967018
0.22371 0.901253 0.176662 2 0.031916
0.775231 0.984523 0.268565 16 0.000483
0.254929 0.124296 0.171454 7 0.0
0.45991 0.992757 0.432292 15 0.891032
0.253164 0.782312 0.464729 10 0.0
0.496699 1.000799 0.20528 14 0.007261
0.772761 0.787311 0.585741 13 0.036431
0.311636 0.99739 0.768838 12 0.999445
0.356275 0.190154 0.371657 8 0.0
0.326097 0.24202 0.372243 8 0.0
0.385252 0.207002 0.372725 8 0.0
0.386454 0.138287 0.371072 8 0.0
0.327298 0.173305 0.37059 8 0.0
0.35002 0.986885 0.58571 15 1.3e-05
0.227321 0.112271 0.357998 2 0.0
0.627303 0.32821 0.365949 8 0.0
0.526353 0.126732 0.152418 7 0.0
0.530544 0.16592 0.152288 7 0.0
0.449855 0.134912 0.152184 7 0.0
0.522162 0.087543 0.152547 7 0.0
0.602851 0.118551 0.152652 7 0.0
0.337888 0.950442 0.788221 12 0.0
0.34143 0.965609 0.792458 12 0.0
0.351663 0.944324 0.798607 12 0.0
0.334346 0.935274 0.783984 12 0.0
0.324113 0.95656 0.777835 12 0.0
0.741432 0.954315 0.682733 16 0.0
0.745112 0.963084 0.67818 16 0.0
0.735134 0.965698 0.699566 16 0.0
0.737752 0.945545 0.687287 16 0.0
0.747729 0.942932 0.665901 16 0.0
0.382168 0.815764 0.645697 15 0.0
0.374018 0.810301 0.629913 15 0.0
0.381722 0.827718 0.64179 15 0.0
0.390319 0.821228 0.661482 15 0.0
0.382615 0.803811 0.649604 15 0.0
0.734967 0.804589 0.704193 12 0.0
0.726144 0.801877 0.720561 12 0.0
0.735538 0.796703 0.703194 12 0.0
0.74379 0.807302 0.687825 12 0.0
0.734396 0.812475 0.705193 12 0.0
0.469251 0.976754 0.817172 14 0.999789
0.463448 0.983195 0.823084 14 0.999789
0.487664 0.985631 0.825574 14 0.999789
0.475054 0.970313 0.811261 14 0.999789
0.450838 0.967876 0.808771 14 0.999789
0.225216 0.800425 0.50375 2 0.000104
0.232542 0.377606 0.369647 8 0.706285
0.288706 0.724378 0.317507 10 1e-06
0.278241 0.757195 0.332317 10 1e-06
0.272767 0.717686 0.321072 10 1e-06
0.29917 0.69156 0.302697 10 1e-06
0.304645 0.731069 0.313943 10 1e-06
0.422326 0.59571 0.162331 8 0.00131
0.3859 0.553882 0.234143 8 0.0
0.404098 0.573352 0.234167 8 0.0
0.388179 0.55172 0.259997 8 0.0
0.367703 0.534413 0.234118 8 0.0
0.383622 0.556045 0.208289 8 0.0
0.588561 0.587298 0.170226 8 0.0
0.233193 0.785296 0.60063 10 3e-06
0.53895 0.781231 0.711267 15 0.997491
0.539902 0.782765 0.714879 15 0.997491
0.526391 0.78036 0.714946 15 0.997491
0.537998 0.779696 0.707655 15 0.997491
0.551509 0.782101 0.707588 15 0.997491
0.253974 0.996534 0.176268 14 0.012737
0.242328 0.995862 0.175972 14 0.012737
0.253798 0.995811 0.184822 14 0.012737
0.265619 0.997205 0.176565 14 0.012737
0.25415 0.997257 0.167714 14 0.012737
0.570608 0.305289 0.247879 8 0.0
0.58983 0.316358 0.241662 8 0.0
0.574989 0.310475 0.270658 8 0.0
0.551387 0.294219 0.254095 8 0.0
0.566228 0.300103 0.2251 8 0.0
0.47511 0.784423 0.826947 10 0.0
0.240821 0.783636 0.544745 10 0.0
0.653159 0.810026 0.78332 12 0.125011
0.334711 0.534649 0.371974 8 0.0
0.74556 0.587996 0.373799 8 1e-06
0.22568 0.503304 0.338154 2 0.0
0.614078 0.573618 0.159827 8 0.300943
0.758704 0.347968 0.366606 8 0.0
0.417748 0.579715 0.30209 8 0.0
0.440608 0.595006 0.303573 8 0.0
0.41506 0.581398 0.326167 8 0.0
0.394889 0.564423 0.300607 8 0.0
0.420437 0.578031 0.278013 8 0.0
0.635405 0.57515 0.183271 8 1e-06
0.775236 0.00144 0.214837 1 1.0
0.70862 0.959407 0.154899 7 0.0
0.708124 0.973118 0.154906 7 0.0
0.686231 0.958598 0.153759 7 0.0
0.709116 0.945696 0.154892 7 0.0
0.731009 0.960216 0.156039 7 0.0
0.336743 0.356631 0.272673 8 0.0
0.333194 0.397511 0.261496 8 0.0
0.337462 0.363803 0.298678 8 0.0
0.340292 0.31575 0.283851 8 0.0
0.336024 0.349458 0.246669 8 0.0
0.224894 0.521163 0.348422 2 0.0
0.621712 0.558043 0.364284 8 0.0
0.551434 0.255538 0.153471 7 0.0
0.774299 0.80526 0.393952 16 0.0
0.223397 0.049892 0.273499 2 0.0
0.223417 0.066669 0.274149 2 0.0
0.224021 0.048637 0.305874 2 0.0
0.223377 0.033114 0.272849 2 0.0
0.222774 0.051146 0.241123 2 0.0
0.757419 0.335908 0.179297 16 0.031178
0.75783 0.21238 0.154671 7 0.0
0.247427 0.329208 0.153381 7 0.0
0.425734 0.841567 0.812475 13 0.0
0.408752 0.593614 0.275337 8 0.0
0.430478 0.609343 0.276343 8 0.0
0.407488 0.593767 0.300261 8 0.0
0.387026 0.577886 0.274332 8 0.0
0.410017 0.593462 0.250414 8 0.0
0.517222 0.272851 0.1532 8 0.98381
0.391676 0.784335 0.668656 10 0.0
0.775823 0.358513 0.342149 5 0.0
0.617981 0.9876 0.498034 15 1.0
0.721363 0.473476 0.15614 7 0.0
0.241753 0.284648 0.368291 8 0.000351
0.364856 0.334635 0.363253 9 0.0
0.434515 0.287841 0.372606 8 0.999583
0.654177 0.829663 0.790172 12 0.0
0.650175 0.84432 0.792807 12 0.0
0.638471 0.823401 0.80115 12 0.0
0.658179 0.815006 0.787537 12 0.0
0.669882 0.835925 0.779194 12 0.0
0.728933 0.978504 0.685392 14 0.99883
0.397099 0.003736 0.349399 1 0.0
0.767586 0.256185 0.287399 6 0.0
0.539544 0.954464 0.834522 12 0.0
0.543088 0.969042 0.833863 12 0.0
0.51511 0.96057 0.838205 12 0.0
0.536 0.939885 0.83518 12 0.0
0.563978 0.948358 0.830839 12 0.0
0.656482 0.357729 0.378127 8 0.0
0.29287 0.436276 0.160131 7 0.08561
0.279689 0.462584 0.303368 4 0.0
0.419284 0.294764 0.321233 4 0.0
0.417916 0.2946 0.338528 4 0.0
0.449298 0.267138 0.323344 4 0.0
0.420652 0.294929 0.303937 4 0.0
0.38927 0.322391 0.319121 4 0.0
0.654175 0.548631 0.153948 7 3e-06
0.728192 0.472525 0.156763 7 0.0
0.749352 0.196917 0.153714 7 0.0
0.497403 1.001267 0.170608 14 0.035953
0.325706 0.368941 0.355021 8 0.0
0.224097 0.930198 0.375453 2 0.0
0.225184 0.951157 0.377621 2 0.0
0.224487 0.923186 0.443031 2 0.0
0.22301 0.90924 0.373284 2 0.0
0.223707 0.937211 0.307875 2 0.0
0.452445 0.606297 0.368883 8 0.0
0.321133 0.454089 0.351175 8 0.0
0.642711 0.996466 0.527512 15 0.0
0.67688 0.396605 0.158597 7 0.0
0.669014 0.184259 0.153042 7 0.0
0.701991 0.177893 0.153511 7 0.0
0.679985 0.241149 0.153816 7 0.0
0.636037 0.190625 0.152572 7 0.0
0.658042 0.127369 0.152267 7 0.0
0.402654 0.630624 0.373496 8 0.0
0.223808 0.700214 0.172574 2 0.024672
0.336742 0.383188 0.371946 8 0.000646
0.267809 0.296016 0.149778 7 0.0
0.317739 0.403837 0.372257 8 0.0
0.358147 0.997733 0.154941 14 0.241886
0.233983 0.689028 0.347861 8 3e-06
0.743756 0.921706 0.600293 16 2e-06
0.742244 0.937303 0.623913 16 2e-06
0.741571 0.908617 0.608796 16 2e-06
0.745269 0.906109 0.576673 16 2e-06
0.745942 0.934794 0.59179 16 2e-06
0.231898 0.900158 0.622491 11 0.0
0.230732 0.931844 0.617598 11 0.0
0.235 0.902651 0.637899 11 0.0
0.233064 0.868473 0.627383 11 0.0
0.228796 0.897665 0.607082 11 0.0
0.226414 0.966525 0.551747 12 0.0
0.225997 0.977397 0.552333 12 0.0
0.2276 0.964977 0.581337 12 0.0
0.226832 0.955654 0.551161 12 0.0
0.225229 0.968074 0.522157 12 0.0
0.740647 0.816032 0.692839 12 0.0
0.731235 0.817384 0.711604 12 0.0
0.740242 0.804314 0.693481 12 0.0
0.750059 0.814679 0.674074 12 0.0
0.741052 0.827749 0.692197 12 0.0
0.627525 0.825619 0.81112 12 0.0
0.622839 0.839808 0.812481 12 0.0
0.613736 0.820325 0.81884 12 0.0
0.63221 0.81143 0.809758 12 0.0
0.641313 0.830913 0.803399 12 0.0
0.725234 0.835617 0.723915 12 0.0
0.721365 0.853757 0.727496 12 0.0
0.717153 0.83176 0.734722 12 0.0
0.729104 0.817478 0.720335 12 0.0
0.733316 0.839475 0.713109 12 0.0
0.226748 0.941298 0.586294 11 0.0
0.227527 0.947806 0.600071 11 0.0
0.228189 0.92293 0.594888 11 0.0
0.225969 0.934791 0.572516 11 0.0
0.225307 0.959667 0.577699 11 0.0
0.222351 0.161221 0.172138 2 0.004069
0.297888 0.792453 0.694144 10 0.0
0.307714 0.79237 0.688002 10 0.0
0.316759 0.793954 0.724312 10 0.0
0.288063 0.792537 0.700286 10 0.0
0.279018 0.790952 0.663976 10 0.0
0.746898 0.849265 0.676109 12 0.0
0.752178 0.867688 0.66394 12 0.0
0.740737 0.860387 0.690274 12 0.0
0.741618 0.830843 0.688277 12 0.0
0.753059 0.838143 0.661944 12 0.0
0.454726 0.056583 0.151706 7 0.0
0.315048 0.936576 0.763418 12 0.0
0.328263 0.937408 0.776203 12 0.0
0.316149 0.916447 0.763589 12 0.0
0.301834 0.935745 0.750633 12 0.0
0.313948 0.956706 0.763247 12 0.0
0.758437 0.021908 0.2485 1 6e-06
0.650743 0.88179 0.790094 13 0.0
0.644029 0.912891 0.794261 13 0.0
0.635823 0.87733 0.799345 13 0.0
0.657456 0.850689 0.785927 13 0.0
0.665662 0.88625 0.780842 13 0.0
0.380495 0.801181 0.815136 12 8e-06
0.39721 0.802063 0.823168 12 8e-06
0.380618 0.792538 0.815829 12 8e-06
0.36378 0.8003 0.807105 12 8e-06
0.380372 0.809824 0.814444 12 8e-06
0.565751 0.910682 0.832598 12 0.0
0.583556 0.914711 0.82859 12 0.0
0.559638 0.93923 0.834144 12 0.0
0.547946 0.906652 0.836605 12 0.0
0.571863 0.882133 0.831051 12 0.0
0.622883 0.982923 0.805282 15 0.997219
0.622464 0.986886 0.808278 15 0.997219
0.610285 0.978538 0.809321 15 0.997219
0.623301 0.97896 0.802286 15 0.997219
0.63548 0.987308 0.801243 15 0.997219
0.31853 0.84738 0.770125 12 0.0
0.325055 0.867994 0.775268 12 0.0
0.331345 0.840341 0.782076 12 0.0
0.312005 0.826766 0.764981 12 0.0
0.305716 0.854418 0.758174 12 0.0
0.774215 0.023844 0.277957 6 0.0
0.770521 0.91519 0.605084 12 0.0
0.771736 0.942527 0.600956 12 0.0
0.768291 0.91802 0.623169 12 0.0
0.769306 0.887852 0.609213 12 0.0
0.772752 0.91236 0.587 12 0.0
0.354539 0.896628 0.796696 12 0.0
0.340322 0.898133 0.787229 12 0.0
0.356753 0.922551 0.797494 12 0.0
0.368755 0.895122 0.806163 12 0.0
0.352324 0.870704 0.795898 12 0.0
0.222348 0.844957 0.162129 2 0.244137
0.412712 0.785332 0.805942 10 0.0
0.776252 0.158755 0.318515 6 0.0
0.779296 0.206742 0.320718 6 0.0
0.774883 0.158021 0.3364 6 0.0
0.773208 0.110768 0.316312 6 0.0
0.77762 0.159489 0.300631 6 0.0
0.246304 0.003234 0.357989 1 0.007852
0.237931 0.002157 0.359395 1 0.007852
0.247321 0.002841 0.363739 1 0.007852
0.254677 0.004311 0.356583 1 0.007852
0.245288 0.003628 0.352239 1 0.007852
0.613919 0.003662 0.155421 7 1.0
0.22431 0.675423 0.185342 2 0.0
0.715618 0.998963 0.607784 14 0.0
0.731359 0.998564 0.6109 14 0.0
0.707623 1.000359 0.648353 14 0.0
0.699877 0.999361 0.604668 14 0.0
0.723614 0.997567 0.567215 14 0.0
0.530617 0.018738 0.164322 7 0.982585
0.228209 0.271905 0.321548 2 0.0
0.581428 0.983784 0.455815 15 5e-06
0.533335 0.286287 0.247448 9 0.0
0.55196 0.292291 0.250658 9 0.0
0.527898 0.286703 0.278217 9 0.0
0.514711 0.280283 0.244238 9 0.0
0.538773 0.28587 0.216679 9 0.0
0.286237 0.779851 0.743336 12 0.999566
0.775785 0.161665 0.372389 5 0.999987
0.632854 0.98839 0.802512 12 0.0
0.418943 0.973314 0.826383 12 0.0
0.418783 0.982375 0.825825 12 0.0
0.394948 0.972447 0.819173 12 0.0
0.419102 0.964253 0.826941 12 0.0
0.442938 0.974181 0.833593 12 0.0
0.38278 0.987389 0.811049 12 4.5e-05
0.567801 0.028005 0.322353 1 0.0
0.447318 0.014678 0.255409 1 0.0
0.378859 0.012863 0.246063 1 0.0
0.442995 0.014635 0.287082 1 0.0
0.515777 0.016492 0.264756 1 0.0
0.451641 0.01472 0.223737 1 0.0
0.743361 0.036579 0.168126 7 0.0
0.733812 0.04859 0.172437 7 0.0
0.750016 0.041232 0.169904 7 0.0
0.752911 0.024568 0.163816 7 0.0
0.736706 0.031925 0.166349 7 0.0
0.228494 0.994923 0.589099 12 0.0029
0.337947 0.784616 0.745652 10 0.0
0.330082 0.784899 0.754333 10 0.0
0.363647 0.78451 0.768941 10 0.0
0.345813 0.784333 0.736971 10 0.0
0.312248 0.784722 0.722364 10 0.0
0.501115 0.963061 0.723728 15 0.0
0.519974 0.960397 0.722578 15 0.0
0.503064 0.97621 0.725215 15 0.0
0.482257 0.965725 0.724878 15 0.0
0.499167 0.949911 0.722241 15 0.0
0.263746 0.145502 0.179603 7 0.0
0.74938 0.795775 0.675478 12 0.0
0.631121 0.040734 0.374952 8 0.0
0.26455 0.784 0.447188 10 0.0
0.27793 0.782707 0.445756 10 0.0
0.268453 0.787605 0.48042 10 0.0
0.25117 0.785294 0.448619 10 0.0
0.260647 0.780396 0.413955 10 0.0
0.398445 0.045723 0.149959 7 0.0
0.478617 -0.001266 0.183957 1 0.0
0.639297 0.367966 0.308261 9 0.0
0.665334 0.397102 0.302878 9 0.0
0.643854 0.367431 0.32741 9 0.0
0.613261 0.338829 0.313643 9 0.0
0.634741 0.3685 0.289111 9 0.0
0.221868 0.04279 0.360684 2 1.0
0.221045 0.044732 0.359844 2 1.0
0.221991 0.045806 0.367535 2 1.0
0.222691 0.040849 0.361524 2 1.0
0.221745 0.039775 0.353833 2 1.0
0.592102 0.997352 0.462341 14 0.995902
0.74402 0.998009 0.196508 14 9e-05
0.755635 0.996512 0.195129 14 9e-05
0.745876 0.998424 0.211693 14 9e-05
0.732405 0.999506 0.197887 14 9e-05
0.742164 0.997594 0.181323 14 9e-05
0.518748 0.031457 0.37394 8 0.0
0.654283 0.826555 0.632453 12 5e-06
0.659432 0.840388 0.63474 12 5e-06
0.641429 0.82507 0.670382 12 5e-06
0.649134 0.812722 0.630167 12 5e-06
0.667136 0.828041 0.594524 12 5e-06
0.225784 0.094185 0.361541 2 0.0
0.615485 0.315262 0.366738 8 0.0
0.239403 0.256276 0.369963 8 0.0
0.265061 0.567838 0.164106 7 0.000398
0.746184 0.890972 0.558683 16 0.0
0.748895 0.923168 0.52595 16 0.0
0.7425 0.903499 0.570699 16 0.0
0.743473 0.858776 0.591416 16 0.0
0.749867 0.878446 0.546667 16 0.0
0.549946 0.267643 0.185166 8 0.0
0.549116 0.268835 0.195507 8 0.0
0.566191 0.272032 0.185965 8 0.0
0.550777 0.266451 0.174824 8 0.0
0.533701 0.263254 0.184367 8 0.0
0.620996 0.785262 0.802768 10 0.196984
0.727621 0.959196 0.413342 5 1e-06
0.260849 0.782389 0.473457 10 0.0
0.431262 0.785368 0.817394 10 0.0
0.246726 0.201895 0.370005 8 0.0
0.766524 0.858581 0.15651 7 3e-06
0.450929 0.907874 0.153613 7 0.0
0.454371 0.935204 0.153772 7 0.0
0.381886 0.916559 0.155371 7 0.0
0.447487 0.880544 0.153454 7 0.0
0.519972 0.89919 0.151855 7 0.0
0.675662 0.814959 0.677722 10 0.998729
0.412866 0.583017 0.182462 8 3e-06
0.435618 0.598696 0.183461 8 3e-06
0.413478 0.581462 0.192944 8 3e-06
0.390115 0.567338 0.181463 8 3e-06
0.412255 0.584572 0.17198 8 3e-06
0.609911 0.972898 0.433487 14 0.0
0.614913 0.599563 0.2354 8 0.0
0.577678 0.619247 0.237891 8 0.0
0.617426 0.600872 0.262611 8 0.0
0.652149 0.579879 0.232909 8 0.0
0.612401 0.598255 0.208189 8 0.0
0.542989 0.603897 0.335685 8 0.0
0.515 0.608559 0.333568 8 0.0
0.542031 0.605396 0.351646 8 0.0
0.570977 0.599235 0.337802 8 0.0
0.543946 0.602399 0.319723 8 0.0
0.258223 0.995876 0.339114 14 0.0
0.694598 0.378663 0.305695 8 2e-06
0.701518 0.421819 0.303886 8 2e-06
0.698692 0.378772 0.323944 8 2e-06
0.687678 0.335507 0.307504 8 2e-06
0.690504 0.378555 0.287447 8 2e-06
0.483246 0.785866 0.806179 10 0.0
0.776279 0.952639 0.155579 5 1.0
0.271442 0.031438 0.372983 8 0.999913
0.651791 0.792469 0.792895 12 0.000213
0.229291 0.32359 0.364503 8 0.0
0.642806 0.804176 0.591198 15 0.999974
0.231259 0.003439 0.277133 1 0.029029
0.759359 0.998254 0.163008 14 0.999506
0.760024 0.997233 0.158069 14 0.999506
0.751203 0.999375 0.161679 14 0.999506
0.758694 0.999276 0.167947 14 0.999506
0.767515 0.997133 0.164338 14 0.999506
0.358961 0.997105 0.585449 15 0.873467
0.618777 0.781919 0.80864 10 0.0
0.669658 0.442965 0.156695 8 0.999998
0.378385 0.608421 0.274071 8 0.0
0.411263 0.634787 0.273602 8 0.0
0.380122 0.606761 0.30254 8 0.0
0.345507 0.582056 0.274541 8 0.0
0.376647 0.610081 0.245603 8 0.0
0.222553 0.284398 0.177652 2 9.7e-05
0.754596 0.789155 0.656685 16 0.99999
0.772607 0.981779 0.472016 5 0.0
0.579281 0.977163 0.685861 15 0.0
0.579498 0.986254 0.686174 15 0.0
0.557008 0.977261 0.69845 15 0.0
0.579064 0.968071 0.685548 15 0.0
0.601554 0.977065 0.673271 15 0.0
0.223877 0.132106 0.156459 3 1.0
0.249511 0.4876 0.374125 8 0.0
0.224947 0.131255 0.332283 3 0.0
0.45521 0.998966 0.427121 14 0.000287
0.402133 0.999146 0.442912 14 0.0
0.221387 0.758929 0.329622 2 0.0
0.667951 0.236254 0.179817 9 1e-06
0.697451 0.236701 0.173987 9 1e-06
0.668822 0.275394 0.187231 9 1e-06
0.638451 0.235806 0.185646 9 1e-06
0.66708 0.197113 0.172402 9 1e-06
0.35859 0.527057 0.340843 9 0.0
0.374066 0.551121 0.342282 9 0.0
0.357106 0.527329 0.352275 9 0.0
0.343115 0.502994 0.339404 9 0.0
0.360075 0.526786 0.329411 9 0.0
0.776022 0.303527 0.175314 6 0.0
0.448766 0.004889 0.162315 1 1.0
0.775986 0.381889 0.332094 6 0.0
0.698977 0.20373 0.37719 8 0.0
0.7102 0.263919 0.377341 8 0.0
0.677508 0.207732 0.377763 8 0.0
0.687754 0.143541 0.377039 8 0.0
0.720447 0.199729 0.376616 8 0.0
0.779512 0.456494 0.184132 16 2.7e-05
0.771187 0.042143 0.355842 6 0.0
0.771191 0.05598 0.354971 6 0.0
0.772022 0.042527 0.361951 6 0.0
0.771182 0.028305 0.356714 6 0.0
0.770351 0.041758 0.349733 6 0.0
0.229947 0.005101 0.297668 1 0.990974
0.362733 0.555377 0.327235 9 0.0
0.253623 0.252202 0.151874 7 0.0
0.453505 0.999329 0.413475 14 0.0
0.590915 0.590261 0.152166 8 0.999967
0.368222 0.330223 0.354183 8 0.0
0.233957 0.280819 0.251354 2 0.0
0.234168 0.364944 0.250403 2 0.0
0.23476 0.281165 0.282165 2 0.0
0.233745 0.196694 0.252305 2 0.0
0.233154 0.280472 0.220542 2 0.0
0.766885 0.294553 0.179462 5 9.1e-05
0.777499 0.233926 0.17284 16 3e-06
0.710659 0.502276 0.381387 8 0.0
0.340359 0.789067 0.792999 12 0.241932
0.773571 0.008164 0.179927 16 0.078747
0.772351 0.010011 0.169376 16 0.078747
0.772828 0.011707 0.180633 16 0.078747
0.774791 0.006317 0.190478 16 0.078747
0.774315 0.004621 0.179221 16 0.078747
0.70558 0.026013 0.301889 1 0.999994
0.686237 0.040693 0.285855 1 0.999994
0.69867 0.030566 0.314393 1 0.999994
0.724923 0.011333 0.317923 1 0.999994
0.71249 0.02146 0.289384 1 0.999994
0.526614 0.074338 0.156632 7 0.0
0.526753 0.0985 0.156787 7 0.0
0.449252 0.074781 0.156639 7 0.0
0.526476 0.050176 0.156478 7 0.0
0.603976 0.073895 0.156625 7 0.0
0.70947 0.42844 0.231306 4 0.998832
0.337891 0.391882 0.17376 8 0.0
0.327703 0.409459 0.17621 8 0.0
0.338804 0.391445 0.18069 8 0.0
0.348079 0.374305 0.171309 8 0.0
0.336978 0.392319 0.166829 8 0.0
0.561104 0.918555 0.695323 15 0.0
0.563344 0.946074 0.695762 15 0.0
0.541169 0.920043 0.703774 15 0.0
0.558864 0.891037 0.694885 15 0.0
0.58104 0.917067 0.686873 15 0.0
0.464702 0.272542 0.17083 8 0.0
0.46445 0.272839 0.17681 8 0.0
0.479213 0.262712 0.171931 8 0.0
0.464955 0.272245 0.16485 8 0.0
0.450191 0.282372 0.169729 8 0.0
0.747631 0.448485 0.155417 7 0.0
0.726292 0.097816 0.178981 7 0.0
0.736947 0.102325 0.179373 7 0.0
0.712123 0.130396 0.189362 7 0.0
0.715637 0.093307 0.178589 7 0.0
0.74046 0.065237 0.168599 7 0.0
0.349443 0.789997 0.615391 15 0.0
0.747394 0.240338 0.154445 7 0.0
0.516144 0.974392 0.19841 14 0.0
0.22507 0.911732 0.22852 2 0.0
0.226474 0.939484 0.23351 2 0.0
0.225255 0.907363 0.252767 2 0.0
0.223666 0.88398 0.223531 2 0.0
0.224884 0.916101 0.204273 2 0.0
0.222104 0.600935 0.238452 2 0.0
0.486967 0.609209 0.347758 8 0.0
0.514911 0.612374 0.349969 8 0.0
0.485841 0.610656 0.359925 8 0.0
0.459024 0.606044 0.345546 8 0.0
0.488094 0.607763 0.33559 8 0.0
0.246035 0.512592 0.370523 8 7.6e-05
0.223498 0.591576 0.235749 2 0.0
0.503425 0.607902 0.32914 8 0.0
0.535164 0.60943 0.3316 8 0.0
0.50189 0.610018 0.347624 8 0.0
0.471685 0.606375 0.32668 8 0.0
0.504959 0.605787 0.310656 8 0.0
0.333962 0.46226 0.353241 8 0.0
0.682107 0.463125 0.335477 8 0.0
0.495951 1.000867 0.354685 14 0.0
0.657702 0.362778 0.303105 8 0.0
0.663019 0.419093 0.30646 8 0.0
0.659168 0.361292 0.325732 8 0.0
0.652385 0.306463 0.29975 8 0.0
0.656236 0.364265 0.280478 8 0.0
0.748567 0.586537 0.166634 7 1e-06
0.66868 0.196264 0.153083 7 0.0
0.699085 0.18749 0.153404 7 0.0
0.685704 0.255293 0.154031 7 0.0
0.638276 0.205037 0.152762 7 0.0
0.651657 0.137234 0.152136 7 0.0
0.749289 0.945154 0.675204 12 0.0
0.743281 0.958476 0.691045 12 0.0
0.7449 0.932435 0.684235 12 0.0
0.755297 0.931832 0.659362 12 0.0
0.753679 0.957874 0.666172 12 0.0
0.242179 0.899143 0.661314 12 0.0
0.240338 0.92934 0.657351 12 0.0
0.246684 0.901146 0.674485 12 0.0
0.24402 0.868946 0.665276 12 0.0
0.237675 0.89714 0.648143 12 0.0
0.68696 0.947057 0.765035 12 0.0
0.69389 0.962518 0.760719 12 0.0
0.675953 0.955201 0.776537 12 0.0
0.680031 0.931596 0.769351 12 0.0
0.697967 0.938913 0.753532 12 0.0
0.268104 0.990699 0.704886 12 4.9e-05
0.25408 0.888903 0.682371 12 0.0
0.253583 0.923597 0.682208 12 0.0
0.262153 0.889101 0.699845 12 0.0
0.254578 0.854209 0.682534 12 0.0
0.246007 0.888705 0.664896 12 0.0
0.760146 0.876043 0.643465 12 0.0
0.762787 0.904936 0.635133 12 0.0
0.755651 0.881484 0.660907 12 0.0
0.757505 0.84715 0.651798 12 0.0
0.764641 0.870602 0.626024 12 0.0
0.77362 0.009612 0.252353 6 4.6e-05
0.251878 0.786173 0.656033 10 0.058813
0.221779 -0.006913 0.198584 1 1.0
0.411774 0.047813 0.169011 7 0.0
0.703378 0.033806 0.372378 8 0.0
0.330928 0.887592 0.780514 12 0.0
0.317632 0.891222 0.769659 12 0.0
0.335314 0.913352 0.783757 12 0.0
0.344224 0.883961 0.791368 12 0.0
0.326541 0.861831 0.77727 12 0.0
0.776208 0.087399 0.23994 16 0.0
0.77691 0.111331 0.254616 16 0.0
0.775846 0.073378 0.26282 16 0.0
0.775505 0.063466 0.225264 16 0.0
0.776569 0.101419 0.21706 16 0.0
0.266707 0.784208 0.617098 10 0.0
0.278467 0.784152 0.614404 10 0.0
0.27539 0.784276 0.655006 10 0.0
0.254946 0.784264 0.619792 10 0.0
0.258024 0.78414 0.57919 10 0.0
0.7442 0.854261 0.683616 12 0.0
0.749419 0.874063 0.671459 12 0.0
0.737116 0.865212 0.698412 12 0.0
0.738981 0.834459 0.695773 12 0.0
0.751284 0.84331 0.668819 12 0.0
0.776268 0.95981 0.156486 16 0.999999
0.418962 0.984927 0.831519 11 1.0
0.537987 0.893975 0.837896 12 0.0
0.558462 0.895294 0.834953 12 0.0
0.535944 0.926851 0.838424 12 0.0
0.517513 0.892655 0.840839 12 0.0
0.54003 0.861099 0.837368 12 0.0
0.505667 0.98114 0.840282 11 1e-06
0.717265 0.018413 0.312334 1 0.0
0.700051 0.024542 0.299823 1 0.0
0.706864 0.019258 0.327058 1 0.0
0.734479 0.012284 0.324844 1 0.0
0.727665 0.017568 0.297609 1 0.0
0.356296 0.990641 0.156066 7 0.003383
0.366125 0.786136 0.786221 10 0.0
0.283744 0.987955 0.730609 12 1e-06
0.745284 0.981397 0.644408 15 0.953192
0.480634 0.813422 0.839795 11 0.0
0.503027 0.816482 0.841447 11 0.0
0.479174 0.824657 0.838766 11 0.0
0.458241 0.810361 0.838144 11 0.0
0.482094 0.802186 0.840824 11 0.0
0.599112 0.882769 0.82063 12 0.0
0.599283 0.915036 0.820067 12 0.0
0.582658 0.882967 0.826979 12 0.0
0.598941 0.850502 0.821194 12 0.0
0.615566 0.882571 0.814282 12 0.0
0.688807 0.914101 0.749348 16 0.0
0.689711 0.935833 0.749189 16 0.0
0.671032 0.914966 0.766588 16 0.0
0.687904 0.892368 0.749507 16 0.0
0.706583 0.913236 0.732108 16 0.0
0.408659 0.988856 0.795853 14 0.0
0.496807 0.843439 0.837776 12 0.0
0.50883 0.858863 0.837855 12 0.0
0.478387 0.857804 0.836569 12 0.0
0.484784 0.828016 0.837696 12 0.0
0.515227 0.829075 0.838983 12 0.0
0.283817 0.998399 0.738862 11 0.999999
0.432557 0.783169 0.717429 10 0.0
0.401195 0.014873 0.367497 8 0.0
0.425278 0.004024 0.350525 1 0.0
0.753889 0.972494 0.663471 12 0.0
0.753934 0.98242 0.664829 12 0.0
0.744482 0.969119 0.688459 12 0.0
0.753843 0.962568 0.662113 12 0.0
0.763296 0.97587 0.638483 12 0.0
0.545896 0.779112 0.840665 12 0.999987
0.597632 0.780347 0.70122 10 0.0
0.750421 0.964565 0.666123 12 0.0
0.749735 0.975275 0.668178 12 0.0
0.74084 0.95934 0.690156 12 0.0
0.751107 0.953855 0.664069 12 0.0
0.760001 0.96979 0.642091 12 0.0
0.475457 0.004514 0.356914 1 0.0
0.502541 0.017331 0.370294 8 0.0
0.260195 0.241052 0.37057 8 0.0
0.226881 0.994661 0.239202 14 0.838898
0.774592 0.003905 0.166714 16 0.999998
0.773613 0.006144 0.167002 16 0.999998
0.775908 0.003642 0.173231 16 0.999998
0.775571 0.001666 0.166426 16 0.999998
0.773275 0.004168 0.160197 16 0.999998
0.589868 -0.000205 0.176337 1 0.0
0.582361 0.98422 0.829871 12 0.260432
0.595152 0.983574 0.826627 12 0.260432
0.582647 0.98021 0.831799 12 0.260432
0.56957 0.984865 0.833115 12 0.260432
0.582074 0.988229 0.827943 12 0.260432
0.264538 0.151417 0.370415 8 0.0
0.295444 0.783206 0.538605 10 0.0
0.274078 0.783667 0.537202 10 0.0
0.291941 0.783812 0.592152 10 0.0
0.31681 0.782745 0.540008 10 0.0
0.298946 0.782601 0.485057 10 0.0
0.572683 0.994616 0.690667 15 0.958341
0.258809 0.638691 0.369655 8 0.0
0.227698 0.63714 0.367179 8 0.309453
0.22386 0.781154 0.578593 10 0.998178
0.739042 0.936132 0.694374 12 0.0
0.746711 0.952189 0.681773 12 0.0
0.733303 0.949099 0.707405 12 0.0
0.731374 0.920075 0.706975 12 0.0
0.744781 0.923165 0.681343 12 0.0
0.250853 0.058636 0.370791 8 0.0
0.249766 0.077673 0.370837 8 0.0
0.241136 0.058079 0.371915 8 0.0
0.251939 0.0396 0.370746 8 0.0
0.260569 0.059194 0.369667 8 0.0
0.358466 0.822981 0.542128 15 0.010922
0.732359 0.797247 0.708859 12 0.0
0.777656 0.86091 0.309892 6 0.0
0.777112 0.887388 0.289107 6 0.0
0.778889 0.894104 0.352146 6 0.0
0.778201 0.834432 0.330677 6 0.0
0.776424 0.827716 0.267638 6 0.0
0.760084 0.783751 0.650823 13 0.000656
0.421052 0.783792 0.824396 10 0.0
0.746292 0.495886 0.156255 7 0.0
0.344089 0.506174 0.183503 4 0.999993
0.607964 0.56999 0.208348 8 0.0
0.586218 0.587406 0.206409 8 0.0
0.606878 0.570539 0.225458 8 0.0
0.629709 0.552573 0.210287 8 0.0
0.609049 0.56944 0.191238 8 0.0
0.242068 0.804319 0.601399 12 0.971044
0.245976 0.811965 0.598004 12 0.971044
0.248942 0.807686 0.616895 12 0.971044
0.23816 0.796674 0.604794 12 0.971044
0.235194 0.800953 0.585903 12 0.971044
0.56276 0.604016 0.373772 8 0.0
0.324425 0.489283 0.372316 8 0.0
0.77314 0.005832 0.225323 6 0.99997
0.632494 0.003308 0.362913 1 0.0
0.26173 0.032848 0.370499 8 0.936091
0.339637 0.389098 0.158634 8 0.267207
0.225043 0.573846 0.181942 2 0.0
0.225457 0.450261 0.364621 2 0.0
0.265026 0.30171 0.149222 7 0.0
0.224562 0.900792 0.156304 7 1.0
0.230444 0.013602 0.369521 8 0.995936
0.233069 0.018749 0.367059 8 0.995936
0.228516 0.014615 0.369582 8 0.995936
0.227819 0.008456 0.371982 8 0.995936
0.232372 0.01259 0.369459 8 0.995936
0.24594 0.993183 0.667345 12 0.06303
0.225949 0.483053 0.175576 2 3e-05
0.765114 0.992912 0.450084 14 0.00158
0.228204 0.049075 0.366708 2 0.0
0.384737 0.050704 0.372862 8 0.0
0.304423 0.99567 0.155068 7 0.999998
0.46136 0.012773 0.185342 1 5.3e-05
0.22532 0.364139 0.362089 2 0.0
0.725391 0.258097 0.376888 8 0.0
0.628257 0.548758 0.267587 8 0.0
0.606825 0.570608 0.268626 8 0.0
0.62861 0.547525 0.300796 8 0.0
0.649689 0.526909 0.266547 8 0.0
0.627903 0.549992 0.234377 8 0.0
0.225622 0.082563 0.158811 2 1.0
0.756317 0.695899 0.159109 7 0.0
0.774679 0.157189 0.371626 8 0.078923
0.246942 0.113289 0.363012 8 0.0
0.714877 0.601134 0.17599 8 0.997733
0.716874 0.667462 0.184203 8 0.997733
0.692869 0.60232 0.171766 8 0.997733
0.712881 0.534807 0.167776 8 0.997733
0.736886 0.599949 0.180213 8 0.997733
0.74795 0.535869 0.156084 7 0.0
0.661228 0.531205 0.153614 7 1e-06
0.427439 0.285262 0.34812 8 0.0
0.748691 0.18657 0.374643 8 0.026081
0.548259 0.995516 0.71626 14 0.0
0.342022 0.781439 0.586695 10 0.0
0.723459 0.840439 0.669303 16 0.0
0.71169 0.832706 0.697272 16 0.0
0.731635 0.823292 0.668003 16 0.0
0.735228 0.848171 0.641334 16 0.0
0.715282 0.857586 0.670603 16 0.0
0.597826 0.79252 0.82049 12 1e-06
0.339879 0.779021 0.420751 10 0.0
0.310167 0.261568 0.371517 8 0.0
0.277207 0.782803 0.49691 10 0.0
0.259907 0.783579 0.497027 10 0.0
0.277564 0.783988 0.542124 10 0.0
0.294507 0.782027 0.496794 10 0.0
0.27685 0.781619 0.451697 10 0.0
0.238201 0.653317 0.370668 8 0.0
0.391091 0.322679 0.207988 9 0.0
0.374976 0.336393 0.193667 9 0.0
0.385329 0.328121 0.219683 9 0.0
0.407206 0.308966 0.222309 9 0.0
0.396853 0.317237 0.196293 9 0.0
0.235189 0.508187 0.372562 8 0.114902
0.387659 0.325473 0.276793 8 0.0
0.368069 0.343578 0.275693 8 0.0
0.385847 0.32539 0.307693 8 0.0
0.40725 0.307367 0.277894 8 0.0
0.389472 0.325555 0.245893 8 0.0
0.441848 0.998578 0.431046 14 0.0
0.300376 0.930756 0.754127 12 0.0
0.300224 0.952627 0.755085 12 0.0
0.31352 0.930204 0.768847 12 0.0
0.300529 0.908886 0.75317 12 0.0
0.287233 0.931309 0.739408 12 0.0
0.758016 0.864169 0.592895 12 0.0
0.758996 0.88708 0.583522 12 0.0
0.755219 0.872313 0.61251 12 0.0
0.757035 0.841258 0.602268 12 0.0
0.760812 0.856025 0.573281 12 0.0
0.486534 0.007329 0.15756 7 0.999391
0.691236 0.00214 0.188659 1 0.0
0.693043 0.002639 0.200875 1 0.0
0.720343 0.003759 0.184285 1 0.0
0.689428 0.00164 0.176443 1 0.0
0.662128 0.00052 0.193033 1 0.0
0.355219 0.946945 0.800941 11 0.0
0.350228 0.963553 0.798876 11 0.0
0.365605 0.950926 0.807854 11 0.0
0.36021 0.930337 0.803006 11 0.0
0.344832 0.942964 0.794028 11 0.0
0.701193 0.81544 0.749997 12 0.0
0.699482 0.826571 0.751423 12 0.0
0.686199 0.810981 0.766812 12 0.0
0.702905 0.804309 0.748572 12 0.0
0.716187 0.819898 0.733182 12 0.0
0.743645 0.88439 0.682411 12 0.0
0.748204 0.903933 0.672331 12 0.0
0.736796 0.89324 0.696472 12 0.0
0.739087 0.864847 0.692491 12 0.0
0.750494 0.875539 0.66835 12 0.0
0.772804 0.018594 0.25648 5 0.0
0.485469 0.821993 0.838089 12 0.0
0.491421 0.833966 0.836544 12 0.0
0.469548 0.829689 0.83639 12 0.0
0.479516 0.81002 0.839633 12 0.0
0.50139 0.814297 0.839787 12 0.0
0.491675 0.97666 0.153517 7 0.0
0.742473 0.828815 0.687794 12 0.0
0.734253 0.82992 0.704981 12 0.0
0.742119 0.813395 0.688617 12 0.0
0.750693 0.827709 0.670607 12 0.0
0.742827 0.844234 0.686971 12 0.0
0.660444 0.837311 0.785244 12 0.0
0.654708 0.851441 0.789245 12 0.0
0.647249 0.829277 0.794696 12 0.0
0.66618 0.823181 0.781242 12 0.0
0.67364 0.845345 0.775791 12 0.0
0.593679 0.911779 0.819488 12 0.0
0.610544 0.905022 0.813377 12 0.0
0.601927 0.934637 0.816977 12 0.0
0.576815 0.918536 0.825599 12 0.0
0.585431 0.888921 0.821999 12 0.0
0.768975 0.993612 0.285665 14 8.2e-05
0.608074 0.951002 0.80545 16 2e-06
0.755594 0.990598 0.602223 15 0.0
0.226824 0.947327 0.592793 11 0.017702
0.22558 0.963332 0.58566 11 0.017702
0.227894 0.952726 0.604723 11 0.017702
0.228068 0.931321 0.599925 11 0.017702
0.225754 0.941927 0.580862 11 0.017702
0.230282 0.538537 0.180977 2 0.001121
0.369841 0.983463 0.805074 12 0.0
0.551202 0.989239 0.434479 15 0.996852
0.516115 0.003762 0.365385 1 0.0
0.750518 0.995635 0.499781 14 0.0
0.757867 0.994703 0.666105 12 0.648445
0.706398 0.781201 0.729149 10 0.187099
0.667628 0.364482 0.307777 8 0.0
0.665226 0.42229 0.313048 8 0.0
0.669092 0.362641 0.328636 8 0.0
0.67003 0.306675 0.302506 8 0.0
0.666165 0.366324 0.286918 8 0.0
0.768579 0.787336 0.361312 16 0.99939
0.602903 0.802884 0.490397 15 0.000214
0.442988 0.958345 0.833353 12 0.0
0.447365 0.970825 0.835662 12 0.0
0.424001 0.965612 0.830064 12 0.0
0.438612 0.945865 0.831043 12 0.0
0.461976 0.951078 0.836641 12 0.0
0.529208 -0.000523 0.181255 1 0.0
0.634234 0.96972 0.53959 15 0.0
0.635091 0.980607 0.538799 15 0.0
0.641259 0.971001 0.56484 15 0.0
0.633377 0.958833 0.540381 15 0.0
0.62721 0.968439 0.51434 15 0.0
0.421871 0.98885 0.15715 7 0.009201
0.761135 0.080367 0.370659 8 0.994637
0.22693 0.125299 0.358733 2 0.0
0.731814 0.916885 0.685301 12 0.0
0.736902 0.929378 0.675006 12 0.0
0.723952 0.932023 0.699786 12 0.0
0.726727 0.904392 0.695595 12 0.0
0.739676 0.901747 0.670815 12 0.0
0.46723 0.058275 0.195305 7 0.0
0.773968 0.837379 0.324549 6 0.0
0.774402 0.856769 0.324831 6 0.0
0.775369 0.836587 0.377056 6 0.0
0.773534 0.81799 0.324268 6 0.0
0.772567 0.838172 0.272043 6 0.0
0.771353 0.786519 0.570156 12 0.00061
0.774211 0.784809 0.582127 16 0.969419
0.242285 0.107676 0.371019 8 0.0
0.223151 0.783397 0.415971 10 0.999994
0.385918 0.996305 0.656062 15 0.99999
0.657958 0.507096 0.168089 8 0.999997
0.657124 0.515242 0.168239 8 0.999997
0.656898 0.506926 0.171405 8 0.999997
0.658791 0.49895 0.16794 8 0.999997
0.659017 0.507265 0.164774 8 0.999997
0.261347 0.456066 0.35323 8 0.978869
0.238772 0.543479 0.371108 8 0.0023
0.548671 0.808134 0.720291 15 0.995046
0.608639 0.785392 0.811135 10 0.0
0.741158 0.46161 0.3748 8 0.0
0.512332 1.000271 0.179144 14 7.8e-05
0.624248 0.561136 0.152271 8 1.0
0.777505 0.165831 0.246758 6 0.0
0.778502 0.216798 0.244239 6 0.0
0.777949 0.167239 0.275427 6 0.0
0.776508 0.114864 0.249277 6 0.0
0.77706 0.164423 0.218089 6 0.0
0.605874 0.306783 0.152985 4 0.99623
0.226174 0.039355 0.34669 2 0.0
0.226107 0.052767 0.344586 2 0.0
0.225289 0.040794 0.355888 2 0.0
0.226242 0.025943 0.348795 2 0.0
0.227059 0.037916 0.337493 2 0.0
0.777027 0.840142 0.388548 16 0.0
0.441235 0.289022 0.152133 8 0.9999
0.225363 0.321516 0.349082 2 0.0
0.754752 0.421456 0.156832 7 0.0
0.671804 0.324722 0.378473 8 0.0
0.723831 0.957884 0.485819 14 0.0
0.273173 0.233758 0.308911 2 1e-06
0.273549 0.283919 0.315288 2 1e-06
0.265705 0.231369 0.328143 2 1e-06
0.272797 0.183597 0.302534 2 1e-06
0.280641 0.236147 0.289679 2 1e-06
0.369027 0.299828 0.317991 9 0.0
0.695412 0.328574 0.377185 8 0.0
0.694645 0.333127 0.155449 7 0.0
0.224611 0.635202 0.353231 2 0.0
0.756991 0.362451 0.201729 5 9e-06
0.721894 0.626153 0.379056 8 0.0
0.22745 0.211652 0.355659 2 1.2e-05
0.22736 0.483308 0.368112 2 3.1e-05
0.77484 0.708619 0.334237 16 0.0
0.236254 0.22229 0.345103 2 0.0
0.612062 0.292912 0.348382 8 0.0
0.228093 0.39314 0.196278 2 0.0
0.767994 0.470989 0.370022 8 0.0
0.397471 0.801503 0.455635 14 0.267232
0.384169 0.798962 0.466644 14 0.267232
0.397296 0.795315 0.453995 14 0.267232
0.410773 0.804044 0.444627 14 0.267232
0.397647 0.807691 0.457276 14 0.267232
0.756709 0.335847 0.156252 7 0.0
0.223633 0.704779 0.348729 2 0.0
0.706551 0.468096 0.375918 8 0.0
0.236011 0.886463 0.645067 12 0.0
0.236315 0.920627 0.643135 12 0.0
0.240695 0.8873 0.660596 12 0.0
0.235708 0.852299 0.647 12 0.0
0.231327 0.885626 0.629539 12 0.0
0.230013 0.986989 0.607062 12 2.6e-05
0.666839 0.959343 0.779216 12 0.0
0.667951 0.972156 0.778047 12 0.0
0.649686 0.962017 0.792189 12 0.0
0.665726 0.946531 0.780386 12 0.0
0.683991 0.95667 0.766244 12 0.0
0.270563 0.9504 0.710676 12 0.0
0.270069 0.965952 0.709438 12 0.0
0.28289 0.952318 0.729848 12 0.0
0.271056 0.934849 0.711915 12 0.0
0.258235 0.948483 0.691505 12 0.0
0.719151 0.941724 0.731095 12 0.0
0.720009 0.959887 0.731807 12 0.0
0.70789 0.941681 0.745768 12 0.0
0.718293 0.923562 0.730383 12 0.0
0.730412 0.941768 0.716422 12 0.0
0.364101 0.915648 0.795119 15 0.0
0.357188 0.941681 0.792241 15 0.0
0.37631 0.919687 0.802333 15 0.0
0.371014 0.889614 0.797996 15 0.0
0.351893 0.911608 0.787904 15 0.0
0.773671 0.029545 0.274758 6 0.0
0.649638 0.852668 0.780831 13 0.0
0.64324 0.8671 0.784944 13 0.0
0.636291 0.844097 0.790145 13 0.0
0.656036 0.838237 0.776718 13 0.0
0.662984 0.86124 0.771517 13 0.0
0.387166 0.807406 0.813884 12 0.0
0.405247 0.806785 0.822506 12 0.0
0.385906 0.797536 0.815815 12 0.0
0.369085 0.808026 0.805261 12 0.0
0.388426 0.817275 0.811952 12 0.0
0.755854 0.997029 0.324836 14 1e-06
0.618592 0.97563 0.813504 12 3e-06
0.617461 0.98519 0.811991 12 3e-06
0.600842 0.974832 0.821729 12 3e-06
0.619722 0.966069 0.815017 12 3e-06
0.636342 0.976427 0.805278 12 3e-06
0.388778 0.927436 0.811902 12 0.0
0.372371 0.926866 0.805025 12 0.0
0.386767 0.950488 0.814788 12 0.0
0.405185 0.928006 0.818779 12 0.0
0.390788 0.904385 0.809016 12 0.0
0.767311 0.162141 0.370317 8 0.999941
0.689984 0.971518 0.760925 12 0.0
0.688109 0.980656 0.761716 12 0.0
0.680331 0.96852 0.772674 12 0.0
0.69186 0.96238 0.760134 12 0.0
0.699638 0.974516 0.749175 12 0.0
0.291898 0.944737 0.739539 12 0.0
0.290128 0.962282 0.73761 12 0.0
0.307061 0.948189 0.757026 12 0.0
0.293669 0.927191 0.741467 12 0.0
0.276736 0.941285 0.722052 12 0.0
0.749029 0.093166 0.343815 16 0.0
0.748321 0.104782 0.341279 16 0.0
0.757661 0.095469 0.351954 16 0.0
0.749738 0.081549 0.346351 16 0.0
0.740397 0.090862 0.335676 16 0.0
0.36105 0.342029 0.337054 8 0.0
0.305117 0.020251 0.371763 8 0.0
0.444068 0.004077 0.363446 1 0.0
0.562677 0.031328 0.153417 7 0.0
0.222877 0.902337 0.157997 2 0.999997
0.759664 0.983709 0.63349 12 5e-06
0.426232 0.790878 0.829139 12 0.0
0.240439 0.994062 0.500325 14 1e-06
0.398124 0.003378 0.350204 1 0.0
0.682082 0.039092 0.373883 8 0.0
0.651953 0.036681 0.374577 8 0.0
0.6831 0.026384 0.373958 8 0.0
0.71221 0.041502 0.373189 8 0.0
0.681064 0.051799 0.373807 8 0.0
0.225425 0.401298 0.357181 3 0.0
0.524305 0.007809 0.309968 1 0.0
0.233773 0.597372 0.366879 3 0.999855
0.413388 0.785148 0.805747 10 0.0
0.771769 0.984188 0.476956 16 0.0
0.267732 0.154521 0.370844 8 0.0
0.226514 0.111355 0.369488 2 2e-06
0.233033 0.475378 0.216009 2 0.0
0.771497 0.989067 0.507942 12 0.198564
0.362045 0.805725 0.599675 15 0.004691
0.739205 0.787582 0.695673 12 0.026218
0.773215 0.995256 0.577766 12 0.997835
0.244784 0.057773 0.358134 8 1e-06
0.548821 0.02481 0.153788 7 0.0
0.472293 0.936274 0.153626 7 0.0
0.770363 0.970753 0.374982 16 0.0
0.736685 0.994019 0.552404 14 0.0
0.328121 0.436804 0.153884 8 0.999999
0.251276 0.614918 0.168249 2 0.999367
0.600185 0.785061 0.816619 10 0.0
0.777051 0.745688 0.172423 5 0.004425
0.261366 0.340907 0.151019 7 0.0
0.645261 0.986448 0.445439 14 1.1e-05
0.656855 0.986429 0.433052 14 1.1e-05
0.673426 0.98185 0.471809 14 1.1e-05
0.633667 0.986466 0.457826 14 1.1e-05
0.617096 0.991045 0.419069 14 1.1e-05
0.75583 0.433846 0.372173 8 0.0
0.630092 0.5489 0.365069 8 0.0
0.774024 0.797087 0.496251 16 0.0
0.732131 0.443207 0.377218 8 0.0
0.223098 0.778907 0.423123 10 1.0
0.225057 0.311075 0.343455 2 0.0
0.227249 0.207839 0.351472 2 0.0
0.773489 0.95479 0.425095 5 0.0
0.777129 0.22744 0.174379 16 1e-06
0.472452 0.226212 0.376589 8 0.0
0.277406 0.135974 0.340553 8 0.0
0.28405 0.178258 0.329248 8 0.0
0.293247 0.133425 0.340329 8 0.0
0.270762 0.093689 0.351857 8 0.0
0.261564 0.138523 0.340776 8 0.0
0.22689 0.563411 0.357945 2 0.0
0.655474 0.523331 0.36534 8 0.0
0.776375 0.06338 0.375063 8 1.0
0.779089 0.328296 0.186677 16 0.0
0.557031 0.603271 0.363 8 0.0
0.35 0.356846 0.353343 8 0.0
0.224261 0.525507 0.342605 2 0.957491
0.223489 0.947363 0.170414 2 0.185456
0.224517 0.964669 0.171034 2 0.185456
0.224001 0.9471 0.176904 2 0.185456
0.22246 0.930057 0.169793 2 0.185456
0.222977 0.947626 0.163923 2 0.185456
0.249436 0.973434 0.359775 14 0.006991
0.461458 0.979408 0.154933 7 1e-06
0.768886 0.494049 0.357173 5 0.0
0.461111 0.996826 0.718835 15 0.0
0.768367 0.564615 0.342846 5 0.0
0.611308 0.585087 0.153917 8 0.997568
0.231794 0.831172 0.166629 2 0.662434
0.225678 0.991299 0.189472 2 0.016774
0.767853 0.504576 0.331373 16 0.0
0.737136 0.992646 0.46698 14 0.0
0.726797 0.696943 0.381914 8 0.0
0.734542 0.734171 0.381495 8 0.0
0.712151 0.700023 0.384816 8 0.0
0.719051 0.659714 0.382333 8 0.0
0.741442 0.693863 0.379012 8 0.0
0.773301 0.433253 0.335967 6 0.0
0.748042 0.620086 0.375413 8 0.006079
0.685531 0.361177 0.378232 8 0.0
0.766074 0.970008 0.585802 12 0.999973
0.765549 0.973246 0.599481 12 0.999973
0.761129 0.959801 0.588029 12 0.999973
0.766598 0.96677 0.572124 12 0.999973
0.771019 0.980215 0.583576 12 0.999973
0.246188 0.896027 0.672575 12 0.0
0.245783 0.929027 0.673419 12 0.0
0.25199 0.895751 0.686178 12 0.0
0.246593 0.863028 0.671731 12 0.0
0.240386 0.896304 0.658973 12 0.0
0.736069 0.9972 0.166569 14 0.999999
0.239364 0.981112 0.648909 11 0.0
0.240503 0.987975 0.648226 11 0.0
0.244954 0.981999 0.667157 11 0.0
0.238224 0.974249 0.649592 11 0.0
0.233774 0.980225 0.630661 11 0.0
0.690771 0.918079 0.757656 16 0.0
0.695466 0.931833 0.753616 16 0.0
0.680187 0.924499 0.767214 16 0.0
0.686077 0.904326 0.761695 16 0.0
0.701356 0.911659 0.748097 16 0.0
0.271474 0.937874 0.712169 12 0.0
0.272295 0.957465 0.712718 12 0.0
0.282994 0.936892 0.729996 12 0.0
0.270653 0.918282 0.711621 12 0.0
0.259954 0.938856 0.694342 12 0.0
0.75238 0.919351 0.614279 12 0.0
0.755425 0.940837 0.606806 12 0.0
0.748257 0.926226 0.632368 12 0.0
0.749335 0.897865 0.621751 12 0.0
0.756502 0.912475 0.59619 12 0.0
0.77426 0.00139 0.241743 1 0.999997
0.26602 0.784563 0.63899 10 0.0
0.276014 0.784267 0.63601 10 0.0
0.274902 0.784933 0.66874 10 0.0
0.256025 0.78486 0.641971 10 0.0
0.257138 0.784194 0.609241 10 0.0
0.747223 0.886426 0.674269 16 0.0
0.750802 0.904887 0.666695 16 0.0
0.741545 0.892825 0.687184 16 0.0
0.743644 0.867965 0.681843 16 0.0
0.752901 0.880026 0.661354 16 0.0
0.336818 0.939527 0.781313 12 0.0
0.352399 0.940179 0.793121 12 0.0
0.338219 0.920464 0.780516 12 0.0
0.321237 0.938875 0.769505 12 0.0
0.335417 0.958589 0.782109 12 0.0
0.393135 0.984115 0.8185 12 0.0038
0.327331 0.837943 0.777274 12 0.0
0.313687 0.844644 0.765356 12 0.0
0.332936 0.856356 0.781209 12 0.0
0.340975 0.831243 0.789192 12 0.0
0.321725 0.819531 0.77334 12 0.0
0.462865 0.019845 0.155299 7 0.378624
0.27812 0.888363 0.720027 12 0.0
0.278013 0.922224 0.718897 12 0.0
0.289889 0.888963 0.736917 12 0.0
0.278227 0.854501 0.721156 12 0.0
0.26635 0.887762 0.703137 12 0.0
0.57871 0.938056 0.829988 12 0.0
0.595302 0.942164 0.82544 12 0.0
0.574345 0.957984 0.832061 12 0.0
0.562119 0.933949 0.834536 12 0.0
0.583075 0.918128 0.827915 12 0.0
0.743395 0.996027 0.380068 14 0.0
0.482036 0.844617 0.835072 12 0.0
0.501106 0.852556 0.836266 12 0.0
0.474541 0.862758 0.834144 12 0.0
0.462966 0.836677 0.833878 12 0.0
0.48953 0.826476 0.836001 12 0.0
0.758703 0.996454 0.612605 14 2.8e-05
0.451874 0.995896 0.156887 7 0.67513
0.77516 0.174855 0.320586 6 0.0
0.407483 0.308331 0.267178 8 0.0
0.38701 0.32192 0.259796 8 0.0
0.398964 0.313299 0.299953 8 0.0
0.427957 0.294742 0.27456 8 0.0
0.416003 0.303363 0.234403 8 0.0
0.334343 0.968783 0.785159 11 0.0
0.333666 0.979317 0.785628 11 0.0
0.350192 0.969256 0.797421 11 0.0
0.335021 0.958248 0.78469 11 0.0
0.318494 0.96831 0.772897 11 0.0
0.585073 0.891086 0.826696 12 0.0
0.58389 0.925053 0.827676 12 0.0
0.568813 0.890368 0.831931 12 0.0
0.586257 0.857119 0.825716 12 0.0
0.601334 0.891804 0.82146 12 0.0
0.504724 0.817718 0.837387 13 0.0
0.51277 0.827592 0.83527 13 0.0
0.493983 0.826096 0.835644 13 0.0
0.496679 0.807844 0.839504 13 0.0
0.515465 0.80934 0.839131 13 0.0
0.572581 0.310585 0.26523 8 0.0
0.598291 0.324182 0.258904 8 0.0
0.575678 0.31351 0.284106 8 0.0
0.54687 0.296988 0.271555 8 0.0
0.569483 0.30766 0.246354 8 0.0
0.557246 0.035475 0.152913 7 0.0
0.406321 0.935902 0.827295 12 0.0
0.398865 0.942592 0.826433 12 0.0
0.392118 0.919441 0.822407 12 0.0
0.413778 0.929212 0.828158 12 0.0
0.420524 0.952363 0.832184 12 0.0
0.351628 0.359788 0.155571 8 0.04647
0.495345 0.999566 0.160359 14 0.999567
0.419341 0.007101 0.361282 1 7e-06
0.405061 0.024783 0.370822 8 0.0
0.712187 0.051247 0.15386 7 0.0
0.711172 0.068706 0.153558 7 0.0
0.733489 0.052487 0.153928 7 0.0
0.713203 0.033788 0.154162 7 0.0
0.690886 0.050007 0.153792 7 0.0
0.777137 0.820503 0.295219 6 0.0
0.777091 0.876564 0.317788 6 0.0
0.776461 0.809353 0.322914 6 0.0
0.777182 0.764443 0.27265 6 0.0
0.777812 0.831654 0.267524 6 0.0
0.3049 0.785437 0.727957 10 0.0
0.256923 0.001183 0.160884 1 1.0
0.616493 0.013909 0.369355 8 0.0
0.332051 0.007501 0.154377 7 0.29575
0.465864 0.819208 0.836309 12 0.0
0.469108 0.830638 0.836926 12 0.0
0.445078 0.825273 0.833242 12 0.0
0.46262 0.807778 0.835692 12 0.0
0.486649 0.813143 0.839376 12 0.0
0.572902 0.95788 0.830543 12 0.0
0.576451 0.971279 0.829817 12 0.0
0.552236 0.963672 0.836444 12 0.0
0.569354 0.94448 0.831269 12 0.0
0.593568 0.952087 0.824642 12 0.0
0.260665 0.136416 0.370393 8 0.0
0.477471 0.070851 0.182967 7 0.0
0.243089 0.015602 0.370117 8 0.997108
0.484639 0.011254 0.165012 7 0.999992
0.552145 0.783026 0.829957 10 0.0
0.749372 0.993747 0.423342 14 0.0
0.412134 0.589784 0.162182 8 0.998369
0.49513 0.782751 0.717225 15 0.999972
0.624102 0.003661 0.361789 1 0.0
0.748069 0.99458 0.414286 14 0.0
0.769721 5.9e-05 0.345154 1 0.999302
0.766248 0.000882 0.345173 1 0.999302
0.769937 0.000703 0.356512 1 0.999302
0.773194 -0.000764 0.345134 1 0.999302
0.769505 -0.000585 0.333796 1 0.999302
0.777763 0.715255 0.190885 5 0.0
0.243108 0.290392 0.157527 8 3.3e-05
0.614639 0.569567 0.368625 8 0.0
0.742264 0.206984 0.37437 8 0.000134
0.760185 0.557532 0.358321 6 0.998634
0.639485 0.87968 0.791044 16 0.0
0.636179 0.908733 0.792555 16 0.0
0.623716 0.877387 0.800618 16 0.0
0.642792 0.850626 0.789533 16 0.0
0.655254 0.881972 0.781469 16 0.0
0.617116 0.78941 0.657514 15 0.003517
0.224131 0.215713 0.32048 2 0.0
0.478314 0.283892 0.32081 4 0.0
0.475496 0.283431 0.337113 4 0.0
0.512803 0.277827 0.326601 4 0.0
0.481133 0.284353 0.304506 4 0.0
0.443825 0.289958 0.315019 4 0.0
0.755146 0.302452 0.337776 5 0.0
0.227439 0.203371 0.361425 2 0.0
0.591181 0.587019 0.164057 8 0.999969
0.273624 0.434693 0.371254 8 0.0
0.768467 0.52716 0.351002 16 1.5e-05
0.747028 0.477296 0.2729 5 0.0
0.773765 0.981032 0.454454 16 0.987266
0.753962 0.587646 0.157555 7 0.0
0.226161 0.889382 0.156902 2 0.999802
0.385114 0.998908 0.156935 14 1.0
0.341142 0.807702 0.631463 15 3.1e-05
0.77828 0.981857 0.30919 6 0.010946
0.336818 0.061849 0.365947 8 0.0
0.297894 0.055402 0.362977 8 0.0
0.340327 0.041147 0.3649 8 0.0
0.375742 0.068296 0.368916 8 0.0
0.333309 0.082551 0.366993 8 0.0
0.223901 0.530579 0.319104 2 0.0
0.745688 0.467397 0.29595 5 0.0
0.223199 0.504391 0.303443 2 0.0
0.416347 0.996408 0.170748 14 0.148569
0.22654 0.356023 0.370596 8 0.99993
0.778928 0.721558 0.18589 16 8.5e-05
0.670668 0.331403 0.376799 8 0.0
0.226087 0.612769 0.362868 8 0.0
0.333383 0.542899 0.288076 4 0.0
0.584915 0.258216 0.377106 8 0.0
0.229986 0.646952 0.367976 8 0.999959
0.223977 0.505741 0.363739 2 0.0
0.260305 0.854384 0.647284 12 4e-06
0.261922 0.876215 0.641439 12 4e-06
0.267511 0.859437 0.668153 12 4e-06
0.258688 0.832553 0.653128 12 4e-06
0.253098 0.849331 0.626414 12 4e-06
0.306228 0.885747 0.761011 12 0.0
0.30634 0.919872 0.761574 12 0.0
0.317225 0.885518 0.772731 12 0.0
0.306116 0.851622 0.760448 12 0.0
0.295231 0.885977 0.749292 12 0.0
0.61631 0.871129 0.813572 12 0.0
0.616075 0.899305 0.813946 12 0.0
0.598891 0.870875 0.821799 12 0.0
0.616544 0.842953 0.813197 12 0.0
0.633728 0.871383 0.805344 12 0.0
0.750561 0.877555 0.670713 12 0.0
0.75199 0.907228 0.666622 12 0.0
0.743885 0.879994 0.68607 12 0.0
0.749132 0.847882 0.674804 12 0.0
0.757237 0.875116 0.655355 12 0.0
0.75045 0.917152 0.540239 16 0.0
0.750802 0.933836 0.537798 16 0.0
0.744662 0.923426 0.582282 16 0.0
0.750099 0.900467 0.54268 16 0.0
0.756239 0.910878 0.498196 16 0.0
0.412085 0.85487 0.709202 10 0.0
0.369287 0.841958 0.69526 10 0.0
0.406255 0.875879 0.707644 10 0.0
0.454884 0.867782 0.723144 10 0.0
0.417916 0.833861 0.71076 10 0.0
0.734954 0.881853 0.599917 5 3e-06
0.738803 0.892178 0.56996 5 3e-06
0.738942 0.899455 0.606497 5 3e-06
0.731106 0.871527 0.629875 5 3e-06
0.730966 0.864251 0.593338 5 3e-06
0.667405 -0.00093 0.158371 1 1.0
0.541661 0.049662 0.226792 1 0.0
0.692838 0.978965 0.758561 12 2.4e-05
0.692481 0.985825 0.759161 12 2.4e-05
0.677363 0.976736 0.774827 12 2.4e-05
0.693196 0.972105 0.757962 12 2.4e-05
0.708314 0.981194 0.742296 12 2.4e-05
0.277127 0.995695 0.728818 12 0.999735
0.367299 0.332023 0.289312 8 0.0
0.350826 0.377808 0.287346 8 0.0
0.365695 0.332594 0.316045 8 0.0
0.383772 0.286239 0.291277 8 0.0
0.368902 0.331453 0.262579 8 0.0
0.404769 0.00464 0.345873 1 0.0
0.550509 0.027121 0.157715 7 2e-06
0.617522 0.797961 0.81292 12 0.0
0.416672 0.936312 0.818298 13 0.0
0.412616 0.942686 0.817132 13 0.0
0.398595 0.923631 0.81186 13 0.0
0.420728 0.929938 0.819465 13 0.0
0.434749 0.948994 0.824736 13 0.0
0.499243 0.004797 0.364493 1 0.0
0.430279 0.010872 0.369561 8 1.3e-05
0.271043 0.785741 0.694297 10 0.0
0.410099 0.003801 0.158383 1 1.0
0.707165 0.998415 0.620467 14 0.0
0.725637 0.998581 0.625348 14 0.0
0.695394 0.998841 0.665001 14 0.0
0.688692 0.998249 0.615586 14 0.0
0.718935 0.997989 0.575934 14 0.0
0.272269 0.781472 0.414003 10 0.0
0.288982 0.780082 0.411198 10 0.0
0.274505 0.782727 0.426707 10 0.0
0.255557 0.782863 0.416807 10 0.0
0.270033 0.780218 0.401299 10 0.0
0.743655 0.032501 0.368719 8 0.0
0.752775 0.023721 0.369486 8 0.0
0.749689 0.038665 0.367534 8 0.0
0.734534 0.041281 0.367951 8 0.0
0.73762 0.026337 0.369903 8 0.0
0.250754 0.995033 0.155478 7 1.0
0.424105 0.797951 0.828851 12 0.0
0.26221 0.782732 0.47505 10 0.0
0.426809 0.019471 0.163124 7 0.999686
0.224425 0.798041 0.368805 2 0.0
0.253383 0.2545 0.370373 8 0.0
0.773115 0.96676 0.40902 5 0.0
0.738429 0.899662 0.699886 12 0.0
0.744142 0.913764 0.689849 12 0.0
0.729727 0.914205 0.715366 12 0.0
0.732715 0.88556 0.709922 12 0.0
0.74713 0.885119 0.684406 12 0.0
0.728583 0.788615 0.714395 12 0.008637
0.726618 0.784041 0.720108 16 0.341823
0.259353 0.760342 0.355502 8 6e-06
0.263825 0.777038 0.358875 8 6e-06
0.248166 0.762428 0.360013 8 6e-06
0.254881 0.743647 0.35213 8 6e-06
0.27054 0.758257 0.350992 8 6e-06
0.426176 0.790248 0.803852 16 0.0
0.753544 0.634165 0.154755 7 1e-06
0.227443 0.141763 0.361204 2 1e-06
0.663882 0.002135 0.356354 1 0.0
0.324345 0.013089 0.368871 8 0.999994
0.775894 0.392323 0.343623 5 0.0
0.771045 0.727739 0.360455 16 5.4e-05
0.455793 0.014096 0.369729 8 0.999782
0.770645 0.004914 0.217981 1 0.915492
0.299765 0.196484 0.370622 8 0.0
0.298152 0.256574 0.372475 8 0.0
0.322608 0.197094 0.370729 8 0.0
0.301378 0.136393 0.368769 8 0.0
0.276921 0.195874 0.370515 8 0.0
0.774105 0.797083 0.475289 16 0.0
0.768606 0.791261 0.577336 16 0.007433
0.25572 0.498405 0.373193 8 0.0
0.232457 0.212558 0.365259 8 0.0
0.226771 0.181288 0.36677 8 0.0
0.776223 0.965253 0.381032 6 0.0
0.774089 0.491692 0.179679 16 0.0
0.227184 0.488423 0.365812 2 0.0
0.252119 0.170383 0.370246 8 0.0
0.659033 0.384678 0.359647 8 3.1e-05
0.773158 0.67841 0.365038 16 0.0
0.645122 0.353904 0.346183 8 0.0
0.424464 0.97739 0.155277 7 0.0
0.456925 0.603164 0.340276 8 0.0
0.434221 0.595799 0.336502 8 0.0
0.454391 0.604275 0.353347 8 0.0
0.479628 0.610528 0.34405 8 0.0
0.459458 0.602053 0.327205 8 0.0
0.399919 0.575117 0.334632 8 0.0
0.422001 0.59227 0.332442 8 0.0
0.398942 0.578096 0.348109 8 0.0
0.377837 0.557964 0.336822 8 0.0
0.400896 0.572139 0.321155 8 0.0
0.663475 0.396387 0.35319 8 0.0
0.725097 0.49923 0.378893 8 0.0
0.654368 0.290656 0.377946 8 0.0
0.48177 0.621233 0.378467 8 0.0
0.431495 0.597145 0.34888 8 0.0
0.454074 0.608351 0.349346 8 0.0
0.430739 0.59828 0.358183 8 0.0
0.408915 0.585938 0.348414 8 0.0
0.43225 0.59601 0.339577 8 0.0
0.731098 0.36338 0.369143 8 0.0
0.645994 0.338003 0.37541 8 0.0
0.269298 0.930215 0.708599 12 0.0
0.268499 0.952039 0.707382 12 0.0
0.280667 0.931647 0.72682 12 0.0
0.270097 0.908391 0.709815 12 0.0
0.257928 0.928783 0.690377 12 0.0
0.62207 0.854831 0.79544 16 0.0
0.253797 0.978427 0.651555 11 0.0
0.256233 0.982352 0.665753 11 0.0
0.259348 0.972822 0.652152 11 0.0
0.251361 0.974501 0.637358 11 0.0
0.248246 0.984031 0.650958 11 0.0
0.550336 0.879577 0.83499 12 0.0
0.568737 0.876479 0.831638 12 0.0
0.555369 0.910846 0.833715 12 0.0
0.531936 0.882675 0.838341 12 0.0
0.545304 0.848307 0.836264 12 0.0
0.762165 0.830201 0.627965 12 0.0
0.766639 0.838189 0.607359 12 0.0
0.761023 0.84384 0.633004 12 0.0
0.757692 0.822213 0.648571 12 0.0
0.763308 0.816563 0.622926 12 0.0
0.51984 0.90994 0.839926 12 0.0
0.540286 0.910132 0.838456 12 0.0
0.519624 0.93846 0.84063 12 0.0
0.499395 0.909749 0.841396 12 0.0
0.520057 0.88142 0.839222 12 0.0
0.576217 0.7888 0.800051 10 0.0
0.500709 -0.001682 0.194564 1 0.0
0.306473 0.91893 0.759072 11 0.0
0.306363 0.944019 0.759356 11 0.0
0.319449 0.918829 0.773003 11 0.0
0.306584 0.893841 0.758787 11 0.0
0.293498 0.91903 0.745141 11 0.0
0.372765 0.331746 0.318397 8 0.0
0.354757 0.367336 0.322913 8 0.0
0.372012 0.329123 0.336067 8 0.0
0.390773 0.296156 0.313881 8 0.0
0.373519 0.334369 0.300727 8 0.0
0.347923 0.987993 0.794596 12 0.002494
0.433874 0.040021 0.373481 8 0.0
0.312069 0.001872 0.322292 1 0.0
0.284395 0.001785 0.328421 1 0.0
0.315468 0.002657 0.337651 1 0.0
0.339743 0.001959 0.316163 1 0.0
0.30867 0.001086 0.306933 1 0.0
0.394867 0.841666 0.65696 15 0.0
0.386867 0.84654 0.644306 15 0.0
0.400675 0.862127 0.661168 15 0.0
0.402868 0.836793 0.669615 15 0.0
0.389059 0.821205 0.652752 15 0.0
0.754199 0.009711 0.376107 8 0.999673
0.386554 0.965274 0.816536 12 0.0
0.384564 0.978212 0.815796 12 0.0
0.367036 0.961776 0.807884 12 0.0
0.388545 0.952336 0.817276 12 0.0
0.406073 0.968772 0.825189 12 0.0
0.498738 0.997536 0.839936 11 0.979996
0.504485 0.985237 0.838512 12 0.0
0.668742 0.813255 0.77931 16 0.0
0.663904 0.820608 0.782358 16 0.0
0.661657 0.805112 0.787709 16 0.0
0.67358 0.805903 0.776262 16 0.0
0.675827 0.821399 0.77091 16 0.0
0.772866 0.006977 0.221065 16 0.009873
0.355526 0.029349 0.150525 7 0.005272
0.371258 0.783405 0.75504 10 0.0
0.363232 0.783942 0.766761 10 0.0
0.407193 0.783382 0.779648 10 0.0
0.379284 0.782867 0.743319 10 0.0
0.335322 0.783427 0.730432 10 0.0
0.566216 0.02976 0.154133 7 0.0
0.630699 0.997685 0.608018 15 1.0
0.278642 0.166858 0.370842 8 0.0
0.280912 0.218453 0.369663 8 0.0
0.295902 0.166094 0.370638 8 0.0
0.276373 0.115263 0.372022 8 0.0
0.261382 0.167622 0.371047 8 0.0
0.760567 0.085607 0.372297 8 0.999989
0.227683 0.507675 0.370867 8 0.999981
0.746891 0.964388 0.675464 12 0.0
0.740593 0.969371 0.692835 12 0.0
0.744562 0.953652 0.6777 12 0.0
0.753188 0.959405 0.658094 12 0.0
0.749219 0.975124 0.673229 12 0.0
0.263964 0.945621 0.703172 12 0.0
0.274218 0.946435 0.721691 12 0.0
0.265402 0.928488 0.703129 12 0.0
0.25371 0.944806 0.684652 12 0.0
0.262526 0.962753 0.703214 12 0.0
0.761039 0.995866 0.412252 14 0.0
0.368618 0.996454 0.613256 15 0.99995
0.693723 0.002121 0.157737 1 0.999314
0.697638 0.998167 0.727136 14 0.0
0.75572 0.997753 0.36241 14 0.0
0.774233 0.002082 0.204457 1 0.99694
0.513205 0.035958 0.373767 8 0.0
0.367134 0.55831 0.159393 8 0.859307
0.238631 0.20511 0.369574 8 0.999795
0.245902 0.829676 0.160222 7 0.053914
0.758403 0.708497 0.155516 7 3.6e-05
0.759496 0.559162 0.370047 8 0.999969
0.374018 0.619466 0.15284 7 0.0
0.775178 0.974838 0.395776 16 2e-06
0.658308 0.542094 0.187436 9 0.000613
0.654076 0.549967 0.187594 9 0.000613
0.657477 0.54141 0.199232 9 0.000613
0.66254 0.53422 0.187277 9 0.000613
0.659138 0.542777 0.175639 9 0.000613
0.748546 0.704161 0.32679 8 0.999983
0.227611 0.291501 0.36354 2 0.0
0.459966 0.778707 0.706851 10 0.999774
0.641405 0.540933 0.174371 8 0.999885
0.231133 0.264633 0.36572 2 0.996816
0.775542 0.495398 0.17896 5 0.0
0.752761 0.718453 0.153242 7 0.0
0.762805 0.644662 0.359671 5 0.004327
0.232898 0.609458 0.292911 2 0.0
0.351927 0.01717 0.371276 8 0.999997
0.654661 0.37078 0.357176 8 0.0
0.779612 0.338663 0.184993 6 0.0
0.386039 0.78017 0.651519 4 0.999504
0.243384 0.245331 0.159756 7 0.153856
0.672802 0.398887 0.371397 8 0.0
0.222091 0.451386 0.282162 2 0.0
0.562516 0.002288 0.158987 1 0.999994
0.508281 0.046612 0.368941 8 0.0
0.660457 0.780223 0.534193 10 0.0
0.372698 0.82401 0.635237 15 0.0
0.368262 0.830384 0.595266 15 0.0
0.374573 0.837451 0.637172 15 0.0
0.377134 0.817636 0.675207 15 0.0
0.370823 0.81057 0.633301 15 0.0
0.668575 0.411137 0.37036 8 1e-06
0.320601 0.296959 0.372799 8 0.0
0.77938 0.422857 0.220413 16 0.0
0.439477 0.283964 0.356767 4 0.0
0.222502 0.742679 0.333514 2 0.0
0.411301 0.268105 0.375113 8 0.0
0.778883 0.246932 0.237895 6 0.0
0.779022 0.321903 0.233656 6 0.0
0.779428 0.248388 0.263662 6 0.0
0.778743 0.171961 0.242135 6 0.0
0.778337 0.245476 0.212129 6 0.0
0.237178 0.441453 0.159502 7 0.988951
0.223183 0.678654 0.327455 2 0.0
0.752404 0.922631 0.662512 13 0.0
0.746039 0.924094 0.681312 13 0.0
0.750069 0.897505 0.663677 13 0.0
0.758768 0.921169 0.643713 13 0.0
0.754739 0.947757 0.661348 13 0.0
0.684048 0.979128 0.767366 12 0.377667
0.757827 0.835193 0.657017 12 0.0
0.759338 0.851389 0.649418 12 0.0
0.752384 0.842682 0.671895 12 0.0
0.756317 0.818997 0.664617 12 0.0
0.763271 0.827704 0.642139 12 0.0
0.717959 0.8381 0.738765 12 0.0
0.717537 0.860869 0.739063 12 0.0
0.710692 0.83785 0.747567 12 0.0
0.718381 0.815331 0.738467 12 0.0
0.725225 0.83835 0.729963 12 0.0
0.7494 0.002745 0.174477 1 0.275147
0.747335 0.003771 0.18237 1 0.275147
0.759828 0.002643 0.177218 1 0.275147
0.751465 0.00172 0.166584 1 0.275147
0.738971 0.002848 0.171736 1 0.275147
0.226058 0.924375 0.562666 12 0.0
0.225991 0.920035 0.581964 12 0.0
0.224713 0.900512 0.557295 12 0.0
0.226126 0.928714 0.543368 12 0.0
0.227404 0.948238 0.568037 12 0.0
0.696931 0.849723 0.753202 12 0.0
0.749883 0.011098 0.218707 1 0.001307
0.74374 0.87668 0.68152 13 0.0
0.747164 0.901019 0.675169 13 0.0
0.737453 0.881227 0.695553 13 0.0
0.740317 0.852341 0.687872 13 0.0
0.750028 0.872134 0.667488 13 0.0
0.387123 0.831022 0.812817 12 0.0
0.404271 0.824565 0.821081 12 0.0
0.382191 0.815964 0.811284 12 0.0
0.369976 0.83748 0.804552 12 0.0
0.392055 0.846081 0.814349 12 0.0
0.729976 0.831188 0.712826 12 0.0
0.738973 0.843553 0.698004 12 0.0
0.726175 0.842258 0.719753 12 0.0
0.720978 0.818824 0.727649 12 0.0
0.733776 0.820119 0.705899 12 0.0
0.390358 0.917745 0.779702 15 2.7e-05
0.378068 0.918991 0.769814 15 2.7e-05
0.394042 0.949252 0.779093 15 2.7e-05
0.402648 0.916499 0.789589 15 2.7e-05
0.386674 0.886239 0.780311 15 2.7e-05
0.351742 0.977011 0.785776 2 6.5e-05
0.341357 0.025869 0.372008 8 0.0
0.774426 -0.001159 0.24714 1 0.999999
0.711017 0.007437 0.37347 8 1.0
0.589814 0.310022 0.334768 8 0.0
0.6082 0.326857 0.339171 8 0.0
0.590613 0.306308 0.345634 8 0.0
0.571429 0.293188 0.330364 8 0.0
0.589016 0.313737 0.323901 8 0.0
0.742682 0.249681 0.154586 7 0.0
0.759083 0.992006 0.547225 14 0.0
0.285279 0.405173 0.369503 8 0.0
0.753945 0.808765 0.663507 12 0.0
0.746669 0.809459 0.682505 12 0.0
0.753868 0.799064 0.663832 12 0.0
0.761221 0.80807 0.644509 12 0.0
0.754022 0.818465 0.663182 12 0.0
0.63288 0.015145 0.370015 8 0.0
0.461055 0.029448 0.155961 7 0.0
0.226702 0.077147 0.367244 3 0.0
0.747276 0.786482 0.400519 10 0.999439
0.744024 0.787996 0.39595 10 0.999439
0.737702 0.788677 0.408062 10 0.999439
0.750529 0.784968 0.405087 10 0.999439
0.756851 0.784287 0.392975 10 0.999439
0.752748 0.958192 0.671433 12 0.0
0.747645 0.966418 0.684448 12 0.0
0.751804 0.945539 0.67906 12 0.0
0.757851 0.949966 0.658417 12 0.0
0.753692 0.970846 0.663806 12 0.0
0.72375 0.898781 0.690029 12 0.0
0.729146 0.914652 0.678476 12 0.0
0.714993 0.911469 0.703369 12 0.0
0.718353 0.882909 0.701582 12 0.0
0.732506 0.886093 0.676689 12 0.0
0.746244 0.96485 0.465699 14 1.3e-05
0.420599 0.924858 0.153542 7 0.0
0.422616 0.949105 0.153879 7 0.0
0.359213 0.929956 0.154221 7 0.0
0.418582 0.900612 0.153206 7 0.0
0.481986 0.919761 0.152864 7 0.0
0.224976 0.097487 0.296393 2 0.0
0.225457 0.096944 0.321053 2 0.0
0.225714 0.065513 0.295674 2 0.0
0.224494 0.098031 0.271732 2 0.0
0.224237 0.129462 0.297111 2 0.0
0.255337 0.783613 0.577986 10 0.0
0.773347 0.113487 0.354835 6 0.0
0.777123 0.7809 0.406183 16 1.0
0.665303 0.000678 0.160314 1 0.294517
0.289526 0.5187 0.37095 8 0.0
0.272937 0.519404 0.370201 8 0.0
0.291457 0.565987 0.372614 8 0.0
0.306115 0.517996 0.3717 8 0.0
0.287596 0.471413 0.369286 8 0.0
0.737718 1.00023 0.340785 14 0.0
0.773832 0.684537 0.361654 5 0.0
0.462339 0.005237 0.156874 1 1.0
0.45751 0.988264 0.153808 7 0.0
0.405375 0.299842 0.357614 4 0.0
0.397625 0.575116 0.178156 8 0.999997
0.668462 0.779901 0.500122 10 0.0
0.655158 0.779092 0.504327 10 0.0
0.680696 0.781509 0.539145 10 0.0
0.681766 0.78071 0.495918 10 0.0
0.656228 0.778292 0.4611 10 0.0
0.302355 0.740705 0.378546 10 0.0
0.277214 0.751718 0.377399 10 0.0
0.296601 0.727146 0.374484 10 0.0
0.327496 0.729692 0.379692 10 0.0
0.30811 0.754264 0.382608 10 0.0
0.225621 0.280523 0.353563 2 0.0
0.22341 0.596193 0.336445 2 0.0
0.766335 0.305487 0.331668 16 0.0
0.738973 0.959592 0.155676 7 0.0
0.746439 0.971726 0.156211 7 0.0
0.728174 0.966246 0.155461 7 0.0
0.731507 0.947458 0.155142 7 0.0
0.749772 0.952938 0.155892 7 0.0
0.753581 0.979567 0.376511 14 3.9e-05
0.755174 0.504482 0.162216 7 0.0
0.765032 0.079861 0.366628 8 0.99998
0.768639 0.079483 0.365952 8 0.99998
0.766102 0.090859 0.366184 8 0.99998
0.761425 0.08024 0.367303 8 0.99998
0.763962 0.068864 0.367071 8 0.99998
0.645582 0.353003 0.362412 8 0.0
0.345321 0.998416 0.156917 7 1.0
0.329147 0.467425 0.367172 8 0.0
0.274139 0.358765 0.151329 7 0.0
0.542646 -0.000333 0.171043 1 0.137151
0.7715 0.991117 0.492023 13 0.999737
0.23532 0.356897 0.362233 2 0.999992
0.487262 0.614785 0.372107 8 0.0
0.227646 0.373351 0.359249 2 0.0
0.501465 -0.00108 0.188128 1 0.0
0.673322 0.437299 0.365809 8 0.0
0.384401 0.559017 0.340342 8 0.0
0.403877 0.577544 0.340196 8 0.0
0.383031 0.560552 0.352275 8 0.0
0.364925 0.540491 0.340489 8 0.0
0.385772 0.557482 0.328409 8 0.0
0.591289 0.311454 0.341489 9 0.999925
0.776455 0.482583 0.199233 6 0.0
0.773687 0.451111 0.158142 7 1.0
0.367761 0.329138 0.368505 8 0.0
0.418479 0.888722 0.7358 14 0.0
0.38996 0.899665 0.715931 14 0.0
0.423682 0.919286 0.745165 14 0.0
0.446998 0.877779 0.755669 14 0.0
0.413276 0.858158 0.726435 14 0.0
0.297856 0.907383 0.74565 11 0.0
0.295081 0.935219 0.745982 11 0.0
0.307661 0.908227 0.75685 11 0.0
0.300632 0.879546 0.745319 11 0.0
0.288052 0.906539 0.734451 11 0.0
0.63129 0.845604 0.806654 12 0.0
0.633654 0.866781 0.804737 12 0.0
0.61761 0.847826 0.814329 12 0.0
0.628926 0.824426 0.80857 12 0.0
0.64497 0.843382 0.798978 12 0.0
0.715042 0.851521 0.739844 12 0.0
0.715348 0.875165 0.740552 12 0.0
0.703428 0.851231 0.754541 12 0.0
0.714737 0.827878 0.739136 12 0.0
0.726657 0.851812 0.725147 12 0.0
0.235308 0.853466 0.642862 12 0.0
0.237396 0.876945 0.646144 12 0.0
0.239607 0.850862 0.658751 12 0.0
0.233221 0.829987 0.63958 12 0.0
0.23101 0.856069 0.626973 12 0.0
0.68914 0.819099 0.759893 12 0.0
0.68117 0.827276 0.765468 12 0.0
0.684087 0.808762 0.767831 12 0.0
0.69711 0.810923 0.754318 12 0.0
0.694193 0.829437 0.751955 12 0.0
0.598096 1.000586 0.820036 14 1.0
0.547941 0.88331 0.834364 12 0.0
0.564068 0.883313 0.831571 12 0.0
0.548142 0.911451 0.835559 12 0.0
0.531813 0.883307 0.837156 12 0.0
0.54774 0.855169 0.833168 12 0.0
0.761321 0.997399 0.30746 14 0.0
0.773204 0.010207 0.25159 5 0.0
0.768325 0.930513 0.609191 12 0.0
0.76989 0.953412 0.606072 12 0.0
0.765192 0.93353 0.629775 12 0.0
0.76676 0.907614 0.61231 12 0.0
0.771458 0.927495 0.588608 12 0.0
0.467852 0.855207 0.821398 16 0.0
0.493725 0.862406 0.825524 16 0.0
0.462521 0.874149 0.821783 16 0.0
0.441979 0.848009 0.817272 16 0.0
0.473183 0.836266 0.821013 16 0.0
0.368392 0.852137 0.805997 12 0.0
0.353647 0.85958 0.79768 12 0.0
0.376502 0.873231 0.810496 12 0.0
0.383136 0.844694 0.814313 12 0.0
0.360281 0.831044 0.801497 12 0.0
0.479007 0.806682 0.840438 12 0.0
0.501279 0.808113 0.842377 12 0.0
0.478437 0.816385 0.839827 12 0.0
0.456736 0.805251 0.838498 12 0.0
0.479578 0.796978 0.841048 12 0.0
0.609021 0.830968 0.818159 12 0.0
0.602659 0.845748 0.819692 12 0.0
0.592809 0.823205 0.825738 12 0.0
0.615382 0.816188 0.816626 12 0.0
0.625232 0.838731 0.81058 12 0.0
0.701233 0.913913 0.748306 12 0.0
0.701413 0.94019 0.748798 12 0.0
0.689057 0.913752 0.761347 12 0.0
0.701053 0.887636 0.747814 12 0.0
0.713409 0.914074 0.735264 12 0.0
0.468516 0.826718 0.83713 11 0.0
0.487776 0.833881 0.838584 11 0.0
0.463508 0.840415 0.835996 11 0.0
0.449257 0.819555 0.835676 11 0.0
0.473525 0.813021 0.838263 11 0.0
0.6653 0.001548 0.366564 1 0.999999
0.398463 0.806683 0.81916 12 0.0
0.417719 0.809509 0.825008 12 0.0
0.399778 0.797681 0.81918 12 0.0
0.379207 0.803858 0.813312 12 0.0
0.397148 0.815686 0.81914 12 0.0
0.241739 0.344765 0.369615 8 0.0
0.441582 0.020499 0.369792 8 0.0
0.753977 0.995317 0.509279 14 0.0
0.655376 0.826658 0.792538 12 0.0
0.642701 0.837082 0.800846 12 0.0
0.649745 0.815221 0.798297 12 0.0
0.668051 0.816233 0.78423 12 0.0
0.661007 0.838095 0.786779 12 0.0
0.288008 0.78339 0.734683 10 0.000464
0.750703 0.969272 0.535113 16 0.0
0.633758 0.021462 0.372187 8 0.0
0.303291 0.131389 0.371138 8 0.0
0.316088 0.170291 0.372123 8 0.0
0.323921 0.124588 0.371705 8 0.0
0.290494 0.092487 0.370154 8 0.0
0.282662 0.138189 0.370571 8 0.0
0.227531 0.07629 0.368548 2 0.0
0.38177 0.801468 0.670444 14 0.542949
0.737756 0.794823 0.696705 13 0.008971
0.251814 0.03018 0.370821 8 0.999997
0.735146 0.99569 0.503025 14 0.0
0.758049 0.679981 0.157157 7 0.000246
0.311986 0.602132 0.371264 8 0.0
0.296956 0.597354 0.371221 8 0.0
0.303293 0.629465 0.372712 8 0.0
0.327015 0.60691 0.371306 8 0.0
0.320679 0.574798 0.369815 8 0.0
0.225975 0.491755 0.361034 2 0.0
0.758708 0.472828 0.370436 8 0.999997
0.774173 0.111778 0.348743 6 0.0
0.238245 0.397587 0.364865 8 1.0
0.731851 0.995016 0.545541 14 0.0
0.537568 0.608765 0.165704 8 0.75125
0.35844 0.536478 0.367324 8 0.0
0.411916 0.29484 0.345969 9 0.0
0.223798 0.671949 0.329093 2 0.0
0.453176 0.027672 0.36916 8 0.0
0.779016 0.963445 0.356362 5 0.0
0.373433 0.551542 0.353582 8 0.0
0.775651 0.966858 0.159252 5 0.997319
0.751053 0.337182 0.371819 8 0.0
0.728208 0.237814 0.377764 8 0.0
0.224642 0.689497 0.356165 2 0.0
0.759757 0.767865 0.15563 7 0.0
0.753594 0.560905 0.371143 8 0.999998
0.236843 0.072636 0.370641 8 0.0
0.631859 0.303771 0.33 8 0.0
0.377703 0.783444 0.659854 10 0.0
0.74039 0.335086 0.154504 7 0.0
0.233058 0.303824 0.33164 2 0.0
0.649462 0.375368 0.172788 8 0.999978
0.669986 0.431067 0.352534 8 0.0
0.230848 0.232299 0.176212 2 0.001399
0.370667 0.321473 0.333742 8 0.026444
0.319906 0.422203 0.367211 8 0.0
0.70961 0.610772 0.381678 8 0.0
0.551721 0.611957 0.379641 8 0.0
0.442095 0.617603 0.343266 8 0.0
0.4585 0.624308 0.347899 8 0.0
0.439164 0.617845 0.353292 8 0.0
0.425689 0.610897 0.338633 8 0.0
0.445025 0.61736 0.33324 8 0.0
0.619775 0.301096 0.377581 8 0.0
0.326295 0.474148 0.369722 8 0.0
0.762881 0.503312 0.37248 8 0.0
0.363638 0.548235 0.368911 8 0.0
0.663224 0.332344 0.377872 8 0.0
0.75488 0.968892 0.652771 13 0.0
0.747457 0.97429 0.676264 13 0.0
0.75428 0.960546 0.654499 13 0.0
0.762302 0.963494 0.629278 13 0.0
0.755479 0.977238 0.651043 13 0.0
0.726401 0.86443 0.692779 16 0.0
0.734187 0.875938 0.679978 16 0.0
0.720264 0.882658 0.705432 16 0.0
0.718614 0.852922 0.70558 16 0.0
0.732538 0.846203 0.680126 16 0.0
0.304258 0.952333 0.756511 12 0.0
0.304579 0.96737 0.757422 12 0.0
0.319429 0.951018 0.772865 12 0.0
0.303936 0.937296 0.7556 12 0.0
0.289087 0.953649 0.740157 12 0.0
0.764735 0.913399 0.618336 12 0.0
0.767951 0.940866 0.608697 12 0.0
0.76155 0.919741 0.635344 12 0.0
0.761519 0.885933 0.627974 12 0.0
0.76792 0.907058 0.601327 12 0.0
0.382087 0.898814 0.815876 11 0.0
0.395209 0.89632 0.822146 11 0.0
0.376925 0.867676 0.814299 11 0.0
0.368966 0.901307 0.809606 11 0.0
0.38725 0.929951 0.817453 11 0.0
0.719206 0.943304 0.725974 12 0.0
0.720977 0.96101 0.72768 12 0.0
0.709645 0.943006 0.738995 12 0.0
0.717435 0.925597 0.724268 12 0.0
0.728767 0.943602 0.712954 12 0.0
0.508838 0.829267 0.838537 12 0.0
0.532518 0.832069 0.8385 12 0.0
0.506949 0.845229 0.838636 12 0.0
0.485157 0.826465 0.838573 12 0.0
0.510726 0.813305 0.838437 12 0.0
0.75594 0.903993 0.529134 16 0.0
0.756969 0.922855 0.52323 16 0.0
0.752957 0.91758 0.572028 16 0.0
0.754911 0.88513 0.535038 16 0.0
0.758924 0.890405 0.48624 16 0.0
0.604841 0.931189 0.804631 2 0.0
0.596212 0.952321 0.810482 2 0.0
0.589275 0.922966 0.811373 2 0.0
0.61347 0.910057 0.79878 2 0.0
0.620406 0.939412 0.797889 2 0.0
0.755874 0.96499 0.596881 13 0.0
0.385011 0.862366 0.810876 12 0.0
0.371585 0.867975 0.804328 12 0.0
0.392387 0.884141 0.814407 12 0.0
0.398438 0.856756 0.817425 12 0.0
0.377636 0.840591 0.807346 12 0.0
0.410586 0.781446 0.690813 10 1.8e-05
0.704987 0.960243 0.641347 14 0.986569
0.408168 0.932217 0.820328 13 0.0
0.407623 0.947957 0.819926 13 0.0
0.388517 0.931365 0.81362 13 0.0
0.408713 0.916476 0.820729 13 0.0
0.427819 0.933068 0.827036 13 0.0
0.549556 0.00382 0.352592 1 0.0
0.37766 0.036497 0.372395 8 0.0
0.768854 0.992745 0.599639 13 0.999269
0.452065 0.255117 0.270722 8 0.0
0.373001 0.339882 0.169953 9 0.000103
0.258839 0.239014 0.349764 8 0.0
0.376017 0.004988 0.367926 8 0.999998
0.773944 0.001066 0.313693 1 0.99999
0.609394 0.002201 0.365043 1 0.0
0.60212 0.792515 0.818438 12 0.0
0.774689 0.984471 0.2059 16 0.0
0.774621 0.97858 0.205968 16 0.0
0.776018 0.984674 0.22475 16 0.0
0.774757 0.990362 0.205832 16 0.0
0.773361 0.984269 0.187051 16 0.0
0.264233 0.243974 0.369575 8 0.0
0.280158 0.5426 0.369273 8 0.0
0.261372 0.541993 0.369355 8 0.0
0.27847 0.594432 0.36588 8 0.0
0.298945 0.543206 0.369191 8 0.0
0.281847 0.490767 0.372666 8 0.0
0.613142 0.780332 0.482736 15 0.257756
0.472879 0.836883 0.798408 13 2e-06
0.495317 0.842423 0.798052 13 2e-06
0.469666 0.849886 0.798191 13 2e-06
0.450441 0.831344 0.798764 13 2e-06
0.476093 0.823881 0.798624 13 2e-06
0.590739 0.992275 0.460133 15 0.846868
0.772604 0.051496 0.368833 6 1e-06
0.225208 0.529519 0.360523 2 0.0
0.755758 0.644761 0.157687 7 1e-06
0.773021 0.146103 0.368726 16 0.794502
0.267468 0.195531 0.370169 8 0.0
0.647489 0.346842 0.350845 8 0.0
0.741834 0.542345 0.375983 8 0.0
0.773422 0.732776 0.367423 16 0.004663
0.757482 0.63169 0.155799 7 0.0
0.223649 0.539983 0.367358 3 0.999738
0.228848 0.776334 0.370746 8 1.0
0.244922 0.885148 0.598576 2 0.0
0.246918 0.917044 0.59413 2 0.0
0.246965 0.887971 0.619747 2 0.0
0.242927 0.853251 0.603022 2 0.0
0.24288 0.882325 0.577405 2 0.0
0.222095 0.621025 0.29032 2 0.0
0.37861 0.57421 0.373801 8 0.0
0.765736 0.526852 0.160386 7 0.998139
0.669308 0.468573 0.363377 8 0.0
0.77797 0.802428 0.26996 6 0.0
0.777286 0.864678 0.273957 6 0.0
0.777535 0.800247 0.303863 6 0.0
0.778655 0.740179 0.265964 6 0.0
0.778406 0.80461 0.236058 6 0.0
0.314022 0.471402 0.371592 8 0.0
0.261134 0.688142 0.369814 8 0.0
0.773417 0.788638 0.363605 6 0.0
0.6793 0.972772 0.768339 12 0.0
0.679168 0.982037 0.768466 12 0.0
0.660598 0.972285 0.784551 12 0.0
0.679431 0.963506 0.768212 12 0.0
0.698001 0.973259 0.752128 12 0.0
0.747189 0.868483 0.675449 16 0.0
0.741036 0.877653 0.6905 16 0.0
0.742947 0.849735 0.685137 16 0.0
0.753341 0.859313 0.660397 16 0.0
0.751431 0.887231 0.665761 16 0.0
0.264854 0.92831 0.685437 2 0.0
0.26452 0.946157 0.6851 2 0.0
0.274383 0.928824 0.703213 2 0.0
0.265187 0.910463 0.685774 2 0.0
0.255324 0.927796 0.667661 2 0.0
0.712168 0.935926 0.735424 12 0.0
0.714417 0.955724 0.736084 12 0.0
0.702265 0.93665 0.747437 12 0.0
0.709918 0.916127 0.734764 12 0.0
0.72207 0.935201 0.72341 12 0.0
0.342247 0.864702 0.791783 11 0.0
0.340957 0.892144 0.790679 11 0.0
0.354482 0.865652 0.801091 11 0.0
0.343538 0.83726 0.792887 11 0.0
0.330013 0.863752 0.782475 11 0.0
0.744681 0.921446 0.682387 12 0.0
0.750407 0.946134 0.671339 12 0.0
0.738009 0.929805 0.697608 12 0.0
0.738955 0.896758 0.693436 12 0.0
0.751354 0.913086 0.667167 12 0.0
0.573805 0.017151 0.369225 8 6e-06
0.776861 0.890861 0.471848 16 0.0
0.777418 0.921637 0.462665 16 0.0
0.775733 0.905493 0.520822 16 0.0
0.776304 0.860084 0.48103 16 0.0
0.777989 0.876228 0.422873 16 0.0
0.222456 0.004488 0.348681 2 1.0
0.399765 0.307835 0.300994 4 0.0
0.363918 0.322604 0.302824 4 0.0
0.400493 0.306791 0.323692 4 0.0
0.435612 0.293066 0.299165 4 0.0
0.399037 0.30888 0.278297 4 0.0
0.715525 0.976214 0.734765 12 0.0
0.716351 0.983956 0.734853 12 0.0
0.708117 0.976876 0.746116 12 0.0
0.7147 0.968473 0.734678 12 0.0
0.722934 0.975553 0.723414 12 0.0
0.652753 0.935035 0.775307 12 0.0
0.64825 0.954509 0.780061 12 0.0
0.640418 0.929774 0.785177 12 0.0
0.657256 0.915561 0.770554 12 0.0
0.665087 0.940296 0.765437 12 0.0
0.234028 0.007221 0.283618 1 0.975829
0.48187 0.803324 0.831111 12 0.0
0.568373 0.819193 0.833109 12 0.0
0.565037 0.83197 0.832942 12 0.0
0.551706 0.8149 0.837622 12 0.0
0.57171 0.806416 0.833275 12 0.0
0.58504 0.823486 0.828596 12 0.0
0.667333 0.000888 0.155543 1 0.999981
0.519548 0.001424 0.328817 1 0.0
0.483663 0.274925 0.35414 8 1e-06
0.765472 0.964918 0.365032 13 0.0
0.471475 0.002667 0.35719 1 0.0
0.227144 0.292381 0.35309 2 1e-06
0.654864 0.781177 0.625074 10 0.0
0.735843 0.952871 0.659313 16 1e-06
0.230296 0.49385 0.369857 8 0.89678
0.551257 0.021523 0.158722 7 0.0
0.357682 0.36798 0.168289 8 0.999594
0.765427 0.892538 0.156788 7 2e-06
0.226194 0.143184 0.34488 2 0.0
0.229759 0.764891 0.171031 3 0.000452
0.22874 0.978176 0.312389 2 0.0
0.7251 0.951681 0.718873 12 0.0
0.72601 0.96734 0.719583 12 0.0
0.713203 0.951577 0.736412 12 0.0
0.72419 0.936022 0.718163 12 0.0
0.736998 0.951785 0.701333 12 0.0
0.751992 0.999496 0.348676 14 0.0
0.243731 0.140217 0.363304 8 0.993872
0.771102 0.2251 0.370146 6 0.384656
0.223256 0.779828 0.458552 8 0.999876
0.680387 0.486961 0.380802 8 0.0
0.773301 0.792502 0.486545 16 0.0
0.224342 0.677904 0.357423 2 0.0
0.646164 0.804541 0.788909 12 0.0
0.386011 1.001256 0.485963 15 0.999999
0.227163 0.392586 0.362991 8 0.0
0.444959 0.283941 0.372574 8 0.999191
0.445628 0.285733 0.374376 8 0.999191
0.451502 0.281665 0.372408 8 0.999191
0.44429 0.28215 0.370773 8 0.999191
0.438416 0.286218 0.372741 8 0.999191
0.300293 0.99599 0.436147 14 0.0
0.755857 0.669913 0.158061 7 4e-06
0.772812 0.267707 0.363284 16 0.000509
0.766801 0.706697 0.368041 8 0.999964
0.465532 0.014466 0.160111 7 1.0
0.415713 0.293091 0.332655 8 0.0
0.407009 0.778967 0.674414 15 0.999989
0.465528 0.606798 0.358075 8 0.0
0.482934 0.609158 0.3605 8 0.0
0.464504 0.606657 0.365565 8 0.0
0.448122 0.604437 0.355651 8 0.0
0.466552 0.606938 0.350586 8 0.0
0.222366 0.778949 0.477328 10 1.0
0.417628 0.591663 0.362667 8 0.0
0.684367 0.36334 0.352507 9 1e-05
0.70142 0.914422 0.747841 12 0.0
0.704081 0.940181 0.748146 12 0.0
0.691902 0.915284 0.758029 12 0.0
0.69876 0.888663 0.747536 12 0.0
0.710939 0.91356 0.737653 12 0.0
0.376766 0.551157 0.343058 8 0.0
0.39619 0.570528 0.345807 8 0.0
0.374643 0.551784 0.353646 8 0.0
0.357343 0.531785 0.34031 8 0.0
0.37889 0.550529 0.332471 8 0.0
0.66571 0.473187 0.348544 8 0.0
0.324138 0.421442 0.370983 8 0.0
0.226189 0.578261 0.366296 4 0.98933
0.73796 0.605286 0.160134 9 0.0
0.329761 0.415433 0.364921 9 0.0
0.225952 0.614351 0.356918 3 0.0
0.760033 0.915769 0.603124 16 0.0
0.75778 0.922979 0.62075 16 0.0
0.757871 0.895263 0.611236 16 0.0
0.762287 0.908559 0.585498 16 0.0
0.762195 0.936275 0.595013 16 0.0
0.668027 0.961479 0.778749 12 0.0
0.670033 0.972508 0.777293 12 0.0
0.65147 0.966152 0.79132 12 0.0
0.666021 0.950451 0.780206 12 0.0
0.684584 0.956807 0.766178 12 0.0
0.639493 0.869163 0.788106 13 0.0
0.644124 0.88897 0.785726 13 0.0
0.62552 0.873532 0.79727 13 0.0
0.634862 0.849356 0.790486 13 0.0
0.653466 0.864795 0.778942 13 0.0
0.761104 0.848846 0.636162 12 0.0
0.763956 0.867307 0.624697 12 0.0
0.757047 0.859696 0.652623 12 0.0
0.758252 0.830385 0.647627 12 0.0
0.765161 0.837996 0.6197 12 0.0
0.363974 0.916666 0.801868 12 0.0
0.378942 0.91937 0.810566 12 0.0
0.367824 0.89078 0.80329 12 0.0
0.349005 0.913961 0.79317 12 0.0
0.360123 0.942552 0.800446 12 0.0
0.772233 0.883461 0.560386 12 0.0
0.774553 0.896479 0.533258 12 0.0
0.771737 0.913041 0.574538 12 0.0
0.769914 0.870443 0.587514 12 0.0
0.77273 0.853881 0.546234 12 0.0
0.35401 0.859432 0.794063 12 0.0
0.355138 0.884964 0.792055 12 0.0
0.368508 0.859509 0.803195 12 0.0
0.352881 0.8339 0.796071 12 0.0
0.339511 0.859355 0.784931 12 0.0
0.690104 0.834029 0.759032 12 0.0
0.682469 0.846468 0.766134 12 0.0
0.679748 0.821821 0.769283 12 0.0
0.697738 0.82159 0.75193 12 0.0
0.70046 0.846238 0.748781 12 0.0
0.728266 0.891343 0.514925 14 2e-05
0.721493 0.915254 0.504129 14 2e-05
0.72724 0.90071 0.536314 14 2e-05
0.73504 0.867432 0.52572 14 2e-05
0.729293 0.881977 0.493535 14 2e-05
0.293051 0.857792 0.740829 12 0.0
0.295553 0.881821 0.741493 12 0.0
0.304269 0.856236 0.754853 12 0.0
0.290548 0.833763 0.740165 12 0.0
0.281833 0.859348 0.726805 12 0.0
0.386452 0.835776 0.813623 12 0.0
0.404799 0.836808 0.821742 12 0.0
0.387421 0.818002 0.813694 12 0.0
0.368105 0.834743 0.805505 12 0.0
0.385483 0.853549 0.813553 12 0.0
0.765124 0.878098 0.592585 12 0.0
0.768578 0.886025 0.571124 12 0.0
0.763695 0.906816 0.602963 12 0.0
0.761669 0.870171 0.614046 12 0.0
0.766552 0.849381 0.582208 12 0.0
0.321355 0.857131 0.775013 12 0.0
0.326639 0.882124 0.778662 12 0.0
0.332977 0.853149 0.785458 12 0.0
0.316071 0.832139 0.771364 12 0.0
0.309733 0.861113 0.764569 12 0.0
0.267829 1.000076 0.716067 14 1.0
0.382424 0.907672 0.814484 12 0.0
0.3685 0.911252 0.808042 12 0.0
0.389421 0.935873 0.815028 12 0.0
0.396348 0.904093 0.820925 12 0.0
0.375427 0.879472 0.81394 12 0.0
0.700296 0.957413 0.718033 14 1e-05
0.773863 0.094116 0.371552 8 1.0
0.774563 0.098886 0.371615 8 1.0
0.775841 0.093792 0.37403 8 1.0
0.773162 0.089346 0.371488 8 1.0
0.771884 0.09444 0.369074 8 1.0
0.755524 0.028418 0.250828 1 0.0
0.776875 0.005432 0.279043 5 0.541574
0.58086 0.806502 0.829468 12 0.0
0.582531 0.814992 0.82906 12 0.0
0.561602 0.810593 0.835741 12 0.0
0.579189 0.798011 0.829875 12 0.0
0.600117 0.80241 0.823195 12 0.0
0.66636 0.823824 0.780399 12 0.0
0.662862 0.835799 0.783131 12 0.0
0.650229 0.816254 0.792922 12 0.0
0.669858 0.81185 0.777667 12 0.0
0.682491 0.831394 0.767875 12 0.0
0.774501 0.077133 0.156641 5 0.999717
0.289582 0.786209 0.733501 10 0.138574
0.486067 0.951203 0.837669 12 0.0
0.505133 0.959225 0.839138 12 0.0
0.480279 0.964599 0.839639 12 0.0
0.467002 0.943181 0.836201 12 0.0
0.491856 0.937806 0.8357 12 0.0
0.255302 0.082605 0.347851 8 7.7e-05
0.242088 0.399137 0.362367 8 0.0052
0.749571 0.966704 0.669834 12 0.0
0.739468 0.96242 0.695655 12 0.0
0.74995 0.955041 0.668048 12 0.0
0.759674 0.970987 0.644014 12 0.0
0.749193 0.978367 0.671621 12 0.0
0.478493 0.957208 0.839207 11 0.0
0.502477 0.958605 0.841362 11 0.0
0.477765 0.971516 0.838037 11 0.0
0.45451 0.955812 0.837052 11 0.0
0.479221 0.9429 0.840377 11 0.0
0.769708 0.791182 0.58923 13 0.030112
0.485651 0.041246 0.181492 7 0.0
0.747676 0.736872 0.15427 7 0.0
0.227607 0.730717 0.170143 2 0.070779
0.750287 0.997549 0.389876 14 0.0
0.66353 0.780237 0.60473 10 0.0
0.372435 0.003831 0.16103 1 0.537704
0.225054 0.630157 0.332239 2 0.0
0.225996 0.599705 0.170784 2 0.0
0.766405 0.684176 0.371263 8 0.968498
0.771887 0.810798 0.500362 16 0.0
0.772431 0.232674 0.364441 5 1e-06
0.252704 0.813966 0.162602 7 0.0
0.231086 0.184761 0.168185 2 0.863962
0.754484 0.993817 0.416061 14 0.0
0.732971 0.222319 0.377193 8 0.0
0.735742 0.997992 0.570883 14 0.0
0.22505 0.412264 0.33358 2 0.0
0.616615 0.320413 0.367814 8 0.948719
0.225525 0.472071 0.371367 8 0.982754
0.312556 0.446261 0.176713 4 0.0
0.656327 0.812889 0.788427 13 0.0
0.648068 0.821041 0.79321 13 0.0
0.652422 0.805453 0.794358 13 0.0
0.664587 0.804738 0.783645 13 0.0
0.660233 0.820326 0.782496 13 0.0
0.776702 0.508331 0.186322 5 0.0
0.267899 0.420436 0.184676 7 5.6e-05
0.647643 0.355205 0.365486 8 0.0
0.670736 0.437649 0.369071 8 9e-06
0.650299 0.359857 0.368401 8 0.0
0.229211 0.517069 0.371014 8 1.0
0.428986 -1.2e-05 0.314777 1 0.0
0.222878 0.383231 0.29717 2 0.0
0.308946 0.450691 0.370687 8 0.0
0.6907 0.335836 0.374052 8 0.0
0.628366 0.564403 0.379424 9 0.0
0.324387 0.441207 0.36004 4 0.0
0.507955 0.956603 0.153782 7 0.0
0.222535 0.737542 0.353609 2 0.0
0.241018 0.468345 0.371649 8 0.680274
0.74942 0.730286 0.153812 7 0.0
0.659445 0.499316 0.366701 8 0.0
0.224209 0.63183 0.346836 2 0.0
0.753659 0.951886 0.662638 12 0.0
0.748819 0.962738 0.67871 12 0.0
0.75066 0.939502 0.670096 12 0.0
0.758499 0.941034 0.646566 12 0.0
0.756659 0.964271 0.655179 12 0.0
0.670225 0.957608 0.777276 12 0.0
0.673248 0.968548 0.775246 12 0.0
0.654488 0.964215 0.789446 12 0.0
0.667202 0.946667 0.779306 12 0.0
0.685962 0.951001 0.765105 12 0.0
0.263281 0.813854 0.69937 11 0.0
0.264085 0.824903 0.700132 11 0.0
0.273813 0.811676 0.719831 11 0.0
0.262476 0.802806 0.698608 11 0.0
0.252749 0.816033 0.678908 11 0.0
0.700838 0.90523 0.723136 12 0.0
0.69982 0.930628 0.723482 12 0.0
0.689698 0.904579 0.738176 12 0.0
0.701856 0.879832 0.722791 12 0.0
0.711977 0.905881 0.708097 12 0.0
0.619408 0.984388 0.813398 15 0.999982
0.27757 0.882514 0.728622 11 0.0
0.276859 0.916402 0.727696 11 0.0
0.287724 0.883097 0.742162 11 0.0
0.278281 0.848626 0.729548 11 0.0
0.267416 0.881931 0.715083 11 0.0
0.759494 0.822802 0.645242 12 0.0
0.765259 0.825501 0.626095 12 0.0
0.759052 0.836072 0.64698 12 0.0
0.75373 0.820102 0.664389 12 0.0
0.759936 0.809532 0.643504 12 0.0
0.610951 0.997013 0.814571 16 0.999702
0.72595 0.883937 0.694633 16 0.0
0.730552 0.893438 0.688417 16 0.0
0.716636 0.899777 0.71195 16 0.0
0.721347 0.874435 0.700848 16 0.0
0.735264 0.868096 0.677316 16 0.0
0.656101 0.910614 0.787232 11 0.0
0.647992 0.93159 0.792509 11 0.0
0.643236 0.903737 0.794798 11 0.0
0.66421 0.889637 0.781956 11 0.0
0.668966 0.91749 0.779666 11 0.0
0.772658 0.014925 0.221631 16 0.0
0.53768 0.816169 0.837196 12 0.0
0.556831 0.818333 0.834271 12 0.0
0.53605 0.828431 0.835594 12 0.0
0.51853 0.814005 0.84012 12 0.0
0.539311 0.803907 0.838798 12 0.0
0.344623 0.021889 0.355462 1 1e-06
0.228142 0.984932 0.482136 2 0.0
0.776766 0.779457 0.470666 10 1.0
0.221827 0.33538 0.360146 3 0.999999
0.408895 0.98704 0.811706 12 0.99956
0.379798 0.033505 0.368869 8 0.0
0.22522 0.270319 0.339093 2 0.0
0.750477 0.818388 0.674335 12 0.0
0.742582 0.81682 0.692482 12 0.0
0.750734 0.805753 0.673356 12 0.0
0.758373 0.819955 0.656188 12 0.0
0.75022 0.831022 0.675315 12 0.0
0.671054 0.809915 0.779691 16 0.0
0.666064 0.817583 0.784029 16 0.0
0.665347 0.801672 0.787695 16 0.0
0.676045 0.802246 0.775353 16 0.0
0.676762 0.818157 0.771687 16 0.0
0.303152 0.785817 0.741462 10 0.002265
0.584224 0.955552 0.826687 12 0.0
0.588626 0.967481 0.825126 12 0.0
0.562487 0.964476 0.83359 12 0.0
0.579823 0.943623 0.828249 12 0.0
0.605961 0.946628 0.819784 12 0.0
0.247678 0.080506 0.355671 8 1e-05
0.530201 0.046282 0.171871 7 0.0
0.225685 0.224527 0.361682 2 0.0
0.741886 0.781548 0.406247 10 2e-06
0.731274 0.781008 0.403278 10 2e-06
0.736997 0.783503 0.423366 10 2e-06
0.752498 0.782088 0.409216 10 2e-06
0.746776 0.779593 0.389128 10 2e-06
0.724419 0.912651 0.691842 15 0.0
0.731426 0.926656 0.680392 15 0.0
0.716581 0.927439 0.705134 15 0.0
0.717411 0.898645 0.703292 15 0.0
0.732257 0.897862 0.678551 15 0.0
0.350347 0.012906 0.372705 8 0.999997
0.499847 0.951752 0.83906 12 0.0
0.524369 0.942985 0.839806 12 0.0
0.504668 0.965173 0.838302 12 0.0
0.475324 0.960519 0.838315 12 0.0
0.495025 0.93833 0.839819 12 0.0
0.762464 0.722124 0.156049 7 0.0
0.225093 0.128312 0.349164 2 0.0
0.750138 0.466274 0.372531 8 0.0
0.277907 0.036923 0.372865 8 0.999928
0.769069 0.295123 0.350022 16 0.0
0.569377 0.600111 0.168023 8 0.003861
0.744478 0.364261 0.372482 8 0.0
0.71682 0.33572 0.376057 8 0.0
0.76133 0.432995 0.371396 6 0.998426
0.433675 0.999119 0.431399 14 0.000207
0.772667 0.790926 0.476855 16 1.6e-05
0.771436 0.330313 0.171994 5 0.268396
0.477151 0.005597 0.357159 1 0.999999
0.613677 0.996939 0.156044 7 0.999963
0.223894 0.004672 0.36699 3 1.0
0.223385 0.006767 0.3704 3 1.0
0.222964 0.002796 0.368003 3 1.0
0.224404 0.002577 0.36358 3 1.0
0.224824 0.006547 0.365977 3 1.0
0.368804 0.999009 0.477715 14 0.000893
0.7764 0.241627 0.1697 16 0.0
0.226092 0.636492 0.364347 2 0.0
0.234708 0.154748 0.152265 7 0.000572
0.750052 0.608711 0.162056 7 0.0
0.492736 0.279154 0.349095 4 0.0
0.492703 0.277621 0.358091 4 0.0
0.519311 0.274816 0.348452 4 0.0
0.492768 0.280686 0.340098 4 0.0
0.466161 0.283491 0.349737 4 0.0
0.419881 0.78629 0.699477 10 0.0
0.767907 0.585188 0.338691 5 0.0
0.276385 0.815301 0.720894 12 0.0
0.276687 0.827219 0.721359 12 0.0
0.28972 0.814202 0.740392 12 0.0
0.276083 0.803382 0.720428 12 0.0
0.26305 0.816399 0.701395 12 0.0
0.222506 0.779544 0.575178 10 1.0
0.351805 0.782502 0.62532 10 0.0
0.493882 0.979447 0.16988 7 0.999934
0.225944 0.781552 0.367253 10 1.0
0.233544 0.431316 0.348884 2 1.3e-05
0.417981 0.95877 0.707085 15 0.0
0.392251 0.959828 0.691179 15 0.0
0.417597 0.971506 0.708554 15 0.0
0.44371 0.957711 0.722991 15 0.0
0.418365 0.946033 0.705616 15 0.0
0.29058 0.344422 0.214777 8 0.99999
0.425845 0.286256 0.312937 8 0.0
0.228176 0.982819 0.384304 2 7.6e-05
0.776717 0.830604 0.39316 6 0.0
0.459427 0.280693 0.350712 4 0.0
0.767552 0.566809 0.202129 5 0.0
0.4814 0.634704 0.380001 8 0.0
0.226539 0.373675 0.333762 2 0.0
0.221575 0.15726 0.173316 2 2.1e-05
0.754328 0.939242 0.659054 12 0.0
0.750236 0.949636 0.673714 12 0.0
0.749115 0.923004 0.669111 12 0.0
0.758421 0.928847 0.644394 12 0.0
0.759542 0.955479 0.648996 12 0.0
0.672679 0.94664 0.775357 16 0.0
0.679421 0.958824 0.77129 16 0.0
0.658961 0.958412 0.787881 16 0.0
0.665936 0.934456 0.779423 16 0.0
0.686396 0.934869 0.762832 16 0.0
0.736428 0.801685 0.700227 12 0.0
0.72686 0.802003 0.718197 12 0.0
0.73643 0.794368 0.700357 12 0.0
0.745997 0.801367 0.682256 12 0.0
0.736427 0.809003 0.700096 12 0.0
0.705883 0.847782 0.744359 12 0.0
0.704612 0.869399 0.744898 12 0.0
0.692236 0.846577 0.760511 12 0.0
0.707154 0.826165 0.74382 12 0.0
0.71953 0.848987 0.728207 12 0.0
0.681285 0.81548 0.769174 16 0.0
0.666984 0.818016 0.781418 16 0.0
0.680027 0.803891 0.770106 16 0.0
0.695585 0.812944 0.75693 16 0.0
0.682542 0.827068 0.768242 16 0.0
0.294528 0.80123 0.746192 12 0.0
0.295032 0.808832 0.746541 12 0.0
0.309696 0.799396 0.764247 12 0.0
0.294024 0.793628 0.745843 12 0.0
0.27936 0.803065 0.728136 12 0.0
0.324661 0.937791 0.773967 12 0.0
0.332466 0.947728 0.780528 12 0.0
0.335168 0.92495 0.780914 12 0.0
0.316855 0.927855 0.767406 12 0.0
0.314154 0.950632 0.76702 12 0.0
0.382622 0.817383 0.816639 12 0.0
0.399168 0.817798 0.823679 12 0.0
0.382605 0.804376 0.817446 12 0.0
0.366077 0.816968 0.809598 12 0.0
0.38264 0.83039 0.815831 12 0.0
0.769428 0.815106 0.608755 13 0.0
0.770625 0.821145 0.595085 13 0.0
0.767087 0.827045 0.613824 13 0.0
0.768231 0.809068 0.622425 13 0.0
0.77177 0.803168 0.603686 13 0.0
0.379564 0.875306 0.812412 12 0.0
0.363377 0.874917 0.804486 12 0.0
0.379063 0.905438 0.811958 12 0.0
0.395752 0.875696 0.820338 12 0.0
0.380066 0.845175 0.812867 12 0.0
0.357996 0.335876 0.331972 8 0.0
0.352266 0.359226 0.333288 8 0.0
0.357645 0.335171 0.342948 8 0.0
0.363726 0.312526 0.330656 8 0.0
0.358348 0.336581 0.320996 8 0.0
0.512595 0.806667 0.841939 12 0.0
0.534541 0.806862 0.841236 12 0.0
0.512513 0.816353 0.842054 12 0.0
0.490649 0.806473 0.842643 12 0.0
0.512677 0.796982 0.841825 12 0.0
0.585179 0.823419 0.827045 12 0.0
0.581198 0.837185 0.827072 12 0.0
0.568499 0.818584 0.833155 12 0.0
0.589159 0.809654 0.827019 12 0.0
0.601858 0.828254 0.820935 12 0.0
0.340364 0.791674 0.79119 11 0.005918
0.551481 0.005895 0.35551 1 0.0
0.431099 0.027557 0.154179 7 0.0
0.758477 0.974257 0.638956 12 0.0
0.758047 0.983014 0.639621 12 0.0
0.751186 0.971853 0.665932 12 0.0
0.758907 0.965501 0.638292 12 0.0
0.765769 0.976662 0.611981 12 0.0
0.240503 0.352531 0.365477 8 0.007611
0.225487 0.336172 0.363796 2 0.999715
0.604423 0.97498 0.46891 15 0.987316
0.235906 0.366102 0.370997 2 0.0
0.227307 0.269463 0.361104 2 0.0
0.730102 0.955241 0.710249 12 0.0
0.74243 0.962191 0.691206 12 0.0
0.729062 0.967718 0.71413 12 0.0
0.717773 0.94829 0.729291 12 0.0
0.731141 0.942763 0.706367 12 0.0
0.760089 0.636142 0.155142 7 0.0
0.41541 0.987757 0.828519 12 0.994646
0.414722 0.992393 0.830357 12 0.994646
0.427376 0.988031 0.832303 12 0.994646
0.416097 0.98312 0.826681 12 0.994646
0.403444 0.987483 0.824735 12 0.994646
0.223492 0.006727 0.306956 2 0.993002
0.224573 0.534777 0.366976 4 0.999745
0.762893 0.427351 0.371824 8 0.000495
0.678267 0.311786 0.377503 8 0.0
0.417479 0.002802 0.163531 1 0.999708
0.744556 0.379697 0.37488 8 1e-06
0.341773 0.507393 0.367243 8 0.0
0.773452 0.794119 0.456095 16 0.001372
0.769692 0.284247 0.158381 7 0.986457
0.5078 0.014586 0.371976 8 1.0
0.546336 0.266756 0.357042 9 0.0
0.545751 0.267231 0.365293 9 0.0
0.552314 0.271782 0.357177 9 0.0
0.546922 0.266281 0.348791 9 0.0
0.540359 0.261731 0.356907 9 0.0
0.2266 0.481371 0.37087 8 0.999905
0.225623 0.608456 0.364916 2 0.0
0.528633 0.004657 0.343545 1 0.0
0.334681 0.488306 0.374416 8 0.0
0.224861 0.999501 0.260737 14 1.0
0.649413 0.355771 0.369435 8 7.7e-05
0.662214 0.392042 0.373036 8 0.999656
0.370554 0.331484 0.362325 8 1e-06
0.342847 0.36572 0.369505 8 0.0
0.366264 0.536953 0.339314 8 0.0
0.380698 0.557096 0.338468 8 0.0
0.365033 0.53834 0.351335 8 0.0
0.351829 0.51681 0.340159 8 0.0
0.367495 0.535566 0.327292 8 0.0
0.770957 0.854005 0.518282 16 0.0
0.771132 0.876973 0.520248 16 0.0
0.768681 0.850209 0.562849 16 0.0
0.770782 0.831038 0.516317 16 0.0
0.773233 0.857802 0.473716 16 0.0
0.751404 0.304242 0.328751 5 0.0
0.663187 0.486701 0.370326 8 0.0
0.759575 0.66309 0.169444 5 0.988813
0.676148 0.458692 0.359955 8 0.0
0.77611 0.365704 0.332527 16 0.0
0.249082 0.866234 0.67167 12 0.0
0.247077 0.893415 0.666575 12 0.0
0.25608 0.869702 0.687423 12 0.0
0.251086 0.839053 0.676764 12 0.0
0.242083 0.862765 0.655917 12 0.0
0.23571 0.976598 0.640599 12 0.0
0.236285 0.984996 0.640232 12 0.0
0.240651 0.977091 0.659605 12 0.0
0.235135 0.9682 0.640966 12 0.0
0.230769 0.976105 0.621593 12 0.0
0.236212 0.886311 0.515513 2 0.0
0.232023 0.891161 0.467873 2 0.0
0.237824 0.918006 0.518598 2 0.0
0.2404 0.881461 0.563153 2 0.0
0.2346 0.854617 0.512428 2 0.0
0.300432 0.908987 0.754591 12 0.0
0.301107 0.936719 0.755785 12 0.0
0.312357 0.90812 0.767989 12 0.0
0.299757 0.881255 0.753397 12 0.0
0.288507 0.909854 0.741193 12 0.0
0.256715 0.902622 0.689734 12 0.0
0.256518 0.933029 0.689681 12 0.0
0.265809 0.902714 0.708645 12 0.0
0.256913 0.872215 0.689787 12 0.0
0.247622 0.90253 0.670823 12 0.0
0.771421 0.841828 0.592103 13 0.0
0.773788 0.851474 0.570536 13 0.0
0.770798 0.859384 0.599886 13 0.0
0.769054 0.832182 0.61367 13 0.0
0.772044 0.824272 0.58432 13 0.0
0.692405 0.838078 0.731227 16 0.0
0.691337 0.850251 0.741004 16 0.0
0.681104 0.825225 0.745995 16 0.0
0.693474 0.825904 0.72145 16 0.0
0.703707 0.85093 0.716459 16 0.0
0.739889 0.819489 0.630301 16 0.0
0.740099 0.828703 0.612059 16 0.0
0.744056 0.828028 0.634661 16 0.0
0.739679 0.810276 0.648544 16 0.0
0.735722 0.810951 0.625941 16 0.0
0.564226 0.912908 0.832978 12 0.0
0.582011 0.916016 0.829201 12 0.0
0.559697 0.940235 0.834139 12 0.0
0.546441 0.9098 0.836756 12 0.0
0.568755 0.885581 0.831817 12 0.0
0.596059 0.841081 0.822804 12 0.0
0.59213 0.860502 0.823691 12 0.0
0.580132 0.837576 0.828989 12 0.0
0.599989 0.82166 0.821916 12 0.0
0.611986 0.844586 0.816619 12 0.0
0.482863 0.833057 0.838851 11 0.0
0.497254 0.845245 0.838735 11 0.0
0.472336 0.845466 0.836763 11 0.0
0.468471 0.820868 0.838967 11 0.0
0.493389 0.820648 0.840939 11 0.0
0.225111 0.002214 0.229281 1 0.999999
0.516798 1.000041 0.17919 14 7.3e-05
0.626982 0.059727 0.375739 8 0.0
0.581174 0.066173 0.375836 8 0.0
0.624469 0.041875 0.37515 8 0.0
0.67279 0.053281 0.375642 8 0.0
0.629495 0.077579 0.376329 8 0.0
0.476396 0.019188 0.370863 8 0.0
0.525356 0.009169 0.323251 1 0.0
0.232435 0.244089 0.366206 8 0.999029
0.768041 0.997708 0.177776 14 0.999843
0.601223 0.97925 0.469988 15 0.9994
0.227892 0.197241 0.36731 8 0.0
0.395826 0.045251 0.150606 7 0.0
0.25868 0.167931 0.332512 3 0.0
0.740194 0.95421 0.68141 12 1.4e-05
0.750237 0.961246 0.664521 12 1.4e-05
0.740873 0.967152 0.687206 12 1.4e-05
0.73015 0.947174 0.6983 12 1.4e-05
0.739515 0.941267 0.675615 12 1.4e-05
0.775281 0.001332 0.343577 1 0.999916
0.760665 0.868026 0.155573 7 0.0
0.620772 0.962339 0.18731 7 0.0
0.225828 0.019397 0.346891 2 0.007015
0.225349 0.016984 0.356388 2 0.007015
0.225463 0.012773 0.345189 2 0.007015
0.226307 0.021811 0.337394 2 0.007015
0.226193 0.026021 0.348593 2 0.007015
0.367464 0.9928 0.528716 15 0.765422
0.7753 0.144755 0.318694 6 0.0
0.775673 0.190274 0.318357 6 0.0
0.775841 0.144879 0.336039 6 0.0
0.774926 0.099236 0.319032 6 0.0
0.774759 0.144631 0.30135 6 0.0
0.63057 0.788386 0.807141 12 0.013266
0.533285 1.00102 0.173436 14 3.7e-05
0.519065 0.036676 0.373215 8 0.0
0.772396 0.005024 0.250802 16 0.999999
0.768627 0.008425 0.251093 16 0.999999
0.774751 0.006267 0.266797 16 0.999999
0.776165 0.001623 0.250511 16 0.999999
0.770041 0.003782 0.234806 16 0.999999
0.562675 0.004689 0.361427 1 0.0
0.378657 0.993689 0.157129 7 0.675641
0.775766 0.802283 0.433881 16 0.0
0.223463 0.855302 0.3239 2 2e-06
0.223431 0.881862 0.307147 2 2e-06
0.223602 0.887128 0.374356 2 2e-06
0.223496 0.828742 0.340653 2 2e-06
0.223324 0.823476 0.273444 2 2e-06
0.780619 0.954794 0.344825 6 0.0
0.334215 0.488973 0.365273 9 0.0
0.60398 0.31143 0.161453 8 0.999984
0.776462 0.805416 0.439778 16 0.0
0.677232 0.501094 0.373627 8 0.0
0.77851 0.71737 0.190023 5 0.0
0.751238 0.720627 0.167671 7 0.0
0.22525 0.670101 0.367313 8 0.000296
0.22838 0.42134 0.367354 8 0.0
0.749975 0.457439 0.155942 7 0.0
0.714457 0.000729 0.159171 1 0.908106
0.400427 0.964705 0.823744 12 0.0
0.399507 0.977847 0.823365 12 0.0
0.420147 0.966297 0.831139 12 0.0
0.401346 0.951562 0.824123 12 0.0
0.380706 0.963112 0.816348 12 0.0
0.311311 0.523712 0.371269 8 0.0
0.760148 0.591169 0.369958 8 0.88387
0.324997 0.439784 0.365728 8 0.0
0.332304 0.352245 0.366137 8 0.0
0.665787 0.043878 0.310564 1 2e-06
0.424235 0.854215 0.831101 12 0.0
0.445339 0.855212 0.836991 12 0.0
0.422946 0.878485 0.831609 12 0.0
0.403131 0.853218 0.825211 12 0.0
0.425524 0.829945 0.830592 12 0.0
0.383496 0.557045 0.335018 8 0.0
0.405633 0.575628 0.338751 8 0.0
0.380706 0.557776 0.347924 8 0.0
0.361358 0.538461 0.331285 8 0.0
0.386285 0.556314 0.322112 8 0.0
0.310835 0.443054 0.347819 8 0.0
0.226516 0.658555 0.364257 3 1.0
0.731359 0.370225 0.192213 8 0.0
0.752086 0.934527 0.669023 13 0.0
0.747431 0.952883 0.683876 13 0.0
0.746816 0.924204 0.680128 13 0.0
0.756741 0.916171 0.654169 13 0.0
0.757357 0.94485 0.657917 13 0.0
0.614281 0.865837 0.800977 2 0.0
0.716858 0.845298 0.737275 11 0.0
0.717511 0.855339 0.737553 11 0.0
0.70516 0.845637 0.752462 11 0.0
0.716204 0.835257 0.736996 11 0.0
0.728556 0.844958 0.722087 11 0.0
0.751645 0.89559 0.679507 12 0.0
0.754975 0.906604 0.671571 12 0.0
0.746187 0.906133 0.691848 12 0.0
0.748316 0.884577 0.687443 12 0.0
0.757104 0.885048 0.667166 12 0.0
0.514553 0.856345 0.842275 12 0.0
0.535625 0.860406 0.841752 12 0.0
0.509843 0.880797 0.842363 12 0.0
0.493482 0.852284 0.842798 12 0.0
0.519264 0.831892 0.842186 12 0.0
0.728046 0.886939 0.712853 12 0.0
0.734149 0.900947 0.703171 12 0.0
0.720716 0.897941 0.724151 12 0.0
0.721942 0.87293 0.722535 12 0.0
0.735375 0.875936 0.701555 12 0.0
0.762188 0.834957 0.627845 12 0.0
0.766497 0.845011 0.607927 12 0.0
0.760668 0.849006 0.634608 12 0.0
0.757879 0.824903 0.647764 12 0.0
0.763709 0.820908 0.621083 12 0.0
0.591407 0.857645 0.82358 12 0.0
0.590913 0.882548 0.823839 12 0.0
0.572414 0.857195 0.830578 12 0.0
0.591902 0.832742 0.823322 12 0.0
0.610401 0.858094 0.816583 12 0.0
0.511089 0.829542 0.768599 16 7e-06
0.539299 0.843882 0.769959 16 7e-06
0.504127 0.84308 0.770268 16 7e-06
0.48288 0.815203 0.767239 16 7e-06
0.518051 0.816004 0.76693 16 7e-06
0.226287 0.152431 0.361514 2 0.0
0.663187 0.806747 0.784354 12 0.0
0.658612 0.812226 0.787638 12 0.0
0.658638 0.79913 0.790725 12 0.0
0.667762 0.801268 0.78107 12 0.0
0.667735 0.814364 0.777983 12 0.0
0.39581 0.02786 0.183873 1 9.1e-05
0.224967 0.124845 0.327079 2 0.0
0.225209 0.124367 0.342102 2 0.0
0.225964 0.085315 0.325807 2 0.0
0.224725 0.125322 0.312057 2 0.0
0.22397 0.164375 0.328352 2 0.0
0.506533 0.02537 0.372775 8 0.0
0.551601 0.045298 0.160778 7 0.0
0.761811 0.815981 0.155623 7 6e-06
0.487741 0.959946 0.184395 7 1.4e-05
0.224873 0.128472 0.327349 2 0.0
0.224865 0.127498 0.342034 2 0.0
0.225859 0.087625 0.324642 2 0.0
0.22488 0.129445 0.312663 2 0.0
0.223886 0.169318 0.330056 2 0.0
0.722355 0.917164 0.732052 12 0.0
0.723185 0.932646 0.733392 12 0.0
0.713364 0.916571 0.74448 12 0.0
0.721524 0.901682 0.730712 12 0.0
0.731345 0.917757 0.719624 12 0.0
0.771923 0.117679 0.366953 6 0.8057
0.366622 0.00573 0.366852 1 1.0
0.66928 0.423536 0.150741 8 1.0
0.69489 0.001083 0.157857 1 1.0
0.351034 1.000938 0.157749 14 1.0
0.625302 0.54913 0.343169 8 0.0
0.605949 0.573566 0.344904 8 0.0
0.626532 0.549349 0.353793 8 0.0
0.644656 0.524693 0.341435 8 0.0
0.624073 0.54891 0.332546 8 0.0
0.549426 0.999521 0.704848 15 0.999994
0.584878 0.919989 0.717526 15 0.0
0.577356 0.94363 0.721297 15 0.0
0.564582 0.911918 0.727644 15 0.0
0.5924 0.896349 0.713755 15 0.0
0.605174 0.928061 0.707408 15 0.0
0.773212 0.820671 0.435369 5 0.040289
0.774376 0.001862 0.255654 1 1.0
0.266891 0.570322 0.372003 8 0.0
0.776632 0.256033 0.171521 16 3e-06
0.756455 0.591705 0.165657 7 3e-06
0.758759 0.241475 0.155592 7 0.0
0.764812 0.079455 0.368932 8 0.999997
0.610407 0.318757 0.355317 8 0.0
0.609992 0.320477 0.34892 8 0.0
0.622301 0.333474 0.358505 8 0.0
0.610821 0.317036 0.361713 8 0.0
0.598512 0.30404 0.352129 8 0.0
0.758302 0.493454 0.161716 7 0.0
0.341456 0.780042 0.794994 10 0.999017
0.776096 0.818798 0.447619 16 0.000665
0.372902 0.561062 0.367081 9 0.0
0.220927 0.782857 0.352308 2 1.0
0.767216 0.991734 0.357337 14 0.999994
0.226185 0.502668 0.368895 3 0.998915
0.653939 0.360134 0.347827 9 0.999913
0.347249 0.359869 0.372664 8 0.0
0.767696 0.022264 0.372651 8 0.999999
0.77176 0.021485 0.372238 8 0.999999
0.766306 0.016216 0.370391 8 0.999999
0.763632 0.023044 0.373064 8 0.999999
0.769086 0.028313 0.374911 8 0.999999
0.238514 0.11886 0.154224 7 0.0
0.337785 0.511836 0.373224 9 0.0
0.700278 0.977133 0.736209 14 1.0
0.71837 0.973623 0.721573 14 1.0
0.700252 0.984909 0.734312 14 1.0
0.682186 0.980643 0.750846 14 1.0
0.700304 0.969357 0.738107 14 1.0
0.769948 0.946439 0.603867 12 0.0
0.767994 0.956065 0.621841 12 0.0
0.768202 0.9309 0.611999 12 0.0
0.771903 0.936814 0.585893 12 0.0
0.771695 0.961979 0.595735 12 0.0
0.681748 0.875105 0.768857 12 0.0
0.682927 0.905175 0.769581 12 0.0
0.668718 0.875341 0.780282 12 0.0
0.680568 0.845035 0.768133 12 0.0
0.694777 0.874869 0.757432 12 0.0
0.63731 0.926723 0.802006 12 0.0
0.627501 0.949141 0.808337 12 0.0
0.624582 0.919047 0.809468 12 0.0
0.647119 0.904305 0.795676 12 0.0
0.650039 0.9344 0.794544 12 0.0
0.771732 0.907076 0.582587 16 0.0
0.773101 0.93514 0.574943 16 0.0
0.769574 0.913175 0.60459 16 0.0
0.770363 0.879013 0.590231 16 0.0
0.77389 0.900978 0.560585 16 0.0
0.354736 0.923297 0.798455 11 0.0
0.35579 0.947452 0.799246 11 0.0
0.368721 0.922396 0.807353 11 0.0
0.353682 0.899143 0.797664 11 0.0
0.34075 0.924199 0.789558 11 0.0
0.686071 0.810138 0.763989 12 0.0
0.684438 0.81833 0.765176 12 0.0
0.670729 0.804887 0.779111 12 0.0
0.687704 0.801947 0.762801 12 0.0
0.701413 0.81539 0.748867 12 0.0
0.502937 0.905231 0.833509 13 0.0
0.52122 0.908528 0.833064 13 0.0
0.497538 0.935214 0.833814 13 0.0
0.484654 0.901935 0.833953 13 0.0
0.508336 0.875248 0.833203 13 0.0
0.717663 0.988453 0.722022 14 1.0
0.761317 0.816308 0.634826 12 0.0
0.766348 0.819456 0.614094 12 0.0
0.760665 0.827618 0.636386 12 0.0
0.756286 0.813159 0.655559 12 0.0
0.761969 0.804997 0.633267 12 0.0
0.77517 0.002388 0.246027 1 0.924213
0.713137 0.979843 0.733049 16 0.0
0.684995 0.975435 0.763442 12 0.15645
0.655334 0.936703 0.776108 16 0.0
0.650195 0.955456 0.783312 16 0.0
0.644863 0.93128 0.782754 16 0.0
0.660474 0.91795 0.768904 16 0.0
0.665806 0.942126 0.769462 16 0.0
0.346316 0.803775 0.792417 11 6e-06
0.346333 0.812522 0.791842 11 6e-06
0.364757 0.804583 0.805251 11 6e-06
0.3463 0.795029 0.792991 11 6e-06
0.327876 0.802968 0.779582 11 6e-06
0.315848 0.02952 0.309085 1 0.0
0.288442 0.023115 0.317567 1 0.0
0.321615 0.028139 0.326673 1 0.0
0.343254 0.035926 0.300602 1 0.0
0.310082 0.030901 0.291496 1 0.0
0.482481 0.820986 0.838506 16 0.0
0.49356 0.831271 0.837815 16 0.0
0.473302 0.830719 0.836215 16 0.0
0.471401 0.810701 0.839197 16 0.0
0.491659 0.811252 0.840797 16 0.0
0.773702 0.82209 0.548165 12 0.0
0.773533 0.835821 0.54722 12 0.0
0.771347 0.824412 0.582312 12 0.0
0.773871 0.808359 0.549111 12 0.0
0.776057 0.819768 0.514018 12 0.0
0.417189 0.986203 0.826133 12 0.053706
0.365871 0.348268 0.2758 8 0.0
0.352257 0.371793 0.273851 8 0.0
0.364219 0.349834 0.306249 8 0.0
0.379486 0.324743 0.277749 8 0.0
0.367524 0.346702 0.245351 8 0.0
0.233088 0.264533 0.365924 8 0.921717
0.525828 0.000892 0.3355 1 0.0
0.661795 0.847101 0.784704 12 0.0
0.651703 0.85798 0.792293 12 0.0
0.648768 0.828242 0.794413 12 0.0
0.671887 0.836222 0.777114 12 0.0
0.674821 0.865959 0.774994 12 0.0
0.418618 0.003033 0.156126 1 0.999996
0.773543 0.265074 0.165837 16 0.992544
0.759027 0.984089 0.50362 16 0.999182
0.250875 0.135895 0.371005 8 0.0
0.565529 0.991525 0.44131 15 0.739433
0.225994 0.099034 0.370025 8 1e-05
0.528042 0.802486 0.829267 2 0.0
0.549851 0.030878 0.169619 7 1e-06
0.500468 0.017575 0.154476 7 0.0
0.381071 0.978346 0.154455 7 0.0
0.246281 0.804156 0.61539 12 0.0
0.249676 0.811973 0.614608 12 0.0
0.251877 0.803722 0.635348 12 0.0
0.242885 0.796339 0.616172 12 0.0
0.240684 0.804591 0.595432 12 0.0
0.757136 0.803313 0.497194 6 0.999976
0.640463 0.527145 0.29604 8 0.0
0.619999 0.555201 0.29911 8 0.0
0.641839 0.525506 0.320191 8 0.0
0.660928 0.499089 0.29297 8 0.0
0.639087 0.528784 0.271888 8 0.0
0.630222 0.820022 0.805646 12 0.0
0.610869 0.815919 0.816428 12 0.0
0.632207 0.807413 0.80441 12 0.0
0.649575 0.824125 0.794865 12 0.0
0.628237 0.832631 0.806882 12 0.0
0.773389 0.000456 0.184489 1 0.999868
0.774012 0.2273 0.343161 6 0.0
0.232952 0.992319 0.396531 14 3e-06
0.738451 0.716546 0.156433 7 0.0
0.336086 0.481091 0.359829 8 0.0
0.773384 0.799242 0.522129 6 0.0
0.754172 0.991925 0.154883 5 0.84031
0.763179 0.992405 0.154308 5 0.84031
0.753951 0.995369 0.154288 5 0.84031
0.745165 0.991445 0.155459 5 0.84031
0.754393 0.988481 0.155479 5 0.84031
0.757277 0.697849 0.156437 7 1.1e-05
0.50131 0.615988 0.153652 8 1.0
0.226927 0.634136 0.358021 2 0.0
0.451488 0.279475 0.360212 4 0.009943
0.742547 0.214013 0.374811 8 0.0
0.779123 0.327022 0.18628 5 0.0
0.224505 0.655367 0.362382 2 8.2e-05
0.27292 0.551579 0.371209 8 0.0
0.760096 0.571849 0.175804 7 0.415748
0.776632 0.23495 0.171731 16 1.7e-05
0.227094 0.23162 0.1577 3 1.0
0.63167 0.336858 0.372439 8 0.999187
0.659678 0.508109 0.16755 8 0.362372
0.224627 0.779479 0.593825 10 1.0
0.654775 0.369161 0.362083 9 0.996749
0.338236 0.369552 0.369243 8 0.0
0.424986 0.998798 0.166769 14 0.002349
0.708963 0.349187 0.155495 7 0.0
0.391874 0.91013 0.815473 12 0.0
0.374581 0.909732 0.807964 12 0.0
0.390656 0.938901 0.816751 12 0.0
0.409167 0.910529 0.822981 12 0.0
0.393092 0.88136 0.814195 12 0.0
0.247531 0.884667 0.673262 12 0.0
0.247119 0.917247 0.670522 12 0.0
0.253761 0.885973 0.68785 12 0.0
0.247942 0.852088 0.676002 12 0.0
0.241301 0.883362 0.658674 12 0.0
0.2562 0.933895 0.690743 12 0.0
0.257245 0.955831 0.690083 12 0.0
0.265171 0.934038 0.709689 12 0.0
0.255155 0.91196 0.691403 12 0.0
0.247229 0.933753 0.671797 12 0.0
0.605714 0.857583 0.789204 12 9e-06
0.596684 0.876787 0.793343 12 9e-06
0.584651 0.846197 0.796075 12 9e-06
0.614745 0.838379 0.785065 12 9e-06
0.626778 0.86897 0.782332 12 9e-06
0.757987 0.861534 0.615992 12 0.0
0.760971 0.885362 0.600004 12 0.0
0.756355 0.868393 0.625909 12 0.0
0.755004 0.837706 0.631981 12 0.0
0.75962 0.854676 0.606075 12 0.0
0.771284 0.833266 0.603033 12 0.0
0.772894 0.841734 0.586962 12 0.0
0.770126 0.848462 0.610924 12 0.0
0.769674 0.824798 0.619104 12 0.0
0.772442 0.81807 0.595142 12 0.0
0.263362 0.963557 0.680496 2 0.0
0.296032 0.837236 0.746489 12 0.0
0.299506 0.855443 0.749392 12 0.0
0.309168 0.832185 0.762448 12 0.0
0.292557 0.819029 0.743587 12 0.0
0.282895 0.842287 0.730531 12 0.0
0.594507 0.022864 0.370787 8 0.0
0.281079 0.893091 0.727611 11 0.0
0.281343 0.926392 0.727435 11 0.0
0.293088 0.893081 0.74378 11 0.0
0.280814 0.859789 0.727786 11 0.0
0.269069 0.893101 0.711441 11 0.0
0.572577 0.909892 0.821882 15 0.0
0.59075 0.908629 0.816923 15 0.0
0.575306 0.937545 0.824847 15 0.0
0.554403 0.911154 0.82684 15 0.0
0.569847 0.882238 0.818916 15 0.0
0.735513 0.906005 0.695786 12 0.0
0.741812 0.918675 0.684368 12 0.0
0.730079 0.917742 0.705814 12 0.0
0.729215 0.893334 0.707203 12 0.0
0.740948 0.894267 0.685758 12 0.0
0.655206 0.906194 0.775625 16 0.0
0.651328 0.926747 0.778908 16 0.0
0.644722 0.902696 0.785139 16 0.0
0.659083 0.885641 0.772342 16 0.0
0.665689 0.909691 0.766112 16 0.0
0.478143 0.797865 0.840494 12 0.0
0.756397 0.963907 0.649655 12 0.0
0.755318 0.972529 0.652313 12 0.0
0.74893 0.955283 0.674596 12 0.0
0.757476 0.955285 0.646996 12 0.0
0.763863 0.972532 0.624713 12 0.0
0.764433 0.997293 0.633804 14 0.99997
0.418937 0.789035 0.827907 12 0.0
0.253004 0.797099 0.377784 8 1.2e-05
0.75875 0.81503 0.655837 12 0.0
0.753159 0.818535 0.672407 12 0.0
0.758865 0.803579 0.658298 12 0.0
0.764341 0.811525 0.639267 12 0.0
0.758635 0.826481 0.653376 12 0.0
0.662034 0.828565 0.783879 12 0.0
0.65348 0.839402 0.78808 12 0.0
0.652274 0.817209 0.793299 12 0.0
0.670588 0.817728 0.779677 12 0.0
0.671794 0.839921 0.774459 12 0.0
0.484489 0.957471 0.840492 12 0.0
0.503436 0.961669 0.841271 12 0.0
0.481438 0.971124 0.841103 12 0.0
0.465542 0.953272 0.839713 12 0.0
0.487539 0.943817 0.839881 12 0.0
0.261761 0.044233 0.359893 8 0.0
0.273083 0.057343 0.355399 8 0.0
0.267197 0.039528 0.359864 8 0.0
0.250439 0.031122 0.364386 8 0.0
0.256324 0.048938 0.359921 8 0.0
0.257947 0.680348 0.370018 8 1e-06
0.734341 0.937421 0.701997 12 0.0
0.743407 0.9523 0.687719 12 0.0
0.729518 0.951009 0.713094 12 0.0
0.725275 0.922542 0.716275 12 0.0
0.739164 0.923834 0.6909 12 0.0
0.422065 0.002862 0.367797 1 0.997962
0.772682 0.78771 0.508457 16 0.937385
0.743001 0.992653 0.480315 14 0.0
0.320058 0.997706 0.155179 7 1.0
0.442278 0.993258 0.157314 7 0.442155
0.552756 0.962398 0.152879 7 0.0
0.246204 0.038565 0.365559 8 0.995869
0.755062 0.995862 0.359509 14 0.0
0.774802 0.14625 0.341763 6 0.0
0.763355 0.798748 0.35067 6 7e-06
0.66423 0.388739 0.154793 8 0.99995
0.750611 0.512243 0.155706 7 2e-06
0.605699 0.572828 0.332918 8 0.0
0.585313 0.589478 0.338806 8 0.0
0.608556 0.571454 0.346697 8 0.0
0.626085 0.556178 0.327031 8 0.0
0.602842 0.574202 0.31914 8 0.0
0.736216 0.665229 0.168932 7 0.0
0.234621 0.273101 0.361542 8 1.0
0.772184 0.789887 0.528915 16 0.00777
0.765499 0.003238 0.25934 1 0.221928
0.224658 0.556826 0.365859 2 0.0
0.732447 0.541692 0.185324 9 0.0
0.772697 0.249119 0.365099 16 0.0
0.743829 0.994233 0.434121 14 0.0
0.76601 0.200783 0.370087 8 0.998914
0.224058 0.661497 0.36121 2 0.0
0.761037 0.136516 0.351878 5 0.0
0.234174 0.279501 0.36878 8 0.006176
0.715442 0.245214 0.378545 8 0.0
0.620139 0.334005 0.333984 8 0.0
0.618137 0.337135 0.320252 8 0.0
0.641848 0.366398 0.338202 8 0.0
0.622141 0.330875 0.347715 8 0.0
0.59843 0.301612 0.329765 8 0.0
0.76791 0.013069 0.345002 16 0.999995
0.774295 0.009429 0.340811 16 0.999995
0.769971 0.015408 0.346112 16 0.999995
0.761524 0.016709 0.349194 16 0.999995
0.765848 0.01073 0.343892 16 0.999995
0.384388 0.567338 0.365195 8 0.0
0.673179 0.413441 0.360699 8 4e-06
0.225075 0.552042 0.37057 3 1.0
0.326165 0.408384 0.372793 8 0.0
0.748613 0.417714 0.374288 8 0.0
0.370957 0.880524 0.80641 12 0.0
0.356917 0.877688 0.798654 12 0.0
0.366402 0.910109 0.803836 12 0.0
0.384997 0.88336 0.814165 12 0.0
0.375512 0.850938 0.808983 12 0.0
0.679203 0.96304 0.7688 13 0.0
0.681816 0.97043 0.767343 13 0.0
0.662572 0.9719 0.783926 13 0.0
0.676591 0.95565 0.770256 13 0.0
0.695835 0.95418 0.753674 13 0.0
0.228134 0.966543 0.59763 12 0.0
0.2304 0.963118 0.618008 12 0.0
0.22814 0.955589 0.595788 12 0.0
0.225868 0.969968 0.577252 12 0.0
0.228128 0.977498 0.599472 12 0.0
0.697393 0.810199 0.754033 16 0.0
0.687822 0.816461 0.762536 16 0.0
0.694959 0.801238 0.757893 16 0.0
0.706964 0.803937 0.745531 16 0.0
0.699827 0.81916 0.750173 16 0.0
0.535297 0.888198 0.835717 12 0.0
0.552368 0.887254 0.833443 12 0.0
0.536999 0.918474 0.835927 12 0.0
0.518225 0.889142 0.837992 12 0.0
0.533594 0.857922 0.835508 12 0.0
0.615678 0.901798 0.812983 11 0.0
0.615911 0.932718 0.814912 11 0.0
0.599224 0.901449 0.820571 11 0.0
0.615444 0.870879 0.811053 11 0.0
0.632131 0.902148 0.805395 11 0.0
0.566335 0.8977 0.810882 2 0.0
0.588471 0.899302 0.804814 2 0.0
0.564306 0.929194 0.811797 2 0.0
0.5442 0.896097 0.81695 2 0.0
0.568365 0.866205 0.809966 2 0.0
0.728796 0.822178 0.713737 12 0.0
0.730034 0.83511 0.710471 12 0.0
0.718558 0.827153 0.729558 12 0.0
0.727559 0.809247 0.717003 12 0.0
0.739034 0.817203 0.697916 12 0.0
0.772254 0.013659 0.240517 6 0.0
0.530204 1.001275 0.191147 14 0.001005
0.661278 0.823909 0.777117 16 0.0
0.65068 0.832151 0.78312 16 0.0
0.656701 0.812233 0.785069 16 0.0
0.671875 0.815667 0.771114 16 0.0
0.665854 0.835586 0.769165 16 0.0
0.773496 0.030947 0.168178 6 0.016752
0.772558 0.043408 0.168714 6 0.016752
0.772604 0.030628 0.174034 6 0.016752
0.774434 0.018487 0.167642 6 0.016752
0.774388 0.031267 0.162322 6 0.016752
0.480084 0.925624 0.838263 12 0.0
0.498443 0.930811 0.840872 12 0.0
0.473521 0.948275 0.839415 12 0.0
0.461724 0.920438 0.835654 12 0.0
0.486646 0.902973 0.837111 12 0.0
0.24322 0.107568 0.370427 8 0.0
0.227684 0.316401 0.367715 3 0.998766
0.251194 0.717944 0.370148 8 0.422195
0.736982 0.902621 0.698299 12 0.0
0.741351 0.925001 0.688791 12 0.0
0.729575 0.909935 0.71211 12 0.0
0.732613 0.880242 0.707807 12 0.0
0.744389 0.895308 0.684489 12 0.0
0.747793 0.785468 0.680142 13 0.013449
0.326708 0.010223 0.367539 8 0.999966
0.499222 0.964567 0.839662 12 0.0
0.524082 0.961636 0.840394 12 0.0
0.500666 0.976616 0.838855 12 0.0
0.474361 0.967498 0.838931 12 0.0
0.497777 0.952519 0.84047 12 0.0
0.773758 0.792562 0.462514 16 0.997228
0.731157 0.736242 0.154278 7 0.0
0.22731 0.783153 0.555941 10 1e-05
0.22671 0.315901 0.371936 8 0.99967
0.765947 0.512345 0.348052 6 0.0
0.62175 0.806615 0.812008 12 0.0
0.606448 0.806291 0.81807 12 0.0
0.621494 0.797342 0.810865 12 0.0
0.637053 0.80694 0.805946 12 0.0
0.622007 0.815889 0.813152 12 0.0
0.655121 0.997373 0.742247 14 0.0
0.681156 0.997204 0.718169 14 0.0
0.664583 0.997806 0.752475 14 0.0
0.629086 0.997541 0.766325 14 0.0
0.645659 0.996939 0.732019 14 0.0
0.616614 0.568556 0.152194 8 1.0
0.746936 0.52038 0.159508 7 0.0
0.450175 0.276853 0.155985 9 0.998363
0.77639 -0.000345 0.216177 1 1.0
0.455468 0.836389 0.835338 12 0.0
0.477144 0.836944 0.838795 12 0.0
0.455015 0.854137 0.835332 12 0.0
0.433793 0.835834 0.831881 12 0.0
0.455922 0.81864 0.835344 12 0.0
0.549432 0.998007 0.698205 15 0.999567
0.238775 0.548734 0.370444 4 0.007749
0.228823 0.289559 0.366792 8 1e-06
0.481092 0.999779 0.160742 14 0.559366
0.670025 0.004833 0.365173 1 1.0
0.279957 0.250621 0.370374 8 0.0
0.764982 0.598531 0.364869 8 0.999999
0.769907 0.010697 0.35142 6 1.0
0.774657 0.006563 0.346865 6 1.0
0.772648 0.01283 0.352343 6 1.0
0.765156 0.01483 0.355975 6 1.0
0.767166 0.008564 0.350497 6 1.0
0.325871 0.011789 0.36912 8 0.999996
0.772147 0.063217 0.364525 6 0.073621
0.338034 0.361601 0.357747 8 0.0
0.770957 0.793583 0.510636 16 0.0
0.312121 0.455177 0.369482 8 0.0
0.346506 0.994148 0.152347 7 0.999918
0.730977 0.870705 0.70658 15 0.0
0.736087 0.879048 0.69845 15 0.0
0.72953 0.87403 0.709082 15 0.0
0.725867 0.862362 0.714709 15 0.0
0.732424 0.867381 0.704077 15 0.0
0.223296 0.643853 0.371762 8 1.0
0.240853 0.481102 0.352989 8 0.999996
0.777551 0.61996 0.177987 16 5.6e-05
0.238856 0.429406 0.161749 7 0.991405
0.776 0.13868 0.160478 16 0.707678
0.224688 0.718249 0.363934 2 0.0
0.771015 0.998342 0.505043 14 0.999985
0.761217 0.94738 0.638739 16 0.0
0.758185 0.956365 0.656531 16 0.0
0.759561 0.931545 0.646452 16 0.0
0.764249 0.938395 0.620946 16 0.0
0.762873 0.963215 0.631025 16 0.0
0.684596 0.947886 0.76843 12 0.0
0.690746 0.964778 0.764868 12 0.0
0.672214 0.95501 0.780834 12 0.0
0.678447 0.930995 0.771993 12 0.0
0.696979 0.940762 0.756027 12 0.0
0.720566 0.894559 0.579785 14 0.999358
0.740038 0.923053 0.562695 14 0.999358
0.716211 0.913894 0.60706 14 0.999358
0.701094 0.866064 0.596875 14 0.999358
0.724921 0.875224 0.55251 14 0.999358
0.368191 0.906119 0.806645 11 0.0
0.383762 0.905902 0.815419 11 0.0
0.367756 0.87553 0.806661 11 0.0
0.352621 0.906337 0.797872 11 0.0
0.368627 0.936709 0.806629 11 0.0
0.339889 0.914237 0.787579 12 0.0
0.339676 0.937689 0.787615 12 0.0
0.351753 0.914333 0.795309 12 0.0
0.340102 0.890786 0.787544 12 0.0
0.328026 0.914142 0.779849 12 0.0
0.54336 0.853258 0.835219 12 0.0
0.56423 0.85742 0.831785 12 0.0
0.538772 0.87671 0.835759 12 0.0
0.52249 0.849096 0.838654 12 0.0
0.547948 0.829806 0.834679 12 0.0
0.246425 0.998817 0.679993 12 1.0
0.753281 0.890382 0.570593 12 0.0
0.757764 0.910012 0.543241 12 0.0
0.75051 0.910831 0.584815 12 0.0
0.748799 0.870751 0.597944 12 0.0
0.756053 0.869932 0.55637 12 0.0
0.694995 0.974791 0.756252 12 0.0
0.696117 0.98237 0.755347 12 0.0
0.683367 0.978134 0.769846 12 0.0
0.693874 0.967212 0.757157 12 0.0
0.706624 0.971449 0.742658 12 0.0
0.757051 0.09012 0.343694 6 0.0
0.768722 0.806853 0.613018 12 0.0
0.768391 0.81558 0.614206 12 0.0
0.765945 0.804445 0.629939 12 0.0
0.769054 0.798126 0.611831 12 0.0
0.771499 0.809261 0.596098 12 0.0
0.229475 0.786032 0.430939 10 0.081199
0.585885 0.299248 0.330556 9 0.000156
0.292883 0.994294 0.753712 11 1.0
0.386094 0.779969 0.820612 10 0.9998
0.424237 0.00469 0.155073 1 1.0
0.240025 0.999119 0.662857 12 1.0
0.778448 0.989984 0.194056 16 0.999288
0.228518 0.976667 0.330743 2 0.0
0.367273 0.9627 0.539735 15 0.999823
0.369504 0.959187 0.542016 15 0.999823
0.367107 0.96576 0.54461 15 0.999823
0.365042 0.966214 0.537454 15 0.999823
0.36744 0.959641 0.53486 15 0.999823
0.226468 0.246747 0.361292 2 0.999881
0.726951 0.964606 0.71814 12 0.0
0.73734 0.96998 0.702707 12 0.0
0.726229 0.975058 0.721293 12 0.0
0.716561 0.959233 0.733572 12 0.0
0.727673 0.954155 0.714987 12 0.0
0.542193 0.020392 0.156655 7 0.0
0.769945 0.987803 0.422595 14 0.000702
0.731674 0.996177 0.386028 14 0.0
0.750378 0.997559 0.356045 14 0.0
0.753087 0.995966 0.505874 14 0.0
0.761068 0.99772 0.354451 14 0.0
0.771909 0.719567 0.355789 6 0.0
0.762704 0.304613 0.342888 16 0.0
0.22406 0.595041 0.349402 2 0.0
0.626926 0.550321 0.329654 8 0.0
0.609838 0.573287 0.332449 8 0.0
0.628997 0.550058 0.344481 8 0.0
0.644013 0.527356 0.326859 8 0.0
0.624855 0.550585 0.314827 8 0.0
0.774884 0.963473 0.376196 5 0.0
0.768391 0.791236 0.60228 16 0.0
0.435487 0.865173 0.831612 12 0.0
0.454262 0.872061 0.835586 12 0.0
0.426298 0.891844 0.828803 12 0.0
0.416712 0.858286 0.827637 12 0.0
0.444676 0.838503 0.83442 12 0.0
0.414429 0.909378 0.824884 12 0.0
0.430636 0.906521 0.829953 12 0.0
0.409703 0.879948 0.823411 12 0.0
0.398221 0.912234 0.819815 12 0.0
0.419155 0.938808 0.826358 12 0.0
0.747666 0.994066 0.494523 14 0.0
0.341175 0.999082 0.154036 7 1.0
0.766107 0.671036 0.370993 8 0.99991
0.7747 0.254319 0.168095 6 0.994219
0.50652 0.280827 0.331609 4 3e-06
0.771311 0.032526 0.363757 16 1.8e-05
0.222871 0.907585 0.156629 2 1.0
0.410875 0.291141 0.347507 8 0.0
0.33868 0.389934 0.373539 8 0.994506
0.750649 0.455805 0.175438 7 0.0
0.264346 0.264644 0.149599 7 0.0
0.681539 0.934097 0.768521 12 0.0
0.688489 0.953408 0.764861 12 0.0
0.669648 0.940677 0.780657 12 0.0
0.674589 0.914786 0.772182 12 0.0
0.69343 0.927517 0.756385 12 0.0
0.648793 0.901525 0.791104 16 0.0
0.225377 0.838147 0.154334 7 0.999658
0.772889 0.883921 0.561944 12 0.0
0.774731 0.896042 0.541059 12 0.0
0.770599 0.914017 0.579209 12 0.0
0.771046 0.8718 0.582829 12 0.0
0.775178 0.853824 0.544678 12 0.0
0.34408 0.909048 0.768056 2 0.0
0.333617 0.932442 0.761275 2 0.0
0.359684 0.919328 0.779444 2 0.0
0.354544 0.885655 0.774837 2 0.0
0.328477 0.898769 0.756668 2 0.0
0.244167 0.938762 0.667998 12 0.0
0.250193 0.938942 0.68428 12 0.0
0.244679 0.91848 0.668032 12 0.0
0.238142 0.938582 0.651715 12 0.0
0.243656 0.959044 0.667963 12 0.0
0.50495 0.874676 0.840724 12 0.0
0.522613 0.87982 0.841113 12 0.0
0.496485 0.903689 0.841434 12 0.0
0.487288 0.869532 0.840335 12 0.0
0.513416 0.845663 0.840014 12 0.0
0.370903 0.891586 0.671836 15 0.0
0.369539 0.924659 0.67432 15 0.0
0.392432 0.889415 0.712558 15 0.0
0.372268 0.858513 0.669352 15 0.0
0.349374 0.893757 0.631113 15 0.0
0.3687 0.814508 0.810235 12 0.0
0.382159 0.813372 0.817095 12 0.0
0.367819 0.801606 0.809826 12 0.0
0.355242 0.815644 0.803374 12 0.0
0.369581 0.82741 0.810643 12 0.0
0.766945 0.835258 0.600885 12 0.0
0.770343 0.849086 0.578674 12 0.0
0.766097 0.84578 0.607306 12 0.0
0.763547 0.821431 0.623096 12 0.0
0.767793 0.824737 0.594464 12 0.0
0.588964 0.992999 0.818705 14 0.002563
0.729317 0.869493 0.654752 12 0.0
0.735847 0.890163 0.637127 12 0.0
0.727433 0.877017 0.662877 12 0.0
0.722786 0.848823 0.672377 12 0.0
0.7312 0.86197 0.646626 12 0.0
0.763409 0.001283 0.368341 1 0.997912
0.756563 0.001004 0.369334 1 0.997912
0.76386 0.000551 0.371242 1 0.997912
0.770256 0.001563 0.367347 1 0.997912
0.762958 0.002016 0.36544 1 0.997912
0.730577 0.978309 0.714245 12 0.0
0.730981 0.986131 0.714696 12 0.0
0.718112 0.977832 0.733676 12 0.0
0.730173 0.970487 0.713793 12 0.0
0.743042 0.978786 0.694813 12 0.0
0.773104 0.128888 0.348655 6 0.0
0.499174 0.797201 0.843273 12 0.0
0.519532 0.798689 0.843758 12 0.0
0.49867 0.804225 0.842895 12 0.0
0.478817 0.795712 0.842789 12 0.0
0.499679 0.790176 0.843652 12 0.0
0.763044 0.006461 0.156444 7 0.991652
0.757124 0.006275 0.155812 7 0.991652
0.762772 0.009111 0.158213 7 0.991652
0.768964 0.006648 0.157076 7 0.991652
0.763316 0.003812 0.154675 7 0.991652
0.666794 0.817239 0.77944 12 0.0
0.664173 0.827272 0.781617 12 0.0
0.649786 0.809786 0.793315 12 0.0
0.669414 0.807206 0.777263 12 0.0
0.683802 0.824692 0.765565 12 0.0
0.432715 0.930199 0.819187 16 0.0
0.444375 0.933767 0.822097 16 0.0
0.427949 0.947092 0.817572 16 0.0
0.421055 0.926631 0.816276 16 0.0
0.437481 0.913306 0.820801 16 0.0
0.235936 0.129682 0.368412 8 0.000173
0.224639 0.130322 0.336043 2 0.0
0.540883 0.015198 0.156364 7 1e-06
0.774758 0.975582 0.369864 16 0.0
0.707682 0.707198 0.154004 7 0.0
0.772789 0.97612 0.356021 5 8e-06
0.653986 0.779977 0.797365 10 0.999869
0.411153 0.007724 0.164141 1 0.999899
0.634552 0.559749 0.331628 8 0.0
0.624 0.580198 0.342801 8 0.0
0.638706 0.555262 0.343762 8 0.0
0.645105 0.5393 0.320455 8 0.0
0.630399 0.564236 0.319494 8 0.0
0.775752 0.960066 0.39144 16 0.0
0.350883 0.514918 0.347742 8 0.0
0.362148 0.536387 0.34943 8 0.0
0.349901 0.514686 0.357242 8 0.0
0.339619 0.493449 0.346054 8 0.0
0.351865 0.51515 0.338242 8 0.0
0.646343 0.915446 0.795814 12 0.0
0.639325 0.939762 0.799274 12 0.0
0.633438 0.91058 0.80383 12 0.0
0.653362 0.891129 0.792354 12 0.0
0.659248 0.920311 0.787797 12 0.0
0.764636 0.877709 0.352986 16 0.999915
0.770676 0.909792 0.357368 16 0.999915
0.758209 0.874705 0.383837 16 0.999915
0.758596 0.845626 0.348605 16 0.999915
0.771063 0.880712 0.322136 16 0.999915
0.426124 0.898096 0.829372 12 0.0
0.442923 0.897758 0.833249 12 0.0
0.426806 0.931259 0.829306 12 0.0
0.409326 0.898434 0.825496 12 0.0
0.425442 0.864933 0.829439 12 0.0
0.762144 0.330935 0.371085 16 0.999997
0.75129 0.984782 0.395013 14 8e-06
0.527083 0.274213 0.358792 4 6e-06
0.725868 0.471759 0.163645 7 0.0
0.773132 0.882328 0.153425 7 1.0
0.774151 0.189575 0.162085 16 0.266416
0.718272 0.619323 0.192443 8 2.3e-05
0.74295 0.816176 0.687598 12 0.0
0.733496 0.814365 0.706834 12 0.0
0.743274 0.8047 0.686677 12 0.0
0.752403 0.817986 0.668363 12 0.0
0.742626 0.827651 0.688519 12 0.0
0.642871 0.348555 0.363462 8 5e-06
0.669819 0.421025 0.362477 8 1e-06
0.331965 0.414338 0.371225 9 0.999482
0.730195 0.474046 0.236214 8 0.0
0.730886 0.534417 0.248308 8 0.0
0.727786 0.470008 0.256512 8 0.0
0.729505 0.413675 0.22412 8 0.0
0.732605 0.478085 0.215917 8 0.0
0.334997 0.378725 0.367752 8 0.0
0.777296 0.438616 0.185862 5 0.0
0.764755 0.956188 0.618276 12 0.0
0.764686 0.968459 0.623805 12 0.0
0.760293 0.947358 0.637816 12 0.0
0.764824 0.943918 0.612747 12 0.0
0.769216 0.965018 0.598735 12 0.0
0.763672 0.933291 0.619017 12 0.0
0.766824 0.954692 0.612258 12 0.0
0.76106 0.9399 0.638722 12 0.0
0.760521 0.911891 0.625777 12 0.0
0.766284 0.926683 0.599313 12 0.0
0.24379 0.933574 0.666844 12 0.0
0.250142 0.934889 0.68439 12 0.0
0.243565 0.913581 0.668425 12 0.0
0.237439 0.932258 0.649297 12 0.0
0.244016 0.953567 0.665263 12 0.0
0.560403 0.937436 0.834548 12 0.0
0.579004 0.931249 0.830109 12 0.0
0.566415 0.956347 0.833381 12 0.0
0.541802 0.943624 0.838987 12 0.0
0.554391 0.918525 0.835715 12 0.0
0.355525 0.816802 0.797397 12 5e-05
0.368375 0.814766 0.806004 12 5e-05
0.353045 0.804099 0.798096 12 5e-05
0.342676 0.818837 0.788789 12 5e-05
0.358006 0.829504 0.796697 12 5e-05
0.762698 0.817724 0.644682 12 0.0
0.766412 0.820567 0.629341 12 0.0
0.761908 0.829772 0.646723 12 0.0
0.758985 0.814882 0.660022 12 0.0
0.763489 0.805676 0.64264 12 0.0
0.282118 0.983732 0.728735 12 0.0
0.709504 0.946676 0.742354 12 0.0
0.709359 0.96339 0.743237 12 0.0
0.696471 0.945747 0.757805 12 0.0
0.709649 0.929963 0.741471 12 0.0
0.722537 0.947606 0.726903 12 0.0
0.466247 0.000993 0.357748 1 0.001675
0.69565 0.980906 0.755972 12 0.070592
0.259465 0.825568 0.688272 12 0.006926
0.261249 0.840823 0.686524 12 0.006926
0.26771 0.826316 0.703218 12 0.006926
0.25768 0.810314 0.690019 12 0.006926
0.251219 0.824821 0.673325 12 0.006926
0.757542 0.99555 0.177274 14 0.999997
0.595771 0.973188 0.821271 12 0.0
0.595565 0.9838 0.820775 12 0.0
0.572385 0.973159 0.830392 12 0.0
0.595977 0.962575 0.821767 12 0.0
0.619156 0.973216 0.81215 12 0.0
0.744555 0.95547 0.68332 12 0.0
0.748634 0.966778 0.676926 12 0.0
0.739697 0.965074 0.697205 12 0.0
0.740476 0.944162 0.689715 12 0.0
0.749413 0.945866 0.669436 12 0.0
0.664638 0.890017 0.784197 12 0.0
0.661636 0.923515 0.788813 12 0.0
0.649704 0.887137 0.795384 12 0.0
0.667639 0.856519 0.77958 12 0.0
0.679571 0.892897 0.77301 12 0.0
0.582529 0.01575 0.162064 7 0.642253
0.224624 0.998254 0.20341 3 1.0
0.752559 0.997565 0.225735 14 1e-06
0.71729 0.999599 0.163254 14 0.999726
0.757619 0.223551 0.349025 6 0.0
0.599096 0.579577 0.355371 8 0.0
0.581443 0.593483 0.357009 8 0.0
0.600124 0.579911 0.363613 8 0.0
0.616749 0.56567 0.353733 8 0.0
0.598068 0.579242 0.347129 8 0.0
0.423088 0.99879 0.427818 14 0.0
0.777873 0.957224 0.339958 6 0.0
0.772336 0.78949 0.516145 16 0.0
0.423113 0.893394 0.829233 13 0.0
0.436993 0.895003 0.833742 13 0.0
0.421669 0.910773 0.827474 13 0.0
0.409233 0.891784 0.824725 13 0.0
0.424556 0.876015 0.830993 13 0.0
0.739653 0.455394 0.337559 5 0.000182
0.22768 0.664699 0.367451 8 0.9866
0.765509 0.725964 0.368241 8 0.999252
0.594954 0.593373 0.158175 8 0.983189
0.750048 0.683021 0.376986 8 0.018012
0.734279 0.635823 0.155723 7 0.0
0.296675 0.491124 0.372128 8 0.0
0.232427 0.997866 0.626584 12 1.0
0.22122 0.892559 0.162629 2 0.547339
0.416973 0.01619 0.163503 7 0.999995
0.369333 0.323413 0.373965 8 0.0
0.758465 0.480939 0.372663 8 0.0
0.772847 0.656664 0.356968 5 0.0
0.718353 0.58126 0.381278 8 0.0
0.768749 0.880135 0.607345 12 0.0
0.770221 0.91079 0.605196 12 0.0
0.766555 0.881461 0.624754 12 0.0
0.767278 0.849479 0.609495 12 0.0
0.770943 0.878808 0.589937 12 0.0
0.536495 0.816685 0.838129 12 0.0
0.557982 0.819376 0.835006 12 0.0
0.534886 0.828974 0.83765 12 0.0
0.515007 0.813995 0.841252 12 0.0
0.538103 0.804397 0.838609 12 0.0
0.739354 0.808395 0.69452 12 0.0
0.730221 0.8053 0.712516 12 0.0
0.74001 0.7997 0.693357 12 0.0
0.748487 0.81149 0.676524 12 0.0
0.738697 0.81709 0.695682 12 0.0
0.392915 0.857589 0.820335 11 0.0
0.404482 0.861833 0.824885 11 0.0
0.400526 0.832849 0.824062 11 0.0
0.381348 0.853345 0.815785 11 0.0
0.385304 0.882329 0.816607 11 0.0
0.495319 0.891326 0.840251 12 0.0
0.517601 0.890445 0.841067 12 0.0
0.496665 0.92538 0.840267 12 0.0
0.473037 0.892207 0.839434 12 0.0
0.493973 0.857272 0.840234 12 0.0
0.231097 0.000718 0.206651 1 0.998391
0.504711 0.821512 0.837424 13 0.0
0.508368 0.833856 0.836631 13 0.0
0.483411 0.827802 0.837097 13 0.0
0.501054 0.809169 0.838217 13 0.0
0.526011 0.815222 0.837751 13 0.0
0.50419 0.808134 0.837508 12 0.0
0.506633 0.815408 0.837062 12 0.0
0.48422 0.814796 0.83677 12 0.0
0.501746 0.800861 0.837953 12 0.0
0.524159 0.801472 0.838245 12 0.0
0.621257 0.002532 0.156277 1 0.999967
0.581926 0.02105 0.372046 8 0.0
0.474241 0.942407 0.838705 12 0.0
0.493424 0.953239 0.841077 12 0.0
0.465429 0.95832 0.837302 12 0.0
0.455059 0.931575 0.836332 12 0.0
0.483054 0.926494 0.840107 12 0.0
0.305047 0.004807 0.156678 7 0.999999
0.235518 0.108918 0.364631 3 0.182782
0.227261 0.258635 0.366546 2 0.998304
0.744573 0.958603 0.682464 12 0.0
0.751358 0.967679 0.672369 12 0.0
0.74261 0.968585 0.69012 12 0.0
0.737787 0.949526 0.692559 12 0.0
0.746536 0.94862 0.674808 12 0.0
0.639879 0.001369 0.154901 1 0.999854
0.519881 0.006914 0.336689 1 0.0
0.478231 0.950362 0.839475 12 0.0
0.500606 0.957252 0.841402 12 0.0
0.473666 0.965491 0.838388 12 0.0
0.455856 0.943472 0.837547 12 0.0
0.482796 0.935232 0.840561 12 0.0
0.413133 0.973968 0.830888 12 0.0
0.407849 0.977248 0.831137 12 0.0
0.419095 0.983433 0.832731 12 0.0
0.418417 0.970689 0.830639 12 0.0
0.407172 0.964504 0.829045 12 0.0
0.739361 0.994792 0.47479 14 0.0
0.242007 0.120967 0.34334 2 0.999827
0.611127 0.990479 0.485734 15 0.999965
0.226622 0.270639 0.366519 2 0.0
0.615362 0.002159 0.359858 1 0.0
0.771655 0.581693 0.371772 8 1.0
0.761392 0.413414 0.372306 8 0.997455
0.748734 0.726418 0.359199 8 0.999988
0.652678 0.904643 0.778062 16 0.0
0.644269 0.922104 0.785463 16 0.0
0.644698 0.897743 0.785271 16 0.0
0.661088 0.887181 0.77066 16 0.0
0.660659 0.911542 0.770852 16 0.0
0.54832 0.00361 0.157236 1 1.0
0.774039 0.792251 0.476084 5 0.000121
0.454729 0.926215 0.834385 12 0.0
0.474331 0.93514 0.837933 12 0.0
0.44476 0.948806 0.832635 12 0.0
0.435126 0.91729 0.830837 12 0.0
0.464698 0.903624 0.836135 12 0.0
0.481469 0.003094 0.194725 1 0.0
0.583414 0.293842 0.154073 8 0.740277
0.767533 0.992111 0.469674 14 0.974417
0.550271 0.003481 0.348606 1 0.0
0.236543 0.198033 0.367257 8 3.3e-05
0.364839 0.337814 0.370676 4 0.99999
0.760744 0.44204 0.370039 8 1.0
0.389884 0.572341 0.367105 8 0.0
0.360789 0.340827 0.331238 8 0.0
0.329049 0.365212 0.332712 8 0.0
0.361055 0.340288 0.345878 8 0.0
0.392529 0.316442 0.329763 8 0.0
0.360523 0.341367 0.316597 8 0.0
0.384686 0.317033 0.363678 9 0.015672
0.329899 0.513136 0.372526 8 0.0
0.763819 0.937882 0.629225 12 0.0
0.761253 0.950301 0.64502 12 0.0
0.760003 0.920964 0.641907 12 0.0
0.766384 0.925463 0.61343 12 0.0
0.767634 0.9548 0.616542 12 0.0
0.239938 0.886622 0.657685 12 0.0
0.239756 0.919549 0.657851 12 0.0
0.243858 0.886589 0.668646 12 0.0
0.24012 0.853696 0.657519 12 0.0
0.236018 0.886656 0.646724 12 0.0
0.629745 0.852009 0.80813 12 0.0
0.619802 0.874063 0.813636 12 0.0
0.617387 0.844736 0.814946 12 0.0
0.639687 0.829954 0.802624 12 0.0
0.642102 0.859281 0.801315 12 0.0
0.763689 0.868556 0.622354 16 0.0
0.761291 0.897028 0.623291 16 0.0
0.761313 0.867794 0.639425 16 0.0
0.766087 0.840083 0.621417 16 0.0
0.766064 0.869317 0.605284 16 0.0
0.708031 0.854196 0.737669 12 0.0
0.708055 0.876925 0.736833 12 0.0
0.69665 0.854684 0.7506 12 0.0
0.708007 0.831467 0.738505 12 0.0
0.719412 0.853708 0.724739 12 0.0
0.335537 0.918941 0.787592 12 0.0
0.332016 0.944738 0.785723 12 0.0
0.345167 0.920831 0.79554 12 0.0
0.339057 0.893144 0.789461 12 0.0
0.325906 0.917051 0.779644 12 0.0
0.29743 0.802704 0.751932 11 0.060734
0.298291 0.810731 0.752657 11 0.060734
0.310382 0.799938 0.767171 11 0.060734
0.296569 0.794676 0.751207 11 0.060734
0.284479 0.805469 0.736693 11 0.060734
0.762682 0.828298 0.62928 12 0.0
0.766838 0.835365 0.609691 12 0.0
0.761356 0.842105 0.63398 12 0.0
0.758525 0.821232 0.64887 12 0.0
0.764007 0.814492 0.624581 12 0.0
0.254548 0.969368 0.686481 12 0.0
0.263475 0.966847 0.706521 12 0.0
0.253583 0.959438 0.685661 12 0.0
0.24562 0.971889 0.66644 12 0.0
0.255512 0.979298 0.6873 12 0.0
0.736328 0.876496 0.701184 12 0.0
0.743117 0.897447 0.689183 12 0.0
0.729142 0.886593 0.714747 12 0.0
0.729539 0.855544 0.713185 12 0.0
0.743513 0.866398 0.687621 12 0.0
0.77344 0.997696 0.157497 5 1.0
0.773903 0.999128 0.158423 5 1.0
0.771487 0.996813 0.15984 5 1.0
0.772978 0.996264 0.156572 5 1.0
0.775393 0.99858 0.155155 5 1.0
0.773261 0.008828 0.26213 5 2.1e-05
0.487525 0.820019 0.838228 12 0.0
0.510748 0.823357 0.839489 12 0.0
0.485728 0.832831 0.837402 12 0.0
0.464302 0.816681 0.836966 12 0.0
0.489322 0.807206 0.839054 12 0.0
0.61548 0.002589 0.156554 1 0.999998
0.764566 0.994304 0.644306 16 0.969627
0.405389 0.800437 0.81769 11 0.0
0.74854 0.811933 0.652683 12 0.0
0.740846 0.807834 0.672232 12 0.0
0.748686 0.802814 0.650828 12 0.0
0.756234 0.816033 0.633135 12 0.0
0.748394 0.821052 0.654538 12 0.0
0.49938 0.91518 0.72597 14 0.0
0.53977 0.910011 0.739873 14 0.0
0.501097 0.930533 0.726691 14 0.0
0.45899 0.920349 0.712067 14 0.0
0.497664 0.899827 0.725249 14 0.0
0.607228 0.020362 0.369777 8 0.0
0.389679 0.009901 0.368118 8 0.999982
0.377685 0.003785 0.36192 1 0.0
0.389427 0.573125 0.164414 8 0.994509
0.738427 0.99534 0.413476 14 0.0
0.255206 0.013767 0.369328 8 0.995031
0.253733 0.016411 0.370276 8 0.995031
0.247973 0.010923 0.366024 8 0.995031
0.256679 0.011123 0.36838 8 0.995031
0.26244 0.016612 0.372632 8 0.995031
0.349472 0.371616 0.161609 9 0.989571
0.671143 0.421646 0.168409 8 0.999998
0.665718 0.346448 0.378035 8 0.000415
0.363955 0.005963 0.157918 1 0.999909
0.414685 0.592058 0.153313 8 1.0
0.75928 0.452171 0.370108 5 0.993143
0.646433 0.915245 0.795511 12 0.0
0.639781 0.942593 0.798599 12 0.0
0.631636 0.910609 0.804685 12 0.0
0.653086 0.887896 0.792424 12 0.0
0.661231 0.91988 0.786338 12 0.0
0.465769 0.787078 0.832917 12 0.0
0.771793 0.791384 0.494285 16 0.019992
0.618364 0.004042 0.348017 1 0.0
0.546793 0.623542 0.382386 8 0.0
0.773437 0.975936 0.335122 16 1.3e-05
0.307573 0.488436 0.37245 8 0.0
0.453802 0.812125 0.836892 12 0.0
0.452634 0.82294 0.835987 12 0.0
0.431838 0.809449 0.833255 12 0.0
0.45497 0.801311 0.837797 12 0.0
0.475766 0.814802 0.840529 12 0.0
0.535337 0.011209 0.367106 1 1.0
0.225484 0.320997 0.3552 2 0.0
0.36454 0.336065 0.370966 4 0.996841
0.401332 0.280329 0.376576 8 0.0
0.582035 0.017702 0.371832 1 1.0
0.682011 0.966536 0.766591 13 0.0
0.711411 0.877593 0.731595 13 0.0
0.708777 0.904443 0.734501 13 0.0
0.701652 0.875311 0.743837 13 0.0
0.714044 0.850743 0.728689 13 0.0
0.721169 0.879875 0.719352 13 0.0
0.233449 0.786243 0.632696 12 0.801733
0.684264 0.874926 0.763044 12 0.0
0.674264 0.880064 0.772172 12 0.0
0.679928 0.859332 0.767071 12 0.0
0.694264 0.869788 0.753916 12 0.0
0.6886 0.890521 0.759016 12 0.0
0.635213 0.031497 0.372932 8 0.0
0.495867 0.860048 0.836797 13 0.0
0.51574 0.862813 0.837096 13 0.0
0.492352 0.885471 0.835391 13 0.0
0.475993 0.857284 0.836499 13 0.0
0.499382 0.834626 0.838204 13 0.0
0.763511 0.819522 0.626761 13 0.0
0.767682 0.82583 0.606787 13 0.0
0.762773 0.830394 0.630041 13 0.0
0.75934 0.813213 0.646735 13 0.0
0.764249 0.808649 0.623481 13 0.0
0.714449 0.973434 0.736282 12 0.0
0.715544 0.982196 0.736669 12 0.0
0.703062 0.974217 0.750768 12 0.0
0.713354 0.964671 0.735895 12 0.0
0.725836 0.972651 0.721796 12 0.0
0.222742 -0.003546 0.234712 1 1.0
0.525371 0.928084 0.838518 12 0.0
0.546493 0.930409 0.83669 12 0.0
0.522923 0.951297 0.839764 12 0.0
0.504248 0.925758 0.840345 12 0.0
0.527819 0.904871 0.837272 12 0.0
0.347967 0.800636 0.797441 12 0.0
0.348316 0.808796 0.796961 12 0.0
0.36195 0.800604 0.807048 12 0.0
0.347618 0.792475 0.797921 12 0.0
0.333984 0.800668 0.787833 12 0.0
0.397002 0.779386 0.824871 10 0.997906
0.56997 0.013255 0.371365 8 0.000863
0.774973 0.0824 0.374036 8 1.0
0.662548 0.996744 0.156483 7 0.999992
0.472552 0.788569 0.838855 12 2e-06
0.736885 0.894533 0.698726 16 0.0
0.74229 0.908515 0.68887 16 0.0
0.729774 0.908139 0.714127 16 0.0
0.731479 0.880551 0.708583 16 0.0
0.743995 0.880928 0.683325 16 0.0
0.772647 0.785157 0.515027 12 0.051526
0.552096 0.007934 0.344367 1 0.0
0.480316 0.610949 0.162814 8 0.623121
0.243643 0.994093 0.666482 12 0.998517
0.530992 0.27771 0.153791 8 0.997698
0.227563 0.573318 0.360611 2 5.7e-05
0.727669 0.773815 0.388126 10 0.308186
0.660076 0.952088 0.786629 12 0.0
0.659269 0.967141 0.789436 12 0.0
0.645171 0.949245 0.79759 12 0.0
0.660883 0.937035 0.783822 12 0.0
0.674981 0.954931 0.775668 12 0.0
0.51046 0.275675 0.160636 8 0.741437
0.49952 0.276088 0.159636 8 0.741437
0.510167 0.27778 0.16471 8 0.741437
0.521399 0.275263 0.161637 8 0.741437
0.510753 0.27357 0.156562 8 0.741437
0.772431 0.792697 0.566297 13 0.0
0.471563 0.872387 0.838916 12 0.0
0.489811 0.875299 0.841138 12 0.0
0.466671 0.903943 0.83774 12 0.0
0.453316 0.869475 0.836695 12 0.0
0.476456 0.840831 0.840093 12 0.0
0.65445 0.809197 0.791297 12 0.0
0.644483 0.811696 0.800767 12 0.0
0.653512 0.79977 0.792797 12 0.0
0.664418 0.806698 0.781827 12 0.0
0.655388 0.818624 0.789797 12 0.0
0.744179 0.563554 0.336358 5 0.0
0.646476 0.536039 0.163507 8 0.904959
0.766327 0.103463 0.36852 8 0.999999
0.568444 0.972764 0.824022 12 2e-06
0.224555 0.871163 0.157036 3 1.0
0.473535 0.274758 0.373269 4 0.999918
0.358115 0.34678 0.37101 8 0.99863
0.398233 0.300443 0.355898 8 0.933281
0.749469 0.480057 0.374637 8 5e-06
0.491107 0.001849 0.160564 1 1.0
0.773206 0.6275 0.359559 6 0.0
0.650465 0.349898 0.369335 8 0.0
0.72771 0.673429 0.168298 7 0.0
0.767775 0.683127 0.36984 8 0.996346
0.685071 0.96751 0.760731 12 0.995794
0.690643 0.975673 0.760498 12 0.995794
0.674832 0.974827 0.772208 12 0.995794
0.679498 0.959346 0.760964 12 0.995794
0.69531 0.960192 0.749255 12 0.995794
0.635157 0.927223 0.80573 11 0.0
0.630441 0.945886 0.806027 11 0.0
0.622858 0.923993 0.813345 11 0.0
0.639874 0.90856 0.805433 11 0.0
0.647456 0.930452 0.798115 11 0.0
0.371695 0.835401 0.809423 12 0.0
0.384242 0.835022 0.815677 12 0.0
0.371163 0.816785 0.80936 12 0.0
0.359149 0.835781 0.803169 12 0.0
0.372227 0.854018 0.809485 12 0.0
0.356754 0.876341 0.802328 12 0.0
0.359597 0.907555 0.803777 12 0.0
0.368707 0.874905 0.809805 12 0.0
0.353911 0.845128 0.800878 12 0.0
0.344801 0.877777 0.79485 12 0.0
0.676914 0.856176 0.763128 13 0.0
0.66571 0.867855 0.772467 13 0.0
0.667918 0.841077 0.771219 13 0.0
0.688117 0.844498 0.753789 13 0.0
0.685909 0.871276 0.755037 13 0.0
0.311703 0.804722 0.763447 11 0.0
0.312559 0.812975 0.764439 11 0.0
0.328341 0.801105 0.779189 11 0.0
0.310847 0.79647 0.762455 11 0.0
0.295064 0.80834 0.747705 11 0.0
0.540367 0.0249 0.370827 8 0.0
0.483115 0.811614 0.840554 12 0.0
0.504583 0.812958 0.842167 12 0.0
0.482511 0.822858 0.839231 12 0.0
0.461648 0.810269 0.83894 12 0.0
0.48372 0.80037 0.841876 12 0.0
0.358972 0.986438 0.794699 12 0.999998
0.773111 0.324154 0.157747 5 0.999914
0.308818 0.970429 0.746715 12 0.668619
0.629994 0.997333 0.668765 15 2.6e-05
0.430636 0.789174 0.8301 12 0.0
0.623673 0.997432 0.635469 15 1.0
0.742266 0.948158 0.688625 12 0.0
0.752182 0.959579 0.668686 12 0.0
0.740402 0.960625 0.694839 12 0.0
0.73235 0.936737 0.708564 12 0.0
0.74413 0.93569 0.682411 12 0.0
0.405215 0.00475 0.358499 1 0.0
0.555559 0.786581 0.834627 12 1e-06
0.226278 0.648144 0.356516 2 0.0
0.617953 0.562261 0.35607 8 0.0
0.222809 0.779276 0.450023 10 0.999999
0.680171 0.48156 0.374608 8 0.0
0.226169 0.307568 0.358672 2 0.0
0.76122 0.979954 0.359932 5 0.994065
0.714969 0.521748 0.152493 8 0.994598
0.554726 0.300849 0.307696 8 0.977831
0.557484 0.304617 0.306596 8 0.977831
0.555983 0.302194 0.315452 8 0.977831
0.551969 0.297081 0.308796 8 0.977831
0.55347 0.299504 0.299939 8 0.977831
0.665712 0.667624 0.385421 8 0.0
0.647981 0.700771 0.390026 8 0.0
0.639038 0.653176 0.386724 8 0.0
0.683442 0.634477 0.380817 8 0.0
0.692385 0.682073 0.384119 8 0.0
0.227323 0.588093 0.359146 2 0.0
0.489787 0.227342 0.377112 8 0.0
0.773268 0.049608 0.367936 16 0.995178
0.663959 0.393614 0.362721 8 0.000115
0.483673 0.279313 0.367337 4 0.998552
0.377588 0.322988 0.341283 8 0.0
0.376437 0.321578 0.353035 8 0.0
0.388973 0.302354 0.339923 8 0.0
0.37874 0.324399 0.329531 8 0.0
0.366204 0.343623 0.342644 8 0.0
0.339317 0.375509 0.366164 9 0.0
0.758729 0.5314 0.368252 8 0.999972
0.415005 0.010234 0.15628 7 0.999971
0.365585 0.004084 0.3665 1 0.999297
0.696764 0.008593 0.375122 8 1.0
0.422759 0.853919 0.827049 12 0.0
0.406442 0.852272 0.823093 12 0.0
0.420743 0.876357 0.826022 12 0.0
0.439076 0.855566 0.831004 12 0.0
0.424775 0.83148 0.828075 12 0.0
0.435638 0.009515 0.36144 1 0.999999
0.756862 0.304316 0.373183 8 0.0
0.762948 0.37418 0.164173 7 7e-06
0.750885 0.313623 0.372857 8 0.00029
0.74895 0.460913 0.157687 7 0.0
0.755076 0.485998 0.156738 7 1e-06
0.682781 0.995413 0.767719 2 1.0
0.760025 0.96093 0.635113 12 0.0
0.753451 0.96355 0.661117 12 0.0
0.759953 0.947962 0.636402 12 0.0
0.766598 0.95831 0.60911 12 0.0
0.760096 0.973898 0.633825 12 0.0
0.241851 0.889493 0.666162 2 0.0
0.242699 0.905973 0.664962 2 0.0
0.247161 0.890311 0.681141 2 0.0
0.241003 0.873014 0.667363 2 0.0
0.236542 0.888676 0.651184 2 0.0
0.752447 0.914979 0.67072 12 0.0
0.75523 0.942137 0.666147 12 0.0
0.746263 0.918472 0.687699 12 0.0
0.749664 0.887821 0.675294 12 0.0
0.758631 0.911486 0.653741 12 0.0
0.364046 0.946753 0.80352 12 0.0
0.348527 0.956395 0.794946 12 0.0
0.370699 0.961497 0.80806 12 0.0
0.379564 0.93711 0.812094 12 0.0
0.357393 0.932008 0.79898 12 0.0
0.511049 0.892472 0.84013 11 0.0
0.5322 0.895199 0.839834 11 0.0
0.506555 0.92728 0.839779 11 0.0
0.489898 0.889744 0.840425 11 0.0
0.515543 0.857664 0.84048 11 0.0
0.730233 0.850852 0.710627 12 0.0
0.738395 0.871483 0.697319 12 0.0
0.724128 0.86028 0.721498 12 0.0
0.722071 0.830221 0.723935 12 0.0
0.736338 0.841425 0.699756 12 0.0
0.69864 0.933407 0.752329 12 0.0
0.700458 0.953966 0.753433 12 0.0
0.687279 0.933737 0.764887 12 0.0
0.696821 0.912847 0.751225 12 0.0
0.710001 0.933076 0.739771 12 0.0
0.34312 0.955857 0.792021 12 0.0
0.341791 0.97036 0.791835 12 0.0
0.358652 0.957428 0.803501 12 0.0
0.344449 0.941354 0.792208 12 0.0
0.327588 0.954286 0.780542 12 0.0
0.418412 0.949258 0.826221 12 0.0
0.413548 0.956333 0.824888 12 0.0
0.399729 0.935358 0.820637 12 0.0
0.423277 0.942184 0.827555 12 0.0
0.437096 0.963158 0.831806 12 0.0
0.495321 0.004913 0.373398 8 0.999998
0.637819 0.01959 0.371743 8 0.0
0.224955 0.033186 0.155428 1 0.999996
0.765784 0.298576 0.369787 8 1.0
0.73197 0.946192 0.706955 12 0.0
0.74248 0.955334 0.690779 12 0.0
0.729677 0.960801 0.713721 12 0.0
0.72146 0.93705 0.723131 12 0.0
0.734263 0.931584 0.700189 12 0.0
0.628737 0.997017 0.630232 15 0.999997
0.708502 0.002403 0.368185 1 0.999998
0.225183 0.530799 0.362682 2 0.00176
0.773305 0.517061 0.364297 5 0.0
0.229537 0.597421 0.370841 4 0.999999
0.36645 0.804935 0.646037 14 0.000932
0.758325 0.586469 0.369296 8 0.997013
0.663943 0.416592 0.157056 8 1.0
0.344031 0.378141 0.370086 8 0.999967
0.318913 0.474585 0.371238 8 0.0
0.740734 0.485278 0.373783 8 0.999995
0.438997 0.009657 0.370481 8 0.999997
0.4946 0.274875 0.373048 4 0.999863
0.741469 0.307605 0.374636 8 0.0
0.355372 1.000607 0.162083 14 0.564394
0.24419 0.745032 0.364362 4 1.0
0.582189 0.294083 0.373517 8 0.559833
0.738635 0.922868 0.6517 12 0.0
0.732094 0.933302 0.667425 12 0.0
0.733872 0.901709 0.663759 12 0.0
0.745176 0.912434 0.635976 12 0.0
0.743397 0.944026 0.639642 12 0.0
0.253297 0.839833 0.679759 11 0.0
0.252322 0.858756 0.67824 11 0.0
0.26022 0.841585 0.697133 11 0.0
0.254273 0.820911 0.681277 11 0.0
0.246375 0.838082 0.662385 11 0.0
0.281923 0.848971 0.729341 12 0.0
0.281971 0.870941 0.727818 12 0.0
0.293934 0.850054 0.745352 12 0.0
0.281875 0.827001 0.730864 12 0.0
0.269912 0.847887 0.71333 12 0.0
0.631113 0.915088 0.806174 12 0.0
0.629803 0.94168 0.808461 12 0.0
0.615743 0.913601 0.814648 12 0.0
0.632422 0.888495 0.803886 12 0.0
0.646482 0.916574 0.797699 12 0.0
0.711585 0.912789 0.743914 12 0.0
0.711025 0.939382 0.746078 12 0.0
0.70006 0.911437 0.757553 12 0.0
0.712145 0.886196 0.741751 12 0.0
0.72311 0.914141 0.730276 12 0.0
0.294155 0.958448 0.659825 3 0.0
0.306663 0.950858 0.690299 3 0.0
0.279102 0.958236 0.665951 3 0.0
0.281647 0.966037 0.629351 3 0.0
0.309208 0.958659 0.653699 3 0.0
0.771502 0.309175 0.16688 6 0.999993
0.661037 0.885177 0.780198 12 0.0
0.669071 0.901641 0.775596 12 0.0
0.652623 0.891028 0.786437 12 0.0
0.653004 0.868714 0.7848 12 0.0
0.669452 0.879327 0.773959 12 0.0
0.366806 0.785066 0.802954 12 0.999823
0.419966 0.902106 0.824694 2 0.0
0.416222 0.914347 0.824333 2 0.0
0.402568 0.896593 0.818157 2 0.0
0.42371 0.889865 0.825054 2 0.0
0.437364 0.90762 0.83123 2 0.0
0.499069 0.837435 0.838795 12 0.0
0.50841 0.848895 0.838978 12 0.0
0.481263 0.851953 0.838569 12 0.0
0.489728 0.825976 0.838612 12 0.0
0.516874 0.822918 0.839021 12 0.0
0.335515 0.989888 0.780456 14 0.999999
0.336402 0.995783 0.778104 14 0.999999
0.348409 0.990823 0.787657 14 0.999999
0.334629 0.983992 0.782809 14 0.999999
0.322622 0.988952 0.773256 14 0.999999
0.251583 1.001097 0.693808 12 0.999998
0.414172 0.94536 0.827361 11 0.0
0.400301 0.95702 0.823763 11 0.0
0.40293 0.930607 0.822894 11 0.0
0.428044 0.9337 0.830959 11 0.0
0.425415 0.960113 0.831828 11 0.0
0.735972 0.947694 0.691974 12 0.0
0.748573 0.960787 0.668263 12 0.0
0.734296 0.957848 0.69669 12 0.0
0.72337 0.934602 0.715686 12 0.0
0.737648 0.937541 0.687259 12 0.0
0.30729 0.002933 0.373276 1 1.0
0.342585 0.003748 0.160227 1 0.989663
0.683089 0.000919 0.160088 1 0.999859
0.255204 0.01382 0.371169 8 0.999972
0.253156 0.01787 0.37264 8 0.999972
0.248942 0.011529 0.36876 8 0.999972
0.257252 0.00977 0.369697 8 0.999972
0.261466 0.016111 0.373578 8 0.999972
0.772438 0.998319 0.182536 14 1.0
0.64665 0.937928 0.793577 16 0.0
0.63354 0.954139 0.803944 16 0.0
0.636269 0.926266 0.798686 16 0.0
0.65976 0.921717 0.78321 16 0.0
0.657031 0.94959 0.788469 16 0.0
0.305969 0.515897 0.371128 8 0.0
0.707899 0.230102 0.377928 8 0.0
0.77203 0.073998 0.367456 5 0.804742
0.623085 0.320574 0.366858 8 3e-06
0.223978 0.7837 0.54765 3 0.999992
0.224085 0.843686 0.156774 2 1.0
0.651585 0.335994 0.358392 8 4.1e-05
0.776289 0.897159 0.15459 16 1.0
0.354366 0.35089 0.35767 8 0.0
0.322957 0.445457 0.372331 8 0.0
0.251035 0.921314 0.67713 12 0.0
0.248803 0.946237 0.675762 12 0.0
0.258094 0.922869 0.693951 12 0.0
0.253268 0.89639 0.678499 12 0.0
0.243977 0.919758 0.66031 12 0.0
0.516428 0.854847 0.836706 16 0.0
0.532058 0.861173 0.835064 16 0.0
0.506833 0.87807 0.834835 16 0.0
0.500798 0.848522 0.838349 16 0.0
0.526023 0.831625 0.838577 16 0.0
0.7499 0.902257 0.672629 12 0.0
0.743785 0.908847 0.687583 12 0.0
0.746006 0.878665 0.681434 12 0.0
0.756015 0.895667 0.657675 12 0.0
0.753794 0.92585 0.663825 12 0.0
0.259867 0.848957 0.697508 11 0.0
0.260983 0.871114 0.696342 11 0.0
0.269186 0.849451 0.715831 11 0.0
0.258752 0.8268 0.698673 11 0.0
0.250548 0.848463 0.679184 11 0.0
0.713919 0.860159 0.732124 12 0.0
0.715868 0.884405 0.729917 12 0.0
0.703977 0.862098 0.744648 12 0.0
0.71197 0.835912 0.734332 12 0.0
0.723861 0.858219 0.719601 12 0.0
0.741139 0.888717 0.696231 12 0.0
0.746934 0.906537 0.685247 12 0.0
0.733978 0.899352 0.709707 12 0.0
0.735344 0.870897 0.707215 12 0.0
0.748299 0.878082 0.682756 12 0.0
0.714843 0.953844 0.735425 12 0.0
0.715908 0.968504 0.735205 12 0.0
0.70217 0.954994 0.750696 12 0.0
0.713779 0.939184 0.735645 12 0.0
0.727517 0.952694 0.720155 12 0.0
0.65166 0.846652 0.79181 12 0.0
0.64849 0.867295 0.793871 12 0.0
0.636068 0.843237 0.802049 12 0.0
0.654829 0.82601 0.78975 12 0.0
0.667251 0.850068 0.781572 12 0.0
0.695362 0.899842 0.746292 16 0.0
0.692925 0.925097 0.750128 16 0.0
0.683675 0.896878 0.758381 16 0.0
0.697799 0.874588 0.742457 16 0.0
0.707049 0.902806 0.734204 16 0.0
0.773668 0.001833 0.234702 1 1.0
0.461874 0.860231 0.833312 13 0.0
0.473286 0.865376 0.834427 13 0.0
0.457412 0.870693 0.830699 13 0.0
0.450462 0.855086 0.832197 13 0.0
0.466336 0.849769 0.835925 13 0.0
0.232021 0.778794 0.367829 3 0.000395
0.220006 -0.006181 0.254106 1 1.0
0.773271 0.005872 0.192808 16 0.016061
0.722552 0.852283 0.723929 12 0.0
0.719108 0.875291 0.725728 12 0.0
0.715102 0.850324 0.734726 12 0.0
0.725996 0.829275 0.722131 12 0.0
0.730002 0.854242 0.713132 12 0.0
0.399215 0.005246 0.155678 1 1.0
0.227608 0.556304 0.361767 2 1.0
0.224981 0.522455 0.373296 4 0.998384
0.733134 0.923249 0.681309 16 0.0
0.738626 0.932882 0.673389 16 0.0
0.72837 0.93789 0.695812 16 0.0
0.727641 0.913616 0.689228 16 0.0
0.737898 0.908609 0.666805 16 0.0
0.259889 0.937136 0.695604 11 0.0
0.269669 0.940822 0.714107 11 0.0
0.261643 0.917137 0.698662 11 0.0
0.250109 0.93345 0.677101 11 0.0
0.258136 0.957135 0.692546 11 0.0
0.476578 0.948182 0.839722 12 0.0
0.49807 0.940406 0.8418 12 0.0
0.481891 0.963091 0.840569 12 0.0
0.455086 0.955959 0.837645 12 0.0
0.471265 0.933274 0.838876 12 0.0
0.752962 0.990338 0.421286 14 0.015871
0.769145 0.27506 0.347591 5 0.0
0.604947 0.001882 0.348475 1 0.0
0.643477 0.930669 0.79737 12 0.0
0.633448 0.950414 0.805559 12 0.0
0.630585 0.921371 0.804001 12 0.0
0.653506 0.910923 0.789182 12 0.0
0.656368 0.939966 0.790739 12 0.0
0.6475 0.55748 0.168471 8 0.9974
0.740023 0.251378 0.376333 8 3e-06
0.660567 0.374726 0.37553 8 0.0
0.225605 0.561724 0.358211 2 0.0
0.47482 0.271646 0.376352 8 0.0
0.585334 0.799672 0.689171 15 0.007419
0.225934 0.38748 0.335545 2 0.0
0.223719 0.129915 0.36067 3 1.0
0.224341 0.998543 0.247043 14 1.0
0.32454 0.471053 0.369112 8 0.0
0.772526 0.263042 0.366681 8 0.0
0.467159 0.003994 0.167363 1 1.0
0.764376 0.610959 0.371928 8 0.989984
0.226074 0.572842 0.36854 8 0.99379
0.760187 0.524813 0.370779 8 0.999079
0.352014 0.998048 0.153755 14 0.997878
0.379098 0.90788 0.809625 12 0.0
0.364066 0.909186 0.801993 12 0.0
0.380194 0.934191 0.811965 12 0.0
0.394129 0.906575 0.817257 12 0.0
0.378001 0.88157 0.807286 12 0.0
0.323081 0.895472 0.660048 15 1e-06
0.335093 0.927038 0.660347 15 1e-06
0.339141 0.888976 0.700566 15 1e-06
0.311068 0.863906 0.659749 15 1e-06
0.30702 0.901968 0.619531 15 1e-06
0.377591 0.780085 0.81608 10 0.999962
0.538229 0.994474 0.838664 12 0.99915
0.727553 0.83827 0.699291 16 0.0
0.731438 0.848346 0.692717 16 0.0
0.717958 0.851634 0.714105 16 0.0
0.723667 0.828194 0.705864 16 0.0
0.737148 0.824906 0.684476 16 0.0
0.746905 0.99143 0.338998 14 0.0
0.773137 0.996574 0.534633 12 1.0
0.436431 1.009491 0.845886 11 1.0
0.481063 0.799592 0.833894 12 1.4e-05
0.570961 0.983197 0.831954 12 0.563961
0.573024 0.985848 0.83097 12 0.563961
0.565104 0.98697 0.829841 12 0.563961
0.568898 0.980546 0.832939 12 0.563961
0.576818 0.979424 0.834068 12 0.563961
0.773498 0.002553 0.192337 1 0.99966
0.225237 0.09575 0.373721 3 1.0
0.428584 0.029396 0.372916 8 0.0
0.734996 0.956873 0.701937 12 0.0
0.737752 0.970556 0.701072 12 0.0
0.724865 0.96004 0.719761 12 0.0
0.73224 0.943189 0.702802 12 0.0
0.745127 0.953705 0.684113 12 0.0
0.478055 0.951862 0.840041 12 0.0
0.499804 0.947831 0.842038 12 0.0
0.480736 0.966746 0.840879 12 0.0
0.456307 0.955892 0.838043 12 0.0
0.475374 0.936977 0.839203 12 0.0
0.33718 0.488901 0.160717 8 0.999984
0.343224 0.374432 0.1506 8 0.990987
0.577689 0.004478 0.368086 1 1.0
0.695129 -0.001356 0.158519 1 0.550979
0.398244 0.995058 0.462306 15 0.934673
0.653896 0.814596 0.793431 12 0.0
0.635617 0.812472 0.806057 12 0.0
0.65511 0.803044 0.793244 12 0.0
0.672176 0.816721 0.780805 12 0.0
0.652683 0.826148 0.793619 12 0.0
0.775323 0.974195 0.346889 6 0.0
0.330668 0.471997 0.370228 8 0.0
0.775087 0.183198 0.350678 5 0.0
0.631346 0.330709 0.346904 8 0.0
0.48889 0.996077 0.712063 15 0.999994
0.767399 0.111736 0.369078 8 1.0
0.560921 0.782329 0.701486 15 0.999986
0.65209 0.52789 0.367437 8 0.0
0.32622 0.488182 0.369111 8 0.0
0.394406 0.30687 0.350596 8 5e-06
0.650067 0.002055 0.154449 1 0.999672
0.237369 0.360398 0.333828 2 0.0
0.236672 0.591616 0.161431 7 0.989914
0.761006 0.514552 0.368102 8 0.999997
0.757169 0.965423 0.652739 12 0.0
0.753213 0.970071 0.665901 12 0.0
0.755471 0.953894 0.656299 12 0.0
0.761125 0.960776 0.639576 12 0.0
0.758867 0.976952 0.649178 12 0.0
0.339208 0.980019 0.784361 2 0.999898
0.683395 0.929722 0.771511 12 0.0
0.688048 0.950942 0.765123 12 0.0
0.669739 0.936301 0.783417 12 0.0
0.678742 0.908503 0.777898 12 0.0
0.697051 0.923144 0.759604 12 0.0
0.659739 0.836219 0.781581 16 0.0
0.647835 0.848993 0.790037 16 0.0
0.651241 0.824075 0.787964 16 0.0
0.671643 0.823444 0.773126 16 0.0
0.668237 0.848362 0.775199 16 0.0
0.755652 0.899746 0.621664 12 0.0
0.761478 0.931324 0.609775 12 0.0
0.754154 0.904294 0.633008 12 0.0
0.749826 0.868169 0.633553 12 0.0
0.75715 0.895199 0.610321 12 0.0
0.224215 0.88751 0.154176 7 0.999911
0.715567 0.907463 0.70623 16 0.0
0.712423 0.932507 0.710915 16 0.0
0.705581 0.90319 0.722373 16 0.0
0.718711 0.88242 0.701545 16 0.0
0.725552 0.911737 0.690086 16 0.0
0.673319 0.847963 0.760054 16 0.0
0.663628 0.860495 0.769204 16 0.0
0.663211 0.835117 0.766942 16 0.0
0.68301 0.83543 0.750904 16 0.0
0.683428 0.860808 0.753166 16 0.0
0.542407 0.874604 0.83606 12 0.0
0.56307 0.873431 0.832767 12 0.0
0.54411 0.904276 0.836174 12 0.0
0.521745 0.875776 0.839352 12 0.0
0.540705 0.844931 0.835945 12 0.0
0.766538 0.861673 0.616767 12 0.0
0.768742 0.864751 0.598743 12 0.0
0.76418 0.887609 0.620908 12 0.0
0.764335 0.858595 0.63479 12 0.0
0.768896 0.835737 0.612625 12 0.0
0.734618 0.837459 0.703572 12 0.0
0.742386 0.850931 0.689536 12 0.0
0.729666 0.849919 0.712791 12 0.0
0.72685 0.823986 0.717607 12 0.0
0.739569 0.824999 0.694352 12 0.0
0.704655 0.980115 0.746439 12 0.0
0.414681 0.945202 0.823171 12 0.0
0.282504 0.99812 0.73637 11 0.999762
0.234843 0.784285 0.399998 10 0.189268
0.394623 0.030739 0.37156 8 0.0
0.29036 0.990761 0.73304 12 0.999994
0.773012 0.00626 0.213994 16 0.335377
0.743802 0.949847 0.687118 12 0.0
0.745993 0.965633 0.684356 12 0.0
0.734748 0.954648 0.707372 12 0.0
0.741612 0.934061 0.68988 12 0.0
0.752856 0.945046 0.666864 12 0.0
0.52257 0.787704 0.83987 12 1e-06
0.770771 0.995011 0.471308 16 0.999728
0.402054 0.99232 0.663416 15 0.999916
0.226122 0.996558 0.503692 2 0.999961
0.778284 0.978082 0.331094 16 0.001188
0.772697 0.002494 0.350506 1 1.0
0.629991 0.804668 0.806891 12 2e-06
0.611596 0.801216 0.816937 12 2e-06
0.630989 0.796595 0.805945 12 2e-06
0.648386 0.80812 0.796846 12 2e-06
0.628992 0.81274 0.807837 12 2e-06
0.600393 0.588102 0.160975 8 0.999892
0.761464 0.30458 0.34893 16 0.0
0.353675 0.004571 0.157783 7 1.0
0.232124 0.99354 0.527248 2 0.000663
0.332851 0.396131 0.362677 9 0.0
0.441502 0.915298 0.832964 12 0.0
0.459447 0.918593 0.837051 12 0.0
0.438238 0.934937 0.831463 12 0.0
0.423557 0.912003 0.828878 12 0.0
0.444766 0.895659 0.834465 12 0.0
0.581238 0.295482 0.153224 4 0.999977
0.22658 0.383852 0.331966 2 0.0
0.543815 0.606265 0.158608 8 1.0
0.225356 0.564912 0.368668 4 1e-06
0.236789 0.997268 0.635775 12 1.0
0.745104 0.821861 0.682614 12 0.0
0.735959 0.824419 0.702285 12 0.0
0.744362 0.808684 0.683983 12 0.0
0.754249 0.819303 0.662943 12 0.0
0.745845 0.835038 0.681245 12 0.0
0.333697 0.396801 0.373323 8 0.00154
0.759432 0.516603 0.371229 8 1.0
0.679604 0.937578 0.770838 12 0.0
0.688059 0.956814 0.765942 12 0.0
0.668053 0.945536 0.782162 12 0.0
0.671148 0.918341 0.775734 12 0.0
0.691154 0.929619 0.759514 12 0.0
0.664771 0.843356 0.781823 12 0.0
0.655715 0.858847 0.788965 12 0.0
0.651087 0.830613 0.792113 12 0.0
0.673827 0.827864 0.774681 12 0.0
0.678454 0.856098 0.771533 12 0.0
0.754256 0.874763 0.658521 12 0.0
0.752562 0.904894 0.655249 12 0.0
0.749467 0.876061 0.672945 12 0.0
0.755949 0.844632 0.661794 12 0.0
0.759045 0.873466 0.644098 12 0.0
0.726157 0.898297 0.716186 12 0.0
0.730534 0.930864 0.710662 12 0.0
0.716811 0.90203 0.730784 12 0.0
0.72178 0.865731 0.721711 12 0.0
0.735504 0.894565 0.701588 12 0.0
0.770669 0.891093 0.576224 13 0.0
0.773439 0.900885 0.552051 13 0.0
0.769034 0.923097 0.589 13 0.0
0.767898 0.881301 0.600397 13 0.0
0.772304 0.859089 0.563448 13 0.0
0.224414 0.002316 0.294771 1 0.998129
0.677848 0.852504 0.759365 16 0.0
0.669452 0.866394 0.768995 16 0.0
0.665912 0.83866 0.768929 16 0.0
0.686243 0.838615 0.749736 16 0.0
0.689783 0.866349 0.749802 16 0.0
0.594873 0.990402 0.823059 15 0.733961
0.283381 0.888768 0.728703 11 0.0
0.282987 0.92328 0.727585 11 0.0
0.295109 0.889417 0.744605 11 0.0
0.283775 0.854255 0.729822 11 0.0
0.271652 0.888119 0.712802 11 0.0
0.769336 0.845988 0.610792 12 0.0
0.771906 0.851056 0.591792 12 0.0
0.768575 0.866252 0.616094 12 0.0
0.766766 0.840921 0.629792 12 0.0
0.770097 0.825724 0.60549 12 0.0
0.733661 0.843086 0.705395 12 0.0
0.738804 0.86056 0.69588 12 0.0
0.725677 0.853061 0.719398 12 0.0
0.728517 0.825612 0.714909 12 0.0
0.741645 0.833111 0.691391 12 0.0
0.392956 0.998767 0.820999 14 1.0
0.632794 0.985867 0.7957 14 1.7e-05
0.27178 0.998129 0.721462 12 0.989917
0.354934 0.7845 0.791614 10 0.000588
0.555334 0.290061 0.347974 9 0.227885
0.570055 0.292966 0.348915 9 0.227885
0.55495 0.288978 0.357323 9 0.227885
0.540613 0.287156 0.347032 9 0.227885
0.555718 0.291144 0.338624 9 0.227885
0.229095 0.010829 0.153979 7 1.0
0.22596 0.00973 0.1532 7 1.0
0.227088 0.016528 0.154014 7 1.0
0.232229 0.011928 0.154757 7 1.0
0.231102 0.005131 0.153943 7 1.0
0.488359 0.988691 0.815254 14 0.0
0.739446 0.938912 0.694365 12 0.0
0.747695 0.955217 0.679457 12 0.0
0.73531 0.949822 0.704009 12 0.0
0.731197 0.922606 0.709273 12 0.0
0.743582 0.928001 0.68472 12 0.0
0.530224 0.990016 0.820051 14 1e-06
0.514728 0.024118 0.166211 7 0.000541
0.774884 0.790085 0.444746 16 0.973632
0.727423 0.913051 0.717634 12 0.0
0.727801 0.940747 0.718861 12 0.0
0.717894 0.912536 0.732196 12 0.0
0.727044 0.885354 0.716407 12 0.0
0.736952 0.913566 0.703072 12 0.0
0.274203 0.01837 0.371457 8 1.0
0.273992 0.022397 0.373904 8 1.0
0.264784 0.018133 0.371032 8 1.0
0.274415 0.014343 0.36901 8 1.0
0.283622 0.018607 0.371881 8 1.0
0.254675 0.992329 0.686223 12 0.00013
0.519008 0.008553 0.36969 8 1.0
0.62847 0.338298 0.166383 8 0.999843
0.639776 0.939081 0.800784 12 0.0
0.632519 0.955907 0.806946 12 0.0
0.625937 0.930318 0.808415 12 0.0
0.647033 0.922256 0.794622 12 0.0
0.653615 0.947845 0.793153 12 0.0
0.345873 0.781441 0.56881 10 3e-06
0.228585 0.64093 0.368271 8 0.934415
0.77599 0.21706 0.343659 5 0.0
0.578663 0.011729 0.373138 8 1.0
0.223468 0.997387 0.540249 12 1.0
0.448028 0.788473 0.707436 14 5e-06
0.477161 0.266091 0.376684 8 0.0
0.583906 0.789583 0.690202 15 0.975101
0.345252 0.363394 0.360537 8 0.0
0.33118 0.370664 0.355892 8 0.0
0.396259 0.276063 0.374992 8 0.0
0.309659 0.508656 0.365298 8 0.0
0.334047 0.405491 0.37132 8 0.999688
0.33599 0.406222 0.372945 8 0.999688
0.336359 0.399576 0.371215 8 0.999688
0.332104 0.40476 0.369694 8 0.999688
0.331735 0.411406 0.371425 8 0.999688
0.375524 0.558797 0.367663 8 0.0
0.381362 0.564879 0.368247 8 0.0
0.376193 0.557804 0.371317 8 0.0
0.369687 0.552715 0.367079 8 0.0
0.374856 0.55979 0.364009 8 0.0
0.61659 0.005803 0.153282 7 0.987561
0.775536 0.246565 0.15718 16 1.0
0.221989 0.165148 0.162779 2 0.740914
0.643461 0.519318 0.332035 8 0.0
0.627991 0.544539 0.332651 8 0.0
0.644559 0.519662 0.34554 8 0.0
0.658932 0.494097 0.331419 8 0.0
0.642363 0.518974 0.318529 8 0.0
0.243262 0.853765 0.664763 12 0.0
0.24161 0.877084 0.6601 12 0.0
0.247921 0.856695 0.677765 12 0.0
0.244913 0.830446 0.669426 12 0.0
0.238603 0.850835 0.651761 12 0.0
0.68511 0.955645 0.766246 12 0.0
0.69029 0.967462 0.763487 12 0.0
0.673539 0.96355 0.778381 12 0.0
0.67993 0.943827 0.769004 12 0.0
0.696682 0.947739 0.75411 12 0.0
0.26435 0.889215 0.699075 12 0.0
0.263805 0.923504 0.696328 12 0.0
0.273731 0.890727 0.716089 12 0.0
0.264896 0.854926 0.701821 12 0.0
0.25497 0.887703 0.68206 12 0.0
0.624032 0.904578 0.807797 12 0.0
0.623257 0.930087 0.80847 12 0.0
0.60836 0.903902 0.815359 12 0.0
0.624808 0.879069 0.807124 12 0.0
0.639705 0.905254 0.800235 12 0.0
0.762614 0.912191 0.631569 13 0.0
0.765536 0.939134 0.626913 13 0.0
0.759024 0.915805 0.650233 13 0.0
0.759692 0.885248 0.636224 13 0.0
0.766205 0.908576 0.612905 13 0.0
0.704087 0.924337 0.743287 12 0.0
0.705804 0.94175 0.741942 12 0.0
0.695458 0.925885 0.752308 12 0.0
0.70237 0.906924 0.744633 12 0.0
0.712717 0.922789 0.734266 12 0.0
0.669191 0.836885 0.77785 12 0.0
0.660501 0.848646 0.784391 12 0.0
0.657297 0.823115 0.786809 12 0.0
0.67788 0.825124 0.771308 12 0.0
0.681084 0.850656 0.768891 12 0.0
0.395739 0.925838 0.817663 12 0.0
0.377621 0.9255 0.810754 12 0.0
0.394451 0.950176 0.819849 12 0.0
0.413857 0.926176 0.824571 12 0.0
0.397027 0.901499 0.815476 12 0.0
0.600772 0.89907 0.820941 12 0.0
0.598736 0.930198 0.82174 12 0.0
0.584811 0.897861 0.827356 12 0.0
0.602809 0.867941 0.820141 12 0.0
0.616734 0.900279 0.814525 12 0.0
0.774319 0.003335 0.201332 5 0.99989
0.635486 0.778879 0.613486 10 0.999797
0.222621 0.123468 0.370032 2 0.999999
0.722125 0.921076 0.725332 12 0.0
0.719719 0.946652 0.726143 12 0.0
0.716028 0.920179 0.735502 12 0.0
0.724532 0.895499 0.72452 12 0.0
0.728223 0.921972 0.715162 12 0.0
0.573282 0.002736 0.3531 1 0.0
0.582786 0.004219 0.355742 1 0.0
0.763658 0.303159 0.350962 6 0.0
0.303155 0.004182 0.361138 1 0.000247
0.466065 0.850301 0.836571 12 0.0
0.483964 0.859243 0.839121 12 0.0
0.456424 0.869998 0.83517 12 0.0
0.448166 0.841359 0.834021 12 0.0
0.475705 0.830604 0.837972 12 0.0
0.529025 0.28009 0.358218 9 0.000142
0.752805 0.253213 0.374614 8 0.010609
0.230182 0.627367 0.371466 8 1.0
0.411349 0.298756 0.372678 8 0.999775
0.76829 0.997396 0.388371 14 1.0
0.356579 0.343454 0.36579 8 0.0
0.739552 0.309412 0.375365 8 0.0
0.748801 0.452895 0.374092 8 0.0
0.701237 0.78109 0.528485 10 0.0
0.681288 0.779861 0.527684 10 0.0
0.699466 0.7802 0.573986 10 0.0
0.721185 0.782319 0.529285 10 0.0
0.703008 0.781979 0.482984 10 0.0
0.747887 0.330347 0.373896 8 0.0
0.773359 0.966577 0.373948 13 0.0
0.775445 0.512035 0.3738 16 1.0
0.755957 0.950751 0.652264 12 0.0
0.751817 0.959737 0.667695 12 0.0
0.752513 0.937234 0.659212 12 0.0
0.760098 0.941765 0.636834 12 0.0
0.759402 0.964268 0.645317 12 0.0
0.243916 0.889168 0.659814 12 0.0
0.244178 0.923411 0.65945 12 0.0
0.249643 0.889297 0.676163 12 0.0
0.243653 0.854924 0.660179 12 0.0
0.238188 0.889038 0.643466 12 0.0
0.681198 0.911429 0.769186 12 0.0
0.682636 0.939402 0.768117 12 0.0
0.667693 0.91257 0.780884 12 0.0
0.679759 0.883456 0.770255 12 0.0
0.694702 0.910288 0.757488 12 0.0
0.632817 0.903457 0.789898 16 0.0
0.62406 0.929759 0.797162 16 0.0
0.622115 0.89823 0.795919 16 0.0
0.641574 0.877154 0.782633 16 0.0
0.64352 0.908683 0.783876 16 0.0
0.708995 0.81811 0.739739 16 0.0
0.702826 0.827273 0.744633 16 0.0
0.702986 0.808893 0.749422 16 0.0
0.715165 0.808947 0.734846 16 0.0
0.715005 0.827327 0.730057 16 0.0
0.225746 0.000859 0.275476 3 1.0
0.518326 0.850121 0.837315 12 0.0
0.536491 0.855487 0.835843 12 0.0
0.511775 0.871939 0.836017 12 0.0
0.500162 0.844754 0.838788 12 0.0
0.524878 0.828302 0.838614 12 0.0
0.297363 0.915135 0.719534 2 0.0
0.29794 0.934992 0.715812 2 0.0
0.308773 0.917735 0.735174 2 0.0
0.296787 0.895277 0.723255 2 0.0
0.285954 0.912535 0.703893 2 0.0
0.725834 0.857104 0.693398 16 0.0
0.733036 0.870911 0.682575 16 0.0
0.718677 0.871611 0.707143 16 0.0
0.718631 0.843296 0.704222 16 0.0
0.73299 0.842596 0.679653 16 0.0
0.481662 0.905932 0.839486 12 0.0
0.498385 0.904396 0.840578 12 0.0
0.484181 0.933872 0.840187 12 0.0
0.464938 0.907467 0.838394 12 0.0
0.479142 0.877991 0.838784 12 0.0
0.650207 0.991729 0.796032 12 0.998457
0.651272 0.995591 0.797712 12 0.998457
0.640902 0.991847 0.801656 12 0.998457
0.649143 0.987868 0.794351 12 0.998457
0.659512 0.991611 0.790408 12 0.998457
0.507279 0.946185 0.838893 12 0.0
0.529435 0.936426 0.83853 12 0.0
0.513794 0.960973 0.838992 12 0.0
0.485123 0.955945 0.839256 12 0.0
0.500764 0.931398 0.838793 12 0.0
0.49097 0.822906 0.838057 13 0.0
0.497453 0.835015 0.836402 13 0.0
0.476215 0.830616 0.836668 13 0.0
0.484486 0.810796 0.839713 13 0.0
0.505725 0.815196 0.839447 13 0.0
0.571376 0.980222 0.447101 15 0.999945
0.76984 0.783908 0.588096 10 0.999998
0.417775 0.974038 0.826129 12 0.0
0.416829 0.982977 0.825461 12 0.0
0.395267 0.971129 0.819094 12 0.0
0.418721 0.965099 0.826798 12 0.0
0.440282 0.976946 0.833165 12 0.0
0.434158 0.785823 0.825392 10 0.0
0.367368 0.995343 0.617489 15 0.999464
0.224091 0.460503 0.372132 3 0.999796
0.771661 0.794715 0.426753 6 0.999984
0.557411 0.788133 0.833718 15 0.0
0.495754 0.002308 0.350752 1 0.0
0.69678 1.000379 0.15497 7 1.0
0.344268 0.501701 0.348168 8 0.0
0.355548 0.525234 0.348493 8 0.0
0.343022 0.50217 0.357449 8 0.0
0.332988 0.478169 0.347843 8 0.0
0.345513 0.501232 0.338887 8 0.0
0.434743 0.908703 0.831651 12 0.0
0.455756 0.90666 0.836615 12 0.0
0.437439 0.937186 0.831962 12 0.0
0.41373 0.910746 0.826686 12 0.0
0.432048 0.880221 0.831339 12 0.0
0.228685 0.320707 0.366753 8 3e-05
0.514337 0.275299 0.151784 8 0.999831
0.756902 0.102274 0.373052 8 0.007018
0.617497 0.338538 0.321404 8 0.0
0.640666 0.372936 0.330167 8 0.0
0.618411 0.334095 0.336428 8 0.0
0.594328 0.30414 0.31264 8 0.0
0.616584 0.342981 0.306379 8 0.0
0.655663 0.522644 0.367754 8 0.0
0.768093 0.046146 0.369916 8 0.999999
0.771958 0.047067 0.368947 8 0.999999
0.767459 0.052044 0.372993 8 0.999999
0.764228 0.045225 0.370884 8 0.999999
0.768727 0.040249 0.366839 8 0.999999
0.656428 0.514261 0.170088 8 0.997608
0.444377 0.787424 0.70739 10 0.0
0.670071 0.415549 0.365203 8 0.0
0.317831 0.449325 0.362332 8 0.0
0.325139 0.386703 0.371988 8 0.0
0.659179 0.374198 0.356385 9 0.999981
0.224552 0.204498 0.159425 2 0.999999
0.766074 0.687775 0.35935 8 0.99982
0.632504 0.328082 0.367187 8 0.867285
0.634237 0.325553 0.363975 8 0.867285
0.63976 0.333248 0.367035 8 0.867285
0.630771 0.33061 0.3704 8 0.867285
0.625248 0.322915 0.36734 8 0.867285
0.2246 0.521838 0.363912 2 0.0
0.23433 0.558441 0.37085 8 0.999998
0.335126 0.376149 0.35785 8 0.0
0.764035 0.246563 0.153147 7 1.0
0.232723 0.71678 0.162695 7 1.0
0.769572 0.993249 0.180584 14 2.5e-05
0.77272 0.995443 0.18078 14 2.5e-05
0.769439 0.992505 0.191049 14 2.5e-05
0.766423 0.991055 0.180388 14 2.5e-05
0.769704 0.993993 0.170119 14 2.5e-05
0.68885 0.957451 0.762888 12 0.0
0.692965 0.967455 0.759687 12 0.0
0.676402 0.966657 0.775659 12 0.0
0.684735 0.947446 0.766089 12 0.0
0.701298 0.948244 0.750117 12 0.0
0.265615 0.841764 0.701186 11 0.0
0.263832 0.861508 0.700227 11 0.0
0.276206 0.843646 0.720246 11 0.0
0.267398 0.82202 0.702145 11 0.0
0.255024 0.839882 0.682127 11 0.0
0.628963 0.872268 0.811046 12 0.0
0.628586 0.896943 0.811503 12 0.0
0.619393 0.872002 0.817512 12 0.0
0.62934 0.847593 0.81059 12 0.0
0.638533 0.872534 0.804581 12 0.0
0.480353 0.857933 0.839485 12 0.0
0.499845 0.863587 0.841225 12 0.0
0.473303 0.882486 0.838677 12 0.0
0.460862 0.852279 0.837745 12 0.0
0.487403 0.83338 0.840293 12 0.0
0.403431 0.787906 0.822471 11 0.99934
0.740327 0.858848 0.699745 12 0.0
0.745023 0.872021 0.691435 12 0.0
0.734934 0.86724 0.709999 12 0.0
0.735632 0.845675 0.708056 12 0.0
0.745721 0.850456 0.689492 12 0.0
0.484729 0.918966 0.838776 12 0.0
0.503394 0.918156 0.839656 12 0.0
0.485758 0.944902 0.840811 12 0.0
0.466064 0.919776 0.837896 12 0.0
0.4837 0.893031 0.83674 12 0.0
0.719297 0.947762 0.732164 12 0.0
0.720555 0.964145 0.732368 12 0.0
0.709408 0.94836 0.74515 12 0.0
0.718039 0.931379 0.73196 12 0.0
0.729186 0.947164 0.719177 12 0.0
0.225657 0.055609 0.365499 2 0.999243
0.223345 0.061918 0.366714 2 0.999243
0.225381 0.05489 0.368706 2 0.999243
0.227969 0.049301 0.364283 2 0.999243
0.225933 0.056329 0.362291 2 0.999243
0.47993 0.846731 0.840411 12 0.0
0.498778 0.856415 0.841813 12 0.0
0.4699 0.866422 0.839234 12 0.0
0.461082 0.837047 0.839008 12 0.0
0.48996 0.827039 0.841588 12 0.0
0.409491 0.944269 0.821435 2 0.0
0.406211 0.953118 0.820427 2 0.0
0.394544 0.938079 0.815721 2 0.0
0.41277 0.935421 0.822442 2 0.0
0.424437 0.950459 0.827148 2 0.0
0.777123 0.995745 0.188164 16 0.999999
0.640392 0.787085 0.626448 10 0.029435
0.743962 0.965466 0.65356 14 0.999109
0.754981 0.967484 0.631063 14 0.999109
0.747669 0.976567 0.656371 14 0.999109
0.732943 0.963448 0.676056 14 0.999109
0.740254 0.954364 0.650748 14 0.999109
0.452524 0.945994 0.836825 11 0.0
0.465701 0.951688 0.837308 11 0.0
0.444388 0.96499 0.834879 11 0.0
0.439347 0.940301 0.836341 11 0.0
0.46066 0.926998 0.83877 11 0.0
0.52434 0.787397 0.839703 12 0.0
0.397497 0.582435 0.162999 8 4e-06
0.771146 0.992093 0.483111 13 0.443162
0.624005 0.792181 0.662531 15 0.007398
0.22598 0.115049 0.1556 7 1.0
0.347556 0.510747 0.355061 8 0.0
0.655925 0.959086 0.791286 11 0.0
0.653481 0.971171 0.79465 11 0.0
0.642028 0.953693 0.800559 11 0.0
0.658369 0.947001 0.787922 11 0.0
0.669822 0.964478 0.782013 11 0.0
0.744852 0.181414 0.376134 8 3e-06
0.455996 0.814743 0.834284 12 0.0
0.459283 0.822556 0.834891 12 0.0
0.434253 0.824202 0.830238 12 0.0
0.45271 0.806929 0.833677 12 0.0
0.477739 0.805283 0.838329 12 0.0
0.508116 0.270953 0.374378 8 0.0
0.223939 0.78766 0.379804 2 1.0
0.224609 0.791106 0.380345 2 1.0
0.222328 0.786287 0.390542 2 1.0
0.223269 0.784214 0.379263 2 1.0
0.22555 0.789033 0.369065 2 1.0
0.238613 0.565037 0.366176 4 1.0
0.225984 0.346876 0.365625 2 0.0
0.67323 0.002593 0.16584 1 1.0
0.756806 0.66753 0.374119 8 0.433904
0.362871 0.544543 0.36642 9 0.0
0.324925 0.384255 0.37364 8 0.0
0.660586 0.373137 0.375252 8 0.768089
0.220721 0.758917 0.365673 2 0.999993
0.227452 0.402998 0.370195 8 0.999969
0.772043 0.399867 0.36828 8 0.822651
0.369326 0.328637 0.369898 8 0.99979
0.315399 0.372733 0.371144 8 0.0
0.222463 0.992794 0.491149 11 1.0
0.597033 0.30045 0.365924 4 1e-05
0.761003 0.949798 0.634857 12 0.0
0.759646 0.961077 0.641893 12 0.0
0.754949 0.936839 0.654466 12 0.0
0.76236 0.938519 0.627822 12 0.0
0.767057 0.962757 0.615248 12 0.0
0.765377 0.876114 0.617585 12 0.0
0.766278 0.905456 0.614098 12 0.0
0.761366 0.878491 0.636553 12 0.0
0.764477 0.846772 0.621073 12 0.0
0.769388 0.873736 0.598618 12 0.0
0.763207 0.844121 0.620883 12 0.0
0.767342 0.854141 0.600662 12 0.0
0.76144 0.861643 0.629205 12 0.0
0.759071 0.8341 0.641105 12 0.0
0.764974 0.826599 0.612562 12 0.0
0.578843 0.891186 0.828645 12 0.0
0.595476 0.892965 0.823853 12 0.0
0.575586 0.925611 0.830121 12 0.0
0.562211 0.889407 0.833438 12 0.0
0.582101 0.856761 0.82717 12 0.0
0.233434 0.882412 0.636328 12 0.0
0.233476 0.915243 0.636809 12 0.0
0.237364 0.882194 0.650867 12 0.0
0.233392 0.849582 0.635846 12 0.0
0.229504 0.882631 0.621789 12 0.0
0.634021 0.887748 0.794099 12 0.0
0.632474 0.914174 0.79456 12 0.0
0.617103 0.8866 0.803172 12 0.0
0.635568 0.861323 0.793638 12 0.0
0.650938 0.888897 0.785026 12 0.0
0.4818 0.821342 0.84301 12 0.0
0.494173 0.827663 0.844095 12 0.0
0.475036 0.834369 0.844244 12 0.0
0.469426 0.81502 0.841925 12 0.0
0.488563 0.808315 0.841776 12 0.0
0.579693 0.793767 0.463601 15 0.157192
0.412241 0.015285 0.162856 1 0.999981
0.767848 0.995944 0.173331 14 0.999999
0.354622 0.009113 0.368627 8 0.999993
0.46588 0.944631 0.840104 12 0.0
0.48053 0.949356 0.841108 12 0.0
0.460419 0.961764 0.839156 12 0.0
0.451229 0.939907 0.839101 12 0.0
0.47134 0.927498 0.841053 12 0.0
0.229033 0.095297 0.368014 3 0.999999
0.718421 0.794866 0.727907 10 1.0
0.727511 0.793645 0.72018 10 1.0
0.719524 0.799065 0.728541 10 1.0
0.709331 0.796088 0.735635 10 1.0
0.717318 0.790668 0.727274 10 1.0
0.763874 0.633116 0.163644 7 0.951438
0.657745 0.94852 0.788345 12 0.0
0.65113 0.963719 0.790766 12 0.0
0.64223 0.939899 0.800073 12 0.0
0.66436 0.933322 0.785924 12 0.0
0.67326 0.957141 0.776616 12 0.0
0.522671 0.989972 0.42677 15 0.999986
0.761396 0.996934 0.418559 14 1e-06
0.765702 0.237036 0.370869 8 0.998891
0.784527 0.021335 0.376673 6 1.0
0.791287 0.021413 0.380568 6 1.0
0.783859 0.038319 0.377494 6 1.0
0.777768 0.021257 0.372778 6 1.0
0.785196 0.004352 0.375852 6 1.0
0.550614 0.242445 0.377904 8 0.0
0.40902 0.006319 0.366511 1 0.999999
0.366183 0.55286 0.341709 4 0.0
0.22361 0.426368 0.358422 2 0.0
0.651147 0.358385 0.365937 8 0.420653
0.322048 0.460638 0.372907 8 0.0
0.368661 0.54706 0.357576 8 0.0
0.34273 0.365688 0.368831 8 0.0
0.342764 0.369469 0.366535 8 0.0
0.463223 0.954986 0.8354 12 0.0
0.468539 0.967428 0.838202 12 0.0
0.44643 0.962447 0.834133 12 0.0
0.457908 0.942545 0.832597 12 0.0
0.480017 0.947526 0.836667 12 0.0
0.762304 0.46274 0.368521 8 0.999995
0.360942 0.337507 0.374243 8 0.0
0.712907 0.407413 0.377693 8 0.0
0.258459 0.762551 0.158615 7 0.023339
0.75903 0.938317 0.645163 12 0.0
0.755745 0.949514 0.661163 12 0.0
0.754662 0.92114 0.656287 12 0.0
0.762316 0.92712 0.629164 12 0.0
0.763399 0.955494 0.63404 12 0.0
0.466389 0.956011 0.700165 15 0.0
0.443119 0.95331 0.692557 15 0.0
0.46468 0.969586 0.700573 15 0.0
0.489659 0.958712 0.707774 15 0.0
0.468098 0.942435 0.699757 15 0.0
0.680582 0.91197 0.768207 12 0.0
0.686531 0.927935 0.762896 12 0.0
0.669775 0.919075 0.777459 12 0.0
0.674633 0.896006 0.773518 12 0.0
0.69139 0.904866 0.758956 12 0.0
0.26165 0.841223 0.696214 12 0.0
0.26203 0.860841 0.695322 12 0.0
0.270781 0.841883 0.71463 12 0.0
0.26127 0.821604 0.697107 12 0.0
0.252519 0.840562 0.677799 12 0.0
0.628401 0.861925 0.812934 12 0.0
0.62511 0.882 0.813448 12 0.0
0.617593 0.859998 0.818986 12 0.0
0.631691 0.841849 0.812419 12 0.0
0.639208 0.863851 0.806881 12 0.0
0.751836 0.872816 0.65583 12 0.0
0.754476 0.90179 0.649711 12 0.0
0.746668 0.876481 0.670955 12 0.0
0.749196 0.843842 0.661949 12 0.0
0.757005 0.869151 0.640705 12 0.0
0.707289 0.877455 0.742936 12 0.0
0.708953 0.908628 0.739087 12 0.0
0.697509 0.879365 0.754177 12 0.0
0.705625 0.846281 0.746786 12 0.0
0.717068 0.875545 0.731696 12 0.0
0.692404 0.848588 0.756763 12 0.0
0.689943 0.85313 0.7594 12 0.0
0.682611 0.838161 0.765584 12 0.0
0.694864 0.844046 0.754126 12 0.0
0.702197 0.859014 0.747942 12 0.0
0.523245 0.024946 0.368599 8 0.0
0.373983 0.989911 0.810926 12 0.062345
0.371422 0.791242 0.810091 11 0.999566
0.383019 0.792106 0.815908 11 0.999566
0.370863 0.785911 0.811998 11 0.999566
0.359826 0.790378 0.804273 11 0.999566
0.371982 0.796573 0.808184 11 0.999566
0.734329 0.826698 0.70614 12 0.0
0.742919 0.833318 0.690854 12 0.0
0.731768 0.840627 0.710734 12 0.0
0.725739 0.820078 0.721427 12 0.0
0.73689 0.812769 0.701547 12 0.0
0.523714 0.863843 0.836127 12 0.0
0.539766 0.861102 0.834743 12 0.0
0.527969 0.889196 0.835268 12 0.0
0.507661 0.866584 0.837511 12 0.0
0.519458 0.838491 0.836986 12 0.0
0.425546 0.991668 0.832406 12 0.999999
0.31968 0.992474 0.777465 12 1.0
0.40914 0.014603 0.158487 7 0.583006
0.584949 0.304727 0.345442 8 1.3e-05
0.603558 0.319093 0.351689 8 1.3e-05
0.584655 0.301781 0.353094 8 1.3e-05
0.566341 0.290361 0.339195 8 1.3e-05
0.585244 0.307672 0.33779 8 1.3e-05
0.465164 0.934332 0.836658 12 0.0
0.48071 0.942481 0.839817 12 0.0
0.454983 0.953718 0.836753 12 0.0
0.449618 0.926183 0.833499 12 0.0
0.475345 0.914946 0.836564 12 0.0
0.686397 0.996338 0.155275 7 1.0
0.232166 0.242465 0.367576 8 0.999871
0.228564 0.670521 0.369815 8 0.852416
0.259722 0.639218 0.370307 8 0.0
0.739297 0.935246 0.695881 12 0.0
0.745821 0.952543 0.684326 12 0.0
0.732812 0.947416 0.710437 12 0.0
0.732773 0.917949 0.707436 12 0.0
0.745782 0.923076 0.681325 12 0.0
0.395842 0.995966 0.661432 15 0.99974
0.583345 0.002408 0.352566 1 0.0
0.348626 0.51389 0.352239 8 0.0
0.361768 0.533292 0.35463 8 0.0
0.346951 0.514063 0.360043 8 0.0
0.335483 0.494488 0.349847 8 0.0
0.3503 0.513717 0.344434 8 0.0
0.647617 0.924153 0.794551 12 0.0
0.641855 0.946491 0.799203 12 0.0
0.63486 0.91923 0.802395 12 0.0
0.653378 0.901816 0.789899 12 0.0
0.660374 0.929077 0.786707 12 0.0
0.777982 0.173267 0.152516 6 1.0
0.505549 0.270724 0.367404 4 5e-06
0.235686 0.645292 0.369924 8 0.422215
0.22826 0.345066 0.364247 8 4e-06
0.62297 0.327068 0.162498 9 0.007205
0.474099 0.78883 0.838734 12 0.001355
0.615729 0.319938 0.359721 9 0.111138
0.66221 0.009384 0.375248 8 0.999942
0.777698 0.282332 0.152301 7 1.0
0.437316 0.01019 0.170213 1 0.999996
0.769369 0.664233 0.364567 16 2.1e-05
0.675317 0.424354 0.374055 8 0.996709
0.229274 0.481637 0.367291 4 0.0
0.658928 0.377936 0.367638 8 0.0
0.366148 0.541526 0.353166 8 0.0
0.348229 0.356296 0.37206 8 0.0
0.361812 0.282839 0.373705 8 0.0
0.317806 0.477622 0.155958 7 0.0
0.671877 0.505965 0.376846 8 0.0
0.761106 0.451746 0.369749 8 0.999962
0.223594 0.715502 0.361811 2 0.0
0.758408 0.961434 0.646543 12 0.0
0.751314 0.958359 0.669153 12 0.0
0.759194 0.948939 0.645091 12 0.0
0.765502 0.964508 0.623932 12 0.0
0.757622 0.973928 0.647995 12 0.0
0.274242 0.861498 0.713632 12 0.0
0.273034 0.886678 0.708913 12 0.0
0.285215 0.865041 0.729728 12 0.0
0.275449 0.836319 0.71835 12 0.0
0.263268 0.857956 0.697536 12 0.0
0.620378 0.903956 0.795455 12 0.0
0.629263 0.926204 0.791331 12 0.0
0.606363 0.910831 0.802349 12 0.0
0.611494 0.881708 0.79958 12 0.0
0.634394 0.897081 0.788562 12 0.0
0.359774 0.912621 0.803249 11 0.0
0.360254 0.940729 0.803293 11 0.0
0.372225 0.912397 0.810887 11 0.0
0.359295 0.884513 0.803205 11 0.0
0.347324 0.912846 0.795611 11 0.0
0.68657 0.833809 0.762949 12 0.0
0.681373 0.84305 0.767539 12 0.0
0.67341 0.819865 0.776119 12 0.0
0.691768 0.824568 0.758358 12 0.0
0.69973 0.847753 0.749778 12 0.0
0.517112 0.90447 0.840141 11 0.0
0.53824 0.906369 0.83918 11 0.0
0.514355 0.934934 0.839728 11 0.0
0.495984 0.902571 0.841101 11 0.0
0.519869 0.874006 0.840553 11 0.0
0.508422 1.001758 0.845279 14 1.0
0.360879 0.988319 0.7997 12 0.999966
0.754842 0.992798 0.409736 14 0.0
0.630706 0.986069 0.804941 11 0.702325
0.344274 0.792771 0.782438 10 2e-06
0.62555 0.008132 0.370288 8 0.999993
0.473113 0.943846 0.836954 12 0.0
0.482903 0.952867 0.839332 12 0.0
0.458783 0.959464 0.836699 12 0.0
0.463324 0.934825 0.834576 12 0.0
0.487444 0.928228 0.837209 12 0.0
0.562046 0.025099 0.161651 7 0.001267
0.746486 0.951611 0.681516 12 0.0
0.749618 0.965889 0.676349 12 0.0
0.739664 0.959289 0.698595 12 0.0
0.743354 0.937334 0.686683 12 0.0
0.753308 0.943934 0.664436 12 0.0
0.374335 0.004663 0.366221 8 1.0
0.732334 0.990083 0.460211 14 0.0
0.729763 0.999629 0.373353 14 0.0
0.592672 0.800584 0.823958 12 0.0
0.336069 0.498628 0.36462 4 0.0
0.495116 0.278817 0.352298 4 0.000221
0.656318 0.806619 0.790904 12 0.0
0.638041 0.807942 0.80394 12 0.0
0.656185 0.797535 0.791639 12 0.0
0.674596 0.805295 0.777868 12 0.0
0.656452 0.815703 0.790169 12 0.0
0.577087 0.59373 0.166483 8 0.999999
0.743091 0.006737 0.376098 8 1.0
0.66232 0.01368 0.373126 8 0.999992
0.227483 0.109662 0.368455 8 0.999998
0.662506 0.493217 0.161496 8 1.0
0.664948 0.493637 0.373463 9 0.0
0.588903 0.785305 0.682745 15 0.999998
0.228049 0.510183 0.370439 8 1.0
0.727188 0.626018 0.379196 8 1e-05
0.346506 0.352742 0.374389 8 0.0
0.363148 0.332059 0.36959 9 0.0
0.344217 0.357351 0.34535 8 0.0
0.753111 0.727168 0.155441 7 0.0
0.32748 0.440094 0.373419 8 0.00159
0.610872 0.997456 0.155266 7 1.0
0.379147 0.324297 0.341614 9 0.0
0.363522 0.352321 0.338951 9 0.0
0.377512 0.324495 0.353296 9 0.0
0.394773 0.296273 0.344277 9 0.0
0.380783 0.324099 0.329932 9 0.0
0.727277 0.727059 0.153884 7 0.0
0.760142 0.53245 0.340175 5 0.0
0.755369 0.965568 0.653213 12 0.0
0.747874 0.958147 0.677194 12 0.0
0.756038 0.956585 0.650642 12 0.0
0.762863 0.972988 0.629231 12 0.0
0.7547 0.974551 0.655783 12 0.0
0.267483 0.869366 0.686203 2 0.0
0.264117 0.896852 0.677293 2 0.0
0.277678 0.876356 0.703915 2 0.0
0.27085 0.84188 0.695113 2 0.0
0.257289 0.862376 0.668492 2 0.0
0.599615 0.892566 0.665578 15 0.0
0.597901 0.92691 0.667317 15 0.0
0.581741 0.890677 0.685264 15 0.0
0.60133 0.858222 0.663839 15 0.0
0.617489 0.894455 0.645892 15 0.0
0.703296 0.791234 0.747994 12 4e-06
0.571976 0.029516 0.36385 8 0.0
0.537584 0.865603 0.837701 12 0.0
0.557408 0.860229 0.834952 12 0.0
0.54466 0.892113 0.836909 12 0.0
0.51776 0.870976 0.840451 12 0.0
0.530508 0.839093 0.838494 12 0.0
0.574508 0.964434 0.82981 12 1.1e-05
0.577689 0.973778 0.828947 12 1.1e-05
0.55296 0.972337 0.835961 12 1.1e-05
0.571327 0.95509 0.830673 12 1.1e-05
0.596057 0.956531 0.823659 12 1.1e-05
0.733368 0.808966 0.708268 12 0.0
0.734273 0.817545 0.706251 12 0.0
0.725192 0.813248 0.722808 12 0.0
0.732463 0.800387 0.710286 12 0.0
0.741545 0.804684 0.693729 12 0.0
0.497766 0.946011 0.839949 12 0.0
0.517081 0.938962 0.839567 12 0.0
0.503866 0.962645 0.841479 12 0.0
0.47845 0.953059 0.84033 12 0.0
0.491665 0.929376 0.838419 12 0.0
0.399379 0.917898 0.807497 12 0.0
0.386479 0.914338 0.802424 12 0.0
0.393201 0.942478 0.805961 12 0.0
0.412279 0.921457 0.81257 12 0.0
0.405557 0.893317 0.809032 12 0.0
0.719289 0.964316 0.727783 12 0.0
0.717905 0.974438 0.730345 12 0.0
0.706137 0.95813 0.745117 12 0.0
0.720672 0.954195 0.72522 12 0.0
0.73244 0.970503 0.710449 12 0.0
0.233393 0.055186 0.369395 8 0.99518
0.438838 0.006549 0.36637 1 1.0
0.758588 0.816935 0.655499 12 0.0
0.753143 0.821688 0.671416 12 0.0
0.758525 0.805384 0.658926 12 0.0
0.764033 0.812182 0.639581 12 0.0
0.758651 0.828486 0.652071 12 0.0
0.226085 0.263754 0.373319 8 1.0
0.735381 0.960494 0.701264 13 0.0
0.737685 0.973043 0.700753 13 0.0
0.723574 0.963489 0.721598 13 0.0
0.733077 0.947944 0.701775 13 0.0
0.747188 0.957498 0.680929 13 0.0
0.765767 0.990715 0.430625 14 0.000318
0.422108 0.006646 0.35624 1 0.000266
0.556596 0.788183 0.833932 12 0.0
0.333317 0.004101 0.357249 1 0.0
0.357652 0.357752 0.159326 8 0.999662
0.360918 0.360251 0.162578 8 0.999662
0.362357 0.352213 0.158855 8 0.999662
0.354385 0.355253 0.156073 8 0.999662
0.352946 0.363292 0.159796 8 0.999662
0.372693 0.995944 0.628897 15 0.963988
0.642629 0.922897 0.795528 12 0.0
0.634699 0.939992 0.800743 12 0.0
0.630957 0.915362 0.802479 12 0.0
0.650559 0.905803 0.790313 12 0.0
0.654302 0.930432 0.788577 12 0.0
0.658275 0.789005 0.786577 13 0.021635
0.759038 0.987051 0.40397 14 0.000994
0.580913 0.807976 0.828672 12 0.0
0.55925 0.805206 0.835195 12 0.0
0.581866 0.798548 0.827831 12 0.0
0.602577 0.810746 0.822148 12 0.0
0.579961 0.817403 0.829512 12 0.0
0.224928 0.474616 0.374658 4 0.999679
0.775983 0.988825 0.180575 5 1.0
0.775983 0.988825 0.180575 5 1.0
0.775983 0.988825 0.180575 5 1.0
0.775983 0.988825 0.180575 5 1.0
0.775983 0.988825 0.180575 5 1.0
0.653631 0.515152 0.155037 8 0.999993
0.771905 0.041687 0.371055 8 0.999999
0.420658 0.293193 0.362831 4 0.000368
0.77654 0.180876 0.372012 8 1.0
0.676658 0.40119 0.166084 8 0.999985
0.606681 0.579829 0.155306 8 1.0
0.653514 0.369129 0.35823 8 0.00028
0.349445 0.332503 0.341173 8 0.0
0.646873 0.333469 0.359985 8 0.0
0.325334 0.377478 0.371722 8 0.0
0.374489 0.57265 0.368609 8 0.0
0.32797 0.474599 0.366145 8 0.0
0.323927 0.420691 0.347436 8 0.0
0.686075 0.951488 0.764109 12 0.0
0.696013 0.965452 0.757219 12 0.0
0.679921 0.959056 0.770571 12 0.0
0.676137 0.937523 0.770999 12 0.0
0.692229 0.943919 0.757647 12 0.0
0.629004 0.893758 0.807863 11 0.0
0.627089 0.926946 0.810358 11 0.0
0.61388 0.892264 0.816126 11 0.0
0.630919 0.860569 0.805368 11 0.0
0.644128 0.895251 0.7996 11 0.0
0.688512 0.913984 0.750224 12 0.0
0.691767 0.941913 0.748859 12 0.0
0.679132 0.915539 0.759683 12 0.0
0.685258 0.886055 0.751589 12 0.0
0.697893 0.912429 0.740765 12 0.0
0.356386 0.877901 0.798015 11 0.0
0.356541 0.909458 0.797827 11 0.0
0.369567 0.877881 0.805632 11 0.0
0.356231 0.846344 0.798202 11 0.0
0.343206 0.87792 0.790397 11 0.0
0.686562 0.827858 0.766532 12 0.0
0.678785 0.836814 0.774244 12 0.0
0.680196 0.81511 0.774915 12 0.0
0.694339 0.818902 0.75882 12 0.0
0.692929 0.840605 0.758149 12 0.0
0.517613 0.869005 0.836632 12 0.0
0.535732 0.869406 0.835516 12 0.0
0.517017 0.896417 0.836816 12 0.0
0.499493 0.868604 0.837748 12 0.0
0.518208 0.841593 0.836448 12 0.0
0.7264 0.835506 0.71643 12 0.0
0.734626 0.849636 0.702977 12 0.0
0.721478 0.846257 0.724712 12 0.0
0.718174 0.821377 0.729882 12 0.0
0.731322 0.824756 0.708147 12 0.0
0.231147 0.788423 0.569863 4 0.999135
0.381544 0.842002 0.816116 12 0.0
0.366062 0.842877 0.809196 12 0.0
0.382719 0.862891 0.816131 12 0.0
0.397026 0.841126 0.823037 12 0.0
0.380369 0.821113 0.816102 12 0.0
0.720917 0.968498 0.725579 12 0.0
0.721149 0.979286 0.727063 12 0.0
0.711537 0.966852 0.739017 12 0.0
0.720684 0.95771 0.724095 12 0.0
0.730296 0.970144 0.71214 12 0.0
0.31571 0.874884 0.764576 11 0.0
0.318647 0.904494 0.766837 11 0.0
0.328062 0.872721 0.776867 11 0.0
0.312774 0.845275 0.762315 11 0.0
0.303358 0.877048 0.752285 11 0.0
0.65694 0.900527 0.790948 12 0.0
0.65558 0.932054 0.79137 12 0.0
0.640723 0.899679 0.802007 12 0.0
0.658299 0.869 0.790526 12 0.0
0.673157 0.901375 0.779889 12 0.0
0.235672 0.155819 0.367967 8 1.0
0.774097 0.011607 0.254597 6 6e-06
0.581588 0.291052 0.368253 8 3e-06
0.770348 0.011282 0.183534 16 0.031583
0.76861 0.016587 0.184327 16 0.031583
0.771496 0.009966 0.194844 16 0.031583
0.772086 0.005977 0.18274 16 0.031583
0.7692 0.012598 0.172223 16 0.031583
0.741833 0.010653 0.374461 8 0.000852
0.741886 0.014719 0.374525 8 0.000852
0.729605 0.010784 0.376234 8 0.000852
0.74178 0.006587 0.374396 8 0.000852
0.754062 0.010522 0.372687 8 0.000852
0.458146 0.965673 0.8371 12 0.0
0.47795 0.966947 0.840038 12 0.0
0.457234 0.977551 0.838093 12 0.0
0.438342 0.964398 0.834162 12 0.0
0.459058 0.953794 0.836106 12 0.0
0.516324 0.99007 0.423196 15 0.999886
0.738784 0.943559 0.69457 12 0.0
0.748145 0.955776 0.678213 12 0.0
0.735587 0.957247 0.702963 12 0.0
0.729422 0.931342 0.710926 12 0.0
0.741981 0.929871 0.686176 12 0.0
0.550492 0.789616 0.834498 12 1e-06
0.7756 0.232366 0.372637 6 0.999989
0.665725 0.402729 0.154343 8 0.999254
0.33361 0.421329 0.159331 8 0.999469
0.74924 -0.000477 0.370227 1 1.0
0.603545 0.995634 0.658888 15 0.999999
0.657106 0.963449 0.781127 12 0.0
0.539542 0.607632 0.156361 8 0.999999
0.6422 0.79849 0.7998 12 0.0
0.628835 0.797677 0.80973 12 0.0
0.642775 0.79169 0.800017 12 0.0
0.655565 0.799304 0.789869 12 0.0
0.641625 0.805291 0.799582 12 0.0
0.524953 0.274941 0.373154 4 0.999882
0.460489 0.799547 0.839667 12 1e-06
0.46067 0.807379 0.838915 12 1e-06
0.442067 0.799748 0.83733 12 1e-06
0.460308 0.791715 0.840419 12 1e-06
0.47891 0.799346 0.842003 12 1e-06
0.228681 0.454447 0.370206 8 0.999997
0.498402 0.001963 0.169297 1 1.0
0.649122 0.512447 0.361483 8 0.0
0.222651 0.908848 0.154849 2 1.0
0.756108 0.616996 0.372633 8 0.0281
0.758821 0.46243 0.369836 8 0.999998
0.34019 0.490729 0.35148 9 0.0
0.759571 0.527583 0.370355 8 0.999999
0.336177 0.382682 0.367572 8 0.0
0.340649 0.353172 0.374415 8 0.0
0.374462 0.322306 0.373587 8 0.001065
0.773859 0.446759 0.371587 8 0.999996
0.22894 0.325306 0.368176 8 1.0
0.319676 0.420292 0.374113 9 0.0
0.618006 0.319251 0.374287 8 0.98566
0.492679 0.997708 0.157012 7 0.999873
0.647845 0.309116 0.377278 8 0.0
0.226835 0.240071 0.15583 2 1.0
0.759017 0.948025 0.652737 12 0.0
0.755522 0.95724 0.666721 12 0.0
0.756165 0.930782 0.663385 12 0.0
0.762513 0.938811 0.638752 12 0.0
0.761869 0.965269 0.642088 12 0.0
0.737094 0.99728 0.687326 14 1.0
0.263688 0.821601 0.703892 11 0.0
0.264997 0.835567 0.702901 11 0.0
0.273363 0.82199 0.722167 11 0.0
0.26238 0.807634 0.704882 11 0.0
0.254013 0.821211 0.685616 11 0.0
0.626485 0.889992 0.793757 12 0.0
0.623303 0.917774 0.795541 12 0.0
0.610804 0.887624 0.802656 12 0.0
0.629666 0.862209 0.791973 12 0.0
0.642165 0.892359 0.784857 12 0.0
0.352499 0.905334 0.799284 12 0.0
0.354106 0.931728 0.79918 12 0.0
0.36253 0.904748 0.805341 12 0.0
0.350893 0.87894 0.799388 12 0.0
0.342469 0.905921 0.793226 12 0.0
0.526055 0.891259 0.835009 13 0.0
0.539771 0.893211 0.833613 13 0.0
0.52232 0.91814 0.835908 13 0.0
0.512339 0.889307 0.836405 13 0.0
0.52979 0.864378 0.834109 13 0.0
0.398458 0.823439 0.819854 12 0.0
0.416954 0.82191 0.827291 12 0.0
0.397393 0.809175 0.819569 12 0.0
0.379961 0.824969 0.812417 12 0.0
0.399522 0.837703 0.820139 12 0.0
0.735448 0.859126 0.708693 12 0.0
0.741553 0.877556 0.698198 12 0.0
0.729061 0.867845 0.72029 12 0.0
0.729342 0.840696 0.719188 12 0.0
0.741834 0.850407 0.697096 12 0.0
0.485561 0.938011 0.840267 12 0.0
0.502584 0.93772 0.840922 12 0.0
0.485842 0.957904 0.841836 12 0.0
0.468539 0.938302 0.839613 12 0.0
0.485281 0.918118 0.838698 12 0.0
0.451188 0.998261 0.837641 14 1.0
0.653571 0.991024 0.79066 14 0.000192
0.41166 0.961445 0.824681 12 0.0
0.40525 0.967263 0.822869 12 0.0
0.402042 0.949413 0.82008 12 0.0
0.418071 0.955627 0.826494 12 0.0
0.421279 0.973477 0.829283 12 0.0
0.40819 0.784203 0.826648 12 0.999231
0.470411 0.929946 0.839302 12 0.0
0.492642 0.934062 0.841863 12 0.0
0.466361 0.952257 0.838601 12 0.0
0.44818 0.92583 0.83674 12 0.0
0.474461 0.907635 0.840003 12 0.0
0.761776 0.996672 0.184116 14 0.999847
0.559779 0.993117 0.437026 15 0.999359
0.380957 0.322915 0.153698 8 0.990227
0.734112 0.953416 0.70282 12 0.0
0.738278 0.967182 0.699752 12 0.0
0.724831 0.959835 0.719015 12 0.0
0.729946 0.939651 0.705888 12 0.0
0.743393 0.946998 0.686625 12 0.0
0.362001 0.791138 0.520119 15 0.355425
0.764588 0.799892 0.420355 16 0.999998
0.346605 0.363199 0.159051 9 0.999673
0.592406 0.783031 0.681778 15 0.096801
0.231612 0.165728 0.37109 8 0.999996
0.658154 0.791619 0.785971 12 0.0
0.765954 0.99595 0.432264 14 0.0
0.766979 0.010747 0.370243 8 0.999989
0.771283 0.012155 0.371344 8 0.999989
0.769143 0.007135 0.366403 8 0.999989
0.762675 0.009338 0.369142 8 0.999989
0.764815 0.014358 0.374083 8 0.999989
0.522629 0.610468 0.170113 8 1.0
0.223321 0.712731 0.350705 2 0.0
0.392674 0.987078 0.472586 15 0.999996
0.22365 0.997524 0.284087 2 1.0
0.384481 0.559717 0.338275 4 0.0
0.403149 0.583183 0.337183 4 0.0
0.383231 0.561287 0.350643 4 0.0
0.365812 0.536252 0.339367 4 0.0
0.38573 0.558148 0.325907 4 0.0
0.229651 0.511076 0.373285 8 0.389683
0.365934 0.332265 0.375007 8 8.4e-05
0.386415 0.568552 0.365831 9 0.0
0.362237 0.331366 0.349475 4 0.857711
0.341507 0.492341 0.342596 8 0.0
0.354818 0.518383 0.342281 8 0.0
0.340009 0.493241 0.353716 8 0.0
0.328196 0.466298 0.342911 8 0.0
0.343005 0.49144 0.331476 8 0.0
0.759327 0.505524 0.371436 8 1.0
0.406468 0.996778 0.153605 7 0.001853
0.333137 0.370375 0.374717 8 0.0
0.338014 0.336025 0.372234 8 0.0
0.237096 0.573619 0.164166 7 1.0
0.401554 0.008803 0.155232 7 0.999998
0.686911 0.961175 0.762535 13 0.0
0.689654 0.968406 0.760766 13 0.0
0.671767 0.970681 0.777911 13 0.0
0.684167 0.953943 0.764304 13 0.0
0.702055 0.951668 0.747159 13 0.0
0.347638 0.933951 0.791131 12 0.0
0.356017 0.948798 0.796982 12 0.0
0.360239 0.923504 0.799594 12 0.0
0.339259 0.919105 0.785281 12 0.0
0.335036 0.944398 0.782668 12 0.0
0.522259 0.867221 0.837366 12 0.0
0.540295 0.87073 0.835898 12 0.0
0.516938 0.894525 0.837261 12 0.0
0.504222 0.863712 0.838835 12 0.0
0.527579 0.839917 0.837472 12 0.0
0.391033 0.779955 0.821437 10 0.999975
0.494606 0.901914 0.833208 12 0.0
0.512657 0.900656 0.833604 12 0.0
0.496674 0.932494 0.836149 12 0.0
0.476556 0.903173 0.832811 12 0.0
0.492539 0.871334 0.830266 12 0.0
0.393426 0.930485 0.811325 12 0.0
0.760672 0.162055 0.368324 8 0.999989
0.778566 1.000502 0.561079 13 1.0
0.588933 0.298317 0.35143 8 0.0
0.452755 0.003788 0.365053 1 0.0
0.459029 0.947966 0.833965 12 0.0
0.467196 0.96137 0.837424 12 0.0
0.443295 0.957809 0.832976 12 0.0
0.450861 0.934562 0.830505 12 0.0
0.474763 0.938123 0.834954 12 0.0
0.775357 0.999795 0.2036 14 1.0
0.740017 0.964852 0.694915 12 0.0
0.741606 0.976422 0.695195 12 0.0
0.729626 0.9658 0.714732 12 0.0
0.738427 0.953282 0.694635 12 0.0
0.750407 0.963904 0.675098 12 0.0
0.592816 0.006275 0.351518 1 0.0
0.634822 0.793029 0.803742 12 0.133633
0.369377 0.991574 0.623284 15 0.009072
0.34903 0.783375 0.560225 10 6e-06
0.659824 0.504046 0.152161 8 0.999986
0.440605 0.825298 0.836832 11 0.0
0.445587 0.840504 0.836963 11 0.0
0.43082 0.828513 0.835847 11 0.0
0.435623 0.810092 0.8367 11 0.0
0.45039 0.822084 0.837816 11 0.0
0.77099 0.007225 0.350533 6 1.0
0.772583 0.005369 0.351552 6 1.0
0.769232 0.009662 0.357716 6 1.0
0.769397 0.009081 0.349513 6 1.0
0.772748 0.004788 0.343349 6 1.0
0.769523 0.078702 0.368414 8 0.999998
0.367975 0.329841 0.344937 9 0.0
0.758084 0.564308 0.3658 8 0.995834
0.321984 0.503223 0.37089 8 0.0
0.658175 0.377457 0.374677 8 0.998986
0.654915 0.002051 0.157525 1 1.0
0.34511 0.299387 0.373776 8 0.0
0.773272 0.868329 0.153548 7 1.0
0.348756 0.355679 0.363436 8 2e-06
0.353236 0.908818 0.797487 12 0.0
0.354577 0.929861 0.797341 12 0.0
0.366383 0.908041 0.806288 12 0.0
0.351894 0.887775 0.797634 12 0.0
0.340088 0.909595 0.788686 12 0.0
0.357883 0.344042 0.361706 8 0.0
0.329727 0.3434 0.372988 8 0.0
0.351573 0.349311 0.334172 8 0.0
0.419886 0.293546 0.361229 4 0.935059
0.264076 0.890564 0.702875 11 0.0
0.262983 0.924367 0.702657 11 0.0
0.273804 0.890991 0.720258 11 0.0
0.265168 0.856762 0.703094 11 0.0
0.254348 0.890138 0.685492 11 0.0
0.629543 0.921253 0.806475 12 0.0
0.625355 0.945767 0.810803 12 0.0
0.614503 0.917321 0.814195 12 0.0
0.63373 0.89674 0.802148 12 0.0
0.644582 0.925185 0.798756 12 0.0
0.226594 0.898921 0.585767 11 0.0
0.227645 0.901212 0.603372 11 0.0
0.227289 0.866788 0.589908 11 0.0
0.225543 0.896629 0.568162 11 0.0
0.2259 0.931053 0.581626 11 0.0
0.503197 0.877789 0.838844 12 0.0
0.520127 0.876081 0.838966 12 0.0
0.506224 0.907823 0.839271 12 0.0
0.486266 0.879498 0.838723 12 0.0
0.500169 0.847756 0.838418 12 0.0
0.618055 0.949726 0.812442 12 0.0
0.601024 0.962736 0.821331 12 0.0
0.612054 0.940908 0.813851 12 0.0
0.635086 0.936715 0.803552 12 0.0
0.624056 0.958543 0.811032 12 0.0
0.769336 0.872815 0.611207 12 0.0
0.772283 0.874773 0.592139 12 0.0
0.769732 0.899634 0.614023 12 0.0
0.766389 0.870856 0.630274 12 0.0
0.768939 0.845996 0.608391 12 0.0
0.484637 0.888864 0.838945 12 0.0
0.505426 0.890402 0.840294 12 0.0
0.482136 0.923105 0.838448 12 0.0
0.463848 0.887326 0.837596 12 0.0
0.487138 0.854622 0.839441 12 0.0
0.397312 0.983039 0.824769 11 0.999976
0.660361 0.931435 0.785198 12 0.0
0.65491 0.952392 0.789924 12 0.0
0.646118 0.925414 0.795469 12 0.0
0.665812 0.910477 0.780472 12 0.0
0.674604 0.937456 0.774927 12 0.0
0.433884 0.994464 0.834516 12 1.0
0.772386 0.006961 0.26123 6 1e-06
0.417082 0.922074 0.827023 12 0.0
0.405995 0.941169 0.825442 12 0.0
0.404181 0.914123 0.821456 12 0.0
0.428168 0.902979 0.828605 12 0.0
0.429983 0.930026 0.83259 12 0.0
0.437148 0.005177 0.357747 1 0.0
0.441063 0.957988 0.832654 11 0.0
0.452306 0.967174 0.83583 11 0.0
0.43256 0.968281 0.832988 11 0.0
0.429819 0.948803 0.829478 11 0.0
0.449566 0.947696 0.832321 11 0.0
0.528286 0.779624 0.843786 10 0.999999
0.676104 0.456214 0.166862 8 0.999991
0.656736 0.969335 0.785674 12 0.0
0.655287 0.977883 0.786873 12 0.0
0.637415 0.964116 0.799554 12 0.0
0.658184 0.960787 0.784476 12 0.0
0.676057 0.974554 0.771794 12 0.0
0.450349 0.921667 0.834077 11 0.0
0.471228 0.925418 0.838156 11 0.0
0.445939 0.947389 0.832996 11 0.0
0.429469 0.917916 0.829998 11 0.0
0.454758 0.895946 0.835158 11 0.0
0.22804 0.392897 0.360067 2 0.002078
0.755606 0.793383 0.447925 16 1.0
0.748425 0.798155 0.44729 16 1.0
0.753537 0.793903 0.475252 16 1.0
0.762787 0.788611 0.448559 16 1.0
0.757675 0.792862 0.420597 16 1.0
0.672413 0.458886 0.374735 8 0.0
0.434071 0.286307 0.366272 4 0.971101
0.435248 0.287562 0.369442 4 0.971101
0.442527 0.280663 0.365366 4 0.971101
0.432893 0.285052 0.363102 4 0.971101
0.425614 0.29195 0.367178 4 0.971101
0.446475 0.602895 0.357808 8 0.0
0.227631 0.732851 0.352606 2 1e-06
0.225577 0.508185 0.36671 2 0.0
0.337915 0.505796 0.364464 9 0.0
0.387108 0.56465 0.347606 9 0.0
0.408838 0.583152 0.346417 9 0.0
0.386135 0.566399 0.357037 9 0.0
0.365378 0.546149 0.348794 9 0.0
0.388081 0.562902 0.338174 9 0.0
0.760248 0.509687 0.369672 8 0.997432
0.673014 0.387754 0.380345 4 0.0
0.772415 0.754559 0.36702 13 0.999989
0.49758 0.001236 0.157834 7 0.998141
0.722043 0.326682 0.371849 8 0.0
0.340854 0.345928 0.353353 8 0.716361
0.546871 0.012936 0.170414 1 0.985477
0.379461 0.323143 0.374514 8 0.00035
0.75269 0.939244 0.665802 12 0.0
0.747167 0.947706 0.682141 12 0.0
0.748494 0.920893 0.673888 12 0.0
0.758213 0.930782 0.649464 12 0.0
0.756886 0.957595 0.657717 12 0.0
0.242605 0.794906 0.663463 11 0.190751
0.243091 0.800952 0.663724 11 0.190751
0.249484 0.793535 0.682356 11 0.190751
0.24212 0.78886 0.663201 11 0.190751
0.235727 0.796277 0.644569 11 0.190751
0.737464 0.996522 0.703611 14 0.995961
0.629812 0.869853 0.799137 12 0.0
0.633887 0.893378 0.796759 12 0.0
0.613888 0.873416 0.807095 12 0.0
0.625736 0.846328 0.801514 12 0.0
0.645735 0.86629 0.791178 12 0.0
0.355282 0.901037 0.802163 12 0.0
0.356691 0.932297 0.802017 12 0.0
0.364677 0.900645 0.808904 12 0.0
0.353873 0.869776 0.802309 12 0.0
0.345887 0.901428 0.795422 12 0.0
0.510778 0.909942 0.839655 12 0.0
0.529189 0.909792 0.838728 12 0.0
0.511084 0.938664 0.841111 12 0.0
0.492367 0.910091 0.840582 12 0.0
0.510471 0.881219 0.838198 12 0.0
0.496044 0.911348 0.834427 15 0.0
0.510626 0.908496 0.833967 15 0.0
0.501529 0.938823 0.837994 15 0.0
0.481461 0.9142 0.834887 15 0.0
0.490558 0.883873 0.83086 15 0.0
0.627979 0.98936 0.81172 12 0.999994
0.62906 0.992804 0.811405 12 0.999994
0.62333 0.991387 0.817935 12 0.999994
0.626898 0.985915 0.812035 12 0.999994
0.632629 0.987332 0.805506 12 0.999994
0.226318 0.782438 0.427443 10 0.99809
0.226961 0.116426 0.367299 3 1.0
0.357585 0.003361 0.366464 1 0.998807
0.416646 0.95779 0.826414 12 0.0
0.414159 0.971768 0.825287 12 0.0
0.39643 0.953658 0.819774 12 0.0
0.419132 0.943812 0.827541 12 0.0
0.436861 0.961922 0.833054 12 0.0
0.224296 -0.000792 0.342035 1 1.0
0.550881 0.009009 0.164965 1 0.999998
0.468228 0.947203 0.837415 12 0.0
0.483141 0.957677 0.840242 12 0.0
0.458879 0.960369 0.837957 12 0.0
0.453316 0.93673 0.834587 12 0.0
0.477578 0.934037 0.836873 12 0.0
0.33193 0.992268 0.782276 12 0.009556
0.53154 0.272274 0.374619 8 0.706123
0.638934 0.779442 0.597768 10 0.998861
0.665405 0.39375 0.153161 8 0.99998
0.355157 0.347962 0.150995 9 0.607823
0.486524 0.9973 0.713904 14 0.999464
0.638411 0.936528 0.793006 11 0.0
0.628717 0.953692 0.802925 11 0.0
0.625416 0.9264 0.797832 11 0.0
0.648104 0.919365 0.783087 11 0.0
0.651405 0.946656 0.78818 11 0.0
0.470424 0.277913 0.175468 9 0.00882
0.450883 0.284507 0.17577 9 0.00882
0.470648 0.278175 0.184213 9 0.00882
0.489965 0.271318 0.175166 9 0.00882
0.4702 0.27765 0.166723 9 0.00882
0.607156 0.787338 0.82266 16 0.999884
0.44944 0.918101 0.834051 12 0.0
0.470249 0.923782 0.837883 12 0.0
0.442404 0.944331 0.833373 12 0.0
0.42863 0.912421 0.830218 12 0.0
0.456475 0.891871 0.834729 12 0.0
0.762682 0.229939 0.373281 8 0.982684
0.625025 0.336009 0.351462 8 1e-06
0.425543 0.99277 0.686486 15 0.999993
0.740605 0.014502 0.361469 1 0.999979
0.322262 0.449013 0.372122 8 0.0
0.377482 0.322275 0.347071 9 0.0
0.775797 0.058711 0.373514 16 1.0
0.352737 0.339118 0.351117 8 0.0
0.313005 0.425498 0.372752 8 0.0
0.636098 0.335054 0.345241 8 0.999726
0.655117 0.368991 0.374266 8 0.0
0.627794 0.324834 0.377675 8 0.006597
0.776425 0.992929 0.309322 16 0.997135
0.302429 0.877253 0.756514 12 0.0
0.303407 0.908111 0.757647 12 0.0
0.314741 0.876366 0.770053 12 0.0
0.301451 0.846396 0.755381 12 0.0
0.290117 0.878141 0.742975 12 0.0
0.26502 0.790945 0.704025 12 0.032817
0.240434 0.917308 0.658578 12 0.0
0.245294 0.918253 0.673891 12 0.0
0.240804 0.89154 0.660052 12 0.0
0.235574 0.916362 0.643265 12 0.0
0.240064 0.943076 0.657104 12 0.0
0.682549 0.832584 0.766252 12 0.0
0.676479 0.844288 0.77178 12 0.0
0.671787 0.821764 0.777344 12 0.0
0.68862 0.820879 0.760725 12 0.0
0.693311 0.843403 0.75516 12 0.0
0.531748 0.879398 0.836759 12 0.0
0.549666 0.87865 0.834745 12 0.0
0.533093 0.91003 0.837343 12 0.0
0.513829 0.880147 0.838772 12 0.0
0.530402 0.848767 0.836175 12 0.0
0.380643 0.828001 0.811164 12 0.0
0.39686 0.818405 0.819629 12 0.0
0.374122 0.815437 0.809415 12 0.0
0.364426 0.837597 0.802699 12 0.0
0.387165 0.840565 0.812913 12 0.0
0.617229 0.011004 0.15669 7 0.037715
0.530752 0.004911 0.358852 1 0.0
0.474282 0.948929 0.839501 12 0.0
0.489166 0.961912 0.841636 12 0.0
0.465002 0.95949 0.839975 12 0.0
0.459397 0.935947 0.837366 12 0.0
0.483561 0.938369 0.839028 12 0.0
0.739904 0.960946 0.692863 13 0.0
0.742066 0.973529 0.692774 13 0.0
0.729433 0.962889 0.713203 13 0.0
0.737741 0.948362 0.692951 13 0.0
0.750374 0.959003 0.672523 13 0.0
0.228286 0.234816 0.360479 2 0.000335
0.670387 0.447151 0.153269 8 0.999998
0.775851 0.994889 0.318247 16 1.0
0.676497 0.422641 0.160929 8 0.875021
0.637524 0.343046 0.153 8 0.999998
0.608995 0.00224 0.156532 1 1.0
0.433258 0.944137 0.831769 12 0.0
0.445511 0.956046 0.835374 12 0.0
0.419679 0.958709 0.829783 12 0.0
0.421006 0.932228 0.828164 12 0.0
0.446838 0.929564 0.833754 12 0.0
0.24988 0.018808 0.371461 8 1.0
0.238881 0.131078 0.373257 8 0.110657
0.775216 0.994611 0.183134 5 1.0
0.764147 0.066171 0.373336 8 0.999999
0.396482 0.785342 0.681966 10 0.0
0.373843 0.790589 0.811297 12 0.0
0.380463 0.566778 0.371753 8 0.0
0.760942 0.601937 0.369219 8 0.849444
0.346401 0.514961 0.365117 9 0.0
0.223571 0.99856 0.254371 14 1.0
0.778057 1.000306 0.55469 16 1.0
0.225753 0.638921 0.374456 4 1.0
0.329557 0.398677 0.363623 4 1e-06
0.346519 0.342214 0.354913 8 0.0
0.467485 0.94637 0.831727 15 0.0
0.479118 0.953039 0.835637 15 0.0
0.458028 0.96213 0.832982 15 0.0
0.455852 0.939701 0.827817 15 0.0
0.476941 0.930609 0.830473 15 0.0
0.323881 0.445508 0.367656 8 0.0
0.543712 0.270761 0.378045 8 0.0
0.625746 0.285086 0.377255 8 0.0
0.226724 0.466815 0.3644 2 0.99995
0.770671 0.466605 0.162631 5 0.999972
0.550873 0.278985 0.375368 8 0.975274
0.774313 0.650732 0.367542 16 0.999998
0.354281 0.352507 0.372715 8 0.999982
0.687776 0.954633 0.76395 12 0.0
0.693073 0.965251 0.760551 12 0.0
0.676259 0.964272 0.776107 12 0.0
0.682478 0.944016 0.76735 12 0.0
0.699293 0.944995 0.751794 12 0.0
0.620592 0.908442 0.805052 12 0.0
0.630036 0.927919 0.800477 12 0.0
0.60869 0.91549 0.810482 12 0.0
0.611147 0.888966 0.809627 12 0.0
0.632494 0.901395 0.799622 12 0.0
0.703944 0.894979 0.736172 16 0.0
0.702716 0.928172 0.741033 16 0.0
0.693513 0.89289 0.7478 16 0.0
0.705172 0.861787 0.73131 16 0.0
0.714375 0.897068 0.724544 16 0.0
0.690753 0.855629 0.761413 12 0.0
0.681971 0.862695 0.769597 12 0.0
0.681341 0.834109 0.769895 12 0.0
0.699535 0.848563 0.75323 12 0.0
0.700165 0.877149 0.752932 12 0.0
0.774609 0.194537 0.370634 16 0.999999
0.57291 0.292544 0.363059 8 0.000185
0.775171 0.049755 0.156007 6 1.0
0.446756 0.945855 0.832594 12 0.0
0.468661 0.95095 0.837505 12 0.0
0.442721 0.963708 0.832075 12 0.0
0.424851 0.940761 0.827682 12 0.0
0.450791 0.928003 0.833112 12 0.0
0.775965 0.991825 0.17346 16 0.999995
0.225677 0.995431 0.263098 2 0.999294
0.22787 0.230408 0.366682 8 0.0
0.222833 0.902379 0.155656 2 1.0
0.762545 0.99275 0.578474 14 0.99994
0.229911 0.127543 0.156993 7 0.979464
0.647554 0.941849 0.794893 12 0.0
0.637629 0.956484 0.803094 12 0.0
0.635974 0.930281 0.801521 12 0.0
0.657479 0.927214 0.786691 12 0.0
0.659134 0.953417 0.788264 12 0.0
0.611797 0.002244 0.158126 1 1.0
0.445791 0.781878 0.705983 15 0.999899
0.445542 0.822506 0.832938 12 0.0
0.449058 0.83513 0.833145 12 0.0
0.424486 0.828449 0.82817 12 0.0
0.442027 0.809883 0.83273 12 0.0
0.466599 0.816564 0.837705 12 0.0
0.412056 0.780628 0.67824 15 0.999999
0.445146 0.60677 0.37392 8 0.0
0.768292 0.576994 0.373489 8 1.0
0.225627 0.147183 0.37392 8 1.0
0.763346 0.698133 0.356021 8 0.999961
0.510125 0.992797 0.159572 7 0.999999
0.408806 0.295502 0.374618 8 4e-06
0.464849 0.002498 0.1799 1 0.999996
0.759203 0.46344 0.369423 8 1.0
0.344523 0.316062 0.373108 8 0.0
0.331476 0.347877 0.37203 8 0.0
0.324073 0.443766 0.364837 8 0.0
0.356692 0.334676 0.370739 8 0.0
0.746833 0.489061 0.156056 7 0.0
0.250178 0.88 0.65819 11 0.0
0.248434 0.912178 0.655812 11 0.0
0.257008 0.881707 0.676284 11 0.0
0.251923 0.847823 0.660567 11 0.0
0.243349 0.878293 0.640095 11 0.0
0.771721 0.939862 0.5784 13 0.0
0.773057 0.958258 0.573364 13 0.0
0.768785 0.947127 0.60416 13 0.0
0.770385 0.921467 0.583436 13 0.0
0.774657 0.932597 0.55264 13 0.0
0.378392 0.826371 0.814666 12 0.0
0.393994 0.821771 0.821988 12 0.0
0.374432 0.811053 0.813478 12 0.0
0.36279 0.830972 0.807343 12 0.0
0.382351 0.84169 0.815854 12 0.0
0.765356 0.851374 0.604107 16 0.0
0.768122 0.859742 0.582469 16 0.0
0.764396 0.872221 0.612046 16 0.0
0.76259 0.843007 0.625745 16 0.0
0.766316 0.830528 0.596169 16 0.0
0.324988 0.886358 0.778003 12 0.0
0.324953 0.920344 0.778079 12 0.0
0.337437 0.886347 0.788573 12 0.0
0.325024 0.852371 0.777927 12 0.0
0.312539 0.886368 0.767433 12 0.0
0.489416 0.931878 0.83973 12 0.0
0.507036 0.932251 0.840374 12 0.0
0.488898 0.953403 0.841431 12 0.0
0.471796 0.931505 0.839087 12 0.0
0.489934 0.910353 0.838029 12 0.0
0.226991 0.001101 0.26167 1 1.0
0.756697 0.832507 0.651568 16 0.0
0.751016 0.838762 0.669407 16 0.0
0.755695 0.81707 0.656662 16 0.0
0.762379 0.826251 0.633729 16 0.0
0.7577 0.847943 0.646474 16 0.0
0.756828 0.99199 0.632855 15 0.374688
0.687445 0.996662 0.154702 7 1.0
0.520212 0.989954 0.428707 15 0.995776
0.265139 0.96703 0.701822 12 0.0
0.275588 0.972066 0.720534 12 0.0
0.266972 0.957529 0.703355 12 0.0
0.254689 0.961994 0.68311 12 0.0
0.263306 0.976531 0.700288 12 0.0
0.501528 0.002351 0.340224 1 0.0
0.517133 0.803956 0.830814 2 1e-06
0.229081 0.00203 0.24392 1 0.998692
0.524645 0.277622 0.162015 8 0.996995
0.516369 0.275198 0.159576 8 0.996995
0.522945 0.279676 0.165743 8 0.996995
0.532921 0.280047 0.164454 8 0.996995
0.526346 0.275569 0.158287 8 0.996995
0.439385 0.989336 0.692027 15 0.999928
0.221696 0.789072 0.359143 2 1.0
0.22225 0.791793 0.353083 2 1.0
0.222765 0.798551 0.363498 2 1.0
0.221142 0.78635 0.365202 2 1.0
0.220627 0.779593 0.354788 2 1.0
0.448549 0.011426 0.371426 8 1.0
0.77451 0.881827 0.153914 7 1.0
0.399149 0.577488 0.357826 8 0.0
0.750582 0.005331 0.373769 8 1.0
0.774413 0.292228 0.157546 5 1.0
0.68929 0.006984 0.356542 1 0.001397
0.337341 0.381595 0.364828 8 0.0
0.219593 0.820891 0.166726 2 0.99997
0.579493 0.00429 0.175667 1 0.99999
0.41774 0.998969 0.155478 7 1.0
0.2265 0.223333 0.15794 2 0.999974
0.759502 0.51246 0.370687 8 0.999994
0.238985 0.898539 0.629853 12 0.0
0.239384 0.930605 0.631326 12 0.0
0.243864 0.897637 0.648153 12 0.0
0.238585 0.866472 0.62838 12 0.0
0.234106 0.89944 0.611553 12 0.0
0.687027 0.906362 0.76127 12 0.0
0.691626 0.929252 0.756494 12 0.0
0.675199 0.910922 0.771736 12 0.0
0.682428 0.883472 0.766046 12 0.0
0.698855 0.901802 0.750804 12 0.0
0.227576 0.989906 0.604241 12 0.999992
0.623244 0.916484 0.802214 12 0.0
0.619611 0.93242 0.803818 12 0.0
0.606139 0.911866 0.809366 12 0.0
0.626876 0.900548 0.80061 12 0.0
0.640348 0.921103 0.795062 12 0.0
0.720067 0.891733 0.725968 12 0.0
0.722163 0.926198 0.724038 12 0.0
0.710493 0.893077 0.739573 12 0.0
0.717971 0.857268 0.727898 12 0.0
0.729641 0.890389 0.712363 12 0.0
0.223762 0.003567 0.277232 3 1.0
0.729913 0.861425 0.715408 12 0.0
0.736278 0.888806 0.705185 12 0.0
0.723364 0.867368 0.727247 12 0.0
0.723549 0.834045 0.725631 12 0.0
0.736463 0.855483 0.703569 12 0.0
0.653878 0.836385 0.790429 12 0.0
0.647081 0.850424 0.794744 12 0.0
0.64058 0.82729 0.799077 12 0.0
0.660674 0.822347 0.786114 12 0.0
0.667175 0.845481 0.781781 12 0.0
0.737413 0.926992 0.69508 16 0.0
0.742318 0.94045 0.685402 16 0.0
0.730252 0.940061 0.709624 16 0.0
0.732507 0.913534 0.704757 16 0.0
0.744573 0.913924 0.680536 16 0.0
0.33497 0.016876 0.367652 8 0.999714
0.774362 0.789725 0.48579 16 0.999999
0.228967 0.410484 0.368685 8 0.999774
0.226321 0.137501 0.366742 8 0.0
0.226605 0.200439 0.368894 8 0.999783
0.678347 0.450597 0.157125 8 1.0
0.609877 0.792389 0.815556 12 0.0
0.228188 0.316741 0.369519 8 0.999426
0.672957 0.392731 0.161675 4 0.999682
0.742698 0.994921 0.687372 14 0.013789
0.58 0.795172 0.694091 15 0.00024
0.229958 0.136842 0.37558 8 1.0
0.666894 0.952935 0.78104 12 0.0
0.659283 0.964366 0.789167 12 0.0
0.65788 0.943177 0.786325 12 0.0
0.674505 0.941504 0.772913 12 0.0
0.675907 0.962694 0.775755 12 0.0
0.327903 0.452299 0.152817 4 0.999964
0.770987 0.19043 0.156965 7 1.0
0.40723 0.830015 0.825226 12 0.0
0.425639 0.825024 0.831659 12 0.0
0.402889 0.813614 0.824926 12 0.0
0.388821 0.835006 0.818793 12 0.0
0.411572 0.846415 0.825526 12 0.0
0.711366 0.007531 0.374262 8 0.999752
0.554785 0.780951 0.705359 15 0.999974
0.555739 0.782143 0.708694 15 0.999974
0.543207 0.77992 0.709037 15 0.999974
0.553832 0.77976 0.702024 15 0.999974
0.566363 0.781983 0.70168 15 0.999974
0.655201 0.017223 0.37225 8 1.0
0.76233 0.604529 0.369996 8 0.981505
0.594815 0.586988 0.373111 8 0.0
0.314889 0.002293 0.154227 1 1.0
0.390163 0.581006 0.367154 8 0.0
0.688893 0.010879 0.371869 8 1.0
0.374361 0.309491 0.373893 8 0.0
0.53517 0.273365 0.373832 4 0.008868
0.304333 0.53935 0.371429 8 0.0
0.288747 0.544927 0.37076 8 0.0
0.315566 0.570766 0.371603 8 0.0
0.319918 0.533773 0.372098 8 0.0
0.293099 0.507934 0.371255 8 0.0
0.540398 0.207619 0.377713 8 0.0
0.536928 0.230688 0.377184 8 0.0
0.605504 0.217436 0.378737 8 0.0
0.543868 0.18455 0.378242 8 0.0
0.475292 0.197801 0.376689 8 0.0
0.44206 0.0024 0.361822 1 1.0
0.613117 0.296238 0.37502 8 0.0
0.227201 0.886481 0.163659 3 1.0
0.684565 0.970362 0.764388 12 0.000208
0.26659 0.84883 0.700677 12 0.0
0.263982 0.870142 0.69527 12 0.0
0.276588 0.854561 0.718441 12 0.0
0.269198 0.827518 0.706085 12 0.0
0.256591 0.8431 0.682913 12 0.0
0.632534 0.858066 0.806564 12 0.0
0.632784 0.882211 0.805097 12 0.0
0.616785 0.858745 0.815042 12 0.0
0.632284 0.833922 0.80803 12 0.0
0.648284 0.857388 0.798085 12 0.0
0.550443 0.057888 0.374603 8 0.0
0.552027 0.075451 0.375347 8 0.0
0.600865 0.053319 0.375114 8 0.0
0.548859 0.040326 0.37386 8 0.0
0.500021 0.062458 0.374093 8 0.0
0.281498 0.888697 0.724655 12 0.0
0.280858 0.922096 0.722287 12 0.0
0.293188 0.890074 0.740931 12 0.0
0.282138 0.855297 0.727022 12 0.0
0.269807 0.887319 0.708378 12 0.0
0.764347 0.870364 0.612666 16 0.0
0.767566 0.876631 0.595141 16 0.0
0.762612 0.89712 0.621914 16 0.0
0.761127 0.864097 0.630191 16 0.0
0.766082 0.843608 0.603417 16 0.0
0.367883 0.553736 0.156129 8 1.0
0.764795 0.994098 0.52004 14 0.996421
0.748783 0.985695 0.62864 14 0.000224
0.347903 0.518929 0.15649 9 0.999995
0.260556 0.002178 0.366352 1 0.999857
0.771821 0.244053 0.348676 6 0.0
0.348861 0.364401 0.15189 8 0.999655
0.433839 0.852736 0.830825 12 0.0
0.452026 0.860705 0.834778 12 0.0
0.424708 0.875077 0.827795 12 0.0
0.415653 0.844766 0.826872 12 0.0
0.442971 0.830394 0.833855 12 0.0
0.400793 0.997998 0.453626 14 1e-06
0.427581 0.989576 0.692907 14 0.999967
0.684578 0.408087 0.373339 8 0.0
0.766271 0.563564 0.369977 8 1.0
0.469621 0.011563 0.170161 1 1.0
0.321662 0.509356 0.371674 8 0.0
0.222586 0.999815 0.248856 2 1.0
0.229359 0.074929 0.369919 8 0.999997
0.77462 0.385911 0.156622 16 1.0
0.376045 0.316616 0.372633 8 0.0
0.540454 0.274498 0.376015 8 0.33792
0.761659 0.510107 0.368549 8 0.999997
0.743027 0.397124 0.376585 8 0.0
0.227505 0.995183 0.580338 12 0.638594
0.767487 0.45045 0.160869 7 0.999992
0.245406 0.830617 0.671389 12 0.0
0.243574 0.846886 0.665701 12 0.0
0.250469 0.835164 0.682763 12 0.0
0.247238 0.814348 0.677078 12 0.0
0.240343 0.82607 0.660016 12 0.0
0.692962 0.894149 0.755626 12 0.0
0.695257 0.927307 0.753095 12 0.0
0.683338 0.895549 0.765234 12 0.0
0.690667 0.860991 0.758157 12 0.0
0.702586 0.89275 0.746018 12 0.0
0.32583 0.867065 0.778024 12 0.0
0.326821 0.89491 0.778263 12 0.0
0.338668 0.866516 0.788739 12 0.0
0.32484 0.83922 0.777785 12 0.0
0.312993 0.867614 0.767309 12 0.0
0.42442 0.965458 0.829392 12 0.0
0.406736 0.968271 0.824826 12 0.0
0.423133 0.953954 0.827285 12 0.0
0.442103 0.962645 0.833958 12 0.0
0.425706 0.976961 0.831498 12 0.0
0.475879 0.950852 0.837953 12 0.0
0.483722 0.964047 0.840774 12 0.0
0.460361 0.960218 0.837282 12 0.0
0.468037 0.937657 0.835132 12 0.0
0.491397 0.941485 0.838623 12 0.0
0.363983 0.341643 0.15419 8 0.9645
0.776546 0.997418 0.18504 16 1.0
0.597656 0.780441 0.6868 10 0.0
0.616034 0.002851 0.156932 1 1.0
0.454673 0.878838 0.834998 12 0.0
0.472319 0.879471 0.8385 12 0.0
0.453365 0.90795 0.836333 12 0.0
0.437028 0.878206 0.831496 12 0.0
0.455982 0.849727 0.833663 12 0.0
0.653667 0.509782 0.154066 8 0.999999
0.670387 0.499522 0.372161 8 0.0
0.592563 0.788044 0.68424 15 0.999944
0.232839 0.998716 0.169475 14 1.0
0.228351 0.999278 0.169993 14 1.0
0.234047 1.000886 0.177576 14 1.0
0.237327 0.998154 0.168956 14 1.0
0.231632 0.996547 0.161374 14 1.0
0.455317 0.789483 0.714663 10 2e-06
0.549716 0.004759 0.36167 1 1.0
0.753988 0.702158 0.349904 8 0.99922
0.231401 0.219912 0.371639 8 1.0
0.222539 0.537908 0.363655 3 1.0
0.615431 0.31448 0.36846 8 0.0
0.547601 0.26731 0.37833 8 2e-06
0.670391 0.4178 0.373158 8 0.0
0.49799 0.001267 0.163196 1 1.0
0.222237 0.406049 0.364012 3 0.999996
0.757634 0.552072 0.37239 8 0.999116
0.685729 0.940438 0.765958 12 0.0
0.689527 0.958879 0.764818 12 0.0
0.673116 0.943817 0.778592 12 0.0
0.68193 0.921996 0.767099 12 0.0
0.698341 0.937059 0.753325 12 0.0
0.617541 0.901497 0.811963 12 0.0
0.619466 0.933451 0.810706 12 0.0
0.600835 0.902812 0.81981 12 0.0
0.615616 0.869542 0.813219 12 0.0
0.634247 0.900182 0.804115 12 0.0
0.688839 0.810823 0.762156 13 0.0
0.68446 0.820214 0.763874 13 0.0
0.680984 0.805492 0.771276 13 0.0
0.693218 0.801431 0.760438 13 0.0
0.696694 0.816153 0.753036 13 0.0
0.473346 1.00123 0.843572 14 1.0
0.492171 0.925233 0.840276 12 0.0
0.508023 0.92143 0.840067 12 0.0
0.497925 0.949122 0.842028 12 0.0
0.476318 0.929036 0.840485 12 0.0
0.486416 0.901344 0.838524 12 0.0
0.655428 0.864946 0.793818 12 0.0
0.653528 0.891721 0.794728 12 0.0
0.641015 0.863588 0.803669 12 0.0
0.657329 0.838171 0.792907 12 0.0
0.669842 0.866304 0.783966 12 0.0
0.597381 0.8493 0.821967 12 0.0
0.592484 0.870976 0.823922 12 0.0
0.580696 0.844951 0.828379 12 0.0
0.602279 0.827624 0.820011 12 0.0
0.614067 0.853648 0.815554 12 0.0
0.46106 0.953895 0.836503 12 0.0
0.466379 0.967908 0.839252 12 0.0
0.445586 0.960104 0.83479 12 0.0
0.455741 0.939881 0.833754 12 0.0
0.476534 0.947685 0.838217 12 0.0
0.776433 0.99288 0.262161 16 0.930936
0.740895 0.94181 0.693096 12 0.0
0.746538 0.957048 0.682447 12 0.0
0.734911 0.954395 0.707932 12 0.0
0.735251 0.926573 0.703745 12 0.0
0.746878 0.929226 0.67826 12 0.0
0.229729 0.4046 0.368002 8 0.999393
0.775209 0.130918 0.156387 16 1.0
0.229145 0.141334 0.368929 8 0.999901
0.226475 0.080584 0.367442 8 1.0
0.656158 0.957226 0.789798 12 0.0
0.653776 0.969834 0.7938 12 0.0
0.641456 0.95123 0.799938 12 0.0
0.65854 0.944617 0.785797 12 0.0
0.67086 0.963221 0.779659 12 0.0
0.441894 0.913045 0.834373 11 0.0
0.462095 0.912946 0.838828 11 0.0
0.44212 0.940349 0.833958 11 0.0
0.421694 0.913144 0.829918 11 0.0
0.441669 0.885741 0.834789 11 0.0
0.776883 0.190964 0.160199 16 0.999999
0.581724 0.298965 0.16423 9 0.997064
0.774256 0.084011 0.367632 16 0.998578
0.443271 0.814947 0.83792 11 0.0
0.445889 0.828004 0.8378 11 0.0
0.426851 0.81821 0.834822 11 0.0
0.440654 0.80189 0.838041 11 0.0
0.459692 0.811684 0.841018 11 0.0
0.228123 0.544115 0.374158 8 1.0
0.665585 0.011043 0.370619 8 0.0
0.676022 0.450964 0.371081 8 0.0
0.324555 0.500136 0.371455 9 0.0
0.51007 0.613318 0.160412 8 1.0
0.629747 0.316467 0.3755 8 0.0
0.765579 0.491846 0.37358 8 1.0
0.364991 0.311988 0.373297 8 0.0
0.503618 0.269183 0.374015 9 0.998141
0.755892 0.553503 0.371574 8 1.0
0.41228 0.005998 0.358931 1 1.0
0.773908 0.99589 0.465772 13 1.0
0.687449 0.918241 0.763385 12 0.0
0.692596 0.945143 0.75946 12 0.0
0.676418 0.921836 0.77356 12 0.0
0.682303 0.891339 0.76731 12 0.0
0.698481 0.914646 0.753211 12 0.0
0.256169 0.899772 0.699438 11 0.0
0.257129 0.936546 0.698815 11 0.0
0.264525 0.899836 0.716143 11 0.0
0.255208 0.862997 0.700061 11 0.0
0.247812 0.899707 0.682732 11 0.0
0.487676 0.935614 0.839907 12 0.0
0.504751 0.934316 0.840321 12 0.0
0.489181 0.955974 0.841655 12 0.0
0.470601 0.936911 0.839493 12 0.0
0.486171 0.915254 0.83816 12 0.0
0.760525 0.061628 0.355333 16 0.999991
0.761655 0.069403 0.357778 16 0.999991
0.766759 0.060095 0.357327 16 0.999991
0.759395 0.053853 0.352888 16 0.999991
0.754292 0.063161 0.353339 16 0.999991
0.421111 0.969917 0.825757 12 0.0
0.420072 0.979251 0.825034 12 0.0
0.396763 0.966635 0.818379 12 0.0
0.42215 0.960583 0.826481 12 0.0
0.445459 0.973199 0.833136 12 0.0
0.775221 0.804431 0.424593 16 0.999996
0.728462 0.925018 0.714315 12 0.0
0.729585 0.949314 0.714387 12 0.0
0.717677 0.925466 0.731217 12 0.0
0.72734 0.900722 0.714243 12 0.0
0.739248 0.92457 0.697413 12 0.0
0.42082 0.896852 0.828506 11 0.0
0.433825 0.894889 0.83234 11 0.0
0.416832 0.866489 0.826483 11 0.0
0.407814 0.898816 0.824672 11 0.0
0.424807 0.927216 0.830528 11 0.0
0.225732 0.132784 0.37371 8 1.0
0.430961 0.904551 0.830115 12 0.0
0.449344 0.905458 0.834311 12 0.0
0.429518 0.936566 0.829515 12 0.0
0.412578 0.903643 0.82592 12 0.0
0.432404 0.872535 0.830716 12 0.0
0.544904 0.282759 0.163317 8 0.939117
0.229116 0.640117 0.375787 8 1.0
0.381487 0.003808 0.156489 1 1.0
0.459141 0.007148 0.155367 7 1.0
0.568009 0.781876 0.698948 15 0.999988
0.570137 0.783081 0.701746 15 0.999988
0.5597 0.781802 0.705299 15 0.999988
0.565881 0.78067 0.696149 15 0.999988
0.576318 0.78195 0.692597 15 0.999988
0.778498 0.779323 0.443226 10 1.0
0.394887 0.580261 0.372112 8 0.0
0.229736 0.610849 0.368333 8 1.0
0.323921 0.447609 0.367383 8 0.0
0.5888 0.594509 0.170921 8 1.0
0.668273 0.386169 0.37167 8 1e-06
0.373704 0.318622 0.373734 8 1e-06
0.556313 0.244418 0.37769 8 0.0
0.575532 0.98149 0.162791 7 0.999901
0.368884 0.315903 0.374603 8 0.0
0.68132 0.441276 0.378948 8 0.002602
0.646796 -0.000666 0.160754 1 0.99996
0.690277 0.529913 0.381758 8 0.0
0.258536 0.82956 0.696941 11 0.0
0.25928 0.845987 0.695914 11 0.0
0.267422 0.830254 0.714494 11 0.0
0.257792 0.813133 0.697968 11 0.0
0.249649 0.828865 0.679388 11 0.0
0.760816 0.912473 0.653424 12 0.0
0.761896 0.940548 0.650426 12 0.0
0.758422 0.91381 0.665085 12 0.0
0.759737 0.884398 0.656421 12 0.0
0.763211 0.911136 0.641762 12 0.0
0.715913 0.921129 0.738483 12 0.0
0.715952 0.941829 0.740128 12 0.0
0.705994 0.920137 0.751198 12 0.0
0.715874 0.900428 0.736838 12 0.0
0.725832 0.922121 0.725768 12 0.0
0.354695 0.889873 0.802172 12 0.0
0.380286 0.891309 0.811222 12 0.0
0.596117 0.826568 0.823412 12 0.0
0.591512 0.840634 0.823844 12 0.0
0.580142 0.821145 0.829691 12 0.0
0.600722 0.812501 0.822979 12 0.0
0.612092 0.831991 0.817132 12 0.0
0.575516 0.287447 0.36702 8 4e-06
0.415651 0.936263 0.816383 11 0.0
0.744571 0.997208 0.165395 14 0.999999
0.76535 1.00255 0.644368 14 1.0
0.735383 0.906054 0.704892 13 0.0
0.739466 0.920267 0.697513 13 0.0
0.72695 0.916779 0.720883 13 0.0
0.731299 0.891841 0.712272 13 0.0
0.743815 0.895329 0.688902 13 0.0
0.265738 0.02575 0.373521 8 0.999992
0.350284 0.366952 0.156457 8 0.992934
0.651686 0.542744 0.155711 8 1.0
0.450955 0.854718 0.833359 11 0.0
0.469984 0.859983 0.837399 11 0.0
0.444769 0.877732 0.832508 11 0.0
0.431927 0.849453 0.829319 11 0.0
0.457142 0.831704 0.83421 11 0.0
0.644764 0.992401 0.579981 15 4.2e-05
0.44195 0.823404 0.830463 12 0.0
0.446035 0.834652 0.831257 12 0.0
0.419956 0.831774 0.825053 12 0.0
0.437865 0.812156 0.829669 12 0.0
0.463944 0.815033 0.835872 12 0.0
0.775055 0.986507 0.167068 16 1.0
0.648171 0.519763 0.3601 8 0.0
0.670496 0.473867 0.374174 8 0.0
0.342289 0.997126 0.156038 7 1.0
0.340841 0.006127 0.156785 7 0.154894
0.223799 0.142939 0.374616 3 1.0
0.336571 0.393436 0.370077 4 0.999612
0.775373 0.996506 0.388588 16 1.0
0.766307 0.155766 0.156565 7 1.0
0.328212 0.434221 0.372777 8 6e-06
0.362708 0.312849 0.372141 8 0.0
0.542572 0.272591 0.374097 8 1e-06
0.771205 0.283115 0.160206 5 1.0
0.425134 0.022364 0.166528 1 1.0
0.640369 -0.001004 0.158262 1 1.0
0.257571 0.864963 0.688343 12 0.0
0.256431 0.89157 0.688515 12 0.0
0.266079 0.86521 0.706391 12 0.0
0.258711 0.838356 0.68817 12 0.0
0.249063 0.864715 0.670295 12 0.0
0.627005 0.908031 0.804228 12 0.0
0.615143 0.924164 0.809718 12 0.0
0.614488 0.89681 0.810155 12 0.0
0.638867 0.891899 0.798738 12 0.0
0.639522 0.919252 0.798301 12 0.0
0.762392 0.840521 0.627214 16 0.0
0.766834 0.847693 0.606878 16 0.0
0.761243 0.858217 0.633205 16 0.0
0.75795 0.833348 0.647551 16 0.0
0.763541 0.822824 0.621224 16 0.0
0.23109 0.786194 0.451408 10 0.999897
0.77573 0.212792 0.370523 16 1.0
0.773244 0.996495 0.495625 16 1.0
0.775403 0.131939 0.369835 16 1.0
0.773493 0.009408 0.298632 16 0.001834
0.489099 0.948168 0.839993 12 0.0
0.50449 0.959529 0.841183 12 0.0
0.479859 0.960562 0.841179 12 0.0
0.473709 0.936807 0.838803 12 0.0
0.49834 0.935774 0.838808 12 0.0
0.22868 0.089985 0.364168 2 0.999998
0.739674 0.93319 0.695523 12 0.0
0.746479 0.950655 0.683309 12 0.0
0.732747 0.946402 0.710556 12 0.0
0.732869 0.915725 0.707737 12 0.0
0.746601 0.919977 0.68049 12 0.0
0.768741 0.743533 0.156742 6 0.003975
0.676364 0.453043 0.163568 8 0.999998
0.642295 0.780757 0.57073 15 0.935407
0.224398 0.906067 0.155661 7 1.0
0.665771 0.427198 0.16732 8 0.999392
0.654118 0.957444 0.790684 12 0.0
0.649465 0.968312 0.796472 12 0.0
0.642688 0.948864 0.797605 12 0.0
0.658772 0.946577 0.784897 12 0.0
0.665549 0.966025 0.783764 12 0.0
0.645618 0.530002 0.153802 8 0.999989
0.455291 0.877975 0.834991 12 0.0
0.473482 0.877014 0.838445 12 0.0
0.456844 0.908422 0.835281 12 0.0
0.4371 0.878935 0.831537 12 0.0
0.453738 0.847528 0.834702 12 0.0
0.57888 0.290003 0.153005 8 0.599385
0.764354 0.28318 0.370496 5 1.0
0.773122 0.899309 0.152961 7 1.0
0.764234 0.780167 0.367198 13 0.999999
0.762703 0.782364 0.36798 13 0.999999
0.762625 0.778364 0.369116 13 0.999999
0.765764 0.77797 0.366416 13 0.999999
0.765842 0.781971 0.365281 13 0.999999
0.773837 0.118578 0.370987 8 0.999984
0.77561 0.12263 0.372007 8 0.999984
0.775164 0.117338 0.373606 8 0.999984
0.772065 0.114525 0.369966 8 0.999984
0.772511 0.119817 0.368368 8 0.999984
0.686407 0.998855 0.158945 14 0.502458
0.776144 0.004528 0.271898 16 0.999357
0.518477 0.008332 0.363777 1 0.999854
0.626675 0.00533 0.369122 8 1.0
0.325269 0.439247 0.365279 8 0.0
0.502803 0.268906 0.3744 8 0.940027
0.221595 0.647523 0.165591 2 0.987511
0.774813 0.555904 0.372269 5 1.0
0.760743 0.529864 0.370932 8 1.0
0.567497 0.274107 0.374564 8 0.987181
0.565451 0.280408 0.374398 8 0.987181
0.546648 0.267312 0.373605 8 0.987181
0.569543 0.267805 0.374731 8 0.987181
0.588347 0.280901 0.375523 8 0.987181
0.246933 0.858679 0.67331 12 0.0
0.245642 0.883686 0.670232 12 0.0
0.25319 0.860787 0.687812 12 0.0
0.248223 0.833672 0.676388 12 0.0
0.240675 0.856571 0.658809 12 0.0
0.765555 0.935058 0.623473 12 0.0
0.768187 0.955664 0.615441 12 0.0
0.762113 0.942708 0.641971 12 0.0
0.762922 0.914451 0.631504 12 0.0
0.768997 0.927408 0.604974 12 0.0
0.686535 0.830386 0.761918 16 0.0
0.674097 0.838717 0.773612 16 0.0
0.681878 0.81711 0.766422 16 0.0
0.698973 0.822054 0.750223 16 0.0
0.691193 0.843661 0.757413 16 0.0
0.384307 0.81668 0.813598 12 0.0
0.402306 0.813829 0.822138 12 0.0
0.381939 0.80425 0.814442 12 0.0
0.366309 0.81953 0.805058 12 0.0
0.386676 0.829109 0.812755 12 0.0
0.430334 0.985382 0.830286 12 0.999763
0.343355 0.808741 0.794318 12 9.9e-05
0.345547 0.818676 0.795129 12 9.9e-05
0.354514 0.805586 0.802808 12 9.9e-05
0.341163 0.798806 0.793506 12 9.9e-05
0.332196 0.811897 0.785827 12 9.9e-05
0.769391 0.064608 0.370808 8 0.999982
0.568756 0.001306 0.364244 1 0.999985
0.259366 0.997611 0.703056 12 1.0
0.742292 0.953325 0.687907 12 0.0
0.752936 0.964189 0.66576 12 0.0
0.740726 0.964094 0.692437 12 0.0
0.731648 0.942461 0.710055 12 0.0
0.743858 0.942556 0.683378 12 0.0
0.258373 0.023885 0.372392 8 0.999997
0.762615 0.997158 0.626355 14 0.007511
0.653631 0.951406 0.791463 12 0.0
0.649975 0.965601 0.796159 12 0.0
0.639287 0.944608 0.800846 12 0.0
0.657286 0.937211 0.786767 12 0.0
0.667974 0.958204 0.78208 12 0.0
0.444846 0.872187 0.832981 12 0.0
0.463415 0.876358 0.836713 12 0.0
0.438576 0.901456 0.831471 12 0.0
0.426276 0.868017 0.82925 12 0.0
0.451115 0.842919 0.834492 12 0.0
0.771684 0.887497 0.155502 7 0.999996
0.450826 0.825951 0.834635 12 0.0
0.456345 0.837383 0.835638 12 0.0
0.431841 0.835463 0.830691 12 0.0
0.445307 0.814519 0.833632 12 0.0
0.46981 0.81644 0.83858 12 0.0
0.640279 0.995171 0.53832 15 1.0
0.229789 0.999768 0.622434 14 1.0
0.437973 0.004819 0.155606 7 1.0
0.673491 0.488826 0.375755 8 0.0
0.759791 0.168387 0.353328 5 1e-06
0.758636 0.99457 0.629789 14 0.999991
0.635461 0.33653 0.373541 8 0.999932
0.559169 0.00227 0.363845 1 1.0
0.590283 0.295519 0.374531 8 0.969945
0.657729 0.377902 0.376622 8 0.998757
0.258177 0.749781 0.157741 7 0.000188
0.242915 0.597638 0.15965 7 0.000332
0.760419 0.527182 0.370779 8 1.0
0.639531 0.890022 0.803309 12 0.0
0.634992 0.924449 0.805873 12 0.0
0.626435 0.887742 0.810741 12 0.0
0.644071 0.855596 0.800746 12 0.0
0.652628 0.892303 0.795878 12 0.0
0.471986 0.893496 0.839393 12 0.0
0.49297 0.89101 0.841403 12 0.0
0.475731 0.926133 0.840645 12 0.0
0.451002 0.895981 0.837383 12 0.0
0.46824 0.860859 0.838141 12 0.0
0.656649 0.905447 0.787528 12 0.0
0.65475 0.934382 0.789114 12 0.0
0.643634 0.904105 0.796444 12 0.0
0.658548 0.876513 0.785942 12 0.0
0.669665 0.90679 0.778611 12 0.0
0.461721 0.934378 0.826125 2 0.0
0.479029 0.942949 0.827692 2 0.0
0.451933 0.954181 0.825913 2 0.0
0.444413 0.925806 0.824559 2 0.0
0.471509 0.914574 0.826338 2 0.0
0.338385 0.010584 0.365093 8 1.0
0.358617 0.540815 0.153996 8 0.999948
0.227885 0.322942 0.366837 3 0.991256
0.283928 0.857635 0.733821 12 0.0
0.286041 0.881992 0.735653 12 0.0
0.294948 0.855596 0.748223 12 0.0
0.281815 0.833278 0.731989 12 0.0
0.272908 0.859674 0.719419 12 0.0
0.413093 0.849378 0.826667 12 0.0
0.432136 0.849337 0.832925 12 0.0
0.412543 0.826407 0.828192 12 0.0
0.39405 0.849419 0.82041 12 0.0
0.413644 0.872349 0.825143 12 0.0
0.75657 0.106172 0.362471 8 0.991509
0.769066 0.177837 0.373643 8 1.0
0.223721 0.997915 0.306664 2 1.0
0.671839 0.421306 0.366793 8 0.0
0.497006 0.779431 0.710492 4 0.999997
0.74865 0.004136 0.371481 8 1.0
0.227503 0.199981 0.369527 8 1.0
0.678134 0.004658 0.357466 1 0.363347
0.594838 0.297165 0.375529 8 0.020737
0.617053 0.316175 0.368966 8 0.0
0.358137 0.296229 0.369731 8 0.0
0.434556 0.958707 0.833289 11 0.0
0.455204 0.956984 0.837972 11 0.0
0.435503 0.973112 0.834411 11 0.0
0.413907 0.96043 0.828605 11 0.0
0.433608 0.944302 0.832167 11 0.0
0.648706 0.568099 0.380285 8 0.0
0.739049 -0.006295 0.151714 1 1.0
0.774655 0.448719 0.164403 16 0.999998
0.223364 0.659326 0.372968 8 1.0
0.227981 0.639727 0.367935 8 1.0
0.636438 1.000103 0.156005 7 1.0
0.394357 0.997812 0.155857 7 1.0
0.638205 0.002531 0.157396 1 1.0
0.386892 0.936969 0.814588 12 0.0
0.368526 0.929946 0.806541 12 0.0
0.380766 0.956409 0.811605 12 0.0
0.405258 0.943992 0.822636 12 0.0
0.393018 0.917529 0.817572 12 0.0
0.270911 0.878572 0.66493 2 0.0
0.268919 0.908209 0.659466 2 0.0
0.278469 0.882606 0.684052 2 0.0
0.272902 0.848936 0.670394 2 0.0
0.263352 0.874539 0.645808 2 0.0
0.687598 0.826493 0.762385 13 0.0
0.67919 0.83628 0.769373 13 0.0
0.681243 0.814583 0.771418 13 0.0
0.696006 0.816706 0.755397 13 0.0
0.693954 0.838403 0.753352 13 0.0
0.383821 0.815553 0.811557 12 0.0
0.399716 0.808825 0.820645 12 0.0
0.379512 0.805283 0.81149 12 0.0
0.367925 0.822281 0.802469 12 0.0
0.38813 0.825823 0.811625 12 0.0
0.760637 0.852646 0.6347 13 0.0
0.765477 0.85733 0.614609 13 0.0
0.760119 0.874248 0.639611 13 0.0
0.755797 0.847963 0.654792 13 0.0
0.761155 0.831045 0.62979 13 0.0
0.657558 0.879686 0.786605 12 0.0
0.662173 0.90093 0.783926 12 0.0
0.648529 0.882457 0.793026 12 0.0
0.652943 0.858442 0.789285 12 0.0
0.666587 0.876914 0.780185 12 0.0
0.438656 0.998777 0.835709 14 1.0
0.406893 0.01203 0.369651 8 0.999885
0.573865 0.286627 0.365984 8 9e-06
0.375324 0.91438 0.813239 12 0.0
0.375494 0.942307 0.813999 12 0.0
0.390773 0.914085 0.820626 12 0.0
0.375153 0.886454 0.81248 12 0.0
0.359874 0.914676 0.805853 12 0.0
0.266874 0.936768 0.687927 12 0.0
0.2782 0.941985 0.708046 12 0.0
0.269662 0.917534 0.691345 12 0.0
0.255548 0.931551 0.667808 12 0.0
0.264086 0.956002 0.684509 12 0.0
0.771836 0.977213 0.154787 7 0.998339
0.661206 0.38597 0.153592 8 0.999996
0.656023 0.962356 0.787855 12 0.0
0.654173 0.974468 0.789902 12 0.0
0.63813 0.957514 0.800331 12 0.0
0.657873 0.950243 0.785808 12 0.0
0.673916 0.967197 0.775378 12 0.0
0.770741 1.004659 0.398461 14 1.0
0.772539 0.129807 0.160796 16 0.852503
0.228065 0.663027 0.369641 4 0.999999
0.468806 0.996443 0.840617 12 1.0
0.616237 0.997403 0.813536 13 0.99959
0.467631 0.002282 0.370333 1 1.0
0.62315 -0.001767 0.172039 1 1.0
0.66107 0.374725 0.374396 8 0.777549
0.631256 0.318797 0.367686 8 1.8e-05
0.546498 0.006002 0.364577 1 0.98398
0.227461 0.675095 0.365018 4 1.0
0.484577 0.271269 0.355411 4 6.1e-05
0.327115 0.01624 0.367017 8 0.99574
0.777077 0.004813 0.35246 16 1.0
0.369687 0.319349 0.369633 8 0.0
0.527678 0.271614 0.374619 8 1e-06
0.769455 0.373356 0.167068 6 0.001614
0.68187 0.458078 0.374846 8 0.0
0.771427 0.647371 0.167765 5 1.0
0.236714 0.23953 0.159862 7 0.998613
0.655766 0.004122 0.162755 1 1.0
0.632361 0.910544 0.807474 12 0.0
0.629269 0.937338 0.807979 12 0.0
0.6183 0.908764 0.815845 12 0.0
0.635453 0.883751 0.80697 12 0.0
0.646422 0.912324 0.799104 12 0.0
0.684106 0.858426 0.765725 13 0.0
0.67516 0.872116 0.774327 13 0.0
0.674823 0.847168 0.773987 13 0.0
0.693052 0.844737 0.757122 13 0.0
0.693389 0.869685 0.757462 13 0.0
0.613315 0.008129 0.36823 8 0.98382
0.4946 0.906722 0.835333 12 0.0
0.511322 0.905576 0.835104 12 0.0
0.496647 0.936032 0.838108 12 0.0
0.477878 0.907869 0.835562 12 0.0
0.492552 0.877412 0.832557 12 0.0
0.65935 0.883672 0.787352 12 0.0
0.656172 0.913208 0.790366 12 0.0
0.644678 0.881055 0.797531 12 0.0
0.662528 0.854136 0.784338 12 0.0
0.674022 0.88629 0.777172 12 0.0
0.229103 0.257833 0.369918 8 0.99996
0.507029 0.005907 0.171329 1 1.0
0.466954 0.942232 0.837923 12 0.0
0.481533 0.951462 0.841083 12 0.0
0.456698 0.958401 0.838013 12 0.0
0.452375 0.933002 0.834762 12 0.0
0.47721 0.926063 0.837832 12 0.0
0.671076 0.439832 0.151673 8 0.999997
0.775096 0.997752 0.248438 14 1.0
0.778328 0.073301 0.153297 16 1.0
0.463828 0.865664 0.83687 12 0.0
0.484055 0.867169 0.839817 12 0.0
0.461983 0.892682 0.835733 12 0.0
0.443601 0.864159 0.833923 12 0.0
0.465672 0.838646 0.838007 12 0.0
0.587275 0.990072 0.455559 15 0.970079
0.335076 0.471222 0.16358 8 0.999934
0.409691 0.845413 0.822836 12 0.0
0.426229 0.853595 0.828827 12 0.0
0.417624 0.827423 0.825507 12 0.0
0.393153 0.837232 0.816845 12 0.0
0.401758 0.863403 0.820165 12 0.0
0.740304 0.005873 0.374659 8 1.0
0.768432 0.000834 0.22688 1 0.999923
0.633036 0.304707 0.371228 8 0.998639
0.640568 0.299124 0.370593 8 0.998639
0.648232 0.325451 0.369088 8 0.998639
0.625504 0.310289 0.371863 8 0.998639
0.617841 0.283962 0.373369 8 0.998639
0.227388 0.210653 0.37051 8 1.0
0.375918 0.999455 0.158364 14 0.817251
0.223031 0.285135 0.165861 2 0.999999
0.399433 0.586361 0.374336 8 0.0
0.471594 0.000162 0.368534 1 0.999758
0.368254 0.315055 0.370934 8 0.0
0.531465 0.264161 0.377089 8 0.0
0.22419 0.777076 0.167814 2 0.831168
0.542323 0.875888 0.835652 11 0.0
0.559973 0.873647 0.83283 11 0.0
0.545232 0.898115 0.83619 11 0.0
0.524674 0.878129 0.838475 11 0.0
0.539415 0.853661 0.835115 11 0.0
0.287891 0.997995 0.743214 12 0.999406
0.589346 0.292797 0.36779 8 0.00021
0.776717 0.069514 0.372184 16 1.0
0.669874 0.437031 0.159442 8 0.999998
0.639288 0.999245 0.609546 15 0.999997
0.345656 0.377259 0.159538 8 0.999689
0.774907 0.928238 0.155007 5 1.0
0.660066 0.006892 0.362963 1 0.374097
0.370461 0.00499 0.367471 8 1.0
0.498942 0.006133 0.158091 7 1.0
0.378044 0.779664 0.638866 10 0.999855
0.77363 0.838544 0.151289 7 1.0
0.776172 0.624844 0.372069 16 0.999999
0.646814 0.014094 0.369842 8 0.999846
0.514056 0.009679 0.363816 8 1.0
0.594497 0.289743 0.371919 8 2e-06
0.764525 0.008318 0.346657 1 0.00067
0.76001 0.011385 0.345831 1 0.00067
0.763181 0.009177 0.357197 1 0.00067
0.769041 0.005251 0.347483 1 0.00067
0.76587 0.007459 0.336117 1 0.00067
0.356813 0.325495 0.373461 8 0.0
0.763584 0.300746 0.366772 8 0.999999
0.358039 0.287077 0.373 8 0.0
0.499335 0.005455 0.156305 7 1.0
0.220968 0.594345 0.164665 2 1.0
0.757458 0.945751 0.648275 12 0.0
0.755706 0.954603 0.655213 12 0.0
0.751094 0.930691 0.665882 12 0.0
0.75921 0.9369 0.641337 12 0.0
0.763822 0.960812 0.630667 12 0.0
0.687222 0.86737 0.767227 12 0.0
0.690843 0.894412 0.762209 12 0.0
0.673929 0.8715 0.779889 12 0.0
0.6836 0.840328 0.772245 12 0.0
0.700514 0.86324 0.754565 12 0.0
0.630623 0.890061 0.80787 12 0.0
0.630677 0.924603 0.809064 12 0.0
0.615715 0.889787 0.816472 12 0.0
0.630569 0.85552 0.806676 12 0.0
0.645532 0.890335 0.799268 12 0.0
0.686531 0.839396 0.762523 16 0.0
0.676721 0.84957 0.772227 16 0.0
0.679833 0.825721 0.770089 16 0.0
0.696341 0.829221 0.752818 16 0.0
0.693229 0.85307 0.754957 16 0.0
0.523744 0.849995 0.837549 12 0.0
0.544343 0.846141 0.83599 12 0.0
0.527802 0.872145 0.836421 12 0.0
0.503144 0.853849 0.839107 12 0.0
0.519685 0.827845 0.838676 12 0.0
0.382561 0.871411 0.815498 12 0.0
0.36792 0.871857 0.808985 12 0.0
0.383703 0.900821 0.814945 12 0.0
0.397202 0.870965 0.822012 12 0.0
0.381419 0.842002 0.816051 12 0.0
0.768549 0.995256 0.523114 14 0.999997
0.699071 0.876096 0.746624 12 0.0
0.699699 0.905396 0.744629 12 0.0
0.68872 0.877075 0.757755 12 0.0
0.698443 0.846796 0.748619 12 0.0
0.709422 0.875116 0.735492 12 0.0
0.379107 -0.002727 0.370328 1 0.999871
0.29659 0.792236 0.738323 12 7.3e-05
0.484688 0.945159 0.837671 12 0.0
0.500887 0.957651 0.839587 12 0.0
0.475333 0.957054 0.839206 12 0.0
0.468489 0.932666 0.835756 12 0.0
0.494043 0.933263 0.836137 12 0.0
0.761772 1.000567 0.647379 14 1.0
0.773809 0.072745 0.365322 16 0.99797
0.228819 0.104844 0.374346 8 0.999986
0.631567 0.998105 0.623681 15 0.999997
0.37164 0.994498 0.62568 15 0.997775
0.716336 -0.001128 0.370053 1 1.0
0.654828 0.946526 0.795319 12 0.0
0.648674 0.962838 0.799973 12 0.0
0.640801 0.938545 0.804747 12 0.0
0.660981 0.930214 0.790664 12 0.0
0.668854 0.954508 0.78589 12 0.0
0.458972 0.891192 0.836291 11 0.0
0.477931 0.892336 0.839276 11 0.0
0.457019 0.925677 0.835481 11 0.0
0.440014 0.890047 0.833307 11 0.0
0.460926 0.856707 0.837102 11 0.0
0.353006 0.781244 0.570485 10 0.34257
0.231775 0.781531 0.374207 8 0.999998
0.40315 0.005608 0.155711 1 1.0
0.225844 0.757747 0.156868 3 1.0
0.26817 0.999165 0.162758 14 1.0
0.551859 0.994727 0.702339 15 0.999999
0.66186 0.004686 0.35326 1 0.001146
0.224463 0.838305 0.158831 2 0.999996
0.772787 0.093527 0.366068 6 0.999998
0.323059 0.451154 0.367412 8 0.0
0.364183 0.325544 0.36873 8 0.0
0.550062 0.263555 0.377634 8 0.0
0.689907 0.989308 0.764858 12 0.999999
0.262414 0.888977 0.698311 12 0.0
0.262205 0.922994 0.698226 12 0.0
0.272542 0.889085 0.716815 12 0.0
0.262622 0.854959 0.698396 12 0.0
0.252285 0.888868 0.679807 12 0.0
0.628715 0.872041 0.806336 12 0.0
0.627305 0.901228 0.806223 12 0.0
0.611918 0.871264 0.815449 12 0.0
0.630126 0.842854 0.806449 12 0.0
0.645512 0.872817 0.797224 12 0.0
0.660337 0.907431 0.789222 12 0.0
0.658025 0.936242 0.791918 12 0.0
0.647148 0.905408 0.799533 12 0.0
0.662648 0.878621 0.786525 12 0.0
0.673525 0.909454 0.778911 12 0.0
0.77286 0.997937 0.541803 14 1.0
0.227176 0.031399 0.372751 8 1.0
0.407116 0.999468 0.828266 12 1.0
0.75476 0.827681 0.661419 12 0.0
0.748324 0.834408 0.678026 12 0.0
0.753524 0.814129 0.66643 12 0.0
0.761197 0.820954 0.644813 12 0.0
0.755996 0.841233 0.656409 12 0.0
0.233825 0.932956 0.63457 12 0.0
0.237758 0.934492 0.651021 12 0.0
0.234894 0.911135 0.636352 12 0.0
0.229892 0.931419 0.61812 12 0.0
0.232756 0.954776 0.632789 12 0.0
0.426218 0.998782 0.152372 7 1.0
0.670407 0.454077 0.159023 8 0.999985
0.379734 0.997194 0.158253 14 1.0
0.22364 0.887078 0.154131 7 1.0
0.583741 0.77983 0.686865 15 0.867972
0.415588 0.022097 0.162363 7 0.999817
0.775748 0.86835 0.156725 16 0.987586
0.759025 0.38243 0.371495 8 0.999461
0.631087 0.997888 0.158367 7 1.0
0.226692 0.656756 0.374628 4 1.0
0.663735 0.373018 0.369974 8 0.034493
0.615672 0.001956 0.367989 1 1.0
0.774126 0.001791 0.257982 1 1.0
0.221825 0.833364 0.163996 3 0.233836
0.372785 0.321501 0.36976 8 0.224211
0.413207 0.291393 0.375122 8 0.0
0.758624 0.467465 0.369415 8 1.0
0.779321 0.999547 0.53709 16 1.0
0.670711 0.467382 0.37403 8 5e-06
0.75567 0.574172 0.3694 8 0.999885
0.639522 0.552128 0.376821 8 0.0
0.474998 0.003377 0.162067 1 1.0
0.225665 0.869162 0.158172 2 1.0
0.328956 0.98586 0.77842 12 0.99865
0.688321 0.913105 0.764635 12 0.0
0.696232 0.943418 0.757201 12 0.0
0.674057 0.919936 0.777312 12 0.0
0.680411 0.882792 0.772069 12 0.0
0.702585 0.906274 0.751958 12 0.0
0.266529 0.880447 0.700184 12 0.0
0.265492 0.912593 0.697463 12 0.0
0.276102 0.882208 0.717337 12 0.0
0.267566 0.848301 0.702904 12 0.0
0.256956 0.878686 0.683031 12 0.0
0.49676 0.865006 0.843875 12 0.0
0.515326 0.866152 0.844317 12 0.0
0.495055 0.892799 0.84347 12 0.0
0.478194 0.863861 0.843433 12 0.0
0.498466 0.837214 0.844281 12 0.0
0.584697 0.999242 0.827633 14 1.0
0.497631 0.886705 0.839457 12 0.0
0.520721 0.877281 0.840729 12 0.0
0.509049 0.914544 0.838454 12 0.0
0.474542 0.896128 0.838184 12 0.0
0.486214 0.858865 0.840459 12 0.0
0.31034 0.780216 0.768236 10 0.999993
0.476476 0.014812 0.16361 7 0.999992
0.262711 0.998555 0.709226 12 0.999999
0.246211 0.985229 0.551245 2 0.999924
0.565082 0.005999 0.361937 1 0.033203
0.675031 0.402097 0.167072 8 0.999994
0.72436 0.989102 0.725708 12 0.999789
0.322361 -5.6e-05 0.367021 1 0.999995
0.775764 0.138825 0.155667 16 1.0
0.675095 0.415665 0.165522 9 0.999999
0.65122 0.938441 0.798149 11 0.0
0.646133 0.953346 0.802381 11 0.0
0.642051 0.934012 0.802725 11 0.0
0.656307 0.923537 0.793916 11 0.0
0.660389 0.94287 0.793572 11 0.0
0.538026 0.001508 0.154741 1 1.0
0.247521 0.02215 0.368617 8 0.999863
0.767066 0.997314 0.599909 14 0.999924
0.223524 0.367677 0.365969 2 0.999913
0.627872 0.324921 0.163035 4 0.97886
0.764476 0.300428 0.365585 16 1.0
0.768676 0.994623 0.447374 14 1.0
0.763847 0.989959 0.421316 14 0.999743
0.224024 0.596611 0.370846 4 0.999965
0.353214 0.348476 0.365638 9 0.0
0.355043 0.350479 0.370061 8 0.998654
0.768646 0.435923 0.365959 16 1.0
0.59712 0.280874 0.376744 8 0.0
0.312617 0.01408 0.372161 8 0.999999
0.229713 0.997725 0.613592 12 1.0
0.765008 0.507843 0.376481 8 1.0
0.469213 0.985084 0.841251 12 0.999969
0.469876 0.990173 0.839002 12 0.999969
0.487135 0.983542 0.843045 12 0.999969
0.46855 0.979994 0.843501 12 0.999969
0.451291 0.986625 0.839458 12 0.999969
0.761148 0.435005 0.368341 8 0.999995
0.358899 0.322763 0.375289 8 0.0
0.764052 0.524168 0.364199 8 1.0
0.77875 0.375309 0.371174 5 1.0
0.765727 0.442699 0.359891 5 0.999996
0.761969 0.525508 0.36584 16 0.999943
0.665011 0.496422 0.372166 8 0.0
0.519152 0.001917 0.165714 1 0.999997
0.661727 -0.000214 0.156593 7 0.079116
0.231088 0.186732 0.372536 8 1.0
0.708911 0.883132 0.732643 12 0.0
0.711809 0.905039 0.729051 12 0.0
0.700853 0.885952 0.74334 12 0.0
0.706013 0.861225 0.736235 12 0.0
0.716969 0.880312 0.721945 12 0.0
0.548875 0.996988 0.824509 14 0.996584
0.552983 0.997549 0.824045 14 0.996584
0.548991 0.997387 0.826019 14 0.996584
0.544767 0.996427 0.824972 14 0.996584
0.548759 0.99659 0.822998 14 0.996584
0.664033 0.881168 0.790599 12 0.0
0.657948 0.912357 0.794481 12 0.0
0.655592 0.878516 0.798671 12 0.0
0.670117 0.849979 0.786716 12 0.0
0.672473 0.883819 0.782526 12 0.0
0.773486 0.999266 0.19286 14 1.0
0.230609 -0.002 0.236641 1 0.999869
0.379719 0.993143 0.613131 15 0.999717
0.773539 0.108208 0.370175 8 0.999998
0.547833 0.780689 0.713056 10 0.0
0.768441 0.687778 0.368027 8 0.999978
0.764687 0.497611 0.364711 5 1.0
0.767408 0.070227 0.362298 16 0.999999
0.716313 0.007001 0.376189 8 1.0
0.597806 0.306155 0.157906 8 0.850624
0.2194 0.843638 0.166726 2 0.935559
0.228525 0.563733 0.361339 2 1.0
0.228946 0.18624 0.154204 7 0.995464
0.766339 0.477878 0.37228 8 1.0
0.520786 0.006026 0.164722 1 0.999786
0.512903 0.999569 0.42001 14 0.013073
0.77143 0.247696 0.367803 8 2e-05
0.24701 0.671912 0.162562 7 0.000411
0.244178 0.551891 0.165838 7 0.03894
0.76163 0.276587 0.369327 8 0.999959
0.229294 0.332932 0.156813 2 1.0
0.538721 0.003125 0.160259 1 1.0
0.764906 0.993379 0.645101 16 0.51172
0.468832 0.951106 0.836834 12 0.0
0.48832 0.956475 0.839542 12 0.0
0.464884 0.965524 0.836656 12 0.0
0.449343 0.945737 0.834127 12 0.0
0.472779 0.936687 0.837013 12 0.0
0.774073 0.055262 0.36323 16 0.999896
0.226467 0.319946 0.369488 4 0.986244
0.666434 0.398084 0.153681 8 0.999825
0.67093 0.438395 0.152127 8 0.995975
0.776183 0.994577 0.260909 16 1.0
0.630642 -0.000793 0.155287 1 1.0
0.689226 0.998796 0.153971 7 1.0
0.435123 0.853429 0.830038 12 0.0
0.448369 0.85721 0.833645 12 0.0
0.429295 0.876467 0.827293 12 0.0
0.421877 0.849648 0.826431 12 0.0
0.440951 0.830391 0.832784 12 0.0
0.766049 0.163053 0.156366 7 0.999996
0.424009 0.787498 0.696266 15 0.999977
0.629416 0.567949 0.15857 8 0.897515
0.491225 0.99409 0.412304 14 0.99994
0.765572 0.266506 0.365268 6 1.0
0.441661 0.786233 0.704824 15 0.999994
0.23598 0.742672 0.154985 7 0.01754
0.760024 0.525876 0.369585 8 0.999999
0.756309 0.993509 0.618234 14 0.723786
0.756626 0.995322 0.618399 14 0.723786
0.758056 0.992786 0.62281 14 0.723786
0.755992 0.991695 0.618069 14 0.723786
0.754561 0.994232 0.613658 14 0.723786
0.630302 0.31863 0.377341 8 0.048801
0.224369 0.998795 0.222906 3 1.0
0.773204 0.402931 0.367282 16 1.0
0.321316 0.458683 0.367741 8 0.0
0.368499 0.330376 0.374293 8 1e-05
0.76293 0.468345 0.362481 8 1.0
0.642646 0.298227 0.362119 8 0.0
0.596707 0.590388 0.164822 8 0.999997
0.778161 0.997723 0.259584 16 1.0
0.762231 0.521907 0.36494 8 0.999983
0.226941 0.697207 0.157683 7 1.0
0.65641 0.868141 0.788214 12 0.0
0.656592 0.895302 0.78775 12 0.0
0.641487 0.868416 0.798413 12 0.0
0.656228 0.840981 0.788678 12 0.0
0.671333 0.867867 0.778016 12 0.0
0.502554 0.002504 0.167149 1 1.0
0.236307 0.448728 0.172039 7 0.992095
0.761674 0.521255 0.369088 8 1.0
0.222976 0.77182 0.366675 3 1.0
0.223955 0.772303 0.369783 3 1.0
0.221675 0.765552 0.368059 3 1.0
0.221996 0.771337 0.363567 3 1.0
0.224277 0.778088 0.365292 3 1.0
0.599518 0.013676 0.156276 7 0.00098
0.222051 0.619609 0.366681 3 1.0
0.23904 0.435501 0.154521 7 1.0
0.22679 0.685984 0.166778 2 1.0
0.656922 0.995545 0.79496 12 1.0
0.228115 0.786354 0.421152 10 0.999905
0.770244 0.462819 0.364676 16 1.0
0.480774 0.000293 0.369486 1 0.999979
0.342556 0.378933 0.15419 8 0.997503
0.684003 0.99968 0.155044 7 1.0
0.64984 0.537761 0.158157 8 0.999996
0.230109 0.474369 0.360459 2 0.941938
0.669935 0.345775 0.368886 8 6.6e-05
0.618217 0.29916 0.360888 4 0.66153
0.585543 0.00058 0.358967 1 0.033719
0.468284 0.003069 0.363838 1 1.0
0.591351 0.291812 0.376088 8 4e-06
0.769727 0.802127 0.40608 16 1.0
0.223313 0.710989 0.366047 10 0.999999
0.763296 0.452445 0.368474 8 0.999997
0.626032 0.285607 0.37761 8 0.0
0.53983 0.273674 0.376398 8 0.000441
0.674756 0.436335 0.375325 8 0.006077
0.773364 0.601911 0.369086 5 1.0
0.224864 0.998429 0.462078 14 1.0
0.767553 0.466006 0.161685 7 1.0
0.407519 0.287333 0.371525 8 0.0
0.588239 0.001018 0.161266 1 1.0
0.40368 0.011076 0.153863 7 1.0
0.362183 0.006228 0.153709 7 1.0
0.756009 0.944231 0.652244 12 0.0
0.75187 0.951926 0.668227 12 0.0
0.751877 0.927824 0.659073 12 0.0
0.760148 0.936536 0.636262 12 0.0
0.760142 0.960638 0.645415 12 0.0
0.538385 1.001686 0.837356 14 1.0
0.661214 0.914463 0.783604 12 0.0
0.656499 0.94075 0.787384 12 0.0
0.647934 0.91069 0.79328 12 0.0
0.665928 0.888175 0.779824 12 0.0
0.674493 0.918236 0.773927 12 0.0
0.436559 0.998434 0.835823 12 1.0
0.370281 -0.000401 0.368776 1 0.999854
0.750928 0.777268 0.68166 10 0.999994
0.458831 0.959498 0.83722 12 0.0
0.461544 0.972425 0.838679 12 0.0
0.438958 0.964001 0.834271 12 0.0
0.456118 0.94657 0.83576 12 0.0
0.478704 0.954994 0.840168 12 0.0
0.669335 0.464188 0.152367 8 0.999999
0.64042 0.99909 0.598078 15 0.999996
0.569047 0.600519 0.151305 8 1.0
0.419265 0.78417 0.693172 15 0.999934
0.425395 0.784858 0.69898 15 0.999934
0.41672 0.786148 0.695624 15 0.999934
0.413136 0.783481 0.687364 15 0.999934
0.421811 0.782191 0.69072 15 0.999934
0.76862 0.168006 0.365235 16 1.0
0.41266 0.00448 0.155252 7 1.0
0.396643 0.783888 0.672447 15 0.999926
0.403549 0.784615 0.678352 15 0.999926
0.394645 0.786122 0.674509 15 0.999926
0.389737 0.783161 0.666542 15 0.999926
0.398641 0.781654 0.670385 15 0.999926
0.590002 0.290257 0.376336 8 1e-06
0.230614 0.571062 0.370077 8 1.0
0.636485 0.000854 0.16595 1 0.946444
0.230367 0.362175 0.367711 8 1.0
0.32537 0.431998 0.370064 8 0.0
0.242755 0.191539 0.154088 7 2.4e-05
0.225452 0.213883 0.371492 8 1.0
0.370817 0.309207 0.373679 8 0.0
0.694603 0.003818 0.155958 1 0.999974
0.769789 0.248684 0.162514 16 1.0
0.454744 0.004844 0.176728 1 1.0
0.23131 0.801622 0.159928 2 1.0
0.50675 0.002016 0.172025 1 1.0
0.285908 0.859522 0.679337 12 0.0
0.286211 0.883408 0.675503 12 0.0
0.29476 0.862858 0.700815 12 0.0
0.285605 0.835636 0.683171 12 0.0
0.277056 0.856187 0.657858 12 0.0
0.445096 0.998398 0.837313 14 1.0
0.451315 0.993198 0.838207 12 1.0
0.392465 0.010609 0.372546 8 0.999996
0.227202 1.00145 0.633816 11 1.0
0.475058 0.612588 0.155745 7 1.0
0.770048 0.187421 0.156662 16 0.0324
0.443178 0.777438 0.699059 4 0.999989
0.408709 0.996341 0.672911 15 0.999865
0.766172 0.36839 0.366511 8 1.0
0.358062 0.787664 0.64422 4 0.999584
0.54851 0.998039 0.835736 14 1.0
0.225171 0.998898 0.235702 2 1.0
0.225909 0.838624 0.16331 2 0.999998
0.217558 0.826246 0.337738 2 0.999992
0.330083 0.444803 0.373092 8 0.993637
0.624792 0.322679 0.369836 8 0.11418
0.768128 0.732476 0.36854 8 0.999999
0.764919 0.317065 0.371119 16 0.999984
0.357974 0.317506 0.374571 8 0.0
0.549096 0.261285 0.376518 8 0.0
0.777279 0.196644 0.151776 7 1.0
0.224205 0.463376 0.162613 2 0.980626
0.49196 0.920514 0.839265 12 0.0
0.510076 0.920683 0.839843 12 0.0
0.491671 0.945454 0.84105 12 0.0
0.473843 0.920346 0.838687 12 0.0
0.492248 0.895575 0.83748 12 0.0
0.618025 0.996287 0.813929 12 0.999994
0.725895 0.915591 0.717929 12 0.0
0.726251 0.942467 0.718266 12 0.0
0.716215 0.915533 0.732766 12 0.0
0.72554 0.888715 0.717591 12 0.0
0.735575 0.915649 0.703091 12 0.0
0.774974 0.001415 0.215294 1 1.0
0.581511 0.595516 0.15924 8 0.999432
0.638592 1.001041 0.531983 15 0.99999
0.225572 0.711859 0.357807 2 1.0
0.766669 0.573607 0.363113 16 0.991534
0.776152 0.003907 0.304569 16 0.683958
0.671627 0.001283 0.154563 1 0.999962
0.329645 0.438174 0.372981 8 0.999146
0.775216 0.372085 0.371721 8 1.0
0.402748 0.289406 0.375731 8 0.0
0.764105 0.359204 0.366204 8 0.004535
0.368564 0.315461 0.37209 8 0.0
0.533385 0.031931 0.165884 7 0.0
0.401783 0.002191 0.15707 1 0.999997
0.467198 0.993557 0.157784 7 1.0
0.230989 0.843936 0.166875 2 0.999998
0.479168 0.006681 0.155147 7 1.0
0.474562 0.001516 0.182015 1 0.999996
0.658179 0.917887 0.786582 13 0.0
0.650751 0.942194 0.791351 13 0.0
0.644408 0.91172 0.796568 13 0.0
0.665606 0.893581 0.781814 13 0.0
0.671949 0.924054 0.776597 13 0.0
0.456408 0.952569 0.834553 12 0.0
0.47544 0.961652 0.838102 12 0.0
0.450276 0.965586 0.834123 12 0.0
0.437377 0.943487 0.831005 12 0.0
0.46254 0.939552 0.834984 12 0.0
0.486941 0.783591 0.716921 4 0.999876
0.2459 0.997401 0.669896 14 1.0
0.66431 0.480618 0.165067 8 0.999991
0.645881 -0.000465 0.156485 1 0.917787
0.428776 0.996927 0.689951 15 0.999997
0.649482 0.534001 0.367153 8 0.0
0.325314 0.496765 0.372295 8 0.0
0.224111 0.997505 0.277632 2 1.0
0.765139 0.613284 0.364622 8 0.999935
0.486767 0.00302 0.359648 1 1.0
0.400031 0.004666 0.156666 1 1.0
0.620508 0.000625 0.170197 1 0.999988
0.624811 0.315097 0.371514 8 0.007389
0.76584 0.45903 0.364826 8 1.0
0.400363 0.295909 0.373889 8 0.0
0.774799 0.233417 0.37403 8 0.999999
0.778392 0.667756 0.373352 16 1.0
0.372283 0.319348 0.370994 8 8.6e-05
0.764862 0.663751 0.368679 8 0.97918
0.494891 0.012371 0.368358 8 1.0
0.56695 -0.01269 0.152267 1 1.0
0.77682 0.871927 0.156162 16 1.0
0.480369 1.004322 0.163782 14 1.0
0.495331 0.999681 0.158872 7 0.999984
0.522851 0.008611 0.171221 1 1.0
0.23433 0.173029 0.157557 7 0.002228
0.673779 0.001909 0.158421 1 1.0
0.359564 0.985373 0.796564 12 0.999999
0.369695 0.891195 0.793284 13 0.0
0.76712 0.163239 0.368269 6 1.0
0.225409 0.051987 0.365565 2 0.999948
0.476456 0.008518 0.165366 1 1.0
0.40447 0.998696 0.826065 12 1.0
0.772457 0.783925 0.156911 7 0.981577
0.529219 0.002087 0.155949 1 1.0
0.770497 0.133967 0.160188 5 0.999995
0.743937 0.996502 0.697349 12 0.9999
0.429984 0.599062 0.166485 7 1.0
0.667175 0.446575 0.167021 8 0.999999
0.463931 0.008041 0.370227 1 0.999998
0.454543 0.271582 0.364498 4 0.00016
0.764326 0.606558 0.368176 8 0.999972
0.775606 0.988389 0.424223 16 1.0
0.588413 0.289393 0.376457 8 2e-06
0.326165 0.412951 0.370254 8 0.0
0.761221 0.527516 0.368799 8 1.0
0.775296 0.994914 0.486822 12 1.0
0.763804 0.455012 0.364629 8 1.0
0.765711 0.451702 0.359092 5 0.999994
0.372908 0.318781 0.374052 8 0.0
0.773928 0.793175 0.15905 16 1.0
0.505859 0.018019 0.366148 1 0.999978
0.768945 0.327381 0.161018 6 1.0
0.695277 -0.007851 0.146299 1 1.0
0.737188 -0.003458 0.155624 1 1.0
0.332177 0.037169 0.153783 7 0.0
0.331621 0.050612 0.153125 7 0.0
0.295261 0.03574 0.155769 7 0.0
0.332733 0.023727 0.154441 7 0.0
0.369093 0.038599 0.151797 7 0.0
0.224791 0.833909 0.156756 2 1.0
0.636713 0.003303 0.154232 7 0.492648
0.486896 0.002403 0.159192 1 1.0
0.231808 0.727832 0.161215 7 0.999046
0.68687 0.891129 0.765457 12 0.0
0.689705 0.924954 0.763962 12 0.0
0.674061 0.892739 0.777588 12 0.0
0.684034 0.857304 0.766952 12 0.0
0.699679 0.889519 0.753327 12 0.0
0.766219 0.913332 0.617519 12 0.0
0.768491 0.940607 0.61158 12 0.0
0.762698 0.917447 0.635074 12 0.0
0.763947 0.886056 0.623459 12 0.0
0.769739 0.909216 0.599964 12 0.0
0.366807 0.001025 0.367709 1 0.99968
0.651207 1.001976 0.790378 14 0.999833
0.763127 0.998675 0.201547 14 0.108758
0.294733 0.001148 0.370676 1 0.999996
0.230635 0.091637 0.373057 8 0.999996
0.580161 0.77893 0.832932 12 1.0
0.773842 0.865651 0.156208 16 0.999993
0.399722 0.995979 0.460453 15 0.433972
0.773685 0.841457 0.154307 7 0.992577
0.708135 0.997883 0.155904 7 1.0
0.448987 0.01949 0.363743 8 0.999985
0.595199 0.282796 0.377293 8 0.0
0.22575 0.831402 0.15678 7 0.999987
0.774255 0.000881 0.257615 1 1.0
0.377953 0.320295 0.374038 8 2e-06
0.55697 0.008241 0.165071 1 0.99999
0.565624 0.004124 0.16101 1 1.0
0.633787 0.900805 0.804734 12 0.0
0.630005 0.931511 0.807591 12 0.0
0.618732 0.89819 0.812911 12 0.0
0.63757 0.870099 0.801877 12 0.0
0.648843 0.903421 0.796558 12 0.0
0.649132 0.990501 0.799238 12 1.0
0.372726 0.93214 0.80729 12 0.0
0.356576 0.93896 0.798916 12 0.0
0.379409 0.951658 0.810293 12 0.0
0.388876 0.925321 0.815663 12 0.0
0.366042 0.912623 0.804286 12 0.0
0.234386 0.819296 0.6278 12 0.0
0.235129 0.832904 0.627067 12 0.0
0.239193 0.820113 0.647817 12 0.0
0.233644 0.805689 0.628534 12 0.0
0.229579 0.81848 0.607784 12 0.0
0.236012 0.780712 0.646709 4 1.0
0.592555 0.595408 0.15752 8 0.999998
0.374911 0.340316 0.161747 8 0.948004
0.432665 0.780725 0.697094 15 0.999939
0.610753 0.318854 0.164961 8 0.989336
0.634847 0.994515 0.521149 15 1.0
0.443517 0.006585 0.156307 7 1.0
0.47362 0.608597 0.163033 8 1.0
0.629065 0.332646 0.373933 8 0.997514
0.223929 0.845092 0.154835 7 0.999999
0.576217 0.289813 0.371695 8 6.2e-05
0.220045 0.754739 0.336984 3 0.999997
0.776499 0.412433 0.371453 16 1.0
0.393544 0.29367 0.369376 4 0.0
0.630979 0.313024 0.377707 8 0.0
0.235241 0.630444 0.162689 7 0.99643
0.783012 0.640249 0.153696 16 1.0
0.496695 0.994135 0.159959 7 1.0
0.776428 0.696284 0.164803 16 0.019448
0.528531 0.001828 0.16813 1 0.999897
0.317729 -0.002761 0.155433 1 1.0
0.689977 0.93329 0.762676 12 0.0
0.693925 0.953303 0.76091 12 0.0
0.679526 0.936298 0.773391 12 0.0
0.686028 0.913277 0.764442 12 0.0
0.700427 0.930283 0.751961 12 0.0
0.229891 0.012197 0.31841 1 0.000121
0.494262 0.873628 0.839803 12 0.0
0.510803 0.870345 0.840296 12 0.0
0.500197 0.903487 0.839536 12 0.0
0.477722 0.876911 0.83931 12 0.0
0.488328 0.843768 0.840071 12 0.0
0.773408 0.231734 0.368578 16 1.0
0.77129 0.812131 0.155481 5 0.37675
0.670061 0.45054 0.154899 8 0.999988
0.667644 0.44443 0.160159 8 1.0
0.586605 0.595274 0.157472 8 0.994043
0.409607 0.883144 0.824624 12 0.0
0.424692 0.885085 0.829999 12 0.0
0.412653 0.854022 0.826595 12 0.0
0.394522 0.881202 0.81925 12 0.0
0.406562 0.912265 0.822653 12 0.0
0.525815 0.777246 0.709456 10 0.973523
0.772373 0.615698 0.36702 16 0.999994
0.760543 0.527368 0.370016 8 0.999996
0.597561 0.295865 0.371359 8 1e-06
0.330705 0.385276 0.366934 9 0.456628
0.22579 0.126784 0.372357 8 1.0
0.77659 0.086403 0.154625 6 1.0
0.225442 0.314596 0.16442 7 1.0
0.235424 0.249717 0.154073 7 0.171513
0.22898 0.808037 0.158966 2 1.0
0.23266 0.213683 0.16447 7 1.0
0.494271 0.997681 0.158547 7 1.0
0.758887 0.457657 0.162002 7 0.773263
0.237459 0.507691 0.168619 3 1.0
0.686752 0.956051 0.765105 12 0.0
0.691438 0.968559 0.76293 12 0.0
0.674592 0.962767 0.777525 12 0.0
0.682066 0.943542 0.767281 12 0.0
0.698911 0.949335 0.752686 12 0.0
0.766926 0.993674 0.539186 14 0.999964
0.760781 0.995382 0.641331 13 0.999975
0.721552 0.925037 0.721196 12 0.0
0.72571 0.948297 0.718325 12 0.0
0.713475 0.928012 0.733598 12 0.0
0.717393 0.901777 0.724066 12 0.0
0.729629 0.922062 0.708793 12 0.0
0.670285 0.439061 0.152901 8 0.910407
0.423984 0.778666 0.833843 10 1.0
0.628622 0.556353 0.15308 8 1.0
0.53085 0.779868 0.843702 12 0.999992
0.382264 0.004724 0.363691 1 1.0
0.478161 0.009976 0.36871 8 0.999943
0.226311 0.706189 0.368002 4 1.0
0.584054 0.286095 0.374834 8 0.0
0.223332 0.999263 0.229985 2 1.0
0.330225 0.387693 0.374025 8 0.000226
0.768132 0.574235 0.371251 8 0.999999
0.654556 0.359703 0.377982 8 0.000858
0.40494 0.290093 0.375319 8 0.0
0.766329 0.419422 0.374623 8 0.999991
0.761976 0.759299 0.36317 5 0.999978
0.222014 0.485182 0.368572 2 1.0
0.775527 0.573205 0.371931 5 1.0
0.288237 -0.002821 0.153352 1 1.0
0.59272 0.000978 0.172878 1 0.028871
0.22918 0.240446 0.158257 2 0.999988
0.429877 0.997615 0.158228 7 1.0
0.620813 0.002235 0.159956 1 1.0
0.226843 0.995449 0.433432 2 0.99856
0.486056 -0.000318 0.156963 1 1.0
0.772637 0.739466 0.155094 7 1.0
0.42274 0.018498 0.162502 7 1.0
0.228211 0.687003 0.159912 2 1.0
0.760809 0.931764 0.636194 16 0.0
0.758861 0.941092 0.646281 16 0.0
0.755763 0.912055 0.653446 16 0.0
0.762757 0.922436 0.626108 16 0.0
0.765855 0.951472 0.618943 16 0.0
0.243594 0.865883 0.656007 11 0.0
0.244439 0.892764 0.655633 11 0.0
0.249441 0.865916 0.671561 11 0.0
0.242749 0.839003 0.65638 11 0.0
0.237747 0.865851 0.640453 11 0.0
0.758833 0.923006 0.640327 13 0.0
0.760227 0.942527 0.635211 13 0.0
0.753645 0.928682 0.660572 13 0.0
0.757439 0.903485 0.645443 13 0.0
0.764022 0.91733 0.620082 13 0.0
0.262235 0.997955 0.704021 12 1.0
0.777377 0.992326 0.238653 5 0.616343
0.231442 0.995596 0.623176 11 1.0
0.355182 0.005991 0.161209 1 0.999991
0.461497 0.77927 0.84281 12 0.999996
0.387442 0.008081 0.369061 8 1.0
0.387086 0.574077 0.157298 8 1.0
0.332962 0.490334 0.373048 8 0.0
0.224151 0.120625 0.156338 2 1.0
0.390701 0.278397 0.3753 8 0.0
0.645852 0.002174 0.156725 1 0.9998
0.775329 0.101171 0.15764 16 1.0
0.247057 0.549468 0.167111 7 0.0
0.228071 0.42816 0.158924 2 1.0
0.219843 -0.000854 0.209965 2 1.0
0.447511 0.998215 0.837101 14 1.0
0.602186 0.995007 0.822406 12 0.999993
0.492211 0.993219 0.839519 11 0.999817
0.670296 0.455394 0.156036 8 0.999989
0.290444 0.004513 0.370005 1 1.0
0.631518 1.001068 0.623231 15 0.999882
0.742576 0.993081 0.695418 13 0.999291
0.400669 0.783678 0.673698 15 0.999999
0.547346 0.781616 0.713302 10 0.0
0.303819 1.002194 0.766502 12 1.0
0.327994 0.492589 0.372148 8 0.0
0.661377 0.382198 0.372829 8 0.999975
0.481431 0.268904 0.360897 8 0.003667
0.472471 0.252796 0.376848 8 0.0
0.775096 0.360741 0.369691 6 1.0
0.765401 0.456165 0.362597 8 1.0
0.224752 0.158688 0.156424 2 1.0
0.73577 -0.003945 0.148632 1 1.0
0.613011 0.575225 0.153176 8 1.0
0.248643 -0.003407 0.156684 1 1.0
0.521316 0.027659 0.153454 7 0.0
0.473321 0.018132 0.155357 7 0.186785
0.231297 0.686553 0.173062 2 1e-06
0.522159 0.004582 0.160162 1 1.0
0.764649 0.450624 0.162101 6 0.999952
0.510236 0.01083 0.154734 7 0.02472
0.240161 0.743774 0.15643 7 0.007434
0.227352 0.462513 0.174862 2 1e-06
0.413387 0.03259 0.160913 7 1e-06
0.76394 0.229097 0.158714 7 1.0
0.246807 0.674749 0.1572 7 0.004528
0.474162 0.997088 0.841119 12 0.999997
0.772998 0.006386 0.222078 16 0.010111
0.273461 0.99701 0.723897 12 0.999999
0.763505 0.99642 0.6474 12 0.999996
0.665031 0.402732 0.171183 8 0.999914
0.663503 0.413992 0.173994 8 0.999914
0.662043 0.400997 0.176508 8 0.999914
0.66656 0.391472 0.168372 8 0.999914
0.66802 0.404468 0.165858 8 0.999914
0.775161 0.002349 0.217337 5 1.0
0.636643 0.338392 0.163899 4 0.999995
0.450076 0.91117 0.833683 12 0.0
0.468849 0.915057 0.837297 12 0.0
0.444441 0.939039 0.832976 12 0.0
0.431304 0.907282 0.830069 12 0.0
0.455712 0.8833 0.834389 12 0.0
0.612143 0.314392 0.16525 9 0.987529
0.69562 -0.000926 0.157888 1 1.0
0.630469 0.994849 0.50409 15 0.999999
0.230628 0.177025 0.156173 7 1.0
0.770875 0.995824 0.554306 12 1.0
0.228061 0.561921 0.370112 4 0.999999
0.467486 0.254707 0.376597 8 0.0
0.523003 0.007168 0.371489 8 1.0
0.229967 0.562384 0.158736 2 1.0
0.762225 0.425174 0.365785 5 0.999676
0.760417 0.462786 0.363948 8 1.0
0.766895 0.581082 0.362458 5 0.999974
0.777614 -0.002939 0.257803 1 1.0
0.220343 0.562612 0.36265 2 1.0
0.297981 -0.004229 0.15418 1 1.0
0.228334 0.284745 0.158763 3 1.0
0.220139 0.867684 0.155259 2 1.0
0.227195 0.375707 0.181102 2 9e-06
0.769349 0.217583 0.160271 7 0.998574
0.771304 0.408473 0.161039 5 1.0
0.53605 0.025114 0.164808 7 1e-06
0.773181 0.543951 0.17022 6 0.999967
0.77443 0.99521 0.299426 14 1.0
0.774213 0.786455 0.153668 7 0.99999
0.476405 -0.004919 0.151065 1 1.0
0.731224 0.995981 0.712277 16 1.0
0.616652 0.899187 0.807494 12 0.0
0.619031 0.929519 0.806832 12 0.0
0.603583 0.900353 0.813963 12 0.0
0.614273 0.868854 0.808156 12 0.0
0.629722 0.898021 0.801024 12 0.0
0.763463 1.000002 0.640707 14 0.999954
0.22592 0.047109 0.36836 2 0.999998
0.225916 0.047129 0.36833 2 0.999998
0.225921 0.04719 0.368412 2 0.999998
0.225924 0.04709 0.368391 2 0.999998
0.225919 0.047028 0.368309 2 0.999998
0.402077 0.005789 0.367229 8 0.999988
0.764272 0.997502 0.640889 12 1.0
0.581925 0.79259 0.688422 15 0.002324
0.222874 0.651202 0.371407 8 1.0
0.394393 0.999051 0.451747 14 2e-06
0.679902 0.010687 0.371394 8 0.999996
0.771383 0.005693 0.170054 16 1.0
0.224146 0.744338 0.373059 8 1.0
0.317885 0.013535 0.369745 8 0.99994
0.318594 0.017923 0.369183 8 0.99994
0.304427 0.015405 0.367383 8 0.99994
0.317177 0.009146 0.370307 8 0.99994
0.331344 0.011665 0.372107 8 0.99994
0.226909 0.594532 0.373331 8 1.0
0.224287 0.996398 0.553729 12 1.0
0.407326 0.287436 0.370392 8 0.0
0.776066 0.617289 0.373052 8 0.999998
0.770434 0.578204 0.36917 8 1.0
0.237995 0.541612 0.159387 7 0.003281
0.227529 0.258001 0.163367 2 1.0
0.774326 0.771582 0.153236 16 1.0
0.776635 0.267504 0.160035 16 0.99997
0.228996 0.17108 0.170877 2 1.0
0.256079 0.860059 0.694196 11 0.0
0.256908 0.887844 0.693321 11 0.0
0.265012 0.860354 0.712027 11 0.0
0.25525 0.832274 0.695071 11 0.0
0.247147 0.859764 0.676364 11 0.0
0.232855 0.006219 0.242782 1 0.969438
0.66063 0.896495 0.785092 16 0.0
0.768094 0.995913 0.518877 14 0.766721
0.2349 0.016847 0.370268 8 0.999998
0.775123 0.001243 0.20395 1 0.99998
0.774887 0.258203 0.1555 5 1.0
0.437857 0.784909 0.703818 15 0.999944
0.224473 0.584558 0.371498 2 1.0
0.647868 0.014425 0.370676 8 0.999788
0.660146 0.386232 0.360181 8 0.999931
0.683859 0.009422 0.369364 8 0.999995
0.763274 0.664513 0.363264 8 0.999121
0.774781 0.002313 0.250573 1 1.0
0.231979 0.494217 0.369555 3 1.0
0.224971 0.995375 0.256972 2 1.0
0.667977 0.001058 0.153824 1 0.929345
0.775327 0.72721 0.15481 16 1.0
0.620107 0.999795 0.157167 7 1.0
0.243265 0.68747 0.158677 7 0.033867
0.663212 -0.000912 0.154633 1 1.0
0.214694 -0.004489 0.155121 1 1.0
0.223512 -0.00557 0.153413 1 1.0
0.215363 -0.001258 0.156532 1 1.0
0.205875 -0.003409 0.156829 1 1.0
0.214025 -0.007721 0.15371 1 1.0
0.222781 -0.005691 0.157493 1 1.0
0.452608 0.018004 0.154325 7 0.02607
0.777482 0.840818 0.153603 16 1.0
0.485644 0.005732 0.16098 1 1.0
0.765428 0.225551 0.150333 7 1.0
0.237483 0.392074 0.162039 2 0.999902
0.239665 0.681208 0.164355 7 0.905193
0.415425 0.006203 0.155144 1 1.0
0.225971 0.161044 0.157548 2 1.0
0.768806 0.739116 0.155789 7 1.0
0.225903 0.391218 0.164934 3 1.0
0.497856 0.912259 0.839277 12 0.0
0.514561 0.910406 0.838893 12 0.0
0.500988 0.940119 0.841095 12 0.0
0.481152 0.914112 0.839661 12 0.0
0.494724 0.884398 0.837459 12 0.0
0.374202 0.988492 0.807912 12 1.0
0.666491 0.9018 0.778409 12 0.0
0.661531 0.921539 0.781047 12 0.0
0.656274 0.898181 0.78628 12 0.0
0.671451 0.882061 0.775772 12 0.0
0.676707 0.905419 0.770538 12 0.0
0.228266 0.128663 0.367507 3 1.0
0.251872 0.779202 0.68079 4 0.934127
0.614055 0.004206 0.160559 1 1.0
0.765798 0.004266 0.367186 16 0.999999
0.772911 0.1393 0.368489 16 0.000968
0.423194 0.016195 0.367514 1 1.0
0.231981 0.997598 0.620283 12 1.0
0.331471 0.498148 0.37182 8 0.0
0.481227 0.266063 0.372024 4 0.0
0.38903 0.987879 0.816299 12 1.0
0.621791 0.31879 0.371315 8 3e-06
0.406855 0.297594 0.373377 8 1e-06
0.758798 0.463859 0.368586 8 0.999991
0.348576 0.294235 0.374034 8 0.0
0.228583 -0.010452 0.152709 1 1.0
0.785305 0.003431 0.385324 16 1.0
0.796594 -0.003518 0.391138 16 1.0
0.779992 0.006786 0.399652 16 1.0
0.774016 0.010379 0.37951 16 1.0
0.790618 7.5e-05 0.370996 16 1.0
0.520898 0.002978 0.182302 1 8.3e-05
0.250876 0.505949 0.167523 7 0.0
0.234032 0.645146 0.157282 7 0.99981
0.223092 0.572715 0.171151 2 2.1e-05
0.248399 0.55472 0.154927 7 0.0
0.512839 0.008202 0.16926 1 1.0
0.773545 0.225835 0.162179 5 1.0
0.567061 0.00367 0.157353 1 1.0
0.234998 0.652755 0.1592 7 1.0
0.247156 0.385262 0.154954 8 1.0
0.647577 0.005893 0.165103 1 0.000554
0.609298 0.290824 0.377164 8 0.0
0.232842 0.474498 0.161891 7 0.99996
0.22707 0.614536 0.160367 2 1.0
0.239137 0.012362 0.221256 1 0.372442
0.271221 0.998583 0.722435 12 1.0
0.563256 0.985925 0.833106 12 0.999969
0.777011 0.995743 0.198208 6 1.0
0.63999 0.999869 0.603409 15 0.999994
0.23544 0.065246 0.370298 8 0.999964
0.227525 0.665547 0.176474 2 0.0
0.634589 0.002255 0.159849 1 1.0
0.224895 0.160299 0.1563 2 1.0
0.447391 0.778466 0.699729 15 0.999889
0.44985 0.279326 0.372666 8 8e-06
0.775424 0.006249 0.232337 5 0.915493
0.368541 0.313079 0.367307 8 0.882519
0.5321 0.272318 0.372883 4 6.8e-05
0.407233 0.999013 0.826207 14 1.0
0.326529 0.442052 0.373061 8 0.0
0.459741 -0.006192 0.145735 7 1.0
0.256475 -0.001158 0.157929 1 1.0
0.372456 0.275434 0.37441 8 0.0
0.249979 0.525116 0.153923 8 0.0
0.244527 0.237372 0.151828 7 0.000151
0.229764 0.238826 0.155815 7 1.0
0.234336 0.238003 0.155119 7 1.0
0.220716 0.86646 0.153934 2 1.0
0.225344 0.886242 0.156951 2 1.0
0.243872 0.634064 0.156357 7 0.000306
0.578534 0.011148 0.161106 1 0.002505
0.242026 0.286776 0.158622 3 0.866051
0.4702 0.998814 0.153567 7 1.0
0.228262 0.283653 0.164059 2 1.0
0.227203 0.605457 0.161552 2 1.0
0.247782 0.485137 0.154615 7 0.0
0.631711 0.910602 0.804898 15 0.0
0.276177 1.000146 0.729893 14 1.0
0.776638 0.779942 0.431298 10 1.0
0.711839 0.994646 0.743465 12 0.990544
0.458834 0.610305 0.153921 8 1.0
0.655507 0.3778 0.159317 8 0.999973
0.642525 0.950642 0.799948 12 0.0
0.637402 0.964609 0.804926 12 0.0
0.628705 0.94273 0.807923 12 0.0
0.647648 0.936675 0.794969 12 0.0
0.656345 0.958554 0.791972 12 0.0
0.228215 0.888984 0.159605 2 1.0
0.769728 0.850681 0.153145 7 0.999993
0.661905 0.38214 0.3743 8 0.996179
0.774199 0.995729 0.468174 16 1.0
0.76424 0.536021 0.373704 8 1.0
0.221474 0.137261 0.160911 3 1.0
0.763518 0.357909 0.369161 8 0.999974
0.325326 0.44247 0.371707 8 0.0
0.400445 0.292366 0.373644 8 0.0
0.78071 -0.005532 0.252724 1 1.0
0.286083 -0.000796 0.158261 1 1.0
0.771192 0.991606 0.461031 14 0.197175
0.275683 0.621995 0.156618 7 0.0
0.25663 0.343441 0.151233 7 0.0
0.678196 0.340291 0.377239 8 0.0
0.225866 0.539984 0.373714 8 1.0
0.242941 0.241382 0.15085 7 1.0
0.219076 0.862941 0.151918 3 1.0
0.227678 0.606841 0.37358 8 1.0
0.279921 0.436321 0.152229 7 0.0
0.227573 0.381424 0.167709 2 0.999964
0.77631 0.254521 0.168737 16 1.0
0.773756 0.77638 0.15383 7 1.0
0.357827 0.02232 0.163473 7 0.945982
0.236196 0.411291 0.155544 7 1.0
0.774567 0.995362 0.529754 16 1.0
0.669873 0.879007 0.779011 13 0.0
0.661084 0.900874 0.786086 13 0.0
0.658797 0.871831 0.787431 13 0.0
0.678662 0.85714 0.771936 13 0.0
0.680948 0.886183 0.770591 13 0.0
0.342359 0.003545 0.36594 1 1.0
0.333754 0.003543 0.155589 1 1.0
0.720552 0.918286 0.72123 13 0.0
0.721797 0.943382 0.723092 13 0.0
0.711594 0.917766 0.734225 13 0.0
0.719307 0.893189 0.719368 13 0.0
0.72951 0.918805 0.708235 13 0.0
0.774823 0.113451 0.156788 6 1.0
0.732463 0.78648 0.709848 10 0.999998
0.659727 0.394878 0.163297 8 0.999675
0.634765 0.558498 0.155311 8 0.999986
0.435875 0.783348 0.701825 15 0.999993
0.444627 0.782655 0.703249 15 0.999993
0.435526 0.784918 0.704737 15 0.999993
0.427123 0.784041 0.7004 15 0.999993
0.436225 0.781778 0.698913 15 0.999993
0.656229 0.005285 0.368886 1 1.0
0.764349 0.313779 0.366271 16 1.0
0.768493 0.559971 0.373293 8 1.0
0.772887 0.007594 0.241767 16 1.0
0.768449 0.011368 0.244339 16 1.0
0.777502 0.002835 0.256716 16 1.0
0.777324 0.003821 0.239196 16 1.0
0.768272 0.012353 0.226819 16 1.0
0.227291 0.732506 0.365014 8 1.0
0.360836 0.34498 0.370477 8 0.999462
0.356294 0.351263 0.370322 8 0.999462
0.362769 0.346427 0.372471 8 0.999462
0.365378 0.338698 0.370632 8 0.999462
0.358903 0.343534 0.368484 8 0.999462
0.765446 0.411384 0.36451 8 1.0
0.332233 0.005768 0.365113 8 1.0
0.772598 0.001719 0.271656 1 0.999999
0.477425 0.270592 0.375141 8 0.0
0.222774 0.157636 0.157973 2 0.879691
0.767396 0.258296 0.365022 16 1.0
0.615287 0.313777 0.376765 8 9e-06
0.763198 0.453654 0.363763 8 1.0
0.759497 0.696972 0.34959 8 0.999994
0.37373 0.314303 0.370973 8 0.013242
0.77528 0.318726 0.159214 6 0.999983
0.221031 0.631323 0.157141 2 1.0
0.236599 -0.005456 0.152184 1 1.0
0.251013 -0.009125 0.142178 7 1.0
0.2574 -0.010597 0.14208 7 1.0
0.252013 -0.004956 0.144722 7 1.0
0.244625 -0.007653 0.142277 7 1.0
0.250013 -0.013294 0.139634 7 1.0
0.220764 0.725489 0.157174 3 1.0
0.224909 0.843316 0.155022 7 1.0
0.244583 0.569665 0.154379 7 0.000156
0.753905 0.490082 0.156782 7 9e-06
0.449865 0.000157 0.158121 1 1.0
0.225428 0.564821 0.164819 2 0.469249
0.444787 0.997553 0.160545 14 1.0
0.773218 0.820755 0.154814 7 1.0
0.532919 0.003452 0.155072 1 1.0
0.226401 0.875913 0.160007 2 1.0
0.225068 0.172331 0.156095 2 1.0
0.224335 0.280545 0.156204 2 1.0
0.647858 0.02456 0.183241 7 1.0
0.234055 0.587417 0.158138 4 0.999974
0.226421 0.566686 0.158585 7 1.0
0.24896 0.562899 0.163281 7 0.0
0.385698 0.017217 0.152811 7 0.073624
0.598831 0.002208 0.155491 1 1.0
0.225414 0.671435 0.172195 2 0.000998
0.233245 0.747287 0.158685 7 0.260526
0.249371 0.396553 0.151281 7 1e-06
0.247619 0.696108 0.153371 7 0.000212
0.235141 0.371699 0.160925 3 1.0
0.233062 0.645186 0.156746 7 1.0
0.537702 0.005534 0.181825 1 1.0
0.235132 0.179232 0.152136 7 1.0
0.580563 0.991036 0.827223 12 0.99998
0.504012 0.996005 0.842323 12 1.0
0.768711 0.996482 0.20677 14 0.999027
0.477852 0.996534 0.8399 12 1.0
0.676294 0.453726 0.164089 8 0.999995
0.419383 0.778809 0.832373 10 1.0
0.230194 0.049716 0.372239 8 1.0
0.772065 0.78919 0.461473 10 1.0
0.584158 0.791514 0.687399 15 3.1e-05
0.384865 0.009823 0.152923 7 0.588869
0.225463 0.002919 0.199738 1 0.999559
0.224448 0.903184 0.158989 2 0.999999
0.222544 0.691275 0.372074 4 0.999998
0.228486 0.159913 0.155501 7 0.999999
0.225552 0.010016 0.372174 8 1.0
0.223856 0.009946 0.373921 8 1.0
0.225236 0.005671 0.371693 8 1.0
0.227248 0.010086 0.370427 8 1.0
0.225868 0.014362 0.372655 8 1.0
0.331233 0.496725 0.371045 8 0.0
0.490002 0.005721 0.156095 7 1.0
0.769076 0.994443 0.351235 14 0.999995
0.367196 0.335007 0.36566 8 0.99967
0.482595 0.262813 0.374823 8 0.0
0.76647 0.451675 0.358617 16 0.999951
0.402917 0.286381 0.369859 8 0.0
0.702299 -0.004524 0.146862 1 1.0
0.21967 0.070236 0.152593 2 1.0
0.458816 0.258427 0.376068 8 0.0
0.226435 0.629716 0.17634 2 0.00016
0.700351 0.002915 0.169333 1 0.065083
0.225108 0.820386 0.160575 2 0.999959
0.232603 0.637609 0.170885 2 0.0
0.639102 0.001681 0.156182 1 1.0
0.230267 0.707809 0.159431 2 1.0
0.23104 0.546223 0.154017 7 1.0
0.238714 0.525383 0.155125 7 1.0
0.639017 0.997755 0.803444 14 1.0
0.749794 0.999603 0.682153 14 1.0
0.408193 0.005128 0.363037 1 0.999999
0.225508 0.824936 0.158078 7 1.0
0.463274 0.940177 0.837535 12 0.0
0.479343 0.946835 0.840328 12 0.0
0.456244 0.956927 0.838053 12 0.0
0.447205 0.933519 0.834741 12 0.0
0.470304 0.923428 0.837016 12 0.0
0.408344 0.998505 0.826679 12 0.999999
0.640052 0.992378 0.581019 15 1.0
0.772164 0.130408 0.158608 5 0.999888
0.582547 0.596756 0.156974 8 0.999998
0.624802 0.004877 0.363693 1 0.0
0.490096 0.013029 0.158454 7 0.999247
0.641633 0.549381 0.15348 8 0.999997
0.532432 0.783649 0.716892 10 0.0
0.762331 0.318922 0.363758 8 1.0
0.432132 0.283966 0.371457 8 0.939697
0.339222 0.385993 0.372048 4 0.999967
0.763781 0.406295 0.361844 5 1.0
0.578617 0.28666 0.371099 8 0.890957
0.468912 0.27094 0.374327 8 0.0
0.450779 0.958167 0.835264 12 0.0
0.470196 0.960381 0.838785 12 0.0
0.448922 0.972209 0.836675 12 0.0
0.431361 0.955953 0.831743 12 0.0
0.452636 0.944125 0.833853 12 0.0
0.776372 0.224989 0.151857 7 1.0
0.520199 0.003962 0.361849 1 1.0
0.77417 0.263324 0.157912 16 1.0
0.766989 0.085213 0.368377 8 0.999997
0.260643 0.633348 0.153086 7 2e-06
0.436489 0.002727 0.167415 1 0.999845
0.767471 0.630639 0.158341 7 0.999998
0.432093 0.999164 0.15503 7 0.999971
0.399926 0.006611 0.155406 7 1.0
0.578541 0.00765 0.164557 1 0.999828
0.252298 0.481764 0.164881 7 0.0
0.776534 0.595104 0.371756 5 1.0
0.226743 0.895746 0.155642 7 1.0
0.231976 0.294659 0.158448 7 0.996422
0.226815 0.81741 0.158713 2 1.0
0.623191 0.000501 0.159625 1 1.0
0.630917 0.003293 0.159104 1 1.0
0.22895 0.144733 0.158232 1 1.0
0.228881 0.601979 0.165117 2 0.369221
0.224481 0.805964 0.159743 2 0.999998
0.733316 0.997032 0.712983 12 1.0
0.270522 0.983085 0.706455 12 0.999999
0.720313 1.002411 0.735162 14 1.0
0.587672 1.001654 0.826823 14 1.0
0.223381 0.859139 0.161329 3 0.999987
0.768217 0.996745 0.585528 14 0.999999
0.774623 0.96436 0.152109 7 1.0
0.40823 0.011322 0.156991 7 0.964967
0.224638 0.718435 0.364179 3 0.999102
0.227825 0.176379 0.153943 7 0.999983
0.401313 0.004931 0.155861 7 1.0
0.773885 0.878148 0.152588 7 1.0
0.520554 0.002864 0.370511 1 1.0
0.667657 0.427521 0.374598 9 0.998444
0.777481 0.999093 0.47433 16 1.0
0.223598 0.537187 0.372557 4 0.999999
0.341658 -0.007881 0.146841 1 1.0
0.222328 0.092154 0.143434 7 1.0
0.283374 0.49474 0.152519 7 0.0
0.266447 0.363949 0.15052 7 0.0
0.778602 0.398995 0.15124 7 1.0
0.337439 0.505145 0.373907 8 0.0
0.49052 0.009133 0.157064 7 1.0
0.532842 0.003517 0.155247 7 1.0
0.224706 0.625376 0.156161 2 1.0
0.244655 0.547208 0.162039 7 0.997627
0.26185 0.625019 0.154901 7 0.0
0.775724 0.338078 0.155412 6 1.0
0.290571 0.425623 0.36158 8 0.0
0.772823 0.789071 0.15464 7 1.0
0.223563 0.236532 0.161506 2 0.928321
0.237782 0.259925 0.158569 7 1.0
0.776209 0.404776 0.173501 16 1.0
0.249822 0.629338 0.153369 7 0.999819
0.324261 -0.002804 0.154351 1 1.0
0.735596 1.001171 0.708514 14 1.0
0.759861 0.920316 0.639314 12 0.0
0.763225 0.944886 0.633856 12 0.0
0.755452 0.925108 0.658167 12 0.0
0.756496 0.895747 0.644771 12 0.0
0.76427 0.915525 0.620461 12 0.0
0.716786 0.906483 0.736533 12 0.0
0.714822 0.935908 0.738631 12 0.0
0.708936 0.905245 0.746539 12 0.0
0.718749 0.877058 0.734434 12 0.0
0.724635 0.90772 0.726526 12 0.0
0.49589 0.855018 0.842951 12 0.0
0.514555 0.858409 0.843337 12 0.0
0.491393 0.879844 0.84232 12 0.0
0.477225 0.851627 0.842565 12 0.0
0.500387 0.830192 0.843582 12 0.0
0.482785 0.909471 0.843052 12 0.0
0.499096 0.908487 0.843788 12 0.0
0.48375 0.926665 0.844652 12 0.0
0.466474 0.910455 0.842316 12 0.0
0.48182 0.892277 0.841451 12 0.0
0.590252 0.997909 0.825605 12 1.0
0.25695 0.78099 0.700641 10 1.0
0.7078 0.994729 0.747217 14 0.999718
0.665337 0.784477 0.788665 10 0.999992
0.462047 0.933141 0.836173 12 0.0
0.477651 0.941317 0.839349 12 0.0
0.451627 0.95299 0.836262 12 0.0
0.446444 0.924964 0.832997 12 0.0
0.472467 0.913291 0.836085 12 0.0
0.636443 0.340788 0.160291 8 0.076201
0.39615 0.012094 0.157229 7 0.994499
0.573534 0.779835 0.834924 12 0.999999
0.446592 0.880832 0.838511 12 0.0
0.460738 0.883538 0.84023 12 0.0
0.439913 0.916714 0.836989 12 0.0
0.432446 0.878126 0.836791 12 0.0
0.453271 0.844949 0.840032 12 0.0
0.380317 0.564834 0.15433 8 0.999955
0.357278 0.779939 0.580236 4 0.483089
0.404268 0.84847 0.825312 12 0.0
0.421009 0.848926 0.831048 12 0.0
0.404477 0.82542 0.826537 12 0.0
0.387527 0.848013 0.819577 12 0.0
0.404059 0.87152 0.824088 12 0.0
0.66 0.385532 0.371596 8 0.999978
0.340191 0.390975 0.371562 8 0.999975
0.580829 0.288495 0.369363 8 0.002039
0.579317 0.002774 0.157772 1 1.0
0.224425 0.901837 0.158168 2 0.99999
0.328076 0.401554 0.370342 8 0.0
0.22478 0.845967 0.15718 2 0.999999
0.324095 0.442172 0.368435 8 0.0
0.360632 0.327525 0.374724 8 0.0
0.774645 0.997827 0.546431 16 1.0
0.6017 0.580388 0.152449 8 0.999966
0.223543 1.001083 0.498594 14 1.0
0.255978 0.233731 0.150299 7 0.0
0.265474 0.472651 0.15216 7 0.0
0.241087 0.153777 0.15558 7 0.000443
0.225544 0.155848 0.165645 3 1.0
0.400015 0.00191 0.157294 1 0.999998
0.225673 0.425375 0.155679 2 1.0
0.246629 0.389744 0.15685 7 0.0
0.760902 0.896534 0.650553 12 0.0
0.762556 0.929147 0.646851 12 0.0
0.758622 0.897968 0.662171 12 0.0
0.759248 0.863921 0.654255 12 0.0
0.763182 0.895099 0.638935 12 0.0
0.753909 0.991652 0.665463 12 0.002059
0.75434 0.992457 0.665373 12 0.002059
0.75346 0.992149 0.667746 12 0.002059
0.753478 0.990847 0.665554 12 0.002059
0.754358 0.991154 0.663181 12 0.002059
0.636666 0.991666 0.801704 12 1.0
0.762552 0.841302 0.632824 12 0.0
0.767267 0.847882 0.613231 12 0.0
0.761305 0.859631 0.63868 12 0.0
0.757838 0.834721 0.652416 12 0.0
0.763799 0.822973 0.626968 12 0.0
0.693768 0.888318 0.751688 12 0.0
0.692996 0.910851 0.752258 12 0.0
0.682929 0.887667 0.762709 12 0.0
0.694541 0.865785 0.751117 12 0.0
0.704608 0.888969 0.740666 12 0.0
0.775823 0.943409 0.158997 5 1.0
0.667333 0.851945 0.779243 12 0.0
0.656937 0.864652 0.787176 12 0.0
0.655182 0.83611 0.788685 12 0.0
0.677729 0.839238 0.771311 12 0.0
0.679483 0.867781 0.769802 12 0.0
0.756358 0.994977 0.624308 14 0.999987
0.30678 0.997626 0.764566 12 0.999946
0.777168 0.780217 0.424126 10 1.0
0.422772 0.598397 0.154779 8 1.0
0.675617 0.453581 0.165008 8 0.999996
0.224359 0.149001 0.159612 2 0.991601
0.417419 0.779091 0.83252 10 1.0
0.648016 0.93986 0.795292 12 0.0
0.641496 0.95699 0.801311 12 0.0
0.634695 0.93184 0.803685 12 0.0
0.654537 0.922729 0.789273 12 0.0
0.661337 0.947879 0.786898 12 0.0
0.227289 0.244602 0.157275 3 1.0
0.457767 0.276605 0.372088 8 2.7e-05
0.772915 0.004081 0.229189 16 1.0
0.234693 0.721775 0.371147 4 1.0
0.77075 0.68367 0.358936 5 0.999309
0.584312 0.282444 0.362505 8 0.000854
0.47346 0.269007 0.375282 8 0.0
0.223819 0.878381 0.154337 7 0.999997
0.223398 0.839569 0.155006 7 1.0
0.465347 1.003898 0.844801 12 1.0
0.624465 0.001393 0.367016 1 1.0
0.405784 0.292625 0.374147 8 0.0
0.372903 0.317616 0.373118 8 2.1e-05
0.527202 0.271683 0.371956 4 0.004866
0.226629 0.898289 0.159029 2 1.0
0.671704 0.451164 0.374717 9 0.998997
0.762553 0.561 0.364222 8 1.0
0.767648 0.99609 0.327397 14 0.992547
0.775235 0.675946 0.373028 8 1.0
0.301641 -0.001183 0.151335 1 1.0
0.264993 -0.015997 0.142633 7 1.0
0.22777 0.25965 0.155941 3 1.0
0.27571 0.381314 0.150975 8 0.0
0.24537 0.283558 0.15183 7 0.0
0.235234 0.490451 0.155646 7 0.002371
0.262048 0.390006 0.15084 7 0.0
0.378348 0.00192 0.152164 1 1.0
0.245021 0.406193 0.152889 9 0.0
0.228798 0.467004 0.160089 7 1.0
0.278579 0.383809 0.153251 7 0.0
0.77393 0.333635 0.157568 16 0.999827
0.253052 0.621536 0.15522 7 1.1e-05
0.373778 0.998283 0.155005 14 0.995168
0.522134 -0.003099 0.154435 1 1.0
0.23871 0.396718 0.153031 7 0.112466
0.6028 0.00441 0.162605 1 0.678948
0.600186 0.998139 0.158015 14 1.0
0.248289 0.985793 0.677843 11 1.0
0.253727 0.982727 0.685114 11 1.0
0.24605 0.983048 0.67836 11 1.0
0.24285 0.988859 0.670572 11 1.0
0.250528 0.988538 0.677326 11 1.0
0.256531 0.779824 0.699151 13 1.0
0.776135 0.951429 0.15558 5 1.0
0.773941 0.995779 0.464132 6 1.0
0.360862 0.999557 0.523256 14 0.999364
0.690536 1.001969 0.15317 7 1.0
0.669796 0.39706 0.163343 8 0.999868
0.224437 0.623466 0.366769 8 0.999848
0.435491 0.78381 0.702046 15 0.334189
0.773881 0.852019 0.15576 5 0.999989
0.281092 0.779613 0.736765 11 0.999996
0.761794 0.996819 0.638679 13 0.999998
0.335447 0.356205 0.356258 8 0.9987
0.774329 0.997197 0.529832 16 1.0
0.223084 0.853137 0.155285 3 0.999995
0.329575 0.389344 0.370315 8 0.0
0.773244 0.170632 0.156235 5 1.0
0.403748 0.984199 0.820549 12 1.0
0.224027 0.901928 0.159499 2 1.0
0.221925 -0.010651 0.152758 1 1.0
0.778296 -0.002806 0.327649 1 1.0
0.764531 -0.002157 0.145252 1 1.0
0.282037 0.421895 0.153236 7 0.0
0.251424 0.483948 0.15813 7 0.003236
0.775059 0.491225 0.166088 16 1.0
0.222944 0.172489 0.159024 2 0.327618
0.231201 0.794112 0.17061 3 0.999994
0.23093 0.716212 0.158392 7 1.0
0.225827 0.297631 0.167948 2 1.0
0.424361 0.01758 0.154395 7 0.000312
0.222015 0.635261 0.373734 8 1.0
0.282885 0.500547 0.153747 8 0.0
0.413883 0.996476 0.158451 7 1.0
0.23569 0.552391 0.157484 7 1.0
0.243353 0.401436 0.158478 3 0.0
0.229927 0.14601 0.157575 7 0.999989
0.775961 0.665076 0.168466 16 0.999999
0.735184 0.996766 0.708919 13 0.999999
0.67888 0.92205 0.766325 12 0.0
0.685195 0.945444 0.762919 12 0.0
0.66653 0.926959 0.777144 12 0.0
0.672565 0.898655 0.769731 12 0.0
0.69123 0.917141 0.755506 12 0.0
0.775663 0.063789 0.373286 6 1.0
0.226181 0.002649 0.258728 1 0.999827
0.480351 0.894353 0.841794 12 0.0
0.496714 0.893359 0.842918 12 0.0
0.482086 0.923604 0.842406 12 0.0
0.463989 0.895347 0.840671 12 0.0
0.478616 0.865101 0.841182 12 0.0
0.466937 0.99738 0.84006 12 1.0
0.696843 0.997532 0.757719 14 0.999997
0.384828 1.000025 0.489886 15 1.0
0.765469 0.997441 0.623115 14 1.0
0.465613 0.276453 0.371051 4 0.040175
0.76847 0.994511 0.551422 14 0.999996
0.776348 0.337626 0.371669 5 1.0
0.373068 0.319792 0.374842 8 2e-06
0.775527 0.991643 0.446697 16 1.0
0.222818 0.901834 0.155811 3 1.0
0.774988 0.995905 0.456581 16 1.0
0.771296 0.997545 0.41949 14 1.0
0.582292 0.596567 0.15657 8 0.999998
0.223807 0.300955 0.173673 2 0.000128
0.301033 0.621798 0.150736 7 1.3e-05
0.616675 0.00217 0.155239 1 1.0
0.222307 0.613605 0.367074 2 1.0
0.430602 -0.000408 0.161238 1 1.0
0.253848 0.581001 0.154732 7 0.0
0.4887 0.002005 0.15745 7 1.0
0.502799 0.002648 0.155494 7 1.0
0.33235 -0.005883 0.154695 1 1.0
0.629529 0.001877 0.155948 1 1.0
0.2606 0.622985 0.157516 7 2e-06
0.235484 0.700801 0.159575 4 1.0
0.441796 0.997531 0.155924 7 1.0
0.222561 0.639682 0.165968 2 1.0
0.221821 0.443266 0.162738 3 1.0
0.281765 0.98182 0.733125 12 0.999999
0.77154 0.001783 0.225555 1 0.999998
0.777837 0.149837 0.370957 16 1.0
0.395175 0.006572 0.366361 8 0.999999
0.697532 0.919548 0.752964 12 0.0
0.702503 0.944407 0.750472 12 0.0
0.687228 0.922666 0.763515 12 0.0
0.692561 0.894689 0.755456 12 0.0
0.707835 0.91643 0.742413 12 0.0
0.431296 0.995776 0.15897 7 1.0
0.300434 0.985671 0.751783 11 0.99997
0.639593 0.999225 0.797986 14 0.999995
0.757026 0.998179 0.219705 14 0.018927
0.777519 0.068793 0.371614 16 0.999985
0.753961 0.789573 0.649511 10 1.0
0.492025 0.610688 0.160234 8 1.0
0.77052 0.99495 0.357397 14 1.0
0.226609 0.849477 0.154274 7 0.999957
0.777462 0.304713 0.370697 16 1.0
0.612833 0.315979 0.374977 8 0.999152
0.463013 0.003021 0.36795 1 1.0
0.771795 0.443363 0.368298 8 1.0
0.378685 0.317835 0.371173 8 4e-06
0.226466 0.882099 0.15697 7 1.0
0.772811 0.564465 0.369296 6 1.0
0.223347 0.902189 0.15571 2 1.0
0.779423 -0.005577 0.347446 1 1.0
0.604668 0.58805 0.157751 8 0.9998
0.337091 -0.001238 0.152564 1 1.0
0.452657 0.998172 0.156549 7 1.0
0.579798 0.002362 0.157116 1 1.0
0.226396 0.638178 0.157037 2 1.0
0.228072 0.780033 0.158433 2 1.0
0.242256 0.635884 0.17156 7 0.0
0.243991 0.272022 0.152663 7 0.0
0.479326 0.003121 0.154453 7 1.0
0.229338 0.304764 0.154798 7 1.0
0.229628 0.456341 0.162787 2 1.0
0.249919 0.423811 0.156316 7 0.0
0.484971 1.001946 0.164132 14 1.0
0.772975 0.642578 0.157535 5 1.0
0.241911 0.375467 0.157453 7 0.0
0.227817 0.263351 0.161642 3 1.0
0.503189 0.004885 0.156073 1 1.0
0.220737 0.010185 0.283196 2 0.999984
0.714954 0.99872 0.734731 14 1.0
0.261389 0.780581 0.708246 12 1.0
0.508315 0.996468 0.843645 12 1.0
0.421985 0.017246 0.36566 1 0.999967
0.22621 0.817173 0.158035 2 1.0
0.758259 0.995178 0.625472 14 0.013752
0.758898 0.996368 0.625463 14 0.013752
0.756843 0.995969 0.629657 14 0.013752
0.757621 0.993989 0.62548 14 0.013752
0.759675 0.994388 0.621287 14 0.013752
0.370707 0.008439 0.370478 8 1.0
0.447502 0.602363 0.157071 8 1.0
0.22602 0.813417 0.156842 7 1.0
0.435539 0.779146 0.696953 15 0.999997
0.64229 0.999076 0.529241 14 0.999999
0.4725 0.991533 0.419898 14 0.999792
0.622352 0.005514 0.368808 1 1.0
0.291101 0.781511 0.747347 12 0.999997
0.223898 0.724892 0.372192 4 1.0
0.330135 0.489379 0.371275 8 0.0
0.776672 1.008966 0.222153 16 1.0
0.487438 0.612854 0.160026 8 1.0
0.368452 0.331593 0.370596 8 0.999442
0.77132 0.996155 0.542839 12 1.0
0.763905 0.614555 0.364986 8 1.0
0.530379 0.275543 0.374777 8 0.998226
0.774174 0.997244 0.486454 13 1.0
0.325827 -0.001585 0.154895 1 1.0
0.226092 0.314475 0.15643 2 1.0
0.775702 0.995683 0.296984 6 1.0
0.774522 0.872673 0.15556 6 0.999984
0.514138 0.004036 0.370315 1 1.0
0.225396 0.667058 0.157571 2 1.0
0.775384 0.693327 0.15571 5 1.0
0.244898 0.551403 0.16225 7 0.0
0.225356 0.328011 0.164268 3 1.0
0.237112 0.663652 0.157322 7 8.8e-05
0.224783 0.69313 0.155953 2 1.0
0.224993 0.667133 0.171838 2 0.002529
0.497263 0.996668 0.155395 7 0.778831
0.74991 0.893251 0.652983 12 0.0
0.752491 0.928259 0.653883 12 0.0
0.745082 0.893243 0.667178 12 0.0
0.747328 0.858244 0.652084 12 0.0
0.754737 0.89326 0.638788 12 0.0
0.708433 0.892127 0.735623 12 0.0
0.705823 0.924491 0.738616 12 0.0
0.697657 0.890072 0.748432 12 0.0
0.711044 0.859762 0.732629 12 0.0
0.719209 0.894181 0.722813 12 0.0
0.53281 1.006974 0.846324 12 1.0
0.592698 0.997765 0.820853 14 1.0
0.326982 1.000193 0.783789 14 1.0
0.419222 0.995574 0.830107 12 0.999994
0.771986 0.997676 0.541469 14 0.999993
0.226795 0.784778 0.500193 4 0.999985
0.773187 0.006199 0.228517 16 0.999998
0.447848 0.894464 0.831102 12 0.0
0.444576 0.847623 0.832083 12 0.0
0.464148 0.85365 0.836369 12 0.0
0.438582 0.8677 0.831224 12 0.0
0.425003 0.841596 0.827797 12 0.0
0.45057 0.827546 0.832942 12 0.0
0.665144 0.384026 0.370272 4 0.601902
0.502824 0.613468 0.156968 8 1.0
0.225423 0.719174 0.361779 8 1.0
0.514399 0.007222 0.370927 8 0.999997
0.222725 0.993763 0.326092 14 1.0
0.222473 0.109813 0.37474 3 1.0
0.22542 0.236711 0.37396 8 1.0
0.773674 0.840256 0.152338 7 1.0
0.22699 0.653936 0.366163 4 1.0
0.223669 0.549284 0.370753 2 1.0
0.283518 -0.001945 0.15176 7 1.0
0.216834 0.051503 0.144012 7 1.0
0.224687 0.753302 0.163155 2 1.0
0.775373 0.273361 0.371851 8 1.0
0.77631 0.223485 0.156785 6 1.0
0.546336 0.99676 0.156016 7 0.999953
0.251063 0.365757 0.155452 7 0.0
0.398744 0.005586 0.156163 1 1.0
0.566039 0.001411 0.142811 1 1.0
0.230333 0.428305 0.154602 7 0.43946
0.226044 0.759434 0.15742 7 1.0
0.22429 0.850381 0.154236 7 1.0
0.271817 0.64382 0.152236 7 0.0
0.253841 0.545709 0.156771 7 0.000752
0.512846 0.00291 0.161755 1 1.0
0.227247 0.774941 0.156865 2 1.0
0.77551 0.354413 0.164969 16 1.0
0.235151 0.282825 0.159382 3 1.0
0.470676 0.007908 0.153448 7 1.0
0.236484 0.480417 0.156959 7 1.0
0.238913 0.366448 0.156184 7 0.002389
0.222288 0.222873 0.155728 2 1.0
0.773965 0.845914 0.155148 16 1.0
0.258632 0.633326 0.153585 7 0.0
0.218521 0.222289 0.153849 3 1.0
0.2392 0.482247 0.157244 7 1.0
0.752147 0.904178 0.66213 16 0.0
0.753012 0.934615 0.663848 16 0.0
0.746715 0.903429 0.678143 16 0.0
0.751281 0.873741 0.660413 16 0.0
0.757579 0.904927 0.646118 16 0.0
0.373095 0.012499 0.370076 8 0.996311
0.382796 0.994976 0.818243 15 0.99999
0.226372 0.784026 0.464513 2 0.999998
0.43486 0.60013 0.161595 8 0.616772
0.653253 0.001762 0.158401 1 0.999999
0.223277 0.88998 0.154253 7 1.0
0.447996 0.870848 0.838493 12 0.0
0.463363 0.87365 0.840396 12 0.0
0.442035 0.904601 0.836951 12 0.0
0.43263 0.868047 0.83659 12 0.0
0.453958 0.837096 0.840034 12 0.0
0.364665 0.55422 0.156664 8 0.999996
0.531159 0.614088 0.159584 8 8.4e-05
0.623961 0.008111 0.369035 8 0.999999
0.658306 0.382475 0.375261 8 0.199822
0.528687 0.611433 0.158133 8 0.999992
0.775153 0.340596 0.372156 8 1.0
0.583079 0.289145 0.371034 8 0.250972
0.468414 0.270891 0.373385 8 0.0
0.776754 0.22029 0.156022 5 1.0
0.456668 0.006259 0.361882 8 1.0
0.769585 0.990854 0.389183 14 0.999765
0.362704 0.334501 0.369165 9 1.7e-05
0.763149 0.717791 0.357061 8 0.999983
0.375919 0.310244 0.371059 8 1e-06
0.270629 -0.003965 0.154377 1 1.0
0.726222 -0.006257 0.150575 1 1.0
0.776234 0.68026 0.153937 7 1.0
0.222521 0.136706 0.158598 7 1.0
0.221018 0.877779 0.1533 7 1.0
0.490495 0.617042 0.155214 7 1.0
0.444638 0.009842 0.370072 8 0.999997
0.777162 0.509813 0.153393 6 1.0
0.210582 0.051384 0.144889 1 1.0
0.430556 0.284412 0.373849 4 0.0
0.660795 -0.001255 0.15585 1 1.0
0.493955 0.003583 0.159264 1 1.0
0.774382 0.598126 0.157288 16 1.0
0.238557 0.247311 0.154457 7 1.0
0.228187 0.305464 0.161772 2 1.0
0.465705 0.00627 0.158397 1 1.0
0.225013 0.42607 0.189903 2 0.0
0.234658 0.631953 0.169294 2 0.99997
0.771995 0.999193 0.269887 14 0.997801
0.647006 0.002995 0.157154 1 1.0
0.456105 0.004534 0.155648 1 1.0
0.505826 0.002265 0.158057 1 0.999998
0.229504 0.78041 0.156481 2 0.99992
0.776084 0.530028 0.156626 7 1.0
0.25179 0.46663 0.151568 7 0.0
0.243212 0.194514 0.155253 7 1e-05
0.226915 0.173816 0.156219 2 1.0
0.222703 0.738046 0.158237 2 1.0
0.227305 0.274427 0.155714 3 1.0
0.22195 0.375855 0.165377 2 1.0
0.444671 0.008526 0.157288 7 1.0
0.758424 0.999279 0.656235 14 1.0
0.386455 0.898788 0.813618 15 0.0
0.375437 0.901183 0.809462 15 0.0
0.390159 0.924139 0.818413 15 0.0
0.397474 0.896392 0.817774 15 0.0
0.382751 0.873436 0.808823 15 0.0
0.441445 0.998635 0.836979 12 1.0
0.385837 0.008388 0.357591 1 0.999998
0.223431 0.996072 0.26635 2 0.999841
0.662992 0.39185 0.157846 8 0.99993
0.717357 0.918684 0.726227 12 0.0
0.71803 0.943298 0.729207 12 0.0
0.708038 0.917454 0.738486 12 0.0
0.716684 0.894069 0.723247 12 0.0
0.726676 0.919913 0.713969 12 0.0
0.303472 0.005436 0.367901 1 1.0
0.768056 0.790397 0.457694 16 0.999837
0.577639 0.598931 0.157234 8 0.999996
0.585998 0.786074 0.687314 15 0.000213
0.645797 0.544285 0.15364 8 0.999727
0.448492 0.897737 0.831281 12 0.0
0.466315 0.895513 0.835375 12 0.0
0.451363 0.922665 0.832314 12 0.0
0.430668 0.89996 0.827186 12 0.0
0.44562 0.872808 0.830247 12 0.0
0.230384 0.1657 0.155552 7 1.0
0.631201 0.330803 0.166641 4 0.999179
0.670126 0.005721 0.36864 8 0.997752
0.335223 0.489393 0.374262 8 0.911755
0.635822 0.332358 0.36845 8 0.460768
0.422755 0.59587 0.154362 8 1.0
0.775119 0.324742 0.370599 16 1.0
0.580505 0.285524 0.368118 8 0.821647
0.651761 0.001198 0.15618 1 0.98007
0.413724 0.292206 0.367421 8 0.632029
0.777131 0.885866 0.148379 5 1.0
0.377381 0.321221 0.370012 8 0.375577
0.774843 0.999501 0.343285 14 1.0
0.377509 0.316889 0.369281 4 0.960055
0.528139 0.272137 0.372714 8 0.517932
0.565723 0.015181 0.366493 1 0.999947
0.23057 0.64301 0.367983 4 1.0
0.781347 -0.009113 0.334619 1 1.0
0.326701 -0.011557 0.156335 1 1.0
0.220429 0.435421 0.161488 2 1.0
0.775372 0.338902 0.170304 16 1.1e-05
0.455141 0.99469 0.156372 7 1.0
0.774718 0.238528 0.170258 16 1.0
0.250628 0.405498 0.152729 8 0.0
0.774381 0.993556 0.44976 16 1.0
0.22567 0.834112 0.161371 2 1.0
0.542052 0.003414 0.190144 1 1.0
0.775669 0.260323 0.158512 16 1.0
0.245059 0.489795 0.153637 7 0.0
0.384842 0.996864 0.156306 14 1.0
0.242573 0.467085 0.156358 7 1.0
0.248436 0.734448 0.154988 7 0.000664
0.232395 0.644856 0.156888 7 1.0
0.223203 0.6152 0.162452 3 1.0
0.769604 0.995022 0.379433 14 1.0
0.251398 0.25014 0.151165 7 0.0
0.774319 0.74739 0.154768 7 1.0
0.248703 0.666071 0.161467 7 0.000281
0.255121 0.381907 0.152341 8 1e-06
0.268622 0.466172 0.150724 7 0.0
0.766404 0.349107 0.161823 7 1.0
0.441814 0.995246 0.158329 7 1.0
0.229705 0.243644 0.154653 7 1.0
0.257112 0.373923 0.151056 7 0.0
0.224735 0.636835 0.162194 3 1.0
0.362102 -0.00227 0.155986 1 1.0
0.218301 0.787324 0.158876 3 1.0
0.224827 0.001961 0.234985 2 1.0
0.76225 0.893985 0.633963 12 0.0
0.763695 0.926857 0.629609 12 0.0
0.757867 0.896603 0.652282 12 0.0
0.760805 0.861113 0.638316 12 0.0
0.766633 0.891366 0.615643 12 0.0
0.499167 0.996344 0.843124 11 0.999999
0.334768 0.997695 0.790361 12 1.0
0.589525 0.991699 0.825109 12 0.999381
0.76616 0.993077 0.544062 14 0.999966
0.770445 0.809083 0.399779 16 0.999997
0.693208 0.994588 0.760953 13 1.0
0.774372 0.358704 0.157581 6 0.997208
0.664432 0.374195 0.161759 4 0.999171
0.380011 0.005475 0.155966 7 0.963858
0.454167 0.896641 0.832172 13 0.0
0.472406 0.894606 0.835646 13 0.0
0.456602 0.919323 0.832675 13 0.0
0.435929 0.898676 0.828698 13 0.0
0.451733 0.873959 0.831669 13 0.0
0.611438 0.006156 0.370471 1 1.0
0.515696 0.612378 0.161911 8 1.0
0.626489 0.32169 0.372202 8 0.99936
0.629584 0.319291 0.371194 8 0.99936
0.632544 0.329487 0.372243 8 0.99936
0.623393 0.324089 0.373209 8 0.99936
0.620433 0.313892 0.37216 8 0.99936
0.590432 0.278931 0.376913 8 0.0
0.663308 0.995944 0.780601 16 1.0
0.329131 0.405813 0.368833 8 0.0
0.481673 0.008806 0.36642 1 0.999997
0.425526 0.986229 0.830556 12 1.0
0.765297 0.997026 0.411481 14 1.0
0.776156 1.001348 0.376842 16 1.0
0.761511 0.993927 0.375512 14 0.999967
0.227846 0.586893 0.372987 4 1.0
0.454159 0.005888 0.369022 8 1.0
0.588905 0.001818 0.167799 1 0.717155
0.451843 0.014532 0.157805 7 0.999373
0.503374 0.003629 0.155848 1 0.999974
0.465847 0.002298 0.371767 1 1.0
0.227367 0.336153 0.161178 3 1.0
0.225102 0.837685 0.166348 3 1.0
0.771317 0.219688 0.160262 6 0.999998
0.55443 0.005731 0.165079 1 1.0
0.222876 0.481052 0.159129 2 1.0
0.242496 0.35494 0.153476 7 1e-06
0.224253 0.48723 0.156372 7 1.0
0.231613 0.457931 0.171417 2 0.0
0.776742 0.440684 0.154352 5 1.0
0.22687 0.553839 0.157915 3 1.0
0.259795 0.603593 0.155001 7 9e-06
0.22588 0.563351 0.156065 7 1.0
0.501005 0.004214 0.155648 1 1.0
0.226548 0.612063 0.156988 7 1.0
0.242348 0.432002 0.163363 7 1.0
0.247368 0.512548 0.152697 7 0.0
0.760884 0.90004 0.639902 12 0.0
0.763067 0.931583 0.63677 12 0.0
0.75625 0.902331 0.659745 12 0.0
0.758701 0.868497 0.643033 12 0.0
0.765518 0.89775 0.620058 12 0.0
0.702358 0.997156 0.755336 12 1.0
0.534448 0.608403 0.154381 8 1.0
0.641795 0.340939 0.157632 8 0.866177
0.401 0.783457 0.675203 10 0.99969
0.235099 0.997934 0.639594 12 1.0
0.665601 0.383942 0.371968 8 0.15658
0.497194 0.612278 0.163383 8 1.0
0.634519 0.33343 0.367408 8 1.2e-05
0.229118 0.732217 0.36446 10 1.0
0.375395 0.312702 0.345976 4 0.99997
0.320715 0.015939 0.367546 8 0.998624
0.762506 0.540624 0.362257 8 1.0
0.226868 0.896367 0.16059 3 1.0
0.766984 0.572418 0.36709 8 1.0
0.224197 0.997905 0.193646 2 1.0
0.773827 0.836499 0.155538 6 0.999874
0.225459 0.778425 0.156002 7 0.999986
0.775028 0.003453 0.27987 1 1.0
0.780212 0.650636 0.154576 16 1.0
0.496502 0.618161 0.159287 8 1.0
0.219421 0.888468 0.157692 2 1.0
0.459127 0.611565 0.156048 7 1.0
0.785438 -0.00332 0.170147 1 1.0
0.218186 0.166276 0.161378 2 1.0
0.263429 0.613184 0.156998 7 1e-06
0.270376 0.52557 0.152779 7 0.0
0.765594 0.487359 0.155122 7 1.0
0.24401 0.481357 0.155703 7 8e-06
0.228707 0.233234 0.16146 3 1.0
0.41747 0.0016 0.15984 1 0.938063
0.233588 0.581724 0.159545 7 1.0
0.586066 0.005658 0.155156 7 1.0
0.234206 0.401215 0.163908 7 1.0
0.229409 0.788013 0.166879 3 0.999996
0.683426 0.001415 0.162521 1 0.999623
0.281814 0.712231 0.153436 7 0.0
0.487653 0.99639 0.157734 7 1.0
0.235029 0.599436 0.160181 7 0.398826
0.499085 0.003507 0.155159 7 1.0
0.484464 0.999841 0.158705 14 1.0
0.235493 0.32973 0.155041 7 1.0
0.771258 0.427484 0.157335 7 1.0
0.225076 0.447205 0.155847 2 1.0
0.225018 0.268991 0.155853 2 1.0
0.254094 0.857276 0.681466 12 0.0
0.253376 0.882347 0.679174 12 0.0
0.261905 0.858999 0.697868 12 0.0
0.254812 0.832205 0.683758 12 0.0
0.246282 0.855553 0.665064 12 0.0
0.62259 0.874982 0.809935 12 0.0
0.615106 0.904407 0.814807 12 0.0
0.608497 0.870316 0.816469 12 0.0
0.630074 0.845557 0.805064 12 0.0
0.636683 0.879648 0.803402 12 0.0
0.384375 0.899953 0.810283 12 0.0
0.773893 0.995632 0.465413 16 1.0
0.59735 0.594976 0.159383 8 0.999998
0.654837 0.383225 0.164765 8 0.999905
0.228511 0.16467 0.156156 7 0.999966
0.469864 0.994384 0.42147 15 0.999896
0.634835 0.333903 0.158365 8 0.999136
0.496973 0.789261 0.714856 15 0.0
0.431122 0.285561 0.371194 8 0.978255
0.330061 0.491448 0.370054 8 0.0
0.665171 0.382375 0.371703 8 0.839424
0.663074 0.383969 0.371889 8 0.839424
0.670053 0.38884 0.37133 8 0.839424
0.667267 0.380781 0.371517 8 0.839424
0.660289 0.37591 0.372077 8 0.839424
0.499418 0.61802 0.155132 7 0.999994
0.365888 0.328896 0.36228 4 0.999694
0.415996 0.589015 0.159186 8 1.0
0.303851 0.004252 0.36743 1 1.0
0.772217 0.995426 0.528809 12 1.0
0.771961 0.78316 0.447781 16 1.0
0.331859 0.391632 0.370752 8 0.0
0.616355 0.303975 0.374986 8 0.715586
0.759556 -0.005656 0.149505 1 1.0
0.607757 0.999344 0.660762 15 0.999999
0.775432 0.563728 0.156075 16 1.0
0.657203 0.996857 0.788139 14 1.0
0.22437 0.301372 0.170702 2 0.011256
0.45942 0.611653 0.155968 8 1.0
0.452529 0.006224 0.366223 1 1.0
0.240604 -0.010278 0.147237 1 1.0
0.247632 -0.008805 0.147781 1 1.0
0.239301 -0.004882 0.14946 1 1.0
0.233577 -0.011751 0.146692 1 1.0
0.241907 -0.015675 0.145013 1 1.0
0.220455 -0.013001 0.148139 1 1.0
0.22987 -0.018976 0.149265 1 1.0
0.223662 -0.007429 0.150887 1 1.0
0.21104 -0.007026 0.147013 1 1.0
0.217248 -0.018573 0.145391 1 1.0
0.222103 0.320218 0.160228 2 1.0
0.311453 -0.007081 0.144372 7 1.0
0.226255 0.883332 0.152978 7 1.0
0.326547 -0.005666 0.150767 1 1.0
0.218398 0.97561 0.152764 2 1.0
0.22216 0.218112 0.158289 3 1.0
0.220232 0.88483 0.147539 7 1.0
0.267337 0.356613 0.151017 7 0.0
0.224881 0.52686 0.176732 3 0.001361
0.761657 0.732104 0.155995 7 0.00073
0.775695 0.355523 0.155893 16 1.0
0.225975 0.728619 0.15657 2 0.999764
0.772102 0.619051 0.164764 16 0.125408
0.22453 0.22474 0.166908 2 1.0
0.407583 -0.012713 0.153594 1 1.0
0.220734 0.336352 0.169838 2 0.999974
0.23216 0.309554 0.157641 7 1.0
0.222375 0.29632 0.157121 2 1.0
0.228006 0.149589 0.158074 2 0.999919
0.227527 0.667964 0.155166 7 1.0
0.223889 0.568052 0.163747 2 1.0
0.231502 0.605549 0.156804 7 1.0
0.237013 0.264976 0.154007 7 0.000542
0.242812 0.405641 0.158908 7 0.000185
0.230434 0.138745 0.156705 7 1.0
0.225609 0.587887 0.17706 2 0.0
0.500872 0.002072 0.155939 1 1.0
0.259532 0.351398 0.156801 7 1.0
0.224716 0.349293 0.165073 3 0.864174
0.231943 0.755033 0.156395 7 0.797504
0.225107 0.740034 0.156261 7 1.0
0.225146 0.528683 0.16096 2 1.0
0.224695 0.543804 0.159474 2 1.0
0.224525 0.83982 0.156563 7 1.0
0.223695 0.655271 0.158682 7 1.0
0.24575 0.422811 0.15843 7 2.4e-05
0.2638 0.884822 0.696315 12 0.0
0.262623 0.904054 0.695696 12 0.0
0.272686 0.885883 0.712404 12 0.0
0.264977 0.86559 0.696933 12 0.0
0.254914 0.883761 0.680225 12 0.0
0.628201 0.878321 0.808745 12 0.0
0.632617 0.908968 0.806809 12 0.0
0.614182 0.880802 0.816039 12 0.0
0.623785 0.847675 0.810682 12 0.0
0.642221 0.875841 0.801452 12 0.0
0.759952 0.884675 0.639857 12 0.0
0.761503 0.912566 0.635527 12 0.0
0.755227 0.887841 0.658556 12 0.0
0.758401 0.856784 0.644187 12 0.0
0.764677 0.881509 0.621157 12 0.0
0.775121 0.91658 0.15817 5 0.999832
0.380425 0.905192 0.807441 12 0.0
0.74646 0.783106 0.688328 16 0.999934
0.657979 0.893303 0.786555 13 0.0
0.653645 0.916605 0.78916 13 0.0
0.649779 0.891129 0.79236 13 0.0
0.662312 0.87 0.78395 13 0.0
0.666178 0.895476 0.78075 13 0.0
0.346994 0.002274 0.371407 1 1.0
0.370032 1.001704 0.156716 14 0.999957
0.369763 0.998183 0.157555 7 1.0
0.39226 0.581207 0.168329 8 1.0
0.51665 0.003673 0.153809 7 0.999749
0.630961 0.561811 0.158311 8 0.999996
0.4527 0.91319 0.833308 12 0.0
0.47095 0.916102 0.836521 12 0.0
0.448427 0.940315 0.83299 12 0.0
0.434449 0.910277 0.830095 12 0.0
0.456973 0.886064 0.833626 12 0.0
0.542728 0.612486 0.15977 8 0.012248
0.226326 0.001897 0.260222 1 0.999617
0.643625 0.005416 0.370408 8 0.999994
0.395253 0.784571 0.672202 15 0.999999
0.373584 0.006427 0.154501 7 0.438628
0.711438 0.006902 0.372243 8 1.0
0.769322 0.67631 0.356204 16 0.999905
0.770411 0.723421 0.363013 6 0.482079
0.77234 0.199509 0.370502 8 0.999974
0.775048 0.244289 0.155683 6 1.0
0.411551 0.003143 0.156056 1 1.0
0.766569 0.410772 0.366417 6 1.0
0.545053 0.01304 0.362536 1 0.997611
0.773316 0.668828 0.156518 7 1.0
0.255796 0.003392 0.146673 7 1.0
0.458653 0.608981 0.163055 8 1.0
0.438229 0.015257 0.361669 8 0.998717
0.42127 -0.006274 0.152391 1 1.0
0.233367 0.527412 0.163075 2 1.0
0.2137 0.99245 0.15098 7 1.0
0.497797 0.015275 0.157933 7 0.968156
0.218499 0.652707 0.159199 7 1.0
0.225623 0.326604 0.178856 2 0.0
0.50619 0.003719 0.156598 1 1.0
0.75906 0.44672 0.157268 7 0.000122
0.377697 0.004788 0.15608 7 1.0
0.228823 0.309097 0.163347 7 1.0
0.250062 0.600005 0.156977 7 0.073746
0.260332 0.648801 0.164666 7 0.0
0.227167 0.329582 0.160302 2 0.002991
0.223513 0.460585 0.165943 3 1.0
0.225307 0.846214 0.15813 2 1.0
0.230294 0.594127 0.157654 7 1.0
0.224798 0.468355 0.166794 2 1.0
0.223764 0.897652 0.156335 3 1.0
0.228493 0.498773 0.152374 7 1.0
0.769586 0.614795 0.158826 7 1.0
0.230658 0.358627 0.179076 2 0.0
0.223641 0.503095 0.168272 2 0.020286
0.254798 0.63498 0.153975 7 3.2e-05
0.26531 0.478694 0.170319 7 0.0
0.41348 0.003362 0.156222 1 1.0
0.226392 0.446845 0.15916 2 1.0
0.258055 0.494706 0.153324 7 0.0
0.222876 0.859058 0.164224 2 1.0
0.223744 0.404797 0.161804 2 1.0
0.231343 0.512842 0.161299 7 1.0
0.233198 0.713557 0.163297 2 1.0
0.514483 -0.001487 0.15477 1 1.0
0.632237 0.880121 0.80483 12 0.0
0.628011 0.909712 0.807329 12 0.0
0.618148 0.877492 0.812144 12 0.0
0.636462 0.85053 0.802331 12 0.0
0.646326 0.88275 0.797515 12 0.0
0.718131 0.861134 0.740841 12 0.0
0.718906 0.899498 0.740462 12 0.0
0.708398 0.861455 0.753435 12 0.0
0.717355 0.82277 0.741221 12 0.0
0.727863 0.860813 0.728248 12 0.0
0.632045 0.993487 0.807599 12 1.0
0.624647 0.779958 0.814283 10 0.999997
0.375494 0.905283 0.81285 12 0.0
0.362129 0.906419 0.806077 12 0.0
0.377624 0.935084 0.813645 12 0.0
0.38886 0.904147 0.819623 12 0.0
0.373365 0.875482 0.812054 12 0.0
0.694088 0.895542 0.754069 13 0.0
0.693963 0.91756 0.754274 13 0.0
0.682742 0.895375 0.765024 13 0.0
0.694213 0.873523 0.753864 13 0.0
0.705435 0.895708 0.743115 13 0.0
0.597258 0.879409 0.822232 12 0.0
0.597367 0.910358 0.82078 12 0.0
0.581691 0.87974 0.82811 12 0.0
0.597148 0.848461 0.823684 12 0.0
0.612824 0.879078 0.816354 12 0.0
0.670616 0.467474 0.163951 8 0.99581
0.456457 0.890827 0.835352 12 0.0
0.474561 0.891489 0.838335 12 0.0
0.454988 0.924161 0.836861 12 0.0
0.438352 0.890164 0.832368 12 0.0
0.457925 0.857493 0.833842 12 0.0
0.640586 1.001063 0.537114 15 0.999998
0.76766 0.145909 0.369009 8 0.999516
0.660074 0.00862 0.370799 8 1.0
0.395498 0.784172 0.672445 10 0.999999
0.401327 0.784511 0.677427 10 0.999999
0.39328 0.78616 0.674905 10 0.999999
0.38967 0.783833 0.667463 10 0.999999
0.397717 0.782184 0.669985 10 0.999999
0.225944 0.729888 0.361197 2 0.99997
0.662663 0.38538 0.372836 8 0.999801
0.224403 0.743857 0.371858 4 1.0
0.647298 0.779792 0.80259 10 0.999999
0.583207 0.29324 0.37305 8 0.97678
0.329523 0.017692 0.365227 8 0.999986
0.770713 0.735115 0.367185 8 1.0
0.226414 0.996833 0.545075 12 0.99999
0.332924 0.393144 0.373742 8 0.0
0.616066 0.314871 0.374328 8 0.008783
0.363754 0.328964 0.371646 8 5e-06
0.535957 0.274801 0.373845 4 0.000859
0.225831 0.877195 0.157137 7 1.0
0.679358 -0.002644 0.15631 1 1.0
0.772238 0.666506 0.157478 7 1.0
0.226638 0.812213 0.15977 2 0.999967
0.220228 0.958434 0.152426 2 1.0
0.223394 0.330847 0.159225 3 1.0
0.220579 0.275234 0.159821 2 1.0
0.227072 0.379077 0.156871 2 1.0
0.366367 -0.001556 0.151884 1 1.0
0.229178 0.623064 0.156487 7 1.0
0.228914 0.99368 0.342564 2 1.0
0.773421 0.223817 0.161275 6 1.0
0.399375 0.012951 0.370202 8 1.0
0.257901 0.649327 0.153927 7 5.4e-05
0.22333 0.638268 0.155133 2 1.0
0.221217 0.816054 0.154444 2 1.0
0.224853 0.828206 0.156822 7 1.0
0.223143 0.542737 0.165905 3 1.0
0.225002 0.617967 0.157481 7 1.0
0.223783 0.997962 0.313658 3 1.0
0.225037 0.743419 0.155982 2 1.0
0.395307 0.011922 0.369563 8 0.999996
0.771952 0.334999 0.17032 6 0.00063
0.529414 0.988793 0.162281 7 1.0
0.584179 0.005502 0.160994 1 0.049719
0.224653 0.839381 0.161313 3 1.0
0.226286 0.16651 0.149557 7 1.0
0.225162 0.643011 0.156627 2 1.0
0.221744 0.897993 0.154844 2 1.0
0.227514 0.79379 0.160395 2 1.0
0.23912 0.740941 0.160192 7 0.076238
0.225219 0.286311 0.163918 2 1.0
0.231513 0.359427 0.155538 7 0.10797
0.227811 0.704845 0.15754 7 1.0
0.70151 0.997811 0.74427 14 1.0
0.698048 0.860452 0.75314 12 0.0
0.698505 0.885015 0.754967 12 0.0
0.685414 0.859654 0.767024 12 0.0
0.69759 0.835889 0.751313 12 0.0
0.710682 0.861249 0.739256 12 0.0
0.663897 0.390992 0.153109 8 0.999956
0.670402 0.4555 0.159765 8 0.999757
0.391196 0.578597 0.159333 8 1.0
0.451566 0.881828 0.834864 12 0.0
0.434721 0.784896 0.701346 15 0.999981
0.638362 0.995932 0.543855 15 1.0
0.395319 0.784267 0.671728 15 1.0
0.583815 0.593123 0.153786 8 0.999653
0.77202 0.073533 0.366683 16 2.1e-05
0.563593 0.998016 0.833319 14 1.0
0.381648 0.999594 0.491388 15 0.999797
0.333702 0.498841 0.371271 8 0.0
0.665341 0.385947 0.369663 8 0.999565
0.580135 0.287279 0.372042 8 0.00526
0.337854 0.015936 0.365074 8 0.999931
0.775625 0.004268 0.260477 16 0.999986
0.768655 0.712847 0.364979 5 0.999076
0.502265 0.017666 0.367218 8 1.0
0.405742 0.294509 0.368068 8 0.951327
0.764465 0.449842 0.360027 5 0.999953
0.78127 0.265913 0.149112 16 1.0
0.348981 0.336705 0.363777 9 0.152924
0.66783 0.479582 0.153237 8 1.0
0.406176 0.997137 0.157962 7 1.0
0.773743 0.335455 0.37071 5 1.0
0.525024 0.01478 0.368412 8 0.998731
0.225182 0.378553 0.153576 2 1.0
0.212317 0.994281 0.148423 7 1.0
0.216143 0.993991 0.152507 7 1.0
0.210371 0.983356 0.149471 7 1.0
0.20849 0.99457 0.144338 7 1.0
0.214262 1.005206 0.147375 7 1.0
0.40256 0.00326 0.156937 7 1.0
0.229362 0.506303 0.177502 2 0.0
0.765627 0.373439 0.166887 7 0.000149
0.774853 0.995756 0.388011 16 1.0
0.773333 0.344522 0.158642 5 1.0
0.775105 0.732418 0.156114 16 1.0
0.225283 0.860956 0.15665 2 1.0
0.462711 0.002118 0.156512 1 0.999997
0.239556 0.77254 0.164611 7 0.004289
0.225778 0.802978 0.167998 3 0.003723
0.239441 0.455037 0.15651 7 0.0
0.226605 0.604981 0.156787 2 1.0
0.232418 0.704139 0.156566 7 1.0
0.218247 0.863645 0.154997 2 1.0
0.222177 0.662729 0.163624 3 1.0
0.225249 0.775405 0.156945 7 1.0
0.501963 0.003636 0.152195 7 1.0
0.224851 0.680279 0.157364 7 1.0
0.768888 0.358707 0.171083 6 0.020376
0.226925 0.891683 0.159352 3 1.0
0.223197 0.495932 0.168313 3 0.994725
0.501934 0.003293 0.156625 1 1.0
0.224674 0.536531 0.1571 7 1.0
0.587685 0.997948 0.16075 7 1.0
0.229246 0.602215 0.153177 7 1.0
0.224157 0.640868 0.157432 2 1.0
0.22389 0.535693 0.161507 2 1.0
0.229371 0.562562 0.159521 2 1.0
0.238843 0.380367 0.154086 7 0.000428
0.240186 0.990115 0.658862 11 0.999998
0.274416 0.890115 0.702812 2 0.0
0.276344 0.916452 0.707347 2 0.0
0.283691 0.886689 0.718767 2 0.0
0.272489 0.863779 0.698276 2 0.0
0.265142 0.893542 0.686856 2 0.0
0.635214 0.88334 0.807639 13 0.0
0.631925 0.911219 0.807274 13 0.0
0.627655 0.882525 0.813429 13 0.0
0.638502 0.855462 0.808004 13 0.0
0.642772 0.884156 0.801849 13 0.0
0.75341 0.915603 0.659685 13 0.0
0.755408 0.942474 0.659919 13 0.0
0.749236 0.915802 0.672459 13 0.0
0.751411 0.888732 0.65945 13 0.0
0.757583 0.915404 0.646911 13 0.0
0.717544 0.867396 0.738743 12 0.0
0.717757 0.898396 0.737559 12 0.0
0.707285 0.867968 0.751897 12 0.0
0.717332 0.836395 0.739926 12 0.0
0.727804 0.866823 0.725589 12 0.0
0.500053 0.879674 0.83605 12 0.0
0.518456 0.880534 0.835998 12 0.0
0.498615 0.910459 0.836046 12 0.0
0.48165 0.878814 0.836101 12 0.0
0.501492 0.848888 0.836054 12 0.0
0.526139 1.001463 0.838136 14 1.0
0.6974 0.893232 0.752628 12 0.0
0.696373 0.926114 0.752769 12 0.0
0.68522 0.892798 0.765238 12 0.0
0.698427 0.86035 0.752487 12 0.0
0.70958 0.893666 0.740018 12 0.0
0.253969 0.697522 0.153535 7 0.000273
0.621334 1.002971 0.811558 14 1.0
0.302602 0.998166 0.760336 12 0.999991
0.662322 0.373827 0.159106 9 0.99983
0.770131 0.997037 0.614597 12 1.0
0.582186 0.593298 0.153249 8 0.999682
0.22778 0.13113 0.155034 7 1.0
0.771102 0.086228 0.366823 16 0.000375
0.331349 0.007725 0.154417 7 0.771058
0.665043 0.381679 0.371921 8 0.932155
0.662454 0.383279 0.372575 8 0.932155
0.669461 0.388846 0.371884 8 0.932155
0.667632 0.38008 0.371267 8 0.932155
0.660626 0.374513 0.371958 8 0.932155
0.580629 0.279888 0.3719 4 0.007035
0.323853 0.016558 0.366766 8 0.999945
0.226644 0.200789 0.156288 2 1.0
0.77529 0.367516 0.371246 16 1.0
0.227022 0.787634 0.479423 2 0.998608
0.778388 0.588958 0.372536 6 1.0
0.774103 0.996264 0.352517 16 1.0
0.550291 0.013988 0.369453 8 0.999938
0.775406 0.675749 0.15173 7 1.0
0.774975 0.792906 0.538523 16 1.0
0.780437 -0.005651 0.27854 1 1.0
0.688535 -0.008478 0.147056 1 1.0
0.220338 0.060183 0.151099 2 1.0
0.228689 0.764069 0.156838 2 0.999948
0.262143 0.636561 0.163915 7 0.0
0.775697 0.49686 0.15961 5 0.468435
0.77101 0.395122 0.1606 16 0.999999
0.225269 0.768703 0.157612 7 1.0
0.24385 0.24547 0.151546 7 0.000127
0.771147 0.159738 0.156638 16 0.999999
0.228504 0.317606 0.155931 2 1.0
0.395036 0.000198 0.157366 1 0.999999
0.225237 0.826895 0.1608 2 1.0
0.228138 0.742967 0.1671 2 1.0
0.240646 0.264279 0.154575 7 1.0
0.224439 0.842652 0.158748 2 1.0
0.226724 0.741497 0.156992 7 1.0
0.224822 0.675589 0.155988 7 1.0
0.250604 0.630822 0.154485 7 0.0
0.225013 0.727017 0.156725 7 1.0
0.223782 0.676472 0.160792 3 1.0
0.228883 0.296272 0.1596 3 1.0
0.466455 0.001433 0.158373 1 0.999856
0.775087 0.224973 0.16102 16 0.998838
0.775705 0.997164 0.35968 16 1.0
0.228178 0.664235 0.160011 3 1.0
0.226259 0.236362 0.157163 2 1.0
0.226787 0.685049 0.159619 3 1.0
0.232143 0.34008 0.155906 7 0.226331
0.580932 0.002132 0.157431 1 1.0
0.225832 0.403365 0.157293 3 1.0
0.538751 -0.004155 0.151094 1 1.0
0.224708 0.814777 0.156521 3 1.0
0.231411 0.593797 0.166726 2 0.999997
0.219272 0.731551 0.159989 2 1.0
0.235816 0.845032 0.157296 2 0.295859
0.22235 0.659126 0.159054 2 1.0
0.227778 0.508197 0.160192 2 1.0
0.775814 0.994247 0.287783 13 0.999808
0.760057 0.903822 0.645037 12 0.0
0.763026 0.934274 0.641227 12 0.0
0.755758 0.906535 0.663374 12 0.0
0.757087 0.87337 0.648846 12 0.0
0.764355 0.901109 0.626699 12 0.0
0.709157 0.882645 0.732845 12 0.0
0.707169 0.912727 0.735304 12 0.0
0.698297 0.880831 0.746255 12 0.0
0.711146 0.852563 0.730387 12 0.0
0.720018 0.884459 0.719436 12 0.0
0.606625 0.996912 0.819658 12 1.0
0.382782 0.889156 0.812612 12 0.0
0.376435 0.891006 0.809948 12 0.0
0.389193 0.912026 0.813224 12 0.0
0.38913 0.887305 0.815276 12 0.0
0.376372 0.866286 0.812 12 0.0
0.697378 0.863201 0.752683 16 0.0
0.700399 0.877578 0.751963 16 0.0
0.68814 0.865755 0.764927 16 0.0
0.694358 0.848823 0.753403 16 0.0
0.706617 0.860647 0.74044 16 0.0
0.346167 0.004541 0.368498 1 0.999999
0.7734 0.995762 0.479963 16 1.0
0.77655 0.997391 0.257543 5 1.0
0.231805 0.07466 0.367821 3 1.0
0.664045 0.375312 0.162026 4 0.997825
0.774282 0.125439 0.157384 16 0.999999
0.53759 0.614914 0.155729 8 1.0
0.432449 0.783868 0.700719 15 0.999985
0.542403 0.011166 0.371206 8 1.0
0.771922 0.788881 0.502475 10 1.0
0.774312 0.104753 0.157698 6 0.999999
0.223153 0.660235 0.368808 3 1.0
0.774541 0.894075 0.154276 5 1.0
0.353747 0.008153 0.368853 8 1.0
0.658753 0.0069 0.153562 7 0.999135
0.508691 0.006881 0.369428 8 0.999999
0.773056 0.371807 0.369199 8 0.999997
0.350372 0.346289 0.370645 8 0.996296
0.782376 0.257964 0.149062 5 1.0
0.492906 0.002445 0.370474 1 1.0
0.226565 0.659075 0.365683 8 1.0
0.777343 0.802361 0.145998 5 1.0
0.637684 -0.008487 0.143437 1 1.0
0.265373 -0.008834 0.145197 1 1.0
0.781379 -0.00512 0.277072 1 1.0
0.342305 -0.000767 0.148163 1 1.0
0.303891 0.652714 0.152351 7 0.0
0.225849 0.999216 0.288824 3 1.0
0.231018 0.446152 0.156846 7 1.0
0.761267 0.513182 0.163893 7 0.999999
0.776633 0.341128 0.152007 7 1.0
0.782915 -0.006952 0.271968 1 1.0
0.224619 0.69403 0.163698 3 1.0
0.441383 0.004967 0.15736 1 1.0
0.248333 0.78292 0.153179 7 0.000104
0.437938 0.997261 0.156501 14 1.0
0.560246 0.000156 0.16117 1 1.0
0.223631 0.831081 0.157494 3 1.0
0.232253 0.454439 0.159692 7 1.0
0.224022 0.596948 0.157241 7 1.0
0.224003 0.345006 0.159672 2 1.0
0.223685 0.266498 0.164954 7 1.0
0.246334 0.487068 0.153792 7 0.0
0.761593 0.994127 0.37206 14 0.99972
0.774486 0.503528 0.156845 16 1.0
0.519314 0.009708 0.367507 8 0.999994
0.224379 0.526939 0.162929 2 1.0
0.77626 0.438798 0.151398 7 1.0
0.630762 0.001428 0.154983 7 1.0
0.218689 0.273288 0.159313 2 1.0
0.229452 0.727462 0.157236 7 0.999995
0.228342 0.829099 0.16497 2 0.99997
0.402316 0.00378 0.154715 7 1.0
0.237004 0.540622 0.160151 7 1.0
0.226857 0.74962 0.163128 2 0.999998
0.231406 0.582056 0.160886 3 1.0
0.403384 0.99734 0.15722 7 1.0
0.22266 0.757397 0.160952 2 1.0
0.219657 0.795074 0.158808 3 1.0
0.228118 0.698135 0.15786 7 1.0
0.223398 0.304329 0.16166 2 1.0
0.264213 0.844801 0.697719 12 0.0
0.264403 0.865186 0.694972 12 0.0
0.273489 0.847051 0.715058 12 0.0
0.264023 0.824417 0.700466 12 0.0
0.254937 0.842552 0.68038 12 0.0
0.629881 0.872034 0.804081 12 0.0
0.63584 0.900816 0.799708 12 0.0
0.615544 0.876228 0.812151 12 0.0
0.623921 0.843252 0.808453 12 0.0
0.644218 0.867839 0.79601 12 0.0
0.714058 0.892092 0.732621 16 0.0
0.694082 0.887985 0.750656 12 0.0
0.693937 0.912534 0.750553 12 0.0
0.682222 0.887966 0.762792 12 0.0
0.694228 0.863437 0.750759 12 0.0
0.705943 0.888005 0.738521 12 0.0
0.22489 0.99888 0.320977 14 0.999987
0.624988 1.002983 0.810929 14 1.0
0.54412 0.996938 0.836412 12 1.0
0.448822 0.879813 0.836127 12 0.0
0.461832 0.882811 0.836996 12 0.0
0.443929 0.901304 0.835236 12 0.0
0.435812 0.876815 0.835257 12 0.0
0.453715 0.858322 0.837017 12 0.0
0.779594 0.78222 0.422038 6 1.0
0.331056 0.494956 0.371278 8 0.009026
0.665279 0.38282 0.371875 8 0.000462
0.766668 0.99452 0.328279 14 0.999976
0.329768 0.019725 0.370674 8 0.999972
0.639945 0.001043 0.154019 1 0.999988
0.327997 0.391339 0.369727 8 0.0
0.776267 0.191281 0.156828 16 1.0
0.405484 0.293861 0.368309 4 0.764381
0.62279 0.318681 0.370832 8 1.2e-05
0.358728 0.339382 0.368146 9 4e-06
0.774988 1.001285 0.242238 14 1.0
0.777189 0.25637 0.152492 7 1.0
0.774145 0.003036 0.292142 1 1.0
0.77625 0.759916 0.150918 7 1.0
0.628552 -0.000772 0.367168 1 1.0
0.502382 0.001053 0.370895 1 1.0
0.211288 0.317412 0.144686 7 1.0
0.567642 0.604947 0.156268 8 1.0
0.780974 -0.001736 0.35516 5 1.0
0.215604 0.068083 0.1493 2 1.0
0.230242 0.789168 0.154011 7 0.512796
0.770998 0.406906 0.166318 16 0.007098
0.39691 0.004595 0.155669 7 1.0
0.224674 0.24551 0.161081 2 0.30792
0.774003 0.669014 0.156527 7 1.0
0.226729 0.998403 0.39435 14 0.998031
0.229144 0.335242 0.163563 3 0.999712
0.569771 0.002095 0.15574 1 1.0
0.577041 0.003167 0.156161 1 1.0
0.230095 0.64093 0.156532 7 1.0
0.760279 0.704229 0.158455 7 0.939636
0.469513 0.004868 0.159213 1 1.0
0.225452 0.86626 0.158138 2 1.0
0.225959 0.475295 0.155428 2 1.0
0.22407 0.723144 0.156746 7 1.0
0.256128 0.573707 0.154841 7 0.0
0.771587 0.992819 0.413311 14 0.999998
0.225774 0.390166 0.167026 2 0.117642
0.227713 0.583207 0.165665 2 0.005371
0.243155 0.570589 0.1562 7 9.7e-05
0.772083 0.79411 0.156359 7 0.999914
0.494657 0.001154 0.157521 1 1.0
0.767193 0.696967 0.158092 5 0.03469
0.561698 0.010789 0.168307 1 1.0
0.454563 -0.008966 0.140746 1 1.0
0.224944 0.880376 0.162318 2 1.0
0.522159 0.002094 0.16545 1 1.0
0.224935 0.566878 0.159527 3 1.0
0.226786 0.625745 0.156652 2 1.0
0.226014 0.816077 0.157504 7 1.0
0.242847 0.443296 0.155383 7 0.0
0.226593 0.566876 0.158879 2 1.0
0.761151 0.901147 0.641435 12 0.0
0.762647 0.932094 0.638695 12 0.0
0.756312 0.903124 0.661123 12 0.0
0.759654 0.870199 0.644175 12 0.0
0.76599 0.89917 0.621747 12 0.0
0.717792 0.875664 0.739836 12 0.0
0.718315 0.909716 0.741072 12 0.0
0.707742 0.875356 0.752564 12 0.0
0.71727 0.841613 0.738599 12 0.0
0.727842 0.875972 0.727107 12 0.0
0.382329 0.897997 0.811867 12 0.0
0.743875 1.000917 0.692244 14 1.0
0.702977 0.898739 0.75427 12 0.0
0.702143 0.931029 0.75494 12 0.0
0.690191 0.898115 0.7684 12 0.0
0.703811 0.866448 0.753601 12 0.0
0.715762 0.899362 0.740141 12 0.0
0.774523 0.793025 0.462755 16 1.0
0.765223 0.996793 0.398343 14 0.0
0.737676 0.784587 0.691324 10 1.0
0.456335 0.881523 0.835706 12 0.0
0.469414 0.884076 0.837656 12 0.0
0.450689 0.91301 0.832355 12 0.0
0.443256 0.87897 0.833755 12 0.0
0.461982 0.850036 0.839056 12 0.0
0.525553 0.612629 0.152844 8 1.0
0.435061 0.785228 0.701698 15 0.99996
0.224615 0.49917 0.373472 4 0.999995
0.643424 0.994829 0.571348 15 1.0
0.77055 0.78998 0.56035 10 1.0
0.535686 0.778035 0.710627 10 0.093586
0.321536 0.005227 0.155434 7 0.977368
0.568367 0.999245 0.829008 14 1.0
0.665449 0.384052 0.372577 8 0.260619
0.764856 0.996073 0.632462 14 1.0
0.226964 0.755731 0.35561 2 1.0
0.383159 0.312863 0.362075 8 0.999815
0.324336 0.008021 0.367723 8 0.999997
0.766639 0.993949 0.566847 14 1.0
0.224856 0.229853 0.155307 2 1.0
0.779144 0.325598 0.149737 7 1.0
0.7721 0.751607 0.367018 5 0.999946
0.775828 0.996024 0.261363 16 1.0
0.776676 1.001412 0.425939 16 1.0
0.77863 0.248517 0.151815 7 1.0
0.777793 0.636664 0.154414 16 1.0
0.31802 0.781069 0.776352 10 1.0
0.77596 0.00212 0.243924 1 1.0
0.781355 -0.000641 0.239245 16 1.0
0.285862 -0.001216 0.157573 1 1.0
0.759652 0.997304 0.483133 14 1.0
0.221683 0.935207 0.151356 7 1.0
0.775898 0.517357 0.154634 7 1.0
0.338232 -0.00642 0.144632 1 1.0
0.214711 0.951121 0.150011 7 1.0
0.231949 0.797286 0.157785 2 0.159342
0.770216 0.996661 0.378037 14 0.999998
0.226965 0.341273 0.15821 7 1.0
0.221405 0.979659 0.146922 7 1.0
0.226471 0.116932 0.151002 7 1.0
0.509133 0.010865 0.157575 1 0.999851
0.29111 0.594788 0.152406 8 0.0
0.225114 0.996032 0.337484 3 0.99978
0.223438 0.495006 0.189984 2 0.0
0.237298 0.624057 0.181996 2 0.0
0.689314 0.003505 0.157494 1 0.999997
0.760623 0.429013 0.370261 8 0.999996
0.224981 0.717415 0.164288 2 0.362895
0.223826 0.28087 0.372614 8 1.0
0.448922 0.997679 0.159856 14 1.0
0.223427 0.997839 0.40827 3 1.0
0.267003 0.577783 0.154888 7 0.0
0.777465 0.611964 0.162009 16 1.0
0.228562 0.486563 0.158491 2 1.0
0.2266 0.604922 0.162784 2 1.0
0.47596 0.002555 0.155214 1 1.0
0.553224 0.001909 0.160826 1 1.0
0.501005 0.002435 0.157191 1 1.0
0.223161 0.618924 0.164121 3 1.0
0.233312 0.615352 0.156234 7 1.0
0.501211 0.002983 0.155339 1 1.0
0.222858 0.618702 0.161411 2 1.0
0.227891 0.776611 0.159477 2 1.0
0.226149 0.485114 0.160262 2 1.0
0.261948 0.340396 0.155576 7 1.0
0.2348 0.563412 0.160085 7 1.0
0.228218 0.310945 0.171545 3 1.0
0.300613 0.613675 0.159367 7 0.0
0.223653 0.667705 0.168315 2 0.055011
0.223735 0.812642 0.170772 3 0.042164
0.563745 0.012337 0.169716 1 1.0
0.226338 0.44249 0.161264 2 1.0
0.255484 0.530012 0.154357 7 3.1e-05
0.226574 0.49022 0.156976 7 0.999968
0.228126 0.57193 0.160227 3 1.0
0.22469 0.997107 0.390741 2 0.999997
0.228855 0.630203 0.15978 3 0.999997
0.224949 0.585245 0.160398 2 1.0
0.225116 0.685137 0.157072 2 1.0
0.433189 -0.012903 0.139578 1 1.0
0.216368 0.203015 0.154897 3 1.0
0.229707 0.502843 0.159577 3 1.0
0.685382 0.921168 0.764346 12 0.0
0.68938 0.938708 0.761529 12 0.0
0.674102 0.925264 0.77384 12 0.0
0.681385 0.903629 0.767163 12 0.0
0.696662 0.917073 0.754852 12 0.0
0.263989 0.886413 0.693431 2 0.0
0.263952 0.907522 0.693305 2 0.0
0.273918 0.886531 0.710327 2 0.0
0.264026 0.865304 0.693557 2 0.0
0.254061 0.886294 0.676534 2 0.0
0.754686 0.893889 0.648831 16 0.0
0.755983 0.928737 0.651707 16 0.0
0.749265 0.892612 0.666748 16 0.0
0.753389 0.85904 0.645956 16 0.0
0.760107 0.895165 0.630915 16 0.0
0.502688 0.883025 0.840184 12 0.0
0.520674 0.879927 0.840195 12 0.0
0.508219 0.915137 0.840696 12 0.0
0.484702 0.886123 0.840174 12 0.0
0.497157 0.850913 0.839673 12 0.0
0.490489 0.910231 0.839545 12 0.0
0.50569 0.905542 0.840327 12 0.0
0.49748 0.932958 0.839944 12 0.0
0.475289 0.91492 0.838764 12 0.0
0.483499 0.887503 0.839147 12 0.0
0.23177 0.027013 0.369557 8 0.999998
0.450326 0.890252 0.831102 13 0.0
0.466641 0.888628 0.834289 13 0.0
0.452309 0.909373 0.830693 13 0.0
0.434011 0.891876 0.827916 13 0.0
0.448343 0.871131 0.831511 13 0.0
0.776911 0.800036 0.36341 5 1.0
0.641789 0.999945 0.546096 15 0.999998
0.591408 0.58705 0.151956 8 0.999595
0.772372 0.158846 0.155259 7 0.999996
0.248504 0.194713 0.150723 7 1.3e-05
0.664922 0.381497 0.371653 8 0.971376
0.662165 0.38278 0.372456 8 0.971376
0.667672 0.387076 0.372184 8 0.971376
0.66768 0.380214 0.370849 8 0.971376
0.662173 0.375918 0.371121 8 0.971376
0.519238 0.614038 0.157976 8 0.999999
0.711719 0.006019 0.372924 5 0.999996
0.77046 0.997189 0.291775 14 1.0
0.368526 0.32407 0.350747 8 0.999965
0.507865 0.006113 0.365874 8 1.0
0.772494 0.785475 0.557337 10 1.0
0.333164 0.389812 0.372212 8 0.0
0.619974 0.310618 0.3732 8 0.000104
0.772448 0.754503 0.366747 16 0.999987
0.534457 0.270595 0.376544 8 4.2e-05
0.348327 0.335385 0.365905 8 0.04342
0.242152 0.997998 0.662272 12 1.0
0.223597 0.684315 0.153395 7 1.0
0.766865 0.994005 0.323727 14 0.999999
0.262712 0.57423 0.154574 7 0.0
0.266682 0.62653 0.153653 7 0.0
0.502488 0.005018 0.155686 1 1.0
0.223638 0.274041 0.16034 2 0.622669
0.223963 0.12762 0.158439 2 1.0
0.225237 0.616215 0.156905 2 1.0
0.569184 0.999371 0.155302 7 1.0
0.224507 0.812678 0.156329 7 0.997042
0.666592 -0.002869 0.151897 1 1.0
0.220998 0.408719 0.157656 2 1.0
0.224531 0.324511 0.156784 3 1.0
0.592737 0.000381 0.158698 1 1.0
0.232018 0.403936 0.161151 7 1.0
0.773727 0.695406 0.155277 5 1.0
0.563097 0.007758 0.155136 7 0.981743
0.218864 0.42502 0.162542 3 1.0
0.22273 0.645855 0.15761 4 1.0
0.226411 0.902118 0.160634 2 1.0
0.773886 0.586197 0.159619 16 1.0
0.237931 0.359918 0.155404 7 3.6e-05
0.428447 0.005295 0.160007 1 1.0
0.224427 0.640438 0.157098 2 1.0
0.266634 0.479449 0.152944 7 0.0
0.289203 0.567069 0.151608 8 0.0
0.395332 0.002693 0.159154 1 0.069442
0.234855 0.586962 0.15851 7 0.023293
0.224098 0.246072 0.163026 3 1.0
0.225022 0.997187 0.38207 2 1.0
0.221308 0.218792 0.171495 2 0.032941
0.226557 0.16336 0.163053 3 1.0
0.77223 0.992816 0.351621 14 0.999999
0.495543 0.999574 0.157471 7 1.0
0.224441 0.81556 0.156997 2 1.0
0.22983 0.637083 0.165444 2 1.0
0.214025 0.292436 0.161623 3 1.0
0.243821 0.375824 0.155413 8 0.001717
0.614443 0.003386 0.157064 1 1.0
0.778236 0.634532 0.15866 16 1.0
0.2223 0.458823 0.159777 2 1.0
0.223523 0.561093 0.159866 3 1.0
0.2263 0.711279 0.157812 7 1.0
0.731415 0.996936 0.715356 12 1.0
0.759052 0.888457 0.633641 12 0.0
0.758503 0.909555 0.632797 12 0.0
0.754888 0.888986 0.649589 12 0.0
0.759601 0.867358 0.634485 12 0.0
0.763215 0.887927 0.617693 12 0.0
0.713657 0.889511 0.735658 12 0.0
0.711879 0.909369 0.734449 12 0.0
0.709092 0.889492 0.742055 12 0.0
0.715435 0.869653 0.736867 12 0.0
0.718222 0.88953 0.729261 12 0.0
0.714474 0.997557 0.738045 16 1.0
0.704143 0.990553 0.749814 12 0.999806
0.662375 0.374077 0.162165 9 0.999533
0.418383 0.996592 0.439423 15 0.802113
0.452526 0.90782 0.834422 12 0.0
0.466295 0.908788 0.836966 12 0.0
0.450054 0.939551 0.83573 12 0.0
0.438757 0.906853 0.831877 12 0.0
0.454998 0.87609 0.833114 12 0.0
0.55265 0.606519 0.155017 8 0.999995
0.22171 0.001171 0.25701 3 0.999961
0.764924 0.77983 0.64398 16 1.0
0.515199 0.785037 0.713294 10 0.0
0.596423 0.589485 0.154434 8 0.993006
0.774328 0.148637 0.156942 6 0.999999
0.663731 0.384581 0.36554 8 0.998362
0.633325 0.328321 0.37403 8 0.976444
0.233444 0.720594 0.366189 8 1.0
0.771933 0.678648 0.366719 8 0.999994
0.775768 0.002052 0.225971 16 0.999987
0.234431 0.16793 0.151173 7 1.0
0.354606 0.349888 0.367623 8 0.996258
0.777536 0.556011 0.154256 7 1.0
0.77269 0.816666 0.155249 16 0.737059
0.787902 -0.002806 0.279986 16 1.0
0.359891 -0.002983 0.155492 1 1.0
0.223937 0.117486 0.149913 7 1.0
0.221902 0.895714 0.160297 2 1.0
0.246703 0.814072 0.152412 7 0.004304
0.242667 0.361519 0.16923 2 0.0002
0.775426 0.190974 0.171894 16 0.996265
0.223029 0.292819 0.162331 2 0.965964
0.25723 0.638548 0.155122 7 1e-06
0.601532 0.004963 0.162235 1 0.860172
0.231219 0.704809 0.157924 7 0.997157
0.670337 -0.00052 0.158476 1 1.0
0.23129 0.606074 0.155106 7 1.0
0.227311 0.744403 0.158194 2 1.0
0.229111 0.236425 0.154543 7 1.0
0.227576 0.496194 0.165015 7 1.0
0.226016 0.396519 0.156647 2 1.0
0.769677 0.47347 0.170087 16 0.999998
0.499397 0.001535 0.153589 1 1.0
0.257339 0.573621 0.154846 7 3e-06
0.241249 0.230513 0.151477 7 1.0
0.219349 0.888964 0.1552 2 1.0
0.233097 0.67486 0.154001 7 0.247868
0.767285 0.996255 0.348339 14 0.0
0.22862 0.49647 0.172079 2 1e-06
0.775691 0.555189 0.173249 5 0.999999
0.481119 0.005285 0.160499 1 1.0
0.226551 0.442285 0.160188 2 0.468221
0.440573 0.003151 0.158775 1 0.998446
0.25731 0.545242 0.15723 7 0.0
0.230464 0.492803 0.155845 7 1.0
0.574373 0.000184 0.170276 1 1.0
0.259095 0.737396 0.153534 7 1e-05
0.226912 0.620902 0.160647 2 1.0
0.775546 0.325831 0.161944 16 0.999973
0.224378 0.772777 0.157269 7 1.0
0.24729 0.555618 0.155252 4 9.7e-05
0.774854 0.739065 0.154357 7 0.999038
0.501655 0.004949 0.157598 1 1.0
0.488515 0.004972 0.155339 1 1.0
0.225718 0.726945 0.157343 2 1.0
0.226666 0.596718 0.158784 3 1.0
0.243297 0.483998 0.157223 7 7e-06
0.774363 0.547644 0.15508 5 0.999658
0.223838 0.500737 0.155359 7 1.0
0.22639 0.47787 0.158364 2 1.0
0.225412 0.730944 0.156365 7 1.0
0.232684 0.518972 0.169817 3 1.0
0.218887 0.513747 0.161084 2 1.0
0.756715 0.931716 0.645957 12 0.0
0.754117 0.939125 0.659113 12 0.0
0.751504 0.911973 0.656046 12 0.0
0.759313 0.924307 0.632801 12 0.0
0.761925 0.951458 0.635867 12 0.0
0.762466 0.891603 0.630655 16 0.0
0.763613 0.925652 0.62753 16 0.0
0.758914 0.893332 0.648195 16 0.0
0.76132 0.857554 0.633779 16 0.0
0.766019 0.889874 0.613115 16 0.0
0.71263 0.896362 0.732044 12 0.0
0.714938 0.927499 0.731696 12 0.0
0.703903 0.897135 0.743287 12 0.0
0.710321 0.865225 0.732392 12 0.0
0.721357 0.895589 0.720802 12 0.0
0.589722 0.867573 0.824193 12 0.0
0.588139 0.895483 0.824752 12 0.0
0.571787 0.866427 0.830634 12 0.0
0.591306 0.839664 0.823634 12 0.0
0.607658 0.86872 0.817752 12 0.0
0.699511 0.877339 0.749357 12 0.0
0.764828 0.995059 0.601757 13 0.999998
0.715656 0.914415 0.730096 12 0.0
0.718154 0.940656 0.730821 12 0.0
0.707428 0.914904 0.740714 12 0.0
0.713159 0.888173 0.72937 12 0.0
0.723885 0.913925 0.719477 12 0.0
0.774379 0.937034 0.152481 7 1.0
0.452476 0.899974 0.836382 11 0.0
0.469081 0.905499 0.838903 11 0.0
0.442865 0.92998 0.833929 11 0.0
0.435871 0.894449 0.83386 11 0.0
0.462086 0.869968 0.838835 11 0.0
0.768381 1.003313 0.617432 14 1.0
0.644866 0.999579 0.573954 15 1.0
0.562052 0.607286 0.154911 7 0.999999
0.758604 0.006978 0.376239 8 1.0
0.76653 0.006366 0.375902 8 1.0
0.758818 0.009824 0.376096 8 1.0
0.750678 0.007591 0.376576 8 1.0
0.75839 0.004133 0.376382 8 1.0
0.591355 0.593916 0.156691 8 0.999871
0.222234 0.724997 0.364518 3 0.999994
0.664926 0.382441 0.37224 8 0.947268
0.662414 0.38396 0.372707 8 0.947268
0.669422 0.38989 0.372193 8 0.947268
0.667437 0.380922 0.371773 8 0.947268
0.660429 0.374992 0.372287 8 0.947268
0.763048 0.996601 0.643574 12 1.0
0.512692 0.614313 0.153086 8 1.0
0.680911 0.007604 0.368612 8 0.999997
0.768801 0.994491 0.347293 14 0.999999
0.331248 0.003912 0.155819 1 1.0
0.772214 0.713768 0.36652 6 1.0
0.224747 0.164632 0.15769 2 1.0
0.364822 0.332119 0.373922 8 0.000106
0.771952 0.746132 0.366728 13 0.999975
0.346204 0.326325 0.368123 8 0.85619
0.776146 0.905394 0.15107 7 1.0
0.637128 0.998642 0.159108 7 1.0
0.458287 0.610911 0.158069 8 0.99994
0.401846 -0.000372 0.150435 1 1.0
0.223238 0.688977 0.15343 7 1.0
0.2181 0.164176 0.158836 2 1.0
0.755179 0.57126 0.154653 7 0.000158
0.415125 0.007224 0.155463 7 1.0
0.222885 0.274664 0.157078 7 1.0
0.768806 0.761908 0.153652 7 0.999463
0.224307 0.885544 0.165312 3 1.0
0.226584 0.55854 0.155865 7 1.0
0.488279 1.001108 0.153652 14 1.0
0.233557 0.176565 0.151432 7 1.0
0.222869 0.644619 0.157472 7 1.0
0.234151 0.605294 0.155685 7 0.032228
0.223367 0.829825 0.161331 2 1.0
0.235728 0.642057 0.162409 7 0.725514
0.225512 0.637188 0.156993 3 1.0
0.757872 0.514498 0.158233 7 3e-06
0.774749 0.690501 0.155872 7 0.999993
0.234352 0.587145 0.15545 8 1.0
0.419661 0.996169 0.161967 14 1.0
0.237123 0.425346 0.156689 7 1.0
0.227694 0.720661 0.157003 7 0.999996
0.223827 0.221084 0.37222 8 1.0
0.629577 0.001542 0.155621 1 1.0
0.23001 0.232488 0.156964 3 1.0
0.225626 0.601263 0.156691 2 1.0
0.624135 -0.001409 0.154137 1 1.0
0.225674 0.632334 0.158205 2 1.0
0.224767 0.495584 0.157812 7 1.0
0.229402 0.341508 0.16267 7 1.0
0.774531 0.434619 0.155402 16 1.0
0.225907 0.780045 0.157361 3 1.0
0.224085 0.596325 0.158883 2 1.0
0.2252 0.719983 0.156416 7 1.0
0.226237 0.426427 0.155647 2 1.0
0.228102 0.436332 0.155806 7 1.0
0.223567 0.441954 0.157005 2 1.0
0.213257 0.116683 0.15635 2 1.0
0.502702 0.003651 0.15463 7 1.0
0.761044 0.895339 0.63485 12 0.0
0.763578 0.918546 0.629885 12 0.0
0.757433 0.898765 0.649024 12 0.0
0.75851 0.872131 0.639816 12 0.0
0.764655 0.891912 0.620677 12 0.0
0.635627 0.997853 0.803851 14 1.0
0.699843 0.857842 0.749387 12 0.0
0.699612 0.88267 0.747161 12 0.0
0.688524 0.858801 0.761258 12 0.0
0.700073 0.833013 0.751613 12 0.0
0.711161 0.856883 0.737516 12 0.0
0.663471 0.391636 0.151416 8 1.0
0.748087 0.789285 0.66658 10 1.0
0.535025 0.611817 0.155111 8 1.0
0.228039 0.003261 0.253973 1 0.999936
0.774634 0.212365 0.373168 16 0.999999
0.634833 0.991399 0.522814 15 0.999999
0.637655 0.347743 0.162108 8 0.999783
0.774763 0.782828 0.450175 13 1.0
0.335106 0.485443 0.374087 8 0.002271
0.663111 0.382773 0.373103 8 0.99994
0.66039 0.384333 0.373985 8 0.99994
0.667432 0.389803 0.373994 8 0.99994
0.665832 0.381212 0.372221 8 0.99994
0.658791 0.375742 0.372212 8 0.99994
0.76023 0.999493 0.637213 14 0.999995
0.636302 0.334238 0.369634 8 0.000123
0.338772 0.388863 0.370722 4 0.999985
0.340951 0.389536 0.372496 4 0.999985
0.341271 0.382258 0.37016 4 0.999985
0.336593 0.388189 0.368949 4 0.999985
0.336273 0.395467 0.371285 4 0.999985
0.332587 0.394881 0.373168 8 1e-06
0.772703 0.162014 0.156005 7 1.0
0.223729 0.779855 0.445225 8 0.999997
0.774945 0.292501 0.37198 8 1.0
0.780377 0.594399 0.154207 5 1.0
0.224552 0.997371 0.230865 3 1.0
0.305259 -0.001912 0.157425 1 1.0
0.776992 0.243093 0.370819 6 1.0
0.279797 -0.007267 0.145697 1 1.0
0.78766 -0.003615 0.322869 5 1.0
0.774391 1.002656 0.352036 14 1.0
0.778001 -0.003038 0.374287 16 1.0
0.216757 0.976818 0.146293 7 1.0
0.219243 0.121461 0.157665 2 1.0
0.214087 0.161693 0.160029 2 1.0
0.484941 1.001916 0.154398 14 1.0
0.21834 0.165094 0.162411 2 1.0
0.563428 0.000336 0.172293 1 1.1e-05
0.23117 0.373118 0.174543 2 0.0
0.395233 0.000445 0.157657 1 0.474502
0.246732 0.612298 0.156602 7 0.000181
0.765993 0.694231 0.160605 7 0.990217
0.22325 0.260283 0.163184 2 0.968952
0.228672 0.436322 0.164085 3 1.0
0.226356 0.695432 0.160185 2 1.0
0.773323 0.604114 0.157679 7 0.933086
0.222602 0.793065 0.154336 2 1.0
0.222951 0.783839 0.156077 2 1.0
0.224774 0.751194 0.162545 2 1.0
0.225346 0.577281 0.157689 2 1.0
0.223566 0.816471 0.156831 3 1.0
0.234132 0.586229 0.15736 7 1.0
0.592228 0.001597 0.155898 7 1.0
0.22465 0.781606 0.156163 2 1.0
0.227298 0.376187 0.16188 2 1.0
0.225765 0.513366 0.15623 2 1.0
0.220902 0.351534 0.156173 2 1.0
0.496853 0.002922 0.155364 1 1.0
0.228444 0.652851 0.161267 2 1.0
0.764645 0.479764 0.159434 7 1.0
0.498987 0.001436 0.159486 1 0.813056
0.224066 0.491116 0.195063 2 0.0
0.768094 0.375942 0.172797 5 0.015669
0.257136 0.64859 0.152787 7 0.000916
0.502139 0.003027 0.156987 1 1.0
0.225209 0.662624 0.156758 2 1.0
0.498823 0.001502 0.159025 1 1.0
0.576356 0.002076 0.177552 1 0.003558
0.4481 0.997579 0.160059 14 1.0
0.221195 0.322478 0.159299 2 1.0
0.773096 0.51332 0.155075 7 1.0
0.769083 0.212875 0.157583 7 1.0
0.224986 0.295012 0.166092 3 1.0
0.222276 0.582391 0.161289 2 1.0
0.771306 0.464475 0.160815 5 1.0
0.225603 0.614389 0.156078 7 1.0
0.224984 0.622533 0.15589 2 1.0
0.225856 0.340863 0.169476 2 1.0
0.22255 0.335759 0.159074 3 1.0
0.763264 0.50341 0.157702 7 1.0
0.765155 0.520893 0.166161 5 1.0
0.242735 0.255257 0.151687 7 1.0
0.221076 0.746218 0.153423 2 1.0
0.772992 0.338432 0.152962 7 1.0
0.772834 0.083055 0.367958 5 0.999999
0.77107 0.083838 0.365582 5 0.999999
0.774429 0.089833 0.369008 5 0.999999
0.774597 0.082272 0.370333 5 0.999999
0.771238 0.076276 0.366907 5 0.999999
0.71354 0.889637 0.736151 12 0.0
0.715052 0.910951 0.734253 12 0.0
0.70771 0.890702 0.74346 12 0.0
0.712028 0.868324 0.738049 12 0.0
0.719369 0.888573 0.728842 12 0.0
0.386832 0.893058 0.813585 12 0.0
0.373395 0.898864 0.807004 12 0.0
0.394186 0.914666 0.817636 12 0.0
0.400269 0.887251 0.820165 12 0.0
0.379478 0.871449 0.809534 12 0.0
0.438257 0.600817 0.156797 8 0.999997
0.453332 0.881869 0.834665 12 0.0
0.470103 0.883603 0.837996 12 0.0
0.450024 0.912865 0.835185 12 0.0
0.43656 0.880135 0.831334 12 0.0
0.45664 0.850873 0.834146 12 0.0
0.549574 0.60762 0.159408 8 0.999465
0.222692 0.716381 0.370391 8 0.999996
0.665126 0.384303 0.372005 8 0.990461
0.66261 0.385824 0.372396 8 0.990461
0.669933 0.392122 0.372519 8 0.990461
0.667642 0.382782 0.371614 8 0.990461
0.660319 0.376483 0.371492 8 0.990461
0.774293 0.004418 0.24661 1 1.0
0.770723 0.708416 0.363014 6 0.999999
0.773796 0.752724 0.366023 5 1.0
0.773387 0.791374 0.45945 5 1.0
0.775628 0.851322 0.15873 5 1.0
0.763862 0.391106 0.367503 8 0.999986
0.773161 0.99506 0.486028 12 1.0
0.775148 0.996517 0.38676 16 1.0
0.774414 0.002175 0.278144 1 1.0
0.718793 -0.003199 0.152504 1 1.0
0.776134 0.788258 0.497451 16 1.0
0.271398 -0.001885 0.158101 1 1.0
0.756796 -0.001485 0.145774 1 1.0
0.775707 -0.004484 0.145312 1 1.0
0.757805 0.004508 0.148193 1 1.0
0.737886 0.001513 0.146236 1 1.0
0.755787 -0.007479 0.143354 1 1.0
0.528552 -0.005436 0.150281 1 1.0
0.771675 0.9936 0.425545 13 1.0
0.217623 0.86661 0.151211 7 1.0
0.220468 0.779317 0.155267 3 1.0
0.213489 0.118551 0.158744 2 1.0
0.400949 -0.006687 0.143915 1 1.0
0.21605 0.117845 0.157116 2 1.0
0.213041 0.218475 0.15426 2 1.0
0.22459 0.135336 0.164178 3 1.0
0.221886 0.17435 0.157037 3 1.0
0.779401 0.24018 0.152899 5 1.0
0.221106 0.17875 0.153061 7 1.0
0.236525 0.247146 0.152148 7 1.0
0.710184 -0.00209 0.159218 1 1.0
0.224612 0.642669 0.162046 2 1.0
0.254157 0.667385 0.156117 8 0.000159
0.222885 0.214447 0.369661 3 1.0
0.286958 0.622612 0.155439 7 0.0
0.238038 0.60208 0.155634 7 0.000517
0.388496 0.996251 0.157097 7 0.999999
0.502088 0.002252 0.156973 1 1.0
0.225526 0.593097 0.165431 2 0.000327
0.53695 0.00531 0.153864 7 0.922714
0.228028 0.243295 0.163296 2 1.0
0.222372 0.434487 0.163222 2 1.0
0.775053 0.341329 0.155362 5 1.0
0.223503 0.726956 0.154736 7 1.0
0.225627 0.319702 0.154523 7 1.0
0.221192 0.310659 0.157437 2 1.0
0.234303 0.365344 0.151834 7 1.0
0.225818 0.494609 0.17189 2 0.0
0.230573 0.287214 0.375434 8 1.0
0.773759 0.982379 0.363187 13 0.647201
0.226722 0.165895 0.155756 3 0.999991
0.306962 0.596948 0.152084 7 0.0
0.386227 0.997048 0.156468 7 0.999979
0.225011 0.210097 0.164121 3 1.0
0.42482 0.002671 0.156041 1 1.0
0.229951 0.495608 0.163469 3 1.0
0.389041 -0.002081 0.14847 7 1.0
0.234171 0.525381 0.162846 2 1.0
0.225605 0.660416 0.157139 2 1.0
0.226842 0.641166 0.155633 7 1.0
0.22772 0.139208 0.154481 7 1.0
0.224772 0.279756 0.161596 2 1.0
0.229322 0.528072 0.156064 7 1.0
0.226686 0.520868 0.15414 7 1.0
0.54923 0.999511 0.162509 14 1.0
0.378165 -0.000777 0.150398 1 1.0
0.229526 0.281404 0.167175 2 1.0
0.249124 0.988861 0.666458 12 0.999999
0.630956 0.873699 0.803142 12 0.0
0.636943 0.901954 0.800196 12 0.0
0.614537 0.878084 0.811839 12 0.0
0.624969 0.845444 0.806089 12 0.0
0.647374 0.869313 0.794446 12 0.0
0.499294 0.868321 0.837921 12 0.0
0.516864 0.865894 0.837987 12 0.0
0.503175 0.896386 0.836544 12 0.0
0.481724 0.870748 0.837856 12 0.0
0.495413 0.840256 0.839298 12 0.0
0.490824 0.918914 0.837619 12 0.0
0.509107 0.916439 0.837852 12 0.0
0.494265 0.944534 0.839837 12 0.0
0.472541 0.921389 0.837385 12 0.0
0.487384 0.893294 0.8354 12 0.0
0.409222 0.01017 0.368599 8 0.999985
0.443404 0.904717 0.837754 12 0.0
0.457291 0.907 0.839515 12 0.0
0.438798 0.933497 0.836764 12 0.0
0.429516 0.902434 0.835992 12 0.0
0.44801 0.875937 0.838743 12 0.0
0.225066 0.002067 0.266452 2 0.999018
0.224159 0.528962 0.374863 4 1.0
0.642785 0.99593 0.544506 14 0.998713
0.638617 0.342574 0.16185 8 0.998362
0.221333 0.732767 0.364862 3 0.99984
0.329601 0.493839 0.371939 8 0.0
0.335565 0.016786 0.367911 8 0.999976
0.772796 0.004391 0.238102 1 0.999999
0.301936 0.006129 0.158303 1 1.0
0.770385 0.517474 0.3688 8 1.0
0.769498 0.359471 0.374233 8 1.0
0.771754 0.44856 0.364709 8 0.999942
0.776291 0.995157 0.309554 16 0.999995
0.351902 0.348423 0.364524 8 0.999377
0.768898 0.996203 0.478668 14 0.999999
0.775596 0.257437 0.372141 8 1.0
0.22395 0.837236 0.157089 2 1.0
0.223987 0.005189 0.286629 2 0.999574
0.77746 -0.004376 0.374405 1 1.0
0.21337 0.995882 0.150197 7 1.0
0.782681 -0.010994 0.272854 1 1.0
0.488721 -0.008898 0.152594 1 1.0
0.218977 0.164272 0.158584 3 1.0
0.222844 0.178634 0.156235 2 1.0
0.220558 0.452177 0.162643 2 1.0
0.216477 0.117487 0.156691 2 1.0
0.224022 0.733697 0.154533 7 1.0
0.383768 -0.002094 0.15318 1 1.0
0.644786 -0.014402 0.140854 7 1.0
0.226253 0.726281 0.156389 7 1.0
0.491145 0.003151 0.157272 7 1.0
0.253566 0.650914 0.15413 7 0.000273
0.223778 0.74417 0.161468 7 1.0
0.234672 0.695572 0.161965 7 1.0
0.224296 0.648048 0.155842 7 1.0
0.774581 0.611396 0.159987 16 1.0
0.531265 1.002045 0.154303 7 1.0
0.451151 0.002003 0.157263 1 0.999999
0.226975 0.717949 0.161564 2 1.0
0.225324 0.462912 0.155691 3 1.0
0.226323 0.825217 0.156688 7 1.0
0.774015 0.426088 0.157941 5 1.0
0.22463 0.342869 0.163661 2 0.999675
0.770066 0.4433 0.160895 7 1.0
0.221297 0.605915 0.370027 2 1.0
0.242613 0.667408 0.153727 7 0.000868
0.230602 0.712263 0.162659 3 1.0
0.2239 0.818726 0.160922 3 1.0
0.217978 0.542678 0.161727 3 1.0
0.401525 0.996706 0.158092 7 1.0
0.230344 0.74893 0.161645 2 1.0
0.672099 0.001903 0.14233 1 1.0
0.50122 0.001327 0.154824 7 1.0
0.501299 1.001986 0.152904 7 1.0
0.501566 0.00196 0.155927 1 1.0
0.219602 0.674287 0.163058 3 1.0
0.229983 0.57948 0.156542 2 1.0
0.225672 0.547712 0.153972 7 1.0
0.217808 0.293383 0.161528 3 1.0
0.223379 0.23136 0.16043 2 0.999975
0.775976 0.055097 0.373178 16 1.0
0.713135 0.891668 0.735271 12 0.0
0.711608 0.92409 0.736655 12 0.0
0.703054 0.890679 0.747305 12 0.0
0.714663 0.859247 0.733887 12 0.0
0.723217 0.892657 0.723237 12 0.0
0.226271 0.284162 0.189841 2 0.0
0.625035 0.999225 0.80522 14 1.0
0.372185 0.866872 0.811597 12 0.0
0.360751 0.866758 0.805811 12 0.0
0.372026 0.894374 0.811372 12 0.0
0.383619 0.866986 0.817383 12 0.0
0.372345 0.83937 0.811822 12 0.0
0.227806 0.995089 0.353864 2 0.999099
0.773669 0.99661 0.486252 14 1.0
0.449879 0.897433 0.831482 13 0.0
0.467577 0.895818 0.835053 13 0.0
0.451731 0.919377 0.832227 13 0.0
0.432181 0.899048 0.827911 13 0.0
0.448027 0.875489 0.830737 13 0.0
0.528929 0.611478 0.153355 8 1.0
0.771054 0.790059 0.513422 16 0.994462
0.773372 0.155752 0.369881 8 0.999995
0.587914 0.595446 0.155859 8 0.999977
0.662785 0.383273 0.370981 8 0.999894
0.494821 0.00602 0.153421 7 0.999379
0.332188 0.393892 0.373005 8 0.008743
0.222109 0.167622 0.368841 3 1.0
0.774407 0.314513 0.372723 16 1.0
0.775474 0.358595 0.373016 8 1.0
0.351854 0.341457 0.357349 8 0.997474
0.523416 0.001869 0.367531 1 0.999985
0.773279 0.677607 0.153406 7 1.0
0.670511 0.000203 0.375429 8 1.0
0.279261 0.000957 0.159067 1 1.0
0.772808 0.454572 0.157046 4 1.0
0.298238 -0.004432 0.150041 1 1.0
0.782093 1.005777 0.540449 14 1.0
0.768675 0.569567 0.371104 8 1.0
0.780433 -0.001833 0.369165 6 1.0
0.215074 0.845221 0.151957 2 1.0
0.217542 0.119967 0.157789 2 1.0
0.220359 0.151094 0.157863 3 1.0
0.777575 1.001384 0.286392 16 1.0
0.22732 0.211064 0.15616 2 1.0
0.222243 0.088495 0.152263 3 1.0
0.220671 0.676699 0.159632 2 1.0
0.223791 0.098887 0.157683 3 1.0
0.224989 0.350716 0.175697 2 0.0
0.387747 0.579415 0.374361 8 0.0
0.248716 0.458505 0.157154 7 0.0
0.222405 0.113613 0.158627 2 1.0
0.774334 0.397509 0.159941 16 1.0
0.224108 0.271011 0.155152 2 1.0
0.225164 0.739086 0.156042 7 1.0
0.49872 0.999814 0.158276 14 0.999242
0.227288 0.733139 0.157019 7 1.0
0.223018 0.700989 0.156307 7 1.0
0.223402 0.386801 0.157833 2 1.0
0.226343 0.292931 0.156084 2 1.0
0.223201 0.418637 0.156565 7 1.0
0.224413 0.455063 0.162154 2 0.707545
0.532169 0.00454 0.160582 1 1.0
0.224173 0.347837 0.165538 3 1.0
0.225664 0.881451 0.157409 2 1.0
0.226352 0.268368 0.156516 2 1.0
0.537853 0.000287 0.151101 7 1.0
0.225174 0.683996 0.156254 2 1.0
0.448077 0.997414 0.158507 7 1.0
0.651152 0.000357 0.163132 1 0.864259
0.355192 0.536111 0.373848 8 0.0
0.763863 0.616516 0.156597 7 0.000391
0.771967 0.998676 0.319127 14 1.0
0.776654 0.155211 0.158714 16 1.0
0.776834 0.297433 0.167039 16 0.999998
0.225554 0.730013 0.156333 2 0.999999
0.774304 0.729823 0.153602 7 1.0
0.222628 0.184717 0.168826 1 1.0
0.773633 0.54045 0.156659 7 1.0
0.222715 0.704863 0.154713 7 1.0
0.224363 0.73059 0.153716 7 1.0
0.227378 0.298451 0.152051 7 1.0
0.231215 0.232651 0.154886 7 0.183998
0.775513 0.421118 0.163409 16 0.527143
0.774809 0.370476 0.165623 5 0.01175
0.501965 0.002916 0.155516 1 1.0
0.2242 0.901911 0.157027 2 1.0
0.234449 0.675264 0.161626 7 1.0
0.516594 0.002463 0.157857 1 1.0
0.226344 0.705807 0.16122 2 1.0
0.226567 0.817656 0.163128 2 1.0
0.225556 0.721602 0.157243 7 1.0
0.501843 0.001922 0.156186 1 1.0
0.235701 0.526954 0.163245 7 1.0
0.773255 0.427441 0.157096 7 1.0
0.494467 0.999322 0.155015 14 1.0
0.26081 0.871616 0.691382 11 0.0
0.260339 0.900755 0.689984 11 0.0
0.270454 0.872603 0.708719 11 0.0
0.26128 0.842477 0.692779 11 0.0
0.251165 0.870629 0.674044 11 0.0
0.545195 1.001129 0.839693 14 1.0
0.377945 0.015445 0.366024 1 0.999993
0.224464 0.997063 0.292453 3 0.999984
0.22353 0.001274 0.289674 1 0.999989
0.772576 0.994205 0.478021 13 0.999825
0.52018 0.615872 0.153809 7 1.0
0.637653 0.998852 0.551001 15 1.0
0.224201 0.140321 0.157371 3 0.999999
0.229379 0.997483 0.611566 12 1.0
0.52637 0.780117 0.712885 4 0.0
0.590336 0.589952 0.152627 8 0.999869
0.777266 1.000479 0.34651 16 1.0
0.333307 0.489985 0.372562 8 0.001746
0.661339 0.38519 0.36848 8 0.999931
0.758731 0.994043 0.637615 14 0.999942
0.340163 0.387202 0.375199 8 0.998526
0.587372 0.291193 0.371459 8 0.000589
0.772928 0.745975 0.365771 6 1.0
0.776671 0.796712 0.154741 5 1.0
0.354644 0.355015 0.374457 8 0.999985
0.302482 0.001641 0.153954 1 1.0
0.777878 0.257462 0.153347 7 1.0
0.222538 0.999488 0.217869 3 1.0
0.301241 -3.2e-05 0.15861 1 1.0
0.465874 0.608553 0.161996 8 1.0
0.265808 -0.002705 0.154433 1 1.0
0.216558 0.091364 0.144084 7 1.0
0.752864 1.00243 0.369382 14 1.0
0.778417 0.999947 0.28086 14 1.0
0.775739 0.261395 0.153924 6 1.0
0.791234 -0.00902 0.28825 1 1.0
0.220084 0.164163 0.159582 3 1.0
0.219088 0.115951 0.155857 2 1.0
0.217963 0.121357 0.159278 2 1.0
0.218836 0.120638 0.158963 2 1.0
0.386883 -0.002615 0.153842 1 1.0
0.218345 0.117152 0.158401 2 1.0
0.219485 0.080863 0.153346 1 1.0
0.216042 0.124875 0.163255 3 1.0
0.21806 0.119672 0.157879 3 1.0
0.231847 0.336928 0.158327 2 1.0
0.217049 0.120964 0.16043 3 1.0
0.222478 0.085166 0.154789 1 1.0
0.224064 0.291782 0.159355 3 1.0
0.222977 0.716325 0.154751 7 1.0
0.282006 0.490661 0.151591 8 0.0
0.467277 0.012605 0.15816 7 0.999507
0.653816 0.015554 0.371452 8 0.999999
0.769528 0.996185 0.437898 14 1.0
0.771082 0.521171 0.160919 5 1.0
0.770941 0.381788 0.157549 7 1.0
0.770743 0.728418 0.158974 7 1.0
0.575427 0.997136 0.160753 14 1.0
0.223515 0.635347 0.156772 2 1.0
0.238665 0.398598 0.156079 7 0.0
0.501912 0.002682 0.15549 1 1.0
0.224625 0.220357 0.154646 2 0.999956
0.477201 0.997853 0.159435 7 1.0
0.230675 0.329939 0.156904 7 0.041826
0.224614 0.661504 0.160988 3 1.0
0.234593 0.534224 0.156315 7 1.0
0.227615 0.289462 0.155076 7 1.0
0.656077 -0.001667 0.152795 1 1.0
0.22022 0.432742 0.160246 2 1.0
0.230804 0.657737 0.157395 7 1.0
0.22787 0.547199 0.160201 2 1.0
0.232889 0.663384 0.156906 7 1.0
0.255119 0.654501 0.156523 7 0.00141
0.29208 0.3586 0.153437 7 0.0
0.769487 0.993989 0.430638 14 1.0
0.772658 0.548871 0.160264 4 0.999999
0.222728 0.382987 0.374273 8 1.0
0.224396 0.150139 0.155176 7 1.0
0.236595 0.222479 0.153165 7 1.0
0.224473 0.151353 0.158111 2 0.963802
0.243932 0.415428 0.153623 7 0.0
0.481212 0.997414 0.153794 7 0.99983
0.226403 0.595139 0.157466 7 1.0
0.545244 0.002215 0.156853 1 1.0
0.232393 0.207843 0.155528 7 0.001718
0.46605 -0.001552 0.153083 1 1.0
0.224305 0.465648 0.159832 2 1.0
0.224665 0.642422 0.156733 7 1.0
0.225512 0.642654 0.156744 2 0.999992
0.224515 0.827801 0.157423 2 1.0
0.22836 0.422763 0.157237 7 1.0
0.228189 0.637357 0.160506 2 1.0
0.224873 0.377302 0.157666 2 1.0
0.549665 0.002431 0.155227 1 1.0
0.424922 0.005893 0.151082 7 1.0
0.497753 0.005574 0.153361 7 0.999998
0.232098 0.313746 0.158887 2 1.0
0.670984 -0.002995 0.154241 1 1.0
0.22369 0.493629 0.161203 2 1.0
0.227988 0.663207 0.158378 2 1.0
0.260277 0.656184 0.153073 7 2.3e-05
0.226594 0.442844 0.16244 3 1.0
0.63465 0.875257 0.802483 12 0.0
0.691921 0.86629 0.756998 12 0.0
0.687784 0.891743 0.760389 12 0.0
0.680799 0.863066 0.767624 12 0.0
0.696059 0.840836 0.753607 12 0.0
0.703044 0.869513 0.746372 12 0.0
0.778199 0.787015 0.485571 5 1.0
0.490596 0.993307 0.709399 15 0.0
0.445413 0.606176 0.152939 8 1.0
0.444743 0.888704 0.840629 12 0.0
0.463585 0.890356 0.844559 12 0.0
0.441321 0.929983 0.839686 12 0.0
0.4259 0.887052 0.836699 12 0.0
0.448165 0.847424 0.841572 12 0.0
0.226225 0.003355 0.242103 1 0.999718
0.770992 0.789323 0.564036 10 1.0
0.623765 0.008675 0.369706 8 0.369386
0.771464 0.789998 0.457998 13 1.0
0.772832 0.147063 0.369937 8 0.999997
0.596502 0.597015 0.156302 9 7.1e-05
0.759363 0.990276 0.423228 14 0.0
0.480432 0.270992 0.372203 8 4.4e-05
0.766946 0.343412 0.375903 8 0.999998
0.355118 0.333041 0.345446 8 0.999841
0.225775 0.600548 0.374915 8 1.0
0.456186 0.608083 0.153748 8 0.999903
0.298178 -0.001747 0.154759 1 1.0
0.728164 -0.005706 0.148232 7 1.0
0.780008 -0.00095 0.289978 5 1.0
0.778324 0.488308 0.153742 16 1.0
0.776043 0.531204 0.154155 7 1.0
0.782642 -0.005913 0.272934 1 1.0
0.782515 -0.004883 0.274486 16 1.0
0.220013 0.229256 0.155762 2 1.0
0.221439 0.858528 0.150727 7 1.0
0.209897 0.992914 0.145352 7 1.0
0.212705 0.99014 0.149056 7 1.0
0.203157 0.983206 0.143192 7 1.0
0.20709 0.995687 0.141648 7 1.0
0.216637 1.002622 0.147512 7 1.0
0.778059 1.00212 0.245761 5 1.0
0.640674 1.001648 0.15505 7 1.0
0.225705 0.872078 0.158505 7 1.0
0.220274 0.121999 0.159856 2 1.0
0.220007 0.080613 0.15507 3 1.0
0.216432 0.116764 0.15672 2 1.0
0.419938 0.997396 0.157091 14 0.998169
0.271412 0.490217 0.149533 4 0.998616
0.225768 0.596472 0.197248 2 0.0
0.226328 0.494297 0.176007 2 0.0
0.512292 0.003394 0.155843 1 1.0
0.239263 0.493771 0.152835 7 0.0
0.274395 0.558359 0.15359 7 0.0
0.225176 0.367831 0.372988 8 1.0
0.479126 0.003292 0.156408 7 1.0
0.395569 3e-06 0.156878 1 1.0
0.501712 0.004557 0.154255 1 1.0
0.226099 0.727443 0.156806 2 1.0
0.223714 0.77843 0.15374 2 1.0
0.227021 0.414113 0.153379 7 1.0
0.226264 0.760254 0.156444 7 1.0
0.224399 0.387683 0.15801 2 1.0
0.458681 0.999732 0.159061 14 1.0
0.22444 0.680827 0.156028 2 1.0
0.222752 0.697561 0.160022 2 1.0
0.773419 0.432517 0.15946 16 1.0
0.228509 0.738441 0.154013 7 1.0
0.218742 0.294033 0.159191 2 1.0
0.221758 0.695476 0.155505 2 1.0
0.409015 1.000113 0.159032 14 0.996946
0.768773 0.351475 0.17182 5 0.017559
0.224897 0.39239 0.179046 3 0.0
0.693861 -0.001437 0.157645 1 1.0
0.777427 0.248675 0.156819 16 1.0
0.223104 0.997872 0.438653 14 1.0
0.77725 0.72734 0.153492 16 1.0
0.528177 0.014542 0.369561 8 1.0
0.257627 0.568648 0.155077 7 0.0
0.245055 0.548979 0.161402 7 0.0
0.21325 0.559269 0.147755 7 1.0
0.652868 1.002175 0.155609 14 1.0
0.465036 0.996551 0.156215 7 1.0
0.506094 0.005526 0.156003 1 1.0
0.776739 0.405545 0.161072 16 0.999517
0.227304 0.597637 0.169785 3 0.001633
0.219909 0.249767 0.145666 7 1.0
0.226057 0.527148 0.153532 7 1.0
0.622098 0.002129 0.155191 1 1.0
0.222624 0.429533 0.157626 3 1.0
0.230431 0.704936 0.157958 7 0.998804
0.220604 0.509272 0.159345 2 1.0
0.22183 0.909743 0.151335 7 1.0
0.224795 0.738787 0.156668 7 1.0
0.369015 0.999384 0.149714 7 1.0
0.22621 0.743581 0.156785 7 1.0
0.226373 0.598964 0.159485 3 1.0
0.234536 0.525418 0.161236 2 1.0
0.225032 0.67563 0.159072 2 1.0
0.224105 0.676895 0.152485 7 1.0
0.217326 0.122531 0.160555 3 1.0
0.760158 0.883758 0.637835 16 0.0
0.761572 0.906302 0.633566 16 0.0
0.75549 0.887757 0.65741 16 0.0
0.758745 0.861214 0.642104 16 0.0
0.764826 0.879758 0.61826 16 0.0
0.712748 0.891285 0.736833 12 0.0
0.713931 0.912259 0.735632 12 0.0
0.703603 0.892397 0.747231 12 0.0
0.711564 0.870312 0.738035 12 0.0
0.721893 0.890174 0.726436 12 0.0
0.27077 0.983114 0.712523 11 1.0
0.712515 0.998431 0.74088 14 1.0
0.372518 0.896794 0.809535 12 0.0
0.234879 0.032859 0.370241 8 0.999973
0.400896 0.010154 0.369696 8 0.999931
0.419927 0.996714 0.440079 15 0.202243
0.629898 0.561878 0.156913 8 0.999994
0.54858 0.609848 0.157049 8 0.999993
0.436581 0.785136 0.701439 15 0.044458
0.590204 0.593515 0.154448 8 0.999976
0.225621 0.900001 0.155995 7 1.0
0.665116 0.381321 0.37176 8 0.812036
0.662434 0.382357 0.372451 8 0.812036
0.668087 0.388852 0.372001 8 0.812036
0.667797 0.380286 0.371069 8 0.812036
0.662145 0.373791 0.371518 8 0.812036
0.585252 0.291665 0.369904 8 0.017719
0.767805 0.715878 0.369643 8 0.999999
0.771588 0.752136 0.366824 16 1.0
0.225765 0.169198 0.363137 2 1.0
0.766702 0.453996 0.359426 5 0.999992
0.662471 0.373142 0.374295 8 0.543203
0.351139 0.338591 0.351907 8 0.998978
0.548517 0.002534 0.363813 1 0.999995
0.65275 -0.000979 0.153782 1 0.017565
0.249902 -0.007311 0.14744 7 1.0
0.256273 -0.007251 0.147259 7 1.0
0.249943 -0.00377 0.150045 7 1.0
0.243532 -0.007371 0.147621 7 1.0
0.249862 -0.010852 0.144836 7 1.0
0.77607 0.759826 0.153345 16 1.0
0.359251 -0.005356 0.151436 1 1.0
0.779385 0.610813 0.153512 16 1.0
0.213138 0.008158 0.147761 3 1.0
0.210234 0.01458 0.144558 3 1.0
0.216274 0.010605 0.149825 3 1.0
0.216042 0.001735 0.150963 3 1.0
0.210002 0.005711 0.145697 3 1.0
0.216678 0.11565 0.153283 1 1.0
0.776831 1.001922 0.316915 14 1.0
0.226946 0.263592 0.155409 2 1.0
0.219396 0.111455 0.157276 3 1.0
0.223398 0.253944 0.151445 2 1.0
0.2195 0.125254 0.16228 2 1.0
0.768037 0.990665 0.421901 14 1.0
0.221165 0.264896 0.153093 2 1.0
0.216805 0.120683 0.159642 2 1.0
0.22426 0.248313 0.176962 2 0.000625
0.225793 0.636188 0.203881 2 0.0
0.223123 0.349131 0.373248 8 1.0
0.773325 0.259181 0.168259 5 0.177326
0.537702 0.001519 0.163586 1 0.999637
0.224293 0.280044 0.160319 2 0.315201
0.424763 0.002766 0.157204 1 0.999923
0.220957 0.77111 0.154482 3 1.0
0.771218 0.693594 0.160114 5 0.999997
0.770043 0.513343 0.158006 7 1.0
0.220556 0.676031 0.157224 3 1.0
0.229393 0.996335 0.39455 14 0.99962
0.653674 -0.002066 0.151159 1 1.0
0.223806 0.824556 0.159419 7 1.0
0.229019 0.522707 0.157086 3 1.0
0.225839 0.73436 0.151822 7 1.0
0.216217 0.029198 0.150904 1 1.0
0.230205 0.171126 0.147761 7 1.0
0.226597 0.522112 0.153285 7 1.0
0.768503 0.431311 0.161566 6 0.999995
0.223721 0.256424 0.177926 2 9.2e-05
0.224589 0.595377 0.168171 2 6e-06
0.77129 0.251387 0.169349 6 0.999981
0.223759 0.184474 0.166066 2 0.114612
0.575553 0.004103 0.155095 7 1.0
0.575833 0.005429 0.154525 7 1.0
0.473334 0.997559 0.155915 7 1.0
0.770391 0.624906 0.155119 16 1.0
0.227541 0.48017 0.158684 2 1.0
0.22804 0.45308 0.156291 7 1.0
0.223912 0.998724 0.375538 14 1.0
0.404755 0.006148 0.156199 7 1.0
0.775817 0.981288 0.399982 16 1.0
0.774424 0.404146 0.158988 6 1.0
0.223278 0.735906 0.153099 7 1.0
0.480691 0.002581 0.15643 1 1.0
0.224816 0.64146 0.16477 3 1.0
0.22219 0.649389 0.160107 2 1.0
0.69708 -0.004058 0.153167 1 1.0
0.569309 -7.4e-05 0.15214 1 1.0
0.213823 0.603269 0.144506 7 1.0
0.223434 0.155843 0.156694 2 1.0
0.226224 0.705406 0.156498 7 1.0
0.233504 0.44088 0.155532 7 1.0
0.731069 0.995656 0.708733 14 0.999982
0.772577 0.068398 0.368286 8 0.999797
0.638116 0.870177 0.808344 12 0.0
0.71517 0.872838 0.735005 16 0.0
0.712633 0.903651 0.735653 16 0.0
0.704839 0.871705 0.748387 16 0.0
0.717708 0.842024 0.734357 16 0.0
0.725501 0.87397 0.721624 16 0.0
0.633373 0.999343 0.807458 12 1.0
0.648558 0.996125 0.796301 12 1.0
0.638845 1.006806 0.812753 12 1.0
0.618189 1.002561 0.818615 12 1.0
0.627901 0.991881 0.802164 12 1.0
0.698617 0.860242 0.752233 16 0.0
0.699561 0.881107 0.752903 16 0.0
0.687295 0.86036 0.764502 16 0.0
0.697672 0.839376 0.751562 16 0.0
0.709939 0.860124 0.739963 16 0.0
0.767116 0.996629 0.360493 14 0.0
0.768442 0.995478 0.597394 13 0.999999
0.379669 0.995754 0.645106 15 0.002324
0.684389 0.786241 0.772067 12 0.99997
0.743042 0.787316 0.682989 16 0.999999
0.433413 0.78346 0.701311 15 0.999998
0.395441 0.784475 0.672372 15 0.999999
0.253045 0.780513 0.689111 12 0.999966
0.225381 0.875388 0.159208 3 1.0
0.323835 0.007888 0.155864 7 0.00368
0.223441 0.694398 0.362853 3 0.999987
0.663249 0.381814 0.37019 4 0.477667
0.764764 0.998787 0.633865 14 1.0
0.225041 0.769734 0.360999 3 0.291866
0.37875 1.000558 0.154503 14 1.0
0.599827 0.585918 0.153109 8 0.999877
0.774885 0.520282 0.373755 5 1.0
0.771834 0.459155 0.364386 8 0.999907
0.364533 0.331137 0.375086 8 1e-06
0.77503 0.993923 0.426674 16 1.0
0.311051 0.003776 0.157736 1 1.0
0.535247 0.001572 0.366672 1 0.999997
0.774151 0.877492 0.151423 7 1.0
0.469047 0.61153 0.157089 8 1.0
0.776526 0.725637 0.155255 16 1.0
0.780172 -0.007485 0.344913 1 1.0
0.775111 0.97719 0.408658 16 1.0
0.227063 0.990845 0.463194 11 1.0
0.347137 -0.005733 0.154586 1 1.0
0.779869 0.142217 0.149793 6 1.0
0.774392 0.996594 0.457197 14 1.0
0.775824 0.523584 0.152787 5 1.0
0.221865 0.327125 0.159984 3 1.0
0.21905 0.164128 0.16469 3 1.0
0.216107 0.117118 0.155538 3 1.0
0.218957 0.078905 0.154074 2 1.0
0.221554 0.912169 0.152087 3 1.0
0.218789 0.165124 0.162686 3 1.0
0.21915 0.103448 0.15391 3 1.0
0.387484 -0.002111 0.153233 1 1.0
0.225856 0.709109 0.153767 7 1.0
0.221779 0.188728 0.157994 3 1.0
0.273053 0.29884 0.160203 8 0.0
0.226183 0.393418 0.162988 2 1.0
0.262075 0.579936 0.154788 7 0.0
0.238194 0.668788 0.159198 2 0.991828
0.654303 0.999768 0.158363 14 0.999208
0.776521 0.343819 0.170686 16 1.0
0.22445 0.833679 0.15539 7 1.0
0.224025 0.513175 0.160611 2 1.0
0.775312 0.358373 0.167332 16 1.0
0.22702 0.464035 0.157269 7 1.0
0.221601 0.561921 0.164192 3 1.0
0.597781 1.002916 0.153299 7 1.0
0.227482 0.489562 0.159688 3 1.0
0.225398 0.517609 0.163213 3 1.0
0.226983 0.230591 0.368752 3 0.997403
0.232687 0.364615 0.153678 7 1.0
0.233633 0.43748 0.156561 7 1.0
0.499301 0.003908 0.154999 7 1.0
0.502766 0.002509 0.156484 7 1.0
0.503363 0.002169 0.157193 1 1.0
0.22718 0.440817 0.161494 3 1.0
0.774474 0.446103 0.161218 7 0.994301
0.227138 0.440905 0.157976 2 1.0
0.362188 0.000646 0.144201 7 1.0
0.770524 0.319741 0.164232 7 1.0
0.225356 0.5212 0.154764 3 1.0
0.480329 0.995556 0.156038 14 0.999671
0.768278 0.994732 0.494862 6 0.895056
0.504027 0.002096 0.159948 1 1.0
0.575096 0.011317 0.156315 7 0.998539
0.774223 0.714883 0.155819 7 1.0
0.770373 0.179624 0.369067 8 0.999998
0.773993 0.187954 0.157865 16 1.0
0.488086 0.000616 0.158731 1 1.0
0.227638 0.819276 0.155555 7 0.995247
0.772414 0.783111 0.158486 6 1.0
0.776887 0.695733 0.156964 16 1.0
0.230019 0.427155 0.155021 7 0.690025
0.224992 0.385263 0.161124 3 1.0
0.549594 0.009446 0.370827 1 1.0
0.223243 0.564666 0.157041 2 1.0
0.230487 0.698976 0.157664 7 1.0
0.773117 0.790465 0.15478 7 1.0
0.77597 0.411234 0.154893 16 1.0
0.516583 0.003624 0.158704 1 1.0
0.225467 0.606158 0.15607 2 1.0
0.773084 0.318681 0.170507 16 0.950495
0.226038 0.797875 0.156655 7 1.0
0.228768 0.647435 0.15697 7 1.0
0.225654 0.718798 0.157069 7 1.0
0.226023 0.468002 0.152138 7 1.0
0.230032 0.239992 0.154985 7 1.0
0.228364 0.4448 0.158582 2 1.0
0.225473 0.473838 0.156033 3 1.0
0.538406 0.996153 0.156234 7 1.0
0.225501 0.261206 0.158774 2 1.0
0.715446 0.89062 0.738106 12 0.0
0.713824 0.90803 0.736356 12 0.0
0.708725 0.89072 0.745325 12 0.0
0.717067 0.87321 0.739856 12 0.0
0.722166 0.890521 0.730887 12 0.0
0.751706 1.001052 0.678917 14 1.0
0.711632 1.000309 0.739786 14 1.0
0.341326 0.998331 0.795858 12 1.0
0.539636 0.990206 0.837077 12 0.999803
0.69558 0.880924 0.747573 16 0.0
0.69286 0.905152 0.750119 16 0.0
0.684485 0.878457 0.759191 16 0.0
0.698301 0.856697 0.745027 16 0.0
0.706676 0.883391 0.735955 16 0.0
0.6238 0.996612 0.810839 12 1.0
0.23174 0.034348 0.369481 8 0.99999
0.257367 0.780885 0.698149 12 0.999961
0.58215 1.001729 0.82587 14 1.0
0.224553 0.716588 0.365735 8 0.999373
0.633637 0.333139 0.371608 8 0.008282
0.769658 0.691259 0.361398 5 0.999998
0.588977 0.596434 0.156565 8 0.999959
0.584271 0.289749 0.371363 8 0.000538
0.310197 0.008699 0.369373 8 1.0
0.408567 0.295512 0.368383 8 0.928748
0.762227 0.400224 0.36634 8 0.999973
0.326483 0.437577 0.372609 8 1e-06
0.617934 0.319736 0.375503 8 0.91548
0.662298 0.374528 0.374671 8 0.001526
0.773945 1.001033 0.257697 14 1.0
0.766376 0.994969 0.397999 14 0.999999
0.777287 0.999418 0.309151 16 1.0
0.777269 0.135378 0.15173 5 1.0
0.756058 1.002756 0.304592 14 1.0
0.771332 0.994145 0.348546 14 0.999995
0.22944 0.613485 0.154563 7 1.0
0.761883 1.00422 0.376045 14 1.0
0.218685 0.118614 0.158025 2 1.0
0.78641 0.000115 0.373977 8 1.0
0.22753 0.174529 0.152069 7 1.0
0.221833 0.196516 0.155821 2 1.0
0.395042 1.003296 0.153242 14 1.0
0.221113 0.702193 0.155039 7 1.0
0.224705 0.204023 0.154424 7 1.0
0.347027 -0.004939 0.143791 1 1.0
0.212676 0.116289 0.156994 1 1.0
0.216743 0.203889 0.167939 2 1.0
0.759892 0.987161 0.428129 14 0.0
0.758597 0.992522 0.377028 14 0.015821
0.778005 0.242985 0.159442 16 0.99186
0.444011 0.009308 0.160743 1 1.0
0.397243 0.995525 0.157293 7 1.0
0.482962 0.996393 0.158332 7 1.0
0.49968 0.001978 0.158596 1 1.0
0.232822 0.837767 0.158422 7 1.0
0.230048 0.721266 0.1601 7 1.0
0.232469 0.446509 0.155379 7 1.0
0.774066 0.996999 0.454072 14 1.0
0.225604 0.420725 0.15554 7 1.0
0.226804 0.480109 0.157048 2 1.0
0.225243 0.688705 0.155954 2 1.0
0.774254 0.510506 0.154649 7 1.0
0.45205 0.003553 0.156676 1 1.0
0.223748 0.736203 0.154856 7 1.0
0.215946 0.262133 0.160019 3 1.0
0.771733 0.467923 0.156715 7 1.0
0.225605 0.750058 0.156744 7 1.0
0.262838 0.626758 0.156626 7 0.0
0.500278 0.003359 0.162829 1 1.0
0.227103 0.664103 0.158301 7 1.0
0.762526 0.996057 0.362184 14 0.0
0.770098 0.6191 0.1659 16 0.92283
0.773783 0.262317 0.164888 16 0.191334
0.774964 0.98723 0.312415 16 0.395632
0.216913 0.243429 0.158809 2 1.0
0.226659 0.455499 0.160639 2 1.0
0.227243 0.411879 0.160836 2 1.0
0.773726 0.338993 0.165269 16 0.944761
0.225252 0.822796 0.157649 7 1.0
0.773038 0.746966 0.155936 7 1.0
0.772963 0.753938 0.156021 7 1.0
0.221884 0.245336 0.155256 7 1.0
0.473342 6.6e-05 0.369642 1 1.0
0.5242 0.002923 0.157518 1 1.0
0.606933 -0.001094 0.166893 1 1.0
0.227547 0.395171 0.154903 7 1.0
0.225344 0.452208 0.156037 3 1.0
0.231339 0.642068 0.15854 7 1.0
0.227214 0.818051 0.164118 2 1.0
0.774219 0.645856 0.154342 7 1.0
0.212311 0.725529 0.145854 7 1.0
0.770348 0.699449 0.160855 16 1.0
0.23398 0.530216 0.163112 3 1.0
0.225079 0.693691 0.156451 7 1.0
0.225863 0.657866 0.157085 2 1.0
0.221243 0.237269 0.158615 3 1.0
0.440478 -0.00458 0.143496 1 1.0
0.449335 -0.001339 0.153942 1 1.0
0.225613 0.514856 0.156648 2 1.0
0.225542 0.468752 0.155282 2 1.0
0.224527 0.680131 0.155786 2 1.0
0.219085 0.153706 0.160424 3 1.0
0.22705 0.594956 0.153911 7 1.0
0.237566 0.54025 0.15398 7 0.999709
0.220933 0.241735 0.15343 2 1.0
0.730018 0.993561 0.717361 16 0.999998
0.263457 0.883475 0.695625 12 0.0
0.263187 0.912498 0.694777 12 0.0
0.27325 0.884067 0.712746 12 0.0
0.263726 0.854453 0.696473 12 0.0
0.253664 0.882884 0.678503 12 0.0
0.775883 0.971831 0.388087 6 0.000118
0.755658 0.904962 0.648459 12 0.0
0.759636 0.935173 0.642173 12 0.0
0.752213 0.908135 0.661529 12 0.0
0.751681 0.874751 0.654745 12 0.0
0.759103 0.901789 0.635389 12 0.0
0.714477 0.891184 0.735242 12 0.0
0.714323 0.910904 0.734871 12 0.0
0.706069 0.891295 0.744632 12 0.0
0.714632 0.871464 0.735613 12 0.0
0.722885 0.891073 0.725851 12 0.0
0.753514 1.001056 0.679031 14 1.0
0.775956 0.14259 0.370281 5 1.0
0.381116 0.015288 0.370438 1 0.999974
0.699743 0.866508 0.75098 12 0.0
0.697936 0.892736 0.750937 12 0.0
0.687835 0.865708 0.763549 12 0.0
0.70155 0.840279 0.751022 12 0.0
0.711652 0.867308 0.73841 12 0.0
0.6193 1.001004 0.809741 14 1.0
0.774721 0.996361 0.418353 6 1.0
0.28323 0.002489 0.374775 1 1.0
0.329767 0.458134 0.157253 8 0.999929
0.596758 0.014239 0.367751 8 0.999197
0.772105 0.147324 0.36944 8 0.998116
0.663797 0.382575 0.372394 8 0.999677
0.660428 0.383341 0.373123 8 0.999677
0.665108 0.387813 0.372943 8 0.999677
0.667165 0.381808 0.371666 8 0.999677
0.662486 0.377337 0.371845 8 0.999677
0.697362 0.006235 0.371874 8 1.0
0.772896 0.992524 0.493121 12 0.970949
0.583913 0.293796 0.373751 8 0.001543
0.405474 0.290172 0.374348 8 0.022873
0.323025 0.996129 0.781144 12 1.0
0.772124 0.463544 0.365437 8 0.999985
0.378887 0.318286 0.371155 8 0.765465
0.346099 0.333004 0.367924 8 0.029369
0.771153 0.367747 0.367283 8 1.0
0.764877 0.265176 0.370929 8 0.999994
0.774958 0.002254 0.267646 6 1.0
0.774423 0.363431 0.369236 16 1.0
0.775523 0.989284 0.429464 16 1.0
0.777516 1.008621 0.526276 14 1.0
0.220128 0.922988 0.150206 7 1.0
0.22088 0.116635 0.155859 3 1.0
0.216837 0.988922 0.144333 2 1.0
0.219818 0.987269 0.147668 2 1.0
0.212405 0.980021 0.143881 2 1.0
0.213856 0.990576 0.140998 2 1.0
0.221269 0.997824 0.144785 2 1.0
0.218072 0.119579 0.159045 3 1.0
0.778 0.999744 0.451798 16 1.0
0.22141 0.907028 0.151921 7 1.0
0.220685 0.373885 0.160238 2 1.0
0.222148 0.222244 0.165822 3 1.0
0.614565 0.307345 0.366731 8 0.925051
0.214313 0.118578 0.158276 2 1.0
0.212982 0.431793 0.148296 3 1.0
0.221236 0.20778 0.168266 2 1.0
0.224989 0.782207 0.156611 7 1.0
0.221599 0.802301 0.155953 3 1.0
0.434229 0.002172 0.156975 1 0.999999
0.226908 0.135277 0.36943 8 1.0
0.512451 0.015604 0.368521 8 1.0
0.77498 0.277604 0.157838 6 1.0
0.776312 0.104647 0.371621 16 1.0
0.767878 0.661624 0.367492 8 1.0
0.50253 0.004013 0.155581 1 1.0
0.223531 0.408299 0.163129 2 0.417333
0.77354 0.620978 0.155608 7 1.0
0.226536 0.440963 0.156727 3 1.0
0.498023 0.997869 0.159864 7 1.0
0.22911 0.38318 0.155712 3 1.0
0.225862 0.260157 0.16111 3 1.0
0.243339 0.659038 0.156329 7 0.002539
0.22618 0.531865 0.16632 2 1.0
0.775513 0.37437 0.155159 5 1.0
0.394138 -0.000272 0.152196 7 1.0
0.492505 1.000763 0.156106 14 1.0
0.224747 0.810452 0.157603 2 1.0
0.226211 0.333611 0.165537 3 1.0
0.775729 0.490337 0.154773 5 1.0
0.22749 0.654606 0.154597 7 1.0
0.219271 0.775717 0.155163 3 1.0
0.222658 0.442264 0.153016 7 1.0
0.226334 0.598571 0.159186 3 1.0
0.487652 0.001953 0.155185 7 1.0
0.763367 1.002367 0.264355 14 1.0
0.23976 0.206874 0.151535 7 0.000418
0.775544 0.996424 0.393111 16 1.0
0.502546 0.00305 0.155498 1 1.0
0.774873 0.356147 0.373018 8 1.0
0.774931 0.39323 0.16775 16 1.0
0.502214 0.002926 0.156387 1 1.0
0.228327 0.305416 0.164346 2 1.0
0.223278 0.282087 0.16341 2 0.217202
0.225715 0.471956 0.155776 2 1.0
0.777132 0.35182 0.151838 7 1.0
0.502383 0.002742 0.157197 1 1.0
0.22561 0.821237 0.158058 7 1.0
0.254658 0.657508 0.153393 7 0.000235
0.775712 0.99397 0.37731 16 1.0
0.217223 0.377691 0.162299 3 1.0
0.223585 0.677783 0.157095 7 1.0
0.775027 0.483234 0.160204 16 1.0
0.420472 0.010305 0.156728 7 0.925
0.223914 0.284021 0.158453 2 1.0
0.224286 0.860787 0.159525 2 1.0
0.386731 1.002342 0.153057 14 1.0
0.774336 0.393266 0.154857 16 1.0
0.76864 0.753207 0.154611 7 1.0
0.221675 0.168024 0.157852 3 1.0
0.21714 0.200584 0.155544 2 1.0
0.213828 0.117856 0.158082 2 1.0
0.224762 0.292169 0.156728 2 1.0
0.225204 0.206911 0.151237 7 1.0
0.263411 0.884923 0.692254 3 0.0
0.262292 0.900597 0.690094 3 0.0
0.272774 0.887897 0.708989 3 0.0
0.264531 0.869249 0.694413 3 0.0
0.254049 0.881949 0.675518 3 0.0
0.776539 0.968097 0.379826 6 3.1e-05
0.633178 0.899046 0.80598 12 0.0
0.632654 0.922409 0.8062 12 0.0
0.619318 0.898665 0.813515 12 0.0
0.633701 0.875683 0.805761 12 0.0
0.647038 0.899427 0.798445 12 0.0
0.762288 0.899535 0.639936 12 0.0
0.763735 0.931241 0.636439 12 0.0
0.757628 0.901811 0.65865 12 0.0
0.76084 0.867829 0.643432 12 0.0
0.766948 0.897258 0.621222 12 0.0
0.27512 0.983022 0.717014 11 1.0
0.654346 0.996084 0.793742 12 1.0
0.340508 0.999557 0.795165 12 1.0
0.702378 0.871918 0.751591 12 0.0
0.70353 0.899879 0.752414 12 0.0
0.690475 0.872007 0.765267 12 0.0
0.701226 0.843958 0.750769 12 0.0
0.714281 0.87183 0.737915 12 0.0
0.227778 0.993843 0.30949 2 0.97223
0.718486 0.917378 0.726104 12 0.0
0.72102 0.943626 0.724406 12 0.0
0.710474 0.918879 0.737352 12 0.0
0.715952 0.891131 0.727801 12 0.0
0.726497 0.915878 0.714856 12 0.0
0.369423 0.998172 0.157546 14 0.99999
0.770589 0.788215 0.514648 10 1.0
0.661972 0.365634 0.157217 7 0.999837
0.452445 0.883631 0.837414 12 0.0
0.469999 0.884713 0.840399 12 0.0
0.449997 0.921951 0.837918 12 0.0
0.434892 0.882549 0.834429 12 0.0
0.454894 0.845311 0.83691 12 0.0
0.748144 0.994496 0.395901 14 0.0
0.636584 0.338915 0.159925 8 0.999375
0.770491 0.789546 0.56067 10 1.0
0.755295 0.994823 0.50477 14 0.0
0.225623 0.882433 0.159216 2 1.0
0.772848 0.10527 0.367994 8 1.8e-05
0.361819 0.997474 0.602232 15 0.999938
0.749698 0.995095 0.356066 14 0.0
0.747649 0.995626 0.380453 14 0.0
0.227356 0.285096 0.367682 4 1.0
0.765583 0.990283 0.339046 14 0.999174
0.354489 0.337258 0.35174 8 0.999826
0.771926 0.996351 0.509969 14 1.0
0.776548 0.002912 0.256875 1 1.0
0.608934 0.579167 0.154477 9 0.999999
0.372594 -0.000888 0.152112 1 1.0
0.777663 0.533691 0.152307 7 1.0
0.769952 0.458245 0.365918 8 0.999998
0.208621 0.116656 0.159941 3 1.0
0.772476 0.281314 0.370021 8 1.0
0.219979 0.12162 0.160617 3 1.0
0.224389 0.465971 0.157519 2 1.0
0.778998 1.009484 0.313314 16 1.0
0.223257 0.113001 0.151729 7 1.0
0.210994 0.428252 0.149595 3 1.0
0.218826 0.154653 0.156387 2 1.0
0.211967 0.117207 0.156396 1 1.0
0.205155 0.115889 0.159137 2 1.0
0.777799 1.003681 0.475548 5 1.0
0.784476 1.00882 0.475676 5 1.0
0.778535 1.002221 0.495732 5 1.0
0.771121 0.998542 0.47542 5 1.0
0.777062 1.005141 0.455365 5 1.0
0.219883 0.113935 0.155403 2 1.0
0.77742 1.001729 0.346879 16 1.0
0.782559 1.005409 0.247142 14 1.0
0.220965 0.221901 0.165986 3 1.0
0.22224 0.228699 0.15297 2 1.0
0.223671 0.297225 0.158885 3 1.0
0.77343 1.007665 0.631137 16 1.0
0.219104 0.206736 0.15385 2 1.0
0.761884 0.995281 0.465852 14 0.0
0.774797 0.964954 0.35094 16 2.6e-05
0.228582 0.441504 0.155441 2 0.973423
0.226431 0.479436 0.158951 7 1.0
0.664193 0.999201 0.158247 7 1.0
0.774069 0.651936 0.15639 7 1.0
0.22677 0.791418 0.160703 2 1.0
0.225862 0.753683 0.155873 7 1.0
0.225525 0.399555 0.155274 7 1.0
0.225646 0.83162 0.157869 7 1.0
0.225674 0.738863 0.15616 7 1.0
0.774218 0.76926 0.156757 16 1.0
0.769646 0.380388 0.162606 16 1.0
0.224459 0.639341 0.156575 7 1.0
0.227893 0.510027 0.155742 7 1.0
0.232002 0.502021 0.157499 7 1.0
0.235999 0.486088 0.155349 8 0.004547
0.22543 0.598044 0.156263 7 1.0
0.236817 0.250584 0.153258 7 1.0
0.230848 0.678619 0.157307 7 1.0
0.224209 0.464574 0.15878 3 1.0
0.225767 0.529952 0.155547 7 1.0
0.224557 0.424531 0.154252 7 1.0
0.22375 0.722514 0.160119 3 1.0
0.501403 0.002034 0.155487 1 1.0
0.775221 0.306185 0.156034 6 1.0
0.224043 0.565295 0.155848 2 1.0
0.226315 0.658278 0.158751 2 1.0
0.515086 0.004819 0.154869 1 0.528922
0.775158 0.981991 0.365728 16 0.997013
0.217898 0.74192 0.158839 3 1.0
0.455747 0.005732 0.162724 1 1.0
0.218648 0.761896 0.158859 2 1.0
0.221428 0.858267 0.15355 2 1.0
0.49623 0.000831 0.157132 1 1.0
0.227532 0.54874 0.158911 3 1.0
0.232577 0.66443 0.157285 7 1.0
0.774658 0.334686 0.156868 16 1.0
0.5282 0.003009 0.155967 1 1.0
0.228984 0.349331 0.154605 7 1.0
0.776322 0.510214 0.159361 7 1.0
0.701663 -0.001695 0.151568 1 1.0
0.236414 0.242344 0.1552 7 1.0
0.224488 0.820121 0.159654 2 1.0
0.3787 1.000897 0.151836 7 1.0
0.4584 -0.001462 0.154382 1 1.0
0.225584 0.631501 0.155389 7 1.0
0.225998 0.605514 0.16206 3 1.0
0.225162 0.548101 0.154948 7 1.0
0.219047 0.62316 0.160307 3 1.0
0.384414 0.835644 0.814705 12 0.0
0.399547 0.833425 0.821463 12 0.0
0.381532 0.817726 0.815276 12 0.0
0.369282 0.837863 0.807947 12 0.0
0.387297 0.853562 0.814134 12 0.0
0.339137 0.996241 0.793686 12 1.0
0.381008 0.896807 0.809775 12 0.0
0.663542 0.398236 0.155156 8 0.999999
0.704126 0.997395 0.744109 14 0.999993
0.776362 0.996478 0.261812 6 1.0
0.659654 0.369741 0.158158 8 0.893014
0.630476 0.562003 0.156799 8 1.0
0.75744 0.990108 0.361438 14 0.0
0.77247 0.139624 0.36831 8 0.995636
0.768922 0.128332 0.366437 8 0.9855
0.334366 0.505258 0.370144 8 0.0
0.656969 0.779879 0.794086 10 0.999992
0.596272 0.58879 0.157309 8 0.996984
0.583606 0.294564 0.368315 9 0.882224
0.772694 0.78664 0.552901 10 0.999999
0.771227 0.737714 0.36652 8 1.0
0.224082 0.997253 0.519587 12 0.999998
0.222718 0.994158 0.500143 11 1.0
0.765412 0.458065 0.368902 8 0.999998
0.223154 0.999396 0.260993 3 1.0
0.773028 0.9973 0.302832 14 0.999994
0.774457 0.245271 0.373204 6 1.0
0.225614 0.566259 0.370582 8 1.0
0.455636 0.609944 0.157152 7 0.999998
0.383669 0.00644 0.154926 7 0.741497
0.663772 0.014188 0.371941 8 1.0
0.21289 0.922764 0.142502 2 1.0
0.781052 -0.014118 0.329922 1 1.0
0.767698 0.996593 0.318433 14 0.99999
0.779677 0.111286 0.150946 5 1.0
0.774308 0.996499 0.462818 16 1.0
0.777468 1.000716 0.347548 16 1.0
0.618875 -0.00033 0.15804 1 1.0
0.783424 -0.005872 0.352948 8 1.0
0.217351 0.991262 0.149958 2 1.0
0.21415 0.118071 0.158636 2 1.0
0.78023 -0.002048 0.285198 1 1.0
0.222552 0.126069 0.157717 3 1.0
0.223965 0.997773 0.346704 14 0.999999
0.210719 0.119089 0.15869 2 1.0
0.223577 0.7009 0.152225 7 1.0
0.222498 0.676677 0.158137 2 1.0
0.219091 0.030476 0.150876 1 1.0
0.216986 0.328288 0.164466 2 1.0
0.624565 1.010562 0.153593 7 1.0
0.225616 0.718291 0.15429 7 1.0
0.217959 0.117061 0.156484 2 1.0
0.214845 0.125313 0.16541 2 1.0
0.775769 1.00719 0.61773 16 1.0
0.216072 0.119313 0.16118 2 1.0
0.21128 0.429705 0.149064 3 1.0
0.779595 1.004424 0.345864 16 1.0
0.769983 0.588915 0.167877 8 0.999957
0.226117 0.868546 0.15617 7 1.0
0.488661 0.999664 0.155728 7 1.0
0.228107 0.204486 0.14643 7 1.0
0.763867 0.996629 0.371805 14 0.989473
0.437909 0.007762 0.154608 7 0.981074
0.224157 0.425945 0.174451 2 0.000809
0.769462 0.993931 0.551808 12 1.0
0.404576 0.997491 0.156301 7 0.999976
0.224933 0.656411 0.170674 2 1.0
0.760561 0.638885 0.155268 7 0.00069
0.228172 0.481469 0.156998 7 1.0
0.227089 0.550034 0.153923 7 1.0
0.277469 -0.004206 0.154966 1 1.0
0.225166 0.863014 0.158114 3 0.998655
0.219421 0.722509 0.158387 3 1.0
0.51182 0.005705 0.157106 1 1.0
0.233145 0.676789 0.158466 7 1.0
0.775564 0.424191 0.156236 16 1.0
0.226287 0.614818 0.157418 7 1.0
0.227345 0.411738 0.16627 9 1.0
0.773825 0.700386 0.153736 7 1.0
0.226249 0.666412 0.156996 2 1.0
0.225786 0.194957 0.157552 2 1.0
0.77419 0.701967 0.155982 7 1.0
0.52099 0.997714 0.157612 7 1.0
0.225842 0.828519 0.151658 7 1.0
0.365821 0.996198 0.157593 7 1.0
0.775105 0.309932 0.157363 16 1.0
0.228087 0.602895 0.160199 2 1.0
0.775637 0.677891 0.158364 16 1.0
0.772922 0.816542 0.155356 7 1.0
0.224373 0.451088 0.15587 2 1.0
0.224652 0.57758 0.156967 2 1.0
0.510942 0.007577 0.16844 1 1.0
0.218251 0.209603 0.162814 2 1.0
0.224905 0.620808 0.156545 7 1.0
0.220411 0.762261 0.158039 3 1.0
0.216921 0.218243 0.16023 2 1.0
0.224878 0.63498 0.156147 2 1.0
0.227261 0.30285 0.160473 2 1.0
0.752458 1.000828 0.458852 14 1.0
0.774986 0.385471 0.155697 16 1.0
0.224923 0.429983 0.165316 8 1.0
0.347357 0.011539 0.15516 7 0.924601
0.22803 0.989004 0.3461 2 1.0
0.516439 0.995755 0.156965 7 1.0
0.233859 0.640432 0.175766 2 0.00087
0.233621 0.744889 0.1668 2 0.999999
0.374839 0.999247 0.160177 14 1.0
0.505972 0.003603 0.156813 1 1.0
0.502661 0.002763 0.156437 1 1.0
0.773495 0.822533 0.159314 5 1.0
0.631457 0.997348 0.157676 14 1.0
0.774765 0.293034 0.163301 6 1.0
0.230917 0.629566 0.163411 3 1.0
0.496563 0.998563 0.156502 7 1.0
0.22697 0.713762 0.158134 7 1.0
0.219876 0.665817 0.155577 2 1.0
0.223204 0.49697 0.155954 7 1.0
0.77553 0.742393 0.161292 5 1.0
0.221417 0.58082 0.157316 2 1.0
0.404339 -0.002662 0.151139 1 1.0
0.771561 0.419242 0.168949 16 1.0
0.257696 0.597969 0.155026 7 0.0
0.226064 0.195112 0.163582 2 1.0
0.759649 0.885871 0.640798 13 0.0
0.761074 0.913481 0.637075 13 0.0
0.75519 0.888607 0.65938 13 0.0
0.758224 0.858262 0.644521 13 0.0
0.764108 0.883135 0.622216 13 0.0
0.714047 0.892035 0.735009 12 0.0
0.71604 0.92644 0.73226 12 0.0
0.705786 0.893358 0.745574 12 0.0
0.712054 0.85763 0.737759 12 0.0
0.722309 0.890713 0.724445 12 0.0
0.286116 0.9911 0.734471 12 0.999955
0.286314 0.993942 0.735487 12 0.999955
0.292709 0.989264 0.738319 12 0.999955
0.285917 0.988258 0.733454 12 0.999955
0.279523 0.992937 0.730623 12 0.999955
0.750294 0.997183 0.676764 16 1.0
0.736978 0.781902 0.707385 13 0.999998
0.224612 0.781437 0.463082 4 1.0
0.770003 0.788825 0.571742 10 1.0
0.765114 0.99494 0.62244 12 0.942292
0.572006 0.996177 0.829816 12 0.999885
0.766818 0.162811 0.367967 8 0.996305
0.777353 0.78074 0.552553 16 0.999999
0.224556 0.780105 0.504733 10 0.0039
0.685044 0.787129 0.769405 10 0.999987
0.762722 0.781247 0.643524 16 1.0
0.771083 0.789331 0.508289 5 1.0
0.593252 1.00074 0.826958 12 1.0
0.595903 1.006675 0.833674 12 1.0
0.576006 1.00256 0.832157 12 1.0
0.590601 0.994805 0.820243 12 1.0
0.610499 0.998919 0.821759 12 1.0
0.225075 0.002376 0.342441 1 1.0
0.774572 0.783788 0.465132 5 1.0
0.33315 0.501886 0.370731 8 0.0
0.225244 0.998777 0.24881 14 1.0
0.664744 0.381256 0.371662 8 0.973372
0.661964 0.382521 0.372529 8 0.973372
0.66736 0.386613 0.372235 8 0.973372
0.667523 0.379991 0.370796 8 0.973372
0.662127 0.375899 0.37109 8 0.973372
0.763089 0.999002 0.640755 14 1.0
0.590509 0.595478 0.158897 8 0.999937
0.584973 0.287729 0.374853 8 0.000176
0.321254 0.015237 0.366948 8 0.999994
0.223361 -0.001804 0.274008 1 1.0
0.773666 0.748024 0.36507 6 1.0
0.332248 0.402248 0.372781 9 0.0
0.225484 0.108325 0.37022 2 1.0
0.224937 0.182022 0.368486 3 1.0
0.601879 0.299335 0.374776 8 0.898594
0.776283 0.783762 0.15315 7 1.0
0.370526 0.324487 0.367624 8 0.391369
0.733974 1.001815 0.732718 12 1.0
0.222811 0.998571 0.266917 3 1.0
0.355957 0.333368 0.351602 8 0.999858
0.77744 1.000281 0.353045 16 1.0
0.772585 0.779921 0.573822 10 1.0
0.22379 0.995781 0.218738 2 1.0
0.774755 0.617106 0.368705 5 1.0
0.775051 0.778999 0.545187 10 1.0
0.775118 0.345442 0.368726 16 1.0
0.310916 -0.004184 0.158109 1 1.0
0.223855 0.624625 0.372892 4 1.0
0.331734 -0.002295 0.151864 1 1.0
0.221252 0.090239 0.368363 2 1.0
0.497167 -0.014337 0.152504 1 1.0
0.770001 0.995556 0.361958 14 0.999993
0.224343 0.901602 0.156742 3 1.0
0.771539 0.998231 0.336248 14 1.0
0.718075 -0.010283 0.147564 1 1.0
0.787248 -0.001563 0.230288 16 1.0
0.223914 0.9985 0.473581 2 1.0
0.216177 0.165984 0.158016 2 1.0
0.775513 0.285543 0.370057 5 1.0
0.214407 1.009937 0.149194 14 1.0
0.219674 1.004625 0.156737 14 1.0
0.208603 1.000082 0.146306 14 1.0
0.209139 1.01525 0.141652 14 1.0
0.220211 1.019793 0.152083 14 1.0
0.219641 0.905149 0.152445 2 1.0
0.225453 0.900013 0.158135 3 1.0
0.782912 1.009189 0.552682 16 1.0
0.217857 0.163388 0.158575 2 1.0
0.222292 0.270077 0.369183 3 1.0
0.215232 0.118096 0.157581 2 1.0
0.779316 1.006889 0.25114 16 1.0
0.219466 0.03253 0.151214 1 1.0
0.211533 0.430331 0.148718 3 1.0
0.677722 1.005691 0.147571 14 1.0
0.213051 0.116859 0.158194 2 1.0
0.503424 1.007784 0.146934 14 1.0
0.784683 1.01013 0.291394 14 1.0
0.775339 1.002352 0.618414 13 1.0
0.222748 0.228258 0.156896 3 1.0
0.217545 0.164627 0.164887 3 1.0
0.314323 0.00387 0.152366 7 1.0
0.223202 0.117715 0.156441 3 1.0
0.226873 0.133463 0.138966 7 1.0
0.784104 1.003699 0.610731 16 1.0
0.781233 1.001298 0.605525 16 1.0
0.782142 1.008227 0.607877 16 1.0
0.219213 0.02959 0.154507 1 1.0
0.226093 0.322377 0.154524 7 1.0
0.213269 0.117089 0.156196 2 1.0
0.222211 0.118 0.156454 3 1.0
0.525955 1.004417 0.151096 7 1.0
0.3783 0.000326 0.151289 7 1.0
0.222555 0.457709 0.208062 3 0.0
0.22563 0.312631 0.174254 2 0.0
0.727352 0.996428 0.379905 14 0.0
0.751979 0.505858 0.156745 7 4e-06
0.761268 0.339221 0.369761 6 1.0
0.476907 0.000964 0.156005 1 1.0
0.76592 0.682976 0.159627 7 1.0
0.566556 -0.013401 0.15329 1 1.0
0.628717 0.99592 0.154562 7 0.999996
0.506963 -0.00117 0.153463 1 1.0
0.222996 0.263978 0.174054 3 0.023789
0.225426 0.438962 0.15624 7 1.0
0.226163 0.574299 0.156708 7 1.0
0.780144 0.199248 0.368234 16 1.0
0.230233 0.38117 0.156486 7 1.0
0.773776 0.330664 0.157176 6 1.0
0.229031 0.705468 0.160168 2 1.0
0.22609 0.600511 0.167781 2 0.27916
0.231937 0.302132 0.161194 3 1.0
0.226108 0.588481 0.155276 3 1.0
0.229164 0.509261 0.159276 3 1.0
0.502457 -0.000963 0.152913 1 1.0
0.22152 0.736113 0.15289 7 1.0
0.776405 0.348472 0.154347 16 1.0
0.223062 0.640796 0.157058 2 1.0
0.775264 0.739378 0.156249 16 1.0
0.500427 0.002164 0.157007 1 1.0
0.224871 0.471753 0.153602 7 1.0
0.233437 0.467168 0.155275 7 0.022231
0.655938 -0.000718 0.152299 7 1.0
0.221712 0.077471 0.144607 7 1.0
0.518585 0.999166 0.157069 7 1.0
0.219782 0.204092 0.156948 2 1.0
0.224655 0.735687 0.155914 7 1.0
0.216405 0.196316 0.15419 3 1.0
0.226233 0.505297 0.157529 2 1.0
0.231994 0.671465 0.157584 2 1.0
0.222576 0.301654 0.155166 2 1.0
0.223725 0.68123 0.238924 2 0.0
0.73963 0.994078 0.492833 14 0.0
0.71211 1.002256 0.386016 14 0.0
0.691674 1.002385 0.386536 14 0.0
0.713557 1.002494 0.44284 14 0.0
0.732545 1.002127 0.385496 14 0.0
0.710662 1.002018 0.329193 14 0.0
0.224527 0.996207 0.512303 11 1.0
0.769179 0.247672 0.369721 5 0.999998
0.774259 0.340851 0.155905 6 1.0
0.352186 -0.013101 0.147666 1 1.0
0.223465 0.710517 0.153135 7 1.0
0.496197 0.996984 0.159297 7 1.0
0.467714 -0.000402 0.152384 1 1.0
0.779811 0.258387 0.36537 16 1.0
0.228103 0.674468 0.161713 2 1.0
0.227623 0.726045 0.157655 2 1.0
0.408965 0.99832 0.157282 7 1.0
0.226057 0.718017 0.157258 7 1.0
0.229342 0.594515 0.179687 2 0.000111
0.664191 -0.004945 0.147145 7 1.0
0.429275 0.993661 0.15771 7 0.999998
0.220338 0.605339 0.158437 3 1.0
0.497078 0.00137 0.156205 1 1.0
0.675395 -0.002502 0.147947 1 1.0
0.223504 0.65948 0.155852 7 1.0
0.225081 0.326231 0.155613 2 1.0
0.501908 0.003518 0.157644 1 1.0
0.220535 0.341922 0.157735 2 1.0
0.221349 0.799673 0.152227 2 1.0
0.222056 0.255833 0.152254 7 1.0
0.77475 0.405592 0.155607 6 1.0
0.227434 0.638866 0.160411 2 1.0
0.218809 0.161964 0.158724 2 1.0
