# Created by Open3D 
# object name: lines
# number of vertices: 5040
# number of triangles: 9600
v 0.493903 0.00466821 0.360827 0 0 1
v 0.0758676 0.252671 0.360364 0 0 1
v 0.495208 0.00686019 0.356527 0 0 1
v 0.496376 0.00883418 0.35959 0 0 1
v 0.496095 0.0083678 0.363378 0 0 1
v 0.49453 0.00573425 0.365672 0 0 1
v 0.492598 0.00247623 0.365127 0 0 1
v 0.49143 0.000502242 0.362064 0 0 1
v 0.491711 0.000968624 0.358276 0 0 1
v 0.493276 0.00360217 0.355982 0 0 1
v 0.390699 0.0688609 0.356411 0 0 1
v 0.391867 0.0708349 0.359474 0 0 1
v 0.391586 0.0703685 0.363262 0 0 1
v 0.390021 0.067735 0.365556 0 0 1
v 0.388089 0.064477 0.365011 0 0 1
v 0.386921 0.062503 0.361948 0 0 1
v 0.387202 0.0629694 0.35816 0 0 1
v 0.388767 0.0656029 0.355867 0 0 1
v 0.286191 0.130862 0.356295 0 0 1
v 0.287358 0.132836 0.359359 0 0 1
v 0.287077 0.132369 0.363146 0 0 1
v 0.285512 0.129736 0.36544 0 0 1
v 0.28358 0.126478 0.364895 0 0 1
v 0.282412 0.124504 0.361832 0 0 1
v 0.282693 0.12497 0.358044 0 0 1
v 0.284258 0.127604 0.355751 0 0 1
v 0.181682 0.192862 0.356179 0 0 1
v 0.182849 0.194836 0.359243 0 0 1
v 0.182568 0.19437 0.363031 0 0 1
v 0.181004 0.191736 0.365324 0 0 1
v 0.179071 0.188478 0.36478 0 0 1
v 0.177904 0.186504 0.361716 0 0 1
v 0.178184 0.186971 0.357928 0 0 1
v 0.179749 0.189604 0.355635 0 0 1
v 0.0771727 0.254863 0.356063 0 0 1
v 0.0783404 0.256837 0.359127 0 0 1
v 0.0780595 0.256371 0.362915 0 0 1
v 0.0764946 0.253737 0.365208 0 0 1
v 0.0745624 0.250479 0.364664 0 0 1
v 0.0733947 0.248505 0.3616 0 0 1
v 0.0736756 0.248972 0.357812 0 0 1
v 0.0752405 0.251605 0.355519 0 0 1
v 0.499281 0.00225714 0.578914 0 0 1
v 0.493903 0.00466821 0.360827 0 0 1
v 0.50428 0.00225782 0.578791 0 0 1
v 0.502816 0.00579294 0.578866 0 0 1
v 0.499282 0.00725684 0.578969 0 0 1
v 0.495747 0.00579198 0.57904 0 0 1
v 0.494283 0.00225646 0.579037 0 0 1
v 0.495746 -0.00127866 0.578962 0 0 1
v 0.49928 -0.00274255 0.578859 0 0 1
v 0.502815 -0.00127769 0.578788 0 0 1
v 0.502935 0.00286059 0.524269 0 0 1
v 0.501472 0.00639571 0.524344 0 0 1
v 0.497937 0.00785961 0.524448 0 0 1
v 0.494403 0.00639475 0.524519 0 0 1
v 0.492938 0.00285923 0.524516 0 0 1
v 0.494402 -0.000675889 0.52444 0 0 1
v 0.497936 -0.00213978 0.524337 0 0 1
v 0.501471 -0.000674926 0.524266 0 0 1
v 0.501591 0.00346336 0.469747 0 0 1
v 0.500127 0.00699848 0.469822 0 0 1
v 0.496593 0.00846237 0.469926 0 0 1
v 0.493058 0.00699751 0.469997 0 0 1
v 0.491594 0.003462 0.469994 0 0 1
v 0.493057 -7.31221e-05 0.469919 0 0 1
v 0.496591 -0.00153702 0.469815 0 0 1
v 0.500126 -7.21587e-05 0.469744 0 0 1
v 0.500246 0.00406613 0.415225 0 0 1
v 0.498783 0.00760124 0.415301 0 0 1
v 0.495248 0.00906514 0.415404 0 0 1
v 0.491714 0.00760028 0.415475 0 0 1
v 0.490249 0.00406476 0.415472 0 0 1
v 0.491713 0.000529645 0.415397 0 0 1
v 0.495247 -0.00093425 0.415293 0 0 1
v 0.498782 0.000530608 0.415223 0 0 1
v 0.498902 0.00466889 0.360704 0 0 1
v 0.497438 0.00820401 0.360779 0 0 1
v 0.493904 0.00966791 0.360882 0 0 1
v 0.490369 0.00820305 0.360953 0 0 1
v 0.488905 0.00466753 0.36095 0 0 1
v 0.490368 0.00113241 0.360875 0 0 1
v 0.493902 -0.000331483 0.360772 0 0 1
v 0.497437 0.00113338 0.360701 0 0 1
v 0.0758676 0.252671 0.360364 0 0 1
v 0.0743463 0.254361 0.580733 0 0 1
v 0.0763923 0.257643 0.360329 0 0 1
v 0.0797546 0.255816 0.360366 0 0 1
v 0.0808398 0.252147 0.360402 0 0 1
v 0.0790124 0.248784 0.360415 0 0 1
v 0.0753428 0.247699 0.360398 0 0 1
v 0.0719806 0.249526 0.360361 0 0 1
v 0.0708953 0.253196 0.360325 0 0 1
v 0.0727227 0.256558 0.360312 0 0 1
v 0.076012 0.258066 0.415421 0 0 1
v 0.0793743 0.256239 0.415459 0 0 1
v 0.0804595 0.252569 0.415494 0 0 1
v 0.0786321 0.249207 0.415508 0 0 1
v 0.0749625 0.248121 0.41549 0 0 1
v 0.0716003 0.249949 0.415453 0 0 1
v 0.070515 0.253618 0.415418 0 0 1
v 0.0723424 0.256981 0.415404 0 0 1
v 0.0756317 0.258489 0.470514 0 0 1
v 0.078994 0.256661 0.470551 0 0 1
v 0.0800792 0.252992 0.470587 0 0 1
v 0.0782518 0.249629 0.4706 0 0 1
v 0.0745822 0.248544 0.470583 0 0 1
v 0.07122 0.250371 0.470546 0 0 1
v 0.0701347 0.254041 0.47051 0 0 1
v 0.0719621 0.257403 0.470497 0 0 1
v 0.0752514 0.258911 0.525606 0 0 1
v 0.0786136 0.257084 0.525643 0 0 1
v 0.0796989 0.253414 0.525679 0 0 1
v 0.0778715 0.250052 0.525692 0 0 1
v 0.0742019 0.248967 0.525675 0 0 1
v 0.0708396 0.250794 0.525638 0 0 1
v 0.0697544 0.254463 0.525602 0 0 1
v 0.0715818 0.257826 0.525589 0 0 1
v 0.0748711 0.259334 0.580699 0 0 1
v 0.0782333 0.257506 0.580736 0 0 1
v 0.0793186 0.253837 0.580771 0 0 1
v 0.0774912 0.250475 0.580785 0 0 1
v 0.0738216 0.249389 0.580768 0 0 1
v 0.0704593 0.251216 0.58073 0 0 1
v 0.0693741 0.254886 0.580695 0 0 1
v 0.0712015 0.258248 0.580682 0 0 1
v 0.180632 0.191521 0.640777 0 0 1
v 0.35555 0.0877552 0.642614 0 0 1
v 0.1819 0.193735 0.645077 0 0 1
v 0.183094 0.195693 0.642014 0 0 1
v 0.182846 0.195208 0.638226 0 0 1
v 0.181301 0.192562 0.635933 0 0 1
v 0.179364 0.189307 0.636477 0 0 1
v 0.17817 0.187349 0.63954 0 0 1
v 0.178418 0.187834 0.643328 0 0 1
v 0.179963 0.190479 0.645621 0 0 1
v 0.225629 0.167793 0.645536 0 0 1
v 0.226823 0.169752 0.642473 0 0 1
v 0.226575 0.169266 0.638685 0 0 1
v 0.22503 0.166621 0.636392 0 0 1
v 0.223093 0.163366 0.636936 0 0 1
v 0.221899 0.161407 0.639999 0 0 1
v 0.222147 0.161893 0.643787 0 0 1
v 0.223693 0.164538 0.646081 0 0 1
v 0.269359 0.141852 0.645996 0 0 1
v 0.270553 0.14381 0.642932 0 0 1
v 0.270305 0.143325 0.639145 0 0 1
v 0.26876 0.14068 0.636851 0 0 1
v 0.266823 0.137424 0.637395 0 0 1
v 0.265629 0.135466 0.640459 0 0 1
v 0.265877 0.135951 0.644246 0 0 1
v 0.267422 0.138597 0.64654 0 0 1
v 0.313088 0.11591 0.646455 0 0 1
v 0.314282 0.117869 0.643392 0 0 1
v 0.314034 0.117383 0.639604 0 0 1
v 0.312489 0.114738 0.637311 0 0 1
v 0.310552 0.111483 0.637855 0 0 1
v 0.309358 0.109524 0.640918 0 0 1
v 0.309606 0.11001 0.644706 0 0 1
v 0.311152 0.112655 0.646999 0 0 1
v 0.356818 0.0899691 0.646914 0 0 1
v 0.358012 0.0919275 0.643851 0 0 1
v 0.357764 0.0914419 0.640063 0 0 1
v 0.356218 0.0887967 0.63777 0 0 1
v 0.354282 0.0855414 0.638314 0 0 1
v 0.353088 0.0835829 0.641377 0 0 1
v 0.353336 0.0840685 0.645165 0 0 1
v 0.354881 0.0867138 0.647459 0 0 1
v 0.493903 0.00466821 0.360827 0 0 1
v 0.929453 0.257653 0.358336 0 0 1
v 0.495183 0.00250738 0.36515 0 0 1
v 0.49328 0.00578832 0.36566 0 0 1
v 0.491742 0.00841311 0.363338 0 0 1
v 0.49147 0.00884419 0.359546 0 0 1
v 0.492623 0.00682904 0.356503 0 0 1
v 0.494526 0.0035481 0.355994 0 0 1
v 0.496064 0.000923311 0.358316 0 0 1
v 0.496336 0.000492229 0.362108 0 0 1
v 0.60407 0.0657537 0.364528 0 0 1
v 0.602168 0.0690346 0.365037 0 0 1
v 0.60063 0.0716594 0.362716 0 0 1
v 0.600358 0.0720905 0.358923 0 0 1
v 0.601511 0.0700753 0.355881 0 0 1
v 0.603413 0.0667944 0.355371 0 0 1
v 0.604951 0.0641696 0.357693 0 0 1
v 0.605223 0.0637385 0.361486 0 0 1
v 0.712958 0.129 0.363905 0 0 1
v 0.711055 0.132281 0.364414 0 0 1
v 0.709517 0.134906 0.362093 0 0 1
v 0.709245 0.135337 0.3583 0 0 1
v 0.710398 0.133322 0.355258 0 0 1
v 0.712301 0.130041 0.354749 0 0 1
v 0.713839 0.127416 0.35707 0 0 1
v 0.714111 0.126985 0.360863 0 0 1
v 0.821845 0.192246 0.363282 0 0 1
v 0.819942 0.195527 0.363792 0 0 1
v 0.818404 0.198152 0.36147 0 0 1
v 0.818132 0.198583 0.357677 0 0 1
v 0.819285 0.196568 0.354635 0 0 1
v 0.821188 0.193287 0.354126 0 0 1
v 0.822726 0.190662 0.356448 0 0 1
v 0.822998 0.190231 0.36024 0 0 1
v 0.930733 0.255492 0.36266 0 0 1
v 0.92883 0.258773 0.363169 0 0 1
v 0.927292 0.261398 0.360847 0 0 1
v 0.92702 0.261829 0.357055 0 0 1
v 0.928173 0.259814 0.354013 0 0 1
v 0.930076 0.256533 0.353503 0 0 1
v 0.931614 0.253908 0.355825 0 0 1
v 0.931886 0.253477 0.359618 0 0 1
v 0.0739321 0.746167 0.357499 0 0 1
v 0.0758676 0.252671 0.360364 0 0 1
v 0.078932 0.746187 0.357518 0 0 1
v 0.0774815 0.746161 0.353977 0 0 1
v 0.0739518 0.746138 0.352499 0 0 1
v 0.0704106 0.746133 0.353949 0 0 1
v 0.0689322 0.746148 0.357479 0 0 1
v 0.0703827 0.746174 0.36102 0 0 1
v 0.0739124 0.746196 0.362498 0 0 1
v 0.0774536 0.746202 0.361048 0 0 1
v 0.0794159 0.622813 0.358234 0 0 1
v 0.0779654 0.622787 0.354693 0 0 1
v 0.0744357 0.622764 0.353215 0 0 1
v 0.0708944 0.622759 0.354666 0 0 1
v 0.069416 0.622774 0.358195 0 0 1
v 0.0708665 0.6228 0.361736 0 0 1
v 0.0743962 0.622822 0.363215 0 0 1
v 0.0779375 0.622828 0.361764 0 0 1
v 0.0798998 0.499439 0.358951 0 0 1
v 0.0784493 0.499413 0.35541 0 0 1
v 0.0749196 0.49939 0.353931 0 0 1
v 0.0713783 0.499385 0.355382 0 0 1
v 0.0698999 0.4994 0.358911 0 0 1
v 0.0713504 0.499426 0.362453 0 0 1
v 0.0748801 0.499448 0.363931 0 0 1
v 0.0784214 0.499454 0.36248 0 0 1
v 0.0803836 0.376065 0.359667 0 0 1
v 0.0789331 0.376039 0.356126 0 0 1
v 0.0754034 0.376016 0.354647 0 0 1
v 0.0718622 0.376011 0.356098 0 0 1
v 0.0703838 0.376026 0.359628 0 0 1
v 0.0718343 0.376052 0.363169 0 0 1
v 0.075364 0.376074 0.364647 0 0 1
v 0.0789052 0.37608 0.363197 0 0 1
v 0.0808675 0.252691 0.360383 0 0 1
v 0.079417 0.252665 0.356842 0 0 1
v 0.0758873 0.252642 0.355364 0 0 1
v 0.072346 0.252637 0.356814 0 0 1
v 0.0708676 0.252651 0.360344 0 0 1
v 0.0723181 0.252678 0.363885 0 0 1
v 0.0758478 0.2527 0.365363 0 0 1
v 0.0793891 0.252706 0.363913 0 0 1
v 0.929871 0.750529 0.355469 0 0 1
v 0.505161 0.996271 0.355035 0 0 1
v 0.931128 0.752695 0.351141 0 0 1
v 0.932291 0.75471 0.35418 0 0 1
v 0.932037 0.754276 0.357973 0 0 1
v 0.930513 0.751648 0.3603 0 0 1
v 0.928614 0.748364 0.359797 0 0 1
v 0.927451 0.746348 0.356759 0 0 1
v 0.927706 0.746782 0.352965 0 0 1
v 0.929229 0.749411 0.350638 0 0 1
v 0.824951 0.81413 0.351033 0 0 1
v 0.826114 0.816145 0.354071 0 0 1
v 0.825859 0.815712 0.357865 0 0 1
v 0.824336 0.813083 0.360191 0 0 1
v 0.822436 0.809799 0.359688 0 0 1
v 0.821273 0.807784 0.35665 0 0 1
v 0.821528 0.808218 0.352856 0 0 1
v 0.823051 0.810846 0.35053 0 0 1
v 0.718773 0.875565 0.350924 0 0 1
v 0.719936 0.877581 0.353962 0 0 1
v 0.719681 0.877147 0.357756 0 0 1
v 0.718158 0.874518 0.360083 0 0 1
v 0.716258 0.871234 0.35958 0 0 1
v 0.715096 0.869219 0.356541 0 0 1
v 0.71535 0.869653 0.352748 0 0 1
v 0.716874 0.872282 0.350421 0 0 1
v 0.612596 0.937001 0.350815 0 0 1
v 0.613759 0.939016 0.353854 0 0 1
v 0.613504 0.938582 0.357647 0 0 1
v 0.61198 0.935954 0.359974 0 0 1
v 0.610081 0.93267 0.359471 0 0 1
v 0.608918 0.930655 0.356433 0 0 1
v 0.609173 0.931088 0.352639 0 0 1
v 0.610696 0.933717 0.350312 0 0 1
v 0.506418 0.998436 0.350707 0 0 1
v 0.507581 1.00045 0.353745 0 0 1
v 0.507326 1.00002 0.357539 0 0 1
v 0.505803 0.997389 0.359865 0 0 1
v 0.503903 0.994105 0.359362 0 0 1
v 0.50274 0.99209 0.356324 0 0 1
v 0.502995 0.992524 0.352531 0 0 1
v 0.504519 0.995152 0.350204 0 0 1
v 0.929453 0.257653 0.358336 0 0 1
v 0.929871 0.750529 0.355469 0 0 1
v 0.934453 0.257649 0.35834 0 0 1
v 0.932985 0.257671 0.361875 0 0 1
v 0.929448 0.257682 0.363336 0 0 1
v 0.925914 0.257677 0.361869 0 0 1
v 0.924453 0.257658 0.358332 0 0 1
v 0.92592 0.257636 0.354798 0 0 1
v 0.929457 0.257624 0.353336 0 0 1
v 0.932991 0.25763 0.354804 0 0 1
v 0.934557 0.380868 0.357624 0 0 1
v 0.93309 0.38089 0.361158 0 0 1
v 0.929553 0.380901 0.362619 0 0 1
v 0.926019 0.380896 0.361152 0 0 1
v 0.924557 0.380877 0.357615 0 0 1
v 0.926025 0.380855 0.354081 0 0 1
v 0.929562 0.380843 0.352619 0 0 1
v 0.933096 0.380849 0.354087 0 0 1
v 0.934662 0.504087 0.356907 0 0 1
v 0.933194 0.504109 0.360441 0 0 1
v 0.929658 0.50412 0.361903 0 0 1
v 0.926123 0.504115 0.360435 0 0 1
v 0.924662 0.504096 0.356898 0 0 1
v 0.926129 0.504074 0.353364 0 0 1
v 0.929666 0.504062 0.351903 0 0 1
v 0.9332 0.504068 0.35337 0 0 1
v 0.934766 0.627306 0.35619 0 0 1
v 0.933299 0.627328 0.359724 0 0 1
v 0.929762 0.627339 0.361186 0 0 1
v 0.926228 0.627334 0.359718 0 0 1
v 0.924766 0.627314 0.356182 0 0 1
v 0.926234 0.627293 0.352647 0 0 1
v 0.929771 0.627281 0.351186 0 0 1
v 0.933305 0.627287 0.352653 0 0 1
v 0.934871 0.750525 0.355473 0 0 1
v 0.933404 0.750547 0.359008 0 0 1
v 0.929867 0.750558 0.360469 0 0 1
v 0.926333 0.750553 0.359002 0 0 1
v 0.924871 0.750533 0.355465 0 0 1
v 0.926339 0.750512 0.351931 0 0 1
v 0.929875 0.7505 0.350469 0 0 1
v 0.93341 0.750506 0.351937 0 0 1
v 0.505161 0.996271 0.355035 0 0 1
v 0.0739321 0.746167 0.357499 0 0 1
v 0.506401 0.99409 0.350709 0 0 1
v 0.504496 0.99737 0.350202 0 0 1
v 0.50298 1.00001 0.352526 0 0 1
v 0.502742 1.00045 0.356319 0 0 1
v 0.503921 0.998451 0.35936 0 0 1
v 0.505826 0.995171 0.359867 0 0 1
v 0.507341 0.992535 0.357543 0 0 1
v 0.507579 0.992087 0.35375 0 0 1
v 0.398594 0.931564 0.351325 0 0 1
v 0.396688 0.934844 0.350818 0 0 1
v 0.395173 0.93748 0.353142 0 0 1
v 0.394935 0.937928 0.356935 0 0 1
v 0.396113 0.935926 0.359976 0 0 1
v 0.398019 0.932646 0.360483 0 0 1
v 0.399534 0.93001 0.358159 0 0 1
v 0.399772 0.929562 0.354366 0 0 1
v 0.290786 0.869038 0.351941 0 0 1
v 0.288881 0.872318 0.351434 0 0 1
v 0.287366 0.874954 0.353758 0 0 1
v 0.287128 0.875402 0.357551 0 0 1
v 0.288306 0.8734 0.360592 0 0 1
v 0.290212 0.87012 0.361099 0 0 1
v 0.291727 0.867484 0.358775 0 0 1
v 0.291965 0.867036 0.354982 0 0 1
v 0.182979 0.806512 0.352557 0 0 1
v 0.181074 0.809792 0.35205 0 0 1
v 0.179559 0.812428 0.354374 0 0 1
v 0.17932 0.812876 0.358167 0 0 1
v 0.180499 0.810874 0.361208 0 0 1
v 0.182404 0.807594 0.361715 0 0 1
v 0.18392 0.804958 0.359391 0 0 1
v 0.184158 0.80451 0.355598 0 0 1
v 0.0751721 0.743987 0.353173 0 0 1
v 0.073267 0.747267 0.352666 0 0 1
v 0.0717514 0.749903 0.35499 0 0 1
v 0.0715133 0.750351 0.358783 0 0 1
v 0.0726921 0.748348 0.361824 0 0 1
v 0.0745972 0.745068 0.362331 0 0 1
v 0.0761128 0.742432 0.360007 0 0 1
v 0.0763509 0.741984 0.356214 0 0 1
v 0.928896 0.251783 0.576914 0 0 1
v 0.929453 0.257653 0.358336 0 0 1
v 0.933896 0.251783 0.576926 0 0 1
v 0.932431 0.255317 0.577017 0 0 1
v 0.928895 0.256781 0.577048 0 0 1
v 0.92536 0.255318 0.576999 0 0 1
v 0.923896 0.251783 0.576901 0 0 1
v 0.92536 0.248249 0.57681 0 0 1
v 0.928896 0.246785 0.576779 0 0 1
v 0.932431 0.248249 0.576828 0 0 1
v 0.934035 0.253251 0.522282 0 0 1
v 0.93257 0.256785 0.522373 0 0 1
v 0.929035 0.258249 0.522403 0 0 1
v 0.925499 0.256785 0.522355 0 0 1
v 0.924035 0.253251 0.522256 0 0 1
v 0.9255 0.249717 0.522165 0 0 1
v 0.929035 0.248253 0.522135 0 0 1
v 0.932571 0.249716 0.522183 0 0 1
v 0.934174 0.254718 0.467638 0 0 1
v 0.93271 0.258252 0.467729 0 0 1
v 0.929174 0.259716 0.467759 0 0 1
v 0.925639 0.258253 0.467711 0 0 1
v 0.924174 0.254718 0.467612 0 0 1
v 0.925639 0.251184 0.467521 0 0 1
v 0.929174 0.24972 0.467491 0 0 1
v 0.93271 0.251184 0.467539 0 0 1
v 0.934313 0.256186 0.412993 0 0 1
v 0.932849 0.25972 0.413084 0 0 1
v 0.929313 0.261184 0.413115 0 0 1
v 0.925778 0.25972 0.413066 0 0 1
v 0.924313 0.256186 0.412968 0 0 1
v 0.925778 0.252652 0.412877 0 0 1
v 0.929314 0.251188 0.412846 0 0 1
v 0.932849 0.252651 0.412895 0 0 1
v 0.934453 0.257653 0.358349 0 0 1
v 0.932988 0.261187 0.35844 0 0 1
v 0.929453 0.262651 0.35847 0 0 1
v 0.925917 0.261188 0.358422 0 0 1
v 0.924453 0.257653 0.358323 0 0 1
v 0.925917 0.254119 0.358232 0 0 1
v 0.929453 0.252655 0.358202 0 0 1
v 0.932988 0.254119 0.35825 0 0 1
v 0.634799 0.0792706 0.645173 0 0 1
v 0.815637 0.184247 0.646568 0 0 1
v 0.636035 0.0770851 0.649498 0 0 1
v 0.634127 0.0803637 0.650006 0 0 1
v 0.632614 0.0830019 0.647684 0 0 1
v 0.63238 0.0834544 0.643891 0 0 1
v 0.633564 0.081456 0.640849 0 0 1
v 0.635471 0.0781774 0.640341 0 0 1
v 0.636985 0.0755392 0.642663 0 0 1
v 0.637218 0.0750868 0.646456 0 0 1
v 0.681244 0.103329 0.649846 0 0 1
v 0.679337 0.106608 0.650355 0 0 1
v 0.677823 0.109246 0.648032 0 0 1
v 0.67759 0.109698 0.644239 0 0 1
v 0.678773 0.1077 0.641198 0 0 1
v 0.68068 0.104421 0.64069 0 0 1
v 0.682194 0.101783 0.643012 0 0 1
v 0.682427 0.101331 0.646805 0 0 1
v 0.726453 0.129573 0.650195 0 0 1
v 0.724546 0.132852 0.650703 0 0 1
v 0.723032 0.13549 0.648381 0 0 1
v 0.722799 0.135942 0.644588 0 0 1
v 0.723983 0.133944 0.641547 0 0 1
v 0.72589 0.130665 0.641038 0 0 1
v 0.727403 0.128027 0.643361 0 0 1
v 0.727637 0.127575 0.647153 0 0 1
v 0.771663 0.155817 0.650543 0 0 1
v 0.769755 0.159096 0.651052 0 0 1
v 0.768242 0.161734 0.64873 0 0 1
v 0.768008 0.162186 0.644937 0 0 1
v 0.769192 0.160188 0.641895 0 0 1
v 0.771099 0.156909 0.641387 0 0 1
v 0.772613 0.154271 0.643709 0 0 1
v 0.772846 0.153819 0.647502 0 0 1
v 0.816872 0.182061 0.650892 0 0 1
v 0.814965 0.18534 0.651401 0 0 1
v 0.813451 0.187978 0.649078 0 0 1
v 0.813218 0.18843 0.645285 0 0 1
v 0.814401 0.186432 0.642244 0 0 1
v 0.816308 0.183154 0.641735 0 0 1
v 0.817822 0.180515 0.644058 0 0 1
v 0.818055 0.180063 0.647851 0 0 1
v 0.770664 0.15814 0.646221 0 0 1
v 0.928896 0.251783 0.576914 0 0 1
v 0.773267 0.156721 0.650248 0 0 1
v 0.771501 0.160079 0.650753 0 0 1
v 0.769245 0.1623 0.648604 0 0 1
v 0.76782 0.162085 0.645059 0 0 1
v 0.768061 0.159558 0.642195 0 0 1
v 0.769826 0.156201 0.641689 0 0 1
v 0.772082 0.153979 0.643838 0 0 1
v 0.773507 0.154195 0.647383 0 0 1
v 0.812825 0.180132 0.632921 0 0 1
v 0.811059 0.18349 0.633426 0 0 1
v 0.808803 0.185711 0.631277 0 0 1
v 0.807378 0.185496 0.627732 0 0 1
v 0.807619 0.182969 0.624868 0 0 1
v 0.809384 0.179612 0.624362 0 0 1
v 0.81164 0.17739 0.626511 0 0 1
v 0.813065 0.177606 0.630056 0 0 1
v 0.852383 0.203543 0.615594 0 0 1
v 0.850617 0.2069 0.616099 0 0 1
v 0.848361 0.209122 0.61395 0 0 1
v 0.846936 0.208907 0.610405 0 0 1
v 0.847177 0.20638 0.607541 0 0 1
v 0.848942 0.203023 0.607035 0 0 1
v 0.851198 0.200801 0.609185 0 0 1
v 0.852623 0.201017 0.61273 0 0 1
v 0.891941 0.226954 0.598267 0 0 1
v 0.890175 0.230311 0.598772 0 0 1
v 0.887919 0.232533 0.596623 0 0 1
v 0.886494 0.232317 0.593078 0 0 1
v 0.886735 0.229791 0.590214 0 0 1
v 0.8885 0.226434 0.589708 0 0 1
v 0.890756 0.224212 0.591858 0 0 1
v 0.892181 0.224427 0.595403 0 0 1
v 0.931499 0.250365 0.58094 0 0 1
v 0.929733 0.253722 0.581446 0 0 1
v 0.927477 0.255944 0.579296 0 0 1
v 0.926052 0.255728 0.575751 0 0 1
v 0.926293 0.253202 0.572887 0 0 1
v 0.928058 0.249844 0.572382 0 0 1
v 0.930314 0.247623 0.574531 0 0 1
v 0.931739 0.247838 0.578076 0 0 1
v 0.0739321 0.746167 0.357499 0 0 1
v 0.072448 0.746056 0.573505 0 0 1
v 0.0689878 0.745424 0.357464 0 0 1
v 0.0699103 0.749138 0.357472 0 0 1
v 0.0731887 0.751112 0.357496 0 0 1
v 0.0769026 0.750189 0.357521 0 0 1
v 0.0788764 0.746911 0.357533 0 0 1
v 0.0779539 0.743197 0.357525 0 0 1
v 0.0746755 0.741223 0.357501 0 0 1
v 0.0709616 0.742145 0.357476 0 0 1
v 0.0686168 0.745396 0.411466 0 0 1
v 0.0695393 0.74911 0.411474 0 0 1
v 0.0728177 0.751084 0.411498 0 0 1
v 0.0765316 0.750162 0.411523 0 0 1
v 0.0785054 0.746883 0.411534 0 0 1
v 0.0775829 0.743169 0.411526 0 0 1
v 0.0743045 0.741195 0.411503 0 0 1
v 0.0705906 0.742118 0.411478 0 0 1
v 0.0682457 0.745368 0.465467 0 0 1
v 0.0691682 0.749082 0.465476 0 0 1
v 0.0724467 0.751056 0.465499 0 0 1
v 0.0761606 0.750134 0.465524 0 0 1
v 0.0781344 0.746855 0.465536 0 0 1
v 0.0772119 0.743141 0.465528 0 0 1
v 0.0739334 0.741167 0.465504 0 0 1
v 0.0702196 0.74209 0.465479 0 0 1
v 0.0678747 0.745341 0.519469 0 0 1
v 0.0687972 0.749055 0.519477 0 0 1
v 0.0720756 0.751029 0.519501 0 0 1
v 0.0757895 0.750106 0.519526 0 0 1
v 0.0777633 0.746828 0.519538 0 0 1
v 0.0768408 0.743114 0.519529 0 0 1
v 0.0735624 0.74114 0.519506 0 0 1
v 0.0698485 0.742062 0.519481 0 0 1
v 0.0675037 0.745313 0.573471 0 0 1
v 0.0684262 0.749027 0.573479 0 0 1
v 0.0717046 0.751001 0.573502 0 0 1
v 0.0754185 0.750078 0.573527 0 0 1
v 0.0773923 0.7468 0.573539 0 0 1
v 0.0764698 0.743086 0.573531 0 0 1
v 0.0731914 0.741112 0.573508 0 0 1
v 0.0694775 0.742035 0.573482 0 0 1
v 0.0723218 0.664875 0.638666 0 0 1
v 0.0734744 0.372729 0.639371 0 0 1
v 0.0773217 0.664894 0.638686 0 0 1
v 0.0758713 0.66488 0.635144 0 0 1
v 0.0723416 0.664863 0.633666 0 0 1
v 0.0688003 0.664852 0.635116 0 0 1
v 0.0673219 0.664855 0.638646 0 0 1
v 0.0687724 0.664869 0.642187 0 0 1
v 0.072302 0.664887 0.643666 0 0 1
v 0.0758433 0.664897 0.642215 0 0 1
v 0.0776099 0.591858 0.638862 0 0 1
v 0.0761594 0.591844 0.635321 0 0 1
v 0.0726297 0.591826 0.633842 0 0 1
v 0.0690885 0.591816 0.635293 0 0 1
v 0.06761 0.591818 0.638823 0 0 1
v 0.0690605 0.591833 0.642364 0 0 1
v 0.0725902 0.59185 0.643842 0 0 1
v 0.0761315 0.591861 0.642392 0 0 1
v 0.077898 0.518821 0.639038 0 0 1
v 0.0764476 0.518807 0.635497 0 0 1
v 0.0729179 0.51879 0.634019 0 0 1
v 0.0693766 0.518779 0.635469 0 0 1
v 0.0678982 0.518782 0.638999 0 0 1
v 0.0693486 0.518796 0.64254 0 0 1
v 0.0728783 0.518814 0.644019 0 0 1
v 0.0764196 0.518824 0.642568 0 0 1
v 0.0781862 0.445785 0.639215 0 0 1
v 0.0767357 0.445771 0.635674 0 0 1
v 0.073206 0.445753 0.634195 0 0 1
v 0.0696648 0.445743 0.635646 0 0 1
v 0.0681863 0.445745 0.639175 0 0 1
v 0.0696368 0.44576 0.642717 0 0 1
v 0.0731665 0.445777 0.644195 0 0 1
v 0.0767077 0.445788 0.642744 0 0 1
v 0.0784743 0.372748 0.639391 0 0 1
v 0.0770239 0.372734 0.63585 0 0 1
v 0.0734942 0.372717 0.634371 0 0 1
v 0.0699529 0.372706 0.635822 0 0 1
v 0.0684745 0.372709 0.639352 0 0 1
v 0.0699249 0.372723 0.642893 0 0 1
v 0.0734546 0.372741 0.644371 0 0 1
v 0.0769959 0.372751 0.642921 0 0 1
v 0.929871 0.750529 0.355469 0 0 1
v 0.929291 0.747322 0.583906 0 0 1
v 0.934555 0.748779 0.355456 0 0 1
v 0.931945 0.74598 0.355411 0 0 1
v 0.928121 0.745846 0.355399 0 0 1
v 0.925322 0.748455 0.355428 0 0 1
v 0.925187 0.752279 0.355482 0 0 1
v 0.927797 0.755078 0.355528 0 0 1
v 0.931621 0.755212 0.355539 0 0 1
v 0.934421 0.752603 0.35551 0 0 1
v 0.93441 0.747977 0.412566 0 0 1
v 0.9318 0.745178 0.41252 0 0 1
v 0.927976 0.745044 0.412508 0 0 1
v 0.925177 0.747654 0.412538 0 0 1
v 0.925043 0.751478 0.412591 0 0 1
v 0.927652 0.754276 0.412637 0 0 1
v 0.931476 0.754411 0.412648 0 0 1
v 0.934276 0.751801 0.412619 0 0 1
v 0.934265 0.747175 0.469675 0 0 1
v 0.931655 0.744376 0.469629 0 0 1
v 0.927831 0.744242 0.469617 0 0 1
v 0.925032 0.746852 0.469647 0 0 1
v 0.924898 0.750676 0.4697 0 0 1
v 0.927507 0.753475 0.469746 0 0 1
v 0.931331 0.753609 0.469758 0 0 1
v 0.934131 0.750999 0.469728 0 0 1
v 0.93412 0.746373 0.526784 0 0 1
v 0.931511 0.743575 0.526738 0 0 1
v 0.927686 0.743441 0.526726 0 0 1
v 0.924887 0.74605 0.526756 0 0 1
v 0.924753 0.749874 0.526809 0 0 1
v 0.927362 0.752673 0.526855 0 0 1
v 0.931187 0.752807 0.526867 0 0 1
v 0.933986 0.750198 0.526837 0 0 1
v 0.933975 0.745572 0.583893 0 0 1
v 0.931366 0.742773 0.583847 0 0 1
v 0.927541 0.742639 0.583835 0 0 1
v 0.924742 0.745248 0.583865 0 0 1
v 0.924608 0.749072 0.583918 0 0 1
v 0.927217 0.751871 0.583964 0 0 1
v 0.931042 0.752005 0.583976 0 0 1
v 0.933841 0.749396 0.583946 0 0 1
v 0.501576 0.994951 0.573861 0 0 1
v 0.505161 0.996271 0.355035 0 0 1
v 0.506575 0.994951 0.573943 0 0 1
v 0.505111 0.998486 0.57394 0 0 1
v 0.501576 0.999951 0.573891 0 0 1
v 0.498041 0.998487 0.573824 0 0 1
v 0.496576 0.994951 0.573779 0 0 1
v 0.498041 0.991416 0.573782 0 0 1
v 0.501576 0.989951 0.573831 0 0 1
v 0.505111 0.991415 0.573897 0 0 1
v 0.507471 0.995281 0.519236 0 0 1
v 0.506007 0.998816 0.519233 0 0 1
v 0.502472 1.00028 0.519184 0 0 1
v 0.498937 0.998817 0.519118 0 0 1
v 0.497473 0.995281 0.519072 0 0 1
v 0.498937 0.991746 0.519075 0 0 1
v 0.502472 0.990281 0.519124 0 0 1
v 0.506007 0.991745 0.519191 0 0 1
v 0.508368 0.995611 0.46453 0 0 1
v 0.506903 0.999146 0.464527 0 0 1
v 0.503368 1.00061 0.464478 0 0 1
v 0.499833 0.999147 0.464411 0 0 1
v 0.498369 0.995611 0.464366 0 0 1
v 0.499833 0.992076 0.464368 0 0 1
v 0.503368 0.990611 0.464418 0 0 1
v 0.506903 0.992075 0.464484 0 0 1
v 0.509264 0.995941 0.409823 0 0 1
v 0.507799 0.999476 0.40982 0 0 1
v 0.504264 1.00094 0.409771 0 0 1
v 0.500729 0.999476 0.409705 0 0 1
v 0.499265 0.995941 0.409659 0 0 1
v 0.50073 0.992405 0.409662 0 0 1
v 0.504265 0.990941 0.409711 0 0 1
v 0.5078 0.992405 0.409778 0 0 1
v 0.51016 0.99627 0.355116 0 0 1
v 0.508696 0.999806 0.355114 0 0 1
v 0.50516 1.00127 0.355065 0 0 1
v 0.501625 0.999806 0.354998 0 0 1
v 0.500161 0.996271 0.354953 0 0 1
v 0.501626 0.992735 0.354955 0 0 1
v 0.505161 0.991271 0.355004 0 0 1
v 0.508696 0.992735 0.355071 0 0 1
v 0.60369 0.934798 0.642855 0 0 1
v 0.501576 0.994951 0.573861 0 0 1
v 0.606846 0.935885 0.639132 0 0 1
v 0.60669 0.938649 0.641773 0 0 1
v 0.604777 0.939158 0.645048 0 0 1
v 0.602227 0.937113 0.647039 0 0 1
v 0.600535 0.933712 0.646578 0 0 1
v 0.600691 0.930947 0.643937 0 0 1
v 0.602604 0.930438 0.640662 0 0 1
v 0.605153 0.932484 0.638672 0 0 1
v 0.581317 0.950923 0.621883 0 0 1
v 0.581161 0.953688 0.624525 0 0 1
v 0.579248 0.954196 0.6278 0 0 1
v 0.576699 0.952151 0.62979 0 0 1
v 0.575006 0.94875 0.62933 0 0 1
v 0.575162 0.945985 0.626688 0 0 1
v 0.577075 0.945476 0.623413 0 0 1
v 0.579625 0.947522 0.621423 0 0 1
v 0.555789 0.965961 0.604635 0 0 1
v 0.555633 0.968726 0.607276 0 0 1
v 0.55372 0.969235 0.610551 0 0 1
v 0.55117 0.967189 0.612541 0 0 1
v 0.549477 0.963788 0.612081 0 0 1
v 0.549633 0.961023 0.60944 0 0 1
v 0.551547 0.960515 0.606165 0 0 1
v 0.554096 0.96256 0.604174 0 0 1
v 0.53026 0.980999 0.587386 0 0 1
v 0.530104 0.983764 0.590028 0 0 1
v 0.528191 0.984273 0.593303 0 0 1
v 0.525641 0.982228 0.595293 0 0 1
v 0.523949 0.978826 0.594833 0 0 1
v 0.524105 0.976062 0.592191 0 0 1
v 0.526018 0.975553 0.588916 0 0 1
v 0.528567 0.977598 0.586926 0 0 1
v 0.504731 0.996038 0.570138 0 0 1
v 0.504575 0.998802 0.572779 0 0 1
v 0.502662 0.999311 0.576054 0 0 1
v 0.500113 0.997266 0.578044 0 0 1
v 0.49842 0.993865 0.577584 0 0 1
v 0.498576 0.9911 0.574943 0 0 1
v 0.500489 0.990591 0.571668 0 0 1
v 0.503039 0.992636 0.569677 0 0 1
v 0.792005 0.82581 0.644827 0 0 1
v 0.60369 0.934798 0.642855 0 0 1
v 0.793293 0.827958 0.640499 0 0 1
v 0.794435 0.829985 0.643538 0 0 1
v 0.794153 0.829567 0.647331 0 0 1
v 0.792613 0.826948 0.649657 0 0 1
v 0.790716 0.823662 0.649154 0 0 1
v 0.789575 0.821635 0.646116 0 0 1
v 0.789857 0.822053 0.642322 0 0 1
v 0.791397 0.824673 0.639996 0 0 1
v 0.746215 0.855205 0.640006 0 0 1
v 0.747356 0.857232 0.643045 0 0 1
v 0.747074 0.856814 0.646838 0 0 1
v 0.745534 0.854195 0.649165 0 0 1
v 0.743638 0.850909 0.648661 0 0 1
v 0.742496 0.848882 0.645623 0 0 1
v 0.742778 0.8493 0.641829 0 0 1
v 0.744318 0.85192 0.639503 0 0 1
v 0.699136 0.882452 0.639514 0 0 1
v 0.700278 0.88448 0.642552 0 0 1
v 0.699996 0.884061 0.646345 0 0 1
v 0.698455 0.881442 0.648672 0 0 1
v 0.696559 0.878156 0.648168 0 0 1
v 0.695418 0.876129 0.64513 0 0 1
v 0.6957 0.876547 0.641336 0 0 1
v 0.69724 0.879167 0.63901 0 0 1
v 0.652057 0.909699 0.639021 0 0 1
v 0.653199 0.911727 0.642059 0 0 1
v 0.652917 0.911308 0.645852 0 0 1
v 0.651377 0.908689 0.648179 0 0 1
v 0.64948 0.905403 0.647675 0 0 1
v 0.648339 0.903376 0.644637 0 0 1
v 0.648621 0.903794 0.640844 0 0 1
v 0.650161 0.906414 0.638517 0 0 1
v 0.604979 0.936946 0.638528 0 0 1
v 0.60612 0.938974 0.641566 0 0 1
v 0.605838 0.938555 0.64536 0 0 1
v 0.604298 0.935936 0.647686 0 0 1
v 0.602402 0.93265 0.647182 0 0 1
v 0.60126 0.930623 0.644144 0 0 1
v 0.601542 0.931041 0.640351 0 0 1
v 0.603083 0.933661 0.638024 0 0 1
v 0.928821 0.374381 0.647145 0 0 1
v 0.928988 0.573979 0.646671 0 0 1
v 0.933821 0.374377 0.647149 0 0 1
v 0.932353 0.374386 0.650683 0 0 1
v 0.928816 0.374393 0.652145 0 0 1
v 0.925282 0.374392 0.650677 0 0 1
v 0.923821 0.374385 0.647141 0 0 1
v 0.925288 0.374375 0.643606 0 0 1
v 0.928825 0.374369 0.642145 0 0 1
v 0.932359 0.374369 0.643612 0 0 1
v 0.933862 0.424276 0.647031 0 0 1
v 0.932395 0.424286 0.650565 0 0 1
v 0.928858 0.424292 0.652026 0 0 1
v 0.925324 0.424292 0.650559 0 0 1
v 0.923862 0.424285 0.647022 0 0 1
v 0.92533 0.424275 0.643488 0 0 1
v 0.928867 0.424268 0.642026 0 0 1
v 0.932401 0.424269 0.643494 0 0 1
v 0.933904 0.474176 0.646912 0 0 1
v 0.932437 0.474185 0.650447 0 0 1
v 0.9289 0.474192 0.651908 0 0 1
v 0.925366 0.474191 0.650441 0 0 1
v 0.923904 0.474184 0.646904 0 0 1
v 0.925372 0.474174 0.64337 0 0 1
v 0.928909 0.474168 0.641908 0 0 1
v 0.932443 0.474169 0.643375 0 0 1
v 0.933946 0.524075 0.646794 0 0 1
v 0.932479 0.524085 0.650328 0 0 1
v 0.928942 0.524091 0.65179 0 0 1
v 0.925408 0.524091 0.650322 0 0 1
v 0.923946 0.524084 0.646786 0 0 1
v 0.925414 0.524074 0.643251 0 0 1
v 0.92895 0.524068 0.64179 0 0 1
v 0.932485 0.524068 0.643257 0 0 1
v 0.933988 0.573975 0.646676 0 0 1
v 0.932521 0.573984 0.65021 0 0 1
v 0.928984 0.573991 0.651671 0 0 1
v 0.92545 0.57399 0.650204 0 0 1
v 0.923988 0.573983 0.646667 0 0 1
v 0.925456 0.573974 0.643133 0 0 1
v 0.928992 0.573967 0.641671 0 0 1
v 0.932527 0.573968 0.643139 0 0 1
v 0.928896 0.251783 0.576914 0 0 1
v 0.92888 0.44506 0.646977 0 0 1
v 0.933896 0.251784 0.576913 0 0 1
v 0.932432 0.250579 0.580237 0 0 1
v 0.928896 0.250079 0.581614 0 0 1
v 0.925361 0.250578 0.580238 0 0 1
v 0.923896 0.251783 0.576914 0 0 1
v 0.92536 0.252988 0.57359 0 0 1
v 0.928895 0.253487 0.572213 0 0 1
v 0.932431 0.252989 0.573589 0 0 1
v 0.933892 0.300103 0.594429 0 0 1
v 0.932428 0.298898 0.597753 0 0 1
v 0.928892 0.298398 0.59913 0 0 1
v 0.925357 0.298897 0.597754 0 0 1
v 0.923892 0.300102 0.59443 0 0 1
v 0.925356 0.301307 0.591106 0 0 1
v 0.928891 0.301806 0.589729 0 0 1
v 0.932427 0.301308 0.591105 0 0 1
v 0.933888 0.348422 0.611945 0 0 1
v 0.932424 0.347217 0.615269 0 0 1
v 0.928888 0.346717 0.616646 0 0 1
v 0.925353 0.347216 0.615269 0 0 1
v 0.923888 0.348421 0.611946 0 0 1
v 0.925352 0.349626 0.608622 0 0 1
v 0.928887 0.350125 0.607245 0 0 1
v 0.932423 0.349627 0.608621 0 0 1
v 0.933884 0.396741 0.629461 0 0 1
v 0.93242 0.395536 0.632785 0 0 1
v 0.928884 0.395036 0.634162 0 0 1
v 0.925349 0.395535 0.632785 0 0 1
v 0.923884 0.39674 0.629462 0 0 1
v 0.925348 0.397945 0.626138 0 0 1
v 0.928883 0.398445 0.624761 0 0 1
v 0.932419 0.397946 0.626137 0 0 1
v 0.93388 0.44506 0.646977 0 0 1
v 0.932416 0.443855 0.650301 0 0 1
v 0.92888 0.443356 0.651678 0 0 1
v 0.925345 0.443854 0.650301 0 0 1
v 0.92388 0.445059 0.646977 0 0 1
v 0.925344 0.446264 0.643654 0 0 1
v 0.928879 0.446764 0.642276 0 0 1
v 0.932415 0.446265 0.643653 0 0 1
v 0.501576 0.994951 0.573861 0 0 1
v 0.330079 0.895714 0.64046 0 0 1
v 0.501637 0.992093 0.569759 0 0 1
v 0.499598 0.995296 0.569282 0 0 1
v 0.498718 0.998297 0.571487 0 0 1
v 0.499512 0.999338 0.575083 0 0 1
v 0.501515 0.997809 0.577963 0 0 1
v 0.503554 0.994606 0.57844 0 0 1
v 0.504434 0.991605 0.576235 0 0 1
v 0.50364 0.990564 0.572639 0 0 1
v 0.458762 0.967284 0.586409 0 0 1
v 0.456724 0.970487 0.585932 0 0 1
v 0.455843 0.973488 0.588137 0 0 1
v 0.456638 0.974529 0.591733 0 0 1
v 0.458641 0.973 0.594613 0 0 1
v 0.46068 0.969797 0.59509 0 0 1
v 0.46156 0.966796 0.592884 0 0 1
v 0.460766 0.965755 0.589288 0 0 1
v 0.415888 0.942475 0.603058 0 0 1
v 0.413849 0.945678 0.602581 0 0 1
v 0.412969 0.948679 0.604787 0 0 1
v 0.413763 0.94972 0.608383 0 0 1
v 0.415767 0.948191 0.611263 0 0 1
v 0.417805 0.944988 0.61174 0 0 1
v 0.418685 0.941987 0.609534 0 0 1
v 0.417891 0.940946 0.605938 0 0 1
v 0.373014 0.917665 0.619708 0 0 1
v 0.370975 0.920869 0.619231 0 0 1
v 0.370095 0.92387 0.621437 0 0 1
v 0.370889 0.924911 0.625033 0 0 1
v 0.372892 0.923382 0.627913 0 0 1
v 0.374931 0.920178 0.62839 0 0 1
v 0.375811 0.917177 0.626184 0 0 1
v 0.375017 0.916136 0.622588 0 0 1
v 0.33014 0.892856 0.636358 0 0 1
v 0.328101 0.896059 0.635881 0 0 1
v 0.327221 0.89906 0.638087 0 0 1
v 0.328015 0.900101 0.641682 0 0 1
v 0.330018 0.898572 0.644562 0 0 1
v 0.332057 0.895369 0.645039 0 0 1
v 0.332937 0.892368 0.642834 0 0 1
v 0.332143 0.891327 0.639238 0 0 1
v 0.397409 0.934768 0.64098 0 0 1
v 0.204285 0.822751 0.63949 0 0 1
v 0.398693 0.932612 0.636655 0 0 1
v 0.396793 0.935895 0.636147 0 0 1
v 0.395254 0.938517 0.638471 0 0 1
v 0.394977 0.938943 0.642264 0 0 1
v 0.396126 0.936923 0.645305 0 0 1
v 0.398026 0.93364 0.645812 0 0 1
v 0.399565 0.931018 0.643488 0 0 1
v 0.399841 0.930592 0.639695 0 0 1
v 0.350412 0.904608 0.636282 0 0 1
v 0.348512 0.907891 0.635775 0 0 1
v 0.346973 0.910513 0.638099 0 0 1
v 0.346696 0.910939 0.641892 0 0 1
v 0.347845 0.908919 0.644932 0 0 1
v 0.349745 0.905636 0.645439 0 0 1
v 0.351284 0.903014 0.643116 0 0 1
v 0.35156 0.902588 0.639323 0 0 1
v 0.302131 0.876604 0.63591 0 0 1
v 0.300231 0.879887 0.635403 0 0 1
v 0.298692 0.882509 0.637726 0 0 1
v 0.298415 0.882935 0.641519 0 0 1
v 0.299564 0.880915 0.64456 0 0 1
v 0.301464 0.877632 0.645067 0 0 1
v 0.303003 0.87501 0.642743 0 0 1
v 0.303279 0.874584 0.63895 0 0 1
v 0.25385 0.8486 0.635537 0 0 1
v 0.25195 0.851882 0.63503 0 0 1
v 0.250411 0.854505 0.637354 0 0 1
v 0.250134 0.854931 0.641147 0 0 1
v 0.251283 0.852911 0.644188 0 0 1
v 0.253183 0.849628 0.644695 0 0 1
v 0.254722 0.847005 0.642371 0 0 1
v 0.254998 0.846579 0.638578 0 0 1
v 0.205569 0.820595 0.635165 0 0 1
v 0.203669 0.823878 0.634658 0 0 1
v 0.20213 0.826501 0.636982 0 0 1
v 0.201853 0.826927 0.640775 0 0 1
v 0.203002 0.824906 0.643815 0 0 1
v 0.204902 0.821624 0.644322 0 0 1
v 0.206441 0.819001 0.641999 0 0 1
v 0.206717 0.818575 0.638206 0 0 1
v 0.60369 0.934798 0.642855 0 0 1
v 0.330079 0.895714 0.64046 0 0 1
v 0.603833 0.934104 0.637906 0 0 1
v 0.6033 0.937773 0.638855 0 0 1
v 0.602996 0.939699 0.642148 0 0 1
v 0.603099 0.938754 0.645855 0 0 1
v 0.603548 0.935492 0.647805 0 0 1
v 0.60408 0.931823 0.646855 0 0 1
v 0.604384 0.929897 0.643562 0 0 1
v 0.604282 0.930842 0.639855 0 0 1
v 0.53543 0.924333 0.637307 0 0 1
v 0.534898 0.928002 0.638257 0 0 1
v 0.534594 0.929928 0.641549 0 0 1
v 0.534696 0.928983 0.645256 0 0 1
v 0.535145 0.925721 0.647206 0 0 1
v 0.535677 0.922052 0.646256 0 0 1
v 0.535981 0.920126 0.642963 0 0 1
v 0.535879 0.921071 0.639256 0 0 1
v 0.467027 0.914562 0.636708 0 0 1
v 0.466495 0.918231 0.637658 0 0 1
v 0.466191 0.920157 0.640951 0 0 1
v 0.466293 0.919212 0.644658 0 0 1
v 0.466742 0.91595 0.646607 0 0 1
v 0.467275 0.912281 0.645658 0 0 1
v 0.467578 0.910355 0.642365 0 0 1
v 0.467476 0.9113 0.638658 0 0 1
v 0.398624 0.904791 0.636109 0 0 1
v 0.398092 0.90846 0.637059 0 0 1
v 0.397788 0.910386 0.640352 0 0 1
v 0.39789 0.909441 0.644059 0 0 1
v 0.398339 0.906179 0.646009 0 0 1
v 0.398872 0.902511 0.645059 0 0 1
v 0.399176 0.900584 0.641766 0 0 1
v 0.399073 0.901529 0.638059 0 0 1
v 0.330221 0.89502 0.635511 0 0 1
v 0.329689 0.898689 0.63646 0 0 1
v 0.329385 0.900615 0.639753 0 0 1
v 0.329488 0.89967 0.64346 0 0 1
v 0.329936 0.896408 0.64541 0 0 1
v 0.330469 0.89274 0.64446 0 0 1
v 0.330773 0.890813 0.641167 0 0 1
v 0.33067 0.891758 0.63746 0 0 1
v 0.92888 0.44506 0.646977 0 0 1
v 0.770664 0.15814 0.646221 0 0 1
v 0.932717 0.44295 0.644563 0 0 1
v 0.930101 0.444399 0.642174 0 0 1
v 0.926771 0.446234 0.642599 0 0 1
v 0.924675 0.447382 0.645588 0 0 1
v 0.925043 0.447169 0.649392 0 0 1
v 0.927658 0.44572 0.65178 0 0 1
v 0.930989 0.443885 0.651356 0 0 1
v 0.933084 0.442737 0.648366 0 0 1
v 0.893163 0.37122 0.644374 0 0 1
v 0.890547 0.372669 0.641985 0 0 1
v 0.887216 0.374504 0.64241 0 0 1
v 0.885121 0.375652 0.645399 0 0 1
v 0.885489 0.375439 0.649203 0 0 1
v 0.888104 0.373991 0.651591 0 0 1
v 0.891435 0.372155 0.651167 0 0 1
v 0.89353 0.371007 0.648177 0 0 1
v 0.853609 0.29949 0.644185 0 0 1
v 0.850993 0.300939 0.641796 0 0 1
v 0.847662 0.302774 0.642221 0 0 1
v 0.845567 0.303922 0.64521 0 0 1
v 0.845935 0.303709 0.649014 0 0 1
v 0.84855 0.302261 0.651402 0 0 1
v 0.851881 0.300425 0.650978 0 0 1
v 0.853976 0.299278 0.647988 0 0 1
v 0.814054 0.22776 0.643996 0 0 1
v 0.811439 0.229209 0.641607 0 0 1
v 0.808108 0.231044 0.642032 0 0 1
v 0.806013 0.232192 0.645021 0 0 1
v 0.806381 0.231979 0.648825 0 0 1
v 0.808996 0.230531 0.651213 0 0 1
v 0.812327 0.228695 0.650789 0 0 1
v 0.814422 0.227548 0.647799 0 0 1
v 0.7745 0.15603 0.643807 0 0 1
v 0.771885 0.157479 0.641418 0 0 1
v 0.768554 0.159315 0.641843 0 0 1
v 0.766459 0.160462 0.644832 0 0 1
v 0.766827 0.160249 0.648636 0 0 1
v 0.769442 0.158801 0.651024 0 0 1
v 0.772773 0.156965 0.6506 0 0 1
v 0.774868 0.155818 0.64761 0 0 1
v 0.72991 0.467226 0.357585 0 0 1
v 0.73187 0.497138 0.357406 0 0 1
v 0.734889 0.466901 0.357912 0 0 1
v 0.733201 0.467033 0.361344 0 0 1
v 0.729585 0.467277 0.362574 0 0 1
v 0.72616 0.467491 0.360881 0 0 1
v 0.724931 0.46755 0.357258 0 0 1
v 0.726619 0.467419 0.353826 0 0 1
v 0.730234 0.467175 0.352595 0 0 1
v 0.73366 0.46696 0.354288 0 0 1
v 0.735379 0.474379 0.357867 0 0 1
v 0.733691 0.474511 0.361299 0 0 1
v 0.730076 0.474755 0.362529 0 0 1
v 0.72665 0.474969 0.360837 0 0 1
v 0.725421 0.475028 0.357213 0 0 1
v 0.727109 0.474897 0.353781 0 0 1
v 0.730724 0.474653 0.352551 0 0 1
v 0.73415 0.474438 0.354243 0 0 1
v 0.735869 0.481857 0.357822 0 0 1
v 0.734181 0.481989 0.361255 0 0 1
v 0.730566 0.482233 0.362485 0 0 1
v 0.72714 0.482447 0.360792 0 0 1
v 0.725911 0.482506 0.357168 0 0 1
v 0.727599 0.482375 0.353736 0 0 1
v 0.731214 0.482131 0.352506 0 0 1
v 0.73464 0.481916 0.354199 0 0 1
v 0.736359 0.489336 0.357778 0 0 1
v 0.734671 0.489467 0.36121 0 0 1
v 0.731056 0.489711 0.36244 0 0 1
v 0.72763 0.489925 0.360747 0 0 1
v 0.726401 0.489984 0.357124 0 0 1
v 0.728089 0.489853 0.353692 0 0 1
v 0.731705 0.489609 0.352462 0 0 1
v 0.73513 0.489394 0.354154 0 0 1
v 0.736849 0.496814 0.357733 0 0 1
v 0.735161 0.496945 0.361165 0 0 1
v 0.731546 0.497189 0.362395 0 0 1
v 0.72812 0.497403 0.360703 0 0 1
v 0.726892 0.497462 0.357079 0 0 1
v 0.728579 0.497331 0.353647 0 0 1
v 0.732195 0.497087 0.352417 0 0 1
v 0.73562 0.496872 0.35411 0 0 1
v 0.724062 0.437826 0.357769 0 0 1
v 0.72991 0.467226 0.357585 0 0 1
v 0.728872 0.436875 0.358745 0 0 1
v 0.726791 0.437309 0.361927 0 0 1
v 0.723111 0.438046 0.362673 0 0 1
v 0.719987 0.438654 0.360547 0 0 1
v 0.719251 0.438777 0.356794 0 0 1
v 0.721332 0.438343 0.353612 0 0 1
v 0.725012 0.437606 0.352866 0 0 1
v 0.728136 0.436998 0.354992 0 0 1
v 0.730335 0.444225 0.358699 0 0 1
v 0.728253 0.444659 0.36188 0 0 1
v 0.724573 0.445396 0.362627 0 0 1
v 0.72145 0.446004 0.360501 0 0 1
v 0.720713 0.446127 0.356748 0 0 1
v 0.722794 0.445693 0.353566 0 0 1
v 0.726474 0.444956 0.352819 0 0 1
v 0.729598 0.444348 0.354945 0 0 1
v 0.731797 0.451575 0.358652 0 0 1
v 0.729715 0.452009 0.361834 0 0 1
v 0.726035 0.452746 0.362581 0 0 1
v 0.722912 0.453354 0.360455 0 0 1
v 0.722175 0.453477 0.356702 0 0 1
v 0.724256 0.453043 0.35352 0 0 1
v 0.727937 0.452306 0.352773 0 0 1
v 0.73106 0.451698 0.354899 0 0 1
v 0.733259 0.458925 0.358606 0 0 1
v 0.731177 0.459359 0.361788 0 0 1
v 0.727497 0.460096 0.362535 0 0 1
v 0.724374 0.460704 0.360409 0 0 1
v 0.723637 0.460827 0.356655 0 0 1
v 0.725718 0.460393 0.353474 0 0 1
v 0.729399 0.459656 0.352727 0 0 1
v 0.732522 0.459048 0.354853 0 0 1
v 0.734721 0.466275 0.35856 0 0 1
v 0.732639 0.466709 0.361742 0 0 1
v 0.728959 0.467446 0.362489 0 0 1
v 0.725836 0.468054 0.360362 0 0 1
v 0.725099 0.468177 0.356609 0 0 1
v 0.72718 0.467743 0.353427 0 0 1
v 0.730861 0.467006 0.352681 0 0 1
v 0.733984 0.466398 0.354807 0 0 1
v 0.714426 0.40944 0.357957 0 0 1
v 0.724062 0.437826 0.357769 0 0 1
v 0.718913 0.407928 0.359564 0 0 1
v 0.716529 0.408756 0.362441 0 0 1
v 0.712914 0.409985 0.362692 0 0 1
v 0.710184 0.410895 0.360168 0 0 1
v 0.709939 0.410953 0.35635 0 0 1
v 0.712323 0.410125 0.353473 0 0 1
v 0.715938 0.408896 0.353222 0 0 1
v 0.718668 0.407986 0.355746 0 0 1
v 0.721321 0.415024 0.359517 0 0 1
v 0.718938 0.415852 0.362394 0 0 1
v 0.715322 0.417081 0.362645 0 0 1
v 0.712593 0.417991 0.360121 0 0 1
v 0.712348 0.418049 0.356303 0 0 1
v 0.714732 0.417221 0.353426 0 0 1
v 0.718347 0.415992 0.353176 0 0 1
v 0.721077 0.415082 0.355699 0 0 1
v 0.72373 0.422121 0.35947 0 0 1
v 0.721347 0.422949 0.362347 0 0 1
v 0.717731 0.424178 0.362598 0 0 1
v 0.715002 0.425088 0.360075 0 0 1
v 0.714757 0.425145 0.356256 0 0 1
v 0.717141 0.424317 0.353379 0 0 1
v 0.720756 0.423088 0.353129 0 0 1
v 0.723486 0.422178 0.355652 0 0 1
v 0.726139 0.429217 0.359423 0 0 1
v 0.723756 0.430045 0.362301 0 0 1
v 0.72014 0.431274 0.362551 0 0 1
v 0.717411 0.432184 0.360028 0 0 1
v 0.717166 0.432242 0.356209 0 0 1
v 0.71955 0.431414 0.353332 0 0 1
v 0.723165 0.430185 0.353082 0 0 1
v 0.725895 0.429275 0.355605 0 0 1
v 0.728548 0.436313 0.359377 0 0 1
v 0.726165 0.437141 0.362254 0 0 1
v 0.722549 0.43837 0.362504 0 0 1
v 0.71982 0.43928 0.359981 0 0 1
v 0.719575 0.439338 0.356162 0 0 1
v 0.721959 0.43851 0.353285 0 0 1
v 0.725574 0.437281 0.353035 0 0 1
v 0.728304 0.436371 0.355558 0 0 1
v 0.701168 0.382556 0.358144 0 0 1
v 0.714426 0.40944 0.357957 0 0 1
v 0.705196 0.380585 0.360356 0 0 1
v 0.702622 0.381871 0.362879 0 0 1
v 0.699197 0.383559 0.362629 0 0 1
v 0.696926 0.384659 0.359751 0 0 1
v 0.69714 0.384527 0.355933 0 0 1
v 0.699713 0.38324 0.35341 0 0 1
v 0.703139 0.381552 0.35366 0 0 1
v 0.70541 0.380453 0.356537 0 0 1
v 0.70851 0.387306 0.360309 0 0 1
v 0.705937 0.388593 0.362832 0 0 1
v 0.702511 0.39028 0.362582 0 0 1
v 0.70024 0.39138 0.359705 0 0 1
v 0.700454 0.391248 0.355886 0 0 1
v 0.703028 0.389961 0.353363 0 0 1
v 0.706453 0.388274 0.353613 0 0 1
v 0.708724 0.387174 0.35649 0 0 1
v 0.711825 0.394027 0.360262 0 0 1
v 0.709251 0.395314 0.362785 0 0 1
v 0.705826 0.397001 0.362535 0 0 1
v 0.703555 0.398101 0.359658 0 0 1
v 0.703769 0.397969 0.355839 0 0 1
v 0.706342 0.396682 0.353316 0 0 1
v 0.709768 0.394995 0.353566 0 0 1
v 0.712039 0.393895 0.356444 0 0 1
v 0.715139 0.400748 0.360215 0 0 1
v 0.712566 0.402035 0.362738 0 0 1
v 0.70914 0.403723 0.362488 0 0 1
v 0.706869 0.404822 0.359611 0 0 1
v 0.707083 0.40469 0.355792 0 0 1
v 0.709657 0.403404 0.353269 0 0 1
v 0.713082 0.401716 0.35352 0 0 1
v 0.715353 0.400616 0.356397 0 0 1
v 0.718454 0.407469 0.360168 0 0 1
v 0.71588 0.408756 0.362692 0 0 1
v 0.712455 0.410444 0.362441 0 0 1
v 0.710184 0.411544 0.359564 0 0 1
v 0.710398 0.411411 0.355746 0 0 1
v 0.712971 0.410125 0.353222 0 0 1
v 0.716397 0.408437 0.353473 0 0 1
v 0.718668 0.407337 0.35635 0 0 1
v 0.684513 0.357632 0.358328 0 0 1
v 0.701168 0.382556 0.358144 0 0 1
v 0.68798 0.355336 0.361106 0 0 1
v 0.685341 0.357115 0.363232 0 0 1
v 0.682218 0.359196 0.362485 0 0 1
v 0.680439 0.360361 0.359304 0 0 1
v 0.681047 0.359927 0.35555 0 0 1
v 0.683686 0.358149 0.353424 0 0 1
v 0.686809 0.356067 0.354171 0 0 1
v 0.688588 0.354902 0.357353 0 0 1
v 0.692143 0.361567 0.36106 0 0 1
v 0.689505 0.363346 0.363186 0 0 1
v 0.686381 0.365427 0.36244 0 0 1
v 0.684603 0.366592 0.359258 0 0 1
v 0.685211 0.366158 0.355504 0 0 1
v 0.687849 0.36438 0.353378 0 0 1
v 0.690973 0.362298 0.354125 0 0 1
v 0.692751 0.361133 0.357307 0 0 1
v 0.696307 0.367798 0.361014 0 0 1
v 0.693668 0.369577 0.36314 0 0 1
v 0.690545 0.371658 0.362394 0 0 1
v 0.688766 0.372823 0.359212 0 0 1
v 0.689374 0.372389 0.355458 0 0 1
v 0.692013 0.370611 0.353332 0 0 1
v 0.695136 0.368529 0.354079 0 0 1
v 0.696915 0.367364 0.357261 0 0 1
v 0.70047 0.374029 0.360968 0 0 1
v 0.697832 0.375808 0.363094 0 0 1
v 0.694709 0.377889 0.362348 0 0 1
v 0.69293 0.379054 0.359166 0 0 1
v 0.693538 0.37862 0.355412 0 0 1
v 0.696176 0.376842 0.353286 0 0 1
v 0.6993 0.37476 0.354033 0 0 1
v 0.701078 0.373595 0.357215 0 0 1
v 0.704634 0.38026 0.360922 0 0 1
v 0.701995 0.382039 0.363048 0 0 1
v 0.698872 0.38412 0.362302 0 0 1
v 0.697093 0.385285 0.35912 0 0 1
v 0.697701 0.384851 0.355366 0 0 1
v 0.70034 0.383073 0.35324 0 0 1
v 0.703463 0.380991 0.353987 0 0 1
v 0.705242 0.379826 0.357169 0 0 1
v 0.664748 0.335095 0.358506 0 0 1
v 0.684513 0.357632 0.358328 0 0 1
v 0.667588 0.332631 0.361802 0 0 1
v 0.665014 0.334901 0.363495 0 0 1
v 0.662285 0.337285 0.362265 0 0 1
v 0.660999 0.338386 0.358833 0 0 1
v 0.661909 0.337559 0.355209 0 0 1
v 0.664483 0.335288 0.353516 0 0 1
v 0.667212 0.332904 0.354746 0 0 1
v 0.668498 0.331803 0.358179 0 0 1
v 0.672529 0.338265 0.361758 0 0 1
v 0.669955 0.340535 0.36345 0 0 1
v 0.667226 0.342919 0.36222 0 0 1
v 0.66594 0.34402 0.358788 0 0 1
v 0.666851 0.343193 0.355165 0 0 1
v 0.669424 0.340922 0.353472 0 0 1
v 0.672154 0.338538 0.354702 0 0 1
v 0.67344 0.337438 0.358134 0 0 1
v 0.67747 0.343899 0.361714 0 0 1
v 0.674896 0.34617 0.363406 0 0 1
v 0.672167 0.348554 0.362176 0 0 1
v 0.670881 0.349654 0.358744 0 0 1
v 0.671792 0.348827 0.35512 0 0 1
v 0.674366 0.346556 0.353428 0 0 1
v 0.677095 0.344173 0.354658 0 0 1
v 0.678381 0.343072 0.35809 0 0 1
v 0.682411 0.349533 0.361669 0 0 1
v 0.679837 0.351804 0.363362 0 0 1
v 0.677108 0.354188 0.362132 0 0 1
v 0.675822 0.355289 0.3587 0 0 1
v 0.676733 0.354461 0.355076 0 0 1
v 0.679307 0.352191 0.353383 0 0 1
v 0.682036 0.349807 0.354613 0 0 1
v 0.683322 0.348706 0.358046 0 0 1
v 0.687353 0.355168 0.361625 0 0 1
v 0.684779 0.357438 0.363317 0 0 1
v 0.68205 0.359822 0.362087 0 0 1
v 0.680764 0.360923 0.358655 0 0 1
v 0.681674 0.360096 0.355032 0 0 1
v 0.684248 0.357825 0.353339 0 0 1
v 0.686977 0.355441 0.354569 0 0 1
v 0.688263 0.35434 0.358001 0 0 1
v 0.642211 0.31533 0.358673 0 0 1
v 0.664748 0.335095 0.358506 0 0 1
v 0.6444 0.312865 0.362432 0 0 1
v 0.642016 0.315594 0.363662 0 0 1
v 0.639746 0.318169 0.36197 0 0 1
v 0.63892 0.31908 0.358346 0 0 1
v 0.640021 0.317795 0.354914 0 0 1
v 0.642405 0.315066 0.353684 0 0 1
v 0.644676 0.312492 0.355377 0 0 1
v 0.645502 0.31158 0.359 0 0 1
v 0.650035 0.317807 0.362391 0 0 1
v 0.647651 0.320536 0.363621 0 0 1
v 0.64538 0.32311 0.361928 0 0 1
v 0.644554 0.324021 0.358304 0 0 1
v 0.645656 0.322736 0.354872 0 0 1
v 0.64804 0.320007 0.353642 0 0 1
v 0.65031 0.317433 0.355335 0 0 1
v 0.651136 0.316521 0.358958 0 0 1
v 0.655669 0.322748 0.362349 0 0 1
v 0.653285 0.325477 0.363579 0 0 1
v 0.651015 0.328051 0.361886 0 0 1
v 0.650189 0.328962 0.358262 0 0 1
v 0.65129 0.327677 0.35483 0 0 1
v 0.653674 0.324948 0.3536 0 0 1
v 0.655944 0.322374 0.355293 0 0 1
v 0.656771 0.321462 0.358917 0 0 1
v 0.661303 0.327689 0.362307 0 0 1
v 0.658919 0.330418 0.363537 0 0 1
v 0.656649 0.332992 0.361844 0 0 1
v 0.655823 0.333903 0.35822 0 0 1
v 0.656925 0.332618 0.354788 0 0 1
v 0.659309 0.329889 0.353558 0 0 1
v 0.661579 0.327315 0.355251 0 0 1
v 0.662405 0.326403 0.358875 0 0 1
v 0.666938 0.33263 0.362265 0 0 1
v 0.664554 0.335359 0.363495 0 0 1
v 0.662284 0.337933 0.361802 0 0 1
v 0.661457 0.338845 0.358178 0 0 1
v 0.662559 0.337559 0.354746 0 0 1
v 0.664943 0.33483 0.353516 0 0 1
v 0.667213 0.332256 0.355209 0 0 1
v 0.668039 0.331345 0.358833 0 0 1
v 0.617286 0.298677 0.358828 0 0 1
v 0.642211 0.31533 0.358673 0 0 1
v 0.618847 0.296379 0.362986 0 0 1
v 0.616765 0.299502 0.363732 0 0 1
v 0.614988 0.302141 0.361606 0 0 1
v 0.614558 0.302751 0.357853 0 0 1
v 0.615725 0.300974 0.354671 0 0 1
v 0.617807 0.297851 0.353925 0 0 1
v 0.619584 0.295212 0.356051 0 0 1
v 0.620015 0.294602 0.359804 0 0 1
v 0.625078 0.300542 0.362947 0 0 1
v 0.622996 0.303665 0.363694 0 0 1
v 0.62122 0.306305 0.361567 0 0 1
v 0.620789 0.306915 0.357814 0 0 1
v 0.621956 0.305138 0.354632 0 0 1
v 0.624038 0.302015 0.353886 0 0 1
v 0.625815 0.299375 0.356012 0 0 1
v 0.626246 0.298765 0.359765 0 0 1
v 0.63131 0.304706 0.362908 0 0 1
v 0.629228 0.307829 0.363655 0 0 1
v 0.627451 0.310468 0.361529 0 0 1
v 0.62702 0.311078 0.357775 0 0 1
v 0.628187 0.309301 0.354594 0 0 1
v 0.630269 0.306178 0.353847 0 0 1
v 0.632046 0.303539 0.355973 0 0 1
v 0.632477 0.302929 0.359726 0 0 1
v 0.637541 0.308869 0.362869 0 0 1
v 0.635459 0.311992 0.363616 0 0 1
v 0.633682 0.314632 0.36149 0 0 1
v 0.633251 0.315241 0.357737 0 0 1
v 0.634419 0.313464 0.354555 0 0 1
v 0.636501 0.310342 0.353808 0 0 1
v 0.638277 0.307702 0.355934 0 0 1
v 0.638708 0.307092 0.359688 0 0 1
v 0.643772 0.313032 0.362831 0 0 1
v 0.64169 0.316155 0.363577 0 0 1
v 0.639913 0.318795 0.361451 0 0 1
v 0.639482 0.319405 0.357698 0 0 1
v 0.64065 0.317628 0.354516 0 0 1
v 0.642732 0.314505 0.353769 0 0 1
v 0.644509 0.311865 0.355896 0 0 1
v 0.644939 0.311255 0.359649 0 0 1
v 0.590401 0.285419 0.358969 0 0 1
v 0.617286 0.298677 0.358828 0 0 1
v 0.591398 0.283445 0.363453 0 0 1
v 0.58971 0.28687 0.363703 0 0 1
v 0.588427 0.289445 0.36118 0 0 1
v 0.5883 0.289662 0.357361 0 0 1
v 0.589404 0.287393 0.354484 0 0 1
v 0.591092 0.283967 0.354234 0 0 1
v 0.592375 0.281392 0.356757 0 0 1
v 0.592502 0.281176 0.360576 0 0 1
v 0.598119 0.286759 0.363418 0 0 1
v 0.596431 0.290185 0.363668 0 0 1
v 0.595148 0.29276 0.361145 0 0 1
v 0.595021 0.292976 0.357326 0 0 1
v 0.596125 0.290707 0.354449 0 0 1
v 0.597813 0.287282 0.354199 0 0 1
v 0.599096 0.284707 0.356722 0 0 1
v 0.599223 0.28449 0.360541 0 0 1
v 0.60484 0.290074 0.363383 0 0 1
v 0.603152 0.293499 0.363633 0 0 1
v 0.601869 0.296074 0.36111 0 0 1
v 0.601743 0.296291 0.357291 0 0 1
v 0.602847 0.294022 0.354414 0 0 1
v 0.604535 0.290596 0.354164 0 0 1
v 0.605818 0.288021 0.356687 0 0 1
v 0.605944 0.287805 0.360506 0 0 1
v 0.611562 0.293388 0.363348 0 0 1
v 0.609874 0.296813 0.363598 0 0 1
v 0.608591 0.299389 0.361075 0 0 1
v 0.608464 0.299605 0.357256 0 0 1
v 0.609568 0.297336 0.354379 0 0 1
v 0.611256 0.293911 0.354129 0 0 1
v 0.612539 0.291336 0.356652 0 0 1
v 0.612666 0.291119 0.360471 0 0 1
v 0.618283 0.296703 0.363313 0 0 1
v 0.616595 0.300128 0.363563 0 0 1
v 0.615312 0.302703 0.36104 0 0 1
v 0.615185 0.30292 0.357221 0 0 1
v 0.616289 0.300651 0.354344 0 0 1
v 0.617977 0.297225 0.354094 0 0 1
v 0.61926 0.29465 0.356617 0 0 1
v 0.619387 0.294434 0.360436 0 0 1
v 0.562015 0.275784 0.359091 0 0 1
v 0.590401 0.285419 0.358969 0 0 1
v 0.56255 0.274268 0.363826 0 0 1
v 0.561322 0.277884 0.363575 0 0 1
v 0.560499 0.280269 0.360698 0 0 1
v 0.560565 0.280027 0.356879 0 0 1
v 0.56148 0.277299 0.354356 0 0 1
v 0.562709 0.273684 0.354607 0 0 1
v 0.563531 0.271298 0.357484 0 0 1
v 0.563465 0.27154 0.361302 0 0 1
v 0.569646 0.276677 0.363795 0 0 1
v 0.568418 0.280292 0.363545 0 0 1
v 0.567596 0.282678 0.360667 0 0 1
v 0.567662 0.282436 0.356849 0 0 1
v 0.568577 0.279708 0.354326 0 0 1
v 0.569805 0.276092 0.354576 0 0 1
v 0.570627 0.273707 0.357453 0 0 1
v 0.570561 0.273949 0.361272 0 0 1
v 0.576743 0.279086 0.363764 0 0 1
v 0.575514 0.282701 0.363514 0 0 1
v 0.574692 0.285087 0.360637 0 0 1
v 0.574758 0.284845 0.356818 0 0 1
v 0.575673 0.282117 0.354295 0 0 1
v 0.576901 0.278501 0.354545 0 0 1
v 0.577724 0.276116 0.357423 0 0 1
v 0.577658 0.276358 0.361241 0 0 1
v 0.583839 0.281494 0.363734 0 0 1
v 0.582611 0.28511 0.363483 0 0 1
v 0.581789 0.287496 0.360606 0 0 1
v 0.581855 0.287253 0.356788 0 0 1
v 0.58277 0.284526 0.354264 0 0 1
v 0.583998 0.28091 0.354515 0 0 1
v 0.58482 0.278524 0.357392 0 0 1
v 0.584754 0.278767 0.361211 0 0 1
v 0.590936 0.283903 0.363703 0 0 1
v 0.589707 0.287519 0.363453 0 0 1
v 0.588885 0.289904 0.360576 0 0 1
v 0.588951 0.289662 0.356757 0 0 1
v 0.589866 0.286934 0.354234 0 0 1
v 0.591094 0.283319 0.354484 0 0 1
v 0.591917 0.280933 0.357361 0 0 1
v 0.591851 0.281175 0.36118 0 0 1
v 0.532614 0.269936 0.359194 0 0 1
v 0.562015 0.275784 0.359091 0 0 1
v 0.532821 0.268983 0.364098 0 0 1
v 0.532086 0.272663 0.363351 0 0 1
v 0.531661 0.274746 0.360169 0 0 1
v 0.531794 0.274012 0.356416 0 0 1
v 0.532408 0.270889 0.35429 0 0 1
v 0.533142 0.267209 0.355037 0 0 1
v 0.533568 0.265126 0.358218 0 0 1
v 0.533435 0.26586 0.361972 0 0 1
v 0.540171 0.270445 0.364072 0 0 1
v 0.539437 0.274125 0.363325 0 0 1
v 0.539011 0.276208 0.360143 0 0 1
v 0.539144 0.275473 0.35639 0 0 1
v 0.539758 0.272351 0.354264 0 0 1
v 0.540492 0.268671 0.355011 0 0 1
v 0.540918 0.266587 0.358193 0 0 1
v 0.540785 0.267322 0.361946 0 0 1
v 0.547522 0.271906 0.364046 0 0 1
v 0.546787 0.275587 0.3633 0 0 1
v 0.546361 0.27767 0.360118 0 0 1
v 0.546494 0.276935 0.356365 0 0 1
v 0.547108 0.273813 0.354239 0 0 1
v 0.547843 0.270132 0.354985 0 0 1
v 0.548268 0.268049 0.358167 0 0 1
v 0.548135 0.268784 0.36192 0 0 1
v 0.554872 0.273368 0.364021 0 0 1
v 0.554137 0.277049 0.363274 0 0 1
v 0.553712 0.279132 0.360092 0 0 1
v 0.553845 0.278397 0.356339 0 0 1
v 0.554458 0.275275 0.354213 0 0 1
v 0.555193 0.271594 0.354959 0 0 1
v 0.555618 0.269511 0.358141 0 0 1
v 0.555485 0.270246 0.361895 0 0 1
v 0.562222 0.27483 0.363995 0 0 1
v 0.561487 0.278511 0.363248 0 0 1
v 0.561062 0.280594 0.360066 0 0 1
v 0.561195 0.279859 0.356313 0 0 1
v 0.561808 0.276737 0.354187 0 0 1
v 0.562543 0.273056 0.354934 0 0 1
v 0.562968 0.270973 0.358116 0 0 1
v 0.562835 0.271708 0.361869 0 0 1
v 0.502702 0.267976 0.359275 0 0 1
v 0.532614 0.269936 0.359194 0 0 1
v 0.502737 0.26765 0.364265 0 0 1
v 0.502497 0.271266 0.363034 0 0 1
v 0.502377 0.272955 0.359602 0 0 1
v 0.502447 0.271726 0.355978 0 0 1
v 0.502667 0.268301 0.354286 0 0 1
v 0.502907 0.264685 0.355516 0 0 1
v 0.503027 0.262997 0.358948 0 0 1
v 0.502957 0.264225 0.362572 0 0 1
v 0.510215 0.268141 0.364244 0 0 1
v 0.509975 0.271756 0.363014 0 0 1
v 0.509855 0.273445 0.359582 0 0 1
v 0.509925 0.272216 0.355958 0 0 1
v 0.510145 0.268791 0.354266 0 0 1
v 0.510385 0.265175 0.355496 0 0 1
v 0.510505 0.263487 0.358928 0 0 1
v 0.510435 0.264715 0.362552 0 0 1
v 0.517693 0.268631 0.364224 0 0 1
v 0.517453 0.272246 0.362994 0 0 1
v 0.517333 0.273935 0.359561 0 0 1
v 0.517403 0.272706 0.355938 0 0 1
v 0.517623 0.269281 0.354245 0 0 1
v 0.517864 0.265665 0.355475 0 0 1
v 0.517984 0.263977 0.358908 0 0 1
v 0.517913 0.265205 0.362531 0 0 1
v 0.525171 0.269121 0.364203 0 0 1
v 0.524931 0.272736 0.362973 0 0 1
v 0.524811 0.274425 0.359541 0 0 1
v 0.524882 0.273196 0.355917 0 0 1
v 0.525101 0.269771 0.354225 0 0 1
v 0.525342 0.266156 0.355455 0 0 1
v 0.525462 0.264467 0.358887 0 0 1
v 0.525391 0.265695 0.362511 0 0 1
v 0.532649 0.269611 0.364183 0 0 1
v 0.532409 0.273226 0.362953 0 0 1
v 0.532289 0.274915 0.359521 0 0 1
v 0.53236 0.273686 0.355897 0 0 1
v 0.53258 0.270261 0.354205 0 0 1
v 0.53282 0.266646 0.355435 0 0 1
v 0.53294 0.264957 0.358867 0 0 1
v 0.532869 0.266185 0.362491 0 0 1
v 0.472789 0.269937 0.359334 0 0 1
v 0.502702 0.267976 0.359275 0 0 1
v 0.472821 0.270263 0.364323 0 0 1
v 0.473042 0.273688 0.362631 0 0 1
v 0.473115 0.274915 0.359007 0 0 1
v 0.472998 0.273227 0.355575 0 0 1
v 0.472758 0.269611 0.354345 0 0 1
v 0.472537 0.266186 0.356037 0 0 1
v 0.472464 0.264958 0.359661 0 0 1
v 0.472581 0.266647 0.363093 0 0 1
v 0.480299 0.269772 0.364309 0 0 1
v 0.48052 0.273197 0.362616 0 0 1
v 0.480593 0.274425 0.358992 0 0 1
v 0.480476 0.272737 0.35556 0 0 1
v 0.480236 0.269121 0.35433 0 0 1
v 0.480015 0.265696 0.356023 0 0 1
v 0.479942 0.264468 0.359646 0 0 1
v 0.480059 0.266156 0.363078 0 0 1
v 0.487777 0.269282 0.364294 0 0 1
v 0.487998 0.272707 0.362601 0 0 1
v 0.488071 0.273935 0.358978 0 0 1
v 0.487954 0.272246 0.355545 0 0 1
v 0.487715 0.268631 0.354315 0 0 1
v 0.487493 0.265206 0.356008 0 0 1
v 0.48742 0.263978 0.359632 0 0 1
v 0.487537 0.265666 0.363064 0 0 1
v 0.495255 0.268792 0.364279 0 0 1
v 0.495476 0.272217 0.362587 0 0 1
v 0.49555 0.273445 0.358963 0 0 1
v 0.495432 0.271756 0.355531 0 0 1
v 0.495193 0.26814 0.354301 0 0 1
v 0.494971 0.264715 0.355993 0 0 1
v 0.494898 0.263487 0.359617 0 0 1
v 0.495015 0.265176 0.363049 0 0 1
v 0.502733 0.268302 0.364265 0 0 1
v 0.502954 0.271727 0.362572 0 0 1
v 0.503028 0.272954 0.358948 0 0 1
v 0.50291 0.271266 0.355516 0 0 1
v 0.502671 0.26765 0.354286 0 0 1
v 0.50245 0.264225 0.355979 0 0 1
v 0.502376 0.262997 0.359602 0 0 1
v 0.502494 0.264686 0.363035 0 0 1
v 0.443389 0.275785 0.359369 0 0 1
v 0.472789 0.269937 0.359334 0 0 1
v 0.443585 0.276741 0.364273 0 0 1
v 0.444203 0.279862 0.362147 0 0 1
v 0.444344 0.280595 0.358393 0 0 1
v 0.443926 0.278511 0.355211 0 0 1
v 0.443193 0.27483 0.354465 0 0 1
v 0.442574 0.271708 0.356591 0 0 1
v 0.442433 0.270975 0.360344 0 0 1
v 0.442852 0.27306 0.363526 0 0 1
v 0.450935 0.275279 0.364264 0 0 1
v 0.451553 0.2784 0.362138 0 0 1
v 0.451695 0.279133 0.358385 0 0 1
v 0.451276 0.277049 0.355203 0 0 1
v 0.450543 0.273367 0.354456 0 0 1
v 0.449925 0.270246 0.356582 0 0 1
v 0.449783 0.269513 0.360336 0 0 1
v 0.450202 0.271598 0.363517 0 0 1
v 0.458285 0.273817 0.364255 0 0 1
v 0.458903 0.276938 0.362129 0 0 1
v 0.459045 0.277671 0.358376 0 0 1
v 0.458626 0.275586 0.355194 0 0 1
v 0.457893 0.271905 0.354447 0 0 1
v 0.457275 0.268784 0.356574 0 0 1
v 0.457133 0.268051 0.360327 0 0 1
v 0.457552 0.270136 0.363509 0 0 1
v 0.465635 0.272355 0.364247 0 0 1
v 0.466254 0.275476 0.36212 0 0 1
v 0.466395 0.276209 0.358367 0 0 1
v 0.465976 0.274124 0.355185 0 0 1
v 0.465243 0.270443 0.354439 0 0 1
v 0.464625 0.267322 0.356565 0 0 1
v 0.464484 0.266589 0.360318 0 0 1
v 0.464902 0.268674 0.3635 0 0 1
v 0.472985 0.270892 0.364238 0 0 1
v 0.473604 0.274014 0.362112 0 0 1
v 0.473745 0.274747 0.358358 0 0 1
v 0.473327 0.272662 0.355177 0 0 1
v 0.472594 0.268981 0.35443 0 0 1
v 0.471975 0.26586 0.356556 0 0 1
v 0.471834 0.265127 0.360309 0 0 1
v 0.472252 0.267211 0.363491 0 0 1
v 0.415003 0.285421 0.359379 0 0 1
v 0.443389 0.275785 0.359369 0 0 1
v 0.415521 0.286943 0.364114 0 0 1
v 0.416445 0.289667 0.361591 0 0 1
v 0.416524 0.289905 0.357772 0 0 1
v 0.415712 0.287516 0.354895 0 0 1
v 0.414485 0.2839 0.354645 0 0 1
v 0.413561 0.281175 0.357168 0 0 1
v 0.413482 0.280938 0.360986 0 0 1
v 0.414294 0.283327 0.363864 0 0 1
v 0.422618 0.284534 0.364111 0 0 1
v 0.423542 0.287258 0.361588 0 0 1
v 0.423621 0.287496 0.357769 0 0 1
v 0.422809 0.285107 0.354892 0 0 1
v 0.421581 0.281491 0.354642 0 0 1
v 0.420657 0.278766 0.357165 0 0 1
v 0.420578 0.278529 0.360984 0 0 1
v 0.42139 0.280918 0.363861 0 0 1
v 0.429714 0.282125 0.364109 0 0 1
v 0.430638 0.284849 0.361585 0 0 1
v 0.430717 0.285087 0.357767 0 0 1
v 0.429905 0.282698 0.35489 0 0 1
v 0.428678 0.279082 0.354639 0 0 1
v 0.427754 0.276357 0.357163 0 0 1
v 0.427674 0.27612 0.360981 0 0 1
v 0.428486 0.278509 0.363858 0 0 1
v 0.436811 0.279716 0.364106 0 0 1
v 0.437735 0.28244 0.361583 0 0 1
v 0.437814 0.282678 0.357764 0 0 1
v 0.437002 0.280289 0.354887 0 0 1
v 0.435774 0.276673 0.354637 0 0 1
v 0.43485 0.273948 0.35716 0 0 1
v 0.434771 0.273711 0.360979 0 0 1
v 0.435583 0.2761 0.363856 0 0 1
v 0.443907 0.277307 0.364103 0 0 1
v 0.444831 0.280031 0.36158 0 0 1
v 0.44491 0.280269 0.357761 0 0 1
v 0.444098 0.27788 0.354884 0 0 1
v 0.442871 0.274264 0.354634 0 0 1
v 0.441947 0.271539 0.357157 0 0 1
v 0.441867 0.271302 0.360976 0 0 1
v 0.442679 0.273691 0.363853 0 0 1
v 0.388118 0.29868 0.359365 0 0 1
v 0.415003 0.285421 0.359379 0 0 1
v 0.389094 0.300664 0.363849 0 0 1
v 0.390211 0.302926 0.360972 0 0 1
v 0.390102 0.302701 0.357154 0 0 1
v 0.388831 0.30012 0.35463 0 0 1
v 0.387141 0.296695 0.354881 0 0 1
v 0.386024 0.294433 0.357758 0 0 1
v 0.386133 0.294658 0.361576 0 0 1
v 0.387405 0.297239 0.3641 0 0 1
v 0.395815 0.297349 0.363853 0 0 1
v 0.396932 0.299612 0.360976 0 0 1
v 0.396823 0.299386 0.357157 0 0 1
v 0.395552 0.296806 0.354634 0 0 1
v 0.393863 0.293381 0.354884 0 0 1
v 0.392746 0.291118 0.357761 0 0 1
v 0.392855 0.291344 0.36158 0 0 1
v 0.394126 0.293925 0.364103 0 0 1
v 0.402537 0.294035 0.363856 0 0 1
v 0.403654 0.296297 0.360979 0 0 1
v 0.403545 0.296072 0.357161 0 0 1
v 0.402273 0.293491 0.354637 0 0 1
v 0.400584 0.290066 0.354888 0 0 1
v 0.399467 0.287804 0.357765 0 0 1
v 0.399576 0.288029 0.361584 0 0 1
v 0.400847 0.29061 0.364107 0 0 1
v 0.409258 0.29072 0.36386 0 0 1
v 0.410375 0.292983 0.360983 0 0 1
v 0.410266 0.292757 0.357164 0 0 1
v 0.408994 0.290176 0.354641 0 0 1
v 0.407305 0.286751 0.354891 0 0 1
v 0.406188 0.284489 0.357768 0 0 1
v 0.406297 0.284714 0.361587 0 0 1
v 0.407569 0.287295 0.36411 0 0 1
v 0.415979 0.287406 0.363864 0 0 1
v 0.417096 0.289668 0.360986 0 0 1
v 0.416987 0.289443 0.357168 0 0 1
v 0.415716 0.286862 0.354644 0 0 1
v 0.414027 0.283437 0.354895 0 0 1
v 0.41291 0.281174 0.357772 0 0 1
v 0.413019 0.2814 0.361591 0 0 1
v 0.41429 0.283981 0.364114 0 0 1
v 0.363193 0.315334 0.359327 0 0 1
v 0.388118 0.29868 0.359365 0 0 1
v 0.364732 0.317647 0.363484 0 0 1
v 0.365916 0.319412 0.360302 0 0 1
v 0.365506 0.318789 0.356549 0 0 1
v 0.36374 0.316141 0.354423 0 0 1
v 0.361654 0.313021 0.355169 0 0 1
v 0.36047 0.311256 0.358351 0 0 1
v 0.36088 0.311879 0.362104 0 0 1
v 0.362646 0.314526 0.36423 0 0 1
v 0.370963 0.313483 0.363493 0 0 1
v 0.372148 0.315249 0.360312 0 0 1
v 0.371737 0.314625 0.356558 0 0 1
v 0.369971 0.311978 0.354432 0 0 1
v 0.367885 0.308858 0.355179 0 0 1
v 0.366701 0.307092 0.358361 0 0 1
v 0.367112 0.307716 0.362114 0 0 1
v 0.368877 0.310363 0.36424 0 0 1
v 0.377194 0.309319 0.363503 0 0 1
v 0.378379 0.311085 0.360321 0 0 1
v 0.377968 0.310462 0.356568 0 0 1
v 0.376203 0.307814 0.354442 0 0 1
v 0.374117 0.304694 0.355188 0 0 1
v 0.372932 0.302929 0.35837 0 0 1
v 0.373343 0.303552 0.362124 0 0 1
v 0.375108 0.306199 0.36425 0 0 1
v 0.383425 0.305156 0.363513 0 0 1
v 0.38461 0.306921 0.360331 0 0 1
v 0.384199 0.306298 0.356578 0 0 1
v 0.382434 0.303651 0.354451 0 0 1
v 0.380348 0.300531 0.355198 0 0 1
v 0.379163 0.298765 0.35838 0 0 1
v 0.379574 0.299389 0.362133 0 0 1
v 0.381339 0.302036 0.364259 0 0 1
v 0.389657 0.300992 0.363522 0 0 1
v 0.390841 0.302758 0.36034 0 0 1
v 0.39043 0.302134 0.356587 0 0 1
v 0.388665 0.299487 0.354461 0 0 1
v 0.386579 0.296367 0.355208 0 0 1
v 0.385394 0.294602 0.35839 0 0 1
v 0.385805 0.295225 0.362143 0 0 1
v 0.387571 0.297872 0.364269 0 0 1
v 0.340655 0.335099 0.359264 0 0 1
v 0.363193 0.315334 0.359327 0 0 1
v 0.342823 0.337583 0.363024 0 0 1
v 0.343945 0.338851 0.359591 0 0 1
v 0.343139 0.337921 0.355968 0 0 1
v 0.340879 0.335338 0.354275 0 0 1
v 0.338488 0.332615 0.355505 0 0 1
v 0.337366 0.331347 0.358937 0 0 1
v 0.338172 0.332277 0.362561 0 0 1
v 0.340432 0.33486 0.364254 0 0 1
v 0.348458 0.332641 0.363039 0 0 1
v 0.349579 0.333909 0.359607 0 0 1
v 0.348774 0.33298 0.355983 0 0 1
v 0.346513 0.330397 0.354291 0 0 1
v 0.344122 0.327674 0.355521 0 0 1
v 0.343001 0.326406 0.358953 0 0 1
v 0.343806 0.327336 0.362577 0 0 1
v 0.346066 0.329919 0.364269 0 0 1
v 0.354092 0.3277 0.363055 0 0 1
v 0.355213 0.328968 0.359622 0 0 1
v 0.354408 0.328038 0.355999 0 0 1
v 0.352148 0.325455 0.354306 0 0 1
v 0.349756 0.322733 0.355536 0 0 1
v 0.348635 0.321465 0.358968 0 0 1
v 0.34944 0.322395 0.362592 0 0 1
v 0.351701 0.324977 0.364285 0 0 1
v 0.359726 0.322759 0.36307 0 0 1
v 0.360848 0.324027 0.359638 0 0 1
v 0.360042 0.323097 0.356014 0 0 1
v 0.357782 0.320514 0.354322 0 0 1
v 0.355391 0.317791 0.355552 0 0 1
v 0.354269 0.316524 0.358984 0 0 1
v 0.355075 0.317453 0.362608 0 0 1
v 0.357335 0.320036 0.3643 0 0 1
v 0.365361 0.317818 0.363086 0 0 1
v 0.366482 0.319086 0.359654 0 0 1
v 0.365677 0.318156 0.35603 0 0 1
v 0.363416 0.315573 0.354337 0 0 1
v 0.361025 0.31285 0.355567 0 0 1
v 0.359904 0.311582 0.359 0 0 1
v 0.360709 0.312512 0.362623 0 0 1
v 0.36297 0.315095 0.364316 0 0 1
v 0.32089 0.357637 0.35918 0 0 1
v 0.340655 0.335099 0.359264 0 0 1
v 0.323711 0.360122 0.362476 0 0 1
v 0.324642 0.360926 0.358853 0 0 1
v 0.323376 0.359802 0.35542 0 0 1
v 0.320654 0.35741 0.35419 0 0 1
v 0.31807 0.355151 0.355883 0 0 1
v 0.317139 0.354348 0.359507 0 0 1
v 0.318405 0.355471 0.362939 0 0 1
v 0.321127 0.357863 0.364169 0 0 1
v 0.328652 0.354488 0.362497 0 0 1
v 0.329583 0.355291 0.358874 0 0 1
v 0.328317 0.354168 0.355442 0 0 1
v 0.325595 0.351776 0.354212 0 0 1
v 0.323011 0.349517 0.355904 0 0 1
v 0.32208 0.348713 0.359528 0 0 1
v 0.323346 0.349836 0.36296 0 0 1
v 0.326068 0.352228 0.36419 0 0 1
v 0.333593 0.348853 0.362519 0 0 1
v 0.334525 0.349657 0.358895 0 0 1
v 0.333259 0.348533 0.355463 0 0 1
v 0.330536 0.346142 0.354233 0 0 1
v 0.327953 0.343882 0.355925 0 0 1
v 0.327021 0.343079 0.359549 0 0 1
v 0.328287 0.344202 0.362981 0 0 1
v 0.331009 0.346594 0.364211 0 0 1
v 0.338534 0.343219 0.36254 0 0 1
v 0.339466 0.344022 0.358916 0 0 1
v 0.3382 0.342899 0.355484 0 0 1
v 0.335478 0.340507 0.354254 0 0 1
v 0.332894 0.338248 0.355946 0 0 1
v 0.331962 0.337444 0.35957 0 0 1
v 0.333229 0.338568 0.363002 0 0 1
v 0.335951 0.34096 0.364232 0 0 1
v 0.343476 0.337585 0.362561 0 0 1
v 0.344407 0.338388 0.358937 0 0 1
v 0.343141 0.337265 0.355505 0 0 1
v 0.340419 0.334873 0.354275 0 0 1
v 0.337835 0.332613 0.355968 0 0 1
v 0.336904 0.33181 0.359591 0 0 1
v 0.33817 0.332933 0.363024 0 0 1
v 0.340892 0.335325 0.364254 0 0 1
v 0.304236 0.382561 0.359074 0 0 1
v 0.32089 0.357637 0.35918 0 0 1
v 0.307687 0.384879 0.361851 0 0 1
v 0.308316 0.385283 0.358098 0 0 1
v 0.306554 0.384092 0.354916 0 0 1
v 0.303435 0.382005 0.35417 0 0 1
v 0.300785 0.380243 0.356296 0 0 1
v 0.300157 0.379839 0.360049 0 0 1
v 0.301918 0.38103 0.363231 0 0 1
v 0.305038 0.383117 0.363978 0 0 1
v 0.311851 0.378648 0.361878 0 0 1
v 0.312479 0.379052 0.358125 0 0 1
v 0.310718 0.377861 0.354943 0 0 1
v 0.307598 0.375774 0.354196 0 0 1
v 0.304949 0.374012 0.356322 0 0 1
v 0.30432 0.373608 0.360076 0 0 1
v 0.306082 0.374799 0.363257 0 0 1
v 0.309201 0.376886 0.364004 0 0 1
v 0.316015 0.372417 0.361904 0 0 1
v 0.316643 0.37282 0.358151 0 0 1
v 0.314881 0.37163 0.354969 0 0 1
v 0.311762 0.369543 0.354223 0 0 1
v 0.309112 0.367781 0.356349 0 0 1
v 0.308484 0.367377 0.360102 0 0 1
v 0.310245 0.368568 0.363284 0 0 1
v 0.313365 0.370655 0.364031 0 0 1
v 0.320178 0.366186 0.361931 0 0 1
v 0.320806 0.366589 0.358178 0 0 1
v 0.319045 0.365399 0.354996 0 0 1
v 0.315925 0.363311 0.354249 0 0 1
v 0.313276 0.36155 0.356375 0 0 1
v 0.312647 0.361146 0.360129 0 0 1
v 0.314409 0.362337 0.36331 0 0 1
v 0.317528 0.364424 0.364057 0 0 1
v 0.324342 0.359954 0.361957 0 0 1
v 0.32497 0.360358 0.358204 0 0 1
v 0.323208 0.359168 0.355022 0 0 1
v 0.320089 0.35708 0.354276 0 0 1
v 0.317439 0.355319 0.356402 0 0 1
v 0.316811 0.354915 0.360155 0 0 1
v 0.318573 0.356105 0.363337 0 0 1
v 0.321692 0.358193 0.364083 0 0 1
v 0.290978 0.409446 0.358948 0 0 1
v 0.304236 0.382561 0.359074 0 0 1
v 0.294996 0.411438 0.36116 0 0 1
v 0.295227 0.411534 0.357341 0 0 1
v 0.29297 0.410407 0.354464 0 0 1
v 0.289545 0.408718 0.354214 0 0 1
v 0.28696 0.407454 0.356737 0 0 1
v 0.286729 0.407358 0.360556 0 0 1
v 0.288986 0.408485 0.363433 0 0 1
v 0.292411 0.410175 0.363683 0 0 1
v 0.29831 0.404717 0.361191 0 0 1
v 0.298542 0.404813 0.357373 0 0 1
v 0.296284 0.403686 0.354495 0 0 1
v 0.29286 0.401996 0.354245 0 0 1
v 0.290275 0.400733 0.356768 0 0 1
v 0.290043 0.400637 0.360587 0 0 1
v 0.292301 0.401764 0.363464 0 0 1
v 0.295725 0.403454 0.363714 0 0 1
v 0.301625 0.397995 0.361222 0 0 1
v 0.301856 0.398092 0.357404 0 0 1
v 0.299599 0.396965 0.354527 0 0 1
v 0.296174 0.395275 0.354276 0 0 1
v 0.293589 0.394012 0.3568 0 0 1
v 0.293358 0.393916 0.360618 0 0 1
v 0.295615 0.395042 0.363495 0 0 1
v 0.29904 0.396732 0.363746 0 0 1
v 0.304939 0.391274 0.361254 0 0 1
v 0.305171 0.39137 0.357435 0 0 1
v 0.302913 0.390244 0.354558 0 0 1
v 0.299489 0.388554 0.354308 0 0 1
v 0.296904 0.387291 0.356831 0 0 1
v 0.296672 0.387194 0.360649 0 0 1
v 0.29893 0.388321 0.363527 0 0 1
v 0.302354 0.390011 0.363777 0 0 1
v 0.308254 0.384553 0.361285 0 0 1
v 0.308486 0.384649 0.357466 0 0 1
v 0.306228 0.383522 0.354589 0 0 1
v 0.302804 0.381833 0.354339 0 0 1
v 0.300218 0.380569 0.356862 0 0 1
v 0.299987 0.380473 0.360681 0 0 1
v 0.302245 0.3816 0.363558 0 0 1
v 0.305669 0.38329 0.363808 0 0 1
v 0.281342 0.437832 0.358806 0 0 1
v 0.290978 0.409446 0.358948 0 0 1
v 0.285823 0.439361 0.360413 0 0 1
v 0.285592 0.439263 0.356594 0 0 1
v 0.282871 0.438327 0.354071 0 0 1
v 0.279255 0.437101 0.354322 0 0 1
v 0.276861 0.436303 0.357199 0 0 1
v 0.277092 0.4364 0.361017 0 0 1
v 0.279813 0.437336 0.36354 0 0 1
v 0.283429 0.438563 0.36329 0 0 1
v 0.288232 0.432264 0.360449 0 0 1
v 0.288001 0.432167 0.35663 0 0 1
v 0.28528 0.431231 0.354107 0 0 1
v 0.281664 0.430004 0.354357 0 0 1
v 0.27927 0.429206 0.357234 0 0 1
v 0.279501 0.429304 0.361053 0 0 1
v 0.282222 0.43024 0.363576 0 0 1
v 0.285838 0.431466 0.363326 0 0 1
v 0.290641 0.425168 0.360484 0 0 1
v 0.29041 0.42507 0.356666 0 0 1
v 0.287689 0.424134 0.354143 0 0 1
v 0.284073 0.422908 0.354393 0 0 1
v 0.281679 0.42211 0.35727 0 0 1
v 0.28191 0.422207 0.361089 0 0 1
v 0.284631 0.423144 0.363612 0 0 1
v 0.288247 0.42437 0.363361 0 0 1
v 0.29305 0.418072 0.36052 0 0 1
v 0.292819 0.417974 0.356701 0 0 1
v 0.290098 0.417038 0.354178 0 0 1
v 0.286482 0.415812 0.354428 0 0 1
v 0.284088 0.415013 0.357306 0 0 1
v 0.284319 0.415111 0.361124 0 0 1
v 0.28704 0.416047 0.363647 0 0 1
v 0.290656 0.417274 0.363397 0 0 1
v 0.295459 0.410975 0.360556 0 0 1
v 0.295228 0.410878 0.356737 0 0 1
v 0.292507 0.409941 0.354214 0 0 1
v 0.288891 0.408715 0.354464 0 0 1
v 0.286497 0.407917 0.357341 0 0 1
v 0.286728 0.408015 0.36116 0 0 1
v 0.289449 0.408951 0.363683 0 0 1
v 0.293065 0.410177 0.363433 0 0 1
v 0.275494 0.467232 0.358649 0 0 1
v 0.281342 0.437832 0.358806 0 0 1
v 0.280303 0.468194 0.359624 0 0 1
v 0.279574 0.468029 0.355871 0 0 1
v 0.276456 0.467397 0.353745 0 0 1
v 0.272774 0.466669 0.354491 0 0 1
v 0.270685 0.46627 0.357673 0 0 1
v 0.271414 0.466435 0.361426 0 0 1
v 0.274532 0.467067 0.363552 0 0 1
v 0.278214 0.467795 0.362806 0 0 1
v 0.281765 0.460844 0.359663 0 0 1
v 0.281036 0.460679 0.35591 0 0 1
v 0.277918 0.460047 0.353784 0 0 1
v 0.274236 0.459319 0.354531 0 0 1
v 0.272147 0.45892 0.357712 0 0 1
v 0.272876 0.459085 0.361466 0 0 1
v 0.275994 0.459717 0.363592 0 0 1
v 0.279676 0.460445 0.362845 0 0 1
v 0.283227 0.453494 0.359703 0 0 1
v 0.282498 0.453329 0.355949 0 0 1
v 0.27938 0.452697 0.353823 0 0 1
v 0.275698 0.451969 0.35457 0 0 1
v 0.273609 0.45157 0.357752 0 0 1
v 0.274338 0.451735 0.361505 0 0 1
v 0.277456 0.452367 0.363631 0 0 1
v 0.281138 0.453095 0.362885 0 0 1
v 0.284689 0.446144 0.359742 0 0 1
v 0.28396 0.445979 0.355989 0 0 1
v 0.280842 0.445347 0.353863 0 0 1
v 0.27716 0.444618 0.354609 0 0 1
v 0.275071 0.44422 0.357791 0 0 1
v 0.2758 0.444385 0.361544 0 0 1
v 0.278918 0.445017 0.36367 0 0 1
v 0.2826 0.445745 0.362924 0 0 1
v 0.286151 0.438793 0.359781 0 0 1
v 0.285423 0.438628 0.356028 0 0 1
v 0.282304 0.437997 0.353902 0 0 1
v 0.278622 0.437268 0.354649 0 0 1
v 0.276534 0.43687 0.35783 0 0 1
v 0.277262 0.437035 0.361584 0 0 1
v 0.28038 0.437667 0.36371 0 0 1
v 0.284062 0.438395 0.362963 0 0 1
v 0.273533 0.497144 0.358479 0 0 1
v 0.275494 0.467232 0.358649 0 0 1
v 0.278512 0.497472 0.358806 0 0 1
v 0.277286 0.497371 0.355183 0 0 1
v 0.273862 0.497137 0.35349 0 0 1
v 0.270245 0.496907 0.35472 0 0 1
v 0.268555 0.496816 0.358152 0 0 1
v 0.269781 0.496917 0.361776 0 0 1
v 0.273205 0.497151 0.363468 0 0 1
v 0.276822 0.497381 0.362238 0 0 1
v 0.279002 0.489994 0.358849 0 0 1
v 0.277776 0.489893 0.355225 0 0 1
v 0.274352 0.489659 0.353532 0 0 1
v 0.270735 0.489429 0.354762 0 0 1
v 0.269045 0.489338 0.358195 0 0 1
v 0.270271 0.489439 0.361818 0 0 1
v 0.273695 0.489673 0.363511 0 0 1
v 0.277312 0.489903 0.362281 0 0 1
v 0.279492 0.482516 0.358891 0 0 1
v 0.278266 0.482415 0.355267 0 0 1
v 0.274842 0.482181 0.353575 0 0 1
v 0.271226 0.481951 0.354805 0 0 1
v 0.269535 0.48186 0.358237 0 0 1
v 0.270761 0.481961 0.361861 0 0 1
v 0.274186 0.482195 0.363553 0 0 1
v 0.277802 0.482425 0.362323 0 0 1
v 0.279982 0.475038 0.358933 0 0 1
v 0.278756 0.474937 0.35531 0 0 1
v 0.275332 0.474703 0.353617 0 0 1
v 0.271716 0.474473 0.354847 0 0 1
v 0.270025 0.474382 0.358279 0 0 1
v 0.271252 0.474483 0.361903 0 0 1
v 0.274676 0.474717 0.363595 0 0 1
v 0.278292 0.474947 0.362365 0 0 1
v 0.280473 0.46756 0.358976 0 0 1
v 0.279246 0.467459 0.355352 0 0 1
v 0.275822 0.467225 0.353659 0 0 1
v 0.272206 0.466995 0.354889 0 0 1
v 0.270516 0.466904 0.358322 0 0 1
v 0.271742 0.467005 0.361945 0 0 1
v 0.275166 0.467239 0.363638 0 0 1
v 0.278782 0.467469 0.362408 0 0 1
v 0.275494 0.527056 0.358301 0 0 1
v 0.273533 0.497144 0.358479 0 0 1
v 0.280473 0.526728 0.357974 0 0 1
v 0.278782 0.526818 0.354542 0 0 1
v 0.275166 0.527048 0.353312 0 0 1
v 0.271742 0.527282 0.355004 0 0 1
v 0.270516 0.527384 0.358628 0 0 1
v 0.272206 0.527294 0.36206 0 0 1
v 0.275822 0.527064 0.36329 0 0 1
v 0.279247 0.52683 0.361597 0 0 1
v 0.279982 0.51925 0.358018 0 0 1
v 0.278292 0.51934 0.354586 0 0 1
v 0.274676 0.51957 0.353356 0 0 1
v 0.271251 0.519804 0.355049 0 0 1
v 0.270025 0.519906 0.358672 0 0 1
v 0.271716 0.519816 0.362104 0 0 1
v 0.275332 0.519586 0.363335 0 0 1
v 0.278756 0.519352 0.361642 0 0 1
v 0.279492 0.511772 0.358063 0 0 1
v 0.277802 0.511862 0.354631 0 0 1
v 0.274186 0.512092 0.353401 0 0 1
v 0.270761 0.512326 0.355093 0 0 1
v 0.269535 0.512428 0.358717 0 0 1
v 0.271226 0.512338 0.362149 0 0 1
v 0.274842 0.512108 0.363379 0 0 1
v 0.278266 0.511874 0.361687 0 0 1
v 0.279002 0.504294 0.358108 0 0 1
v 0.277312 0.504384 0.354675 0 0 1
v 0.273695 0.504614 0.353445 0 0 1
v 0.270271 0.504848 0.355138 0 0 1
v 0.269045 0.50495 0.358762 0 0 1
v 0.270735 0.50486 0.362194 0 0 1
v 0.274352 0.50463 0.363424 0 0 1
v 0.277776 0.504396 0.361731 0 0 1
v 0.278512 0.496816 0.358152 0 0 1
v 0.276822 0.496906 0.35472 0 0 1
v 0.273205 0.497136 0.35349 0 0 1
v 0.269781 0.49737 0.355183 0 0 1
v 0.268555 0.497472 0.358806 0 0 1
v 0.270245 0.497382 0.362238 0 0 1
v 0.273862 0.497152 0.363468 0 0 1
v 0.277286 0.496918 0.361776 0 0 1
v 0.281342 0.556456 0.358116 0 0 1
v 0.275494 0.527056 0.358301 0 0 1
v 0.286151 0.555494 0.357141 0 0 1
v 0.284062 0.555889 0.353959 0 0 1
v 0.28038 0.556617 0.353212 0 0 1
v 0.277261 0.557251 0.355338 0 0 1
v 0.276534 0.557419 0.359092 0 0 1
v 0.278623 0.557023 0.362273 0 0 1
v 0.282305 0.556296 0.36302 0 0 1
v 0.285423 0.555662 0.360894 0 0 1
v 0.284689 0.548144 0.357187 0 0 1
v 0.2826 0.548539 0.354005 0 0 1
v 0.278918 0.549267 0.353258 0 0 1
v 0.275799 0.549901 0.355384 0 0 1
v 0.275072 0.550069 0.359138 0 0 1
v 0.277161 0.549673 0.36232 0 0 1
v 0.280843 0.548946 0.363066 0 0 1
v 0.283961 0.548312 0.36094 0 0 1
v 0.283227 0.540794 0.357233 0 0 1
v 0.281138 0.541189 0.354051 0 0 1
v 0.277456 0.541917 0.353305 0 0 1
v 0.274337 0.542551 0.355431 0 0 1
v 0.27361 0.542719 0.359184 0 0 1
v 0.275699 0.542323 0.362366 0 0 1
v 0.279381 0.541596 0.363112 0 0 1
v 0.282499 0.540962 0.360986 0 0 1
v 0.281765 0.533444 0.357279 0 0 1
v 0.279676 0.533839 0.354097 0 0 1
v 0.275993 0.534567 0.353351 0 0 1
v 0.272875 0.5352 0.355477 0 0 1
v 0.272148 0.535369 0.35923 0 0 1
v 0.274237 0.534973 0.362412 0 0 1
v 0.277919 0.534246 0.363158 0 0 1
v 0.281037 0.533612 0.361032 0 0 1
v 0.280303 0.526094 0.357325 0 0 1
v 0.278214 0.526489 0.354143 0 0 1
v 0.274531 0.527217 0.353397 0 0 1
v 0.271413 0.52785 0.355523 0 0 1
v 0.270686 0.528019 0.359276 0 0 1
v 0.272775 0.527623 0.362458 0 0 1
v 0.276457 0.526895 0.363205 0 0 1
v 0.279575 0.526262 0.361079 0 0 1
v 0.290978 0.584842 0.357928 0 0 1
v 0.281342 0.556456 0.358116 0 0 1
v 0.295458 0.58331 0.356321 0 0 1
v 0.293063 0.584104 0.353444 0 0 1
v 0.289446 0.58533 0.353194 0 0 1
v 0.286727 0.58627 0.355717 0 0 1
v 0.286498 0.586373 0.359536 0 0 1
v 0.288893 0.585579 0.362413 0 0 1
v 0.292509 0.584353 0.362663 0 0 1
v 0.295229 0.583413 0.36014 0 0 1
v 0.293049 0.576214 0.356368 0 0 1
v 0.290654 0.577008 0.353491 0 0 1
v 0.287038 0.578234 0.353241 0 0 1
v 0.284318 0.579174 0.355764 0 0 1
v 0.284089 0.579277 0.359583 0 0 1
v 0.286484 0.578483 0.36246 0 0 1
v 0.2901 0.577257 0.36271 0 0 1
v 0.29282 0.576317 0.360187 0 0 1
v 0.29064 0.569118 0.356415 0 0 1
v 0.288245 0.569912 0.353538 0 0 1
v 0.284629 0.571138 0.353288 0 0 1
v 0.281909 0.572077 0.355811 0 0 1
v 0.28168 0.57218 0.359629 0 0 1
v 0.284075 0.571386 0.362507 0 0 1
v 0.287692 0.57016 0.362757 0 0 1
v 0.290411 0.569221 0.360234 0 0 1
v 0.288231 0.562021 0.356462 0 0 1
v 0.285836 0.562815 0.353585 0 0 1
v 0.28222 0.564041 0.353335 0 0 1
v 0.2795 0.564981 0.355858 0 0 1
v 0.279271 0.565084 0.359676 0 0 1
v 0.281666 0.56429 0.362553 0 0 1
v 0.285283 0.563064 0.362804 0 0 1
v 0.288002 0.562124 0.360281 0 0 1
v 0.285822 0.554925 0.356509 0 0 1
v 0.283427 0.555719 0.353632 0 0 1
v 0.279811 0.556945 0.353382 0 0 1
v 0.277091 0.557885 0.355905 0 0 1
v 0.276862 0.557988 0.359723 0 0 1
v 0.279257 0.557194 0.3626 0 0 1
v 0.282874 0.555968 0.362851 0 0 1
v 0.285593 0.555028 0.360327 0 0 1
v 0.304236 0.611726 0.357741 0 0 1
v 0.290978 0.584842 0.357928 0 0 1
v 0.308252 0.60973 0.35553 0 0 1
v 0.305665 0.610989 0.353007 0 0 1
v 0.30224 0.612679 0.353257 0 0 1
v 0.299985 0.613811 0.356134 0 0 1
v 0.30022 0.613722 0.359953 0 0 1
v 0.302808 0.612464 0.362476 0 0 1
v 0.306232 0.610773 0.362225 0 0 1
v 0.308487 0.609641 0.359348 0 0 1
v 0.304937 0.603009 0.355576 0 0 1
v 0.30235 0.604268 0.353053 0 0 1
v 0.298926 0.605958 0.353304 0 0 1
v 0.296671 0.60709 0.356181 0 0 1
v 0.296906 0.607001 0.359999 0 0 1
v 0.299493 0.605743 0.362522 0 0 1
v 0.302917 0.604052 0.362272 0 0 1
v 0.305172 0.60292 0.359395 0 0 1
v 0.301623 0.596288 0.355623 0 0 1
v 0.299035 0.597547 0.3531 0 0 1
v 0.295611 0.599237 0.353351 0 0 1
v 0.293356 0.600369 0.356228 0 0 1
v 0.293591 0.60028 0.360046 0 0 1
v 0.296179 0.599021 0.362569 0 0 1
v 0.299603 0.597331 0.362319 0 0 1
v 0.301858 0.596199 0.359442 0 0 1
v 0.298308 0.589567 0.35567 0 0 1
v 0.295721 0.590825 0.353147 0 0 1
v 0.292297 0.592516 0.353397 0 0 1
v 0.290042 0.593648 0.356274 0 0 1
v 0.290277 0.593559 0.360093 0 0 1
v 0.292864 0.5923 0.362616 0 0 1
v 0.296288 0.59061 0.362366 0 0 1
v 0.298543 0.589478 0.359489 0 0 1
v 0.294994 0.582846 0.355717 0 0 1
v 0.292406 0.584104 0.353194 0 0 1
v 0.288982 0.585795 0.353444 0 0 1
v 0.286727 0.586927 0.356321 0 0 1
v 0.286962 0.586837 0.36014 0 0 1
v 0.28955 0.585579 0.362663 0 0 1
v 0.292974 0.583889 0.362413 0 0 1
v 0.295229 0.582756 0.359536 0 0 1
v 0.32089 0.63665 0.357557 0 0 1
v 0.304236 0.611726 0.357741 0 0 1
v 0.324338 0.634327 0.354779 0 0 1
v 0.321685 0.636083 0.352653 0 0 1
v 0.318566 0.638173 0.3534 0 0 1
v 0.31681 0.63937 0.356582 0 0 1
v 0.317443 0.638974 0.360335 0 0 1
v 0.320096 0.637217 0.362461 0 0 1
v 0.323214 0.635128 0.361714 0 0 1
v 0.324971 0.633931 0.358533 0 0 1
v 0.320174 0.628095 0.354825 0 0 1
v 0.317521 0.629852 0.352699 0 0 1
v 0.314403 0.631942 0.353446 0 0 1
v 0.312646 0.633139 0.356628 0 0 1
v 0.31328 0.632743 0.360381 0 0 1
v 0.315933 0.630986 0.362507 0 0 1
v 0.319051 0.628897 0.36176 0 0 1
v 0.320808 0.6277 0.358579 0 0 1
v 0.316011 0.621864 0.354871 0 0 1
v 0.313358 0.623621 0.352745 0 0 1
v 0.310239 0.62571 0.353492 0 0 1
v 0.308483 0.626908 0.356674 0 0 1
v 0.309116 0.626512 0.360427 0 0 1
v 0.311769 0.624755 0.362553 0 0 1
v 0.314887 0.622666 0.361806 0 0 1
v 0.316644 0.621469 0.358625 0 0 1
v 0.311847 0.615633 0.354917 0 0 1
v 0.309194 0.61739 0.352791 0 0 1
v 0.306076 0.619479 0.353538 0 0 1
v 0.304319 0.620677 0.35672 0 0 1
v 0.304953 0.620281 0.360473 0 0 1
v 0.307605 0.618524 0.362599 0 0 1
v 0.310724 0.616435 0.361852 0 0 1
v 0.312481 0.615238 0.35867 0 0 1
v 0.307683 0.609402 0.354963 0 0 1
v 0.305031 0.611159 0.352837 0 0 1
v 0.301912 0.613248 0.353584 0 0 1
v 0.300155 0.614446 0.356766 0 0 1
v 0.300789 0.61405 0.360519 0 0 1
v 0.303442 0.612293 0.362645 0 0 1
v 0.30656 0.610204 0.361898 0 0 1
v 0.308317 0.609007 0.358716 0 0 1
v 0.340655 0.659187 0.35738 0 0 1
v 0.32089 0.63665 0.357557 0 0 1
v 0.343469 0.656694 0.354083 0 0 1
v 0.340882 0.65895 0.352391 0 0 1
v 0.338162 0.661344 0.353621 0 0 1
v 0.336903 0.662476 0.357053 0 0 1
v 0.337842 0.661681 0.360677 0 0 1
v 0.340429 0.659425 0.362369 0 0 1
v 0.343149 0.65703 0.361139 0 0 1
v 0.344408 0.655899 0.357707 0 0 1
v 0.338528 0.65106 0.354127 0 0 1
v 0.33594 0.653315 0.352435 0 0 1
v 0.333221 0.65571 0.353665 0 0 1
v 0.331962 0.656841 0.357097 0 0 1
v 0.332901 0.656046 0.360721 0 0 1
v 0.335488 0.653791 0.362413 0 0 1
v 0.338207 0.651396 0.361183 0 0 1
v 0.339467 0.650265 0.357751 0 0 1
v 0.333586 0.645426 0.354172 0 0 1
v 0.330999 0.647681 0.352479 0 0 1
v 0.32828 0.650076 0.353709 0 0 1
v 0.32702 0.651207 0.357142 0 0 1
v 0.327959 0.650412 0.360765 0 0 1
v 0.330547 0.648157 0.362458 0 0 1
v 0.333266 0.645762 0.361228 0 0 1
v 0.334525 0.644631 0.357795 0 0 1
v 0.328645 0.639791 0.354216 0 0 1
v 0.326058 0.642047 0.352524 0 0 1
v 0.323338 0.644442 0.353754 0 0 1
v 0.322079 0.645573 0.357186 0 0 1
v 0.323018 0.644778 0.36081 0 0 1
v 0.325605 0.642522 0.362502 0 0 1
v 0.328325 0.640128 0.361272 0 0 1
v 0.329584 0.638996 0.35784 0 0 1
v 0.323704 0.634157 0.35426 0 0 1
v 0.321117 0.636413 0.352568 0 0 1
v 0.318397 0.638807 0.353798 0 0 1
v 0.317138 0.639939 0.35723 0 0 1
v 0.318077 0.639144 0.360854 0 0 1
v 0.320664 0.636888 0.362546 0 0 1
v 0.323384 0.634493 0.361316 0 0 1
v 0.324643 0.633362 0.357884 0 0 1
v 0.363193 0.678952 0.357212 0 0 1
v 0.340655 0.659187 0.35738 0 0 1
v 0.365351 0.676459 0.353453 0 0 1
v 0.362956 0.679179 0.352223 0 0 1
v 0.360701 0.681766 0.353916 0 0 1
v 0.359905 0.682704 0.357539 0 0 1
v 0.361035 0.681444 0.360971 0 0 1
v 0.36343 0.678724 0.362201 0 0 1
v 0.365685 0.676138 0.360509 0 0 1
v 0.366481 0.675199 0.356885 0 0 1
v 0.359716 0.671518 0.353495 0 0 1
v 0.357322 0.674238 0.352265 0 0 1
v 0.355066 0.676825 0.353957 0 0 1
v 0.35427 0.677763 0.357581 0 0 1
v 0.355401 0.676503 0.361013 0 0 1
v 0.357795 0.673783 0.362243 0 0 1
v 0.360051 0.671197 0.360551 0 0 1
v 0.360847 0.670258 0.356927 0 0 1
v 0.354082 0.666577 0.353537 0 0 1
v 0.351688 0.669297 0.352307 0 0 1
v 0.349432 0.671884 0.353999 0 0 1
v 0.348636 0.672822 0.357623 0 0 1
v 0.349766 0.671562 0.361055 0 0 1
v 0.352161 0.668842 0.362285 0 0 1
v 0.354417 0.666255 0.360593 0 0 1
v 0.355212 0.665317 0.356969 0 0 1
v 0.348448 0.661636 0.353579 0 0 1
v 0.346053 0.664356 0.352349 0 0 1
v 0.343797 0.666943 0.354041 0 0 1
v 0.343002 0.667881 0.357665 0 0 1
v 0.344132 0.666621 0.361097 0 0 1
v 0.346526 0.663901 0.362327 0 0 1
v 0.348782 0.661314 0.360635 0 0 1
v 0.349578 0.660376 0.357011 0 0 1
v 0.342813 0.656695 0.353621 0 0 1
v 0.340419 0.659415 0.352391 0 0 1
v 0.338163 0.662002 0.354083 0 0 1
v 0.337367 0.66294 0.357707 0 0 1
v 0.338498 0.66168 0.361139 0 0 1
v 0.340892 0.65896 0.362369 0 0 1
v 0.343148 0.656373 0.360676 0 0 1
v 0.343944 0.655435 0.357053 0 0 1
v 0.388118 0.695605 0.357057 0 0 1
v 0.363193 0.678952 0.357212 0 0 1
v 0.389643 0.693284 0.3529 0 0 1
v 0.387555 0.696402 0.352153 0 0 1
v 0.385796 0.699054 0.354279 0 0 1
v 0.385398 0.699686 0.358032 0 0 1
v 0.386592 0.697927 0.361214 0 0 1
v 0.388681 0.694808 0.361961 0 0 1
v 0.390439 0.692157 0.359835 0 0 1
v 0.390838 0.691525 0.356081 0 0 1
v 0.383412 0.68912 0.352938 0 0 1
v 0.381323 0.692239 0.352192 0 0 1
v 0.379565 0.694891 0.354318 0 0 1
v 0.379166 0.695522 0.358071 0 0 1
v 0.380361 0.693764 0.361253 0 0 1
v 0.38245 0.690645 0.362 0 0 1
v 0.384208 0.687993 0.359873 0 0 1
v 0.384607 0.687362 0.35612 0 0 1
v 0.377181 0.684957 0.352977 0 0 1
v 0.375092 0.688076 0.352231 0 0 1
v 0.373334 0.690727 0.354357 0 0 1
v 0.372935 0.691359 0.35811 0 0 1
v 0.37413 0.6896 0.361292 0 0 1
v 0.376218 0.686482 0.362038 0 0 1
v 0.377977 0.68383 0.359912 0 0 1
v 0.378376 0.683198 0.356159 0 0 1
v 0.37095 0.680794 0.353016 0 0 1
v 0.368861 0.683912 0.352269 0 0 1
v 0.367103 0.686564 0.354396 0 0 1
v 0.366704 0.687196 0.358149 0 0 1
v 0.367899 0.685437 0.361331 0 0 1
v 0.369987 0.682318 0.362077 0 0 1
v 0.371746 0.679666 0.359951 0 0 1
v 0.372144 0.679035 0.356198 0 0 1
v 0.364718 0.67663 0.353055 0 0 1
v 0.36263 0.679749 0.352308 0 0 1
v 0.360871 0.682401 0.354434 0 0 1
v 0.360473 0.683032 0.358188 0 0 1
v 0.361668 0.681273 0.361369 0 0 1
v 0.363756 0.678155 0.362116 0 0 1
v 0.365515 0.675503 0.35999 0 0 1
v 0.365913 0.674872 0.356237 0 0 1
v 0.415003 0.708863 0.356917 0 0 1
v 0.388118 0.695605 0.357057 0 0 1
v 0.415962 0.706871 0.352433 0 0 1
v 0.414272 0.710295 0.352182 0 0 1
v 0.41301 0.712881 0.354706 0 0 1
v 0.412916 0.713113 0.358524 0 0 1
v 0.414044 0.710856 0.361401 0 0 1
v 0.415734 0.707431 0.361651 0 0 1
v 0.416996 0.704846 0.359128 0 0 1
v 0.41709 0.704614 0.35531 0 0 1
v 0.409241 0.703556 0.352468 0 0 1
v 0.407551 0.706981 0.352217 0 0 1
v 0.406289 0.709566 0.354741 0 0 1
v 0.406194 0.709798 0.358559 0 0 1
v 0.407322 0.707541 0.361436 0 0 1
v 0.409012 0.704117 0.361686 0 0 1
v 0.410274 0.701531 0.359163 0 0 1
v 0.410369 0.701299 0.355345 0 0 1
v 0.40252 0.700242 0.352503 0 0 1
v 0.40083 0.703666 0.352252 0 0 1
v 0.399568 0.706252 0.354776 0 0 1
v 0.399473 0.706484 0.358594 0 0 1
v 0.400601 0.704227 0.361471 0 0 1
v 0.402291 0.700803 0.361721 0 0 1
v 0.403553 0.698217 0.359198 0 0 1
v 0.403648 0.697985 0.35538 0 0 1
v 0.395798 0.696927 0.352538 0 0 1
v 0.394108 0.700352 0.352287 0 0 1
v 0.392846 0.702937 0.354811 0 0 1
v 0.392752 0.70317 0.358629 0 0 1
v 0.39388 0.700912 0.361506 0 0 1
v 0.39557 0.697488 0.361757 0 0 1
v 0.396832 0.694902 0.359233 0 0 1
v 0.396926 0.69467 0.355415 0 0 1
v 0.389077 0.693613 0.352573 0 0 1
v 0.387387 0.697037 0.352322 0 0 1
v 0.386125 0.699623 0.354846 0 0 1
v 0.38603 0.699855 0.358664 0 0 1
v 0.387158 0.697598 0.361541 0 0 1
v 0.388848 0.694174 0.361792 0 0 1
v 0.39011 0.691588 0.359268 0 0 1
v 0.390205 0.691356 0.35545 0 0 1
v 0.443389 0.718498 0.356794 0 0 1
v 0.415003 0.708863 0.356917 0 0 1
v 0.443887 0.71697 0.35206 0 0 1
v 0.442661 0.720587 0.35231 0 0 1
v 0.441861 0.72298 0.355187 0 0 1
v 0.441956 0.722748 0.359006 0 0 1
v 0.442891 0.720026 0.361529 0 0 1
v 0.444117 0.71641 0.361279 0 0 1
v 0.444917 0.714017 0.358402 0 0 1
v 0.444822 0.714249 0.354583 0 0 1
v 0.436791 0.714562 0.35209 0 0 1
v 0.435564 0.718178 0.352341 0 0 1
v 0.434764 0.720571 0.355218 0 0 1
v 0.43486 0.720339 0.359037 0 0 1
v 0.435794 0.717618 0.36156 0 0 1
v 0.437021 0.714001 0.361309 0 0 1
v 0.43782 0.711608 0.358432 0 0 1
v 0.437725 0.71184 0.354614 0 0 1
v 0.429694 0.712153 0.352121 0 0 1
v 0.428468 0.715769 0.352371 0 0 1
v 0.427668 0.718162 0.355249 0 0 1
v 0.427763 0.71793 0.359067 0 0 1
v 0.428698 0.715209 0.36159 0 0 1
v 0.429924 0.711593 0.36134 0 0 1
v 0.430724 0.709199 0.358463 0 0 1
v 0.430629 0.709432 0.354644 0 0 1
v 0.422598 0.709744 0.352152 0 0 1
v 0.421371 0.71336 0.352402 0 0 1
v 0.420571 0.715753 0.355279 0 0 1
v 0.420667 0.715521 0.359098 0 0 1
v 0.421601 0.7128 0.361621 0 0 1
v 0.422828 0.709184 0.361371 0 0 1
v 0.423627 0.706791 0.358493 0 0 1
v 0.423532 0.707023 0.354675 0 0 1
v 0.415501 0.707335 0.352182 0 0 1
v 0.414275 0.710951 0.352433 0 0 1
v 0.413475 0.713345 0.35531 0 0 1
v 0.41357 0.713112 0.359128 0 0 1
v 0.414505 0.710391 0.361652 0 0 1
v 0.415731 0.706775 0.361401 0 0 1
v 0.416531 0.704382 0.358524 0 0 1
v 0.416436 0.704614 0.354705 0 0 1
v 0.472789 0.724346 0.356692 0 0 1
v 0.443389 0.718498 0.356794 0 0 1
v 0.472963 0.723386 0.351788 0 0 1
v 0.472234 0.727068 0.352534 0 0 1
v 0.47183 0.729155 0.355716 0 0 1
v 0.471988 0.728425 0.359469 0 0 1
v 0.472616 0.725306 0.361595 0 0 1
v 0.473345 0.721624 0.360849 0 0 1
v 0.473749 0.719537 0.357667 0 0 1
v 0.473591 0.720267 0.353914 0 0 1
v 0.465613 0.721924 0.351813 0 0 1
v 0.464883 0.725606 0.35256 0 0 1
v 0.464479 0.727693 0.355742 0 0 1
v 0.464638 0.726963 0.359495 0 0 1
v 0.465266 0.723844 0.361621 0 0 1
v 0.465995 0.720162 0.360875 0 0 1
v 0.466399 0.718075 0.357693 0 0 1
v 0.466241 0.718805 0.353939 0 0 1
v 0.458263 0.720462 0.351839 0 0 1
v 0.457533 0.724144 0.352586 0 0 1
v 0.457129 0.726231 0.355768 0 0 1
v 0.457287 0.725502 0.359521 0 0 1
v 0.457915 0.722382 0.361647 0 0 1
v 0.458645 0.7187 0.3609 0 0 1
v 0.459049 0.716613 0.357718 0 0 1
v 0.458891 0.717343 0.353965 0 0 1
v 0.450913 0.719 0.351865 0 0 1
v 0.450183 0.722682 0.352611 0 0 1
v 0.449779 0.724769 0.355793 0 0 1
v 0.449937 0.72404 0.359547 0 0 1
v 0.450565 0.72092 0.361673 0 0 1
v 0.451295 0.717239 0.360926 0 0 1
v 0.451699 0.715151 0.357744 0 0 1
v 0.451541 0.715881 0.353991 0 0 1
v 0.443563 0.717538 0.351891 0 0 1
v 0.442833 0.72122 0.352637 0 0 1
v 0.442429 0.723307 0.355819 0 0 1
v 0.442587 0.722578 0.359572 0 0 1
v 0.443215 0.719458 0.361698 0 0 1
v 0.443945 0.715777 0.360952 0 0 1
v 0.444349 0.713689 0.35777 0 0 1
v 0.44419 0.714419 0.354017 0 0 1
v 0.502702 0.726306 0.35661 0 0 1
v 0.472789 0.724346 0.356692 0 0 1
v 0.50271 0.725979 0.351621 0 0 1
v 0.502476 0.729595 0.352851 0 0 1
v 0.502375 0.731285 0.356283 0 0 1
v 0.502465 0.730058 0.359907 0 0 1
v 0.502694 0.726633 0.361599 0 0 1
v 0.502928 0.723017 0.360369 0 0 1
v 0.503029 0.721328 0.356937 0 0 1
v 0.502939 0.722554 0.353313 0 0 1
v 0.495232 0.725489 0.351641 0 0 1
v 0.494998 0.729105 0.352871 0 0 1
v 0.494897 0.730795 0.356304 0 0 1
v 0.494987 0.729568 0.359927 0 0 1
v 0.495216 0.726143 0.36162 0 0 1
v 0.49545 0.722527 0.36039 0 0 1
v 0.495551 0.720838 0.356957 0 0 1
v 0.495461 0.722064 0.353334 0 0 1
v 0.487754 0.724999 0.351662 0 0 1
v 0.48752 0.728615 0.352892 0 0 1
v 0.487419 0.730305 0.356324 0 0 1
v 0.487509 0.729078 0.359948 0 0 1
v 0.487738 0.725653 0.36164 0 0 1
v 0.487971 0.722037 0.36041 0 0 1
v 0.488073 0.720348 0.356978 0 0 1
v 0.487983 0.721574 0.353354 0 0 1
v 0.480275 0.724509 0.351682 0 0 1
v 0.480042 0.728125 0.352912 0 0 1
v 0.47994 0.729815 0.356344 0 0 1
v 0.480031 0.728588 0.359968 0 0 1
v 0.48026 0.725163 0.361661 0 0 1
v 0.480493 0.721547 0.36043 0 0 1
v 0.480595 0.719858 0.356998 0 0 1
v 0.480504 0.721084 0.353374 0 0 1
v 0.472797 0.724019 0.351702 0 0 1
v 0.472564 0.727635 0.352932 0 0 1
v 0.472462 0.729325 0.356365 0 0 1
v 0.472553 0.728098 0.359988 0 0 1
v 0.472782 0.724673 0.361681 0 0 1
v 0.473015 0.721057 0.360451 0 0 1
v 0.473117 0.719367 0.357019 0 0 1
v 0.473026 0.720594 0.353395 0 0 1
v 0.532614 0.724345 0.356552 0 0 1
v 0.502702 0.726306 0.35661 0 0 1
v 0.532626 0.724672 0.351562 0 0 1
v 0.532854 0.728097 0.353255 0 0 1
v 0.532941 0.729324 0.356879 0 0 1
v 0.532837 0.727634 0.360311 0 0 1
v 0.532603 0.724018 0.361541 0 0 1
v 0.532375 0.720594 0.359848 0 0 1
v 0.532287 0.719367 0.356224 0 0 1
v 0.532391 0.721056 0.352792 0 0 1
v 0.525148 0.725162 0.351577 0 0 1
v 0.525376 0.728587 0.353269 0 0 1
v 0.525463 0.729814 0.356893 0 0 1
v 0.525359 0.728125 0.360325 0 0 1
v 0.525125 0.724508 0.361555 0 0 1
v 0.524897 0.721084 0.359863 0 0 1
v 0.524809 0.719857 0.356239 0 0 1
v 0.524913 0.721546 0.352807 0 0 1
v 0.51767 0.725653 0.351592 0 0 1
v 0.517898 0.729077 0.353284 0 0 1
v 0.517985 0.730304 0.356908 0 0 1
v 0.517881 0.728615 0.36034 0 0 1
v 0.517647 0.724999 0.36157 0 0 1
v 0.517419 0.721574 0.359878 0 0 1
v 0.517331 0.720347 0.356254 0 0 1
v 0.517435 0.722037 0.352822 0 0 1
v 0.510192 0.726143 0.351606 0 0 1
v 0.51042 0.729568 0.353299 0 0 1
v 0.510507 0.730795 0.356923 0 0 1
v 0.510403 0.729105 0.360355 0 0 1
v 0.510168 0.725489 0.361585 0 0 1
v 0.509941 0.722064 0.359892 0 0 1
v 0.509853 0.720837 0.356268 0 0 1
v 0.509957 0.722527 0.352836 0 0 1
v 0.502714 0.726633 0.351621 0 0 1
v 0.502941 0.730058 0.353313 0 0 1
v 0.503029 0.731285 0.356937 0 0 1
v 0.502925 0.729595 0.360369 0 0 1
v 0.50269 0.725979 0.361599 0 0 1
v 0.502462 0.722555 0.359907 0 0 1
v 0.502375 0.721328 0.356283 0 0 1
v 0.502479 0.723017 0.352851 0 0 1
v 0.562015 0.718497 0.356517 0 0 1
v 0.532614 0.724345 0.356552 0 0 1
v 0.5622 0.719455 0.351613 0 0 1
v 0.562823 0.722575 0.353739 0 0 1
v 0.562973 0.723306 0.357492 0 0 1
v 0.562562 0.72122 0.360674 0 0 1
v 0.56183 0.717539 0.361421 0 0 1
v 0.561207 0.714419 0.359294 0 0 1
v 0.561057 0.713687 0.355541 0 0 1
v 0.561468 0.715773 0.352359 0 0 1
v 0.55485 0.720917 0.351621 0 0 1
v 0.555473 0.724037 0.353748 0 0 1
v 0.555623 0.724768 0.357501 0 0 1
v 0.555212 0.722682 0.360683 0 0 1
v 0.55448 0.719001 0.361429 0 0 1
v 0.553857 0.715881 0.359303 0 0 1
v 0.553707 0.715149 0.35555 0 0 1
v 0.554118 0.717235 0.352368 0 0 1
v 0.547499 0.722379 0.35163 0 0 1
v 0.548123 0.725499 0.353756 0 0 1
v 0.548273 0.72623 0.35751 0 0 1
v 0.547861 0.724144 0.360691 0 0 1
v 0.54713 0.720463 0.361438 0 0 1
v 0.546507 0.717343 0.359312 0 0 1
v 0.546357 0.716612 0.355559 0 0 1
v 0.546768 0.718698 0.352377 0 0 1
v 0.540149 0.723841 0.351639 0 0 1
v 0.540773 0.726961 0.353765 0 0 1
v 0.540922 0.727693 0.357518 0 0 1
v 0.540511 0.725607 0.3607 0 0 1
v 0.53978 0.721925 0.361447 0 0 1
v 0.539157 0.718805 0.359321 0 0 1
v 0.539007 0.718074 0.355567 0 0 1
v 0.539418 0.72016 0.352385 0 0 1
v 0.532799 0.725303 0.351648 0 0 1
v 0.533422 0.728423 0.353774 0 0 1
v 0.533572 0.729155 0.357527 0 0 1
v 0.533161 0.727069 0.360709 0 0 1
v 0.53243 0.723387 0.361455 0 0 1
v 0.531806 0.720267 0.359329 0 0 1
v 0.531657 0.719536 0.355576 0 0 1
v 0.532068 0.721622 0.352394 0 0 1
v 0.590401 0.708861 0.356506 0 0 1
v 0.562015 0.718497 0.356517 0 0 1
v 0.590916 0.710383 0.351772 0 0 1
v 0.591842 0.713107 0.354295 0 0 1
v 0.591923 0.713344 0.358113 0 0 1
v 0.591113 0.710954 0.360991 0 0 1
v 0.589886 0.707338 0.361241 0 0 1
v 0.58896 0.704614 0.358718 0 0 1
v 0.588878 0.704378 0.354899 0 0 1
v 0.589689 0.706767 0.352022 0 0 1
v 0.58382 0.712792 0.351774 0 0 1
v 0.584745 0.715516 0.354297 0 0 1
v 0.584827 0.715753 0.358116 0 0 1
v 0.584017 0.713363 0.360993 0 0 1
v 0.582789 0.709747 0.361244 0 0 1
v 0.581864 0.707023 0.35872 0 0 1
v 0.581782 0.706787 0.354902 0 0 1
v 0.582592 0.709176 0.352024 0 0 1
v 0.576723 0.715201 0.351777 0 0 1
v 0.577649 0.717925 0.3543 0 0 1
v 0.57773 0.718162 0.358119 0 0 1
v 0.57692 0.715772 0.360996 0 0 1
v 0.575693 0.712156 0.361246 0 0 1
v 0.574767 0.709432 0.358723 0 0 1
v 0.574686 0.709196 0.354904 0 0 1
v 0.575496 0.711585 0.352027 0 0 1
v 0.569627 0.71761 0.351779 0 0 1
v 0.570552 0.720334 0.354303 0 0 1
v 0.570634 0.720571 0.358121 0 0 1
v 0.569824 0.718181 0.360998 0 0 1
v 0.568596 0.714565 0.361249 0 0 1
v 0.567671 0.711841 0.358725 0 0 1
v 0.567589 0.711605 0.354907 0 0 1
v 0.568399 0.713994 0.35203 0 0 1
v 0.56253 0.720019 0.351782 0 0 1
v 0.563456 0.722743 0.354305 0 0 1
v 0.563538 0.72298 0.358124 0 0 1
v 0.562727 0.72059 0.361001 0 0 1
v 0.5615 0.716974 0.361251 0 0 1
v 0.560574 0.71425 0.358728 0 0 1
v 0.560493 0.714014 0.354909 0 0 1
v 0.561303 0.716403 0.352032 0 0 1
v 0.617286 0.695602 0.35652 0 0 1
v 0.590401 0.708861 0.356506 0 0 1
v 0.618266 0.697585 0.352036 0 0 1
v 0.619381 0.699848 0.354913 0 0 1
v 0.619269 0.699625 0.358732 0 0 1
v 0.617995 0.697045 0.361255 0 0 1
v 0.616306 0.69362 0.361005 0 0 1
v 0.615191 0.691356 0.358128 0 0 1
v 0.615304 0.69158 0.354309 0 0 1
v 0.616577 0.69416 0.351786 0 0 1
v 0.611545 0.700899 0.352033 0 0 1
v 0.61266 0.703163 0.35491 0 0 1
v 0.612547 0.702939 0.358728 0 0 1
v 0.611274 0.700359 0.361252 0 0 1
v 0.609585 0.696934 0.361001 0 0 1
v 0.60847 0.694671 0.358124 0 0 1
v 0.608582 0.694895 0.354305 0 0 1
v 0.609856 0.697475 0.351782 0 0 1
v 0.604824 0.704214 0.352029 0 0 1
v 0.605938 0.706478 0.354906 0 0 1
v 0.605826 0.706254 0.358725 0 0 1
v 0.604552 0.703674 0.361248 0 0 1
v 0.602863 0.700249 0.360998 0 0 1
v 0.601749 0.697986 0.358121 0 0 1
v 0.601861 0.698209 0.354302 0 0 1
v 0.603135 0.700789 0.351779 0 0 1
v 0.598102 0.707529 0.352025 0 0 1
v 0.599217 0.709792 0.354903 0 0 1
v 0.599105 0.709569 0.358721 0 0 1
v 0.597831 0.706989 0.361244 0 0 1
v 0.596142 0.703564 0.360994 0 0 1
v 0.595027 0.7013 0.358117 0 0 1
v 0.59514 0.701524 0.354298 0 0 1
v 0.596413 0.704104 0.351775 0 0 1
v 0.591381 0.710843 0.352022 0 0 1
v 0.592496 0.713107 0.354899 0 0 1
v 0.592383 0.712883 0.358718 0 0 1
v 0.59111 0.710303 0.361241 0 0 1
v 0.589421 0.706878 0.360991 0 0 1
v 0.588306 0.704615 0.358113 0 0 1
v 0.588418 0.704838 0.354295 0 0 1
v 0.589692 0.707418 0.351772 0 0 1
v 0.642211 0.678948 0.356559 0 0 1
v 0.617286 0.695602 0.35652 0 0 1
v 0.643759 0.681255 0.352402 0 0 1
v 0.644936 0.683025 0.355583 0 0 1
v 0.644518 0.682407 0.359337 0 0 1
v 0.642748 0.679763 0.361463 0 0 1
v 0.640663 0.676641 0.360716 0 0 1
v 0.639485 0.674871 0.357534 0 0 1
v 0.639904 0.675489 0.353781 0 0 1
v 0.641674 0.678134 0.351655 0 0 1
v 0.637527 0.685418 0.352392 0 0 1
v 0.638705 0.687188 0.355574 0 0 1
v 0.638286 0.68657 0.359327 0 0 1
v 0.636516 0.683926 0.361453 0 0 1
v 0.634432 0.680805 0.360707 0 0 1
v 0.633254 0.679035 0.357525 0 0 1
v 0.633673 0.679653 0.353771 0 0 1
v 0.635443 0.682297 0.351645 0 0 1
v 0.631296 0.689582 0.352382 0 0 1
v 0.632474 0.691352 0.355564 0 0 1
v 0.632055 0.690734 0.359318 0 0 1
v 0.630285 0.68809 0.361444 0 0 1
v 0.628201 0.684968 0.360697 0 0 1
v 0.627023 0.683198 0.357515 0 0 1
v 0.627442 0.683817 0.353762 0 0 1
v 0.629212 0.686461 0.351636 0 0 1
v 0.625065 0.693745 0.352373 0 0 1
v 0.626243 0.695516 0.355555 0 0 1
v 0.625824 0.694897 0.359308 0 0 1
v 0.624054 0.692253 0.361434 0 0 1
v 0.62197 0.689132 0.360687 0 0 1
v 0.620792 0.687362 0.357505 0 0 1
v 0.621211 0.68798 0.353752 0 0 1
v 0.622981 0.690624 0.351626 0 0 1
v 0.618834 0.697909 0.352363 0 0 1
v 0.620012 0.699679 0.355545 0 0 1
v 0.619593 0.699061 0.359298 0 0 1
v 0.617823 0.696417 0.361424 0 0 1
v 0.615738 0.693296 0.360678 0 0 1
v 0.614561 0.691526 0.357496 0 0 1
v 0.614979 0.692144 0.353743 0 0 1
v 0.616749 0.694788 0.351616 0 0 1
v 0.664748 0.659183 0.356621 0 0 1
v 0.642211 0.678948 0.356559 0 0 1
v 0.666928 0.661657 0.352862 0 0 1
v 0.668039 0.662934 0.356294 0 0 1
v 0.667222 0.662014 0.359918 0 0 1
v 0.664956 0.659436 0.36161 0 0 1
v 0.662569 0.65671 0.36038 0 0 1
v 0.661458 0.655432 0.356948 0 0 1
v 0.662275 0.656352 0.353324 0 0 1
v 0.664541 0.65893 0.351632 0 0 1
v 0.661294 0.666598 0.352846 0 0 1
v 0.662404 0.667875 0.356279 0 0 1
v 0.661588 0.666955 0.359902 0 0 1
v 0.659322 0.664377 0.361595 0 0 1
v 0.656935 0.661651 0.360365 0 0 1
v 0.655824 0.660374 0.356933 0 0 1
v 0.656641 0.661293 0.353309 0 0 1
v 0.658906 0.663872 0.351616 0 0 1
v 0.655659 0.671539 0.352831 0 0 1
v 0.65677 0.672816 0.356263 0 0 1
v 0.655953 0.671896 0.359887 0 0 1
v 0.653687 0.669318 0.361579 0 0 1
v 0.6513 0.666592 0.360349 0 0 1
v 0.650189 0.665315 0.356917 0 0 1
v 0.651006 0.666235 0.353293 0 0 1
v 0.653272 0.668813 0.351601 0 0 1
v 0.650025 0.67648 0.352815 0 0 1
v 0.651135 0.677758 0.356247 0 0 1
v 0.650319 0.676838 0.359871 0 0 1
v 0.648053 0.674259 0.361564 0 0 1
v 0.645666 0.671533 0.360334 0 0 1
v 0.644555 0.670256 0.356901 0 0 1
v 0.645372 0.671176 0.353278 0 0 1
v 0.647637 0.673754 0.351585 0 0 1
v 0.64439 0.681422 0.3528 0 0 1
v 0.645501 0.682699 0.356232 0 0 1
v 0.644684 0.681779 0.359856 0 0 1
v 0.642419 0.679201 0.361548 0 0 1
v 0.640031 0.676475 0.360318 0 0 1
v 0.638921 0.675197 0.356886 0 0 1
v 0.639737 0.676117 0.353262 0 0 1
v 0.642003 0.678695 0.35157 0 0 1
v 0.684513 0.636645 0.356706 0 0 1
v 0.664748 0.659183 0.356621 0 0 1
v 0.687346 0.639117 0.353409 0 0 1
v 0.688264 0.639936 0.357033 0 0 1
v 0.686985 0.638827 0.360465 0 0 1
v 0.684258 0.63644 0.361695 0 0 1
v 0.681681 0.634174 0.360003 0 0 1
v 0.680763 0.633355 0.356379 0 0 1
v 0.682042 0.634464 0.352947 0 0 1
v 0.684769 0.63685 0.351717 0 0 1
v 0.682405 0.644751 0.353388 0 0 1
v 0.683323 0.64557 0.357012 0 0 1
v 0.682044 0.644462 0.360444 0 0 1
v 0.679317 0.642075 0.361674 0 0 1
v 0.67674 0.639808 0.359981 0 0 1
v 0.675822 0.638989 0.356358 0 0 1
v 0.677101 0.640098 0.352925 0 0 1
v 0.679827 0.642485 0.351695 0 0 1
v 0.677463 0.650386 0.353367 0 0 1
v 0.678382 0.651205 0.35699 0 0 1
v 0.677103 0.650096 0.360423 0 0 1
v 0.674376 0.647709 0.361653 0 0 1
v 0.671799 0.645443 0.35996 0 0 1
v 0.67088 0.644624 0.356336 0 0 1
v 0.672159 0.645733 0.352904 0 0 1
v 0.674886 0.648119 0.351674 0 0 1
v 0.672522 0.65602 0.353346 0 0 1
v 0.67344 0.656839 0.356969 0 0 1
v 0.672161 0.65573 0.360401 0 0 1
v 0.669435 0.653344 0.361632 0 0 1
v 0.666857 0.651077 0.359939 0 0 1
v 0.665939 0.650258 0.356315 0 0 1
v 0.667218 0.651367 0.352883 0 0 1
v 0.669945 0.653754 0.351653 0 0 1
v 0.667581 0.661655 0.353324 0 0 1
v 0.668499 0.662473 0.356948 0 0 1
v 0.66722 0.661365 0.36038 0 0 1
v 0.664493 0.658978 0.36161 0 0 1
v 0.661916 0.656711 0.359918 0 0 1
v 0.660998 0.655893 0.356294 0 0 1
v 0.662277 0.657001 0.352862 0 0 1
v 0.665004 0.659388 0.351632 0 0 1
v 0.701168 0.611721 0.356812 0 0 1
v 0.684513 0.636645 0.356706 0 0 1
v 0.70463 0.614022 0.354034 0 0 1
v 0.705243 0.614448 0.357787 0 0 1
v 0.703469 0.613276 0.360969 0 0 1
v 0.700347 0.611193 0.361716 0 0 1
v 0.697705 0.609419 0.35959 0 0 1
v 0.697092 0.608994 0.355836 0 0 1
v 0.698866 0.610165 0.352654 0 0 1
v 0.701988 0.612248 0.351908 0 0 1
v 0.700466 0.620254 0.354007 0 0 1
v 0.70108 0.620679 0.357761 0 0 1
v 0.699306 0.619508 0.360943 0 0 1
v 0.696183 0.617425 0.361689 0 0 1
v 0.693542 0.61565 0.359563 0 0 1
v 0.692929 0.615225 0.35581 0 0 1
v 0.694703 0.616397 0.352628 0 0 1
v 0.697825 0.61848 0.351881 0 0 1
v 0.696303 0.626485 0.353981 0 0 1
v 0.696916 0.626911 0.357734 0 0 1
v 0.695142 0.625739 0.360916 0 0 1
v 0.69202 0.623656 0.361663 0 0 1
v 0.689378 0.621882 0.359537 0 0 1
v 0.688765 0.621456 0.355783 0 0 1
v 0.690539 0.622628 0.352601 0 0 1
v 0.693661 0.624711 0.351855 0 0 1
v 0.692139 0.632716 0.353954 0 0 1
v 0.692753 0.633142 0.357708 0 0 1
v 0.690979 0.63197 0.36089 0 0 1
v 0.687856 0.629887 0.361636 0 0 1
v 0.685215 0.628113 0.35951 0 0 1
v 0.684601 0.627687 0.355757 0 0 1
v 0.686375 0.628859 0.352575 0 0 1
v 0.689498 0.630942 0.351828 0 0 1
v 0.687976 0.638947 0.353928 0 0 1
v 0.688589 0.639373 0.357681 0 0 1
v 0.686815 0.638201 0.360863 0 0 1
v 0.683693 0.636118 0.36161 0 0 1
v 0.681051 0.634344 0.359484 0 0 1
v 0.680438 0.633918 0.35573 0 0 1
v 0.682212 0.63509 0.352549 0 0 1
v 0.685334 0.637173 0.351802 0 0 1
v 0.714426 0.584836 0.356937 0 0 1
v 0.701168 0.611721 0.356812 0 0 1
v 0.718452 0.586811 0.354726 0 0 1
v 0.718669 0.586936 0.358544 0 0 1
v 0.716401 0.585831 0.361421 0 0 1
v 0.712976 0.584143 0.361672 0 0 1
v 0.7104 0.582861 0.359148 0 0 1
v 0.710183 0.582736 0.35533 0 0 1
v 0.712451 0.583841 0.352453 0 0 1
v 0.715876 0.585529 0.352202 0 0 1
v 0.715137 0.593532 0.354694 0 0 1
v 0.715355 0.593657 0.358513 0 0 1
v 0.713086 0.592552 0.36139 0 0 1
v 0.709661 0.590864 0.36164 0 0 1
v 0.707085 0.589582 0.359117 0 0 1
v 0.706868 0.589457 0.355299 0 0 1
v 0.709136 0.590562 0.352421 0 0 1
v 0.712562 0.59225 0.352171 0 0 1
v 0.711823 0.600253 0.354663 0 0 1
v 0.71204 0.600378 0.358482 0 0 1
v 0.709772 0.599273 0.361359 0 0 1
v 0.706347 0.597585 0.361609 0 0 1
v 0.703771 0.596303 0.359086 0 0 1
v 0.703553 0.596178 0.355267 0 0 1
v 0.705822 0.597283 0.35239 0 0 1
v 0.709247 0.598971 0.35214 0 0 1
v 0.708508 0.606975 0.354632 0 0 1
v 0.708726 0.6071 0.35845 0 0 1
v 0.706457 0.605995 0.361327 0 0 1
v 0.703032 0.604307 0.361578 0 0 1
v 0.700456 0.603025 0.359055 0 0 1
v 0.700239 0.6029 0.355236 0 0 1
v 0.702507 0.604005 0.352359 0 0 1
v 0.705932 0.605693 0.352108 0 0 1
v 0.705194 0.613696 0.3546 0 0 1
v 0.705411 0.613821 0.358419 0 0 1
v 0.703143 0.612716 0.361296 0 0 1
v 0.699717 0.611028 0.361546 0 0 1
v 0.697142 0.609746 0.359023 0 0 1
v 0.696924 0.609621 0.355205 0 0 1
v 0.699192 0.610726 0.352327 0 0 1
v 0.702618 0.612414 0.352077 0 0 1
v 0.724062 0.55645 0.35708 0 0 1
v 0.714426 0.584836 0.356937 0 0 1
v 0.728547 0.557965 0.355472 0 0 1
v 0.728305 0.557902 0.359291 0 0 1
v 0.725576 0.556988 0.361814 0 0 1
v 0.721961 0.55576 0.361564 0 0 1
v 0.719576 0.554936 0.358687 0 0 1
v 0.719819 0.554999 0.354868 0 0 1
v 0.722547 0.555912 0.352345 0 0 1
v 0.726163 0.557141 0.352595 0 0 1
v 0.726139 0.565061 0.355437 0 0 1
v 0.725896 0.564998 0.359255 0 0 1
v 0.723167 0.564085 0.361779 0 0 1
v 0.719552 0.562856 0.361528 0 0 1
v 0.717167 0.562032 0.358651 0 0 1
v 0.71741 0.562095 0.354833 0 0 1
v 0.720138 0.563009 0.352309 0 0 1
v 0.723754 0.564237 0.35256 0 0 1
v 0.72373 0.572158 0.355401 0 0 1
v 0.723487 0.572094 0.35922 0 0 1
v 0.720758 0.571181 0.361743 0 0 1
v 0.717143 0.569952 0.361493 0 0 1
v 0.714758 0.569128 0.358616 0 0 1
v 0.715001 0.569192 0.354797 0 0 1
v 0.717729 0.570105 0.352274 0 0 1
v 0.721345 0.571334 0.352524 0 0 1
v 0.721321 0.579254 0.355365 0 0 1
v 0.721078 0.579191 0.359184 0 0 1
v 0.71835 0.578277 0.361707 0 0 1
v 0.714734 0.577049 0.361457 0 0 1
v 0.712349 0.576225 0.35858 0 0 1
v 0.712592 0.576288 0.354761 0 0 1
v 0.71532 0.577202 0.352238 0 0 1
v 0.718936 0.57843 0.352488 0 0 1
v 0.718912 0.586351 0.35533 0 0 1
v 0.718669 0.586287 0.359148 0 0 1
v 0.715941 0.585374 0.361672 0 0 1
v 0.712325 0.584145 0.361421 0 0 1
v 0.70994 0.583321 0.358544 0 0 1
v 0.710183 0.583384 0.354726 0 0 1
v 0.712911 0.584298 0.352202 0 0 1
v 0.716527 0.585527 0.352453 0 0 1
v 0.72991 0.52705 0.357237 0 0 1
v 0.724062 0.55645 0.35708 0 0 1
v 0.73472 0.528002 0.356261 0 0 1
v 0.733984 0.527875 0.360015 0 0 1
v 0.730861 0.527266 0.362141 0 0 1
v 0.727181 0.526529 0.361394 0 0 1
v 0.725099 0.526098 0.358212 0 0 1
v 0.725835 0.526225 0.354459 0 0 1
v 0.728958 0.526834 0.352333 0 0 1
v 0.732639 0.527571 0.35308 0 0 1
v 0.733258 0.535352 0.356222 0 0 1
v 0.732522 0.535225 0.359975 0 0 1
v 0.729399 0.534616 0.362101 0 0 1
v 0.725719 0.53388 0.361355 0 0 1
v 0.723637 0.533448 0.358173 0 0 1
v 0.724373 0.533575 0.35442 0 0 1
v 0.727496 0.534185 0.352294 0 0 1
v 0.731176 0.534921 0.35304 0 0 1
v 0.731796 0.542702 0.356183 0 0 1
v 0.73106 0.542576 0.359936 0 0 1
v 0.727937 0.541966 0.362062 0 0 1
v 0.724257 0.54123 0.361315 0 0 1
v 0.722175 0.540798 0.358134 0 0 1
v 0.722911 0.540925 0.35438 0 0 1
v 0.726034 0.541535 0.352254 0 0 1
v 0.729714 0.542271 0.353001 0 0 1
v 0.730334 0.550052 0.356143 0 0 1
v 0.729598 0.549926 0.359897 0 0 1
v 0.726475 0.549316 0.362023 0 0 1
v 0.722795 0.54858 0.361276 0 0 1
v 0.720713 0.548149 0.358094 0 0 1
v 0.721449 0.548275 0.354341 0 0 1
v 0.724572 0.548885 0.352215 0 0 1
v 0.728252 0.549621 0.352962 0 0 1
v 0.728872 0.557402 0.356104 0 0 1
v 0.728136 0.557276 0.359857 0 0 1
v 0.725013 0.556666 0.361983 0 0 1
v 0.721333 0.55593 0.361237 0 0 1
v 0.719251 0.555499 0.358055 0 0 1
v 0.719987 0.555625 0.354302 0 0 1
v 0.72311 0.556235 0.352176 0 0 1
v 0.72679 0.556971 0.352922 0 0 1
v 0.73187 0.497138 0.357406 0 0 1
v 0.72991 0.52705 0.357237 0 0 1
v 0.736849 0.497462 0.357079 0 0 1
v 0.73562 0.497402 0.360703 0 0 1
v 0.732195 0.497187 0.362395 0 0 1
v 0.728579 0.496943 0.361165 0 0 1
v 0.726892 0.496813 0.357733 0 0 1
v 0.72812 0.496873 0.354109 0 0 1
v 0.731546 0.497088 0.352417 0 0 1
v 0.735161 0.497332 0.353647 0 0 1
v 0.736359 0.50494 0.357037 0 0 1
v 0.73513 0.50488 0.360661 0 0 1
v 0.731705 0.504665 0.362353 0 0 1
v 0.728089 0.504421 0.361123 0 0 1
v 0.726401 0.504291 0.357691 0 0 1
v 0.72763 0.504351 0.354067 0 0 1
v 0.731056 0.504566 0.352375 0 0 1
v 0.734671 0.50481 0.353605 0 0 1
v 0.735869 0.512418 0.356994 0 0 1
v 0.73464 0.512358 0.360618 0 0 1
v 0.731215 0.512143 0.362311 0 0 1
v 0.727599 0.5119 0.361081 0 0 1
v 0.725911 0.511769 0.357649 0 0 1
v 0.72714 0.511829 0.354025 0 0 1
v 0.730566 0.512044 0.352332 0 0 1
v 0.734181 0.512288 0.353562 0 0 1
v 0.735379 0.519896 0.356952 0 0 1
v 0.73415 0.519836 0.360576 0 0 1
v 0.730724 0.519621 0.362268 0 0 1
v 0.727109 0.519378 0.361038 0 0 1
v 0.725421 0.519247 0.357606 0 0 1
v 0.72665 0.519308 0.353982 0 0 1
v 0.730075 0.519522 0.35229 0 0 1
v 0.733691 0.519766 0.35352 0 0 1
v 0.734889 0.527374 0.35691 0 0 1
v 0.73366 0.527314 0.360533 0 0 1
v 0.730234 0.527099 0.362226 0 0 1
v 0.726619 0.526856 0.360996 0 0 1
v 0.724931 0.526725 0.357564 0 0 1
v 0.72616 0.526786 0.35394 0 0 1
v 0.729585 0.527 0.352248 0 0 1
v 0.733201 0.527244 0.353478 0 0 1
v 0.728694 0.527695 0.64496 0 0 1
v 0.730654 0.497783 0.645049 0 0 1
v 0.733672 0.528023 0.645287 0 0 1
v 0.732446 0.527931 0.641664 0 0 1
v 0.729021 0.527702 0.639971 0 0 1
v 0.725405 0.527469 0.641201 0 0 1
v 0.723715 0.527368 0.644633 0 0 1
v 0.724942 0.527459 0.648257 0 0 1
v 0.728367 0.527689 0.64995 0 0 1
v 0.731983 0.527922 0.648719 0 0 1
v 0.734162 0.520545 0.64531 0 0 1
v 0.732936 0.520453 0.641686 0 0 1
v 0.729511 0.520224 0.639993 0 0 1
v 0.725895 0.519991 0.641223 0 0 1
v 0.724205 0.51989 0.644656 0 0 1
v 0.725432 0.519981 0.648279 0 0 1
v 0.728857 0.520211 0.649972 0 0 1
v 0.732473 0.520444 0.648742 0 0 1
v 0.734653 0.513066 0.645332 0 0 1
v 0.733426 0.512975 0.641708 0 0 1
v 0.730001 0.512746 0.640016 0 0 1
v 0.726385 0.512512 0.641246 0 0 1
v 0.724696 0.512412 0.644678 0 0 1
v 0.725922 0.512503 0.648302 0 0 1
v 0.729347 0.512733 0.649994 0 0 1
v 0.732963 0.512966 0.648764 0 0 1
v 0.735143 0.505588 0.645354 0 0 1
v 0.733916 0.505497 0.64173 0 0 1
v 0.730491 0.505268 0.640038 0 0 1
v 0.726875 0.505034 0.641268 0 0 1
v 0.725186 0.504934 0.6447 0 0 1
v 0.726412 0.505025 0.648324 0 0 1
v 0.729837 0.505254 0.650016 0 0 1
v 0.733453 0.505488 0.648786 0 0 1
v 0.735633 0.49811 0.645376 0 0 1
v 0.734406 0.498019 0.641753 0 0 1
v 0.730982 0.49779 0.64006 0 0 1
v 0.727365 0.497556 0.64129 0 0 1
v 0.725676 0.497456 0.644722 0 0 1
v 0.726903 0.497547 0.648346 0 0 1
v 0.730327 0.497776 0.650039 0 0 1
v 0.733943 0.49801 0.648808 0 0 1
v 0.722846 0.557096 0.644837 0 0 1
v 0.728694 0.527695 0.64496 0 0 1
v 0.727655 0.558057 0.645813 0 0 1
v 0.726926 0.557896 0.642059 0 0 1
v 0.723806 0.557266 0.639933 0 0 1
v 0.720125 0.556537 0.64068 0 0 1
v 0.718037 0.556135 0.643862 0 0 1
v 0.718766 0.556296 0.647615 0 0 1
v 0.721885 0.556925 0.649741 0 0 1
v 0.725567 0.557655 0.648994 0 0 1
v 0.729117 0.550706 0.645843 0 0 1
v 0.728388 0.550546 0.64209 0 0 1
v 0.725268 0.549916 0.639964 0 0 1
v 0.721587 0.549187 0.640711 0 0 1
v 0.719499 0.548785 0.643893 0 0 1
v 0.720228 0.548946 0.647646 0 0 1
v 0.723347 0.549575 0.649772 0 0 1
v 0.727029 0.550304 0.649025 0 0 1
v 0.730579 0.543356 0.645874 0 0 1
v 0.72985 0.543196 0.642121 0 0 1
v 0.72673 0.542566 0.639995 0 0 1
v 0.723049 0.541837 0.640741 0 0 1
v 0.720961 0.541435 0.643923 0 0 1
v 0.72169 0.541596 0.647677 0 0 1
v 0.724809 0.542225 0.649803 0 0 1
v 0.728491 0.542954 0.649056 0 0 1
v 0.732041 0.536006 0.645905 0 0 1
v 0.731312 0.535845 0.642152 0 0 1
v 0.728192 0.535216 0.640026 0 0 1
v 0.724511 0.534487 0.640772 0 0 1
v 0.722423 0.534085 0.643954 0 0 1
v 0.723152 0.534246 0.647707 0 0 1
v 0.726271 0.534875 0.649833 0 0 1
v 0.729953 0.535604 0.649087 0 0 1
v 0.733503 0.528656 0.645936 0 0 1
v 0.732773 0.528495 0.642182 0 0 1
v 0.729654 0.527866 0.640056 0 0 1
v 0.725973 0.527137 0.640803 0 0 1
v 0.723885 0.526735 0.643985 0 0 1
v 0.724614 0.526896 0.647738 0 0 1
v 0.727733 0.527525 0.649864 0 0 1
v 0.731415 0.528254 0.649118 0 0 1
v 0.713211 0.585482 0.644682 0 0 1
v 0.722846 0.557096 0.644837 0 0 1
v 0.717691 0.587011 0.646289 0 0 1
v 0.717461 0.586912 0.642471 0 0 1
v 0.71474 0.585975 0.639947 0 0 1
v 0.711124 0.584749 0.640198 0 0 1
v 0.70873 0.583952 0.643075 0 0 1
v 0.708961 0.584051 0.646893 0 0 1
v 0.711681 0.584988 0.649417 0 0 1
v 0.715297 0.586214 0.649166 0 0 1
v 0.7201 0.579915 0.646328 0 0 1
v 0.719869 0.579816 0.642509 0 0 1
v 0.717149 0.578879 0.639986 0 0 1
v 0.713533 0.577652 0.640237 0 0 1
v 0.711139 0.576855 0.643114 0 0 1
v 0.711369 0.576955 0.646932 0 0 1
v 0.71409 0.577892 0.649455 0 0 1
v 0.717706 0.579118 0.649205 0 0 1
v 0.722509 0.572818 0.646367 0 0 1
v 0.722278 0.572719 0.642548 0 0 1
v 0.719558 0.571782 0.640025 0 0 1
v 0.715942 0.570556 0.640275 0 0 1
v 0.713547 0.569759 0.643152 0 0 1
v 0.713778 0.569858 0.646971 0 0 1
v 0.716498 0.570795 0.649494 0 0 1
v 0.720115 0.572022 0.649244 0 0 1
v 0.724918 0.565722 0.646406 0 0 1
v 0.724687 0.565623 0.642587 0 0 1
v 0.721967 0.564686 0.640064 0 0 1
v 0.71835 0.56346 0.640314 0 0 1
v 0.715956 0.562663 0.643191 0 0 1
v 0.716187 0.562762 0.64701 0 0 1
v 0.718907 0.563699 0.649533 0 0 1
v 0.722524 0.564925 0.649283 0 0 1
v 0.727327 0.558626 0.646444 0 0 1
v 0.727096 0.558527 0.642626 0 0 1
v 0.724376 0.557589 0.640103 0 0 1
v 0.720759 0.556363 0.640353 0 0 1
v 0.718365 0.555566 0.64323 0 0 1
v 0.718596 0.555665 0.647049 0 0 1
v 0.721316 0.556603 0.649572 0 0 1
v 0.724933 0.557829 0.649321 0 0 1
v 0.699953 0.612366 0.644498 0 0 1
v 0.713211 0.585482 0.644682 0 0 1
v 0.703969 0.614362 0.646709 0 0 1
v 0.704204 0.614452 0.64289 0 0 1
v 0.701948 0.61332 0.640013 0 0 1
v 0.698524 0.61163 0.639763 0 0 1
v 0.695937 0.610371 0.642286 0 0 1
v 0.695702 0.610281 0.646105 0 0 1
v 0.697957 0.611413 0.648982 0 0 1
v 0.701381 0.613103 0.649232 0 0 1
v 0.707283 0.607641 0.646755 0 0 1
v 0.707518 0.60773 0.642936 0 0 1
v 0.705263 0.606599 0.640059 0 0 1
v 0.701839 0.604908 0.639809 0 0 1
v 0.699251 0.60365 0.642332 0 0 1
v 0.699016 0.60356 0.646151 0 0 1
v 0.701272 0.604692 0.649028 0 0 1
v 0.704696 0.606382 0.649278 0 0 1
v 0.710598 0.60092 0.646801 0 0 1
v 0.710832 0.601009 0.642983 0 0 1
v 0.708577 0.599877 0.640105 0 0 1
v 0.705153 0.598187 0.639855 0 0 1
v 0.702566 0.596928 0.642378 0 0 1
v 0.702331 0.596839 0.646197 0 0 1
v 0.704586 0.597971 0.649074 0 0 1
v 0.70801 0.599661 0.649324 0 0 1
v 0.713912 0.594198 0.646847 0 0 1
v 0.714147 0.594288 0.643029 0 0 1
v 0.711892 0.593156 0.640152 0 0 1
v 0.708467 0.591466 0.639901 0 0 1
v 0.70588 0.590207 0.642425 0 0 1
v 0.705645 0.590118 0.646243 0 0 1
v 0.707901 0.591249 0.64912 0 0 1
v 0.711325 0.59294 0.64937 0 0 1
v 0.717226 0.587477 0.646893 0 0 1
v 0.717461 0.587567 0.643075 0 0 1
v 0.715206 0.586435 0.640198 0 0 1
v 0.711782 0.584745 0.639947 0 0 1
v 0.709195 0.583486 0.642471 0 0 1
v 0.70896 0.583396 0.646289 0 0 1
v 0.711215 0.584528 0.649166 0 0 1
v 0.714639 0.586219 0.649417 0 0 1
v 0.683299 0.637291 0.644287 0 0 1
v 0.699953 0.612366 0.644498 0 0 1
v 0.686745 0.639617 0.647065 0 0 1
v 0.687381 0.64001 0.643311 0 0 1
v 0.685625 0.63881 0.64013 0 0 1
v 0.682507 0.63672 0.639383 0 0 1
v 0.679853 0.634965 0.641509 0 0 1
v 0.679218 0.634572 0.645262 0 0 1
v 0.680973 0.635772 0.648444 0 0 1
v 0.684091 0.637861 0.649191 0 0 1
v 0.690909 0.633386 0.647117 0 0 1
v 0.691544 0.633778 0.643364 0 0 1
v 0.689789 0.632579 0.640182 0 0 1
v 0.686671 0.630489 0.639436 0 0 1
v 0.684017 0.628734 0.641562 0 0 1
v 0.683381 0.628341 0.645315 0 0 1
v 0.685137 0.629541 0.648497 0 0 1
v 0.688255 0.63163 0.649243 0 0 1
v 0.695072 0.627155 0.64717 0 0 1
v 0.695707 0.627547 0.643417 0 0 1
v 0.693952 0.626348 0.640235 0 0 1
v 0.690834 0.624258 0.639488 0 0 1
v 0.68818 0.622503 0.641614 0 0 1
v 0.687545 0.62211 0.645368 0 0 1
v 0.6893 0.62331 0.648549 0 0 1
v 0.692418 0.625399 0.649296 0 0 1
v 0.699235 0.620923 0.647223 0 0 1
v 0.699871 0.621316 0.643469 0 0 1
v 0.698115 0.620117 0.640288 0 0 1
v 0.694997 0.618027 0.639541 0 0 1
v 0.692343 0.616272 0.641667 0 0 1
v 0.691708 0.615879 0.64542 0 0 1
v 0.693463 0.617079 0.648602 0 0 1
v 0.696581 0.619168 0.649349 0 0 1
v 0.703399 0.614692 0.647275 0 0 1
v 0.704034 0.615085 0.643522 0 0 1
v 0.702279 0.613885 0.64034 0 0 1
v 0.699161 0.611796 0.639594 0 0 1
v 0.696507 0.610041 0.64172 0 0 1
v 0.695871 0.609648 0.645473 0 0 1
v 0.697627 0.610848 0.648655 0 0 1
v 0.700745 0.612937 0.649401 0 0 1
v 0.663535 0.659828 0.644053 0 0 1
v 0.683299 0.637291 0.644287 0 0 1
v 0.666344 0.662326 0.64735 0 0 1
v 0.667288 0.663116 0.643726 0 0 1
v 0.666033 0.66198 0.640294 0 0 1
v 0.663315 0.659583 0.639064 0 0 1
v 0.660726 0.65733 0.640757 0 0 1
v 0.659782 0.65654 0.644381 0 0 1
v 0.661037 0.657676 0.647813 0 0 1
v 0.663755 0.660073 0.649043 0 0 1
v 0.671286 0.656692 0.647408 0 0 1
v 0.672229 0.657481 0.643785 0 0 1
v 0.670974 0.656345 0.640353 0 0 1
v 0.668256 0.653949 0.639123 0 0 1
v 0.665667 0.651696 0.640815 0 0 1
v 0.664723 0.650906 0.644439 0 0 1
v 0.665978 0.652042 0.647871 0 0 1
v 0.668696 0.654439 0.649101 0 0 1
v 0.676227 0.651057 0.647467 0 0 1
v 0.67717 0.651847 0.643843 0 0 1
v 0.675915 0.650711 0.640411 0 0 1
v 0.673197 0.648315 0.639181 0 0 1
v 0.670608 0.646062 0.640874 0 0 1
v 0.669664 0.645272 0.644497 0 0 1
v 0.670919 0.646408 0.647929 0 0 1
v 0.673637 0.648804 0.649159 0 0 1
v 0.681168 0.645423 0.647525 0 0 1
v 0.682111 0.646213 0.643901 0 0 1
v 0.680856 0.645077 0.640469 0 0 1
v 0.678138 0.64268 0.639239 0 0 1
v 0.675549 0.640427 0.640932 0 0 1
v 0.674605 0.639637 0.644556 0 0 1
v 0.67586 0.640773 0.647988 0 0 1
v 0.678578 0.64317 0.649218 0 0 1
v 0.686109 0.639789 0.647583 0 0 1
v 0.687052 0.640579 0.64396 0 0 1
v 0.685797 0.639442 0.640528 0 0 1
v 0.683079 0.637046 0.639298 0 0 1
v 0.68049 0.634793 0.64099 0 0 1
v 0.679546 0.634003 0.644614 0 0 1
v 0.680801 0.635139 0.648046 0 0 1
v 0.68352 0.637536 0.649276 0 0 1
v 0.640998 0.679593 0.643802 0 0 1
v 0.663535 0.659828 0.644053 0 0 1
v 0.643148 0.682092 0.647561 0 0 1
v 0.644286 0.683345 0.644129 0 0 1
v 0.643498 0.682401 0.640505 0 0 1
v 0.641245 0.679811 0.638812 0 0 1
v 0.638848 0.677093 0.640042 0 0 1
v 0.637711 0.67584 0.643475 0 0 1
v 0.638499 0.676785 0.647098 0 0 1
v 0.640751 0.679374 0.648791 0 0 1
v 0.648782 0.677151 0.647624 0 0 1
v 0.64992 0.678404 0.644191 0 0 1
v 0.649132 0.677459 0.640568 0 0 1
v 0.64688 0.67487 0.638875 0 0 1
v 0.644482 0.672152 0.640105 0 0 1
v 0.643345 0.670898 0.643538 0 0 1
v 0.644133 0.671843 0.647161 0 0 1
v 0.646385 0.674433 0.648854 0 0 1
v 0.654417 0.67221 0.647687 0 0 1
v 0.655554 0.673463 0.644254 0 0 1
v 0.654766 0.672518 0.640631 0 0 1
v 0.652514 0.669928 0.638938 0 0 1
v 0.650117 0.667211 0.640168 0 0 1
v 0.648979 0.665957 0.643601 0 0 1
v 0.649767 0.666902 0.647224 0 0 1
v 0.65202 0.669492 0.648917 0 0 1
v 0.660051 0.667269 0.64775 0 0 1
v 0.661188 0.668522 0.644317 0 0 1
v 0.6604 0.667577 0.640694 0 0 1
v 0.658148 0.664987 0.639001 0 0 1
v 0.655751 0.66227 0.640231 0 0 1
v 0.654613 0.661016 0.643664 0 0 1
v 0.655401 0.661961 0.647287 0 0 1
v 0.657654 0.664551 0.64898 0 0 1
v 0.665685 0.662327 0.647813 0 0 1
v 0.666823 0.663581 0.64438 0 0 1
v 0.666034 0.662636 0.640757 0 0 1
v 0.663782 0.660046 0.639064 0 0 1
v 0.661385 0.657329 0.640294 0 0 1
v 0.660247 0.656075 0.643727 0 0 1
v 0.661036 0.65702 0.64735 0 0 1
v 0.663288 0.65961 0.649043 0 0 1
v 0.616075 0.696246 0.643535 0 0 1
v 0.640998 0.679593 0.643802 0 0 1
v 0.617587 0.698576 0.647692 0 0 1
v 0.618792 0.700328 0.644511 0 0 1
v 0.618405 0.699689 0.640758 0 0 1
v 0.616653 0.697033 0.638632 0 0 1
v 0.614562 0.693916 0.639378 0 0 1
v 0.613357 0.692164 0.64256 0 0 1
v 0.613744 0.692803 0.646313 0 0 1
v 0.615496 0.695459 0.648439 0 0 1
v 0.623818 0.694413 0.647759 0 0 1
v 0.625023 0.696165 0.644577 0 0 1
v 0.624636 0.695526 0.640824 0 0 1
v 0.622884 0.69287 0.638698 0 0 1
v 0.620793 0.689753 0.639445 0 0 1
v 0.619588 0.688 0.642626 0 0 1
v 0.619975 0.68864 0.64638 0 0 1
v 0.621727 0.691296 0.648506 0 0 1
v 0.630049 0.69025 0.647826 0 0 1
v 0.631254 0.692002 0.644644 0 0 1
v 0.630867 0.691362 0.640891 0 0 1
v 0.629115 0.688706 0.638765 0 0 1
v 0.627024 0.685589 0.639511 0 0 1
v 0.625819 0.683837 0.642693 0 0 1
v 0.626206 0.684476 0.646446 0 0 1
v 0.627958 0.687132 0.648572 0 0 1
v 0.63628 0.686086 0.647892 0 0 1
v 0.637485 0.687838 0.64471 0 0 1
v 0.637098 0.687199 0.640957 0 0 1
v 0.635345 0.684543 0.638831 0 0 1
v 0.633255 0.681426 0.639578 0 0 1
v 0.63205 0.679674 0.64276 0 0 1
v 0.632437 0.680313 0.646513 0 0 1
v 0.634189 0.682969 0.648639 0 0 1
v 0.642511 0.681923 0.647959 0 0 1
v 0.643716 0.683675 0.644777 0 0 1
v 0.643328 0.683036 0.641024 0 0 1
v 0.641576 0.680379 0.638898 0 0 1
v 0.639486 0.677262 0.639644 0 0 1
v 0.638281 0.67551 0.642826 0 0 1
v 0.638668 0.67615 0.646579 0 0 1
v 0.64042 0.678806 0.648705 0 0 1
v 0.58919 0.709504 0.643259 0 0 1
v 0.616075 0.696246 0.643535 0 0 1
v 0.590131 0.711506 0.647743 0 0 1
v 0.591271 0.713757 0.644866 0 0 1
v 0.591192 0.713517 0.641048 0 0 1
v 0.58994 0.710926 0.638525 0 0 1
v 0.588249 0.707502 0.638775 0 0 1
v 0.587109 0.705251 0.641652 0 0 1
v 0.587189 0.705491 0.645471 0 0 1
v 0.58844 0.708082 0.647994 0 0 1
v 0.596852 0.708191 0.647812 0 0 1
v 0.597992 0.710442 0.644935 0 0 1
v 0.597913 0.710202 0.641117 0 0 1
v 0.596661 0.707612 0.638594 0 0 1
v 0.59497 0.704188 0.638844 0 0 1
v 0.593831 0.701937 0.641721 0 0 1
v 0.59391 0.702177 0.64554 0 0 1
v 0.595161 0.704767 0.648063 0 0 1
v 0.603573 0.704877 0.647881 0 0 1
v 0.604713 0.707128 0.645004 0 0 1
v 0.604634 0.706888 0.641186 0 0 1
v 0.603382 0.704297 0.638663 0 0 1
v 0.601691 0.700873 0.638913 0 0 1
v 0.600552 0.698622 0.64179 0 0 1
v 0.600631 0.698862 0.645609 0 0 1
v 0.601882 0.701453 0.648132 0 0 1
v 0.610295 0.701562 0.64795 0 0 1
v 0.611434 0.703814 0.645073 0 0 1
v 0.611355 0.703573 0.641255 0 0 1
v 0.610103 0.700983 0.638732 0 0 1
v 0.608412 0.697559 0.638982 0 0 1
v 0.607273 0.695308 0.641859 0 0 1
v 0.607352 0.695548 0.645678 0 0 1
v 0.608604 0.698138 0.648201 0 0 1
v 0.617016 0.698248 0.648019 0 0 1
v 0.618155 0.700499 0.645142 0 0 1
v 0.618076 0.700259 0.641324 0 0 1
v 0.616824 0.697668 0.638801 0 0 1
v 0.615133 0.694245 0.639051 0 0 1
v 0.613994 0.691993 0.641928 0 0 1
v 0.614073 0.692233 0.645747 0 0 1
v 0.615325 0.694824 0.64827 0 0 1
v 0.560806 0.719139 0.642978 0 0 1
v 0.58919 0.709504 0.643259 0 0 1
v 0.56128 0.720675 0.647713 0 0 1
v 0.562227 0.723392 0.64519 0 0 1
v 0.562342 0.723618 0.641371 0 0 1
v 0.561556 0.72122 0.638494 0 0 1
v 0.560331 0.717603 0.638244 0 0 1
v 0.559384 0.714886 0.640767 0 0 1
v 0.559269 0.71466 0.644585 0 0 1
v 0.560055 0.717058 0.647462 0 0 1
v 0.568376 0.718266 0.647783 0 0 1
v 0.569324 0.720983 0.64526 0 0 1
v 0.569438 0.721209 0.641441 0 0 1
v 0.568652 0.718811 0.638564 0 0 1
v 0.567427 0.715194 0.638314 0 0 1
v 0.56648 0.712477 0.640837 0 0 1
v 0.566366 0.712252 0.644656 0 0 1
v 0.567151 0.71465 0.647533 0 0 1
v 0.575473 0.715858 0.647853 0 0 1
v 0.57642 0.718574 0.64533 0 0 1
v 0.576534 0.7188 0.641512 0 0 1
v 0.575749 0.716402 0.638635 0 0 1
v 0.574523 0.712785 0.638384 0 0 1
v 0.573576 0.710068 0.640907 0 0 1
v 0.573462 0.709843 0.644726 0 0 1
v 0.574247 0.712241 0.647603 0 0 1
v 0.582569 0.713449 0.647924 0 0 1
v 0.583516 0.716166 0.6454 0 0 1
v 0.58363 0.716391 0.641582 0 0 1
v 0.582845 0.713993 0.638705 0 0 1
v 0.58162 0.710377 0.638455 0 0 1
v 0.580672 0.70766 0.640978 0 0 1
v 0.580558 0.707434 0.644796 0 0 1
v 0.581343 0.709832 0.647673 0 0 1
v 0.589665 0.71104 0.647994 0 0 1
v 0.590612 0.713757 0.645471 0 0 1
v 0.590726 0.713982 0.641652 0 0 1
v 0.589941 0.711585 0.638775 0 0 1
v 0.588716 0.707968 0.638525 0 0 1
v 0.587769 0.705251 0.641048 0 0 1
v 0.587654 0.705025 0.644866 0 0 1
v 0.58844 0.707423 0.647743 0 0 1
v 0.531406 0.724986 0.642697 0 0 1
v 0.560806 0.719139 0.642978 0 0 1
v 0.531551 0.725952 0.647601 0 0 1
v 0.532191 0.729069 0.645475 0 0 1
v 0.532372 0.729794 0.641722 0 0 1
v 0.531986 0.727703 0.63854 0 0 1
v 0.531261 0.724021 0.637793 0 0 1
v 0.530621 0.720904 0.639919 0 0 1
v 0.53044 0.720179 0.643672 0 0 1
v 0.530826 0.72227 0.646854 0 0 1
v 0.538901 0.72449 0.647671 0 0 1
v 0.539541 0.727607 0.645545 0 0 1
v 0.539722 0.728333 0.641792 0 0 1
v 0.539336 0.726242 0.63861 0 0 1
v 0.538611 0.722559 0.637864 0 0 1
v 0.53797 0.719442 0.63999 0 0 1
v 0.53779 0.718717 0.643743 0 0 1
v 0.538176 0.720808 0.646925 0 0 1
v 0.546251 0.723028 0.647741 0 0 1
v 0.546891 0.726145 0.645615 0 0 1
v 0.547071 0.726871 0.641862 0 0 1
v 0.546686 0.72478 0.638681 0 0 1
v 0.545961 0.721097 0.637934 0 0 1
v 0.54532 0.71798 0.64006 0 0 1
v 0.54514 0.717255 0.643813 0 0 1
v 0.545526 0.719346 0.646995 0 0 1
v 0.553601 0.721566 0.647812 0 0 1
v 0.554241 0.724683 0.645686 0 0 1
v 0.554421 0.725409 0.641933 0 0 1
v 0.554036 0.723318 0.638751 0 0 1
v 0.553311 0.719635 0.638004 0 0 1
v 0.55267 0.716518 0.64013 0 0 1
v 0.55249 0.715793 0.643883 0 0 1
v 0.552876 0.717884 0.647065 0 0 1
v 0.560951 0.720105 0.647882 0 0 1
v 0.561591 0.723221 0.645756 0 0 1
v 0.561771 0.723947 0.642003 0 0 1
v 0.561386 0.721856 0.638821 0 0 1
v 0.56066 0.718173 0.638075 0 0 1
v 0.56002 0.715056 0.640201 0 0 1
v 0.55984 0.714331 0.643954 0 0 1
v 0.560225 0.716422 0.647135 0 0 1
v 0.501495 0.726946 0.64242 0 0 1
v 0.531406 0.724986 0.642697 0 0 1
v 0.50147 0.727276 0.64741 0 0 1
v 0.50171 0.730699 0.645717 0 0 1
v 0.501824 0.731925 0.642094 0 0 1
v 0.501745 0.730234 0.638661 0 0 1
v 0.501519 0.726617 0.637431 0 0 1
v 0.501279 0.723193 0.639124 0 0 1
v 0.501165 0.721968 0.642747 0 0 1
v 0.501245 0.723659 0.646179 0 0 1
v 0.508948 0.726786 0.647479 0 0 1
v 0.509188 0.73021 0.645786 0 0 1
v 0.509302 0.731435 0.642163 0 0 1
v 0.509223 0.729744 0.638731 0 0 1
v 0.508997 0.726127 0.637501 0 0 1
v 0.508757 0.722703 0.639193 0 0 1
v 0.508643 0.721478 0.642817 0 0 1
v 0.508722 0.723169 0.646249 0 0 1
v 0.516426 0.726296 0.647548 0 0 1
v 0.516666 0.72972 0.645855 0 0 1
v 0.51678 0.730945 0.642232 0 0 1
v 0.516701 0.729254 0.6388 0 0 1
v 0.516475 0.725637 0.63757 0 0 1
v 0.516235 0.722213 0.639262 0 0 1
v 0.516121 0.720988 0.642886 0 0 1
v 0.5162 0.722679 0.646318 0 0 1
v 0.523904 0.725806 0.647617 0 0 1
v 0.524144 0.72923 0.645925 0 0 1
v 0.524257 0.730455 0.642301 0 0 1
v 0.524178 0.728764 0.638869 0 0 1
v 0.523953 0.725147 0.637639 0 0 1
v 0.523713 0.721723 0.639331 0 0 1
v 0.523599 0.720498 0.642955 0 0 1
v 0.523678 0.722189 0.646387 0 0 1
v 0.531381 0.725316 0.647686 0 0 1
v 0.531621 0.72874 0.645994 0 0 1
v 0.531735 0.729965 0.64237 0 0 1
v 0.531656 0.728274 0.638938 0 0 1
v 0.531431 0.724657 0.637708 0 0 1
v 0.531191 0.721233 0.6394 0 0 1
v 0.531077 0.720008 0.643024 0 0 1
v 0.531156 0.721699 0.646456 0 0 1
v 0.471583 0.724985 0.642153 0 0 1
v 0.501495 0.726946 0.64242 0 0 1
v 0.47156 0.724656 0.647142 0 0 1
v 0.471334 0.728273 0.645912 0 0 1
v 0.471254 0.729964 0.64248 0 0 1
v 0.471367 0.728738 0.638857 0 0 1
v 0.471606 0.725315 0.637164 0 0 1
v 0.471833 0.721698 0.638394 0 0 1
v 0.471913 0.720007 0.641826 0 0 1
v 0.4718 0.721232 0.64545 0 0 1
v 0.479038 0.725146 0.647209 0 0 1
v 0.478812 0.728763 0.645979 0 0 1
v 0.478732 0.730454 0.642547 0 0 1
v 0.478845 0.729229 0.638923 0 0 1
v 0.479084 0.725805 0.637231 0 0 1
v 0.47931 0.722188 0.638461 0 0 1
v 0.479391 0.720497 0.641893 0 0 1
v 0.479278 0.721722 0.645516 0 0 1
v 0.486516 0.725636 0.647276 0 0 1
v 0.48629 0.729253 0.646046 0 0 1
v 0.48621 0.730944 0.642614 0 0 1
v 0.486322 0.729719 0.63899 0 0 1
v 0.486562 0.726295 0.637298 0 0 1
v 0.486788 0.722678 0.638528 0 0 1
v 0.486868 0.720987 0.64196 0 0 1
v 0.486756 0.722213 0.645583 0 0 1
v 0.493994 0.726127 0.647343 0 0 1
v 0.493768 0.729743 0.646113 0 0 1
v 0.493688 0.731435 0.642681 0 0 1
v 0.4938 0.730209 0.639057 0 0 1
v 0.49404 0.726785 0.637365 0 0 1
v 0.494266 0.723169 0.638594 0 0 1
v 0.494346 0.721478 0.642026 0 0 1
v 0.494234 0.722703 0.64565 0 0 1
v 0.501472 0.726617 0.64741 0 0 1
v 0.501246 0.730234 0.64618 0 0 1
v 0.501165 0.731925 0.642748 0 0 1
v 0.501278 0.7307 0.639124 0 0 1
v 0.501518 0.727276 0.637431 0 0 1
v 0.501744 0.723659 0.638661 0 0 1
v 0.501824 0.721968 0.642093 0 0 1
v 0.501711 0.723193 0.645717 0 0 1
v 0.442184 0.719136 0.6419 0 0 1
v 0.471583 0.724985 0.642153 0 0 1
v 0.442334 0.718171 0.646803 0 0 1
v 0.441607 0.721854 0.646057 0 0 1
v 0.441219 0.723944 0.642875 0 0 1
v 0.441396 0.723219 0.639122 0 0 1
v 0.442034 0.720101 0.636996 0 0 1
v 0.44276 0.716419 0.637742 0 0 1
v 0.443149 0.714328 0.640924 0 0 1
v 0.442972 0.715054 0.644677 0 0 1
v 0.449683 0.719634 0.646867 0 0 1
v 0.448957 0.723316 0.64612 0 0 1
v 0.448569 0.725407 0.642939 0 0 1
v 0.448746 0.724681 0.639185 0 0 1
v 0.449384 0.721564 0.637059 0 0 1
v 0.45011 0.717881 0.637806 0 0 1
v 0.450499 0.715791 0.640988 0 0 1
v 0.450322 0.716516 0.644741 0 0 1
v 0.457033 0.721096 0.64693 0 0 1
v 0.456307 0.724778 0.646184 0 0 1
v 0.455919 0.726869 0.643002 0 0 1
v 0.456095 0.726143 0.639249 0 0 1
v 0.456734 0.723026 0.637123 0 0 1
v 0.45746 0.719343 0.637869 0 0 1
v 0.457849 0.717253 0.641051 0 0 1
v 0.457672 0.717979 0.644804 0 0 1
v 0.464383 0.722558 0.646994 0 0 1
v 0.463657 0.72624 0.646247 0 0 1
v 0.463269 0.728331 0.643065 0 0 1
v 0.463445 0.727605 0.639312 0 0 1
v 0.464084 0.724488 0.637186 0 0 1
v 0.46481 0.720806 0.637933 0 0 1
v 0.465198 0.718715 0.641114 0 0 1
v 0.465022 0.719441 0.644867 0 0 1
v 0.471733 0.72402 0.647057 0 0 1
v 0.471007 0.727703 0.64631 0 0 1
v 0.470618 0.729793 0.643129 0 0 1
v 0.470795 0.729067 0.639376 0 0 1
v 0.471434 0.72595 0.637249 0 0 1
v 0.47216 0.722268 0.637996 0 0 1
v 0.472548 0.720177 0.641178 0 0 1
v 0.472372 0.720903 0.644931 0 0 1
v 0.413799 0.7095 0.641665 0 0 1
v 0.442184 0.719136 0.6419 0 0 1
v 0.414281 0.707966 0.646399 0 0 1
v 0.413055 0.711583 0.646149 0 0 1
v 0.412265 0.713979 0.643272 0 0 1
v 0.412374 0.713752 0.639453 0 0 1
v 0.413318 0.711034 0.63693 0 0 1
v 0.414543 0.707417 0.63718 0 0 1
v 0.415333 0.705021 0.640057 0 0 1
v 0.415224 0.705248 0.643876 0 0 1
v 0.421377 0.710375 0.646458 0 0 1
v 0.420151 0.713992 0.646208 0 0 1
v 0.419361 0.716388 0.643331 0 0 1
v 0.41947 0.716161 0.639512 0 0 1
v 0.420414 0.713443 0.636989 0 0 1
v 0.421639 0.709827 0.637239 0 0 1
v 0.422429 0.70743 0.640116 0 0 1
v 0.422321 0.707657 0.643935 0 0 1
v 0.428473 0.712784 0.646517 0 0 1
v 0.427247 0.716401 0.646266 0 0 1
v 0.426458 0.718797 0.643389 0 0 1
v 0.426566 0.71857 0.639571 0 0 1
v 0.42751 0.715852 0.637048 0 0 1
v 0.428736 0.712236 0.637298 0 0 1
v 0.429525 0.709839 0.640175 0 0 1
v 0.429417 0.710066 0.643993 0 0 1
v 0.435569 0.715193 0.646575 0 0 1
v 0.434344 0.71881 0.646325 0 0 1
v 0.433554 0.721207 0.643448 0 0 1
v 0.433662 0.720979 0.63963 0 0 1
v 0.434606 0.718261 0.637106 0 0 1
v 0.435832 0.714645 0.637357 0 0 1
v 0.436622 0.712248 0.640234 0 0 1
v 0.436513 0.712475 0.644052 0 0 1
v 0.442665 0.717602 0.646634 0 0 1
v 0.44144 0.721219 0.646384 0 0 1
v 0.44065 0.723616 0.643507 0 0 1
v 0.440759 0.723388 0.639689 0 0 1
v 0.441702 0.72067 0.637165 0 0 1
v 0.442928 0.717054 0.637415 0 0 1
v 0.443718 0.714657 0.640292 0 0 1
v 0.443609 0.714884 0.644111 0 0 1
v 0.386915 0.696241 0.641452 0 0 1
v 0.413799 0.7095 0.641665 0 0 1
v 0.387865 0.694244 0.645936 0 0 1
v 0.386174 0.697668 0.646186 0 0 1
v 0.384917 0.700256 0.643663 0 0 1
v 0.384831 0.700493 0.639845 0 0 1
v 0.385965 0.698239 0.636968 0 0 1
v 0.387656 0.694815 0.636717 0 0 1
v 0.388912 0.692226 0.63924 0 0 1
v 0.388999 0.69199 0.643059 0 0 1
v 0.394586 0.697558 0.645989 0 0 1
v 0.392895 0.700982 0.646239 0 0 1
v 0.391638 0.703571 0.643716 0 0 1
v 0.391552 0.703807 0.639898 0 0 1
v 0.392686 0.701553 0.637021 0 0 1
v 0.394377 0.698129 0.63677 0 0 1
v 0.395634 0.695541 0.639293 0 0 1
v 0.39572 0.695305 0.643112 0 0 1
v 0.401307 0.700873 0.646042 0 0 1
v 0.399616 0.704297 0.646293 0 0 1
v 0.398359 0.706885 0.64377 0 0 1
v 0.398273 0.707122 0.639951 0 0 1
v 0.399407 0.704868 0.637074 0 0 1
v 0.401098 0.701444 0.636824 0 0 1
v 0.402355 0.698856 0.639347 0 0 1
v 0.402441 0.698619 0.643165 0 0 1
v 0.408028 0.704188 0.646096 0 0 1
v 0.406337 0.707612 0.646346 0 0 1
v 0.405081 0.7102 0.643823 0 0 1
v 0.404994 0.710437 0.640004 0 0 1
v 0.406128 0.708183 0.637127 0 0 1
v 0.407819 0.704759 0.636877 0 0 1
v 0.409076 0.702171 0.6394 0 0 1
v 0.409162 0.701934 0.643218 0 0 1
v 0.414749 0.707503 0.646149 0 0 1
v 0.413058 0.710927 0.646399 0 0 1
v 0.411802 0.713515 0.643876 0 0 1
v 0.411715 0.713752 0.640058 0 0 1
v 0.412849 0.711498 0.63718 0 0 1
v 0.41454 0.708074 0.63693 0 0 1
v 0.415797 0.705485 0.639453 0 0 1
v 0.415883 0.705249 0.643272 0 0 1
v 0.361991 0.679587 0.641265 0 0 1
v 0.386915 0.696241 0.641452 0 0 1
v 0.363513 0.677262 0.645422 0 0 1
v 0.361424 0.68038 0.646169 0 0 1
v 0.359667 0.683033 0.644043 0 0 1
v 0.359272 0.683667 0.640289 0 0 1
v 0.360469 0.681911 0.637108 0 0 1
v 0.362559 0.678793 0.636361 0 0 1
v 0.364315 0.67614 0.638487 0 0 1
v 0.364711 0.675506 0.64224 0 0 1
v 0.369744 0.681426 0.645469 0 0 1
v 0.367655 0.684544 0.646215 0 0 1
v 0.365898 0.687197 0.644089 0 0 1
v 0.365503 0.687831 0.640336 0 0 1
v 0.3667 0.686074 0.637154 0 0 1
v 0.368789 0.682956 0.636408 0 0 1
v 0.370546 0.680303 0.638534 0 0 1
v 0.370942 0.679669 0.642287 0 0 1
v 0.375975 0.68559 0.645515 0 0 1
v 0.373886 0.688708 0.646262 0 0 1
v 0.372129 0.691361 0.644136 0 0 1
v 0.371733 0.691995 0.640383 0 0 1
v 0.372931 0.690238 0.637201 0 0 1
v 0.37502 0.68712 0.636454 0 0 1
v 0.376777 0.684467 0.63858 0 0 1
v 0.377173 0.683833 0.642333 0 0 1
v 0.382206 0.689753 0.645562 0 0 1
v 0.380117 0.692871 0.646309 0 0 1
v 0.37836 0.695524 0.644183 0 0 1
v 0.377964 0.696158 0.64043 0 0 1
v 0.379162 0.694402 0.637248 0 0 1
v 0.381251 0.691284 0.636501 0 0 1
v 0.383008 0.688631 0.638627 0 0 1
v 0.383404 0.687997 0.64238 0 0 1
v 0.388437 0.693917 0.645609 0 0 1
v 0.386348 0.697035 0.646356 0 0 1
v 0.384591 0.699688 0.64423 0 0 1
v 0.384195 0.700322 0.640476 0 0 1
v 0.385393 0.698565 0.637295 0 0 1
v 0.387482 0.695447 0.636548 0 0 1
v 0.389239 0.692794 0.638674 0 0 1
v 0.389634 0.69216 0.642427 0 0 1
v 0.339454 0.659821 0.641107 0 0 1
v 0.361991 0.679587 0.641265 0 0 1
v 0.341613 0.657329 0.644866 0 0 1
v 0.339219 0.660049 0.646096 0 0 1
v 0.336963 0.662636 0.644404 0 0 1
v 0.336166 0.663573 0.64078 0 0 1
v 0.337295 0.662313 0.637348 0 0 1
v 0.33969 0.659593 0.636118 0 0 1
v 0.341946 0.657006 0.63781 0 0 1
v 0.342743 0.656069 0.641434 0 0 1
v 0.347248 0.662271 0.644905 0 0 1
v 0.344853 0.664991 0.646136 0 0 1
v 0.342597 0.667577 0.644443 0 0 1
v 0.3418 0.668515 0.640819 0 0 1
v 0.34293 0.667254 0.637387 0 0 1
v 0.345324 0.664534 0.636157 0 0 1
v 0.34758 0.661948 0.637849 0 0 1
v 0.348377 0.66101 0.641473 0 0 1
v 0.352882 0.667212 0.644945 0 0 1
v 0.350488 0.669932 0.646175 0 0 1
v 0.348231 0.672518 0.644483 0 0 1
v 0.347434 0.673456 0.640859 0 0 1
v 0.348564 0.672195 0.637427 0 0 1
v 0.350958 0.669475 0.636197 0 0 1
v 0.353215 0.666889 0.637889 0 0 1
v 0.354011 0.665952 0.641513 0 0 1
v 0.358516 0.672153 0.644984 0 0 1
v 0.356122 0.674874 0.646214 0 0 1
v 0.353865 0.67746 0.644522 0 0 1
v 0.353069 0.678397 0.640898 0 0 1
v 0.354198 0.677137 0.637466 0 0 1
v 0.356592 0.674417 0.636236 0 0 1
v 0.358849 0.67183 0.637928 0 0 1
v 0.359646 0.670893 0.641552 0 0 1
v 0.36415 0.677095 0.645024 0 0 1
v 0.361756 0.679815 0.646254 0 0 1
v 0.3595 0.682401 0.644561 0 0 1
v 0.358703 0.683339 0.640938 0 0 1
v 0.359832 0.682078 0.637506 0 0 1
v 0.362226 0.679358 0.636275 0 0 1
v 0.364483 0.676772 0.637968 0 0 1
v 0.36528 0.675834 0.641592 0 0 1
v 0.31969 0.637283 0.640981 0 0 1
v 0.339454 0.659821 0.641107 0 0 1
v 0.322508 0.634794 0.644277 0 0 1
v 0.319922 0.637051 0.64597 0 0 1
v 0.317201 0.639445 0.64474 0 0 1
v 0.315938 0.640571 0.641308 0 0 1
v 0.316873 0.639772 0.637684 0 0 1
v 0.319458 0.637514 0.635991 0 0 1
v 0.322179 0.635121 0.637221 0 0 1
v 0.323442 0.633994 0.640654 0 0 1
v 0.327449 0.640428 0.644309 0 0 1
v 0.324863 0.642686 0.646001 0 0 1
v 0.322142 0.645079 0.644771 0 0 1
v 0.320879 0.646206 0.641339 0 0 1
v 0.321814 0.645406 0.637716 0 0 1
v 0.324399 0.643149 0.636023 0 0 1
v 0.32712 0.640756 0.637253 0 0 1
v 0.328383 0.639629 0.640685 0 0 1
v 0.33239 0.646063 0.64434 0 0 1
v 0.329804 0.648321 0.646033 0 0 1
v 0.327083 0.650714 0.644803 0 0 1
v 0.32582 0.651841 0.641371 0 0 1
v 0.326755 0.651041 0.637747 0 0 1
v 0.32934 0.648783 0.636055 0 0 1
v 0.332061 0.64639 0.637284 0 0 1
v 0.333324 0.645263 0.640717 0 0 1
v 0.337331 0.651697 0.644372 0 0 1
v 0.334746 0.653955 0.646065 0 0 1
v 0.332024 0.656348 0.644835 0 0 1
v 0.330761 0.657475 0.641402 0 0 1
v 0.331696 0.656676 0.637779 0 0 1
v 0.334281 0.654418 0.636086 0 0 1
v 0.337002 0.652025 0.637316 0 0 1
v 0.338266 0.650898 0.640748 0 0 1
v 0.342272 0.657332 0.644403 0 0 1
v 0.339687 0.65959 0.646096 0 0 1
v 0.336965 0.661983 0.644866 0 0 1
v 0.335702 0.66311 0.641434 0 0 1
v 0.336637 0.66231 0.63781 0 0 1
v 0.339222 0.660053 0.636118 0 0 1
v 0.341943 0.657659 0.637348 0 0 1
v 0.343207 0.656533 0.64078 0 0 1
v 0.303037 0.612358 0.640889 0 0 1
v 0.31969 0.637283 0.640981 0 0 1
v 0.306489 0.610041 0.643666 0 0 1
v 0.30384 0.611803 0.645792 0 0 1
v 0.30072 0.61389 0.645046 0 0 1
v 0.298958 0.61508 0.641864 0 0 1
v 0.299585 0.614675 0.638111 0 0 1
v 0.302234 0.612912 0.635985 0 0 1
v 0.305353 0.610825 0.636731 0 0 1
v 0.307116 0.609636 0.639913 0 0 1
v 0.310652 0.616272 0.643689 0 0 1
v 0.308003 0.618035 0.645816 0 0 1
v 0.304883 0.620122 0.645069 0 0 1
v 0.303121 0.621311 0.641887 0 0 1
v 0.303748 0.620906 0.638134 0 0 1
v 0.306397 0.619144 0.636008 0 0 1
v 0.309517 0.617057 0.636754 0 0 1
v 0.311279 0.615867 0.639936 0 0 1
v 0.314816 0.622504 0.643712 0 0 1
v 0.312166 0.624266 0.645839 0 0 1
v 0.309047 0.626353 0.645092 0 0 1
v 0.307284 0.627542 0.64191 0 0 1
v 0.307911 0.627137 0.638157 0 0 1
v 0.310561 0.625375 0.636031 0 0 1
v 0.31368 0.623288 0.636777 0 0 1
v 0.315443 0.622099 0.639959 0 0 1
v 0.318979 0.628735 0.643735 0 0 1
v 0.31633 0.630497 0.645862 0 0 1
v 0.31321 0.632584 0.645115 0 0 1
v 0.311448 0.633774 0.641933 0 0 1
v 0.312075 0.633368 0.63818 0 0 1
v 0.314724 0.631606 0.636054 0 0 1
v 0.317844 0.629519 0.6368 0 0 1
v 0.319606 0.62833 0.639982 0 0 1
v 0.323142 0.634966 0.643758 0 0 1
v 0.320493 0.636728 0.645885 0 0 1
v 0.317373 0.638816 0.645138 0 0 1
v 0.315611 0.640005 0.641956 0 0 1
v 0.316238 0.6396 0.638203 0 0 1
v 0.318887 0.637837 0.636077 0 0 1
v 0.322007 0.63575 0.636823 0 0 1
v 0.323769 0.634561 0.640005 0 0 1
v 0.289779 0.585472 0.640832 0 0 1
v 0.303037 0.612358 0.640889 0 0 1
v 0.293799 0.583485 0.643043 0 0 1
v 0.291216 0.584754 0.645567 0 0 1
v 0.287792 0.586443 0.645316 0 0 1
v 0.285531 0.587564 0.642439 0 0 1
v 0.285759 0.587459 0.638621 0 0 1
v 0.288341 0.586191 0.636097 0 0 1
v 0.291766 0.584502 0.636348 0 0 1
v 0.294027 0.583381 0.639225 0 0 1
v 0.297113 0.590207 0.643058 0 0 1
v 0.294531 0.591475 0.645581 0 0 1
v 0.291106 0.593164 0.645331 0 0 1
v 0.288846 0.594285 0.642453 0 0 1
v 0.289073 0.594181 0.638635 0 0 1
v 0.291656 0.592913 0.636112 0 0 1
v 0.29508 0.591223 0.636362 0 0 1
v 0.297341 0.590102 0.639239 0 0 1
v 0.300428 0.596928 0.643072 0 0 1
v 0.297845 0.598196 0.645595 0 0 1
v 0.294421 0.599886 0.645345 0 0 1
v 0.29216 0.601006 0.642468 0 0 1
v 0.292388 0.600902 0.638649 0 0 1
v 0.29497 0.599634 0.636126 0 0 1
v 0.298395 0.597945 0.636376 0 0 1
v 0.300656 0.596824 0.639253 0 0 1
v 0.303742 0.603649 0.643086 0 0 1
v 0.30116 0.604918 0.645609 0 0 1
v 0.297735 0.606607 0.645359 0 0 1
v 0.295475 0.607728 0.642482 0 0 1
v 0.295702 0.607624 0.638663 0 0 1
v 0.298285 0.606355 0.63614 0 0 1
v 0.301709 0.604666 0.63639 0 0 1
v 0.30397 0.603545 0.639267 0 0 1
v 0.307057 0.610371 0.6431 0 0 1
v 0.304474 0.611639 0.645623 0 0 1
v 0.30105 0.613328 0.645373 0 0 1
v 0.298789 0.614449 0.642496 0 0 1
v 0.299017 0.614345 0.638677 0 0 1
v 0.301599 0.613077 0.636154 0 0 1
v 0.305024 0.611387 0.636404 0 0 1
v 0.307284 0.610267 0.639281 0 0 1
v 0.280144 0.557086 0.640812 0 0 1
v 0.289779 0.585472 0.640832 0 0 1
v 0.284627 0.555563 0.642419 0 0 1
v 0.282237 0.556373 0.645296 0 0 1
v 0.278621 0.5576 0.645547 0 0 1
v 0.275897 0.558526 0.643023 0 0 1
v 0.27566 0.558609 0.639205 0 0 1
v 0.27805 0.5578 0.636328 0 0 1
v 0.281666 0.556573 0.636077 0 0 1
v 0.28439 0.555646 0.6386 0 0 1
v 0.287035 0.56266 0.642424 0 0 1
v 0.284646 0.563469 0.645301 0 0 1
v 0.28103 0.564696 0.645552 0 0 1
v 0.278306 0.565623 0.643028 0 0 1
v 0.278069 0.565706 0.63921 0 0 1
v 0.280459 0.564897 0.636333 0 0 1
v 0.284075 0.563669 0.636082 0 0 1
v 0.286799 0.562743 0.638605 0 0 1
v 0.289444 0.569757 0.642429 0 0 1
v 0.287054 0.570566 0.645306 0 0 1
v 0.283438 0.571793 0.645557 0 0 1
v 0.280714 0.572719 0.643033 0 0 1
v 0.280478 0.572802 0.639215 0 0 1
v 0.282868 0.571993 0.636338 0 0 1
v 0.286484 0.570766 0.636087 0 0 1
v 0.289208 0.569839 0.63861 0 0 1
v 0.291853 0.576853 0.642434 0 0 1
v 0.289463 0.577662 0.645311 0 0 1
v 0.285847 0.578889 0.645562 0 0 1
v 0.283123 0.579816 0.643039 0 0 1
v 0.282887 0.579899 0.63922 0 0 1
v 0.285277 0.57909 0.636343 0 0 1
v 0.288893 0.577862 0.636092 0 0 1
v 0.291617 0.576936 0.638615 0 0 1
v 0.294262 0.58395 0.642439 0 0 1
v 0.291872 0.584759 0.645316 0 0 1
v 0.288256 0.585986 0.645567 0 0 1
v 0.285532 0.586912 0.643044 0 0 1
v 0.285296 0.586995 0.639225 0 0 1
v 0.287686 0.586186 0.636348 0 0 1
v 0.291302 0.584959 0.636097 0 0 1
v 0.294026 0.584032 0.638621 0 0 1
v 0.274296 0.527686 0.640829 0 0 1
v 0.280144 0.557086 0.640812 0 0 1
v 0.279105 0.526729 0.641804 0 0 1
v 0.277021 0.527146 0.644986 0 0 1
v 0.273339 0.527879 0.645733 0 0 1
v 0.270218 0.528498 0.643607 0 0 1
v 0.269486 0.528642 0.639853 0 0 1
v 0.271571 0.528225 0.636671 0 0 1
v 0.275252 0.527493 0.635925 0 0 1
v 0.278373 0.526873 0.638051 0 0 1
v 0.280567 0.53408 0.6418 0 0 1
v 0.278483 0.534496 0.644982 0 0 1
v 0.274801 0.535229 0.645728 0 0 1
v 0.27168 0.535848 0.643602 0 0 1
v 0.270948 0.535992 0.639849 0 0 1
v 0.273033 0.535575 0.636667 0 0 1
v 0.276714 0.534843 0.635921 0 0 1
v 0.279835 0.534223 0.638047 0 0 1
v 0.282029 0.54143 0.641796 0 0 1
v 0.279945 0.541846 0.644978 0 0 1
v 0.276263 0.542579 0.645724 0 0 1
v 0.273142 0.543199 0.643598 0 0 1
v 0.27241 0.543342 0.639845 0 0 1
v 0.274495 0.542926 0.636663 0 0 1
v 0.278176 0.542193 0.635916 0 0 1
v 0.281297 0.541573 0.638042 0 0 1
v 0.283491 0.54878 0.641792 0 0 1
v 0.281407 0.549197 0.644973 0 0 1
v 0.277725 0.549929 0.64572 0 0 1
v 0.274604 0.550549 0.643594 0 0 1
v 0.273872 0.550692 0.639841 0 0 1
v 0.275957 0.550276 0.636659 0 0 1
v 0.279638 0.549543 0.635912 0 0 1
v 0.282759 0.548924 0.638038 0 0 1
v 0.284953 0.55613 0.641787 0 0 1
v 0.282869 0.556547 0.644969 0 0 1
v 0.279187 0.557279 0.645716 0 0 1
v 0.276066 0.557899 0.64359 0 0 1
v 0.275334 0.558042 0.639837 0 0 1
v 0.277419 0.557626 0.636655 0 0 1
v 0.2811 0.556893 0.635908 0 0 1
v 0.284221 0.556274 0.638034 0 0 1
v 0.272335 0.497773 0.640882 0 0 1
v 0.274296 0.527686 0.640829 0 0 1
v 0.277314 0.497447 0.641209 0 0 1
v 0.275625 0.497564 0.644641 0 0 1
v 0.272009 0.497803 0.645871 0 0 1
v 0.268584 0.498025 0.644179 0 0 1
v 0.267356 0.498099 0.640555 0 0 1
v 0.269045 0.497982 0.637123 0 0 1
v 0.272661 0.497743 0.635893 0 0 1
v 0.276086 0.497521 0.637585 0 0 1
v 0.277804 0.504925 0.641196 0 0 1
v 0.276115 0.505042 0.644628 0 0 1
v 0.2725 0.505281 0.645858 0 0 1
v 0.269075 0.505503 0.644165 0 0 1
v 0.267847 0.505577 0.640542 0 0 1
v 0.269535 0.50546 0.63711 0 0 1
v 0.273151 0.505221 0.635879 0 0 1
v 0.276576 0.504999 0.637572 0 0 1
v 0.278294 0.512404 0.641182 0 0 1
v 0.276606 0.51252 0.644615 0 0 1
v 0.27299 0.51276 0.645845 0 0 1
v 0.269565 0.512981 0.644152 0 0 1
v 0.268337 0.513055 0.640528 0 0 1
v 0.270025 0.512938 0.637096 0 0 1
v 0.273641 0.512699 0.635866 0 0 1
v 0.277066 0.512478 0.637559 0 0 1
v 0.278784 0.519882 0.641169 0 0 1
v 0.277096 0.519999 0.644601 0 0 1
v 0.27348 0.520238 0.645831 0 0 1
v 0.270055 0.520459 0.644139 0 0 1
v 0.268827 0.520533 0.640515 0 0 1
v 0.270515 0.520416 0.637083 0 0 1
v 0.274131 0.520177 0.635853 0 0 1
v 0.277556 0.519956 0.637545 0 0 1
v 0.279274 0.52736 0.641156 0 0 1
v 0.277586 0.527477 0.644588 0 0 1
v 0.27397 0.527716 0.645818 0 0 1
v 0.270545 0.527937 0.644125 0 0 1
v 0.269317 0.528011 0.640502 0 0 1
v 0.271006 0.527895 0.63707 0 0 1
v 0.274621 0.527655 0.635839 0 0 1
v 0.278046 0.527434 0.637532 0 0 1
v 0.274296 0.467861 0.640971 0 0 1
v 0.272335 0.497773 0.640882 0 0 1
v 0.279274 0.468186 0.640644 0 0 1
v 0.278046 0.468116 0.644268 0 0 1
v 0.274621 0.467897 0.64596 0 0 1
v 0.271005 0.467656 0.64473 0 0 1
v 0.269317 0.467535 0.641298 0 0 1
v 0.270545 0.467605 0.637674 0 0 1
v 0.27397 0.467824 0.635982 0 0 1
v 0.277586 0.468065 0.637212 0 0 1
v 0.278784 0.475664 0.640622 0 0 1
v 0.277556 0.475594 0.644246 0 0 1
v 0.274131 0.475375 0.645938 0 0 1
v 0.270515 0.475134 0.644708 0 0 1
v 0.268827 0.475013 0.641276 0 0 1
v 0.270055 0.475083 0.637652 0 0 1
v 0.27348 0.475303 0.63596 0 0 1
v 0.277096 0.475543 0.63719 0 0 1
v 0.278294 0.483142 0.6406 0 0 1
v 0.277066 0.483072 0.644223 0 0 1
v 0.273641 0.482853 0.645916 0 0 1
v 0.270025 0.482612 0.644686 0 0 1
v 0.268337 0.482491 0.641254 0 0 1
v 0.269565 0.482561 0.63763 0 0 1
v 0.27299 0.482781 0.635937 0 0 1
v 0.276606 0.483021 0.637167 0 0 1
v 0.277804 0.49062 0.640577 0 0 1
v 0.276576 0.490551 0.644201 0 0 1
v 0.273151 0.490331 0.645894 0 0 1
v 0.269535 0.49009 0.644663 0 0 1
v 0.267847 0.48997 0.641231 0 0 1
v 0.269075 0.490039 0.637608 0 0 1
v 0.2725 0.490259 0.635915 0 0 1
v 0.276116 0.490499 0.637145 0 0 1
v 0.277314 0.498098 0.640555 0 0 1
v 0.276086 0.498029 0.644179 0 0 1
v 0.27266 0.497809 0.645871 0 0 1
v 0.269045 0.497569 0.644641 0 0 1
v 0.267356 0.497448 0.641209 0 0 1
v 0.268585 0.497517 0.637585 0 0 1
v 0.27201 0.497737 0.635893 0 0 1
v 0.275626 0.497978 0.637123 0 0 1
v 0.280144 0.43846 0.641094 0 0 1
v 0.274296 0.467861 0.640971 0 0 1
v 0.284954 0.439413 0.640119 0 0 1
v 0.284219 0.439282 0.643872 0 0 1
v 0.281096 0.43867 0.645998 0 0 1
v 0.277416 0.437935 0.645251 0 0 1
v 0.275333 0.437507 0.64207 0 0 1
v 0.276068 0.437638 0.638316 0 0 1
v 0.279191 0.43825 0.63619 0 0 1
v 0.282871 0.438985 0.636937 0 0 1
v 0.283492 0.446763 0.640088 0 0 1
v 0.282757 0.446632 0.643841 0 0 1
v 0.279634 0.44602 0.645967 0 0 1
v 0.275954 0.445285 0.645221 0 0 1
v 0.273871 0.444857 0.642039 0 0 1
v 0.274606 0.444988 0.638286 0 0 1
v 0.277729 0.4456 0.63616 0 0 1
v 0.281409 0.446335 0.636906 0 0 1
v 0.28203 0.454113 0.640057 0 0 1
v 0.281295 0.453983 0.64381 0 0 1
v 0.278172 0.45337 0.645937 0 0 1
v 0.274492 0.452635 0.64519 0 0 1
v 0.272409 0.452208 0.642008 0 0 1
v 0.273144 0.452338 0.638255 0 0 1
v 0.276267 0.45295 0.636129 0 0 1
v 0.279947 0.453686 0.636875 0 0 1
v 0.280568 0.461463 0.640026 0 0 1
v 0.279833 0.461333 0.64378 0 0 1
v 0.27671 0.460721 0.645906 0 0 1
v 0.27303 0.459985 0.645159 0 0 1
v 0.270947 0.459558 0.641977 0 0 1
v 0.271682 0.459688 0.638224 0 0 1
v 0.274805 0.4603 0.636098 0 0 1
v 0.278485 0.461036 0.636845 0 0 1
v 0.279106 0.468813 0.639996 0 0 1
v 0.278371 0.468683 0.643749 0 0 1
v 0.275248 0.468071 0.645875 0 0 1
v 0.271568 0.467335 0.645128 0 0 1
v 0.269485 0.466908 0.641946 0 0 1
v 0.27022 0.467038 0.638193 0 0 1
v 0.273343 0.467651 0.636067 0 0 1
v 0.277023 0.468386 0.636814 0 0 1
v 0.289779 0.410074 0.641249 0 0 1
v 0.280144 0.43846 0.641094 0 0 1
v 0.294265 0.411588 0.639642 0 0 1
v 0.294022 0.411527 0.643461 0 0 1
v 0.291293 0.410614 0.645984 0 0 1
v 0.287677 0.409386 0.645734 0 0 1
v 0.285293 0.40856 0.642856 0 0 1
v 0.285536 0.408622 0.639038 0 0 1
v 0.288265 0.409535 0.636515 0 0 1
v 0.29188 0.410763 0.636765 0 0 1
v 0.291856 0.418685 0.639603 0 0 1
v 0.291613 0.418623 0.643422 0 0 1
v 0.288884 0.417711 0.645945 0 0 1
v 0.285268 0.416482 0.645695 0 0 1
v 0.282884 0.415657 0.642818 0 0 1
v 0.283127 0.415719 0.638999 0 0 1
v 0.285856 0.416631 0.636476 0 0 1
v 0.289472 0.41786 0.636726 0 0 1
v 0.289447 0.425781 0.639565 0 0 1
v 0.289204 0.42572 0.643383 0 0 1
v 0.286475 0.424807 0.645906 0 0 1
v 0.28286 0.423578 0.645656 0 0 1
v 0.280475 0.422753 0.642779 0 0 1
v 0.280719 0.422815 0.63896 0 0 1
v 0.283447 0.423727 0.636437 0 0 1
v 0.287063 0.424956 0.636687 0 0 1
v 0.287038 0.432878 0.639526 0 0 1
v 0.286795 0.432816 0.643344 0 0 1
v 0.284066 0.431903 0.645868 0 0 1
v 0.280451 0.430675 0.645617 0 0 1
v 0.278066 0.42985 0.64274 0 0 1
v 0.27831 0.429911 0.638922 0 0 1
v 0.281038 0.430824 0.636398 0 0 1
v 0.284654 0.432053 0.636649 0 0 1
v 0.28463 0.439974 0.639487 0 0 1
v 0.284386 0.439912 0.643306 0 0 1
v 0.281658 0.439 0.645829 0 0 1
v 0.278042 0.437771 0.645578 0 0 1
v 0.275657 0.436946 0.642701 0 0 1
v 0.275901 0.437008 0.638883 0 0 1
v 0.27863 0.43792 0.63636 0 0 1
v 0.282245 0.439149 0.63661 0 0 1
v 0.303037 0.38319 0.641434 0 0 1
v 0.289779 0.410074 0.641249 0 0 1
v 0.307065 0.385161 0.639222 0 0 1
v 0.307279 0.385292 0.643041 0 0 1
v 0.305008 0.384192 0.645918 0 0 1
v 0.301582 0.382505 0.646168 0 0 1
v 0.299009 0.381218 0.643645 0 0 1
v 0.298795 0.381087 0.639827 0 0 1
v 0.301066 0.382187 0.63695 0 0 1
v 0.304491 0.383874 0.636699 0 0 1
v 0.30375 0.391882 0.639176 0 0 1
v 0.303964 0.392014 0.642995 0 0 1
v 0.301693 0.390914 0.645872 0 0 1
v 0.298268 0.389226 0.646122 0 0 1
v 0.295694 0.38794 0.643599 0 0 1
v 0.29548 0.387808 0.63978 0 0 1
v 0.297751 0.388908 0.636903 0 0 1
v 0.301177 0.390595 0.636653 0 0 1
v 0.300436 0.398603 0.63913 0 0 1
v 0.30065 0.398735 0.642949 0 0 1
v 0.298379 0.397635 0.645826 0 0 1
v 0.294953 0.395947 0.646076 0 0 1
v 0.29238 0.394661 0.643553 0 0 1
v 0.292166 0.394529 0.639734 0 0 1
v 0.294437 0.395629 0.636857 0 0 1
v 0.297862 0.397317 0.636607 0 0 1
v 0.297121 0.405324 0.639084 0 0 1
v 0.297335 0.405456 0.642903 0 0 1
v 0.295064 0.404356 0.64578 0 0 1
v 0.291639 0.402669 0.64603 0 0 1
v 0.289065 0.401382 0.643507 0 0 1
v 0.288851 0.40125 0.639688 0 0 1
v 0.291122 0.40235 0.636811 0 0 1
v 0.294548 0.404038 0.636561 0 0 1
v 0.293807 0.412046 0.639038 0 0 1
v 0.294021 0.412177 0.642857 0 0 1
v 0.29175 0.411077 0.645734 0 0 1
v 0.288324 0.40939 0.645984 0 0 1
v 0.285751 0.408103 0.643461 0 0 1
v 0.285537 0.407972 0.639642 0 0 1
v 0.287808 0.409072 0.636765 0 0 1
v 0.291233 0.410759 0.636515 0 0 1
v 0.31969 0.358265 0.641645 0 0 1
v 0.303037 0.38319 0.641434 0 0 1
v 0.323158 0.360559 0.638867 0 0 1
v 0.323764 0.360995 0.64262 0 0 1
v 0.321984 0.359833 0.645802 0 0 1
v 0.31886 0.357752 0.646548 0 0 1
v 0.316223 0.355972 0.644422 0 0 1
v 0.315617 0.355535 0.640669 0 0 1
v 0.317397 0.356698 0.637487 0 0 1
v 0.32052 0.358778 0.636741 0 0 1
v 0.318994 0.36679 0.638814 0 0 1
v 0.319601 0.367226 0.642567 0 0 1
v 0.31782 0.366064 0.645749 0 0 1
v 0.314697 0.363983 0.646496 0 0 1
v 0.312059 0.362203 0.64437 0 0 1
v 0.311453 0.361766 0.640616 0 0 1
v 0.313233 0.362929 0.637435 0 0 1
v 0.316357 0.36501 0.636688 0 0 1
v 0.314831 0.373021 0.638761 0 0 1
v 0.315437 0.373457 0.642515 0 0 1
v 0.313657 0.372295 0.645696 0 0 1
v 0.310533 0.370214 0.646443 0 0 1
v 0.307896 0.368434 0.644317 0 0 1
v 0.30729 0.367997 0.640564 0 0 1
v 0.30907 0.36916 0.637382 0 0 1
v 0.312194 0.371241 0.636635 0 0 1
v 0.310668 0.379252 0.638709 0 0 1
v 0.311274 0.379689 0.642462 0 0 1
v 0.309494 0.378526 0.645644 0 0 1
v 0.30637 0.376445 0.64639 0 0 1
v 0.303732 0.374665 0.644264 0 0 1
v 0.303126 0.374228 0.640511 0 0 1
v 0.304907 0.375391 0.637329 0 0 1
v 0.30803 0.377472 0.636583 0 0 1
v 0.306504 0.385483 0.638656 0 0 1
v 0.30711 0.38592 0.642409 0 0 1
v 0.30533 0.384757 0.645591 0 0 1
v 0.302206 0.382676 0.646338 0 0 1
v 0.299569 0.380896 0.644212 0 0 1
v 0.298963 0.380459 0.640458 0 0 1
v 0.300743 0.381622 0.637277 0 0 1
v 0.303867 0.383703 0.63653 0 0 1
v 0.339454 0.335728 0.641878 0 0 1
v 0.31969 0.358265 0.641645 0 0 1
v 0.342298 0.338187 0.638581 0 0 1
v 0.343204 0.33902 0.642205 0 0 1
v 0.341914 0.337924 0.645637 0 0 1
v 0.339183 0.335542 0.646867 0 0 1
v 0.336611 0.333269 0.645174 0 0 1
v 0.335705 0.332436 0.641551 0 0 1
v 0.336995 0.333532 0.638119 0 0 1
v 0.339726 0.335914 0.636889 0 0 1
v 0.337357 0.343822 0.638523 0 0 1
v 0.338263 0.344654 0.642147 0 0 1
v 0.336973 0.343558 0.645579 0 0 1
v 0.334242 0.341176 0.646809 0 0 1
v 0.33167 0.338903 0.645116 0 0 1
v 0.330764 0.338071 0.641493 0 0 1
v 0.332054 0.339167 0.63806 0 0 1
v 0.334785 0.341549 0.63683 0 0 1
v 0.332416 0.349456 0.638465 0 0 1
v 0.333322 0.350288 0.642088 0 0 1
v 0.332032 0.349192 0.64552 0 0 1
v 0.329301 0.34681 0.64675 0 0 1
v 0.326729 0.344537 0.645058 0 0 1
v 0.325823 0.343705 0.641434 0 0 1
v 0.327113 0.344801 0.638002 0 0 1
v 0.329844 0.347183 0.636772 0 0 1
v 0.327475 0.35509 0.638406 0 0 1
v 0.328381 0.355922 0.64203 0 0 1
v 0.327091 0.354827 0.645462 0 0 1
v 0.32436 0.352444 0.646692 0 0 1
v 0.321788 0.350172 0.644999 0 0 1
v 0.320882 0.349339 0.641376 0 0 1
v 0.322172 0.350435 0.637944 0 0 1
v 0.324903 0.352817 0.636714 0 0 1
v 0.322533 0.360724 0.638348 0 0 1
v 0.32344 0.361557 0.641972 0 0 1
v 0.32215 0.360461 0.645404 0 0 1
v 0.319419 0.358079 0.646634 0 0 1
v 0.316847 0.355806 0.644941 0 0 1
v 0.315941 0.354974 0.641318 0 0 1
v 0.317231 0.35607 0.637885 0 0 1
v 0.319962 0.358452 0.636655 0 0 1
v 0.361991 0.315963 0.64213 0 0 1
v 0.339454 0.335728 0.641878 0 0 1
v 0.364189 0.318421 0.638371 0 0 1
v 0.365283 0.319713 0.641803 0 0 1
v 0.364449 0.318808 0.645426 0 0 1
v 0.362175 0.316237 0.647119 0 0 1
v 0.359794 0.313506 0.645889 0 0 1
v 0.358699 0.312214 0.642457 0 0 1
v 0.359533 0.313119 0.638833 0 0 1
v 0.361807 0.31569 0.637141 0 0 1
v 0.358554 0.323362 0.638308 0 0 1
v 0.359649 0.324654 0.64174 0 0 1
v 0.358815 0.323749 0.645363 0 0 1
v 0.356541 0.321178 0.647056 0 0 1
v 0.35416 0.318447 0.645826 0 0 1
v 0.353065 0.317155 0.642394 0 0 1
v 0.353899 0.31806 0.63877 0 0 1
v 0.356173 0.320631 0.637078 0 0 1
v 0.35292 0.328303 0.638245 0 0 1
v 0.354015 0.329595 0.641677 0 0 1
v 0.353181 0.32869 0.645301 0 0 1
v 0.350907 0.326119 0.646993 0 0 1
v 0.348525 0.323388 0.645763 0 0 1
v 0.347431 0.322096 0.642331 0 0 1
v 0.348265 0.323001 0.638707 0 0 1
v 0.350539 0.325572 0.637015 0 0 1
v 0.347286 0.333245 0.638182 0 0 1
v 0.34838 0.334536 0.641614 0 0 1
v 0.347546 0.333631 0.645238 0 0 1
v 0.345273 0.33106 0.64693 0 0 1
v 0.342891 0.328329 0.6457 0 0 1
v 0.341797 0.327038 0.642268 0 0 1
v 0.342631 0.327942 0.638644 0 0 1
v 0.344905 0.330513 0.636952 0 0 1
v 0.341652 0.338186 0.638119 0 0 1
v 0.342746 0.339477 0.641551 0 0 1
v 0.341912 0.338573 0.645175 0 0 1
v 0.339638 0.336001 0.646867 0 0 1
v 0.337257 0.33327 0.645637 0 0 1
v 0.336163 0.331979 0.642205 0 0 1
v 0.336997 0.332883 0.638581 0 0 1
v 0.33927 0.335454 0.636889 0 0 1
v 0.386915 0.29931 0.642396 0 0 1
v 0.361991 0.315963 0.64213 0 0 1
v 0.388489 0.301599 0.638239 0 0 1
v 0.389647 0.303383 0.641421 0 0 1
v 0.389204 0.30278 0.645174 0 0 1
v 0.387421 0.300145 0.6473 0 0 1
v 0.385341 0.297021 0.646553 0 0 1
v 0.384183 0.295237 0.643371 0 0 1
v 0.384626 0.295839 0.639618 0 0 1
v 0.386409 0.298475 0.637492 0 0 1
v 0.382258 0.305762 0.638172 0 0 1
v 0.383416 0.307546 0.641354 0 0 1
v 0.382973 0.306944 0.645107 0 0 1
v 0.38119 0.304309 0.647233 0 0 1
v 0.37911 0.301184 0.646487 0 0 1
v 0.377952 0.299401 0.643305 0 0 1
v 0.378395 0.300003 0.639552 0 0 1
v 0.380178 0.302638 0.637426 0 0 1
v 0.376027 0.309926 0.638106 0 0 1
v 0.377185 0.311709 0.641288 0 0 1
v 0.376742 0.311107 0.645041 0 0 1
v 0.374959 0.308472 0.647167 0 0 1
v 0.372879 0.305347 0.64642 0 0 1
v 0.371721 0.303564 0.643238 0 0 1
v 0.372164 0.304166 0.639485 0 0 1
v 0.373947 0.306801 0.637359 0 0 1
v 0.369796 0.314089 0.638039 0 0 1
v 0.370954 0.315873 0.641221 0 0 1
v 0.370511 0.31527 0.644974 0 0 1
v 0.368728 0.312635 0.6471 0 0 1
v 0.366648 0.309511 0.646354 0 0 1
v 0.36549 0.307727 0.643172 0 0 1
v 0.365933 0.30833 0.639419 0 0 1
v 0.367716 0.310965 0.637293 0 0 1
v 0.363565 0.318253 0.637973 0 0 1
v 0.364723 0.320036 0.641154 0 0 1
v 0.36428 0.319434 0.644908 0 0 1
v 0.362497 0.316799 0.647034 0 0 1
v 0.360417 0.313674 0.646287 0 0 1
v 0.35926 0.311891 0.643105 0 0 1
v 0.359702 0.312493 0.639352 0 0 1
v 0.361485 0.315128 0.637226 0 0 1
v 0.413799 0.286052 0.642672 0 0 1
v 0.386915 0.29931 0.642396 0 0 1
v 0.414814 0.288017 0.638188 0 0 1
v 0.415906 0.290292 0.641065 0 0 1
v 0.415764 0.290083 0.644883 0 0 1
v 0.414471 0.287513 0.647407 0 0 1
v 0.412784 0.284087 0.647156 0 0 1
v 0.411692 0.281812 0.644279 0 0 1
v 0.411834 0.282021 0.640461 0 0 1
v 0.413127 0.284591 0.637938 0 0 1
v 0.408093 0.291332 0.638119 0 0 1
v 0.409185 0.293606 0.640996 0 0 1
v 0.409043 0.293397 0.644814 0 0 1
v 0.40775 0.290827 0.647338 0 0 1
v 0.406063 0.287401 0.647087 0 0 1
v 0.404971 0.285127 0.64421 0 0 1
v 0.405113 0.285336 0.640392 0 0 1
v 0.406406 0.287906 0.637869 0 0 1
v 0.401372 0.294646 0.63805 0 0 1
v 0.402464 0.296921 0.640927 0 0 1
v 0.402322 0.296712 0.644745 0 0 1
v 0.401029 0.294142 0.647269 0 0 1
v 0.399342 0.290716 0.647018 0 0 1
v 0.39825 0.288441 0.644141 0 0 1
v 0.398392 0.28865 0.640323 0 0 1
v 0.399685 0.29122 0.6378 0 0 1
v 0.394651 0.297961 0.637981 0 0 1
v 0.395743 0.300235 0.640858 0 0 1
v 0.395601 0.300026 0.644676 0 0 1
v 0.394308 0.297456 0.6472 0 0 1
v 0.392621 0.29403 0.646949 0 0 1
v 0.391529 0.291756 0.644072 0 0 1
v 0.391671 0.291965 0.640254 0 0 1
v 0.392964 0.294535 0.637731 0 0 1
v 0.38793 0.301275 0.637912 0 0 1
v 0.389022 0.30355 0.640789 0 0 1
v 0.38888 0.303341 0.644607 0 0 1
v 0.387587 0.300771 0.647131 0 0 1
v 0.3859 0.297345 0.64688 0 0 1
v 0.384808 0.29507 0.644003 0 0 1
v 0.38495 0.295279 0.640185 0 0 1
v 0.386243 0.297849 0.637662 0 0 1
v 0.442184 0.276417 0.642953 0 0 1
v 0.413799 0.286052 0.642672 0 0 1
v 0.442742 0.277925 0.638219 0 0 1
v 0.443645 0.280657 0.640742 0 0 1
v 0.443691 0.280905 0.64456 0 0 1
v 0.442855 0.278525 0.647437 0 0 1
v 0.441625 0.274909 0.647688 0 0 1
v 0.440723 0.272177 0.645164 0 0 1
v 0.440676 0.271929 0.641346 0 0 1
v 0.441513 0.274309 0.638469 0 0 1
v 0.435646 0.280333 0.638148 0 0 1
v 0.436549 0.283066 0.640671 0 0 1
v 0.436595 0.283314 0.64449 0 0 1
v 0.435759 0.280933 0.647367 0 0 1
v 0.434529 0.277318 0.647617 0 0 1
v 0.433627 0.274586 0.645094 0 0 1
v 0.43358 0.274338 0.641276 0 0 1
v 0.434417 0.276718 0.638399 0 0 1
v 0.42855 0.282742 0.638078 0 0 1
v 0.429453 0.285474 0.640601 0 0 1
v 0.429499 0.285723 0.64442 0 0 1
v 0.428663 0.283342 0.647297 0 0 1
v 0.427433 0.279727 0.647547 0 0 1
v 0.42653 0.276995 0.645024 0 0 1
v 0.426484 0.276746 0.641205 0 0 1
v 0.42732 0.279127 0.638328 0 0 1
v 0.421454 0.285151 0.638008 0 0 1
v 0.422356 0.287883 0.640531 0 0 1
v 0.422403 0.288132 0.644349 0 0 1
v 0.421566 0.285751 0.647226 0 0 1
v 0.420337 0.282136 0.647477 0 0 1
v 0.419434 0.279404 0.644954 0 0 1
v 0.419388 0.279155 0.641135 0 0 1
v 0.420224 0.281536 0.638258 0 0 1
v 0.414358 0.28756 0.637938 0 0 1
v 0.41526 0.290292 0.640461 0 0 1
v 0.415307 0.29054 0.644279 0 0 1
v 0.41447 0.28816 0.647156 0 0 1
v 0.413241 0.284544 0.647407 0 0 1
v 0.412338 0.281812 0.644883 0 0 1
v 0.412292 0.281564 0.641065 0 0 1
v 0.413128 0.283944 0.638188 0 0 1
v 0.471583 0.27057 0.643234 0 0 1
v 0.442184 0.276417 0.642953 0 0 1
v 0.471819 0.271517 0.638331 0 0 1
v 0.47242 0.274642 0.640457 0 0 1
v 0.472531 0.275381 0.64421 0 0 1
v 0.472087 0.273302 0.647391 0 0 1
v 0.471348 0.269622 0.648138 0 0 1
v 0.470747 0.266497 0.646012 0 0 1
v 0.470636 0.265758 0.642259 0 0 1
v 0.47108 0.267837 0.639077 0 0 1
v 0.464469 0.272979 0.63826 0 0 1
v 0.46507 0.276104 0.640386 0 0 1
v 0.465181 0.276843 0.644139 0 0 1
v 0.464737 0.274764 0.647321 0 0 1
v 0.463998 0.271084 0.648068 0 0 1
v 0.463397 0.267959 0.645942 0 0 1
v 0.463286 0.26722 0.642189 0 0 1
v 0.46373 0.269299 0.639007 0 0 1
v 0.457119 0.274441 0.63819 0 0 1
v 0.45772 0.277566 0.640316 0 0 1
v 0.457831 0.278305 0.644069 0 0 1
v 0.457387 0.276225 0.647251 0 0 1
v 0.456648 0.272546 0.647997 0 0 1
v 0.456047 0.269421 0.645871 0 0 1
v 0.455936 0.268682 0.642118 0 0 1
v 0.45638 0.270761 0.638937 0 0 1
v 0.449769 0.275903 0.63812 0 0 1
v 0.45037 0.279028 0.640246 0 0 1
v 0.450481 0.279767 0.643999 0 0 1
v 0.450037 0.277687 0.647181 0 0 1
v 0.449298 0.274007 0.647927 0 0 1
v 0.448697 0.270883 0.645801 0 0 1
v 0.448586 0.270144 0.642048 0 0 1
v 0.44903 0.272223 0.638866 0 0 1
v 0.442419 0.277365 0.638049 0 0 1
v 0.44302 0.280489 0.640175 0 0 1
v 0.443132 0.281229 0.643928 0 0 1
v 0.442688 0.279149 0.64711 0 0 1
v 0.441948 0.275469 0.647857 0 0 1
v 0.441347 0.272345 0.645731 0 0 1
v 0.441236 0.271606 0.641978 0 0 1
v 0.44168 0.273685 0.638796 0 0 1
v 0.501495 0.26861 0.643511 0 0 1
v 0.471583 0.27057 0.643234 0 0 1
v 0.501562 0.268933 0.638522 0 0 1
v 0.501771 0.272359 0.640214 0 0 1
v 0.501818 0.273588 0.643838 0 0 1
v 0.501676 0.271902 0.64727 0 0 1
v 0.501427 0.268286 0.6485 0 0 1
v 0.501219 0.26486 0.646808 0 0 1
v 0.501172 0.263631 0.643184 0 0 1
v 0.501314 0.265318 0.639752 0 0 1
v 0.494084 0.269423 0.638453 0 0 1
v 0.494293 0.272849 0.640145 0 0 1
v 0.49434 0.274078 0.643769 0 0 1
v 0.494198 0.272392 0.647201 0 0 1
v 0.49395 0.268776 0.648431 0 0 1
v 0.493741 0.26535 0.646738 0 0 1
v 0.493694 0.264121 0.643115 0 0 1
v 0.493836 0.265808 0.639683 0 0 1
v 0.486606 0.269913 0.638384 0 0 1
v 0.486815 0.273339 0.640076 0 0 1
v 0.486862 0.274568 0.6437 0 0 1
v 0.48672 0.272882 0.647132 0 0 1
v 0.486472 0.269266 0.648362 0 0 1
v 0.486263 0.26584 0.646669 0 0 1
v 0.486216 0.264611 0.643046 0 0 1
v 0.486358 0.266298 0.639614 0 0 1
v 0.479129 0.270403 0.638314 0 0 1
v 0.479337 0.273829 0.640007 0 0 1
v 0.479384 0.275058 0.64363 0 0 1
v 0.479242 0.273372 0.647062 0 0 1
v 0.478994 0.269756 0.648293 0 0 1
v 0.478785 0.26633 0.6466 0 0 1
v 0.478738 0.265101 0.642977 0 0 1
v 0.47888 0.266788 0.639544 0 0 1
v 0.471651 0.270893 0.638245 0 0 1
v 0.47186 0.274319 0.639938 0 0 1
v 0.471907 0.275548 0.643561 0 0 1
v 0.471764 0.273862 0.646993 0 0 1
v 0.471516 0.270246 0.648223 0 0 1
v 0.471307 0.26682 0.646531 0 0 1
v 0.47126 0.265591 0.642907 0 0 1
v 0.471402 0.267278 0.639475 0 0 1
v 0.531406 0.270571 0.643778 0 0 1
v 0.501495 0.26861 0.643511 0 0 1
v 0.531472 0.270247 0.638789 0 0 1
v 0.531224 0.273863 0.640019 0 0 1
v 0.531083 0.27555 0.643451 0 0 1
v 0.531131 0.27432 0.647075 0 0 1
v 0.53134 0.270894 0.648767 0 0 1
v 0.531588 0.267279 0.647537 0 0 1
v 0.53173 0.265592 0.644105 0 0 1
v 0.531681 0.266822 0.640482 0 0 1
v 0.523994 0.269757 0.638722 0 0 1
v 0.523746 0.273372 0.639952 0 0 1
v 0.523605 0.275059 0.643384 0 0 1
v 0.523653 0.27383 0.647008 0 0 1
v 0.523862 0.270404 0.6487 0 0 1
v 0.52411 0.266789 0.647471 0 0 1
v 0.524252 0.265102 0.644039 0 0 1
v 0.524204 0.266331 0.640415 0 0 1
v 0.516516 0.269267 0.638655 0 0 1
v 0.516268 0.272882 0.639885 0 0 1
v 0.516127 0.274569 0.643317 0 0 1
v 0.516175 0.27334 0.646941 0 0 1
v 0.516385 0.269914 0.648634 0 0 1
v 0.516633 0.266298 0.647404 0 0 1
v 0.516774 0.264611 0.643972 0 0 1
v 0.516726 0.265841 0.640348 0 0 1
v 0.509038 0.268776 0.638589 0 0 1
v 0.50879 0.272392 0.639819 0 0 1
v 0.508649 0.274079 0.643251 0 0 1
v 0.508697 0.272849 0.646874 0 0 1
v 0.508907 0.269423 0.648567 0 0 1
v 0.509155 0.265808 0.647337 0 0 1
v 0.509296 0.264121 0.643905 0 0 1
v 0.509248 0.265351 0.640281 0 0 1
v 0.501561 0.268286 0.638522 0 0 1
v 0.501312 0.271901 0.639752 0 0 1
v 0.501171 0.273588 0.643184 0 0 1
v 0.501219 0.272359 0.646807 0 0 1
v 0.501429 0.268933 0.6485 0 0 1
v 0.501677 0.265318 0.64727 0 0 1
v 0.501818 0.263631 0.643838 0 0 1
v 0.50177 0.26486 0.640214 0 0 1
v 0.560806 0.27642 0.644032 0 0 1
v 0.531406 0.270571 0.643778 0 0 1
v 0.561037 0.275471 0.639128 0 0 1
v 0.560298 0.279151 0.639874 0 0 1
v 0.559857 0.281231 0.643056 0 0 1
v 0.559971 0.280493 0.646809 0 0 1
v 0.560575 0.277368 0.648935 0 0 1
v 0.561313 0.273688 0.648189 0 0 1
v 0.561754 0.271608 0.645007 0 0 1
v 0.56164 0.272347 0.641254 0 0 1
v 0.553687 0.274009 0.639065 0 0 1
v 0.552948 0.277689 0.639811 0 0 1
v 0.552507 0.279769 0.642993 0 0 1
v 0.552621 0.27903 0.646746 0 0 1
v 0.553225 0.275906 0.648872 0 0 1
v 0.553963 0.272226 0.648126 0 0 1
v 0.554404 0.270146 0.644944 0 0 1
v 0.55429 0.270884 0.641191 0 0 1
v 0.546337 0.272546 0.639001 0 0 1
v 0.545598 0.276226 0.639748 0 0 1
v 0.545157 0.278306 0.642929 0 0 1
v 0.545272 0.277568 0.646683 0 0 1
v 0.545875 0.274444 0.648809 0 0 1
v 0.546613 0.270764 0.648062 0 0 1
v 0.547055 0.268684 0.64488 0 0 1
v 0.54694 0.269422 0.641127 0 0 1
v 0.538987 0.271084 0.638938 0 0 1
v 0.538248 0.274764 0.639684 0 0 1
v 0.537807 0.276844 0.642866 0 0 1
v 0.537922 0.276106 0.646619 0 0 1
v 0.538525 0.272982 0.648745 0 0 1
v 0.539263 0.269302 0.647999 0 0 1
v 0.539705 0.267222 0.644817 0 0 1
v 0.53959 0.26796 0.641064 0 0 1
v 0.531637 0.269622 0.638875 0 0 1
v 0.530899 0.273302 0.639621 0 0 1
v 0.530457 0.275382 0.642803 0 0 1
v 0.530572 0.274644 0.646556 0 0 1
v 0.531175 0.27152 0.648682 0 0 1
v 0.531914 0.26784 0.647936 0 0 1
v 0.532355 0.26576 0.644754 0 0 1
v 0.53224 0.266498 0.641001 0 0 1
v 0.58919 0.286056 0.644267 0 0 1
v 0.560806 0.27642 0.644032 0 0 1
v 0.589742 0.284546 0.639532 0 0 1
v 0.588513 0.288161 0.639783 0 0 1
v 0.58768 0.290543 0.642659 0 0 1
v 0.587732 0.290297 0.646478 0 0 1
v 0.588638 0.287566 0.649001 0 0 1
v 0.589868 0.283951 0.648751 0 0 1
v 0.5907 0.281569 0.645874 0 0 1
v 0.590648 0.281815 0.642056 0 0 1
v 0.582646 0.282137 0.639474 0 0 1
v 0.581417 0.285752 0.639724 0 0 1
v 0.580584 0.288134 0.642601 0 0 1
v 0.580636 0.287888 0.646419 0 0 1
v 0.581542 0.285157 0.648942 0 0 1
v 0.582772 0.281542 0.648692 0 0 1
v 0.583604 0.279159 0.645815 0 0 1
v 0.583552 0.279406 0.641997 0 0 1
v 0.57555 0.279728 0.639415 0 0 1
v 0.57432 0.283343 0.639665 0 0 1
v 0.573488 0.285725 0.642542 0 0 1
v 0.57354 0.285479 0.64636 0 0 1
v 0.574446 0.282748 0.648884 0 0 1
v 0.575675 0.279133 0.648634 0 0 1
v 0.576508 0.27675 0.645757 0 0 1
v 0.576456 0.276997 0.641938 0 0 1
v 0.568454 0.277319 0.639356 0 0 1
v 0.567224 0.280934 0.639606 0 0 1
v 0.566392 0.283316 0.642483 0 0 1
v 0.566444 0.28307 0.646302 0 0 1
v 0.56735 0.280339 0.648825 0 0 1
v 0.568579 0.276723 0.648575 0 0 1
v 0.569412 0.274341 0.645698 0 0 1
v 0.56936 0.274588 0.641879 0 0 1
v 0.561357 0.27491 0.639297 0 0 1
v 0.560128 0.278525 0.639547 0 0 1
v 0.559295 0.280907 0.642424 0 0 1
v 0.559348 0.28066 0.646243 0 0 1
v 0.560254 0.27793 0.648766 0 0 1
v 0.561483 0.274314 0.648516 0 0 1
v 0.562316 0.271932 0.645639 0 0 1
v 0.562264 0.272179 0.64182 0 0 1
v 0.616075 0.299315 0.64448 0 0 1
v 0.58919 0.286056 0.644267 0 0 1
v 0.617081 0.297345 0.639996 0 0 1
v 0.615394 0.300771 0.639745 0 0 1
v 0.614105 0.303344 0.642268 0 0 1
v 0.61397 0.303556 0.646087 0 0 1
v 0.615068 0.301284 0.648964 0 0 1
v 0.616755 0.297859 0.649214 0 0 1
v 0.618044 0.295286 0.646691 0 0 1
v 0.618179 0.295074 0.642873 0 0 1
v 0.61036 0.294031 0.639942 0 0 1
v 0.608673 0.297456 0.639692 0 0 1
v 0.607384 0.300029 0.642215 0 0 1
v 0.607249 0.300241 0.646033 0 0 1
v 0.608347 0.297969 0.648911 0 0 1
v 0.610034 0.294544 0.649161 0 0 1
v 0.611323 0.291971 0.646638 0 0 1
v 0.611458 0.291759 0.642819 0 0 1
v 0.603639 0.290716 0.639889 0 0 1
v 0.601952 0.294142 0.639639 0 0 1
v 0.600663 0.296714 0.642162 0 0 1
v 0.600528 0.296927 0.64598 0 0 1
v 0.601626 0.294655 0.648857 0 0 1
v 0.603313 0.291229 0.649108 0 0 1
v 0.604602 0.288657 0.646585 0 0 1
v 0.604737 0.288444 0.642766 0 0 1
v 0.596918 0.287401 0.639836 0 0 1
v 0.595231 0.290827 0.639585 0 0 1
v 0.593942 0.293399 0.642108 0 0 1
v 0.593807 0.293612 0.645927 0 0 1
v 0.594905 0.29134 0.648804 0 0 1
v 0.596592 0.287914 0.649055 0 0 1
v 0.597881 0.285342 0.646532 0 0 1
v 0.598016 0.285129 0.642713 0 0 1
v 0.590197 0.284087 0.639783 0 0 1
v 0.58851 0.287512 0.639532 0 0 1
v 0.587221 0.290085 0.642055 0 0 1
v 0.587086 0.290297 0.645874 0 0 1
v 0.588184 0.288025 0.648751 0 0 1
v 0.589871 0.2846 0.649001 0 0 1
v 0.59116 0.282027 0.646478 0 0 1
v 0.591295 0.281815 0.64266 0 0 1
v 0.640998 0.31597 0.644667 0 0 1
v 0.616075 0.299315 0.64448 0 0 1
v 0.642563 0.313674 0.64051 0 0 1
v 0.640482 0.316797 0.639763 0 0 1
v 0.638703 0.319436 0.641889 0 0 1
v 0.638269 0.320044 0.645642 0 0 1
v 0.639433 0.318265 0.648824 0 0 1
v 0.641515 0.315142 0.649571 0 0 1
v 0.643294 0.312503 0.647445 0 0 1
v 0.643728 0.311895 0.643691 0 0 1
v 0.636332 0.30951 0.640463 0 0 1
v 0.634251 0.312634 0.639716 0 0 1
v 0.632472 0.315272 0.641842 0 0 1
v 0.632038 0.31588 0.645595 0 0 1
v 0.633202 0.314101 0.648777 0 0 1
v 0.635284 0.310978 0.649524 0 0 1
v 0.637063 0.30834 0.647398 0 0 1
v 0.637497 0.307732 0.643645 0 0 1
v 0.630101 0.305347 0.640416 0 0 1
v 0.62802 0.30847 0.639669 0 0 1
v 0.626241 0.311108 0.641795 0 0 1
v 0.625807 0.311716 0.645548 0 0 1
v 0.626971 0.309938 0.64873 0 0 1
v 0.629053 0.306814 0.649477 0 0 1
v 0.630832 0.304176 0.647351 0 0 1
v 0.631266 0.303568 0.643598 0 0 1
v 0.62387 0.301183 0.640369 0 0 1
v 0.621789 0.304306 0.639623 0 0 1
v 0.62001 0.306945 0.641749 0 0 1
v 0.619576 0.307553 0.645502 0 0 1
v 0.62074 0.305774 0.648684 0 0 1
v 0.622822 0.302651 0.64943 0 0 1
v 0.624601 0.300012 0.647304 0 0 1
v 0.625035 0.299404 0.643551 0 0 1
v 0.61764 0.297019 0.640323 0 0 1
v 0.615558 0.300143 0.639576 0 0 1
v 0.613779 0.302781 0.641702 0 0 1
v 0.613345 0.303389 0.645455 0 0 1
v 0.61451 0.30161 0.648637 0 0 1
v 0.616591 0.298487 0.649384 0 0 1
v 0.61837 0.295849 0.647258 0 0 1
v 0.618804 0.295241 0.643504 0 0 1
v 0.663535 0.335735 0.644825 0 0 1
v 0.640998 0.31597 0.644667 0 0 1
v 0.665724 0.333269 0.641066 0 0 1
v 0.663339 0.335998 0.639835 0 0 1
v 0.661069 0.338573 0.641528 0 0 1
v 0.660244 0.339485 0.645151 0 0 1
v 0.661346 0.338201 0.648584 0 0 1
v 0.663731 0.335472 0.649814 0 0 1
v 0.666001 0.332897 0.648121 0 0 1
v 0.666826 0.331985 0.644498 0 0 1
v 0.66009 0.328328 0.641026 0 0 1
v 0.657705 0.331057 0.639796 0 0 1
v 0.655435 0.333631 0.641488 0 0 1
v 0.65461 0.334544 0.645112 0 0 1
v 0.655712 0.333259 0.648544 0 0 1
v 0.658097 0.330531 0.649774 0 0 1
v 0.660366 0.327956 0.648082 0 0 1
v 0.661192 0.327044 0.644458 0 0 1
v 0.654455 0.323387 0.640987 0 0 1
v 0.652071 0.326115 0.639756 0 0 1
v 0.649801 0.32869 0.641449 0 0 1
v 0.648976 0.329602 0.645072 0 0 1
v 0.650078 0.328318 0.648505 0 0 1
v 0.652462 0.325589 0.649735 0 0 1
v 0.654732 0.323015 0.648042 0 0 1
v 0.655558 0.322102 0.644419 0 0 1
v 0.648821 0.318445 0.640947 0 0 1
v 0.646437 0.321174 0.639717 0 0 1
v 0.644167 0.323748 0.641409 0 0 1
v 0.643341 0.324661 0.645033 0 0 1
v 0.644444 0.323376 0.648465 0 0 1
v 0.646828 0.320648 0.649695 0 0 1
v 0.649098 0.318073 0.648003 0 0 1
v 0.649924 0.317161 0.644379 0 0 1
v 0.643187 0.313504 0.640908 0 0 1
v 0.640802 0.316233 0.639677 0 0 1
v 0.638533 0.318807 0.64137 0 0 1
v 0.637707 0.319719 0.644994 0 0 1
v 0.63881 0.318435 0.648426 0 0 1
v 0.641194 0.315706 0.649656 0 0 1
v 0.643464 0.313132 0.647963 0 0 1
v 0.644289 0.31222 0.64434 0 0 1
v 0.683299 0.358273 0.644951 0 0 1
v 0.663535 0.335735 0.644825 0 0 1
v 0.686135 0.355805 0.641654 0 0 1
v 0.683559 0.358073 0.639961 0 0 1
v 0.680831 0.360458 0.641191 0 0 1
v 0.679549 0.361564 0.644624 0 0 1
v 0.680464 0.360741 0.648247 0 0 1
v 0.683039 0.358473 0.64994 0 0 1
v 0.685767 0.356088 0.64871 0 0 1
v 0.68705 0.354982 0.645278 0 0 1
v 0.681194 0.35017 0.641623 0 0 1
v 0.678618 0.352439 0.63993 0 0 1
v 0.67589 0.354824 0.64116 0 0 1
v 0.674608 0.355929 0.644592 0 0 1
v 0.675523 0.355107 0.648216 0 0 1
v 0.678098 0.352838 0.649908 0 0 1
v 0.680826 0.350453 0.648678 0 0 1
v 0.682109 0.349348 0.645246 0 0 1
v 0.676253 0.344536 0.641591 0 0 1
v 0.673677 0.346804 0.639898 0 0 1
v 0.670949 0.349189 0.641128 0 0 1
v 0.669667 0.350295 0.64456 0 0 1
v 0.670582 0.349472 0.648184 0 0 1
v 0.673157 0.347204 0.649877 0 0 1
v 0.675885 0.344819 0.648647 0 0 1
v 0.677167 0.343713 0.645215 0 0 1
v 0.671312 0.338901 0.64156 0 0 1
v 0.668736 0.34117 0.639867 0 0 1
v 0.666008 0.343555 0.641097 0 0 1
v 0.664726 0.34466 0.644529 0 0 1
v 0.66564 0.343838 0.648153 0 0 1
v 0.668216 0.341569 0.649845 0 0 1
v 0.670944 0.339184 0.648615 0 0 1
v 0.672226 0.338079 0.645183 0 0 1
v 0.666371 0.333267 0.641528 0 0 1
v 0.663795 0.335535 0.639835 0 0 1
v 0.661067 0.33792 0.641065 0 0 1
v 0.659785 0.339026 0.644497 0 0 1
v 0.660699 0.338203 0.648121 0 0 1
v 0.663275 0.335935 0.649814 0 0 1
v 0.666003 0.33355 0.648584 0 0 1
v 0.667285 0.332444 0.645152 0 0 1
v 0.699953 0.383198 0.645043 0 0 1
v 0.683299 0.358273 0.644951 0 0 1
v 0.703414 0.380896 0.642265 0 0 1
v 0.700772 0.382669 0.640139 0 0 1
v 0.69765 0.384752 0.640885 0 0 1
v 0.695877 0.385925 0.644067 0 0 1
v 0.696491 0.385501 0.647821 0 0 1
v 0.699133 0.383728 0.649947 0 0 1
v 0.702255 0.381644 0.6492 0 0 1
v 0.704029 0.380471 0.646018 0 0 1
v 0.699251 0.374664 0.642242 0 0 1
v 0.696609 0.376437 0.640116 0 0 1
v 0.693487 0.378521 0.640862 0 0 1
v 0.691714 0.379694 0.644044 0 0 1
v 0.692328 0.379269 0.647797 0 0 1
v 0.69497 0.377496 0.649924 0 0 1
v 0.698092 0.375413 0.649177 0 0 1
v 0.699865 0.37424 0.645995 0 0 1
v 0.695088 0.368433 0.642219 0 0 1
v 0.692446 0.370206 0.640093 0 0 1
v 0.689323 0.372289 0.640839 0 0 1
v 0.68755 0.373462 0.644021 0 0 1
v 0.688164 0.373038 0.647774 0 0 1
v 0.690806 0.371265 0.649901 0 0 1
v 0.693929 0.369182 0.649154 0 0 1
v 0.695702 0.368009 0.645972 0 0 1
v 0.690924 0.362202 0.642196 0 0 1
v 0.688282 0.363975 0.64007 0 0 1
v 0.68516 0.366058 0.640816 0 0 1
v 0.683387 0.367231 0.643998 0 0 1
v 0.684001 0.366807 0.647751 0 0 1
v 0.686643 0.365034 0.649878 0 0 1
v 0.689765 0.362951 0.649131 0 0 1
v 0.691538 0.361777 0.645949 0 0 1
v 0.686761 0.35597 0.642173 0 0 1
v 0.684119 0.357744 0.640047 0 0 1
v 0.680997 0.359827 0.640793 0 0 1
v 0.679223 0.361 0.643975 0 0 1
v 0.679838 0.360576 0.647728 0 0 1
v 0.68248 0.358802 0.649855 0 0 1
v 0.685602 0.356719 0.649108 0 0 1
v 0.687375 0.355546 0.645926 0 0 1
v 0.713211 0.410084 0.645099 0 0 1
v 0.699953 0.383198 0.645043 0 0 1
v 0.717234 0.408104 0.642888 0 0 1
v 0.714656 0.409381 0.640365 0 0 1
v 0.711231 0.411069 0.640615 0 0 1
v 0.708966 0.41218 0.643492 0 0 1
v 0.709187 0.412063 0.647311 0 0 1
v 0.711765 0.410786 0.649834 0 0 1
v 0.71519 0.409098 0.649584 0 0 1
v 0.717456 0.407987 0.646707 0 0 1
v 0.71392 0.401383 0.642874 0 0 1
v 0.711342 0.402659 0.640351 0 0 1
v 0.707917 0.404348 0.640601 0 0 1
v 0.705651 0.405459 0.643478 0 0 1
v 0.705872 0.405342 0.647297 0 0 1
v 0.708451 0.404065 0.64982 0 0 1
v 0.711876 0.402377 0.64957 0 0 1
v 0.714141 0.401266 0.646692 0 0 1
v 0.710605 0.394661 0.64286 0 0 1
v 0.708027 0.395938 0.640336 0 0 1
v 0.704602 0.397626 0.640587 0 0 1
v 0.702337 0.398738 0.643464 0 0 1
v 0.702558 0.39862 0.647282 0 0 1
v 0.705136 0.397344 0.649806 0 0 1
v 0.708561 0.395655 0.649555 0 0 1
v 0.710827 0.394544 0.646678 0 0 1
v 0.707291 0.38794 0.642846 0 0 1
v 0.704713 0.389217 0.640322 0 0 1
v 0.701288 0.390905 0.640573 0 0 1
v 0.699022 0.392016 0.64345 0 0 1
v 0.699243 0.391899 0.647268 0 0 1
v 0.701822 0.390622 0.649792 0 0 1
v 0.705247 0.388934 0.649541 0 0 1
v 0.707512 0.387823 0.646664 0 0 1
v 0.703977 0.381219 0.642831 0 0 1
v 0.701398 0.382495 0.640308 0 0 1
v 0.697973 0.384184 0.640558 0 0 1
v 0.695708 0.385295 0.643435 0 0 1
v 0.695929 0.385178 0.647254 0 0 1
v 0.698507 0.383901 0.649777 0 0 1
v 0.701932 0.382212 0.649527 0 0 1
v 0.704198 0.381101 0.64665 0 0 1
v 0.722846 0.43847 0.645119 0 0 1
v 0.713211 0.410084 0.645099 0 0 1
v 0.72733 0.436949 0.643512 0 0 1
v 0.724941 0.437762 0.640635 0 0 1
v 0.721325 0.438989 0.640385 0 0 1
v 0.7186 0.439912 0.642908 0 0 1
v 0.718362 0.43999 0.646727 0 0 1
v 0.720751 0.439178 0.649604 0 0 1
v 0.724367 0.43795 0.649854 0 0 1
v 0.727092 0.437027 0.647331 0 0 1
v 0.724921 0.429852 0.643507 0 0 1
v 0.722532 0.430665 0.64063 0 0 1
v 0.718916 0.431893 0.64038 0 0 1
v 0.716191 0.432816 0.642903 0 0 1
v 0.715953 0.432894 0.646722 0 0 1
v 0.718342 0.432081 0.649599 0 0 1
v 0.721958 0.430854 0.649849 0 0 1
v 0.724683 0.42993 0.647326 0 0 1
v 0.722512 0.422756 0.643502 0 0 1
v 0.720123 0.423569 0.640625 0 0 1
v 0.716507 0.424796 0.640375 0 0 1
v 0.713782 0.425719 0.642898 0 0 1
v 0.713544 0.425797 0.646717 0 0 1
v 0.715933 0.424985 0.649594 0 0 1
v 0.719549 0.423757 0.649844 0 0 1
v 0.722274 0.422834 0.647321 0 0 1
v 0.720103 0.415659 0.643497 0 0 1
v 0.717715 0.416472 0.64062 0 0 1
v 0.714099 0.4177 0.64037 0 0 1
v 0.711374 0.418623 0.642893 0 0 1
v 0.711136 0.418701 0.646712 0 0 1
v 0.713524 0.417888 0.649589 0 0 1
v 0.71714 0.416661 0.649839 0 0 1
v 0.719865 0.415737 0.647316 0 0 1
v 0.717694 0.408563 0.643492 0 0 1
v 0.715306 0.409376 0.640615 0 0 1
v 0.71169 0.410603 0.640365 0 0 1
v 0.708965 0.411526 0.642888 0 0 1
v 0.708727 0.411604 0.646706 0 0 1
v 0.711115 0.410792 0.649584 0 0 1
v 0.714731 0.409564 0.649834 0 0 1
v 0.717456 0.408641 0.647311 0 0 1
v 0.728694 0.46787 0.645103 0 0 1
v 0.722846 0.43847 0.645119 0 0 1
v 0.733503 0.466913 0.644127 0 0 1
v 0.731418 0.467326 0.640945 0 0 1
v 0.727737 0.468058 0.640199 0 0 1
v 0.724616 0.46868 0.642325 0 0 1
v 0.723884 0.468828 0.646078 0 0 1
v 0.72597 0.468415 0.64926 0 0 1
v 0.729651 0.467683 0.650007 0 0 1
v 0.732772 0.467061 0.647881 0 0 1
v 0.732041 0.459563 0.644131 0 0 1
v 0.729956 0.459976 0.64095 0 0 1
v 0.726275 0.460708 0.640203 0 0 1
v 0.723154 0.46133 0.642329 0 0 1
v 0.722422 0.461477 0.646082 0 0 1
v 0.724508 0.461064 0.649264 0 0 1
v 0.728189 0.460333 0.650011 0 0 1
v 0.73131 0.459711 0.647885 0 0 1
v 0.730579 0.452213 0.644136 0 0 1
v 0.728494 0.452626 0.640954 0 0 1
v 0.724813 0.453358 0.640207 0 0 1
v 0.721692 0.45398 0.642333 0 0 1
v 0.72096 0.454127 0.646086 0 0 1
v 0.723046 0.453714 0.649268 0 0 1
v 0.726727 0.452982 0.650015 0 0 1
v 0.729848 0.452361 0.647889 0 0 1
v 0.729117 0.444863 0.64414 0 0 1
v 0.727032 0.445276 0.640958 0 0 1
v 0.723351 0.446007 0.640211 0 0 1
v 0.72023 0.446629 0.642337 0 0 1
v 0.719498 0.446777 0.646091 0 0 1
v 0.721584 0.446364 0.649273 0 0 1
v 0.725265 0.445632 0.650019 0 0 1
v 0.728386 0.44501 0.647893 0 0 1
v 0.727655 0.437512 0.644144 0 0 1
v 0.72557 0.437925 0.640962 0 0 1
v 0.721889 0.438657 0.640215 0 0 1
v 0.718768 0.439279 0.642342 0 0 1
v 0.718036 0.439427 0.646095 0 0 1
v 0.720122 0.439014 0.649277 0 0 1
v 0.723803 0.438282 0.650023 0 0 1
v 0.726924 0.43766 0.647897 0 0 1
v 0.730654 0.497783 0.645049 0 0 1
v 0.728694 0.46787 0.645103 0 0 1
v 0.735633 0.497456 0.644722 0 0 1
v 0.733944 0.497561 0.64129 0 0 1
v 0.730327 0.497795 0.64006 0 0 1
v 0.726903 0.498023 0.641753 0 0 1
v 0.725676 0.49811 0.645376 0 0 1
v 0.727365 0.498005 0.648808 0 0 1
v 0.730981 0.49777 0.650039 0 0 1
v 0.734406 0.497543 0.648346 0 0 1
v 0.735143 0.489978 0.644736 0 0 1
v 0.733453 0.490083 0.641303 0 0 1
v 0.729837 0.490317 0.640073 0 0 1
v 0.726413 0.490545 0.641766 0 0 1
v 0.725186 0.490632 0.64539 0 0 1
v 0.726875 0.490527 0.648822 0 0 1
v 0.730491 0.490292 0.650052 0 0 1
v 0.733916 0.490065 0.648359 0 0 1
v 0.734653 0.4825 0.644749 0 0 1
v 0.732963 0.482604 0.641317 0 0 1
v 0.729347 0.482839 0.640087 0 0 1
v 0.725923 0.483067 0.641779 0 0 1
v 0.724695 0.483154 0.645403 0 0 1
v 0.726385 0.483049 0.648835 0 0 1
v 0.730001 0.482814 0.650065 0 0 1
v 0.733426 0.482587 0.648373 0 0 1
v 0.734163 0.475022 0.644762 0 0 1
v 0.732473 0.475126 0.64133 0 0 1
v 0.728857 0.475361 0.6401 0 0 1
v 0.725432 0.475589 0.641793 0 0 1
v 0.724205 0.475675 0.645416 0 0 1
v 0.725895 0.475571 0.648848 0 0 1
v 0.729511 0.475336 0.650079 0 0 1
v 0.732935 0.475109 0.648386 0 0 1
v 0.733672 0.467544 0.644776 0 0 1
v 0.731983 0.467648 0.641343 0 0 1
v 0.728367 0.467883 0.640113 0 0 1
v 0.724942 0.46811 0.641806 0 0 1
v 0.723715 0.468197 0.64543 0 0 1
v 0.725405 0.468093 0.648862 0 0 1
v 0.729021 0.467858 0.650092 0 0 1
v 0.732445 0.46763 0.648399 0 0 1
f 1 3 4
f 2 36 35
f 1 4 5
f 2 37 36
f 1 5 6
f 2 38 37
f 1 6 7
f 2 39 38
f 1 7 8
f 2 40 39
f 1 8 9
f 2 41 40
f 1 9 10
f 2 42 41
f 1 10 3
f 2 35 42
f 11 4 3
f 11 12 4
f 12 5 4
f 12 13 5
f 13 6 5
f 13 14 6
f 14 7 6
f 14 15 7
f 15 8 7
f 15 16 8
f 16 9 8
f 16 17 9
f 17 10 9
f 17 18 10
f 18 3 10
f 18 11 3
f 19 12 11
f 19 20 12
f 20 13 12
f 20 21 13
f 21 14 13
f 21 22 14
f 22 15 14
f 22 23 15
f 23 16 15
f 23 24 16
f 24 17 16
f 24 25 17
f 25 18 17
f 25 26 18
f 26 11 18
f 26 19 11
f 27 20 19
f 27 28 20
f 28 21 20
f 28 29 21
f 29 22 21
f 29 30 22
f 30 23 22
f 30 31 23
f 31 24 23
f 31 32 24
f 32 25 24
f 32 33 25
f 33 26 25
f 33 34 26
f 34 19 26
f 34 27 19
f 35 28 27
f 35 36 28
f 36 29 28
f 36 37 29
f 37 30 29
f 37 38 30
f 38 31 30
f 38 39 31
f 39 32 31
f 39 40 32
f 40 33 32
f 40 41 33
f 41 34 33
f 41 42 34
f 42 27 34
f 42 35 27
f 43 45 46
f 44 78 77
f 43 46 47
f 44 79 78
f 43 47 48
f 44 80 79
f 43 48 49
f 44 81 80
f 43 49 50
f 44 82 81
f 43 50 51
f 44 83 82
f 43 51 52
f 44 84 83
f 43 52 45
f 44 77 84
f 53 46 45
f 53 54 46
f 54 47 46
f 54 55 47
f 55 48 47
f 55 56 48
f 56 49 48
f 56 57 49
f 57 50 49
f 57 58 50
f 58 51 50
f 58 59 51
f 59 52 51
f 59 60 52
f 60 45 52
f 60 53 45
f 61 54 53
f 61 62 54
f 62 55 54
f 62 63 55
f 63 56 55
f 63 64 56
f 64 57 56
f 64 65 57
f 65 58 57
f 65 66 58
f 66 59 58
f 66 67 59
f 67 60 59
f 67 68 60
f 68 53 60
f 68 61 53
f 69 62 61
f 69 70 62
f 70 63 62
f 70 71 63
f 71 64 63
f 71 72 64
f 72 65 64
f 72 73 65
f 73 66 65
f 73 74 66
f 74 67 66
f 74 75 67
f 75 68 67
f 75 76 68
f 76 61 68
f 76 69 61
f 77 70 69
f 77 78 70
f 78 71 70
f 78 79 71
f 79 72 71
f 79 80 72
f 80 73 72
f 80 81 73
f 81 74 73
f 81 82 74
f 82 75 74
f 82 83 75
f 83 76 75
f 83 84 76
f 84 69 76
f 84 77 69
f 85 87 88
f 86 120 119
f 85 88 89
f 86 121 120
f 85 89 90
f 86 122 121
f 85 90 91
f 86 123 122
f 85 91 92
f 86 124 123
f 85 92 93
f 86 125 124
f 85 93 94
f 86 126 125
f 85 94 87
f 86 119 126
f 95 88 87
f 95 96 88
f 96 89 88
f 96 97 89
f 97 90 89
f 97 98 90
f 98 91 90
f 98 99 91
f 99 92 91
f 99 100 92
f 100 93 92
f 100 101 93
f 101 94 93
f 101 102 94
f 102 87 94
f 102 95 87
f 103 96 95
f 103 104 96
f 104 97 96
f 104 105 97
f 105 98 97
f 105 106 98
f 106 99 98
f 106 107 99
f 107 100 99
f 107 108 100
f 108 101 100
f 108 109 101
f 109 102 101
f 109 110 102
f 110 95 102
f 110 103 95
f 111 104 103
f 111 112 104
f 112 105 104
f 112 113 105
f 113 106 105
f 113 114 106
f 114 107 106
f 114 115 107
f 115 108 107
f 115 116 108
f 116 109 108
f 116 117 109
f 117 110 109
f 117 118 110
f 118 103 110
f 118 111 103
f 119 112 111
f 119 120 112
f 120 113 112
f 120 121 113
f 121 114 113
f 121 122 114
f 122 115 114
f 122 123 115
f 123 116 115
f 123 124 116
f 124 117 116
f 124 125 117
f 125 118 117
f 125 126 118
f 126 111 118
f 126 119 111
f 127 129 130
f 128 162 161
f 127 130 131
f 128 163 162
f 127 131 132
f 128 164 163
f 127 132 133
f 128 165 164
f 127 133 134
f 128 166 165
f 127 134 135
f 128 167 166
f 127 135 136
f 128 168 167
f 127 136 129
f 128 161 168
f 137 130 129
f 137 138 130
f 138 131 130
f 138 139 131
f 139 132 131
f 139 140 132
f 140 133 132
f 140 141 133
f 141 134 133
f 141 142 134
f 142 135 134
f 142 143 135
f 143 136 135
f 143 144 136
f 144 129 136
f 144 137 129
f 145 138 137
f 145 146 138
f 146 139 138
f 146 147 139
f 147 140 139
f 147 148 140
f 148 141 140
f 148 149 141
f 149 142 141
f 149 150 142
f 150 143 142
f 150 151 143
f 151 144 143
f 151 152 144
f 152 137 144
f 152 145 137
f 153 146 145
f 153 154 146
f 154 147 146
f 154 155 147
f 155 148 147
f 155 156 148
f 156 149 148
f 156 157 149
f 157 150 149
f 157 158 150
f 158 151 150
f 158 159 151
f 159 152 151
f 159 160 152
f 160 145 152
f 160 153 145
f 161 154 153
f 161 162 154
f 162 155 154
f 162 163 155
f 163 156 155
f 163 164 156
f 164 157 156
f 164 165 157
f 165 158 157
f 165 166 158
f 166 159 158
f 166 167 159
f 167 160 159
f 167 168 160
f 168 153 160
f 168 161 153
f 169 171 172
f 170 204 203
f 169 172 173
f 170 205 204
f 169 173 174
f 170 206 205
f 169 174 175
f 170 207 206
f 169 175 176
f 170 208 207
f 169 176 177
f 170 209 208
f 169 177 178
f 170 210 209
f 169 178 171
f 170 203 210
f 179 172 171
f 179 180 172
f 180 173 172
f 180 181 173
f 181 174 173
f 181 182 174
f 182 175 174
f 182 183 175
f 183 176 175
f 183 184 176
f 184 177 176
f 184 185 177
f 185 178 177
f 185 186 178
f 186 171 178
f 186 179 171
f 187 180 179
f 187 188 180
f 188 181 180
f 188 189 181
f 189 182 181
f 189 190 182
f 190 183 182
f 190 191 183
f 191 184 183
f 191 192 184
f 192 185 184
f 192 193 185
f 193 186 185
f 193 194 186
f 194 179 186
f 194 187 179
f 195 188 187
f 195 196 188
f 196 189 188
f 196 197 189
f 197 190 189
f 197 198 190
f 198 191 190
f 198 199 191
f 199 192 191
f 199 200 192
f 200 193 192
f 200 201 193
f 201 194 193
f 201 202 194
f 202 187 194
f 202 195 187
f 203 196 195
f 203 204 196
f 204 197 196
f 204 205 197
f 205 198 197
f 205 206 198
f 206 199 198
f 206 207 199
f 207 200 199
f 207 208 200
f 208 201 200
f 208 209 201
f 209 202 201
f 209 210 202
f 210 195 202
f 210 203 195
f 211 213 214
f 212 246 245
f 211 214 215
f 212 247 246
f 211 215 216
f 212 248 247
f 211 216 217
f 212 249 248
f 211 217 218
f 212 250 249
f 211 218 219
f 212 251 250
f 211 219 220
f 212 252 251
f 211 220 213
f 212 245 252
f 221 214 213
f 221 222 214
f 222 215 214
f 222 223 215
f 223 216 215
f 223 224 216
f 224 217 216
f 224 225 217
f 225 218 217
f 225 226 218
f 226 219 218
f 226 227 219
f 227 220 219
f 227 228 220
f 228 213 220
f 228 221 213
f 229 222 221
f 229 230 222
f 230 223 222
f 230 231 223
f 231 224 223
f 231 232 224
f 232 225 224
f 232 233 225
f 233 226 225
f 233 234 226
f 234 227 226
f 234 235 227
f 235 228 227
f 235 236 228
f 236 221 228
f 236 229 221
f 237 230 229
f 237 238 230
f 238 231 230
f 238 239 231
f 239 232 231
f 239 240 232
f 240 233 232
f 240 241 233
f 241 234 233
f 241 242 234
f 242 235 234
f 242 243 235
f 243 236 235
f 243 244 236
f 244 229 236
f 244 237 229
f 245 238 237
f 245 246 238
f 246 239 238
f 246 247 239
f 247 240 239
f 247 248 240
f 248 241 240
f 248 249 241
f 249 242 241
f 249 250 242
f 250 243 242
f 250 251 243
f 251 244 243
f 251 252 244
f 252 237 244
f 252 245 237
f 253 255 256
f 254 288 287
f 253 256 257
f 254 289 288
f 253 257 258
f 254 290 289
f 253 258 259
f 254 291 290
f 253 259 260
f 254 292 291
f 253 260 261
f 254 293 292
f 253 261 262
f 254 294 293
f 253 262 255
f 254 287 294
f 263 256 255
f 263 264 256
f 264 257 256
f 264 265 257
f 265 258 257
f 265 266 258
f 266 259 258
f 266 267 259
f 267 260 259
f 267 268 260
f 268 261 260
f 268 269 261
f 269 262 261
f 269 270 262
f 270 255 262
f 270 263 255
f 271 264 263
f 271 272 264
f 272 265 264
f 272 273 265
f 273 266 265
f 273 274 266
f 274 267 266
f 274 275 267
f 275 268 267
f 275 276 268
f 276 269 268
f 276 277 269
f 277 270 269
f 277 278 270
f 278 263 270
f 278 271 263
f 279 272 271
f 279 280 272
f 280 273 272
f 280 281 273
f 281 274 273
f 281 282 274
f 282 275 274
f 282 283 275
f 283 276 275
f 283 284 276
f 284 277 276
f 284 285 277
f 285 278 277
f 285 286 278
f 286 271 278
f 286 279 271
f 287 280 279
f 287 288 280
f 288 281 280
f 288 289 281
f 289 282 281
f 289 290 282
f 290 283 282
f 290 291 283
f 291 284 283
f 291 292 284
f 292 285 284
f 292 293 285
f 293 286 285
f 293 294 286
f 294 279 286
f 294 287 279
f 295 297 298
f 296 330 329
f 295 298 299
f 296 331 330
f 295 299 300
f 296 332 331
f 295 300 301
f 296 333 332
f 295 301 302
f 296 334 333
f 295 302 303
f 296 335 334
f 295 303 304
f 296 336 335
f 295 304 297
f 296 329 336
f 305 298 297
f 305 306 298
f 306 299 298
f 306 307 299
f 307 300 299
f 307 308 300
f 308 301 300
f 308 309 301
f 309 302 301
f 309 310 302
f 310 303 302
f 310 311 303
f 311 304 303
f 311 312 304
f 312 297 304
f 312 305 297
f 313 306 305
f 313 314 306
f 314 307 306
f 314 315 307
f 315 308 307
f 315 316 308
f 316 309 308
f 316 317 309
f 317 310 309
f 317 318 310
f 318 311 310
f 318 319 311
f 319 312 311
f 319 320 312
f 320 305 312
f 320 313 305
f 321 314 313
f 321 322 314
f 322 315 314
f 322 323 315
f 323 316 315
f 323 324 316
f 324 317 316
f 324 325 317
f 325 318 317
f 325 326 318
f 326 319 318
f 326 327 319
f 327 320 319
f 327 328 320
f 328 313 320
f 328 321 313
f 329 322 321
f 329 330 322
f 330 323 322
f 330 331 323
f 331 324 323
f 331 332 324
f 332 325 324
f 332 333 325
f 333 326 325
f 333 334 326
f 334 327 326
f 334 335 327
f 335 328 327
f 335 336 328
f 336 321 328
f 336 329 321
f 337 339 340
f 338 372 371
f 337 340 341
f 338 373 372
f 337 341 342
f 338 374 373
f 337 342 343
f 338 375 374
f 337 343 344
f 338 376 375
f 337 344 345
f 338 377 376
f 337 345 346
f 338 378 377
f 337 346 339
f 338 371 378
f 347 340 339
f 347 348 340
f 348 341 340
f 348 349 341
f 349 342 341
f 349 350 342
f 350 343 342
f 350 351 343
f 351 344 343
f 351 352 344
f 352 345 344
f 352 353 345
f 353 346 345
f 353 354 346
f 354 339 346
f 354 347 339
f 355 348 347
f 355 356 348
f 356 349 348
f 356 357 349
f 357 350 349
f 357 358 350
f 358 351 350
f 358 359 351
f 359 352 351
f 359 360 352
f 360 353 352
f 360 361 353
f 361 354 353
f 361 362 354
f 362 347 354
f 362 355 347
f 363 356 355
f 363 364 356
f 364 357 356
f 364 365 357
f 365 358 357
f 365 366 358
f 366 359 358
f 366 367 359
f 367 360 359
f 367 368 360
f 368 361 360
f 368 369 361
f 369 362 361
f 369 370 362
f 370 355 362
f 370 363 355
f 371 364 363
f 371 372 364
f 372 365 364
f 372 373 365
f 373 366 365
f 373 374 366
f 374 367 366
f 374 375 367
f 375 368 367
f 375 376 368
f 376 369 368
f 376 377 369
f 377 370 369
f 377 378 370
f 378 363 370
f 378 371 363
f 379 381 382
f 380 414 413
f 379 382 383
f 380 415 414
f 379 383 384
f 380 416 415
f 379 384 385
f 380 417 416
f 379 385 386
f 380 418 417
f 379 386 387
f 380 419 418
f 379 387 388
f 380 420 419
f 379 388 381
f 380 413 420
f 389 382 381
f 389 390 382
f 390 383 382
f 390 391 383
f 391 384 383
f 391 392 384
f 392 385 384
f 392 393 385
f 393 386 385
f 393 394 386
f 394 387 386
f 394 395 387
f 395 388 387
f 395 396 388
f 396 381 388
f 396 389 381
f 397 390 389
f 397 398 390
f 398 391 390
f 398 399 391
f 399 392 391
f 399 400 392
f 400 393 392
f 400 401 393
f 401 394 393
f 401 402 394
f 402 395 394
f 402 403 395
f 403 396 395
f 403 404 396
f 404 389 396
f 404 397 389
f 405 398 397
f 405 406 398
f 406 399 398
f 406 407 399
f 407 400 399
f 407 408 400
f 408 401 400
f 408 409 401
f 409 402 401
f 409 410 402
f 410 403 402
f 410 411 403
f 411 404 403
f 411 412 404
f 412 397 404
f 412 405 397
f 413 406 405
f 413 414 406
f 414 407 406
f 414 415 407
f 415 408 407
f 415 416 408
f 416 409 408
f 416 417 409
f 417 410 409
f 417 418 410
f 418 411 410
f 418 419 411
f 419 412 411
f 419 420 412
f 420 405 412
f 420 413 405
f 421 423 424
f 422 456 455
f 421 424 425
f 422 457 456
f 421 425 426
f 422 458 457
f 421 426 427
f 422 459 458
f 421 427 428
f 422 460 459
f 421 428 429
f 422 461 460
f 421 429 430
f 422 462 461
f 421 430 423
f 422 455 462
f 431 424 423
f 431 432 424
f 432 425 424
f 432 433 425
f 433 426 425
f 433 434 426
f 434 427 426
f 434 435 427
f 435 428 427
f 435 436 428
f 436 429 428
f 436 437 429
f 437 430 429
f 437 438 430
f 438 423 430
f 438 431 423
f 439 432 431
f 439 440 432
f 440 433 432
f 440 441 433
f 441 434 433
f 441 442 434
f 442 435 434
f 442 443 435
f 443 436 435
f 443 444 436
f 444 437 436
f 444 445 437
f 445 438 437
f 445 446 438
f 446 431 438
f 446 439 431
f 447 440 439
f 447 448 440
f 448 441 440
f 448 449 441
f 449 442 441
f 449 450 442
f 450 443 442
f 450 451 443
f 451 444 443
f 451 452 444
f 452 445 444
f 452 453 445
f 453 446 445
f 453 454 446
f 454 439 446
f 454 447 439
f 455 448 447
f 455 456 448
f 456 449 448
f 456 457 449
f 457 450 449
f 457 458 450
f 458 451 450
f 458 459 451
f 459 452 451
f 459 460 452
f 460 453 452
f 460 461 453
f 461 454 453
f 461 462 454
f 462 447 454
f 462 455 447
f 463 465 466
f 464 498 497
f 463 466 467
f 464 499 498
f 463 467 468
f 464 500 499
f 463 468 469
f 464 501 500
f 463 469 470
f 464 502 501
f 463 470 471
f 464 503 502
f 463 471 472
f 464 504 503
f 463 472 465
f 464 497 504
f 473 466 465
f 473 474 466
f 474 467 466
f 474 475 467
f 475 468 467
f 475 476 468
f 476 469 468
f 476 477 469
f 477 470 469
f 477 478 470
f 478 471 470
f 478 479 471
f 479 472 471
f 479 480 472
f 480 465 472
f 480 473 465
f 481 474 473
f 481 482 474
f 482 475 474
f 482 483 475
f 483 476 475
f 483 484 476
f 484 477 476
f 484 485 477
f 485 478 477
f 485 486 478
f 486 479 478
f 486 487 479
f 487 480 479
f 487 488 480
f 488 473 480
f 488 481 473
f 489 482 481
f 489 490 482
f 490 483 482
f 490 491 483
f 491 484 483
f 491 492 484
f 492 485 484
f 492 493 485
f 493 486 485
f 493 494 486
f 494 487 486
f 494 495 487
f 495 488 487
f 495 496 488
f 496 481 488
f 496 489 481
f 497 490 489
f 497 498 490
f 498 491 490
f 498 499 491
f 499 492 491
f 499 500 492
f 500 493 492
f 500 501 493
f 501 494 493
f 501 502 494
f 502 495 494
f 502 503 495
f 503 496 495
f 503 504 496
f 504 489 496
f 504 497 489
f 505 507 508
f 506 540 539
f 505 508 509
f 506 541 540
f 505 509 510
f 506 542 541
f 505 510 511
f 506 543 542
f 505 511 512
f 506 544 543
f 505 512 513
f 506 545 544
f 505 513 514
f 506 546 545
f 505 514 507
f 506 539 546
f 515 508 507
f 515 516 508
f 516 509 508
f 516 517 509
f 517 510 509
f 517 518 510
f 518 511 510
f 518 519 511
f 519 512 511
f 519 520 512
f 520 513 512
f 520 521 513
f 521 514 513
f 521 522 514
f 522 507 514
f 522 515 507
f 523 516 515
f 523 524 516
f 524 517 516
f 524 525 517
f 525 518 517
f 525 526 518
f 526 519 518
f 526 527 519
f 527 520 519
f 527 528 520
f 528 521 520
f 528 529 521
f 529 522 521
f 529 530 522
f 530 515 522
f 530 523 515
f 531 524 523
f 531 532 524
f 532 525 524
f 532 533 525
f 533 526 525
f 533 534 526
f 534 527 526
f 534 535 527
f 535 528 527
f 535 536 528
f 536 529 528
f 536 537 529
f 537 530 529
f 537 538 530
f 538 523 530
f 538 531 523
f 539 532 531
f 539 540 532
f 540 533 532
f 540 541 533
f 541 534 533
f 541 542 534
f 542 535 534
f 542 543 535
f 543 536 535
f 543 544 536
f 544 537 536
f 544 545 537
f 545 538 537
f 545 546 538
f 546 531 538
f 546 539 531
f 547 549 550
f 548 582 581
f 547 550 551
f 548 583 582
f 547 551 552
f 548 584 583
f 547 552 553
f 548 585 584
f 547 553 554
f 548 586 585
f 547 554 555
f 548 587 586
f 547 555 556
f 548 588 587
f 547 556 549
f 548 581 588
f 557 550 549
f 557 558 550
f 558 551 550
f 558 559 551
f 559 552 551
f 559 560 552
f 560 553 552
f 560 561 553
f 561 554 553
f 561 562 554
f 562 555 554
f 562 563 555
f 563 556 555
f 563 564 556
f 564 549 556
f 564 557 549
f 565 558 557
f 565 566 558
f 566 559 558
f 566 567 559
f 567 560 559
f 567 568 560
f 568 561 560
f 568 569 561
f 569 562 561
f 569 570 562
f 570 563 562
f 570 571 563
f 571 564 563
f 571 572 564
f 572 557 564
f 572 565 557
f 573 566 565
f 573 574 566
f 574 567 566
f 574 575 567
f 575 568 567
f 575 576 568
f 576 569 568
f 576 577 569
f 577 570 569
f 577 578 570
f 578 571 570
f 578 579 571
f 579 572 571
f 579 580 572
f 580 565 572
f 580 573 565
f 581 574 573
f 581 582 574
f 582 575 574
f 582 583 575
f 583 576 575
f 583 584 576
f 584 577 576
f 584 585 577
f 585 578 577
f 585 586 578
f 586 579 578
f 586 587 579
f 587 580 579
f 587 588 580
f 588 573 580
f 588 581 573
f 589 591 592
f 590 624 623
f 589 592 593
f 590 625 624
f 589 593 594
f 590 626 625
f 589 594 595
f 590 627 626
f 589 595 596
f 590 628 627
f 589 596 597
f 590 629 628
f 589 597 598
f 590 630 629
f 589 598 591
f 590 623 630
f 599 592 591
f 599 600 592
f 600 593 592
f 600 601 593
f 601 594 593
f 601 602 594
f 602 595 594
f 602 603 595
f 603 596 595
f 603 604 596
f 604 597 596
f 604 605 597
f 605 598 597
f 605 606 598
f 606 591 598
f 606 599 591
f 607 600 599
f 607 608 600
f 608 601 600
f 608 609 601
f 609 602 601
f 609 610 602
f 610 603 602
f 610 611 603
f 611 604 603
f 611 612 604
f 612 605 604
f 612 613 605
f 613 606 605
f 613 614 606
f 614 599 606
f 614 607 599
f 615 608 607
f 615 616 608
f 616 609 608
f 616 617 609
f 617 610 609
f 617 618 610
f 618 611 610
f 618 619 611
f 619 612 611
f 619 620 612
f 620 613 612
f 620 621 613
f 621 614 613
f 621 622 614
f 622 607 614
f 622 615 607
f 623 616 615
f 623 624 616
f 624 617 616
f 624 625 617
f 625 618 617
f 625 626 618
f 626 619 618
f 626 627 619
f 627 620 619
f 627 628 620
f 628 621 620
f 628 629 621
f 629 622 621
f 629 630 622
f 630 615 622
f 630 623 615
f 631 633 634
f 632 666 665
f 631 634 635
f 632 667 666
f 631 635 636
f 632 668 667
f 631 636 637
f 632 669 668
f 631 637 638
f 632 670 669
f 631 638 639
f 632 671 670
f 631 639 640
f 632 672 671
f 631 640 633
f 632 665 672
f 641 634 633
f 641 642 634
f 642 635 634
f 642 643 635
f 643 636 635
f 643 644 636
f 644 637 636
f 644 645 637
f 645 638 637
f 645 646 638
f 646 639 638
f 646 647 639
f 647 640 639
f 647 648 640
f 648 633 640
f 648 641 633
f 649 642 641
f 649 650 642
f 650 643 642
f 650 651 643
f 651 644 643
f 651 652 644
f 652 645 644
f 652 653 645
f 653 646 645
f 653 654 646
f 654 647 646
f 654 655 647
f 655 648 647
f 655 656 648
f 656 641 648
f 656 649 641
f 657 650 649
f 657 658 650
f 658 651 650
f 658 659 651
f 659 652 651
f 659 660 652
f 660 653 652
f 660 661 653
f 661 654 653
f 661 662 654
f 662 655 654
f 662 663 655
f 663 656 655
f 663 664 656
f 664 649 656
f 664 657 649
f 665 658 657
f 665 666 658
f 666 659 658
f 666 667 659
f 667 660 659
f 667 668 660
f 668 661 660
f 668 669 661
f 669 662 661
f 669 670 662
f 670 663 662
f 670 671 663
f 671 664 663
f 671 672 664
f 672 657 664
f 672 665 657
f 673 675 676
f 674 708 707
f 673 676 677
f 674 709 708
f 673 677 678
f 674 710 709
f 673 678 679
f 674 711 710
f 673 679 680
f 674 712 711
f 673 680 681
f 674 713 712
f 673 681 682
f 674 714 713
f 673 682 675
f 674 707 714
f 683 676 675
f 683 684 676
f 684 677 676
f 684 685 677
f 685 678 677
f 685 686 678
f 686 679 678
f 686 687 679
f 687 680 679
f 687 688 680
f 688 681 680
f 688 689 681
f 689 682 681
f 689 690 682
f 690 675 682
f 690 683 675
f 691 684 683
f 691 692 684
f 692 685 684
f 692 693 685
f 693 686 685
f 693 694 686
f 694 687 686
f 694 695 687
f 695 688 687
f 695 696 688
f 696 689 688
f 696 697 689
f 697 690 689
f 697 698 690
f 698 683 690
f 698 691 683
f 699 692 691
f 699 700 692
f 700 693 692
f 700 701 693
f 701 694 693
f 701 702 694
f 702 695 694
f 702 703 695
f 703 696 695
f 703 704 696
f 704 697 696
f 704 705 697
f 705 698 697
f 705 706 698
f 706 691 698
f 706 699 691
f 707 700 699
f 707 708 700
f 708 701 700
f 708 709 701
f 709 702 701
f 709 710 702
f 710 703 702
f 710 711 703
f 711 704 703
f 711 712 704
f 712 705 704
f 712 713 705
f 713 706 705
f 713 714 706
f 714 699 706
f 714 707 699
f 715 717 718
f 716 750 749
f 715 718 719
f 716 751 750
f 715 719 720
f 716 752 751
f 715 720 721
f 716 753 752
f 715 721 722
f 716 754 753
f 715 722 723
f 716 755 754
f 715 723 724
f 716 756 755
f 715 724 717
f 716 749 756
f 725 718 717
f 725 726 718
f 726 719 718
f 726 727 719
f 727 720 719
f 727 728 720
f 728 721 720
f 728 729 721
f 729 722 721
f 729 730 722
f 730 723 722
f 730 731 723
f 731 724 723
f 731 732 724
f 732 717 724
f 732 725 717
f 733 726 725
f 733 734 726
f 734 727 726
f 734 735 727
f 735 728 727
f 735 736 728
f 736 729 728
f 736 737 729
f 737 730 729
f 737 738 730
f 738 731 730
f 738 739 731
f 739 732 731
f 739 740 732
f 740 725 732
f 740 733 725
f 741 734 733
f 741 742 734
f 742 735 734
f 742 743 735
f 743 736 735
f 743 744 736
f 744 737 736
f 744 745 737
f 745 738 737
f 745 746 738
f 746 739 738
f 746 747 739
f 747 740 739
f 747 748 740
f 748 733 740
f 748 741 733
f 749 742 741
f 749 750 742
f 750 743 742
f 750 751 743
f 751 744 743
f 751 752 744
f 752 745 744
f 752 753 745
f 753 746 745
f 753 754 746
f 754 747 746
f 754 755 747
f 755 748 747
f 755 756 748
f 756 741 748
f 756 749 741
f 757 759 760
f 758 792 791
f 757 760 761
f 758 793 792
f 757 761 762
f 758 794 793
f 757 762 763
f 758 795 794
f 757 763 764
f 758 796 795
f 757 764 765
f 758 797 796
f 757 765 766
f 758 798 797
f 757 766 759
f 758 791 798
f 767 760 759
f 767 768 760
f 768 761 760
f 768 769 761
f 769 762 761
f 769 770 762
f 770 763 762
f 770 771 763
f 771 764 763
f 771 772 764
f 772 765 764
f 772 773 765
f 773 766 765
f 773 774 766
f 774 759 766
f 774 767 759
f 775 768 767
f 775 776 768
f 776 769 768
f 776 777 769
f 777 770 769
f 777 778 770
f 778 771 770
f 778 779 771
f 779 772 771
f 779 780 772
f 780 773 772
f 780 781 773
f 781 774 773
f 781 782 774
f 782 767 774
f 782 775 767
f 783 776 775
f 783 784 776
f 784 777 776
f 784 785 777
f 785 778 777
f 785 786 778
f 786 779 778
f 786 787 779
f 787 780 779
f 787 788 780
f 788 781 780
f 788 789 781
f 789 782 781
f 789 790 782
f 790 775 782
f 790 783 775
f 791 784 783
f 791 792 784
f 792 785 784
f 792 793 785
f 793 786 785
f 793 794 786
f 794 787 786
f 794 795 787
f 795 788 787
f 795 796 788
f 796 789 788
f 796 797 789
f 797 790 789
f 797 798 790
f 798 783 790
f 798 791 783
f 799 801 802
f 800 834 833
f 799 802 803
f 800 835 834
f 799 803 804
f 800 836 835
f 799 804 805
f 800 837 836
f 799 805 806
f 800 838 837
f 799 806 807
f 800 839 838
f 799 807 808
f 800 840 839
f 799 808 801
f 800 833 840
f 809 802 801
f 809 810 802
f 810 803 802
f 810 811 803
f 811 804 803
f 811 812 804
f 812 805 804
f 812 813 805
f 813 806 805
f 813 814 806
f 814 807 806
f 814 815 807
f 815 808 807
f 815 816 808
f 816 801 808
f 816 809 801
f 817 810 809
f 817 818 810
f 818 811 810
f 818 819 811
f 819 812 811
f 819 820 812
f 820 813 812
f 820 821 813
f 821 814 813
f 821 822 814
f 822 815 814
f 822 823 815
f 823 816 815
f 823 824 816
f 824 809 816
f 824 817 809
f 825 818 817
f 825 826 818
f 826 819 818
f 826 827 819
f 827 820 819
f 827 828 820
f 828 821 820
f 828 829 821
f 829 822 821
f 829 830 822
f 830 823 822
f 830 831 823
f 831 824 823
f 831 832 824
f 832 817 824
f 832 825 817
f 833 826 825
f 833 834 826
f 834 827 826
f 834 835 827
f 835 828 827
f 835 836 828
f 836 829 828
f 836 837 829
f 837 830 829
f 837 838 830
f 838 831 830
f 838 839 831
f 839 832 831
f 839 840 832
f 840 825 832
f 840 833 825
f 841 843 844
f 842 876 875
f 841 844 845
f 842 877 876
f 841 845 846
f 842 878 877
f 841 846 847
f 842 879 878
f 841 847 848
f 842 880 879
f 841 848 849
f 842 881 880
f 841 849 850
f 842 882 881
f 841 850 843
f 842 875 882
f 851 844 843
f 851 852 844
f 852 845 844
f 852 853 845
f 853 846 845
f 853 854 846
f 854 847 846
f 854 855 847
f 855 848 847
f 855 856 848
f 856 849 848
f 856 857 849
f 857 850 849
f 857 858 850
f 858 843 850
f 858 851 843
f 859 852 851
f 859 860 852
f 860 853 852
f 860 861 853
f 861 854 853
f 861 862 854
f 862 855 854
f 862 863 855
f 863 856 855
f 863 864 856
f 864 857 856
f 864 865 857
f 865 858 857
f 865 866 858
f 866 851 858
f 866 859 851
f 867 860 859
f 867 868 860
f 868 861 860
f 868 869 861
f 869 862 861
f 869 870 862
f 870 863 862
f 870 871 863
f 871 864 863
f 871 872 864
f 872 865 864
f 872 873 865
f 873 866 865
f 873 874 866
f 874 859 866
f 874 867 859
f 875 868 867
f 875 876 868
f 876 869 868
f 876 877 869
f 877 870 869
f 877 878 870
f 878 871 870
f 878 879 871
f 879 872 871
f 879 880 872
f 880 873 872
f 880 881 873
f 881 874 873
f 881 882 874
f 882 867 874
f 882 875 867
f 883 885 886
f 884 918 917
f 883 886 887
f 884 919 918
f 883 887 888
f 884 920 919
f 883 888 889
f 884 921 920
f 883 889 890
f 884 922 921
f 883 890 891
f 884 923 922
f 883 891 892
f 884 924 923
f 883 892 885
f 884 917 924
f 893 886 885
f 893 894 886
f 894 887 886
f 894 895 887
f 895 888 887
f 895 896 888
f 896 889 888
f 896 897 889
f 897 890 889
f 897 898 890
f 898 891 890
f 898 899 891
f 899 892 891
f 899 900 892
f 900 885 892
f 900 893 885
f 901 894 893
f 901 902 894
f 902 895 894
f 902 903 895
f 903 896 895
f 903 904 896
f 904 897 896
f 904 905 897
f 905 898 897
f 905 906 898
f 906 899 898
f 906 907 899
f 907 900 899
f 907 908 900
f 908 893 900
f 908 901 893
f 909 902 901
f 909 910 902
f 910 903 902
f 910 911 903
f 911 904 903
f 911 912 904
f 912 905 904
f 912 913 905
f 913 906 905
f 913 914 906
f 914 907 906
f 914 915 907
f 915 908 907
f 915 916 908
f 916 901 908
f 916 909 901
f 917 910 909
f 917 918 910
f 918 911 910
f 918 919 911
f 919 912 911
f 919 920 912
f 920 913 912
f 920 921 913
f 921 914 913
f 921 922 914
f 922 915 914
f 922 923 915
f 923 916 915
f 923 924 916
f 924 909 916
f 924 917 909
f 925 927 928
f 926 960 959
f 925 928 929
f 926 961 960
f 925 929 930
f 926 962 961
f 925 930 931
f 926 963 962
f 925 931 932
f 926 964 963
f 925 932 933
f 926 965 964
f 925 933 934
f 926 966 965
f 925 934 927
f 926 959 966
f 935 928 927
f 935 936 928
f 936 929 928
f 936 937 929
f 937 930 929
f 937 938 930
f 938 931 930
f 938 939 931
f 939 932 931
f 939 940 932
f 940 933 932
f 940 941 933
f 941 934 933
f 941 942 934
f 942 927 934
f 942 935 927
f 943 936 935
f 943 944 936
f 944 937 936
f 944 945 937
f 945 938 937
f 945 946 938
f 946 939 938
f 946 947 939
f 947 940 939
f 947 948 940
f 948 941 940
f 948 949 941
f 949 942 941
f 949 950 942
f 950 935 942
f 950 943 935
f 951 944 943
f 951 952 944
f 952 945 944
f 952 953 945
f 953 946 945
f 953 954 946
f 954 947 946
f 954 955 947
f 955 948 947
f 955 956 948
f 956 949 948
f 956 957 949
f 957 950 949
f 957 958 950
f 958 943 950
f 958 951 943
f 959 952 951
f 959 960 952
f 960 953 952
f 960 961 953
f 961 954 953
f 961 962 954
f 962 955 954
f 962 963 955
f 963 956 955
f 963 964 956
f 964 957 956
f 964 965 957
f 965 958 957
f 965 966 958
f 966 951 958
f 966 959 951
f 967 969 970
f 968 1002 1001
f 967 970 971
f 968 1003 1002
f 967 971 972
f 968 1004 1003
f 967 972 973
f 968 1005 1004
f 967 973 974
f 968 1006 1005
f 967 974 975
f 968 1007 1006
f 967 975 976
f 968 1008 1007
f 967 976 969
f 968 1001 1008
f 977 970 969
f 977 978 970
f 978 971 970
f 978 979 971
f 979 972 971
f 979 980 972
f 980 973 972
f 980 981 973
f 981 974 973
f 981 982 974
f 982 975 974
f 982 983 975
f 983 976 975
f 983 984 976
f 984 969 976
f 984 977 969
f 985 978 977
f 985 986 978
f 986 979 978
f 986 987 979
f 987 980 979
f 987 988 980
f 988 981 980
f 988 989 981
f 989 982 981
f 989 990 982
f 990 983 982
f 990 991 983
f 991 984 983
f 991 992 984
f 992 977 984
f 992 985 977
f 993 986 985
f 993 994 986
f 994 987 986
f 994 995 987
f 995 988 987
f 995 996 988
f 996 989 988
f 996 997 989
f 997 990 989
f 997 998 990
f 998 991 990
f 998 999 991
f 999 992 991
f 999 1000 992
f 1000 985 992
f 1000 993 985
f 1001 994 993
f 1001 1002 994
f 1002 995 994
f 1002 1003 995
f 1003 996 995
f 1003 1004 996
f 1004 997 996
f 1004 1005 997
f 1005 998 997
f 1005 1006 998
f 1006 999 998
f 1006 1007 999
f 1007 1000 999
f 1007 1008 1000
f 1008 993 1000
f 1008 1001 993
f 1009 1011 1012
f 1010 1044 1043
f 1009 1012 1013
f 1010 1045 1044
f 1009 1013 1014
f 1010 1046 1045
f 1009 1014 1015
f 1010 1047 1046
f 1009 1015 1016
f 1010 1048 1047
f 1009 1016 1017
f 1010 1049 1048
f 1009 1017 1018
f 1010 1050 1049
f 1009 1018 1011
f 1010 1043 1050
f 1019 1012 1011
f 1019 1020 1012
f 1020 1013 1012
f 1020 1021 1013
f 1021 1014 1013
f 1021 1022 1014
f 1022 1015 1014
f 1022 1023 1015
f 1023 1016 1015
f 1023 1024 1016
f 1024 1017 1016
f 1024 1025 1017
f 1025 1018 1017
f 1025 1026 1018
f 1026 1011 1018
f 1026 1019 1011
f 1027 1020 1019
f 1027 1028 1020
f 1028 1021 1020
f 1028 1029 1021
f 1029 1022 1021
f 1029 1030 1022
f 1030 1023 1022
f 1030 1031 1023
f 1031 1024 1023
f 1031 1032 1024
f 1032 1025 1024
f 1032 1033 1025
f 1033 1026 1025
f 1033 1034 1026
f 1034 1019 1026
f 1034 1027 1019
f 1035 1028 1027
f 1035 1036 1028
f 1036 1029 1028
f 1036 1037 1029
f 1037 1030 1029
f 1037 1038 1030
f 1038 1031 1030
f 1038 1039 1031
f 1039 1032 1031
f 1039 1040 1032
f 1040 1033 1032
f 1040 1041 1033
f 1041 1034 1033
f 1041 1042 1034
f 1042 1027 1034
f 1042 1035 1027
f 1043 1036 1035
f 1043 1044 1036
f 1044 1037 1036
f 1044 1045 1037
f 1045 1038 1037
f 1045 1046 1038
f 1046 1039 1038
f 1046 1047 1039
f 1047 1040 1039
f 1047 1048 1040
f 1048 1041 1040
f 1048 1049 1041
f 1049 1042 1041
f 1049 1050 1042
f 1050 1035 1042
f 1050 1043 1035
f 1051 1053 1054
f 1052 1086 1085
f 1051 1054 1055
f 1052 1087 1086
f 1051 1055 1056
f 1052 1088 1087
f 1051 1056 1057
f 1052 1089 1088
f 1051 1057 1058
f 1052 1090 1089
f 1051 1058 1059
f 1052 1091 1090
f 1051 1059 1060
f 1052 1092 1091
f 1051 1060 1053
f 1052 1085 1092
f 1061 1054 1053
f 1061 1062 1054
f 1062 1055 1054
f 1062 1063 1055
f 1063 1056 1055
f 1063 1064 1056
f 1064 1057 1056
f 1064 1065 1057
f 1065 1058 1057
f 1065 1066 1058
f 1066 1059 1058
f 1066 1067 1059
f 1067 1060 1059
f 1067 1068 1060
f 1068 1053 1060
f 1068 1061 1053
f 1069 1062 1061
f 1069 1070 1062
f 1070 1063 1062
f 1070 1071 1063
f 1071 1064 1063
f 1071 1072 1064
f 1072 1065 1064
f 1072 1073 1065
f 1073 1066 1065
f 1073 1074 1066
f 1074 1067 1066
f 1074 1075 1067
f 1075 1068 1067
f 1075 1076 1068
f 1076 1061 1068
f 1076 1069 1061
f 1077 1070 1069
f 1077 1078 1070
f 1078 1071 1070
f 1078 1079 1071
f 1079 1072 1071
f 1079 1080 1072
f 1080 1073 1072
f 1080 1081 1073
f 1081 1074 1073
f 1081 1082 1074
f 1082 1075 1074
f 1082 1083 1075
f 1083 1076 1075
f 1083 1084 1076
f 1084 1069 1076
f 1084 1077 1069
f 1085 1078 1077
f 1085 1086 1078
f 1086 1079 1078
f 1086 1087 1079
f 1087 1080 1079
f 1087 1088 1080
f 1088 1081 1080
f 1088 1089 1081
f 1089 1082 1081
f 1089 1090 1082
f 1090 1083 1082
f 1090 1091 1083
f 1091 1084 1083
f 1091 1092 1084
f 1092 1077 1084
f 1092 1085 1077
f 1093 1095 1096
f 1094 1128 1127
f 1093 1096 1097
f 1094 1129 1128
f 1093 1097 1098
f 1094 1130 1129
f 1093 1098 1099
f 1094 1131 1130
f 1093 1099 1100
f 1094 1132 1131
f 1093 1100 1101
f 1094 1133 1132
f 1093 1101 1102
f 1094 1134 1133
f 1093 1102 1095
f 1094 1127 1134
f 1103 1096 1095
f 1103 1104 1096
f 1104 1097 1096
f 1104 1105 1097
f 1105 1098 1097
f 1105 1106 1098
f 1106 1099 1098
f 1106 1107 1099
f 1107 1100 1099
f 1107 1108 1100
f 1108 1101 1100
f 1108 1109 1101
f 1109 1102 1101
f 1109 1110 1102
f 1110 1095 1102
f 1110 1103 1095
f 1111 1104 1103
f 1111 1112 1104
f 1112 1105 1104
f 1112 1113 1105
f 1113 1106 1105
f 1113 1114 1106
f 1114 1107 1106
f 1114 1115 1107
f 1115 1108 1107
f 1115 1116 1108
f 1116 1109 1108
f 1116 1117 1109
f 1117 1110 1109
f 1117 1118 1110
f 1118 1103 1110
f 1118 1111 1103
f 1119 1112 1111
f 1119 1120 1112
f 1120 1113 1112
f 1120 1121 1113
f 1121 1114 1113
f 1121 1122 1114
f 1122 1115 1114
f 1122 1123 1115
f 1123 1116 1115
f 1123 1124 1116
f 1124 1117 1116
f 1124 1125 1117
f 1125 1118 1117
f 1125 1126 1118
f 1126 1111 1118
f 1126 1119 1111
f 1127 1120 1119
f 1127 1128 1120
f 1128 1121 1120
f 1128 1129 1121
f 1129 1122 1121
f 1129 1130 1122
f 1130 1123 1122
f 1130 1131 1123
f 1131 1124 1123
f 1131 1132 1124
f 1132 1125 1124
f 1132 1133 1125
f 1133 1126 1125
f 1133 1134 1126
f 1134 1119 1126
f 1134 1127 1119
f 1135 1137 1138
f 1136 1170 1169
f 1135 1138 1139
f 1136 1171 1170
f 1135 1139 1140
f 1136 1172 1171
f 1135 1140 1141
f 1136 1173 1172
f 1135 1141 1142
f 1136 1174 1173
f 1135 1142 1143
f 1136 1175 1174
f 1135 1143 1144
f 1136 1176 1175
f 1135 1144 1137
f 1136 1169 1176
f 1145 1138 1137
f 1145 1146 1138
f 1146 1139 1138
f 1146 1147 1139
f 1147 1140 1139
f 1147 1148 1140
f 1148 1141 1140
f 1148 1149 1141
f 1149 1142 1141
f 1149 1150 1142
f 1150 1143 1142
f 1150 1151 1143
f 1151 1144 1143
f 1151 1152 1144
f 1152 1137 1144
f 1152 1145 1137
f 1153 1146 1145
f 1153 1154 1146
f 1154 1147 1146
f 1154 1155 1147
f 1155 1148 1147
f 1155 1156 1148
f 1156 1149 1148
f 1156 1157 1149
f 1157 1150 1149
f 1157 1158 1150
f 1158 1151 1150
f 1158 1159 1151
f 1159 1152 1151
f 1159 1160 1152
f 1160 1145 1152
f 1160 1153 1145
f 1161 1154 1153
f 1161 1162 1154
f 1162 1155 1154
f 1162 1163 1155
f 1163 1156 1155
f 1163 1164 1156
f 1164 1157 1156
f 1164 1165 1157
f 1165 1158 1157
f 1165 1166 1158
f 1166 1159 1158
f 1166 1167 1159
f 1167 1160 1159
f 1167 1168 1160
f 1168 1153 1160
f 1168 1161 1153
f 1169 1162 1161
f 1169 1170 1162
f 1170 1163 1162
f 1170 1171 1163
f 1171 1164 1163
f 1171 1172 1164
f 1172 1165 1164
f 1172 1173 1165
f 1173 1166 1165
f 1173 1174 1166
f 1174 1167 1166
f 1174 1175 1167
f 1175 1168 1167
f 1175 1176 1168
f 1176 1161 1168
f 1176 1169 1161
f 1177 1179 1180
f 1178 1212 1211
f 1177 1180 1181
f 1178 1213 1212
f 1177 1181 1182
f 1178 1214 1213
f 1177 1182 1183
f 1178 1215 1214
f 1177 1183 1184
f 1178 1216 1215
f 1177 1184 1185
f 1178 1217 1216
f 1177 1185 1186
f 1178 1218 1217
f 1177 1186 1179
f 1178 1211 1218
f 1187 1180 1179
f 1187 1188 1180
f 1188 1181 1180
f 1188 1189 1181
f 1189 1182 1181
f 1189 1190 1182
f 1190 1183 1182
f 1190 1191 1183
f 1191 1184 1183
f 1191 1192 1184
f 1192 1185 1184
f 1192 1193 1185
f 1193 1186 1185
f 1193 1194 1186
f 1194 1179 1186
f 1194 1187 1179
f 1195 1188 1187
f 1195 1196 1188
f 1196 1189 1188
f 1196 1197 1189
f 1197 1190 1189
f 1197 1198 1190
f 1198 1191 1190
f 1198 1199 1191
f 1199 1192 1191
f 1199 1200 1192
f 1200 1193 1192
f 1200 1201 1193
f 1201 1194 1193
f 1201 1202 1194
f 1202 1187 1194
f 1202 1195 1187
f 1203 1196 1195
f 1203 1204 1196
f 1204 1197 1196
f 1204 1205 1197
f 1205 1198 1197
f 1205 1206 1198
f 1206 1199 1198
f 1206 1207 1199
f 1207 1200 1199
f 1207 1208 1200
f 1208 1201 1200
f 1208 1209 1201
f 1209 1202 1201
f 1209 1210 1202
f 1210 1195 1202
f 1210 1203 1195
f 1211 1204 1203
f 1211 1212 1204
f 1212 1205 1204
f 1212 1213 1205
f 1213 1206 1205
f 1213 1214 1206
f 1214 1207 1206
f 1214 1215 1207
f 1215 1208 1207
f 1215 1216 1208
f 1216 1209 1208
f 1216 1217 1209
f 1217 1210 1209
f 1217 1218 1210
f 1218 1203 1210
f 1218 1211 1203
f 1219 1221 1222
f 1220 1254 1253
f 1219 1222 1223
f 1220 1255 1254
f 1219 1223 1224
f 1220 1256 1255
f 1219 1224 1225
f 1220 1257 1256
f 1219 1225 1226
f 1220 1258 1257
f 1219 1226 1227
f 1220 1259 1258
f 1219 1227 1228
f 1220 1260 1259
f 1219 1228 1221
f 1220 1253 1260
f 1229 1222 1221
f 1229 1230 1222
f 1230 1223 1222
f 1230 1231 1223
f 1231 1224 1223
f 1231 1232 1224
f 1232 1225 1224
f 1232 1233 1225
f 1233 1226 1225
f 1233 1234 1226
f 1234 1227 1226
f 1234 1235 1227
f 1235 1228 1227
f 1235 1236 1228
f 1236 1221 1228
f 1236 1229 1221
f 1237 1230 1229
f 1237 1238 1230
f 1238 1231 1230
f 1238 1239 1231
f 1239 1232 1231
f 1239 1240 1232
f 1240 1233 1232
f 1240 1241 1233
f 1241 1234 1233
f 1241 1242 1234
f 1242 1235 1234
f 1242 1243 1235
f 1243 1236 1235
f 1243 1244 1236
f 1244 1229 1236
f 1244 1237 1229
f 1245 1238 1237
f 1245 1246 1238
f 1246 1239 1238
f 1246 1247 1239
f 1247 1240 1239
f 1247 1248 1240
f 1248 1241 1240
f 1248 1249 1241
f 1249 1242 1241
f 1249 1250 1242
f 1250 1243 1242
f 1250 1251 1243
f 1251 1244 1243
f 1251 1252 1244
f 1252 1237 1244
f 1252 1245 1237
f 1253 1246 1245
f 1253 1254 1246
f 1254 1247 1246
f 1254 1255 1247
f 1255 1248 1247
f 1255 1256 1248
f 1256 1249 1248
f 1256 1257 1249
f 1257 1250 1249
f 1257 1258 1250
f 1258 1251 1250
f 1258 1259 1251
f 1259 1252 1251
f 1259 1260 1252
f 1260 1245 1252
f 1260 1253 1245
f 1261 1263 1264
f 1262 1296 1295
f 1261 1264 1265
f 1262 1297 1296
f 1261 1265 1266
f 1262 1298 1297
f 1261 1266 1267
f 1262 1299 1298
f 1261 1267 1268
f 1262 1300 1299
f 1261 1268 1269
f 1262 1301 1300
f 1261 1269 1270
f 1262 1302 1301
f 1261 1270 1263
f 1262 1295 1302
f 1271 1264 1263
f 1271 1272 1264
f 1272 1265 1264
f 1272 1273 1265
f 1273 1266 1265
f 1273 1274 1266
f 1274 1267 1266
f 1274 1275 1267
f 1275 1268 1267
f 1275 1276 1268
f 1276 1269 1268
f 1276 1277 1269
f 1277 1270 1269
f 1277 1278 1270
f 1278 1263 1270
f 1278 1271 1263
f 1279 1272 1271
f 1279 1280 1272
f 1280 1273 1272
f 1280 1281 1273
f 1281 1274 1273
f 1281 1282 1274
f 1282 1275 1274
f 1282 1283 1275
f 1283 1276 1275
f 1283 1284 1276
f 1284 1277 1276
f 1284 1285 1277
f 1285 1278 1277
f 1285 1286 1278
f 1286 1271 1278
f 1286 1279 1271
f 1287 1280 1279
f 1287 1288 1280
f 1288 1281 1280
f 1288 1289 1281
f 1289 1282 1281
f 1289 1290 1282
f 1290 1283 1282
f 1290 1291 1283
f 1291 1284 1283
f 1291 1292 1284
f 1292 1285 1284
f 1292 1293 1285
f 1293 1286 1285
f 1293 1294 1286
f 1294 1279 1286
f 1294 1287 1279
f 1295 1288 1287
f 1295 1296 1288
f 1296 1289 1288
f 1296 1297 1289
f 1297 1290 1289
f 1297 1298 1290
f 1298 1291 1290
f 1298 1299 1291
f 1299 1292 1291
f 1299 1300 1292
f 1300 1293 1292
f 1300 1301 1293
f 1301 1294 1293
f 1301 1302 1294
f 1302 1287 1294
f 1302 1295 1287
f 1303 1305 1306
f 1304 1338 1337
f 1303 1306 1307
f 1304 1339 1338
f 1303 1307 1308
f 1304 1340 1339
f 1303 1308 1309
f 1304 1341 1340
f 1303 1309 1310
f 1304 1342 1341
f 1303 1310 1311
f 1304 1343 1342
f 1303 1311 1312
f 1304 1344 1343
f 1303 1312 1305
f 1304 1337 1344
f 1313 1306 1305
f 1313 1314 1306
f 1314 1307 1306
f 1314 1315 1307
f 1315 1308 1307
f 1315 1316 1308
f 1316 1309 1308
f 1316 1317 1309
f 1317 1310 1309
f 1317 1318 1310
f 1318 1311 1310
f 1318 1319 1311
f 1319 1312 1311
f 1319 1320 1312
f 1320 1305 1312
f 1320 1313 1305
f 1321 1314 1313
f 1321 1322 1314
f 1322 1315 1314
f 1322 1323 1315
f 1323 1316 1315
f 1323 1324 1316
f 1324 1317 1316
f 1324 1325 1317
f 1325 1318 1317
f 1325 1326 1318
f 1326 1319 1318
f 1326 1327 1319
f 1327 1320 1319
f 1327 1328 1320
f 1328 1313 1320
f 1328 1321 1313
f 1329 1322 1321
f 1329 1330 1322
f 1330 1323 1322
f 1330 1331 1323
f 1331 1324 1323
f 1331 1332 1324
f 1332 1325 1324
f 1332 1333 1325
f 1333 1326 1325
f 1333 1334 1326
f 1334 1327 1326
f 1334 1335 1327
f 1335 1328 1327
f 1335 1336 1328
f 1336 1321 1328
f 1336 1329 1321
f 1337 1330 1329
f 1337 1338 1330
f 1338 1331 1330
f 1338 1339 1331
f 1339 1332 1331
f 1339 1340 1332
f 1340 1333 1332
f 1340 1341 1333
f 1341 1334 1333
f 1341 1342 1334
f 1342 1335 1334
f 1342 1343 1335
f 1343 1336 1335
f 1343 1344 1336
f 1344 1329 1336
f 1344 1337 1329
f 1345 1347 1348
f 1346 1380 1379
f 1345 1348 1349
f 1346 1381 1380
f 1345 1349 1350
f 1346 1382 1381
f 1345 1350 1351
f 1346 1383 1382
f 1345 1351 1352
f 1346 1384 1383
f 1345 1352 1353
f 1346 1385 1384
f 1345 1353 1354
f 1346 1386 1385
f 1345 1354 1347
f 1346 1379 1386
f 1355 1348 1347
f 1355 1356 1348
f 1356 1349 1348
f 1356 1357 1349
f 1357 1350 1349
f 1357 1358 1350
f 1358 1351 1350
f 1358 1359 1351
f 1359 1352 1351
f 1359 1360 1352
f 1360 1353 1352
f 1360 1361 1353
f 1361 1354 1353
f 1361 1362 1354
f 1362 1347 1354
f 1362 1355 1347
f 1363 1356 1355
f 1363 1364 1356
f 1364 1357 1356
f 1364 1365 1357
f 1365 1358 1357
f 1365 1366 1358
f 1366 1359 1358
f 1366 1367 1359
f 1367 1360 1359
f 1367 1368 1360
f 1368 1361 1360
f 1368 1369 1361
f 1369 1362 1361
f 1369 1370 1362
f 1370 1355 1362
f 1370 1363 1355
f 1371 1364 1363
f 1371 1372 1364
f 1372 1365 1364
f 1372 1373 1365
f 1373 1366 1365
f 1373 1374 1366
f 1374 1367 1366
f 1374 1375 1367
f 1375 1368 1367
f 1375 1376 1368
f 1376 1369 1368
f 1376 1377 1369
f 1377 1370 1369
f 1377 1378 1370
f 1378 1363 1370
f 1378 1371 1363
f 1379 1372 1371
f 1379 1380 1372
f 1380 1373 1372
f 1380 1381 1373
f 1381 1374 1373
f 1381 1382 1374
f 1382 1375 1374
f 1382 1383 1375
f 1383 1376 1375
f 1383 1384 1376
f 1384 1377 1376
f 1384 1385 1377
f 1385 1378 1377
f 1385 1386 1378
f 1386 1371 1378
f 1386 1379 1371
f 1387 1389 1390
f 1388 1422 1421
f 1387 1390 1391
f 1388 1423 1422
f 1387 1391 1392
f 1388 1424 1423
f 1387 1392 1393
f 1388 1425 1424
f 1387 1393 1394
f 1388 1426 1425
f 1387 1394 1395
f 1388 1427 1426
f 1387 1395 1396
f 1388 1428 1427
f 1387 1396 1389
f 1388 1421 1428
f 1397 1390 1389
f 1397 1398 1390
f 1398 1391 1390
f 1398 1399 1391
f 1399 1392 1391
f 1399 1400 1392
f 1400 1393 1392
f 1400 1401 1393
f 1401 1394 1393
f 1401 1402 1394
f 1402 1395 1394
f 1402 1403 1395
f 1403 1396 1395
f 1403 1404 1396
f 1404 1389 1396
f 1404 1397 1389
f 1405 1398 1397
f 1405 1406 1398
f 1406 1399 1398
f 1406 1407 1399
f 1407 1400 1399
f 1407 1408 1400
f 1408 1401 1400
f 1408 1409 1401
f 1409 1402 1401
f 1409 1410 1402
f 1410 1403 1402
f 1410 1411 1403
f 1411 1404 1403
f 1411 1412 1404
f 1412 1397 1404
f 1412 1405 1397
f 1413 1406 1405
f 1413 1414 1406
f 1414 1407 1406
f 1414 1415 1407
f 1415 1408 1407
f 1415 1416 1408
f 1416 1409 1408
f 1416 1417 1409
f 1417 1410 1409
f 1417 1418 1410
f 1418 1411 1410
f 1418 1419 1411
f 1419 1412 1411
f 1419 1420 1412
f 1420 1405 1412
f 1420 1413 1405
f 1421 1414 1413
f 1421 1422 1414
f 1422 1415 1414
f 1422 1423 1415
f 1423 1416 1415
f 1423 1424 1416
f 1424 1417 1416
f 1424 1425 1417
f 1425 1418 1417
f 1425 1426 1418
f 1426 1419 1418
f 1426 1427 1419
f 1427 1420 1419
f 1427 1428 1420
f 1428 1413 1420
f 1428 1421 1413
f 1429 1431 1432
f 1430 1464 1463
f 1429 1432 1433
f 1430 1465 1464
f 1429 1433 1434
f 1430 1466 1465
f 1429 1434 1435
f 1430 1467 1466
f 1429 1435 1436
f 1430 1468 1467
f 1429 1436 1437
f 1430 1469 1468
f 1429 1437 1438
f 1430 1470 1469
f 1429 1438 1431
f 1430 1463 1470
f 1439 1432 1431
f 1439 1440 1432
f 1440 1433 1432
f 1440 1441 1433
f 1441 1434 1433
f 1441 1442 1434
f 1442 1435 1434
f 1442 1443 1435
f 1443 1436 1435
f 1443 1444 1436
f 1444 1437 1436
f 1444 1445 1437
f 1445 1438 1437
f 1445 1446 1438
f 1446 1431 1438
f 1446 1439 1431
f 1447 1440 1439
f 1447 1448 1440
f 1448 1441 1440
f 1448 1449 1441
f 1449 1442 1441
f 1449 1450 1442
f 1450 1443 1442
f 1450 1451 1443
f 1451 1444 1443
f 1451 1452 1444
f 1452 1445 1444
f 1452 1453 1445
f 1453 1446 1445
f 1453 1454 1446
f 1454 1439 1446
f 1454 1447 1439
f 1455 1448 1447
f 1455 1456 1448
f 1456 1449 1448
f 1456 1457 1449
f 1457 1450 1449
f 1457 1458 1450
f 1458 1451 1450
f 1458 1459 1451
f 1459 1452 1451
f 1459 1460 1452
f 1460 1453 1452
f 1460 1461 1453
f 1461 1454 1453
f 1461 1462 1454
f 1462 1447 1454
f 1462 1455 1447
f 1463 1456 1455
f 1463 1464 1456
f 1464 1457 1456
f 1464 1465 1457
f 1465 1458 1457
f 1465 1466 1458
f 1466 1459 1458
f 1466 1467 1459
f 1467 1460 1459
f 1467 1468 1460
f 1468 1461 1460
f 1468 1469 1461
f 1469 1462 1461
f 1469 1470 1462
f 1470 1455 1462
f 1470 1463 1455
f 1471 1473 1474
f 1472 1506 1505
f 1471 1474 1475
f 1472 1507 1506
f 1471 1475 1476
f 1472 1508 1507
f 1471 1476 1477
f 1472 1509 1508
f 1471 1477 1478
f 1472 1510 1509
f 1471 1478 1479
f 1472 1511 1510
f 1471 1479 1480
f 1472 1512 1511
f 1471 1480 1473
f 1472 1505 1512
f 1481 1474 1473
f 1481 1482 1474
f 1482 1475 1474
f 1482 1483 1475
f 1483 1476 1475
f 1483 1484 1476
f 1484 1477 1476
f 1484 1485 1477
f 1485 1478 1477
f 1485 1486 1478
f 1486 1479 1478
f 1486 1487 1479
f 1487 1480 1479
f 1487 1488 1480
f 1488 1473 1480
f 1488 1481 1473
f 1489 1482 1481
f 1489 1490 1482
f 1490 1483 1482
f 1490 1491 1483
f 1491 1484 1483
f 1491 1492 1484
f 1492 1485 1484
f 1492 1493 1485
f 1493 1486 1485
f 1493 1494 1486
f 1494 1487 1486
f 1494 1495 1487
f 1495 1488 1487
f 1495 1496 1488
f 1496 1481 1488
f 1496 1489 1481
f 1497 1490 1489
f 1497 1498 1490
f 1498 1491 1490
f 1498 1499 1491
f 1499 1492 1491
f 1499 1500 1492
f 1500 1493 1492
f 1500 1501 1493
f 1501 1494 1493
f 1501 1502 1494
f 1502 1495 1494
f 1502 1503 1495
f 1503 1496 1495
f 1503 1504 1496
f 1504 1489 1496
f 1504 1497 1489
f 1505 1498 1497
f 1505 1506 1498
f 1506 1499 1498
f 1506 1507 1499
f 1507 1500 1499
f 1507 1508 1500
f 1508 1501 1500
f 1508 1509 1501
f 1509 1502 1501
f 1509 1510 1502
f 1510 1503 1502
f 1510 1511 1503
f 1511 1504 1503
f 1511 1512 1504
f 1512 1497 1504
f 1512 1505 1497
f 1513 1515 1516
f 1514 1548 1547
f 1513 1516 1517
f 1514 1549 1548
f 1513 1517 1518
f 1514 1550 1549
f 1513 1518 1519
f 1514 1551 1550
f 1513 1519 1520
f 1514 1552 1551
f 1513 1520 1521
f 1514 1553 1552
f 1513 1521 1522
f 1514 1554 1553
f 1513 1522 1515
f 1514 1547 1554
f 1523 1516 1515
f 1523 1524 1516
f 1524 1517 1516
f 1524 1525 1517
f 1525 1518 1517
f 1525 1526 1518
f 1526 1519 1518
f 1526 1527 1519
f 1527 1520 1519
f 1527 1528 1520
f 1528 1521 1520
f 1528 1529 1521
f 1529 1522 1521
f 1529 1530 1522
f 1530 1515 1522
f 1530 1523 1515
f 1531 1524 1523
f 1531 1532 1524
f 1532 1525 1524
f 1532 1533 1525
f 1533 1526 1525
f 1533 1534 1526
f 1534 1527 1526
f 1534 1535 1527
f 1535 1528 1527
f 1535 1536 1528
f 1536 1529 1528
f 1536 1537 1529
f 1537 1530 1529
f 1537 1538 1530
f 1538 1523 1530
f 1538 1531 1523
f 1539 1532 1531
f 1539 1540 1532
f 1540 1533 1532
f 1540 1541 1533
f 1541 1534 1533
f 1541 1542 1534
f 1542 1535 1534
f 1542 1543 1535
f 1543 1536 1535
f 1543 1544 1536
f 1544 1537 1536
f 1544 1545 1537
f 1545 1538 1537
f 1545 1546 1538
f 1546 1531 1538
f 1546 1539 1531
f 1547 1540 1539
f 1547 1548 1540
f 1548 1541 1540
f 1548 1549 1541
f 1549 1542 1541
f 1549 1550 1542
f 1550 1543 1542
f 1550 1551 1543
f 1551 1544 1543
f 1551 1552 1544
f 1552 1545 1544
f 1552 1553 1545
f 1553 1546 1545
f 1553 1554 1546
f 1554 1539 1546
f 1554 1547 1539
f 1555 1557 1558
f 1556 1590 1589
f 1555 1558 1559
f 1556 1591 1590
f 1555 1559 1560
f 1556 1592 1591
f 1555 1560 1561
f 1556 1593 1592
f 1555 1561 1562
f 1556 1594 1593
f 1555 1562 1563
f 1556 1595 1594
f 1555 1563 1564
f 1556 1596 1595
f 1555 1564 1557
f 1556 1589 1596
f 1565 1558 1557
f 1565 1566 1558
f 1566 1559 1558
f 1566 1567 1559
f 1567 1560 1559
f 1567 1568 1560
f 1568 1561 1560
f 1568 1569 1561
f 1569 1562 1561
f 1569 1570 1562
f 1570 1563 1562
f 1570 1571 1563
f 1571 1564 1563
f 1571 1572 1564
f 1572 1557 1564
f 1572 1565 1557
f 1573 1566 1565
f 1573 1574 1566
f 1574 1567 1566
f 1574 1575 1567
f 1575 1568 1567
f 1575 1576 1568
f 1576 1569 1568
f 1576 1577 1569
f 1577 1570 1569
f 1577 1578 1570
f 1578 1571 1570
f 1578 1579 1571
f 1579 1572 1571
f 1579 1580 1572
f 1580 1565 1572
f 1580 1573 1565
f 1581 1574 1573
f 1581 1582 1574
f 1582 1575 1574
f 1582 1583 1575
f 1583 1576 1575
f 1583 1584 1576
f 1584 1577 1576
f 1584 1585 1577
f 1585 1578 1577
f 1585 1586 1578
f 1586 1579 1578
f 1586 1587 1579
f 1587 1580 1579
f 1587 1588 1580
f 1588 1573 1580
f 1588 1581 1573
f 1589 1582 1581
f 1589 1590 1582
f 1590 1583 1582
f 1590 1591 1583
f 1591 1584 1583
f 1591 1592 1584
f 1592 1585 1584
f 1592 1593 1585
f 1593 1586 1585
f 1593 1594 1586
f 1594 1587 1586
f 1594 1595 1587
f 1595 1588 1587
f 1595 1596 1588
f 1596 1581 1588
f 1596 1589 1581
f 1597 1599 1600
f 1598 1632 1631
f 1597 1600 1601
f 1598 1633 1632
f 1597 1601 1602
f 1598 1634 1633
f 1597 1602 1603
f 1598 1635 1634
f 1597 1603 1604
f 1598 1636 1635
f 1597 1604 1605
f 1598 1637 1636
f 1597 1605 1606
f 1598 1638 1637
f 1597 1606 1599
f 1598 1631 1638
f 1607 1600 1599
f 1607 1608 1600
f 1608 1601 1600
f 1608 1609 1601
f 1609 1602 1601
f 1609 1610 1602
f 1610 1603 1602
f 1610 1611 1603
f 1611 1604 1603
f 1611 1612 1604
f 1612 1605 1604
f 1612 1613 1605
f 1613 1606 1605
f 1613 1614 1606
f 1614 1599 1606
f 1614 1607 1599
f 1615 1608 1607
f 1615 1616 1608
f 1616 1609 1608
f 1616 1617 1609
f 1617 1610 1609
f 1617 1618 1610
f 1618 1611 1610
f 1618 1619 1611
f 1619 1612 1611
f 1619 1620 1612
f 1620 1613 1612
f 1620 1621 1613
f 1621 1614 1613
f 1621 1622 1614
f 1622 1607 1614
f 1622 1615 1607
f 1623 1616 1615
f 1623 1624 1616
f 1624 1617 1616
f 1624 1625 1617
f 1625 1618 1617
f 1625 1626 1618
f 1626 1619 1618
f 1626 1627 1619
f 1627 1620 1619
f 1627 1628 1620
f 1628 1621 1620
f 1628 1629 1621
f 1629 1622 1621
f 1629 1630 1622
f 1630 1615 1622
f 1630 1623 1615
f 1631 1624 1623
f 1631 1632 1624
f 1632 1625 1624
f 1632 1633 1625
f 1633 1626 1625
f 1633 1634 1626
f 1634 1627 1626
f 1634 1635 1627
f 1635 1628 1627
f 1635 1636 1628
f 1636 1629 1628
f 1636 1637 1629
f 1637 1630 1629
f 1637 1638 1630
f 1638 1623 1630
f 1638 1631 1623
f 1639 1641 1642
f 1640 1674 1673
f 1639 1642 1643
f 1640 1675 1674
f 1639 1643 1644
f 1640 1676 1675
f 1639 1644 1645
f 1640 1677 1676
f 1639 1645 1646
f 1640 1678 1677
f 1639 1646 1647
f 1640 1679 1678
f 1639 1647 1648
f 1640 1680 1679
f 1639 1648 1641
f 1640 1673 1680
f 1649 1642 1641
f 1649 1650 1642
f 1650 1643 1642
f 1650 1651 1643
f 1651 1644 1643
f 1651 1652 1644
f 1652 1645 1644
f 1652 1653 1645
f 1653 1646 1645
f 1653 1654 1646
f 1654 1647 1646
f 1654 1655 1647
f 1655 1648 1647
f 1655 1656 1648
f 1656 1641 1648
f 1656 1649 1641
f 1657 1650 1649
f 1657 1658 1650
f 1658 1651 1650
f 1658 1659 1651
f 1659 1652 1651
f 1659 1660 1652
f 1660 1653 1652
f 1660 1661 1653
f 1661 1654 1653
f 1661 1662 1654
f 1662 1655 1654
f 1662 1663 1655
f 1663 1656 1655
f 1663 1664 1656
f 1664 1649 1656
f 1664 1657 1649
f 1665 1658 1657
f 1665 1666 1658
f 1666 1659 1658
f 1666 1667 1659
f 1667 1660 1659
f 1667 1668 1660
f 1668 1661 1660
f 1668 1669 1661
f 1669 1662 1661
f 1669 1670 1662
f 1670 1663 1662
f 1670 1671 1663
f 1671 1664 1663
f 1671 1672 1664
f 1672 1657 1664
f 1672 1665 1657
f 1673 1666 1665
f 1673 1674 1666
f 1674 1667 1666
f 1674 1675 1667
f 1675 1668 1667
f 1675 1676 1668
f 1676 1669 1668
f 1676 1677 1669
f 1677 1670 1669
f 1677 1678 1670
f 1678 1671 1670
f 1678 1679 1671
f 1679 1672 1671
f 1679 1680 1672
f 1680 1665 1672
f 1680 1673 1665
f 1681 1683 1684
f 1682 1716 1715
f 1681 1684 1685
f 1682 1717 1716
f 1681 1685 1686
f 1682 1718 1717
f 1681 1686 1687
f 1682 1719 1718
f 1681 1687 1688
f 1682 1720 1719
f 1681 1688 1689
f 1682 1721 1720
f 1681 1689 1690
f 1682 1722 1721
f 1681 1690 1683
f 1682 1715 1722
f 1691 1684 1683
f 1691 1692 1684
f 1692 1685 1684
f 1692 1693 1685
f 1693 1686 1685
f 1693 1694 1686
f 1694 1687 1686
f 1694 1695 1687
f 1695 1688 1687
f 1695 1696 1688
f 1696 1689 1688
f 1696 1697 1689
f 1697 1690 1689
f 1697 1698 1690
f 1698 1683 1690
f 1698 1691 1683
f 1699 1692 1691
f 1699 1700 1692
f 1700 1693 1692
f 1700 1701 1693
f 1701 1694 1693
f 1701 1702 1694
f 1702 1695 1694
f 1702 1703 1695
f 1703 1696 1695
f 1703 1704 1696
f 1704 1697 1696
f 1704 1705 1697
f 1705 1698 1697
f 1705 1706 1698
f 1706 1691 1698
f 1706 1699 1691
f 1707 1700 1699
f 1707 1708 1700
f 1708 1701 1700
f 1708 1709 1701
f 1709 1702 1701
f 1709 1710 1702
f 1710 1703 1702
f 1710 1711 1703
f 1711 1704 1703
f 1711 1712 1704
f 1712 1705 1704
f 1712 1713 1705
f 1713 1706 1705
f 1713 1714 1706
f 1714 1699 1706
f 1714 1707 1699
f 1715 1708 1707
f 1715 1716 1708
f 1716 1709 1708
f 1716 1717 1709
f 1717 1710 1709
f 1717 1718 1710
f 1718 1711 1710
f 1718 1719 1711
f 1719 1712 1711
f 1719 1720 1712
f 1720 1713 1712
f 1720 1721 1713
f 1721 1714 1713
f 1721 1722 1714
f 1722 1707 1714
f 1722 1715 1707
f 1723 1725 1726
f 1724 1758 1757
f 1723 1726 1727
f 1724 1759 1758
f 1723 1727 1728
f 1724 1760 1759
f 1723 1728 1729
f 1724 1761 1760
f 1723 1729 1730
f 1724 1762 1761
f 1723 1730 1731
f 1724 1763 1762
f 1723 1731 1732
f 1724 1764 1763
f 1723 1732 1725
f 1724 1757 1764
f 1733 1726 1725
f 1733 1734 1726
f 1734 1727 1726
f 1734 1735 1727
f 1735 1728 1727
f 1735 1736 1728
f 1736 1729 1728
f 1736 1737 1729
f 1737 1730 1729
f 1737 1738 1730
f 1738 1731 1730
f 1738 1739 1731
f 1739 1732 1731
f 1739 1740 1732
f 1740 1725 1732
f 1740 1733 1725
f 1741 1734 1733
f 1741 1742 1734
f 1742 1735 1734
f 1742 1743 1735
f 1743 1736 1735
f 1743 1744 1736
f 1744 1737 1736
f 1744 1745 1737
f 1745 1738 1737
f 1745 1746 1738
f 1746 1739 1738
f 1746 1747 1739
f 1747 1740 1739
f 1747 1748 1740
f 1748 1733 1740
f 1748 1741 1733
f 1749 1742 1741
f 1749 1750 1742
f 1750 1743 1742
f 1750 1751 1743
f 1751 1744 1743
f 1751 1752 1744
f 1752 1745 1744
f 1752 1753 1745
f 1753 1746 1745
f 1753 1754 1746
f 1754 1747 1746
f 1754 1755 1747
f 1755 1748 1747
f 1755 1756 1748
f 1756 1741 1748
f 1756 1749 1741
f 1757 1750 1749
f 1757 1758 1750
f 1758 1751 1750
f 1758 1759 1751
f 1759 1752 1751
f 1759 1760 1752
f 1760 1753 1752
f 1760 1761 1753
f 1761 1754 1753
f 1761 1762 1754
f 1762 1755 1754
f 1762 1763 1755
f 1763 1756 1755
f 1763 1764 1756
f 1764 1749 1756
f 1764 1757 1749
f 1765 1767 1768
f 1766 1800 1799
f 1765 1768 1769
f 1766 1801 1800
f 1765 1769 1770
f 1766 1802 1801
f 1765 1770 1771
f 1766 1803 1802
f 1765 1771 1772
f 1766 1804 1803
f 1765 1772 1773
f 1766 1805 1804
f 1765 1773 1774
f 1766 1806 1805
f 1765 1774 1767
f 1766 1799 1806
f 1775 1768 1767
f 1775 1776 1768
f 1776 1769 1768
f 1776 1777 1769
f 1777 1770 1769
f 1777 1778 1770
f 1778 1771 1770
f 1778 1779 1771
f 1779 1772 1771
f 1779 1780 1772
f 1780 1773 1772
f 1780 1781 1773
f 1781 1774 1773
f 1781 1782 1774
f 1782 1767 1774
f 1782 1775 1767
f 1783 1776 1775
f 1783 1784 1776
f 1784 1777 1776
f 1784 1785 1777
f 1785 1778 1777
f 1785 1786 1778
f 1786 1779 1778
f 1786 1787 1779
f 1787 1780 1779
f 1787 1788 1780
f 1788 1781 1780
f 1788 1789 1781
f 1789 1782 1781
f 1789 1790 1782
f 1790 1775 1782
f 1790 1783 1775
f 1791 1784 1783
f 1791 1792 1784
f 1792 1785 1784
f 1792 1793 1785
f 1793 1786 1785
f 1793 1794 1786
f 1794 1787 1786
f 1794 1795 1787
f 1795 1788 1787
f 1795 1796 1788
f 1796 1789 1788
f 1796 1797 1789
f 1797 1790 1789
f 1797 1798 1790
f 1798 1783 1790
f 1798 1791 1783
f 1799 1792 1791
f 1799 1800 1792
f 1800 1793 1792
f 1800 1801 1793
f 1801 1794 1793
f 1801 1802 1794
f 1802 1795 1794
f 1802 1803 1795
f 1803 1796 1795
f 1803 1804 1796
f 1804 1797 1796
f 1804 1805 1797
f 1805 1798 1797
f 1805 1806 1798
f 1806 1791 1798
f 1806 1799 1791
f 1807 1809 1810
f 1808 1842 1841
f 1807 1810 1811
f 1808 1843 1842
f 1807 1811 1812
f 1808 1844 1843
f 1807 1812 1813
f 1808 1845 1844
f 1807 1813 1814
f 1808 1846 1845
f 1807 1814 1815
f 1808 1847 1846
f 1807 1815 1816
f 1808 1848 1847
f 1807 1816 1809
f 1808 1841 1848
f 1817 1810 1809
f 1817 1818 1810
f 1818 1811 1810
f 1818 1819 1811
f 1819 1812 1811
f 1819 1820 1812
f 1820 1813 1812
f 1820 1821 1813
f 1821 1814 1813
f 1821 1822 1814
f 1822 1815 1814
f 1822 1823 1815
f 1823 1816 1815
f 1823 1824 1816
f 1824 1809 1816
f 1824 1817 1809
f 1825 1818 1817
f 1825 1826 1818
f 1826 1819 1818
f 1826 1827 1819
f 1827 1820 1819
f 1827 1828 1820
f 1828 1821 1820
f 1828 1829 1821
f 1829 1822 1821
f 1829 1830 1822
f 1830 1823 1822
f 1830 1831 1823
f 1831 1824 1823
f 1831 1832 1824
f 1832 1817 1824
f 1832 1825 1817
f 1833 1826 1825
f 1833 1834 1826
f 1834 1827 1826
f 1834 1835 1827
f 1835 1828 1827
f 1835 1836 1828
f 1836 1829 1828
f 1836 1837 1829
f 1837 1830 1829
f 1837 1838 1830
f 1838 1831 1830
f 1838 1839 1831
f 1839 1832 1831
f 1839 1840 1832
f 1840 1825 1832
f 1840 1833 1825
f 1841 1834 1833
f 1841 1842 1834
f 1842 1835 1834
f 1842 1843 1835
f 1843 1836 1835
f 1843 1844 1836
f 1844 1837 1836
f 1844 1845 1837
f 1845 1838 1837
f 1845 1846 1838
f 1846 1839 1838
f 1846 1847 1839
f 1847 1840 1839
f 1847 1848 1840
f 1848 1833 1840
f 1848 1841 1833
f 1849 1851 1852
f 1850 1884 1883
f 1849 1852 1853
f 1850 1885 1884
f 1849 1853 1854
f 1850 1886 1885
f 1849 1854 1855
f 1850 1887 1886
f 1849 1855 1856
f 1850 1888 1887
f 1849 1856 1857
f 1850 1889 1888
f 1849 1857 1858
f 1850 1890 1889
f 1849 1858 1851
f 1850 1883 1890
f 1859 1852 1851
f 1859 1860 1852
f 1860 1853 1852
f 1860 1861 1853
f 1861 1854 1853
f 1861 1862 1854
f 1862 1855 1854
f 1862 1863 1855
f 1863 1856 1855
f 1863 1864 1856
f 1864 1857 1856
f 1864 1865 1857
f 1865 1858 1857
f 1865 1866 1858
f 1866 1851 1858
f 1866 1859 1851
f 1867 1860 1859
f 1867 1868 1860
f 1868 1861 1860
f 1868 1869 1861
f 1869 1862 1861
f 1869 1870 1862
f 1870 1863 1862
f 1870 1871 1863
f 1871 1864 1863
f 1871 1872 1864
f 1872 1865 1864
f 1872 1873 1865
f 1873 1866 1865
f 1873 1874 1866
f 1874 1859 1866
f 1874 1867 1859
f 1875 1868 1867
f 1875 1876 1868
f 1876 1869 1868
f 1876 1877 1869
f 1877 1870 1869
f 1877 1878 1870
f 1878 1871 1870
f 1878 1879 1871
f 1879 1872 1871
f 1879 1880 1872
f 1880 1873 1872
f 1880 1881 1873
f 1881 1874 1873
f 1881 1882 1874
f 1882 1867 1874
f 1882 1875 1867
f 1883 1876 1875
f 1883 1884 1876
f 1884 1877 1876
f 1884 1885 1877
f 1885 1878 1877
f 1885 1886 1878
f 1886 1879 1878
f 1886 1887 1879
f 1887 1880 1879
f 1887 1888 1880
f 1888 1881 1880
f 1888 1889 1881
f 1889 1882 1881
f 1889 1890 1882
f 1890 1875 1882
f 1890 1883 1875
f 1891 1893 1894
f 1892 1926 1925
f 1891 1894 1895
f 1892 1927 1926
f 1891 1895 1896
f 1892 1928 1927
f 1891 1896 1897
f 1892 1929 1928
f 1891 1897 1898
f 1892 1930 1929
f 1891 1898 1899
f 1892 1931 1930
f 1891 1899 1900
f 1892 1932 1931
f 1891 1900 1893
f 1892 1925 1932
f 1901 1894 1893
f 1901 1902 1894
f 1902 1895 1894
f 1902 1903 1895
f 1903 1896 1895
f 1903 1904 1896
f 1904 1897 1896
f 1904 1905 1897
f 1905 1898 1897
f 1905 1906 1898
f 1906 1899 1898
f 1906 1907 1899
f 1907 1900 1899
f 1907 1908 1900
f 1908 1893 1900
f 1908 1901 1893
f 1909 1902 1901
f 1909 1910 1902
f 1910 1903 1902
f 1910 1911 1903
f 1911 1904 1903
f 1911 1912 1904
f 1912 1905 1904
f 1912 1913 1905
f 1913 1906 1905
f 1913 1914 1906
f 1914 1907 1906
f 1914 1915 1907
f 1915 1908 1907
f 1915 1916 1908
f 1916 1901 1908
f 1916 1909 1901
f 1917 1910 1909
f 1917 1918 1910
f 1918 1911 1910
f 1918 1919 1911
f 1919 1912 1911
f 1919 1920 1912
f 1920 1913 1912
f 1920 1921 1913
f 1921 1914 1913
f 1921 1922 1914
f 1922 1915 1914
f 1922 1923 1915
f 1923 1916 1915
f 1923 1924 1916
f 1924 1909 1916
f 1924 1917 1909
f 1925 1918 1917
f 1925 1926 1918
f 1926 1919 1918
f 1926 1927 1919
f 1927 1920 1919
f 1927 1928 1920
f 1928 1921 1920
f 1928 1929 1921
f 1929 1922 1921
f 1929 1930 1922
f 1930 1923 1922
f 1930 1931 1923
f 1931 1924 1923
f 1931 1932 1924
f 1932 1917 1924
f 1932 1925 1917
f 1933 1935 1936
f 1934 1968 1967
f 1933 1936 1937
f 1934 1969 1968
f 1933 1937 1938
f 1934 1970 1969
f 1933 1938 1939
f 1934 1971 1970
f 1933 1939 1940
f 1934 1972 1971
f 1933 1940 1941
f 1934 1973 1972
f 1933 1941 1942
f 1934 1974 1973
f 1933 1942 1935
f 1934 1967 1974
f 1943 1936 1935
f 1943 1944 1936
f 1944 1937 1936
f 1944 1945 1937
f 1945 1938 1937
f 1945 1946 1938
f 1946 1939 1938
f 1946 1947 1939
f 1947 1940 1939
f 1947 1948 1940
f 1948 1941 1940
f 1948 1949 1941
f 1949 1942 1941
f 1949 1950 1942
f 1950 1935 1942
f 1950 1943 1935
f 1951 1944 1943
f 1951 1952 1944
f 1952 1945 1944
f 1952 1953 1945
f 1953 1946 1945
f 1953 1954 1946
f 1954 1947 1946
f 1954 1955 1947
f 1955 1948 1947
f 1955 1956 1948
f 1956 1949 1948
f 1956 1957 1949
f 1957 1950 1949
f 1957 1958 1950
f 1958 1943 1950
f 1958 1951 1943
f 1959 1952 1951
f 1959 1960 1952
f 1960 1953 1952
f 1960 1961 1953
f 1961 1954 1953
f 1961 1962 1954
f 1962 1955 1954
f 1962 1963 1955
f 1963 1956 1955
f 1963 1964 1956
f 1964 1957 1956
f 1964 1965 1957
f 1965 1958 1957
f 1965 1966 1958
f 1966 1951 1958
f 1966 1959 1951
f 1967 1960 1959
f 1967 1968 1960
f 1968 1961 1960
f 1968 1969 1961
f 1969 1962 1961
f 1969 1970 1962
f 1970 1963 1962
f 1970 1971 1963
f 1971 1964 1963
f 1971 1972 1964
f 1972 1965 1964
f 1972 1973 1965
f 1973 1966 1965
f 1973 1974 1966
f 1974 1959 1966
f 1974 1967 1959
f 1975 1977 1978
f 1976 2010 2009
f 1975 1978 1979
f 1976 2011 2010
f 1975 1979 1980
f 1976 2012 2011
f 1975 1980 1981
f 1976 2013 2012
f 1975 1981 1982
f 1976 2014 2013
f 1975 1982 1983
f 1976 2015 2014
f 1975 1983 1984
f 1976 2016 2015
f 1975 1984 1977
f 1976 2009 2016
f 1985 1978 1977
f 1985 1986 1978
f 1986 1979 1978
f 1986 1987 1979
f 1987 1980 1979
f 1987 1988 1980
f 1988 1981 1980
f 1988 1989 1981
f 1989 1982 1981
f 1989 1990 1982
f 1990 1983 1982
f 1990 1991 1983
f 1991 1984 1983
f 1991 1992 1984
f 1992 1977 1984
f 1992 1985 1977
f 1993 1986 1985
f 1993 1994 1986
f 1994 1987 1986
f 1994 1995 1987
f 1995 1988 1987
f 1995 1996 1988
f 1996 1989 1988
f 1996 1997 1989
f 1997 1990 1989
f 1997 1998 1990
f 1998 1991 1990
f 1998 1999 1991
f 1999 1992 1991
f 1999 2000 1992
f 2000 1985 1992
f 2000 1993 1985
f 2001 1994 1993
f 2001 2002 1994
f 2002 1995 1994
f 2002 2003 1995
f 2003 1996 1995
f 2003 2004 1996
f 2004 1997 1996
f 2004 2005 1997
f 2005 1998 1997
f 2005 2006 1998
f 2006 1999 1998
f 2006 2007 1999
f 2007 2000 1999
f 2007 2008 2000
f 2008 1993 2000
f 2008 2001 1993
f 2009 2002 2001
f 2009 2010 2002
f 2010 2003 2002
f 2010 2011 2003
f 2011 2004 2003
f 2011 2012 2004
f 2012 2005 2004
f 2012 2013 2005
f 2013 2006 2005
f 2013 2014 2006
f 2014 2007 2006
f 2014 2015 2007
f 2015 2008 2007
f 2015 2016 2008
f 2016 2001 2008
f 2016 2009 2001
f 2017 2019 2020
f 2018 2052 2051
f 2017 2020 2021
f 2018 2053 2052
f 2017 2021 2022
f 2018 2054 2053
f 2017 2022 2023
f 2018 2055 2054
f 2017 2023 2024
f 2018 2056 2055
f 2017 2024 2025
f 2018 2057 2056
f 2017 2025 2026
f 2018 2058 2057
f 2017 2026 2019
f 2018 2051 2058
f 2027 2020 2019
f 2027 2028 2020
f 2028 2021 2020
f 2028 2029 2021
f 2029 2022 2021
f 2029 2030 2022
f 2030 2023 2022
f 2030 2031 2023
f 2031 2024 2023
f 2031 2032 2024
f 2032 2025 2024
f 2032 2033 2025
f 2033 2026 2025
f 2033 2034 2026
f 2034 2019 2026
f 2034 2027 2019
f 2035 2028 2027
f 2035 2036 2028
f 2036 2029 2028
f 2036 2037 2029
f 2037 2030 2029
f 2037 2038 2030
f 2038 2031 2030
f 2038 2039 2031
f 2039 2032 2031
f 2039 2040 2032
f 2040 2033 2032
f 2040 2041 2033
f 2041 2034 2033
f 2041 2042 2034
f 2042 2027 2034
f 2042 2035 2027
f 2043 2036 2035
f 2043 2044 2036
f 2044 2037 2036
f 2044 2045 2037
f 2045 2038 2037
f 2045 2046 2038
f 2046 2039 2038
f 2046 2047 2039
f 2047 2040 2039
f 2047 2048 2040
f 2048 2041 2040
f 2048 2049 2041
f 2049 2042 2041
f 2049 2050 2042
f 2050 2035 2042
f 2050 2043 2035
f 2051 2044 2043
f 2051 2052 2044
f 2052 2045 2044
f 2052 2053 2045
f 2053 2046 2045
f 2053 2054 2046
f 2054 2047 2046
f 2054 2055 2047
f 2055 2048 2047
f 2055 2056 2048
f 2056 2049 2048
f 2056 2057 2049
f 2057 2050 2049
f 2057 2058 2050
f 2058 2043 2050
f 2058 2051 2043
f 2059 2061 2062
f 2060 2094 2093
f 2059 2062 2063
f 2060 2095 2094
f 2059 2063 2064
f 2060 2096 2095
f 2059 2064 2065
f 2060 2097 2096
f 2059 2065 2066
f 2060 2098 2097
f 2059 2066 2067
f 2060 2099 2098
f 2059 2067 2068
f 2060 2100 2099
f 2059 2068 2061
f 2060 2093 2100
f 2069 2062 2061
f 2069 2070 2062
f 2070 2063 2062
f 2070 2071 2063
f 2071 2064 2063
f 2071 2072 2064
f 2072 2065 2064
f 2072 2073 2065
f 2073 2066 2065
f 2073 2074 2066
f 2074 2067 2066
f 2074 2075 2067
f 2075 2068 2067
f 2075 2076 2068
f 2076 2061 2068
f 2076 2069 2061
f 2077 2070 2069
f 2077 2078 2070
f 2078 2071 2070
f 2078 2079 2071
f 2079 2072 2071
f 2079 2080 2072
f 2080 2073 2072
f 2080 2081 2073
f 2081 2074 2073
f 2081 2082 2074
f 2082 2075 2074
f 2082 2083 2075
f 2083 2076 2075
f 2083 2084 2076
f 2084 2069 2076
f 2084 2077 2069
f 2085 2078 2077
f 2085 2086 2078
f 2086 2079 2078
f 2086 2087 2079
f 2087 2080 2079
f 2087 2088 2080
f 2088 2081 2080
f 2088 2089 2081
f 2089 2082 2081
f 2089 2090 2082
f 2090 2083 2082
f 2090 2091 2083
f 2091 2084 2083
f 2091 2092 2084
f 2092 2077 2084
f 2092 2085 2077
f 2093 2086 2085
f 2093 2094 2086
f 2094 2087 2086
f 2094 2095 2087
f 2095 2088 2087
f 2095 2096 2088
f 2096 2089 2088
f 2096 2097 2089
f 2097 2090 2089
f 2097 2098 2090
f 2098 2091 2090
f 2098 2099 2091
f 2099 2092 2091
f 2099 2100 2092
f 2100 2085 2092
f 2100 2093 2085
f 2101 2103 2104
f 2102 2136 2135
f 2101 2104 2105
f 2102 2137 2136
f 2101 2105 2106
f 2102 2138 2137
f 2101 2106 2107
f 2102 2139 2138
f 2101 2107 2108
f 2102 2140 2139
f 2101 2108 2109
f 2102 2141 2140
f 2101 2109 2110
f 2102 2142 2141
f 2101 2110 2103
f 2102 2135 2142
f 2111 2104 2103
f 2111 2112 2104
f 2112 2105 2104
f 2112 2113 2105
f 2113 2106 2105
f 2113 2114 2106
f 2114 2107 2106
f 2114 2115 2107
f 2115 2108 2107
f 2115 2116 2108
f 2116 2109 2108
f 2116 2117 2109
f 2117 2110 2109
f 2117 2118 2110
f 2118 2103 2110
f 2118 2111 2103
f 2119 2112 2111
f 2119 2120 2112
f 2120 2113 2112
f 2120 2121 2113
f 2121 2114 2113
f 2121 2122 2114
f 2122 2115 2114
f 2122 2123 2115
f 2123 2116 2115
f 2123 2124 2116
f 2124 2117 2116
f 2124 2125 2117
f 2125 2118 2117
f 2125 2126 2118
f 2126 2111 2118
f 2126 2119 2111
f 2127 2120 2119
f 2127 2128 2120
f 2128 2121 2120
f 2128 2129 2121
f 2129 2122 2121
f 2129 2130 2122
f 2130 2123 2122
f 2130 2131 2123
f 2131 2124 2123
f 2131 2132 2124
f 2132 2125 2124
f 2132 2133 2125
f 2133 2126 2125
f 2133 2134 2126
f 2134 2119 2126
f 2134 2127 2119
f 2135 2128 2127
f 2135 2136 2128
f 2136 2129 2128
f 2136 2137 2129
f 2137 2130 2129
f 2137 2138 2130
f 2138 2131 2130
f 2138 2139 2131
f 2139 2132 2131
f 2139 2140 2132
f 2140 2133 2132
f 2140 2141 2133
f 2141 2134 2133
f 2141 2142 2134
f 2142 2127 2134
f 2142 2135 2127
f 2143 2145 2146
f 2144 2178 2177
f 2143 2146 2147
f 2144 2179 2178
f 2143 2147 2148
f 2144 2180 2179
f 2143 2148 2149
f 2144 2181 2180
f 2143 2149 2150
f 2144 2182 2181
f 2143 2150 2151
f 2144 2183 2182
f 2143 2151 2152
f 2144 2184 2183
f 2143 2152 2145
f 2144 2177 2184
f 2153 2146 2145
f 2153 2154 2146
f 2154 2147 2146
f 2154 2155 2147
f 2155 2148 2147
f 2155 2156 2148
f 2156 2149 2148
f 2156 2157 2149
f 2157 2150 2149
f 2157 2158 2150
f 2158 2151 2150
f 2158 2159 2151
f 2159 2152 2151
f 2159 2160 2152
f 2160 2145 2152
f 2160 2153 2145
f 2161 2154 2153
f 2161 2162 2154
f 2162 2155 2154
f 2162 2163 2155
f 2163 2156 2155
f 2163 2164 2156
f 2164 2157 2156
f 2164 2165 2157
f 2165 2158 2157
f 2165 2166 2158
f 2166 2159 2158
f 2166 2167 2159
f 2167 2160 2159
f 2167 2168 2160
f 2168 2153 2160
f 2168 2161 2153
f 2169 2162 2161
f 2169 2170 2162
f 2170 2163 2162
f 2170 2171 2163
f 2171 2164 2163
f 2171 2172 2164
f 2172 2165 2164
f 2172 2173 2165
f 2173 2166 2165
f 2173 2174 2166
f 2174 2167 2166
f 2174 2175 2167
f 2175 2168 2167
f 2175 2176 2168
f 2176 2161 2168
f 2176 2169 2161
f 2177 2170 2169
f 2177 2178 2170
f 2178 2171 2170
f 2178 2179 2171
f 2179 2172 2171
f 2179 2180 2172
f 2180 2173 2172
f 2180 2181 2173
f 2181 2174 2173
f 2181 2182 2174
f 2182 2175 2174
f 2182 2183 2175
f 2183 2176 2175
f 2183 2184 2176
f 2184 2169 2176
f 2184 2177 2169
f 2185 2187 2188
f 2186 2220 2219
f 2185 2188 2189
f 2186 2221 2220
f 2185 2189 2190
f 2186 2222 2221
f 2185 2190 2191
f 2186 2223 2222
f 2185 2191 2192
f 2186 2224 2223
f 2185 2192 2193
f 2186 2225 2224
f 2185 2193 2194
f 2186 2226 2225
f 2185 2194 2187
f 2186 2219 2226
f 2195 2188 2187
f 2195 2196 2188
f 2196 2189 2188
f 2196 2197 2189
f 2197 2190 2189
f 2197 2198 2190
f 2198 2191 2190
f 2198 2199 2191
f 2199 2192 2191
f 2199 2200 2192
f 2200 2193 2192
f 2200 2201 2193
f 2201 2194 2193
f 2201 2202 2194
f 2202 2187 2194
f 2202 2195 2187
f 2203 2196 2195
f 2203 2204 2196
f 2204 2197 2196
f 2204 2205 2197
f 2205 2198 2197
f 2205 2206 2198
f 2206 2199 2198
f 2206 2207 2199
f 2207 2200 2199
f 2207 2208 2200
f 2208 2201 2200
f 2208 2209 2201
f 2209 2202 2201
f 2209 2210 2202
f 2210 2195 2202
f 2210 2203 2195
f 2211 2204 2203
f 2211 2212 2204
f 2212 2205 2204
f 2212 2213 2205
f 2213 2206 2205
f 2213 2214 2206
f 2214 2207 2206
f 2214 2215 2207
f 2215 2208 2207
f 2215 2216 2208
f 2216 2209 2208
f 2216 2217 2209
f 2217 2210 2209
f 2217 2218 2210
f 2218 2203 2210
f 2218 2211 2203
f 2219 2212 2211
f 2219 2220 2212
f 2220 2213 2212
f 2220 2221 2213
f 2221 2214 2213
f 2221 2222 2214
f 2222 2215 2214
f 2222 2223 2215
f 2223 2216 2215
f 2223 2224 2216
f 2224 2217 2216
f 2224 2225 2217
f 2225 2218 2217
f 2225 2226 2218
f 2226 2211 2218
f 2226 2219 2211
f 2227 2229 2230
f 2228 2262 2261
f 2227 2230 2231
f 2228 2263 2262
f 2227 2231 2232
f 2228 2264 2263
f 2227 2232 2233
f 2228 2265 2264
f 2227 2233 2234
f 2228 2266 2265
f 2227 2234 2235
f 2228 2267 2266
f 2227 2235 2236
f 2228 2268 2267
f 2227 2236 2229
f 2228 2261 2268
f 2237 2230 2229
f 2237 2238 2230
f 2238 2231 2230
f 2238 2239 2231
f 2239 2232 2231
f 2239 2240 2232
f 2240 2233 2232
f 2240 2241 2233
f 2241 2234 2233
f 2241 2242 2234
f 2242 2235 2234
f 2242 2243 2235
f 2243 2236 2235
f 2243 2244 2236
f 2244 2229 2236
f 2244 2237 2229
f 2245 2238 2237
f 2245 2246 2238
f 2246 2239 2238
f 2246 2247 2239
f 2247 2240 2239
f 2247 2248 2240
f 2248 2241 2240
f 2248 2249 2241
f 2249 2242 2241
f 2249 2250 2242
f 2250 2243 2242
f 2250 2251 2243
f 2251 2244 2243
f 2251 2252 2244
f 2252 2237 2244
f 2252 2245 2237
f 2253 2246 2245
f 2253 2254 2246
f 2254 2247 2246
f 2254 2255 2247
f 2255 2248 2247
f 2255 2256 2248
f 2256 2249 2248
f 2256 2257 2249
f 2257 2250 2249
f 2257 2258 2250
f 2258 2251 2250
f 2258 2259 2251
f 2259 2252 2251
f 2259 2260 2252
f 2260 2245 2252
f 2260 2253 2245
f 2261 2254 2253
f 2261 2262 2254
f 2262 2255 2254
f 2262 2263 2255
f 2263 2256 2255
f 2263 2264 2256
f 2264 2257 2256
f 2264 2265 2257
f 2265 2258 2257
f 2265 2266 2258
f 2266 2259 2258
f 2266 2267 2259
f 2267 2260 2259
f 2267 2268 2260
f 2268 2253 2260
f 2268 2261 2253
f 2269 2271 2272
f 2270 2304 2303
f 2269 2272 2273
f 2270 2305 2304
f 2269 2273 2274
f 2270 2306 2305
f 2269 2274 2275
f 2270 2307 2306
f 2269 2275 2276
f 2270 2308 2307
f 2269 2276 2277
f 2270 2309 2308
f 2269 2277 2278
f 2270 2310 2309
f 2269 2278 2271
f 2270 2303 2310
f 2279 2272 2271
f 2279 2280 2272
f 2280 2273 2272
f 2280 2281 2273
f 2281 2274 2273
f 2281 2282 2274
f 2282 2275 2274
f 2282 2283 2275
f 2283 2276 2275
f 2283 2284 2276
f 2284 2277 2276
f 2284 2285 2277
f 2285 2278 2277
f 2285 2286 2278
f 2286 2271 2278
f 2286 2279 2271
f 2287 2280 2279
f 2287 2288 2280
f 2288 2281 2280
f 2288 2289 2281
f 2289 2282 2281
f 2289 2290 2282
f 2290 2283 2282
f 2290 2291 2283
f 2291 2284 2283
f 2291 2292 2284
f 2292 2285 2284
f 2292 2293 2285
f 2293 2286 2285
f 2293 2294 2286
f 2294 2279 2286
f 2294 2287 2279
f 2295 2288 2287
f 2295 2296 2288
f 2296 2289 2288
f 2296 2297 2289
f 2297 2290 2289
f 2297 2298 2290
f 2298 2291 2290
f 2298 2299 2291
f 2299 2292 2291
f 2299 2300 2292
f 2300 2293 2292
f 2300 2301 2293
f 2301 2294 2293
f 2301 2302 2294
f 2302 2287 2294
f 2302 2295 2287
f 2303 2296 2295
f 2303 2304 2296
f 2304 2297 2296
f 2304 2305 2297
f 2305 2298 2297
f 2305 2306 2298
f 2306 2299 2298
f 2306 2307 2299
f 2307 2300 2299
f 2307 2308 2300
f 2308 2301 2300
f 2308 2309 2301
f 2309 2302 2301
f 2309 2310 2302
f 2310 2295 2302
f 2310 2303 2295
f 2311 2313 2314
f 2312 2346 2345
f 2311 2314 2315
f 2312 2347 2346
f 2311 2315 2316
f 2312 2348 2347
f 2311 2316 2317
f 2312 2349 2348
f 2311 2317 2318
f 2312 2350 2349
f 2311 2318 2319
f 2312 2351 2350
f 2311 2319 2320
f 2312 2352 2351
f 2311 2320 2313
f 2312 2345 2352
f 2321 2314 2313
f 2321 2322 2314
f 2322 2315 2314
f 2322 2323 2315
f 2323 2316 2315
f 2323 2324 2316
f 2324 2317 2316
f 2324 2325 2317
f 2325 2318 2317
f 2325 2326 2318
f 2326 2319 2318
f 2326 2327 2319
f 2327 2320 2319
f 2327 2328 2320
f 2328 2313 2320
f 2328 2321 2313
f 2329 2322 2321
f 2329 2330 2322
f 2330 2323 2322
f 2330 2331 2323
f 2331 2324 2323
f 2331 2332 2324
f 2332 2325 2324
f 2332 2333 2325
f 2333 2326 2325
f 2333 2334 2326
f 2334 2327 2326
f 2334 2335 2327
f 2335 2328 2327
f 2335 2336 2328
f 2336 2321 2328
f 2336 2329 2321
f 2337 2330 2329
f 2337 2338 2330
f 2338 2331 2330
f 2338 2339 2331
f 2339 2332 2331
f 2339 2340 2332
f 2340 2333 2332
f 2340 2341 2333
f 2341 2334 2333
f 2341 2342 2334
f 2342 2335 2334
f 2342 2343 2335
f 2343 2336 2335
f 2343 2344 2336
f 2344 2329 2336
f 2344 2337 2329
f 2345 2338 2337
f 2345 2346 2338
f 2346 2339 2338
f 2346 2347 2339
f 2347 2340 2339
f 2347 2348 2340
f 2348 2341 2340
f 2348 2349 2341
f 2349 2342 2341
f 2349 2350 2342
f 2350 2343 2342
f 2350 2351 2343
f 2351 2344 2343
f 2351 2352 2344
f 2352 2337 2344
f 2352 2345 2337
f 2353 2355 2356
f 2354 2388 2387
f 2353 2356 2357
f 2354 2389 2388
f 2353 2357 2358
f 2354 2390 2389
f 2353 2358 2359
f 2354 2391 2390
f 2353 2359 2360
f 2354 2392 2391
f 2353 2360 2361
f 2354 2393 2392
f 2353 2361 2362
f 2354 2394 2393
f 2353 2362 2355
f 2354 2387 2394
f 2363 2356 2355
f 2363 2364 2356
f 2364 2357 2356
f 2364 2365 2357
f 2365 2358 2357
f 2365 2366 2358
f 2366 2359 2358
f 2366 2367 2359
f 2367 2360 2359
f 2367 2368 2360
f 2368 2361 2360
f 2368 2369 2361
f 2369 2362 2361
f 2369 2370 2362
f 2370 2355 2362
f 2370 2363 2355
f 2371 2364 2363
f 2371 2372 2364
f 2372 2365 2364
f 2372 2373 2365
f 2373 2366 2365
f 2373 2374 2366
f 2374 2367 2366
f 2374 2375 2367
f 2375 2368 2367
f 2375 2376 2368
f 2376 2369 2368
f 2376 2377 2369
f 2377 2370 2369
f 2377 2378 2370
f 2378 2363 2370
f 2378 2371 2363
f 2379 2372 2371
f 2379 2380 2372
f 2380 2373 2372
f 2380 2381 2373
f 2381 2374 2373
f 2381 2382 2374
f 2382 2375 2374
f 2382 2383 2375
f 2383 2376 2375
f 2383 2384 2376
f 2384 2377 2376
f 2384 2385 2377
f 2385 2378 2377
f 2385 2386 2378
f 2386 2371 2378
f 2386 2379 2371
f 2387 2380 2379
f 2387 2388 2380
f 2388 2381 2380
f 2388 2389 2381
f 2389 2382 2381
f 2389 2390 2382
f 2390 2383 2382
f 2390 2391 2383
f 2391 2384 2383
f 2391 2392 2384
f 2392 2385 2384
f 2392 2393 2385
f 2393 2386 2385
f 2393 2394 2386
f 2394 2379 2386
f 2394 2387 2379
f 2395 2397 2398
f 2396 2430 2429
f 2395 2398 2399
f 2396 2431 2430
f 2395 2399 2400
f 2396 2432 2431
f 2395 2400 2401
f 2396 2433 2432
f 2395 2401 2402
f 2396 2434 2433
f 2395 2402 2403
f 2396 2435 2434
f 2395 2403 2404
f 2396 2436 2435
f 2395 2404 2397
f 2396 2429 2436
f 2405 2398 2397
f 2405 2406 2398
f 2406 2399 2398
f 2406 2407 2399
f 2407 2400 2399
f 2407 2408 2400
f 2408 2401 2400
f 2408 2409 2401
f 2409 2402 2401
f 2409 2410 2402
f 2410 2403 2402
f 2410 2411 2403
f 2411 2404 2403
f 2411 2412 2404
f 2412 2397 2404
f 2412 2405 2397
f 2413 2406 2405
f 2413 2414 2406
f 2414 2407 2406
f 2414 2415 2407
f 2415 2408 2407
f 2415 2416 2408
f 2416 2409 2408
f 2416 2417 2409
f 2417 2410 2409
f 2417 2418 2410
f 2418 2411 2410
f 2418 2419 2411
f 2419 2412 2411
f 2419 2420 2412
f 2420 2405 2412
f 2420 2413 2405
f 2421 2414 2413
f 2421 2422 2414
f 2422 2415 2414
f 2422 2423 2415
f 2423 2416 2415
f 2423 2424 2416
f 2424 2417 2416
f 2424 2425 2417
f 2425 2418 2417
f 2425 2426 2418
f 2426 2419 2418
f 2426 2427 2419
f 2427 2420 2419
f 2427 2428 2420
f 2428 2413 2420
f 2428 2421 2413
f 2429 2422 2421
f 2429 2430 2422
f 2430 2423 2422
f 2430 2431 2423
f 2431 2424 2423
f 2431 2432 2424
f 2432 2425 2424
f 2432 2433 2425
f 2433 2426 2425
f 2433 2434 2426
f 2434 2427 2426
f 2434 2435 2427
f 2435 2428 2427
f 2435 2436 2428
f 2436 2421 2428
f 2436 2429 2421
f 2437 2439 2440
f 2438 2472 2471
f 2437 2440 2441
f 2438 2473 2472
f 2437 2441 2442
f 2438 2474 2473
f 2437 2442 2443
f 2438 2475 2474
f 2437 2443 2444
f 2438 2476 2475
f 2437 2444 2445
f 2438 2477 2476
f 2437 2445 2446
f 2438 2478 2477
f 2437 2446 2439
f 2438 2471 2478
f 2447 2440 2439
f 2447 2448 2440
f 2448 2441 2440
f 2448 2449 2441
f 2449 2442 2441
f 2449 2450 2442
f 2450 2443 2442
f 2450 2451 2443
f 2451 2444 2443
f 2451 2452 2444
f 2452 2445 2444
f 2452 2453 2445
f 2453 2446 2445
f 2453 2454 2446
f 2454 2439 2446
f 2454 2447 2439
f 2455 2448 2447
f 2455 2456 2448
f 2456 2449 2448
f 2456 2457 2449
f 2457 2450 2449
f 2457 2458 2450
f 2458 2451 2450
f 2458 2459 2451
f 2459 2452 2451
f 2459 2460 2452
f 2460 2453 2452
f 2460 2461 2453
f 2461 2454 2453
f 2461 2462 2454
f 2462 2447 2454
f 2462 2455 2447
f 2463 2456 2455
f 2463 2464 2456
f 2464 2457 2456
f 2464 2465 2457
f 2465 2458 2457
f 2465 2466 2458
f 2466 2459 2458
f 2466 2467 2459
f 2467 2460 2459
f 2467 2468 2460
f 2468 2461 2460
f 2468 2469 2461
f 2469 2462 2461
f 2469 2470 2462
f 2470 2455 2462
f 2470 2463 2455
f 2471 2464 2463
f 2471 2472 2464
f 2472 2465 2464
f 2472 2473 2465
f 2473 2466 2465
f 2473 2474 2466
f 2474 2467 2466
f 2474 2475 2467
f 2475 2468 2467
f 2475 2476 2468
f 2476 2469 2468
f 2476 2477 2469
f 2477 2470 2469
f 2477 2478 2470
f 2478 2463 2470
f 2478 2471 2463
f 2479 2481 2482
f 2480 2514 2513
f 2479 2482 2483
f 2480 2515 2514
f 2479 2483 2484
f 2480 2516 2515
f 2479 2484 2485
f 2480 2517 2516
f 2479 2485 2486
f 2480 2518 2517
f 2479 2486 2487
f 2480 2519 2518
f 2479 2487 2488
f 2480 2520 2519
f 2479 2488 2481
f 2480 2513 2520
f 2489 2482 2481
f 2489 2490 2482
f 2490 2483 2482
f 2490 2491 2483
f 2491 2484 2483
f 2491 2492 2484
f 2492 2485 2484
f 2492 2493 2485
f 2493 2486 2485
f 2493 2494 2486
f 2494 2487 2486
f 2494 2495 2487
f 2495 2488 2487
f 2495 2496 2488
f 2496 2481 2488
f 2496 2489 2481
f 2497 2490 2489
f 2497 2498 2490
f 2498 2491 2490
f 2498 2499 2491
f 2499 2492 2491
f 2499 2500 2492
f 2500 2493 2492
f 2500 2501 2493
f 2501 2494 2493
f 2501 2502 2494
f 2502 2495 2494
f 2502 2503 2495
f 2503 2496 2495
f 2503 2504 2496
f 2504 2489 2496
f 2504 2497 2489
f 2505 2498 2497
f 2505 2506 2498
f 2506 2499 2498
f 2506 2507 2499
f 2507 2500 2499
f 2507 2508 2500
f 2508 2501 2500
f 2508 2509 2501
f 2509 2502 2501
f 2509 2510 2502
f 2510 2503 2502
f 2510 2511 2503
f 2511 2504 2503
f 2511 2512 2504
f 2512 2497 2504
f 2512 2505 2497
f 2513 2506 2505
f 2513 2514 2506
f 2514 2507 2506
f 2514 2515 2507
f 2515 2508 2507
f 2515 2516 2508
f 2516 2509 2508
f 2516 2517 2509
f 2517 2510 2509
f 2517 2518 2510
f 2518 2511 2510
f 2518 2519 2511
f 2519 2512 2511
f 2519 2520 2512
f 2520 2505 2512
f 2520 2513 2505
f 2521 2523 2524
f 2522 2556 2555
f 2521 2524 2525
f 2522 2557 2556
f 2521 2525 2526
f 2522 2558 2557
f 2521 2526 2527
f 2522 2559 2558
f 2521 2527 2528
f 2522 2560 2559
f 2521 2528 2529
f 2522 2561 2560
f 2521 2529 2530
f 2522 2562 2561
f 2521 2530 2523
f 2522 2555 2562
f 2531 2524 2523
f 2531 2532 2524
f 2532 2525 2524
f 2532 2533 2525
f 2533 2526 2525
f 2533 2534 2526
f 2534 2527 2526
f 2534 2535 2527
f 2535 2528 2527
f 2535 2536 2528
f 2536 2529 2528
f 2536 2537 2529
f 2537 2530 2529
f 2537 2538 2530
f 2538 2523 2530
f 2538 2531 2523
f 2539 2532 2531
f 2539 2540 2532
f 2540 2533 2532
f 2540 2541 2533
f 2541 2534 2533
f 2541 2542 2534
f 2542 2535 2534
f 2542 2543 2535
f 2543 2536 2535
f 2543 2544 2536
f 2544 2537 2536
f 2544 2545 2537
f 2545 2538 2537
f 2545 2546 2538
f 2546 2531 2538
f 2546 2539 2531
f 2547 2540 2539
f 2547 2548 2540
f 2548 2541 2540
f 2548 2549 2541
f 2549 2542 2541
f 2549 2550 2542
f 2550 2543 2542
f 2550 2551 2543
f 2551 2544 2543
f 2551 2552 2544
f 2552 2545 2544
f 2552 2553 2545
f 2553 2546 2545
f 2553 2554 2546
f 2554 2539 2546
f 2554 2547 2539
f 2555 2548 2547
f 2555 2556 2548
f 2556 2549 2548
f 2556 2557 2549
f 2557 2550 2549
f 2557 2558 2550
f 2558 2551 2550
f 2558 2559 2551
f 2559 2552 2551
f 2559 2560 2552
f 2560 2553 2552
f 2560 2561 2553
f 2561 2554 2553
f 2561 2562 2554
f 2562 2547 2554
f 2562 2555 2547
f 2563 2565 2566
f 2564 2598 2597
f 2563 2566 2567
f 2564 2599 2598
f 2563 2567 2568
f 2564 2600 2599
f 2563 2568 2569
f 2564 2601 2600
f 2563 2569 2570
f 2564 2602 2601
f 2563 2570 2571
f 2564 2603 2602
f 2563 2571 2572
f 2564 2604 2603
f 2563 2572 2565
f 2564 2597 2604
f 2573 2566 2565
f 2573 2574 2566
f 2574 2567 2566
f 2574 2575 2567
f 2575 2568 2567
f 2575 2576 2568
f 2576 2569 2568
f 2576 2577 2569
f 2577 2570 2569
f 2577 2578 2570
f 2578 2571 2570
f 2578 2579 2571
f 2579 2572 2571
f 2579 2580 2572
f 2580 2565 2572
f 2580 2573 2565
f 2581 2574 2573
f 2581 2582 2574
f 2582 2575 2574
f 2582 2583 2575
f 2583 2576 2575
f 2583 2584 2576
f 2584 2577 2576
f 2584 2585 2577
f 2585 2578 2577
f 2585 2586 2578
f 2586 2579 2578
f 2586 2587 2579
f 2587 2580 2579
f 2587 2588 2580
f 2588 2573 2580
f 2588 2581 2573
f 2589 2582 2581
f 2589 2590 2582
f 2590 2583 2582
f 2590 2591 2583
f 2591 2584 2583
f 2591 2592 2584
f 2592 2585 2584
f 2592 2593 2585
f 2593 2586 2585
f 2593 2594 2586
f 2594 2587 2586
f 2594 2595 2587
f 2595 2588 2587
f 2595 2596 2588
f 2596 2581 2588
f 2596 2589 2581
f 2597 2590 2589
f 2597 2598 2590
f 2598 2591 2590
f 2598 2599 2591
f 2599 2592 2591
f 2599 2600 2592
f 2600 2593 2592
f 2600 2601 2593
f 2601 2594 2593
f 2601 2602 2594
f 2602 2595 2594
f 2602 2603 2595
f 2603 2596 2595
f 2603 2604 2596
f 2604 2589 2596
f 2604 2597 2589
f 2605 2607 2608
f 2606 2640 2639
f 2605 2608 2609
f 2606 2641 2640
f 2605 2609 2610
f 2606 2642 2641
f 2605 2610 2611
f 2606 2643 2642
f 2605 2611 2612
f 2606 2644 2643
f 2605 2612 2613
f 2606 2645 2644
f 2605 2613 2614
f 2606 2646 2645
f 2605 2614 2607
f 2606 2639 2646
f 2615 2608 2607
f 2615 2616 2608
f 2616 2609 2608
f 2616 2617 2609
f 2617 2610 2609
f 2617 2618 2610
f 2618 2611 2610
f 2618 2619 2611
f 2619 2612 2611
f 2619 2620 2612
f 2620 2613 2612
f 2620 2621 2613
f 2621 2614 2613
f 2621 2622 2614
f 2622 2607 2614
f 2622 2615 2607
f 2623 2616 2615
f 2623 2624 2616
f 2624 2617 2616
f 2624 2625 2617
f 2625 2618 2617
f 2625 2626 2618
f 2626 2619 2618
f 2626 2627 2619
f 2627 2620 2619
f 2627 2628 2620
f 2628 2621 2620
f 2628 2629 2621
f 2629 2622 2621
f 2629 2630 2622
f 2630 2615 2622
f 2630 2623 2615
f 2631 2624 2623
f 2631 2632 2624
f 2632 2625 2624
f 2632 2633 2625
f 2633 2626 2625
f 2633 2634 2626
f 2634 2627 2626
f 2634 2635 2627
f 2635 2628 2627
f 2635 2636 2628
f 2636 2629 2628
f 2636 2637 2629
f 2637 2630 2629
f 2637 2638 2630
f 2638 2623 2630
f 2638 2631 2623
f 2639 2632 2631
f 2639 2640 2632
f 2640 2633 2632
f 2640 2641 2633
f 2641 2634 2633
f 2641 2642 2634
f 2642 2635 2634
f 2642 2643 2635
f 2643 2636 2635
f 2643 2644 2636
f 2644 2637 2636
f 2644 2645 2637
f 2645 2638 2637
f 2645 2646 2638
f 2646 2631 2638
f 2646 2639 2631
f 2647 2649 2650
f 2648 2682 2681
f 2647 2650 2651
f 2648 2683 2682
f 2647 2651 2652
f 2648 2684 2683
f 2647 2652 2653
f 2648 2685 2684
f 2647 2653 2654
f 2648 2686 2685
f 2647 2654 2655
f 2648 2687 2686
f 2647 2655 2656
f 2648 2688 2687
f 2647 2656 2649
f 2648 2681 2688
f 2657 2650 2649
f 2657 2658 2650
f 2658 2651 2650
f 2658 2659 2651
f 2659 2652 2651
f 2659 2660 2652
f 2660 2653 2652
f 2660 2661 2653
f 2661 2654 2653
f 2661 2662 2654
f 2662 2655 2654
f 2662 2663 2655
f 2663 2656 2655
f 2663 2664 2656
f 2664 2649 2656
f 2664 2657 2649
f 2665 2658 2657
f 2665 2666 2658
f 2666 2659 2658
f 2666 2667 2659
f 2667 2660 2659
f 2667 2668 2660
f 2668 2661 2660
f 2668 2669 2661
f 2669 2662 2661
f 2669 2670 2662
f 2670 2663 2662
f 2670 2671 2663
f 2671 2664 2663
f 2671 2672 2664
f 2672 2657 2664
f 2672 2665 2657
f 2673 2666 2665
f 2673 2674 2666
f 2674 2667 2666
f 2674 2675 2667
f 2675 2668 2667
f 2675 2676 2668
f 2676 2669 2668
f 2676 2677 2669
f 2677 2670 2669
f 2677 2678 2670
f 2678 2671 2670
f 2678 2679 2671
f 2679 2672 2671
f 2679 2680 2672
f 2680 2665 2672
f 2680 2673 2665
f 2681 2674 2673
f 2681 2682 2674
f 2682 2675 2674
f 2682 2683 2675
f 2683 2676 2675
f 2683 2684 2676
f 2684 2677 2676
f 2684 2685 2677
f 2685 2678 2677
f 2685 2686 2678
f 2686 2679 2678
f 2686 2687 2679
f 2687 2680 2679
f 2687 2688 2680
f 2688 2673 2680
f 2688 2681 2673
f 2689 2691 2692
f 2690 2724 2723
f 2689 2692 2693
f 2690 2725 2724
f 2689 2693 2694
f 2690 2726 2725
f 2689 2694 2695
f 2690 2727 2726
f 2689 2695 2696
f 2690 2728 2727
f 2689 2696 2697
f 2690 2729 2728
f 2689 2697 2698
f 2690 2730 2729
f 2689 2698 2691
f 2690 2723 2730
f 2699 2692 2691
f 2699 2700 2692
f 2700 2693 2692
f 2700 2701 2693
f 2701 2694 2693
f 2701 2702 2694
f 2702 2695 2694
f 2702 2703 2695
f 2703 2696 2695
f 2703 2704 2696
f 2704 2697 2696
f 2704 2705 2697
f 2705 2698 2697
f 2705 2706 2698
f 2706 2691 2698
f 2706 2699 2691
f 2707 2700 2699
f 2707 2708 2700
f 2708 2701 2700
f 2708 2709 2701
f 2709 2702 2701
f 2709 2710 2702
f 2710 2703 2702
f 2710 2711 2703
f 2711 2704 2703
f 2711 2712 2704
f 2712 2705 2704
f 2712 2713 2705
f 2713 2706 2705
f 2713 2714 2706
f 2714 2699 2706
f 2714 2707 2699
f 2715 2708 2707
f 2715 2716 2708
f 2716 2709 2708
f 2716 2717 2709
f 2717 2710 2709
f 2717 2718 2710
f 2718 2711 2710
f 2718 2719 2711
f 2719 2712 2711
f 2719 2720 2712
f 2720 2713 2712
f 2720 2721 2713
f 2721 2714 2713
f 2721 2722 2714
f 2722 2707 2714
f 2722 2715 2707
f 2723 2716 2715
f 2723 2724 2716
f 2724 2717 2716
f 2724 2725 2717
f 2725 2718 2717
f 2725 2726 2718
f 2726 2719 2718
f 2726 2727 2719
f 2727 2720 2719
f 2727 2728 2720
f 2728 2721 2720
f 2728 2729 2721
f 2729 2722 2721
f 2729 2730 2722
f 2730 2715 2722
f 2730 2723 2715
f 2731 2733 2734
f 2732 2766 2765
f 2731 2734 2735
f 2732 2767 2766
f 2731 2735 2736
f 2732 2768 2767
f 2731 2736 2737
f 2732 2769 2768
f 2731 2737 2738
f 2732 2770 2769
f 2731 2738 2739
f 2732 2771 2770
f 2731 2739 2740
f 2732 2772 2771
f 2731 2740 2733
f 2732 2765 2772
f 2741 2734 2733
f 2741 2742 2734
f 2742 2735 2734
f 2742 2743 2735
f 2743 2736 2735
f 2743 2744 2736
f 2744 2737 2736
f 2744 2745 2737
f 2745 2738 2737
f 2745 2746 2738
f 2746 2739 2738
f 2746 2747 2739
f 2747 2740 2739
f 2747 2748 2740
f 2748 2733 2740
f 2748 2741 2733
f 2749 2742 2741
f 2749 2750 2742
f 2750 2743 2742
f 2750 2751 2743
f 2751 2744 2743
f 2751 2752 2744
f 2752 2745 2744
f 2752 2753 2745
f 2753 2746 2745
f 2753 2754 2746
f 2754 2747 2746
f 2754 2755 2747
f 2755 2748 2747
f 2755 2756 2748
f 2756 2741 2748
f 2756 2749 2741
f 2757 2750 2749
f 2757 2758 2750
f 2758 2751 2750
f 2758 2759 2751
f 2759 2752 2751
f 2759 2760 2752
f 2760 2753 2752
f 2760 2761 2753
f 2761 2754 2753
f 2761 2762 2754
f 2762 2755 2754
f 2762 2763 2755
f 2763 2756 2755
f 2763 2764 2756
f 2764 2749 2756
f 2764 2757 2749
f 2765 2758 2757
f 2765 2766 2758
f 2766 2759 2758
f 2766 2767 2759
f 2767 2760 2759
f 2767 2768 2760
f 2768 2761 2760
f 2768 2769 2761
f 2769 2762 2761
f 2769 2770 2762
f 2770 2763 2762
f 2770 2771 2763
f 2771 2764 2763
f 2771 2772 2764
f 2772 2757 2764
f 2772 2765 2757
f 2773 2775 2776
f 2774 2808 2807
f 2773 2776 2777
f 2774 2809 2808
f 2773 2777 2778
f 2774 2810 2809
f 2773 2778 2779
f 2774 2811 2810
f 2773 2779 2780
f 2774 2812 2811
f 2773 2780 2781
f 2774 2813 2812
f 2773 2781 2782
f 2774 2814 2813
f 2773 2782 2775
f 2774 2807 2814
f 2783 2776 2775
f 2783 2784 2776
f 2784 2777 2776
f 2784 2785 2777
f 2785 2778 2777
f 2785 2786 2778
f 2786 2779 2778
f 2786 2787 2779
f 2787 2780 2779
f 2787 2788 2780
f 2788 2781 2780
f 2788 2789 2781
f 2789 2782 2781
f 2789 2790 2782
f 2790 2775 2782
f 2790 2783 2775
f 2791 2784 2783
f 2791 2792 2784
f 2792 2785 2784
f 2792 2793 2785
f 2793 2786 2785
f 2793 2794 2786
f 2794 2787 2786
f 2794 2795 2787
f 2795 2788 2787
f 2795 2796 2788
f 2796 2789 2788
f 2796 2797 2789
f 2797 2790 2789
f 2797 2798 2790
f 2798 2783 2790
f 2798 2791 2783
f 2799 2792 2791
f 2799 2800 2792
f 2800 2793 2792
f 2800 2801 2793
f 2801 2794 2793
f 2801 2802 2794
f 2802 2795 2794
f 2802 2803 2795
f 2803 2796 2795
f 2803 2804 2796
f 2804 2797 2796
f 2804 2805 2797
f 2805 2798 2797
f 2805 2806 2798
f 2806 2791 2798
f 2806 2799 2791
f 2807 2800 2799
f 2807 2808 2800
f 2808 2801 2800
f 2808 2809 2801
f 2809 2802 2801
f 2809 2810 2802
f 2810 2803 2802
f 2810 2811 2803
f 2811 2804 2803
f 2811 2812 2804
f 2812 2805 2804
f 2812 2813 2805
f 2813 2806 2805
f 2813 2814 2806
f 2814 2799 2806
f 2814 2807 2799
f 2815 2817 2818
f 2816 2850 2849
f 2815 2818 2819
f 2816 2851 2850
f 2815 2819 2820
f 2816 2852 2851
f 2815 2820 2821
f 2816 2853 2852
f 2815 2821 2822
f 2816 2854 2853
f 2815 2822 2823
f 2816 2855 2854
f 2815 2823 2824
f 2816 2856 2855
f 2815 2824 2817
f 2816 2849 2856
f 2825 2818 2817
f 2825 2826 2818
f 2826 2819 2818
f 2826 2827 2819
f 2827 2820 2819
f 2827 2828 2820
f 2828 2821 2820
f 2828 2829 2821
f 2829 2822 2821
f 2829 2830 2822
f 2830 2823 2822
f 2830 2831 2823
f 2831 2824 2823
f 2831 2832 2824
f 2832 2817 2824
f 2832 2825 2817
f 2833 2826 2825
f 2833 2834 2826
f 2834 2827 2826
f 2834 2835 2827
f 2835 2828 2827
f 2835 2836 2828
f 2836 2829 2828
f 2836 2837 2829
f 2837 2830 2829
f 2837 2838 2830
f 2838 2831 2830
f 2838 2839 2831
f 2839 2832 2831
f 2839 2840 2832
f 2840 2825 2832
f 2840 2833 2825
f 2841 2834 2833
f 2841 2842 2834
f 2842 2835 2834
f 2842 2843 2835
f 2843 2836 2835
f 2843 2844 2836
f 2844 2837 2836
f 2844 2845 2837
f 2845 2838 2837
f 2845 2846 2838
f 2846 2839 2838
f 2846 2847 2839
f 2847 2840 2839
f 2847 2848 2840
f 2848 2833 2840
f 2848 2841 2833
f 2849 2842 2841
f 2849 2850 2842
f 2850 2843 2842
f 2850 2851 2843
f 2851 2844 2843
f 2851 2852 2844
f 2852 2845 2844
f 2852 2853 2845
f 2853 2846 2845
f 2853 2854 2846
f 2854 2847 2846
f 2854 2855 2847
f 2855 2848 2847
f 2855 2856 2848
f 2856 2841 2848
f 2856 2849 2841
f 2857 2859 2860
f 2858 2892 2891
f 2857 2860 2861
f 2858 2893 2892
f 2857 2861 2862
f 2858 2894 2893
f 2857 2862 2863
f 2858 2895 2894
f 2857 2863 2864
f 2858 2896 2895
f 2857 2864 2865
f 2858 2897 2896
f 2857 2865 2866
f 2858 2898 2897
f 2857 2866 2859
f 2858 2891 2898
f 2867 2860 2859
f 2867 2868 2860
f 2868 2861 2860
f 2868 2869 2861
f 2869 2862 2861
f 2869 2870 2862
f 2870 2863 2862
f 2870 2871 2863
f 2871 2864 2863
f 2871 2872 2864
f 2872 2865 2864
f 2872 2873 2865
f 2873 2866 2865
f 2873 2874 2866
f 2874 2859 2866
f 2874 2867 2859
f 2875 2868 2867
f 2875 2876 2868
f 2876 2869 2868
f 2876 2877 2869
f 2877 2870 2869
f 2877 2878 2870
f 2878 2871 2870
f 2878 2879 2871
f 2879 2872 2871
f 2879 2880 2872
f 2880 2873 2872
f 2880 2881 2873
f 2881 2874 2873
f 2881 2882 2874
f 2882 2867 2874
f 2882 2875 2867
f 2883 2876 2875
f 2883 2884 2876
f 2884 2877 2876
f 2884 2885 2877
f 2885 2878 2877
f 2885 2886 2878
f 2886 2879 2878
f 2886 2887 2879
f 2887 2880 2879
f 2887 2888 2880
f 2888 2881 2880
f 2888 2889 2881
f 2889 2882 2881
f 2889 2890 2882
f 2890 2875 2882
f 2890 2883 2875
f 2891 2884 2883
f 2891 2892 2884
f 2892 2885 2884
f 2892 2893 2885
f 2893 2886 2885
f 2893 2894 2886
f 2894 2887 2886
f 2894 2895 2887
f 2895 2888 2887
f 2895 2896 2888
f 2896 2889 2888
f 2896 2897 2889
f 2897 2890 2889
f 2897 2898 2890
f 2898 2883 2890
f 2898 2891 2883
f 2899 2901 2902
f 2900 2934 2933
f 2899 2902 2903
f 2900 2935 2934
f 2899 2903 2904
f 2900 2936 2935
f 2899 2904 2905
f 2900 2937 2936
f 2899 2905 2906
f 2900 2938 2937
f 2899 2906 2907
f 2900 2939 2938
f 2899 2907 2908
f 2900 2940 2939
f 2899 2908 2901
f 2900 2933 2940
f 2909 2902 2901
f 2909 2910 2902
f 2910 2903 2902
f 2910 2911 2903
f 2911 2904 2903
f 2911 2912 2904
f 2912 2905 2904
f 2912 2913 2905
f 2913 2906 2905
f 2913 2914 2906
f 2914 2907 2906
f 2914 2915 2907
f 2915 2908 2907
f 2915 2916 2908
f 2916 2901 2908
f 2916 2909 2901
f 2917 2910 2909
f 2917 2918 2910
f 2918 2911 2910
f 2918 2919 2911
f 2919 2912 2911
f 2919 2920 2912
f 2920 2913 2912
f 2920 2921 2913
f 2921 2914 2913
f 2921 2922 2914
f 2922 2915 2914
f 2922 2923 2915
f 2923 2916 2915
f 2923 2924 2916
f 2924 2909 2916
f 2924 2917 2909
f 2925 2918 2917
f 2925 2926 2918
f 2926 2919 2918
f 2926 2927 2919
f 2927 2920 2919
f 2927 2928 2920
f 2928 2921 2920
f 2928 2929 2921
f 2929 2922 2921
f 2929 2930 2922
f 2930 2923 2922
f 2930 2931 2923
f 2931 2924 2923
f 2931 2932 2924
f 2932 2917 2924
f 2932 2925 2917
f 2933 2926 2925
f 2933 2934 2926
f 2934 2927 2926
f 2934 2935 2927
f 2935 2928 2927
f 2935 2936 2928
f 2936 2929 2928
f 2936 2937 2929
f 2937 2930 2929
f 2937 2938 2930
f 2938 2931 2930
f 2938 2939 2931
f 2939 2932 2931
f 2939 2940 2932
f 2940 2925 2932
f 2940 2933 2925
f 2941 2943 2944
f 2942 2976 2975
f 2941 2944 2945
f 2942 2977 2976
f 2941 2945 2946
f 2942 2978 2977
f 2941 2946 2947
f 2942 2979 2978
f 2941 2947 2948
f 2942 2980 2979
f 2941 2948 2949
f 2942 2981 2980
f 2941 2949 2950
f 2942 2982 2981
f 2941 2950 2943
f 2942 2975 2982
f 2951 2944 2943
f 2951 2952 2944
f 2952 2945 2944
f 2952 2953 2945
f 2953 2946 2945
f 2953 2954 2946
f 2954 2947 2946
f 2954 2955 2947
f 2955 2948 2947
f 2955 2956 2948
f 2956 2949 2948
f 2956 2957 2949
f 2957 2950 2949
f 2957 2958 2950
f 2958 2943 2950
f 2958 2951 2943
f 2959 2952 2951
f 2959 2960 2952
f 2960 2953 2952
f 2960 2961 2953
f 2961 2954 2953
f 2961 2962 2954
f 2962 2955 2954
f 2962 2963 2955
f 2963 2956 2955
f 2963 2964 2956
f 2964 2957 2956
f 2964 2965 2957
f 2965 2958 2957
f 2965 2966 2958
f 2966 2951 2958
f 2966 2959 2951
f 2967 2960 2959
f 2967 2968 2960
f 2968 2961 2960
f 2968 2969 2961
f 2969 2962 2961
f 2969 2970 2962
f 2970 2963 2962
f 2970 2971 2963
f 2971 2964 2963
f 2971 2972 2964
f 2972 2965 2964
f 2972 2973 2965
f 2973 2966 2965
f 2973 2974 2966
f 2974 2959 2966
f 2974 2967 2959
f 2975 2968 2967
f 2975 2976 2968
f 2976 2969 2968
f 2976 2977 2969
f 2977 2970 2969
f 2977 2978 2970
f 2978 2971 2970
f 2978 2979 2971
f 2979 2972 2971
f 2979 2980 2972
f 2980 2973 2972
f 2980 2981 2973
f 2981 2974 2973
f 2981 2982 2974
f 2982 2967 2974
f 2982 2975 2967
f 2983 2985 2986
f 2984 3018 3017
f 2983 2986 2987
f 2984 3019 3018
f 2983 2987 2988
f 2984 3020 3019
f 2983 2988 2989
f 2984 3021 3020
f 2983 2989 2990
f 2984 3022 3021
f 2983 2990 2991
f 2984 3023 3022
f 2983 2991 2992
f 2984 3024 3023
f 2983 2992 2985
f 2984 3017 3024
f 2993 2986 2985
f 2993 2994 2986
f 2994 2987 2986
f 2994 2995 2987
f 2995 2988 2987
f 2995 2996 2988
f 2996 2989 2988
f 2996 2997 2989
f 2997 2990 2989
f 2997 2998 2990
f 2998 2991 2990
f 2998 2999 2991
f 2999 2992 2991
f 2999 3000 2992
f 3000 2985 2992
f 3000 2993 2985
f 3001 2994 2993
f 3001 3002 2994
f 3002 2995 2994
f 3002 3003 2995
f 3003 2996 2995
f 3003 3004 2996
f 3004 2997 2996
f 3004 3005 2997
f 3005 2998 2997
f 3005 3006 2998
f 3006 2999 2998
f 3006 3007 2999
f 3007 3000 2999
f 3007 3008 3000
f 3008 2993 3000
f 3008 3001 2993
f 3009 3002 3001
f 3009 3010 3002
f 3010 3003 3002
f 3010 3011 3003
f 3011 3004 3003
f 3011 3012 3004
f 3012 3005 3004
f 3012 3013 3005
f 3013 3006 3005
f 3013 3014 3006
f 3014 3007 3006
f 3014 3015 3007
f 3015 3008 3007
f 3015 3016 3008
f 3016 3001 3008
f 3016 3009 3001
f 3017 3010 3009
f 3017 3018 3010
f 3018 3011 3010
f 3018 3019 3011
f 3019 3012 3011
f 3019 3020 3012
f 3020 3013 3012
f 3020 3021 3013
f 3021 3014 3013
f 3021 3022 3014
f 3022 3015 3014
f 3022 3023 3015
f 3023 3016 3015
f 3023 3024 3016
f 3024 3009 3016
f 3024 3017 3009
f 3025 3027 3028
f 3026 3060 3059
f 3025 3028 3029
f 3026 3061 3060
f 3025 3029 3030
f 3026 3062 3061
f 3025 3030 3031
f 3026 3063 3062
f 3025 3031 3032
f 3026 3064 3063
f 3025 3032 3033
f 3026 3065 3064
f 3025 3033 3034
f 3026 3066 3065
f 3025 3034 3027
f 3026 3059 3066
f 3035 3028 3027
f 3035 3036 3028
f 3036 3029 3028
f 3036 3037 3029
f 3037 3030 3029
f 3037 3038 3030
f 3038 3031 3030
f 3038 3039 3031
f 3039 3032 3031
f 3039 3040 3032
f 3040 3033 3032
f 3040 3041 3033
f 3041 3034 3033
f 3041 3042 3034
f 3042 3027 3034
f 3042 3035 3027
f 3043 3036 3035
f 3043 3044 3036
f 3044 3037 3036
f 3044 3045 3037
f 3045 3038 3037
f 3045 3046 3038
f 3046 3039 3038
f 3046 3047 3039
f 3047 3040 3039
f 3047 3048 3040
f 3048 3041 3040
f 3048 3049 3041
f 3049 3042 3041
f 3049 3050 3042
f 3050 3035 3042
f 3050 3043 3035
f 3051 3044 3043
f 3051 3052 3044
f 3052 3045 3044
f 3052 3053 3045
f 3053 3046 3045
f 3053 3054 3046
f 3054 3047 3046
f 3054 3055 3047
f 3055 3048 3047
f 3055 3056 3048
f 3056 3049 3048
f 3056 3057 3049
f 3057 3050 3049
f 3057 3058 3050
f 3058 3043 3050
f 3058 3051 3043
f 3059 3052 3051
f 3059 3060 3052
f 3060 3053 3052
f 3060 3061 3053
f 3061 3054 3053
f 3061 3062 3054
f 3062 3055 3054
f 3062 3063 3055
f 3063 3056 3055
f 3063 3064 3056
f 3064 3057 3056
f 3064 3065 3057
f 3065 3058 3057
f 3065 3066 3058
f 3066 3051 3058
f 3066 3059 3051
f 3067 3069 3070
f 3068 3102 3101
f 3067 3070 3071
f 3068 3103 3102
f 3067 3071 3072
f 3068 3104 3103
f 3067 3072 3073
f 3068 3105 3104
f 3067 3073 3074
f 3068 3106 3105
f 3067 3074 3075
f 3068 3107 3106
f 3067 3075 3076
f 3068 3108 3107
f 3067 3076 3069
f 3068 3101 3108
f 3077 3070 3069
f 3077 3078 3070
f 3078 3071 3070
f 3078 3079 3071
f 3079 3072 3071
f 3079 3080 3072
f 3080 3073 3072
f 3080 3081 3073
f 3081 3074 3073
f 3081 3082 3074
f 3082 3075 3074
f 3082 3083 3075
f 3083 3076 3075
f 3083 3084 3076
f 3084 3069 3076
f 3084 3077 3069
f 3085 3078 3077
f 3085 3086 3078
f 3086 3079 3078
f 3086 3087 3079
f 3087 3080 3079
f 3087 3088 3080
f 3088 3081 3080
f 3088 3089 3081
f 3089 3082 3081
f 3089 3090 3082
f 3090 3083 3082
f 3090 3091 3083
f 3091 3084 3083
f 3091 3092 3084
f 3092 3077 3084
f 3092 3085 3077
f 3093 3086 3085
f 3093 3094 3086
f 3094 3087 3086
f 3094 3095 3087
f 3095 3088 3087
f 3095 3096 3088
f 3096 3089 3088
f 3096 3097 3089
f 3097 3090 3089
f 3097 3098 3090
f 3098 3091 3090
f 3098 3099 3091
f 3099 3092 3091
f 3099 3100 3092
f 3100 3085 3092
f 3100 3093 3085
f 3101 3094 3093
f 3101 3102 3094
f 3102 3095 3094
f 3102 3103 3095
f 3103 3096 3095
f 3103 3104 3096
f 3104 3097 3096
f 3104 3105 3097
f 3105 3098 3097
f 3105 3106 3098
f 3106 3099 3098
f 3106 3107 3099
f 3107 3100 3099
f 3107 3108 3100
f 3108 3093 3100
f 3108 3101 3093
f 3109 3111 3112
f 3110 3144 3143
f 3109 3112 3113
f 3110 3145 3144
f 3109 3113 3114
f 3110 3146 3145
f 3109 3114 3115
f 3110 3147 3146
f 3109 3115 3116
f 3110 3148 3147
f 3109 3116 3117
f 3110 3149 3148
f 3109 3117 3118
f 3110 3150 3149
f 3109 3118 3111
f 3110 3143 3150
f 3119 3112 3111
f 3119 3120 3112
f 3120 3113 3112
f 3120 3121 3113
f 3121 3114 3113
f 3121 3122 3114
f 3122 3115 3114
f 3122 3123 3115
f 3123 3116 3115
f 3123 3124 3116
f 3124 3117 3116
f 3124 3125 3117
f 3125 3118 3117
f 3125 3126 3118
f 3126 3111 3118
f 3126 3119 3111
f 3127 3120 3119
f 3127 3128 3120
f 3128 3121 3120
f 3128 3129 3121
f 3129 3122 3121
f 3129 3130 3122
f 3130 3123 3122
f 3130 3131 3123
f 3131 3124 3123
f 3131 3132 3124
f 3132 3125 3124
f 3132 3133 3125
f 3133 3126 3125
f 3133 3134 3126
f 3134 3119 3126
f 3134 3127 3119
f 3135 3128 3127
f 3135 3136 3128
f 3136 3129 3128
f 3136 3137 3129
f 3137 3130 3129
f 3137 3138 3130
f 3138 3131 3130
f 3138 3139 3131
f 3139 3132 3131
f 3139 3140 3132
f 3140 3133 3132
f 3140 3141 3133
f 3141 3134 3133
f 3141 3142 3134
f 3142 3127 3134
f 3142 3135 3127
f 3143 3136 3135
f 3143 3144 3136
f 3144 3137 3136
f 3144 3145 3137
f 3145 3138 3137
f 3145 3146 3138
f 3146 3139 3138
f 3146 3147 3139
f 3147 3140 3139
f 3147 3148 3140
f 3148 3141 3140
f 3148 3149 3141
f 3149 3142 3141
f 3149 3150 3142
f 3150 3135 3142
f 3150 3143 3135
f 3151 3153 3154
f 3152 3186 3185
f 3151 3154 3155
f 3152 3187 3186
f 3151 3155 3156
f 3152 3188 3187
f 3151 3156 3157
f 3152 3189 3188
f 3151 3157 3158
f 3152 3190 3189
f 3151 3158 3159
f 3152 3191 3190
f 3151 3159 3160
f 3152 3192 3191
f 3151 3160 3153
f 3152 3185 3192
f 3161 3154 3153
f 3161 3162 3154
f 3162 3155 3154
f 3162 3163 3155
f 3163 3156 3155
f 3163 3164 3156
f 3164 3157 3156
f 3164 3165 3157
f 3165 3158 3157
f 3165 3166 3158
f 3166 3159 3158
f 3166 3167 3159
f 3167 3160 3159
f 3167 3168 3160
f 3168 3153 3160
f 3168 3161 3153
f 3169 3162 3161
f 3169 3170 3162
f 3170 3163 3162
f 3170 3171 3163
f 3171 3164 3163
f 3171 3172 3164
f 3172 3165 3164
f 3172 3173 3165
f 3173 3166 3165
f 3173 3174 3166
f 3174 3167 3166
f 3174 3175 3167
f 3175 3168 3167
f 3175 3176 3168
f 3176 3161 3168
f 3176 3169 3161
f 3177 3170 3169
f 3177 3178 3170
f 3178 3171 3170
f 3178 3179 3171
f 3179 3172 3171
f 3179 3180 3172
f 3180 3173 3172
f 3180 3181 3173
f 3181 3174 3173
f 3181 3182 3174
f 3182 3175 3174
f 3182 3183 3175
f 3183 3176 3175
f 3183 3184 3176
f 3184 3169 3176
f 3184 3177 3169
f 3185 3178 3177
f 3185 3186 3178
f 3186 3179 3178
f 3186 3187 3179
f 3187 3180 3179
f 3187 3188 3180
f 3188 3181 3180
f 3188 3189 3181
f 3189 3182 3181
f 3189 3190 3182
f 3190 3183 3182
f 3190 3191 3183
f 3191 3184 3183
f 3191 3192 3184
f 3192 3177 3184
f 3192 3185 3177
f 3193 3195 3196
f 3194 3228 3227
f 3193 3196 3197
f 3194 3229 3228
f 3193 3197 3198
f 3194 3230 3229
f 3193 3198 3199
f 3194 3231 3230
f 3193 3199 3200
f 3194 3232 3231
f 3193 3200 3201
f 3194 3233 3232
f 3193 3201 3202
f 3194 3234 3233
f 3193 3202 3195
f 3194 3227 3234
f 3203 3196 3195
f 3203 3204 3196
f 3204 3197 3196
f 3204 3205 3197
f 3205 3198 3197
f 3205 3206 3198
f 3206 3199 3198
f 3206 3207 3199
f 3207 3200 3199
f 3207 3208 3200
f 3208 3201 3200
f 3208 3209 3201
f 3209 3202 3201
f 3209 3210 3202
f 3210 3195 3202
f 3210 3203 3195
f 3211 3204 3203
f 3211 3212 3204
f 3212 3205 3204
f 3212 3213 3205
f 3213 3206 3205
f 3213 3214 3206
f 3214 3207 3206
f 3214 3215 3207
f 3215 3208 3207
f 3215 3216 3208
f 3216 3209 3208
f 3216 3217 3209
f 3217 3210 3209
f 3217 3218 3210
f 3218 3203 3210
f 3218 3211 3203
f 3219 3212 3211
f 3219 3220 3212
f 3220 3213 3212
f 3220 3221 3213
f 3221 3214 3213
f 3221 3222 3214
f 3222 3215 3214
f 3222 3223 3215
f 3223 3216 3215
f 3223 3224 3216
f 3224 3217 3216
f 3224 3225 3217
f 3225 3218 3217
f 3225 3226 3218
f 3226 3211 3218
f 3226 3219 3211
f 3227 3220 3219
f 3227 3228 3220
f 3228 3221 3220
f 3228 3229 3221
f 3229 3222 3221
f 3229 3230 3222
f 3230 3223 3222
f 3230 3231 3223
f 3231 3224 3223
f 3231 3232 3224
f 3232 3225 3224
f 3232 3233 3225
f 3233 3226 3225
f 3233 3234 3226
f 3234 3219 3226
f 3234 3227 3219
f 3235 3237 3238
f 3236 3270 3269
f 3235 3238 3239
f 3236 3271 3270
f 3235 3239 3240
f 3236 3272 3271
f 3235 3240 3241
f 3236 3273 3272
f 3235 3241 3242
f 3236 3274 3273
f 3235 3242 3243
f 3236 3275 3274
f 3235 3243 3244
f 3236 3276 3275
f 3235 3244 3237
f 3236 3269 3276
f 3245 3238 3237
f 3245 3246 3238
f 3246 3239 3238
f 3246 3247 3239
f 3247 3240 3239
f 3247 3248 3240
f 3248 3241 3240
f 3248 3249 3241
f 3249 3242 3241
f 3249 3250 3242
f 3250 3243 3242
f 3250 3251 3243
f 3251 3244 3243
f 3251 3252 3244
f 3252 3237 3244
f 3252 3245 3237
f 3253 3246 3245
f 3253 3254 3246
f 3254 3247 3246
f 3254 3255 3247
f 3255 3248 3247
f 3255 3256 3248
f 3256 3249 3248
f 3256 3257 3249
f 3257 3250 3249
f 3257 3258 3250
f 3258 3251 3250
f 3258 3259 3251
f 3259 3252 3251
f 3259 3260 3252
f 3260 3245 3252
f 3260 3253 3245
f 3261 3254 3253
f 3261 3262 3254
f 3262 3255 3254
f 3262 3263 3255
f 3263 3256 3255
f 3263 3264 3256
f 3264 3257 3256
f 3264 3265 3257
f 3265 3258 3257
f 3265 3266 3258
f 3266 3259 3258
f 3266 3267 3259
f 3267 3260 3259
f 3267 3268 3260
f 3268 3253 3260
f 3268 3261 3253
f 3269 3262 3261
f 3269 3270 3262
f 3270 3263 3262
f 3270 3271 3263
f 3271 3264 3263
f 3271 3272 3264
f 3272 3265 3264
f 3272 3273 3265
f 3273 3266 3265
f 3273 3274 3266
f 3274 3267 3266
f 3274 3275 3267
f 3275 3268 3267
f 3275 3276 3268
f 3276 3261 3268
f 3276 3269 3261
f 3277 3279 3280
f 3278 3312 3311
f 3277 3280 3281
f 3278 3313 3312
f 3277 3281 3282
f 3278 3314 3313
f 3277 3282 3283
f 3278 3315 3314
f 3277 3283 3284
f 3278 3316 3315
f 3277 3284 3285
f 3278 3317 3316
f 3277 3285 3286
f 3278 3318 3317
f 3277 3286 3279
f 3278 3311 3318
f 3287 3280 3279
f 3287 3288 3280
f 3288 3281 3280
f 3288 3289 3281
f 3289 3282 3281
f 3289 3290 3282
f 3290 3283 3282
f 3290 3291 3283
f 3291 3284 3283
f 3291 3292 3284
f 3292 3285 3284
f 3292 3293 3285
f 3293 3286 3285
f 3293 3294 3286
f 3294 3279 3286
f 3294 3287 3279
f 3295 3288 3287
f 3295 3296 3288
f 3296 3289 3288
f 3296 3297 3289
f 3297 3290 3289
f 3297 3298 3290
f 3298 3291 3290
f 3298 3299 3291
f 3299 3292 3291
f 3299 3300 3292
f 3300 3293 3292
f 3300 3301 3293
f 3301 3294 3293
f 3301 3302 3294
f 3302 3287 3294
f 3302 3295 3287
f 3303 3296 3295
f 3303 3304 3296
f 3304 3297 3296
f 3304 3305 3297
f 3305 3298 3297
f 3305 3306 3298
f 3306 3299 3298
f 3306 3307 3299
f 3307 3300 3299
f 3307 3308 3300
f 3308 3301 3300
f 3308 3309 3301
f 3309 3302 3301
f 3309 3310 3302
f 3310 3295 3302
f 3310 3303 3295
f 3311 3304 3303
f 3311 3312 3304
f 3312 3305 3304
f 3312 3313 3305
f 3313 3306 3305
f 3313 3314 3306
f 3314 3307 3306
f 3314 3315 3307
f 3315 3308 3307
f 3315 3316 3308
f 3316 3309 3308
f 3316 3317 3309
f 3317 3310 3309
f 3317 3318 3310
f 3318 3303 3310
f 3318 3311 3303
f 3319 3321 3322
f 3320 3354 3353
f 3319 3322 3323
f 3320 3355 3354
f 3319 3323 3324
f 3320 3356 3355
f 3319 3324 3325
f 3320 3357 3356
f 3319 3325 3326
f 3320 3358 3357
f 3319 3326 3327
f 3320 3359 3358
f 3319 3327 3328
f 3320 3360 3359
f 3319 3328 3321
f 3320 3353 3360
f 3329 3322 3321
f 3329 3330 3322
f 3330 3323 3322
f 3330 3331 3323
f 3331 3324 3323
f 3331 3332 3324
f 3332 3325 3324
f 3332 3333 3325
f 3333 3326 3325
f 3333 3334 3326
f 3334 3327 3326
f 3334 3335 3327
f 3335 3328 3327
f 3335 3336 3328
f 3336 3321 3328
f 3336 3329 3321
f 3337 3330 3329
f 3337 3338 3330
f 3338 3331 3330
f 3338 3339 3331
f 3339 3332 3331
f 3339 3340 3332
f 3340 3333 3332
f 3340 3341 3333
f 3341 3334 3333
f 3341 3342 3334
f 3342 3335 3334
f 3342 3343 3335
f 3343 3336 3335
f 3343 3344 3336
f 3344 3329 3336
f 3344 3337 3329
f 3345 3338 3337
f 3345 3346 3338
f 3346 3339 3338
f 3346 3347 3339
f 3347 3340 3339
f 3347 3348 3340
f 3348 3341 3340
f 3348 3349 3341
f 3349 3342 3341
f 3349 3350 3342
f 3350 3343 3342
f 3350 3351 3343
f 3351 3344 3343
f 3351 3352 3344
f 3352 3337 3344
f 3352 3345 3337
f 3353 3346 3345
f 3353 3354 3346
f 3354 3347 3346
f 3354 3355 3347
f 3355 3348 3347
f 3355 3356 3348
f 3356 3349 3348
f 3356 3357 3349
f 3357 3350 3349
f 3357 3358 3350
f 3358 3351 3350
f 3358 3359 3351
f 3359 3352 3351
f 3359 3360 3352
f 3360 3345 3352
f 3360 3353 3345
f 3361 3363 3364
f 3362 3396 3395
f 3361 3364 3365
f 3362 3397 3396
f 3361 3365 3366
f 3362 3398 3397
f 3361 3366 3367
f 3362 3399 3398
f 3361 3367 3368
f 3362 3400 3399
f 3361 3368 3369
f 3362 3401 3400
f 3361 3369 3370
f 3362 3402 3401
f 3361 3370 3363
f 3362 3395 3402
f 3371 3364 3363
f 3371 3372 3364
f 3372 3365 3364
f 3372 3373 3365
f 3373 3366 3365
f 3373 3374 3366
f 3374 3367 3366
f 3374 3375 3367
f 3375 3368 3367
f 3375 3376 3368
f 3376 3369 3368
f 3376 3377 3369
f 3377 3370 3369
f 3377 3378 3370
f 3378 3363 3370
f 3378 3371 3363
f 3379 3372 3371
f 3379 3380 3372
f 3380 3373 3372
f 3380 3381 3373
f 3381 3374 3373
f 3381 3382 3374
f 3382 3375 3374
f 3382 3383 3375
f 3383 3376 3375
f 3383 3384 3376
f 3384 3377 3376
f 3384 3385 3377
f 3385 3378 3377
f 3385 3386 3378
f 3386 3371 3378
f 3386 3379 3371
f 3387 3380 3379
f 3387 3388 3380
f 3388 3381 3380
f 3388 3389 3381
f 3389 3382 3381
f 3389 3390 3382
f 3390 3383 3382
f 3390 3391 3383
f 3391 3384 3383
f 3391 3392 3384
f 3392 3385 3384
f 3392 3393 3385
f 3393 3386 3385
f 3393 3394 3386
f 3394 3379 3386
f 3394 3387 3379
f 3395 3388 3387
f 3395 3396 3388
f 3396 3389 3388
f 3396 3397 3389
f 3397 3390 3389
f 3397 3398 3390
f 3398 3391 3390
f 3398 3399 3391
f 3399 3392 3391
f 3399 3400 3392
f 3400 3393 3392
f 3400 3401 3393
f 3401 3394 3393
f 3401 3402 3394
f 3402 3387 3394
f 3402 3395 3387
f 3403 3405 3406
f 3404 3438 3437
f 3403 3406 3407
f 3404 3439 3438
f 3403 3407 3408
f 3404 3440 3439
f 3403 3408 3409
f 3404 3441 3440
f 3403 3409 3410
f 3404 3442 3441
f 3403 3410 3411
f 3404 3443 3442
f 3403 3411 3412
f 3404 3444 3443
f 3403 3412 3405
f 3404 3437 3444
f 3413 3406 3405
f 3413 3414 3406
f 3414 3407 3406
f 3414 3415 3407
f 3415 3408 3407
f 3415 3416 3408
f 3416 3409 3408
f 3416 3417 3409
f 3417 3410 3409
f 3417 3418 3410
f 3418 3411 3410
f 3418 3419 3411
f 3419 3412 3411
f 3419 3420 3412
f 3420 3405 3412
f 3420 3413 3405
f 3421 3414 3413
f 3421 3422 3414
f 3422 3415 3414
f 3422 3423 3415
f 3423 3416 3415
f 3423 3424 3416
f 3424 3417 3416
f 3424 3425 3417
f 3425 3418 3417
f 3425 3426 3418
f 3426 3419 3418
f 3426 3427 3419
f 3427 3420 3419
f 3427 3428 3420
f 3428 3413 3420
f 3428 3421 3413
f 3429 3422 3421
f 3429 3430 3422
f 3430 3423 3422
f 3430 3431 3423
f 3431 3424 3423
f 3431 3432 3424
f 3432 3425 3424
f 3432 3433 3425
f 3433 3426 3425
f 3433 3434 3426
f 3434 3427 3426
f 3434 3435 3427
f 3435 3428 3427
f 3435 3436 3428
f 3436 3421 3428
f 3436 3429 3421
f 3437 3430 3429
f 3437 3438 3430
f 3438 3431 3430
f 3438 3439 3431
f 3439 3432 3431
f 3439 3440 3432
f 3440 3433 3432
f 3440 3441 3433
f 3441 3434 3433
f 3441 3442 3434
f 3442 3435 3434
f 3442 3443 3435
f 3443 3436 3435
f 3443 3444 3436
f 3444 3429 3436
f 3444 3437 3429
f 3445 3447 3448
f 3446 3480 3479
f 3445 3448 3449
f 3446 3481 3480
f 3445 3449 3450
f 3446 3482 3481
f 3445 3450 3451
f 3446 3483 3482
f 3445 3451 3452
f 3446 3484 3483
f 3445 3452 3453
f 3446 3485 3484
f 3445 3453 3454
f 3446 3486 3485
f 3445 3454 3447
f 3446 3479 3486
f 3455 3448 3447
f 3455 3456 3448
f 3456 3449 3448
f 3456 3457 3449
f 3457 3450 3449
f 3457 3458 3450
f 3458 3451 3450
f 3458 3459 3451
f 3459 3452 3451
f 3459 3460 3452
f 3460 3453 3452
f 3460 3461 3453
f 3461 3454 3453
f 3461 3462 3454
f 3462 3447 3454
f 3462 3455 3447
f 3463 3456 3455
f 3463 3464 3456
f 3464 3457 3456
f 3464 3465 3457
f 3465 3458 3457
f 3465 3466 3458
f 3466 3459 3458
f 3466 3467 3459
f 3467 3460 3459
f 3467 3468 3460
f 3468 3461 3460
f 3468 3469 3461
f 3469 3462 3461
f 3469 3470 3462
f 3470 3455 3462
f 3470 3463 3455
f 3471 3464 3463
f 3471 3472 3464
f 3472 3465 3464
f 3472 3473 3465
f 3473 3466 3465
f 3473 3474 3466
f 3474 3467 3466
f 3474 3475 3467
f 3475 3468 3467
f 3475 3476 3468
f 3476 3469 3468
f 3476 3477 3469
f 3477 3470 3469
f 3477 3478 3470
f 3478 3463 3470
f 3478 3471 3463
f 3479 3472 3471
f 3479 3480 3472
f 3480 3473 3472
f 3480 3481 3473
f 3481 3474 3473
f 3481 3482 3474
f 3482 3475 3474
f 3482 3483 3475
f 3483 3476 3475
f 3483 3484 3476
f 3484 3477 3476
f 3484 3485 3477
f 3485 3478 3477
f 3485 3486 3478
f 3486 3471 3478
f 3486 3479 3471
f 3487 3489 3490
f 3488 3522 3521
f 3487 3490 3491
f 3488 3523 3522
f 3487 3491 3492
f 3488 3524 3523
f 3487 3492 3493
f 3488 3525 3524
f 3487 3493 3494
f 3488 3526 3525
f 3487 3494 3495
f 3488 3527 3526
f 3487 3495 3496
f 3488 3528 3527
f 3487 3496 3489
f 3488 3521 3528
f 3497 3490 3489
f 3497 3498 3490
f 3498 3491 3490
f 3498 3499 3491
f 3499 3492 3491
f 3499 3500 3492
f 3500 3493 3492
f 3500 3501 3493
f 3501 3494 3493
f 3501 3502 3494
f 3502 3495 3494
f 3502 3503 3495
f 3503 3496 3495
f 3503 3504 3496
f 3504 3489 3496
f 3504 3497 3489
f 3505 3498 3497
f 3505 3506 3498
f 3506 3499 3498
f 3506 3507 3499
f 3507 3500 3499
f 3507 3508 3500
f 3508 3501 3500
f 3508 3509 3501
f 3509 3502 3501
f 3509 3510 3502
f 3510 3503 3502
f 3510 3511 3503
f 3511 3504 3503
f 3511 3512 3504
f 3512 3497 3504
f 3512 3505 3497
f 3513 3506 3505
f 3513 3514 3506
f 3514 3507 3506
f 3514 3515 3507
f 3515 3508 3507
f 3515 3516 3508
f 3516 3509 3508
f 3516 3517 3509
f 3517 3510 3509
f 3517 3518 3510
f 3518 3511 3510
f 3518 3519 3511
f 3519 3512 3511
f 3519 3520 3512
f 3520 3505 3512
f 3520 3513 3505
f 3521 3514 3513
f 3521 3522 3514
f 3522 3515 3514
f 3522 3523 3515
f 3523 3516 3515
f 3523 3524 3516
f 3524 3517 3516
f 3524 3525 3517
f 3525 3518 3517
f 3525 3526 3518
f 3526 3519 3518
f 3526 3527 3519
f 3527 3520 3519
f 3527 3528 3520
f 3528 3513 3520
f 3528 3521 3513
f 3529 3531 3532
f 3530 3564 3563
f 3529 3532 3533
f 3530 3565 3564
f 3529 3533 3534
f 3530 3566 3565
f 3529 3534 3535
f 3530 3567 3566
f 3529 3535 3536
f 3530 3568 3567
f 3529 3536 3537
f 3530 3569 3568
f 3529 3537 3538
f 3530 3570 3569
f 3529 3538 3531
f 3530 3563 3570
f 3539 3532 3531
f 3539 3540 3532
f 3540 3533 3532
f 3540 3541 3533
f 3541 3534 3533
f 3541 3542 3534
f 3542 3535 3534
f 3542 3543 3535
f 3543 3536 3535
f 3543 3544 3536
f 3544 3537 3536
f 3544 3545 3537
f 3545 3538 3537
f 3545 3546 3538
f 3546 3531 3538
f 3546 3539 3531
f 3547 3540 3539
f 3547 3548 3540
f 3548 3541 3540
f 3548 3549 3541
f 3549 3542 3541
f 3549 3550 3542
f 3550 3543 3542
f 3550 3551 3543
f 3551 3544 3543
f 3551 3552 3544
f 3552 3545 3544
f 3552 3553 3545
f 3553 3546 3545
f 3553 3554 3546
f 3554 3539 3546
f 3554 3547 3539
f 3555 3548 3547
f 3555 3556 3548
f 3556 3549 3548
f 3556 3557 3549
f 3557 3550 3549
f 3557 3558 3550
f 3558 3551 3550
f 3558 3559 3551
f 3559 3552 3551
f 3559 3560 3552
f 3560 3553 3552
f 3560 3561 3553
f 3561 3554 3553
f 3561 3562 3554
f 3562 3547 3554
f 3562 3555 3547
f 3563 3556 3555
f 3563 3564 3556
f 3564 3557 3556
f 3564 3565 3557
f 3565 3558 3557
f 3565 3566 3558
f 3566 3559 3558
f 3566 3567 3559
f 3567 3560 3559
f 3567 3568 3560
f 3568 3561 3560
f 3568 3569 3561
f 3569 3562 3561
f 3569 3570 3562
f 3570 3555 3562
f 3570 3563 3555
f 3571 3573 3574
f 3572 3606 3605
f 3571 3574 3575
f 3572 3607 3606
f 3571 3575 3576
f 3572 3608 3607
f 3571 3576 3577
f 3572 3609 3608
f 3571 3577 3578
f 3572 3610 3609
f 3571 3578 3579
f 3572 3611 3610
f 3571 3579 3580
f 3572 3612 3611
f 3571 3580 3573
f 3572 3605 3612
f 3581 3574 3573
f 3581 3582 3574
f 3582 3575 3574
f 3582 3583 3575
f 3583 3576 3575
f 3583 3584 3576
f 3584 3577 3576
f 3584 3585 3577
f 3585 3578 3577
f 3585 3586 3578
f 3586 3579 3578
f 3586 3587 3579
f 3587 3580 3579
f 3587 3588 3580
f 3588 3573 3580
f 3588 3581 3573
f 3589 3582 3581
f 3589 3590 3582
f 3590 3583 3582
f 3590 3591 3583
f 3591 3584 3583
f 3591 3592 3584
f 3592 3585 3584
f 3592 3593 3585
f 3593 3586 3585
f 3593 3594 3586
f 3594 3587 3586
f 3594 3595 3587
f 3595 3588 3587
f 3595 3596 3588
f 3596 3581 3588
f 3596 3589 3581
f 3597 3590 3589
f 3597 3598 3590
f 3598 3591 3590
f 3598 3599 3591
f 3599 3592 3591
f 3599 3600 3592
f 3600 3593 3592
f 3600 3601 3593
f 3601 3594 3593
f 3601 3602 3594
f 3602 3595 3594
f 3602 3603 3595
f 3603 3596 3595
f 3603 3604 3596
f 3604 3589 3596
f 3604 3597 3589
f 3605 3598 3597
f 3605 3606 3598
f 3606 3599 3598
f 3606 3607 3599
f 3607 3600 3599
f 3607 3608 3600
f 3608 3601 3600
f 3608 3609 3601
f 3609 3602 3601
f 3609 3610 3602
f 3610 3603 3602
f 3610 3611 3603
f 3611 3604 3603
f 3611 3612 3604
f 3612 3597 3604
f 3612 3605 3597
f 3613 3615 3616
f 3614 3648 3647
f 3613 3616 3617
f 3614 3649 3648
f 3613 3617 3618
f 3614 3650 3649
f 3613 3618 3619
f 3614 3651 3650
f 3613 3619 3620
f 3614 3652 3651
f 3613 3620 3621
f 3614 3653 3652
f 3613 3621 3622
f 3614 3654 3653
f 3613 3622 3615
f 3614 3647 3654
f 3623 3616 3615
f 3623 3624 3616
f 3624 3617 3616
f 3624 3625 3617
f 3625 3618 3617
f 3625 3626 3618
f 3626 3619 3618
f 3626 3627 3619
f 3627 3620 3619
f 3627 3628 3620
f 3628 3621 3620
f 3628 3629 3621
f 3629 3622 3621
f 3629 3630 3622
f 3630 3615 3622
f 3630 3623 3615
f 3631 3624 3623
f 3631 3632 3624
f 3632 3625 3624
f 3632 3633 3625
f 3633 3626 3625
f 3633 3634 3626
f 3634 3627 3626
f 3634 3635 3627
f 3635 3628 3627
f 3635 3636 3628
f 3636 3629 3628
f 3636 3637 3629
f 3637 3630 3629
f 3637 3638 3630
f 3638 3623 3630
f 3638 3631 3623
f 3639 3632 3631
f 3639 3640 3632
f 3640 3633 3632
f 3640 3641 3633
f 3641 3634 3633
f 3641 3642 3634
f 3642 3635 3634
f 3642 3643 3635
f 3643 3636 3635
f 3643 3644 3636
f 3644 3637 3636
f 3644 3645 3637
f 3645 3638 3637
f 3645 3646 3638
f 3646 3631 3638
f 3646 3639 3631
f 3647 3640 3639
f 3647 3648 3640
f 3648 3641 3640
f 3648 3649 3641
f 3649 3642 3641
f 3649 3650 3642
f 3650 3643 3642
f 3650 3651 3643
f 3651 3644 3643
f 3651 3652 3644
f 3652 3645 3644
f 3652 3653 3645
f 3653 3646 3645
f 3653 3654 3646
f 3654 3639 3646
f 3654 3647 3639
f 3655 3657 3658
f 3656 3690 3689
f 3655 3658 3659
f 3656 3691 3690
f 3655 3659 3660
f 3656 3692 3691
f 3655 3660 3661
f 3656 3693 3692
f 3655 3661 3662
f 3656 3694 3693
f 3655 3662 3663
f 3656 3695 3694
f 3655 3663 3664
f 3656 3696 3695
f 3655 3664 3657
f 3656 3689 3696
f 3665 3658 3657
f 3665 3666 3658
f 3666 3659 3658
f 3666 3667 3659
f 3667 3660 3659
f 3667 3668 3660
f 3668 3661 3660
f 3668 3669 3661
f 3669 3662 3661
f 3669 3670 3662
f 3670 3663 3662
f 3670 3671 3663
f 3671 3664 3663
f 3671 3672 3664
f 3672 3657 3664
f 3672 3665 3657
f 3673 3666 3665
f 3673 3674 3666
f 3674 3667 3666
f 3674 3675 3667
f 3675 3668 3667
f 3675 3676 3668
f 3676 3669 3668
f 3676 3677 3669
f 3677 3670 3669
f 3677 3678 3670
f 3678 3671 3670
f 3678 3679 3671
f 3679 3672 3671
f 3679 3680 3672
f 3680 3665 3672
f 3680 3673 3665
f 3681 3674 3673
f 3681 3682 3674
f 3682 3675 3674
f 3682 3683 3675
f 3683 3676 3675
f 3683 3684 3676
f 3684 3677 3676
f 3684 3685 3677
f 3685 3678 3677
f 3685 3686 3678
f 3686 3679 3678
f 3686 3687 3679
f 3687 3680 3679
f 3687 3688 3680
f 3688 3673 3680
f 3688 3681 3673
f 3689 3682 3681
f 3689 3690 3682
f 3690 3683 3682
f 3690 3691 3683
f 3691 3684 3683
f 3691 3692 3684
f 3692 3685 3684
f 3692 3693 3685
f 3693 3686 3685
f 3693 3694 3686
f 3694 3687 3686
f 3694 3695 3687
f 3695 3688 3687
f 3695 3696 3688
f 3696 3681 3688
f 3696 3689 3681
f 3697 3699 3700
f 3698 3732 3731
f 3697 3700 3701
f 3698 3733 3732
f 3697 3701 3702
f 3698 3734 3733
f 3697 3702 3703
f 3698 3735 3734
f 3697 3703 3704
f 3698 3736 3735
f 3697 3704 3705
f 3698 3737 3736
f 3697 3705 3706
f 3698 3738 3737
f 3697 3706 3699
f 3698 3731 3738
f 3707 3700 3699
f 3707 3708 3700
f 3708 3701 3700
f 3708 3709 3701
f 3709 3702 3701
f 3709 3710 3702
f 3710 3703 3702
f 3710 3711 3703
f 3711 3704 3703
f 3711 3712 3704
f 3712 3705 3704
f 3712 3713 3705
f 3713 3706 3705
f 3713 3714 3706
f 3714 3699 3706
f 3714 3707 3699
f 3715 3708 3707
f 3715 3716 3708
f 3716 3709 3708
f 3716 3717 3709
f 3717 3710 3709
f 3717 3718 3710
f 3718 3711 3710
f 3718 3719 3711
f 3719 3712 3711
f 3719 3720 3712
f 3720 3713 3712
f 3720 3721 3713
f 3721 3714 3713
f 3721 3722 3714
f 3722 3707 3714
f 3722 3715 3707
f 3723 3716 3715
f 3723 3724 3716
f 3724 3717 3716
f 3724 3725 3717
f 3725 3718 3717
f 3725 3726 3718
f 3726 3719 3718
f 3726 3727 3719
f 3727 3720 3719
f 3727 3728 3720
f 3728 3721 3720
f 3728 3729 3721
f 3729 3722 3721
f 3729 3730 3722
f 3730 3715 3722
f 3730 3723 3715
f 3731 3724 3723
f 3731 3732 3724
f 3732 3725 3724
f 3732 3733 3725
f 3733 3726 3725
f 3733 3734 3726
f 3734 3727 3726
f 3734 3735 3727
f 3735 3728 3727
f 3735 3736 3728
f 3736 3729 3728
f 3736 3737 3729
f 3737 3730 3729
f 3737 3738 3730
f 3738 3723 3730
f 3738 3731 3723
f 3739 3741 3742
f 3740 3774 3773
f 3739 3742 3743
f 3740 3775 3774
f 3739 3743 3744
f 3740 3776 3775
f 3739 3744 3745
f 3740 3777 3776
f 3739 3745 3746
f 3740 3778 3777
f 3739 3746 3747
f 3740 3779 3778
f 3739 3747 3748
f 3740 3780 3779
f 3739 3748 3741
f 3740 3773 3780
f 3749 3742 3741
f 3749 3750 3742
f 3750 3743 3742
f 3750 3751 3743
f 3751 3744 3743
f 3751 3752 3744
f 3752 3745 3744
f 3752 3753 3745
f 3753 3746 3745
f 3753 3754 3746
f 3754 3747 3746
f 3754 3755 3747
f 3755 3748 3747
f 3755 3756 3748
f 3756 3741 3748
f 3756 3749 3741
f 3757 3750 3749
f 3757 3758 3750
f 3758 3751 3750
f 3758 3759 3751
f 3759 3752 3751
f 3759 3760 3752
f 3760 3753 3752
f 3760 3761 3753
f 3761 3754 3753
f 3761 3762 3754
f 3762 3755 3754
f 3762 3763 3755
f 3763 3756 3755
f 3763 3764 3756
f 3764 3749 3756
f 3764 3757 3749
f 3765 3758 3757
f 3765 3766 3758
f 3766 3759 3758
f 3766 3767 3759
f 3767 3760 3759
f 3767 3768 3760
f 3768 3761 3760
f 3768 3769 3761
f 3769 3762 3761
f 3769 3770 3762
f 3770 3763 3762
f 3770 3771 3763
f 3771 3764 3763
f 3771 3772 3764
f 3772 3757 3764
f 3772 3765 3757
f 3773 3766 3765
f 3773 3774 3766
f 3774 3767 3766
f 3774 3775 3767
f 3775 3768 3767
f 3775 3776 3768
f 3776 3769 3768
f 3776 3777 3769
f 3777 3770 3769
f 3777 3778 3770
f 3778 3771 3770
f 3778 3779 3771
f 3779 3772 3771
f 3779 3780 3772
f 3780 3765 3772
f 3780 3773 3765
f 3781 3783 3784
f 3782 3816 3815
f 3781 3784 3785
f 3782 3817 3816
f 3781 3785 3786
f 3782 3818 3817
f 3781 3786 3787
f 3782 3819 3818
f 3781 3787 3788
f 3782 3820 3819
f 3781 3788 3789
f 3782 3821 3820
f 3781 3789 3790
f 3782 3822 3821
f 3781 3790 3783
f 3782 3815 3822
f 3791 3784 3783
f 3791 3792 3784
f 3792 3785 3784
f 3792 3793 3785
f 3793 3786 3785
f 3793 3794 3786
f 3794 3787 3786
f 3794 3795 3787
f 3795 3788 3787
f 3795 3796 3788
f 3796 3789 3788
f 3796 3797 3789
f 3797 3790 3789
f 3797 3798 3790
f 3798 3783 3790
f 3798 3791 3783
f 3799 3792 3791
f 3799 3800 3792
f 3800 3793 3792
f 3800 3801 3793
f 3801 3794 3793
f 3801 3802 3794
f 3802 3795 3794
f 3802 3803 3795
f 3803 3796 3795
f 3803 3804 3796
f 3804 3797 3796
f 3804 3805 3797
f 3805 3798 3797
f 3805 3806 3798
f 3806 3791 3798
f 3806 3799 3791
f 3807 3800 3799
f 3807 3808 3800
f 3808 3801 3800
f 3808 3809 3801
f 3809 3802 3801
f 3809 3810 3802
f 3810 3803 3802
f 3810 3811 3803
f 3811 3804 3803
f 3811 3812 3804
f 3812 3805 3804
f 3812 3813 3805
f 3813 3806 3805
f 3813 3814 3806
f 3814 3799 3806
f 3814 3807 3799
f 3815 3808 3807
f 3815 3816 3808
f 3816 3809 3808
f 3816 3817 3809
f 3817 3810 3809
f 3817 3818 3810
f 3818 3811 3810
f 3818 3819 3811
f 3819 3812 3811
f 3819 3820 3812
f 3820 3813 3812
f 3820 3821 3813
f 3821 3814 3813
f 3821 3822 3814
f 3822 3807 3814
f 3822 3815 3807
f 3823 3825 3826
f 3824 3858 3857
f 3823 3826 3827
f 3824 3859 3858
f 3823 3827 3828
f 3824 3860 3859
f 3823 3828 3829
f 3824 3861 3860
f 3823 3829 3830
f 3824 3862 3861
f 3823 3830 3831
f 3824 3863 3862
f 3823 3831 3832
f 3824 3864 3863
f 3823 3832 3825
f 3824 3857 3864
f 3833 3826 3825
f 3833 3834 3826
f 3834 3827 3826
f 3834 3835 3827
f 3835 3828 3827
f 3835 3836 3828
f 3836 3829 3828
f 3836 3837 3829
f 3837 3830 3829
f 3837 3838 3830
f 3838 3831 3830
f 3838 3839 3831
f 3839 3832 3831
f 3839 3840 3832
f 3840 3825 3832
f 3840 3833 3825
f 3841 3834 3833
f 3841 3842 3834
f 3842 3835 3834
f 3842 3843 3835
f 3843 3836 3835
f 3843 3844 3836
f 3844 3837 3836
f 3844 3845 3837
f 3845 3838 3837
f 3845 3846 3838
f 3846 3839 3838
f 3846 3847 3839
f 3847 3840 3839
f 3847 3848 3840
f 3848 3833 3840
f 3848 3841 3833
f 3849 3842 3841
f 3849 3850 3842
f 3850 3843 3842
f 3850 3851 3843
f 3851 3844 3843
f 3851 3852 3844
f 3852 3845 3844
f 3852 3853 3845
f 3853 3846 3845
f 3853 3854 3846
f 3854 3847 3846
f 3854 3855 3847
f 3855 3848 3847
f 3855 3856 3848
f 3856 3841 3848
f 3856 3849 3841
f 3857 3850 3849
f 3857 3858 3850
f 3858 3851 3850
f 3858 3859 3851
f 3859 3852 3851
f 3859 3860 3852
f 3860 3853 3852
f 3860 3861 3853
f 3861 3854 3853
f 3861 3862 3854
f 3862 3855 3854
f 3862 3863 3855
f 3863 3856 3855
f 3863 3864 3856
f 3864 3849 3856
f 3864 3857 3849
f 3865 3867 3868
f 3866 3900 3899
f 3865 3868 3869
f 3866 3901 3900
f 3865 3869 3870
f 3866 3902 3901
f 3865 3870 3871
f 3866 3903 3902
f 3865 3871 3872
f 3866 3904 3903
f 3865 3872 3873
f 3866 3905 3904
f 3865 3873 3874
f 3866 3906 3905
f 3865 3874 3867
f 3866 3899 3906
f 3875 3868 3867
f 3875 3876 3868
f 3876 3869 3868
f 3876 3877 3869
f 3877 3870 3869
f 3877 3878 3870
f 3878 3871 3870
f 3878 3879 3871
f 3879 3872 3871
f 3879 3880 3872
f 3880 3873 3872
f 3880 3881 3873
f 3881 3874 3873
f 3881 3882 3874
f 3882 3867 3874
f 3882 3875 3867
f 3883 3876 3875
f 3883 3884 3876
f 3884 3877 3876
f 3884 3885 3877
f 3885 3878 3877
f 3885 3886 3878
f 3886 3879 3878
f 3886 3887 3879
f 3887 3880 3879
f 3887 3888 3880
f 3888 3881 3880
f 3888 3889 3881
f 3889 3882 3881
f 3889 3890 3882
f 3890 3875 3882
f 3890 3883 3875
f 3891 3884 3883
f 3891 3892 3884
f 3892 3885 3884
f 3892 3893 3885
f 3893 3886 3885
f 3893 3894 3886
f 3894 3887 3886
f 3894 3895 3887
f 3895 3888 3887
f 3895 3896 3888
f 3896 3889 3888
f 3896 3897 3889
f 3897 3890 3889
f 3897 3898 3890
f 3898 3883 3890
f 3898 3891 3883
f 3899 3892 3891
f 3899 3900 3892
f 3900 3893 3892
f 3900 3901 3893
f 3901 3894 3893
f 3901 3902 3894
f 3902 3895 3894
f 3902 3903 3895
f 3903 3896 3895
f 3903 3904 3896
f 3904 3897 3896
f 3904 3905 3897
f 3905 3898 3897
f 3905 3906 3898
f 3906 3891 3898
f 3906 3899 3891
f 3907 3909 3910
f 3908 3942 3941
f 3907 3910 3911
f 3908 3943 3942
f 3907 3911 3912
f 3908 3944 3943
f 3907 3912 3913
f 3908 3945 3944
f 3907 3913 3914
f 3908 3946 3945
f 3907 3914 3915
f 3908 3947 3946
f 3907 3915 3916
f 3908 3948 3947
f 3907 3916 3909
f 3908 3941 3948
f 3917 3910 3909
f 3917 3918 3910
f 3918 3911 3910
f 3918 3919 3911
f 3919 3912 3911
f 3919 3920 3912
f 3920 3913 3912
f 3920 3921 3913
f 3921 3914 3913
f 3921 3922 3914
f 3922 3915 3914
f 3922 3923 3915
f 3923 3916 3915
f 3923 3924 3916
f 3924 3909 3916
f 3924 3917 3909
f 3925 3918 3917
f 3925 3926 3918
f 3926 3919 3918
f 3926 3927 3919
f 3927 3920 3919
f 3927 3928 3920
f 3928 3921 3920
f 3928 3929 3921
f 3929 3922 3921
f 3929 3930 3922
f 3930 3923 3922
f 3930 3931 3923
f 3931 3924 3923
f 3931 3932 3924
f 3932 3917 3924
f 3932 3925 3917
f 3933 3926 3925
f 3933 3934 3926
f 3934 3927 3926
f 3934 3935 3927
f 3935 3928 3927
f 3935 3936 3928
f 3936 3929 3928
f 3936 3937 3929
f 3937 3930 3929
f 3937 3938 3930
f 3938 3931 3930
f 3938 3939 3931
f 3939 3932 3931
f 3939 3940 3932
f 3940 3925 3932
f 3940 3933 3925
f 3941 3934 3933
f 3941 3942 3934
f 3942 3935 3934
f 3942 3943 3935
f 3943 3936 3935
f 3943 3944 3936
f 3944 3937 3936
f 3944 3945 3937
f 3945 3938 3937
f 3945 3946 3938
f 3946 3939 3938
f 3946 3947 3939
f 3947 3940 3939
f 3947 3948 3940
f 3948 3933 3940
f 3948 3941 3933
f 3949 3951 3952
f 3950 3984 3983
f 3949 3952 3953
f 3950 3985 3984
f 3949 3953 3954
f 3950 3986 3985
f 3949 3954 3955
f 3950 3987 3986
f 3949 3955 3956
f 3950 3988 3987
f 3949 3956 3957
f 3950 3989 3988
f 3949 3957 3958
f 3950 3990 3989
f 3949 3958 3951
f 3950 3983 3990
f 3959 3952 3951
f 3959 3960 3952
f 3960 3953 3952
f 3960 3961 3953
f 3961 3954 3953
f 3961 3962 3954
f 3962 3955 3954
f 3962 3963 3955
f 3963 3956 3955
f 3963 3964 3956
f 3964 3957 3956
f 3964 3965 3957
f 3965 3958 3957
f 3965 3966 3958
f 3966 3951 3958
f 3966 3959 3951
f 3967 3960 3959
f 3967 3968 3960
f 3968 3961 3960
f 3968 3969 3961
f 3969 3962 3961
f 3969 3970 3962
f 3970 3963 3962
f 3970 3971 3963
f 3971 3964 3963
f 3971 3972 3964
f 3972 3965 3964
f 3972 3973 3965
f 3973 3966 3965
f 3973 3974 3966
f 3974 3959 3966
f 3974 3967 3959
f 3975 3968 3967
f 3975 3976 3968
f 3976 3969 3968
f 3976 3977 3969
f 3977 3970 3969
f 3977 3978 3970
f 3978 3971 3970
f 3978 3979 3971
f 3979 3972 3971
f 3979 3980 3972
f 3980 3973 3972
f 3980 3981 3973
f 3981 3974 3973
f 3981 3982 3974
f 3982 3967 3974
f 3982 3975 3967
f 3983 3976 3975
f 3983 3984 3976
f 3984 3977 3976
f 3984 3985 3977
f 3985 3978 3977
f 3985 3986 3978
f 3986 3979 3978
f 3986 3987 3979
f 3987 3980 3979
f 3987 3988 3980
f 3988 3981 3980
f 3988 3989 3981
f 3989 3982 3981
f 3989 3990 3982
f 3990 3975 3982
f 3990 3983 3975
f 3991 3993 3994
f 3992 4026 4025
f 3991 3994 3995
f 3992 4027 4026
f 3991 3995 3996
f 3992 4028 4027
f 3991 3996 3997
f 3992 4029 4028
f 3991 3997 3998
f 3992 4030 4029
f 3991 3998 3999
f 3992 4031 4030
f 3991 3999 4000
f 3992 4032 4031
f 3991 4000 3993
f 3992 4025 4032
f 4001 3994 3993
f 4001 4002 3994
f 4002 3995 3994
f 4002 4003 3995
f 4003 3996 3995
f 4003 4004 3996
f 4004 3997 3996
f 4004 4005 3997
f 4005 3998 3997
f 4005 4006 3998
f 4006 3999 3998
f 4006 4007 3999
f 4007 4000 3999
f 4007 4008 4000
f 4008 3993 4000
f 4008 4001 3993
f 4009 4002 4001
f 4009 4010 4002
f 4010 4003 4002
f 4010 4011 4003
f 4011 4004 4003
f 4011 4012 4004
f 4012 4005 4004
f 4012 4013 4005
f 4013 4006 4005
f 4013 4014 4006
f 4014 4007 4006
f 4014 4015 4007
f 4015 4008 4007
f 4015 4016 4008
f 4016 4001 4008
f 4016 4009 4001
f 4017 4010 4009
f 4017 4018 4010
f 4018 4011 4010
f 4018 4019 4011
f 4019 4012 4011
f 4019 4020 4012
f 4020 4013 4012
f 4020 4021 4013
f 4021 4014 4013
f 4021 4022 4014
f 4022 4015 4014
f 4022 4023 4015
f 4023 4016 4015
f 4023 4024 4016
f 4024 4009 4016
f 4024 4017 4009
f 4025 4018 4017
f 4025 4026 4018
f 4026 4019 4018
f 4026 4027 4019
f 4027 4020 4019
f 4027 4028 4020
f 4028 4021 4020
f 4028 4029 4021
f 4029 4022 4021
f 4029 4030 4022
f 4030 4023 4022
f 4030 4031 4023
f 4031 4024 4023
f 4031 4032 4024
f 4032 4017 4024
f 4032 4025 4017
f 4033 4035 4036
f 4034 4068 4067
f 4033 4036 4037
f 4034 4069 4068
f 4033 4037 4038
f 4034 4070 4069
f 4033 4038 4039
f 4034 4071 4070
f 4033 4039 4040
f 4034 4072 4071
f 4033 4040 4041
f 4034 4073 4072
f 4033 4041 4042
f 4034 4074 4073
f 4033 4042 4035
f 4034 4067 4074
f 4043 4036 4035
f 4043 4044 4036
f 4044 4037 4036
f 4044 4045 4037
f 4045 4038 4037
f 4045 4046 4038
f 4046 4039 4038
f 4046 4047 4039
f 4047 4040 4039
f 4047 4048 4040
f 4048 4041 4040
f 4048 4049 4041
f 4049 4042 4041
f 4049 4050 4042
f 4050 4035 4042
f 4050 4043 4035
f 4051 4044 4043
f 4051 4052 4044
f 4052 4045 4044
f 4052 4053 4045
f 4053 4046 4045
f 4053 4054 4046
f 4054 4047 4046
f 4054 4055 4047
f 4055 4048 4047
f 4055 4056 4048
f 4056 4049 4048
f 4056 4057 4049
f 4057 4050 4049
f 4057 4058 4050
f 4058 4043 4050
f 4058 4051 4043
f 4059 4052 4051
f 4059 4060 4052
f 4060 4053 4052
f 4060 4061 4053
f 4061 4054 4053
f 4061 4062 4054
f 4062 4055 4054
f 4062 4063 4055
f 4063 4056 4055
f 4063 4064 4056
f 4064 4057 4056
f 4064 4065 4057
f 4065 4058 4057
f 4065 4066 4058
f 4066 4051 4058
f 4066 4059 4051
f 4067 4060 4059
f 4067 4068 4060
f 4068 4061 4060
f 4068 4069 4061
f 4069 4062 4061
f 4069 4070 4062
f 4070 4063 4062
f 4070 4071 4063
f 4071 4064 4063
f 4071 4072 4064
f 4072 4065 4064
f 4072 4073 4065
f 4073 4066 4065
f 4073 4074 4066
f 4074 4059 4066
f 4074 4067 4059
f 4075 4077 4078
f 4076 4110 4109
f 4075 4078 4079
f 4076 4111 4110
f 4075 4079 4080
f 4076 4112 4111
f 4075 4080 4081
f 4076 4113 4112
f 4075 4081 4082
f 4076 4114 4113
f 4075 4082 4083
f 4076 4115 4114
f 4075 4083 4084
f 4076 4116 4115
f 4075 4084 4077
f 4076 4109 4116
f 4085 4078 4077
f 4085 4086 4078
f 4086 4079 4078
f 4086 4087 4079
f 4087 4080 4079
f 4087 4088 4080
f 4088 4081 4080
f 4088 4089 4081
f 4089 4082 4081
f 4089 4090 4082
f 4090 4083 4082
f 4090 4091 4083
f 4091 4084 4083
f 4091 4092 4084
f 4092 4077 4084
f 4092 4085 4077
f 4093 4086 4085
f 4093 4094 4086
f 4094 4087 4086
f 4094 4095 4087
f 4095 4088 4087
f 4095 4096 4088
f 4096 4089 4088
f 4096 4097 4089
f 4097 4090 4089
f 4097 4098 4090
f 4098 4091 4090
f 4098 4099 4091
f 4099 4092 4091
f 4099 4100 4092
f 4100 4085 4092
f 4100 4093 4085
f 4101 4094 4093
f 4101 4102 4094
f 4102 4095 4094
f 4102 4103 4095
f 4103 4096 4095
f 4103 4104 4096
f 4104 4097 4096
f 4104 4105 4097
f 4105 4098 4097
f 4105 4106 4098
f 4106 4099 4098
f 4106 4107 4099
f 4107 4100 4099
f 4107 4108 4100
f 4108 4093 4100
f 4108 4101 4093
f 4109 4102 4101
f 4109 4110 4102
f 4110 4103 4102
f 4110 4111 4103
f 4111 4104 4103
f 4111 4112 4104
f 4112 4105 4104
f 4112 4113 4105
f 4113 4106 4105
f 4113 4114 4106
f 4114 4107 4106
f 4114 4115 4107
f 4115 4108 4107
f 4115 4116 4108
f 4116 4101 4108
f 4116 4109 4101
f 4117 4119 4120
f 4118 4152 4151
f 4117 4120 4121
f 4118 4153 4152
f 4117 4121 4122
f 4118 4154 4153
f 4117 4122 4123
f 4118 4155 4154
f 4117 4123 4124
f 4118 4156 4155
f 4117 4124 4125
f 4118 4157 4156
f 4117 4125 4126
f 4118 4158 4157
f 4117 4126 4119
f 4118 4151 4158
f 4127 4120 4119
f 4127 4128 4120
f 4128 4121 4120
f 4128 4129 4121
f 4129 4122 4121
f 4129 4130 4122
f 4130 4123 4122
f 4130 4131 4123
f 4131 4124 4123
f 4131 4132 4124
f 4132 4125 4124
f 4132 4133 4125
f 4133 4126 4125
f 4133 4134 4126
f 4134 4119 4126
f 4134 4127 4119
f 4135 4128 4127
f 4135 4136 4128
f 4136 4129 4128
f 4136 4137 4129
f 4137 4130 4129
f 4137 4138 4130
f 4138 4131 4130
f 4138 4139 4131
f 4139 4132 4131
f 4139 4140 4132
f 4140 4133 4132
f 4140 4141 4133
f 4141 4134 4133
f 4141 4142 4134
f 4142 4127 4134
f 4142 4135 4127
f 4143 4136 4135
f 4143 4144 4136
f 4144 4137 4136
f 4144 4145 4137
f 4145 4138 4137
f 4145 4146 4138
f 4146 4139 4138
f 4146 4147 4139
f 4147 4140 4139
f 4147 4148 4140
f 4148 4141 4140
f 4148 4149 4141
f 4149 4142 4141
f 4149 4150 4142
f 4150 4135 4142
f 4150 4143 4135
f 4151 4144 4143
f 4151 4152 4144
f 4152 4145 4144
f 4152 4153 4145
f 4153 4146 4145
f 4153 4154 4146
f 4154 4147 4146
f 4154 4155 4147
f 4155 4148 4147
f 4155 4156 4148
f 4156 4149 4148
f 4156 4157 4149
f 4157 4150 4149
f 4157 4158 4150
f 4158 4143 4150
f 4158 4151 4143
f 4159 4161 4162
f 4160 4194 4193
f 4159 4162 4163
f 4160 4195 4194
f 4159 4163 4164
f 4160 4196 4195
f 4159 4164 4165
f 4160 4197 4196
f 4159 4165 4166
f 4160 4198 4197
f 4159 4166 4167
f 4160 4199 4198
f 4159 4167 4168
f 4160 4200 4199
f 4159 4168 4161
f 4160 4193 4200
f 4169 4162 4161
f 4169 4170 4162
f 4170 4163 4162
f 4170 4171 4163
f 4171 4164 4163
f 4171 4172 4164
f 4172 4165 4164
f 4172 4173 4165
f 4173 4166 4165
f 4173 4174 4166
f 4174 4167 4166
f 4174 4175 4167
f 4175 4168 4167
f 4175 4176 4168
f 4176 4161 4168
f 4176 4169 4161
f 4177 4170 4169
f 4177 4178 4170
f 4178 4171 4170
f 4178 4179 4171
f 4179 4172 4171
f 4179 4180 4172
f 4180 4173 4172
f 4180 4181 4173
f 4181 4174 4173
f 4181 4182 4174
f 4182 4175 4174
f 4182 4183 4175
f 4183 4176 4175
f 4183 4184 4176
f 4184 4169 4176
f 4184 4177 4169
f 4185 4178 4177
f 4185 4186 4178
f 4186 4179 4178
f 4186 4187 4179
f 4187 4180 4179
f 4187 4188 4180
f 4188 4181 4180
f 4188 4189 4181
f 4189 4182 4181
f 4189 4190 4182
f 4190 4183 4182
f 4190 4191 4183
f 4191 4184 4183
f 4191 4192 4184
f 4192 4177 4184
f 4192 4185 4177
f 4193 4186 4185
f 4193 4194 4186
f 4194 4187 4186
f 4194 4195 4187
f 4195 4188 4187
f 4195 4196 4188
f 4196 4189 4188
f 4196 4197 4189
f 4197 4190 4189
f 4197 4198 4190
f 4198 4191 4190
f 4198 4199 4191
f 4199 4192 4191
f 4199 4200 4192
f 4200 4185 4192
f 4200 4193 4185
f 4201 4203 4204
f 4202 4236 4235
f 4201 4204 4205
f 4202 4237 4236
f 4201 4205 4206
f 4202 4238 4237
f 4201 4206 4207
f 4202 4239 4238
f 4201 4207 4208
f 4202 4240 4239
f 4201 4208 4209
f 4202 4241 4240
f 4201 4209 4210
f 4202 4242 4241
f 4201 4210 4203
f 4202 4235 4242
f 4211 4204 4203
f 4211 4212 4204
f 4212 4205 4204
f 4212 4213 4205
f 4213 4206 4205
f 4213 4214 4206
f 4214 4207 4206
f 4214 4215 4207
f 4215 4208 4207
f 4215 4216 4208
f 4216 4209 4208
f 4216 4217 4209
f 4217 4210 4209
f 4217 4218 4210
f 4218 4203 4210
f 4218 4211 4203
f 4219 4212 4211
f 4219 4220 4212
f 4220 4213 4212
f 4220 4221 4213
f 4221 4214 4213
f 4221 4222 4214
f 4222 4215 4214
f 4222 4223 4215
f 4223 4216 4215
f 4223 4224 4216
f 4224 4217 4216
f 4224 4225 4217
f 4225 4218 4217
f 4225 4226 4218
f 4226 4211 4218
f 4226 4219 4211
f 4227 4220 4219
f 4227 4228 4220
f 4228 4221 4220
f 4228 4229 4221
f 4229 4222 4221
f 4229 4230 4222
f 4230 4223 4222
f 4230 4231 4223
f 4231 4224 4223
f 4231 4232 4224
f 4232 4225 4224
f 4232 4233 4225
f 4233 4226 4225
f 4233 4234 4226
f 4234 4219 4226
f 4234 4227 4219
f 4235 4228 4227
f 4235 4236 4228
f 4236 4229 4228
f 4236 4237 4229
f 4237 4230 4229
f 4237 4238 4230
f 4238 4231 4230
f 4238 4239 4231
f 4239 4232 4231
f 4239 4240 4232
f 4240 4233 4232
f 4240 4241 4233
f 4241 4234 4233
f 4241 4242 4234
f 4242 4227 4234
f 4242 4235 4227
f 4243 4245 4246
f 4244 4278 4277
f 4243 4246 4247
f 4244 4279 4278
f 4243 4247 4248
f 4244 4280 4279
f 4243 4248 4249
f 4244 4281 4280
f 4243 4249 4250
f 4244 4282 4281
f 4243 4250 4251
f 4244 4283 4282
f 4243 4251 4252
f 4244 4284 4283
f 4243 4252 4245
f 4244 4277 4284
f 4253 4246 4245
f 4253 4254 4246
f 4254 4247 4246
f 4254 4255 4247
f 4255 4248 4247
f 4255 4256 4248
f 4256 4249 4248
f 4256 4257 4249
f 4257 4250 4249
f 4257 4258 4250
f 4258 4251 4250
f 4258 4259 4251
f 4259 4252 4251
f 4259 4260 4252
f 4260 4245 4252
f 4260 4253 4245
f 4261 4254 4253
f 4261 4262 4254
f 4262 4255 4254
f 4262 4263 4255
f 4263 4256 4255
f 4263 4264 4256
f 4264 4257 4256
f 4264 4265 4257
f 4265 4258 4257
f 4265 4266 4258
f 4266 4259 4258
f 4266 4267 4259
f 4267 4260 4259
f 4267 4268 4260
f 4268 4253 4260
f 4268 4261 4253
f 4269 4262 4261
f 4269 4270 4262
f 4270 4263 4262
f 4270 4271 4263
f 4271 4264 4263
f 4271 4272 4264
f 4272 4265 4264
f 4272 4273 4265
f 4273 4266 4265
f 4273 4274 4266
f 4274 4267 4266
f 4274 4275 4267
f 4275 4268 4267
f 4275 4276 4268
f 4276 4261 4268
f 4276 4269 4261
f 4277 4270 4269
f 4277 4278 4270
f 4278 4271 4270
f 4278 4279 4271
f 4279 4272 4271
f 4279 4280 4272
f 4280 4273 4272
f 4280 4281 4273
f 4281 4274 4273
f 4281 4282 4274
f 4282 4275 4274
f 4282 4283 4275
f 4283 4276 4275
f 4283 4284 4276
f 4284 4269 4276
f 4284 4277 4269
f 4285 4287 4288
f 4286 4320 4319
f 4285 4288 4289
f 4286 4321 4320
f 4285 4289 4290
f 4286 4322 4321
f 4285 4290 4291
f 4286 4323 4322
f 4285 4291 4292
f 4286 4324 4323
f 4285 4292 4293
f 4286 4325 4324
f 4285 4293 4294
f 4286 4326 4325
f 4285 4294 4287
f 4286 4319 4326
f 4295 4288 4287
f 4295 4296 4288
f 4296 4289 4288
f 4296 4297 4289
f 4297 4290 4289
f 4297 4298 4290
f 4298 4291 4290
f 4298 4299 4291
f 4299 4292 4291
f 4299 4300 4292
f 4300 4293 4292
f 4300 4301 4293
f 4301 4294 4293
f 4301 4302 4294
f 4302 4287 4294
f 4302 4295 4287
f 4303 4296 4295
f 4303 4304 4296
f 4304 4297 4296
f 4304 4305 4297
f 4305 4298 4297
f 4305 4306 4298
f 4306 4299 4298
f 4306 4307 4299
f 4307 4300 4299
f 4307 4308 4300
f 4308 4301 4300
f 4308 4309 4301
f 4309 4302 4301
f 4309 4310 4302
f 4310 4295 4302
f 4310 4303 4295
f 4311 4304 4303
f 4311 4312 4304
f 4312 4305 4304
f 4312 4313 4305
f 4313 4306 4305
f 4313 4314 4306
f 4314 4307 4306
f 4314 4315 4307
f 4315 4308 4307
f 4315 4316 4308
f 4316 4309 4308
f 4316 4317 4309
f 4317 4310 4309
f 4317 4318 4310
f 4318 4303 4310
f 4318 4311 4303
f 4319 4312 4311
f 4319 4320 4312
f 4320 4313 4312
f 4320 4321 4313
f 4321 4314 4313
f 4321 4322 4314
f 4322 4315 4314
f 4322 4323 4315
f 4323 4316 4315
f 4323 4324 4316
f 4324 4317 4316
f 4324 4325 4317
f 4325 4318 4317
f 4325 4326 4318
f 4326 4311 4318
f 4326 4319 4311
f 4327 4329 4330
f 4328 4362 4361
f 4327 4330 4331
f 4328 4363 4362
f 4327 4331 4332
f 4328 4364 4363
f 4327 4332 4333
f 4328 4365 4364
f 4327 4333 4334
f 4328 4366 4365
f 4327 4334 4335
f 4328 4367 4366
f 4327 4335 4336
f 4328 4368 4367
f 4327 4336 4329
f 4328 4361 4368
f 4337 4330 4329
f 4337 4338 4330
f 4338 4331 4330
f 4338 4339 4331
f 4339 4332 4331
f 4339 4340 4332
f 4340 4333 4332
f 4340 4341 4333
f 4341 4334 4333
f 4341 4342 4334
f 4342 4335 4334
f 4342 4343 4335
f 4343 4336 4335
f 4343 4344 4336
f 4344 4329 4336
f 4344 4337 4329
f 4345 4338 4337
f 4345 4346 4338
f 4346 4339 4338
f 4346 4347 4339
f 4347 4340 4339
f 4347 4348 4340
f 4348 4341 4340
f 4348 4349 4341
f 4349 4342 4341
f 4349 4350 4342
f 4350 4343 4342
f 4350 4351 4343
f 4351 4344 4343
f 4351 4352 4344
f 4352 4337 4344
f 4352 4345 4337
f 4353 4346 4345
f 4353 4354 4346
f 4354 4347 4346
f 4354 4355 4347
f 4355 4348 4347
f 4355 4356 4348
f 4356 4349 4348
f 4356 4357 4349
f 4357 4350 4349
f 4357 4358 4350
f 4358 4351 4350
f 4358 4359 4351
f 4359 4352 4351
f 4359 4360 4352
f 4360 4345 4352
f 4360 4353 4345
f 4361 4354 4353
f 4361 4362 4354
f 4362 4355 4354
f 4362 4363 4355
f 4363 4356 4355
f 4363 4364 4356
f 4364 4357 4356
f 4364 4365 4357
f 4365 4358 4357
f 4365 4366 4358
f 4366 4359 4358
f 4366 4367 4359
f 4367 4360 4359
f 4367 4368 4360
f 4368 4353 4360
f 4368 4361 4353
f 4369 4371 4372
f 4370 4404 4403
f 4369 4372 4373
f 4370 4405 4404
f 4369 4373 4374
f 4370 4406 4405
f 4369 4374 4375
f 4370 4407 4406
f 4369 4375 4376
f 4370 4408 4407
f 4369 4376 4377
f 4370 4409 4408
f 4369 4377 4378
f 4370 4410 4409
f 4369 4378 4371
f 4370 4403 4410
f 4379 4372 4371
f 4379 4380 4372
f 4380 4373 4372
f 4380 4381 4373
f 4381 4374 4373
f 4381 4382 4374
f 4382 4375 4374
f 4382 4383 4375
f 4383 4376 4375
f 4383 4384 4376
f 4384 4377 4376
f 4384 4385 4377
f 4385 4378 4377
f 4385 4386 4378
f 4386 4371 4378
f 4386 4379 4371
f 4387 4380 4379
f 4387 4388 4380
f 4388 4381 4380
f 4388 4389 4381
f 4389 4382 4381
f 4389 4390 4382
f 4390 4383 4382
f 4390 4391 4383
f 4391 4384 4383
f 4391 4392 4384
f 4392 4385 4384
f 4392 4393 4385
f 4393 4386 4385
f 4393 4394 4386
f 4394 4379 4386
f 4394 4387 4379
f 4395 4388 4387
f 4395 4396 4388
f 4396 4389 4388
f 4396 4397 4389
f 4397 4390 4389
f 4397 4398 4390
f 4398 4391 4390
f 4398 4399 4391
f 4399 4392 4391
f 4399 4400 4392
f 4400 4393 4392
f 4400 4401 4393
f 4401 4394 4393
f 4401 4402 4394
f 4402 4387 4394
f 4402 4395 4387
f 4403 4396 4395
f 4403 4404 4396
f 4404 4397 4396
f 4404 4405 4397
f 4405 4398 4397
f 4405 4406 4398
f 4406 4399 4398
f 4406 4407 4399
f 4407 4400 4399
f 4407 4408 4400
f 4408 4401 4400
f 4408 4409 4401
f 4409 4402 4401
f 4409 4410 4402
f 4410 4395 4402
f 4410 4403 4395
f 4411 4413 4414
f 4412 4446 4445
f 4411 4414 4415
f 4412 4447 4446
f 4411 4415 4416
f 4412 4448 4447
f 4411 4416 4417
f 4412 4449 4448
f 4411 4417 4418
f 4412 4450 4449
f 4411 4418 4419
f 4412 4451 4450
f 4411 4419 4420
f 4412 4452 4451
f 4411 4420 4413
f 4412 4445 4452
f 4421 4414 4413
f 4421 4422 4414
f 4422 4415 4414
f 4422 4423 4415
f 4423 4416 4415
f 4423 4424 4416
f 4424 4417 4416
f 4424 4425 4417
f 4425 4418 4417
f 4425 4426 4418
f 4426 4419 4418
f 4426 4427 4419
f 4427 4420 4419
f 4427 4428 4420
f 4428 4413 4420
f 4428 4421 4413
f 4429 4422 4421
f 4429 4430 4422
f 4430 4423 4422
f 4430 4431 4423
f 4431 4424 4423
f 4431 4432 4424
f 4432 4425 4424
f 4432 4433 4425
f 4433 4426 4425
f 4433 4434 4426
f 4434 4427 4426
f 4434 4435 4427
f 4435 4428 4427
f 4435 4436 4428
f 4436 4421 4428
f 4436 4429 4421
f 4437 4430 4429
f 4437 4438 4430
f 4438 4431 4430
f 4438 4439 4431
f 4439 4432 4431
f 4439 4440 4432
f 4440 4433 4432
f 4440 4441 4433
f 4441 4434 4433
f 4441 4442 4434
f 4442 4435 4434
f 4442 4443 4435
f 4443 4436 4435
f 4443 4444 4436
f 4444 4429 4436
f 4444 4437 4429
f 4445 4438 4437
f 4445 4446 4438
f 4446 4439 4438
f 4446 4447 4439
f 4447 4440 4439
f 4447 4448 4440
f 4448 4441 4440
f 4448 4449 4441
f 4449 4442 4441
f 4449 4450 4442
f 4450 4443 4442
f 4450 4451 4443
f 4451 4444 4443
f 4451 4452 4444
f 4452 4437 4444
f 4452 4445 4437
f 4453 4455 4456
f 4454 4488 4487
f 4453 4456 4457
f 4454 4489 4488
f 4453 4457 4458
f 4454 4490 4489
f 4453 4458 4459
f 4454 4491 4490
f 4453 4459 4460
f 4454 4492 4491
f 4453 4460 4461
f 4454 4493 4492
f 4453 4461 4462
f 4454 4494 4493
f 4453 4462 4455
f 4454 4487 4494
f 4463 4456 4455
f 4463 4464 4456
f 4464 4457 4456
f 4464 4465 4457
f 4465 4458 4457
f 4465 4466 4458
f 4466 4459 4458
f 4466 4467 4459
f 4467 4460 4459
f 4467 4468 4460
f 4468 4461 4460
f 4468 4469 4461
f 4469 4462 4461
f 4469 4470 4462
f 4470 4455 4462
f 4470 4463 4455
f 4471 4464 4463
f 4471 4472 4464
f 4472 4465 4464
f 4472 4473 4465
f 4473 4466 4465
f 4473 4474 4466
f 4474 4467 4466
f 4474 4475 4467
f 4475 4468 4467
f 4475 4476 4468
f 4476 4469 4468
f 4476 4477 4469
f 4477 4470 4469
f 4477 4478 4470
f 4478 4463 4470
f 4478 4471 4463
f 4479 4472 4471
f 4479 4480 4472
f 4480 4473 4472
f 4480 4481 4473
f 4481 4474 4473
f 4481 4482 4474
f 4482 4475 4474
f 4482 4483 4475
f 4483 4476 4475
f 4483 4484 4476
f 4484 4477 4476
f 4484 4485 4477
f 4485 4478 4477
f 4485 4486 4478
f 4486 4471 4478
f 4486 4479 4471
f 4487 4480 4479
f 4487 4488 4480
f 4488 4481 4480
f 4488 4489 4481
f 4489 4482 4481
f 4489 4490 4482
f 4490 4483 4482
f 4490 4491 4483
f 4491 4484 4483
f 4491 4492 4484
f 4492 4485 4484
f 4492 4493 4485
f 4493 4486 4485
f 4493 4494 4486
f 4494 4479 4486
f 4494 4487 4479
f 4495 4497 4498
f 4496 4530 4529
f 4495 4498 4499
f 4496 4531 4530
f 4495 4499 4500
f 4496 4532 4531
f 4495 4500 4501
f 4496 4533 4532
f 4495 4501 4502
f 4496 4534 4533
f 4495 4502 4503
f 4496 4535 4534
f 4495 4503 4504
f 4496 4536 4535
f 4495 4504 4497
f 4496 4529 4536
f 4505 4498 4497
f 4505 4506 4498
f 4506 4499 4498
f 4506 4507 4499
f 4507 4500 4499
f 4507 4508 4500
f 4508 4501 4500
f 4508 4509 4501
f 4509 4502 4501
f 4509 4510 4502
f 4510 4503 4502
f 4510 4511 4503
f 4511 4504 4503
f 4511 4512 4504
f 4512 4497 4504
f 4512 4505 4497
f 4513 4506 4505
f 4513 4514 4506
f 4514 4507 4506
f 4514 4515 4507
f 4515 4508 4507
f 4515 4516 4508
f 4516 4509 4508
f 4516 4517 4509
f 4517 4510 4509
f 4517 4518 4510
f 4518 4511 4510
f 4518 4519 4511
f 4519 4512 4511
f 4519 4520 4512
f 4520 4505 4512
f 4520 4513 4505
f 4521 4514 4513
f 4521 4522 4514
f 4522 4515 4514
f 4522 4523 4515
f 4523 4516 4515
f 4523 4524 4516
f 4524 4517 4516
f 4524 4525 4517
f 4525 4518 4517
f 4525 4526 4518
f 4526 4519 4518
f 4526 4527 4519
f 4527 4520 4519
f 4527 4528 4520
f 4528 4513 4520
f 4528 4521 4513
f 4529 4522 4521
f 4529 4530 4522
f 4530 4523 4522
f 4530 4531 4523
f 4531 4524 4523
f 4531 4532 4524
f 4532 4525 4524
f 4532 4533 4525
f 4533 4526 4525
f 4533 4534 4526
f 4534 4527 4526
f 4534 4535 4527
f 4535 4528 4527
f 4535 4536 4528
f 4536 4521 4528
f 4536 4529 4521
f 4537 4539 4540
f 4538 4572 4571
f 4537 4540 4541
f 4538 4573 4572
f 4537 4541 4542
f 4538 4574 4573
f 4537 4542 4543
f 4538 4575 4574
f 4537 4543 4544
f 4538 4576 4575
f 4537 4544 4545
f 4538 4577 4576
f 4537 4545 4546
f 4538 4578 4577
f 4537 4546 4539
f 4538 4571 4578
f 4547 4540 4539
f 4547 4548 4540
f 4548 4541 4540
f 4548 4549 4541
f 4549 4542 4541
f 4549 4550 4542
f 4550 4543 4542
f 4550 4551 4543
f 4551 4544 4543
f 4551 4552 4544
f 4552 4545 4544
f 4552 4553 4545
f 4553 4546 4545
f 4553 4554 4546
f 4554 4539 4546
f 4554 4547 4539
f 4555 4548 4547
f 4555 4556 4548
f 4556 4549 4548
f 4556 4557 4549
f 4557 4550 4549
f 4557 4558 4550
f 4558 4551 4550
f 4558 4559 4551
f 4559 4552 4551
f 4559 4560 4552
f 4560 4553 4552
f 4560 4561 4553
f 4561 4554 4553
f 4561 4562 4554
f 4562 4547 4554
f 4562 4555 4547
f 4563 4556 4555
f 4563 4564 4556
f 4564 4557 4556
f 4564 4565 4557
f 4565 4558 4557
f 4565 4566 4558
f 4566 4559 4558
f 4566 4567 4559
f 4567 4560 4559
f 4567 4568 4560
f 4568 4561 4560
f 4568 4569 4561
f 4569 4562 4561
f 4569 4570 4562
f 4570 4555 4562
f 4570 4563 4555
f 4571 4564 4563
f 4571 4572 4564
f 4572 4565 4564
f 4572 4573 4565
f 4573 4566 4565
f 4573 4574 4566
f 4574 4567 4566
f 4574 4575 4567
f 4575 4568 4567
f 4575 4576 4568
f 4576 4569 4568
f 4576 4577 4569
f 4577 4570 4569
f 4577 4578 4570
f 4578 4563 4570
f 4578 4571 4563
f 4579 4581 4582
f 4580 4614 4613
f 4579 4582 4583
f 4580 4615 4614
f 4579 4583 4584
f 4580 4616 4615
f 4579 4584 4585
f 4580 4617 4616
f 4579 4585 4586
f 4580 4618 4617
f 4579 4586 4587
f 4580 4619 4618
f 4579 4587 4588
f 4580 4620 4619
f 4579 4588 4581
f 4580 4613 4620
f 4589 4582 4581
f 4589 4590 4582
f 4590 4583 4582
f 4590 4591 4583
f 4591 4584 4583
f 4591 4592 4584
f 4592 4585 4584
f 4592 4593 4585
f 4593 4586 4585
f 4593 4594 4586
f 4594 4587 4586
f 4594 4595 4587
f 4595 4588 4587
f 4595 4596 4588
f 4596 4581 4588
f 4596 4589 4581
f 4597 4590 4589
f 4597 4598 4590
f 4598 4591 4590
f 4598 4599 4591
f 4599 4592 4591
f 4599 4600 4592
f 4600 4593 4592
f 4600 4601 4593
f 4601 4594 4593
f 4601 4602 4594
f 4602 4595 4594
f 4602 4603 4595
f 4603 4596 4595
f 4603 4604 4596
f 4604 4589 4596
f 4604 4597 4589
f 4605 4598 4597
f 4605 4606 4598
f 4606 4599 4598
f 4606 4607 4599
f 4607 4600 4599
f 4607 4608 4600
f 4608 4601 4600
f 4608 4609 4601
f 4609 4602 4601
f 4609 4610 4602
f 4610 4603 4602
f 4610 4611 4603
f 4611 4604 4603
f 4611 4612 4604
f 4612 4597 4604
f 4612 4605 4597
f 4613 4606 4605
f 4613 4614 4606
f 4614 4607 4606
f 4614 4615 4607
f 4615 4608 4607
f 4615 4616 4608
f 4616 4609 4608
f 4616 4617 4609
f 4617 4610 4609
f 4617 4618 4610
f 4618 4611 4610
f 4618 4619 4611
f 4619 4612 4611
f 4619 4620 4612
f 4620 4605 4612
f 4620 4613 4605
f 4621 4623 4624
f 4622 4656 4655
f 4621 4624 4625
f 4622 4657 4656
f 4621 4625 4626
f 4622 4658 4657
f 4621 4626 4627
f 4622 4659 4658
f 4621 4627 4628
f 4622 4660 4659
f 4621 4628 4629
f 4622 4661 4660
f 4621 4629 4630
f 4622 4662 4661
f 4621 4630 4623
f 4622 4655 4662
f 4631 4624 4623
f 4631 4632 4624
f 4632 4625 4624
f 4632 4633 4625
f 4633 4626 4625
f 4633 4634 4626
f 4634 4627 4626
f 4634 4635 4627
f 4635 4628 4627
f 4635 4636 4628
f 4636 4629 4628
f 4636 4637 4629
f 4637 4630 4629
f 4637 4638 4630
f 4638 4623 4630
f 4638 4631 4623
f 4639 4632 4631
f 4639 4640 4632
f 4640 4633 4632
f 4640 4641 4633
f 4641 4634 4633
f 4641 4642 4634
f 4642 4635 4634
f 4642 4643 4635
f 4643 4636 4635
f 4643 4644 4636
f 4644 4637 4636
f 4644 4645 4637
f 4645 4638 4637
f 4645 4646 4638
f 4646 4631 4638
f 4646 4639 4631
f 4647 4640 4639
f 4647 4648 4640
f 4648 4641 4640
f 4648 4649 4641
f 4649 4642 4641
f 4649 4650 4642
f 4650 4643 4642
f 4650 4651 4643
f 4651 4644 4643
f 4651 4652 4644
f 4652 4645 4644
f 4652 4653 4645
f 4653 4646 4645
f 4653 4654 4646
f 4654 4639 4646
f 4654 4647 4639
f 4655 4648 4647
f 4655 4656 4648
f 4656 4649 4648
f 4656 4657 4649
f 4657 4650 4649
f 4657 4658 4650
f 4658 4651 4650
f 4658 4659 4651
f 4659 4652 4651
f 4659 4660 4652
f 4660 4653 4652
f 4660 4661 4653
f 4661 4654 4653
f 4661 4662 4654
f 4662 4647 4654
f 4662 4655 4647
f 4663 4665 4666
f 4664 4698 4697
f 4663 4666 4667
f 4664 4699 4698
f 4663 4667 4668
f 4664 4700 4699
f 4663 4668 4669
f 4664 4701 4700
f 4663 4669 4670
f 4664 4702 4701
f 4663 4670 4671
f 4664 4703 4702
f 4663 4671 4672
f 4664 4704 4703
f 4663 4672 4665
f 4664 4697 4704
f 4673 4666 4665
f 4673 4674 4666
f 4674 4667 4666
f 4674 4675 4667
f 4675 4668 4667
f 4675 4676 4668
f 4676 4669 4668
f 4676 4677 4669
f 4677 4670 4669
f 4677 4678 4670
f 4678 4671 4670
f 4678 4679 4671
f 4679 4672 4671
f 4679 4680 4672
f 4680 4665 4672
f 4680 4673 4665
f 4681 4674 4673
f 4681 4682 4674
f 4682 4675 4674
f 4682 4683 4675
f 4683 4676 4675
f 4683 4684 4676
f 4684 4677 4676
f 4684 4685 4677
f 4685 4678 4677
f 4685 4686 4678
f 4686 4679 4678
f 4686 4687 4679
f 4687 4680 4679
f 4687 4688 4680
f 4688 4673 4680
f 4688 4681 4673
f 4689 4682 4681
f 4689 4690 4682
f 4690 4683 4682
f 4690 4691 4683
f 4691 4684 4683
f 4691 4692 4684
f 4692 4685 4684
f 4692 4693 4685
f 4693 4686 4685
f 4693 4694 4686
f 4694 4687 4686
f 4694 4695 4687
f 4695 4688 4687
f 4695 4696 4688
f 4696 4681 4688
f 4696 4689 4681
f 4697 4690 4689
f 4697 4698 4690
f 4698 4691 4690
f 4698 4699 4691
f 4699 4692 4691
f 4699 4700 4692
f 4700 4693 4692
f 4700 4701 4693
f 4701 4694 4693
f 4701 4702 4694
f 4702 4695 4694
f 4702 4703 4695
f 4703 4696 4695
f 4703 4704 4696
f 4704 4689 4696
f 4704 4697 4689
f 4705 4707 4708
f 4706 4740 4739
f 4705 4708 4709
f 4706 4741 4740
f 4705 4709 4710
f 4706 4742 4741
f 4705 4710 4711
f 4706 4743 4742
f 4705 4711 4712
f 4706 4744 4743
f 4705 4712 4713
f 4706 4745 4744
f 4705 4713 4714
f 4706 4746 4745
f 4705 4714 4707
f 4706 4739 4746
f 4715 4708 4707
f 4715 4716 4708
f 4716 4709 4708
f 4716 4717 4709
f 4717 4710 4709
f 4717 4718 4710
f 4718 4711 4710
f 4718 4719 4711
f 4719 4712 4711
f 4719 4720 4712
f 4720 4713 4712
f 4720 4721 4713
f 4721 4714 4713
f 4721 4722 4714
f 4722 4707 4714
f 4722 4715 4707
f 4723 4716 4715
f 4723 4724 4716
f 4724 4717 4716
f 4724 4725 4717
f 4725 4718 4717
f 4725 4726 4718
f 4726 4719 4718
f 4726 4727 4719
f 4727 4720 4719
f 4727 4728 4720
f 4728 4721 4720
f 4728 4729 4721
f 4729 4722 4721
f 4729 4730 4722
f 4730 4715 4722
f 4730 4723 4715
f 4731 4724 4723
f 4731 4732 4724
f 4732 4725 4724
f 4732 4733 4725
f 4733 4726 4725
f 4733 4734 4726
f 4734 4727 4726
f 4734 4735 4727
f 4735 4728 4727
f 4735 4736 4728
f 4736 4729 4728
f 4736 4737 4729
f 4737 4730 4729
f 4737 4738 4730
f 4738 4723 4730
f 4738 4731 4723
f 4739 4732 4731
f 4739 4740 4732
f 4740 4733 4732
f 4740 4741 4733
f 4741 4734 4733
f 4741 4742 4734
f 4742 4735 4734
f 4742 4743 4735
f 4743 4736 4735
f 4743 4744 4736
f 4744 4737 4736
f 4744 4745 4737
f 4745 4738 4737
f 4745 4746 4738
f 4746 4731 4738
f 4746 4739 4731
f 4747 4749 4750
f 4748 4782 4781
f 4747 4750 4751
f 4748 4783 4782
f 4747 4751 4752
f 4748 4784 4783
f 4747 4752 4753
f 4748 4785 4784
f 4747 4753 4754
f 4748 4786 4785
f 4747 4754 4755
f 4748 4787 4786
f 4747 4755 4756
f 4748 4788 4787
f 4747 4756 4749
f 4748 4781 4788
f 4757 4750 4749
f 4757 4758 4750
f 4758 4751 4750
f 4758 4759 4751
f 4759 4752 4751
f 4759 4760 4752
f 4760 4753 4752
f 4760 4761 4753
f 4761 4754 4753
f 4761 4762 4754
f 4762 4755 4754
f 4762 4763 4755
f 4763 4756 4755
f 4763 4764 4756
f 4764 4749 4756
f 4764 4757 4749
f 4765 4758 4757
f 4765 4766 4758
f 4766 4759 4758
f 4766 4767 4759
f 4767 4760 4759
f 4767 4768 4760
f 4768 4761 4760
f 4768 4769 4761
f 4769 4762 4761
f 4769 4770 4762
f 4770 4763 4762
f 4770 4771 4763
f 4771 4764 4763
f 4771 4772 4764
f 4772 4757 4764
f 4772 4765 4757
f 4773 4766 4765
f 4773 4774 4766
f 4774 4767 4766
f 4774 4775 4767
f 4775 4768 4767
f 4775 4776 4768
f 4776 4769 4768
f 4776 4777 4769
f 4777 4770 4769
f 4777 4778 4770
f 4778 4771 4770
f 4778 4779 4771
f 4779 4772 4771
f 4779 4780 4772
f 4780 4765 4772
f 4780 4773 4765
f 4781 4774 4773
f 4781 4782 4774
f 4782 4775 4774
f 4782 4783 4775
f 4783 4776 4775
f 4783 4784 4776
f 4784 4777 4776
f 4784 4785 4777
f 4785 4778 4777
f 4785 4786 4778
f 4786 4779 4778
f 4786 4787 4779
f 4787 4780 4779
f 4787 4788 4780
f 4788 4773 4780
f 4788 4781 4773
f 4789 4791 4792
f 4790 4824 4823
f 4789 4792 4793
f 4790 4825 4824
f 4789 4793 4794
f 4790 4826 4825
f 4789 4794 4795
f 4790 4827 4826
f 4789 4795 4796
f 4790 4828 4827
f 4789 4796 4797
f 4790 4829 4828
f 4789 4797 4798
f 4790 4830 4829
f 4789 4798 4791
f 4790 4823 4830
f 4799 4792 4791
f 4799 4800 4792
f 4800 4793 4792
f 4800 4801 4793
f 4801 4794 4793
f 4801 4802 4794
f 4802 4795 4794
f 4802 4803 4795
f 4803 4796 4795
f 4803 4804 4796
f 4804 4797 4796
f 4804 4805 4797
f 4805 4798 4797
f 4805 4806 4798
f 4806 4791 4798
f 4806 4799 4791
f 4807 4800 4799
f 4807 4808 4800
f 4808 4801 4800
f 4808 4809 4801
f 4809 4802 4801
f 4809 4810 4802
f 4810 4803 4802
f 4810 4811 4803
f 4811 4804 4803
f 4811 4812 4804
f 4812 4805 4804
f 4812 4813 4805
f 4813 4806 4805
f 4813 4814 4806
f 4814 4799 4806
f 4814 4807 4799
f 4815 4808 4807
f 4815 4816 4808
f 4816 4809 4808
f 4816 4817 4809
f 4817 4810 4809
f 4817 4818 4810
f 4818 4811 4810
f 4818 4819 4811
f 4819 4812 4811
f 4819 4820 4812
f 4820 4813 4812
f 4820 4821 4813
f 4821 4814 4813
f 4821 4822 4814
f 4822 4807 4814
f 4822 4815 4807
f 4823 4816 4815
f 4823 4824 4816
f 4824 4817 4816
f 4824 4825 4817
f 4825 4818 4817
f 4825 4826 4818
f 4826 4819 4818
f 4826 4827 4819
f 4827 4820 4819
f 4827 4828 4820
f 4828 4821 4820
f 4828 4829 4821
f 4829 4822 4821
f 4829 4830 4822
f 4830 4815 4822
f 4830 4823 4815
f 4831 4833 4834
f 4832 4866 4865
f 4831 4834 4835
f 4832 4867 4866
f 4831 4835 4836
f 4832 4868 4867
f 4831 4836 4837
f 4832 4869 4868
f 4831 4837 4838
f 4832 4870 4869
f 4831 4838 4839
f 4832 4871 4870
f 4831 4839 4840
f 4832 4872 4871
f 4831 4840 4833
f 4832 4865 4872
f 4841 4834 4833
f 4841 4842 4834
f 4842 4835 4834
f 4842 4843 4835
f 4843 4836 4835
f 4843 4844 4836
f 4844 4837 4836
f 4844 4845 4837
f 4845 4838 4837
f 4845 4846 4838
f 4846 4839 4838
f 4846 4847 4839
f 4847 4840 4839
f 4847 4848 4840
f 4848 4833 4840
f 4848 4841 4833
f 4849 4842 4841
f 4849 4850 4842
f 4850 4843 4842
f 4850 4851 4843
f 4851 4844 4843
f 4851 4852 4844
f 4852 4845 4844
f 4852 4853 4845
f 4853 4846 4845
f 4853 4854 4846
f 4854 4847 4846
f 4854 4855 4847
f 4855 4848 4847
f 4855 4856 4848
f 4856 4841 4848
f 4856 4849 4841
f 4857 4850 4849
f 4857 4858 4850
f 4858 4851 4850
f 4858 4859 4851
f 4859 4852 4851
f 4859 4860 4852
f 4860 4853 4852
f 4860 4861 4853
f 4861 4854 4853
f 4861 4862 4854
f 4862 4855 4854
f 4862 4863 4855
f 4863 4856 4855
f 4863 4864 4856
f 4864 4849 4856
f 4864 4857 4849
f 4865 4858 4857
f 4865 4866 4858
f 4866 4859 4858
f 4866 4867 4859
f 4867 4860 4859
f 4867 4868 4860
f 4868 4861 4860
f 4868 4869 4861
f 4869 4862 4861
f 4869 4870 4862
f 4870 4863 4862
f 4870 4871 4863
f 4871 4864 4863
f 4871 4872 4864
f 4872 4857 4864
f 4872 4865 4857
f 4873 4875 4876
f 4874 4908 4907
f 4873 4876 4877
f 4874 4909 4908
f 4873 4877 4878
f 4874 4910 4909
f 4873 4878 4879
f 4874 4911 4910
f 4873 4879 4880
f 4874 4912 4911
f 4873 4880 4881
f 4874 4913 4912
f 4873 4881 4882
f 4874 4914 4913
f 4873 4882 4875
f 4874 4907 4914
f 4883 4876 4875
f 4883 4884 4876
f 4884 4877 4876
f 4884 4885 4877
f 4885 4878 4877
f 4885 4886 4878
f 4886 4879 4878
f 4886 4887 4879
f 4887 4880 4879
f 4887 4888 4880
f 4888 4881 4880
f 4888 4889 4881
f 4889 4882 4881
f 4889 4890 4882
f 4890 4875 4882
f 4890 4883 4875
f 4891 4884 4883
f 4891 4892 4884
f 4892 4885 4884
f 4892 4893 4885
f 4893 4886 4885
f 4893 4894 4886
f 4894 4887 4886
f 4894 4895 4887
f 4895 4888 4887
f 4895 4896 4888
f 4896 4889 4888
f 4896 4897 4889
f 4897 4890 4889
f 4897 4898 4890
f 4898 4883 4890
f 4898 4891 4883
f 4899 4892 4891
f 4899 4900 4892
f 4900 4893 4892
f 4900 4901 4893
f 4901 4894 4893
f 4901 4902 4894
f 4902 4895 4894
f 4902 4903 4895
f 4903 4896 4895
f 4903 4904 4896
f 4904 4897 4896
f 4904 4905 4897
f 4905 4898 4897
f 4905 4906 4898
f 4906 4891 4898
f 4906 4899 4891
f 4907 4900 4899
f 4907 4908 4900
f 4908 4901 4900
f 4908 4909 4901
f 4909 4902 4901
f 4909 4910 4902
f 4910 4903 4902
f 4910 4911 4903
f 4911 4904 4903
f 4911 4912 4904
f 4912 4905 4904
f 4912 4913 4905
f 4913 4906 4905
f 4913 4914 4906
f 4914 4899 4906
f 4914 4907 4899
f 4915 4917 4918
f 4916 4950 4949
f 4915 4918 4919
f 4916 4951 4950
f 4915 4919 4920
f 4916 4952 4951
f 4915 4920 4921
f 4916 4953 4952
f 4915 4921 4922
f 4916 4954 4953
f 4915 4922 4923
f 4916 4955 4954
f 4915 4923 4924
f 4916 4956 4955
f 4915 4924 4917
f 4916 4949 4956
f 4925 4918 4917
f 4925 4926 4918
f 4926 4919 4918
f 4926 4927 4919
f 4927 4920 4919
f 4927 4928 4920
f 4928 4921 4920
f 4928 4929 4921
f 4929 4922 4921
f 4929 4930 4922
f 4930 4923 4922
f 4930 4931 4923
f 4931 4924 4923
f 4931 4932 4924
f 4932 4917 4924
f 4932 4925 4917
f 4933 4926 4925
f 4933 4934 4926
f 4934 4927 4926
f 4934 4935 4927
f 4935 4928 4927
f 4935 4936 4928
f 4936 4929 4928
f 4936 4937 4929
f 4937 4930 4929
f 4937 4938 4930
f 4938 4931 4930
f 4938 4939 4931
f 4939 4932 4931
f 4939 4940 4932
f 4940 4925 4932
f 4940 4933 4925
f 4941 4934 4933
f 4941 4942 4934
f 4942 4935 4934
f 4942 4943 4935
f 4943 4936 4935
f 4943 4944 4936
f 4944 4937 4936
f 4944 4945 4937
f 4945 4938 4937
f 4945 4946 4938
f 4946 4939 4938
f 4946 4947 4939
f 4947 4940 4939
f 4947 4948 4940
f 4948 4933 4940
f 4948 4941 4933
f 4949 4942 4941
f 4949 4950 4942
f 4950 4943 4942
f 4950 4951 4943
f 4951 4944 4943
f 4951 4952 4944
f 4952 4945 4944
f 4952 4953 4945
f 4953 4946 4945
f 4953 4954 4946
f 4954 4947 4946
f 4954 4955 4947
f 4955 4948 4947
f 4955 4956 4948
f 4956 4941 4948
f 4956 4949 4941
f 4957 4959 4960
f 4958 4992 4991
f 4957 4960 4961
f 4958 4993 4992
f 4957 4961 4962
f 4958 4994 4993
f 4957 4962 4963
f 4958 4995 4994
f 4957 4963 4964
f 4958 4996 4995
f 4957 4964 4965
f 4958 4997 4996
f 4957 4965 4966
f 4958 4998 4997
f 4957 4966 4959
f 4958 4991 4998
f 4967 4960 4959
f 4967 4968 4960
f 4968 4961 4960
f 4968 4969 4961
f 4969 4962 4961
f 4969 4970 4962
f 4970 4963 4962
f 4970 4971 4963
f 4971 4964 4963
f 4971 4972 4964
f 4972 4965 4964
f 4972 4973 4965
f 4973 4966 4965
f 4973 4974 4966
f 4974 4959 4966
f 4974 4967 4959
f 4975 4968 4967
f 4975 4976 4968
f 4976 4969 4968
f 4976 4977 4969
f 4977 4970 4969
f 4977 4978 4970
f 4978 4971 4970
f 4978 4979 4971
f 4979 4972 4971
f 4979 4980 4972
f 4980 4973 4972
f 4980 4981 4973
f 4981 4974 4973
f 4981 4982 4974
f 4982 4967 4974
f 4982 4975 4967
f 4983 4976 4975
f 4983 4984 4976
f 4984 4977 4976
f 4984 4985 4977
f 4985 4978 4977
f 4985 4986 4978
f 4986 4979 4978
f 4986 4987 4979
f 4987 4980 4979
f 4987 4988 4980
f 4988 4981 4980
f 4988 4989 4981
f 4989 4982 4981
f 4989 4990 4982
f 4990 4975 4982
f 4990 4983 4975
f 4991 4984 4983
f 4991 4992 4984
f 4992 4985 4984
f 4992 4993 4985
f 4993 4986 4985
f 4993 4994 4986
f 4994 4987 4986
f 4994 4995 4987
f 4995 4988 4987
f 4995 4996 4988
f 4996 4989 4988
f 4996 4997 4989
f 4997 4990 4989
f 4997 4998 4990
f 4998 4983 4990
f 4998 4991 4983
f 4999 5001 5002
f 5000 5034 5033
f 4999 5002 5003
f 5000 5035 5034
f 4999 5003 5004
f 5000 5036 5035
f 4999 5004 5005
f 5000 5037 5036
f 4999 5005 5006
f 5000 5038 5037
f 4999 5006 5007
f 5000 5039 5038
f 4999 5007 5008
f 5000 5040 5039
f 4999 5008 5001
f 5000 5033 5040
f 5009 5002 5001
f 5009 5010 5002
f 5010 5003 5002
f 5010 5011 5003
f 5011 5004 5003
f 5011 5012 5004
f 5012 5005 5004
f 5012 5013 5005
f 5013 5006 5005
f 5013 5014 5006
f 5014 5007 5006
f 5014 5015 5007
f 5015 5008 5007
f 5015 5016 5008
f 5016 5001 5008
f 5016 5009 5001
f 5017 5010 5009
f 5017 5018 5010
f 5018 5011 5010
f 5018 5019 5011
f 5019 5012 5011
f 5019 5020 5012
f 5020 5013 5012
f 5020 5021 5013
f 5021 5014 5013
f 5021 5022 5014
f 5022 5015 5014
f 5022 5023 5015
f 5023 5016 5015
f 5023 5024 5016
f 5024 5009 5016
f 5024 5017 5009
f 5025 5018 5017
f 5025 5026 5018
f 5026 5019 5018
f 5026 5027 5019
f 5027 5020 5019
f 5027 5028 5020
f 5028 5021 5020
f 5028 5029 5021
f 5029 5022 5021
f 5029 5030 5022
f 5030 5023 5022
f 5030 5031 5023
f 5031 5024 5023
f 5031 5032 5024
f 5032 5017 5024
f 5032 5025 5017
f 5033 5026 5025
f 5033 5034 5026
f 5034 5027 5026
f 5034 5035 5027
f 5035 5028 5027
f 5035 5036 5028
f 5036 5029 5028
f 5036 5037 5029
f 5037 5030 5029
f 5037 5038 5030
f 5038 5031 5030
f 5038 5039 5031
f 5039 5032 5031
f 5039 5040 5032
f 5040 5025 5032
f 5040 5033 5025
